method,dataset,seed,noise_rate,pretrain_fraction,es_budget,step,n_cert,n_pretrain,compression_size,remaining_bad,effective_compression_size,certified_bound,test_error,test_inappropriate_risk,pac_bayes_bound,pac_bayes_empirical_risk,pac_bayes_mc_upper,pac_bayes_kl,runtime_sec,stop_reached,hit_limit,train_calls,noise_hit_rate,duplicate_hit_rate,pairwise_feature_cosine,mean_support_redundancy,max_support_redundancy,mean_selected_residual_novelty,local_redundancy_hit_rate,residual_redundancy_hit_rate,strong_redundancy_hit_rate,mode_entropy,minority_mode_fraction,spectral_entropy,dynamic_mu
MaxLoss,fashion_mnist,0,0.3,0.0,100,100,5000,0,120,4438,4558,0.9266683547757566,0.7489,0.8861,,,,,1.8777783140540123,0,1,101,0.6833333333333333,0.0,0.7531687617301941,0.7531687617301941,0.9757633805274963,0.037313393684996275,0.8739495798319328,0.9243697478991597,0.8739495798319328,0.0,0.0,0.2504544307449282,1.374772784627536
Marginal,fashion_mnist,0,0.3,0.0,100,100,5000,0,120,2745,2865,0.598803200700786,0.3679,0.4001,,,,,2.0121774403378367,0,1,101,0.31666666666666665,0.0,0.6758031249046326,0.6758031249046326,0.9934059381484985,0.029310326866742942,0.8739495798319328,0.9159663865546218,0.8571428571428571,0.0,0.0,0.2731065505391941,1.363446724730403
EL2N,fashion_mnist,0,0.3,0.0,100,100,5000,0,120,4310,4430,0.902878992841579,0.7178,0.8558,,,,,2.1912355413660407,0,1,101,0.575,0.0,0.7236512899398804,0.7236512899398804,0.9787377715110779,0.033309274861792554,0.8571428571428571,0.9159663865546218,0.8487394957983193,0.0,0.0,0.2585194915581511,1.3707402542209244
GraNdLast,fashion_mnist,0,0.3,0.0,100,100,5000,0,120,4195,4315,0.8812543108942918,0.7174,0.8213,,,,,2.438041502609849,0,1,101,0.5333333333333333,0.0,0.7132810354232788,0.7132810354232788,0.9937102794647217,0.03656120310310556,0.8151260504201681,0.9159663865546218,0.8151260504201681,0.0,0.0,0.26713310280026265,1.3664334485998686
RHO-PretrainRef,fashion_mnist,0,0.3,0.0,100,100,5000,0,120,4572,4692,0.9511210529599339,0.808,0.9211,,,,,2.6299713999032974,0,1,101,0.7333333333333333,0.0,0.7447146773338318,0.7447146773338318,0.968629002571106,0.03740662010777898,0.8571428571428571,0.9159663865546218,0.8487394957983193,0.0,0.0,0.2552535373432675,1.3723732313283663
PU-R,fashion_mnist,0,0.3,0.0,100,100,5000,0,120,3286,3406,0.7056872699176893,0.5107999999999999,0.5624,,,,,3.4388999361544847,0,1,101,0.4083333333333333,0.0,0.7142436504364014,0.7142436504364014,0.9897427558898926,0.029644257882062125,0.865546218487395,0.9327731092436975,0.865546218487395,0.0,0.0,0.25585950753107656,1.3720702462344616
GREATS,fashion_mnist,0,0.3,0.0,100,100,5000,0,120,4657,4777,,0.8055,0.9457,,,,,4.279675052501261,0,1,101,0.725,0.0,0.7371747493743896,0.7371747493743896,0.9810838103294373,0.04026614467636878,0.8403361344537815,0.9243697478991597,0.8403361344537815,0.0,0.0,0.2645501598547578,1.3677249200726211
MaxLoss,fashion_mnist,0,0.3,0.1,100,100,4500,500,120,4025,4145,0.9360868741641752,0.7894,0.8999,,,,,1.2449902817606926,0,1,101,0.7083333333333334,0.0,0.7464686632156372,0.7464686632156372,0.9853153824806213,0.03789071626022082,0.8823529411764706,0.9159663865546218,0.8739495798319328,0.0,0.0,0.25726634142493837,1.3713668292875307
Marginal,fashion_mnist,0,0.3,0.1,100,100,4500,500,120,2375,2495,0.5816315767588094,0.35829999999999995,0.3908,,,,,2.0674053775146604,0,1,101,0.275,0.0,0.6699251532554626,0.6699251532554626,0.9925423264503479,0.0302487095864881,0.8823529411764706,0.9327731092436975,0.8823529411764706,0.0,0.0,0.27005423965975595,1.364972880170122
EL2N,fashion_mnist,0,0.3,0.1,100,100,4500,500,120,3831,3951,0.8962177039938979,0.7263999999999999,0.8441,,,,,2.075298309326172,0,1,101,0.55,0.0,0.7363379597663879,0.7363379597663879,0.9845161437988281,0.03160569747956861,0.8571428571428571,0.9159663865546218,0.8571428571428571,0.0,0.0,0.2538443628347749,1.3730778185826127
GraNdLast,fashion_mnist,0,0.3,0.1,100,100,4500,500,120,3623,3743,0.8525767927640118,0.6375,0.7789,,,,,2.230255457572639,0,1,101,0.48333333333333334,0.0,0.708136260509491,0.708136260509491,0.986469566822052,0.035510392249131405,0.865546218487395,0.9243697478991597,0.8571428571428571,0.0,0.0,0.26555677354691626,1.3672216132265418
RHO-PretrainRef,fashion_mnist,0,0.3,0.1,100,100,4500,500,120,4062,4182,0.9435536995879374,0.8017,0.9155,,,,,2.572510389611125,0,1,101,0.7083333333333334,0.0,0.7444250583648682,0.7444250583648682,0.9881390929222107,0.0370086196089993,0.865546218487395,0.9243697478991597,0.865546218487395,0.0,0.0,0.25615576958295655,1.3719221152085217
PU-R,fashion_mnist,0,0.3,0.1,100,100,4500,500,120,2722,2842,0.6580746686668135,0.43489999999999995,0.4887,,,,,3.2057062331587076,0,1,101,0.4083333333333333,0.0,0.7085187435150146,0.7085187435150146,0.9904273748397827,0.03050245757864303,0.907563025210084,0.9327731092436975,0.8991596638655462,0.0,0.0,0.2620696063492706,1.3689651968253647
GREATS,fashion_mnist,0,0.3,0.1,100,100,4500,500,120,3886,4006,,0.6745,0.8456,,,,,3.734150191769004,0,1,101,0.6666666666666666,0.0,0.7403536438941956,0.7403536438941956,0.9769880771636963,0.038057189027802286,0.8403361344537815,0.9159663865546218,0.8403361344537815,0.0,0.0,0.25966716463204603,1.370166417683977
MaxLoss,fashion_mnist,0,0.3,0.2,100,100,4000,1000,120,3567,3687,0.9374569832580164,0.7693,0.9028,,,,,1.2226821696385741,0,1,101,0.725,0.0,0.7504827976226807,0.7504827976226807,0.977557897567749,0.03873429528805388,0.8487394957983193,0.9159663865546218,0.8403361344537815,0.0,0.0,0.2556949175022543,1.3721525412488729
Marginal,fashion_mnist,0,0.3,0.2,100,100,4000,1000,120,2187,2307,0.605327055149246,0.38170000000000004,0.4109,,,,,1.6667107241228223,0,1,101,0.2833333333333333,0.0,0.6894611716270447,0.6894611716270447,0.9960469007492065,0.029390357873019052,0.865546218487395,0.9243697478991597,0.865546218487395,0.0,0.0,0.258830967605131,1.3705845161974346
EL2N,fashion_mnist,0,0.3,0.2,100,100,4000,1000,120,3310,3430,0.878004701458849,0.685,0.8097,,,,,2.0215344857424498,0,1,101,0.5666666666666667,0.0,0.6998967528343201,0.6998967528343201,0.9928180575370789,0.03586144632652026,0.8151260504201681,0.8991596638655462,0.8067226890756303,0.0,0.0,0.27457132709524495,1.3627143364523775
GraNdLast,fashion_mnist,0,0.3,0.2,100,100,4000,1000,120,3382,3502,0.8948663948103786,0.7314,0.8359,,,,,2.062089703977108,0,1,101,0.6,0.0,0.7169378995895386,0.7169378995895386,0.9856747984886169,0.035178071811419576,0.8151260504201681,0.9159663865546218,0.8151260504201681,0.0,0.0,0.2637593807117417,1.3681203096441292
RHO-PretrainRef,fashion_mnist,0,0.3,0.2,100,100,4000,1000,120,3633,3753,0.9522779136314057,0.8258,0.9295,,,,,2.376575577072799,0,1,101,0.7416666666666667,0.0,0.7522305846214294,0.7522305846214294,0.9697009325027466,0.0374266615434855,0.8823529411764706,0.9159663865546218,0.8823529411764706,0.0,0.0,0.2512562655570512,1.3743718672214744
PU-R,fashion_mnist,0,0.3,0.2,100,100,4000,1000,120,2610,2730,0.7095957376295701,0.5038,0.5633,,,,,2.9381295228376985,0,1,101,0.44166666666666665,0.0,0.7017492055892944,0.7017492055892944,0.9919853210449219,0.03058505108376511,0.8739495798319328,0.9243697478991597,0.865546218487395,0.0,0.0,0.261702279253176,1.369148860373412
GREATS,fashion_mnist,0,0.3,0.2,100,100,4000,1000,120,3585,3705,,0.7955,0.9196,,,,,3.4268933618441224,0,1,101,0.7166666666666667,0.0,0.7491576671600342,0.7491576671600342,0.9863278269767761,0.03447894489063936,0.8571428571428571,0.9159663865546218,0.8403361344537815,0.0,0.0,0.252421692441922,1.373789153779039
MaxLoss,fashion_mnist,0,0.3,0.3,100,100,3500,1500,120,3011,3131,0.9136679012444802,0.7222999999999999,0.8693,,,,,1.2573697408661246,0,1,101,0.6833333333333333,0.0,0.7530587911605835,0.7530587911605835,0.9829511642456055,0.03667633072668765,0.8907563025210085,0.9159663865546218,0.8823529411764706,0.0,0.0,0.2513468025229813,1.3743265987385094
Marginal,fashion_mnist,0,0.3,0.3,100,100,3500,1500,120,2027,2147,0.6434449226944707,0.40069999999999995,0.446,,,,,1.5560644520446658,0,1,101,0.31666666666666665,0.0,0.7012767195701599,0.7012767195701599,0.9952939748764038,0.032547807743569385,0.8571428571428571,0.9327731092436975,0.8571428571428571,0.0,0.0,0.2612914764853229,1.3693542617573384
EL2N,fashion_mnist,0,0.3,0.3,100,100,3500,1500,120,3029,3149,0.9183852601563558,0.7542,0.8643,,,,,1.8919676970690489,0,1,101,0.5833333333333334,0.0,0.7292590737342834,0.7292590737342834,0.9754303693771362,0.03275558527778177,0.8823529411764706,0.9327731092436975,0.8739495798319328,0.0,0.0,0.2552244539614726,1.3723877730192637
GraNdLast,fashion_mnist,0,0.3,0.3,100,100,3500,1500,120,2715,2835,0.8344062761752866,0.6115999999999999,0.7358,,,,,1.914870496839285,0,1,101,0.4666666666666667,0.0,0.7025941610336304,0.7025941610336304,0.9849152565002441,0.03485976447578238,0.8403361344537815,0.9327731092436975,0.8403361344537815,0.0,0.0,0.2663193906138963,1.366840304693052
RHO-PretrainRef,fashion_mnist,0,0.3,0.3,100,100,3500,1500,120,3156,3276,0.9511170051409863,0.769,0.912,,,,,2.126836326904595,0,1,101,0.6583333333333333,0.0,0.7532501220703125,0.7532501220703125,0.9701845645904541,0.033752242056261594,0.865546218487395,0.9495798319327731,0.865546218487395,0.0,0.0,0.24886858963212488,1.3755657051839376
PU-R,fashion_mnist,0,0.3,0.3,100,100,3500,1500,120,2124,2244,0.6707546943216585,0.47450000000000003,0.5211,,,,,2.627346239052713,0,1,101,0.38333333333333336,0.0,0.713813066482544,0.713813066482544,0.9932433366775513,0.027737181727625744,0.907563025210084,0.9495798319327731,0.8991596638655462,0.0,0.0,0.2535881900334855,1.3732059049832572
GREATS,fashion_mnist,0,0.3,0.3,100,100,3500,1500,120,3088,3208,,0.7714,0.8926,,,,,3.0363447070121765,0,1,101,0.6583333333333333,0.0,0.7334475517272949,0.7334475517272949,0.9860610961914062,0.03414658738785431,0.7983193277310925,0.9159663865546218,0.7983193277310925,0.0,0.0,0.26187590803849786,1.3690620459807512
MaxLoss,fashion_mnist,0,0.3,0.4,100,100,3000,2000,120,2666,2786,0.9456869610585272,0.7777000000000001,0.9002,,,,,1.1027783965691924,0,1,101,0.6833333333333333,0.0,0.7397665977478027,0.7397665977478027,0.9734929800033569,0.03819219705437412,0.8571428571428571,0.9159663865546218,0.8487394957983193,0.0,0.0,0.2593704543773644,1.3703147728113179
Marginal,fashion_mnist,0,0.3,0.4,100,100,3000,2000,120,1691,1811,0.6360113505506888,0.38039999999999996,0.4366,,,,,1.5230168644338846,0,1,101,0.24166666666666667,0.0,0.674507737159729,0.674507737159729,0.9909976720809937,0.03621732124260494,0.8739495798319328,0.9243697478991597,0.8739495798319328,0.0,0.0,0.27350993306066457,1.3632450334696677
EL2N,fashion_mnist,0,0.3,0.4,100,100,3000,2000,120,2483,2603,0.8902493350906298,0.7102999999999999,0.8245,,,,,1.4941828744485974,0,1,101,0.5916666666666667,0.0,0.7116544842720032,0.7116544842720032,0.9898115992546082,0.03605591249065239,0.7983193277310925,0.9159663865546218,0.7815126050420168,0.0,0.0,0.26981711547753595,1.3650914422612321
GraNdLast,fashion_mnist,0,0.3,0.4,100,100,3000,2000,120,2282,2402,0.8272959857131355,0.6295999999999999,0.733,,,,,1.5913607440888882,0,1,101,0.5666666666666667,0.0,0.7138535976409912,0.7138535976409912,0.9852234125137329,0.03457141899261154,0.8235294117647058,0.9327731092436975,0.8235294117647058,0.0,0.0,0.2640321370166916,1.3679839314916542
RHO-PretrainRef,fashion_mnist,0,0.3,0.4,100,100,3000,2000,120,2665,2785,0.9453919378574938,0.772,0.9077,,,,,1.7096496187150478,0,1,101,0.7083333333333334,0.0,0.7434749603271484,0.7434749603271484,0.9734700918197632,0.037601458425281425,0.8739495798319328,0.9159663865546218,0.865546218487395,0.0,0.0,0.25569461870038657,1.3721526906498067
PU-R,fashion_mnist,0,0.3,0.4,100,100,3000,2000,120,1795,1915,0.6701607558061369,0.4274,0.483,,,,,2.263790788128972,0,1,101,0.38333333333333336,0.0,0.7174811363220215,0.7174811363220215,0.9823507070541382,0.03298554826183479,0.8823529411764706,0.9243697478991597,0.8823529411764706,0.0,0.0,0.2562539757968257,1.3718730121015872
GREATS,fashion_mnist,0,0.3,0.4,100,100,3000,2000,120,2690,2810,,0.8015,0.9251,,,,,2.5576982218772173,0,1,101,0.7,0.0,0.7448777556419373,0.7448777556419373,0.9718500375747681,0.03660430828062426,0.8151260504201681,0.9159663865546218,0.8151260504201681,0.0,0.0,0.2566430158286439,1.3716784920856782
MaxLoss,fashion_mnist,0,0.3,0.5,100,100,2500,2500,120,2181,2301,0.9397962719085626,0.7799,0.8944,,,,,1.0742744514718652,0,1,101,0.7083333333333334,0.0,0.7421833872795105,0.7421833872795105,0.9788068532943726,0.03772055551785381,0.8235294117647058,0.9159663865546218,0.8151260504201681,0.0,0.0,0.2576969896168416,1.3711515051915792
Marginal,fashion_mnist,0,0.3,0.5,100,100,2500,2500,120,1232,1352,0.5765237772720866,0.32389999999999997,0.3572,,,,,1.3247916856780648,0,1,101,0.275,0.0,0.6960099339485168,0.6960099339485168,0.9957897663116455,0.03527844553234197,0.8739495798319328,0.9327731092436975,0.8739495798319328,0.0,0.0,0.26231474838160873,1.3688426258091957
EL2N,fashion_mnist,0,0.3,0.5,100,100,2500,2500,120,2021,2141,0.8817396044032648,0.6488,0.8074,,,,,1.4039908237755299,0,1,101,0.5416666666666666,0.0,0.7170746326446533,0.7170746326446533,0.9928669333457947,0.036420081092529935,0.7983193277310925,0.9243697478991597,0.7899159663865546,0.0,0.0,0.2666797705665656,1.3666601147167172
GraNdLast,fashion_mnist,0,0.3,0.5,100,100,2500,2500,120,1888,2008,0.8319549011648633,0.6106,0.7321,,,,,1.4438621355220675,0,1,101,0.5416666666666666,0.0,0.7032044529914856,0.7032044529914856,0.9857808947563171,0.03809241261802802,0.8235294117647058,0.9243697478991597,0.8235294117647058,0.0,0.0,0.27464333834537413,1.362678330827313
RHO-PretrainRef,fashion_mnist,0,0.3,0.5,100,100,2500,2500,120,2153,2273,0.9298445950844325,0.7551,0.8924,,,,,1.5489213354885578,0,1,101,0.675,0.0,0.7458533048629761,0.7458533048629761,0.9783225059509277,0.03906867058337236,0.8403361344537815,0.9243697478991597,0.8403361344537815,0.0,0.0,0.25742587672216444,1.3712870616389177
PU-R,fashion_mnist,0,0.3,0.5,100,100,2500,2500,120,1486,1606,0.6769134594942443,0.4687,0.5205,,,,,2.069079175591469,0,1,101,0.35,0.0,0.7087730765342712,0.7087730765342712,0.9923871755599976,0.03639284652822158,0.907563025210084,0.9411764705882353,0.8991596638655462,0.0,0.0,0.26265680181972234,1.3686715990901388
GREATS,fashion_mnist,0,0.3,0.5,100,100,2500,2500,120,2190,2310,,0.7851,0.9107,,,,,2.5620038844645023,0,1,101,0.6666666666666666,0.0,0.7390661239624023,0.7390661239624023,0.9836372137069702,0.037446133729790436,0.7983193277310925,0.9243697478991597,0.7899159663865546,0.0,0.0,0.26015214496356953,1.3699239275182151
MaxLoss,fashion_mnist,0,0.3,0.6,100,100,2000,3000,120,1691,1811,0.9286461376468651,0.7384,0.8808,,,,,1.1312349028885365,0,1,101,0.675,0.0,0.736070454120636,0.736070454120636,0.9845683574676514,0.03727952747785745,0.8403361344537815,0.9243697478991597,0.8403361344537815,0.0,0.0,0.26021148203447475,1.3698942589827627
Marginal,fashion_mnist,0,0.3,0.6,100,100,2000,3000,120,1095,1215,0.646383494255133,0.4023,0.4358,,,,,1.4146857326850295,0,1,101,0.325,0.0,0.6977618336677551,0.6977618336677551,0.9958696365356445,0.03243631425024081,0.9243697478991597,0.9411764705882353,0.9243697478991597,0.0,0.0,0.25938128594507054,1.3703093570274647
EL2N,fashion_mnist,0,0.3,0.6,100,100,2000,3000,120,1587,1707,0.8816847670823336,0.6419,0.7952,,,,,1.4556507840752602,0,1,101,0.49166666666666664,0.0,0.7149617671966553,0.7149617671966553,0.9880415201187134,0.03296307205152111,0.8235294117647058,0.9411764705882353,0.8235294117647058,0.0,0.0,0.2634243242173647,1.3682878378913177
GraNdLast,fashion_mnist,0,0.3,0.6,100,100,2000,3000,120,1604,1724,0.8894718147348613,0.6911,0.82,,,,,1.488394482061267,0,1,101,0.525,0.0,0.7162585258483887,0.7162585258483887,0.9945575594902039,0.03313442839293921,0.8151260504201681,0.9327731092436975,0.8151260504201681,0.0,0.0,0.2620923650915314,1.3689538174542344
RHO-PretrainRef,fashion_mnist,0,0.3,0.6,100,100,2000,3000,120,1696,1816,0.9308551052818075,0.7679,0.8877,,,,,1.6732188742607832,0,1,101,0.675,0.0,0.7483999133110046,0.7483999133110046,0.9744178056716919,0.03555130457677761,0.8907563025210085,0.9327731092436975,0.8907563025210085,0.0,0.0,0.25155571482885397,1.374222142585573
PU-R,fashion_mnist,0,0.3,0.6,100,100,2000,3000,120,1234,1354,0.7143118105013855,0.4989,0.5535,,,,,2.131589096970856,0,1,101,0.39166666666666666,0.0,0.6879133582115173,0.6879133582115173,0.9957888126373291,0.034433463290959844,0.8739495798319328,0.9243697478991597,0.8739495798319328,0.0,0.0,0.27226624498659746,1.3638668775067013
GREATS,fashion_mnist,0,0.3,0.6,100,100,2000,3000,120,1720,1840,,0.7701,0.9034,,,,,2.2757797837257385,0,1,101,0.7,0.0,0.741457462310791,0.741457462310791,0.9804830551147461,0.03737106493541172,0.8487394957983193,0.9243697478991597,0.8487394957983193,0.0,0.0,0.26029614256367223,1.3698519287181639
MaxLoss,fashion_mnist,0,0.3,0.7,100,100,1500,3500,120,1238,1358,0.9314991945866495,0.7163999999999999,0.8791,,,,,1.0534702250733972,0,1,101,0.65,0.0,0.7454444766044617,0.7454444766044617,0.9831597805023193,0.03633134304976263,0.8571428571428571,0.9327731092436975,0.8571428571428571,0.0,0.0,0.2520284940841108,1.3739857529579447
Marginal,fashion_mnist,0,0.3,0.7,100,100,1500,3500,120,785,905,0.6477436928544194,0.39270000000000005,0.4334,,,,,1.2568510733544827,0,1,101,0.3,0.0,0.6831476092338562,0.6831476092338562,0.9935284852981567,0.029642333002651438,0.8739495798319328,0.9243697478991597,0.8739495798319328,0.0,0.0,0.27154331876771765,1.3642283406161413
EL2N,fashion_mnist,0,0.3,0.7,100,100,1500,3500,120,1110,1230,0.8548101132619195,0.6534,0.7632,,,,,1.3388349749147892,0,1,101,0.5916666666666667,0.0,0.7131811380386353,0.7131811380386353,0.9819381237030029,0.035439340006403565,0.8151260504201681,0.9411764705882353,0.8151260504201681,0.0,0.0,0.26277617316589086,1.3686119134170545
GraNdLast,fashion_mnist,0,0.3,0.7,100,100,1500,3500,120,1096,1216,0.8461847134167328,0.6154,0.7304,,,,,1.397430737502873,0,1,101,0.45,0.0,0.6950943470001221,0.6950943470001221,0.9911661148071289,0.03488168496043742,0.865546218487395,0.9327731092436975,0.865546218487395,0.0,0.0,0.2681658367556941,1.365917081622153
RHO-PretrainRef,fashion_mnist,0,0.3,0.7,100,100,1500,3500,120,1254,1374,0.9406937038293108,0.7606999999999999,0.891,,,,,1.40610689856112,0,1,101,0.6583333333333333,0.0,0.7501963973045349,0.7501963973045349,0.9901206493377686,0.037908237771827634,0.8739495798319328,0.9327731092436975,0.865546218487395,0.0,0.0,0.25018177404060093,1.3749091129796995
PU-R,fashion_mnist,0,0.3,0.7,100,100,1500,3500,120,866,986,0.7004517134628259,0.4544,0.5163,,,,,2.0179801424965262,0,1,101,0.4083333333333333,0.0,0.7095357775688171,0.7095357775688171,0.9930956959724426,0.030374307341936257,0.8991596638655462,0.9495798319327731,0.8991596638655462,0.0,0.0,0.25347745904132624,1.373261270479337
GREATS,fashion_mnist,0,0.3,0.7,100,100,1500,3500,120,1266,1386,,0.7671,0.8963,,,,,2.074567793868482,0,1,101,0.6916666666666667,0.0,0.7424706816673279,0.7424706816673279,0.9777220487594604,0.03617937174163947,0.8487394957983193,0.9159663865546218,0.8319327731092437,0.0,0.0,0.2571208000151856,1.3714395999924072
MaxLoss,fashion_mnist,0,0.3,0.8,100,100,1000,4000,120,759,879,0.9138279078179039,0.7095,0.8531,,,,,1.0165461022406816,0,1,101,0.6333333333333333,0.0,0.7341862320899963,0.7341862320899963,0.9771105051040649,0.03660859480625441,0.8235294117647058,0.9159663865546218,0.8151260504201681,0.0,0.0,0.26223230396626374,1.3688838480168681
Marginal,fashion_mnist,0,0.3,0.8,100,100,1000,4000,120,473,593,0.6466122942510992,0.3571,0.3996,,,,,1.1416447777301073,0,1,101,0.2833333333333333,0.0,0.6954447031021118,0.6954447031021118,0.9913947582244873,0.032696452711810584,0.865546218487395,0.9243697478991597,0.865546218487395,0.0,0.0,0.268482591635671,1.3657587041821646
EL2N,fashion_mnist,0,0.3,0.8,100,100,1000,4000,120,745,865,0.9016298297792673,0.7146,0.8252,,,,,1.2012044750154018,0,1,101,0.5416666666666666,0.0,0.7128524780273438,0.7128524780273438,0.9850959777832031,0.032391055291440304,0.8319327731092437,0.9159663865546218,0.8235294117647058,0.0,0.0,0.2633578657019447,1.3683210671490276
GraNdLast,fashion_mnist,0,0.3,0.8,100,100,1000,4000,120,677,797,0.8405696212430485,0.6141,0.7376,,,,,1.2163181863725185,0,1,101,0.48333333333333334,0.0,0.7105400562286377,0.7105400562286377,0.9892355799674988,0.035405933356084746,0.8403361344537815,0.9243697478991597,0.8403361344537815,0.0,0.0,0.26369436640534916,1.3681528167973254
RHO-PretrainRef,fashion_mnist,0,0.3,0.8,100,100,1000,4000,120,775,895,0.9275586639996618,0.708,0.8598,,,,,1.2619502963498235,0,1,101,0.6416666666666667,0.0,0.7455469369888306,0.7455469369888306,0.9813395142555237,0.035472548809372076,0.865546218487395,0.9243697478991597,0.865546218487395,0.0,0.0,0.2542458778445719,1.372877061077714
PU-R,fashion_mnist,0,0.3,0.8,100,100,1000,4000,120,501,621,0.6739302482455969,0.40159999999999996,0.4546,,,,,1.6575888646766543,0,1,101,0.38333333333333336,0.0,0.6921451091766357,0.6921451091766357,0.9866426587104797,0.031270215240847166,0.8991596638655462,0.9327731092436975,0.8907563025210085,0.0,0.0,0.2635262654545808,1.3682368672727097
GREATS,fashion_mnist,0,0.3,0.8,100,100,1000,4000,120,760,880,,0.723,0.8514,,,,,1.706819387152791,0,1,101,0.6333333333333333,0.0,0.7460863590240479,0.7460863590240479,0.9799585342407227,0.03411990804832522,0.865546218487395,0.9243697478991597,0.865546218487395,0.0,0.0,0.2529160103318129,1.3735419948340937
MaxLoss,fashion_mnist,1,0.3,0.0,100,100,5000,0,120,4510,4630,0.9398782362695783,0.789,0.9191,,,,,1.4141983902081847,0,1,101,0.6916666666666667,0.0,0.7579241991043091,0.7579241991043091,0.9755029678344727,0.03671201863208739,0.8823529411764706,0.9243697478991597,0.865546218487395,0.0,0.0,0.2474791609470598,1.37626041952647
Marginal,fashion_mnist,1,0.3,0.0,100,100,5000,0,120,2724,2844,0.5946271059219725,0.3447,0.3863,,,,,2.0020709224045277,0,1,101,0.2833333333333333,0.0,0.692152738571167,0.692152738571167,0.9937191605567932,0.029603250136896343,0.907563025210084,0.9243697478991597,0.8991596638655462,0.0,0.0,0.25896378503534856,1.3705181074823258
EL2N,fashion_mnist,1,0.3,0.0,100,100,5000,0,120,4336,4456,0.9077378250076436,0.7059,0.8511,,,,,2.3568893568590283,0,1,101,0.6083333333333333,0.0,0.7394565343856812,0.7394565343856812,0.9715510606765747,0.03628966137140739,0.8151260504201681,0.9243697478991597,0.8067226890756303,0.0,0.0,0.2564794218060475,1.3717602890969762
GraNdLast,fashion_mnist,1,0.3,0.0,100,100,5000,0,120,3951,4071,0.8348052079090849,0.6516,0.758,,,,,2.4787621861323714,0,1,101,0.5416666666666666,0.0,0.69687420129776,0.69687420129776,0.9865535497665405,0.03633720584276343,0.8319327731092437,0.9327731092436975,0.8319327731092437,0.0,0.0,0.27417118159400844,1.362914409202996
RHO-PretrainRef,fashion_mnist,1,0.3,0.0,100,100,5000,0,120,4648,4768,0.9646764053031802,0.8155,0.9386,,,,,2.8328492548316717,0,1,101,0.7416666666666667,0.0,0.7510696649551392,0.7510696649551392,0.9853873252868652,0.03921734485305658,0.8235294117647058,0.9159663865546218,0.8151260504201681,0.0,0.0,0.25473715791547397,1.372631421042263
PU-R,fashion_mnist,1,0.3,0.0,100,100,5000,0,120,3304,3424,0.7092186409863643,0.4869,0.5662,,,,,3.6954065719619393,0,1,101,0.4,0.0,0.7116380333900452,0.7116380333900452,0.9813661575317383,0.0348996136869703,0.8991596638655462,0.9495798319327731,0.8991596638655462,0.0,0.0,0.2673452023260581,1.366327398836971
GREATS,fashion_mnist,1,0.3,0.0,100,100,5000,0,120,4513,4633,,0.7885,0.9099,,,,,4.439313169568777,0,1,101,0.7166666666666667,0.0,0.7518534064292908,0.7518534064292908,0.9819320440292358,0.03715547443437977,0.865546218487395,0.9159663865546218,0.8487394957983193,0.0,0.0,0.2524320260065152,1.3737839869967425
MaxLoss,fashion_mnist,1,0.3,0.1,100,100,4500,500,120,4113,4233,0.953743725491222,0.8217,0.9283,,,,,1.3938683336600661,0,1,101,0.7333333333333333,0.0,0.7369025945663452,0.7369025945663452,0.969246506690979,0.04059816809261546,0.8403361344537815,0.9243697478991597,0.8403361344537815,0.0,0.0,0.26420297698458106,1.3678985115077094
Marginal,fashion_mnist,1,0.3,0.1,100,100,4500,500,120,2587,2707,0.6284182897652499,0.4074,0.443,,,,,1.955599612556398,0,1,101,0.3333333333333333,0.0,0.6792439222335815,0.6792439222335815,0.9946960210800171,0.03132617598822137,0.9159663865546218,0.9327731092436975,0.8991596638655462,0.0,0.0,0.2674227165105851,1.3662886417447075
EL2N,fashion_mnist,1,0.3,0.1,100,100,4500,500,120,3731,3851,0.875326962210238,0.6692,0.7995,,,,,2.179641591385007,0,1,101,0.6166666666666667,0.0,0.7244088649749756,0.7244088649749756,0.991631031036377,0.035021710045197434,0.8487394957983193,0.9243697478991597,0.8487394957983193,0.0,0.0,0.26161229009067016,1.369193854954665
GraNdLast,fashion_mnist,1,0.3,0.1,100,100,4500,500,120,3862,3982,0.9026536315795965,0.7114,0.8404,,,,,2.4607917638495564,0,1,101,0.5666666666666667,0.0,0.7130332589149475,0.7130332589149475,0.9894792437553406,0.035093960892252564,0.8235294117647058,0.9243697478991597,0.8235294117647058,0.0,0.0,0.26671951121497717,1.3666402443925114
RHO-PretrainRef,fashion_mnist,1,0.3,0.1,100,100,4500,500,120,4115,4235,0.9541405579657294,0.7964,0.9206,,,,,2.6699088159948587,0,1,101,0.7166666666666667,0.0,0.7477355599403381,0.7477355599403381,0.9686297178268433,0.03697690342654701,0.8487394957983193,0.9327731092436975,0.8403361344537815,0.0,0.0,0.25563797084629114,1.3721810145768545
PU-R,fashion_mnist,1,0.3,0.1,100,100,4500,500,120,2980,3100,0.7144313415046781,0.5345,0.5923,,,,,3.387481919489801,0,1,101,0.425,0.0,0.7107566595077515,0.7107566595077515,0.9884130954742432,0.033253810986751266,0.8823529411764706,0.957983193277311,0.8823529411764706,0.0,0.0,0.26617636411986384,1.366911817940068
GREATS,fashion_mnist,1,0.3,0.1,100,100,4500,500,120,4088,4208,,0.7888999999999999,0.917,,,,,3.8363849343732,0,1,101,0.7416666666666667,0.0,0.7495014667510986,0.7495014667510986,0.9806907176971436,0.0363612237597714,0.8823529411764706,0.9243697478991597,0.8823529411764706,0.0,0.0,0.2537059926698482,1.373147003665076
MaxLoss,fashion_mnist,1,0.3,0.2,100,100,4000,1000,120,3550,3670,0.9336001782794483,0.7563,0.8874,,,,,1.3194725401699543,0,1,101,0.725,0.0,0.7607316374778748,0.7607316374778748,0.9712275266647339,0.035438680097836406,0.8907563025210085,0.9327731092436975,0.8907563025210085,0.0,0.0,0.24562892998160377,1.3771855350091982
Marginal,fashion_mnist,1,0.3,0.2,100,100,4000,1000,120,2358,2478,0.6476554092951119,0.42090000000000005,0.4749,,,,,1.8964047487825155,0,1,101,0.3333333333333333,0.0,0.6903169751167297,0.6903169751167297,0.9902603626251221,0.03156673257090464,0.8907563025210085,0.9327731092436975,0.8823529411764706,0.0,0.0,0.26803169961722734,1.3659841501913863
EL2N,fashion_mnist,1,0.3,0.2,100,100,4000,1000,120,3407,3527,0.9006895001512021,0.7369,0.8497,,,,,1.911017956212163,0,1,101,0.6166666666666667,0.0,0.7313806414604187,0.7313806414604187,0.9865715503692627,0.03302654649029259,0.8319327731092437,0.9159663865546218,0.8319327731092437,0.0,0.0,0.258633135868521,1.3706834320657395
GraNdLast,fashion_mnist,1,0.3,0.2,100,100,4000,1000,120,3335,3455,0.8838738794438541,0.6942999999999999,0.8144,,,,,2.22134773619473,0,1,101,0.55,0.0,0.7052136659622192,0.7052136659622192,0.9838178157806396,0.036085819496827966,0.8487394957983193,0.9159663865546218,0.8319327731092437,0.0,0.0,0.2706395178182229,1.3646802410908885
RHO-PretrainRef,fashion_mnist,1,0.3,0.2,100,100,4000,1000,120,3550,3670,0.9336001782794483,0.7589,0.8958,,,,,2.40757601801306,0,1,101,0.7333333333333333,0.0,0.7437186241149902,0.7437186241149902,0.97477787733078,0.03656190658817772,0.865546218487395,0.9159663865546218,0.8571428571428571,0.0,0.0,0.25838587732295293,1.3708070613385235
PU-R,fashion_mnist,1,0.3,0.2,100,100,4000,1000,120,2430,2550,0.6654079162399285,0.4216,0.4935,,,,,3.219529346562922,0,1,101,0.43333333333333335,0.0,0.7004562020301819,0.7004562020301819,0.9873337745666504,0.03279944127347289,0.907563025210084,0.9327731092436975,0.8991596638655462,0.0,0.0,0.2712292282043948,1.3643853858978026
GREATS,fashion_mnist,1,0.3,0.2,100,100,4000,1000,120,3459,3579,,0.7127,0.8704,,,,,3.7083939127624035,0,1,101,0.6916666666666667,0.0,0.7371077537536621,0.7371077537536621,0.9767856001853943,0.03579172917774746,0.8403361344537815,0.9243697478991597,0.8403361344537815,0.0,0.0,0.261697772325004,1.369151113837498
MaxLoss,fashion_mnist,1,0.3,0.3,100,100,3500,1500,120,3227,3347,0.9687892849324271,0.8355,0.9507,,,,,1.327929493971169,0,1,101,0.75,0.0,0.7561250329017639,0.7561250329017639,0.9701573848724365,0.03581914581170603,0.8487394957983193,0.9327731092436975,0.8403361344537815,0.0,0.0,0.2484370450346184,1.3757814774826909
Marginal,fashion_mnist,1,0.3,0.3,100,100,3500,1500,120,2111,2231,0.6671008900739253,0.4315,0.4794,,,,,1.8439374575391412,0,1,101,0.4083333333333333,0.0,0.7034993767738342,0.7034993767738342,0.9917985200881958,0.03384039657456534,0.8487394957983193,0.9243697478991597,0.8487394957983193,0.0,0.0,0.26075338412180576,1.3696233079390971
EL2N,fashion_mnist,1,0.3,0.3,100,100,3500,1500,120,2878,2998,0.878392712213099,0.6666000000000001,0.8101,,,,,2.0175268100574613,0,1,101,0.5833333333333334,0.0,0.7179225087165833,0.7179225087165833,0.9730297327041626,0.03559153370496606,0.8235294117647058,0.9243697478991597,0.8151260504201681,0.0,0.0,0.26725112953802627,1.3663744352309868
GraNdLast,fashion_mnist,1,0.3,0.3,100,100,3500,1500,120,2915,3035,0.8882716608932242,0.7206,0.8273,,,,,2.1351288333535194,0,1,101,0.575,0.0,0.7015218734741211,0.7015218734741211,0.9896708726882935,0.03374963297563441,0.8067226890756303,0.9243697478991597,0.8067226890756303,0.0,0.0,0.26522911239876623,1.3673854438006168
RHO-PretrainRef,fashion_mnist,1,0.3,0.3,100,100,3500,1500,120,3208,3328,0.9641236024326645,0.8051,0.9371,,,,,2.2503545582294464,0,1,101,0.7083333333333334,0.0,0.7513893246650696,0.7513893246650696,0.9668169021606445,0.036310463392434,0.8571428571428571,0.9327731092436975,0.8571428571428571,0.0,0.0,0.2522207481858561,1.373889625907072
PU-R,fashion_mnist,1,0.3,0.3,100,100,3500,1500,120,2149,2269,0.6777756659430452,0.46309999999999996,0.5049,,,,,2.844713074155152,0,1,101,0.36666666666666664,0.0,0.6967465281486511,0.6967465281486511,0.9885591864585876,0.03403690357168181,0.8823529411764706,0.9411764705882353,0.8739495798319328,0.0,0.0,0.2645925897199791,1.3677037051400105
GREATS,fashion_mnist,1,0.3,0.3,100,100,3500,1500,120,3149,3269,,0.8145,0.9202,,,,,3.30614657048136,0,1,101,0.7166666666666667,0.0,0.743847131729126,0.743847131729126,0.9778356552124023,0.03452216777480951,0.8151260504201681,0.9159663865546218,0.8067226890756303,0.0,0.0,0.25619264671346875,1.3719036766432655
MaxLoss,fashion_mnist,1,0.3,0.4,100,100,3000,2000,120,2745,2865,0.9685323070734739,0.8116,0.9261,,,,,1.144233474507928,0,1,101,0.75,0.0,0.7469993233680725,0.7469993233680725,0.9874813556671143,0.03750502737630315,0.8487394957983193,0.9243697478991597,0.8487394957983193,0.0,0.0,0.2520201525319693,1.3739899237340154
Marginal,fashion_mnist,1,0.3,0.4,100,100,3000,2000,120,1624,1744,0.6139185898355208,0.35819999999999996,0.3957,,,,,1.5139735620468855,0,1,101,0.24166666666666667,0.0,0.6999492645263672,0.6999492645263672,0.9952539205551147,0.03035279256956918,0.8571428571428571,0.9327731092436975,0.8571428571428571,0.0,0.0,0.2587593298573366,1.3706203350713317
EL2N,fashion_mnist,1,0.3,0.4,100,100,3000,2000,120,2472,2592,0.8868478752556257,0.706,0.8306,,,,,1.660145747475326,0,1,101,0.5833333333333334,0.0,0.7237728238105774,0.7237728238105774,0.9883763194084167,0.03519697499876263,0.8403361344537815,0.9243697478991597,0.8403361344537815,0.0,0.0,0.261080397865909,1.3694598010670456
GraNdLast,fashion_mnist,1,0.3,0.4,100,100,3000,2000,120,2471,2591,0.8865383534575813,0.6746,0.8076,,,,,1.7980051264166832,0,1,101,0.55,0.0,0.7160953879356384,0.7160953879356384,0.9850789308547974,0.03595908499565445,0.8235294117647058,0.9159663865546218,0.8151260504201681,0.0,0.0,0.2653147689341896,1.3673426155329051
RHO-PretrainRef,fashion_mnist,1,0.3,0.4,100,100,3000,2000,120,2686,2806,0.951561308465898,0.765,0.9102,,,,,1.920410511083901,0,1,101,0.7,0.0,0.7344639301300049,0.7344639301300049,0.9748691320419312,0.03923062141202077,0.8067226890756303,0.9159663865546218,0.7983193277310925,0.0,0.0,0.2641313890370979,1.367934305481451
PU-R,fashion_mnist,1,0.3,0.4,100,100,3000,2000,120,1826,1946,0.6803047729772516,0.4456,0.4876,,,,,2.5152303585782647,0,1,101,0.4166666666666667,0.0,0.7136813402175903,0.7136813402175903,0.9955458641052246,0.030627558712197953,0.907563025210084,0.9411764705882353,0.8991596638655462,0.0,0.0,0.25626388605877287,1.3718680569706136
GREATS,fashion_mnist,1,0.3,0.4,100,100,3000,2000,120,2735,2855,,0.8328,0.9426,,,,,2.9830581480637193,0,1,101,0.7,0.0,0.7400556206703186,0.7400556206703186,0.9823418855667114,0.038706590648458786,0.865546218487395,0.9159663865546218,0.8571428571428571,0.0,0.0,0.2616089534698136,1.3691955232650932
MaxLoss,fashion_mnist,1,0.3,0.5,100,100,2500,2500,120,2204,2324,0.9478776850737631,0.7781,0.9128,,,,,1.1340549746528268,0,1,101,0.7416666666666667,0.0,0.7511829733848572,0.7511829733848572,0.9888274669647217,0.03594369497619757,0.8739495798319328,0.9411764705882353,0.8739495798319328,0.0,0.0,0.2526781391449235,1.3736609304275382
Marginal,fashion_mnist,1,0.3,0.5,100,100,2500,2500,120,1410,1530,0.6470452616922557,0.41259999999999997,0.4569,,,,,1.4762200368568301,0,1,101,0.2833333333333333,0.0,0.6842932105064392,0.6842932105064392,0.9930084347724915,0.028967853729464428,0.865546218487395,0.9495798319327731,0.8487394957983193,0.0,0.0,0.2681023164586403,1.3659488417706798
EL2N,fashion_mnist,1,0.3,0.5,100,100,2500,2500,120,2126,2246,0.9201488794642501,0.7476,0.8741,,,,,1.6156261125579476,0,1,101,0.625,0.0,0.726921796798706,0.726921796798706,0.9872637987136841,0.033987078095684534,0.8319327731092437,0.9243697478991597,0.8319327731092437,0.0,0.0,0.2582558487101678,1.370872075644916
GraNdLast,fashion_mnist,1,0.3,0.5,100,100,2500,2500,120,2038,2158,0.8880217424593866,0.7311000000000001,0.8226,,,,,1.7337492732331157,0,1,101,0.5583333333333333,0.0,0.7223365902900696,0.7223365902900696,0.9795503616333008,0.03244468344359839,0.8571428571428571,0.9327731092436975,0.8571428571428571,0.0,0.0,0.2582527112905564,1.3708736443547218
RHO-PretrainRef,fashion_mnist,1,0.3,0.5,100,100,2500,2500,120,2146,2266,0.9273396093049087,0.76,0.8921,,,,,1.7929297452792525,0,1,101,0.6916666666666667,0.0,0.7460015416145325,0.7460015416145325,0.9744696617126465,0.037225841474132375,0.8571428571428571,0.9327731092436975,0.8571428571428571,0.0,0.0,0.25706298185377485,1.3714685090731127
PU-R,fashion_mnist,1,0.3,0.5,100,100,2500,2500,120,1565,1685,0.7077953690313734,0.49250000000000005,0.5548,,,,,2.484833328984678,0,1,101,0.44166666666666665,0.0,0.7108398675918579,0.7108398675918579,0.9950906038284302,0.030917042318512413,0.8991596638655462,0.9411764705882353,0.8823529411764706,0.0,0.0,0.25823064975265375,1.3708846751236732
GREATS,fashion_mnist,1,0.3,0.5,100,100,2500,2500,120,2145,2265,,0.7793,0.8964,,,,,2.7047281498089433,0,1,101,0.6916666666666667,0.0,0.7404525876045227,0.7404525876045227,0.9723609089851379,0.035357453242069535,0.8571428571428571,0.9159663865546218,0.8403361344537815,0.0,0.0,0.2628423079792875,1.3685788460103563
MaxLoss,fashion_mnist,1,0.3,0.6,100,100,2000,3000,120,1664,1784,0.9166279241326265,0.7494000000000001,0.8669,,,,,1.1259333854541183,0,1,101,0.6916666666666667,0.0,0.733970582485199,0.733970582485199,0.9786099195480347,0.03902989951502375,0.8235294117647058,0.9411764705882353,0.8235294117647058,0.0,0.0,0.26442725268648754,1.3677863736567564
Marginal,fashion_mnist,1,0.3,0.6,100,100,2000,3000,120,1098,1218,0.6478589202743024,0.4024,0.4455,,,,,1.3970259623602033,0,1,101,0.275,0.0,0.6734179258346558,0.6734179258346558,0.9970067739486694,0.03359608164354533,0.8739495798319328,0.9411764705882353,0.8739495798319328,0.0,0.0,0.2719797935960421,1.364010103201979
EL2N,fashion_mnist,1,0.3,0.6,100,100,2000,3000,120,1605,1725,0.8899287228705361,0.6593,0.8138,,,,,1.4739085277542472,0,1,101,0.5833333333333334,0.0,0.7191396951675415,0.7191396951675415,0.984054446220398,0.03434674178852754,0.8151260504201681,0.9327731092436975,0.8151260504201681,0.0,0.0,0.2643740161537157,1.367812991923142
GraNdLast,fashion_mnist,1,0.3,0.6,100,100,2000,3000,120,1527,1647,0.8539356623077765,0.6356999999999999,0.7644,,,,,1.5268752621486783,0,1,101,0.5166666666666667,0.0,0.7179179191589355,0.7179179191589355,0.9800086617469788,0.03507847921187136,0.8487394957983193,0.9327731092436975,0.8487394957983193,0.0,0.0,0.2643943346807231,1.3678028326596383
RHO-PretrainRef,fashion_mnist,1,0.3,0.6,100,100,2000,3000,120,1688,1808,0.9273181210737675,0.7061999999999999,0.8731,,,,,1.7138373674824834,0,1,101,0.7083333333333334,0.0,0.7524960041046143,0.7524960041046143,0.9683380126953125,0.03790734244995758,0.7899159663865546,0.9327731092436975,0.7899159663865546,0.0,0.0,0.2518916428286786,1.3740541785856606
PU-R,fashion_mnist,1,0.3,0.6,100,100,2000,3000,120,1170,1290,0.6831479734973982,0.4919,0.538,,,,,2.248341112397611,0,1,101,0.39166666666666666,0.0,0.7057597637176514,0.7057597637176514,0.9847190976142883,0.03182649336943105,0.8907563025210085,0.9411764705882353,0.8907563025210085,0.0,0.0,0.26311516388485995,1.36844241805757
GREATS,fashion_mnist,1,0.3,0.6,100,100,2000,3000,120,1758,1878,,0.7784,0.9052,,,,,2.3303539659827948,0,1,101,0.6916666666666667,0.0,0.7523602843284607,0.7523602843284607,0.975277841091156,0.03597504777066848,0.8991596638655462,0.9411764705882353,0.8991596638655462,0.0,0.0,0.24970901968549974,1.3751454901572502
MaxLoss,fashion_mnist,1,0.3,0.7,100,100,1500,3500,120,1277,1397,0.9536678831209429,0.7948,0.9161,,,,,1.2392687359824777,0,1,101,0.6416666666666667,0.0,0.733932375907898,0.733932375907898,0.9799861907958984,0.03728045886304198,0.8319327731092437,0.9159663865546218,0.8151260504201681,0.0,0.0,0.26183656579257664,1.3690817171037117
Marginal,fashion_mnist,1,0.3,0.7,100,100,1500,3500,120,760,880,0.6313556647510268,0.40249999999999997,0.4372,,,,,1.3152395719662309,0,1,101,0.3,0.0,0.6770808696746826,0.6770808696746826,0.9945400953292847,0.031665400046260415,0.8907563025210085,0.9411764705882353,0.8823529411764706,0.0,0.0,0.26791730830218813,1.366041345848906
EL2N,fashion_mnist,1,0.3,0.7,100,100,1500,3500,120,1131,1251,0.8676771405152977,0.6187,0.7641,,,,,1.3135063108056784,0,1,101,0.5333333333333333,0.0,0.7168545722961426,0.7168545722961426,0.9853255748748779,0.03450279376086067,0.8235294117647058,0.9243697478991597,0.8151260504201681,0.0,0.0,0.26224677095669424,1.3688766145216529
GraNdLast,fashion_mnist,1,0.3,0.7,100,100,1500,3500,120,1032,1152,0.8063327835989185,0.5841000000000001,0.6954,,,,,1.4590699262917042,0,1,101,0.48333333333333334,0.0,0.7119260430335999,0.7119260430335999,0.9929819107055664,0.032747242881470365,0.8403361344537815,0.9243697478991597,0.8235294117647058,0.0,0.0,0.2599141243757463,1.3700429378121268
RHO-PretrainRef,fashion_mnist,1,0.3,0.7,100,100,1500,3500,120,1252,1372,0.939551270508673,0.6834,0.8605,,,,,1.548824136145413,0,1,101,0.6166666666666667,0.0,0.7376478314399719,0.7376478314399719,0.9883406162261963,0.03678271850617994,0.8403361344537815,0.9243697478991597,0.8319327731092437,0.0,0.0,0.25753601011058813,1.371231994944706
PU-R,fashion_mnist,1,0.3,0.7,100,100,1500,3500,120,898,1018,0.7211010176688433,0.5232,0.5726,,,,,1.9274340467527509,0,1,101,0.39166666666666666,0.0,0.6919273138046265,0.6919273138046265,0.9901058673858643,0.034151365526584015,0.8991596638655462,0.9495798319327731,0.8991596638655462,0.0,0.0,0.2693898039064893,1.3653050980467554
GREATS,fashion_mnist,1,0.3,0.7,100,100,1500,3500,120,1220,1340,,0.735,0.8546,,,,,1.980774300172925,0,1,101,0.6333333333333333,0.0,0.7468748092651367,0.7468748092651367,0.9730575680732727,0.03402593807012093,0.8823529411764706,0.9243697478991597,0.865546218487395,0.0,0.0,0.25241218058246506,1.3737939097087675
MaxLoss,fashion_mnist,1,0.3,0.8,100,100,1000,4000,120,773,893,0.9258559288573451,0.7269,0.8612,,,,,0.9931531837210059,0,1,101,0.6666666666666666,0.0,0.7354065179824829,0.7354065179824829,0.9755688905715942,0.03788554167547146,0.8067226890756303,0.907563025210084,0.7899159663865546,0.0,0.0,0.26127514198321894,1.3693624290083906
Marginal,fashion_mnist,1,0.3,0.8,100,100,1000,4000,120,540,660,0.7116535073146224,0.42910000000000004,0.4692,,,,,1.1319998586550355,0,1,101,0.36666666666666664,0.0,0.7039899826049805,0.7039899826049805,0.9969542026519775,0.026837248010795657,0.8739495798319328,0.9495798319327731,0.8739495798319328,0.0,0.0,0.2517503593455413,1.3741248203272294
EL2N,fashion_mnist,1,0.3,0.8,100,100,1000,4000,120,718,838,0.8777052039513364,0.6456,0.7591,,,,,1.1462748497724533,0,1,101,0.55,0.0,0.7202969193458557,0.7202969193458557,0.9887137413024902,0.032954764466325774,0.8319327731092437,0.9159663865546218,0.8235294117647058,0.0,0.0,0.2594456279472606,1.3702771860263696
GraNdLast,fashion_mnist,1,0.3,0.8,100,100,1000,4000,120,704,824,0.8651231394615024,0.6426000000000001,0.7589,,,,,1.1947523932904005,0,1,101,0.5666666666666667,0.0,0.7072494029998779,0.7072494029998779,0.9886007905006409,0.032484826921414925,0.8403361344537815,0.9243697478991597,0.8319327731092437,0.0,0.0,0.2669927406228843,1.366503629688558
RHO-PretrainRef,fashion_mnist,1,0.3,0.8,100,100,1000,4000,120,781,901,0.9326413044473156,0.7427,0.8643,,,,,1.2704801820218563,0,1,101,0.7,0.0,0.7289041876792908,0.7289041876792908,0.97723388671875,0.03566481285736341,0.8235294117647058,0.9159663865546218,0.8067226890756303,0.0,0.0,0.2636633159112582,1.3681683420443709
PU-R,fashion_mnist,1,0.3,0.8,100,100,1000,4000,120,561,681,0.7317990211304277,0.5037,0.5519,,,,,1.7604468408972025,0,1,101,0.45,0.0,0.6950041055679321,0.6950041055679321,0.9805179834365845,0.029709226068328407,0.907563025210084,0.9411764705882353,0.8907563025210085,0.0,0.0,0.2644779245032278,1.367761037748386
GREATS,fashion_mnist,1,0.3,0.8,100,100,1000,4000,120,791,911,,0.7852,0.8837,,,,,1.6707249907776713,0,1,101,0.675,0.0,0.7413154244422913,0.7413154244422913,0.9797967672348022,0.034031295475839565,0.8319327731092437,0.9243697478991597,0.8235294117647058,0.0,0.0,0.25570784068303476,1.3721460796584826
MaxLoss,fashion_mnist,2,0.3,0.0,100,100,5000,0,120,4651,4771,0.965205012995284,0.7932,0.9429,,,,,1.5308015625923872,0,1,101,0.7333333333333333,0.0,0.7521145343780518,0.7521145343780518,0.9598700404167175,0.04041770325989282,0.8571428571428571,0.9243697478991597,0.8571428571428571,0.0,0.0,0.2521175121405464,1.373941243929727
Marginal,fashion_mnist,2,0.3,0.0,100,100,5000,0,120,2696,2816,0.5890559877734631,0.35450000000000004,0.3954,,,,,2.539019061252475,0,1,101,0.2916666666666667,0.0,0.7106906175613403,0.7106906175613403,0.9980083703994751,0.027868298171948986,0.8991596638655462,0.9327731092436975,0.8907563025210085,0.0,0.0,0.24612372097445195,1.376938139512774
EL2N,fashion_mnist,2,0.3,0.0,100,100,5000,0,120,4284,4404,0.8980082726920955,0.6806,0.8396,,,,,2.719689130783081,0,1,101,0.6166666666666667,0.0,0.7327142357826233,0.7327142357826233,0.9817137718200684,0.03747966409731312,0.8403361344537815,0.9243697478991597,0.8319327731092437,0.0,0.0,0.25897802792437824,1.3705109860378109
GraNdLast,fashion_mnist,2,0.3,0.0,100,100,5000,0,120,4118,4238,0.8666702192858793,0.6444,0.7913,,,,,3.066709120757878,0,1,101,0.5166666666666667,0.0,0.711127758026123,0.711127758026123,0.9804118871688843,0.037328601885242625,0.8403361344537815,0.9243697478991597,0.8319327731092437,0.0,0.0,0.26858473207413225,1.365707633962934
RHO-PretrainRef,fashion_mnist,2,0.3,0.0,100,100,5000,0,120,4670,4790,0.9685390500235371,0.8355,0.9465,,,,,3.2996035013347864,0,1,101,0.7416666666666667,0.0,0.750679612159729,0.750679612159729,0.9963904619216919,0.04118582631359581,0.8319327731092437,0.9159663865546218,0.8235294117647058,0.0,0.0,0.25505448549903076,1.3724727572504847
PU-R,fashion_mnist,2,0.3,0.0,100,100,5000,0,120,3405,3525,0.7290007108822465,0.5594,0.6096,,,,,4.085628069005907,0,1,101,0.4,0.0,0.7038512229919434,0.7038512229919434,0.9766682386398315,0.034679998119338216,0.8487394957983193,0.9243697478991597,0.8487394957983193,0.0,0.0,0.26765986559296073,1.3661700672035195
GREATS,fashion_mnist,2,0.3,0.0,100,100,5000,0,120,4446,4566,,0.7811,0.899,,,,,4.852426180616021,0,1,101,0.7083333333333334,0.0,0.7360472083091736,0.7360472083091736,0.9871457815170288,0.0415817539231116,0.8235294117647058,0.9243697478991597,0.8235294117647058,0.0,0.0,0.26360039321793993,1.36819980339103
MaxLoss,fashion_mnist,2,0.3,0.1,100,100,4500,500,120,4020,4140,0.9350736844935454,0.7691,0.8994,,,,,1.5979002071544528,0,1,101,0.7,0.0,0.7524434328079224,0.7524434328079224,0.9792277216911316,0.04138173125371212,0.8487394957983193,0.9243697478991597,0.8403361344537815,0.0,0.0,0.25244639339632313,1.3737768033018385
Marginal,fashion_mnist,2,0.3,0.1,100,100,4500,500,120,2559,2679,0.6222537399153225,0.38670000000000004,0.4205,,,,,2.3834067406132817,0,1,101,0.3416666666666667,0.0,0.6944478154182434,0.6944478154182434,0.9975867867469788,0.029722560353639748,0.8823529411764706,0.9327731092436975,0.8823529411764706,0.0,0.0,0.25428442328551243,1.3728577883572437
EL2N,fashion_mnist,2,0.3,0.1,100,100,4500,500,120,3958,4078,0.9224381330423057,0.7576,0.8801,,,,,2.5653243493288755,0,1,101,0.6083333333333333,0.0,0.7318728566169739,0.7318728566169739,0.9757875204086304,0.037313608311805406,0.8571428571428571,0.9243697478991597,0.8487394957983193,0.0,0.0,0.25897840142671297,1.3705107992866434
GraNdLast,fashion_mnist,2,0.3,0.1,100,100,4500,500,120,3852,3972,0.9005798088619485,0.7295,0.8525,,,,,2.961319973692298,0,1,101,0.5916666666666667,0.0,0.7233883738517761,0.7233883738517761,0.9845166206359863,0.03731116151609341,0.8235294117647058,0.9243697478991597,0.8235294117647058,0.0,0.0,0.25764469928998435,1.371177650355008
RHO-PretrainRef,fashion_mnist,2,0.3,0.1,100,100,4500,500,120,4075,4195,0.9461632613674738,0.7773,0.9176,,,,,3.147550848312676,0,1,101,0.7166666666666667,0.0,0.7508444786071777,0.7508444786071777,0.9720070958137512,0.04077641503149722,0.8403361344537815,0.9243697478991597,0.8403361344537815,0.0,0.0,0.25492062226227613,1.372539688868862
PU-R,fashion_mnist,2,0.3,0.1,100,100,4500,500,120,3108,3228,0.7422207181807607,0.5605,0.6144,,,,,4.130750197917223,0,1,101,0.43333333333333335,0.0,0.7018707394599915,0.7018707394599915,0.9848260879516602,0.03190523886880955,0.907563025210084,0.9243697478991597,0.907563025210084,0.0,0.0,0.262963721138219,1.3685181394308905
GREATS,fashion_mnist,2,0.3,0.1,100,100,4500,500,120,3984,4104,,0.7731,0.8971,,,,,4.864897941239178,0,1,101,0.7,0.0,0.7374206781387329,0.7374206781387329,0.9738962650299072,0.040932763774855795,0.8403361344537815,0.9159663865546218,0.8319327731092437,0.0,0.0,0.2646182617804505,1.3676908691097749
MaxLoss,fashion_mnist,2,0.3,0.2,100,100,4000,1000,120,3678,3798,0.96220821357565,0.8277,0.9432,,,,,1.4923971546813846,0,1,101,0.7333333333333333,0.0,0.7542738914489746,0.7542738914489746,0.971351146697998,0.037960269871880024,0.8571428571428571,0.9159663865546218,0.8487394957983193,0.0,0.0,0.24873878512074057,1.3756306074396298
Marginal,fashion_mnist,2,0.3,0.2,100,100,4000,1000,120,2281,2401,0.6286236695596017,0.42769999999999997,0.4559,,,,,2.1339865243062377,0,1,101,0.30833333333333335,0.0,0.6889065504074097,0.6889065504074097,0.9974979758262634,0.030504979506260205,0.8739495798319328,0.9411764705882353,0.865546218487395,0.0,0.0,0.2634344585807128,1.3682827707096437
EL2N,fashion_mnist,2,0.3,0.2,100,100,4000,1000,120,3259,3379,0.8659883307409473,0.688,0.8181,,,,,2.2613750379532576,0,1,101,0.6166666666666667,0.0,0.7249525189399719,0.7249525189399719,0.9854445457458496,0.03575059896757623,0.8319327731092437,0.9327731092436975,0.8319327731092437,0.0,0.0,0.2594543181015812,1.3702728409492093
GraNdLast,fashion_mnist,2,0.3,0.2,100,100,4000,1000,120,3288,3408,0.8728280428913422,0.7132000000000001,0.8182,,,,,2.6504376428201795,0,1,101,0.5416666666666666,0.0,0.7010549902915955,0.7010549902915955,0.9928819537162781,0.03757594788775725,0.8067226890756303,0.9159663865546218,0.8067226890756303,0.0,0.0,0.27169423861109,1.364152880694455
RHO-PretrainRef,fashion_mnist,2,0.3,0.2,100,100,4000,1000,120,3634,3754,0.9525003267917782,0.7722,0.9229,,,,,2.8016759613528848,0,1,101,0.6916666666666667,0.0,0.7593534588813782,0.7593534588813782,0.9829766154289246,0.037059267028039244,0.8571428571428571,0.9243697478991597,0.8487394957983193,0.0,0.0,0.24654269099335707,1.3767286545033215
PU-R,fashion_mnist,2,0.3,0.2,100,100,4000,1000,120,2538,2658,0.6919548560981639,0.48109999999999997,0.5395,,,,,3.400438738055527,0,1,101,0.35833333333333334,0.0,0.6964060664176941,0.6964060664176941,0.9925999641418457,0.03161488711333074,0.9159663865546218,0.9411764705882353,0.907563025210084,0.0,0.0,0.2620206277431143,1.368989686128443
GREATS,fashion_mnist,2,0.3,0.2,100,100,4000,1000,120,3645,3765,,0.8085,0.9293,,,,,4.015520362183452,0,1,101,0.7083333333333334,0.0,0.7503832578659058,0.7503832578659058,0.9847233295440674,0.03643877942021154,0.8487394957983193,0.9327731092436975,0.8403361344537815,0.0,0.0,0.25251486882435054,1.3737425655878246
MaxLoss,fashion_mnist,2,0.3,0.3,100,100,3500,1500,120,3148,3268,0.9490906859282404,0.7888,0.925,,,,,1.455125929787755,0,1,101,0.7083333333333334,0.0,0.7511409521102905,0.7511409521102905,0.9698639512062073,0.03781116985473312,0.865546218487395,0.9243697478991597,0.8571428571428571,0.0,0.0,0.25389675276225476,1.3730516236188726
Marginal,fashion_mnist,2,0.3,0.3,100,100,3500,1500,120,1948,2068,0.6211252010543831,0.3789,0.4189,,,,,2.0672707594931126,0,1,101,0.30833333333333335,0.0,0.6729950308799744,0.6729950308799744,0.9947962760925293,0.03160765140998263,0.8319327731092437,0.9327731092436975,0.8319327731092437,0.0,0.0,0.27433059239045626,1.362834703804772
EL2N,fashion_mnist,2,0.3,0.3,100,100,3500,1500,120,2810,2930,0.8601274742977694,0.6664,0.7828,,,,,2.3000049982219934,0,1,101,0.55,0.0,0.7205680012702942,0.7205680012702942,0.9819579124450684,0.034348896070688716,0.8235294117647058,0.9159663865546218,0.8151260504201681,0.0,0.0,0.26136169492424555,1.3693191525378772
GraNdLast,fashion_mnist,2,0.3,0.3,100,100,3500,1500,120,2749,2869,0.8436366293462925,0.6363,0.7547,,,,,2.3310062317177653,0,1,101,0.5,0.0,0.7091541290283203,0.7091541290283203,0.9931995868682861,0.03721405753568441,0.8067226890756303,0.907563025210084,0.7983193277310925,0.0,0.0,0.2692597752937042,1.3653701123531479
RHO-PretrainRef,fashion_mnist,2,0.3,0.3,100,100,3500,1500,120,3162,3282,0.9526327727362514,0.7734,0.9191,,,,,2.5663037691265345,0,1,101,0.6916666666666667,0.0,0.751547634601593,0.751547634601593,0.9816963076591492,0.039021224033932725,0.8319327731092437,0.907563025210084,0.8235294117647058,0.0,0.0,0.25252306097555816,1.373738469512221
PU-R,fashion_mnist,2,0.3,0.3,100,100,3500,1500,120,2133,2253,0.6732830927358009,0.4314,0.5081,,,,,3.265465439297259,0,1,101,0.4083333333333333,0.0,0.6973409056663513,0.6973409056663513,0.9873793125152588,0.03333194215758508,0.8823529411764706,0.9411764705882353,0.8739495798319328,0.0,0.0,0.2730765209514846,1.3634617395242576
GREATS,fashion_mnist,2,0.3,0.3,100,100,3500,1500,120,3062,3182,,0.7424,0.8902,,,,,3.7368591725826263,0,1,101,0.6666666666666666,0.0,0.7482483386993408,0.7482483386993408,0.9670639634132385,0.03791420900521158,0.8319327731092437,0.9159663865546218,0.8235294117647058,0.0,0.0,0.2561728510897299,1.3719135744551352
MaxLoss,fashion_mnist,2,0.3,0.4,100,100,3000,2000,120,2679,2799,0.9495111304568127,0.7738,0.9131,,,,,1.3944287411868572,0,1,101,0.7333333333333333,0.0,0.7420632839202881,0.7420632839202881,0.9862183332443237,0.041288019478821956,0.8907563025210085,0.9243697478991597,0.8907563025210085,0.0,0.0,0.2589210812684151,1.3705394593657925
Marginal,fashion_mnist,2,0.3,0.4,100,100,3000,2000,120,1659,1779,0.6254684433224611,0.3869,0.4253,,,,,1.906543793156743,0,1,101,0.325,0.0,0.685410737991333,0.685410737991333,0.9956687092781067,0.027826420399321226,0.8739495798319328,0.9411764705882353,0.8739495798319328,0.0,0.0,0.25575395577129173,1.372123022114354
EL2N,fashion_mnist,2,0.3,0.4,100,100,3000,2000,120,2437,2557,0.8759864261373878,0.6653,0.8157,,,,,1.9487719470635056,0,1,101,0.575,0.0,0.7187919020652771,0.7187919020652771,0.9861194491386414,0.036217182874679565,0.8235294117647058,0.9243697478991597,0.8235294117647058,0.0,0.0,0.2645096224013656,1.3677451887993173
GraNdLast,fashion_mnist,2,0.3,0.4,100,100,3000,2000,120,2326,2446,0.8412041824776679,0.6161,0.7542,,,,,2.2639462212100625,0,1,101,0.575,0.0,0.7060920000076294,0.7060920000076294,0.9907059669494629,0.03749518184100881,0.8067226890756303,0.9243697478991597,0.8067226890756303,0.0,0.0,0.2672292174010575,1.3663853912994712
RHO-PretrainRef,fashion_mnist,2,0.3,0.4,100,100,3000,2000,120,2602,2722,0.9265946313389577,0.7419,0.8857,,,,,2.3294121716171503,0,1,101,0.6916666666666667,0.0,0.7466896772384644,0.7466896772384644,0.9808971285820007,0.03949101482118879,0.8571428571428571,0.9243697478991597,0.8571428571428571,0.0,0.0,0.25612255277532436,1.3719387236123377
PU-R,fashion_mnist,2,0.3,0.4,100,100,3000,2000,120,1951,2071,0.7210342394537292,0.5488,0.5983,,,,,3.21663811057806,0,1,101,0.43333333333333335,0.0,0.6999160051345825,0.6999160051345825,0.9858132600784302,0.030354373094414463,0.8991596638655462,0.9411764705882353,0.8991596638655462,0.0,0.0,0.25972936522085055,1.3701353173895747
GREATS,fashion_mnist,2,0.3,0.4,100,100,3000,2000,120,2571,2691,,0.7542,0.8739,,,,,3.4283181903883815,0,1,101,0.725,0.0,0.7397552132606506,0.7397552132606506,0.969852864742279,0.04020871585156737,0.773109243697479,0.9159663865546218,0.773109243697479,0.0,0.0,0.26047674339257504,1.3697616283037126
MaxLoss,fashion_mnist,2,0.3,0.5,100,100,2500,2500,120,2166,2286,0.9344791838666424,0.7224999999999999,0.8895,,,,,1.4408558942377567,0,1,101,0.6166666666666667,0.0,0.7384278774261475,0.7384278774261475,0.9878597259521484,0.03656694518417871,0.8487394957983193,0.9159663865546218,0.8403361344537815,0.0,0.0,0.25809828052523787,1.370950859737381
Marginal,fashion_mnist,2,0.3,0.5,100,100,2500,2500,120,1280,1400,0.5956163791706786,0.3679,0.3953,,,,,1.9826779142022133,0,1,101,0.23333333333333334,0.0,0.6870576739311218,0.6870576739311218,0.9939067363739014,0.02467508927112868,0.8739495798319328,0.9495798319327731,0.8739495798319328,0.0,0.0,0.26078684993099444,1.3696065750345028
EL2N,fashion_mnist,2,0.3,0.5,100,100,2500,2500,120,2124,2244,0.919427213142626,0.7659,0.873,,,,,1.7856160178780556,0,1,101,0.6,0.0,0.7229147553443909,0.7229147553443909,0.988567590713501,0.03417991740362985,0.8571428571428571,0.9411764705882353,0.8571428571428571,0.0,0.0,0.25871353847110296,1.3706432307644485
GraNdLast,fashion_mnist,2,0.3,0.5,100,100,2500,2500,120,1988,2108,0.8694866017322056,0.6651,0.7853,,,,,2.18162886146456,0,1,101,0.475,0.0,0.7165628671646118,0.7165628671646118,0.9853498935699463,0.033745676529507676,0.8319327731092437,0.9243697478991597,0.8319327731092437,0.0,0.0,0.26235050500511686,1.3688247474974415
RHO-PretrainRef,fashion_mnist,2,0.3,0.5,100,100,2500,2500,120,2092,2212,0.9078222396201454,0.7121,0.8517,,,,,2.035136789083481,0,1,101,0.6416666666666667,0.0,0.7413285374641418,0.7413285374641418,0.9884662628173828,0.03521699264269917,0.8403361344537815,0.9159663865546218,0.8403361344537815,0.0,0.0,0.2561844296621055,1.3719077851689474
PU-R,fashion_mnist,2,0.3,0.5,100,100,2500,2500,120,1479,1599,0.6741688104229979,0.4849,0.5155,,,,,2.7437648912891746,0,1,101,0.44166666666666665,0.0,0.6921467185020447,0.6921467185020447,0.9863861799240112,0.02950750328913456,0.8991596638655462,0.9495798319327731,0.8991596638655462,0.0,0.0,0.2649580742045559,1.367520962897722
GREATS,fashion_mnist,2,0.3,0.5,100,100,2500,2500,120,2093,2213,,0.7211000000000001,0.8622,,,,,3.04960023984313,0,1,101,0.6166666666666667,0.0,0.7524176836013794,0.7524176836013794,0.9792484045028687,0.034706561505293644,0.8571428571428571,0.9243697478991597,0.8487394957983193,0.0,0.0,0.2508478781042958,1.3745760609478521
MaxLoss,fashion_mnist,2,0.3,0.6,100,100,2000,3000,120,1722,1842,0.9422450165147893,0.7873,0.9101,,,,,1.222123073413968,0,1,101,0.725,0.0,0.7399851679801941,0.7399851679801941,0.9752444624900818,0.03973718701290483,0.8571428571428571,0.9243697478991597,0.8487394957983193,0.0,0.0,0.2588323869140029,1.3705838065429985
Marginal,fashion_mnist,2,0.3,0.6,100,100,2000,3000,120,1107,1227,0.6522828173474409,0.4172,0.4524,,,,,1.6490100920200348,0,1,101,0.35,0.0,0.6765146851539612,0.6765146851539612,0.9953359365463257,0.03403379987267887,0.865546218487395,0.9327731092436975,0.8571428571428571,0.0,0.0,0.2723945056883317,1.3638027471558343
EL2N,fashion_mnist,2,0.3,0.6,100,100,2000,3000,120,1564,1684,0.8710938419681042,0.6577999999999999,0.7815,,,,,1.487144734710455,0,1,101,0.575,0.0,0.7223490476608276,0.7223490476608276,0.9864660501480103,0.037503214693870864,0.7899159663865546,0.9243697478991597,0.7815126050420168,0.0,0.0,0.26336929487338634,1.368315352563307
GraNdLast,fashion_mnist,2,0.3,0.6,100,100,2000,3000,120,1486,1606,0.8347689168876968,0.6402,0.7399,,,,,1.7433784259483218,0,1,101,0.525,0.0,0.6992447376251221,0.6992447376251221,0.9841156005859375,0.03618797609786026,0.8487394957983193,0.9243697478991597,0.8403361344537815,0.0,0.0,0.2698596449433799,1.36507017752831
RHO-PretrainRef,fashion_mnist,2,0.3,0.6,100,100,2000,3000,120,1740,1860,0.9500212076236494,0.7665,0.8993,,,,,1.77901251334697,0,1,101,0.7083333333333334,0.0,0.7493593692779541,0.7493593692779541,0.985183596611023,0.03710491667274667,0.8235294117647058,0.9159663865546218,0.8067226890756303,0.0,0.0,0.25225959242866436,1.3738702037856678
PU-R,fashion_mnist,2,0.3,0.6,100,100,2000,3000,120,1362,1482,0.775996093521826,0.6079,0.6433,,,,,2.4060877971351147,0,1,101,0.5,0.0,0.692391037940979,0.692391037940979,0.9819404482841492,0.033884493242792725,0.8319327731092437,0.9327731092436975,0.8319327731092437,0.0,0.0,0.2701231134902737,1.364938443254863
GREATS,fashion_mnist,2,0.3,0.6,100,100,2000,3000,120,1720,1840,,0.7682,0.8942,,,,,2.53886304423213,0,1,101,0.7,0.0,0.7376216650009155,0.7376216650009155,0.9807857275009155,0.040767847990789335,0.8151260504201681,0.9243697478991597,0.8151260504201681,0.0,0.0,0.26193571821236034,1.36903214089382
MaxLoss,fashion_mnist,2,0.3,0.7,100,100,1500,3500,120,1289,1409,0.9602968409890309,0.7948,0.9236,,,,,1.143807734362781,0,1,101,0.6416666666666667,0.0,0.741075336933136,0.741075336933136,0.9763554334640503,0.03869855128416494,0.8403361344537815,0.9327731092436975,0.8403361344537815,0.0,0.0,0.25806795213566064,1.3709660239321697
Marginal,fashion_mnist,2,0.3,0.7,100,100,1500,3500,120,754,874,0.6274144224007614,0.3798,0.4251,,,,,1.3222644245252013,0,1,101,0.275,0.0,0.674371600151062,0.674371600151062,0.9956409335136414,0.0314341644529535,0.8739495798319328,0.9327731092436975,0.8739495798319328,0.0,0.0,0.2678463677587517,1.366076816120624
EL2N,fashion_mnist,2,0.3,0.7,100,100,1500,3500,120,1178,1298,0.8961199686164036,0.7078,0.839,,,,,1.4114120323210955,0,1,101,0.55,0.0,0.705519437789917,0.705519437789917,0.9825624227523804,0.037603644262842774,0.7983193277310925,0.9411764705882353,0.7983193277310925,0.0,0.0,0.2701312309410144,1.3649343845294928
GraNdLast,fashion_mnist,2,0.3,0.7,100,100,1500,3500,120,1153,1273,0.8810566279571503,0.6763,0.8,,,,,1.4906179560348392,0,1,101,0.5166666666666667,0.0,0.6996011734008789,0.6996011734008789,0.9900122880935669,0.038961926052550305,0.8151260504201681,0.9243697478991597,0.8067226890756303,0.0,0.0,0.275149060506551,1.3624254697467246
RHO-PretrainRef,fashion_mnist,2,0.3,0.7,100,100,1500,3500,120,1240,1360,0.9326551089179702,0.7499,0.8956,,,,,1.611720616929233,0,1,101,0.65,0.0,0.738326370716095,0.738326370716095,0.9765181541442871,0.03850121608301371,0.773109243697479,0.9327731092436975,0.7647058823529411,0.0,0.0,0.2576843403377733,1.3711578298311133
PU-R,fashion_mnist,2,0.3,0.7,100,100,1500,3500,120,907,1027,0.7268898095353507,0.5271,0.5751,,,,,2.1221272349357605,0,1,101,0.44166666666666665,0.0,0.6990576386451721,0.6990576386451721,0.9897392988204956,0.03477430744331424,0.865546218487395,0.9411764705882353,0.865546218487395,0.0,0.0,0.263590109453658,1.368204945273171
GREATS,fashion_mnist,2,0.3,0.7,100,100,1500,3500,120,1199,1319,,0.6990000000000001,0.8393,,,,,2.0456097023561597,0,1,101,0.6416666666666667,0.0,0.7345853447914124,0.7345853447914124,0.9743940830230713,0.038267262843476625,0.8151260504201681,0.9243697478991597,0.8151260504201681,0.0,0.0,0.26266464536875095,1.3686676773156246
MaxLoss,fashion_mnist,2,0.3,0.8,100,100,1000,4000,120,749,869,0.9051308905472979,0.7303999999999999,0.8538,,,,,1.0854611154645681,0,1,101,0.65,0.0,0.7456101179122925,0.7456101179122925,0.977920651435852,0.037222729009740496,0.8151260504201681,0.9243697478991597,0.8067226890756303,0.0,0.0,0.25418039043522206,1.372909804782389
Marginal,fashion_mnist,2,0.3,0.8,100,100,1000,4000,120,495,615,0.6680924793472514,0.4141,0.4571,,,,,1.3291778769344091,0,1,101,0.36666666666666664,0.0,0.6837608814239502,0.6837608814239502,0.9934594035148621,0.029951253608495248,0.8823529411764706,0.9327731092436975,0.8823529411764706,0.0,0.0,0.2616567119683432,1.3691716440158284
EL2N,fashion_mnist,2,0.3,0.8,100,100,1000,4000,120,655,775,0.8203169615590014,0.6,0.7195,,,,,1.2027526618912816,0,1,101,0.5166666666666667,0.0,0.7062404155731201,0.7062404155731201,0.9825552105903625,0.035502476101162056,0.8151260504201681,0.9327731092436975,0.8151260504201681,0.0,0.0,0.269606534861235,1.3651967325693826
GraNdLast,fashion_mnist,2,0.3,0.8,100,100,1000,4000,120,724,844,0.883062667271588,0.6719999999999999,0.7878,,,,,1.3376360507681966,0,1,101,0.475,0.0,0.7022133469581604,0.7022133469581604,0.991839587688446,0.03530406476068897,0.8907563025210085,0.9159663865546218,0.8739495798319328,0.0,0.0,0.2645390294851839,1.367730485257408
RHO-PretrainRef,fashion_mnist,2,0.3,0.8,100,100,1000,4000,120,751,871,0.906876782188192,0.7077,0.8349,,,,,1.4269422786310315,0,1,101,0.6083333333333333,0.0,0.7417635917663574,0.7417635917663574,0.9727223515510559,0.03881457322785834,0.8067226890756303,0.9159663865546218,0.7983193277310925,0.0,0.0,0.25561471410091746,1.3721926429495412
PU-R,fashion_mnist,2,0.3,0.8,100,100,1000,4000,120,558,678,0.728928568540141,0.5105999999999999,0.5745,,,,,1.87708196695894,0,1,101,0.4666666666666667,0.0,0.7138174176216125,0.7138174176216125,0.9891068935394287,0.029257880038573963,0.8991596638655462,0.9327731092436975,0.8907563025210085,0.0,0.0,0.2558279839340283,1.3720860080329857
GREATS,fashion_mnist,2,0.3,0.8,100,100,1000,4000,120,731,851,,0.6579999999999999,0.8074,,,,,1.890526576898992,0,1,101,0.6416666666666667,0.0,0.7324218153953552,0.7324218153953552,0.9764728546142578,0.035431911464498825,0.8403361344537815,0.907563025210084,0.8235294117647058,0.0,0.0,0.26127942480999006,1.369360287595005
MaxLoss,fashion_mnist,3,0.3,0.0,100,100,5000,0,120,4625,4745,0.9606057696510106,0.8021,0.9398,,,,,1.57773725874722,0,1,101,0.6833333333333333,0.0,0.7428648471832275,0.7428648471832275,0.9843482375144958,0.040410356862204413,0.8823529411764706,0.9159663865546218,0.8739495798319328,0.0,0.0,0.25754689147860554,1.3712265542606972
Marginal,fashion_mnist,3,0.3,0.0,100,100,5000,0,120,2697,2817,0.5892550149583258,0.34619999999999995,0.3934,,,,,2.2469978192821145,0,1,101,0.30833333333333335,0.0,0.6870266795158386,0.6870266795158386,0.9956591129302979,0.03205226148877825,0.8487394957983193,0.9327731092436975,0.8487394957983193,0.0,0.0,0.26546927439997503,1.3672653628000124
EL2N,fashion_mnist,3,0.3,0.0,100,100,5000,0,120,4159,4279,0.8744452688843012,0.6496,0.8135,,,,,2.7186853606253862,0,1,101,0.5666666666666667,0.0,0.7188026309013367,0.7188026309013367,0.9856579303741455,0.03684145738096798,0.7899159663865546,0.9159663865546218,0.7899159663865546,0.0,0.0,0.2671436604662567,1.3664281697668716
GraNdLast,fashion_mnist,3,0.3,0.0,100,100,5000,0,120,4182,4302,0.8787974882288836,0.6804,0.8063,,,,,2.7529372852295637,0,1,101,0.5333333333333333,0.0,0.7179692387580872,0.7179692387580872,0.9923969507217407,0.03556917344822603,0.8487394957983193,0.9327731092436975,0.8487394957983193,0.0,0.0,0.26025555530996874,1.3698722223450157
RHO-PretrainRef,fashion_mnist,3,0.3,0.0,100,100,5000,0,120,4594,4714,0.9550741423736326,0.7729,0.9231,,,,,3.2148615419864655,0,1,101,0.675,0.0,0.7528113722801208,0.7528113722801208,0.9823485612869263,0.038870843518681884,0.8823529411764706,0.9243697478991597,0.8823529411764706,0.0,0.0,0.2522138757428977,1.373893062128551
PU-R,fashion_mnist,3,0.3,0.0,100,100,5000,0,120,3350,3470,0.7182352950330824,0.5266,0.5896,,,,,3.745919835753739,0,1,101,0.49166666666666664,0.0,0.7070308327674866,0.7070308327674866,0.996623158454895,0.034383309488536934,0.8823529411764706,0.9327731092436975,0.8823529411764706,0.0,0.0,0.2666316136655456,1.3666841931672273
GREATS,fashion_mnist,3,0.3,0.0,100,100,5000,0,120,4511,4631,,0.7656000000000001,0.9018,,,,,4.314925394020975,0,1,101,0.7,0.0,0.74686598777771,0.74686598777771,0.9817357063293457,0.04066706705494087,0.8403361344537815,0.9243697478991597,0.8403361344537815,0.0,0.0,0.2585099796986942,1.3707450101506529
MaxLoss,fashion_mnist,3,0.3,0.1,100,100,4500,500,120,4081,4201,0.9473650242434815,0.76,0.9137,,,,,1.594883332028985,0,1,101,0.6416666666666667,0.0,0.7459434270858765,0.7459434270858765,0.9785875082015991,0.040324987734065336,0.865546218487395,0.907563025210084,0.865546218487395,0.0,0.0,0.25804748420771934,1.3709762578961402
Marginal,fashion_mnist,3,0.3,0.1,100,100,4500,500,120,2484,2604,0.6057191110448912,0.377,0.4197,,,,,2.2557124868035316,0,1,101,0.3416666666666667,0.0,0.6831313371658325,0.6831313371658325,0.9953785538673401,0.034680960559043565,0.865546218487395,0.9327731092436975,0.865546218487395,0.0,0.0,0.26874000944474274,1.3656299952776285
EL2N,fashion_mnist,3,0.3,0.1,100,100,4500,500,120,3678,3798,0.8641845886595547,0.6602,0.7931,,,,,2.353784928098321,0,1,101,0.6,0.0,0.7215907573699951,0.7215907573699951,0.986586332321167,0.036017536365685346,0.7983193277310925,0.9327731092436975,0.7983193277310925,0.0,0.0,0.2599502296014335,1.3700248851992831
GraNdLast,fashion_mnist,3,0.3,0.1,100,100,4500,500,120,3700,3820,0.8688151299138553,0.6584,0.8009,,,,,2.65678293351084,0,1,101,0.575,0.0,0.7202398180961609,0.7202398180961609,0.985674262046814,0.03629683271175673,0.8151260504201681,0.9159663865546218,0.8151260504201681,0.0,0.0,0.2622864120044832,1.3688567939977583
RHO-PretrainRef,fashion_mnist,3,0.3,0.1,100,100,4500,500,120,3998,4118,0.9306048494763672,0.7203999999999999,0.8874,,,,,2.999495731666684,0,1,101,0.675,0.0,0.7389987707138062,0.7389987707138062,0.9722887277603149,0.04098912798056081,0.8571428571428571,0.9159663865546218,0.8487394957983193,0.0,0.0,0.26059937665913324,1.3697003116704334
PU-R,fashion_mnist,3,0.3,0.1,100,100,4500,500,120,2745,2865,0.6631161645054817,0.44689999999999996,0.4947,,,,,3.56269405875355,0,1,101,0.5166666666666667,0.0,0.7125247716903687,0.7125247716903687,0.9935810565948486,0.035363531914077886,0.907563025210084,0.9411764705882353,0.907563025210084,0.0,0.0,0.26129805012641355,1.3693509749367934
GREATS,fashion_mnist,3,0.3,0.1,100,100,4500,500,120,3968,4088,,0.7436,0.8806,,,,,4.353471881709993,0,1,101,0.6833333333333333,0.0,0.7320262789726257,0.7320262789726257,0.9762172698974609,0.03983321310091419,0.8319327731092437,0.9159663865546218,0.8319327731092437,0.0,0.0,0.2674419145305884,1.3662790427347058
MaxLoss,fashion_mnist,3,0.3,0.2,100,100,4000,1000,120,3598,3718,0.944450932671316,0.7861,0.9117,,,,,1.451677231118083,0,1,101,0.675,0.0,0.7616152763366699,0.7616152763366699,0.9748303294181824,0.0365611151987765,0.8907563025210085,0.907563025210084,0.8739495798319328,0.0,0.0,0.2451840638008265,1.3774079680995868
Marginal,fashion_mnist,3,0.3,0.2,100,100,4000,1000,120,2126,2246,0.5901728405151516,0.3496,0.3802,,,,,1.9855153728276491,0,1,101,0.25833333333333336,0.0,0.6733222603797913,0.6733222603797913,0.9920337200164795,0.03394916879028833,0.8319327731092437,0.9159663865546218,0.8235294117647058,0.0,0.0,0.2790367965080791,1.3604816017459604
EL2N,fashion_mnist,3,0.3,0.2,100,100,4000,1000,120,3191,3311,0.8498848429881036,0.6362,0.7742,,,,,2.4462486058473587,0,1,101,0.49166666666666664,0.0,0.7222917079925537,0.7222917079925537,0.9841889142990112,0.03389054787259142,0.8403361344537815,0.9159663865546218,0.8235294117647058,0.0,0.0,0.2599489596934955,1.3700255201532523
GraNdLast,fashion_mnist,3,0.3,0.2,100,100,4000,1000,120,3185,3305,0.8484598192153499,0.6365000000000001,0.7734,,,,,2.4911066545173526,0,1,101,0.5166666666666667,0.0,0.7117846608161926,0.7117846608161926,0.9947217702865601,0.036608267732027196,0.8907563025210085,0.9243697478991597,0.8907563025210085,0.0,0.0,0.2673901471069997,1.3663049264465001
RHO-PretrainRef,fashion_mnist,3,0.3,0.2,100,100,4000,1000,120,3475,3595,0.9164323143777438,0.7088,0.8686,,,,,2.9181405939161777,0,1,101,0.625,0.0,0.7527558207511902,0.7527558207511902,0.9881254434585571,0.03707707479220478,0.8487394957983193,0.907563025210084,0.8487394957983193,0.0,0.0,0.25084962111519105,1.3745751894424045
PU-R,fashion_mnist,3,0.3,0.2,100,100,4000,1000,120,2388,2508,0.6550574626307935,0.45820000000000005,0.4903,,,,,3.199000052176416,0,1,101,0.44166666666666665,0.0,0.7057379484176636,0.7057379484176636,0.9953489303588867,0.03406608054617874,0.8823529411764706,0.9495798319327731,0.8823529411764706,0.0,0.0,0.26728987418021194,1.3663550629098942
GREATS,fashion_mnist,3,0.3,0.2,100,100,4000,1000,120,3624,3744,,0.7942,0.9137,,,,,3.936787690035999,0,1,101,0.6666666666666666,0.0,0.738641083240509,0.738641083240509,0.9853111505508423,0.039416486976527366,0.8823529411764706,0.9159663865546218,0.8823529411764706,0.0,0.0,0.26250511007152494,1.3687474449642374
MaxLoss,fashion_mnist,3,0.3,0.3,100,100,3500,1500,120,3058,3178,0.925950470904354,0.7692,0.8874,,,,,1.3508880725130439,0,1,101,0.6833333333333333,0.0,0.7408432364463806,0.7408432364463806,0.9813342094421387,0.04075606605585884,0.8487394957983193,0.9243697478991597,0.8487394957983193,0.0,0.0,0.2609980032508753,1.3695009983745623
Marginal,fashion_mnist,3,0.3,0.3,100,100,3500,1500,120,1875,1995,0.6004407202708535,0.38560000000000005,0.4145,,,,,2.0738804545253515,0,1,101,0.26666666666666666,0.0,0.6872587203979492,0.6872587203979492,0.994769275188446,0.031943798816504596,0.907563025210084,0.9327731092436975,0.8991596638655462,0.0,0.0,0.26382546572482707,1.3680872671375863
EL2N,fashion_mnist,3,0.3,0.3,100,100,3500,1500,120,2757,2877,0.8458045873558149,0.6369,0.7724,,,,,2.0622288631275296,0,1,101,0.55,0.0,0.7105989456176758,0.7105989456176758,0.9925756454467773,0.0377455797015118,0.8571428571428571,0.9243697478991597,0.8487394957983193,0.0,0.0,0.26411557743826247,1.3679422112808688
GraNdLast,fashion_mnist,3,0.3,0.3,100,100,3500,1500,120,2830,2950,0.8655133032007143,0.6582,0.7923,,,,,2.420192944817245,0,1,101,0.5333333333333333,0.0,0.7092366814613342,0.7092366814613342,0.9870234727859497,0.03899018303686831,0.7899159663865546,0.9159663865546218,0.7815126050420168,0.0,0.0,0.2732594872951738,1.363370256352413
RHO-PretrainRef,fashion_mnist,3,0.3,0.3,100,100,3500,1500,120,3082,3202,0.9321753336698748,0.7425999999999999,0.896,,,,,2.58253669552505,0,1,101,0.6666666666666666,0.0,0.7425950765609741,0.7425950765609741,0.987653374671936,0.03873155347439421,0.8319327731092437,0.907563025210084,0.8151260504201681,0.0,0.0,0.25762545146966975,1.3711872742651652
PU-R,fashion_mnist,3,0.3,0.3,100,100,3500,1500,120,2182,2302,0.687031956971623,0.4779,0.5256,,,,,3.12114626634866,0,1,101,0.475,0.0,0.6916313767433167,0.6916313767433167,0.9962351322174072,0.03665740074229842,0.8823529411764706,0.9411764705882353,0.8823529411764706,0.0,0.0,0.26906876619974124,1.3654656169001294
GREATS,fashion_mnist,3,0.3,0.3,100,100,3500,1500,120,3151,3271,,0.7842,0.9082,,,,,3.6805968172848225,0,1,101,0.6833333333333333,0.0,0.7436766624450684,0.7436766624450684,0.9877922534942627,0.03894652589028623,0.8739495798319328,0.9243697478991597,0.8739495798319328,0.0,0.0,0.2591182656009784,1.3704408671995107
MaxLoss,fashion_mnist,3,0.3,0.4,100,100,3000,2000,120,2645,2765,0.9394676193478517,0.7705,0.8945,,,,,1.2981908293440938,0,1,101,0.7,0.0,0.7430479526519775,0.7430479526519775,0.9772653579711914,0.04140532267193835,0.8571428571428571,0.9327731092436975,0.8571428571428571,0.0,0.0,0.2563697864207367,1.3718151067896316
Marginal,fashion_mnist,3,0.3,0.4,100,100,3000,2000,120,1538,1658,0.58545826387126,0.35719999999999996,0.389,,,,,1.9050143109634519,0,1,101,0.26666666666666666,0.0,0.6854578256607056,0.6854578256607056,0.9929283261299133,0.03226435146912807,0.8823529411764706,0.9327731092436975,0.8739495798319328,0.0,0.0,0.2627963920922757,1.368601803953862
EL2N,fashion_mnist,3,0.3,0.4,100,100,3000,2000,120,2377,2497,0.8572434359812178,0.6582,0.7841,,,,,1.8439923543483019,0,1,101,0.6,0.0,0.7183244824409485,0.7183244824409485,0.9887310266494751,0.03826531166789912,0.865546218487395,0.9243697478991597,0.8571428571428571,0.0,0.0,0.2619506334055925,1.3690246832972037
GraNdLast,fashion_mnist,3,0.3,0.4,100,100,3000,2000,120,2359,2479,0.8515931115834974,0.6387,0.7785,,,,,2.2058233078569174,0,1,101,0.5333333333333333,0.0,0.7275683283805847,0.7275683283805847,0.9869972467422485,0.037758155780680036,0.8571428571428571,0.9243697478991597,0.8487394957983193,0.0,0.0,0.25980364238514353,1.3700981788074282
RHO-PretrainRef,fashion_mnist,3,0.3,0.4,100,100,3000,2000,120,2595,2715,0.9244836385478266,0.7299,0.8734,,,,,2.1975588966161013,0,1,101,0.7083333333333334,0.0,0.7417340278625488,0.7417340278625488,0.9863754510879517,0.03960606806418475,0.8235294117647058,0.9243697478991597,0.8151260504201681,0.0,0.0,0.2599368084175401,1.37003159579123
PU-R,fashion_mnist,3,0.3,0.4,100,100,3000,2000,120,1769,1889,0.6616402313229628,0.45330000000000004,0.4963,,,,,2.6802634550258517,0,1,101,0.375,0.0,0.6958089470863342,0.6958089470863342,0.9911847114562988,0.03822217493498025,0.8907563025210085,0.9327731092436975,0.8907563025210085,0.0,0.0,0.272025634782587,1.3639871826087064
GREATS,fashion_mnist,3,0.3,0.4,100,100,3000,2000,120,2698,2818,,0.8049999999999999,0.9245,,,,,3.3889723774045706,0,1,101,0.6833333333333333,0.0,0.7356351017951965,0.7356351017951965,0.9738734364509583,0.03916020052773612,0.8067226890756303,0.9411764705882353,0.8067226890756303,0.0,0.0,0.2640520073408974,1.3679739963295514
MaxLoss,fashion_mnist,3,0.3,0.5,100,100,2500,2500,120,2123,2243,0.9190662105102092,0.7359,0.8721,,,,,1.1724086832255125,0,1,101,0.675,0.0,0.7429550886154175,0.7429550886154175,0.9766858816146851,0.03868540194856018,0.8319327731092437,0.9327731092436975,0.8319327731092437,0.0,0.0,0.25700645850045767,1.3714967707497712
Marginal,fashion_mnist,3,0.3,0.5,100,100,2500,2500,120,1337,1457,0.6182171129621565,0.37539999999999996,0.4074,,,,,1.7598620476201177,0,1,101,0.23333333333333334,0.0,0.6852387189865112,0.6852387189865112,0.9947909712791443,0.029402348173766576,0.8991596638655462,0.9411764705882353,0.8991596638655462,0.0,0.0,0.26536935007536633,1.367315324962317
EL2N,fashion_mnist,3,0.3,0.5,100,100,2500,2500,120,2057,2177,0.8950166875147261,0.7014,0.8422,,,,,1.6952757304534316,0,1,101,0.5416666666666666,0.0,0.718256413936615,0.718256413936615,0.9806082248687744,0.03683641803364794,0.8487394957983193,0.9327731092436975,0.8487394957983193,0.0,0.0,0.2641987688582768,1.3679006155708615
GraNdLast,fashion_mnist,3,0.3,0.5,100,100,2500,2500,120,1947,2067,0.8541663194191642,0.6591,0.7706,,,,,1.9808790516108274,0,1,101,0.5416666666666666,0.0,0.6955962777137756,0.6955962777137756,0.9876832962036133,0.035041936054951005,0.7815126050420168,0.9327731092436975,0.773109243697479,0.0,0.0,0.27318852185158177,1.3634057390742091
RHO-PretrainRef,fashion_mnist,3,0.3,0.5,100,100,2500,2500,120,2166,2286,0.9344791838666424,0.758,0.8902,,,,,1.8557678330689669,0,1,101,0.6666666666666666,0.0,0.7318611145019531,0.7318611145019531,0.978338360786438,0.03981090443474906,0.8067226890756303,0.9243697478991597,0.7983193277310925,0.0,0.0,0.2663336833032373,1.3668331583483813
PU-R,fashion_mnist,3,0.3,0.5,100,100,2500,2500,120,1489,1609,0.6780893341056071,0.4478,0.4905,,,,,2.6616970039904118,0,1,101,0.44166666666666665,0.0,0.6930698156356812,0.6930698156356812,0.9951025247573853,0.03374667778736403,0.865546218487395,0.9411764705882353,0.865546218487395,0.0,0.0,0.26420250388162375,1.3678987480591882
GREATS,fashion_mnist,3,0.3,0.5,100,100,2500,2500,120,2171,2291,,0.7483,0.887,,,,,3.1157317170873284,0,1,101,0.6916666666666667,0.0,0.734437108039856,0.734437108039856,0.9703179597854614,0.037508049431969136,0.8067226890756303,0.9243697478991597,0.8067226890756303,0.0,0.0,0.26430633753066896,1.3678468312346657
MaxLoss,fashion_mnist,3,0.3,0.6,100,100,2000,3000,120,1730,1850,0.9457132678362541,0.7529,0.8895,,,,,1.1023093443363905,0,1,101,0.6666666666666666,0.0,0.7409557104110718,0.7409557104110718,0.9751030802726746,0.03920983366605615,0.8487394957983193,0.9159663865546218,0.8487394957983193,0.0,0.0,0.2589793974329388,1.3705103012835305
Marginal,fashion_mnist,3,0.3,0.6,100,100,2000,3000,120,1036,1156,0.6172874958720058,0.34650000000000003,0.3758,,,,,1.5894813062623143,0,1,101,0.2916666666666667,0.0,0.6728828549385071,0.6728828549385071,0.9965257048606873,0.033378772374962555,0.8487394957983193,0.9327731092436975,0.8487394957983193,0.0,0.0,0.2716605985008118,1.364169700749594
EL2N,fashion_mnist,3,0.3,0.6,100,100,2000,3000,120,1565,1685,0.8715555722592399,0.6225,0.7751,,,,,1.652124758809805,0,1,101,0.5416666666666666,0.0,0.7179181575775146,0.7179181575775146,0.9868427515029907,0.036789523202832006,0.8319327731092437,0.9327731092436975,0.8319327731092437,0.0,0.0,0.2667285997717881,1.3666357001141058
GraNdLast,fashion_mnist,3,0.3,0.6,100,100,2000,3000,120,1554,1674,0.8664705372066237,0.6387,0.7569,,,,,1.5701300501823425,0,1,101,0.5333333333333333,0.0,0.7050221562385559,0.7050221562385559,0.9957708120346069,0.036500425649290326,0.7983193277310925,0.9243697478991597,0.7983193277310925,0.0,0.0,0.2707332669042313,1.3646333665478845
RHO-PretrainRef,fashion_mnist,3,0.3,0.6,100,100,2000,3000,120,1661,1781,0.915283928043209,0.6899,0.8518,,,,,1.739647421054542,0,1,101,0.6583333333333333,0.0,0.7438231706619263,0.7438231706619263,0.9845314621925354,0.03795528261601424,0.7983193277310925,0.9159663865546218,0.7815126050420168,0.0,0.0,0.2575833951067831,1.3712083024466084
PU-R,fashion_mnist,3,0.3,0.6,100,100,2000,3000,120,1131,1251,0.6640622470295057,0.43600000000000005,0.4838,,,,,2.3074959944933653,0,1,101,0.4,0.0,0.6907013058662415,0.6907013058662415,0.9898143410682678,0.03734717349044415,0.8571428571428571,0.9327731092436975,0.8571428571428571,0.0,0.0,0.27112200813418175,1.364438995932909
GREATS,fashion_mnist,3,0.3,0.6,100,100,2000,3000,120,1686,1806,,0.74,0.8714,,,,,2.413219594396651,0,1,101,0.6166666666666667,0.0,0.7496623992919922,0.7496623992919922,0.9856849908828735,0.034610340074330816,0.8319327731092437,0.9243697478991597,0.8235294117647058,0.0,0.0,0.2518657466668064,1.374067126666597
MaxLoss,fashion_mnist,3,0.3,0.7,100,100,1500,3500,120,1214,1334,0.9174987426376902,0.6905,0.8459,,,,,1.1137986779212952,0,1,101,0.6666666666666666,0.0,0.7493746280670166,0.7493746280670166,0.9667371511459351,0.037093924875018974,0.8571428571428571,0.9327731092436975,0.8571428571428571,0.0,0.0,0.2516505346215552,1.3741747326892224
Marginal,fashion_mnist,3,0.3,0.7,100,100,1500,3500,120,837,957,0.681651325779967,0.4416,0.4872,,,,,1.4430153500288725,0,1,101,0.31666666666666665,0.0,0.673175036907196,0.673175036907196,0.994243860244751,0.03266177658273393,0.8319327731092437,0.9411764705882353,0.8319327731092437,0.0,0.0,0.2675666643103765,1.3662166678448118
EL2N,fashion_mnist,3,0.3,0.7,100,100,1500,3500,120,1189,1309,0.9026946920785122,0.708,0.8418,,,,,1.4708199044689536,0,1,101,0.575,0.0,0.7337049245834351,0.7337049245834351,0.9912254810333252,0.03530171313205687,0.8487394957983193,0.9327731092436975,0.8487394957983193,0.0,0.0,0.253904197908793,1.3730479010456036
GraNdLast,fashion_mnist,3,0.3,0.7,100,100,1500,3500,120,1173,1293,0.8931202701060101,0.6549,0.7853,,,,,1.5538710756227374,0,1,101,0.49166666666666664,0.0,0.707157552242279,0.707157552242279,0.9921902418136597,0.03771130377505006,0.8235294117647058,0.9411764705882353,0.8235294117647058,0.0,0.0,0.26631182096657985,1.36684408951671
RHO-PretrainRef,fashion_mnist,3,0.3,0.7,100,100,1500,3500,120,1247,1367,0.9366863160394132,0.7339,0.8799,,,,,1.7011792669072747,0,1,101,0.6583333333333333,0.0,0.742483913898468,0.742483913898468,0.985174298286438,0.03673508988709009,0.8235294117647058,0.9327731092436975,0.8151260504201681,0.0,0.0,0.25542534841722714,1.3722873257913863
PU-R,fashion_mnist,3,0.3,0.7,100,100,1500,3500,120,837,957,0.681651325779967,0.4488,0.5008,,,,,2.1411610562354326,0,1,101,0.4083333333333333,0.0,0.6950200796127319,0.6950200796127319,0.996928334236145,0.03216537632862059,0.8991596638655462,0.9327731092436975,0.8823529411764706,0.0,0.0,0.2618035730863453,1.3690982134568275
GREATS,fashion_mnist,3,0.3,0.7,100,100,1500,3500,120,1196,1316,,0.7117,0.8473,,,,,2.1326907500624657,0,1,101,0.6583333333333333,0.0,0.7300480604171753,0.7300480604171753,0.9795640707015991,0.039016742666228475,0.8571428571428571,0.9327731092436975,0.8571428571428571,0.0,0.0,0.26433509721044046,1.3678324513947797
MaxLoss,fashion_mnist,3,0.3,0.8,100,100,1000,4000,120,782,902,0.9334845307166688,0.7335,0.8656,,,,,1.0914362454786897,0,1,101,0.625,0.0,0.737548828125,0.737548828125,0.9828552007675171,0.039649036752075706,0.865546218487395,0.9243697478991597,0.865546218487395,0.0,0.0,0.2590273053324023,1.3704863473337987
Marginal,fashion_mnist,3,0.3,0.8,100,100,1000,4000,120,501,621,0.6739302482455969,0.4162,0.4466,,,,,1.2851086910814047,0,1,101,0.31666666666666665,0.0,0.6877228021621704,0.6877228021621704,0.9980634450912476,0.033996358639051934,0.8739495798319328,0.9243697478991597,0.8739495798319328,0.0,0.0,0.262124710393716,1.368937644803142
EL2N,fashion_mnist,3,0.3,0.8,100,100,1000,4000,120,718,838,0.8777052039513364,0.6324000000000001,0.7815,,,,,1.191302821971476,0,1,101,0.5583333333333333,0.0,0.716383159160614,0.716383159160614,0.9903465509414673,0.039888702395583404,0.8403361344537815,0.9159663865546218,0.8403361344537815,0.0,0.0,0.26703698819946786,1.366481505900266
GraNdLast,fashion_mnist,3,0.3,0.8,100,100,1000,4000,120,714,834,0.8741216527414508,0.6797,0.7778,,,,,1.37175814807415,0,1,101,0.49166666666666664,0.0,0.7084386348724365,0.7084386348724365,0.9953978061676025,0.03683705064428955,0.865546218487395,0.9243697478991597,0.865546218487395,0.0,0.0,0.26123415632702507,1.3693829218364875
RHO-PretrainRef,fashion_mnist,3,0.3,0.8,100,100,1000,4000,120,780,900,0.9317969442927279,0.7134,0.8572,,,,,1.4463498527184129,0,1,101,0.6333333333333333,0.0,0.7428224682807922,0.7428224682807922,0.9855747818946838,0.040042983884570976,0.8739495798319328,0.9243697478991597,0.8739495798319328,0.0,0.0,0.25582997594648,1.37208501202676
PU-R,fashion_mnist,3,0.3,0.8,100,100,1000,4000,120,566,686,0.7365774437785149,0.5001,0.5491,,,,,1.896137529052794,0,1,101,0.425,0.0,0.6958025693893433,0.6958025693893433,0.9911419749259949,0.03423999412720945,0.8991596638655462,0.9411764705882353,0.8991596638655462,0.0,0.0,0.2633336129503452,1.3683331935248275
GREATS,fashion_mnist,3,0.3,0.8,100,100,1000,4000,120,807,927,,0.825,0.9134,,,,,1.968223800882697,0,1,101,0.6833333333333333,0.0,0.7271207571029663,0.7271207571029663,0.9784595966339111,0.04142732204509383,0.8403361344537815,0.9327731092436975,0.8403361344537815,0.0,0.0,0.26732712481305887,1.3663364375934706
MaxLoss,fashion_mnist,4,0.3,0.0,100,100,5000,0,120,4584,4704,0.9532799138105474,0.7806,0.9189,,,,,1.5550577454268932,0,1,101,0.7083333333333334,0.0,0.7510363459587097,0.7510363459587097,0.9772635698318481,0.04088767887163563,0.8571428571428571,0.907563025210084,0.8403361344537815,0.0,0.0,0.256285847996053,1.3718570760019735
Marginal,fashion_mnist,4,0.3,0.0,100,100,5000,0,120,2924,3044,0.6343200361006893,0.41979999999999995,0.4601,,,,,2.3369242371991277,0,1,101,0.30833333333333335,0.0,0.676457941532135,0.676457941532135,0.991888165473938,0.030948901627244067,0.8739495798319328,0.9327731092436975,0.865546218487395,0.0,0.0,0.2685480292447096,1.3657259853776451
EL2N,fashion_mnist,4,0.3,0.0,100,100,5000,0,120,4195,4315,0.8812543108942918,0.6910000000000001,0.8153,,,,,2.4328285809606314,0,1,101,0.5833333333333334,0.0,0.7250077724456787,0.7250077724456787,0.986777663230896,0.037000892292551636,0.7899159663865546,0.907563025210084,0.7815126050420168,0.0,0.0,0.26331033130481585,1.3683448343475921
GraNdLast,fashion_mnist,4,0.3,0.0,100,100,5000,0,120,4278,4398,0.8968826466007158,0.7295,0.8477,,,,,2.818807122297585,0,1,101,0.48333333333333334,0.0,0.7014777064323425,0.7014777064323425,0.9927161931991577,0.0386971430618222,0.8403361344537815,0.9243697478991597,0.8319327731092437,0.0,0.0,0.2712239493713978,1.364388025314301
RHO-PretrainRef,fashion_mnist,4,0.3,0.0,100,100,5000,0,120,4478,4598,0.9340252485708334,0.777,0.9021,,,,,3.087249922566116,0,1,101,0.7083333333333334,0.0,0.7438045740127563,0.7438045740127563,0.991901159286499,0.039994673819101156,0.865546218487395,0.907563025210084,0.8487394957983193,0.0,0.0,0.2570597946338521,1.371470102683074
PU-R,fashion_mnist,4,0.3,0.0,100,100,5000,0,120,3167,3287,0.6822982894955203,0.4827,0.5252,,,,,3.910962755791843,0,1,101,0.39166666666666666,0.0,0.7046616077423096,0.7046616077423096,0.9822134971618652,0.03279397693000922,0.8991596638655462,0.9411764705882353,0.8991596638655462,0.0,0.0,0.2639113961619626,1.3680443019190187
GREATS,fashion_mnist,4,0.3,0.0,100,100,5000,0,120,4527,4647,,0.7784,0.908,,,,,4.425269625149667,0,1,101,0.675,0.0,0.7330806851387024,0.7330806851387024,0.9786920547485352,0.041863067310397364,0.8235294117647058,0.9159663865546218,0.8067226890756303,0.0,0.0,0.26879600989479135,1.3656019950526044
MaxLoss,fashion_mnist,4,0.3,0.1,100,100,4500,500,120,4053,4173,0.941742668452207,0.7702,0.9025,,,,,1.5771127520129085,0,1,101,0.7083333333333334,0.0,0.755329966545105,0.755329966545105,0.9797161817550659,0.037472204000008204,0.8571428571428571,0.9159663865546218,0.8487394957983193,0.0,0.0,0.2512272319755676,1.3743863840122161
Marginal,fashion_mnist,4,0.3,0.1,100,100,4500,500,120,2437,2557,0.5953409754438326,0.363,0.3969,,,,,2.1335208751261234,0,1,101,0.23333333333333334,0.0,0.6766809225082397,0.6766809225082397,0.9921073317527771,0.03230063153916046,0.8571428571428571,0.907563025210084,0.8403361344537815,0.0,0.0,0.2738246212277229,1.3630876893861386
EL2N,fashion_mnist,4,0.3,0.1,100,100,4500,500,120,3729,3849,0.8749073187354952,0.6910000000000001,0.8161,,,,,2.639030758291483,0,1,101,0.5916666666666667,0.0,0.7145895957946777,0.7145895957946777,0.9929783940315247,0.03614185788050419,0.8403361344537815,0.907563025210084,0.8235294117647058,0.0,0.0,0.2683487034987607,1.3658256482506197
GraNdLast,fashion_mnist,4,0.3,0.1,100,100,4500,500,120,3645,3765,0.8572251300211065,0.6496999999999999,0.7857,,,,,2.53034005779773,0,1,101,0.525,0.0,0.7256802916526794,0.7256802916526794,0.9816659688949585,0.036890965549885725,0.8403361344537815,0.8991596638655462,0.8235294117647058,0.0,0.0,0.26178001753910385,1.369109991230448
RHO-PretrainRef,fashion_mnist,4,0.3,0.1,100,100,4500,500,120,4047,4167,0.9405333905597217,0.7434000000000001,0.8999,,,,,2.7995508508756757,0,1,101,0.6583333333333333,0.0,0.755193829536438,0.755193829536438,0.978754997253418,0.039327004877459104,0.8571428571428571,0.8991596638655462,0.8403361344537815,0.0,0.0,0.25354817548336184,1.373225912258319
PU-R,fashion_mnist,4,0.3,0.1,100,100,4500,500,120,2941,3061,0.7059408202767372,0.5276000000000001,0.579,,,,,3.7604284062981606,0,1,101,0.4166666666666667,0.0,0.7038698792457581,0.7038698792457581,0.9894691705703735,0.02884124231939556,0.8991596638655462,0.9411764705882353,0.8823529411764706,0.0,0.0,0.2581603068129529,1.3709198465935235
GREATS,fashion_mnist,4,0.3,0.1,100,100,4500,500,120,4143,4263,,0.8044,0.925,,,,,4.1556207658723,0,1,101,0.6833333333333333,0.0,0.7376676797866821,0.7376676797866821,0.9773327112197876,0.039023135139160794,0.8235294117647058,0.9159663865546218,0.8151260504201681,0.0,0.0,0.26408644425615624,1.367956777871922
MaxLoss,fashion_mnist,4,0.3,0.2,100,100,4000,1000,120,3632,3752,0.9520554285845719,0.7874,0.9213,,,,,1.5205175438895822,0,1,101,0.7166666666666667,0.0,0.7508489489555359,0.7508489489555359,0.9744994640350342,0.0373465914686187,0.8823529411764706,0.9159663865546218,0.8739495798319328,0.0,0.0,0.25408992816975895,1.3729550359151206
Marginal,fashion_mnist,4,0.3,0.2,100,100,4000,1000,120,2274,2394,0.6268911813385785,0.389,0.4319,,,,,1.9744282448664308,0,1,101,0.31666666666666665,0.0,0.6853698492050171,0.6853698492050171,0.9935047626495361,0.03377135047892563,0.8823529411764706,0.9327731092436975,0.8823529411764706,0.0,0.0,0.2701593930170504,1.3649203034914748
EL2N,fashion_mnist,4,0.3,0.2,100,100,4000,1000,120,3307,3427,0.8772994292667136,0.6652,0.8093,,,,,2.4543062364682555,0,1,101,0.5666666666666667,0.0,0.7114115357398987,0.7114115357398987,0.9884395599365234,0.03494853332263081,0.8067226890756303,0.9159663865546218,0.7983193277310925,0.0,0.0,0.2697898996074145,1.3651050501962927
GraNdLast,fashion_mnist,4,0.3,0.2,100,100,4000,1000,120,3223,3343,0.857473919633776,0.6516,0.7725,,,,,2.7153068650513887,0,1,101,0.525,0.0,0.7091907858848572,0.7091907858848572,0.9832410216331482,0.03878392416889928,0.8151260504201681,0.907563025210084,0.8067226890756303,0.0,0.0,0.27151455908794614,1.3642427204560268
RHO-PretrainRef,fashion_mnist,4,0.3,0.2,100,100,4000,1000,120,3526,3646,0.9281320552690886,0.7472,0.8926,,,,,2.8322790283709764,0,1,101,0.6583333333333333,0.0,0.7378770709037781,0.7378770709037781,0.9888551235198975,0.040392173939392345,0.7983193277310925,0.9243697478991597,0.7983193277310925,0.0,0.0,0.2621815574490565,1.3689092212754717
PU-R,fashion_mnist,4,0.3,0.2,100,100,4000,1000,120,2536,2656,0.6914641662733629,0.4881,0.5362,,,,,3.274060808122158,0,1,101,0.35833333333333334,0.0,0.701330304145813,0.701330304145813,0.9928615689277649,0.030776035635411238,0.8823529411764706,0.9411764705882353,0.8823529411764706,0.0,0.0,0.2618312122591127,1.3690843938704438
GREATS,fashion_mnist,4,0.3,0.2,100,100,4000,1000,120,3615,3735,,0.7927,0.9175,,,,,3.81955664139241,0,1,101,0.6416666666666667,0.0,0.7283058166503906,0.7283058166503906,0.9732245206832886,0.043112441271293066,0.8403361344537815,0.907563025210084,0.8319327731092437,0.0,0.0,0.26979517844041156,1.3651024107797942
MaxLoss,fashion_mnist,4,0.3,0.3,100,100,3500,1500,120,3104,3224,0.937849433219526,0.7425999999999999,0.8958,,,,,1.4198753973469138,0,1,101,0.7,0.0,0.7475317716598511,0.7475317716598511,0.9819140434265137,0.04009049404569033,0.8067226890756303,0.907563025210084,0.7983193277310925,0.0,0.0,0.2579210910176586,1.3710394544911706
Marginal,fashion_mnist,4,0.3,0.3,100,100,3500,1500,120,1945,2065,0.6202762766624801,0.39690000000000003,0.4356,,,,,1.7855828125029802,0,1,101,0.31666666666666665,0.0,0.6873488426208496,0.6873488426208496,0.9931559562683105,0.031554757546977834,0.8739495798319328,0.9411764705882353,0.865546218487395,0.0,0.0,0.26258035834188814,1.3687098208290558
EL2N,fashion_mnist,4,0.3,0.3,100,100,3500,1500,120,2935,3055,0.8935921838856302,0.6881999999999999,0.83,,,,,2.262203731574118,0,1,101,0.5833333333333334,0.0,0.7072758078575134,0.7072758078575134,0.9933454394340515,0.037824256580416896,0.8319327731092437,0.907563025210084,0.8151260504201681,0.0,0.0,0.2754034404966339,1.3622982797516832
GraNdLast,fashion_mnist,4,0.3,0.3,100,100,3500,1500,120,2814,2934,0.8612055089906789,0.6599999999999999,0.7768,,,,,2.3687669252976775,0,1,101,0.5166666666666667,0.0,0.7112711071968079,0.7112711071968079,0.9849774241447449,0.04165578226582343,0.8151260504201681,0.8991596638655462,0.7983193277310925,0.0,0.0,0.2721700058850244,1.3639149970574878
RHO-PretrainRef,fashion_mnist,4,0.3,0.3,100,100,3500,1500,120,3118,3238,0.9414426557486877,0.7652,0.9042,,,,,2.647432598285377,0,1,101,0.6916666666666667,0.0,0.7450777888298035,0.7450777888298035,0.9791619777679443,0.041878985757587334,0.8403361344537815,0.907563025210084,0.8319327731092437,0.0,0.0,0.26016534204606206,1.3699173289769688
PU-R,fashion_mnist,4,0.3,0.3,100,100,3500,1500,120,2302,2422,0.7205775504698977,0.5348999999999999,0.5835,,,,,3.104812783189118,0,1,101,0.4,0.0,0.7047217488288879,0.7047217488288879,0.9909830689430237,0.03045707239824183,0.8907563025210085,0.9327731092436975,0.8823529411764706,0.0,0.0,0.2589697859728593,1.3705151070135704
GREATS,fashion_mnist,4,0.3,0.3,100,100,3500,1500,120,3111,3231,,0.7953,0.9092,,,,,3.4833922116085887,0,1,101,0.6916666666666667,0.0,0.7347649335861206,0.7347649335861206,0.9772591590881348,0.03853440434992814,0.8067226890756303,0.9159663865546218,0.7983193277310925,0.0,0.0,0.26520000411681566,1.3673999979415923
MaxLoss,fashion_mnist,4,0.3,0.4,100,100,3000,2000,120,2721,2841,0.9617036932613701,0.8177,0.9259,,,,,1.3237416157498956,0,1,101,0.6833333333333333,0.0,0.7481836676597595,0.7481836676597595,0.985771656036377,0.03785693395037611,0.8487394957983193,0.9243697478991597,0.8403361344537815,0.0,0.0,0.25601645321211536,1.3719917733939422
Marginal,fashion_mnist,4,0.3,0.4,100,100,3000,2000,120,1644,1764,0.6205208631581627,0.38949999999999996,0.4217,,,,,1.719475256279111,0,1,101,0.3,0.0,0.6863071918487549,0.6863071918487549,0.9889169931411743,0.03264076419237281,0.8739495798319328,0.9327731092436975,0.865546218487395,0.0,0.0,0.26926007409557196,1.365369962952214
EL2N,fashion_mnist,4,0.3,0.4,100,100,3000,2000,120,2388,2508,0.86069043999305,0.6143000000000001,0.7718,,,,,1.7422996181994677,0,1,101,0.5583333333333333,0.0,0.7082889676094055,0.7082889676094055,0.9911007881164551,0.03635641857355583,0.8571428571428571,0.9327731092436975,0.8487394957983193,0.0,0.0,0.2706192739916824,1.3646903630041587
GraNdLast,fashion_mnist,4,0.3,0.4,100,100,3000,2000,120,2276,2396,0.8253947116318159,0.5972,0.7209,,,,,2.167634847573936,0,1,101,0.5333333333333333,0.0,0.7061364650726318,0.7061364650726318,0.9886751174926758,0.03638032529534412,0.8319327731092437,0.9243697478991597,0.8319327731092437,0.0,0.0,0.268086430159338,1.3659567849203311
RHO-PretrainRef,fashion_mnist,4,0.3,0.4,100,100,3000,2000,120,2565,2685,0.9153938406379893,0.7242999999999999,0.8678,,,,,2.1071498692035675,0,1,101,0.6833333333333333,0.0,0.7361572980880737,0.7361572980880737,0.9910808801651001,0.039331894461848156,0.8403361344537815,0.9159663865546218,0.8403361344537815,0.0,0.0,0.2624044138420912,1.3687977930789543
PU-R,fashion_mnist,4,0.3,0.4,100,100,3000,2000,120,1958,2078,0.723306481493637,0.5578000000000001,0.5912,,,,,2.93503600358963,0,1,101,0.48333333333333334,0.0,0.6988009810447693,0.6988009810447693,0.9935420751571655,0.03297477572405038,0.907563025210084,0.9327731092436975,0.8991596638655462,0.0,0.0,0.26119513778312725,1.3694024311084365
GREATS,fashion_mnist,4,0.3,0.4,100,100,3000,2000,120,2589,2709,,0.743,0.8735,,,,,3.3445447189733386,0,1,101,0.6583333333333333,0.0,0.743460476398468,0.743460476398468,0.9870882034301758,0.03947358747490314,0.8823529411764706,0.9243697478991597,0.8739495798319328,0.0,0.0,0.25748456638902284,1.3712577168054887
MaxLoss,fashion_mnist,4,0.3,0.5,100,100,2500,2500,120,2138,2258,0.9244691241183318,0.7089,0.8716,,,,,1.1914008725434542,0,1,101,0.6583333333333333,0.0,0.7486795783042908,0.7486795783042908,0.9773265719413757,0.040755168229591944,0.8235294117647058,0.9159663865546218,0.8235294117647058,0.0,0.0,0.25618861288825406,1.371905693555873
Marginal,fashion_mnist,4,0.3,0.5,100,100,2500,2500,120,1340,1460,0.61940443754429,0.3671,0.4033,,,,,1.6589871738106012,0,1,101,0.275,0.0,0.6912168860435486,0.6912168860435486,0.9855586290359497,0.030725578049651713,0.865546218487395,0.9411764705882353,0.865546218487395,0.0,0.0,0.2585149597298235,1.3707425201350882
EL2N,fashion_mnist,4,0.3,0.5,100,100,2500,2500,120,2032,2152,0.8858069721027277,0.6732,0.8162,,,,,1.8954449044540524,0,1,101,0.5583333333333333,0.0,0.7338956594467163,0.7338956594467163,0.9898382425308228,0.03467094247080699,0.8319327731092437,0.9159663865546218,0.8319327731092437,0.0,0.0,0.25753693141634704,1.3712315342918264
GraNdLast,fashion_mnist,4,0.3,0.5,100,100,2500,2500,120,1810,1930,0.8023333642049693,0.563,0.6892,,,,,1.9033441944047809,0,1,101,0.49166666666666664,0.0,0.7220121622085571,0.7220121622085571,0.9817279577255249,0.036594245864563626,0.8907563025210085,0.9159663865546218,0.8739495798319328,0.0,0.0,0.2626693514981681,1.368665324250916
RHO-PretrainRef,fashion_mnist,4,0.3,0.5,100,100,2500,2500,120,2163,2283,0.9334117581602186,0.7333000000000001,0.8856,,,,,2.1743225641548634,0,1,101,0.65,0.0,0.7408859729766846,0.7408859729766846,0.9698370695114136,0.03998421671009865,0.8571428571428571,0.8991596638655462,0.8403361344537815,0.0,0.0,0.25942032938912396,1.370289835305438
PU-R,fashion_mnist,4,0.3,0.5,100,100,2500,2500,120,1476,1596,0.6729921301011927,0.4595,0.5066,,,,,2.7166055059060454,0,1,101,0.375,0.0,0.6817470192909241,0.6817470192909241,0.9852266907691956,0.032158476715328316,0.8823529411764706,0.9327731092436975,0.8823529411764706,0.0,0.0,0.26939513253979763,1.3653024337301012
GREATS,fashion_mnist,4,0.3,0.5,100,100,2500,2500,120,2188,2308,,0.7591,0.9011,,,,,3.036273525096476,0,1,101,0.65,0.0,0.7494695782661438,0.7494695782661438,0.9830688238143921,0.03860692617272129,0.8487394957983193,0.9243697478991597,0.8403361344537815,0.0,0.0,0.25401298668881184,1.372993506655594
MaxLoss,fashion_mnist,4,0.3,0.6,100,100,2000,3000,120,1702,1822,0.9334983605658635,0.7223999999999999,0.8683,,,,,1.1789764584973454,0,1,101,0.7,0.0,0.7379164695739746,0.7379164695739746,0.9925028085708618,0.04046855979606885,0.8403361344537815,0.9159663865546218,0.8319327731092437,0.0,0.0,0.26118928624655036,1.3694053568767248
Marginal,fashion_mnist,4,0.3,0.6,100,100,2000,3000,120,1059,1179,0.6286477927933447,0.3506,0.3837,,,,,1.3745269170030951,0,1,101,0.25833333333333336,0.0,0.693719208240509,0.693719208240509,0.9904626607894897,0.03317790397075044,0.8907563025210085,0.9327731092436975,0.8823529411764706,0.0,0.0,0.2600314290089961,1.369984285495502
EL2N,fashion_mnist,4,0.3,0.6,100,100,2000,3000,120,1559,1679,0.8687835428863764,0.6415,0.7639,,,,,1.6054796846583486,0,1,101,0.5833333333333334,0.0,0.7100445032119751,0.7100445032119751,0.9880043268203735,0.03893674597018907,0.8067226890756303,0.9159663865546218,0.7983193277310925,0.0,0.0,0.27136055162527356,1.3643197241873632
GraNdLast,fashion_mnist,4,0.3,0.6,100,100,2000,3000,120,1517,1637,0.8492749442229979,0.6143000000000001,0.7292,,,,,1.7147519057616591,0,1,101,0.5416666666666666,0.0,0.7165729999542236,0.7165729999542236,0.9893776178359985,0.03757509213535726,0.8571428571428571,0.9159663865546218,0.8571428571428571,0.0,0.0,0.2646573799249709,1.3676713100375144
RHO-PretrainRef,fashion_mnist,4,0.3,0.6,100,100,2000,3000,120,1762,1882,0.9593760094139725,0.7951,0.9229,,,,,1.7812993004918098,0,1,101,0.7083333333333334,0.0,0.7402803301811218,0.7402803301811218,0.9735071063041687,0.03898271793076972,0.8319327731092437,0.9159663865546218,0.8235294117647058,0.0,0.0,0.25743551308239954,1.3712822434588001
PU-R,fashion_mnist,4,0.3,0.6,100,100,2000,3000,120,1221,1341,0.7079979097470641,0.5089,0.5405,,,,,2.3644005712121725,0,1,101,0.4,0.0,0.6977294087409973,0.6977294087409973,0.9953304529190063,0.03223260986704786,0.8991596638655462,0.9411764705882353,0.8991596638655462,0.0,0.0,0.26123846405395185,1.369380767973024
GREATS,fashion_mnist,4,0.3,0.6,100,100,2000,3000,120,1682,1802,,0.7334,0.8641,,,,,2.5231822039932013,0,1,101,0.6666666666666666,0.0,0.7402156591415405,0.7402156591415405,0.9856733083724976,0.03948790736559058,0.8571428571428571,0.9243697478991597,0.8487394957983193,0.0,0.0,0.2597441808134601,1.37012790959327
MaxLoss,fashion_mnist,4,0.3,0.7,100,100,1500,3500,120,1213,1333,0.9169106031185947,0.7102999999999999,0.8343,,,,,1.134838786907494,0,1,101,0.6583333333333333,0.0,0.7464027404785156,0.7464027404785156,0.9801834225654602,0.039237494729146234,0.8739495798319328,0.9243697478991597,0.865546218487395,0.0,0.0,0.25414652622354306,1.3729267368882285
Marginal,fashion_mnist,4,0.3,0.7,100,100,1500,3500,120,790,910,0.6510146828950383,0.3984,0.4302,,,,,1.375737220980227,0,1,101,0.3,0.0,0.6740963459014893,0.6740963459014893,0.9977227449417114,0.032372229114300065,0.8907563025210085,0.9243697478991597,0.8823529411764706,0.0,0.0,0.2654996525898636,1.3672501737050682
EL2N,fashion_mnist,4,0.3,0.7,100,100,1500,3500,120,1160,1280,0.88529028207995,0.7067,0.8096,,,,,1.46025425568223,0,1,101,0.575,0.0,0.7105159759521484,0.7105159759521484,0.9885060787200928,0.03410242159827417,0.865546218487395,0.9159663865546218,0.865546218487395,0.0,0.0,0.2621824040543485,1.3689087979728258
GraNdLast,fashion_mnist,4,0.3,0.7,100,100,1500,3500,120,1102,1222,0.8498857550439425,0.6184000000000001,0.7371,,,,,1.4611757071688771,0,1,101,0.575,0.0,0.7113264799118042,0.7113264799118042,0.9940102100372314,0.03488544831756784,0.8487394957983193,0.9243697478991597,0.8403361344537815,0.0,0.0,0.2639650061970691,1.3680174969014653
RHO-PretrainRef,fashion_mnist,4,0.3,0.7,100,100,1500,3500,120,1247,1367,0.9366863160394132,0.7514000000000001,0.8916,,,,,1.754073061980307,0,1,101,0.6833333333333333,0.0,0.7452151775360107,0.7452151775360107,0.9758978486061096,0.038295230194300166,0.8907563025210085,0.907563025210084,0.8823529411764706,0.0,0.0,0.2547973166915155,1.3726013416542422
PU-R,fashion_mnist,4,0.3,0.7,100,100,1500,3500,120,860,980,0.6965686322655529,0.4546,0.5047,,,,,2.066481666639447,0,1,101,0.4166666666666667,0.0,0.6923919916152954,0.6923919916152954,0.99202561378479,0.03374522749115439,0.8823529411764706,0.9243697478991597,0.8739495798319328,0.0,0.0,0.26607529438809535,1.3669623528059525
GREATS,fashion_mnist,4,0.3,0.7,100,100,1500,3500,120,1253,1373,,0.7385999999999999,0.8611,,,,,2.2772620916366577,0,1,101,0.675,0.0,0.730477511882782,0.730477511882782,0.9715315699577332,0.03927607846861126,0.8739495798319328,0.907563025210084,0.8739495798319328,0.0,0.0,0.2651537147274691,1.3674231426362655
MaxLoss,fashion_mnist,4,0.3,0.8,100,100,1000,4000,120,746,866,0.9025062355794944,0.6538999999999999,0.8099,,,,,1.0839305175468326,0,1,101,0.625,0.0,0.742805004119873,0.742805004119873,0.9715648889541626,0.03717117424772567,0.8487394957983193,0.907563025210084,0.8403361344537815,0.0,0.0,0.2549322257348073,1.3725338871325965
Marginal,fashion_mnist,4,0.3,0.8,100,100,1000,4000,120,513,633,0.6855788968969136,0.43810000000000004,0.4775,,,,,1.1824423698708415,0,1,101,0.325,0.0,0.6962510347366333,0.6962510347366333,0.9916301965713501,0.03091562370292279,0.907563025210084,0.9411764705882353,0.8991596638655462,0.0,0.0,0.2575133011686387,1.3712433494156806
EL2N,fashion_mnist,4,0.3,0.8,100,100,1000,4000,120,681,801,0.8442292499821633,0.6083000000000001,0.7416,,,,,1.2929989779368043,0,1,101,0.5416666666666666,0.0,0.7221069931983948,0.7221069931983948,0.9809941649436951,0.035236060368914565,0.8067226890756303,0.9243697478991597,0.8067226890756303,0.0,0.0,0.2616531014457745,1.3691734492771128
GraNdLast,fashion_mnist,4,0.3,0.8,100,100,1000,4000,120,655,775,0.8203169615590014,0.5772999999999999,0.6807,,,,,1.3545516887679696,0,1,101,0.5166666666666667,0.0,0.6955779790878296,0.6955779790878296,0.9902418851852417,0.03928956714998774,0.7394957983193278,0.9159663865546218,0.7394957983193278,0.0,0.0,0.2773357423751002,1.36133212881245
RHO-PretrainRef,fashion_mnist,4,0.3,0.8,100,100,1000,4000,120,737,857,0.89459223812446,0.6595,0.8125,,,,,1.3930216021835804,0,1,101,0.6666666666666666,0.0,0.7392207384109497,0.7392207384109497,0.9689604043960571,0.03703309007051612,0.8067226890756303,0.9159663865546218,0.7983193277310925,0.0,0.0,0.2570184105751679,1.371490794712416
PU-R,fashion_mnist,4,0.3,0.8,100,100,1000,4000,120,579,699,0.7489675506367348,0.5032,0.5579,,,,,1.8752999240532517,0,1,101,0.4166666666666667,0.0,0.692039430141449,0.692039430141449,0.9936479330062866,0.029658584785060723,0.907563025210084,0.957983193277311,0.8991596638655462,0.0,0.0,0.25955361992229875,1.3702231900388506
GREATS,fashion_mnist,4,0.3,0.8,100,100,1000,4000,120,757,877,,0.7091000000000001,0.8382,,,,,1.9459142964333296,0,1,101,0.6833333333333333,0.0,0.7374741435050964,0.7374741435050964,0.9778128862380981,0.03647716180617068,0.8235294117647058,0.9327731092436975,0.8235294117647058,0.0,0.0,0.25825985763522685,1.3708700711823867
