method,seed,noise_rate,pretrain_fraction,step,n_cert,n_pretrain,compression_size,remaining_bad,effective_compression_size,certified_bound,test_error,runtime_sec,stop_reached,hit_limit,train_calls,noise_hit_rate,duplicate_hit_rate,pairwise_feature_cosine
MaxLoss,0,0.0,0.0,0,3000,0,4,670,674,0.25161421595839784,0.1916,0.6281669170130044,0,0,1,0.0,0.0,0.6473278403282166
MaxLoss,0,0.0,0.0,5,3000,0,9,410,419,0.1618862779578194,0.09640000000000004,0.6376921250484884,0,0,6,0.0,0.0,0.6827108860015869
MaxLoss,0,0.0,0.0,10,3000,0,14,188,202,0.08330802217824385,0.05179999999999996,0.6467396670486778,0,0,11,0.0,0.0,0.7581161856651306
MaxLoss,0,0.0,0.0,15,3000,0,19,211,230,0.09363425482297316,0.05120000000000002,0.6550987920491025,0,0,16,0.0,0.0,0.8413717746734619
MaxLoss,0,0.0,0.0,20,3000,0,24,88,112,0.04944029700709507,0.02210000000000001,0.663407709042076,0,0,21,0.0,0.0,0.8414353132247925
MaxLoss,0,0.0,0.0,25,3000,0,29,161,190,0.07885782525409013,0.04359999999999997,0.6717813750146888,0,0,26,0.0,0.0,0.8787389397621155
MaxLoss,0,0.0,0.0,30,3000,0,34,62,96,0.04325841483660042,0.017100000000000004,0.6800342500209808,0,0,31,0.0,0.029411764705882353,0.871523380279541
MaxLoss,0,0.0,0.0,35,3000,0,39,94,133,0.05746242729946971,0.031000000000000028,0.6882010000408627,0,0,36,0.0,0.02564102564102564,0.8754370212554932
MaxLoss,0,0.0,0.0,40,3000,0,44,39,83,0.038180221570655704,0.012800000000000034,0.6963732090080157,0,0,41,0.0,0.022727272727272728,0.8486718535423279
MaxLoss,0,0.0,0.0,45,3000,0,49,31,80,0.03700005082646385,0.019299999999999984,0.7046656250022352,0,0,46,0.0,0.04081632653061224,0.8518872261047363
MaxLoss,0,0.0,0.0,50,3000,0,54,20,74,0.03462917119031772,0.011199999999999988,0.7128700000466779,0,0,51,0.0,0.037037037037037035,0.8361444473266602
MaxLoss,0,0.0,0.0,55,3000,0,59,10,69,0.03264173452043906,0.015800000000000036,0.7212573340511881,0,0,56,0.0,0.03389830508474576,0.8341935276985168
MaxLoss,0,0.0,0.0,60,3000,0,64,5,69,0.03264173452043906,0.009099999999999997,0.7283369170036167,0,0,61,0.0,0.03125,0.8190578818321228
MaxLoss,0,0.0,0.0,65,3000,0,69,0,69,0.03264173452043906,0.011299999999999977,0.7356911670067348,1,0,66,0.0,0.028985507246376812,0.821907639503479
PU-C,0,0.0,0.0,0,3000,0,4,606,610,0.22927471931325272,0.16969999999999996,0.006947666988708079,0,0,1,0.0,0.0,0.5618100166320801
PU-C,0,0.0,0.0,5,3000,0,9,440,449,0.17255426640622318,0.10740000000000005,0.018682333000469953,0,0,6,0.0,0.0,0.5456596612930298
PU-C,0,0.0,0.0,10,3000,0,14,296,310,0.12278300919570029,0.07830000000000004,0.02915204199962318,0,0,11,0.0,0.0,0.7144536375999451
PU-C,0,0.0,0.0,15,3000,0,19,240,259,0.10425537155242637,0.056599999999999984,0.03950916696339846,0,0,16,0.0,0.0,0.7261887192726135
PU-C,0,0.0,0.0,20,3000,0,24,286,310,0.12278300919570029,0.07850000000000001,0.048488874977920204,0,0,21,0.0,0.0,0.8048278093338013
PU-C,0,0.0,0.0,25,3000,0,29,167,196,0.08108491473831236,0.0393,0.05893366696545854,0,0,26,0.0,0.0,0.8020079731941223
PU-C,0,0.0,0.0,30,3000,0,34,217,251,0.1013322458602488,0.06679999999999997,0.06907595798838884,0,0,31,0.0,0.0,0.8391380906105042
PU-C,0,0.0,0.0,35,3000,0,39,125,164,0.0691566207096912,0.031000000000000028,0.07949879200896248,0,0,36,0.0,0.0,0.8381425142288208
PU-C,0,0.0,0.0,40,3000,0,44,152,196,0.08108491473831236,0.05349999999999999,0.0882050420041196,0,0,41,0.0,0.0,0.8626303672790527
PU-C,0,0.0,0.0,45,3000,0,49,108,157,0.06652925873640925,0.02959999999999996,0.098453291982878,0,0,46,0.0,0.0,0.8395524024963379
PU-C,0,0.0,0.0,50,3000,0,54,100,154,0.06540102750295773,0.04490000000000005,0.10838095797225833,0,0,51,0.0,0.0,0.85820472240448
PU-C,0,0.0,0.0,55,3000,0,59,83,142,0.06087388581363484,0.026699999999999946,0.11862600001040846,0,0,56,0.0,0.0,0.8303864002227783
PU-C,0,0.0,0.0,60,3000,0,64,76,140,0.06011703115655109,0.03979999999999995,0.12887291697552428,0,0,61,0.0,0.0,0.8579544425010681
PU-C,0,0.0,0.0,65,3000,0,69,61,130,0.056321956391911954,0.02410000000000001,0.13898479199269786,0,0,66,0.0,0.0,0.8323653340339661
PU-C,0,0.0,0.0,70,3000,0,74,59,133,0.05746242729946971,0.03469999999999995,0.14800129196373746,0,0,71,0.0,0.0,0.8593757152557373
PU-C,0,0.0,0.0,75,3000,0,79,41,120,0.05250743729993701,0.022399999999999975,0.15809745795559138,0,0,76,0.0,0.0,0.8308244347572327
PU-C,0,0.0,0.0,80,3000,0,84,38,122,0.05327200022293255,0.02949999999999997,0.16815391700947657,0,0,81,0.0,0.0,0.8589538335800171
PU-C,0,0.0,0.0,85,3000,0,89,31,120,0.05250743729993701,0.02090000000000003,0.1769447919796221,0,0,86,0.0,0.011235955056179775,0.8277642726898193
PU-C,0,0.0,0.0,90,3000,0,94,23,117,0.05135895928833634,0.024800000000000044,0.188018791959621,0,0,91,0.0,0.010638297872340425,0.8545076847076416
PU-C,0,0.0,0.0,95,3000,0,99,17,116,0.050975687336176634,0.018900000000000028,0.2567999999737367,0,0,96,0.0,0.010101010101010102,0.8230525255203247
PU-C,0,0.0,0.0,100,3000,0,104,13,117,0.05135895928833634,0.02070000000000005,0.2821890419581905,0,0,101,0.0,0.028846153846153848,0.8476250767707825
PU-C,0,0.0,0.0,105,3000,0,109,6,115,0.05059218790847808,0.016900000000000026,0.3057435000082478,0,0,106,0.0,0.027522935779816515,0.8171790838241577
PU-C,0,0.0,0.0,108,3000,0,112,0,112,0.04944029700709507,0.017800000000000038,0.31949683296261355,1,0,109,0.0,0.026785714285714284,0.8402699828147888
PU-F,0,0.0,0.0,0,3000,0,4,523,527,0.2001364043680951,0.1381,0.011068916006479412,0,0,1,0.0,0.0,0.6093563437461853
PU-F,0,0.0,0.0,5,3000,0,9,377,386,0.15010823006741703,0.09140000000000004,0.08742787496885285,0,0,6,0.0,0.0,0.672929584980011
PU-F,0,0.0,0.0,10,3000,0,14,344,358,0.14007576100993901,0.08630000000000004,0.13900433300295845,0,0,11,0.0,0.0,0.6594051122665405
PU-F,0,0.0,0.0,15,3000,0,19,378,397,0.15403954300563782,0.08409999999999995,0.16078883298905566,0,0,16,0.0,0.0,0.7725360989570618
PU-F,0,0.0,0.0,20,3000,0,24,92,116,0.050975687336176634,0.03839999999999999,0.18228720797924325,0,0,21,0.0,0.0,0.8178974390029907
PU-F,0,0.0,0.0,25,3000,0,29,272,301,0.11952589091379195,0.059699999999999975,0.20191533298930153,0,0,26,0.0,0.0,0.8242847323417664
PU-F,0,0.0,0.0,30,3000,0,34,77,111,0.049055859562940896,0.03520000000000001,0.22239066602196544,0,0,31,0.0,0.0,0.8470068573951721
PU-F,0,0.0,0.0,35,3000,0,39,223,262,0.10535027453443035,0.051000000000000045,0.24032737500965595,0,0,36,0.0,0.0,0.835960328578949
PU-F,0,0.0,0.0,40,3000,0,44,45,89,0.040530899772420526,0.027699999999999947,0.2588246659724973,0,0,41,0.0,0.0,0.8545960783958435
PU-F,0,0.0,0.0,45,3000,0,49,179,228,0.09289913187967613,0.044300000000000006,0.27510541601805016,0,0,46,0.0,0.0,0.8439151048660278
PU-F,0,0.0,0.0,50,3000,0,54,33,87,0.03974871715763584,0.024399999999999977,0.2918265829794109,0,0,51,0.0,0.0,0.8562577366828918
PU-F,0,0.0,0.0,55,3000,0,59,139,198,0.0818263849359937,0.03759999999999997,0.3068960409727879,0,0,56,0.0,0.0,0.8259308934211731
PU-F,0,0.0,0.0,60,3000,0,64,24,88,0.04013997595757246,0.022499999999999964,0.32305983296828344,0,0,61,0.0,0.03125,0.8487340807914734
PU-F,0,0.0,0.0,65,3000,0,69,117,186,0.07737080269725993,0.03380000000000005,0.3378033330081962,0,0,66,0.0,0.028985507246376812,0.8391823172569275
PU-F,0,0.0,0.0,70,3000,0,74,13,87,0.03974871715763584,0.018100000000000005,0.3517857079859823,0,0,71,0.0,0.04054054054054054,0.8530371189117432
PU-F,0,0.0,0.0,75,3000,0,79,101,180,0.0751366894110106,0.03200000000000003,0.3658830000204034,0,0,76,0.0,0.0379746835443038,0.8491328358650208
PU-F,0,0.0,0.0,80,3000,0,84,7,91,0.04131176363443956,0.01739999999999997,0.3804351660073735,0,0,81,0.0,0.047619047619047616,0.862599790096283
PU-F,0,0.0,0.0,85,3000,0,89,75,164,0.0691566207096912,0.027900000000000036,0.3925817499984987,0,0,86,0.0,0.0449438202247191,0.8595485687255859
PU-F,0,0.0,0.0,90,3000,0,94,4,98,0.04403496906161308,0.015499999999999958,0.4064599580015056,0,0,91,0.0,0.05319148936170213,0.8647491931915283
PU-F,0,0.0,0.0,95,3000,0,99,59,158,0.06690503476420417,0.02529999999999999,0.4194085000199266,0,0,96,0.0,0.050505050505050504,0.86519855260849
PU-F,0,0.0,0.0,98,3000,0,102,0,102,0.0455846541444771,0.015199999999999991,0.4292812079656869,1,0,99,0.0,0.049019607843137254,0.8635322451591492
PU-G,0,0.0,0.0,0,3000,0,4,1264,1268,0.4550032641272992,0.4175,0.005132167018018663,0,0,1,0.0,0.0,0.6047415137290955
PU-G,0,0.0,0.0,5,3000,0,9,321,330,0.13000379299046472,0.07179999999999997,0.0430002500070259,0,0,6,0.0,0.0,0.5512981414794922
PU-G,0,0.0,0.0,10,3000,0,14,346,360,0.1407936301548034,0.07350000000000001,0.06755587505176663,0,0,11,0.0,0.0,0.6196490526199341
PU-G,0,0.0,0.0,15,3000,0,19,292,311,0.12314460595371202,0.06459999999999999,0.08905016700737178,0,0,16,0.0,0.0,0.6752094030380249
PU-G,0,0.0,0.0,20,3000,0,24,171,195,0.08071401412598789,0.05279999999999996,0.10787816700758412,0,0,21,0.0,0.0,0.7457875609397888
PU-G,0,0.0,0.0,25,3000,0,29,132,161,0.0680314782075584,0.03310000000000002,0.1261176250409335,0,0,26,0.0,0.0,0.7193870544433594
PU-G,0,0.0,0.0,30,3000,0,34,124,158,0.06690503476420417,0.04420000000000002,0.14189962501404807,0,0,31,0.0,0.029411764705882353,0.7740150094032288
PU-G,0,0.0,0.0,35,3000,0,39,113,152,0.06464810745092109,0.029000000000000026,0.15868808404775336,0,0,36,0.0,0.05128205128205128,0.7445855140686035
PU-G,0,0.0,0.0,40,3000,0,44,97,141,0.06049554521450773,0.03849999999999998,0.17514129204209894,0,0,41,0.0,0.045454545454545456,0.7773491740226746
PU-G,0,0.0,0.0,45,3000,0,49,96,145,0.06200788344722241,0.022299999999999986,0.19092337501933798,0,0,46,0.0,0.04081632653061224,0.7520358562469482
PU-G,0,0.0,0.0,50,3000,0,54,84,138,0.059359475679229945,0.03420000000000001,0.20629675005329773,0,0,51,0.0,0.037037037037037035,0.7719088196754456
PU-G,0,0.0,0.0,55,3000,0,59,77,136,0.05860120529541746,0.017900000000000027,0.2213800839963369,0,0,56,0.0,0.05084745762711865,0.7521920800209045
PU-G,0,0.0,0.0,60,3000,0,64,62,126,0.05479860055493191,0.030000000000000027,0.23652270901948214,0,0,61,0.0,0.046875,0.7660395503044128
PU-G,0,0.0,0.0,65,3000,0,69,69,138,0.059359475679229945,0.01539999999999997,0.2496590840164572,0,0,66,0.0,0.043478260869565216,0.7459322214126587
PU-G,0,0.0,0.0,70,3000,0,74,43,117,0.05135895928833634,0.0262,0.26273670903174207,0,0,71,0.0,0.04054054054054054,0.7607325315475464
PU-G,0,0.0,0.0,75,3000,0,79,60,139,0.05973834189353511,0.015100000000000002,0.2756303750211373,0,0,76,0.0,0.0379746835443038,0.7529357075691223
PU-G,0,0.0,0.0,80,3000,0,84,28,112,0.04944029700709507,0.021599999999999953,0.2866290000383742,0,0,81,0.0,0.03571428571428571,0.7578367590904236
PU-G,0,0.0,0.0,85,3000,0,89,52,141,0.06049554521450773,0.01319999999999999,0.2972246250137687,0,0,86,0.0,0.0449438202247191,0.7589483857154846
PU-G,0,0.0,0.0,90,3000,0,94,21,115,0.05059218790847808,0.019199999999999995,0.3078790840227157,0,0,91,0.0,0.05319148936170213,0.7571864724159241
PU-G,0,0.0,0.0,95,3000,0,99,39,138,0.059359475679229945,0.010499999999999954,0.320143667049706,0,0,96,0.0,0.0707070707070707,0.7646304965019226
PU-G,0,0.0,0.0,100,3000,0,104,13,117,0.05135895928833634,0.016100000000000003,0.33222079201368615,0,0,101,0.0,0.07692307692307693,0.7522822618484497
PU-G,0,0.0,0.0,105,3000,0,109,24,133,0.05746242729946971,0.010099999999999998,0.3436991670168936,0,0,106,0.0,0.08256880733944955,0.761738657951355
PU-G,0,0.0,0.0,110,3000,0,114,8,122,0.05327200022293255,0.013700000000000045,0.35500912502175197,0,0,111,0.0,0.07894736842105263,0.7453592419624329
PU-G,0,0.0,0.0,115,3000,0,119,14,133,0.05746242729946971,0.009099999999999997,0.36677404202055186,0,0,116,0.0,0.07563025210084033,0.751408040523529
PU-G,0,0.0,0.0,120,3000,0,124,2,126,0.05479860055493191,0.0131,0.3786528340424411,0,0,121,0.0,0.07258064516129033,0.7440037727355957
PU-G,0,0.0,0.0,124,3000,0,128,0,128,0.05556067515863106,0.012199999999999989,0.38942187500651926,1,0,125,0.0,0.0703125,0.7428838610649109
MaxLoss,0,0.4,0.0,0,3000,0,4,515,519,0.1973169335979037,0.11870000000000003,0.006923208013176918,0,0,1,0.0,0.0,0.7121770977973938
MaxLoss,0,0.4,0.0,5,3000,0,9,510,519,0.1973169335979037,0.13460000000000005,0.018021333031356335,0,0,6,0.4444444444444444,0.4444444444444444,0.7742950916290283
MaxLoss,0,0.4,0.0,10,3000,0,14,538,552,0.20893434656318277,0.13329999999999997,0.03024154104059562,0,0,11,0.2857142857142857,0.2857142857142857,0.7090849280357361
MaxLoss,0,0.4,0.0,15,3000,0,19,558,577,0.21771349920891225,0.1362,0.04267358302604407,0,0,16,0.3157894736842105,0.3157894736842105,0.7542335391044617
MaxLoss,0,0.4,0.0,20,3000,0,24,535,559,0.21139436279190704,0.13229999999999997,0.054726958042010665,0,0,21,0.2916666666666667,0.2916666666666667,0.7325770854949951
MaxLoss,0,0.4,0.0,25,3000,0,29,370,399,0.15475374640664086,0.08509999999999995,0.06664458301384002,0,0,26,0.27586206896551724,0.27586206896551724,0.7183045744895935
MaxLoss,0,0.4,0.0,30,3000,0,34,465,499,0.19025915587553754,0.11360000000000003,0.07879691600101069,0,0,31,0.2647058823529412,0.2647058823529412,0.7521509528160095
MaxLoss,0,0.4,0.0,35,3000,0,39,350,389,0.15118094795616344,0.07379999999999998,0.09082195803057402,0,0,36,0.2564102564102564,0.2564102564102564,0.7479851245880127
MaxLoss,0,0.4,0.0,40,3000,0,44,428,472,0.1807096485281363,0.10399999999999998,0.10258475004229695,0,0,41,0.29545454545454547,0.29545454545454547,0.7576602101325989
MaxLoss,0,0.4,0.0,45,3000,0,49,333,382,0.1486772975185886,0.06669999999999998,0.1145501250284724,0,0,46,0.2857142857142857,0.2857142857142857,0.7757744789123535
MaxLoss,0,0.4,0.0,50,3000,0,54,352,406,0.1572520800982602,0.08730000000000004,0.1266311249928549,0,0,51,0.3148148148148148,0.3148148148148148,0.7891256213188171
MaxLoss,0,0.4,0.0,55,3000,0,59,366,425,0.16402276017470285,0.08599999999999997,0.13884979102294892,0,0,56,0.288135593220339,0.288135593220339,0.7950251698493958
MaxLoss,0,0.4,0.0,60,3000,0,64,365,429,0.16544626542599872,0.09509999999999996,0.15076808299636468,0,0,61,0.265625,0.265625,0.8053750991821289
MaxLoss,0,0.4,0.0,65,3000,0,69,451,520,0.19766947941388935,0.11919999999999997,0.16314200003398582,0,0,66,0.2608695652173913,0.2898550724637681,0.799845278263092
MaxLoss,0,0.4,0.0,70,3000,0,74,390,464,0.17787520814454183,0.09030000000000005,0.17576270800782368,0,0,71,0.24324324324324326,0.28378378378378377,0.8085928559303284
MaxLoss,0,0.4,0.0,75,3000,0,79,469,548,0.20752796321175992,0.12829999999999997,0.1880059580435045,0,0,76,0.26582278481012656,0.31645569620253167,0.8110243678092957
MaxLoss,0,0.4,0.0,80,3000,0,84,365,449,0.17255426640622318,0.08760000000000001,0.1995483330101706,0,0,81,0.27380952380952384,0.32142857142857145,0.775323748588562
MaxLoss,0,0.4,0.0,85,3000,0,89,517,606,0.22787495696684346,0.14780000000000004,0.21174112503649667,0,0,86,0.29213483146067415,0.33707865168539325,0.7850100994110107
MaxLoss,0,0.4,0.0,90,3000,0,94,394,488,0.18637167132692412,0.09589999999999999,0.22388845804380253,0,0,91,0.2978723404255319,0.3404255319148936,0.7456770539283752
MaxLoss,0,0.4,0.0,95,3000,0,99,517,616,0.23137355543440208,0.15039999999999998,0.2362023750320077,0,0,96,0.29292929292929293,0.35353535353535354,0.7648528814315796
MaxLoss,0,0.4,0.0,100,3000,0,104,357,461,0.17681169032584876,0.08979999999999999,0.24853641603840515,0,0,101,0.28846153846153844,0.34615384615384615,0.7251380085945129
MaxLoss,0,0.4,0.0,105,3000,0,109,513,622,0.23347143176943064,0.1502,0.2585839160019532,0,0,106,0.30275229357798167,0.3577981651376147,0.7527047991752625
MaxLoss,0,0.4,0.0,110,3000,0,114,329,443,0.17042350576957688,0.08199999999999996,0.2687179160420783,0,0,111,0.2982456140350877,0.3684210526315789,0.7113040089607239
MaxLoss,0,0.4,0.0,115,3000,0,119,515,634,0.2376643437310122,0.15200000000000002,0.2787379579967819,0,0,116,0.29411764705882354,0.3865546218487395,0.7484596967697144
MaxLoss,0,0.4,0.0,120,3000,0,124,296,420,0.1622424612287432,0.0716,0.28886820800835267,0,0,121,0.2903225806451613,0.3870967741935484,0.7050102949142456
MaxLoss,0,0.4,0.0,125,3000,0,129,507,636,0.23836279823444784,0.15290000000000004,0.300549375009723,0,0,126,0.29457364341085274,0.3875968992248062,0.7251356840133667
MaxLoss,0,0.4,0.0,130,3000,0,134,274,408,0.15796550025697798,0.06269999999999998,0.3145004580146633,0,0,131,0.291044776119403,0.39552238805970147,0.6456581950187683
MaxLoss,0,0.4,0.0,135,3000,0,139,437,576,0.21736268227687106,0.12880000000000003,0.3287599580362439,0,0,136,0.28776978417266186,0.39568345323741005,0.6998844742774963
MaxLoss,0,0.4,0.0,140,3000,0,144,283,427,0.16473459382541478,0.06969999999999998,0.34324316604761407,0,0,141,0.2916666666666667,0.3958333333333333,0.5915520787239075
MaxLoss,0,0.4,0.0,145,3000,0,149,389,538,0.2040098755969666,0.11670000000000003,0.36591995804337785,0,0,146,0.2953020134228188,0.4161073825503356,0.6625632643699646
MaxLoss,0,0.4,0.0,150,3000,0,154,222,376,0.1465295035741292,0.049900000000000055,0.38933420804096386,0,0,151,0.2857142857142857,0.4025974025974026,0.5101720094680786
MaxLoss,0,0.4,0.0,155,3000,0,159,378,537,0.20365789777133614,0.11160000000000003,0.4113023750251159,0,0,156,0.29559748427672955,0.4088050314465409,0.5478763580322266
MaxLoss,0,0.4,0.0,160,3000,0,164,206,370,0.14438000600785017,0.04169999999999996,0.44010579102905467,0,0,161,0.2926829268292683,0.40853658536585363,0.5348775386810303
MaxLoss,0,0.4,0.0,165,3000,0,169,338,507,0.1930838503758423,0.09660000000000002,0.46999975002836436,0,0,166,0.28994082840236685,0.41420118343195267,0.5462388396263123
MaxLoss,0,0.4,0.0,170,3000,0,174,237,411,0.15903530979994684,0.06159999999999999,0.4955570829915814,0,0,171,0.29310344827586204,0.41379310344827586,0.4986162483692169
MaxLoss,0,0.4,0.0,175,3000,0,179,312,491,0.18743230478139594,0.09009999999999996,0.5216585000162013,0,0,176,0.2849162011173184,0.40782122905027934,0.5524837374687195
MaxLoss,0,0.4,0.0,180,3000,0,184,227,411,0.15903530979994684,0.053200000000000025,0.5495136250392534,0,0,181,0.28804347826086957,0.41304347826086957,0.4799259305000305
MaxLoss,0,0.4,0.0,185,3000,0,189,279,468,0.17929271882167086,0.08050000000000002,0.584165790991392,0,0,186,0.2962962962962963,0.42328042328042326,0.5106563568115234
MaxLoss,0,0.4,0.0,190,3000,0,194,255,449,0.17255426640622318,0.07189999999999996,0.6116786249913275,0,0,191,0.28865979381443296,0.41237113402061853,0.5274814367294312
MaxLoss,0,0.4,0.0,195,3000,0,199,201,400,0.15511078212875873,0.052200000000000024,0.6367329999920912,0,0,196,0.2914572864321608,0.41708542713567837,0.4806273579597473
MaxLoss,0,0.4,0.0,200,3000,0,204,253,457,0.17539314867462963,0.07140000000000002,0.6646750410436653,0,0,201,0.28921568627450983,0.4166666666666667,0.5436508059501648
MaxLoss,0,0.4,0.0,205,3000,0,209,136,345,0.13540464267134666,0.022199999999999998,0.6885274160304107,0,0,206,0.2822966507177033,0.41626794258373206,0.4779170751571655
MaxLoss,0,0.4,0.0,210,3000,0,214,213,427,0.16473459382541478,0.0595,0.7093646250432357,0,0,211,0.2897196261682243,0.4252336448598131,0.539808988571167
MaxLoss,0,0.4,0.0,215,3000,0,219,193,412,0.15939182799775153,0.05630000000000002,0.7533286249963567,0,0,216,0.2968036529680365,0.4337899543378995,0.5041080713272095
MaxLoss,0,0.4,0.0,220,3000,0,224,173,397,0.15403954300563782,0.049799999999999955,0.7830427500302903,0,0,221,0.29910714285714285,0.4375,0.5560010075569153
MaxLoss,0,0.4,0.0,225,3000,0,229,143,372,0.14509669656399637,0.03720000000000001,0.8186981250182725,0,0,226,0.30131004366812225,0.4410480349344978,0.5308483839035034
MaxLoss,0,0.4,0.0,230,3000,0,234,179,413,0.15974830387858674,0.05010000000000003,0.8546594580402598,0,0,231,0.3034188034188034,0.4444444444444444,0.5586440563201904
MaxLoss,0,0.4,0.0,235,3000,0,239,142,381,0.1483194487518631,0.027599999999999958,0.8889185410225764,0,0,236,0.301255230125523,0.4393305439330544,0.5520361661911011
MaxLoss,0,0.4,0.0,240,3000,0,244,124,368,0.14366312231868505,0.031399999999999983,0.9173567499965429,0,0,241,0.30327868852459017,0.4385245901639344,0.5644088983535767
MaxLoss,0,0.4,0.0,245,3000,0,249,121,370,0.14438000600785017,0.030000000000000027,0.942590165999718,0,0,246,0.30120481927710846,0.43373493975903615,0.5782665610313416
MaxLoss,0,0.4,0.0,250,3000,0,254,175,429,0.16544626542599872,0.05830000000000002,0.9668064159923233,0,0,251,0.3110236220472441,0.4409448818897638,0.5614187121391296
MaxLoss,0,0.4,0.0,255,3000,0,259,169,428,0.16509044979466125,0.053100000000000036,0.9994065000209957,0,0,256,0.3088803088803089,0.4362934362934363,0.5776987671852112
MaxLoss,0,0.4,0.0,260,3000,0,264,99,363,0.14187005965504795,0.03310000000000002,1.033101916022133,0,0,261,0.3181818181818182,0.4431818181818182,0.5437739491462708
MaxLoss,0,0.4,0.0,265,3000,0,269,186,455,0.1746836540987715,0.06110000000000004,1.0679699160391465,0,0,266,0.3159851301115242,0.43866171003717475,0.5583656430244446
MaxLoss,0,0.4,0.0,270,3000,0,274,131,405,0.15689530549570918,0.019299999999999984,1.1021060000057332,0,0,271,0.31386861313868614,0.4343065693430657,0.5012480616569519
MaxLoss,0,0.4,0.0,275,3000,0,279,133,412,0.15939182799775153,0.03369999999999995,1.1395866660168394,0,0,276,0.31899641577060933,0.44086021505376344,0.517881453037262
MaxLoss,0,0.4,0.0,280,3000,0,284,140,424,0.16366678231861442,0.03510000000000002,1.1729684580350295,0,0,281,0.3204225352112676,0.44014084507042256,0.5226502418518066
MaxLoss,0,0.4,0.0,285,3000,0,289,119,408,0.15796550025697798,0.024900000000000033,1.2051745830103755,0,0,286,0.328719723183391,0.4463667820069204,0.5158701539039612
MaxLoss,0,0.4,0.0,290,3000,0,294,121,415,0.1604611292714253,0.043399999999999994,1.2403953750035726,0,0,291,0.32653061224489793,0.445578231292517,0.5066742300987244
MaxLoss,0,0.4,0.0,295,3000,0,299,135,434,0.16722474165726453,0.04959999999999998,1.2813881250331178,0,0,296,0.3277591973244147,0.44481605351170567,0.521099865436554
MaxLoss,0,0.4,0.0,300,3000,0,304,89,393,0.15261060395278037,0.028699999999999948,1.3323507080203854,0,0,301,0.32894736842105265,0.4506578947368421,0.514467179775238
MaxLoss,0,0.4,0.0,305,3000,0,309,69,378,0.14724562253104523,0.027000000000000024,1.3702612500055693,0,0,306,0.3333333333333333,0.45307443365695793,0.5129393935203552
MaxLoss,0,0.4,0.0,310,3000,0,314,101,415,0.1604611292714253,0.0353,1.3976039160043001,0,0,311,0.3343949044585987,0.45222929936305734,0.5002791881561279
MaxLoss,0,0.4,0.0,315,3000,0,319,60,379,0.14760361140361056,0.019100000000000006,1.4250185000128113,0,0,316,0.3322884012539185,0.4482758620689655,0.49019432067871094
MaxLoss,0,0.4,0.0,320,3000,0,324,85,409,0.15832214610418305,0.03310000000000002,1.4547388750361279,0,0,321,0.3333333333333333,0.44753086419753085,0.504364550113678
MaxLoss,0,0.4,0.0,325,3000,0,329,76,405,0.15689530549570918,0.020000000000000018,1.4846856660442427,0,0,326,0.3282674772036474,0.44984802431610943,0.49252840876579285
MaxLoss,0,0.4,0.0,330,3000,0,334,47,381,0.1483194487518631,0.02190000000000003,1.516089583048597,0,0,331,0.3323353293413174,0.4550898203592814,0.515506386756897
MaxLoss,0,0.4,0.0,335,3000,0,339,64,403,0.15618162660393864,0.029299999999999993,1.549572458025068,0,0,336,0.3333333333333333,0.45427728613569324,0.5135663747787476
MaxLoss,0,0.4,0.0,340,3000,0,344,79,423,0.16331076360074803,0.03380000000000005,1.5817809580476023,0,0,341,0.3372093023255814,0.45930232558139533,0.5481767058372498
MaxLoss,0,0.4,0.0,345,3000,0,349,68,417,0.16117378696799278,0.03080000000000005,1.6232340410351753,0,0,346,0.335243553008596,0.46131805157593125,0.5263688564300537
MaxLoss,0,0.4,0.0,350,3000,0,354,52,406,0.1572520800982602,0.02959999999999996,1.6621971250278875,0,0,351,0.3305084745762712,0.4632768361581921,0.5573660731315613
MaxLoss,0,0.4,0.0,355,3000,0,359,25,384,0.1493928559939377,0.02729999999999999,1.6956128750462085,0,0,356,0.3342618384401114,0.467966573816156,0.5604733824729919
MaxLoss,0,0.4,0.0,360,3000,0,364,49,413,0.15974830387858674,0.01980000000000004,1.728871291037649,0,0,361,0.33791208791208793,0.4725274725274725,0.5415335893630981
MaxLoss,0,0.4,0.0,365,3000,0,369,35,404,0.15653848770307377,0.025800000000000045,1.7600377080379985,0,0,366,0.34417344173441733,0.4796747967479675,0.5352635979652405
MaxLoss,0,0.4,0.0,370,3000,0,374,38,412,0.15939182799775153,0.016800000000000037,1.785868625040166,0,0,371,0.339572192513369,0.4786096256684492,0.5466009378433228
MaxLoss,0,0.4,0.0,375,3000,0,379,32,411,0.15903530979994684,0.010700000000000043,1.8181398329907097,0,0,376,0.33509234828496043,0.47493403693931396,0.557080090045929
MaxLoss,0,0.4,0.0,380,3000,0,384,40,424,0.16366678231861442,0.02639999999999998,1.8473299160250463,0,0,381,0.3385416666666667,0.4765625,0.5598297715187073
MaxLoss,0,0.4,0.0,385,3000,0,389,48,437,0.16829134989529848,0.02949999999999997,1.8856796250329353,0,0,386,0.33676092544987146,0.4755784061696658,0.5589593052864075
MaxLoss,0,0.4,0.0,390,3000,0,394,39,433,0.16686912631848827,0.01739999999999997,1.9261229160474613,0,0,391,0.3350253807106599,0.4746192893401015,0.527559220790863
MaxLoss,0,0.4,0.0,395,3000,0,399,36,435,0.16758031729841605,0.0403,1.9634838750353083,0,0,396,0.3383458646616541,0.47619047619047616,0.5505234599113464
MaxLoss,0,0.4,0.0,400,3000,0,404,35,439,0.16900222492404282,0.03420000000000001,2.001079250010662,0,0,401,0.3415841584158416,0.4777227722772277,0.5643874406814575
MaxLoss,0,0.4,0.0,405,3000,0,409,27,436,0.16793585335835814,0.03480000000000005,2.0384520410443656,0,0,406,0.3374083129584352,0.4743276283618582,0.556545615196228
MaxLoss,0,0.4,0.0,410,3000,0,414,22,436,0.16793585335835814,0.0252,2.0735001250286587,0,0,411,0.3357487922705314,0.47101449275362317,0.5491089820861816
MaxLoss,0,0.4,0.0,415,3000,0,419,32,451,0.17326421377947554,0.029900000000000038,2.1118624160299078,0,0,416,0.3341288782816229,0.47255369928400953,0.575934886932373
MaxLoss,0,0.4,0.0,420,3000,0,424,15,439,0.16900222492404282,0.01990000000000003,2.145677082997281,0,0,421,0.330188679245283,0.4693396226415094,0.5430822372436523
MaxLoss,0,0.4,0.0,425,3000,0,429,18,447,0.17184416647069156,0.01849999999999996,2.184249541023746,0,0,426,0.3333333333333333,0.47086247086247085,0.5523341298103333
MaxLoss,0,0.4,0.0,430,3000,0,434,12,446,0.17148905905196443,0.014000000000000012,2.2226951660122722,0,0,431,0.33410138248847926,0.47465437788018433,0.5559544563293457
MaxLoss,0,0.4,0.0,435,3000,0,439,21,460,0.17645711061777547,0.04200000000000004,2.2613511660019867,0,0,436,0.3325740318906606,0.4783599088838269,0.5721666216850281
MaxLoss,0,0.4,0.0,440,3000,0,444,8,452,0.17361913050990552,0.03510000000000002,2.2991785000194795,0,0,441,0.3310810810810811,0.481981981981982,0.5803403854370117
MaxLoss,0,0.4,0.0,445,3000,0,449,3,452,0.17361913050990552,0.025699999999999945,2.333383458026219,0,0,446,0.3273942093541203,0.47884187082405344,0.5658266544342041
MaxLoss,0,0.4,0.0,447,3000,0,451,0,451,0.17326421377947554,0.023399999999999976,2.3558189580217004,1,0,448,0.3259423503325942,0.4789356984478936,0.5715302228927612
PU-C,0,0.4,0.0,0,3000,0,4,482,486,0.18566440959693864,0.1049,0.010179375007282943,0,0,1,0.0,0.0,0.5304856896400452
PU-C,0,0.4,0.0,5,3000,0,9,373,382,0.1486772975185886,0.07330000000000003,0.04149583401158452,0,0,6,0.2222222222222222,0.2222222222222222,0.6141684055328369
PU-C,0,0.4,0.0,10,3000,0,14,334,348,0.1364833684056066,0.06630000000000003,0.0742389170336537,0,0,11,0.2857142857142857,0.2857142857142857,0.6738478541374207
PU-C,0,0.4,0.0,15,3000,0,19,413,432,0.16651347110746428,0.07230000000000003,0.10733345901826397,0,0,16,0.3157894736842105,0.3157894736842105,0.679995596408844
PU-C,0,0.4,0.0,20,3000,0,24,456,480,0.1835417879628949,0.11439999999999995,0.14999208401422948,0,0,21,0.3333333333333333,0.3333333333333333,0.778921365737915
PU-C,0,0.4,0.0,25,3000,0,29,510,539,0.20436182245612144,0.11380000000000001,0.1972343750530854,0,0,26,0.3448275862068966,0.3448275862068966,0.729784369468689
PU-C,0,0.4,0.0,30,3000,0,34,354,388,0.1508234209031798,0.07940000000000003,0.23994650004897267,0,0,31,0.38235294117647056,0.38235294117647056,0.7511517405509949
PU-C,0,0.4,0.0,35,3000,0,39,529,568,0.2145551101421006,0.12450000000000006,0.2718991670408286,0,0,36,0.358974358974359,0.358974358974359,0.7407940030097961
PU-C,0,0.4,0.0,40,3000,0,44,836,880,0.3228833096800372,0.25229999999999997,0.29741012502927333,0,0,41,0.3409090909090909,0.3409090909090909,0.7833342552185059
PU-C,0,0.4,0.0,45,3000,0,49,484,533,0.202249675989151,0.10960000000000003,0.34179637499619275,0,0,46,0.30612244897959184,0.32653061224489793,0.74933922290802
PU-C,0,0.4,0.0,50,3000,0,54,1134,1188,0.4279616988496855,0.38770000000000004,0.3768386670271866,0,0,51,0.3148148148148148,0.35185185185185186,0.8060389757156372
PU-C,0,0.4,0.0,55,3000,0,59,434,493,0.1881392219220288,0.09989999999999999,0.40357370901620016,0,0,56,0.3220338983050847,0.3559322033898305,0.7631027102470398
PU-C,0,0.4,0.0,60,3000,0,64,700,764,0.2828625706024468,0.21050000000000002,0.42885650001699105,0,0,61,0.3125,0.375,0.8091949224472046
PU-C,0,0.4,0.0,65,3000,0,69,388,457,0.17539314867462963,0.09209999999999996,0.4578337920247577,0,0,66,0.2898550724637681,0.391304347826087,0.7734131813049316
PU-C,0,0.4,0.0,70,3000,0,74,607,681,0.2540513805579394,0.1684,0.49086429201997817,0,0,71,0.28378378378378377,0.40540540540540543,0.8093443512916565
PU-C,0,0.4,0.0,75,3000,0,79,348,427,0.16473459382541478,0.07840000000000003,0.5262741250335239,0,0,76,0.26582278481012656,0.4050632911392405,0.7801803350448608
PU-C,0,0.4,0.0,80,3000,0,84,550,634,0.2376643437310122,0.1572,0.5745850840467028,0,0,81,0.25,0.4166666666666667,0.798194408416748
PU-C,0,0.4,0.0,85,3000,0,89,314,403,0.15618162660393864,0.06769999999999998,0.6095691250520758,0,0,86,0.25842696629213485,0.4157303370786517,0.7758444547653198
PU-C,0,0.4,0.0,90,3000,0,94,496,590,0.22227153496351093,0.14300000000000002,0.6393600840237923,0,0,91,0.26595744680851063,0.4148936170212766,0.7913040518760681
PU-C,0,0.4,0.0,95,3000,0,99,286,385,0.1497505659935996,0.061899999999999955,0.6700162500492297,0,0,96,0.25252525252525254,0.3939393939393939,0.7721062898635864
PU-C,0,0.4,0.0,100,3000,0,104,475,579,0.21841504727490246,0.138,0.6950122500420548,0,0,101,0.2692307692307692,0.40384615384615385,0.7878015041351318
PU-C,0,0.4,0.0,105,3000,0,109,273,382,0.1486772975185886,0.05879999999999996,0.7168778750346974,0,0,106,0.27522935779816515,0.41284403669724773,0.7700077295303345
PU-C,0,0.4,0.0,110,3000,0,114,459,573,0.21631005924427882,0.132,0.7477294999989681,0,0,111,0.2894736842105263,0.42105263157894735,0.782023549079895
PU-C,0,0.4,0.0,115,3000,0,119,260,379,0.14760361140361056,0.05589999999999995,0.7967212090152316,0,0,116,0.2773109243697479,0.40336134453781514,0.7638310194015503
PU-C,0,0.4,0.0,120,3000,0,124,463,587,0.22122010361636057,0.13380000000000003,0.8314590000081807,0,0,121,0.28225806451612906,0.4032258064516129,0.7775633931159973
PU-C,0,0.4,0.0,125,3000,0,129,348,477,0.18248000246239826,0.08560000000000001,0.8685468340408988,0,0,126,0.27906976744186046,0.3953488372093023,0.7722272276878357
PU-C,0,0.4,0.0,130,3000,0,134,241,375,0.14617137319874018,0.057499999999999996,0.9050751250470057,0,0,131,0.27611940298507465,0.3880597014925373,0.7087671756744385
PU-C,0,0.4,0.0,135,3000,0,139,290,429,0.16544626542599872,0.07479999999999998,0.9334207920474,0,0,136,0.2805755395683453,0.38848920863309355,0.6193681955337524
PU-C,0,0.4,0.0,140,3000,0,144,350,494,0.18849262921139598,0.10089999999999999,0.9630455840379,0,0,141,0.2708333333333333,0.375,0.5988669991493225
PU-C,0,0.4,0.0,145,3000,0,149,314,463,0.17752073903102428,0.08709999999999996,0.995155667013023,0,0,146,0.2684563758389262,0.37583892617449666,0.5794170498847961
PU-C,0,0.4,0.0,150,3000,0,154,364,518,0.1969643555348739,0.09709999999999996,1.0410602920455858,0,0,151,0.2727272727272727,0.37662337662337664,0.6171346306800842
PU-C,0,0.4,0.0,155,3000,0,159,243,402,0.15582472208188847,0.0645,1.0988557920209132,0,0,156,0.27044025157232704,0.3710691823899371,0.5561882853507996
PU-C,0,0.4,0.0,160,3000,0,164,250,414,0.16010473761707544,0.05800000000000005,1.1463798340409994,0,0,161,0.2804878048780488,0.3780487804878049,0.5480033755302429
PU-C,0,0.4,0.0,165,3000,0,169,236,405,0.15689530549570918,0.06789999999999996,1.1790815840358846,0,0,166,0.2781065088757396,0.378698224852071,0.5350626707077026
PU-C,0,0.4,0.0,170,3000,0,174,354,528,0.20048869505990297,0.10209999999999997,1.212881917017512,0,0,171,0.28735632183908044,0.39080459770114945,0.6483332514762878
PU-C,0,0.4,0.0,175,3000,0,179,192,371,0.14473837532568723,0.048799999999999955,1.2463449590140954,0,0,176,0.2905027932960894,0.39106145251396646,0.5363816022872925
PU-C,0,0.4,0.0,180,3000,0,184,281,465,0.17822964064544067,0.08040000000000003,1.301622542028781,0,0,181,0.28804347826086957,0.3858695652173913,0.5766677260398865
PU-C,0,0.4,0.0,185,3000,0,189,152,341,0.1339656029595062,0.03310000000000002,1.4173028750228696,0,0,186,0.2804232804232804,0.37566137566137564,0.5063793659210205
PU-C,0,0.4,0.0,190,3000,0,194,205,399,0.15475374640664086,0.05989999999999995,1.4658331249956973,0,0,191,0.29381443298969073,0.3865979381443299,0.5463506579399109
PU-C,0,0.4,0.0,195,3000,0,199,121,320,0.12639630038756877,0.014700000000000046,1.5109092920320109,0,0,196,0.2964824120603015,0.39195979899497485,0.5182492136955261
PU-C,0,0.4,0.0,200,3000,0,204,228,432,0.16651347110746428,0.06879999999999997,1.5383627090486698,0,0,201,0.29411764705882354,0.3872549019607843,0.5845974087715149
PU-C,0,0.4,0.0,205,3000,0,209,170,379,0.14760361140361056,0.041200000000000014,1.5665447500068694,0,0,206,0.291866028708134,0.3827751196172249,0.5305745601654053
PU-C,0,0.4,0.0,210,3000,0,214,146,360,0.1407936301548034,0.033299999999999996,1.5956470840028487,0,0,211,0.29439252336448596,0.397196261682243,0.5397196412086487
PU-C,0,0.4,0.0,215,3000,0,219,134,353,0.13828020473010838,0.03469999999999995,1.6268951250240207,0,0,216,0.2968036529680365,0.3972602739726027,0.5100483298301697
PU-C,0,0.4,0.0,220,3000,0,224,202,426,0.16437869728542864,0.060899999999999954,1.6777196250041015,0,0,221,0.29464285714285715,0.39285714285714285,0.5652140378952026
PU-C,0,0.4,0.0,225,3000,0,229,105,334,0.13144521688809618,0.02080000000000004,1.7189627090119757,0,0,226,0.29694323144104806,0.3930131004366812,0.5061601996421814
PU-C,0,0.4,0.0,230,3000,0,234,153,387,0.15046584833180532,0.039100000000000024,1.755141542002093,0,0,231,0.2948717948717949,0.3888888888888889,0.5117022395133972
PU-C,0,0.4,0.0,235,3000,0,239,147,386,0.15010823006741703,0.03320000000000001,1.789920792041812,0,0,236,0.301255230125523,0.39748953974895396,0.4779823124408722
PU-C,0,0.4,0.0,240,3000,0,244,96,340,0.1336057098233141,0.02090000000000003,1.82948725001188,0,0,241,0.29508196721311475,0.3975409836065574,0.508085310459137
PU-C,0,0.4,0.0,245,3000,0,249,97,346,0.13576427032239735,0.01419999999999999,1.8676611250266433,0,0,246,0.2971887550200803,0.40160642570281124,0.4618849754333496
PU-C,0,0.4,0.0,250,3000,0,254,158,412,0.15939182799775153,0.05120000000000002,1.9085538340150379,0,0,251,0.30708661417322836,0.4094488188976378,0.4440714120864868
PU-C,0,0.4,0.0,255,3000,0,259,81,340,0.1336057098233141,0.017199999999999993,1.9589067920460366,0,0,256,0.3088803088803089,0.41312741312741313,0.4800940454006195
PU-C,0,0.4,0.0,260,3000,0,264,147,411,0.15903530979994684,0.04579999999999995,2.0007367500220425,0,0,261,0.3068181818181818,0.4090909090909091,0.46676042675971985
PU-C,0,0.4,0.0,265,3000,0,269,74,343,0.13468522898619995,0.019499999999999962,2.03386008401867,0,0,266,0.30855018587360594,0.41263940520446096,0.4967419505119324
PU-C,0,0.4,0.0,270,3000,0,274,128,402,0.15582472208188847,0.03069999999999995,2.063011084042955,0,0,271,0.31386861313868614,0.4233576642335766,0.4825037121772766
PU-C,0,0.4,0.0,275,3000,0,279,103,382,0.1486772975185886,0.024700000000000055,2.094015250040684,0,0,276,0.3154121863799283,0.4265232974910394,0.507563591003418
PU-C,0,0.4,0.0,280,3000,0,284,93,377,0.14688758662668988,0.029200000000000004,2.134606584033463,0,0,281,0.3204225352112676,0.43309859154929575,0.49480801820755005
PU-C,0,0.4,0.0,285,3000,0,289,41,330,0.13000379299046472,0.011499999999999955,2.1746900000143796,0,0,286,0.3217993079584775,0.4359861591695502,0.5266040563583374
PU-C,0,0.4,0.0,290,3000,0,294,81,375,0.14617137319874018,0.02310000000000001,2.2164162500412203,0,0,291,0.3163265306122449,0.43197278911564624,0.48135390877723694
PU-C,0,0.4,0.0,295,3000,0,299,68,367,0.1433046076563187,0.009600000000000053,2.2862406670465134,0,0,296,0.3177257525083612,0.43478260869565216,0.47906431555747986
PU-C,0,0.4,0.0,300,3000,0,304,91,395,0.1533251625369303,0.03990000000000005,2.379116917029023,0,0,301,0.3223684210526316,0.4407894736842105,0.45345473289489746
PU-C,0,0.4,0.0,305,3000,0,309,47,356,0.13935769064119086,0.020100000000000007,2.4249562920304015,0,0,306,0.32362459546925565,0.4401294498381877,0.43932291865348816
PU-C,0,0.4,0.0,310,3000,0,314,69,383,0.14903509989380836,0.027900000000000036,2.464703334029764,0,0,311,0.32802547770700635,0.445859872611465,0.433061808347702
PU-C,0,0.4,0.0,315,3000,0,319,92,411,0.15903530979994684,0.03739999999999999,2.502683084050659,0,0,316,0.32601880877742945,0.445141065830721,0.4257432818412781
PU-C,0,0.4,0.0,320,3000,0,324,44,368,0.14366312231868505,0.007800000000000029,2.5576960000325926,0,0,321,0.3271604938271605,0.4444444444444444,0.4395945966243744
PU-C,0,0.4,0.0,325,3000,0,329,47,376,0.1465295035741292,0.009600000000000053,2.6180095840245485,0,0,326,0.3343465045592705,0.45288753799392095,0.439741313457489
PU-C,0,0.4,0.0,330,3000,0,334,32,366,0.1429460442159325,0.022700000000000053,2.675713500007987,0,0,331,0.3383233532934132,0.45808383233532934,0.43277430534362793
PU-C,0,0.4,0.0,335,3000,0,339,31,370,0.14438000600785017,0.023800000000000043,2.7277273340150714,0,0,336,0.336283185840708,0.46017699115044247,0.42613130807876587
PU-C,0,0.4,0.0,340,3000,0,344,57,401,0.15546777396230027,0.02100000000000002,2.7865926670492627,0,0,341,0.3372093023255814,0.4622093023255814,0.4357144236564636
PU-C,0,0.4,0.0,345,3000,0,349,28,377,0.14688758662668988,0.01100000000000001,2.8584980420419015,0,0,346,0.3467048710601719,0.4699140401146132,0.4355791211128235
PU-C,0,0.4,0.0,350,3000,0,354,40,394,0.1529679055674933,0.021399999999999975,2.8974468750529923,0,0,351,0.3474576271186441,0.4689265536723164,0.4505765438079834
PU-C,0,0.4,0.0,355,3000,0,359,87,446,0.17148905905196443,0.03979999999999995,2.9390862500295043,0,0,356,0.3426183844011142,0.467966573816156,0.4806499779224396
PU-C,0,0.4,0.0,360,3000,0,364,11,375,0.14617137319874018,0.01859999999999995,2.96958379202988,0,0,361,0.33791208791208793,0.4697802197802198,0.4710404872894287
PU-C,0,0.4,0.0,365,3000,0,369,81,450,0.1729092591558583,0.047599999999999976,3.0148925420362502,0,0,366,0.33875338753387535,0.47696476964769646,0.4820350110530853
PU-C,0,0.4,0.0,370,3000,0,374,52,426,0.16437869728542864,0.04239999999999999,3.0567730420152657,0,0,371,0.339572192513369,0.48128342245989303,0.47313469648361206
PU-C,0,0.4,0.0,375,3000,0,379,24,403,0.15618162660393864,0.01749999999999996,3.09306462504901,0,0,376,0.33773087071240104,0.48021108179419525,0.48562970757484436
PU-C,0,0.4,0.0,380,3000,0,384,6,390,0.15153842966537923,0.024399999999999977,3.2183435420156457,0,0,381,0.3411458333333333,0.4817708333333333,0.4901736080646515
PU-C,0,0.4,0.0,385,3000,0,389,68,457,0.17539314867462963,0.036699999999999955,3.3215465000248514,0,0,386,0.3393316195372751,0.48586118251928023,0.503130316734314
PU-C,0,0.4,0.0,390,3000,0,394,20,414,0.16010473761707544,0.009099999999999997,3.3780945000471547,0,0,391,0.3401015228426396,0.4873096446700508,0.5105642080307007
PU-C,0,0.4,0.0,395,3000,0,399,16,415,0.1604611292714253,0.024800000000000044,3.4198995840270072,0,0,396,0.3408521303258145,0.48872180451127817,0.48256924748420715
PU-C,0,0.4,0.0,400,3000,0,404,17,421,0.16259860317222774,0.008499999999999952,3.462351916998159,0,0,401,0.33910891089108913,0.4900990099009901,0.5087583065032959
PU-C,0,0.4,0.0,405,3000,0,409,2,411,0.15903530979994684,0.02070000000000005,3.526128917001188,0,0,406,0.3422982885085575,0.4963325183374083,0.5184796452522278
PU-C,0,0.4,0.0,410,3000,0,414,15,429,0.16544626542599872,0.010199999999999987,3.578579417022411,0,0,411,0.34057971014492755,0.49516908212560384,0.5182850956916809
PU-C,0,0.4,0.0,415,3000,0,419,9,428,0.16509044979466125,0.008199999999999985,3.6451230840175413,0,0,416,0.34844868735083534,0.5011933174224343,0.5234021544456482
PU-C,0,0.4,0.0,420,3000,0,424,8,432,0.16651347110746428,0.01100000000000001,3.6874858340015635,0,0,421,0.3466981132075472,0.49764150943396224,0.5255268216133118
PU-C,0,0.4,0.0,425,3000,0,429,3,432,0.16651347110746428,0.009600000000000053,3.7296492920140736,0,0,426,0.3543123543123543,0.5034965034965035,0.543687641620636
PU-C,0,0.4,0.0,426,3000,0,430,0,430,0.16580204077763483,0.008299999999999974,3.749678459018469,1,0,427,0.3558139534883721,0.5046511627906977,0.5351815819740295
PU-F,0,0.4,0.0,0,3000,0,4,429,433,0.16686912631848827,0.0817,0.009296500007621944,0,0,1,0.0,0.0,0.8121141791343689
PU-F,0,0.4,0.0,5,3000,0,9,352,361,0.14115248969756067,0.06430000000000002,0.09551812498830259,0,0,6,0.1111111111111111,0.1111111111111111,0.6644858121871948
PU-F,0,0.4,0.0,10,3000,0,14,344,358,0.14007576100993901,0.06540000000000001,0.17035683401627466,0,0,11,0.35714285714285715,0.35714285714285715,0.7122117877006531
PU-F,0,0.4,0.0,15,3000,0,19,573,592,0.22297234943835065,0.13270000000000004,0.2566361670033075,0,0,16,0.2631578947368421,0.2631578947368421,0.724723219871521
PU-F,0,0.4,0.0,20,3000,0,24,416,440,0.16935760364867747,0.10040000000000004,0.29516495898133144,0,0,21,0.2916666666666667,0.2916666666666667,0.7365689277648926
PU-F,0,0.4,0.0,25,3000,0,29,492,521,0.19802199315745384,0.11129999999999995,0.326892583980225,0,0,26,0.41379310344827586,0.41379310344827586,0.7238455414772034
PU-F,0,0.4,0.0,30,3000,0,34,471,505,0.19237787678139284,0.12629999999999997,0.3600352919893339,0,0,31,0.4117647058823529,0.4117647058823529,0.7685048580169678
PU-F,0,0.4,0.0,35,3000,0,39,482,521,0.19802199315745384,0.10519999999999996,0.39401579200057313,0,0,36,0.358974358974359,0.38461538461538464,0.7276343703269958
PU-F,0,0.4,0.0,40,3000,0,44,442,486,0.18566440959693864,0.12339999999999995,0.42821370903402567,0,0,41,0.3181818181818182,0.36363636363636365,0.769268274307251
PU-F,0,0.4,0.0,45,3000,0,49,418,467,0.17893839586758986,0.08620000000000005,0.4624967090203427,0,0,46,0.32653061224489793,0.3673469387755102,0.7136446833610535
PU-F,0,0.4,0.0,50,3000,0,54,443,497,0.189552646887023,0.11699999999999999,0.5351159590063617,0,0,51,0.3888888888888889,0.42592592592592593,0.7480701804161072
PU-F,0,0.4,0.0,55,3000,0,59,409,468,0.17929271882167086,0.08379999999999999,0.6049611250055023,0,0,56,0.4067796610169492,0.4406779661016949,0.7044326066970825
PU-F,0,0.4,0.0,60,3000,0,64,455,519,0.1973169335979037,0.12939999999999996,0.6912095000152476,0,0,61,0.375,0.40625,0.7647466659545898
PU-F,0,0.4,0.0,65,3000,0,69,367,436,0.16793585335835814,0.07950000000000002,0.7708015420357697,0,0,66,0.34782608695652173,0.4057971014492754,0.7109596729278564
PU-F,0,0.4,0.0,70,3000,0,74,451,525,0.19943172798957676,0.131,0.8461523749865592,0,0,71,0.32432432432432434,0.3918918918918919,0.7605549097061157
PU-F,0,0.4,0.0,75,3000,0,79,361,440,0.16935760364867747,0.07840000000000003,0.9166698339977302,0,0,76,0.3037974683544304,0.379746835443038,0.704441487789154
PU-F,0,0.4,0.0,80,3000,0,84,415,499,0.19025915587553754,0.11719999999999997,0.9934430840075947,0,0,81,0.2976190476190476,0.36904761904761907,0.7449569702148438
PU-F,0,0.4,0.0,85,3000,0,89,339,428,0.16509044979466125,0.07269999999999999,1.0680250839795917,0,0,86,0.2808988764044944,0.3595505617977528,0.7054071426391602
PU-F,0,0.4,0.0,90,3000,0,94,395,489,0.18672525027068332,0.11140000000000005,1.1478778750170022,0,0,91,0.2765957446808511,0.3723404255319149,0.7270084619522095
PU-F,0,0.4,0.0,95,3000,0,99,324,423,0.16331076360074803,0.06699999999999995,1.2149412499857135,0,0,96,0.26262626262626265,0.37373737373737376,0.6865313649177551
PU-F,0,0.4,0.0,100,3000,0,104,363,467,0.17893839586758986,0.10160000000000002,1.284871625015512,0,0,101,0.25,0.38461538461538464,0.6918609142303467
PU-F,0,0.4,0.0,105,3000,0,109,322,431,0.1661577759659849,0.06679999999999997,1.3689030000241473,0,0,106,0.24770642201834864,0.3944954128440367,0.6719202995300293
PU-F,0,0.4,0.0,110,3000,0,114,356,470,0.1800012559397146,0.09189999999999998,1.441562584019266,0,0,111,0.23684210526315788,0.38596491228070173,0.6732943058013916
PU-F,0,0.4,0.0,115,3000,0,119,308,427,0.16473459382541478,0.061799999999999966,1.5128986249910668,0,0,116,0.226890756302521,0.3697478991596639,0.6518306136131287
PU-F,0,0.4,0.0,120,3000,0,124,340,464,0.17787520814454183,0.08460000000000001,1.5820539590204135,0,0,121,0.23387096774193547,0.3709677419354839,0.6552467942237854
PU-F,0,0.4,0.0,125,3000,0,129,270,399,0.15475374640664086,0.05569999999999997,1.6816048750188202,0,0,126,0.23255813953488372,0.37209302325581395,0.6474847197532654
PU-F,0,0.4,0.0,130,3000,0,134,345,479,0.18318789481418207,0.08909999999999996,1.7533051670179702,0,0,131,0.23880597014925373,0.373134328358209,0.600933313369751
PU-F,0,0.4,0.0,135,3000,0,139,272,411,0.15903530979994684,0.05520000000000003,1.8267127090366557,0,0,136,0.23741007194244604,0.3669064748201439,0.5524218082427979
PU-F,0,0.4,0.0,140,3000,0,144,303,447,0.17184416647069156,0.06910000000000005,1.9097361669992097,0,0,141,0.2569444444444444,0.3819444444444444,0.5710633993148804
PU-F,0,0.4,0.0,145,3000,0,149,288,437,0.16829134989529848,0.06159999999999999,1.9811389590031467,0,0,146,0.26174496644295303,0.3825503355704698,0.5485018491744995
PU-F,0,0.4,0.0,150,3000,0,154,284,438,0.16864680708386004,0.0676,2.0474892500205897,0,0,151,0.2662337662337662,0.38311688311688313,0.5864665508270264
PU-F,0,0.4,0.0,155,3000,0,159,211,370,0.14438000600785017,0.028800000000000048,2.110071834002156,0,0,156,0.2578616352201258,0.3710691823899371,0.5398470759391785
PU-F,0,0.4,0.0,160,3000,0,164,269,433,0.16686912631848827,0.06520000000000004,2.2126698750071228,0,0,161,0.2621951219512195,0.3780487804878049,0.581271231174469
PU-F,0,0.4,0.0,165,3000,0,169,239,408,0.15796550025697798,0.04459999999999997,2.2838977919891477,0,0,166,0.2603550295857988,0.3727810650887574,0.5220341682434082
PU-F,0,0.4,0.0,170,3000,0,174,281,455,0.1746836540987715,0.07599999999999996,2.3579421250033192,0,0,171,0.26436781609195403,0.3735632183908046,0.6159580945968628
PU-F,0,0.4,0.0,175,3000,0,179,165,344,0.13504496222594753,0.02429999999999999,2.415923208987806,0,0,176,0.27932960893854747,0.3854748603351955,0.5486800074577332
PU-F,0,0.4,0.0,180,3000,0,184,234,418,0.16153005324304104,0.05600000000000005,2.4771220840048045,0,0,181,0.27717391304347827,0.3858695652173913,0.5827382802963257
PU-F,0,0.4,0.0,185,3000,0,189,227,416,0.1608174790162593,0.04849999999999999,2.5425057919928804,0,0,186,0.2751322751322751,0.3915343915343915,0.5547506809234619
PU-F,0,0.4,0.0,190,3000,0,194,352,546,0.20682459004456177,0.0988,2.6106305419816636,0,0,191,0.27319587628865977,0.3917525773195876,0.6233893036842346
PU-F,0,0.4,0.0,195,3000,0,199,175,374,0.14581319532589987,0.03520000000000001,2.672534708981402,0,0,196,0.2663316582914573,0.3869346733668342,0.5093294978141785
PU-F,0,0.4,0.0,200,3000,0,204,136,340,0.1336057098233141,0.021700000000000053,2.7220478749950416,0,0,201,0.25980392156862747,0.37745098039215685,0.5437219738960266
PU-F,0,0.4,0.0,205,3000,0,209,290,499,0.19025915587553754,0.07150000000000001,2.783187041990459,0,0,206,0.2679425837320574,0.3827751196172249,0.5952028632164001
PU-F,0,0.4,0.0,210,3000,0,214,124,338,0.1328857623739168,0.021299999999999986,2.849534249980934,0,0,211,0.27102803738317754,0.3878504672897196,0.5084980726242065
PU-F,0,0.4,0.0,215,3000,0,219,276,495,0.18884600239107385,0.07699999999999996,2.911079792014789,0,0,216,0.273972602739726,0.3881278538812785,0.5852401256561279
PU-F,0,0.4,0.0,220,3000,0,224,144,368,0.14366312231868505,0.02190000000000003,2.970475875015836,0,0,221,0.28125,0.39285714285714285,0.527846097946167
PU-F,0,0.4,0.0,225,3000,0,229,251,480,0.1835417879628949,0.07150000000000001,3.025729416985996,0,0,226,0.29694323144104806,0.40611353711790393,0.5699562430381775
PU-F,0,0.4,0.0,230,3000,0,234,161,395,0.1533251625369303,0.035499999999999976,3.0787124169874005,0,0,231,0.3034188034188034,0.41452991452991456,0.5334945321083069
PU-F,0,0.4,0.0,235,3000,0,239,218,457,0.17539314867462963,0.05889999999999995,3.1430668749962933,0,0,236,0.3054393305439331,0.41841004184100417,0.5772345066070557
PU-F,0,0.4,0.0,240,3000,0,244,173,417,0.16117378696799278,0.04279999999999995,3.197857125021983,0,0,241,0.3073770491803279,0.42213114754098363,0.5651342272758484
PU-F,0,0.4,0.0,245,3000,0,249,210,459,0.17610249383142218,0.06659999999999999,3.2759489589952864,0,0,246,0.3172690763052209,0.43373493975903615,0.5961765050888062
PU-F,0,0.4,0.0,250,3000,0,254,154,408,0.15796550025697798,0.03310000000000002,3.336511125031393,0,0,251,0.31496062992125984,0.42913385826771655,0.5674301385879517
PU-F,0,0.4,0.0,255,3000,0,259,265,524,0.1990793421282433,0.08340000000000003,3.4019870840129443,0,0,256,0.3127413127413127,0.43243243243243246,0.6022524237632751
PU-F,0,0.4,0.0,260,3000,0,264,156,420,0.1622424612287432,0.06030000000000002,3.4825208749971353,0,0,261,0.3068181818181818,0.42424242424242425,0.5742396116256714
PU-F,0,0.4,0.0,265,3000,0,269,168,437,0.16829134989529848,0.050899999999999945,3.5410097090061754,0,0,266,0.30111524163568776,0.4275092936802974,0.5490524172782898
PU-F,0,0.4,0.0,270,3000,0,274,206,480,0.1835417879628949,0.0695,3.657046874985099,0,0,271,0.2956204379562044,0.4197080291970803,0.5768035650253296
PU-F,0,0.4,0.0,275,3000,0,279,171,450,0.1729092591558583,0.05379999999999996,3.72611616703216,0,0,276,0.2903225806451613,0.4157706093189964,0.6032270789146423
PU-F,0,0.4,0.0,280,3000,0,284,178,462,0.17716623313026503,0.05149999999999999,3.7986417920328677,0,0,281,0.29225352112676056,0.41901408450704225,0.5904186367988586
PU-F,0,0.4,0.0,285,3000,0,289,164,453,0.1739740094053559,0.05730000000000002,3.913294375000987,0,0,286,0.2975778546712803,0.42560553633217996,0.5850534439086914
PU-F,0,0.4,0.0,290,3000,0,294,142,436,0.16793585335835814,0.05069999999999997,3.9699657920282334,0,0,291,0.29591836734693877,0.4217687074829932,0.6075631976127625
PU-F,0,0.4,0.0,295,3000,0,299,146,445,0.1711339132161811,0.047900000000000054,4.027411625022069,0,0,296,0.30434782608695654,0.4280936454849498,0.6259109973907471
PU-F,0,0.4,0.0,300,3000,0,304,164,468,0.17929271882167086,0.056400000000000006,4.076954666990787,0,0,301,0.3092105263157895,0.4309210526315789,0.6202711462974548
PU-F,0,0.4,0.0,305,3000,0,309,140,449,0.17255426640622318,0.051899999999999946,4.129415709001478,0,0,306,0.3106796116504854,0.43042071197411,0.634568452835083
PU-F,0,0.4,0.0,310,3000,0,314,150,464,0.17787520814454183,0.05600000000000005,4.189146167016588,0,0,311,0.3089171974522293,0.4267515923566879,0.6607927083969116
PU-F,0,0.4,0.0,315,3000,0,319,121,440,0.16935760364867747,0.04610000000000003,4.239833375031594,0,0,316,0.3072100313479624,0.4231974921630094,0.6393504738807678
PU-F,0,0.4,0.0,320,3000,0,324,112,436,0.16793585335835814,0.04249999999999998,4.295618334028404,0,0,321,0.30864197530864196,0.42592592592592593,0.6237885355949402
PU-F,0,0.4,0.0,325,3000,0,329,59,388,0.1508234209031798,0.028000000000000025,4.3432439169846475,0,0,326,0.3069908814589666,0.42249240121580545,0.6384623646736145
PU-F,0,0.4,0.0,330,3000,0,334,106,440,0.16935760364867747,0.04310000000000003,4.3928614589967765,0,0,331,0.3143712574850299,0.4281437125748503,0.6309405565261841
PU-F,0,0.4,0.0,335,3000,0,339,100,439,0.16900222492404282,0.037900000000000045,4.44840487500187,0,0,336,0.3185840707964602,0.4306784660766962,0.6214461922645569
PU-F,0,0.4,0.0,340,3000,0,344,115,459,0.17610249383142218,0.051100000000000034,4.4968417920172215,0,0,341,0.31976744186046513,0.43023255813953487,0.6774438619613647
PU-F,0,0.4,0.0,345,3000,0,349,75,424,0.16366678231861442,0.034499999999999975,4.627888249990065,0,0,346,0.3151862464183381,0.4355300859598854,0.6536943316459656
PU-F,0,0.4,0.0,350,3000,0,354,30,384,0.1493928559939377,0.01970000000000005,4.680589375027921,0,0,351,0.3192090395480226,0.4406779661016949,0.6424005031585693
PU-F,0,0.4,0.0,355,3000,0,359,77,436,0.16793585335835814,0.03610000000000002,4.729686584032606,0,0,356,0.3147632311977716,0.4373259052924791,0.6352995038032532
PU-F,0,0.4,0.0,360,3000,0,364,63,427,0.16473459382541478,0.03169999999999995,4.8225600000005215,0,0,361,0.31043956043956045,0.43131868131868134,0.631439208984375
PU-F,0,0.4,0.0,365,3000,0,369,100,469,0.1796470055123791,0.05369999999999997,4.87800554203568,0,0,366,0.3116531165311653,0.4363143631436314,0.6728164553642273
PU-F,0,0.4,0.0,370,3000,0,374,65,439,0.16900222492404282,0.03080000000000005,4.9479428750346415,0,0,371,0.31283422459893045,0.4385026737967914,0.627119243144989
PU-F,0,0.4,0.0,375,3000,0,379,57,436,0.16793585335835814,0.02310000000000001,5.0100600000005215,0,0,376,0.3113456464379947,0.44063324538258575,0.629029393196106
PU-F,0,0.4,0.0,380,3000,0,384,61,445,0.1711339132161811,0.032399999999999984,5.151653125009034,0,0,381,0.3098958333333333,0.4453125,0.6470319628715515
PU-F,0,0.4,0.0,385,3000,0,389,60,449,0.17255426640622318,0.039000000000000035,5.235011584009044,0,0,386,0.30848329048843187,0.44473007712082263,0.6655951738357544
PU-F,0,0.4,0.0,390,3000,0,394,73,467,0.17893839586758986,0.04310000000000003,5.293578959011938,0,0,391,0.30710659898477155,0.4416243654822335,0.6839100122451782
PU-F,0,0.4,0.0,395,3000,0,399,41,440,0.16935760364867747,0.00990000000000002,5.386651791981421,0,0,396,0.3082706766917293,0.44360902255639095,0.6186736226081848
PU-F,0,0.4,0.0,400,3000,0,404,20,424,0.16366678231861442,0.023700000000000054,5.430686249979772,0,0,401,0.3094059405940594,0.44554455445544555,0.6323030591011047
PU-F,0,0.4,0.0,405,3000,0,409,49,458,0.17574783985037357,0.038799999999999946,5.475492583995219,0,0,406,0.31295843520782396,0.44987775061124696,0.6518181562423706
PU-F,0,0.4,0.0,410,3000,0,414,10,424,0.16366678231861442,0.015100000000000002,5.524509374983609,0,0,411,0.3164251207729469,0.45169082125603865,0.638537585735321
PU-F,0,0.4,0.0,415,3000,0,419,24,443,0.17042350576957688,0.022700000000000053,5.565692917036358,0,0,416,0.31742243436754175,0.4510739856801909,0.6584810614585876
PU-F,0,0.4,0.0,420,3000,0,424,32,456,0.17503842012956738,0.03520000000000001,5.61062866699649,0,0,421,0.3160377358490566,0.4481132075471698,0.6559489965438843
PU-F,0,0.4,0.0,425,3000,0,429,34,463,0.17752073903102428,0.04349999999999998,5.6608567500370555,0,0,426,0.3146853146853147,0.44988344988344986,0.6658621430397034
PU-F,0,0.4,0.0,430,3000,0,434,28,462,0.17716623313026503,0.024499999999999966,5.710805833979975,0,0,431,0.31797235023041476,0.45161290322580644,0.6154245734214783
PU-F,0,0.4,0.0,435,3000,0,439,10,449,0.17255426640622318,0.0252,5.760093667020556,0,0,436,0.31662870159453305,0.45558086560364464,0.6453588604927063
PU-F,0,0.4,0.0,440,3000,0,444,6,450,0.1729092591558583,0.027000000000000024,5.80188308400102,0,0,441,0.3153153153153153,0.4527027027027027,0.6369964480400085
PU-F,0,0.4,0.0,442,3000,0,446,0,446,0.17148905905196443,0.025000000000000022,5.8294630000018515,1,0,443,0.31614349775784756,0.452914798206278,0.6466699242591858
PU-G,0,0.4,0.0,0,3000,0,4,520,524,0.1990793421282433,0.12970000000000004,0.008178125019185245,0,0,1,0.0,0.0,0.7498083710670471
PU-G,0,0.4,0.0,5,3000,0,9,479,488,0.18637167132692412,0.11919999999999997,0.08569966698996723,0,0,6,0.1111111111111111,0.1111111111111111,0.764258086681366
PU-G,0,0.4,0.0,10,3000,0,14,322,336,0.1321655985666439,0.048900000000000055,0.19970445800572634,0,0,11,0.14285714285714285,0.14285714285714285,0.6540021300315857
PU-G,0,0.4,0.0,15,3000,0,19,399,418,0.16153005324304104,0.08530000000000004,0.2781287920079194,0,0,16,0.15789473684210525,0.15789473684210525,0.7231230139732361
PU-G,0,0.4,0.0,20,3000,0,24,395,419,0.1618862779578194,0.08389999999999997,0.3035309580154717,0,0,21,0.2916666666666667,0.2916666666666667,0.7339089512825012
PU-G,0,0.4,0.0,25,3000,0,29,392,421,0.16259860317222774,0.08430000000000004,0.33326975000090897,0,0,26,0.3448275862068966,0.3448275862068966,0.7218639850616455
PU-G,0,0.4,0.0,30,3000,0,34,462,496,0.18919934157747775,0.11460000000000004,0.3642172919935547,0,0,31,0.4411764705882353,0.4411764705882353,0.8503717184066772
PU-G,0,0.4,0.0,35,3000,0,39,400,439,0.16900222492404282,0.0867,0.395334750006441,0,0,36,0.4358974358974359,0.4358974358974359,0.7197996973991394
PU-G,0,0.4,0.0,40,3000,0,44,456,500,0.19061235984554514,0.12239999999999995,0.4291988330078311,0,0,41,0.4318181818181818,0.4318181818181818,0.8317410945892334
PU-G,0,0.4,0.0,45,3000,0,49,467,516,0.1962591024930589,0.10099999999999998,0.48216341697843745,0,0,46,0.4489795918367347,0.4489795918367347,0.6809698343276978
PU-G,0,0.4,0.0,50,3000,0,54,459,513,0.19520097953500226,0.12239999999999995,0.555384083010722,0,0,51,0.4074074074074074,0.4074074074074074,0.813017725944519
PU-G,0,0.4,0.0,55,3000,0,59,472,531,0.20154537784401327,0.11099999999999999,0.6261107079917565,0,0,56,0.3898305084745763,0.3898305084745763,0.6462405323982239
PU-G,0,0.4,0.0,60,3000,0,64,439,503,0.19167177024064586,0.12270000000000003,0.7048572920029983,0,0,61,0.359375,0.359375,0.7706449031829834
PU-G,0,0.4,0.0,65,3000,0,69,433,502,0.19131866691168398,0.10119999999999996,0.7871334169758484,0,0,66,0.37681159420289856,0.391304347826087,0.6277253031730652
PU-G,0,0.4,0.0,70,3000,0,74,452,526,0.19978408206952736,0.12719999999999998,0.8634830000228249,0,0,71,0.3783783783783784,0.43243243243243246,0.7649662494659424
PU-G,0,0.4,0.0,75,3000,0,79,369,448,0.1721992355887778,0.08499999999999996,0.9449064999935217,0,0,76,0.35443037974683544,0.4050632911392405,0.6318273544311523
PU-G,0,0.4,0.0,80,3000,0,84,447,531,0.20154537784401327,0.12439999999999996,1.0221049999818206,0,0,81,0.34523809523809523,0.39285714285714285,0.7649472951889038
PU-G,0,0.4,0.0,85,3000,0,89,269,358,0.14007576100993901,0.055300000000000016,1.0989420830155723,0,0,86,0.34831460674157305,0.39325842696629215,0.6300219893455505
PU-G,0,0.4,0.0,90,3000,0,94,431,525,0.19943172798957676,0.11819999999999997,1.182412291993387,0,0,91,0.3404255319148936,0.40425531914893614,0.770839273929596
PU-G,0,0.4,0.0,95,3000,0,99,244,343,0.13468522898619995,0.042300000000000004,1.246005667024292,0,0,96,0.35353535353535354,0.43434343434343436,0.6523237228393555
PU-G,0,0.4,0.0,100,3000,0,104,438,542,0.20541747816605493,0.12419999999999998,1.3184715419774875,0,0,101,0.33653846153846156,0.4326923076923077,0.7953910827636719
PU-G,0,0.4,0.0,105,3000,0,109,190,299,0.11880140384892002,0.021199999999999997,1.405334041977767,0,0,106,0.3211009174311927,0.43119266055045874,0.647011399269104
PU-G,0,0.4,0.0,110,3000,0,114,412,526,0.19978408206952736,0.11529999999999996,1.463174375006929,0,0,111,0.30701754385964913,0.41228070175438597,0.7931411266326904
PU-G,0,0.4,0.0,115,3000,0,119,166,285,0.11372278479393572,0.013700000000000045,1.5280933330068365,0,0,116,0.29411764705882354,0.3949579831932773,0.6430518627166748
PU-G,0,0.4,0.0,120,3000,0,124,404,528,0.20048869505990297,0.11339999999999995,1.595148042018991,0,0,121,0.2903225806451613,0.3870967741935484,0.7896446585655212
PU-G,0,0.4,0.0,125,3000,0,129,304,433,0.16686912631848827,0.0665,1.6567414170131087,0,0,126,0.27906976744186046,0.37209302325581395,0.5939781665802002
PU-G,0,0.4,0.0,130,3000,0,134,386,520,0.19766947941388935,0.10119999999999996,1.7201239580172114,0,0,131,0.26865671641791045,0.3656716417910448,0.7612958550453186
PU-G,0,0.4,0.0,135,3000,0,139,375,514,0.1955537197063677,0.09689999999999999,1.7962251249700785,0,0,136,0.2805755395683453,0.38848920863309355,0.8344274163246155
PU-G,0,0.4,0.0,140,3000,0,144,368,512,0.19484820670913905,0.09350000000000003,1.876248457992915,0,0,141,0.2916666666666667,0.3958333333333333,0.5508351922035217
PU-G,0,0.4,0.0,145,3000,0,149,450,599,0.22542432631598786,0.13329999999999997,1.9608510420075618,0,0,146,0.28859060402684567,0.38926174496644295,0.846177875995636
PU-G,0,0.4,0.0,150,3000,0,154,338,492,0.18778578046476468,0.08009999999999995,2.050795208022464,0,0,151,0.2857142857142857,0.38961038961038963,0.7459081411361694
PU-G,0,0.4,0.0,155,3000,0,159,432,591,0.22262195614166558,0.1189,2.129695374984294,0,0,156,0.29559748427672955,0.39622641509433965,0.8017736077308655
PU-G,0,0.4,0.0,160,3000,0,164,303,467,0.17893839586758986,0.07599999999999996,2.208260416984558,0,0,161,0.2865853658536585,0.38414634146341464,0.6496169567108154
PU-G,0,0.4,0.0,165,3000,0,169,415,584,0.2201684195897542,0.11560000000000004,2.2853557919734158,0,0,166,0.2781065088757396,0.378698224852071,0.800661563873291
PU-G,0,0.4,0.0,170,3000,0,174,327,501,0.19096553017152473,0.08179999999999998,2.3536387920030393,0,0,171,0.27586206896551724,0.3735632183908046,0.7300712466239929
PU-G,0,0.4,0.0,175,3000,0,179,385,564,0.21315062715439126,0.10409999999999997,2.4815288750105537,0,0,176,0.2737430167597765,0.37988826815642457,0.7786546945571899
PU-G,0,0.4,0.0,180,3000,0,184,356,540,0.204713738465216,0.09619999999999995,2.6109563750214875,0,0,181,0.266304347826087,0.375,0.7825492024421692
PU-G,0,0.4,0.0,185,3000,0,189,246,435,0.16758031729841605,0.058599999999999985,2.685718666994944,0,0,186,0.25925925925925924,0.37037037037037035,0.6742885708808899
PU-G,0,0.4,0.0,190,3000,0,194,342,536,0.20330588897923008,0.09589999999999999,2.747643708018586,0,0,191,0.25257731958762886,0.37628865979381443,0.7314125299453735
PU-G,0,0.4,0.0,195,3000,0,199,300,499,0.19025915587553754,0.0786,2.811607833020389,0,0,196,0.2562814070351759,0.38190954773869346,0.6921533942222595
PU-G,0,0.4,0.0,200,3000,0,204,301,505,0.19237787678139284,0.07750000000000001,2.9066868330119178,0,0,201,0.2647058823529412,0.39705882352941174,0.6792050004005432
PU-G,0,0.4,0.0,205,3000,0,209,321,530,0.2011931817396544,0.09319999999999995,2.985971582995262,0,0,206,0.2631578947368421,0.39712918660287083,0.7249441146850586
PU-G,0,0.4,0.0,210,3000,0,214,302,516,0.1962591024930589,0.07709999999999995,3.0449378750054166,0,0,211,0.2616822429906542,0.397196261682243,0.6856105923652649
PU-G,0,0.4,0.0,215,3000,0,219,203,422,0.16295470390468836,0.05069999999999997,3.1098649579798803,0,0,216,0.2648401826484018,0.4018264840182648,0.6775000095367432
PU-G,0,0.4,0.0,220,3000,0,224,204,428,0.16509044979466125,0.046699999999999964,3.2111896249698475,0,0,221,0.26785714285714285,0.40625,0.7043954133987427
PU-G,0,0.4,0.0,225,3000,0,229,295,524,0.1990793421282433,0.08240000000000003,3.273628707975149,0,0,226,0.2663755458515284,0.4104803493449782,0.7364937663078308
PU-G,0,0.4,0.0,230,3000,0,234,184,418,0.16153005324304104,0.037799999999999945,3.3473173329839483,0,0,231,0.26495726495726496,0.41452991452991456,0.6704521179199219
PU-G,0,0.4,0.0,235,3000,0,239,176,415,0.1604611292714253,0.030200000000000005,3.4089032919728197,0,0,236,0.26778242677824265,0.4225941422594142,0.674119770526886
PU-G,0,0.4,0.0,240,3000,0,244,182,426,0.16437869728542864,0.04190000000000005,3.514524042024277,0,0,241,0.26229508196721313,0.4139344262295082,0.7175354361534119
PU-G,0,0.4,0.0,245,3000,0,249,181,430,0.16580204077763483,0.04600000000000004,3.633037207997404,0,0,246,0.27309236947791166,0.42168674698795183,0.7389683723449707
PU-G,0,0.4,0.0,250,3000,0,254,292,546,0.20682459004456177,0.09179999999999999,3.7145013330155052,0,0,251,0.2677165354330709,0.41732283464566927,0.7513710856437683
PU-G,0,0.4,0.0,255,3000,0,259,284,543,0.2057693019742146,0.09219999999999995,3.808856667019427,0,0,256,0.2625482625482625,0.41312741312741313,0.7469297051429749
PU-G,0,0.4,0.0,260,3000,0,264,240,504,0.19202484015841037,0.07040000000000002,3.8880489169969223,0,0,261,0.2689393939393939,0.4166666666666667,0.7218223810195923
PU-G,0,0.4,0.0,265,3000,0,269,165,434,0.16722474165726453,0.0353,3.9535093330196105,0,0,266,0.27137546468401486,0.4163568773234201,0.6662415862083435
PU-G,0,0.4,0.0,270,3000,0,274,172,446,0.17148905905196443,0.036699999999999955,4.034378500015009,0,0,271,0.27007299270072993,0.4124087591240876,0.667975664138794
PU-G,0,0.4,0.0,275,3000,0,279,197,476,0.18212600302649662,0.051000000000000045,4.110283082991373,0,0,276,0.26881720430107525,0.40860215053763443,0.7023072838783264
PU-G,0,0.4,0.0,280,3000,0,284,186,470,0.1800012559397146,0.05369999999999997,4.173088292009197,0,0,281,0.2640845070422535,0.4014084507042254,0.699845016002655
PU-G,0,0.4,0.0,285,3000,0,289,149,438,0.16864680708386004,0.03069999999999995,4.230055375024676,0,0,286,0.2629757785467128,0.39792387543252594,0.6472346186637878
PU-G,0,0.4,0.0,290,3000,0,294,173,467,0.17893839586758986,0.04249999999999998,4.309675667027477,0,0,291,0.2619047619047619,0.3945578231292517,0.7187680602073669
PU-G,0,0.4,0.0,295,3000,0,299,162,461,0.17681169032584876,0.04149999999999998,4.377867333008908,0,0,296,0.25752508361204013,0.391304347826087,0.6899939775466919
PU-G,0,0.4,0.0,300,3000,0,304,149,453,0.1739740094053559,0.03069999999999995,4.439125249977224,0,0,301,0.2532894736842105,0.39473684210526316,0.6845463514328003
PU-G,0,0.4,0.0,305,3000,0,309,151,460,0.17645711061777547,0.03480000000000005,4.511420375027228,0,0,306,0.2524271844660194,0.39158576051779936,0.6955597400665283
PU-G,0,0.4,0.0,310,3000,0,314,137,451,0.17326421377947554,0.032200000000000006,4.589404916972853,0,0,311,0.2515923566878981,0.39171974522292996,0.6964371204376221
PU-G,0,0.4,0.0,315,3000,0,319,205,524,0.1990793421282433,0.0766,4.702012917026877,0,0,316,0.2507836990595611,0.39184952978056425,0.7842495441436768
PU-G,0,0.4,0.0,320,3000,0,324,126,450,0.1729092591558583,0.02969999999999995,4.768537833006121,0,0,321,0.25308641975308643,0.39197530864197533,0.7292445302009583
PU-G,0,0.4,0.0,325,3000,0,329,129,458,0.17574783985037357,0.03049999999999997,4.842138374981005,0,0,326,0.2553191489361702,0.39209726443769,0.7106339335441589
PU-G,0,0.4,0.0,330,3000,0,334,131,465,0.17822964064544067,0.030299999999999994,4.919063291978091,0,0,331,0.25449101796407186,0.38922155688622756,0.7119934558868408
PU-G,0,0.4,0.0,335,3000,0,339,134,473,0.1810637908638455,0.04600000000000004,4.988313457986806,0,0,336,0.25073746312684364,0.3864306784660767,0.7090030908584595
PU-G,0,0.4,0.0,340,3000,0,344,72,416,0.1608174790162593,0.017900000000000027,5.052195125026628,0,0,341,0.24709302325581395,0.38372093023255816,0.661173939704895
PU-G,0,0.4,0.0,345,3000,0,349,122,471,0.18035547027830034,0.03700000000000003,5.103148000023793,0,0,346,0.25501432664756446,0.39255014326647564,0.7205069661140442
PU-G,0,0.4,0.0,350,3000,0,354,78,432,0.16651347110746428,0.021100000000000008,5.146256625012029,0,0,351,0.2514124293785311,0.3898305084745763,0.6676716208457947
PU-G,0,0.4,0.0,355,3000,0,359,85,444,0.17077872878871858,0.018399999999999972,5.193443832977209,0,0,356,0.25348189415041783,0.39275766016713093,0.6484511494636536
PU-G,0,0.4,0.0,360,3000,0,364,96,460,0.17645711061777547,0.021100000000000008,5.244945499987807,0,0,361,0.26373626373626374,0.4010989010989011,0.6474454998970032
PU-G,0,0.4,0.0,365,3000,0,369,57,426,0.16437869728542864,0.010700000000000043,5.290573625010438,0,0,366,0.27100271002710025,0.4065040650406504,0.6038346290588379
PU-G,0,0.4,0.0,370,3000,0,374,53,427,0.16473459382541478,0.012399999999999967,5.339938417018857,0,0,371,0.2727272727272727,0.4090909090909091,0.6502849459648132
PU-G,0,0.4,0.0,375,3000,0,379,85,464,0.17787520814454183,0.02190000000000003,5.3885682499967515,0,0,376,0.2717678100263852,0.40633245382585753,0.6404546499252319
PU-G,0,0.4,0.0,380,3000,0,384,41,425,0.16402276017470285,0.01980000000000004,5.438993291987572,0,0,381,0.2760416666666667,0.4088541666666667,0.6474045515060425
PU-G,0,0.4,0.0,385,3000,0,389,67,456,0.17503842012956738,0.024700000000000055,5.48367716697976,0,0,386,0.2802056555269923,0.41131105398457585,0.6596114039421082
PU-G,0,0.4,0.0,390,3000,0,394,126,520,0.19766947941388935,0.06499999999999995,5.537493082985748,0,0,391,0.2766497461928934,0.4086294416243655,0.6884447932243347
PU-G,0,0.4,0.0,395,3000,0,399,52,451,0.17326421377947554,0.03369999999999995,5.588823749974836,0,0,396,0.2756892230576441,0.40852130325814534,0.6204321980476379
PU-G,0,0.4,0.0,400,3000,0,404,67,471,0.18035547027830034,0.029100000000000015,5.642758042027708,0,0,401,0.27722772277227725,0.4084158415841584,0.6042221784591675
PU-G,0,0.4,0.0,405,3000,0,409,32,441,0.16971294325776398,0.01649999999999996,5.695251957979053,0,0,406,0.2762836185819071,0.4058679706601467,0.5711081624031067
PU-G,0,0.4,0.0,410,3000,0,414,39,453,0.1739740094053559,0.01859999999999995,5.746395708003547,0,0,411,0.27294685990338163,0.4033816425120773,0.5511913299560547
PU-G,0,0.4,0.0,415,3000,0,419,73,492,0.18778578046476468,0.02969999999999995,5.79512424999848,0,0,416,0.2744630071599045,0.4033412887828162,0.5614042282104492
PU-G,0,0.4,0.0,420,3000,0,424,39,463,0.17752073903102428,0.025399999999999978,5.888967791979667,0,0,421,0.27122641509433965,0.4056603773584906,0.5786685347557068
PU-G,0,0.4,0.0,425,3000,0,429,33,462,0.17716623313026503,0.03269999999999995,5.949876541970298,0,0,426,0.27505827505827507,0.4125874125874126,0.5835745930671692
PU-G,0,0.4,0.0,430,3000,0,434,32,466,0.17858403647551313,0.03490000000000004,6.011869375011884,0,0,431,0.271889400921659,0.4147465437788018,0.5837277173995972
PU-G,0,0.4,0.0,435,3000,0,439,33,472,0.1807096485281363,0.035699999999999954,6.075429874996189,0,0,436,0.27107061503416857,0.4191343963553531,0.5783964395523071
PU-G,0,0.4,0.0,440,3000,0,444,23,467,0.17893839586758986,0.022499999999999964,6.132014416973107,0,0,441,0.2725225225225225,0.42342342342342343,0.5936643481254578
PU-G,0,0.4,0.0,445,3000,0,449,39,488,0.18637167132692412,0.012599999999999945,6.17671629198594,0,0,446,0.2739420935412027,0.42316258351893093,0.5823742747306824
PU-G,0,0.4,0.0,450,3000,0,454,21,475,0.18177196802571416,0.025900000000000034,6.223797207989264,0,0,451,0.27312775330396477,0.42731277533039647,0.618716835975647
PU-G,0,0.4,0.0,455,3000,0,459,23,482,0.18424946861341596,0.016900000000000026,6.266718707978725,0,0,456,0.27450980392156865,0.42919389978213507,0.61187344789505
PU-G,0,0.4,0.0,460,3000,0,464,21,485,0.18531072669429705,0.032299999999999995,6.31133612501435,0,0,461,0.27586206896551724,0.42887931034482757,0.6078106164932251
PU-G,0,0.4,0.0,465,3000,0,469,24,493,0.1881392219220288,0.011099999999999999,6.365030208020471,0,0,466,0.279317697228145,0.43070362473347545,0.5904157161712646
PU-G,0,0.4,0.0,470,3000,0,474,18,492,0.18778578046476468,0.02729999999999999,6.420008792018052,0,0,471,0.2805907172995781,0.43248945147679324,0.6199065446853638
PU-G,0,0.4,0.0,475,3000,0,479,23,502,0.19131866691168398,0.03759999999999997,6.467160457978025,0,0,476,0.2797494780793319,0.430062630480167,0.6232200264930725
PU-G,0,0.4,0.0,480,3000,0,484,22,506,0.19273088016780093,0.008099999999999996,6.515222124988213,0,0,481,0.27892561983471076,0.4318181818181818,0.5997952818870544
PU-G,0,0.4,0.0,485,3000,0,489,26,515,0.1959064273396507,0.018199999999999994,6.566875541990157,0,0,486,0.28629856850715746,0.4376278118609407,0.6069908142089844
PU-G,0,0.4,0.0,490,3000,0,494,7,501,0.19096553017152473,0.028800000000000048,6.624030917009804,0,0,491,0.2854251012145749,0.4352226720647773,0.6238893270492554
PU-G,0,0.4,0.0,491,3000,0,495,0,495,0.18884600239107385,0.026699999999999946,6.6557514169835486,1,0,492,0.2868686868686869,0.43636363636363634,0.6268119215965271
MaxLoss,1,0.0,0.0,0,3000,0,4,356,360,0.1407936301548034,0.10699999999999998,0.011843000014778227,0,0,1,0.0,0.25,0.7477293014526367
MaxLoss,1,0.0,0.0,5,3000,0,9,375,384,0.1493928559939377,0.1028,0.03308529203059152,0,0,6,0.0,0.1111111111111111,0.6704873442649841
MaxLoss,1,0.0,0.0,10,3000,0,14,232,246,0.09950272261630744,0.06389999999999996,0.05630166700575501,0,0,11,0.0,0.07142857142857142,0.6684442162513733
MaxLoss,1,0.0,0.0,15,3000,0,19,267,286,0.11408597108675167,0.07250000000000001,0.0804944169940427,0,0,16,0.0,0.05263157894736842,0.668754518032074
MaxLoss,1,0.0,0.0,20,3000,0,24,179,203,0.08367816428653896,0.05569999999999997,0.10986441699787974,0,0,21,0.0,0.041666666666666664,0.73193359375
MaxLoss,1,0.0,0.0,25,3000,0,29,254,283,0.11299621011130512,0.06589999999999996,0.13638562499545515,0,0,26,0.0,0.034482758620689655,0.7249008417129517
MaxLoss,1,0.0,0.0,30,3000,0,34,106,140,0.06011703115655109,0.031399999999999983,0.15925266698468477,0,0,31,0.0,0.029411764705882353,0.8069493770599365
MaxLoss,1,0.0,0.0,35,3000,0,39,151,190,0.07885782525409013,0.049699999999999966,0.18406825000420213,0,0,36,0.0,0.02564102564102564,0.777643084526062
MaxLoss,1,0.0,0.0,40,3000,0,44,69,113,0.04982449556700885,0.025800000000000045,0.2127638750243932,0,0,41,0.0,0.022727272727272728,0.842914879322052
MaxLoss,1,0.0,0.0,45,3000,0,49,96,145,0.06200788344722241,0.03280000000000005,0.23282608401495963,0,0,46,0.0,0.02040816326530612,0.8293122053146362
MaxLoss,1,0.0,0.0,50,3000,0,54,52,106,0.04712998168542981,0.02849999999999997,0.24199850001605228,0,0,51,0.0,0.037037037037037035,0.8406147360801697
MaxLoss,1,0.0,0.0,55,3000,0,59,142,201,0.08293777389917523,0.04910000000000003,0.25065916700987145,0,0,56,0.0,0.06779661016949153,0.8155181407928467
MaxLoss,1,0.0,0.0,60,3000,0,64,48,112,0.04944029700709507,0.031299999999999994,0.2580499590258114,0,0,61,0.0,0.0625,0.8339155912399292
MaxLoss,1,0.0,0.0,65,3000,0,69,119,188,0.07811454794136807,0.04239999999999999,0.2666763340239413,0,0,66,0.0,0.08695652173913043,0.7938791513442993
MaxLoss,1,0.0,0.0,70,3000,0,74,35,109,0.048286255972925574,0.027000000000000024,0.27521604200592265,0,0,71,0.0,0.12162162162162163,0.8171407580375671
MaxLoss,1,0.0,0.0,75,3000,0,79,103,182,0.07588188053341582,0.038000000000000034,0.28369083401048556,0,0,76,0.0,0.11392405063291139,0.7884330153465271
MaxLoss,1,0.0,0.0,80,3000,0,84,30,114,0.050208458269480616,0.024599999999999955,0.29212579200975597,0,0,81,0.0,0.14285714285714285,0.8158246278762817
MaxLoss,1,0.0,0.0,85,3000,0,89,83,172,0.07215088309021667,0.034499999999999975,0.30053766700439155,0,0,86,0.0,0.14606741573033707,0.7930819392204285
MaxLoss,1,0.0,0.0,90,3000,0,94,23,117,0.05135895928833634,0.023900000000000032,0.30782791698584333,0,0,91,0.0,0.1595744680851064,0.8152891993522644
MaxLoss,1,0.0,0.0,95,3000,0,99,68,167,0.07028049475047737,0.03049999999999997,0.3181736250407994,0,0,96,0.0,0.18181818181818182,0.797427773475647
MaxLoss,1,0.0,0.0,100,3000,0,104,16,120,0.05250743729993701,0.02200000000000002,0.32695729203987867,0,0,101,0.0,0.18269230769230768,0.8140133619308472
MaxLoss,1,0.0,0.0,105,3000,0,109,56,165,0.06953138479730114,0.026800000000000046,0.336996124999132,0,0,106,0.0,0.1834862385321101,0.7972970604896545
MaxLoss,1,0.0,0.0,110,3000,0,114,5,119,0.052124831709079444,0.01970000000000005,0.3472413340350613,0,0,111,0.0,0.18421052631578946,0.8108925819396973
MaxLoss,1,0.0,0.0,114,3000,0,118,0,118,0.05174200655892491,0.018900000000000028,0.356267667026259,1,0,115,0.0,0.17796610169491525,0.81413334608078
PU-C,1,0.0,0.0,0,3000,0,4,489,493,0.1881392219220288,0.12090000000000001,0.0042790829902514815,0,0,1,0.0,0.25,0.5476182699203491
PU-C,1,0.0,0.0,5,3000,0,9,190,199,0.08219695603474975,0.05720000000000003,0.01693570800125599,0,0,6,0.0,0.1111111111111111,0.6288982033729553
PU-C,1,0.0,0.0,10,3000,0,14,418,432,0.16651347110746428,0.09950000000000003,0.02820204198360443,0,0,11,0.0,0.07142857142857142,0.6264011859893799
PU-C,1,0.0,0.0,15,3000,0,19,159,178,0.07439100183546543,0.055400000000000005,0.04040712502319366,0,0,16,0.0,0.05263157894736842,0.7940431833267212
PU-C,1,0.0,0.0,20,3000,0,24,326,350,0.13720225798897445,0.0776,0.05252133298199624,0,0,21,0.0,0.041666666666666664,0.7178260684013367
PU-C,1,0.0,0.0,25,3000,0,29,131,160,0.06765614327741787,0.049900000000000055,0.06497150001814589,0,0,26,0.0,0.06896551724137931,0.83500075340271
PU-C,1,0.0,0.0,30,3000,0,34,218,252,0.10169791040243581,0.05989999999999995,0.07690729200839996,0,0,31,0.0,0.058823529411764705,0.7329663634300232
PU-C,1,0.0,0.0,35,3000,0,39,78,117,0.05135895928833634,0.038000000000000034,0.08799008297501132,0,0,36,0.0,0.05128205128205128,0.8199796676635742
PU-C,1,0.0,0.0,40,3000,0,44,166,210,0.0862662440049462,0.046699999999999964,0.09985850000521168,0,0,41,0.0,0.06818181818181818,0.7235797047615051
PU-C,1,0.0,0.0,45,3000,0,49,63,112,0.04944029700709507,0.034499999999999975,0.11080391699215397,0,0,46,0.0,0.08163265306122448,0.8269975185394287
PU-C,1,0.0,0.0,50,3000,0,54,138,192,0.07960064115468413,0.041100000000000025,0.1225016670068726,0,0,51,0.0,0.09259259259259259,0.7441156506538391
PU-C,1,0.0,0.0,55,3000,0,59,47,106,0.04712998168542981,0.028800000000000048,0.13327887502964586,0,0,56,0.0,0.0847457627118644,0.8259487152099609
PU-C,1,0.0,0.0,60,3000,0,64,126,190,0.07885782525409013,0.040200000000000014,0.1440191250294447,0,0,61,0.0,0.078125,0.7357151508331299
PU-C,1,0.0,0.0,65,3000,0,69,34,103,0.04597138526150957,0.0242,0.15649162500631064,0,0,66,0.0,0.08695652173913043,0.817115068435669
PU-C,1,0.0,0.0,70,3000,0,74,106,180,0.0751366894110106,0.03710000000000002,0.16746462497394532,0,0,71,0.0,0.10810810810810811,0.7307681441307068
PU-C,1,0.0,0.0,75,3000,0,79,25,104,0.04635784780839458,0.02200000000000002,0.17972391698276624,0,0,76,0.0,0.13924050632911392,0.8142415285110474
PU-C,1,0.0,0.0,80,3000,0,84,85,169,0.07102905481588095,0.03320000000000001,0.19182429200736806,0,0,81,0.0,0.14285714285714285,0.7403327226638794
PU-C,1,0.0,0.0,85,3000,0,89,15,104,0.04635784780839458,0.01959999999999995,0.20242074999259785,0,0,86,0.0,0.1348314606741573,0.8141885995864868
PU-C,1,0.0,0.0,90,3000,0,94,69,163,0.06878171575954184,0.02980000000000005,0.21408216701820493,0,0,91,0.0,0.1595744680851064,0.744836151599884
PU-C,1,0.0,0.0,95,3000,0,99,7,106,0.04712998168542981,0.019199999999999995,0.22471216699341312,0,0,96,0.0,0.16161616161616163,0.8125916123390198
PU-C,1,0.0,0.0,100,3000,0,104,51,155,0.06577725638635457,0.026100000000000012,0.23654020798858255,0,0,101,0.0,0.15384615384615385,0.740752100944519
PU-C,1,0.0,0.0,103,3000,0,107,0,107,0.04751565994229168,0.018100000000000005,0.24517454201122746,1,0,104,0.0,0.14953271028037382,0.8137211203575134
PU-F,1,0.0,0.0,0,3000,0,4,633,637,0.23871198680717498,0.16149999999999998,0.00564029102679342,0,0,1,0.0,0.25,0.6002155542373657
PU-F,1,0.0,0.0,5,3000,0,9,555,564,0.21315062715439126,0.14059999999999995,0.040113958006259054,0,0,6,0.0,0.1111111111111111,0.6773900389671326
PU-F,1,0.0,0.0,10,3000,0,14,340,354,0.13863941765157506,0.07789999999999997,0.07099820801522583,0,0,11,0.0,0.07142857142857142,0.6141339540481567
PU-F,1,0.0,0.0,15,3000,0,19,231,250,0.10096650186460465,0.07040000000000002,0.09786787501070648,0,0,16,0.0,0.10526315789473684,0.7162818908691406
PU-F,1,0.0,0.0,20,3000,0,24,281,305,0.120974114688579,0.06910000000000005,0.11997975001577288,0,0,21,0.0,0.08333333333333333,0.6162468791007996
PU-F,1,0.0,0.0,25,3000,0,29,218,247,0.09986878873314708,0.07150000000000001,0.14171950001036748,0,0,26,0.0,0.06896551724137931,0.7180681824684143
PU-F,1,0.0,0.0,30,3000,0,34,243,277,0.11081484594615176,0.06579999999999997,0.16151441598776728,0,0,31,0.0,0.058823529411764705,0.6045190691947937
PU-F,1,0.0,0.0,35,3000,0,39,126,165,0.06953138479730114,0.04949999999999999,0.17979804100468755,0,0,36,0.0,0.05128205128205128,0.7073729038238525
PU-F,1,0.0,0.0,40,3000,0,44,202,246,0.09950272261630744,0.058599999999999985,0.19628804101375863,0,0,41,0.0,0.045454545454545456,0.6208292245864868
PU-F,1,0.0,0.0,45,3000,0,49,107,156,0.06615333299851045,0.04049999999999998,0.21441274997778237,0,0,46,0.0,0.04081632653061224,0.7076078653335571
PU-F,1,0.0,0.0,50,3000,0,54,159,213,0.08737389626912773,0.04949999999999999,0.23130149999633431,0,0,51,0.0,0.037037037037037035,0.6069996953010559
PU-F,1,0.0,0.0,55,3000,0,59,111,170,0.07140313135460019,0.034599999999999964,0.24859762500273064,0,0,56,0.0,0.03389830508474576,0.7069634795188904
PU-F,1,0.0,0.0,60,3000,0,64,126,190,0.07885782525409013,0.04059999999999997,0.26367200003005564,0,0,61,0.0,0.03125,0.6154868602752686
PU-F,1,0.0,0.0,65,3000,0,69,71,140,0.06011703115655109,0.02749999999999997,0.2789353330153972,0,0,66,0.0,0.028985507246376812,0.7097576856613159
PU-F,1,0.0,0.0,70,3000,0,74,106,180,0.0751366894110106,0.03600000000000003,0.29302733298391104,0,0,71,0.0,0.04054054054054054,0.6454324722290039
PU-F,1,0.0,0.0,75,3000,0,79,60,139,0.05973834189353511,0.025599999999999956,0.3072979580028914,0,0,76,0.0,0.05063291139240506,0.7187913656234741
PU-F,1,0.0,0.0,80,3000,0,84,92,176,0.07364481018157676,0.032200000000000006,0.32216133299516514,0,0,81,0.0,0.08333333333333333,0.6885102391242981
PU-F,1,0.0,0.0,85,3000,0,89,47,136,0.05860120529541746,0.023700000000000054,0.3355899580055848,0,0,86,0.0,0.07865168539325842,0.7370574474334717
PU-F,1,0.0,0.0,90,3000,0,94,80,174,0.07289810659131035,0.027800000000000047,0.34961924998788163,0,0,91,0.0,0.09574468085106383,0.6983081698417664
PU-F,1,0.0,0.0,95,3000,0,99,36,135,0.058221797517035156,0.021700000000000053,0.36410941602662206,0,0,96,0.0,0.09090909090909091,0.7446801662445068
PU-F,1,0.0,0.0,100,3000,0,104,71,175,0.07327152288053185,0.024399999999999977,0.3779118750244379,0,0,101,0.0,0.11538461538461539,0.708480954170227
PU-F,1,0.0,0.0,105,3000,0,109,27,136,0.05860120529541746,0.021100000000000008,0.39089045801665634,0,0,106,0.0,0.11009174311926606,0.7601722478866577
PU-F,1,0.0,0.0,110,3000,0,114,57,171,0.07177707378286868,0.02090000000000003,0.4043634160188958,0,0,111,0.0,0.10526315789473684,0.7158350348472595
PU-F,1,0.0,0.0,115,3000,0,119,13,132,0.057082461076788604,0.018900000000000028,0.4185033329995349,0,0,116,0.0,0.1092436974789916,0.7720832824707031
PU-F,1,0.0,0.0,120,3000,0,124,46,170,0.07140313135460019,0.01870000000000005,0.43069587502395734,0,0,121,0.0,0.10483870967741936,0.7167984843254089
PU-F,1,0.0,0.0,125,3000,0,129,32,161,0.0680314782075584,0.019199999999999995,0.44305087497923523,0,0,126,0.0,0.10077519379844961,0.7248494625091553
PU-F,1,0.0,0.0,128,3000,0,132,0,132,0.057082461076788604,0.009000000000000008,0.45338508300483227,1,0,129,0.0,0.11363636363636363,0.7961007356643677
PU-G,1,0.0,0.0,0,3000,0,4,558,562,0.21244820981519297,0.14529999999999998,0.0067925420007668436,0,0,1,0.0,0.25,0.7593827843666077
PU-G,1,0.0,0.0,5,3000,0,9,380,389,0.15118094795616344,0.09430000000000005,0.04316950001521036,0,0,6,0.0,0.2222222222222222,0.5872246026992798
PU-G,1,0.0,0.0,10,3000,0,14,194,208,0.08552730636438355,0.06140000000000001,0.07275687501532957,0,0,11,0.0,0.14285714285714285,0.7114340662956238
PU-G,1,0.0,0.0,15,3000,0,19,199,218,0.08921801397809759,0.04949999999999999,0.10246345802443102,0,0,16,0.0,0.21052631578947367,0.6839034557342529
PU-G,1,0.0,0.0,20,3000,0,24,280,304,0.12061215186258778,0.0716,0.12533491698559374,0,0,21,0.0,0.16666666666666666,0.7105995416641235
PU-G,1,0.0,0.0,25,3000,0,29,135,164,0.0691566207096912,0.04500000000000004,0.1484543330152519,0,0,26,0.0,0.13793103448275862,0.7098632454872131
PU-G,1,0.0,0.0,30,3000,0,34,226,260,0.10462041496066377,0.05789999999999995,0.17125650000525638,0,0,31,0.0,0.14705882352941177,0.7342546582221985
PU-G,1,0.0,0.0,35,3000,0,39,129,168,0.0706548429443501,0.03990000000000005,0.19457162503385916,0,0,36,0.0,0.1282051282051282,0.7132896780967712
PU-G,1,0.0,0.0,40,3000,0,44,192,236,0.09583749843295664,0.05269999999999997,0.21632816700730473,0,0,41,0.0,0.11363636363636363,0.7259733080863953
PU-G,1,0.0,0.0,45,3000,0,49,148,197,0.0814557047560811,0.0393,0.23907095799222589,0,0,46,0.0,0.10204081632653061,0.6951627135276794
PU-G,1,0.0,0.0,50,3000,0,54,192,246,0.09950272261630744,0.05120000000000002,0.2600887499866076,0,0,51,0.0,0.12962962962962962,0.7158246636390686
PU-G,1,0.0,0.0,55,3000,0,59,162,221,0.09032332972856238,0.04200000000000004,0.2825517919845879,0,0,56,0.0,0.13559322033898305,0.699836790561676
PU-G,1,0.0,0.0,60,3000,0,64,156,220,0.08995498600415885,0.04569999999999996,0.3012737919925712,0,0,61,0.0,0.125,0.7341731190681458
PU-G,1,0.0,0.0,65,3000,0,69,95,164,0.0691566207096912,0.030000000000000027,0.31757091701729223,0,0,66,0.0,0.14492753623188406,0.7275222539901733
PU-G,1,0.0,0.0,70,3000,0,74,111,185,0.07699875242542475,0.0393,0.33412312500877306,0,0,71,0.0,0.17567567567567569,0.7482302188873291
PU-G,1,0.0,0.0,75,3000,0,79,77,156,0.06615333299851045,0.026699999999999946,0.3491052919998765,0,0,76,0.0,0.20253164556962025,0.7338643670082092
PU-G,1,0.0,0.0,80,3000,0,84,98,182,0.07588188053341582,0.03159999999999996,0.3632576669915579,0,0,81,0.0,0.19047619047619047,0.7449093461036682
PU-G,1,0.0,0.0,85,3000,0,89,65,154,0.06540102750295773,0.024399999999999977,0.37751070800004527,0,0,86,0.0,0.19101123595505617,0.7333636283874512
PU-G,1,0.0,0.0,90,3000,0,94,86,180,0.0751366894110106,0.025800000000000045,0.3914102080161683,0,0,91,0.0,0.19148936170212766,0.7361493706703186
PU-G,1,0.0,0.0,95,3000,0,99,48,147,0.06276304461061954,0.02210000000000001,0.40655929199419916,0,0,96,0.0,0.1919191919191919,0.7335153222084045
PU-G,1,0.0,0.0,100,3000,0,104,74,178,0.07439100183546543,0.021399999999999975,0.4198876250302419,0,0,101,0.0,0.20192307692307693,0.7293250560760498
PU-G,1,0.0,0.0,105,3000,0,109,39,148,0.0631403787410818,0.01980000000000004,0.4347684170352295,0,0,106,0.0,0.21100917431192662,0.7270323634147644
PU-G,1,0.0,0.0,110,3000,0,114,58,172,0.07215088309021667,0.016700000000000048,0.447637457982637,0,0,111,0.0,0.21052631578947367,0.7211272716522217
PU-G,1,0.0,0.0,115,3000,0,119,34,153,0.06502464495133609,0.01849999999999996,0.46204279200173914,0,0,116,0.0,0.2184873949579832,0.7223143577575684
PU-G,1,0.0,0.0,120,3000,0,124,45,169,0.07102905481588095,0.014399999999999968,0.47498420800548047,0,0,121,0.0,0.21774193548387097,0.7128361463546753
PU-G,1,0.0,0.0,125,3000,0,129,61,190,0.07885782525409013,0.0383,0.48801183298928663,0,0,126,0.0,0.2248062015503876,0.7590338587760925
PU-G,1,0.0,0.0,130,3000,0,134,64,198,0.0818263849359937,0.01870000000000005,0.5052735420176759,0,0,131,0.0,0.21641791044776118,0.6885173916816711
PU-G,1,0.0,0.0,135,3000,0,139,32,171,0.07177707378286868,0.02210000000000001,0.5229817079962231,0,0,136,0.0,0.2158273381294964,0.7014611959457397
PU-G,1,0.0,0.0,140,3000,0,144,6,150,0.06389456166652963,0.0043999999999999595,0.541317125025671,0,0,141,0.0,0.2152777777777778,0.6554251909255981
PU-G,1,0.0,0.0,145,3000,0,149,23,172,0.07215088309021667,0.015199999999999991,0.5689329580054618,0,0,146,0.0,0.2214765100671141,0.6616909503936768
PU-G,1,0.0,0.0,150,3000,0,154,21,175,0.07327152288053185,0.008600000000000052,0.6021376670105383,0,0,151,0.0,0.21428571428571427,0.6315451860427856
PU-G,1,0.0,0.0,155,3000,0,159,16,175,0.07327152288053185,0.00539999999999996,0.6366410420159809,0,0,156,0.0,0.22641509433962265,0.6138490438461304
PU-G,1,0.0,0.0,160,3000,0,164,11,175,0.07327152288053185,0.006299999999999972,0.6695362080354244,0,0,161,0.0,0.21951219512195122,0.6160292029380798
PU-G,1,0.0,0.0,165,3000,0,169,1,170,0.07140313135460019,0.005299999999999971,0.7016455830307677,0,0,166,0.0,0.21301775147928995,0.6128653883934021
PU-G,1,0.0,0.0,167,3000,0,171,0,171,0.07177707378286868,0.0031999999999999806,0.7157282920088619,1,0,168,0.0,0.21052631578947367,0.6130948662757874
MaxLoss,1,0.4,0.0,0,3000,0,4,563,567,0.2142040331964381,0.16159999999999997,0.011916792020201683,0,0,1,0.0,0.25,0.6043286919593811
MaxLoss,1,0.4,0.0,5,3000,0,9,420,429,0.16544626542599872,0.09399999999999997,0.030006707995198667,0,0,6,0.3333333333333333,0.4444444444444444,0.648219883441925
MaxLoss,1,0.4,0.0,10,3000,0,14,693,707,0.2630934927146882,0.2057,0.05070362502010539,0,0,11,0.5714285714285714,0.6428571428571429,0.7041557431221008
MaxLoss,1,0.4,0.0,15,3000,0,19,1519,1538,0.5455589832272381,0.484,0.07361895800568163,0,0,16,0.5789473684210527,0.631578947368421,0.7407947778701782
MaxLoss,1,0.4,0.0,20,3000,0,24,588,612,0.22997443861095235,0.17020000000000002,0.09873204200994223,0,0,21,0.5,0.5416666666666666,0.6874170899391174
MaxLoss,1,0.4,0.0,25,3000,0,29,765,794,0.29323898116126657,0.20950000000000002,0.1298024170100689,0,0,26,0.4827586206896552,0.5172413793103449,0.7397807240486145
MaxLoss,1,0.4,0.0,30,3000,0,34,571,605,0.22752494865562767,0.16310000000000002,0.17025304201524705,0,0,31,0.47058823529411764,0.5,0.7321852445602417
MaxLoss,1,0.4,0.0,35,3000,0,39,689,728,0.2703852857812308,0.17610000000000003,0.19969895802205428,0,0,36,0.41025641025641024,0.4358974358974359,0.7448832392692566
MaxLoss,1,0.4,0.0,40,3000,0,44,557,601,0.22612464317353442,0.15869999999999995,0.22681037499569356,0,0,41,0.36363636363636365,0.38636363636363635,0.7032157182693481
MaxLoss,1,0.4,0.0,45,3000,0,49,663,712,0.26483054872369394,0.16649999999999998,0.2414836250245571,0,0,46,0.3469387755102041,0.3673469387755102,0.7306661009788513
MaxLoss,1,0.4,0.0,50,3000,0,54,552,606,0.22787495696684346,0.16100000000000003,0.24878754204837605,0,0,51,0.35185185185185186,0.37037037037037035,0.7092602849006653
MaxLoss,1,0.4,0.0,55,3000,0,59,657,716,0.2662197796162218,0.16569999999999996,0.25705975003074855,0,0,56,0.3559322033898305,0.3728813559322034,0.7256564497947693
MaxLoss,1,0.4,0.0,60,3000,0,64,544,608,0.22857489221496508,0.16049999999999998,0.26532466703793034,0,0,61,0.359375,0.375,0.7064550518989563
MaxLoss,1,0.4,0.0,65,3000,0,69,655,724,0.26899714616592973,0.16749999999999998,0.2737737920251675,0,0,66,0.34782608695652173,0.36231884057971014,0.7258551120758057
MaxLoss,1,0.4,0.0,70,3000,0,74,531,605,0.22752494865562767,0.1552,0.28117612504865974,0,0,71,0.36486486486486486,0.3783783783783784,0.7039574980735779
MaxLoss,1,0.4,0.0,75,3000,0,79,654,733,0.27211995440302417,0.17000000000000004,0.2896286670002155,0,0,76,0.3670886075949367,0.379746835443038,0.7319597601890564
MaxLoss,1,0.4,0.0,80,3000,0,84,534,618,0.23207295371685177,0.16080000000000005,0.2980401249951683,0,0,81,0.36904761904761907,0.38095238095238093,0.7172302603721619
MaxLoss,1,0.4,0.0,85,3000,0,89,641,730,0.27107922051800415,0.16679999999999995,0.30641020799521357,0,0,86,0.3595505617977528,0.3707865168539326,0.718348503112793
MaxLoss,1,0.4,0.0,90,3000,0,94,539,633,0.23731507768388838,0.16279999999999994,0.31473054201342165,0,0,91,0.3404255319148936,0.35106382978723405,0.7137277722358704
MaxLoss,1,0.4,0.0,95,3000,0,99,630,729,0.270732264383696,0.1642,0.3245786670013331,0,0,96,0.3434343434343434,0.35353535353535354,0.7333994507789612
MaxLoss,1,0.4,0.0,100,3000,0,104,515,619,0.23242261295672506,0.1552,0.3346528750262223,0,0,101,0.36538461538461536,0.375,0.7088348865509033
MaxLoss,1,0.4,0.0,105,3000,0,109,609,718,0.2669142578379251,0.1594,0.3445502080139704,0,0,106,0.3486238532110092,0.3669724770642202,0.7209584712982178
MaxLoss,1,0.4,0.0,110,3000,0,114,493,607,0.2282249380950816,0.14900000000000002,0.3545469579985365,0,0,111,0.3333333333333333,0.35964912280701755,0.7088298797607422
MaxLoss,1,0.4,0.0,115,3000,0,119,602,721,0.26795580418547615,0.15710000000000002,0.3646772080101073,0,0,116,0.3277310924369748,0.35294117647058826,0.7204522490501404
MaxLoss,1,0.4,0.0,120,3000,0,124,467,591,0.22262195614166558,0.13590000000000002,0.3735996670438908,0,0,121,0.3225806451612903,0.3467741935483871,0.7053825259208679
MaxLoss,1,0.4,0.0,125,3000,0,129,531,660,0.24673630471806973,0.13639999999999997,0.3839878330472857,0,0,126,0.32558139534883723,0.3488372093023256,0.7084637880325317
MaxLoss,1,0.4,0.0,130,3000,0,134,319,453,0.1739740094053559,0.09340000000000004,0.39730170799884945,0,0,131,0.3208955223880597,0.35074626865671643,0.6936517953872681
MaxLoss,1,0.4,0.0,135,3000,0,139,519,658,0.2460390658234246,0.13329999999999997,0.4114944580360316,0,0,136,0.30935251798561153,0.3381294964028777,0.6282444000244141
MaxLoss,1,0.4,0.0,140,3000,0,144,433,577,0.21771349920891225,0.10509999999999997,0.4241620000102557,0,0,141,0.2986111111111111,0.3263888888888889,0.610565185546875
MaxLoss,1,0.4,0.0,145,3000,0,149,425,574,0.21666096238186583,0.1149,0.447797000000719,0,0,146,0.2953020134228188,0.3288590604026846,0.5604673624038696
MaxLoss,1,0.4,0.0,150,3000,0,154,405,559,0.21139436279190704,0.10050000000000003,0.4687243330408819,0,0,151,0.2857142857142857,0.3181818181818182,0.5213861465454102
MaxLoss,1,0.4,0.0,155,3000,0,159,445,604,0.22717491316143423,0.12880000000000003,0.4927923750365153,0,0,156,0.2830188679245283,0.31446540880503143,0.4896010160446167
MaxLoss,1,0.4,0.0,160,3000,0,164,506,670,0.2502210171078332,0.13770000000000004,0.5247329580015503,0,0,161,0.2865853658536585,0.32926829268292684,0.49098020792007446
MaxLoss,1,0.4,0.0,165,3000,0,169,376,545,0.20647285785526037,0.10940000000000005,0.5519083749968559,0,0,166,0.28402366863905326,0.33727810650887574,0.45385071635246277
MaxLoss,1,0.4,0.0,170,3000,0,174,402,576,0.21736268227687106,0.10670000000000002,0.5759396250359714,0,0,171,0.28160919540229884,0.3333333333333333,0.46011659502983093
MaxLoss,1,0.4,0.0,175,3000,0,179,305,484,0.18495700892526656,0.0887,0.6049687920021825,0,0,176,0.2849162011173184,0.33519553072625696,0.42789894342422485
MaxLoss,1,0.4,0.0,180,3000,0,184,383,567,0.2142040331964381,0.10250000000000004,0.6285167920286767,0,0,181,0.28804347826086957,0.33695652173913043,0.4174460172653198
MaxLoss,1,0.4,0.0,185,3000,0,189,308,497,0.189552646887023,0.09870000000000001,0.6615945000085048,0,0,186,0.2857142857142857,0.3333333333333333,0.41644787788391113
MaxLoss,1,0.4,0.0,190,3000,0,194,352,546,0.20682459004456177,0.09860000000000002,0.6940184170380235,0,0,191,0.27835051546391754,0.32989690721649484,0.44464313983917236
MaxLoss,1,0.4,0.0,195,3000,0,199,460,659,0.24638769769808277,0.12760000000000005,0.7244510000455193,0,0,196,0.27638190954773867,0.33668341708542715,0.42845618724823
MaxLoss,1,0.4,0.0,200,3000,0,204,240,444,0.17077872878871858,0.05810000000000004,0.7473185830167495,0,0,201,0.27941176470588236,0.3382352941176471,0.4425799548625946
MaxLoss,1,0.4,0.0,205,3000,0,209,235,444,0.17077872878871858,0.06169999999999998,0.7700470830313861,0,0,206,0.28708133971291866,0.3492822966507177,0.44892919063568115
MaxLoss,1,0.4,0.0,210,3000,0,214,246,460,0.17645711061777547,0.06530000000000002,0.7916811250033788,0,0,211,0.29439252336448596,0.35514018691588783,0.4417886734008789
MaxLoss,1,0.4,0.0,215,3000,0,219,338,557,0.21069165004882962,0.0897,0.8256845420110039,0,0,216,0.2968036529680365,0.365296803652968,0.4313807785511017
MaxLoss,1,0.4,0.0,220,3000,0,224,214,438,0.16864680708386004,0.04690000000000005,0.8626134170335717,0,0,221,0.29017857142857145,0.36160714285714285,0.43271806836128235
MaxLoss,1,0.4,0.0,225,3000,0,229,415,644,0.24115558865014464,0.1048,0.9049961250275373,0,0,226,0.29694323144104806,0.37117903930131,0.4457131624221802
MaxLoss,1,0.4,0.0,230,3000,0,234,140,374,0.14581319532589987,0.02310000000000001,0.9377518330002204,0,0,231,0.2905982905982906,0.36324786324786323,0.4454435706138611
MaxLoss,1,0.4,0.0,235,3000,0,239,189,428,0.16509044979466125,0.03390000000000004,0.9718933330150321,0,0,236,0.301255230125523,0.3723849372384937,0.4395155608654022
MaxLoss,1,0.4,0.0,240,3000,0,244,170,414,0.16010473761707544,0.03180000000000005,0.9947984170285054,0,0,241,0.3114754098360656,0.38114754098360654,0.45482489466667175
MaxLoss,1,0.4,0.0,245,3000,0,249,416,665,0.24847896862775087,0.11580000000000001,1.019775542023126,0,0,246,0.3132530120481928,0.3895582329317269,0.4136229157447815
MaxLoss,1,0.4,0.0,250,3000,0,254,180,434,0.16722474165726453,0.02739999999999998,1.0417228750302456,0,0,251,0.31496062992125984,0.38976377952755903,0.4483284056186676
MaxLoss,1,0.4,0.0,255,3000,0,259,280,539,0.20436182245612144,0.07930000000000004,1.0664757080376148,0,0,256,0.3127413127413127,0.38996138996138996,0.4308609962463379
MaxLoss,1,0.4,0.0,260,3000,0,264,312,576,0.21736268227687106,0.0776,1.0967083330033347,0,0,261,0.3143939393939394,0.39015151515151514,0.4450701177120209
MaxLoss,1,0.4,0.0,265,3000,0,269,325,594,0.22367305267835036,0.08889999999999998,1.1320147500373423,0,0,266,0.31226765799256506,0.38661710037174724,0.4591400921344757
MaxLoss,1,0.4,0.0,270,3000,0,274,139,413,0.15974830387858674,0.0403,1.173280999995768,0,0,271,0.3102189781021898,0.3905109489051095,0.42387205362319946
MaxLoss,1,0.4,0.0,275,3000,0,279,291,570,0.21525717672193423,0.08809999999999996,1.2121829580282792,0,0,276,0.30824372759856633,0.3870967741935484,0.4141767621040344
MaxLoss,1,0.4,0.0,280,3000,0,284,337,621,0.23312185192480683,0.09909999999999997,1.242210750002414,0,0,281,0.30985915492957744,0.3908450704225352,0.4088619649410248
MaxLoss,1,0.4,0.0,285,3000,0,289,230,519,0.1973169335979037,0.05920000000000003,1.2672937080496922,0,0,286,0.31141868512110726,0.3944636678200692,0.444223016500473
MaxLoss,1,0.4,0.0,290,3000,0,294,234,528,0.20048869505990297,0.07399999999999995,1.2925947080366313,0,0,291,0.30952380952380953,0.3945578231292517,0.4319022297859192
MaxLoss,1,0.4,0.0,295,3000,0,299,93,392,0.15225325751816854,0.023599999999999954,1.3221753330435604,0,0,296,0.3076923076923077,0.391304347826087,0.43040964007377625
MaxLoss,1,0.4,0.0,300,3000,0,304,219,523,0.19872692442731932,0.07850000000000001,1.352789583033882,0,0,301,0.3092105263157895,0.3980263157894737,0.41913995146751404
MaxLoss,1,0.4,0.0,305,3000,0,309,98,407,0.15760881162714213,0.02639999999999998,1.3866097500431351,0,0,306,0.3074433656957929,0.39805825242718446,0.4608859121799469
MaxLoss,1,0.4,0.0,310,3000,0,314,175,489,0.18672525027068332,0.051100000000000034,1.415674542018678,0,0,311,0.3089171974522293,0.3980891719745223,0.41618505120277405
MaxLoss,1,0.4,0.0,315,3000,0,319,123,442,0.17006824392592534,0.03320000000000001,1.453491667052731,0,0,316,0.3103448275862069,0.3981191222570533,0.428023099899292
MaxLoss,1,0.4,0.0,320,3000,0,324,163,487,0.18601805780781433,0.053100000000000036,1.4904120830469765,0,0,321,0.3055555555555556,0.39197530864197533,0.4064803421497345
MaxLoss,1,0.4,0.0,325,3000,0,329,99,428,0.16509044979466125,0.021599999999999953,1.5241628750227392,0,0,326,0.303951367781155,0.39209726443769,0.43152040243148804
MaxLoss,1,0.4,0.0,330,3000,0,334,87,421,0.16259860317222774,0.025399999999999978,1.5540376250282861,0,0,331,0.3023952095808383,0.39221556886227543,0.4271920621395111
MaxLoss,1,0.4,0.0,335,3000,0,339,156,495,0.18884600239107385,0.04600000000000004,1.595277292013634,0,0,336,0.29793510324483774,0.39233038348082594,0.4368646740913391
MaxLoss,1,0.4,0.0,340,3000,0,344,95,439,0.16900222492404282,0.01090000000000002,1.6392852920107543,0,0,341,0.29651162790697677,0.39244186046511625,0.4197785258293152
MaxLoss,1,0.4,0.0,345,3000,0,349,92,441,0.16971294325776398,0.01880000000000004,1.6740615830058232,0,0,346,0.29512893982808025,0.3982808022922636,0.4141782522201538
MaxLoss,1,0.4,0.0,350,3000,0,354,79,433,0.16686912631848827,0.014399999999999968,1.708518625004217,0,0,351,0.2937853107344633,0.4011299435028249,0.41433945298194885
MaxLoss,1,0.4,0.0,355,3000,0,359,163,522,0.1983744747703895,0.05010000000000003,1.7430864170310088,0,0,356,0.2924791086350975,0.403899721448468,0.3915337026119232
MaxLoss,1,0.4,0.0,360,3000,0,364,68,432,0.16651347110746428,0.016700000000000048,1.7755828330409713,0,0,361,0.28846153846153844,0.4065934065934066,0.42206335067749023
MaxLoss,1,0.4,0.0,365,3000,0,369,161,530,0.2011931817396544,0.045399999999999996,1.8125146250240505,0,0,366,0.2872628726287263,0.4092140921409214,0.4049694240093231
MaxLoss,1,0.4,0.0,370,3000,0,374,63,437,0.16829134989529848,0.010499999999999954,1.8464320829953067,0,0,371,0.2887700534759358,0.4144385026737968,0.42079678177833557
MaxLoss,1,0.4,0.0,375,3000,0,379,76,455,0.1746836540987715,0.023499999999999965,1.8848790420452133,0,0,376,0.2928759894459103,0.42216358839050133,0.44961440563201904
MaxLoss,1,0.4,0.0,380,3000,0,384,112,496,0.18919934157747775,0.04420000000000002,1.9172977080452256,0,0,381,0.2916666666666667,0.4270833333333333,0.415609747171402
MaxLoss,1,0.4,0.0,385,3000,0,389,127,516,0.1962591024930589,0.04700000000000004,1.9606205830350518,0,0,386,0.29048843187660667,0.42930591259640105,0.41578859090805054
MaxLoss,1,0.4,0.0,390,3000,0,394,44,438,0.16864680708386004,0.0031999999999999806,2.007262750004884,0,0,391,0.29441624365482233,0.434010152284264,0.41641566157341003
MaxLoss,1,0.4,0.0,395,3000,0,399,104,503,0.19167177024064586,0.0403,2.0490674170432612,0,0,396,0.2932330827067669,0.43609022556390975,0.4114516079425812
MaxLoss,1,0.4,0.0,400,3000,0,404,131,535,0.20295384910423309,0.047900000000000054,2.088927250006236,0,0,401,0.297029702970297,0.4381188118811881,0.40282005071640015
MaxLoss,1,0.4,0.0,405,3000,0,409,63,472,0.1807096485281363,0.022399999999999975,2.1292620000313036,0,0,406,0.30073349633251834,0.4400977995110024,0.397926390171051
MaxLoss,1,0.4,0.0,410,3000,0,414,111,525,0.19943172798957676,0.05589999999999995,2.1677729170187376,0,0,411,0.30434782608695654,0.4444444444444444,0.39551952481269836
MaxLoss,1,0.4,0.0,415,3000,0,419,46,465,0.17822964064544067,0.02300000000000002,2.2031356250518,0,0,416,0.3054892601431981,0.44630071599045346,0.4037337899208069
MaxLoss,1,0.4,0.0,420,3000,0,424,87,511,0.1944954011705704,0.04410000000000003,2.2382825420354493,0,0,421,0.30424528301886794,0.4481132075471698,0.3905859589576721
MaxLoss,1,0.4,0.0,425,3000,0,429,81,510,0.19414256286108866,0.04500000000000004,2.272872500005178,0,0,426,0.3076923076923077,0.44988344988344986,0.39037182927131653
MaxLoss,1,0.4,0.0,430,3000,0,434,36,470,0.1800012559397146,0.019000000000000017,2.3052371670491993,0,0,431,0.3064516129032258,0.44930875576036866,0.3913366198539734
MaxLoss,1,0.4,0.0,435,3000,0,439,27,466,0.17858403647551313,0.013000000000000012,2.337975375005044,0,0,436,0.30296127562642367,0.44419134396355353,0.3927249312400818
MaxLoss,1,0.4,0.0,440,3000,0,444,17,461,0.17681169032584876,0.011499999999999955,2.3741511670523323,0,0,441,0.3063063063063063,0.44819819819819817,0.40611913800239563
MaxLoss,1,0.4,0.0,445,3000,0,449,29,478,0.18283396633341908,0.014100000000000001,2.415826458018273,0,0,446,0.30957683741648107,0.44988864142538976,0.4121454954147339
MaxLoss,1,0.4,0.0,450,3000,0,454,58,512,0.19484820670913905,0.02969999999999995,2.4678075830452144,0,0,451,0.31057268722466963,0.44933920704845814,0.4164578914642334
MaxLoss,1,0.4,0.0,455,3000,0,459,53,512,0.19484820670913905,0.027800000000000047,2.515771833015606,0,0,456,0.3093681917211329,0.4466230936819172,0.4123809337615967
MaxLoss,1,0.4,0.0,460,3000,0,464,59,523,0.19872692442731932,0.04269999999999996,2.559323791996576,0,0,461,0.3103448275862069,0.44612068965517243,0.38670477271080017
MaxLoss,1,0.4,0.0,465,3000,0,469,30,499,0.19025915587553754,0.03490000000000004,2.5913246670388617,0,0,466,0.3091684434968017,0.44562899786780386,0.3951956629753113
MaxLoss,1,0.4,0.0,470,3000,0,474,53,527,0.2001364043680951,0.04590000000000005,2.622832917026244,0,0,471,0.3080168776371308,0.4451476793248945,0.39840078353881836
MaxLoss,1,0.4,0.0,475,3000,0,479,74,553,0.2092858671094291,0.05369999999999997,2.6550123750348575,0,0,476,0.3068893528183716,0.4488517745302714,0.39817968010902405
MaxLoss,1,0.4,0.0,480,3000,0,484,35,519,0.1973169335979037,0.02639999999999998,2.6863950000260957,0,0,481,0.30578512396694213,0.44834710743801653,0.3951188921928406
MaxLoss,1,0.4,0.0,485,3000,0,489,40,529,0.20084095414495096,0.03590000000000004,2.723735708044842,0,0,486,0.30879345603271985,0.45194274028629855,0.39219731092453003
MaxLoss,1,0.4,0.0,490,3000,0,494,23,517,0.1966117451665923,0.031100000000000017,2.784822875051759,0,0,491,0.305668016194332,0.4493927125506073,0.3925965428352356
MaxLoss,1,0.4,0.0,495,3000,0,499,51,550,0.20823121524881572,0.04149999999999998,2.8274158330168575,0,0,496,0.3046092184368738,0.4468937875751503,0.39408233761787415
MaxLoss,1,0.4,0.0,500,3000,0,504,35,539,0.20436182245612144,0.03979999999999995,2.8908134170342237,0,0,501,0.30158730158730157,0.44246031746031744,0.40346503257751465
MaxLoss,1,0.4,0.0,504,3000,0,508,0,508,0.19343678752193227,0.012499999999999956,2.9366547500249,1,0,505,0.3031496062992126,0.44291338582677164,0.4003150761127472
PU-C,1,0.4,0.0,0,3000,0,4,541,545,0.20647285785526037,0.13729999999999998,0.01629587501520291,0,0,1,0.0,0.25,0.5365623831748962
PU-C,1,0.4,0.0,5,3000,0,9,557,566,0.2138529270887375,0.15369999999999995,0.05954937497153878,0,0,6,0.3333333333333333,0.4444444444444444,0.60709547996521
PU-C,1,0.4,0.0,10,3000,0,14,818,832,0.30635572102619335,0.2237,0.12166216596961021,0,0,11,0.5714285714285714,0.6428571428571429,0.6572121977806091
PU-C,1,0.4,0.0,15,3000,0,19,489,508,0.19343678752193227,0.11109999999999998,0.15061966597568244,0,0,16,0.47368421052631576,0.5263157894736842,0.6764392852783203
PU-C,1,0.4,0.0,20,3000,0,24,536,560,0.21174567472189665,0.1421,0.1761632909765467,0,0,21,0.5,0.5416666666666666,0.7270317077636719
PU-C,1,0.4,0.0,25,3000,0,29,617,646,0.2418535309843719,0.14670000000000005,0.20262466598069295,0,0,26,0.4482758620689655,0.4827586206896552,0.7327747344970703
PU-C,1,0.4,0.0,30,3000,0,34,555,589,0.22192108584567904,0.15510000000000002,0.22777979099191725,0,0,31,0.4117647058823529,0.4411764705882353,0.76712965965271
PU-C,1,0.4,0.0,35,3000,0,39,570,609,0.22892481921007857,0.13339999999999996,0.25416208297247067,0,0,36,0.358974358974359,0.38461538461538464,0.7606685757637024
PU-C,1,0.4,0.0,40,3000,0,44,554,598,0.2250741267343983,0.15690000000000004,0.2818766660057008,0,0,41,0.36363636363636365,0.38636363636363635,0.807748556137085
PU-C,1,0.4,0.0,45,3000,0,49,578,627,0.23521893582073972,0.13859999999999995,0.3086905829841271,0,0,46,0.3673469387755102,0.3877551020408163,0.7892537713050842
PU-C,1,0.4,0.0,50,3000,0,54,550,604,0.22717491316143423,0.15839999999999999,0.3342062080046162,0,0,51,0.3333333333333333,0.35185185185185186,0.8264586925506592
PU-C,1,0.4,0.0,55,3000,0,59,582,641,0.24010848422767594,0.14049999999999996,0.3657994579989463,0,0,56,0.3559322033898305,0.3728813559322034,0.8119139671325684
PU-C,1,0.4,0.0,60,3000,0,64,533,597,0.22472389962058514,0.15790000000000004,0.39803799998480827,0,0,61,0.359375,0.375,0.8364167213439941
PU-C,1,0.4,0.0,65,3000,0,69,633,702,0.26135585812153295,0.15910000000000002,0.43090354098239914,0,0,66,0.34782608695652173,0.36231884057971014,0.8229212164878845
PU-C,1,0.4,0.0,70,3000,0,74,539,613,0.2303242579801008,0.1604,0.46280524996109307,0,0,71,0.36486486486486486,0.3783783783783784,0.8152024745941162
PU-C,1,0.4,0.0,75,3000,0,79,626,705,0.2623985085519962,0.1592,0.49722358299186453,0,0,76,0.34177215189873417,0.35443037974683544,0.7993999123573303
PU-C,1,0.4,0.0,80,3000,0,84,525,609,0.22892481921007857,0.15839999999999999,0.5510544999851845,0,0,81,0.32142857142857145,0.34523809523809523,0.8181705474853516
PU-C,1,0.4,0.0,85,3000,0,89,619,708,0.26344095007516444,0.15680000000000005,0.5888134579872712,0,0,86,0.3146067415730337,0.3595505617977528,0.8169542551040649
PU-C,1,0.4,0.0,90,3000,0,94,499,593,0.22332271496998146,0.1493,0.6353301249910146,0,0,91,0.3404255319148936,0.3829787234042553,0.8123282194137573
PU-C,1,0.4,0.0,95,3000,0,99,609,708,0.26344095007516444,0.1553,0.6676400830037892,0,0,96,0.3434343434343434,0.3838383838383838,0.8058047890663147
PU-C,1,0.4,0.0,100,3000,0,104,489,593,0.22332271496998146,0.14770000000000005,0.6973466660128906,0,0,101,0.33653846153846156,0.38461538461538464,0.7992199659347534
PU-C,1,0.4,0.0,105,3000,0,109,604,713,0.26517789089120924,0.15380000000000005,0.7288939579739235,0,0,106,0.3211009174311927,0.3944954128440367,0.7995159029960632
PU-C,1,0.4,0.0,110,3000,0,114,488,602,0.22647476044949144,0.14959999999999996,0.763733665982727,0,0,111,0.3157894736842105,0.39473684210526316,0.7975536584854126
PU-C,1,0.4,0.0,115,3000,0,119,582,701,0.2610082613537088,0.15180000000000005,0.8058740830165334,0,0,116,0.3025210084033613,0.37815126050420167,0.7934832572937012
PU-C,1,0.4,0.0,120,3000,0,124,461,585,0.2205190091044642,0.13890000000000002,0.8392132910084911,0,0,121,0.2903225806451613,0.3629032258064516,0.7949327826499939
PU-C,1,0.4,0.0,125,3000,0,129,629,758,0.28078499069670215,0.1683,0.8734128749929368,0,0,126,0.29457364341085274,0.3643410852713178,0.8299890756607056
PU-C,1,0.4,0.0,130,3000,0,134,436,570,0.21525717672193423,0.1281,0.9216998330084607,0,0,131,0.2835820895522388,0.35074626865671643,0.7468241453170776
PU-C,1,0.4,0.0,135,3000,0,139,565,704,0.26205098163336515,0.14749999999999996,0.9620776660158299,0,0,136,0.2805755395683453,0.34532374100719426,0.7553222179412842
PU-C,1,0.4,0.0,140,3000,0,144,427,571,0.21560816647252068,0.13149999999999995,1.0045212910044938,0,0,141,0.2986111111111111,0.3680555555555556,0.7216145396232605
PU-C,1,0.4,0.0,145,3000,0,149,518,667,0.2491758615942672,0.16569999999999996,1.0409572079661302,0,0,146,0.28859060402684567,0.35570469798657717,0.7070865035057068
PU-C,1,0.4,0.0,150,3000,0,154,579,733,0.27211995440302417,0.17220000000000002,1.0832119999686256,0,0,151,0.2857142857142857,0.35064935064935066,0.6932464838027954
PU-C,1,0.4,0.0,155,3000,0,159,450,609,0.22892481921007857,0.1382,1.119386458012741,0,0,156,0.2893081761006289,0.3522012578616352,0.724418044090271
PU-C,1,0.4,0.0,160,3000,0,164,485,649,0.24290025437949225,0.136,1.1608400410041213,0,0,161,0.2865853658536585,0.3475609756097561,0.63782799243927
PU-C,1,0.4,0.0,165,3000,0,169,445,614,0.23067405057372525,0.14259999999999995,1.197416582959704,0,0,166,0.2781065088757396,0.33727810650887574,0.606718897819519
PU-C,1,0.4,0.0,170,3000,0,174,470,644,0.24115558865014464,0.12460000000000004,1.2306388329598121,0,0,171,0.27011494252873564,0.3275862068965517,0.5957592129707336
PU-C,1,0.4,0.0,175,3000,0,179,385,564,0.21315062715439126,0.11680000000000001,1.2704248749651015,0,0,176,0.2681564245810056,0.3240223463687151,0.4878760576248169
PU-C,1,0.4,0.0,180,3000,0,184,338,522,0.1983744747703895,0.10450000000000004,1.3189974579727277,0,0,181,0.266304347826087,0.32065217391304346,0.4526914656162262
PU-C,1,0.4,0.0,185,3000,0,189,319,508,0.19343678752193227,0.09240000000000004,1.3581344159902073,0,0,186,0.25925925925925924,0.31216931216931215,0.4435366988182068
PU-C,1,0.4,0.0,190,3000,0,194,320,514,0.1955537197063677,0.0978,1.3937487910152413,0,0,191,0.25257731958762886,0.30927835051546393,0.49723395705223083
PU-C,1,0.4,0.0,195,3000,0,199,287,486,0.18566440959693864,0.07679999999999998,1.4267468329635449,0,0,196,0.2613065326633166,0.32160804020100503,0.44438040256500244
PU-C,1,0.4,0.0,200,3000,0,204,310,514,0.1955537197063677,0.09389999999999998,1.4562842909945175,0,0,201,0.25980392156862747,0.31862745098039214,0.547444760799408
PU-C,1,0.4,0.0,205,3000,0,209,251,460,0.17645711061777547,0.0665,1.4890416659764014,0,0,206,0.2583732057416268,0.3157894736842105,0.42197901010513306
PU-C,1,0.4,0.0,210,3000,0,214,281,495,0.18884600239107385,0.0877,1.5215641660033725,0,0,211,0.26635514018691586,0.3317757009345794,0.48840147256851196
PU-C,1,0.4,0.0,215,3000,0,219,258,477,0.18248000246239826,0.07310000000000005,1.5544724999926984,0,0,216,0.2785388127853881,0.3424657534246575,0.4157171845436096
PU-C,1,0.4,0.0,220,3000,0,224,254,478,0.18283396633341908,0.06630000000000003,1.5896511659957469,0,0,221,0.28125,0.3482142857142857,0.38433584570884705
PU-C,1,0.4,0.0,225,3000,0,229,191,420,0.1622424612287432,0.0615,1.6248611659975722,0,0,226,0.27510917030567683,0.3406113537117904,0.460100919008255
PU-C,1,0.4,0.0,230,3000,0,234,326,560,0.21174567472189665,0.08679999999999999,1.663976082985755,0,0,231,0.2692307692307692,0.3333333333333333,0.4227827489376068
PU-C,1,0.4,0.0,235,3000,0,239,280,519,0.1973169335979037,0.08460000000000001,1.6968907499685884,0,0,236,0.2719665271966527,0.33472803347280333,0.4172695279121399
PU-C,1,0.4,0.0,240,3000,0,244,269,513,0.19520097953500226,0.08819999999999995,1.7272569999913685,0,0,241,0.27459016393442626,0.3401639344262295,0.4027567207813263
PU-C,1,0.4,0.0,245,3000,0,249,303,552,0.20893434656318277,0.0927,1.7572671659872867,0,0,246,0.28112449799196787,0.3453815261044177,0.368127703666687
PU-C,1,0.4,0.0,250,3000,0,254,318,572,0.21595912729389966,0.08720000000000006,1.7946695829741657,0,0,251,0.2755905511811024,0.33858267716535434,0.407597154378891
PU-C,1,0.4,0.0,255,3000,0,259,368,627,0.23521893582073972,0.1059,1.830502874974627,0,0,256,0.277992277992278,0.33976833976833976,0.42210882902145386
PU-C,1,0.4,0.0,260,3000,0,264,217,481,0.18389564589597285,0.07050000000000001,1.8709673749981448,0,0,261,0.2803030303030303,0.3484848484848485,0.410608172416687
PU-C,1,0.4,0.0,265,3000,0,269,186,455,0.1746836540987715,0.047699999999999965,1.9091004160000011,0,0,266,0.2788104089219331,0.34944237918215615,0.4348238408565521
PU-C,1,0.4,0.0,270,3000,0,274,319,593,0.22332271496998146,0.08040000000000003,1.9470578329637647,0,0,271,0.2773722627737226,0.3467153284671533,0.38491228222846985
PU-C,1,0.4,0.0,275,3000,0,279,247,526,0.19978408206952736,0.059799999999999964,1.9848740409943275,0,0,276,0.27598566308243727,0.34767025089605735,0.41806986927986145
PU-C,1,0.4,0.0,280,3000,0,284,198,482,0.18424946861341596,0.062100000000000044,2.0229749159771018,0,0,281,0.2852112676056338,0.3591549295774648,0.46358397603034973
PU-C,1,0.4,0.0,285,3000,0,289,166,455,0.1746836540987715,0.04390000000000005,2.0634710830054246,0,0,286,0.2837370242214533,0.36678200692041524,0.4644376039505005
PU-C,1,0.4,0.0,290,3000,0,294,144,438,0.16864680708386004,0.031000000000000028,2.0983437499962747,0,0,291,0.282312925170068,0.3707482993197279,0.44217434525489807
PU-C,1,0.4,0.0,295,3000,0,299,266,565,0.2135017917607911,0.07140000000000002,2.1366002499707974,0,0,296,0.27759197324414714,0.3779264214046823,0.4417860507965088
PU-C,1,0.4,0.0,300,3000,0,304,140,444,0.17077872878871858,0.03369999999999995,2.1790040829801,0,0,301,0.27631578947368424,0.3782894736842105,0.429521769285202
PU-C,1,0.4,0.0,305,3000,0,309,145,454,0.174328850582242,0.03539999999999999,2.220221124996897,0,0,306,0.2783171521035599,0.3818770226537217,0.40406161546707153
PU-C,1,0.4,0.0,310,3000,0,314,190,504,0.19202484015841037,0.05249999999999999,2.2602258329861797,0,0,311,0.28343949044585987,0.3885350318471338,0.4245869815349579
PU-C,1,0.4,0.0,315,3000,0,319,128,447,0.17184416647069156,0.024700000000000055,2.3250639999751,0,0,316,0.2852664576802508,0.3949843260188088,0.46003612875938416
PU-C,1,0.4,0.0,320,3000,0,324,134,458,0.17574783985037357,0.044300000000000006,2.371856999990996,0,0,321,0.2839506172839506,0.39197530864197533,0.5017191171646118
PU-C,1,0.4,0.0,325,3000,0,329,129,458,0.17574783985037357,0.04500000000000004,2.4046186250052415,0,0,326,0.2826747720364742,0.3981762917933131,0.48494794964790344
PU-C,1,0.4,0.0,330,3000,0,334,107,441,0.16971294325776398,0.029900000000000038,2.4379879999905825,0,0,331,0.2844311377245509,0.4041916167664671,0.47131258249282837
PU-C,1,0.4,0.0,335,3000,0,339,163,502,0.19131866691168398,0.042100000000000026,2.4721663749660365,0,0,336,0.2890855457227139,0.41297935103244837,0.45574259757995605
PU-C,1,0.4,0.0,340,3000,0,344,100,444,0.17077872878871858,0.023599999999999954,2.5083512910059653,0,0,341,0.2877906976744186,0.4127906976744186,0.4394734799861908
PU-C,1,0.4,0.0,345,3000,0,349,194,543,0.2057693019742146,0.06310000000000004,2.545497707964387,0,0,346,0.2836676217765043,0.4068767908309456,0.4706551432609558
PU-C,1,0.4,0.0,350,3000,0,354,140,494,0.18849262921139598,0.04510000000000003,2.582810707972385,0,0,351,0.2824858757062147,0.403954802259887,0.46964016556739807
PU-C,1,0.4,0.0,355,3000,0,359,148,507,0.1930838503758423,0.04379999999999995,2.6252601660089567,0,0,356,0.2785515320334262,0.403899721448468,0.4678187072277069
PU-C,1,0.4,0.0,360,3000,0,364,122,486,0.18566440959693864,0.04079999999999995,2.664189958013594,0,0,361,0.2774725274725275,0.40384615384615385,0.4600318968296051
PU-C,1,0.4,0.0,365,3000,0,369,143,512,0.19484820670913905,0.05879999999999996,2.7025578749598935,0,0,366,0.28184281842818426,0.4065040650406504,0.46323293447494507
PU-C,1,0.4,0.0,370,3000,0,374,99,473,0.1810637908638455,0.037699999999999956,2.7419108749600127,0,0,371,0.2807486631016043,0.4037433155080214,0.5148139595985413
PU-C,1,0.4,0.0,375,3000,0,379,59,438,0.16864680708386004,0.01959999999999995,2.780647624982521,0,0,376,0.28232189973614774,0.40633245382585753,0.5053197741508484
PU-C,1,0.4,0.0,380,3000,0,384,102,486,0.18566440959693864,0.04420000000000002,2.8238130409736186,0,0,381,0.2864583333333333,0.4088541666666667,0.5151216387748718
PU-C,1,0.4,0.0,385,3000,0,389,64,453,0.1739740094053559,0.01749999999999996,2.866820540977642,0,0,386,0.2879177377892031,0.41131105398457585,0.5298357605934143
PU-C,1,0.4,0.0,390,3000,0,394,124,518,0.1969643555348739,0.03700000000000003,2.916248374967836,0,0,391,0.2868020304568528,0.4137055837563452,0.5360622406005859
PU-C,1,0.4,0.0,395,3000,0,399,64,463,0.17752073903102428,0.029100000000000015,2.964219374989625,0,0,396,0.2882205513784461,0.41604010025062654,0.4979444742202759
PU-C,1,0.4,0.0,400,3000,0,404,100,504,0.19202484015841037,0.03710000000000002,3.0062450830009766,0,0,401,0.2871287128712871,0.4158415841584158,0.5194500088691711
PU-C,1,0.4,0.0,405,3000,0,409,62,471,0.18035547027830034,0.028800000000000048,3.0481658749631606,0,0,406,0.2860635696821516,0.4132029339853301,0.4577414095401764
PU-C,1,0.4,0.0,410,3000,0,414,147,561,0.21209695702418685,0.06869999999999998,3.0952978749992326,0,0,411,0.28743961352657005,0.41545893719806765,0.5055267810821533
PU-C,1,0.4,0.0,415,3000,0,419,101,520,0.19766947941388935,0.05010000000000003,3.142595707962755,0,0,416,0.2840095465393795,0.4128878281622912,0.5366914868354797
PU-C,1,0.4,0.0,420,3000,0,424,77,501,0.19096553017152473,0.0353,3.1767104159807786,0,0,421,0.2806603773584906,0.419811320754717,0.5565422773361206
PU-C,1,0.4,0.0,425,3000,0,429,63,492,0.18778578046476468,0.017800000000000038,3.217666874988936,0,0,426,0.27972027972027974,0.4195804195804196,0.5674577951431274
PU-C,1,0.4,0.0,430,3000,0,434,76,510,0.19414256286108866,0.0353,3.2504529579891823,0,0,431,0.27880184331797236,0.41705069124423966,0.5803547501564026
PU-C,1,0.4,0.0,435,3000,0,439,54,493,0.1881392219220288,0.01880000000000004,3.314040625002235,0,0,436,0.27790432801822323,0.4191343963553531,0.48287203907966614
PU-C,1,0.4,0.0,440,3000,0,444,53,497,0.189552646887023,0.030200000000000005,3.374969583004713,0,0,441,0.28378378378378377,0.42342342342342343,0.49219128489494324
PU-C,1,0.4,0.0,445,3000,0,449,22,471,0.18035547027830034,0.010099999999999998,3.4269755000132136,0,0,446,0.2873051224944321,0.42761692650334077,0.49051788449287415
PU-C,1,0.4,0.0,450,3000,0,454,102,556,0.21034024911932647,0.0504,3.4673841249896213,0,0,451,0.28854625550660795,0.42731277533039647,0.43843209743499756
PU-C,1,0.4,0.0,455,3000,0,459,42,501,0.19096553017152473,0.0393,3.5053317910060287,0,0,456,0.28540305010893247,0.43137254901960786,0.4898265302181244
PU-C,1,0.4,0.0,460,3000,0,464,76,540,0.204713738465216,0.034499999999999975,3.547462082991842,0,0,461,0.2823275862068966,0.42887931034482757,0.4544510245323181
PU-C,1,0.4,0.0,465,3000,0,469,57,526,0.19978408206952736,0.023499999999999965,3.599819040973671,0,0,466,0.2814498933901919,0.43070362473347545,0.445864737033844
PU-C,1,0.4,0.0,470,3000,0,474,44,518,0.1969643555348739,0.021599999999999953,3.648160499986261,0,0,471,0.2805907172995781,0.43248945147679324,0.44913822412490845
PU-C,1,0.4,0.0,475,3000,0,479,35,514,0.1955537197063677,0.02949999999999997,3.70475583296502,0,0,476,0.2881002087682672,0.4384133611691023,0.4561600983142853
PU-C,1,0.4,0.0,480,3000,0,484,28,512,0.19484820670913905,0.03490000000000004,3.748944707971532,0,0,481,0.28512396694214875,0.4359504132231405,0.45165079832077026
PU-C,1,0.4,0.0,485,3000,0,489,55,544,0.2061210952233523,0.0393,3.839226250012871,0,0,486,0.28629856850715746,0.4376278118609407,0.4427057206630707
PU-C,1,0.4,0.0,490,3000,0,494,22,516,0.1962591024930589,0.02510000000000001,3.8909606249653734,0,0,491,0.2854251012145749,0.43724696356275305,0.4509779214859009
PU-C,1,0.4,0.0,495,3000,0,499,67,566,0.2138529270887375,0.04400000000000004,3.9304892079671845,0,0,496,0.2845691382765531,0.43687374749499,0.47781887650489807
PU-C,1,0.4,0.0,500,3000,0,504,9,513,0.19520097953500226,0.010000000000000009,3.9863242499995977,0,0,501,0.2857142857142857,0.4384920634920635,0.45615193247795105
PU-C,1,0.4,0.0,505,3000,0,509,5,514,0.1955537197063677,0.013000000000000012,4.027401291008573,0,0,506,0.2868369351669941,0.4381139489194499,0.44019442796707153
PU-C,1,0.4,0.0,510,3000,0,514,10,524,0.1990793421282433,0.008700000000000041,4.079844374966342,0,0,511,0.28793774319066145,0.44163424124513617,0.4716498851776123
PU-C,1,0.4,0.0,515,3000,0,519,8,527,0.2001364043680951,0.01429999999999998,4.1379426249768585,0,0,516,0.2909441233140655,0.44508670520231214,0.46418777108192444
PU-C,1,0.4,0.0,520,3000,0,524,6,530,0.2011931817396544,0.01739999999999997,4.1816240409971215,0,0,521,0.2900763358778626,0.44274809160305345,0.4655390977859497
PU-C,1,0.4,0.0,525,3000,0,529,7,536,0.20330588897923008,0.0029000000000000137,4.220594749960583,0,0,526,0.28733459357277885,0.44045368620037806,0.46685197949409485
PU-C,1,0.4,0.0,526,3000,0,530,0,530,0.2011931817396544,0.00990000000000002,4.244104499986861,1,0,527,0.28867924528301886,0.44150943396226416,0.4683622419834137
PU-F,1,0.4,0.0,0,3000,0,4,462,466,0.17858403647551313,0.10540000000000005,0.02571216697106138,0,0,1,0.0,0.25,0.697842538356781
PU-F,1,0.4,0.0,5,3000,0,9,395,404,0.15653848770307377,0.10540000000000005,0.15224454196868464,0,0,6,0.2222222222222222,0.3333333333333333,0.630511999130249
PU-F,1,0.4,0.0,10,3000,0,14,505,519,0.1973169335979037,0.10799999999999998,0.23224070901051164,0,0,11,0.5,0.5714285714285714,0.6517443656921387
PU-F,1,0.4,0.0,15,3000,0,19,588,607,0.2282249380950816,0.16600000000000004,0.28780516696861014,0,0,16,0.42105263157894735,0.47368421052631576,0.7026244401931763
PU-F,1,0.4,0.0,20,3000,0,24,984,1008,0.36674797371961176,0.28049999999999997,0.321002334007062,0,0,21,0.4583333333333333,0.5,0.7232040166854858
PU-F,1,0.4,0.0,25,3000,0,29,461,490,0.1870787946972996,0.12739999999999996,0.40421354200225323,0,0,26,0.4827586206896552,0.5172413793103449,0.716512143611908
PU-F,1,0.4,0.0,30,3000,0,34,623,657,0.24569040903588757,0.1521,0.48641591699561104,0,0,31,0.5588235294117647,0.5882352941176471,0.7369750142097473
PU-F,1,0.4,0.0,35,3000,0,39,458,497,0.189552646887023,0.13370000000000004,0.5763619169592857,0,0,36,0.5128205128205128,0.5384615384615384,0.7206960320472717
PU-F,1,0.4,0.0,40,3000,0,44,628,672,0.25091766519472003,0.15439999999999998,0.6620359169901349,0,0,41,0.45454545454545453,0.4772727272727273,0.723731517791748
PU-F,1,0.4,0.0,45,3000,0,49,434,483,0.1846032562898472,0.12619999999999998,0.7522063750075176,0,0,46,0.40816326530612246,0.42857142857142855,0.7122406959533691
PU-F,1,0.4,0.0,50,3000,0,54,564,618,0.23207295371685177,0.134,0.8232895839610137,0,0,51,0.3888888888888889,0.4074074074074074,0.7184191346168518
PU-F,1,0.4,0.0,55,3000,0,59,460,519,0.1973169335979037,0.13139999999999996,0.9109020420000888,0,0,56,0.4067796610169492,0.4406779661016949,0.716403067111969
PU-F,1,0.4,0.0,60,3000,0,64,534,598,0.2250741267343983,0.12229999999999996,0.9811424170038663,0,0,61,0.390625,0.421875,0.6955521702766418
PU-F,1,0.4,0.0,65,3000,0,69,449,518,0.1969643555348739,0.12649999999999995,1.0519624589942396,0,0,66,0.36231884057971014,0.43478260869565216,0.698095440864563
PU-F,1,0.4,0.0,70,3000,0,74,517,591,0.22262195614166558,0.1179,1.1101399170001969,0,0,71,0.33783783783783783,0.4594594594594595,0.6711667776107788
PU-F,1,0.4,0.0,75,3000,0,79,394,473,0.1810637908638455,0.10750000000000004,1.1789858340052888,0,0,76,0.34177215189873417,0.45569620253164556,0.6863297820091248
PU-F,1,0.4,0.0,80,3000,0,84,510,594,0.22367305267835036,0.11709999999999998,1.2627210000064224,0,0,81,0.32142857142857145,0.44047619047619047,0.6553194522857666
PU-F,1,0.4,0.0,85,3000,0,89,405,494,0.18849262921139598,0.11299999999999999,1.4230114999809302,0,0,86,0.30337078651685395,0.42696629213483145,0.680078387260437
PU-F,1,0.4,0.0,90,3000,0,94,479,573,0.21631005924427882,0.1069,1.5265068339649588,0,0,91,0.2872340425531915,0.425531914893617,0.6478133201599121
PU-F,1,0.4,0.0,95,3000,0,99,387,486,0.18566440959693864,0.10809999999999997,1.6191889169858769,0,0,96,0.2727272727272727,0.42424242424242425,0.6717323064804077
PU-F,1,0.4,0.0,100,3000,0,104,454,558,0.2110430212924257,0.10460000000000003,1.7006004999857396,0,0,101,0.27884615384615385,0.4423076923076923,0.6456981897354126
PU-F,1,0.4,0.0,105,3000,0,109,373,482,0.18424946861341596,0.1068,1.768609374994412,0,0,106,0.26605504587155965,0.44036697247706424,0.67047119140625
PU-F,1,0.4,0.0,110,3000,0,114,444,558,0.2110430212924257,0.10319999999999996,1.8384405419928953,0,0,111,0.2719298245614035,0.43859649122807015,0.6434451937675476
PU-F,1,0.4,0.0,115,3000,0,119,365,484,0.18495700892526656,0.10740000000000005,1.9461937499581836,0,0,116,0.2857142857142857,0.44537815126050423,0.6632828712463379
PU-F,1,0.4,0.0,120,3000,0,124,478,602,0.22647476044949144,0.11680000000000001,2.024933292006608,0,0,121,0.27419354838709675,0.43548387096774194,0.6425087451934814
PU-F,1,0.4,0.0,125,3000,0,129,474,603,0.2268248504260555,0.14339999999999997,2.1090183340129443,0,0,126,0.2713178294573643,0.4263565891472868,0.7339626550674438
PU-F,1,0.4,0.0,130,3000,0,134,343,477,0.18248000246239826,0.08589999999999998,2.210646999999881,0,0,131,0.26865671641791045,0.417910447761194,0.6139897704124451
PU-F,1,0.4,0.0,135,3000,0,139,335,474,0.18141789734363556,0.09319999999999995,2.2879297499894165,0,0,136,0.2733812949640288,0.4172661870503597,0.601415753364563
PU-F,1,0.4,0.0,140,3000,0,144,386,530,0.2011931817396544,0.10419999999999996,2.372581125004217,0,0,141,0.2777777777777778,0.4166666666666667,0.6140837073326111
PU-F,1,0.4,0.0,145,3000,0,149,478,627,0.23521893582073972,0.11860000000000004,2.470070166978985,0,0,146,0.2751677852348993,0.4228187919463087,0.6355980634689331
PU-F,1,0.4,0.0,150,3000,0,154,385,539,0.20436182245612144,0.10619999999999996,2.541844333987683,0,0,151,0.2727272727272727,0.42857142857142855,0.569719135761261
PU-F,1,0.4,0.0,155,3000,0,159,445,604,0.22717491316143423,0.11970000000000003,2.6195695839705877,0,0,156,0.27672955974842767,0.4276729559748428,0.5412952899932861
PU-F,1,0.4,0.0,160,3000,0,164,335,499,0.19025915587553754,0.09060000000000001,2.6846930839819834,0,0,161,0.27439024390243905,0.42073170731707316,0.5633653402328491
PU-F,1,0.4,0.0,165,3000,0,169,462,631,0.23661646782420576,0.12460000000000004,2.770597791997716,0,0,166,0.2781065088757396,0.42011834319526625,0.6368841528892517
PU-F,1,0.4,0.0,170,3000,0,174,306,480,0.1835417879628949,0.07699999999999996,2.8520258339704014,0,0,171,0.27586206896551724,0.41379310344827586,0.6947469711303711
PU-F,1,0.4,0.0,175,3000,0,179,410,589,0.22192108584567904,0.11209999999999998,2.9243306670105085,0,0,176,0.2849162011173184,0.41899441340782123,0.6342557072639465
PU-F,1,0.4,0.0,180,3000,0,184,369,553,0.2092858671094291,0.10109999999999997,2.997185249987524,0,0,181,0.29347826086956524,0.42391304347826086,0.6731185913085938
PU-F,1,0.4,0.0,185,3000,0,189,356,545,0.20647285785526037,0.09730000000000005,3.0757986250100657,0,0,186,0.291005291005291,0.42328042328042326,0.6889158487319946
PU-F,1,0.4,0.0,190,3000,0,194,275,469,0.1796470055123791,0.07840000000000003,3.156120917003136,0,0,191,0.29896907216494845,0.42783505154639173,0.5982252359390259
PU-F,1,0.4,0.0,195,3000,0,199,332,531,0.20154537784401327,0.07830000000000004,3.2177045840071514,0,0,196,0.31155778894472363,0.4371859296482412,0.6835139989852905
PU-F,1,0.4,0.0,200,3000,0,204,304,508,0.19343678752193227,0.0947,3.287193958996795,0,0,201,0.3088235294117647,0.43137254901960786,0.6449137926101685
PU-F,1,0.4,0.0,205,3000,0,209,295,504,0.19202484015841037,0.09160000000000001,3.363005291961599,0,0,206,0.3253588516746411,0.4449760765550239,0.599896252155304
PU-F,1,0.4,0.0,210,3000,0,214,267,481,0.18389564589597285,0.08709999999999996,3.439690666971728,0,0,211,0.32242990654205606,0.4392523364485981,0.5786332488059998
PU-F,1,0.4,0.0,215,3000,0,219,277,496,0.18919934157747775,0.08460000000000001,3.518863249977585,0,0,216,0.3333333333333333,0.4474885844748858,0.5584701299667358
PU-F,1,0.4,0.0,220,3000,0,224,300,524,0.1990793421282433,0.0948,3.5855527499807067,0,0,221,0.3392857142857143,0.45089285714285715,0.5291956067085266
PU-F,1,0.4,0.0,225,3000,0,229,339,568,0.2145551101421006,0.1049,3.6644122499856167,0,0,226,0.33624454148471616,0.44541484716157204,0.5718183517456055
PU-F,1,0.4,0.0,230,3000,0,234,211,445,0.1711339132161811,0.06630000000000003,3.7751619999762625,0,0,231,0.32905982905982906,0.44017094017094016,0.4640193581581116
PU-F,1,0.4,0.0,235,3000,0,239,235,474,0.18141789734363556,0.06979999999999997,3.8708764589973725,0,0,236,0.3305439330543933,0.4435146443514644,0.5159050822257996
PU-F,1,0.4,0.0,240,3000,0,244,385,629,0.23591775394743308,0.11770000000000003,3.943308541958686,0,0,241,0.3401639344262295,0.45081967213114754,0.4763292670249939
PU-F,1,0.4,0.0,245,3000,0,249,326,575,0.2170118367066607,0.10209999999999997,4.031203916994855,0,0,246,0.3333333333333333,0.4457831325301205,0.575973391532898
PU-F,1,0.4,0.0,250,3000,0,254,293,547,0.20717629184946418,0.09240000000000004,4.100725291995332,0,0,251,0.33070866141732286,0.44881889763779526,0.4955615699291229
PU-F,1,0.4,0.0,255,3000,0,259,308,567,0.2142040331964381,0.10499999999999998,4.18898412497947,0,0,256,0.3281853281853282,0.44787644787644787,0.524325966835022
PU-F,1,0.4,0.0,260,3000,0,264,346,610,0.22927471931325272,0.10529999999999995,4.276337124989368,0,0,261,0.32575757575757575,0.4431818181818182,0.5238144397735596
PU-F,1,0.4,0.0,265,3000,0,269,357,626,0.23486948752542958,0.12409999999999999,4.35612879198743,0,0,266,0.32342007434944237,0.43866171003717475,0.495595246553421
PU-F,1,0.4,0.0,270,3000,0,274,305,579,0.21841504727490246,0.09899999999999998,4.427423374960199,0,0,271,0.3175182481751825,0.4343065693430657,0.48632290959358215
PU-F,1,0.4,0.0,275,3000,0,279,264,543,0.2057693019742146,0.08860000000000001,4.503616124973632,0,0,276,0.3154121863799283,0.4336917562724014,0.49284690618515015
PU-F,1,0.4,0.0,280,3000,0,284,235,519,0.1973169335979037,0.0857,4.5813833749853075,0,0,281,0.30985915492957744,0.4295774647887324,0.5577540993690491
PU-F,1,0.4,0.0,285,3000,0,289,266,555,0.20998881832929328,0.08979999999999999,4.7139913339633495,0,0,286,0.3079584775086505,0.4290657439446367,0.5927490592002869
PU-F,1,0.4,0.0,290,3000,0,294,255,549,0.20787960436427966,0.0958,4.785916249966249,0,0,291,0.30612244897959184,0.42517006802721086,0.5168675780296326
PU-F,1,0.4,0.0,295,3000,0,299,305,604,0.22717491316143423,0.08779999999999999,4.848268291971181,0,0,296,0.3010033444816054,0.4214046822742475,0.524330198764801
PU-F,1,0.4,0.0,300,3000,0,304,267,571,0.21560816647252068,0.08809999999999996,4.912763541971799,0,0,301,0.29605263157894735,0.41776315789473684,0.6308208107948303
PU-F,1,0.4,0.0,305,3000,0,309,217,526,0.19978408206952736,0.06840000000000002,4.986158458981663,0,0,306,0.2977346278317152,0.4174757281553398,0.6072908043861389
PU-F,1,0.4,0.0,310,3000,0,314,207,521,0.19802199315745384,0.07079999999999997,5.0590087089804,0,0,311,0.2961783439490446,0.4171974522292994,0.5967217683792114
PU-F,1,0.4,0.0,315,3000,0,319,239,558,0.2110430212924257,0.08550000000000002,5.115751874982379,0,0,316,0.2946708463949843,0.4169278996865204,0.6499477028846741
PU-F,1,0.4,0.0,320,3000,0,324,174,498,0.18990591826150194,0.05500000000000005,5.207172291993629,0,0,321,0.29012345679012347,0.4104938271604938,0.6326380968093872
PU-F,1,0.4,0.0,325,3000,0,329,185,514,0.1955537197063677,0.06820000000000004,5.269670749956276,0,0,326,0.2887537993920973,0.41033434650455924,0.629764199256897
PU-F,1,0.4,0.0,330,3000,0,334,149,483,0.1846032562898472,0.05889999999999995,5.39097845897777,0,0,331,0.2844311377245509,0.4101796407185629,0.5951534509658813
PU-F,1,0.4,0.0,335,3000,0,339,172,511,0.1944954011705704,0.06279999999999997,5.467523041996174,0,0,336,0.28023598820059,0.41002949852507375,0.6581804156303406
PU-F,1,0.4,0.0,340,3000,0,344,115,459,0.17610249383142218,0.019199999999999995,5.540639417013153,0,0,341,0.2819767441860465,0.4127906976744186,0.6747764945030212
PU-F,1,0.4,0.0,345,3000,0,349,172,521,0.19802199315745384,0.0655,5.602122291980777,0,0,346,0.2836676217765043,0.4154727793696275,0.6986421942710876
PU-F,1,0.4,0.0,350,3000,0,354,213,567,0.2142040331964381,0.07530000000000003,5.667335000005551,0,0,351,0.2796610169491525,0.4124293785310734,0.6461386680603027
PU-F,1,0.4,0.0,355,3000,0,359,167,526,0.19978408206952736,0.05920000000000003,5.7334508749772795,0,0,356,0.2785515320334262,0.415041782729805,0.6640725135803223
PU-F,1,0.4,0.0,360,3000,0,364,136,500,0.19061235984554514,0.048799999999999955,5.800848209008109,0,0,361,0.2774725274725275,0.4175824175824176,0.6378516554832458
PU-F,1,0.4,0.0,365,3000,0,369,132,501,0.19096553017152473,0.05120000000000002,5.891556624963414,0,0,366,0.2764227642276423,0.4173441734417344,0.6673365831375122
PU-F,1,0.4,0.0,370,3000,0,374,142,516,0.1962591024930589,0.044300000000000006,5.957626999996137,0,0,371,0.27540106951871657,0.42513368983957217,0.6927599906921387
PU-F,1,0.4,0.0,375,3000,0,379,144,523,0.19872692442731932,0.061899999999999955,6.019240541965701,0,0,376,0.27440633245382584,0.42480211081794195,0.7145506739616394
PU-F,1,0.4,0.0,380,3000,0,384,98,482,0.18424946861341596,0.018299999999999983,6.092030874977354,0,0,381,0.2708333333333333,0.4244791666666667,0.7189538478851318
PU-F,1,0.4,0.0,385,3000,0,389,211,600,0.22577449848176911,0.08220000000000005,6.1844245420070365,0,0,386,0.2750642673521851,0.42930591259640105,0.7591425180435181
PU-F,1,0.4,0.0,390,3000,0,394,199,593,0.22332271496998146,0.07210000000000005,6.239399084006436,0,0,391,0.27411167512690354,0.43147208121827413,0.7580756545066833
PU-F,1,0.4,0.0,395,3000,0,399,141,540,0.204713738465216,0.04859999999999998,6.299415791989304,0,0,396,0.2731829573934837,0.42857142857142855,0.6967614889144897
PU-F,1,0.4,0.0,400,3000,0,404,85,489,0.18672525027068332,0.02939999999999998,6.366437958960887,0,0,401,0.27970297029702973,0.43316831683168316,0.7557275891304016
PU-F,1,0.4,0.0,405,3000,0,409,53,462,0.17716623313026503,0.017000000000000015,6.4362028340110555,0,0,406,0.28361858190709044,0.4400977995110024,0.7505256533622742
PU-F,1,0.4,0.0,410,3000,0,414,200,614,0.23067405057372525,0.07789999999999997,6.487431999994442,0,0,411,0.28502415458937197,0.4420289855072464,0.7481256127357483
PU-F,1,0.4,0.0,415,3000,0,419,101,520,0.19766947941388935,0.03949999999999998,6.575870624976233,0,0,416,0.2840095465393795,0.43914081145584727,0.7784842252731323
PU-F,1,0.4,0.0,420,3000,0,424,61,485,0.18531072669429705,0.014499999999999957,6.660962333960924,0,0,421,0.28537735849056606,0.4386792452830189,0.7577753663063049
PU-F,1,0.4,0.0,425,3000,0,429,59,488,0.18637167132692412,0.021499999999999964,6.714864416979253,0,0,426,0.28438228438228436,0.4358974358974359,0.7142208218574524
PU-F,1,0.4,0.0,430,3000,0,434,51,485,0.18531072669429705,0.012399999999999967,6.765105458965991,0,0,431,0.2880184331797235,0.4377880184331797,0.7830923795700073
PU-F,1,0.4,0.0,435,3000,0,439,100,539,0.20436182245612144,0.04139999999999999,6.818189000012353,0,0,436,0.29157175398633256,0.4419134396355353,0.8092724084854126
PU-F,1,0.4,0.0,440,3000,0,444,167,611,0.2296245924080722,0.07040000000000002,6.878071083978284,0,0,441,0.2905405405405405,0.44144144144144143,0.798710823059082
PU-F,1,0.4,0.0,445,3000,0,449,94,543,0.2057693019742146,0.04959999999999998,6.948716374987271,0,0,446,0.289532293986637,0.43875278396436523,0.7839973568916321
PU-F,1,0.4,0.0,450,3000,0,454,136,590,0.22227153496351093,0.06469999999999998,7.008030249970034,0,0,451,0.2907488986784141,0.43832599118942733,0.8073182106018066
PU-F,1,0.4,0.0,455,3000,0,459,62,521,0.19802199315745384,0.017800000000000038,7.065704334003385,0,0,456,0.29411764705882354,0.4400871459694989,0.8108716607093811
PU-F,1,0.4,0.0,460,3000,0,464,27,491,0.18743230478139594,0.02729999999999999,7.12066470895661,0,0,461,0.2974137931034483,0.4418103448275862,0.7993051409721375
PU-F,1,0.4,0.0,465,3000,0,469,136,605,0.22752494865562767,0.07589999999999997,7.17693837499246,0,0,466,0.29637526652452023,0.44136460554371004,0.8189064264297485
PU-F,1,0.4,0.0,470,3000,0,474,74,548,0.20752796321175992,0.0363,7.237392833980266,0,0,471,0.2974683544303797,0.4409282700421941,0.8146468997001648
PU-F,1,0.4,0.0,475,3000,0,479,35,514,0.1955537197063677,0.022499999999999964,7.297013083996717,0,0,476,0.2964509394572025,0.4405010438413361,0.8277365565299988
PU-F,1,0.4,0.0,480,3000,0,484,88,572,0.21595912729389966,0.04259999999999997,7.340851791959722,0,0,481,0.29958677685950413,0.44421487603305787,0.8063461780548096
PU-F,1,0.4,0.0,485,3000,0,489,29,518,0.1969643555348739,0.021499999999999964,7.404656499973498,0,0,486,0.2965235173824131,0.4437627811860941,0.8129651546478271
PU-F,1,0.4,0.0,490,3000,0,494,148,642,0.2404575445689261,0.06920000000000004,7.5583730840007775,0,0,491,0.2975708502024291,0.44534412955465585,0.8398659825325012
PU-F,1,0.4,0.0,495,3000,0,499,35,534,0.20260177814634517,0.02310000000000001,7.661322833970189,0,0,496,0.2965931863727455,0.44288577154308617,0.803750216960907
PU-F,1,0.4,0.0,500,3000,0,504,79,583,0.21981780178612098,0.05900000000000005,7.7137568749603815,0,0,501,0.29563492063492064,0.44246031746031744,0.83958899974823
PU-F,1,0.4,0.0,505,3000,0,509,129,638,0.239061149652116,0.07010000000000005,7.769009375013411,0,0,506,0.29469548133595286,0.4400785854616896,0.828140377998352
PU-F,1,0.4,0.0,510,3000,0,514,50,564,0.21315062715439126,0.03859999999999997,7.827705500007141,0,0,511,0.29377431906614787,0.44163424124513617,0.8142300844192505
PU-F,1,0.4,0.0,515,3000,0,519,50,569,0.21490615798393264,0.028900000000000037,7.91201374999946,0,0,516,0.2947976878612717,0.441233140655106,0.8315701484680176
PU-F,1,0.4,0.0,520,3000,0,524,78,602,0.22647476044949144,0.0494,7.9648831249796785,0,0,521,0.29389312977099236,0.4389312977099237,0.8655734062194824
PU-F,1,0.4,0.0,525,3000,0,529,31,560,0.21174567472189665,0.0403,8.020769833994564,0,0,526,0.29300567107750475,0.43667296786389415,0.832097053527832
PU-F,1,0.4,0.0,530,3000,0,534,70,604,0.22717491316143423,0.03369999999999995,8.083581166982185,0,0,531,0.29213483146067415,0.4344569288389513,0.8307579159736633
PU-F,1,0.4,0.0,535,3000,0,539,117,656,0.24534172733547166,0.07340000000000002,8.141457708959933,0,0,536,0.2894248608534323,0.4322820037105751,0.8479391932487488
PU-F,1,0.4,0.0,540,3000,0,544,114,658,0.2460390658234246,0.0827,8.196754166972823,0,0,541,0.28860294117647056,0.4319852941176471,0.8508285284042358
PU-F,1,0.4,0.0,545,3000,0,549,19,568,0.2145551101421006,0.021499999999999964,8.248743083968293,0,0,546,0.2859744990892532,0.42987249544626593,0.8288120627403259
PU-F,1,0.4,0.0,550,3000,0,554,89,643,0.2408065793570131,0.07789999999999997,8.303775709006004,0,0,551,0.2851985559566787,0.4296028880866426,0.8654488921165466
PU-F,1,0.4,0.0,555,3000,0,559,52,611,0.2296245924080722,0.04369999999999996,8.354992625012528,0,0,556,0.2844364937388193,0.4293381037567084,0.8483287692070007
PU-F,1,0.4,0.0,560,3000,0,564,45,609,0.22892481921007857,0.048699999999999966,8.412094833969604,0,0,561,0.28368794326241137,0.42730496453900707,0.8391668200492859
PU-F,1,0.4,0.0,565,3000,0,569,64,633,0.23731507768388838,0.03759999999999997,8.487465334008448,0,0,566,0.281195079086116,0.4253075571177504,0.8004516363143921
PU-F,1,0.4,0.0,570,3000,0,574,88,662,0.24743344442686066,0.04510000000000003,8.576918124977965,0,0,571,0.2787456445993031,0.42334494773519166,0.8347927331924438
PU-F,1,0.4,0.0,573,3000,0,577,0,577,0.21771349920891225,0.024499999999999966,8.656798709009308,1,0,574,0.2772963604852686,0.42114384748700173,0.8533671498298645
PU-G,1,0.4,0.0,0,3000,0,4,874,878,0.3221955466433428,0.27190000000000003,0.020349874976091087,0,0,1,0.0,0.25,0.49852463603019714
PU-G,1,0.4,0.0,5,3000,0,9,614,623,0.2338209851877764,0.17700000000000005,0.1116770829539746,0,0,6,0.1111111111111111,0.2222222222222222,0.6168867349624634
PU-G,1,0.4,0.0,10,3000,0,14,295,309,0.12242135201813653,0.05679999999999996,0.18301179097034037,0,0,11,0.14285714285714285,0.21428571428571427,0.738291323184967
PU-G,1,0.4,0.0,15,3000,0,19,444,463,0.17752073903102428,0.119,0.26008158299373463,0,0,16,0.3684210526315789,0.42105263157894735,0.727246880531311
PU-G,1,0.4,0.0,20,3000,0,24,428,452,0.17361913050990552,0.0837,0.2889458329882473,0,0,21,0.4583333333333333,0.5,0.792985200881958
PU-G,1,0.4,0.0,25,3000,0,29,396,425,0.16402276017470285,0.09030000000000005,0.3175196659867652,0,0,26,0.5517241379310345,0.5862068965517241,0.7788523435592651
PU-G,1,0.4,0.0,30,3000,0,34,604,638,0.239061149652116,0.14290000000000003,0.34851808298844844,0,0,31,0.5882352941176471,0.6176470588235294,0.8052141070365906
PU-G,1,0.4,0.0,35,3000,0,39,290,329,0.12964329816168174,0.06510000000000005,0.4460933329537511,0,0,36,0.5897435897435898,0.6153846153846154,0.7795071005821228
PU-G,1,0.4,0.0,40,3000,0,44,654,698,0.2599653310608119,0.16000000000000003,0.5201852909522131,0,0,41,0.5681818181818182,0.5909090909090909,0.789706826210022
PU-G,1,0.4,0.0,45,3000,0,49,398,447,0.17184416647069156,0.10629999999999995,0.6129137079697102,0,0,46,0.5102040816326531,0.5306122448979592,0.7874876856803894
PU-G,1,0.4,0.0,50,3000,0,54,646,700,0.2606606413028203,0.1602,0.699293207959272,0,0,51,0.46296296296296297,0.48148148148148145,0.7749407291412354
PU-G,1,0.4,0.0,55,3000,0,59,391,450,0.1729092591558583,0.10740000000000005,0.7981007499620318,0,0,56,0.4406779661016949,0.4576271186440678,0.7907429337501526
PU-G,1,0.4,0.0,60,3000,0,64,640,704,0.26205098163336515,0.1522,0.8907922079670243,0,0,61,0.4375,0.46875,0.7771806120872498
PU-G,1,0.4,0.0,65,3000,0,69,413,482,0.18424946861341596,0.11919999999999997,0.9737277079839259,0,0,66,0.4782608695652174,0.5072463768115942,0.8094465732574463
PU-G,1,0.4,0.0,70,3000,0,74,643,717,0.2665670301648788,0.16559999999999997,1.098660874995403,0,0,71,0.4864864864864865,0.5135135135135135,0.788250744342804
PU-G,1,0.4,0.0,75,3000,0,79,470,549,0.20787960436427966,0.13170000000000004,1.1842537499614991,0,0,76,0.45569620253164556,0.4810126582278481,0.8198827505111694
PU-G,1,0.4,0.0,80,3000,0,84,644,728,0.2703852857812308,0.16849999999999998,1.2743274999666028,0,0,81,0.42857142857142855,0.47619047619047616,0.7937532663345337
PU-G,1,0.4,0.0,85,3000,0,89,472,561,0.21209695702418685,0.13649999999999995,1.3507537909899838,0,0,86,0.4044943820224719,0.47191011235955055,0.8305376768112183
PU-G,1,0.4,0.0,90,3000,0,94,620,714,0.2655252100666985,0.15549999999999997,1.4179000829462893,0,0,91,0.40425531914893614,0.46808510638297873,0.7931432723999023
PU-G,1,0.4,0.0,95,3000,0,99,462,561,0.21209695702418685,0.13729999999999998,1.503746499947738,0,0,96,0.41414141414141414,0.47474747474747475,0.8353416919708252
PU-G,1,0.4,0.0,100,3000,0,104,626,730,0.27107922051800415,0.15710000000000002,1.6667224579723552,0,0,101,0.40384615384615385,0.46153846153846156,0.7951882481575012
PU-G,1,0.4,0.0,105,3000,0,109,443,552,0.20893434656318277,0.13570000000000004,1.7678629159927368,0,0,106,0.4036697247706422,0.46788990825688076,0.8353831768035889
PU-G,1,0.4,0.0,110,3000,0,114,581,695,0.2589221897069365,0.14349999999999996,1.8929092499893159,0,0,111,0.39473684210526316,0.45614035087719296,0.7848140597343445
PU-G,1,0.4,0.0,115,3000,0,119,401,520,0.19766947941388935,0.12639999999999996,1.9713746249908581,0,0,116,0.3865546218487395,0.44537815126050423,0.8280674815177917
PU-G,1,0.4,0.0,120,3000,0,124,531,655,0.24499302072217688,0.12460000000000004,2.0494891249691136,0,0,121,0.3790322580645161,0.4435483870967742,0.7708133459091187
PU-G,1,0.4,0.0,125,3000,0,129,473,602,0.22647476044949144,0.14759999999999995,2.133909457945265,0,0,126,0.3643410852713178,0.43410852713178294,0.8800325989723206
PU-G,1,0.4,0.0,130,3000,0,134,422,556,0.21034024911932647,0.11739999999999995,2.213665624964051,0,0,131,0.35074626865671643,0.417910447761194,0.7095463275909424
PU-G,1,0.4,0.0,135,3000,0,139,449,588,0.22157060878816992,0.12060000000000004,2.2807648749439977,0,0,136,0.3381294964028777,0.4028776978417266,0.7356573343276978
PU-G,1,0.4,0.0,140,3000,0,144,404,548,0.20752796321175992,0.10440000000000005,2.3644899999490008,0,0,141,0.3333333333333333,0.3958333333333333,0.6778577566146851
PU-G,1,0.4,0.0,145,3000,0,149,367,516,0.1962591024930589,0.1068,2.4692287909565493,0,0,146,0.33557046979865773,0.40268456375838924,0.7424647808074951
PU-G,1,0.4,0.0,150,3000,0,154,289,443,0.17042350576957688,0.07169999999999999,2.551617165969219,0,0,151,0.3246753246753247,0.38961038961038963,0.7214151620864868
PU-G,1,0.4,0.0,155,3000,0,159,387,546,0.20682459004456177,0.11619999999999997,2.6230010829749517,0,0,156,0.32075471698113206,0.389937106918239,0.7390859127044678
PU-G,1,0.4,0.0,160,3000,0,164,401,565,0.2135017917607911,0.09360000000000002,2.7039029579609632,0,0,161,0.31097560975609756,0.3902439024390244,0.6555564403533936
PU-G,1,0.4,0.0,165,3000,0,169,319,488,0.18637167132692412,0.08860000000000001,2.7913288329727948,0,0,166,0.30177514792899407,0.378698224852071,0.631358802318573
PU-G,1,0.4,0.0,170,3000,0,174,404,578,0.21806428756099194,0.10840000000000005,3.0283290409715846,0,0,171,0.29310344827586204,0.3793103448275862,0.632544219493866
PU-G,1,0.4,0.0,175,3000,0,179,291,470,0.1800012559397146,0.0746,3.1308767079608515,0,0,176,0.2849162011173184,0.3743016759776536,0.655620276927948
PU-G,1,0.4,0.0,180,3000,0,184,340,524,0.1990793421282433,0.08999999999999997,3.2148519579786807,0,0,181,0.28804347826086957,0.3804347826086957,0.6318796873092651
PU-G,1,0.4,0.0,185,3000,0,189,272,461,0.17681169032584876,0.07669999999999999,3.3094819999532774,0,0,186,0.2804232804232804,0.38095238095238093,0.5956053733825684
PU-G,1,0.4,0.0,190,3000,0,194,260,454,0.174328850582242,0.0665,3.5938155409530737,0,0,191,0.27319587628865977,0.38144329896907214,0.5793565511703491
PU-G,1,0.4,0.0,195,3000,0,199,285,484,0.18495700892526656,0.08040000000000003,3.651278540957719,0,0,196,0.271356783919598,0.3869346733668342,0.579971969127655
PU-G,1,0.4,0.0,200,3000,0,204,349,553,0.2092858671094291,0.10070000000000001,3.7173234579968266,0,0,201,0.27450980392156865,0.3872549019607843,0.543298065662384
PU-G,1,0.4,0.0,205,3000,0,209,275,484,0.18495700892526656,0.07599999999999996,3.792978499957826,0,0,206,0.2679425837320574,0.3827751196172249,0.5193273425102234
PU-G,1,0.4,0.0,210,3000,0,214,300,514,0.1955537197063677,0.07950000000000002,3.8689098749891855,0,0,211,0.2616822429906542,0.37383177570093457,0.5106626152992249
PU-G,1,0.4,0.0,215,3000,0,219,223,442,0.17006824392592534,0.06810000000000005,3.932695415976923,0,0,216,0.2648401826484018,0.3744292237442922,0.5315172076225281
PU-G,1,0.4,0.0,220,3000,0,224,304,528,0.20048869505990297,0.07540000000000002,3.995375790982507,0,0,221,0.26339285714285715,0.3794642857142857,0.4790405035018921
PU-G,1,0.4,0.0,225,3000,0,229,248,477,0.18248000246239826,0.06799999999999995,4.0570548749528825,0,0,226,0.26200873362445415,0.37554585152838427,0.5172663331031799
PU-G,1,0.4,0.0,230,3000,0,234,316,550,0.20823121524881572,0.07940000000000003,4.127726749982685,0,0,231,0.2564102564102564,0.37606837606837606,0.47238773107528687
PU-G,1,0.4,0.0,235,3000,0,239,302,541,0.20506562368245795,0.08520000000000005,4.198676124971826,0,0,236,0.2594142259414226,0.37656903765690375,0.4829491376876831
PU-G,1,0.4,0.0,240,3000,0,244,261,505,0.19237787678139284,0.0665,4.271908374968916,0,0,241,0.26229508196721313,0.3770491803278688,0.4908759295940399
PU-G,1,0.4,0.0,245,3000,0,249,299,548,0.20752796321175992,0.07589999999999997,4.347404624975752,0,0,246,0.26506024096385544,0.37751004016064255,0.4888845384120941
PU-G,1,0.4,0.0,250,3000,0,254,274,528,0.20048869505990297,0.06930000000000003,4.415821582952049,0,0,251,0.2637795275590551,0.37401574803149606,0.4922395944595337
PU-G,1,0.4,0.0,255,3000,0,259,319,578,0.21806428756099194,0.07809999999999995,4.539097540953662,0,0,256,0.25868725868725867,0.3667953667953668,0.4864867031574249
PU-G,1,0.4,0.0,260,3000,0,264,342,606,0.22787495696684346,0.08099999999999996,4.632323874975555,0,0,261,0.25757575757575757,0.36363636363636365,0.5077914595603943
PU-G,1,0.4,0.0,265,3000,0,269,241,510,0.19414256286108866,0.06140000000000001,4.718658749945462,0,0,266,0.2527881040892193,0.35687732342007433,0.4617977738380432
PU-G,1,0.4,0.0,270,3000,0,274,281,555,0.20998881832929328,0.060699999999999976,4.794820082955994,0,0,271,0.26277372262773724,0.36496350364963503,0.46636277437210083
PU-G,1,0.4,0.0,275,3000,0,279,326,605,0.22752494865562767,0.07099999999999995,4.88735558296321,0,0,276,0.26523297491039427,0.3655913978494624,0.43807852268218994
PU-G,1,0.4,0.0,280,3000,0,284,336,620,0.23277224571211264,0.07299999999999995,4.9697910829563625,0,0,281,0.2711267605633803,0.36971830985915494,0.44351908564567566
PU-G,1,0.4,0.0,285,3000,0,289,288,577,0.21771349920891225,0.06440000000000001,5.136859374993946,0,0,286,0.28027681660899656,0.3771626297577855,0.4359894096851349
PU-G,1,0.4,0.0,290,3000,0,294,310,604,0.22717491316143423,0.07199999999999995,5.212223624985199,0,0,291,0.2891156462585034,0.3843537414965986,0.4297288954257965
PU-G,1,0.4,0.0,295,3000,0,299,310,609,0.22892481921007857,0.07089999999999996,5.291611082968302,0,0,296,0.2909698996655518,0.391304347826087,0.4275354743003845
PU-G,1,0.4,0.0,300,3000,0,304,264,568,0.2145551101421006,0.05510000000000004,5.377677124983165,0,0,301,0.28618421052631576,0.3848684210526316,0.4360194802284241
PU-G,1,0.4,0.0,305,3000,0,309,333,642,0.2404575445689261,0.07889999999999997,5.445798165979795,0,0,306,0.28802588996763756,0.3851132686084142,0.4240792393684387
PU-G,1,0.4,0.0,310,3000,0,314,296,610,0.22927471931325272,0.06720000000000004,5.53229341597762,0,0,311,0.28662420382165604,0.3885350318471338,0.4081991910934448
PU-G,1,0.4,0.0,315,3000,0,319,270,589,0.22192108584567904,0.061000000000000054,5.61570808297256,0,0,316,0.28213166144200624,0.38557993730407525,0.3958389163017273
PU-G,1,0.4,0.0,320,3000,0,324,254,578,0.21806428756099194,0.060799999999999965,5.780050415953156,0,0,321,0.2808641975308642,0.38271604938271603,0.3755224943161011
PU-G,1,0.4,0.0,325,3000,0,329,240,569,0.21490615798393264,0.056499999999999995,5.9095604999456555,0,0,326,0.2796352583586626,0.3829787234042553,0.3527946174144745
PU-G,1,0.4,0.0,330,3000,0,334,277,611,0.2296245924080722,0.06669999999999998,5.997123874956742,0,0,331,0.2754491017964072,0.38622754491017963,0.39675405621528625
PU-G,1,0.4,0.0,335,3000,0,339,255,594,0.22367305267835036,0.059799999999999964,6.085106207989156,0,0,336,0.2713864306784661,0.3805309734513274,0.366941899061203
PU-G,1,0.4,0.0,340,3000,0,344,196,540,0.204713738465216,0.0353,6.209418207989074,0,0,341,0.26744186046511625,0.37790697674418605,0.36725905537605286
PU-G,1,0.4,0.0,345,3000,0,349,144,493,0.1881392219220288,0.026599999999999957,6.2898919159779325,0,0,346,0.2664756446991404,0.3753581661891118,0.3353571891784668
PU-G,1,0.4,0.0,350,3000,0,354,167,521,0.19802199315745384,0.04239999999999999,6.368812207947485,0,0,351,0.2627118644067797,0.3700564971751412,0.323870450258255
PU-G,1,0.4,0.0,355,3000,0,359,196,555,0.20998881832929328,0.040000000000000036,6.447607374982908,0,0,356,0.2590529247910863,0.36768802228412256,0.33471065759658813
PU-G,1,0.4,0.0,360,3000,0,364,175,539,0.20436182245612144,0.03210000000000002,6.509730332996696,0,0,361,0.2554945054945055,0.3626373626373626,0.3269927203655243
PU-G,1,0.4,0.0,365,3000,0,369,171,540,0.204713738465216,0.04049999999999998,6.573126624978613,0,0,366,0.25474254742547425,0.3604336043360434,0.3394712805747986
PU-G,1,0.4,0.0,370,3000,0,374,155,529,0.20084095414495096,0.04279999999999995,6.66946124995593,0,0,371,0.25668449197860965,0.36363636363636365,0.35299086570739746
PU-G,1,0.4,0.0,375,3000,0,379,118,497,0.189552646887023,0.02200000000000002,6.754228165955283,0,0,376,0.26649076517150394,0.3720316622691293,0.3646278977394104
PU-G,1,0.4,0.0,380,3000,0,384,178,562,0.21244820981519297,0.04069999999999996,6.818093415990006,0,0,381,0.2682291666666667,0.3723958333333333,0.3323277235031128
PU-G,1,0.4,0.0,385,3000,0,389,199,588,0.22157060878816992,0.06920000000000004,6.878955790947657,0,0,386,0.2647814910025707,0.37275064267352187,0.3118337094783783
PU-G,1,0.4,0.0,390,3000,0,394,168,562,0.21244820981519297,0.04400000000000004,6.936281332978979,0,0,391,0.2614213197969543,0.3680203045685279,0.3256210386753082
PU-G,1,0.4,0.0,395,3000,0,399,175,574,0.21666096238186583,0.05779999999999996,7.0019998329808,0,0,396,0.2581453634085213,0.3634085213032581,0.3004394471645355
PU-G,1,0.4,0.0,400,3000,0,404,175,579,0.21841504727490246,0.05230000000000001,7.100700749957468,0,0,401,0.2623762376237624,0.36633663366336633,0.3011404573917389
PU-G,1,0.4,0.0,405,3000,0,409,166,575,0.2170118367066607,0.05130000000000001,7.180903457978275,0,0,406,0.26405867970660146,0.36674816625916873,0.3429643511772156
PU-G,1,0.4,0.0,410,3000,0,414,147,561,0.21209695702418685,0.044300000000000006,7.2371306249988265,0,0,411,0.27053140096618356,0.3719806763285024,0.34407517313957214
PU-G,1,0.4,0.0,415,3000,0,419,157,576,0.21736268227687106,0.041000000000000036,7.294762999983504,0,0,416,0.2744630071599045,0.3747016706443914,0.3436386287212372
PU-G,1,0.4,0.0,420,3000,0,424,136,560,0.21174567472189665,0.045499999999999985,7.394948874949478,0,0,421,0.2806603773584906,0.37971698113207547,0.3269113004207611
PU-G,1,0.4,0.0,425,3000,0,429,110,539,0.20436182245612144,0.030200000000000005,7.485081291000824,0,0,426,0.28438228438228436,0.3822843822843823,0.34909456968307495
PU-G,1,0.4,0.0,430,3000,0,434,218,652,0.24394675059011206,0.06520000000000004,7.562202040979173,0,0,431,0.2926267281105991,0.38940092165898615,0.40588319301605225
PU-G,1,0.4,0.0,435,3000,0,439,192,631,0.23661646782420576,0.05789999999999995,7.626910249993671,0,0,436,0.28929384965831434,0.38724373576309795,0.3668949604034424
PU-G,1,0.4,0.0,440,3000,0,444,175,619,0.23242261295672506,0.05940000000000001,7.689418874972034,0,0,441,0.2905405405405405,0.38963963963963966,0.3829886019229889
PU-G,1,0.4,0.0,445,3000,0,449,191,640,0.23975939833326265,0.06389999999999996,7.74665908300085,0,0,446,0.29175946547884185,0.39198218262806234,0.3574417531490326
PU-G,1,0.4,0.0,450,3000,0,454,195,649,0.24290025437949225,0.06589999999999996,7.848169874981977,0,0,451,0.28854625550660795,0.3876651982378855,0.3700682520866394
PU-G,1,0.4,0.0,455,3000,0,459,178,637,0.23871198680717498,0.06320000000000003,7.92061583296163,0,0,456,0.29193899782135074,0.39433551198257083,0.361411988735199
PU-G,1,0.4,0.0,460,3000,0,464,183,647,0.2422024640836753,0.0695,8.002048499998637,0,0,461,0.2952586206896552,0.39655172413793105,0.36472198367118835
PU-G,1,0.4,0.0,465,3000,0,469,197,666,0.24882742739282548,0.07279999999999998,8.09558012499474,0,0,466,0.29637526652452023,0.39658848614072495,0.3835271894931793
PU-G,1,0.4,0.0,470,3000,0,474,189,663,0.2477819771738723,0.06110000000000004,8.183395582949743,0,0,471,0.29535864978902954,0.39662447257383965,0.35338515043258667
PU-G,1,0.4,0.0,475,3000,0,479,163,642,0.2404575445689261,0.05300000000000005,8.245006999990437,0,0,476,0.29436325678496866,0.3966597077244259,0.36150527000427246
PU-G,1,0.4,0.0,480,3000,0,484,128,612,0.22997443861095235,0.04349999999999998,8.30319037497975,0,0,481,0.29132231404958675,0.3987603305785124,0.36745697259902954
PU-G,1,0.4,0.0,485,3000,0,489,145,634,0.2376643437310122,0.05069999999999997,8.360580082982779,0,0,486,0.29243353783231085,0.40081799591002043,0.36305734515190125
PU-G,1,0.4,0.0,490,3000,0,494,119,613,0.2303242579801008,0.05400000000000005,8.424468332959805,0,0,491,0.2894736842105263,0.39878542510121456,0.3738127648830414
PU-G,1,0.4,0.0,495,3000,0,499,108,607,0.2282249380950816,0.041200000000000014,8.494783207948785,0,0,496,0.2905811623246493,0.40080160320641284,0.37361961603164673
PU-G,1,0.4,0.0,500,3000,0,504,136,640,0.23975939833326265,0.05559999999999998,8.565745957952458,0,0,501,0.2896825396825397,0.4027777777777778,0.3896462321281433
PU-G,1,0.4,0.0,505,3000,0,509,35,544,0.2061210952233523,0.026699999999999946,8.63298312498955,0,0,506,0.2868369351669941,0.40078585461689586,0.38337233662605286
PU-G,1,0.4,0.0,510,3000,0,514,34,548,0.20752796321175992,0.024499999999999966,8.68770966597367,0,0,511,0.28793774319066145,0.40077821011673154,0.38477906584739685
PU-G,1,0.4,0.0,515,3000,0,519,56,575,0.2170118367066607,0.027599999999999958,8.746219665976241,0,0,516,0.28516377649325625,0.4007707129094412,0.39205124974250793
PU-G,1,0.4,0.0,520,3000,0,524,71,595,0.224023362621665,0.04479999999999995,8.805337374971714,0,0,521,0.2862595419847328,0.40076335877862596,0.3943502902984619
PU-G,1,0.4,0.0,525,3000,0,529,84,613,0.2303242579801008,0.041000000000000036,8.856261707958765,0,0,526,0.28544423440453687,0.40264650283553877,0.37709712982177734
PU-G,1,0.4,0.0,530,3000,0,534,28,562,0.21244820981519297,0.02059999999999995,8.914100207970478,0,0,531,0.28277153558052437,0.398876404494382,0.36715784668922424
PU-G,1,0.4,0.0,535,3000,0,539,91,630,0.23626712389523163,0.038900000000000046,8.966245332965627,0,0,536,0.28014842300556586,0.39888682745825604,0.3792027533054352
PU-G,1,0.4,0.0,540,3000,0,544,16,560,0.21174567472189665,0.023700000000000054,9.025618832965847,0,0,541,0.27941176470588236,0.4007352941176471,0.37290623784065247
PU-G,1,0.4,0.0,545,3000,0,549,15,564,0.21315062715439126,0.018000000000000016,9.077629749954212,0,0,546,0.28051001821493626,0.40255009107468126,0.37206465005874634
PU-G,1,0.4,0.0,550,3000,0,554,13,567,0.2142040331964381,0.027000000000000024,9.120275165943895,0,0,551,0.2833935018050541,0.4043321299638989,0.379062294960022
PU-G,1,0.4,0.0,555,3000,0,559,24,583,0.21981780178612098,0.024399999999999977,9.172561832994688,0,0,556,0.2826475849731664,0.40429338103756707,0.37421512603759766
PU-G,1,0.4,0.0,560,3000,0,564,46,610,0.22927471931325272,0.032200000000000006,9.232167499954812,0,0,561,0.2801418439716312,0.40070921985815605,0.3794107139110565
PU-G,1,0.4,0.0,565,3000,0,569,22,591,0.22262195614166558,0.026499999999999968,9.299524332978763,0,0,566,0.27768014059753954,0.3989455184534271,0.36872798204421997
PU-G,1,0.4,0.0,570,3000,0,574,54,628,0.2355683579808101,0.03539999999999999,9.361125707975589,0,0,571,0.27526132404181186,0.3989547038327526,0.3820658028125763
PU-G,1,0.4,0.0,575,3000,0,579,72,651,0.24359794368501753,0.04720000000000002,9.41858079098165,0,0,576,0.27461139896373055,0.39723661485319517,0.3759270906448364
PU-G,1,0.4,0.0,580,3000,0,584,3,587,0.22122010361636057,0.014800000000000035,9.482049124955665,0,0,581,0.273972602739726,0.398972602739726,0.3723515272140503
PU-G,1,0.4,0.0,585,3000,0,589,1,590,0.22227153496351093,0.021599999999999953,9.59128845797386,0,0,586,0.27164685908319186,0.398981324278438,0.3625328540802002
PU-G,1,0.4,0.0,590,3000,0,594,17,611,0.2296245924080722,0.024800000000000044,9.69320095796138,0,0,591,0.26936026936026936,0.398989898989899,0.3779943883419037
PU-G,1,0.4,0.0,595,3000,0,599,13,612,0.22997443861095235,0.024399999999999977,9.761714665975887,0,0,596,0.2671118530884808,0.3989983305509182,0.37861788272857666
PU-G,1,0.4,0.0,596,3000,0,600,34,634,0.2376643437310122,0.04190000000000005,9.784778874949552,0,1,597,0.26666666666666666,0.4,0.3826788067817688
MaxLoss,2,0.0,0.0,0,3000,0,4,983,987,0.359571376349777,0.30710000000000004,0.01653995900414884,0,0,1,0.0,0.25,0.639769434928894
MaxLoss,2,0.0,0.0,5,3000,0,9,262,271,0.10863096738466993,0.06769999999999998,0.06827820901526138,0,0,6,0.0,0.1111111111111111,0.5678601264953613
MaxLoss,2,0.0,0.0,10,3000,0,14,427,441,0.16971294325776398,0.09599999999999997,0.09442212502472103,0,0,11,0.0,0.07142857142857142,0.5630351901054382
MaxLoss,2,0.0,0.0,15,3000,0,19,333,352,0.1379209405859001,0.08589999999999998,0.11642116704024374,0,0,16,0.0,0.05263157894736842,0.7380939722061157
MaxLoss,2,0.0,0.0,20,3000,0,24,287,311,0.12314460595371202,0.07540000000000002,0.13340354204410687,0,0,21,0.0,0.041666666666666664,0.6241011619567871
MaxLoss,2,0.0,0.0,25,3000,0,29,295,324,0.12783998035592958,0.07609999999999995,0.15411712502827868,0,0,26,0.0,0.034482758620689655,0.7773228287696838
MaxLoss,2,0.0,0.0,30,3000,0,34,196,230,0.09363425482297316,0.05700000000000005,0.17175283405231312,0,0,31,0.0,0.029411764705882353,0.6562222242355347
MaxLoss,2,0.0,0.0,35,3000,0,39,259,298,0.11843906552530825,0.06689999999999996,0.21575829200446606,0,0,36,0.0,0.02564102564102564,0.8055194020271301
MaxLoss,2,0.0,0.0,40,3000,0,44,143,187,0.07774273422546685,0.04690000000000005,0.2380633340217173,0,0,41,0.0,0.022727272727272728,0.7105165123939514
MaxLoss,2,0.0,0.0,45,3000,0,49,209,258,0.10389025183394551,0.060899999999999954,0.2469424590235576,0,0,46,0.0,0.02040816326530612,0.8189520835876465
MaxLoss,2,0.0,0.0,50,3000,0,54,105,159,0.06728066253708676,0.03949999999999998,0.25597016705432907,0,0,51,0.0,0.018518518518518517,0.7432742714881897
MaxLoss,2,0.0,0.0,55,3000,0,59,169,228,0.09289913187967613,0.05300000000000005,0.26323333400068805,0,0,56,0.0,0.01694915254237288,0.8256960511207581
MaxLoss,2,0.0,0.0,60,3000,0,64,80,144,0.06163005332928151,0.03410000000000002,0.2717682500369847,0,0,61,0.0,0.015625,0.7537819147109985
MaxLoss,2,0.0,0.0,65,3000,0,69,139,208,0.08552730636438355,0.04610000000000003,0.27928141702432185,0,0,66,0.0,0.028985507246376812,0.825694739818573
MaxLoss,2,0.0,0.0,70,3000,0,74,52,126,0.05479860055493191,0.028299999999999992,0.28704241703962907,0,0,71,0.0,0.02702702702702703,0.7603345513343811
MaxLoss,2,0.0,0.0,75,3000,0,79,118,197,0.0814557047560811,0.04039999999999999,0.2964295420097187,0,0,76,0.0,0.05063291139240506,0.8286198377609253
MaxLoss,2,0.0,0.0,80,3000,0,84,37,121,0.05288982600905001,0.024700000000000055,0.3051105420454405,0,0,81,0.0,0.05952380952380952,0.7656617760658264
MaxLoss,2,0.0,0.0,85,3000,0,89,97,186,0.07737080269725993,0.03520000000000001,0.31255812500603497,0,0,86,0.0,0.06741573033707865,0.8295305967330933
MaxLoss,2,0.0,0.0,90,3000,0,94,18,112,0.04944029700709507,0.022199999999999998,0.3198511250084266,0,0,91,0.0,0.06382978723404255,0.7877130508422852
MaxLoss,2,0.0,0.0,95,3000,0,99,42,141,0.06049554521450773,0.02529999999999999,0.32905383402248845,0,0,96,0.0,0.06060606060606061,0.831426203250885
MaxLoss,2,0.0,0.0,100,3000,0,104,11,115,0.05059218790847808,0.019000000000000017,0.3375603340100497,0,0,101,0.0,0.057692307692307696,0.8084639310836792
MaxLoss,2,0.0,0.0,105,3000,0,109,20,129,0.055941413855180144,0.02090000000000003,0.3475361250457354,0,0,106,0.0,0.05504587155963303,0.8301191329956055
MaxLoss,2,0.0,0.0,110,3000,0,114,4,118,0.05174200655892491,0.017100000000000004,0.35625008400529623,0,0,111,0.0,0.07017543859649122,0.8068624138832092
MaxLoss,2,0.0,0.0,115,3000,0,119,7,126,0.05479860055493191,0.018299999999999983,0.3651474590296857,0,0,116,0.0,0.08403361344537816,0.8249145150184631
MaxLoss,2,0.0,0.0,116,3000,0,120,0,120,0.05250743729993701,0.01529999999999998,0.36881883401656523,1,0,117,0.0,0.08333333333333333,0.8049110770225525
PU-C,2,0.0,0.0,0,3000,0,4,680,684,0.25509551854338497,0.20809999999999995,0.006153167050797492,0,0,1,0.0,0.25,0.57377690076828
PU-C,2,0.0,0.0,5,3000,0,9,588,597,0.22472389962058514,0.1481,0.01813108299393207,0,0,6,0.0,0.1111111111111111,0.519822895526886
PU-C,2,0.0,0.0,10,3000,0,14,122,136,0.05860120529541746,0.033399999999999985,0.030226250004488975,0,0,11,0.0,0.07142857142857142,0.693947434425354
PU-C,2,0.0,0.0,15,3000,0,19,531,550,0.20823121524881572,0.12990000000000002,0.0412875420297496,0,0,16,0.0,0.10526315789473684,0.719485878944397
PU-C,2,0.0,0.0,20,3000,0,24,122,146,0.062385546683799475,0.0383,0.053835124999750406,0,0,21,0.0,0.08333333333333333,0.7679727673530579
PU-C,2,0.0,0.0,25,3000,0,29,436,465,0.17822964064544067,0.10170000000000001,0.06465216702781618,0,0,26,0.0,0.06896551724137931,0.7687352299690247
PU-C,2,0.0,0.0,30,3000,0,34,100,134,0.0578422054531984,0.03300000000000003,0.07772674999432638,0,0,31,0.0,0.058823529411764705,0.78749018907547
PU-C,2,0.0,0.0,35,3000,0,39,320,359,0.14043472066987306,0.0807,0.09023137501208112,0,0,36,0.0,0.05128205128205128,0.7990276217460632
PU-C,2,0.0,0.0,40,3000,0,44,99,143,0.0612520546419546,0.033399999999999985,0.10361137503059581,0,0,41,0.0,0.045454545454545456,0.798581063747406
PU-C,2,0.0,0.0,45,3000,0,49,258,307,0.12169785564765334,0.06840000000000002,0.11665533302584663,0,0,46,0.0,0.04081632653061224,0.8129942417144775
PU-C,2,0.0,0.0,50,3000,0,54,68,122,0.05327200022293255,0.02739999999999998,0.12830716703319922,0,0,51,0.0,0.037037037037037035,0.7947244048118591
PU-C,2,0.0,0.0,55,3000,0,59,165,224,0.09142779844114557,0.05389999999999995,0.14072183304233477,0,0,56,0.0,0.03389830508474576,0.8241279125213623
PU-C,2,0.0,0.0,60,3000,0,64,59,123,0.053653962444514036,0.02739999999999998,0.15290137502597645,0,0,61,0.0,0.03125,0.8071771860122681
PU-C,2,0.0,0.0,65,3000,0,69,104,173,0.0725245603825897,0.044499999999999984,0.16520712501369417,0,0,66,0.0,0.028985507246376812,0.8244763612747192
PU-C,2,0.0,0.0,70,3000,0,74,45,119,0.052124831709079444,0.02400000000000002,0.1761227500392124,0,0,71,0.0,0.02702702702702703,0.8072904348373413
PU-C,2,0.0,0.0,75,3000,0,79,80,159,0.06728066253708676,0.038900000000000046,0.18746441701659933,0,0,76,0.0,0.0379746835443038,0.8275893330574036
PU-C,2,0.0,0.0,80,3000,0,84,37,121,0.05288982600905001,0.021599999999999953,0.1983673750073649,0,0,81,0.0,0.05952380952380952,0.8125436902046204
PU-C,2,0.0,0.0,85,3000,0,89,58,147,0.06276304461061954,0.033299999999999996,0.20886233303463086,0,0,86,0.0,0.06741573033707865,0.8304901719093323
PU-C,2,0.0,0.0,90,3000,0,94,23,117,0.05135895928833634,0.020299999999999985,0.21930991701083258,0,0,91,0.0,0.07446808510638298,0.8157548904418945
PU-C,2,0.0,0.0,95,3000,0,99,47,146,0.062385546683799475,0.02959999999999996,0.2296806670492515,0,0,96,0.0,0.0707070707070707,0.8310254216194153
PU-C,2,0.0,0.0,100,3000,0,104,15,119,0.052124831709079444,0.017900000000000027,0.24016291700536385,0,0,101,0.0,0.0673076923076923,0.8154836297035217
PU-C,2,0.0,0.0,105,3000,0,109,32,141,0.06049554521450773,0.027000000000000024,0.25064020801801234,0,0,106,0.0,0.08256880733944955,0.8336552977561951
PU-C,2,0.0,0.0,110,3000,0,114,1,115,0.05059218790847808,0.01649999999999996,0.26148429204477,0,0,111,0.0,0.10526315789473684,0.8126826882362366
PU-C,2,0.0,0.0,112,3000,0,116,0,116,0.050975687336176634,0.01629999999999998,0.2671270000282675,1,0,113,0.0,0.10344827586206896,0.8112581968307495
PU-F,2,0.0,0.0,0,3000,0,4,612,616,0.23137355543440208,0.17179999999999995,0.004774999979417771,0,0,1,0.0,0.25,0.7088773846626282
PU-F,2,0.0,0.0,5,3000,0,9,376,385,0.1497505659935996,0.09809999999999997,0.03155999997397885,0,0,6,0.0,0.1111111111111111,0.6526873111724854
PU-F,2,0.0,0.0,10,3000,0,14,416,430,0.16580204077763483,0.10250000000000004,0.057207749981898814,0,0,11,0.0,0.07142857142857142,0.6532014012336731
PU-F,2,0.0,0.0,15,3000,0,19,286,305,0.120974114688579,0.07320000000000004,0.0810909160063602,0,0,16,0.0,0.05263157894736842,0.7549824118614197
PU-F,2,0.0,0.0,20,3000,0,24,226,250,0.10096650186460465,0.06269999999999998,0.10308462497778237,0,0,21,0.0,0.041666666666666664,0.7514235973358154
PU-F,2,0.0,0.0,25,3000,0,29,195,224,0.09142779844114557,0.05479999999999996,0.12307124998187646,0,0,26,0.0,0.034482758620689655,0.7804042100906372
PU-F,2,0.0,0.0,30,3000,0,34,176,210,0.0862662440049462,0.05169999999999997,0.1418972079991363,0,0,31,0.0,0.029411764705882353,0.784436821937561
PU-F,2,0.0,0.0,35,3000,0,39,144,183,0.07625429221661761,0.04369999999999996,0.16111604101024568,0,0,36,0.0,0.05128205128205128,0.8030015230178833
PU-F,2,0.0,0.0,40,3000,0,44,135,179,0.07476390816736966,0.045599999999999974,0.17915145796723664,0,0,41,0.0,0.06818181818181818,0.8158639073371887
PU-F,2,0.0,0.0,45,3000,0,49,108,157,0.06652925873640925,0.03739999999999999,0.19545879098586738,0,0,46,0.0,0.061224489795918366,0.8167330026626587
PU-F,2,0.0,0.0,50,3000,0,54,103,157,0.06652925873640925,0.03820000000000001,0.211057249980513,0,0,51,0.0,0.05555555555555555,0.8239860534667969
PU-F,2,0.0,0.0,55,3000,0,59,74,133,0.05746242729946971,0.03080000000000005,0.22594783297972754,0,0,56,0.0,0.05084745762711865,0.8265054821968079
PU-F,2,0.0,0.0,60,3000,0,64,75,139,0.05973834189353511,0.034499999999999975,0.24166254099691287,0,0,61,0.0,0.046875,0.8313072919845581
PU-F,2,0.0,0.0,65,3000,0,69,56,125,0.05441726028220728,0.025900000000000034,0.2572758750175126,0,0,66,0.0,0.057971014492753624,0.8314272165298462
PU-F,2,0.0,0.0,70,3000,0,74,66,140,0.06011703115655109,0.03149999999999997,0.2703845410142094,0,0,71,0.0,0.05405405405405406,0.8339110016822815
PU-F,2,0.0,0.0,75,3000,0,79,48,127,0.055179738090373576,0.022700000000000053,0.2832183749997057,0,0,76,0.0,0.05063291139240506,0.8288310170173645
PU-F,2,0.0,0.0,80,3000,0,84,53,137,0.05898043076740578,0.028699999999999948,0.29564037499949336,0,0,81,0.0,0.047619047619047616,0.8323630690574646
PU-F,2,0.0,0.0,85,3000,0,89,39,128,0.05556067515863106,0.020399999999999974,0.3066714580054395,0,0,86,0.0,0.0449438202247191,0.8228507041931152
PU-F,2,0.0,0.0,90,3000,0,94,44,138,0.059359475679229945,0.026499999999999968,0.31771837500855327,0,0,91,0.0,0.0425531914893617,0.827237069606781
PU-F,2,0.0,0.0,95,3000,0,99,18,117,0.05135895928833634,0.015100000000000002,0.32974404096603394,0,0,96,0.0,0.04040404040404041,0.8231013417243958
PU-F,2,0.0,0.0,100,3000,0,104,38,142,0.06087388581363484,0.024800000000000044,0.3416045000194572,0,0,101,0.0,0.04807692307692308,0.8275964260101318
PU-F,2,0.0,0.0,105,3000,0,109,9,118,0.05174200655892491,0.01419999999999999,0.35359033301938325,0,0,106,0.0,0.05504587155963303,0.8246559500694275
PU-F,2,0.0,0.0,110,3000,0,114,29,143,0.0612520546419546,0.022499999999999964,0.3655285409768112,0,0,111,0.0,0.05263157894736842,0.826146125793457
PU-F,2,0.0,0.0,115,3000,0,119,2,121,0.05288982600905001,0.013599999999999945,0.38062599999830127,0,0,116,0.0,0.06722689075630252,0.8266066908836365
PU-F,2,0.0,0.0,119,3000,0,123,0,123,0.053653962444514036,0.0131,0.3910501250065863,1,0,120,0.0,0.08130081300813008,0.826909065246582
PU-G,2,0.0,0.0,0,3000,0,4,855,859,0.31565798667725176,0.2743,0.005518292018678039,0,0,1,0.0,0.25,0.556399405002594
PU-G,2,0.0,0.0,5,3000,0,9,623,632,0.2369657856761478,0.1654,0.04267216700827703,0,0,6,0.0,0.1111111111111111,0.5952671766281128
PU-G,2,0.0,0.0,10,3000,0,14,286,300,0.11916367884259671,0.07450000000000001,0.07282225001836196,0,0,11,0.0,0.07142857142857142,0.6928288340568542
PU-G,2,0.0,0.0,15,3000,0,19,512,531,0.20154537784401327,0.11880000000000002,0.09677395899780095,0,0,16,0.0,0.05263157894736842,0.7062034606933594
PU-G,2,0.0,0.0,20,3000,0,24,120,144,0.06163005332928151,0.03469999999999995,0.12289079203037545,0,0,21,0.0,0.08333333333333333,0.7372857928276062
PU-G,2,0.0,0.0,25,3000,0,29,299,328,0.12928274739533663,0.06979999999999997,0.14482720900559798,0,0,26,0.0,0.13793103448275862,0.6995975971221924
PU-G,2,0.0,0.0,30,3000,0,34,82,116,0.050975687336176634,0.025499999999999967,0.1645115840365179,0,0,31,0.0,0.17647058823529413,0.7367357611656189
PU-G,2,0.0,0.0,35,3000,0,39,188,227,0.09253143524983898,0.050799999999999956,0.1822796250344254,0,0,36,0.0,0.20512820512820512,0.6947749853134155
PU-G,2,0.0,0.0,40,3000,0,44,70,114,0.050208458269480616,0.022800000000000042,0.19854366703657433,0,0,41,0.0,0.18181818181818182,0.7432960867881775
PU-G,2,0.0,0.0,45,3000,0,49,129,178,0.07439100183546543,0.04190000000000005,0.21313920902321115,0,0,46,0.0,0.16326530612244897,0.6930475831031799
PU-G,2,0.0,0.0,50,3000,0,54,51,105,0.04674404545221478,0.018900000000000028,0.22949312499258667,0,0,51,0.0,0.14814814814814814,0.7447529435157776
PU-G,2,0.0,0.0,55,3000,0,59,118,177,0.07401796954218298,0.03859999999999997,0.24469170899828896,0,0,56,0.0,0.15254237288135594,0.6937026381492615
PU-G,2,0.0,0.0,60,3000,0,64,26,90,0.04092149395728484,0.014800000000000035,0.2602603750419803,0,0,61,0.0,0.140625,0.7487848401069641
PU-G,2,0.0,0.0,65,3000,0,69,104,173,0.0725245603825897,0.03500000000000003,0.2732752920128405,0,0,66,0.0,0.13043478260869565,0.6954231262207031
PU-G,2,0.0,0.0,70,3000,0,74,23,97,0.043646837992127985,0.01319999999999999,0.2880518340389244,0,0,71,0.0,0.13513513513513514,0.7478729486465454
PU-G,2,0.0,0.0,75,3000,0,79,96,175,0.07327152288053185,0.03159999999999996,0.3005484589957632,0,0,76,0.0,0.13924050632911392,0.6994113922119141
PU-G,2,0.0,0.0,80,3000,0,84,16,100,0.044810371415223926,0.009700000000000042,0.31489837501430884,0,0,81,0.0,0.13095238095238096,0.7422716617584229
PU-G,2,0.0,0.0,85,3000,0,89,87,176,0.07364481018157676,0.029000000000000026,0.3270405000075698,0,0,86,0.0,0.1348314606741573,0.6980994343757629
PU-G,2,0.0,0.0,90,3000,0,94,7,101,0.04519765079021454,0.008700000000000041,0.34118275000946596,0,0,91,0.0,0.1276595744680851,0.7414113283157349
PU-G,2,0.0,0.0,95,3000,0,99,79,178,0.07439100183546543,0.02639999999999998,0.35290475003421307,0,0,96,0.0,0.12121212121212122,0.7008160948753357
PU-G,2,0.0,0.0,100,3000,0,104,2,106,0.04712998168542981,0.007800000000000029,0.36529529199469835,0,0,101,0.0,0.11538461538461539,0.7418448328971863
PU-G,2,0.0,0.0,104,3000,0,108,0,108,0.04790108359884471,0.00770000000000004,0.3764420840307139,1,0,105,0.0,0.1111111111111111,0.7427894473075867
MaxLoss,2,0.4,0.0,0,3000,0,4,753,757,0.28043865179643035,0.2067,0.005175333004444838,0,0,1,0.0,0.25,0.6752869486808777
MaxLoss,2,0.4,0.0,5,3000,0,9,502,511,0.1944954011705704,0.11660000000000004,0.013390708016231656,0,0,6,0.0,0.1111111111111111,0.6387167572975159
MaxLoss,2,0.4,0.0,10,3000,0,14,383,397,0.15403954300563782,0.07150000000000001,0.02154904103372246,0,0,11,0.14285714285714285,0.21428571428571427,0.6689020991325378
MaxLoss,2,0.4,0.0,15,3000,0,19,620,639,0.23941028682747856,0.1583,0.031332291022408754,0,0,16,0.21052631578947367,0.2631578947368421,0.7378684878349304
MaxLoss,2,0.4,0.0,20,3000,0,24,1386,1410,0.5027638171450235,0.4518,0.04072429100051522,0,0,21,0.16666666666666666,0.20833333333333334,0.6845951676368713
MaxLoss,2,0.4,0.0,25,3000,0,29,618,647,0.2422024640836753,0.1623,0.04920141602633521,0,0,26,0.1724137931034483,0.20689655172413793,0.7472726702690125
MaxLoss,2,0.4,0.0,30,3000,0,34,416,450,0.1729092591558583,0.11519999999999997,0.0576033330289647,0,0,31,0.20588235294117646,0.23529411764705882,0.6490016579627991
MaxLoss,2,0.4,0.0,35,3000,0,39,602,641,0.24010848422767594,0.15369999999999995,0.06609837501309812,0,0,36,0.23076923076923078,0.2564102564102564,0.7416931390762329
MaxLoss,2,0.4,0.0,40,3000,0,44,440,484,0.18495700892526656,0.11360000000000003,0.07466016605030745,0,0,41,0.25,0.2727272727272727,0.6477605104446411
MaxLoss,2,0.4,0.0,45,3000,0,49,575,624,0.23417051223805174,0.14659999999999995,0.08418487501330674,0,0,46,0.2653061224489796,0.2857142857142857,0.7434501647949219
MaxLoss,2,0.4,0.0,50,3000,0,54,450,504,0.19202484015841037,0.11929999999999996,0.09271720802644268,0,0,51,0.25925925925925924,0.2777777777777778,0.6477727293968201
MaxLoss,2,0.4,0.0,55,3000,0,59,538,597,0.22472389962058514,0.12749999999999995,0.10133758303709328,0,0,56,0.2542372881355932,0.2711864406779661,0.7266718745231628
MaxLoss,2,0.4,0.0,60,3000,0,64,410,474,0.18141789734363556,0.11119999999999997,0.10974520799936727,0,0,61,0.234375,0.25,0.6726564168930054
MaxLoss,2,0.4,0.0,65,3000,0,69,515,584,0.2201684195897542,0.1179,0.11829925002530217,0,0,66,0.2753623188405797,0.2898550724637681,0.7385851144790649
MaxLoss,2,0.4,0.0,70,3000,0,74,408,482,0.18424946861341596,0.11270000000000002,0.12696991604752839,0,0,71,0.2972972972972973,0.3108108108108108,0.6755419373512268
MaxLoss,2,0.4,0.0,75,3000,0,79,501,580,0.2187657785252668,0.11909999999999998,0.13649262499529868,0,0,76,0.3037974683544304,0.31645569620253167,0.7430866956710815
MaxLoss,2,0.4,0.0,80,3000,0,84,416,500,0.19061235984554514,0.11409999999999998,0.14531891600927338,0,0,81,0.30952380952380953,0.32142857142857145,0.6739658713340759
MaxLoss,2,0.4,0.0,85,3000,0,89,483,572,0.21595912729389966,0.11350000000000005,0.15411904104985297,0,0,86,0.30337078651685395,0.3146067415730337,0.7368760108947754
MaxLoss,2,0.4,0.0,90,3000,0,94,361,455,0.1746836540987715,0.1028,0.16274079104186967,0,0,91,0.30851063829787234,0.3191489361702128,0.6794154047966003
MaxLoss,2,0.4,0.0,95,3000,0,99,409,508,0.19343678752193227,0.09660000000000002,0.1713940830086358,0,0,96,0.30303030303030304,0.31313131313131315,0.7377870082855225
MaxLoss,2,0.4,0.0,100,3000,0,104,340,444,0.17077872878871858,0.09930000000000005,0.18002962501486763,0,0,101,0.3269230769230769,0.33653846153846156,0.6807506084442139
MaxLoss,2,0.4,0.0,105,3000,0,109,399,508,0.19343678752193227,0.09530000000000005,0.1885848329984583,0,0,106,0.3119266055045872,0.3211009174311927,0.7373480796813965
MaxLoss,2,0.4,0.0,110,3000,0,114,411,525,0.19943172798957676,0.11780000000000002,0.19732466601999477,0,0,111,0.30701754385964913,0.3157894736842105,0.6854472756385803
MaxLoss,2,0.4,0.0,115,3000,0,119,395,514,0.1955537197063677,0.09570000000000001,0.20612716604955494,0,0,116,0.3025210084033613,0.31092436974789917,0.741069495677948
MaxLoss,2,0.4,0.0,120,3000,0,124,400,524,0.1990793421282433,0.11619999999999997,0.21493595803622156,0,0,121,0.2903225806451613,0.29838709677419356,0.6987776756286621
MaxLoss,2,0.4,0.0,125,3000,0,129,501,630,0.23626712389523163,0.12760000000000005,0.22400575003121048,0,0,126,0.29457364341085274,0.3023255813953488,0.8078397512435913
MaxLoss,2,0.4,0.0,130,3000,0,134,390,524,0.1990793421282433,0.09909999999999997,0.2360510410508141,0,0,131,0.2835820895522388,0.291044776119403,0.6069715619087219
MaxLoss,2,0.4,0.0,135,3000,0,139,415,554,0.20963735767873004,0.10540000000000005,0.24956958304392174,0,0,136,0.28776978417266186,0.2949640287769784,0.709153950214386
MaxLoss,2,0.4,0.0,140,3000,0,144,383,527,0.2001364043680951,0.11839999999999995,0.26224125002045184,0,0,141,0.2916666666666667,0.2986111111111111,0.6611975431442261
MaxLoss,2,0.4,0.0,145,3000,0,149,309,458,0.17574783985037357,0.07769999999999999,0.284413208020851,0,0,146,0.28187919463087246,0.28859060402684567,0.6029000282287598
MaxLoss,2,0.4,0.0,150,3000,0,154,298,452,0.17361913050990552,0.08689999999999998,0.32037262502126396,0,0,151,0.2922077922077922,0.3116883116883117,0.5851831436157227
MaxLoss,2,0.4,0.0,155,3000,0,159,255,414,0.16010473761707544,0.0746,0.34389933303464204,0,0,156,0.29559748427672955,0.32075471698113206,0.5137630701065063
MaxLoss,2,0.4,0.0,160,3000,0,164,110,274,0.10972322541056201,0.02210000000000001,0.3708993750042282,0,0,161,0.29878048780487804,0.3231707317073171,0.5250813364982605
MaxLoss,2,0.4,0.0,165,3000,0,169,235,404,0.15653848770307377,0.05989999999999995,0.3950005000224337,0,0,166,0.3076923076923077,0.33136094674556216,0.4788803458213806
MaxLoss,2,0.4,0.0,170,3000,0,174,216,390,0.15153842966537923,0.05510000000000004,0.426817583036609,0,0,171,0.3045977011494253,0.3275862068965517,0.4976487457752228
MaxLoss,2,0.4,0.0,175,3000,0,179,334,513,0.19520097953500226,0.09699999999999998,0.4587057080352679,0,0,176,0.30726256983240224,0.329608938547486,0.5483143925666809
MaxLoss,2,0.4,0.0,180,3000,0,184,211,395,0.1533251625369303,0.047799999999999954,0.5098434160463512,0,0,181,0.31521739130434784,0.33695652173913043,0.47982341051101685
MaxLoss,2,0.4,0.0,185,3000,0,189,282,471,0.18035547027830034,0.08560000000000001,0.552356583008077,0,0,186,0.31216931216931215,0.3333333333333333,0.4882284700870514
MaxLoss,2,0.4,0.0,190,3000,0,194,224,418,0.16153005324304104,0.06340000000000001,0.5761312910472043,0,0,191,0.30412371134020616,0.32989690721649484,0.4811050593852997
MaxLoss,2,0.4,0.0,195,3000,0,199,277,476,0.18212600302649662,0.0897,0.6003742500324734,0,0,196,0.31155778894472363,0.33668341708542715,0.46506550908088684
MaxLoss,2,0.4,0.0,200,3000,0,204,105,309,0.12242135201813653,0.007800000000000029,0.6292526250472292,0,0,201,0.30392156862745096,0.3284313725490196,0.45021530985832214
MaxLoss,2,0.4,0.0,205,3000,0,209,173,382,0.1486772975185886,0.05289999999999995,0.6521356250159442,0,0,206,0.31100478468899523,0.3349282296650718,0.4353271722793579
MaxLoss,2,0.4,0.0,210,3000,0,214,159,373,0.14545496983919293,0.03869999999999996,0.6794891660101712,0,0,211,0.3130841121495327,0.3411214953271028,0.43965253233909607
MaxLoss,2,0.4,0.0,215,3000,0,219,138,357,0.13971675105858594,0.04400000000000004,0.7045590830384754,0,0,216,0.3105022831050228,0.3424657534246575,0.44373926520347595
MaxLoss,2,0.4,0.0,220,3000,0,224,146,370,0.14438000600785017,0.04830000000000001,0.7278595000389032,0,0,221,0.3125,0.34375,0.4292238652706146
MaxLoss,2,0.4,0.0,225,3000,0,229,143,372,0.14509669656399637,0.04569999999999996,0.7502887910231948,0,0,226,0.31004366812227074,0.34497816593886466,0.419001042842865
MaxLoss,2,0.4,0.0,230,3000,0,234,106,340,0.1336057098233141,0.043300000000000005,0.7723752910387702,0,0,231,0.3076923076923077,0.3418803418803419,0.42675888538360596
MaxLoss,2,0.4,0.0,235,3000,0,239,86,325,0.12820075714262202,0.025800000000000045,0.8085048330249265,0,0,236,0.30962343096234307,0.34309623430962344,0.4463942050933838
MaxLoss,2,0.4,0.0,240,3000,0,244,118,362,0.14151129947276786,0.032299999999999995,0.8486499160062522,0,0,241,0.3155737704918033,0.3483606557377049,0.414563924074173
MaxLoss,2,0.4,0.0,245,3000,0,249,69,318,0.1256741134566255,0.03080000000000005,0.9001125830109231,0,0,246,0.321285140562249,0.357429718875502,0.4293310344219208
MaxLoss,2,0.4,0.0,250,3000,0,254,135,389,0.15118094795616344,0.04159999999999997,1.080962875043042,0,0,251,0.3228346456692913,0.35826771653543305,0.4111180007457733
MaxLoss,2,0.4,0.0,255,3000,0,259,63,322,0.12711825541919097,0.020100000000000007,1.1141599160037003,0,0,256,0.3281853281853282,0.3667953667953668,0.4361082911491394
MaxLoss,2,0.4,0.0,260,3000,0,264,119,383,0.14903509989380836,0.03159999999999996,1.144977874995675,0,0,261,0.32954545454545453,0.36742424242424243,0.42648500204086304
MaxLoss,2,0.4,0.0,265,3000,0,269,124,393,0.15261060395278037,0.056599999999999984,1.180729041050654,0,0,266,0.3345724907063197,0.37174721189591076,0.41248103976249695
MaxLoss,2,0.4,0.0,270,3000,0,274,93,367,0.1433046076563187,0.045399999999999996,1.21093187504448,0,0,271,0.33211678832116787,0.3686131386861314,0.39933350682258606
MaxLoss,2,0.4,0.0,275,3000,0,279,53,332,0.13072461553383619,0.017100000000000004,1.245178000011947,0,0,276,0.32974910394265233,0.36917562724014336,0.4346676468849182
MaxLoss,2,0.4,0.0,280,3000,0,284,64,348,0.1364833684056066,0.019199999999999995,1.2758048750110902,0,0,281,0.3274647887323944,0.36971830985915494,0.4157608449459076
MaxLoss,2,0.4,0.0,285,3000,0,289,54,343,0.13468522898619995,0.0048000000000000265,1.3111552080372348,0,0,286,0.328719723183391,0.370242214532872,0.4240075349807739
MaxLoss,2,0.4,0.0,290,3000,0,294,58,352,0.1379209405859001,0.018299999999999983,1.3474119160091504,0,0,291,0.336734693877551,0.37755102040816324,0.40949609875679016
MaxLoss,2,0.4,0.0,295,3000,0,299,40,339,0.13324576301965863,0.015800000000000036,1.4484683750197291,0,0,296,0.3411371237458194,0.38127090301003347,0.4114680886268616
MaxLoss,2,0.4,0.0,300,3000,0,304,50,354,0.13863941765157506,0.02849999999999997,1.6018657080130652,0,0,301,0.33881578947368424,0.3782894736842105,0.41272827982902527
MaxLoss,2,0.4,0.0,305,3000,0,309,29,338,0.1328857623739168,0.013000000000000012,1.645329583028797,0,0,306,0.343042071197411,0.3851132686084142,0.41489937901496887
MaxLoss,2,0.4,0.0,310,3000,0,314,24,338,0.1328857623739168,0.020000000000000018,1.6823736250516959,0,0,311,0.34394904458598724,0.3853503184713376,0.40997982025146484
MaxLoss,2,0.4,0.0,315,3000,0,319,25,344,0.13504496222594753,0.02290000000000003,1.7091265830094926,0,0,316,0.3510971786833856,0.39184952978056425,0.4131344258785248
MaxLoss,2,0.4,0.0,320,3000,0,324,28,352,0.1379209405859001,0.027000000000000024,1.7358262500492856,0,0,321,0.35185185185185186,0.3950617283950617,0.4162026345729828
MaxLoss,2,0.4,0.0,325,3000,0,329,33,362,0.14151129947276786,0.026699999999999946,1.7784673750284128,0,0,326,0.3525835866261398,0.3951367781155015,0.42608922719955444
MaxLoss,2,0.4,0.0,330,3000,0,334,25,359,0.14043472066987306,0.029900000000000038,1.8148650410003029,0,0,331,0.3473053892215569,0.38922155688622756,0.41293033957481384
MaxLoss,2,0.4,0.0,335,3000,0,339,23,362,0.14151129947276786,0.03159999999999996,1.8520902080344968,0,0,336,0.3421828908554572,0.3864306784660767,0.4158197045326233
MaxLoss,2,0.4,0.0,340,3000,0,344,11,355,0.13899857958313078,0.018399999999999972,1.8848374580265954,0,0,341,0.3430232558139535,0.3866279069767442,0.4019552767276764
MaxLoss,2,0.4,0.0,345,3000,0,349,37,386,0.15010823006741703,0.026800000000000046,1.914966790995095,0,0,346,0.3467048710601719,0.39255014326647564,0.42119497060775757
MaxLoss,2,0.4,0.0,350,3000,0,354,22,376,0.1465295035741292,0.011800000000000033,1.9587213330087252,0,0,351,0.3446327683615819,0.3926553672316384,0.4236099123954773
MaxLoss,2,0.4,0.0,355,3000,0,359,29,388,0.1508234209031798,0.02639999999999998,1.9921643330017105,0,0,356,0.34540389972144847,0.3955431754874652,0.4465038776397705
MaxLoss,2,0.4,0.0,360,3000,0,364,4,368,0.14366312231868505,0.015700000000000047,2.0167799580376595,0,0,361,0.3489010989010989,0.4010989010989011,0.41234391927719116
MaxLoss,2,0.4,0.0,365,3000,0,369,6,375,0.14617137319874018,0.02059999999999995,2.0443346250103787,0,0,366,0.3523035230352303,0.4037940379403794,0.4386503994464874
MaxLoss,2,0.4,0.0,370,3000,0,374,9,383,0.14903509989380836,0.017299999999999982,2.0712307500070892,0,0,371,0.3582887700534759,0.4090909090909091,0.42285990715026855
MaxLoss,2,0.4,0.0,375,3000,0,379,26,405,0.15689530549570918,0.030299999999999994,2.0986508750356734,0,0,376,0.36147757255936674,0.41160949868073876,0.4243994951248169
MaxLoss,2,0.4,0.0,380,3000,0,384,8,392,0.15225325751816854,0.023900000000000032,2.1271664579981007,0,0,381,0.3567708333333333,0.4166666666666667,0.43454527854919434
MaxLoss,2,0.4,0.0,383,3000,0,387,0,387,0.15046584833180532,0.026100000000000012,2.1490762080065906,1,0,384,0.35400516795865633,0.4134366925064599,0.43995118141174316
PU-C,2,0.4,0.0,0,3000,0,4,597,601,0.22612464317353442,0.15880000000000005,0.009324915998149663,0,0,1,0.0,0.25,0.637640655040741
PU-C,2,0.4,0.0,5,3000,0,9,354,363,0.14187005965504795,0.06120000000000003,0.03448658296838403,0,0,6,0.3333333333333333,0.4444444444444444,0.6305520534515381
PU-C,2,0.4,0.0,10,3000,0,14,660,674,0.25161421595839784,0.17479999999999996,0.058550791000016034,0,0,11,0.42857142857142855,0.5,0.5972180366516113
PU-C,2,0.4,0.0,15,3000,0,19,567,586,0.22086957044666633,0.1513,0.08622829098021612,0,0,16,0.3684210526315789,0.42105263157894735,0.5804400444030762
PU-C,2,0.4,0.0,20,3000,0,24,507,531,0.20154537784401327,0.13190000000000002,0.11089899996295571,0,0,21,0.3333333333333333,0.375,0.592220664024353
PU-C,2,0.4,0.0,25,3000,0,29,596,625,0.23452001297846437,0.1462,0.1398397499579005,0,0,26,0.27586206896551724,0.3103448275862069,0.6238364577293396
PU-C,2,0.4,0.0,30,3000,0,34,519,553,0.2092858671094291,0.1473,0.16575187497073784,0,0,31,0.23529411764705882,0.2647058823529412,0.6457657814025879
PU-C,2,0.4,0.0,35,3000,0,39,548,587,0.22122010361636057,0.12819999999999998,0.1929275409784168,0,0,36,0.20512820512820512,0.23076923076923078,0.621596097946167
PU-C,2,0.4,0.0,40,3000,0,44,552,596,0.2243736449163407,0.15090000000000003,0.21884791599586606,0,0,41,0.18181818181818182,0.20454545454545456,0.6554430723190308
PU-C,2,0.4,0.0,45,3000,0,49,527,576,0.21736268227687106,0.12549999999999994,0.2504089999711141,0,0,46,0.20408163265306123,0.22448979591836735,0.6384395360946655
PU-C,2,0.4,0.0,50,3000,0,54,508,562,0.21244820981519297,0.1432,0.2806037499685772,0,0,51,0.24074074074074073,0.25925925925925924,0.6633949279785156
PU-C,2,0.4,0.0,55,3000,0,59,498,557,0.21069165004882962,0.11460000000000004,0.30991295794956386,0,0,56,0.23728813559322035,0.2542372881355932,0.6268289685249329
PU-C,2,0.4,0.0,60,3000,0,64,490,554,0.20963735767873004,0.14059999999999995,0.33727495797211304,0,0,61,0.25,0.265625,0.6818946003913879
PU-C,2,0.4,0.0,65,3000,0,69,474,543,0.2057693019742146,0.11050000000000004,0.3709532079519704,0,0,66,0.2463768115942029,0.2608695652173913,0.6238559484481812
PU-C,2,0.4,0.0,70,3000,0,74,472,546,0.20682459004456177,0.13739999999999997,0.4158110409625806,0,0,71,0.2702702702702703,0.28378378378378377,0.6707942485809326
PU-C,2,0.4,0.0,75,3000,0,79,470,549,0.20787960436427966,0.11229999999999996,0.453056457976345,0,0,76,0.26582278481012656,0.27848101265822783,0.6370383501052856
PU-C,2,0.4,0.0,80,3000,0,84,467,551,0.20858279598178342,0.13680000000000003,0.4846555829863064,0,0,81,0.25,0.2619047619047619,0.6806038618087769
PU-C,2,0.4,0.0,85,3000,0,89,475,564,0.21315062715439126,0.11629999999999996,0.5157473330036737,0,0,86,0.24719101123595505,0.25842696629213485,0.6437302231788635
PU-C,2,0.4,0.0,90,3000,0,94,473,567,0.2142040331964381,0.1382,0.537816624972038,0,0,91,0.26595744680851063,0.2765957446808511,0.6852406859397888
PU-C,2,0.4,0.0,95,3000,0,99,463,562,0.21244820981519297,0.11719999999999997,0.5608080829842947,0,0,96,0.26262626262626265,0.2828282828282828,0.6507127285003662
PU-C,2,0.4,0.0,100,3000,0,104,460,564,0.21315062715439126,0.136,0.5865960829542018,0,0,101,0.25,0.2692307692307692,0.6880295276641846
PU-C,2,0.4,0.0,105,3000,0,109,423,532,0.20189754257444292,0.10809999999999997,0.6121471249498427,0,0,106,0.24770642201834864,0.26605504587155965,0.6486542224884033
PU-C,2,0.4,0.0,110,3000,0,114,445,559,0.21139436279190704,0.13280000000000003,0.6400830409838818,0,0,111,0.2631578947368421,0.2807017543859649,0.6944000124931335
PU-C,2,0.4,0.0,115,3000,0,119,436,555,0.20998881832929328,0.10829999999999995,0.671909999975469,0,0,116,0.2605042016806723,0.2773109243697479,0.6626918911933899
PU-C,2,0.4,0.0,120,3000,0,124,436,560,0.21174567472189665,0.131,0.7027548750047572,0,0,121,0.2661290322580645,0.28225806451612906,0.7045422196388245
PU-C,2,0.4,0.0,125,3000,0,129,417,546,0.20682459004456177,0.12309999999999999,0.7343544579925947,0,0,126,0.2713178294573643,0.2868217054263566,0.671911895275116
PU-C,2,0.4,0.0,130,3000,0,134,427,561,0.21209695702418685,0.11270000000000002,0.7702032909728587,0,0,131,0.2835820895522388,0.29850746268656714,0.6183773875236511
PU-C,2,0.4,0.0,135,3000,0,139,433,572,0.21595912729389966,0.11599999999999999,0.8114416250027716,0,0,136,0.2805755395683453,0.2949640287769784,0.6208754181861877
PU-C,2,0.4,0.0,140,3000,0,144,445,589,0.22192108584567904,0.12980000000000003,0.8448302909964696,0,0,141,0.2708333333333333,0.2847222222222222,0.6090444326400757
PU-C,2,0.4,0.0,145,3000,0,149,332,481,0.18389564589597285,0.08879999999999999,0.8829299159697257,0,0,146,0.2684563758389262,0.28187919463087246,0.5375306606292725
PU-C,2,0.4,0.0,150,3000,0,154,423,577,0.21771349920891225,0.11539999999999995,0.9090575829613954,0,0,151,0.2727272727272727,0.2857142857142857,0.5615227222442627
PU-C,2,0.4,0.0,155,3000,0,159,365,524,0.1990793421282433,0.10140000000000005,0.934544374991674,0,0,156,0.27672955974842767,0.2893081761006289,0.5462157726287842
PU-C,2,0.4,0.0,160,3000,0,164,291,455,0.1746836540987715,0.09419999999999995,0.9604778329958208,0,0,161,0.27439024390243905,0.2865853658536585,0.5615869164466858
PU-C,2,0.4,0.0,165,3000,0,169,315,484,0.18495700892526656,0.08530000000000004,0.9875502079958096,0,0,166,0.2781065088757396,0.28994082840236685,0.49575528502464294
PU-C,2,0.4,0.0,170,3000,0,174,282,456,0.17503842012956738,0.0827,1.0260245829704218,0,0,171,0.28160919540229884,0.29310344827586204,0.5617725253105164
PU-C,2,0.4,0.0,175,3000,0,179,262,441,0.16971294325776398,0.07089999999999996,1.0626646250020713,0,0,176,0.29608938547486036,0.30726256983240224,0.44099241495132446
PU-C,2,0.4,0.0,180,3000,0,184,142,326,0.1285614771186374,0.023599999999999954,1.1061362079926766,0,0,181,0.29347826086956524,0.30434782608695654,0.4782946705818176
PU-C,2,0.4,0.0,185,3000,0,189,168,357,0.13971675105858594,0.031299999999999994,1.1488167079514824,0,0,186,0.30158730158730157,0.31746031746031744,0.4823708236217499
PU-C,2,0.4,0.0,190,3000,0,194,235,429,0.16544626542599872,0.06369999999999998,1.1871727499528788,0,0,191,0.30412371134020616,0.31958762886597936,0.45280101895332336
PU-C,2,0.4,0.0,195,3000,0,199,148,347,0.13612384552834556,0.03990000000000005,1.222534165950492,0,0,196,0.3165829145728643,0.3316582914572864,0.46959078311920166
PU-C,2,0.4,0.0,200,3000,0,204,302,506,0.19273088016780093,0.09419999999999995,1.259768999996595,0,0,201,0.31862745098039214,0.3333333333333333,0.4115245044231415
PU-C,2,0.4,0.0,205,3000,0,209,213,422,0.16295470390468836,0.06569999999999998,1.2900615829857998,0,0,206,0.31100478468899523,0.3253588516746411,0.42182108759880066
PU-C,2,0.4,0.0,210,3000,0,214,158,372,0.14509669656399637,0.05289999999999995,1.3165016249986365,0,0,211,0.308411214953271,0.32242990654205606,0.43662187457084656
PU-C,2,0.4,0.0,215,3000,0,219,210,429,0.16544626542599872,0.0716,1.3457915000035428,0,0,216,0.3105022831050228,0.3242009132420091,0.4142439067363739
PU-C,2,0.4,0.0,220,3000,0,224,152,376,0.1465295035741292,0.044499999999999984,1.378260915982537,0,0,221,0.3080357142857143,0.32589285714285715,0.415170282125473
PU-C,2,0.4,0.0,225,3000,0,229,215,444,0.17077872878871858,0.07389999999999997,1.4294210829539225,0,0,226,0.31004366812227074,0.3318777292576419,0.4735875427722931
PU-C,2,0.4,0.0,230,3000,0,234,128,362,0.14151129947276786,0.031200000000000006,1.4646638329722919,0,0,231,0.31196581196581197,0.3333333333333333,0.39868593215942383
PU-C,2,0.4,0.0,235,3000,0,239,209,448,0.1721992355887778,0.07169999999999999,1.497741999977734,0,0,236,0.3138075313807531,0.34309623430962344,0.4273412823677063
PU-C,2,0.4,0.0,240,3000,0,244,219,463,0.17752073903102428,0.08460000000000001,1.5299503749702126,0,0,241,0.3155737704918033,0.3442622950819672,0.3754429519176483
PU-C,2,0.4,0.0,245,3000,0,249,208,457,0.17539314867462963,0.07279999999999998,1.5557641659979708,0,0,246,0.321285140562249,0.3493975903614458,0.4064730405807495
PU-C,2,0.4,0.0,250,3000,0,254,168,422,0.16295470390468836,0.06299999999999994,1.583254333003424,0,0,251,0.3188976377952756,0.35039370078740156,0.4081127941608429
PU-C,2,0.4,0.0,255,3000,0,259,90,349,0.13684283918701112,0.018000000000000016,1.6145857909577899,0,0,256,0.3204633204633205,0.35135135135135137,0.4248112738132477
PU-C,2,0.4,0.0,260,3000,0,264,127,391,0.1518958661472425,0.03480000000000005,1.6501460829749703,0,0,261,0.32575757575757575,0.35984848484848486,0.33811089396476746
PU-C,2,0.4,0.0,265,3000,0,269,128,397,0.15403954300563782,0.04590000000000005,1.6836843329947442,0,0,266,0.3271375464684015,0.3643122676579926,0.4053438901901245
PU-C,2,0.4,0.0,270,3000,0,274,117,391,0.1518958661472425,0.046599999999999975,1.7176252499921247,0,0,271,0.33211678832116787,0.3686131386861314,0.42661941051483154
PU-C,2,0.4,0.0,275,3000,0,279,81,360,0.1407936301548034,0.031299999999999994,1.7494857079582289,0,0,276,0.3333333333333333,0.36917562724014336,0.4357576370239258
PU-C,2,0.4,0.0,280,3000,0,284,64,348,0.1364833684056066,0.020499999999999963,1.7872718749567866,0,0,281,0.3345070422535211,0.36971830985915494,0.4316723048686981
PU-C,2,0.4,0.0,285,3000,0,289,79,368,0.14366312231868505,0.04059999999999997,1.8280811659642495,0,0,286,0.33217993079584773,0.36678200692041524,0.4437660872936249
PU-C,2,0.4,0.0,290,3000,0,294,169,463,0.17752073903102428,0.07179999999999997,1.8622828329680488,0,0,291,0.3333333333333333,0.3707482993197279,0.4352317750453949
PU-C,2,0.4,0.0,295,3000,0,299,95,394,0.1529679055674933,0.024900000000000033,1.9028368329745717,0,0,296,0.3311036789297659,0.36789297658862874,0.43455901741981506
PU-C,2,0.4,0.0,300,3000,0,304,110,414,0.16010473761707544,0.05710000000000004,1.9346807079855353,0,0,301,0.33223684210526316,0.3684210526315789,0.4262714087963104
PU-C,2,0.4,0.0,305,3000,0,309,65,374,0.14581319532589987,0.03259999999999996,1.9643427080009133,0,0,306,0.3333333333333333,0.37216828478964403,0.40522676706314087
PU-C,2,0.4,0.0,310,3000,0,314,73,387,0.15046584833180532,0.032399999999999984,1.995063290989492,0,0,311,0.3375796178343949,0.37579617834394907,0.4217115640640259
PU-C,2,0.4,0.0,315,3000,0,319,58,377,0.14688758662668988,0.02629999999999999,2.038392332964577,0,0,316,0.34169278996865204,0.3793103448275862,0.44631561636924744
PU-C,2,0.4,0.0,320,3000,0,324,41,365,0.14258743188111112,0.012900000000000023,2.0848594999988563,0,0,321,0.3395061728395062,0.3765432098765432,0.43599799275398254
PU-C,2,0.4,0.0,325,3000,0,329,38,367,0.1433046076563187,0.013800000000000034,2.121376290975604,0,0,326,0.3373860182370821,0.3738601823708207,0.4551050662994385
PU-C,2,0.4,0.0,330,3000,0,334,22,356,0.13935769064119086,0.021399999999999975,2.161734458000865,0,0,331,0.3413173652694611,0.3772455089820359,0.4330000877380371
PU-C,2,0.4,0.0,335,3000,0,339,38,377,0.14688758662668988,0.022199999999999998,2.206812541000545,0,0,336,0.34513274336283184,0.3805309734513274,0.4547525942325592
PU-C,2,0.4,0.0,340,3000,0,344,29,373,0.14545496983919293,0.023399999999999976,2.2503590830019675,0,0,341,0.34011627906976744,0.3866279069767442,0.4800895154476166
PU-C,2,0.4,0.0,345,3000,0,349,12,361,0.14115248969756067,0.022800000000000042,2.286261457949877,0,0,346,0.3438395415472779,0.38968481375358166,0.4566948115825653
PU-C,2,0.4,0.0,350,3000,0,354,23,377,0.14688758662668988,0.01319999999999999,2.3196708749746904,0,0,351,0.3418079096045198,0.3898305084745763,0.47895053029060364
PU-C,2,0.4,0.0,355,3000,0,359,43,402,0.15582472208188847,0.03810000000000002,2.3503715829574503,0,0,356,0.34540389972144847,0.39275766016713093,0.4449613094329834
PU-C,2,0.4,0.0,360,3000,0,364,37,401,0.15546777396230027,0.030299999999999994,2.380495165998582,0,0,361,0.3516483516483517,0.3983516483516483,0.4695552885532379
PU-C,2,0.4,0.0,365,3000,0,369,9,378,0.14724562253104523,0.02290000000000003,2.414467374968808,0,0,366,0.3523035230352303,0.3983739837398374,0.45994195342063904
PU-C,2,0.4,0.0,370,3000,0,374,36,410,0.158678749226965,0.03180000000000005,2.4667091249721125,0,0,371,0.3502673796791444,0.40106951871657753,0.45887094736099243
PU-C,2,0.4,0.0,375,3000,0,379,29,408,0.15796550025697798,0.017900000000000027,2.500466624973342,0,0,376,0.35356200527704484,0.40369393139841686,0.4721420109272003
PU-C,2,0.4,0.0,380,3000,0,384,6,390,0.15153842966537923,0.01529999999999998,2.5378602909622714,0,0,381,0.3541666666666667,0.40625,0.4544070065021515
PU-C,2,0.4,0.0,385,3000,0,389,1,390,0.15153842966537923,0.016800000000000037,2.5782460409682244,0,0,386,0.35732647814910024,0.4087403598971722,0.4764072597026825
PU-C,2,0.4,0.0,390,3000,0,394,11,405,0.15689530549570918,0.01319999999999999,2.625201082963031,0,0,391,0.35786802030456855,0.4137055837563452,0.45858168601989746
PU-C,2,0.4,0.0,393,3000,0,397,0,397,0.15403954300563782,0.015499999999999958,2.654403791006189,1,0,394,0.3602015113350126,0.4156171284634761,0.4416947662830353
PU-F,2,0.4,0.0,0,3000,0,4,528,532,0.20189754257444292,0.14039999999999997,0.008889083052054048,0,0,1,0.0,0.25,0.7256038784980774
PU-F,2,0.4,0.0,5,3000,0,9,586,595,0.224023362621665,0.13570000000000004,0.09314241702668369,0,0,6,0.2222222222222222,0.3333333333333333,0.5842610001564026
PU-F,2,0.4,0.0,10,3000,0,14,1482,1496,0.5315435430966318,0.4929,0.15652020805282518,0,0,11,0.35714285714285715,0.42857142857142855,0.6642224192619324
PU-F,2,0.4,0.0,15,3000,0,19,517,536,0.20330588897923008,0.11670000000000003,0.2421034580329433,0,0,16,0.3684210526315789,0.42105263157894735,0.6037694811820984
PU-F,2,0.4,0.0,20,3000,0,24,526,550,0.20823121524881572,0.13759999999999994,0.313911083037965,0,0,21,0.3333333333333333,0.375,0.6071143746376038
PU-F,2,0.4,0.0,25,3000,0,29,441,470,0.1800012559397146,0.10640000000000005,0.38303816702682525,0,0,26,0.3103448275862069,0.3448275862068966,0.6421061754226685
PU-F,2,0.4,0.0,30,3000,0,34,409,443,0.17042350576957688,0.10370000000000001,0.43719862500438467,0,0,31,0.3235294117647059,0.38235294117647056,0.6263853311538696
PU-F,2,0.4,0.0,35,3000,0,39,431,470,0.1800012559397146,0.10260000000000002,0.46759625000413507,0,0,36,0.358974358974359,0.41025641025641024,0.6547200679779053
PU-F,2,0.4,0.0,40,3000,0,44,387,431,0.1661577759659849,0.09950000000000003,0.4994586670072749,0,0,41,0.3181818181818182,0.36363636363636365,0.6197190880775452
PU-F,2,0.4,0.0,45,3000,0,49,426,475,0.18177196802571416,0.09640000000000004,0.530530208023265,0,0,46,0.3469387755102041,0.3877551020408163,0.661095380783081
PU-F,2,0.4,0.0,50,3000,0,54,412,466,0.17858403647551313,0.10929999999999995,0.5937582500046119,0,0,51,0.3333333333333333,0.37037037037037035,0.6177977919578552
PU-F,2,0.4,0.0,55,3000,0,59,399,458,0.17574783985037357,0.08389999999999997,0.6667093750438653,0,0,56,0.3050847457627119,0.3389830508474576,0.6485730409622192
PU-F,2,0.4,0.0,60,3000,0,64,377,441,0.16971294325776398,0.09440000000000004,0.73069941700669,0,0,61,0.28125,0.3125,0.6064767837524414
PU-F,2,0.4,0.0,65,3000,0,69,420,489,0.18672525027068332,0.0857,0.7964763330528513,0,0,66,0.2753623188405797,0.3188405797101449,0.6354267001152039
PU-F,2,0.4,0.0,70,3000,0,74,352,426,0.16437869728542864,0.09040000000000004,0.8702604999998584,0,0,71,0.2972972972972973,0.33783783783783783,0.602170467376709
PU-F,2,0.4,0.0,75,3000,0,79,435,514,0.1955537197063677,0.08909999999999996,0.9419573750346899,0,0,76,0.3037974683544304,0.34177215189873417,0.6411110758781433
PU-F,2,0.4,0.0,80,3000,0,84,331,415,0.1604611292714253,0.08430000000000004,1.0053758750436828,0,0,81,0.3333333333333333,0.36904761904761907,0.6120137572288513
PU-F,2,0.4,0.0,85,3000,0,89,396,485,0.18531072669429705,0.08560000000000001,1.0745178750366904,0,0,86,0.3258426966292135,0.38202247191011235,0.635654091835022
PU-F,2,0.4,0.0,90,3000,0,94,324,418,0.16153005324304104,0.08530000000000004,1.1441230420023203,0,0,91,0.30851063829787234,0.3617021276595745,0.6210422515869141
PU-F,2,0.4,0.0,95,3000,0,99,390,489,0.18672525027068332,0.08499999999999996,1.218419500044547,0,0,96,0.29292929292929293,0.36363636363636365,0.6319493651390076
PU-F,2,0.4,0.0,100,3000,0,104,313,417,0.16117378696799278,0.08209999999999995,1.2986415000050329,0,0,101,0.27884615384615385,0.34615384615384615,0.618854284286499
PU-F,2,0.4,0.0,105,3000,0,109,383,492,0.18778578046476468,0.0847,1.3483150420361198,0,0,106,0.26605504587155965,0.3669724770642202,0.629128634929657
PU-F,2,0.4,0.0,110,3000,0,114,306,420,0.1622424612287432,0.07699999999999996,1.4143530420260504,0,0,111,0.2543859649122807,0.38596491228070173,0.6158062219619751
PU-F,2,0.4,0.0,115,3000,0,119,375,494,0.18849262921139598,0.08199999999999996,1.4739838750101626,0,0,116,0.24369747899159663,0.37815126050420167,0.6286056637763977
PU-F,2,0.4,0.0,120,3000,0,124,286,410,0.158678749226965,0.07150000000000001,1.5443937500240281,0,0,121,0.25,0.3790322580645161,0.608651340007782
PU-F,2,0.4,0.0,125,3000,0,129,460,589,0.22192108584567904,0.11019999999999996,1.606536583043635,0,0,126,0.2558139534883721,0.3798449612403101,0.682413637638092
PU-F,2,0.4,0.0,130,3000,0,134,265,399,0.15475374640664086,0.07269999999999999,1.6742915420327336,0,0,131,0.26119402985074625,0.3805970149253731,0.6070382595062256
PU-F,2,0.4,0.0,135,3000,0,139,373,512,0.19484820670913905,0.08430000000000004,1.7414859170094132,0,0,136,0.2805755395683453,0.4028776978417266,0.6354825496673584
PU-F,2,0.4,0.0,140,3000,0,144,291,435,0.16758031729841605,0.07240000000000002,1.8148839170462452,0,0,141,0.2777777777777778,0.4027777777777778,0.5403257608413696
PU-F,2,0.4,0.0,145,3000,0,149,296,445,0.1711339132161811,0.07040000000000002,1.8824150000000373,0,0,146,0.2684563758389262,0.3959731543624161,0.5594298243522644
PU-F,2,0.4,0.0,150,3000,0,154,241,395,0.1533251625369303,0.05740000000000001,1.94236120802816,0,0,151,0.2597402597402597,0.38311688311688313,0.5322034358978271
PU-F,2,0.4,0.0,155,3000,0,159,325,484,0.18495700892526656,0.07150000000000001,2.00782454200089,0,0,156,0.25157232704402516,0.3710691823899371,0.5594713687896729
PU-F,2,0.4,0.0,160,3000,0,164,230,394,0.1529679055674933,0.05489999999999995,2.1434785830206238,0,0,161,0.24390243902439024,0.3597560975609756,0.5315528512001038
PU-F,2,0.4,0.0,165,3000,0,169,294,463,0.17752073903102428,0.06499999999999995,2.2018948750337586,0,0,166,0.23668639053254437,0.34911242603550297,0.5400841236114502
PU-F,2,0.4,0.0,170,3000,0,174,242,416,0.1608174790162593,0.05789999999999995,2.2635922500048764,0,0,171,0.23563218390804597,0.3448275862068966,0.4666169285774231
PU-F,2,0.4,0.0,175,3000,0,179,251,430,0.16580204077763483,0.05459999999999998,2.326347042049747,0,0,176,0.24022346368715083,0.3463687150837989,0.5180225372314453
PU-F,2,0.4,0.0,180,3000,0,184,197,381,0.1483194487518631,0.051100000000000034,2.385324583039619,0,0,181,0.23369565217391305,0.3423913043478261,0.4692169725894928
PU-F,2,0.4,0.0,185,3000,0,189,229,418,0.16153005324304104,0.050799999999999956,2.447856792015955,0,0,186,0.23809523809523808,0.3439153439153439,0.46445974707603455
PU-F,2,0.4,0.0,190,3000,0,194,249,443,0.17042350576957688,0.06599999999999995,2.5051406250568107,0,0,191,0.23711340206185566,0.34536082474226804,0.45874327421188354
PU-F,2,0.4,0.0,195,3000,0,199,173,372,0.14509669656399637,0.04610000000000003,2.5682804580428638,0,0,196,0.23618090452261306,0.3417085427135678,0.4694601893424988
PU-F,2,0.4,0.0,200,3000,0,204,226,430,0.16580204077763483,0.04849999999999999,2.628249792032875,0,0,201,0.23529411764705882,0.3382352941176471,0.41251328587532043
PU-F,2,0.4,0.0,205,3000,0,209,208,417,0.16117378696799278,0.0534,2.6811529580154456,0,0,206,0.24401913875598086,0.3444976076555024,0.494594007730484
PU-F,2,0.4,0.0,210,3000,0,214,158,372,0.14509669656399637,0.03959999999999997,2.7442924170172773,0,0,211,0.24766355140186916,0.34579439252336447,0.4856792688369751
PU-F,2,0.4,0.0,215,3000,0,219,203,422,0.16295470390468836,0.06059999999999999,2.8050062500406057,0,0,216,0.2420091324200913,0.3378995433789954,0.4208815395832062
PU-F,2,0.4,0.0,220,3000,0,224,210,434,0.16722474165726453,0.05030000000000001,2.859696042025462,0,0,221,0.23660714285714285,0.33035714285714285,0.47252893447875977
PU-F,2,0.4,0.0,225,3000,0,229,149,378,0.14724562253104523,0.02839999999999998,2.903976917034015,0,0,226,0.24017467248908297,0.33624454148471616,0.5158684253692627
PU-F,2,0.4,0.0,230,3000,0,234,143,377,0.14688758662668988,0.022199999999999998,2.948805458028801,0,0,231,0.24786324786324787,0.3418803418803419,0.5099510550498962
PU-F,2,0.4,0.0,235,3000,0,239,220,459,0.17610249383142218,0.06620000000000004,3.0000355420052074,0,0,236,0.24686192468619247,0.3389121338912134,0.5815781950950623
PU-F,2,0.4,0.0,240,3000,0,244,196,440,0.16935760364867747,0.043200000000000016,3.0530605830135755,0,0,241,0.25,0.3442622950819672,0.5521623492240906
PU-F,2,0.4,0.0,245,3000,0,249,120,369,0.14402158837765455,0.029100000000000015,3.111105750023853,0,0,246,0.24899598393574296,0.3413654618473896,0.5540032386779785
PU-F,2,0.4,0.0,250,3000,0,254,191,445,0.1711339132161811,0.06740000000000002,3.1629047080059536,0,0,251,0.25984251968503935,0.35039370078740156,0.5852798819541931
PU-F,2,0.4,0.0,255,3000,0,259,185,444,0.17077872878871858,0.0514,3.2191730000195093,0,0,256,0.25868725868725867,0.3474903474903475,0.606062650680542
PU-F,2,0.4,0.0,260,3000,0,264,64,328,0.12928274739533663,0.023700000000000054,3.278425833035726,0,0,261,0.26136363636363635,0.3522727272727273,0.5597578883171082
PU-F,2,0.4,0.0,265,3000,0,269,77,346,0.13576427032239735,0.007600000000000051,3.33632712502731,0,0,266,0.26394052044609667,0.35315985130111527,0.5834158658981323
PU-F,2,0.4,0.0,270,3000,0,274,134,408,0.15796550025697798,0.04159999999999997,3.386669083032757,0,0,271,0.2737226277372263,0.3613138686131387,0.5755239725112915
PU-F,2,0.4,0.0,275,3000,0,279,94,373,0.14545496983919293,0.031200000000000006,3.431463542045094,0,0,276,0.27598566308243727,0.36200716845878134,0.5829792618751526
PU-F,2,0.4,0.0,280,3000,0,284,101,385,0.1497505659935996,0.022599999999999953,3.4753958750516176,0,0,281,0.28169014084507044,0.36619718309859156,0.5936731100082397
PU-F,2,0.4,0.0,285,3000,0,289,111,400,0.15511078212875873,0.0353,3.5231762080220506,0,0,286,0.28719723183391005,0.370242214532872,0.5972734689712524
PU-F,2,0.4,0.0,290,3000,0,294,101,395,0.1533251625369303,0.0353,3.5679570420179516,0,0,291,0.2925170068027211,0.3741496598639456,0.5822076797485352
PU-F,2,0.4,0.0,295,3000,0,299,135,434,0.16722474165726453,0.06259999999999999,3.6097992080030963,0,0,296,0.29431438127090304,0.3745819397993311,0.5760999917984009
PU-F,2,0.4,0.0,300,3000,0,304,136,440,0.16935760364867747,0.04720000000000002,3.6573714580154046,0,0,301,0.29605263157894735,0.375,0.5768750905990601
PU-F,2,0.4,0.0,305,3000,0,309,124,433,0.16686912631848827,0.04459999999999997,3.7044167080312036,0,0,306,0.2977346278317152,0.37540453074433655,0.5637158155441284
PU-F,2,0.4,0.0,310,3000,0,314,73,387,0.15046584833180532,0.03069999999999995,3.7497809580527246,0,0,311,0.2961783439490446,0.37261146496815284,0.579642117023468
PU-F,2,0.4,0.0,315,3000,0,319,151,470,0.1800012559397146,0.05730000000000002,3.7969937920570374,0,0,316,0.30094043887147337,0.3793103448275862,0.58580082654953
PU-F,2,0.4,0.0,320,3000,0,324,79,403,0.15618162660393864,0.02190000000000003,3.853463458013721,0,0,321,0.30246913580246915,0.37962962962962965,0.5920887589454651
PU-F,2,0.4,0.0,325,3000,0,329,97,426,0.16437869728542864,0.03739999999999999,3.9193020420498215,0,0,326,0.3100303951367781,0.3860182370820669,0.5799469351768494
PU-F,2,0.4,0.0,330,3000,0,334,24,358,0.14007576100993901,0.014499999999999957,3.9704899580101483,0,0,331,0.3143712574850299,0.38922155688622756,0.5530620217323303
PU-F,2,0.4,0.0,335,3000,0,339,48,387,0.15046584833180532,0.025499999999999967,4.019276333041489,0,0,336,0.31268436578171094,0.3864306784660767,0.5635278820991516
PU-F,2,0.4,0.0,340,3000,0,344,82,426,0.16437869728542864,0.037799999999999945,4.066214917053003,0,0,341,0.313953488372093,0.3866279069767442,0.5675713419914246
PU-F,2,0.4,0.0,345,3000,0,349,92,441,0.16971294325776398,0.04530000000000001,4.1141757080331445,0,0,346,0.3209169054441261,0.39255014326647564,0.5588881969451904
PU-F,2,0.4,0.0,350,3000,0,354,78,432,0.16651347110746428,0.0363,4.1536805420182645,0,0,351,0.3220338983050847,0.3954802259887006,0.5674288868904114
PU-F,2,0.4,0.0,355,3000,0,359,102,461,0.17681169032584876,0.05159999999999998,4.194652208010666,0,0,356,0.3231197771587744,0.3955431754874652,0.5546472668647766
PU-F,2,0.4,0.0,360,3000,0,364,91,455,0.1746836540987715,0.0504,4.2326399580342695,0,0,361,0.3269230769230769,0.3983516483516483,0.550209105014801
PU-F,2,0.4,0.0,365,3000,0,369,75,444,0.17077872878871858,0.04190000000000005,4.27705637505278,0,0,366,0.3224932249322493,0.3956639566395664,0.5560712814331055
PU-F,2,0.4,0.0,370,3000,0,374,39,413,0.15974830387858674,0.029200000000000004,4.321895708038937,0,0,371,0.32620320855614976,0.3983957219251337,0.5388914942741394
PU-F,2,0.4,0.0,375,3000,0,379,24,403,0.15618162660393864,0.022499999999999964,4.364874042046722,0,0,376,0.32717678100263853,0.39841688654353563,0.5347388982772827
PU-F,2,0.4,0.0,380,3000,0,384,55,439,0.16900222492404282,0.0363,4.403521792031825,0,0,381,0.3307291666666667,0.4010416666666667,0.5552532076835632
PU-F,2,0.4,0.0,385,3000,0,389,12,401,0.15546777396230027,0.006199999999999983,4.445729292056058,0,0,386,0.32904884318766064,0.40359897172236503,0.5332814455032349
PU-F,2,0.4,0.0,390,3000,0,394,21,415,0.1604611292714253,0.03049999999999997,4.489671375020407,0,0,391,0.3299492385786802,0.40609137055837563,0.5541102886199951
PU-F,2,0.4,0.0,395,3000,0,399,17,416,0.1608174790162593,0.01870000000000005,4.533137250051368,0,0,396,0.3308270676691729,0.40852130325814534,0.5525462627410889
PU-F,2,0.4,0.0,400,3000,0,404,13,417,0.16117378696799278,0.028000000000000025,4.572129167034291,0,0,401,0.3341584158415842,0.41336633663366334,0.5553244352340698
PU-F,2,0.4,0.0,405,3000,0,409,11,420,0.1622424612287432,0.03069999999999995,4.616418833029456,0,0,406,0.33496332518337407,0.4132029339853301,0.525379478931427
PU-F,2,0.4,0.0,408,3000,0,412,0,412,0.15939182799775153,0.01429999999999998,4.644728500046767,1,0,409,0.3325242718446602,0.41262135922330095,0.5490671396255493
PU-G,2,0.4,0.0,0,3000,0,4,1343,1347,0.4816114565473981,0.42569999999999997,0.011279124999418855,0,0,1,0.0,0.25,0.7833293080329895
PU-G,2,0.4,0.0,5,3000,0,9,544,553,0.2092858671094291,0.1372,0.08398654102347791,0,0,6,0.3333333333333333,0.4444444444444444,0.6658409833908081
PU-G,2,0.4,0.0,10,3000,0,14,576,590,0.22227153496351093,0.15059999999999996,0.18693037499906495,0,0,11,0.5,0.5714285714285714,0.7133674025535583
PU-G,2,0.4,0.0,15,3000,0,19,690,709,0.2637883843271993,0.1753,0.27244125003926456,0,0,16,0.42105263157894735,0.47368421052631576,0.7051538228988647
PU-G,2,0.4,0.0,20,3000,0,24,853,877,0.32185163657413796,0.25680000000000003,0.3149770410382189,0,0,21,0.3333333333333333,0.4166666666666667,0.7450237274169922
PU-G,2,0.4,0.0,25,3000,0,29,648,677,0.2526588600012474,0.16679999999999995,0.3583812080323696,0,0,26,0.27586206896551724,0.3448275862068966,0.7071534991264343
PU-G,2,0.4,0.0,30,3000,0,34,587,621,0.23312185192480683,0.1642,0.4018071250175126,0,0,31,0.2647058823529412,0.35294117647058826,0.7246410846710205
PU-G,2,0.4,0.0,35,3000,0,39,517,556,0.21034024911932647,0.1311,0.43873387499479577,0,0,36,0.28205128205128205,0.358974358974359,0.7171356678009033
PU-G,2,0.4,0.0,40,3000,0,44,461,505,0.19237787678139284,0.1279,0.4759032499860041,0,0,41,0.29545454545454547,0.36363636363636365,0.7237727046012878
PU-G,2,0.4,0.0,45,3000,0,49,478,527,0.2001364043680951,0.11119999999999997,0.5513988750171848,0,0,46,0.32653061224489793,0.3877551020408163,0.7534069418907166
PU-G,2,0.4,0.0,50,3000,0,54,470,524,0.1990793421282433,0.13790000000000002,0.6177904999931343,0,0,51,0.3148148148148148,0.37037037037037035,0.7517048120498657
PU-G,2,0.4,0.0,55,3000,0,59,474,533,0.202249675989151,0.11419999999999997,0.6968934159958735,0,0,56,0.288135593220339,0.3389830508474576,0.7867253422737122
PU-G,2,0.4,0.0,60,3000,0,64,417,481,0.18389564589597285,0.12039999999999995,0.7738242910127155,0,0,61,0.28125,0.328125,0.7547703385353088
PU-G,2,0.4,0.0,65,3000,0,69,508,577,0.21771349920891225,0.12019999999999997,0.8383893750142306,0,0,66,0.2608695652173913,0.30434782608695654,0.7845665216445923
PU-G,2,0.4,0.0,70,3000,0,74,394,468,0.17929271882167086,0.11180000000000001,0.9164006250211969,0,0,71,0.24324324324324326,0.28378378378378377,0.7405917048454285
PU-G,2,0.4,0.0,75,3000,0,79,493,572,0.21595912729389966,0.11140000000000005,0.9998212500358932,0,0,76,0.25316455696202533,0.2911392405063291,0.7727976441383362
PU-G,2,0.4,0.0,80,3000,0,84,368,452,0.17361913050990552,0.10609999999999997,1.0765842079999857,0,0,81,0.2619047619047619,0.30952380952380953,0.7323718667030334
PU-G,2,0.4,0.0,85,3000,0,89,449,538,0.2040098755969666,0.10229999999999995,1.1521518750232644,0,0,86,0.25842696629213485,0.3146067415730337,0.7623682618141174
PU-G,2,0.4,0.0,90,3000,0,94,371,465,0.17822964064544067,0.09670000000000001,1.2182189160375856,0,0,91,0.26595744680851063,0.3191489361702128,0.7231142520904541
PU-G,2,0.4,0.0,95,3000,0,99,414,513,0.19520097953500226,0.0978,1.2828662910033017,0,0,96,0.25252525252525254,0.30303030303030304,0.7592982053756714
PU-G,2,0.4,0.0,100,3000,0,104,342,446,0.17148905905196443,0.08830000000000005,1.3661508330260403,0,0,101,0.2403846153846154,0.28846153846153844,0.7193468809127808
PU-G,2,0.4,0.0,105,3000,0,109,404,513,0.19520097953500226,0.09419999999999995,1.4367472500307485,0,0,106,0.22935779816513763,0.28440366972477066,0.7603064775466919
PU-G,2,0.4,0.0,110,3000,0,114,346,460,0.17645711061777547,0.09419999999999995,1.5111899159965105,0,0,111,0.21929824561403508,0.30701754385964913,0.7227012515068054
PU-G,2,0.4,0.0,115,3000,0,119,387,506,0.19273088016780093,0.09179999999999999,1.5856884160311893,0,0,116,0.21008403361344538,0.29411764705882354,0.7676258087158203
PU-G,2,0.4,0.0,120,3000,0,124,363,487,0.18601805780781433,0.09550000000000003,1.648984833038412,0,0,121,0.20161290322580644,0.28225806451612906,0.7273567318916321
PU-G,2,0.4,0.0,125,3000,0,129,525,654,0.24464428902138025,0.14059999999999995,1.7130111660226248,0,0,126,0.1937984496124031,0.29457364341085274,0.8225839138031006
PU-G,2,0.4,0.0,130,3000,0,134,466,600,0.22577449848176911,0.11619999999999997,1.7827659160248004,0,0,131,0.208955223880597,0.30597014925373134,0.796941339969635
PU-G,2,0.4,0.0,135,3000,0,139,519,658,0.2460390658234246,0.14500000000000002,1.868117083038669,0,0,136,0.20863309352517986,0.302158273381295,0.6106588244438171
PU-G,2,0.4,0.0,140,3000,0,144,507,651,0.24359794368501753,0.132,1.94565758301178,0,0,141,0.2152777777777778,0.3055555555555556,0.7795519828796387
PU-G,2,0.4,0.0,145,3000,0,149,411,560,0.21174567472189665,0.10160000000000002,2.0248596660094336,0,0,146,0.21476510067114093,0.30201342281879195,0.6286911368370056
PU-G,2,0.4,0.0,150,3000,0,154,424,578,0.21806428756099194,0.0958,2.091945458028931,0,0,151,0.22077922077922077,0.3116883116883117,0.7174696326255798
PU-G,2,0.4,0.0,155,3000,0,159,325,484,0.18495700892526656,0.07799999999999996,2.1686981660313904,0,0,156,0.23270440251572327,0.3270440251572327,0.542270839214325
PU-G,2,0.4,0.0,160,3000,0,164,356,520,0.19766947941388935,0.07389999999999997,2.2296000409987755,0,0,161,0.23170731707317074,0.3231707317073171,0.694176197052002
PU-G,2,0.4,0.0,165,3000,0,169,223,392,0.15225325751816854,0.04930000000000001,2.2786525409901515,0,0,166,0.24260355029585798,0.33136094674556216,0.5727457404136658
PU-G,2,0.4,0.0,170,3000,0,174,224,398,0.154396666737739,0.04159999999999997,2.3442535829963163,0,0,171,0.23563218390804597,0.3218390804597701,0.6124895215034485
PU-G,2,0.4,0.0,175,3000,0,179,205,384,0.1493928559939377,0.047699999999999965,2.4046599160064943,0,0,176,0.2346368715083799,0.31843575418994413,0.5456746816635132
PU-G,2,0.4,0.0,180,3000,0,184,318,502,0.19131866691168398,0.0756,2.4651664160192013,0,0,181,0.23369565217391305,0.31521739130434784,0.6728459000587463
PU-G,2,0.4,0.0,185,3000,0,189,149,338,0.1328857623739168,0.019199999999999995,2.517769041005522,0,0,186,0.2275132275132275,0.31216931216931215,0.5757293105125427
PU-G,2,0.4,0.0,190,3000,0,194,207,401,0.15546777396230027,0.04579999999999995,2.5685750000411645,0,0,191,0.22164948453608246,0.30927835051546393,0.6611814498901367
PU-G,2,0.4,0.0,195,3000,0,199,209,408,0.15796550025697798,0.049900000000000055,2.611696958018001,0,0,196,0.23115577889447236,0.3165829145728643,0.5374667644500732
PU-G,2,0.4,0.0,200,3000,0,204,206,410,0.158678749226965,0.05149999999999999,2.663686499989126,0,0,201,0.22549019607843138,0.3088235294117647,0.6399402618408203
PU-G,2,0.4,0.0,205,3000,0,209,112,321,0.12675730674527586,0.008099999999999996,2.7123750830069184,0,0,206,0.22488038277511962,0.3062200956937799,0.5813380479812622
PU-G,2,0.4,0.0,210,3000,0,214,189,403,0.15618162660393864,0.04349999999999998,2.7664904160192236,0,0,211,0.22429906542056074,0.3037383177570093,0.6596347093582153
PU-G,2,0.4,0.0,215,3000,0,219,124,343,0.13468522898619995,0.019199999999999995,2.825766708003357,0,0,216,0.2328767123287671,0.3105022831050228,0.5581650733947754
PU-G,2,0.4,0.0,220,3000,0,224,184,408,0.15796550025697798,0.04520000000000002,2.875223166018259,0,0,221,0.23214285714285715,0.3080357142857143,0.6650686264038086
PU-G,2,0.4,0.0,225,3000,0,229,106,335,0.13180543505586684,0.014599999999999946,2.920626415987499,0,0,226,0.24017467248908297,0.314410480349345,0.5993329286575317
PU-G,2,0.4,0.0,230,3000,0,234,128,362,0.14151129947276786,0.020499999999999963,2.966020666004624,0,0,231,0.24358974358974358,0.3162393162393162,0.649302065372467
PU-G,2,0.4,0.0,235,3000,0,239,104,343,0.13468522898619995,0.00880000000000003,3.0159759580274113,0,0,236,0.24686192468619247,0.3179916317991632,0.6343238353729248
PU-G,2,0.4,0.0,240,3000,0,244,139,383,0.14903509989380836,0.025800000000000045,3.058069874998182,0,0,241,0.25,0.319672131147541,0.6543636918067932
PU-G,2,0.4,0.0,245,3000,0,249,108,357,0.13971675105858594,0.011199999999999988,3.0997075409977697,0,0,246,0.25301204819277107,0.321285140562249,0.6646848320960999
PU-G,2,0.4,0.0,250,3000,0,254,157,411,0.15903530979994684,0.038000000000000034,3.1501240000361577,0,0,251,0.2559055118110236,0.3228346456692913,0.7072477340698242
PU-G,2,0.4,0.0,255,3000,0,259,104,363,0.14187005965504795,0.010800000000000032,3.1984925830038264,0,0,256,0.25096525096525096,0.3166023166023166,0.627234697341919
PU-G,2,0.4,0.0,260,3000,0,264,112,376,0.1465295035741292,0.01639999999999997,3.251385500014294,0,0,261,0.2537878787878788,0.3181818181818182,0.6821650862693787
PU-G,2,0.4,0.0,265,3000,0,269,92,361,0.14115248969756067,0.01759999999999995,3.3037225829903036,0,0,266,0.2527881040892193,0.31970260223048325,0.63432377576828
PU-G,2,0.4,0.0,270,3000,0,274,119,393,0.15261060395278037,0.024499999999999966,3.3506260000285693,0,0,271,0.2518248175182482,0.32116788321167883,0.7025385499000549
PU-G,2,0.4,0.0,275,3000,0,279,79,358,0.14007576100993901,0.01200000000000001,3.3997961250133812,0,0,276,0.24731182795698925,0.31899641577060933,0.6041228771209717
PU-G,2,0.4,0.0,280,3000,0,284,94,378,0.14724562253104523,0.0242,3.4425514999893494,0,0,281,0.24295774647887325,0.3204225352112676,0.625083327293396
PU-G,2,0.4,0.0,285,3000,0,289,80,369,0.14402158837765455,0.011600000000000055,3.489833041036036,0,0,286,0.2422145328719723,0.31833910034602075,0.6624720692634583
PU-G,2,0.4,0.0,290,3000,0,294,87,381,0.1483194487518631,0.012599999999999945,3.536775165994186,0,0,291,0.23809523809523808,0.3197278911564626,0.6478124260902405
PU-G,2,0.4,0.0,295,3000,0,299,78,377,0.14688758662668988,0.008099999999999996,3.586125915986486,0,0,296,0.23411371237458195,0.3177257525083612,0.6704667210578918
PU-G,2,0.4,0.0,300,3000,0,304,72,376,0.1465295035741292,0.017900000000000027,3.658105499984231,0,0,301,0.23684210526315788,0.3256578947368421,0.6544801592826843
PU-G,2,0.4,0.0,305,3000,0,309,71,380,0.14796155341900885,0.009299999999999975,3.7056195830227807,0,0,306,0.24271844660194175,0.3333333333333333,0.6422255635261536
PU-G,2,0.4,0.0,310,3000,0,314,68,382,0.1486772975185886,0.010099999999999998,3.7515455409884453,0,0,311,0.2484076433121019,0.3375796178343949,0.6486153602600098
PU-G,2,0.4,0.0,315,3000,0,319,67,386,0.15010823006741703,0.013499999999999956,3.8160827080137096,0,0,316,0.25705329153605017,0.3448275862068966,0.6395030617713928
PU-G,2,0.4,0.0,320,3000,0,324,74,398,0.154396666737739,0.014499999999999957,3.8644125410355628,0,0,321,0.25617283950617287,0.3425925925925926,0.6334858536720276
PU-G,2,0.4,0.0,325,3000,0,329,63,392,0.15225325751816854,0.010600000000000054,3.912367125041783,0,0,326,0.2553191489361702,0.3404255319148936,0.6350040435791016
PU-G,2,0.4,0.0,330,3000,0,334,58,392,0.15225325751816854,0.010299999999999976,3.959345250041224,0,0,331,0.26047904191616766,0.344311377245509,0.6631304025650024
PU-G,2,0.4,0.0,335,3000,0,339,56,395,0.1533251625369303,0.008600000000000052,4.006291291036177,0,0,336,0.26548672566371684,0.3480825958702065,0.6710816025733948
PU-G,2,0.4,0.0,340,3000,0,344,69,413,0.15974830387858674,0.015199999999999991,4.058791958028451,0,0,341,0.26744186046511625,0.3488372093023256,0.6512628793716431
PU-G,2,0.4,0.0,345,3000,0,349,55,404,0.15653848770307377,0.008199999999999985,4.110236250038724,0,0,346,0.2664756446991404,0.3467048710601719,0.660288393497467
PU-G,2,0.4,0.0,350,3000,0,354,54,408,0.15796550025697798,0.007099999999999995,4.1539631250198,0,0,351,0.2655367231638418,0.3446327683615819,0.6699844002723694
PU-G,2,0.4,0.0,355,3000,0,359,52,411,0.15903530979994684,0.008700000000000041,4.19921016599983,0,0,356,0.26740947075208915,0.34540389972144847,0.652286946773529
PU-G,2,0.4,0.0,360,3000,0,364,49,413,0.15974830387858674,0.016800000000000037,4.241190625005402,0,0,361,0.27197802197802196,0.3516483516483517,0.6407338976860046
PU-G,2,0.4,0.0,365,3000,0,369,47,416,0.1608174790162593,0.018100000000000005,4.2877416660194285,0,0,366,0.2764227642276423,0.35501355013550134,0.6353555917739868
PU-G,2,0.4,0.0,370,3000,0,374,53,427,0.16473459382541478,0.017299999999999982,4.33319183299318,0,0,371,0.27540106951871657,0.35294117647058826,0.64940345287323
PU-G,2,0.4,0.0,375,3000,0,379,65,444,0.17077872878871858,0.04039999999999999,4.3775693330098875,0,0,376,0.2796833773087071,0.3562005277044855,0.6475798487663269
PU-G,2,0.4,0.0,380,3000,0,384,39,423,0.16331076360074803,0.016100000000000003,4.418094166030642,0,0,381,0.2786458333333333,0.3541666666666667,0.6507979035377502
PU-G,2,0.4,0.0,385,3000,0,389,31,420,0.1622424612287432,0.019199999999999995,4.46122254099464,0,0,386,0.2802056555269923,0.35475578406169667,0.6516148447990417
PU-G,2,0.4,0.0,390,3000,0,394,52,446,0.17148905905196443,0.0343,4.50179037504131,0,0,391,0.2817258883248731,0.3604060913705584,0.630955159664154
PU-G,2,0.4,0.0,395,3000,0,399,37,436,0.16793585335835814,0.010499999999999954,4.542426375031937,0,0,396,0.2832080200501253,0.3609022556390977,0.6911002397537231
PU-G,2,0.4,0.0,400,3000,0,404,36,440,0.16935760364867747,0.016000000000000014,4.582530374987982,0,0,401,0.2896039603960396,0.36633663366336633,0.6427318453788757
PU-G,2,0.4,0.0,405,3000,0,409,30,439,0.16900222492404282,0.024399999999999977,4.627001415996347,0,0,406,0.29095354523227385,0.37163814180929094,0.642412006855011
PU-G,2,0.4,0.0,410,3000,0,414,39,453,0.1739740094053559,0.02410000000000001,4.672117999987677,0,0,411,0.2898550724637681,0.3695652173913043,0.6329235434532166
PU-G,2,0.4,0.0,415,3000,0,419,25,444,0.17077872878871858,0.008900000000000019,4.717079124995507,0,0,416,0.2935560859188544,0.3723150357995227,0.6786850094795227
PU-G,2,0.4,0.0,420,3000,0,424,23,447,0.17184416647069156,0.014000000000000012,4.76047695800662,0,0,421,0.29952830188679247,0.37735849056603776,0.6792625188827515
PU-G,2,0.4,0.0,425,3000,0,429,17,446,0.17148905905196443,0.01990000000000003,4.803613000025507,0,0,426,0.30536130536130535,0.38461538461538464,0.6457682251930237
PU-G,2,0.4,0.0,430,3000,0,434,29,463,0.17752073903102428,0.02839999999999998,4.848312332993373,0,0,431,0.30184331797235026,0.38018433179723504,0.6460011601448059
PU-G,2,0.4,0.0,435,3000,0,439,11,450,0.1729092591558583,0.016800000000000037,4.894032458018046,0,0,436,0.30068337129840544,0.38496583143507973,0.6684184670448303
PU-G,2,0.4,0.0,440,3000,0,444,18,462,0.17716623313026503,0.03380000000000005,4.938557207991835,0,0,441,0.2972972972972973,0.38288288288288286,0.6427000164985657
PU-G,2,0.4,0.0,445,3000,0,449,6,455,0.1746836540987715,0.013299999999999979,4.9856527500087395,0,0,446,0.30066815144766146,0.38752783964365256,0.6824950575828552
PU-G,2,0.4,0.0,450,3000,0,454,20,474,0.18141789734363556,0.023700000000000054,5.031239000032656,0,0,451,0.30837004405286345,0.394273127753304,0.6504908800125122
PU-G,2,0.4,0.0,451,3000,0,455,0,455,0.1746836540987715,0.02180000000000004,5.046893583028577,1,0,452,0.3076923076923077,0.3934065934065934,0.6329975128173828
MaxLoss,3,0.0,0.0,0,3000,0,4,496,500,0.19061235984554514,0.11870000000000003,0.013618291006423533,0,0,1,0.0,0.0,0.5385972857475281
MaxLoss,3,0.0,0.0,5,3000,0,9,430,439,0.16900222492404282,0.10509999999999997,0.03494712500832975,0,0,6,0.0,0.0,0.5926567912101746
MaxLoss,3,0.0,0.0,10,3000,0,14,185,199,0.08219695603474975,0.05559999999999998,0.05653433297993615,0,0,11,0.0,0.0,0.6702312231063843
MaxLoss,3,0.0,0.0,15,3000,0,19,415,434,0.16722474165726453,0.09819999999999995,0.0783780409838073,0,0,16,0.0,0.0,0.7635926604270935
MaxLoss,3,0.0,0.0,20,3000,0,24,211,235,0.09547050960827619,0.06140000000000001,0.1024711659993045,0,0,21,0.0,0.0,0.7765483260154724
MaxLoss,3,0.0,0.0,25,3000,0,29,284,313,0.12386761931702495,0.06720000000000004,0.12724133301526308,0,0,26,0.0,0.034482758620689655,0.8186457753181458
MaxLoss,3,0.0,0.0,30,3000,0,34,171,205,0.08441813272656873,0.0484,0.15202624996891245,0,0,31,0.0,0.058823529411764705,0.8242524266242981
MaxLoss,3,0.0,0.0,35,3000,0,39,197,236,0.09583749843295664,0.05169999999999997,0.17340087500633672,0,0,36,0.0,0.07692307692307693,0.8483784794807434
MaxLoss,3,0.0,0.0,40,3000,0,44,144,188,0.07811454794136807,0.04149999999999998,0.19686520798131824,0,0,41,0.0,0.13636363636363635,0.8408392667770386
MaxLoss,3,0.0,0.0,45,3000,0,49,164,213,0.08737389626912773,0.04169999999999996,0.21949424996273592,0,0,46,0.0,0.16326530612244897,0.8625094890594482
MaxLoss,3,0.0,0.0,50,3000,0,54,108,162,0.06840666866628453,0.03810000000000002,0.244206374976784,0,0,51,0.0,0.16666666666666666,0.8552659153938293
MaxLoss,3,0.0,0.0,55,3000,0,59,133,192,0.07960064115468413,0.03539999999999999,0.251935416017659,0,0,56,0.0,0.1694915254237288,0.8738009929656982
MaxLoss,3,0.0,0.0,60,3000,0,64,90,154,0.06540102750295773,0.033499999999999974,0.25923379097366706,0,0,61,0.0,0.171875,0.8653368353843689
MaxLoss,3,0.0,0.0,65,3000,0,69,101,170,0.07140313135460019,0.031399999999999983,0.2666160829830915,0,0,66,0.0,0.17391304347826086,0.8793187737464905
MaxLoss,3,0.0,0.0,70,3000,0,74,75,149,0.06351755058858544,0.02939999999999998,0.2753034579800442,0,0,71,0.0,0.17567567567567569,0.8655874133110046
MaxLoss,3,0.0,0.0,75,3000,0,79,79,158,0.06690503476420417,0.028299999999999992,0.28255583299323916,0,0,76,0.0,0.17721518987341772,0.8793750405311584
MaxLoss,3,0.0,0.0,80,3000,0,84,58,142,0.06087388581363484,0.025599999999999956,0.28984112496254966,0,0,81,0.0,0.17857142857142858,0.8570106029510498
MaxLoss,3,0.0,0.0,85,3000,0,89,55,144,0.06163005332928151,0.023800000000000043,0.29699287499533966,0,0,86,0.0,0.19101123595505617,0.8762582540512085
MaxLoss,3,0.0,0.0,90,3000,0,94,45,139,0.05973834189353511,0.022199999999999998,0.3042579159955494,0,0,91,0.0,0.18085106382978725,0.8490435481071472
MaxLoss,3,0.0,0.0,95,3000,0,99,41,140,0.06011703115655109,0.021599999999999953,0.31298008299199864,0,0,96,0.0,0.18181818181818182,0.8770211935043335
MaxLoss,3,0.0,0.0,100,3000,0,104,29,133,0.05746242729946971,0.019499999999999962,0.3216298749903217,0,0,101,0.0,0.18269230769230768,0.8439583778381348
MaxLoss,3,0.0,0.0,105,3000,0,109,23,132,0.057082461076788604,0.01859999999999995,0.3300393329700455,0,0,106,0.0,0.1834862385321101,0.8756706118583679
MaxLoss,3,0.0,0.0,110,3000,0,114,14,128,0.05556067515863106,0.017199999999999993,0.33871662500314415,0,0,111,0.0,0.20175438596491227,0.8354088068008423
MaxLoss,3,0.0,0.0,115,3000,0,119,4,123,0.053653962444514036,0.015900000000000025,0.3478009579703212,0,0,116,0.0,0.2184873949579832,0.8690612316131592
MaxLoss,3,0.0,0.0,119,3000,0,123,0,123,0.053653962444514036,0.015100000000000002,0.355179833015427,1,0,120,0.0,0.22764227642276422,0.8646236658096313
PU-C,3,0.0,0.0,0,3000,0,4,445,449,0.17255426640622318,0.11970000000000003,0.004214374988805503,0,0,1,0.0,0.0,0.5223177075386047
PU-C,3,0.0,0.0,5,3000,0,9,519,528,0.20048869505990297,0.12539999999999996,0.01649675000226125,0,0,6,0.0,0.0,0.5551666021347046
PU-C,3,0.0,0.0,10,3000,0,14,60,74,0.03462917119031772,0.022800000000000042,0.02806962502654642,0,0,11,0.0,0.0,0.6441852450370789
PU-C,3,0.0,0.0,15,3000,0,19,514,533,0.202249675989151,0.12280000000000002,0.03887366701383144,0,0,16,0.0,0.0,0.7265145182609558
PU-C,3,0.0,0.0,20,3000,0,24,89,113,0.04982449556700885,0.03049999999999997,0.05000458302674815,0,0,21,0.0,0.0,0.7552109360694885
PU-C,3,0.0,0.0,25,3000,0,29,438,467,0.17893839586758986,0.10399999999999998,0.06079050002153963,0,0,26,0.0,0.0,0.7857329845428467
PU-C,3,0.0,0.0,30,3000,0,34,79,113,0.04982449556700885,0.02969999999999995,0.07151820801664144,0,0,31,0.0,0.0,0.8008049130439758
PU-C,3,0.0,0.0,35,3000,0,39,348,387,0.15046584833180532,0.08489999999999998,0.08191233302932233,0,0,36,0.0,0.0,0.7796770334243774
PU-C,3,0.0,0.0,40,3000,0,44,62,106,0.04712998168542981,0.025800000000000045,0.09269120800308883,0,0,41,0.0,0.045454545454545456,0.7990527749061584
PU-C,3,0.0,0.0,45,3000,0,49,294,343,0.13468522898619995,0.07310000000000005,0.10308324999641627,0,0,46,0.0,0.061224489795918366,0.7817922234535217
PU-C,3,0.0,0.0,50,3000,0,54,50,104,0.04635784780839458,0.022800000000000042,0.1138417919864878,0,0,51,0.0,0.1111111111111111,0.8228947520256042
PU-C,3,0.0,0.0,55,3000,0,59,243,302,0.11988804023712873,0.06330000000000002,0.12576929200440645,0,0,56,0.0,0.13559322033898305,0.7827833890914917
PU-C,3,0.0,0.0,60,3000,0,64,43,107,0.04751565994229168,0.02210000000000001,0.13665424997452646,0,0,61,0.0,0.140625,0.8274002075195312
PU-C,3,0.0,0.0,65,3000,0,69,211,280,0.11190583789721131,0.055499999999999994,0.14860170800238848,0,0,66,0.0,0.18840579710144928,0.7943739891052246
PU-C,3,0.0,0.0,70,3000,0,74,39,113,0.04982449556700885,0.02059999999999995,0.15952425001887605,0,0,71,0.0,0.21621621621621623,0.8367739319801331
PU-C,3,0.0,0.0,75,3000,0,79,173,252,0.10169791040243581,0.05049999999999999,0.17006500001298264,0,0,76,0.0,0.24050632911392406,0.8025975823402405
PU-C,3,0.0,0.0,80,3000,0,84,31,115,0.05059218790847808,0.019499999999999962,0.18081487499875948,0,0,81,0.0,0.25,0.8399014472961426
PU-C,3,0.0,0.0,85,3000,0,89,140,229,0.09326673817122355,0.04700000000000004,0.19254241697490215,0,0,86,0.0,0.25842696629213485,0.8064685463905334
PU-C,3,0.0,0.0,90,3000,0,94,15,109,0.048286255972925574,0.017800000000000038,0.20344787498470396,0,0,91,0.0,0.26595744680851063,0.8404902219772339
PU-C,3,0.0,0.0,95,3000,0,99,113,212,0.08700477855745703,0.04390000000000005,0.2154152499861084,0,0,96,0.0,0.26262626262626265,0.8118705749511719
PU-C,3,0.0,0.0,100,3000,0,104,1,105,0.04674404545221478,0.01529999999999998,0.22610466700280085,0,0,101,0.0,0.25,0.8411731123924255
PU-C,3,0.0,0.0,102,3000,0,106,0,106,0.04712998168542981,0.01539999999999997,0.23169099999358878,1,0,103,0.0,0.24528301886792453,0.8407442569732666
PU-F,3,0.0,0.0,0,3000,0,4,924,928,0.3393671823432669,0.2783,0.005265250045340508,0,0,1,0.0,0.0,0.4623813331127167
PU-F,3,0.0,0.0,5,3000,0,9,395,404,0.15653848770307377,0.09360000000000002,0.03475791704840958,0,0,6,0.0,0.0,0.5966771245002747
PU-F,3,0.0,0.0,10,3000,0,14,393,407,0.15760881162714213,0.09150000000000003,0.057238750043325126,0,0,11,0.0,0.0,0.6724660396575928
PU-F,3,0.0,0.0,15,3000,0,19,207,226,0.0921636478160508,0.05879999999999996,0.08213345805415884,0,0,16,0.0,0.0,0.7287343740463257
PU-F,3,0.0,0.0,20,3000,0,24,293,317,0.12531293247593567,0.07040000000000002,0.10451100004138425,0,0,21,0.0,0.0,0.7473581433296204
PU-F,3,0.0,0.0,25,3000,0,29,178,207,0.08515768480719998,0.05010000000000003,0.12696650001453236,0,0,26,0.0,0.06896551724137931,0.781796932220459
PU-F,3,0.0,0.0,30,3000,0,34,227,261,0.104985382524319,0.05840000000000001,0.14758366701425985,0,0,31,0.0,0.058823529411764705,0.7854436635971069
PU-F,3,0.0,0.0,35,3000,0,39,149,188,0.07811454794136807,0.043200000000000016,0.16672029200708494,0,0,36,0.0,0.10256410256410256,0.8118646144866943
PU-F,3,0.0,0.0,40,3000,0,44,191,235,0.09547050960827619,0.04930000000000001,0.18461941700661555,0,0,41,0.0,0.13636363636363635,0.8037011027336121
PU-F,3,0.0,0.0,45,3000,0,49,115,164,0.0691566207096912,0.03939999999999999,0.20222679199650884,0,0,46,0.0,0.12244897959183673,0.8224858045578003
PU-F,3,0.0,0.0,50,3000,0,54,157,211,0.08663556131068617,0.04069999999999996,0.21986991702578962,0,0,51,0.0,0.1111111111111111,0.8064664602279663
PU-F,3,0.0,0.0,55,3000,0,59,97,156,0.06615333299851045,0.03280000000000005,0.23614462499972433,0,0,56,0.0,0.1694915254237288,0.827886164188385
PU-F,3,0.0,0.0,60,3000,0,64,127,191,0.0792292904225178,0.03300000000000003,0.2526174579979852,0,0,61,0.0,0.15625,0.808127760887146
PU-F,3,0.0,0.0,65,3000,0,69,79,148,0.0631403787410818,0.028699999999999948,0.2675315830274485,0,0,66,0.0,0.14492753623188406,0.8292367458343506
PU-F,3,0.0,0.0,70,3000,0,74,87,161,0.0680314782075584,0.027100000000000013,0.2815398329985328,0,0,71,0.0,0.14864864864864866,0.8022441864013672
PU-F,3,0.0,0.0,75,3000,0,79,51,130,0.056321956391911954,0.025399999999999978,0.29505337501177564,0,0,76,0.0,0.1518987341772152,0.8254119753837585
PU-F,3,0.0,0.0,80,3000,0,84,66,150,0.06389456166652963,0.022499999999999964,0.30791341699659824,0,0,81,0.0,0.15476190476190477,0.7921514511108398
PU-F,3,0.0,0.0,85,3000,0,89,39,128,0.05556067515863106,0.022299999999999986,0.32082279201131314,0,0,86,0.0,0.15730337078651685,0.8188848495483398
PU-F,3,0.0,0.0,90,3000,0,94,46,140,0.06011703115655109,0.018100000000000005,0.33309362502768636,0,0,91,0.0,0.18085106382978725,0.7778178453445435
PU-F,3,0.0,0.0,95,3000,0,99,26,125,0.05441726028220728,0.01880000000000004,0.3451873330050148,0,0,96,0.0,0.18181818181818182,0.8105588555335999
PU-F,3,0.0,0.0,100,3000,0,104,32,136,0.05860120529541746,0.014800000000000035,0.3571597080444917,0,0,101,0.0,0.17307692307692307,0.7674902677536011
PU-F,3,0.0,0.0,105,3000,0,109,16,125,0.05441726028220728,0.01539999999999997,0.36875433300156146,0,0,106,0.0,0.1926605504587156,0.8087087869644165
PU-F,3,0.0,0.0,110,3000,0,114,23,137,0.05898043076740578,0.014000000000000012,0.3802252080058679,0,0,111,0.0,0.20175438596491227,0.7629906535148621
PU-F,3,0.0,0.0,115,3000,0,119,5,124,0.054035715002100915,0.013499999999999956,0.3931058750022203,0,0,116,0.0,0.19327731092436976,0.8049725890159607
PU-F,3,0.0,0.0,120,3000,0,124,16,140,0.06011703115655109,0.01319999999999999,0.40437391703017056,0,0,121,0.0,0.20967741935483872,0.7559306025505066
PU-F,3,0.0,0.0,123,3000,0,127,0,127,0.055179738090373576,0.012399999999999967,0.41218245803611353,1,0,124,0.0,0.2125984251968504,0.8002996444702148
PU-G,3,0.0,0.0,0,3000,0,4,631,635,0.2380135838757269,0.15910000000000002,0.005423124996013939,0,0,1,0.0,0.0,0.5448482036590576
PU-G,3,0.0,0.0,5,3000,0,9,408,417,0.16117378696799278,0.11760000000000004,0.04252358298981562,0,0,6,0.0,0.0,0.49778398871421814
PU-G,3,0.0,0.0,10,3000,0,14,278,292,0.1162636922672391,0.05879999999999996,0.0741965000052005,0,0,11,0.0,0.0,0.5985567569732666
PU-G,3,0.0,0.0,15,3000,0,19,461,480,0.1835417879628949,0.10660000000000003,0.09716245799791068,0,0,16,0.0,0.0,0.6347021460533142
PU-G,3,0.0,0.0,20,3000,0,24,164,188,0.07811454794136807,0.04269999999999996,0.12205441598780453,0,0,21,0.0,0.041666666666666664,0.693924605846405
PU-G,3,0.0,0.0,25,3000,0,29,332,361,0.14115248969756067,0.08120000000000005,0.14305808302015066,0,0,26,0.0,0.06896551724137931,0.6814975142478943
PU-G,3,0.0,0.0,30,3000,0,34,103,137,0.05898043076740578,0.032399999999999984,0.16454683302436024,0,0,31,0.0,0.08823529411764706,0.7068840861320496
PU-G,3,0.0,0.0,35,3000,0,39,272,311,0.12314460595371202,0.0685,0.1832504579797387,0,0,36,0.0,0.1282051282051282,0.6742687821388245
PU-G,3,0.0,0.0,40,3000,0,44,76,120,0.05250743729993701,0.023499999999999965,0.2022755829966627,0,0,41,0.0,0.1590909090909091,0.7047073841094971
PU-G,3,0.0,0.0,45,3000,0,49,238,287,0.11444909032434225,0.059699999999999975,0.22036933299386874,0,0,46,0.0,0.16326530612244897,0.6872938275337219
PU-G,3,0.0,0.0,50,3000,0,54,55,109,0.048286255972925574,0.01970000000000005,0.2379515829961747,0,0,51,0.0,0.18518518518518517,0.7157623171806335
PU-G,3,0.0,0.0,55,3000,0,59,200,259,0.10425537155242637,0.05259999999999998,0.2536695000017062,0,0,56,0.0,0.22033898305084745,0.6940358877182007
PU-G,3,0.0,0.0,60,3000,0,64,36,100,0.044810371415223926,0.01529999999999998,0.27010908303782344,0,0,61,0.0,0.265625,0.7220644354820251
PU-G,3,0.0,0.0,65,3000,0,69,176,245,0.09913657489232719,0.04610000000000003,0.2857427910203114,0,0,66,0.0,0.2608695652173913,0.6998428702354431
PU-G,3,0.0,0.0,70,3000,0,74,24,98,0.04403496906161308,0.012599999999999945,0.3015412910026498,0,0,71,0.0,0.2702702702702703,0.7214715480804443
PU-G,3,0.0,0.0,75,3000,0,79,161,240,0.09730459639104083,0.04300000000000004,0.31721474998630583,0,0,76,0.0,0.27848101265822783,0.705167293548584
PU-G,3,0.0,0.0,80,3000,0,84,12,96,0.04325841483660042,0.010800000000000032,0.33244291599839926,0,0,81,0.0,0.2857142857142857,0.7225930094718933
PU-G,3,0.0,0.0,85,3000,0,89,139,228,0.09289913187967613,0.03979999999999995,0.3461070000194013,0,0,86,0.0,0.2808988764044944,0.7065176367759705
PU-G,3,0.0,0.0,90,3000,0,94,4,98,0.04403496906161308,0.007900000000000018,0.3604827080271207,0,0,91,0.0,0.3191489361702128,0.7190139889717102
PU-G,3,0.0,0.0,92,3000,0,96,0,96,0.04325841483660042,0.007299999999999973,0.36699616600526497,1,0,93,0.0,0.3229166666666667,0.7172532081604004
MaxLoss,3,0.4,0.0,0,3000,0,4,330,334,0.13144521688809618,0.04800000000000004,0.004503791977185756,0,0,1,0.0,0.0,0.4909733533859253
MaxLoss,3,0.4,0.0,5,3000,0,9,475,484,0.18495700892526656,0.10419999999999996,0.013372791989240795,0,0,6,0.4444444444444444,0.4444444444444444,0.6166788935661316
MaxLoss,3,0.4,0.0,10,3000,0,14,478,492,0.18778578046476468,0.11129999999999995,0.02176524995593354,0,0,11,0.42857142857142855,0.42857142857142855,0.666675329208374
MaxLoss,3,0.4,0.0,15,3000,0,19,468,487,0.18601805780781433,0.13080000000000003,0.03021599998464808,0,0,16,0.47368421052631576,0.47368421052631576,0.6663522124290466
MaxLoss,3,0.4,0.0,20,3000,0,24,605,629,0.23591775394743308,0.13790000000000002,0.03871245897607878,0,0,21,0.5416666666666666,0.5416666666666666,0.7182328701019287
MaxLoss,3,0.4,0.0,25,3000,0,29,568,597,0.22472389962058514,0.16749999999999998,0.04708483396098018,0,0,26,0.5862068965517241,0.5862068965517241,0.7371909618377686
MaxLoss,3,0.4,0.0,30,3000,0,34,666,700,0.2606606413028203,0.16159999999999997,0.055788291967473924,0,0,31,0.5294117647058824,0.5294117647058824,0.7864719033241272
MaxLoss,3,0.4,0.0,35,3000,0,39,665,704,0.26205098163336515,0.2036,0.06458858400583267,0,0,36,0.46153846153846156,0.46153846153846156,0.78324955701828
MaxLoss,3,0.4,0.0,40,3000,0,44,475,519,0.1973169335979037,0.11109999999999998,0.07314312498783693,0,0,41,0.4090909090909091,0.4090909090909091,0.8249420523643494
MaxLoss,3,0.4,0.0,45,3000,0,49,611,660,0.24673630471806973,0.17410000000000003,0.08183279196964577,0,0,46,0.3877551020408163,0.3877551020408163,0.7639772891998291
MaxLoss,3,0.4,0.0,50,3000,0,54,514,568,0.2145551101421006,0.13339999999999996,0.09051191696198657,0,0,51,0.4074074074074074,0.4074074074074074,0.7956539392471313
MaxLoss,3,0.4,0.0,55,3000,0,59,615,674,0.25161421595839784,0.17889999999999995,0.0995012919884175,0,0,56,0.3898305084745763,0.3898305084745763,0.7505081295967102
MaxLoss,3,0.4,0.0,60,3000,0,64,523,587,0.22122010361636057,0.13780000000000003,0.10824387497268617,0,0,61,0.375,0.40625,0.7879752516746521
MaxLoss,3,0.4,0.0,65,3000,0,69,616,685,0.2554435166530311,0.17320000000000002,0.11820308398455381,0,0,66,0.37681159420289856,0.43478260869565216,0.742382287979126
MaxLoss,3,0.4,0.0,70,3000,0,74,530,604,0.22717491316143423,0.14249999999999996,0.12700141698587686,0,0,71,0.3918918918918919,0.44594594594594594,0.7946445345878601
MaxLoss,3,0.4,0.0,75,3000,0,79,589,668,0.249524271232076,0.16479999999999995,0.1368026669952087,0,0,76,0.3924050632911392,0.46835443037974683,0.7387683987617493
MaxLoss,3,0.4,0.0,80,3000,0,84,522,606,0.22787495696684346,0.1412,0.14545737497974187,0,0,81,0.36904761904761907,0.4642857142857143,0.7885222434997559
MaxLoss,3,0.4,0.0,85,3000,0,89,554,643,0.2408065793570131,0.15349999999999997,0.15414858399890363,0,0,86,0.34831460674157305,0.43820224719101125,0.7323749661445618
MaxLoss,3,0.4,0.0,90,3000,0,94,494,588,0.22157060878816992,0.13049999999999995,0.1631367089576088,0,0,91,0.3617021276595745,0.44680851063829785,0.7744914889335632
MaxLoss,3,0.4,0.0,95,3000,0,99,499,598,0.2250741267343983,0.13629999999999998,0.17198537499643862,0,0,96,0.36363636363636365,0.45454545454545453,0.731909990310669
MaxLoss,3,0.4,0.0,100,3000,0,104,475,579,0.21841504727490246,0.12560000000000004,0.1809803340001963,0,0,101,0.36538461538461536,0.4519230769230769,0.7883840203285217
MaxLoss,3,0.4,0.0,105,3000,0,109,437,546,0.20682459004456177,0.11519999999999997,0.18983095895964652,0,0,106,0.3669724770642202,0.44954128440366975,0.7204396724700928
MaxLoss,3,0.4,0.0,110,3000,0,114,445,559,0.21139436279190704,0.11509999999999998,0.19865145900985226,0,0,111,0.37719298245614036,0.45614035087719296,0.7813450694084167
MaxLoss,3,0.4,0.0,115,3000,0,119,407,526,0.19978408206952736,0.11070000000000002,0.2076435419730842,0,0,116,0.3865546218487395,0.46218487394957986,0.7062811851501465
MaxLoss,3,0.4,0.0,120,3000,0,124,434,558,0.2110430212924257,0.11270000000000002,0.21651224995730445,0,0,121,0.3951612903225806,0.47580645161290325,0.7810133695602417
MaxLoss,3,0.4,0.0,125,3000,0,129,348,477,0.18248000246239826,0.08950000000000002,0.22557620896259323,0,0,126,0.3953488372093023,0.49612403100775193,0.7305728793144226
MaxLoss,3,0.4,0.0,130,3000,0,134,446,580,0.2187657785252668,0.10940000000000005,0.23784341698046774,0,0,131,0.3880597014925373,0.4925373134328358,0.7001824975013733
MaxLoss,3,0.4,0.0,135,3000,0,139,353,492,0.18778578046476468,0.09689999999999999,0.25048975000390783,0,0,136,0.38848920863309355,0.4892086330935252,0.7936272621154785
MaxLoss,3,0.4,0.0,140,3000,0,144,259,403,0.15618162660393864,0.07699999999999996,0.26319749996764585,0,0,141,0.3888888888888889,0.4861111111111111,0.5607518553733826
MaxLoss,3,0.4,0.0,145,3000,0,149,300,449,0.17255426640622318,0.08599999999999997,0.28625279199332,0,0,146,0.3959731543624161,0.4899328859060403,0.6890098452568054
MaxLoss,3,0.4,0.0,150,3000,0,154,235,389,0.15118094795616344,0.07799999999999996,0.307777666952461,0,0,151,0.3961038961038961,0.487012987012987,0.6052741408348083
MaxLoss,3,0.4,0.0,155,3000,0,159,279,438,0.16864680708386004,0.07430000000000003,0.3298612919752486,0,0,156,0.389937106918239,0.49056603773584906,0.5877904295921326
MaxLoss,3,0.4,0.0,160,3000,0,164,253,417,0.16117378696799278,0.07769999999999999,0.35340974997961894,0,0,161,0.3902439024390244,0.4878048780487805,0.6072931289672852
MaxLoss,3,0.4,0.0,165,3000,0,169,315,484,0.18495700892526656,0.09989999999999999,0.376965667004697,0,0,166,0.378698224852071,0.47337278106508873,0.5734025835990906
MaxLoss,3,0.4,0.0,170,3000,0,174,267,441,0.16971294325776398,0.07140000000000002,0.400703708990477,0,0,171,0.3735632183908046,0.47126436781609193,0.6297869682312012
MaxLoss,3,0.4,0.0,175,3000,0,179,301,480,0.1835417879628949,0.10219999999999996,0.42524212499847636,0,0,176,0.3743016759776536,0.4748603351955307,0.5478945970535278
MaxLoss,3,0.4,0.0,180,3000,0,184,334,518,0.1969643555348739,0.09699999999999998,0.4493104589637369,0,0,181,0.3695652173913043,0.4673913043478261,0.515647828578949
MaxLoss,3,0.4,0.0,185,3000,0,189,263,452,0.17361913050990552,0.08050000000000002,0.47906641697045416,0,0,186,0.35978835978835977,0.455026455026455,0.5035677552223206
MaxLoss,3,0.4,0.0,190,3000,0,194,285,479,0.18318789481418207,0.09209999999999996,0.5087726669735275,0,0,191,0.3556701030927835,0.4484536082474227,0.544154942035675
MaxLoss,3,0.4,0.0,195,3000,0,199,305,504,0.19202484015841037,0.08289999999999997,0.5382278749602847,0,0,196,0.36180904522613067,0.457286432160804,0.4935838580131531
MaxLoss,3,0.4,0.0,200,3000,0,204,213,417,0.16117378696799278,0.06699999999999995,0.5603262090007775,0,0,201,0.35784313725490197,0.45098039215686275,0.47762688994407654
MaxLoss,3,0.4,0.0,205,3000,0,209,231,440,0.16935760364867747,0.07469999999999999,0.58152629196411,0,0,206,0.35406698564593303,0.4449760765550239,0.4545941650867462
MaxLoss,3,0.4,0.0,210,3000,0,214,192,406,0.1572520800982602,0.06420000000000003,0.6025876249768771,0,0,211,0.3598130841121495,0.4532710280373832,0.4228842556476593
MaxLoss,3,0.4,0.0,215,3000,0,219,181,400,0.15511078212875873,0.05069999999999997,0.6243130840011872,0,0,216,0.3515981735159817,0.4429223744292237,0.4409487843513489
MaxLoss,3,0.4,0.0,220,3000,0,224,198,422,0.16295470390468836,0.06459999999999999,0.6455688339774497,0,0,221,0.3482142857142857,0.4375,0.3824242353439331
MaxLoss,3,0.4,0.0,225,3000,0,229,195,424,0.16366678231861442,0.05800000000000005,0.6715622089686804,0,0,226,0.34497816593886466,0.4366812227074236,0.42152881622314453
MaxLoss,3,0.4,0.0,230,3000,0,234,204,438,0.16864680708386004,0.06810000000000005,0.6992999169742689,0,0,231,0.34615384615384615,0.4358974358974359,0.43993157148361206
MaxLoss,3,0.4,0.0,235,3000,0,239,207,446,0.17148905905196443,0.07540000000000002,0.7331954590044916,0,0,236,0.3472803347280335,0.4393305439330544,0.48239755630493164
MaxLoss,3,0.4,0.0,240,3000,0,244,221,465,0.17822964064544067,0.07040000000000002,0.75952820898965,0,0,241,0.3524590163934426,0.44672131147540983,0.4260300099849701
MaxLoss,3,0.4,0.0,245,3000,0,249,176,425,0.16402276017470285,0.05930000000000002,0.7870969589566812,0,0,246,0.3493975903614458,0.4497991967871486,0.4423462748527527
MaxLoss,3,0.4,0.0,250,3000,0,254,156,410,0.158678749226965,0.04469999999999996,0.814386416983325,0,0,251,0.35039370078740156,0.452755905511811,0.407083123922348
MaxLoss,3,0.4,0.0,255,3000,0,259,187,446,0.17148905905196443,0.06989999999999996,0.8426436249865219,0,0,256,0.3552123552123552,0.4594594594594595,0.4285207986831665
MaxLoss,3,0.4,0.0,260,3000,0,264,252,516,0.1962591024930589,0.08379999999999999,0.872926166979596,0,0,261,0.35984848484848486,0.4659090909090909,0.44440746307373047
MaxLoss,3,0.4,0.0,265,3000,0,269,159,428,0.16509044979466125,0.06310000000000004,0.9060913340072148,0,0,266,0.35315985130111527,0.45724907063197023,0.413897305727005
MaxLoss,3,0.4,0.0,270,3000,0,274,124,398,0.154396666737739,0.055300000000000016,0.9397156249615364,0,0,271,0.35036496350364965,0.45255474452554745,0.4351208508014679
MaxLoss,3,0.4,0.0,275,3000,0,279,183,462,0.17716623313026503,0.06279999999999997,0.9801018749712966,0,0,276,0.34767025089605735,0.45161290322580644,0.43002381920814514
MaxLoss,3,0.4,0.0,280,3000,0,284,192,476,0.18212600302649662,0.07130000000000003,1.013202750007622,0,0,281,0.3415492957746479,0.4471830985915493,0.45362189412117004
MaxLoss,3,0.4,0.0,285,3000,0,289,155,444,0.17077872878871858,0.05700000000000005,1.0434640839812346,0,0,286,0.3494809688581315,0.45674740484429066,0.4386090636253357
MaxLoss,3,0.4,0.0,290,3000,0,294,148,442,0.17006824392592534,0.06020000000000003,1.079127749952022,0,0,291,0.3469387755102041,0.46258503401360546,0.4194105565547943
MaxLoss,3,0.4,0.0,295,3000,0,299,169,468,0.17929271882167086,0.06730000000000003,1.1099561249720864,0,0,296,0.34782608695652173,0.46153846153846156,0.4163484573364258
MaxLoss,3,0.4,0.0,300,3000,0,304,137,441,0.16971294325776398,0.05469999999999997,1.1408111249911599,0,0,301,0.34210526315789475,0.45723684210526316,0.4224667251110077
MaxLoss,3,0.4,0.0,305,3000,0,309,119,428,0.16509044979466125,0.053300000000000014,1.1735063339583576,0,0,306,0.343042071197411,0.459546925566343,0.43129315972328186
MaxLoss,3,0.4,0.0,310,3000,0,314,158,472,0.1807096485281363,0.057599999999999985,1.2080545419594273,0,0,311,0.34394904458598724,0.46178343949044587,0.43110212683677673
MaxLoss,3,0.4,0.0,315,3000,0,319,165,484,0.18495700892526656,0.06899999999999995,1.240913791989442,0,0,316,0.3448275862068966,0.4670846394984326,0.4511552155017853
MaxLoss,3,0.4,0.0,320,3000,0,324,134,458,0.17574783985037357,0.05940000000000001,1.272470166964922,0,0,321,0.3425925925925926,0.4691358024691358,0.469223290681839
MaxLoss,3,0.4,0.0,325,3000,0,329,112,441,0.16971294325776398,0.04849999999999999,1.3062462499947287,0,0,326,0.3404255319148936,0.46808510638297873,0.44899076223373413
MaxLoss,3,0.4,0.0,330,3000,0,334,128,462,0.17716623313026503,0.05520000000000003,1.3376604169607162,0,0,331,0.33532934131736525,0.46407185628742514,0.43963393568992615
MaxLoss,3,0.4,0.0,335,3000,0,339,119,458,0.17574783985037357,0.040000000000000036,1.3748192499624565,0,0,336,0.336283185840708,0.46607669616519176,0.46664783358573914
MaxLoss,3,0.4,0.0,340,3000,0,344,122,466,0.17858403647551313,0.04249999999999998,1.410664208990056,0,0,341,0.3372093023255814,0.4680232558139535,0.4729917347431183
MaxLoss,3,0.4,0.0,345,3000,0,349,120,469,0.1796470055123791,0.04269999999999996,1.443391624954529,0,0,346,0.3438395415472779,0.47277936962750716,0.44398343563079834
MaxLoss,3,0.4,0.0,350,3000,0,354,120,474,0.18141789734363556,0.057499999999999996,1.4764600839698687,0,0,351,0.3389830508474576,0.4689265536723164,0.6049258708953857
MaxLoss,3,0.4,0.0,355,3000,0,359,121,480,0.1835417879628949,0.05230000000000001,1.5111882499768399,0,0,356,0.3398328690807799,0.467966573816156,0.5790463089942932
MaxLoss,3,0.4,0.0,360,3000,0,364,128,492,0.18778578046476468,0.05820000000000003,1.541608166997321,0,0,361,0.3434065934065934,0.4697802197802198,0.5821627974510193
MaxLoss,3,0.4,0.0,365,3000,0,369,60,429,0.16544626542599872,0.025900000000000034,1.5691199169959873,0,0,366,0.34417344173441733,0.4715447154471545,0.5709947943687439
MaxLoss,3,0.4,0.0,370,3000,0,374,103,477,0.18248000246239826,0.042200000000000015,1.5960187499877065,0,0,371,0.3449197860962567,0.4732620320855615,0.7364470958709717
MaxLoss,3,0.4,0.0,375,3000,0,379,75,454,0.174328850582242,0.02959999999999996,1.6227406669640914,0,0,376,0.34564643799472294,0.47757255936675463,0.7202329635620117
MaxLoss,3,0.4,0.0,380,3000,0,384,110,494,0.18849262921139598,0.04690000000000005,1.6505906250094995,0,0,381,0.34375,0.4739583333333333,0.7533151507377625
MaxLoss,3,0.4,0.0,385,3000,0,389,108,497,0.189552646887023,0.057699999999999974,1.691113459004555,0,0,386,0.3496143958868895,0.480719794344473,0.78850919008255
MaxLoss,3,0.4,0.0,390,3000,0,394,42,436,0.16793585335835814,0.019499999999999962,1.729369874985423,0,0,391,0.3477157360406091,0.47715736040609136,0.7257407903671265
MaxLoss,3,0.4,0.0,395,3000,0,399,32,431,0.1661577759659849,0.02210000000000001,1.7702864590100944,0,0,396,0.3458646616541353,0.47619047619047616,0.755426287651062
MaxLoss,3,0.4,0.0,400,3000,0,404,39,443,0.17042350576957688,0.023800000000000043,1.807473749970086,0,0,401,0.3465346534653465,0.4777227722772277,0.7930759191513062
MaxLoss,3,0.4,0.0,405,3000,0,409,36,445,0.1711339132161811,0.03149999999999997,1.8453040839522146,0,0,406,0.34474327628361856,0.4767726161369193,0.8048487305641174
MaxLoss,3,0.4,0.0,410,3000,0,414,27,441,0.16971294325776398,0.02629999999999999,1.8824467919766903,0,0,411,0.34057971014492755,0.47101449275362317,0.7652778029441833
MaxLoss,3,0.4,0.0,415,3000,0,419,31,450,0.1729092591558583,0.023800000000000043,1.916795666969847,0,0,416,0.3412887828162291,0.4701670644391408,0.7743377685546875
MaxLoss,3,0.4,0.0,420,3000,0,424,48,472,0.1807096485281363,0.03200000000000003,1.9491854999796487,0,0,421,0.3443396226415094,0.4716981132075472,0.745718240737915
MaxLoss,3,0.4,0.0,425,3000,0,429,30,459,0.17610249383142218,0.03169999999999995,1.979613541974686,0,0,426,0.34498834498834496,0.4731934731934732,0.7585842609405518
MaxLoss,3,0.4,0.0,430,3000,0,434,32,466,0.17858403647551313,0.032299999999999995,2.0097799169598147,0,0,431,0.3433179723502304,0.4769585253456221,0.7585813403129578
MaxLoss,3,0.4,0.0,435,3000,0,439,43,482,0.18424946861341596,0.03610000000000002,2.044741958961822,0,0,436,0.3416856492027335,0.4806378132118451,0.7101634740829468
MaxLoss,3,0.4,0.0,440,3000,0,444,26,470,0.1800012559397146,0.02629999999999999,2.083422374969814,0,0,441,0.3400900900900901,0.4774774774774775,0.765349268913269
MaxLoss,3,0.4,0.0,445,3000,0,449,33,482,0.18424946861341596,0.028900000000000037,2.1200744999805465,0,0,446,0.33853006681514475,0.47884187082405344,0.7540808916091919
MaxLoss,3,0.4,0.0,450,3000,0,454,7,461,0.17681169032584876,0.022700000000000053,2.1613972089835443,0,0,451,0.34140969162995594,0.4801762114537445,0.7637659311294556
MaxLoss,3,0.4,0.0,455,3000,0,459,32,491,0.18743230478139594,0.031399999999999983,2.191823916975409,0,0,456,0.33986928104575165,0.4793028322440087,0.7554177045822144
MaxLoss,3,0.4,0.0,460,3000,0,464,12,476,0.18212600302649662,0.01870000000000005,2.2217960419948213,0,0,461,0.33620689655172414,0.47413793103448276,0.7359434962272644
MaxLoss,3,0.4,0.0,465,3000,0,469,11,480,0.1835417879628949,0.01959999999999995,2.252715334005188,0,0,466,0.3347547974413646,0.47121535181236673,0.7520967721939087
MaxLoss,3,0.4,0.0,470,3000,0,474,5,479,0.18318789481418207,0.017100000000000004,2.291577583993785,0,0,471,0.3333333333333333,0.47257383966244726,0.7147912383079529
MaxLoss,3,0.4,0.0,475,3000,0,479,6,485,0.18531072669429705,0.02729999999999999,2.3288694999646395,0,0,476,0.33402922755741127,0.47390396659707723,0.7176216840744019
MaxLoss,3,0.4,0.0,480,3000,0,484,14,498,0.18990591826150194,0.019499999999999962,2.365463041991461,0,0,481,0.3305785123966942,0.4731404958677686,0.7548628449440002
MaxLoss,3,0.4,0.0,483,3000,0,487,0,487,0.18601805780781433,0.012499999999999956,2.3907017919700593,1,0,484,0.32854209445585214,0.4722792607802875,0.7661473751068115
PU-C,3,0.4,0.0,0,3000,0,4,436,440,0.16935760364867747,0.11160000000000003,0.010194375005085021,0,0,1,0.0,0.0,0.5624756217002869
PU-C,3,0.4,0.0,5,3000,0,9,353,362,0.14151129947276786,0.07789999999999997,0.03775108396075666,0,0,6,0.2222222222222222,0.2222222222222222,0.5679921507835388
PU-C,3,0.4,0.0,10,3000,0,14,500,514,0.1955537197063677,0.11829999999999996,0.06789254199247807,0,0,11,0.35714285714285715,0.35714285714285715,0.6369016766548157
PU-C,3,0.4,0.0,15,3000,0,19,458,477,0.18248000246239826,0.10970000000000002,0.0962902499595657,0,0,16,0.47368421052631576,0.47368421052631576,0.6712696552276611
PU-C,3,0.4,0.0,20,3000,0,24,554,578,0.21806428756099194,0.14490000000000003,0.1251338339643553,0,0,21,0.4166666666666667,0.4166666666666667,0.6970353126525879
PU-C,3,0.4,0.0,25,3000,0,29,577,606,0.22787495696684346,0.1501,0.1557024999638088,0,0,26,0.5172413793103449,0.5172413793103449,0.7170196771621704
PU-C,3,0.4,0.0,30,3000,0,34,587,621,0.23312185192480683,0.1573,0.18738391698570922,0,0,31,0.5588235294117647,0.5588235294117647,0.730009138584137
PU-C,3,0.4,0.0,35,3000,0,39,615,654,0.24464428902138025,0.16579999999999995,0.2163790839840658,0,0,36,0.48717948717948717,0.48717948717948717,0.6810709834098816
PU-C,3,0.4,0.0,40,3000,0,44,563,607,0.2282249380950816,0.14939999999999998,0.24950149998767301,0,0,41,0.45454545454545453,0.45454545454545453,0.7288831472396851
PU-C,3,0.4,0.0,45,3000,0,49,654,703,0.2617034314898774,0.18269999999999997,0.28261362499324605,0,0,46,0.40816326530612246,0.40816326530612246,0.7075933814048767
PU-C,3,0.4,0.0,50,3000,0,54,564,618,0.23207295371685177,0.15269999999999995,0.31331541697727516,0,0,51,0.37037037037037035,0.37037037037037035,0.7473211288452148
PU-C,3,0.4,0.0,55,3000,0,59,602,661,0.24708488694159314,0.16549999999999998,0.3556237499578856,0,0,56,0.3559322033898305,0.3559322033898305,0.7056493759155273
PU-C,3,0.4,0.0,60,3000,0,64,561,625,0.23452001297846437,0.1523,0.3906150839757174,0,0,61,0.375,0.375,0.7607292532920837
PU-C,3,0.4,0.0,65,3000,0,69,590,659,0.24638769769808277,0.16269999999999996,0.41416449996177107,0,0,66,0.4057971014492754,0.4057971014492754,0.7079384922981262
PU-C,3,0.4,0.0,70,3000,0,74,567,641,0.24010848422767594,0.1563,0.43670849996851757,0,0,71,0.3918918918918919,0.3918918918918919,0.7837027907371521
PU-C,3,0.4,0.0,75,3000,0,79,577,656,0.24534172733547166,0.1572,0.46007979195564985,0,0,76,0.3670886075949367,0.379746835443038,0.7386297583580017
PU-C,3,0.4,0.0,80,3000,0,84,564,648,0.2425513718626462,0.15600000000000003,0.4881021250039339,0,0,81,0.34523809523809523,0.36904761904761907,0.7971600294113159
PU-C,3,0.4,0.0,85,3000,0,89,552,641,0.24010848422767594,0.14900000000000002,0.5138171669677831,0,0,86,0.34831460674157305,0.38202247191011235,0.7546973824501038
PU-C,3,0.4,0.0,90,3000,0,94,557,651,0.24359794368501753,0.15400000000000003,0.5430673339869827,0,0,91,0.3404255319148936,0.39361702127659576,0.8033391833305359
PU-C,3,0.4,0.0,95,3000,0,99,507,606,0.22787495696684346,0.1362,0.5794839169830084,0,0,96,0.32323232323232326,0.37373737373737376,0.7586950659751892
PU-C,3,0.4,0.0,100,3000,0,104,546,650,0.24324911163421348,0.15269999999999995,0.615704208961688,0,0,101,0.3076923076923077,0.36538461538461536,0.8115442991256714
PU-C,3,0.4,0.0,105,3000,0,109,478,587,0.22122010361636057,0.12749999999999995,0.6482793749892153,0,0,106,0.30275229357798167,0.3761467889908257,0.7650706768035889
PU-C,3,0.4,0.0,110,3000,0,114,531,645,0.24150457250652835,0.14800000000000002,0.6812953749904409,0,0,111,0.30701754385964913,0.39473684210526316,0.8187318444252014
PU-C,3,0.4,0.0,115,3000,0,119,460,579,0.21841504727490246,0.12239999999999995,0.7134531670017168,0,0,116,0.3025210084033613,0.3949579831932773,0.7693046927452087
PU-C,3,0.4,0.0,120,3000,0,124,509,633,0.23731507768388838,0.14200000000000002,0.7419897919753566,0,0,121,0.3225806451612903,0.41935483870967744,0.8186464905738831
PU-C,3,0.4,0.0,125,3000,0,129,448,577,0.21771349920891225,0.11870000000000003,0.7793270419933833,0,0,126,0.32558139534883723,0.4186046511627907,0.7368627786636353
PU-C,3,0.4,0.0,130,3000,0,134,517,651,0.24359794368501753,0.14780000000000004,0.8234216669807211,0,0,131,0.3283582089552239,0.43283582089552236,0.8274086117744446
PU-C,3,0.4,0.0,135,3000,0,139,362,501,0.19096553017152473,0.09919999999999995,0.8576389999943785,0,0,136,0.3237410071942446,0.4316546762589928,0.6536597609519958
PU-C,3,0.4,0.0,140,3000,0,144,364,508,0.19343678752193227,0.10960000000000003,0.8892778339795768,0,0,141,0.3402777777777778,0.4444444444444444,0.6268842816352844
PU-C,3,0.4,0.0,145,3000,0,149,469,618,0.23207295371685177,0.12639999999999996,0.917566416959744,0,0,146,0.3288590604026846,0.42953020134228187,0.7332288026809692
PU-C,3,0.4,0.0,150,3000,0,154,405,559,0.21139436279190704,0.11909999999999998,0.9481337089673616,0,0,151,0.3246753246753247,0.42857142857142855,0.650293231010437
PU-C,3,0.4,0.0,155,3000,0,159,325,484,0.18495700892526656,0.09250000000000003,0.9844787089969032,0,0,156,0.3333333333333333,0.44025157232704404,0.6557439565658569
PU-C,3,0.4,0.0,160,3000,0,164,307,471,0.18035547027830034,0.08740000000000003,1.016732249991037,0,0,161,0.3353658536585366,0.4451219512195122,0.5913162231445312
PU-C,3,0.4,0.0,165,3000,0,169,256,425,0.16402276017470285,0.07869999999999999,1.0525632919743657,0,0,166,0.3254437869822485,0.4319526627218935,0.6163648366928101
PU-C,3,0.4,0.0,170,3000,0,174,305,479,0.18318789481418207,0.08050000000000002,1.0890100419637747,0,0,171,0.3275862068965517,0.43103448275862066,0.5478023290634155
PU-C,3,0.4,0.0,175,3000,0,179,360,539,0.20436182245612144,0.10289999999999999,1.139656291983556,0,0,176,0.33519553072625696,0.43575418994413406,0.5646210312843323
PU-C,3,0.4,0.0,180,3000,0,184,225,409,0.15832214610418305,0.06299999999999994,1.1796846249490045,0,0,181,0.34782608695652173,0.44565217391304346,0.5209776759147644
PU-C,3,0.4,0.0,185,3000,0,189,311,500,0.19061235984554514,0.08940000000000003,1.2158677089610137,0,0,186,0.3492063492063492,0.4444444444444444,0.5194805860519409
PU-C,3,0.4,0.0,190,3000,0,194,246,440,0.16935760364867747,0.057499999999999996,1.2518346669967286,0,0,191,0.34536082474226804,0.4484536082474227,0.5222486853599548
PU-C,3,0.4,0.0,195,3000,0,199,266,465,0.17822964064544067,0.08279999999999998,1.3334902089554816,0,0,196,0.3417085427135678,0.4472361809045226,0.5007757544517517
PU-C,3,0.4,0.0,200,3000,0,204,181,385,0.1497505659935996,0.05459999999999998,1.3751898749615066,0,0,201,0.3382352941176471,0.44607843137254904,0.438511461019516
PU-C,3,0.4,0.0,205,3000,0,209,252,461,0.17681169032584876,0.0726,1.404052291996777,0,0,206,0.35406698564593303,0.45933014354066987,0.4924566149711609
PU-C,3,0.4,0.0,210,3000,0,214,168,382,0.1486772975185886,0.04959999999999998,1.4301904589519836,0,0,211,0.35046728971962615,0.4532710280373832,0.47397616505622864
PU-C,3,0.4,0.0,215,3000,0,219,268,487,0.18601805780781433,0.07730000000000004,1.461306124983821,0,0,216,0.3424657534246575,0.4474885844748858,0.45636269450187683
PU-C,3,0.4,0.0,220,3000,0,224,117,341,0.1339656029595062,0.037900000000000045,1.4875020000035875,0,0,221,0.35267857142857145,0.45535714285714285,0.43149900436401367
PU-C,3,0.4,0.0,225,3000,0,229,239,468,0.17929271882167086,0.07040000000000002,1.5160264589940198,0,0,226,0.3537117903930131,0.4585152838427948,0.41958877444267273
PU-C,3,0.4,0.0,230,3000,0,234,133,367,0.1433046076563187,0.03949999999999998,1.6326792920008302,0,0,231,0.3504273504273504,0.45726495726495725,0.36952754855155945
PU-C,3,0.4,0.0,235,3000,0,239,160,399,0.15475374640664086,0.0514,1.6673678339575417,0,0,236,0.35564853556485354,0.4602510460251046,0.4532345235347748
PU-C,3,0.4,0.0,240,3000,0,244,202,446,0.17148905905196443,0.07120000000000004,1.7011151670012623,0,0,241,0.36065573770491804,0.46311475409836067,0.42476963996887207
PU-C,3,0.4,0.0,245,3000,0,249,124,373,0.14545496983919293,0.04720000000000002,1.74318658397533,0,0,246,0.357429718875502,0.46184738955823296,0.41304388642311096
PU-C,3,0.4,0.0,250,3000,0,254,179,433,0.16686912631848827,0.06259999999999999,1.7787476669764146,0,0,251,0.3543307086614173,0.46062992125984253,0.389251172542572
PU-C,3,0.4,0.0,255,3000,0,259,214,473,0.1810637908638455,0.06769999999999998,1.823331541963853,0,0,256,0.3552123552123552,0.4671814671814672,0.3933441936969757
PU-C,3,0.4,0.0,260,3000,0,264,152,416,0.1608174790162593,0.052000000000000046,1.8665975419571623,0,0,261,0.35984848484848486,0.4696969696969697,0.34304460883140564
PU-C,3,0.4,0.0,265,3000,0,269,164,433,0.16686912631848827,0.03810000000000002,1.9010891249636188,0,0,266,0.36059479553903345,0.4721189591078067,0.3275007903575897
PU-C,3,0.4,0.0,270,3000,0,274,187,461,0.17681169032584876,0.059699999999999975,1.9360732089844532,0,0,271,0.354014598540146,0.46715328467153283,0.34030523896217346
PU-C,3,0.4,0.0,275,3000,0,279,163,442,0.17006824392592534,0.061899999999999955,1.9653129589860328,0,0,276,0.3548387096774194,0.46953405017921146,0.3526940643787384
PU-C,3,0.4,0.0,280,3000,0,284,94,378,0.14724562253104523,0.032299999999999995,1.9951789589831606,0,0,281,0.352112676056338,0.47183098591549294,0.2711623013019562
PU-C,3,0.4,0.0,285,3000,0,289,198,487,0.18601805780781433,0.07220000000000004,2.029871042002924,0,0,286,0.35294117647058826,0.4740484429065744,0.3723134696483612
PU-C,3,0.4,0.0,290,3000,0,294,215,509,0.1937896916642785,0.0686,2.067464708990883,0,0,291,0.35034013605442177,0.47619047619047616,0.3453473150730133
PU-C,3,0.4,0.0,295,3000,0,299,164,463,0.17752073903102428,0.04810000000000003,2.099977542005945,0,0,296,0.34448160535117056,0.47491638795986624,0.4304794371128082
PU-C,3,0.4,0.0,300,3000,0,304,114,418,0.16153005324304104,0.03839999999999999,2.136160291964188,0,0,301,0.34539473684210525,0.47368421052631576,0.4408506155014038
PU-C,3,0.4,0.0,305,3000,0,309,59,368,0.14366312231868505,0.02059999999999995,2.181336833979003,0,0,306,0.34627831715210355,0.47249190938511326,0.326897531747818
PU-C,3,0.4,0.0,310,3000,0,314,63,377,0.14688758662668988,0.022499999999999964,2.2127695420058444,0,0,311,0.3503184713375796,0.47770700636942676,0.3436294198036194
PU-C,3,0.4,0.0,315,3000,0,319,184,503,0.19167177024064586,0.06820000000000004,2.2499406669521704,0,0,316,0.3573667711598746,0.48589341692789967,0.30246296525001526
PU-C,3,0.4,0.0,320,3000,0,324,68,392,0.15225325751816854,0.02839999999999998,2.286736083973665,0,0,321,0.36419753086419754,0.49074074074074076,0.26317837834358215
PU-C,3,0.4,0.0,325,3000,0,329,59,388,0.1508234209031798,0.02100000000000002,2.320922583981883,0,0,326,0.3708206686930091,0.49544072948328266,0.26828864216804504
PU-C,3,0.4,0.0,330,3000,0,334,156,490,0.1870787946972996,0.06769999999999998,2.35708629200235,0,0,331,0.3772455089820359,0.5,0.2889642119407654
PU-C,3,0.4,0.0,335,3000,0,339,120,459,0.17610249383142218,0.05030000000000001,2.395723666995764,0,0,336,0.37168141592920356,0.49262536873156343,0.3126724362373352
PU-C,3,0.4,0.0,340,3000,0,344,76,420,0.1622424612287432,0.038900000000000046,2.440953708952293,0,0,341,0.36627906976744184,0.4941860465116279,0.3127485513687134
PU-C,3,0.4,0.0,345,3000,0,349,136,485,0.18531072669429705,0.07220000000000004,2.4789467089576647,0,0,346,0.36103151862464183,0.4871060171919771,0.26753902435302734
PU-C,3,0.4,0.0,350,3000,0,354,136,490,0.1870787946972996,0.05459999999999998,2.520460749976337,0,0,351,0.3559322033898305,0.4830508474576271,0.3528032600879669
PU-C,3,0.4,0.0,355,3000,0,359,125,484,0.18495700892526656,0.05520000000000003,2.5580581249669194,0,0,356,0.35097493036211697,0.4818941504178273,0.3854283094406128
PU-C,3,0.4,0.0,360,3000,0,364,72,436,0.16793585335835814,0.03859999999999997,2.5947862089960836,0,0,361,0.34615384615384615,0.47802197802197804,0.29557523131370544
PU-C,3,0.4,0.0,365,3000,0,369,99,468,0.17929271882167086,0.04039999999999999,2.627470124978572,0,0,366,0.34417344173441733,0.47696476964769646,0.6124515533447266
PU-C,3,0.4,0.0,370,3000,0,374,126,500,0.19061235984554514,0.05989999999999995,2.663758541981224,0,0,371,0.3449197860962567,0.47593582887700536,0.6148284077644348
PU-C,3,0.4,0.0,375,3000,0,379,79,458,0.17574783985037357,0.036599999999999966,2.696215834002942,0,0,376,0.34564643799472294,0.47757255936675463,0.5664152503013611
PU-C,3,0.4,0.0,380,3000,0,384,112,496,0.18919934157747775,0.054400000000000004,2.7309328339761123,0,0,381,0.3489583333333333,0.4817708333333333,0.5132816433906555
PU-C,3,0.4,0.0,385,3000,0,389,47,436,0.16793585335835814,0.031000000000000028,2.768546167004388,0,0,386,0.35218508997429304,0.4832904884318766,0.4038608968257904
PU-C,3,0.4,0.0,390,3000,0,394,91,485,0.18531072669429705,0.047900000000000054,2.8081107499892823,0,0,391,0.350253807106599,0.4796954314720812,0.4149883985519409
PU-C,3,0.4,0.0,395,3000,0,399,105,504,0.19202484015841037,0.0534,2.8476654169498943,0,0,396,0.3508771929824561,0.47869674185463656,0.5269361734390259
PU-C,3,0.4,0.0,400,3000,0,404,89,493,0.1881392219220288,0.05359999999999998,2.8937274999916553,0,0,401,0.35148514851485146,0.4777227722772277,0.38174426555633545
PU-C,3,0.4,0.0,405,3000,0,409,38,447,0.17184416647069156,0.024499999999999966,2.929078708984889,0,0,406,0.3569682151589242,0.48166259168704156,0.28826624155044556
PU-C,3,0.4,0.0,410,3000,0,414,55,469,0.1796470055123791,0.0393,2.969820958969649,0,0,411,0.3526570048309179,0.4806763285024155,0.27720698714256287
PU-C,3,0.4,0.0,415,3000,0,419,54,473,0.1810637908638455,0.033399999999999985,3.0152320839697495,0,0,416,0.35083532219570407,0.4797136038186158,0.5706570148468018
PU-C,3,0.4,0.0,420,3000,0,424,86,510,0.19414256286108866,0.050799999999999956,3.058798791957088,0,0,421,0.3466981132075472,0.4811320754716981,0.4138328433036804
PU-C,3,0.4,0.0,425,3000,0,429,118,547,0.20717629184946418,0.06379999999999997,3.1117983339936472,0,0,426,0.34498834498834496,0.47785547785547783,0.5291547775268555
PU-C,3,0.4,0.0,430,3000,0,434,16,450,0.1729092591558583,0.018299999999999983,3.1525054589728825,0,0,431,0.34101382488479265,0.47465437788018433,0.3666987717151642
PU-C,3,0.4,0.0,435,3000,0,439,67,506,0.19273088016780093,0.03710000000000002,3.1945237499894574,0,0,436,0.33712984054669703,0.46924829157175396,0.5100401043891907
PU-C,3,0.4,0.0,440,3000,0,444,13,457,0.17539314867462963,0.010299999999999976,3.2320414589485154,0,0,441,0.3355855855855856,0.46621621621621623,0.3905826508998871
PU-C,3,0.4,0.0,445,3000,0,449,43,492,0.18778578046476468,0.02100000000000002,3.277836291992571,0,0,446,0.3363028953229399,0.46547884187082406,0.5346670746803284
PU-C,3,0.4,0.0,450,3000,0,454,7,461,0.17681169032584876,0.02059999999999995,3.3227319169673137,0,0,451,0.33480176211453744,0.46255506607929514,0.4135190546512604
PU-C,3,0.4,0.0,455,3000,0,459,1,460,0.17645711061777547,0.012900000000000023,3.375956999952905,0,0,456,0.3333333333333333,0.4596949891067538,0.5207653045654297
PU-C,3,0.4,0.0,460,3000,0,464,27,491,0.18743230478139594,0.02300000000000002,3.407913999981247,0,0,461,0.33189655172413796,0.46120689655172414,0.5433281064033508
PU-C,3,0.4,0.0,465,3000,0,469,8,477,0.18248000246239826,0.01859999999999995,3.44279129197821,0,0,466,0.3304904051172708,0.4626865671641791,0.5319498181343079
PU-C,3,0.4,0.0,470,3000,0,474,10,484,0.18495700892526656,0.015199999999999991,3.482018166978378,0,0,471,0.33122362869198313,0.4620253164556962,0.511658251285553
PU-C,3,0.4,0.0,475,3000,0,479,82,561,0.21209695702418685,0.05740000000000001,3.524899291980546,0,0,476,0.3298538622129436,0.4613778705636743,0.5827937722206116
PU-C,3,0.4,0.0,479,3000,0,483,0,483,0.1846032562898472,0.010399999999999965,3.556741083972156,1,0,480,0.33126293995859213,0.4616977225672878,0.5146923065185547
PU-F,3,0.4,0.0,0,3000,0,4,607,611,0.2296245924080722,0.15780000000000005,0.011241083033382893,0,0,1,0.0,0.0,0.49362364411354065
PU-F,3,0.4,0.0,5,3000,0,9,476,485,0.18531072669429705,0.10070000000000001,0.09160512499511242,0,0,6,0.2222222222222222,0.2222222222222222,0.5634896755218506
PU-F,3,0.4,0.0,10,3000,0,14,595,609,0.22892481921007857,0.13149999999999995,0.1614536250126548,0,0,11,0.42857142857142855,0.42857142857142855,0.5885366201400757
PU-F,3,0.4,0.0,15,3000,0,19,496,515,0.1959064273396507,0.11929999999999996,0.24478020798414946,0,0,16,0.47368421052631576,0.47368421052631576,0.6292214393615723
PU-F,3,0.4,0.0,20,3000,0,24,506,530,0.2011931817396544,0.12209999999999999,0.2913699169876054,0,0,21,0.4583333333333333,0.4583333333333333,0.6822518706321716
PU-F,3,0.4,0.0,25,3000,0,29,461,490,0.1870787946972996,0.11199999999999999,0.3230927080148831,0,0,26,0.3793103448275862,0.3793103448275862,0.6546292901039124
PU-F,3,0.4,0.0,30,3000,0,34,370,404,0.15653848770307377,0.08130000000000004,0.35157125000841916,0,0,31,0.38235294117647056,0.38235294117647056,0.6839147806167603
PU-F,3,0.4,0.0,35,3000,0,39,383,422,0.16295470390468836,0.0937,0.3787984580267221,0,0,36,0.41025641025641024,0.4358974358974359,0.639045774936676
PU-F,3,0.4,0.0,40,3000,0,44,356,400,0.15511078212875873,0.07850000000000001,0.4066049170214683,0,0,41,0.38636363636363635,0.4318181818181818,0.679041862487793
PU-F,3,0.4,0.0,45,3000,0,49,385,434,0.16722474165726453,0.09219999999999995,0.4395452919998206,0,0,46,0.3469387755102041,0.4489795918367347,0.6242306232452393
PU-F,3,0.4,0.0,50,3000,0,54,295,349,0.13684283918701112,0.06559999999999999,0.4678287080023438,0,0,51,0.3333333333333333,0.42592592592592593,0.671458899974823
PU-F,3,0.4,0.0,55,3000,0,59,350,409,0.15832214610418305,0.08860000000000001,0.5091041250270791,0,0,56,0.3389830508474576,0.423728813559322,0.6176609396934509
PU-F,3,0.4,0.0,60,3000,0,64,270,334,0.13144521688809618,0.061000000000000054,0.5675372499972582,0,0,61,0.3125,0.390625,0.661018431186676
PU-F,3,0.4,0.0,65,3000,0,69,358,427,0.16473459382541478,0.09040000000000004,0.6228175419964828,0,0,66,0.3333333333333333,0.4057971014492754,0.6115429401397705
PU-F,3,0.4,0.0,70,3000,0,74,251,325,0.12820075714262202,0.057499999999999996,0.679062667011749,0,0,71,0.35135135135135137,0.4189189189189189,0.6526119112968445
PU-F,3,0.4,0.0,75,3000,0,79,354,433,0.16686912631848827,0.08860000000000001,0.735946667031385,0,0,76,0.34177215189873417,0.4050632911392405,0.6011598706245422
PU-F,3,0.4,0.0,80,3000,0,84,260,344,0.13504496222594753,0.06130000000000002,0.7954807920032181,0,0,81,0.32142857142857145,0.38095238095238093,0.6572805047035217
PU-F,3,0.4,0.0,85,3000,0,89,343,432,0.16651347110746428,0.08379999999999999,0.8580250830273144,0,0,86,0.3146067415730337,0.3707865168539326,0.6033004522323608
PU-F,3,0.4,0.0,90,3000,0,94,255,349,0.13684283918701112,0.06130000000000002,0.9169252500287257,0,0,91,0.32978723404255317,0.39361702127659576,0.6555271744728088
PU-F,3,0.4,0.0,95,3000,0,99,328,427,0.16473459382541478,0.0837,0.9772595830145292,0,0,96,0.3434343434343434,0.40404040404040403,0.6046128869056702
PU-F,3,0.4,0.0,100,3000,0,104,249,353,0.13828020473010838,0.059699999999999975,1.0437380420044065,0,0,101,0.34615384615384615,0.40384615384615385,0.6519535779953003
PU-F,3,0.4,0.0,105,3000,0,109,325,434,0.16722474165726453,0.08450000000000002,1.0998332920134999,0,0,106,0.3394495412844037,0.3944954128440367,0.6070060729980469
PU-F,3,0.4,0.0,110,3000,0,114,242,356,0.13935769064119086,0.05910000000000004,1.1620135420234874,0,0,111,0.32456140350877194,0.37719298245614036,0.6493542790412903
PU-F,3,0.4,0.0,115,3000,0,119,318,437,0.16829134989529848,0.08289999999999997,1.2210857080062851,0,0,116,0.31932773109243695,0.3697478991596639,0.6045589447021484
PU-F,3,0.4,0.0,120,3000,0,124,238,362,0.14151129947276786,0.06130000000000002,1.2744069580221549,0,0,121,0.3064516129032258,0.3548387096774194,0.6506175398826599
PU-F,3,0.4,0.0,125,3000,0,129,409,538,0.2040098755969666,0.11029999999999995,1.3333168330136687,0,0,126,0.29457364341085274,0.34108527131782945,0.6261624693870544
PU-F,3,0.4,0.0,130,3000,0,134,363,497,0.189552646887023,0.09650000000000003,1.3959577080095187,0,0,131,0.29850746268656714,0.34328358208955223,0.6555319428443909
PU-F,3,0.4,0.0,135,3000,0,139,175,314,0.1242290364461951,0.031000000000000028,1.460359500022605,0,0,136,0.30935251798561153,0.35251798561151076,0.5971230268478394
PU-F,3,0.4,0.0,140,3000,0,144,287,431,0.1661577759659849,0.07450000000000001,1.5137932079960592,0,0,141,0.3194444444444444,0.3611111111111111,0.5803065299987793
PU-F,3,0.4,0.0,145,3000,0,149,157,306,0.1213360158726573,0.021700000000000053,1.5715546670253389,0,0,146,0.31543624161073824,0.35570469798657717,0.5577171444892883
PU-F,3,0.4,0.0,150,3000,0,154,154,308,0.12205963424639776,0.026599999999999957,1.6246671249973588,0,0,151,0.3246753246753247,0.36363636363636365,0.5638250112533569
PU-F,3,0.4,0.0,155,3000,0,159,154,313,0.12386761931702495,0.03259999999999996,1.6866520420298912,0,0,156,0.3333333333333333,0.3710691823899371,0.5603340864181519
PU-F,3,0.4,0.0,160,3000,0,164,273,437,0.16829134989529848,0.06389999999999996,1.7379099579993635,0,0,161,0.3475609756097561,0.38414634146341464,0.5405468344688416
PU-F,3,0.4,0.0,165,3000,0,169,259,428,0.16509044979466125,0.06689999999999996,1.7899941250216216,0,0,166,0.34911242603550297,0.38461538461538464,0.48597440123558044
PU-F,3,0.4,0.0,170,3000,0,174,170,344,0.13504496222594753,0.03190000000000004,1.8446406250004657,0,0,171,0.3563218390804598,0.39080459770114945,0.49104470014572144
PU-F,3,0.4,0.0,175,3000,0,179,272,451,0.17326421377947554,0.06910000000000005,1.9060159170185216,0,0,176,0.36312849162011174,0.39664804469273746,0.4587729573249817
PU-F,3,0.4,0.0,180,3000,0,184,252,436,0.16793585335835814,0.057699999999999974,1.9690305829863064,0,0,181,0.3532608695652174,0.3858695652173913,0.476754367351532
PU-F,3,0.4,0.0,185,3000,0,189,257,446,0.17148905905196443,0.06910000000000005,2.0303546669892967,0,0,186,0.3492063492063492,0.38095238095238093,0.47445178031921387
PU-F,3,0.4,0.0,190,3000,0,194,213,407,0.15760881162714213,0.06240000000000001,2.090049375023227,0,0,191,0.35051546391752575,0.38144329896907214,0.45620590448379517
PU-F,3,0.4,0.0,195,3000,0,199,270,469,0.1796470055123791,0.07450000000000001,2.140779667010065,0,0,196,0.35175879396984927,0.3869346733668342,0.5151615142822266
PU-F,3,0.4,0.0,200,3000,0,204,222,426,0.16437869728542864,0.0685,2.1941245420021005,0,0,201,0.35294117647058826,0.39705882352941174,0.4445776343345642
PU-F,3,0.4,0.0,205,3000,0,209,196,405,0.15689530549570918,0.04730000000000001,2.2584609169862233,0,0,206,0.35406698564593303,0.4019138755980861,0.5079891085624695
PU-F,3,0.4,0.0,210,3000,0,214,175,389,0.15118094795616344,0.05559999999999998,2.321376208041329,0,0,211,0.34579439252336447,0.3925233644859813,0.4314471185207367
PU-F,3,0.4,0.0,215,3000,0,219,155,374,0.14581319532589987,0.04069999999999996,2.3752618330181576,0,0,216,0.3424657534246575,0.3926940639269406,0.424999862909317
PU-F,3,0.4,0.0,220,3000,0,224,228,452,0.17361913050990552,0.06059999999999999,2.4300087080337107,0,0,221,0.33482142857142855,0.38839285714285715,0.5085006356239319
PU-F,3,0.4,0.0,225,3000,0,229,161,390,0.15153842966537923,0.04520000000000002,2.4917832080391236,0,0,226,0.32751091703056767,0.388646288209607,0.4439007043838501
PU-F,3,0.4,0.0,230,3000,0,234,148,382,0.1486772975185886,0.026499999999999968,2.5465067499899305,0,0,231,0.3247863247863248,0.3888888888888889,0.4688750207424164
PU-F,3,0.4,0.0,235,3000,0,239,163,402,0.15582472208188847,0.04059999999999997,2.6090783750405535,0,0,236,0.3179916317991632,0.38493723849372385,0.4428131580352783
PU-F,3,0.4,0.0,240,3000,0,244,186,430,0.16580204077763483,0.052000000000000046,2.6622297079884447,0,0,241,0.319672131147541,0.38524590163934425,0.5568007230758667
PU-F,3,0.4,0.0,245,3000,0,249,128,377,0.14688758662668988,0.04190000000000005,2.71800691698445,0,0,246,0.321285140562249,0.3895582329317269,0.4630889892578125
PU-F,3,0.4,0.0,250,3000,0,254,129,383,0.14903509989380836,0.03190000000000004,2.8013071669847704,0,0,251,0.3188976377952756,0.38976377952755903,0.5147945284843445
PU-F,3,0.4,0.0,255,3000,0,259,241,500,0.19061235984554514,0.07869999999999999,2.8472535419859923,0,0,256,0.3166023166023166,0.3861003861003861,0.45057258009910583
PU-F,3,0.4,0.0,260,3000,0,264,137,401,0.15546777396230027,0.030399999999999983,2.8922587920096703,0,0,261,0.3181818181818182,0.38636363636363635,0.5074542164802551
PU-F,3,0.4,0.0,265,3000,0,269,224,493,0.1881392219220288,0.06810000000000005,2.950782333035022,0,0,266,0.32342007434944237,0.39776951672862454,0.5210890173912048
PU-F,3,0.4,0.0,270,3000,0,274,201,475,0.18177196802571416,0.07140000000000002,3.0064867500332184,0,0,271,0.3175182481751825,0.39416058394160586,0.4290199875831604
PU-F,3,0.4,0.0,275,3000,0,279,235,514,0.1955537197063677,0.0756,3.0594950829981826,0,0,276,0.3118279569892473,0.3870967741935484,0.5533213019371033
PU-F,3,0.4,0.0,280,3000,0,284,161,445,0.1711339132161811,0.06230000000000002,3.112114083021879,0,0,281,0.31338028169014087,0.3873239436619718,0.5022491216659546
PU-F,3,0.4,0.0,285,3000,0,289,140,429,0.16544626542599872,0.050899999999999945,3.159010583010968,0,0,286,0.31141868512110726,0.39100346020761245,0.4715955853462219
PU-F,3,0.4,0.0,290,3000,0,294,126,420,0.1622424612287432,0.03810000000000002,3.2078155420022085,0,0,291,0.3129251700680272,0.3945578231292517,0.521858274936676
PU-F,3,0.4,0.0,295,3000,0,299,139,438,0.16864680708386004,0.04930000000000001,3.263246958027594,0,0,296,0.3177257525083612,0.4013377926421405,0.53396075963974
PU-F,3,0.4,0.0,300,3000,0,304,140,444,0.17077872878871858,0.04520000000000002,3.3135634580394253,0,0,301,0.3157894736842105,0.40131578947368424,0.5442752242088318
PU-F,3,0.4,0.0,305,3000,0,309,80,389,0.15118094795616344,0.03649999999999998,3.3556032920023426,0,0,306,0.32362459546925565,0.4077669902912621,0.5199413895606995
PU-F,3,0.4,0.0,310,3000,0,314,107,421,0.16259860317222774,0.031200000000000006,3.401464666996617,0,0,311,0.3184713375796178,0.40764331210191085,0.5114921927452087
PU-F,3,0.4,0.0,315,3000,0,319,98,417,0.16117378696799278,0.034599999999999964,3.451904207991902,0,0,316,0.3166144200626959,0.4106583072100313,0.515929102897644
PU-F,3,0.4,0.0,320,3000,0,324,77,401,0.15546777396230027,0.03979999999999995,3.500300250016153,0,0,321,0.32098765432098764,0.41358024691358025,0.5380420684814453
PU-F,3,0.4,0.0,325,3000,0,329,103,432,0.16651347110746428,0.038000000000000034,3.5500538329943083,0,0,326,0.3221884498480243,0.4133738601823708,0.547913670539856
PU-F,3,0.4,0.0,330,3000,0,334,107,441,0.16971294325776398,0.0393,3.6002322920248844,0,0,331,0.3263473053892216,0.41916167664670656,0.5561507344245911
PU-F,3,0.4,0.0,335,3000,0,339,92,431,0.1661577759659849,0.03149999999999997,3.6560397500288673,0,0,336,0.3303834808259587,0.4247787610619469,0.5689587593078613
PU-F,3,0.4,0.0,340,3000,0,344,75,419,0.1618862779578194,0.033399999999999985,3.7085911670001224,0,0,341,0.32848837209302323,0.4273255813953488,0.5871909856796265
PU-F,3,0.4,0.0,345,3000,0,349,34,383,0.14903509989380836,0.026499999999999968,3.750015750003513,0,0,346,0.332378223495702,0.4355300859598854,0.5436479449272156
PU-F,3,0.4,0.0,350,3000,0,354,70,424,0.16366678231861442,0.049799999999999955,3.7895473330281675,0,0,351,0.3305084745762712,0.4406779661016949,0.5406346321105957
PU-F,3,0.4,0.0,355,3000,0,359,69,428,0.16509044979466125,0.03510000000000002,3.829448583011981,0,0,356,0.33147632311977715,0.4456824512534819,0.5591616630554199
PU-F,3,0.4,0.0,360,3000,0,364,81,445,0.1711339132161811,0.03590000000000004,3.8723835420096293,0,0,361,0.32967032967032966,0.4423076923076923,0.5693730711936951
PU-F,3,0.4,0.0,365,3000,0,369,48,417,0.16117378696799278,0.029299999999999993,3.926726083038375,0,0,366,0.3333333333333333,0.4444444444444444,0.5386714935302734
PU-F,3,0.4,0.0,370,3000,0,374,65,439,0.16900222492404282,0.03320000000000001,3.972067833004985,0,0,371,0.3315508021390374,0.44385026737967914,0.5612903833389282
PU-F,3,0.4,0.0,375,3000,0,379,58,437,0.16829134989529848,0.028900000000000037,4.011282999999821,0,0,376,0.32717678100263853,0.44591029023746703,0.5516785383224487
PU-F,3,0.4,0.0,380,3000,0,384,31,415,0.1604611292714253,0.02849999999999997,4.050439374987036,0,0,381,0.3307291666666667,0.4479166666666667,0.5105717778205872
PU-F,3,0.4,0.0,385,3000,0,389,69,458,0.17574783985037357,0.03180000000000005,4.090967083000578,0,0,386,0.33161953727506427,0.4498714652956298,0.5786586403846741
PU-F,3,0.4,0.0,390,3000,0,394,90,484,0.18495700892526656,0.04490000000000005,4.136079917021561,0,0,391,0.33248730964467005,0.4517766497461929,0.6105300188064575
PU-F,3,0.4,0.0,395,3000,0,399,62,461,0.17681169032584876,0.03820000000000001,4.180839958018623,0,0,396,0.3333333333333333,0.45363408521303256,0.5688504576683044
PU-F,3,0.4,0.0,400,3000,0,404,42,446,0.17148905905196443,0.0363,4.2281252079992555,0,0,401,0.3316831683168317,0.45544554455445546,0.5708713531494141
PU-F,3,0.4,0.0,405,3000,0,409,51,460,0.17645711061777547,0.042100000000000026,4.2755060830386356,0,0,406,0.33496332518337407,0.45965770171149145,0.5966269969940186
PU-F,3,0.4,0.0,410,3000,0,414,33,447,0.17184416647069156,0.02839999999999998,4.322280750027858,0,0,411,0.3333333333333333,0.4613526570048309,0.603502094745636
PU-F,3,0.4,0.0,415,3000,0,419,5,424,0.16366678231861442,0.02070000000000005,4.3677102500223555,0,0,416,0.3341288782816229,0.4630071599045346,0.5968499779701233
PU-F,3,0.4,0.0,420,3000,0,424,29,453,0.1739740094053559,0.02949999999999997,4.409404292004183,0,0,421,0.33726415094339623,0.46462264150943394,0.6068821549415588
PU-F,3,0.4,0.0,425,3000,0,429,7,436,0.16793585335835814,0.023800000000000043,4.452565542014781,0,0,426,0.3356643356643357,0.46153846153846156,0.593747079372406
PU-F,3,0.4,0.0,430,3000,0,434,39,473,0.1810637908638455,0.03069999999999995,4.497397208004259,0,0,431,0.3387096774193548,0.4631336405529954,0.6140961050987244
PU-F,3,0.4,0.0,435,3000,0,439,10,449,0.17255426640622318,0.021499999999999964,4.542508042010013,0,0,436,0.33712984054669703,0.4624145785876993,0.6156674027442932
PU-F,3,0.4,0.0,440,3000,0,444,19,463,0.17752073903102428,0.03090000000000004,4.5855707920272835,0,0,441,0.33783783783783783,0.4617117117117117,0.6190956234931946
PU-F,3,0.4,0.0,443,3000,0,447,0,447,0.17184416647069156,0.02310000000000001,4.6171152500319295,1,0,444,0.33557046979865773,0.45861297539149887,0.6077864170074463
PU-G,3,0.4,0.0,0,3000,0,4,744,748,0.2773206233396195,0.21030000000000004,0.01802154100732878,0,0,1,0.0,0.0,0.4579017460346222
PU-G,3,0.4,0.0,5,3000,0,9,519,528,0.20048869505990297,0.13880000000000003,0.08665737498085946,0,0,6,0.0,0.0,0.5059128403663635
PU-G,3,0.4,0.0,10,3000,0,14,368,382,0.1486772975185886,0.061799999999999966,0.1546600409783423,0,0,11,0.07142857142857142,0.07142857142857142,0.6369327902793884
PU-G,3,0.4,0.0,15,3000,0,19,370,389,0.15118094795616344,0.06689999999999996,0.2513747499906458,0,0,16,0.15789473684210525,0.15789473684210525,0.6771414875984192
PU-G,3,0.4,0.0,20,3000,0,24,346,370,0.14438000600785017,0.05689999999999995,0.28588345798198134,0,0,21,0.20833333333333334,0.20833333333333334,0.7142976522445679
PU-G,3,0.4,0.0,25,3000,0,29,364,393,0.15261060395278037,0.0736,0.31062837498029694,0,0,26,0.2413793103448276,0.2413793103448276,0.7466648817062378
PU-G,3,0.4,0.0,30,3000,0,34,392,426,0.16437869728542864,0.07740000000000002,0.33466529101133347,0,0,31,0.2647058823529412,0.2647058823529412,0.772702157497406
PU-G,3,0.4,0.0,35,3000,0,39,290,329,0.12964329816168174,0.04500000000000004,0.36060274997726083,0,0,36,0.2564102564102564,0.2564102564102564,0.7690155506134033
PU-G,3,0.4,0.0,40,3000,0,44,363,407,0.15760881162714213,0.07199999999999995,0.3851108329836279,0,0,41,0.22727272727272727,0.22727272727272727,0.7911979556083679
PU-G,3,0.4,0.0,45,3000,0,49,268,317,0.12531293247593567,0.03759999999999997,0.4116459999931976,0,0,46,0.22448979591836735,0.22448979591836735,0.7853095531463623
PU-G,3,0.4,0.0,50,3000,0,54,343,397,0.15403954300563782,0.06599999999999995,0.43820591596886516,0,0,51,0.2037037037037037,0.2037037037037037,0.8043509125709534
PU-G,3,0.4,0.0,55,3000,0,59,261,320,0.12639630038756877,0.03539999999999999,0.4645796659751795,0,0,56,0.22033898305084745,0.22033898305084745,0.8000333309173584
PU-G,3,0.4,0.0,60,3000,0,64,315,379,0.14760361140361056,0.0615,0.49022329098079354,0,0,61,0.234375,0.234375,0.8173863291740417
PU-G,3,0.4,0.0,65,3000,0,69,261,330,0.13000379299046472,0.037699999999999956,0.5290929999900982,0,0,66,0.2318840579710145,0.2463768115942029,0.8101374506950378
PU-G,3,0.4,0.0,70,3000,0,74,291,365,0.14258743188111112,0.056499999999999995,0.5913109999964945,0,0,71,0.2702702702702703,0.28378378378378377,0.8299275636672974
PU-G,3,0.4,0.0,75,3000,0,79,325,404,0.15653848770307377,0.06599999999999995,0.6505537079647183,0,0,76,0.3037974683544304,0.31645569620253167,0.8298060297966003
PU-G,3,0.4,0.0,80,3000,0,84,279,363,0.14187005965504795,0.057599999999999985,0.7178434579982422,0,0,81,0.34523809523809523,0.35714285714285715,0.8426516056060791
PU-G,3,0.4,0.0,85,3000,0,89,369,458,0.17574783985037357,0.0907,0.7778800409869291,0,0,86,0.3595505617977528,0.3707865168539326,0.8406555652618408
PU-G,3,0.4,0.0,90,3000,0,94,332,426,0.16437869728542864,0.07750000000000001,0.8520448749768548,0,0,91,0.3617021276595745,0.3723404255319149,0.8498099446296692
PU-G,3,0.4,0.0,95,3000,0,99,380,479,0.18318789481418207,0.10099999999999998,0.9153671659878455,0,0,96,0.36363636363636365,0.3838383838383838,0.8480026125907898
PU-G,3,0.4,0.0,100,3000,0,104,371,475,0.18177196802571416,0.09640000000000004,0.9826154999900609,0,0,101,0.34615384615384615,0.375,0.8558903932571411
PU-G,3,0.4,0.0,105,3000,0,109,370,479,0.18318789481418207,0.0998,1.0509832910029218,0,0,106,0.3394495412844037,0.3944954128440367,0.8472729921340942
PU-G,3,0.4,0.0,110,3000,0,114,387,501,0.19096553017152473,0.1059,1.1314551659743302,0,0,111,0.32456140350877194,0.39473684210526316,0.8522614240646362
PU-G,3,0.4,0.0,115,3000,0,119,357,476,0.18212600302649662,0.0978,1.1974622499546967,0,0,116,0.3277310924369748,0.42016806722689076,0.8422266244888306
PU-G,3,0.4,0.0,120,3000,0,124,400,524,0.1990793421282433,0.11119999999999997,1.2638704580022022,0,0,121,0.33064516129032256,0.43548387096774194,0.8521756529808044
PU-G,3,0.4,0.0,125,3000,0,129,518,647,0.2422024640836753,0.13780000000000003,1.340000708005391,0,0,126,0.3178294573643411,0.4418604651162791,0.8589226603507996
PU-G,3,0.4,0.0,130,3000,0,134,276,410,0.158678749226965,0.06169999999999998,1.4190511250053532,0,0,131,0.30597014925373134,0.43283582089552236,0.8114561438560486
PU-G,3,0.4,0.0,135,3000,0,139,330,469,0.1796470055123791,0.09430000000000005,1.4907693329732865,0,0,136,0.302158273381295,0.4244604316546763,0.745155394077301
PU-G,3,0.4,0.0,140,3000,0,144,366,510,0.19414256286108866,0.10599999999999998,1.56055179098621,0,0,141,0.2916666666666667,0.4166666666666667,0.757262110710144
PU-G,3,0.4,0.0,145,3000,0,149,315,464,0.17787520814454183,0.08279999999999998,1.6395787079818547,0,0,146,0.28859060402684567,0.4161073825503356,0.7298876047134399
PU-G,3,0.4,0.0,150,3000,0,154,392,546,0.20682459004456177,0.10919999999999996,1.6948000409756787,0,0,151,0.2792207792207792,0.4025974025974026,0.6791483759880066
PU-G,3,0.4,0.0,155,3000,0,159,293,452,0.17361913050990552,0.07689999999999997,1.7706684159929864,0,0,156,0.27672955974842767,0.4025157232704403,0.7043832540512085
PU-G,3,0.4,0.0,160,3000,0,164,314,478,0.18283396633341908,0.07709999999999995,1.8362379999598488,0,0,161,0.2682926829268293,0.3902439024390244,0.6468361616134644
PU-G,3,0.4,0.0,165,3000,0,169,270,439,0.16900222492404282,0.0675,1.8981587910093367,0,0,166,0.26627218934911245,0.3905325443786982,0.6891445517539978
PU-G,3,0.4,0.0,170,3000,0,174,359,533,0.202249675989151,0.0917,1.9585864159744233,0,0,171,0.28735632183908044,0.40804597701149425,0.6527652144432068
PU-G,3,0.4,0.0,175,3000,0,179,324,503,0.19167177024064586,0.08420000000000005,2.0384215409867465,0,0,176,0.2849162011173184,0.40782122905027934,0.7115839719772339
PU-G,3,0.4,0.0,180,3000,0,184,292,476,0.18212600302649662,0.07320000000000004,2.103761874954216,0,0,181,0.2826086956521739,0.4076086956521739,0.6362318396568298
PU-G,3,0.4,0.0,185,3000,0,189,259,448,0.1721992355887778,0.0696,2.163893624965567,0,0,186,0.2857142857142857,0.4074074074074074,0.6873095035552979
PU-G,3,0.4,0.0,190,3000,0,194,194,388,0.1508234209031798,0.044399999999999995,2.222465790982824,0,0,191,0.29381443298969073,0.41237113402061853,0.6335150599479675
PU-G,3,0.4,0.0,195,3000,0,199,264,463,0.17752073903102428,0.07140000000000002,2.293970457976684,0,0,196,0.2914572864321608,0.4120603015075377,0.6876345276832581
PU-G,3,0.4,0.0,200,3000,0,204,277,481,0.18389564589597285,0.06969999999999998,2.350311749964021,0,0,201,0.28431372549019607,0.4019607843137255,0.577783465385437
PU-G,3,0.4,0.0,205,3000,0,209,252,461,0.17681169032584876,0.06769999999999998,2.410301916010212,0,0,206,0.27751196172248804,0.39712918660287083,0.6457938551902771
PU-G,3,0.4,0.0,210,3000,0,214,233,447,0.17184416647069156,0.046499999999999986,2.4663984999642707,0,0,211,0.2803738317757009,0.40186915887850466,0.5981319546699524
PU-G,3,0.4,0.0,215,3000,0,219,252,471,0.18035547027830034,0.06640000000000001,2.5230748750036582,0,0,216,0.2876712328767123,0.4063926940639269,0.646666944026947
PU-G,3,0.4,0.0,220,3000,0,224,230,454,0.174328850582242,0.05669999999999997,2.596011957968585,0,0,221,0.28125,0.39732142857142855,0.5112955570220947
PU-G,3,0.4,0.0,225,3000,0,229,254,483,0.1846032562898472,0.06969999999999998,2.668838457961101,0,0,226,0.28820960698689957,0.40611353711790393,0.6081296801567078
PU-G,3,0.4,0.0,230,3000,0,234,197,431,0.1661577759659849,0.050799999999999956,2.7293871250003576,0,0,231,0.2905982905982906,0.41025641025641024,0.527613639831543
PU-G,3,0.4,0.0,235,3000,0,239,244,483,0.1846032562898472,0.06640000000000001,2.7834558750037104,0,0,236,0.28870292887029286,0.41422594142259417,0.6012229919433594
PU-G,3,0.4,0.0,240,3000,0,244,202,446,0.17148905905196443,0.053200000000000025,2.8401236250065267,0,0,241,0.2827868852459016,0.4139344262295082,0.4811628758907318
PU-G,3,0.4,0.0,245,3000,0,249,244,493,0.1881392219220288,0.06830000000000003,2.8987174999783747,0,0,246,0.285140562248996,0.42168674698795183,0.5739083290100098
PU-G,3,0.4,0.0,250,3000,0,254,201,455,0.1746836540987715,0.04920000000000002,2.9678578329621814,0,0,251,0.29133858267716534,0.42913385826771655,0.4874803423881531
PU-G,3,0.4,0.0,255,3000,0,259,230,489,0.18672525027068332,0.06599999999999995,3.0304710409836844,0,0,256,0.30115830115830117,0.4362934362934363,0.5229583978652954
PU-G,3,0.4,0.0,260,3000,0,264,213,477,0.18248000246239826,0.05179999999999996,3.091727291001007,0,0,261,0.30303030303030304,0.4393939393939394,0.5106490254402161
PU-G,3,0.4,0.0,265,3000,0,269,207,476,0.18212600302649662,0.06110000000000004,3.1898697079741396,0,0,266,0.30111524163568776,0.4349442379182156,0.45460543036460876
PU-G,3,0.4,0.0,270,3000,0,274,198,472,0.1807096485281363,0.0524,3.25064287497662,0,0,271,0.29927007299270075,0.4306569343065693,0.4866091310977936
PU-G,3,0.4,0.0,275,3000,0,279,210,489,0.18672525027068332,0.05610000000000004,3.316120708012022,0,0,276,0.2939068100358423,0.4265232974910394,0.46403199434280396
PU-G,3,0.4,0.0,280,3000,0,284,194,478,0.18283396633341908,0.05230000000000001,3.3809260829584673,0,0,281,0.2887323943661972,0.43309859154929575,0.39753299951553345
PU-G,3,0.4,0.0,285,3000,0,289,205,494,0.18849262921139598,0.061799999999999966,3.4332724579726346,0,0,286,0.2837370242214533,0.4429065743944637,0.4166743755340576
PU-G,3,0.4,0.0,290,3000,0,294,190,484,0.18495700892526656,0.055499999999999994,3.4960208329721354,0,0,291,0.2857142857142857,0.445578231292517,0.436055451631546
PU-G,3,0.4,0.0,295,3000,0,299,198,497,0.189552646887023,0.05900000000000005,3.55671724997228,0,0,296,0.2809364548494983,0.4414715719063545,0.4580266773700714
PU-G,3,0.4,0.0,300,3000,0,304,195,499,0.19025915587553754,0.05449999999999999,3.6122181660030037,0,0,301,0.27631578947368424,0.4407894736842105,0.40950414538383484
PU-G,3,0.4,0.0,305,3000,0,309,189,498,0.18990591826150194,0.054400000000000004,3.6673673749901354,0,0,306,0.27184466019417475,0.4401294498381877,0.43588024377822876
PU-G,3,0.4,0.0,310,3000,0,314,183,497,0.189552646887023,0.05720000000000003,3.721701624977868,0,0,311,0.27070063694267515,0.4394904458598726,0.4350294768810272
PU-G,3,0.4,0.0,315,3000,0,319,178,497,0.189552646887023,0.056499999999999995,3.786027499998454,0,0,316,0.2664576802507837,0.43573667711598746,0.4296221435070038
PU-G,3,0.4,0.0,320,3000,0,324,179,503,0.19167177024064586,0.05669999999999997,3.8477879999554716,0,0,321,0.26851851851851855,0.4382716049382716,0.40646037459373474
PU-G,3,0.4,0.0,325,3000,0,329,172,501,0.19096553017152473,0.05130000000000001,3.9130570410052314,0,0,326,0.26443768996960487,0.4316109422492401,0.43088844418525696
PU-G,3,0.4,0.0,330,3000,0,334,168,502,0.19131866691168398,0.05279999999999996,3.9707572080078535,0,0,331,0.26646706586826346,0.4311377245508982,0.40368425846099854
PU-G,3,0.4,0.0,335,3000,0,339,163,502,0.19131866691168398,0.0494,4.0306868749903515,0,0,336,0.26253687315634217,0.4247787610619469,0.4340517222881317
PU-G,3,0.4,0.0,340,3000,0,344,160,504,0.19202484015841037,0.054200000000000026,4.129506582976319,0,0,341,0.2616279069767442,0.42151162790697677,0.4173494279384613
PU-G,3,0.4,0.0,345,3000,0,349,157,506,0.19273088016780093,0.05059999999999998,4.185241708008107,0,0,346,0.2607449856733524,0.4183381088825215,0.40904033184051514
PU-G,3,0.4,0.0,350,3000,0,354,161,515,0.1959064273396507,0.05159999999999998,4.241023624956142,0,0,351,0.2598870056497175,0.4180790960451977,0.4204980731010437
PU-G,3,0.4,0.0,355,3000,0,359,153,512,0.19484820670913905,0.047799999999999954,4.291496707999613,0,0,356,0.2562674094707521,0.41225626740947074,0.4045570194721222
PU-G,3,0.4,0.0,360,3000,0,364,156,520,0.19766947941388935,0.044499999999999984,4.3417459999909624,0,0,361,0.2554945054945055,0.41483516483516486,0.4093720018863678
PU-G,3,0.4,0.0,365,3000,0,369,147,516,0.1962591024930589,0.04510000000000003,4.40954799996689,0,0,366,0.25745257452574527,0.4173441734417344,0.3950499892234802
PU-G,3,0.4,0.0,370,3000,0,374,145,519,0.1973169335979037,0.049000000000000044,4.464702082972508,0,0,371,0.25935828877005346,0.41711229946524064,0.3835432231426239
PU-G,3,0.4,0.0,375,3000,0,379,145,524,0.1990793421282433,0.04290000000000005,4.522276040981524,0,0,376,0.2559366754617414,0.41424802110817943,0.38088279962539673
PU-G,3,0.4,0.0,380,3000,0,384,167,551,0.20858279598178342,0.04749999999999999,4.571327124955133,0,0,381,0.2552083333333333,0.4114583333333333,0.3862941563129425
PU-G,3,0.4,0.0,385,3000,0,389,139,528,0.20048869505990297,0.05059999999999998,4.638415374967735,0,0,386,0.2519280205655527,0.41131105398457585,0.41138017177581787
PU-G,3,0.4,0.0,390,3000,0,394,137,531,0.20154537784401327,0.045599999999999974,4.705945790978149,0,0,391,0.24873096446700507,0.41116751269035534,0.3948996663093567
PU-G,3,0.4,0.0,395,3000,0,399,147,546,0.20682459004456177,0.04090000000000005,4.766444540990051,0,0,396,0.24812030075187969,0.41102756892230574,0.38673076033592224
PU-G,3,0.4,0.0,400,3000,0,404,138,542,0.20541747816605493,0.04149999999999998,4.817502332967706,0,0,401,0.24504950495049505,0.4084158415841584,0.4079993963241577
PU-G,3,0.4,0.0,405,3000,0,409,132,541,0.20506562368245795,0.030299999999999994,4.8807834580075,0,0,406,0.24449877750611246,0.4083129584352078,0.40580981969833374
PU-G,3,0.4,0.0,410,3000,0,414,124,538,0.2040098755969666,0.035800000000000054,4.942447707988322,0,0,411,0.24396135265700483,0.4057971014492754,0.3835986852645874
PU-G,3,0.4,0.0,415,3000,0,419,133,552,0.20893434656318277,0.036699999999999955,4.999900957976934,0,0,416,0.24821002386634844,0.4081145584725537,0.38234463334083557
PU-G,3,0.4,0.0,420,3000,0,424,123,547,0.20717629184946418,0.03859999999999997,5.051091708010063,0,0,421,0.25235849056603776,0.41509433962264153,0.4071339964866638
PU-G,3,0.4,0.0,425,3000,0,429,97,526,0.19978408206952736,0.03490000000000004,5.100280124985147,0,0,426,0.2517482517482518,0.4149184149184149,0.4198671877384186
PU-G,3,0.4,0.0,430,3000,0,434,122,556,0.21034024911932647,0.043300000000000005,5.162444332963787,0,0,431,0.2488479262672811,0.41244239631336405,0.3952389359474182
PU-G,3,0.4,0.0,435,3000,0,439,82,521,0.19802199315745384,0.03369999999999995,5.212509290955495,0,0,436,0.2460136674259681,0.4123006833712984,0.3872682750225067
PU-G,3,0.4,0.0,440,3000,0,444,108,552,0.20893434656318277,0.04069999999999996,5.260968665999826,0,0,441,0.24324324324324326,0.40765765765765766,0.3775135278701782
PU-G,3,0.4,0.0,445,3000,0,449,92,541,0.20506562368245795,0.03369999999999995,5.3064798329724,0,0,446,0.24053452115812918,0.4053452115812918,0.3676128685474396
PU-G,3,0.4,0.0,450,3000,0,454,74,528,0.20048869505990297,0.025900000000000034,5.351700083003379,0,0,451,0.24008810572687225,0.4052863436123348,0.38239797949790955
PU-G,3,0.4,0.0,455,3000,0,459,54,513,0.19520097953500226,0.021299999999999986,5.399892249959521,0,0,456,0.23965141612200436,0.40305010893246185,0.3736283779144287
PU-G,3,0.4,0.0,460,3000,0,464,47,511,0.1944954011705704,0.018399999999999972,5.4547300830017775,0,0,461,0.23706896551724138,0.39870689655172414,0.37862274050712585
PU-G,3,0.4,0.0,465,3000,0,469,52,521,0.19802199315745384,0.02090000000000003,5.505183040979318,0,0,466,0.2345415778251599,0.39445628997867804,0.39111050963401794
PU-G,3,0.4,0.0,470,3000,0,474,40,514,0.1955537197063677,0.015599999999999947,5.562045165977906,0,0,471,0.24050632911392406,0.3987341772151899,0.38162219524383545
PU-G,3,0.4,0.0,475,3000,0,479,19,498,0.18990591826150194,0.018100000000000005,5.610431874985807,0,0,476,0.24843423799582465,0.40501043841336115,0.4124697744846344
PU-G,3,0.4,0.0,480,3000,0,484,37,521,0.19802199315745384,0.022599999999999953,5.651588290988002,0,0,481,0.24793388429752067,0.40289256198347106,0.3837547302246094
PU-G,3,0.4,0.0,485,3000,0,489,24,513,0.19520097953500226,0.019000000000000017,5.692095874983352,0,0,486,0.24948875255623723,0.40286298568507156,0.39508727192878723
PU-G,3,0.4,0.0,490,3000,0,494,30,524,0.1990793421282433,0.022499999999999964,5.734016124974005,0,0,491,0.25101214574898784,0.4068825910931174,0.3745880126953125
PU-G,3,0.4,0.0,495,3000,0,499,19,518,0.1969643555348739,0.01849999999999996,5.780446874967311,0,0,496,0.25250501002004005,0.4088176352705411,0.3483089506626129
PU-G,3,0.4,0.0,500,3000,0,504,24,528,0.20048869505990297,0.016900000000000026,5.820539040956646,0,0,501,0.25396825396825395,0.4126984126984127,0.3819602131843567
PU-G,3,0.4,0.0,505,3000,0,509,27,536,0.20330588897923008,0.017100000000000004,5.86225183296483,0,0,506,0.25736738703339884,0.4165029469548134,0.3898542821407318
PU-G,3,0.4,0.0,510,3000,0,514,22,536,0.20330588897923008,0.01990000000000003,5.9092875409987755,0,0,511,0.2587548638132296,0.42023346303501946,0.3912246525287628
PU-G,3,0.4,0.0,515,3000,0,519,17,536,0.20330588897923008,0.02070000000000005,5.9570363750099204,0,0,516,0.26011560693641617,0.42003853564547206,0.3648635149002075
PU-G,3,0.4,0.0,520,3000,0,524,33,557,0.21069165004882962,0.03210000000000002,5.9974641659646295,0,0,521,0.2633587786259542,0.42366412213740456,0.40649500489234924
PU-G,3,0.4,0.0,525,3000,0,529,12,541,0.20506562368245795,0.020000000000000018,6.043083707976621,0,0,526,0.2627599243856333,0.42533081285444235,0.3828183710575104
PU-G,3,0.4,0.0,530,3000,0,534,11,545,0.20647285785526037,0.015599999999999947,6.089532374986447,0,0,531,0.26591760299625467,0.4288389513108614,0.39653274416923523
PU-G,3,0.4,0.0,535,3000,0,539,19,558,0.2110430212924257,0.0232,6.140332790964749,0,0,536,0.26716141001855287,0.4322820037105751,0.41513797640800476
PU-G,3,0.4,0.0,540,3000,0,544,23,567,0.2142040331964381,0.027699999999999947,6.186834166001063,0,0,541,0.26838235294117646,0.4338235294117647,0.40554574131965637
PU-G,3,0.4,0.0,545,3000,0,549,10,559,0.21139436279190704,0.014599999999999946,6.237246665987186,0,0,546,0.26958105646630237,0.4335154826958106,0.4138135612010956
PU-G,3,0.4,0.0,550,3000,0,554,35,589,0.22192108584567904,0.03539999999999999,6.278946082980838,0,0,551,0.27075812274368233,0.4368231046931408,0.3895393908023834
PU-G,3,0.4,0.0,555,3000,0,559,6,565,0.2135017917607911,0.02290000000000003,6.321903415955603,0,0,556,0.2701252236135957,0.4347048300536673,0.3987346589565277
PU-G,3,0.4,0.0,556,3000,0,560,0,560,0.21174567472189665,0.02310000000000001,6.335183582967147,1,0,557,0.2714285714285714,0.4357142857142857,0.42006272077560425
MaxLoss,4,0.0,0.0,0,3000,0,4,1050,1054,0.38244191283592954,0.3319,0.011715416971128434,0,0,1,0.0,0.25,0.4524648189544678
MaxLoss,4,0.0,0.0,5,3000,0,9,335,344,0.13504496222594753,0.08750000000000002,0.0320877920021303,0,0,6,0.0,0.2222222222222222,0.5824468731880188
MaxLoss,4,0.0,0.0,10,3000,0,14,353,367,0.1433046076563187,0.09750000000000003,0.05114658299135044,0,0,11,0.0,0.21428571428571427,0.6781271696090698
MaxLoss,4,0.0,0.0,15,3000,0,19,193,212,0.08700477855745703,0.058699999999999974,0.07074004196329042,0,0,16,0.0,0.3157894736842105,0.7523245811462402
MaxLoss,4,0.0,0.0,20,3000,0,24,303,327,0.12892214045859873,0.08540000000000003,0.09282587497727945,0,0,21,0.0,0.3333333333333333,0.7991099953651428
MaxLoss,4,0.0,0.0,25,3000,0,29,150,179,0.07476390816736966,0.04720000000000002,0.11184129200410098,0,0,26,0.0,0.3793103448275862,0.8248339295387268
MaxLoss,4,0.0,0.0,30,3000,0,34,373,407,0.15760881162714213,0.10109999999999997,0.12894699996104464,0,0,31,0.0,0.3235294117647059,0.8439253568649292
MaxLoss,4,0.0,0.0,35,3000,0,39,243,282,0.11263282102299854,0.059799999999999964,0.14978816697839648,0,0,36,0.0,0.28205128205128205,0.8482162952423096
MaxLoss,4,0.0,0.0,40,3000,0,44,177,221,0.09032332972856238,0.05710000000000004,0.16567279200535268,0,0,41,0.0,0.2727272727272727,0.8242130875587463
MaxLoss,4,0.0,0.0,45,3000,0,49,146,195,0.08071401412598789,0.04490000000000005,0.18205587496049702,0,0,46,0.0,0.2653061224489796,0.841787576675415
MaxLoss,4,0.0,0.0,50,3000,0,54,144,198,0.0818263849359937,0.052000000000000046,0.19986237498233095,0,0,51,0.0,0.25925925925925924,0.8428484201431274
MaxLoss,4,0.0,0.0,55,3000,0,59,111,170,0.07140313135460019,0.036800000000000055,0.21763308299705386,0,0,56,0.0,0.288135593220339,0.8516275882720947
MaxLoss,4,0.0,0.0,60,3000,0,64,115,179,0.07476390816736966,0.04600000000000004,0.23332266695797443,0,0,61,0.0,0.296875,0.8602821826934814
MaxLoss,4,0.0,0.0,65,3000,0,69,83,152,0.06464810745092109,0.03169999999999995,0.24115399998845533,0,0,66,0.0,0.3333333333333333,0.8665621876716614
MaxLoss,4,0.0,0.0,70,3000,0,74,73,147,0.06276304461061954,0.04059999999999997,0.2486594999791123,0,0,71,0.0,0.35135135135135137,0.8714372515678406
MaxLoss,4,0.0,0.0,75,3000,0,79,72,151,0.06427141348831356,0.029299999999999993,0.2574702079873532,0,0,76,0.0,0.35443037974683544,0.8758782148361206
MaxLoss,4,0.0,0.0,80,3000,0,84,52,136,0.05860120529541746,0.036900000000000044,0.26489387499168515,0,0,81,0.0,0.35714285714285715,0.8732138276100159
MaxLoss,4,0.0,0.0,85,3000,0,89,62,151,0.06427141348831356,0.026599999999999957,0.272365249984432,0,0,86,0.0,0.33707865168539325,0.8813866972923279
MaxLoss,4,0.0,0.0,90,3000,0,94,38,132,0.057082461076788604,0.03310000000000002,0.27970233297673985,0,0,91,0.0,0.3191489361702128,0.8695138692855835
MaxLoss,4,0.0,0.0,95,3000,0,99,47,146,0.062385546683799475,0.023499999999999965,0.28859470796305686,0,0,96,0.0,0.30303030303030304,0.8768952488899231
MaxLoss,4,0.0,0.0,100,3000,0,104,27,131,0.056702304747886956,0.031000000000000028,0.298740291967988,0,0,101,0.0,0.28846153846153844,0.8692126274108887
MaxLoss,4,0.0,0.0,105,3000,0,109,35,144,0.06163005332928151,0.021599999999999953,0.3077357920119539,0,0,106,0.0,0.27522935779816515,0.8747003674507141
MaxLoss,4,0.0,0.0,110,3000,0,114,20,134,0.0578422054531984,0.02859999999999996,0.31663691700669006,0,0,111,0.0,0.2719298245614035,0.8646275997161865
MaxLoss,4,0.0,0.0,115,3000,0,119,27,146,0.062385546683799475,0.020199999999999996,0.32557479199022055,0,0,116,0.0,0.2605042016806723,0.8775303363800049
MaxLoss,4,0.0,0.0,120,3000,0,124,3,127,0.055179738090373576,0.025499999999999967,0.3347674999968149,0,0,121,0.0,0.25,0.8596123456954956
MaxLoss,4,0.0,0.0,125,3000,0,129,144,273,0.10935921070631593,0.053100000000000036,0.34552879200782627,0,0,126,0.0,0.24031007751937986,0.9150989055633545
MaxLoss,4,0.0,0.0,130,3000,0,134,20,154,0.06540102750295773,0.020399999999999974,0.35873379197437316,0,0,131,0.0,0.23134328358208955,0.8036133646965027
MaxLoss,4,0.0,0.0,131,3000,0,135,0,135,0.058221797517035156,0.006800000000000028,0.36336700001265854,1,0,132,0.0,0.22962962962962963,0.8129353523254395
PU-C,4,0.0,0.0,0,3000,0,4,861,865,0.3177232278394513,0.261,0.006185917009133846,0,0,1,0.0,0.25,0.3874707520008087
PU-C,4,0.0,0.0,5,3000,0,9,298,307,0.12169785564765334,0.08850000000000002,0.023778375005349517,0,0,6,0.0,0.1111111111111111,0.5222890377044678
PU-C,4,0.0,0.0,10,3000,0,14,571,585,0.2205190091044642,0.13029999999999997,0.038432916975580156,0,0,11,0.0,0.14285714285714285,0.696272075176239
PU-C,4,0.0,0.0,15,3000,0,19,191,210,0.0862662440049462,0.05910000000000004,0.05296929198084399,0,0,16,0.0,0.10526315789473684,0.675441563129425
PU-C,4,0.0,0.0,20,3000,0,24,527,551,0.20858279598178342,0.12,0.06739566696342081,0,0,21,0.0,0.125,0.7675601243972778
PU-C,4,0.0,0.0,25,3000,0,29,102,131,0.056702304747886956,0.03849999999999998,0.0817172919632867,0,0,26,0.0,0.10344827586206896,0.7450857758522034
PU-C,4,0.0,0.0,30,3000,0,34,491,525,0.19943172798957676,0.1099,0.09547237498918548,0,0,31,0.0,0.17647058823529413,0.7961034178733826
PU-C,4,0.0,0.0,35,3000,0,39,56,95,0.04286969528766349,0.02749999999999997,0.1106389170163311,0,0,36,0.0,0.1794871794871795,0.7412607073783875
PU-C,4,0.0,0.0,40,3000,0,44,433,477,0.18248000246239826,0.10070000000000001,0.12426270899595693,0,0,41,0.0,0.22727272727272727,0.8142206072807312
PU-C,4,0.0,0.0,45,3000,0,49,42,91,0.04131176363443956,0.024499999999999966,0.13795183401089162,0,0,46,0.0,0.22448979591836735,0.7471157908439636
PU-C,4,0.0,0.0,50,3000,0,54,379,433,0.16686912631848827,0.09219999999999995,0.15167791699059308,0,0,51,0.0,0.2037037037037037,0.8135210275650024
PU-C,4,0.0,0.0,55,3000,0,59,31,90,0.04092149395728484,0.02200000000000002,0.16957520897267386,0,0,56,0.0,0.1864406779661017,0.7550758719444275
PU-C,4,0.0,0.0,60,3000,0,64,316,380,0.14796155341900885,0.0817,0.1906027090153657,0,0,61,0.0,0.1875,0.8184958100318909
PU-C,4,0.0,0.0,65,3000,0,69,22,91,0.04131176363443956,0.019499999999999962,0.2110191669780761,0,0,66,0.0,0.17391304347826086,0.758743166923523
PU-C,4,0.0,0.0,70,3000,0,74,274,348,0.1364833684056066,0.0736,0.2318203339818865,0,0,71,0.0,0.20270270270270271,0.817164957523346
PU-C,4,0.0,0.0,75,3000,0,79,17,96,0.04325841483660042,0.01749999999999996,0.25230591697618365,0,0,76,0.0,0.24050632911392406,0.7696218490600586
PU-C,4,0.0,0.0,80,3000,0,84,212,296,0.11771419818978757,0.06379999999999997,0.275992667011451,0,0,81,0.0,0.25,0.8164334297180176
PU-C,4,0.0,0.0,85,3000,0,89,12,101,0.04519765079021454,0.01639999999999997,0.29713716701371595,0,0,86,0.0,0.25842696629213485,0.7756752967834473
PU-C,4,0.0,0.0,90,3000,0,94,170,264,0.10607983375666663,0.05610000000000004,0.32099154201569036,0,0,91,0.0,0.2553191489361702,0.816723644733429
PU-C,4,0.0,0.0,95,3000,0,99,4,103,0.04597138526150957,0.015599999999999947,0.342843874997925,0,0,96,0.0,0.25252525252525254,0.7968220114707947
PU-C,4,0.0,0.0,100,3000,0,104,143,247,0.09986878873314708,0.0514,0.363681250018999,0,0,101,0.0,0.25961538461538464,0.8234615325927734
PU-C,4,0.0,0.0,103,3000,0,107,0,107,0.04751565994229168,0.014700000000000046,0.37821487500332296,1,0,104,0.0,0.2523364485981308,0.7972546815872192
PU-F,4,0.0,0.0,0,3000,0,4,504,508,0.19343678752193227,0.14980000000000004,0.008395166951231658,0,0,1,0.0,0.25,0.3891991376876831
PU-F,4,0.0,0.0,5,3000,0,9,236,245,0.09913657489232719,0.06910000000000005,0.0611266249907203,0,0,6,0.0,0.2222222222222222,0.6330047249794006
PU-F,4,0.0,0.0,10,3000,0,14,111,125,0.05441726028220728,0.031399999999999983,0.08692237496143207,0,0,11,0.0,0.21428571428571427,0.739812970161438
PU-F,4,0.0,0.0,15,3000,0,19,265,284,0.11335953127127141,0.07050000000000001,0.11523154197493568,0,0,16,0.0,0.21052631578947367,0.7604292631149292
PU-F,4,0.0,0.0,20,3000,0,24,148,172,0.07215088309021667,0.047699999999999965,0.1417282089823857,0,0,21,0.0,0.20833333333333334,0.7600399255752563
PU-F,4,0.0,0.0,25,3000,0,29,247,276,0.11045104271033779,0.06640000000000001,0.16535158397164196,0,0,26,0.0,0.2413793103448276,0.8097543120384216
PU-F,4,0.0,0.0,30,3000,0,34,126,160,0.06765614327741787,0.04249999999999998,0.1947836249601096,0,0,31,0.0,0.29411764705882354,0.8159379959106445
PU-F,4,0.0,0.0,35,3000,0,39,175,214,0.08774291508598253,0.05159999999999998,0.2128960839472711,0,0,36,0.0,0.28205128205128205,0.8209677338600159
PU-F,4,0.0,0.0,40,3000,0,44,75,119,0.052124831709079444,0.030100000000000016,0.22942087496630847,0,0,41,0.0,0.25,0.827487051486969
PU-F,4,0.0,0.0,45,3000,0,49,126,175,0.07327152288053185,0.04410000000000003,0.24429862498072907,0,0,46,0.0,0.22448979591836735,0.8211206793785095
PU-F,4,0.0,0.0,50,3000,0,54,65,119,0.052124831709079444,0.027000000000000024,0.25926912494469434,0,0,51,0.0,0.2037037037037037,0.8147717118263245
PU-F,4,0.0,0.0,55,3000,0,59,106,165,0.06953138479730114,0.040000000000000036,0.2727209169534035,0,0,56,0.0,0.1864406779661017,0.7899032831192017
PU-F,4,0.0,0.0,60,3000,0,64,45,109,0.048286255972925574,0.029299999999999993,0.2847520419745706,0,0,61,0.0,0.171875,0.7744882106781006
PU-F,4,0.0,0.0,65,3000,0,69,59,128,0.05556067515863106,0.02070000000000005,0.29589066695189103,0,0,66,0.0,0.15942028985507245,0.7615693807601929
PU-F,4,0.0,0.0,70,3000,0,74,52,126,0.05479860055493191,0.032299999999999995,0.3098760419525206,0,0,71,0.0,0.14864864864864866,0.7995875477790833
PU-F,4,0.0,0.0,75,3000,0,79,125,204,0.08404820086434484,0.04139999999999999,0.32545270898845047,0,0,76,0.0,0.13924050632911392,0.7925573587417603
PU-F,4,0.0,0.0,80,3000,0,84,39,123,0.053653962444514036,0.02629999999999999,0.34018262499012053,0,0,81,0.0,0.13095238095238096,0.7922797203063965
PU-F,4,0.0,0.0,85,3000,0,89,114,203,0.08367816428653896,0.0383,0.3540303749614395,0,0,86,0.0,0.12359550561797752,0.7879073619842529
PU-F,4,0.0,0.0,90,3000,0,94,26,120,0.05250743729993701,0.02180000000000004,0.3679421249544248,0,0,91,0.0,0.13829787234042554,0.7780971527099609
PU-F,4,0.0,0.0,95,3000,0,99,105,204,0.08404820086434484,0.03590000000000004,0.38130399998044595,0,0,96,0.0,0.1414141414141414,0.7774483561515808
PU-F,4,0.0,0.0,100,3000,0,104,14,118,0.05174200655892491,0.018000000000000016,0.3951382919913158,0,0,101,0.0,0.1346153846153846,0.7693954110145569
PU-F,4,0.0,0.0,105,3000,0,109,91,200,0.08256741875084117,0.03380000000000005,0.40908262494485825,0,0,106,0.0,0.13761467889908258,0.7783185839653015
PU-F,4,0.0,0.0,110,3000,0,114,6,120,0.05250743729993701,0.016199999999999992,0.4224763339734636,0,0,111,0.0,0.14035087719298245,0.7708494067192078
PU-F,4,0.0,0.0,115,3000,0,119,76,195,0.08071401412598789,0.031299999999999994,0.4352365839877166,0,0,116,0.0,0.13445378151260504,0.7817729711532593
PU-F,4,0.0,0.0,120,3000,0,124,0,124,0.054035715002100915,0.013599999999999945,0.44845358398742974,1,0,121,0.0,0.12903225806451613,0.7695716619491577
PU-G,4,0.0,0.0,0,3000,0,4,771,775,0.2866694626864046,0.22350000000000003,0.005369249964132905,0,0,1,0.0,0.25,0.516930878162384
PU-G,4,0.0,0.0,5,3000,0,9,247,256,0.10315978218568489,0.0695,0.04268149996642023,0,0,6,0.0,0.2222222222222222,0.5596348643302917
PU-G,4,0.0,0.0,10,3000,0,14,167,181,0.07550934655591846,0.04579999999999995,0.06865320797078311,0,0,11,0.0,0.14285714285714285,0.6744549870491028
PU-G,4,0.0,0.0,15,3000,0,19,191,210,0.0862662440049462,0.059699999999999975,0.09094512497540563,0,0,16,0.0,0.15789473684210525,0.703953742980957
PU-G,4,0.0,0.0,20,3000,0,24,99,123,0.053653962444514036,0.024900000000000033,0.11047474999213591,0,0,21,0.0,0.125,0.7384784817695618
PU-G,4,0.0,0.0,25,3000,0,29,182,211,0.08663556131068617,0.06379999999999997,0.12751079100416973,0,0,26,0.0,0.13793103448275862,0.7286199331283569
PU-G,4,0.0,0.0,30,3000,0,34,95,129,0.055941413855180144,0.029200000000000004,0.1438726249616593,0,0,31,0.0,0.11764705882352941,0.7412163615226746
PU-G,4,0.0,0.0,35,3000,0,39,135,174,0.07289810659131035,0.044300000000000006,0.15950991597492248,0,0,36,0.0,0.1282051282051282,0.7224786877632141
PU-G,4,0.0,0.0,40,3000,0,44,105,149,0.06351755058858544,0.030200000000000005,0.1753440829925239,0,0,41,0.0,0.13636363636363635,0.7371729612350464
PU-G,4,0.0,0.0,45,3000,0,49,110,159,0.06728066253708676,0.03749999999999998,0.19079841597704217,0,0,46,0.0,0.1836734693877551,0.7187380790710449
PU-G,4,0.0,0.0,50,3000,0,54,99,153,0.06502464495133609,0.027599999999999958,0.2060375830042176,0,0,51,0.0,0.2222222222222222,0.7542538046836853
PU-G,4,0.0,0.0,55,3000,0,59,84,143,0.0612520546419546,0.030299999999999994,0.22104562498861924,0,0,56,0.0,0.23728813559322035,0.7316399216651917
PU-G,4,0.0,0.0,60,3000,0,64,98,162,0.06840666866628453,0.028900000000000037,0.2356256659841165,0,0,61,0.0,0.265625,0.7573177814483643
PU-G,4,0.0,0.0,65,3000,0,69,67,136,0.05860120529541746,0.027100000000000013,0.25041475001489744,0,0,66,0.0,0.2463768115942029,0.7314340472221375
PU-G,4,0.0,0.0,70,3000,0,74,87,161,0.0680314782075584,0.025499999999999967,0.2646051659830846,0,0,71,0.0,0.22972972972972974,0.7680152654647827
PU-G,4,0.0,0.0,75,3000,0,79,38,117,0.05135895928833634,0.022499999999999964,0.2771710829692893,0,0,76,0.0,0.25316455696202533,0.737675666809082
PU-G,4,0.0,0.0,80,3000,0,84,76,160,0.06765614327741787,0.02400000000000002,0.2886072499677539,0,0,81,0.0,0.2619047619047619,0.7766327857971191
PU-G,4,0.0,0.0,85,3000,0,89,25,114,0.050208458269480616,0.018299999999999983,0.3002453749650158,0,0,86,0.0,0.25842696629213485,0.740892767906189
PU-G,4,0.0,0.0,90,3000,0,94,70,164,0.0691566207096912,0.023299999999999987,0.3111382499919273,0,0,91,0.0,0.24468085106382978,0.7810463309288025
PU-G,4,0.0,0.0,95,3000,0,99,17,116,0.050975687336176634,0.015100000000000002,0.32416120800189674,0,0,96,0.0,0.23232323232323232,0.7442017793655396
PU-G,4,0.0,0.0,100,3000,0,104,66,170,0.07140313135460019,0.021299999999999986,0.3365849159890786,0,0,101,0.0,0.22115384615384615,0.7826476693153381
PU-G,4,0.0,0.0,105,3000,0,109,9,118,0.05174200655892491,0.013900000000000023,0.34937479096697643,0,0,106,0.0,0.21100917431192662,0.7452126145362854
PU-G,4,0.0,0.0,110,3000,0,114,61,175,0.07327152288053185,0.02059999999999995,0.3614333749865182,0,0,111,0.0,0.20175438596491227,0.7850376963615417
PU-G,4,0.0,0.0,115,3000,0,119,4,123,0.053653962444514036,0.011099999999999999,0.37423229101113975,0,0,116,0.0,0.19327731092436976,0.7460859417915344
PU-G,4,0.0,0.0,120,3000,0,124,56,180,0.0751366894110106,0.019399999999999973,0.38619895797455683,0,0,121,0.0,0.18548387096774194,0.7850516438484192
PU-G,4,0.0,0.0,123,3000,0,127,0,127,0.055179738090373576,0.010199999999999987,0.39471675001550466,1,0,124,0.0,0.18110236220472442,0.7429669499397278
MaxLoss,4,0.4,0.0,0,3000,0,4,545,549,0.20787960436427966,0.16100000000000003,0.004853708029258996,0,0,1,0.0,0.25,0.7201242446899414
MaxLoss,4,0.4,0.0,5,3000,0,9,514,523,0.19872692442731932,0.1473,0.013411083025857806,0,0,6,0.3333333333333333,0.4444444444444444,0.6593291759490967
MaxLoss,4,0.4,0.0,10,3000,0,14,424,438,0.16864680708386004,0.08199999999999996,0.021996791008859873,0,0,11,0.42857142857142855,0.5,0.6490502953529358
MaxLoss,4,0.4,0.0,15,3000,0,19,536,555,0.20998881832929328,0.15959999999999996,0.03051316604251042,0,0,16,0.47368421052631576,0.5263157894736842,0.7591472268104553
MaxLoss,4,0.4,0.0,20,3000,0,24,423,447,0.17184416647069156,0.07930000000000004,0.03961800003889948,0,0,21,0.4583333333333333,0.5,0.6937214136123657
MaxLoss,4,0.4,0.0,25,3000,0,29,527,556,0.21034024911932647,0.15700000000000003,0.04845520801609382,0,0,26,0.5517241379310345,0.5862068965517241,0.7905527353286743
MaxLoss,4,0.4,0.0,30,3000,0,34,445,479,0.18318789481418207,0.08779999999999999,0.05731608305359259,0,0,31,0.5882352941176471,0.6176470588235294,0.7250780463218689
MaxLoss,4,0.4,0.0,35,3000,0,39,503,542,0.20541747816605493,0.14970000000000006,0.06611745804548264,0,0,36,0.5384615384615384,0.5641025641025641,0.7764899730682373
MaxLoss,4,0.4,0.0,40,3000,0,44,465,509,0.1937896916642785,0.09489999999999998,0.0749940830282867,0,0,41,0.5681818181818182,0.5909090909090909,0.7021501064300537
MaxLoss,4,0.4,0.0,45,3000,0,49,501,550,0.20823121524881572,0.15169999999999995,0.08388170803664252,0,0,46,0.5918367346938775,0.6122448979591837,0.7650759220123291
MaxLoss,4,0.4,0.0,50,3000,0,54,493,547,0.20717629184946418,0.10899999999999999,0.09279950003838167,0,0,51,0.5740740740740741,0.5925925925925926,0.6932746171951294
MaxLoss,4,0.4,0.0,55,3000,0,59,511,570,0.21525717672193423,0.15949999999999998,0.1019216250278987,0,0,56,0.559322033898305,0.576271186440678,0.7643200159072876
MaxLoss,4,0.4,0.0,60,3000,0,64,516,580,0.2187657785252668,0.11680000000000001,0.11097262502880767,0,0,61,0.5625,0.578125,0.7086302638053894
MaxLoss,4,0.4,0.0,65,3000,0,69,503,572,0.21595912729389966,0.15769999999999995,0.12010662502143532,0,0,66,0.5797101449275363,0.5942028985507246,0.7740660905838013
MaxLoss,4,0.4,0.0,70,3000,0,74,550,624,0.23417051223805174,0.12170000000000003,0.12915637501282617,0,0,71,0.5675675675675675,0.581081081081081,0.7187561392784119
MaxLoss,4,0.4,0.0,75,3000,0,79,505,584,0.2201684195897542,0.16000000000000003,0.13821058301255107,0,0,76,0.5949367088607594,0.6075949367088608,0.7775269746780396
MaxLoss,4,0.4,0.0,80,3000,0,84,546,630,0.23626712389523163,0.12419999999999998,0.14908141602063552,0,0,81,0.5833333333333334,0.5952380952380952,0.6994749307632446
MaxLoss,4,0.4,0.0,85,3000,0,89,483,572,0.21595912729389966,0.15369999999999995,0.16059149999637157,0,0,86,0.550561797752809,0.5955056179775281,0.7775363922119141
MaxLoss,4,0.4,0.0,90,3000,0,94,530,624,0.23417051223805174,0.12329999999999997,0.1718375000054948,0,0,91,0.5212765957446809,0.5957446808510638,0.737484335899353
MaxLoss,4,0.4,0.0,95,3000,0,99,477,576,0.21736268227687106,0.15300000000000002,0.18132462503854185,0,0,96,0.494949494949495,0.5959595959595959,0.7784058451652527
MaxLoss,4,0.4,0.0,100,3000,0,104,531,635,0.2380135838757269,0.12539999999999996,0.1904278330039233,0,0,101,0.47115384615384615,0.5865384615384616,0.7535189390182495
MaxLoss,4,0.4,0.0,105,3000,0,109,466,575,0.2170118367066607,0.1502,0.19977370800916106,0,0,106,0.44954128440366975,0.5596330275229358,0.7820525169372559
MaxLoss,4,0.4,0.0,110,3000,0,114,515,629,0.23591775394743308,0.12719999999999998,0.20876554102869704,0,0,111,0.4298245614035088,0.5350877192982456,0.7669408321380615
MaxLoss,4,0.4,0.0,115,3000,0,119,446,565,0.2135017917607911,0.14239999999999997,0.2179841659963131,0,0,116,0.4117647058823529,0.5126050420168067,0.7934055924415588
MaxLoss,4,0.4,0.0,120,3000,0,124,519,643,0.2408065793570131,0.13229999999999997,0.22694000002229586,0,0,121,0.3951612903225806,0.49193548387096775,0.7710611820220947
MaxLoss,4,0.4,0.0,125,3000,0,129,509,638,0.239061149652116,0.1724,0.23663837503409013,0,0,126,0.3798449612403101,0.4728682170542636,0.8537836670875549
MaxLoss,4,0.4,0.0,130,3000,0,134,412,546,0.20682459004456177,0.11380000000000001,0.24967308301711455,0,0,131,0.3805970149253731,0.4701492537313433,0.6618143320083618
MaxLoss,4,0.4,0.0,135,3000,0,139,204,343,0.13468522898619995,0.04800000000000004,0.2632380410213955,0,0,136,0.38848920863309355,0.4748201438848921,0.6976665258407593
MaxLoss,4,0.4,0.0,140,3000,0,144,496,640,0.23975939833326265,0.13080000000000003,0.27682987501611933,0,0,141,0.3888888888888889,0.4722222222222222,0.6714150905609131
MaxLoss,4,0.4,0.0,145,3000,0,149,483,632,0.2369657856761478,0.13949999999999996,0.2998754160362296,0,0,146,0.37583892617449666,0.4563758389261745,0.6187999248504639
MaxLoss,4,0.4,0.0,150,3000,0,154,536,690,0.25718314957339317,0.13929999999999998,0.3212713749962859,0,0,151,0.36363636363636365,0.44155844155844154,0.6136162281036377
MaxLoss,4,0.4,0.0,155,3000,0,159,331,490,0.1870787946972996,0.10729999999999995,0.34102062502643093,0,0,156,0.3522012578616352,0.4339622641509434,0.6825442910194397
MaxLoss,4,0.4,0.0,160,3000,0,164,511,675,0.2519624548731372,0.13090000000000002,0.36608445801539347,0,0,161,0.34146341463414637,0.42073170731707316,0.5574408769607544
MaxLoss,4,0.4,0.0,165,3000,0,169,370,539,0.20436182245612144,0.1169,0.38925929099787027,0,0,166,0.33727810650887574,0.41420118343195267,0.623591423034668
MaxLoss,4,0.4,0.0,170,3000,0,174,499,673,0.25126595271285623,0.13859999999999995,0.414319041010458,0,0,171,0.3333333333333333,0.41379310344827586,0.47753971815109253
MaxLoss,4,0.4,0.0,175,3000,0,179,361,540,0.204713738465216,0.11580000000000001,0.4377692500129342,0,0,176,0.329608938547486,0.40782122905027934,0.6017918586730957
MaxLoss,4,0.4,0.0,180,3000,0,184,453,637,0.23871198680717498,0.11150000000000004,0.4613453330239281,0,0,181,0.33152173913043476,0.4076086956521739,0.4314725399017334
MaxLoss,4,0.4,0.0,185,3000,0,189,267,456,0.17503842012956738,0.07410000000000005,0.48744862503372133,0,0,186,0.328042328042328,0.4074074074074074,0.5210506916046143
MaxLoss,4,0.4,0.0,190,3000,0,194,433,627,0.23521893582073972,0.10999999999999999,0.5154756660340354,0,0,191,0.3247422680412371,0.4020618556701031,0.5091258883476257
MaxLoss,4,0.4,0.0,195,3000,0,199,446,645,0.24150457250652835,0.11880000000000002,0.5374177080229856,0,0,196,0.3165829145728643,0.3969849246231156,0.48881784081459045
MaxLoss,4,0.4,0.0,200,3000,0,204,364,568,0.2145551101421006,0.11380000000000001,0.5591757910442539,0,0,201,0.31862745098039214,0.39705882352941174,0.5717463493347168
MaxLoss,4,0.4,0.0,205,3000,0,209,452,661,0.24708488694159314,0.11860000000000004,0.5810167080489919,0,0,206,0.32057416267942584,0.39712918660287083,0.49721240997314453
MaxLoss,4,0.4,0.0,210,3000,0,214,248,462,0.17716623313026503,0.0706,0.602684625016991,0,0,211,0.3177570093457944,0.397196261682243,0.576749324798584
MaxLoss,4,0.4,0.0,215,3000,0,219,439,658,0.2460390658234246,0.12549999999999994,0.6253982500056736,0,0,216,0.3105022831050228,0.4018264840182648,0.5189599990844727
MaxLoss,4,0.4,0.0,220,3000,0,224,372,596,0.2243736449163407,0.08650000000000002,0.6518371660495177,0,0,221,0.3125,0.4017857142857143,0.5282936692237854
MaxLoss,4,0.4,0.0,225,3000,0,229,371,600,0.22577449848176911,0.09350000000000003,0.6785182080348022,0,0,226,0.3056768558951965,0.4017467248908297,0.5612001419067383
MaxLoss,4,0.4,0.0,230,3000,0,234,319,553,0.2092858671094291,0.07820000000000005,0.7055923330481164,0,0,231,0.31196581196581197,0.405982905982906,0.5389962196350098
MaxLoss,4,0.4,0.0,235,3000,0,239,147,386,0.15010823006741703,0.04830000000000001,0.7324106250307523,0,0,236,0.3138075313807531,0.4100418410041841,0.5610753297805786
MaxLoss,4,0.4,0.0,240,3000,0,244,361,605,0.22752494865562767,0.09319999999999995,0.7626624160329811,0,0,241,0.3155737704918033,0.4098360655737705,0.5332019925117493
MaxLoss,4,0.4,0.0,245,3000,0,249,137,386,0.15010823006741703,0.05249999999999999,0.793617791030556,0,0,246,0.3132530120481928,0.40963855421686746,0.5626935958862305
MaxLoss,4,0.4,0.0,250,3000,0,254,357,611,0.2296245924080722,0.08909999999999996,0.8295980000402778,0,0,251,0.31496062992125984,0.4094488188976378,0.5669312477111816
MaxLoss,4,0.4,0.0,255,3000,0,259,166,425,0.16402276017470285,0.06710000000000005,0.8601432910072617,0,0,256,0.3166023166023166,0.41312741312741313,0.5468983054161072
MaxLoss,4,0.4,0.0,260,3000,0,264,310,574,0.21666096238186583,0.09219999999999995,0.8924515410326421,0,0,261,0.3143939393939394,0.4090909090909091,0.5524070262908936
MaxLoss,4,0.4,0.0,265,3000,0,269,195,464,0.17787520814454183,0.06930000000000003,0.9247265830053948,0,0,266,0.30855018587360594,0.40892193308550184,0.5531948208808899
MaxLoss,4,0.4,0.0,270,3000,0,274,260,534,0.20260177814634517,0.07620000000000005,0.9752784160082228,0,0,271,0.3029197080291971,0.4051094890510949,0.5694539546966553
MaxLoss,4,0.4,0.0,275,3000,0,279,182,461,0.17681169032584876,0.059699999999999975,1.0184416249976493,0,0,276,0.3046594982078853,0.4050179211469534,0.5993974804878235
MaxLoss,4,0.4,0.0,280,3000,0,284,218,502,0.19131866691168398,0.0676,1.0451605000416748,0,0,281,0.30985915492957744,0.4084507042253521,0.6407375335693359
MaxLoss,4,0.4,0.0,285,3000,0,289,139,428,0.16509044979466125,0.04169999999999996,1.0694829580024816,0,0,286,0.3079584775086505,0.40484429065743943,0.6324800848960876
MaxLoss,4,0.4,0.0,290,3000,0,294,142,436,0.16793585335835814,0.036699999999999955,1.0944847500068136,0,0,291,0.3163265306122449,0.41156462585034015,0.6450291275978088
MaxLoss,4,0.4,0.0,295,3000,0,299,224,523,0.19872692442731932,0.07609999999999995,1.1203812080202624,0,0,296,0.3177257525083612,0.411371237458194,0.6694573163986206
MaxLoss,4,0.4,0.0,300,3000,0,304,135,439,0.16900222492404282,0.04190000000000005,1.149899375042878,0,0,301,0.3157894736842105,0.40789473684210525,0.6321733593940735
MaxLoss,4,0.4,0.0,305,3000,0,309,128,437,0.16829134989529848,0.04159999999999997,1.180672415997833,0,0,306,0.313915857605178,0.4045307443365696,0.6511562466621399
MaxLoss,4,0.4,0.0,310,3000,0,314,112,426,0.16437869728542864,0.04420000000000002,1.213658666005358,0,0,311,0.3184713375796178,0.40764331210191085,0.6416289806365967
MaxLoss,4,0.4,0.0,315,3000,0,319,113,432,0.16651347110746428,0.04279999999999995,1.243296625034418,0,0,316,0.31974921630094044,0.4106583072100313,0.6302413940429688
MaxLoss,4,0.4,0.0,320,3000,0,324,145,469,0.1796470055123791,0.058599999999999985,1.2733579580090009,0,0,321,0.3148148148148148,0.404320987654321,0.6216540336608887
MaxLoss,4,0.4,0.0,325,3000,0,329,99,428,0.16509044979466125,0.04810000000000003,1.3044740830082446,0,0,326,0.3191489361702128,0.41033434650455924,0.6306211948394775
MaxLoss,4,0.4,0.0,330,3000,0,334,252,586,0.22086957044666633,0.06910000000000005,1.3354117910494097,0,0,331,0.31736526946107785,0.40718562874251496,0.5738679766654968
MaxLoss,4,0.4,0.0,335,3000,0,339,75,414,0.16010473761707544,0.028000000000000025,1.3660745830275118,0,0,336,0.3215339233038348,0.41002949852507375,0.6613890528678894
MaxLoss,4,0.4,0.0,340,3000,0,344,64,408,0.15796550025697798,0.027200000000000002,1.4024752910481766,0,0,341,0.31976744186046513,0.4127906976744186,0.6808236837387085
MaxLoss,4,0.4,0.0,345,3000,0,349,72,421,0.16259860317222774,0.030200000000000005,1.4311318750260398,0,0,346,0.32664756446991405,0.4183381088825215,0.6564788222312927
MaxLoss,4,0.4,0.0,350,3000,0,354,81,435,0.16758031729841605,0.03310000000000002,1.4603744580526836,0,0,351,0.3305084745762712,0.4209039548022599,0.7052433490753174
MaxLoss,4,0.4,0.0,355,3000,0,359,80,439,0.16900222492404282,0.031100000000000017,1.4915718330303207,0,0,356,0.3286908077994429,0.4206128133704735,0.7053842544555664
MaxLoss,4,0.4,0.0,360,3000,0,364,113,477,0.18248000246239826,0.05230000000000001,1.524177250044886,0,0,361,0.3324175824175824,0.4258241758241758,0.7181223630905151
MaxLoss,4,0.4,0.0,365,3000,0,369,92,461,0.17681169032584876,0.037900000000000045,1.5575111250509508,0,0,366,0.33062330623306235,0.42276422764227645,0.7103925943374634
MaxLoss,4,0.4,0.0,370,3000,0,374,110,484,0.18495700892526656,0.04720000000000002,1.589923166029621,0,0,371,0.3342245989304813,0.42780748663101603,0.6995177865028381
MaxLoss,4,0.4,0.0,375,3000,0,379,88,467,0.17893839586758986,0.0494,1.620738000026904,0,0,376,0.32981530343007914,0.42480211081794195,0.7132437825202942
MaxLoss,4,0.4,0.0,380,3000,0,384,161,545,0.20647285785526037,0.06599999999999995,1.6496112910099328,0,0,381,0.3333333333333333,0.4296875,0.7100549340248108
MaxLoss,4,0.4,0.0,385,3000,0,389,191,580,0.2187657785252668,0.09150000000000003,1.680947125016246,0,0,386,0.33676092544987146,0.4318766066838046,0.7174403071403503
MaxLoss,4,0.4,0.0,390,3000,0,394,140,534,0.20260177814634517,0.04579999999999995,1.7121867500245571,0,0,391,0.3350253807106599,0.43147208121827413,0.7382677793502808
MaxLoss,4,0.4,0.0,395,3000,0,399,184,583,0.21981780178612098,0.07889999999999997,1.7433443330228329,0,0,396,0.3333333333333333,0.43107769423558895,0.7213161587715149
MaxLoss,4,0.4,0.0,400,3000,0,404,172,576,0.21736268227687106,0.04959999999999998,1.779793125053402,0,0,401,0.3316831683168317,0.4282178217821782,0.7332546710968018
MaxLoss,4,0.4,0.0,405,3000,0,409,160,569,0.21490615798393264,0.05389999999999995,1.8211705410503782,0,0,406,0.33007334963325186,0.4254278728606357,0.7112594246864319
MaxLoss,4,0.4,0.0,410,3000,0,414,151,565,0.2135017917607911,0.06589999999999996,1.8528525000438094,0,0,411,0.3309178743961353,0.4251207729468599,0.7587333917617798
MaxLoss,4,0.4,0.0,415,3000,0,419,79,498,0.18990591826150194,0.041100000000000025,1.8887576250126585,0,0,416,0.3269689737470167,0.4200477326968974,0.7348291873931885
MaxLoss,4,0.4,0.0,420,3000,0,424,147,571,0.21560816647252068,0.05030000000000001,1.9190854580374435,0,0,421,0.3231132075471698,0.41745283018867924,0.7400929927825928
MaxLoss,4,0.4,0.0,425,3000,0,429,122,551,0.20858279598178342,0.04730000000000001,1.952352291031275,0,0,426,0.32167832167832167,0.4172494172494173,0.7581830024719238
MaxLoss,4,0.4,0.0,430,3000,0,434,142,576,0.21736268227687106,0.051100000000000034,1.9819982500048354,0,0,431,0.31797235023041476,0.4147465437788018,0.7566157579421997
MaxLoss,4,0.4,0.0,435,3000,0,439,147,586,0.22086957044666633,0.07099999999999995,2.013178625027649,0,0,436,0.31662870159453305,0.4145785876993166,0.7888839840888977
MaxLoss,4,0.4,0.0,440,3000,0,444,151,595,0.224023362621665,0.07499999999999996,2.050398416002281,0,0,441,0.31756756756756754,0.4144144144144144,0.7803433537483215
MaxLoss,4,0.4,0.0,445,3000,0,449,121,570,0.21525717672193423,0.04910000000000003,2.0952336660120636,0,0,446,0.3207126948775056,0.41648106904231624,0.7956343293190002
MaxLoss,4,0.4,0.0,450,3000,0,454,61,515,0.1959064273396507,0.036900000000000044,2.1269468330428936,0,0,451,0.32819383259911894,0.42290748898678415,0.7558874487876892
MaxLoss,4,0.4,0.0,455,3000,0,459,147,606,0.22787495696684346,0.05930000000000002,2.168854291026946,0,0,456,0.3333333333333333,0.42701525054466233,0.7615663409233093
MaxLoss,4,0.4,0.0,460,3000,0,464,168,632,0.2369657856761478,0.06289999999999996,2.212167582998518,0,0,461,0.33405172413793105,0.4267241379310345,0.7572915554046631
MaxLoss,4,0.4,0.0,465,3000,0,469,23,492,0.18778578046476468,0.03159999999999996,2.2504989580484107,0,0,466,0.3304904051172708,0.42217484008528783,0.7539428472518921
MaxLoss,4,0.4,0.0,470,3000,0,474,162,636,0.23836279823444784,0.06920000000000004,2.2848040000535548,0,0,471,0.3270042194092827,0.4219409282700422,0.7631600499153137
MaxLoss,4,0.4,0.0,475,3000,0,479,179,658,0.2460390658234246,0.06000000000000005,2.31346537504578,0,0,476,0.3235908141962422,0.4196242171189979,0.7511797547340393
MaxLoss,4,0.4,0.0,480,3000,0,484,132,616,0.23137355543440208,0.06369999999999998,2.3443370000459254,0,0,481,0.3243801652892562,0.4214876033057851,0.7435006499290466
MaxLoss,4,0.4,0.0,485,3000,0,489,141,630,0.23626712389523163,0.07479999999999998,2.3750759580289014,0,0,486,0.3231083844580777,0.41922290388548056,0.7661693692207336
MaxLoss,4,0.4,0.0,490,3000,0,494,55,549,0.20787960436427966,0.04300000000000004,2.4250513750012033,0,0,491,0.31983805668016196,0.41700404858299595,0.7717406749725342
MaxLoss,4,0.4,0.0,495,3000,0,499,96,595,0.224023362621665,0.049799999999999955,2.462121582997497,0,0,496,0.3166332665330661,0.41282565130260523,0.7684298157691956
MaxLoss,4,0.4,0.0,500,3000,0,504,119,623,0.2338209851877764,0.0615,2.5392432910157368,0,0,501,0.3134920634920635,0.4126984126984127,0.738756537437439
MaxLoss,4,0.4,0.0,505,3000,0,509,48,557,0.21069165004882962,0.040100000000000025,2.572505208023358,0,0,506,0.3104125736738703,0.4086444007858546,0.7604041695594788
MaxLoss,4,0.4,0.0,510,3000,0,514,280,794,0.29323898116126657,0.10950000000000004,2.615590333007276,0,0,511,0.30739299610894943,0.4046692607003891,0.7653203010559082
MaxLoss,4,0.4,0.0,515,3000,0,519,95,614,0.23067405057372525,0.05069999999999997,2.6534151660162024,0,0,516,0.3044315992292871,0.4007707129094412,0.7461916208267212
MaxLoss,4,0.4,0.0,520,3000,0,524,83,607,0.2282249380950816,0.047599999999999976,2.6905768330325373,0,0,521,0.3015267175572519,0.40076335877862596,0.7658432126045227
MaxLoss,4,0.4,0.0,525,3000,0,529,103,632,0.2369657856761478,0.061899999999999955,2.727874750038609,0,0,526,0.3005671077504726,0.4007561436672968,0.785257875919342
MaxLoss,4,0.4,0.0,530,3000,0,534,94,628,0.2355683579808101,0.05379999999999996,2.7636787079973146,0,0,531,0.299625468164794,0.398876404494382,0.7794924974441528
MaxLoss,4,0.4,0.0,535,3000,0,539,102,641,0.24010848422767594,0.06230000000000002,2.810286250023637,0,0,536,0.29684601113172543,0.4007421150278293,0.767425537109375
MaxLoss,4,0.4,0.0,540,3000,0,544,99,643,0.2408065793570131,0.06659999999999999,2.882122416049242,0,0,541,0.29411764705882354,0.4007352941176471,0.767593264579773
MaxLoss,4,0.4,0.0,545,3000,0,549,82,631,0.23661646782420576,0.05669999999999997,2.9453345829970203,0,0,546,0.29143897996357016,0.4007285974499089,0.7219920754432678
MaxLoss,4,0.4,0.0,550,3000,0,554,12,566,0.2138529270887375,0.02290000000000003,2.9822077080025338,0,0,551,0.2888086642599278,0.40252707581227437,0.7039058208465576
MaxLoss,4,0.4,0.0,555,3000,0,559,77,636,0.23836279823444784,0.04630000000000001,3.0190927910152823,0,0,556,0.28622540250447226,0.39892665474060823,0.7072728276252747
MaxLoss,4,0.4,0.0,560,3000,0,564,81,645,0.24150457250652835,0.04830000000000001,3.0591376250376925,0,0,561,0.28368794326241137,0.3953900709219858,0.6874078512191772
MaxLoss,4,0.4,0.0,563,3000,0,567,0,567,0.2142040331964381,0.021299999999999986,3.086756208038423,1,0,564,0.2821869488536155,0.3950617283950617,0.7300264239311218
PU-C,4,0.4,0.0,0,3000,0,4,567,571,0.21560816647252068,0.17100000000000004,0.010547374957241118,0,0,1,0.0,0.25,0.5942267775535583
PU-C,4,0.4,0.0,5,3000,0,9,474,483,0.1846032562898472,0.13449999999999995,0.03851024998584762,0,0,6,0.2222222222222222,0.3333333333333333,0.6414220333099365
PU-C,4,0.4,0.0,10,3000,0,14,275,289,0.11517512908903882,0.05610000000000004,0.06970104097854346,0,0,11,0.5,0.5714285714285714,0.6984208226203918
PU-C,4,0.4,0.0,15,3000,0,19,673,692,0.257878836535383,0.15590000000000004,0.111992415972054,0,0,16,0.631578947368421,0.6842105263157895,0.7359117865562439
PU-C,4,0.4,0.0,20,3000,0,24,324,348,0.1364833684056066,0.07430000000000003,0.14150174998212606,0,0,21,0.625,0.6666666666666666,0.7796857357025146
PU-C,4,0.4,0.0,25,3000,0,29,682,711,0.26448318362236023,0.16279999999999994,0.17715633299667388,0,0,26,0.6206896551724138,0.6551724137931034,0.7618760466575623
PU-C,4,0.4,0.0,30,3000,0,34,342,376,0.1465295035741292,0.08930000000000005,0.20239520794712007,0,0,31,0.6176470588235294,0.6470588235294118,0.803917646408081
PU-C,4,0.4,0.0,35,3000,0,39,679,718,0.2669142578379251,0.16390000000000005,0.22798620798857883,0,0,36,0.6153846153846154,0.6410256410256411,0.8013060092926025
PU-C,4,0.4,0.0,40,3000,0,44,337,381,0.1483194487518631,0.09079999999999999,0.25403083296259865,0,0,41,0.5909090909090909,0.6136363636363636,0.8215005993843079
PU-C,4,0.4,0.0,45,3000,0,49,677,726,0.26969126105541363,0.16390000000000005,0.2871687499573454,0,0,46,0.5306122448979592,0.5510204081632653,0.8075991868972778
PU-C,4,0.4,0.0,50,3000,0,54,335,389,0.15118094795616344,0.08789999999999998,0.3184300829889253,0,0,51,0.48148148148148145,0.5,0.8135673403739929
PU-C,4,0.4,0.0,55,3000,0,59,659,718,0.2669142578379251,0.16069999999999995,0.34698224999010563,0,0,56,0.4745762711864407,0.4915254237288136,0.7978339195251465
PU-C,4,0.4,0.0,60,3000,0,64,324,388,0.1508234209031798,0.08130000000000004,0.3860030409996398,0,0,61,0.46875,0.484375,0.8086508512496948
PU-C,4,0.4,0.0,65,3000,0,69,650,719,0.2672614626935683,0.15800000000000003,0.4251245409832336,0,0,66,0.463768115942029,0.4782608695652174,0.8103931546211243
PU-C,4,0.4,0.0,70,3000,0,74,324,398,0.154396666737739,0.08879999999999999,0.4663300409447402,0,0,71,0.4594594594594595,0.47297297297297297,0.810033917427063
PU-C,4,0.4,0.0,75,3000,0,79,644,723,0.2686500548152253,0.15780000000000005,0.49719049996929243,0,0,76,0.46835443037974683,0.4810126582278481,0.8139845728874207
PU-C,4,0.4,0.0,80,3000,0,84,327,411,0.15903530979994684,0.08550000000000002,0.5265507499570958,0,0,81,0.47619047619047616,0.4880952380952381,0.806688129901886
PU-C,4,0.4,0.0,85,3000,0,89,638,727,0.2700382847106084,0.1573,0.5578199579613283,0,0,86,0.4606741573033708,0.47191011235955055,0.8171494603157043
PU-C,4,0.4,0.0,90,3000,0,94,368,462,0.17716623313026503,0.10140000000000005,0.5878241659956984,0,0,91,0.44680851063829785,0.4574468085106383,0.8104422092437744
PU-C,4,0.4,0.0,95,3000,0,99,628,727,0.2700382847106084,0.15559999999999996,0.6172626249608584,0,0,96,0.42424242424242425,0.43434343434343436,0.8236549496650696
PU-C,4,0.4,0.0,100,3000,0,104,384,488,0.18637167132692412,0.1058,0.6486480409512296,0,0,101,0.40384615384615385,0.41346153846153844,0.8155657052993774
PU-C,4,0.4,0.0,105,3000,0,109,623,732,0.2717730654985644,0.1543,0.6769854999729432,0,0,106,0.3853211009174312,0.3944954128440367,0.8263921141624451
PU-C,4,0.4,0.0,110,3000,0,114,375,489,0.18672525027068332,0.1058,0.7073437079670839,0,0,111,0.37719298245614036,0.38596491228070173,0.817562460899353
PU-C,4,0.4,0.0,115,3000,0,119,605,724,0.26899714616592973,0.15149999999999997,0.7374478749698028,0,0,116,0.37815126050420167,0.3865546218487395,0.8253804445266724
PU-C,4,0.4,0.0,120,3000,0,124,375,499,0.19025915587553754,0.1058,0.7684615409816615,0,0,121,0.3709677419354839,0.3790322580645161,0.8175344467163086
PU-C,4,0.4,0.0,125,3000,0,129,547,676,0.2523106695152819,0.134,0.8013413329608738,0,0,126,0.35658914728682173,0.37209302325581395,0.7598129510879517
PU-C,4,0.4,0.0,130,3000,0,134,502,636,0.23836279823444784,0.1259,0.834231540968176,0,0,131,0.35074626865671643,0.3656716417910448,0.71876460313797
PU-C,4,0.4,0.0,135,3000,0,139,476,615,0.23102381633361802,0.11009999999999998,0.8705740409786813,0,0,136,0.34532374100719426,0.3597122302158273,0.7339426875114441
PU-C,4,0.4,0.0,140,3000,0,144,512,656,0.24534172733547166,0.13170000000000004,0.9054096659529023,0,0,141,0.3402777777777778,0.3541666666666667,0.7060877084732056
PU-C,4,0.4,0.0,145,3000,0,149,440,589,0.22192108584567904,0.10960000000000003,0.9407756659784354,0,0,146,0.348993288590604,0.3624161073825503,0.6919975280761719
PU-C,4,0.4,0.0,150,3000,0,154,515,669,0.24987265636445954,0.1321,0.9801854159450158,0,0,151,0.33766233766233766,0.35064935064935066,0.687641441822052
PU-C,4,0.4,0.0,155,3000,0,159,453,612,0.22997443861095235,0.10929999999999995,1.0226581249735318,0,0,156,0.33962264150943394,0.3584905660377358,0.6447237730026245
PU-C,4,0.4,0.0,160,3000,0,164,492,656,0.24534172733547166,0.11040000000000005,1.0584707909729332,0,0,161,0.3353658536585366,0.3597560975609756,0.6422973871231079
PU-C,4,0.4,0.0,165,3000,0,169,358,527,0.2001364043680951,0.11019999999999996,1.0944135409663431,0,0,166,0.33136094674556216,0.35502958579881655,0.5672250986099243
PU-C,4,0.4,0.0,170,3000,0,174,387,561,0.21209695702418685,0.09440000000000004,1.129207124991808,0,0,171,0.3275862068965517,0.3563218390804598,0.5345442295074463
PU-C,4,0.4,0.0,175,3000,0,179,307,486,0.18566440959693864,0.08089999999999997,1.1602017079712823,0,0,176,0.329608938547486,0.3575418994413408,0.48216673731803894
PU-C,4,0.4,0.0,180,3000,0,184,422,606,0.22787495696684346,0.10740000000000005,1.1949619999504648,0,0,181,0.32065217391304346,0.34782608695652173,0.5333574414253235
PU-C,4,0.4,0.0,185,3000,0,189,313,502,0.19131866691168398,0.07479999999999998,1.2323974159662612,0,0,186,0.31746031746031744,0.3439153439153439,0.5247690677642822
PU-C,4,0.4,0.0,190,3000,0,194,236,430,0.16580204077763483,0.06879999999999997,1.2655930409673601,0,0,191,0.31443298969072164,0.34536082474226804,0.49393823742866516
PU-C,4,0.4,0.0,195,3000,0,199,350,549,0.20787960436427966,0.08540000000000003,1.2986322079668753,0,0,196,0.31155778894472363,0.3417085427135678,0.5048378109931946
PU-C,4,0.4,0.0,200,3000,0,204,317,521,0.19802199315745384,0.09019999999999995,1.3313281249720603,0,0,201,0.3088235294117647,0.3431372549019608,0.404220849275589
PU-C,4,0.4,0.0,205,3000,0,209,275,484,0.18495700892526656,0.060799999999999965,1.3653090829611756,0,0,206,0.31100478468899523,0.3492822966507177,0.4401762783527374
PU-C,4,0.4,0.0,210,3000,0,214,269,483,0.1846032562898472,0.08699999999999997,1.399998415959999,0,0,211,0.3037383177570093,0.3411214953271028,0.3829457461833954
PU-C,4,0.4,0.0,215,3000,0,219,310,529,0.20084095414495096,0.07230000000000003,1.4327677909750491,0,0,216,0.3013698630136986,0.3378995433789954,0.3548143208026886
PU-C,4,0.4,0.0,220,3000,0,224,260,484,0.18495700892526656,0.07989999999999997,1.4694079579785466,0,0,221,0.29910714285714285,0.33482142857142855,0.3447055518627167
PU-C,4,0.4,0.0,225,3000,0,229,197,426,0.16437869728542864,0.046499999999999986,1.4999104579910636,0,0,226,0.3056768558951965,0.3406113537117904,0.3315808176994324
PU-C,4,0.4,0.0,230,3000,0,234,192,426,0.16437869728542864,0.05720000000000003,1.5377830409561284,0,0,231,0.3034188034188034,0.33760683760683763,0.2766810655593872
PU-C,4,0.4,0.0,235,3000,0,239,186,425,0.16402276017470285,0.04349999999999998,1.5782404999481514,0,0,236,0.30962343096234307,0.3472803347280335,0.41356709599494934
PU-C,4,0.4,0.0,240,3000,0,244,185,429,0.16544626542599872,0.05630000000000002,1.6156775409472175,0,0,241,0.3114754098360656,0.3524590163934426,0.35546666383743286
PU-C,4,0.4,0.0,245,3000,0,249,213,462,0.17716623313026503,0.044499999999999984,1.6487627079477534,0,0,246,0.3132530120481928,0.3614457831325301,0.35178884863853455
PU-C,4,0.4,0.0,250,3000,0,254,181,435,0.16758031729841605,0.03639999999999999,1.6860570409917273,0,0,251,0.31496062992125984,0.36220472440944884,0.34433838725090027
PU-C,4,0.4,0.0,255,3000,0,259,154,413,0.15974830387858674,0.035699999999999954,1.71749266597908,0,0,256,0.32432432432432434,0.37065637065637064,0.3515729010105133
PU-C,4,0.4,0.0,260,3000,0,264,107,371,0.14473837532568723,0.030200000000000005,1.748183749965392,0,0,261,0.32954545454545453,0.3787878787878788,0.3445677161216736
PU-C,4,0.4,0.0,265,3000,0,269,182,451,0.17326421377947554,0.04149999999999998,1.7778777909697965,0,0,266,0.3382899628252788,0.38661710037174724,0.35275498032569885
PU-C,4,0.4,0.0,270,3000,0,274,213,487,0.18601805780781433,0.06000000000000005,1.8107877500005998,0,0,271,0.33211678832116787,0.3795620437956204,0.3490290939807892
PU-C,4,0.4,0.0,275,3000,0,279,164,443,0.17042350576957688,0.03869999999999996,1.8497533329646103,0,0,276,0.32974910394265233,0.3763440860215054,0.30567172169685364
PU-C,4,0.4,0.0,280,3000,0,284,200,484,0.18495700892526656,0.057499999999999996,1.8858872499549761,0,0,281,0.33098591549295775,0.3767605633802817,0.33870354294776917
PU-C,4,0.4,0.0,285,3000,0,289,197,486,0.18566440959693864,0.04920000000000002,1.9316930409986526,0,0,286,0.328719723183391,0.3771626297577855,0.352042555809021
PU-C,4,0.4,0.0,290,3000,0,294,181,475,0.18177196802571416,0.05349999999999999,1.9677492909831926,0,0,291,0.3299319727891156,0.37755102040816324,0.4054996967315674
PU-C,4,0.4,0.0,295,3000,0,299,159,458,0.17574783985037357,0.051899999999999946,2.0139306249911897,0,0,296,0.3277591973244147,0.3779264214046823,0.3944794833660126
PU-C,4,0.4,0.0,300,3000,0,304,139,443,0.17042350576957688,0.04379999999999995,2.0538603749591857,0,0,301,0.3223684210526316,0.3717105263157895,0.38307181000709534
PU-C,4,0.4,0.0,305,3000,0,309,134,443,0.17042350576957688,0.05030000000000001,2.1019552079960704,0,0,306,0.31715210355987056,0.36893203883495146,0.29662758111953735
PU-C,4,0.4,0.0,310,3000,0,314,141,455,0.1746836540987715,0.05559999999999998,2.1410150000010617,0,0,311,0.31210191082802546,0.3630573248407643,0.3246535062789917
PU-C,4,0.4,0.0,315,3000,0,319,115,434,0.16722474165726453,0.05169999999999997,2.178798665991053,0,0,316,0.3072100313479624,0.3573667711598746,0.3056942820549011
PU-C,4,0.4,0.0,320,3000,0,324,120,444,0.17077872878871858,0.05300000000000005,2.221050833002664,0,0,321,0.3055555555555556,0.3611111111111111,0.33427858352661133
PU-C,4,0.4,0.0,325,3000,0,329,71,400,0.15511078212875873,0.026100000000000012,2.259217374958098,0,0,326,0.3009118541033435,0.3556231003039514,0.39104223251342773
PU-C,4,0.4,0.0,330,3000,0,334,127,461,0.17681169032584876,0.04830000000000001,2.2956700829672627,0,0,331,0.3083832335329341,0.36227544910179643,0.37069210410118103
PU-C,4,0.4,0.0,335,3000,0,339,163,502,0.19131866691168398,0.06910000000000005,2.343888290983159,0,0,336,0.31268436578171094,0.36578171091445427,0.39664217829704285
PU-C,4,0.4,0.0,340,3000,0,344,71,415,0.1604611292714253,0.03410000000000002,2.3819978749961592,0,0,341,0.31976744186046513,0.37209302325581395,0.39455416798591614
PU-C,4,0.4,0.0,345,3000,0,349,165,514,0.1955537197063677,0.05920000000000003,2.4277313329512253,0,0,346,0.3209169054441261,0.37249283667621774,0.4187602400779724
PU-C,4,0.4,0.0,350,3000,0,354,76,430,0.16580204077763483,0.025000000000000022,2.4654648329596967,0,0,351,0.3220338983050847,0.3757062146892655,0.4197412133216858
PU-C,4,0.4,0.0,355,3000,0,359,49,408,0.15796550025697798,0.027800000000000047,2.5133522079559043,0,0,356,0.3286908077994429,0.3816155988857939,0.38348597288131714
PU-C,4,0.4,0.0,360,3000,0,364,118,482,0.18424946861341596,0.041000000000000036,2.549858915968798,0,0,361,0.32967032967032966,0.3901098901098901,0.4222779870033264
PU-C,4,0.4,0.0,365,3000,0,369,134,503,0.19167177024064586,0.046499999999999986,2.5813261249568313,0,0,366,0.32791327913279134,0.3956639566395664,0.37425822019577026
PU-C,4,0.4,0.0,370,3000,0,374,73,447,0.17184416647069156,0.02629999999999999,2.6213674579630606,0,0,371,0.32620320855614976,0.40106951871657753,0.38411322236061096
PU-C,4,0.4,0.0,375,3000,0,379,206,585,0.2205190091044642,0.08450000000000002,2.661915082950145,0,0,376,0.3324538258575198,0.40633245382585753,0.42065510153770447
PU-C,4,0.4,0.0,380,3000,0,384,178,562,0.21244820981519297,0.06679999999999997,2.702571125002578,0,0,381,0.328125,0.4036458333333333,0.5486122965812683
PU-C,4,0.4,0.0,385,3000,0,389,106,495,0.18884600239107385,0.03810000000000002,2.750796457985416,0,0,386,0.32390745501285345,0.40102827763496146,0.5210924744606018
PU-C,4,0.4,0.0,390,3000,0,394,189,583,0.21981780178612098,0.06459999999999999,2.7947022909647785,0,0,391,0.3197969543147208,0.39847715736040606,0.5553672909736633
PU-C,4,0.4,0.0,395,3000,0,399,162,561,0.21209695702418685,0.06599999999999995,2.8375938329845667,0,0,396,0.3157894736842105,0.39849624060150374,0.4948895275592804
PU-C,4,0.4,0.0,400,3000,0,404,167,571,0.21560816647252068,0.07320000000000004,2.8732024999917485,0,0,401,0.3118811881188119,0.39851485148514854,0.5819077491760254
PU-C,4,0.4,0.0,405,3000,0,409,128,537,0.20365789777133614,0.06110000000000004,2.909353207971435,0,0,406,0.3080684596577017,0.3960880195599022,0.5202399492263794
PU-C,4,0.4,0.0,410,3000,0,414,141,555,0.20998881832929328,0.046699999999999964,2.945169457991142,0,0,411,0.30676328502415456,0.39855072463768115,0.5443391799926758
PU-C,4,0.4,0.0,415,3000,0,419,97,516,0.1962591024930589,0.03859999999999997,2.982328082958702,0,0,416,0.3031026252983294,0.39856801909307876,0.5621364712715149
PU-C,4,0.4,0.0,420,3000,0,424,159,583,0.21981780178612098,0.06830000000000003,3.021374207979534,0,0,421,0.3018867924528302,0.39622641509433965,0.5322346091270447
PU-C,4,0.4,0.0,425,3000,0,429,111,540,0.204713738465216,0.06110000000000004,3.07011012500152,0,0,426,0.29836829836829837,0.3916083916083916,0.545028567314148
PU-C,4,0.4,0.0,430,3000,0,434,139,573,0.21631005924427882,0.06479999999999997,3.114610874967184,0,0,431,0.29493087557603687,0.38940092165898615,0.586998701095581
PU-C,4,0.4,0.0,435,3000,0,439,154,593,0.22332271496998146,0.06840000000000002,3.1594484579982236,0,0,436,0.2938496583143508,0.38724373576309795,0.5428419709205627
PU-C,4,0.4,0.0,440,3000,0,444,160,604,0.22717491316143423,0.07540000000000002,3.2078153749462217,0,0,441,0.2927927927927928,0.38963963963963966,0.5350691676139832
PU-C,4,0.4,0.0,445,3000,0,449,127,576,0.21736268227687106,0.06159999999999999,3.2461804159684107,0,0,446,0.29398663697104677,0.3897550111358575,0.5740265250205994
PU-C,4,0.4,0.0,450,3000,0,454,84,538,0.2040098755969666,0.04139999999999999,3.283819499949459,0,0,451,0.2907488986784141,0.3876651982378855,0.5251942276954651
PU-C,4,0.4,0.0,455,3000,0,459,95,554,0.20963735767873004,0.04930000000000001,3.321230665955227,0,0,456,0.289760348583878,0.38562091503267976,0.5195024013519287
PU-C,4,0.4,0.0,460,3000,0,464,87,551,0.20858279598178342,0.05130000000000001,3.3592140409746207,0,0,461,0.28663793103448276,0.38146551724137934,0.5400312542915344
PU-C,4,0.4,0.0,465,3000,0,469,89,558,0.2110430212924257,0.036800000000000055,3.398088624991942,0,0,466,0.2835820895522388,0.3795309168443497,0.5461649894714355
PU-C,4,0.4,0.0,470,3000,0,474,89,563,0.21279943321133032,0.043300000000000005,3.4381262499955483,0,0,471,0.2805907172995781,0.3818565400843882,0.5754609704017639
PU-C,4,0.4,0.0,475,3000,0,479,111,590,0.22227153496351093,0.06369999999999998,3.4754029999603517,0,0,476,0.2818371607515658,0.38413361169102295,0.595719575881958
PU-C,4,0.4,0.0,480,3000,0,484,43,527,0.2001364043680951,0.03090000000000004,3.511627999949269,0,0,481,0.2809917355371901,0.38636363636363635,0.5854799747467041
PU-C,4,0.4,0.0,485,3000,0,489,104,593,0.22332271496998146,0.06369999999999998,3.5488040409982204,0,0,486,0.28016359918200406,0.39059304703476483,0.6017278432846069
PU-C,4,0.4,0.0,490,3000,0,494,53,547,0.20717629184946418,0.037699999999999956,3.586706415982917,0,0,491,0.2854251012145749,0.3967611336032389,0.5767342448234558
PU-C,4,0.4,0.0,495,3000,0,499,31,530,0.2011931817396544,0.03320000000000001,3.6245819159667008,0,0,496,0.2845691382765531,0.39879759519038077,0.5716870427131653
PU-C,4,0.4,0.0,500,3000,0,504,72,576,0.21736268227687106,0.042300000000000004,3.6625629999907687,0,0,501,0.28174603174603174,0.3968253968253968,0.5301657915115356
PU-C,4,0.4,0.0,505,3000,0,509,26,535,0.20295384910423309,0.03069999999999995,3.7003259159973823,0,0,506,0.28487229862475444,0.40078585461689586,0.5691633820533752
PU-C,4,0.4,0.0,510,3000,0,514,34,548,0.20752796321175992,0.038900000000000046,3.739587790973019,0,0,511,0.2821011673151751,0.3968871595330739,0.5476527214050293
PU-C,4,0.4,0.0,515,3000,0,519,26,545,0.20647285785526037,0.03410000000000002,3.781233790970873,0,0,516,0.279383429672447,0.3930635838150289,0.5737723708152771
PU-C,4,0.4,0.0,520,3000,0,524,97,621,0.23312185192480683,0.06389999999999996,3.8246148329926655,0,0,521,0.2862595419847328,0.3988549618320611,0.5617693662643433
PU-C,4,0.4,0.0,525,3000,0,529,101,630,0.23626712389523163,0.06820000000000004,3.872291415988002,0,0,526,0.2835538752362949,0.39697542533081287,0.58817458152771
PU-C,4,0.4,0.0,530,3000,0,534,12,546,0.20682459004456177,0.03520000000000001,3.918520040984731,0,0,531,0.28277153558052437,0.3951310861423221,0.6598555445671082
PU-C,4,0.4,0.0,535,3000,0,539,35,574,0.21666096238186583,0.04239999999999999,3.9677581249852665,0,0,536,0.287569573283859,0.39888682745825604,0.6548134684562683
PU-C,4,0.4,0.0,539,3000,0,543,0,543,0.2057693019742146,0.02200000000000002,4.011841415951494,1,0,540,0.292817679558011,0.40331491712707185,0.5578933954238892
PU-F,4,0.4,0.0,0,3000,0,4,523,527,0.2001364043680951,0.14600000000000002,0.010729582980275154,0,0,1,0.0,0.25,0.6063233017921448
PU-F,4,0.4,0.0,5,3000,0,9,440,449,0.17255426640622318,0.08099999999999996,0.09886287502013147,0,0,6,0.2222222222222222,0.3333333333333333,0.5337089896202087
PU-F,4,0.4,0.0,10,3000,0,14,418,432,0.16651347110746428,0.10709999999999997,0.1617214169818908,0,0,11,0.5,0.5714285714285714,0.6682919859886169
PU-F,4,0.4,0.0,15,3000,0,19,527,546,0.20682459004456177,0.1542,0.23796058300649747,0,0,16,0.47368421052631576,0.5263157894736842,0.6556766033172607
PU-F,4,0.4,0.0,20,3000,0,24,783,807,0.29772959247929975,0.19510000000000005,0.29119587497552857,0,0,21,0.375,0.4166666666666667,0.6890465617179871
PU-F,4,0.4,0.0,25,3000,0,29,460,489,0.18672525027068332,0.13370000000000004,0.33208474999992177,0,0,26,0.4482758620689655,0.4827586206896552,0.6586124897003174
PU-F,4,0.4,0.0,30,3000,0,34,520,554,0.20963735767873004,0.11609999999999998,0.3696293330285698,0,0,31,0.47058823529411764,0.5,0.6561887264251709
PU-F,4,0.4,0.0,35,3000,0,39,514,553,0.2092858671094291,0.15139999999999998,0.40889741701539606,0,0,36,0.41025641025641024,0.46153846153846156,0.6532758474349976
PU-F,4,0.4,0.0,40,3000,0,44,621,665,0.24847896862775087,0.14170000000000005,0.4829170419834554,0,0,41,0.4090909090909091,0.45454545454545453,0.691856324672699
PU-F,4,0.4,0.0,45,3000,0,49,463,512,0.19484820670913905,0.1331,0.5578499169787392,0,0,46,0.4489795918367347,0.4897959183673469,0.6513603925704956
PU-F,4,0.4,0.0,50,3000,0,54,582,636,0.23836279823444784,0.13880000000000003,0.6360843750298955,0,0,51,0.5,0.5370370370370371,0.7076641917228699
PU-F,4,0.4,0.0,55,3000,0,59,415,474,0.18141789734363556,0.11019999999999996,0.7213181669940241,0,0,56,0.5084745762711864,0.5423728813559322,0.6423810124397278
PU-F,4,0.4,0.0,60,3000,0,64,606,670,0.2502210171078332,0.1391,0.8027209169813432,0,0,61,0.484375,0.515625,0.6988533735275269
PU-F,4,0.4,0.0,65,3000,0,69,547,616,0.23137355543440208,0.13370000000000004,0.8682484999881126,0,0,66,0.4492753623188406,0.4782608695652174,0.6346040964126587
PU-F,4,0.4,0.0,70,3000,0,74,586,660,0.24673630471806973,0.138,0.9537995830178261,0,0,71,0.4189189189189189,0.44594594594594594,0.6972442865371704
PU-F,4,0.4,0.0,75,3000,0,79,529,608,0.22857489221496508,0.13060000000000005,1.050987750000786,0,0,76,0.3924050632911392,0.4177215189873418,0.639694094657898
PU-F,4,0.4,0.0,80,3000,0,84,554,638,0.239061149652116,0.1291,1.1180170829757117,0,0,81,0.36904761904761907,0.39285714285714285,0.6795060634613037
PU-F,4,0.4,0.0,85,3000,0,89,471,560,0.21174567472189665,0.1079,1.1949202920077369,0,0,86,0.34831460674157305,0.3707865168539326,0.637991726398468
PU-F,4,0.4,0.0,90,3000,0,94,530,624,0.23417051223805174,0.12390000000000001,1.2627016250044107,0,0,91,0.3404255319148936,0.3617021276595745,0.6679711937904358
PU-F,4,0.4,0.0,95,3000,0,99,449,548,0.20752796321175992,0.10140000000000005,1.3474807920283638,0,0,96,0.3434343434343434,0.36363636363636365,0.6353613138198853
PU-F,4,0.4,0.0,100,3000,0,104,511,615,0.23102381633361802,0.11229999999999996,1.4296193749760278,0,0,101,0.3269230769230769,0.34615384615384615,0.6629726886749268
PU-F,4,0.4,0.0,105,3000,0,109,448,557,0.21069165004882962,0.09809999999999997,1.5115807080292143,0,0,106,0.3119266055045872,0.3302752293577982,0.635360836982727
PU-F,4,0.4,0.0,110,3000,0,114,515,629,0.23591775394743308,0.11439999999999995,1.5783476670039818,0,0,111,0.3333333333333333,0.3508771929824561,0.6817752718925476
PU-F,4,0.4,0.0,115,3000,0,119,434,553,0.2092858671094291,0.09630000000000005,1.6615002080216072,0,0,116,0.35294117647058826,0.3697478991596639,0.638512909412384
PU-F,4,0.4,0.0,120,3000,0,124,499,623,0.2338209851877764,0.1099,1.7596470420248806,0,0,121,0.3790322580645161,0.3951612903225806,0.6797687411308289
PU-F,4,0.4,0.0,125,3000,0,129,434,563,0.21279943321133032,0.1431,1.8413081250037067,0,0,126,0.3875968992248062,0.40310077519379844,0.6786967515945435
PU-F,4,0.4,0.0,130,3000,0,134,440,574,0.21666096238186583,0.10840000000000005,1.9187493749777786,0,0,131,0.373134328358209,0.39552238805970147,0.6075116991996765
PU-F,4,0.4,0.0,135,3000,0,139,539,678,0.25300702633103356,0.12939999999999996,2.000033500022255,0,0,136,0.37410071942446044,0.39568345323741005,0.6649460196495056
PU-F,4,0.4,0.0,140,3000,0,144,433,577,0.21771349920891225,0.09519999999999995,2.086684708017856,0,0,141,0.3611111111111111,0.3819444444444444,0.5724056959152222
PU-F,4,0.4,0.0,145,3000,0,149,520,669,0.24987265636445954,0.12480000000000002,2.172446125012357,0,0,146,0.348993288590604,0.3691275167785235,0.6013548970222473
PU-F,4,0.4,0.0,150,3000,0,154,394,548,0.20752796321175992,0.08799999999999997,2.257288500026334,0,0,151,0.35064935064935066,0.37012987012987014,0.5324402451515198
PU-F,4,0.4,0.0,155,3000,0,159,478,637,0.23871198680717498,0.11119999999999997,2.3382493749959394,0,0,156,0.34591194968553457,0.36477987421383645,0.585303544998169
PU-F,4,0.4,0.0,160,3000,0,164,444,608,0.22857489221496508,0.10170000000000001,2.409182375005912,0,0,161,0.3353658536585366,0.35365853658536583,0.49301812052726746
PU-F,4,0.4,0.0,165,3000,0,169,330,499,0.19025915587553754,0.08320000000000005,2.4840103330207057,0,0,166,0.3254437869822485,0.34911242603550297,0.49678272008895874
PU-F,4,0.4,0.0,170,3000,0,174,266,440,0.16935760364867747,0.06620000000000004,2.557479917013552,0,0,171,0.3160919540229885,0.3390804597701149,0.4776008725166321
PU-F,4,0.4,0.0,175,3000,0,179,415,594,0.22367305267835036,0.09489999999999998,2.634049042011611,0,0,176,0.31843575418994413,0.3407821229050279,0.4832456707954407
PU-F,4,0.4,0.0,180,3000,0,184,299,483,0.1846032562898472,0.06630000000000003,2.697893082979135,0,0,181,0.32065217391304346,0.3423913043478261,0.46746185421943665
PU-F,4,0.4,0.0,185,3000,0,189,286,475,0.18177196802571416,0.06869999999999998,2.7629437500145286,0,0,186,0.32275132275132273,0.3439153439153439,0.4805471897125244
PU-F,4,0.4,0.0,190,3000,0,194,343,537,0.20365789777133614,0.07579999999999998,2.82971333299065,0,0,191,0.3247422680412371,0.34536082474226804,0.4437430799007416
PU-F,4,0.4,0.0,195,3000,0,199,251,450,0.1729092591558583,0.06810000000000005,2.8998470419901423,0,0,196,0.3165829145728643,0.3417085427135678,0.4919227063655853
PU-F,4,0.4,0.0,200,3000,0,204,216,420,0.1622424612287432,0.06740000000000002,2.960342500009574,0,0,201,0.3088235294117647,0.3382352941176471,0.5148112177848816
PU-F,4,0.4,0.0,205,3000,0,209,224,433,0.16686912631848827,0.05289999999999995,3.013460042013321,0,0,206,0.3014354066985646,0.3349282296650718,0.45606735348701477
PU-F,4,0.4,0.0,210,3000,0,214,226,440,0.16935760364867747,0.06669999999999998,3.07542808301514,0,0,211,0.29439252336448596,0.3317757009345794,0.46476516127586365
PU-F,4,0.4,0.0,215,3000,0,219,220,439,0.16900222492404282,0.05789999999999995,3.1499264580197632,0,0,216,0.3059360730593607,0.3470319634703196,0.4102291464805603
PU-F,4,0.4,0.0,220,3000,0,224,197,421,0.16259860317222774,0.05630000000000002,3.2104729170096107,0,0,221,0.30357142857142855,0.3482142857142857,0.40180346369743347
PU-F,4,0.4,0.0,225,3000,0,229,272,501,0.19096553017152473,0.057699999999999974,3.2704726670053788,0,0,226,0.29694323144104806,0.3406113537117904,0.4324096441268921
PU-F,4,0.4,0.0,230,3000,0,234,207,441,0.16971294325776398,0.04139999999999999,3.331416958011687,0,0,231,0.2948717948717949,0.33760683760683763,0.4348622262477875
PU-F,4,0.4,0.0,235,3000,0,239,212,451,0.17326421377947554,0.05179999999999996,3.388846250018105,0,0,236,0.28870292887029286,0.3305439330543933,0.44043299555778503
PU-F,4,0.4,0.0,240,3000,0,244,159,403,0.15618162660393864,0.02639999999999998,3.443457874993328,0,0,241,0.29098360655737704,0.3360655737704918,0.4782932698726654
PU-F,4,0.4,0.0,245,3000,0,249,218,467,0.17893839586758986,0.04610000000000003,3.495639792003203,0,0,246,0.2891566265060241,0.3373493975903614,0.4257410764694214
PU-F,4,0.4,0.0,250,3000,0,254,152,406,0.1572520800982602,0.03920000000000001,3.5447632080176845,0,0,251,0.29133858267716534,0.3425196850393701,0.4485858082771301
PU-F,4,0.4,0.0,255,3000,0,259,236,495,0.18884600239107385,0.05269999999999997,3.5945943749975413,0,0,256,0.2857142857142857,0.3359073359073359,0.47761085629463196
PU-F,4,0.4,0.0,260,3000,0,264,183,447,0.17184416647069156,0.05920000000000003,3.6507599580218084,0,0,261,0.2916666666666667,0.3409090909090909,0.4196323752403259
PU-F,4,0.4,0.0,265,3000,0,269,240,509,0.1937896916642785,0.06359999999999999,3.714912292023655,0,0,266,0.2936802973977695,0.34572490706319703,0.39204564690589905
PU-F,4,0.4,0.0,270,3000,0,274,169,443,0.17042350576957688,0.05459999999999998,3.7660418750019744,0,0,271,0.29927007299270075,0.354014598540146,0.3896268904209137
PU-F,4,0.4,0.0,275,3000,0,279,121,400,0.15511078212875873,0.033299999999999996,3.819447499990929,0,0,276,0.3010752688172043,0.3548387096774194,0.3344545066356659
PU-F,4,0.4,0.0,280,3000,0,284,114,398,0.154396666737739,0.030399999999999983,3.864700832986273,0,0,281,0.3028169014084507,0.35563380281690143,0.37949904799461365
PU-F,4,0.4,0.0,285,3000,0,289,102,391,0.1518958661472425,0.024499999999999966,3.907739916990977,0,0,286,0.2975778546712803,0.3494809688581315,0.3652840852737427
PU-F,4,0.4,0.0,290,3000,0,294,100,394,0.1529679055674933,0.022399999999999975,3.960018875019159,0,0,291,0.29931972789115646,0.35034013605442177,0.39405301213264465
PU-F,4,0.4,0.0,295,3000,0,299,143,442,0.17006824392592534,0.03920000000000001,4.008691292023286,0,0,296,0.29431438127090304,0.34782608695652173,0.42282426357269287
PU-F,4,0.4,0.0,300,3000,0,304,96,400,0.15511078212875873,0.022299999999999986,4.066030166985001,0,0,301,0.29605263157894735,0.34868421052631576,0.44482123851776123
PU-F,4,0.4,0.0,305,3000,0,309,148,457,0.17539314867462963,0.03090000000000004,4.123694291978609,0,0,306,0.2977346278317152,0.35275080906148865,0.40656131505966187
PU-F,4,0.4,0.0,310,3000,0,314,89,403,0.15618162660393864,0.02300000000000002,4.177720749983564,0,0,311,0.2961783439490446,0.3503184713375796,0.43436023592948914
PU-F,4,0.4,0.0,315,3000,0,319,108,427,0.16473459382541478,0.01959999999999995,4.220096833014395,0,0,316,0.30407523510971785,0.3573667711598746,0.5082566142082214
PU-F,4,0.4,0.0,320,3000,0,324,57,381,0.1483194487518631,0.025800000000000045,4.261971083004028,0,0,321,0.30864197530864196,0.3611111111111111,0.4676029682159424
PU-F,4,0.4,0.0,325,3000,0,329,114,443,0.17042350576957688,0.03210000000000002,4.307029917021282,0,0,326,0.3100303951367781,0.3617021276595745,0.48918431997299194
PU-F,4,0.4,0.0,330,3000,0,334,82,416,0.1608174790162593,0.02410000000000001,4.3600915420101956,0,0,331,0.30538922155688625,0.3562874251497006,0.45695173740386963
PU-F,4,0.4,0.0,335,3000,0,339,77,416,0.1608174790162593,0.016700000000000048,4.411522666981909,0,0,336,0.30383480825958703,0.35398230088495575,0.43666550517082214
PU-F,4,0.4,0.0,340,3000,0,344,94,438,0.16864680708386004,0.0484,4.448653125029523,0,0,341,0.30523255813953487,0.35755813953488375,0.5241017937660217
PU-F,4,0.4,0.0,345,3000,0,349,57,406,0.1572520800982602,0.022299999999999986,4.495623291993979,0,0,346,0.30659025787965616,0.35816618911174786,0.5769886374473572
PU-F,4,0.4,0.0,350,3000,0,354,79,433,0.16686912631848827,0.019199999999999995,4.5429919169982895,0,0,351,0.3022598870056497,0.3559322033898305,0.514851987361908
PU-F,4,0.4,0.0,355,3000,0,359,70,429,0.16544626542599872,0.025699999999999945,4.5954416249878705,0,0,356,0.30362116991643456,0.3593314763231198,0.543973982334137
PU-F,4,0.4,0.0,360,3000,0,364,63,427,0.16473459382541478,0.029299999999999993,4.642481875023805,0,0,361,0.3021978021978022,0.35714285714285715,0.5183116793632507
PU-F,4,0.4,0.0,365,3000,0,369,43,412,0.15939182799775153,0.021299999999999986,4.692750792019069,0,0,366,0.3008130081300813,0.35772357723577236,0.5658999085426331
PU-F,4,0.4,0.0,370,3000,0,374,73,447,0.17184416647069156,0.02859999999999996,4.730389916978311,0,0,371,0.2967914438502674,0.35561497326203206,0.573634684085846
PU-F,4,0.4,0.0,375,3000,0,379,63,442,0.17006824392592534,0.022599999999999953,4.770931917009875,0,0,376,0.2955145118733509,0.3562005277044855,0.5713866949081421
PU-F,4,0.4,0.0,380,3000,0,384,53,437,0.16829134989529848,0.012800000000000034,4.815145667002071,0,0,381,0.296875,0.359375,0.5622269511222839
PU-F,4,0.4,0.0,385,3000,0,389,44,433,0.16686912631848827,0.011199999999999988,4.863615125010256,0,0,386,0.2982005141388175,0.35989717223650386,0.5013279914855957
PU-F,4,0.4,0.0,390,3000,0,394,48,442,0.17006824392592534,0.03320000000000001,4.945534625032451,0,0,391,0.3020304568527919,0.3629441624365482,0.5283706784248352
PU-F,4,0.4,0.0,395,3000,0,399,28,427,0.16473459382541478,0.020399999999999974,4.992062208009884,0,0,396,0.3007518796992481,0.3609022556390977,0.5426868200302124
PU-F,4,0.4,0.0,400,3000,0,404,37,441,0.16971294325776398,0.027699999999999947,5.030895542004146,0,0,401,0.30198019801980197,0.3613861386138614,0.6003164052963257
PU-F,4,0.4,0.0,405,3000,0,409,22,431,0.1661577759659849,0.01970000000000005,5.075408958015032,0,0,406,0.30317848410757947,0.36185819070904646,0.5707131028175354
PU-F,4,0.4,0.0,410,3000,0,414,33,447,0.17184416647069156,0.007499999999999951,5.127920667000581,0,0,411,0.2995169082125604,0.357487922705314,0.5010256171226501
PU-F,4,0.4,0.0,415,3000,0,419,23,442,0.17006824392592534,0.014399999999999968,5.1829446670017205,0,0,416,0.30071599045346065,0.35799522673031026,0.5631500482559204
PU-F,4,0.4,0.0,420,3000,0,424,76,500,0.19061235984554514,0.0363,5.225931417022366,0,0,421,0.29952830188679247,0.3561320754716981,0.6048944592475891
PU-F,4,0.4,0.0,425,3000,0,429,25,454,0.174328850582242,0.01739999999999997,5.269897916994523,0,0,426,0.29836829836829837,0.3543123543123543,0.534392237663269
PU-F,4,0.4,0.0,430,3000,0,434,40,474,0.18141789734363556,0.012700000000000045,5.317158500023652,0,0,431,0.29493087557603687,0.35253456221198154,0.5492255687713623
PU-F,4,0.4,0.0,435,3000,0,439,33,472,0.1807096485281363,0.0232,5.381484917015769,0,0,436,0.296127562642369,0.357630979498861,0.5272839069366455
PU-F,4,0.4,0.0,440,3000,0,444,35,479,0.18318789481418207,0.005099999999999993,5.425690042029601,0,0,441,0.2927927927927928,0.3581081081081081,0.6300886869430542
PU-F,4,0.4,0.0,445,3000,0,449,36,485,0.18531072669429705,0.0131,5.476335583021864,0,0,446,0.2962138084632517,0.36080178173719374,0.5273625254631042
PU-F,4,0.4,0.0,450,3000,0,454,34,488,0.18637167132692412,0.022800000000000042,5.527217250026297,0,0,451,0.29955947136563876,0.3656387665198238,0.5853363871574402
PU-F,4,0.4,0.0,455,3000,0,459,58,517,0.1966117451665923,0.05020000000000002,5.567684083012864,0,0,456,0.2984749455337691,0.3660130718954248,0.5239197611808777
PU-F,4,0.4,0.0,460,3000,0,464,38,502,0.19131866691168398,0.03159999999999996,5.609738125000149,0,0,461,0.2974137931034483,0.36637931034482757,0.526699960231781
PU-F,4,0.4,0.0,465,3000,0,469,15,484,0.18495700892526656,0.01859999999999995,5.650491666980088,0,0,466,0.29637526652452023,0.36673773987206826,0.5179728269577026
PU-F,4,0.4,0.0,470,3000,0,474,11,485,0.18531072669429705,0.01959999999999995,5.699422332982067,0,0,471,0.2974683544303797,0.37341772151898733,0.6018551588058472
PU-F,4,0.4,0.0,475,3000,0,479,20,499,0.19025915587553754,0.018299999999999983,5.746862542000599,0,0,476,0.29436325678496866,0.3778705636743215,0.5207799077033997
PU-F,4,0.4,0.0,480,3000,0,484,29,513,0.19520097953500226,0.03159999999999996,5.798807582992595,0,0,481,0.29545454545454547,0.38016528925619836,0.6044511198997498
PU-F,4,0.4,0.0,485,3000,0,489,16,505,0.19237787678139284,0.016900000000000026,5.877040292019956,0,0,486,0.2965235173824131,0.3803680981595092,0.6533320546150208
PU-F,4,0.4,0.0,490,3000,0,494,21,515,0.1959064273396507,0.02410000000000001,5.92419874999905,0,0,491,0.29959514170040485,0.3825910931174089,0.6634381413459778
PU-F,4,0.4,0.0,495,3000,0,499,19,518,0.1969643555348739,0.01649999999999996,5.969236625009216,0,0,496,0.2985971943887776,0.38276553106212424,0.6537272930145264
PU-F,4,0.4,0.0,500,3000,0,504,9,513,0.19520097953500226,0.02949999999999997,6.015252250013873,0,0,501,0.2976190476190476,0.38492063492063494,0.6176313757896423
PU-F,4,0.4,0.0,505,3000,0,509,21,530,0.2011931817396544,0.029299999999999993,6.0628125829971395,0,0,506,0.2966601178781925,0.3889980353634578,0.6781590580940247
PU-F,4,0.4,0.0,510,3000,0,514,8,522,0.1983744747703895,0.019100000000000006,6.1060203749802895,0,0,511,0.29961089494163423,0.39105058365758755,0.6594467163085938
PU-F,4,0.4,0.0,515,3000,0,519,3,522,0.1983744747703895,0.020199999999999996,6.150008500029799,0,0,516,0.30057803468208094,0.3930635838150289,0.669273853302002
PU-F,4,0.4,0.0,520,3000,0,524,8,532,0.20189754257444292,0.03700000000000003,6.1922329170047306,0,0,521,0.3015267175572519,0.3950381679389313,0.7073959708213806
PU-F,4,0.4,0.0,524,3000,0,528,0,528,0.20048869505990297,0.01529999999999998,6.226601583010051,1,0,525,0.30113636363636365,0.3958333333333333,0.6986564993858337
PU-G,4,0.4,0.0,0,3000,0,4,490,494,0.18849262921139598,0.13370000000000004,0.007994875020813197,0,0,1,0.0,0.25,0.7800241112709045
PU-G,4,0.4,0.0,5,3000,0,9,470,479,0.18318789481418207,0.09950000000000003,0.0726215000031516,0,0,6,0.0,0.1111111111111111,0.6444657444953918
PU-G,4,0.4,0.0,10,3000,0,14,281,295,0.11735166853759438,0.05510000000000004,0.14413349999813363,0,0,11,0.21428571428571427,0.2857142857142857,0.6648948788642883
PU-G,4,0.4,0.0,15,3000,0,19,365,384,0.1493928559939377,0.08650000000000002,0.2078076250036247,0,0,16,0.3684210526315789,0.42105263157894735,0.7424293160438538
PU-G,4,0.4,0.0,20,3000,0,24,531,555,0.20998881832929328,0.10799999999999998,0.266922417038586,0,0,21,0.5,0.5416666666666666,0.7742916345596313
PU-G,4,0.4,0.0,25,3000,0,29,380,409,0.15832214610418305,0.09770000000000001,0.2987843329901807,0,0,26,0.5862068965517241,0.6206896551724138,0.793666422367096
PU-G,4,0.4,0.0,30,3000,0,34,629,663,0.2477819771738723,0.14149999999999996,0.33125566702801734,0,0,31,0.5882352941176471,0.6176470588235294,0.8176639676094055
PU-G,4,0.4,0.0,35,3000,0,39,422,461,0.17681169032584876,0.11760000000000004,0.399210250005126,0,0,36,0.5128205128205128,0.5384615384615384,0.8174167275428772
PU-G,4,0.4,0.0,40,3000,0,44,654,698,0.2599653310608119,0.1512,0.46570749999955297,0,0,41,0.45454545454545453,0.4772727272727273,0.822404682636261
PU-G,4,0.4,0.0,45,3000,0,49,430,479,0.18318789481418207,0.1199,0.5398072079988196,0,0,46,0.40816326530612246,0.42857142857142855,0.8226632475852966
PU-G,4,0.4,0.0,50,3000,0,54,646,700,0.2606606413028203,0.14870000000000005,0.607846042024903,0,0,51,0.37037037037037035,0.3888888888888889,0.8180637955665588
PU-G,4,0.4,0.0,55,3000,0,59,410,469,0.1796470055123791,0.11329999999999996,0.675496458017733,0,0,56,0.3389830508474576,0.3728813559322034,0.818976104259491
PU-G,4,0.4,0.0,60,3000,0,64,588,652,0.24394675059011206,0.1331,0.7414854580420069,0,0,61,0.3125,0.34375,0.8042384386062622
PU-G,4,0.4,0.0,65,3000,0,69,381,450,0.1729092591558583,0.10119999999999996,0.8130260829930194,0,0,66,0.2898550724637681,0.3188405797101449,0.8089082837104797
PU-G,4,0.4,0.0,70,3000,0,74,551,625,0.23452001297846437,0.12250000000000005,0.8905399580253288,0,0,71,0.28378378378378377,0.3108108108108108,0.7924376130104065
PU-G,4,0.4,0.0,75,3000,0,79,374,453,0.1739740094053559,0.10009999999999997,0.9486072920262814,0,0,76,0.26582278481012656,0.3037974683544304,0.8201590776443481
PU-G,4,0.4,0.0,80,3000,0,84,498,582,0.21946715575177222,0.11609999999999998,1.0251664580428042,0,0,81,0.25,0.2857142857142857,0.7935737371444702
PU-G,4,0.4,0.0,85,3000,0,89,358,447,0.17184416647069156,0.09570000000000001,1.0916763330460526,0,0,86,0.23595505617977527,0.29213483146067415,0.8204784393310547
PU-G,4,0.4,0.0,90,3000,0,94,463,557,0.21069165004882962,0.10470000000000002,1.1501868329942226,0,0,91,0.22340425531914893,0.2765957446808511,0.7839928269386292
PU-G,4,0.4,0.0,95,3000,0,99,339,438,0.16864680708386004,0.09240000000000004,1.220081542036496,0,0,96,0.25252525252525254,0.30303030303030304,0.8126996755599976
PU-G,4,0.4,0.0,100,3000,0,104,458,562,0.21244820981519297,0.10319999999999996,1.2870780000230297,0,0,101,0.2403846153846154,0.28846153846153844,0.785155177116394
PU-G,4,0.4,0.0,105,3000,0,109,331,440,0.16935760364867747,0.09099999999999997,1.356691166991368,0,0,106,0.23853211009174313,0.28440366972477066,0.8101276159286499
PU-G,4,0.4,0.0,110,3000,0,114,451,565,0.2135017917607911,0.10019999999999996,1.435085125034675,0,0,111,0.24561403508771928,0.2894736842105263,0.7838300466537476
PU-G,4,0.4,0.0,115,3000,0,119,319,438,0.16864680708386004,0.08830000000000005,1.5010467920219526,0,0,116,0.23529411764705882,0.2857142857142857,0.8044032454490662
PU-G,4,0.4,0.0,120,3000,0,124,413,537,0.20365789777133614,0.09189999999999998,1.5701245830277912,0,0,121,0.24193548387096775,0.29838709677419356,0.7735641598701477
PU-G,4,0.4,0.0,125,3000,0,129,443,572,0.21595912729389966,0.14559999999999995,1.6282939580269158,0,0,126,0.24031007751937986,0.29457364341085274,0.8562679886817932
PU-G,4,0.4,0.0,130,3000,0,134,479,613,0.2303242579801008,0.10750000000000004,1.6984944580472074,0,0,131,0.23134328358208955,0.2835820895522388,0.7788268327713013
PU-G,4,0.4,0.0,135,3000,0,139,405,544,0.2061210952233523,0.07589999999999997,1.7794655830366537,0,0,136,0.22302158273381295,0.2733812949640288,0.6877515912055969
PU-G,4,0.4,0.0,140,3000,0,144,367,511,0.1944954011705704,0.0695,1.8652357080136426,0,0,141,0.2152777777777778,0.2708333333333333,0.6828452348709106
PU-G,4,0.4,0.0,145,3000,0,149,367,516,0.1962591024930589,0.07179999999999997,1.941359749995172,0,0,146,0.21476510067114093,0.2751677852348993,0.6264809370040894
PU-G,4,0.4,0.0,150,3000,0,154,411,565,0.2135017917607911,0.08240000000000003,2.02610449999338,0,0,151,0.21428571428571427,0.2792207792207792,0.6362417936325073
PU-G,4,0.4,0.0,155,3000,0,159,277,436,0.16793585335835814,0.04569999999999996,2.102558292041067,0,0,156,0.20754716981132076,0.2830188679245283,0.6255351901054382
PU-G,4,0.4,0.0,160,3000,0,164,361,525,0.19943172798957676,0.07150000000000001,2.1638432500185445,0,0,161,0.20121951219512196,0.2865853658536585,0.5717018842697144
PU-G,4,0.4,0.0,165,3000,0,169,224,393,0.15261060395278037,0.02629999999999999,2.232622458017431,0,0,166,0.1952662721893491,0.28402366863905326,0.5363103747367859
PU-G,4,0.4,0.0,170,3000,0,174,323,497,0.189552646887023,0.06799999999999995,2.2972378749982454,0,0,171,0.1896551724137931,0.27586206896551724,0.5206252336502075
PU-G,4,0.4,0.0,175,3000,0,179,337,516,0.1962591024930589,0.05989999999999995,2.35349958302686,0,0,176,0.18435754189944134,0.2681564245810056,0.5282304286956787
PU-G,4,0.4,0.0,180,3000,0,184,177,361,0.14115248969756067,0.03210000000000002,2.4055634580436163,0,0,181,0.1793478260869565,0.266304347826087,0.4970945119857788
PU-G,4,0.4,0.0,185,3000,0,189,356,545,0.20647285785526037,0.07579999999999998,2.4593823330360465,0,0,186,0.18518518518518517,0.2751322751322751,0.5233452916145325
PU-G,4,0.4,0.0,190,3000,0,194,178,372,0.14509669656399637,0.03539999999999999,2.5158072499907576,0,0,191,0.18556701030927836,0.27835051546391754,0.4620424509048462
PU-G,4,0.4,0.0,195,3000,0,199,254,453,0.1739740094053559,0.04820000000000002,2.56589220801834,0,0,196,0.18592964824120603,0.27638190954773867,0.46747538447380066
PU-G,4,0.4,0.0,200,3000,0,204,250,454,0.174328850582242,0.06059999999999999,2.6237351670279168,0,0,201,0.19117647058823528,0.28431372549019607,0.46926912665367126
PU-G,4,0.4,0.0,205,3000,0,209,194,403,0.15618162660393864,0.03359999999999996,2.6757392919971608,0,0,206,0.19138755980861244,0.2822966507177033,0.471497505903244
PU-G,4,0.4,0.0,210,3000,0,214,201,415,0.1604611292714253,0.03749999999999998,2.7313198749907315,0,0,211,0.18691588785046728,0.2757009345794392,0.49846726655960083
PU-G,4,0.4,0.0,215,3000,0,219,330,549,0.20787960436427966,0.07430000000000003,2.781467791995965,0,0,216,0.1872146118721461,0.273972602739726,0.5219826698303223
PU-G,4,0.4,0.0,220,3000,0,224,186,410,0.158678749226965,0.037900000000000045,2.8417059580096975,0,0,221,0.18303571428571427,0.26785714285714285,0.4440172016620636
PU-G,4,0.4,0.0,225,3000,0,229,175,404,0.15653848770307377,0.03049999999999997,2.903396417037584,0,0,226,0.18340611353711792,0.2663755458515284,0.45311668515205383
PU-G,4,0.4,0.0,230,3000,0,234,191,425,0.16402276017470285,0.03159999999999996,2.9570857500075363,0,0,231,0.18376068376068377,0.26495726495726496,0.49509602785110474
PU-G,4,0.4,0.0,235,3000,0,239,230,469,0.1796470055123791,0.04849999999999999,3.007384500000626,0,0,236,0.18828451882845187,0.26778242677824265,0.5038012266159058
PU-G,4,0.4,0.0,240,3000,0,244,300,544,0.2061210952233523,0.06789999999999996,3.060057708004024,0,0,241,0.1885245901639344,0.26639344262295084,0.5203227996826172
PU-G,4,0.4,0.0,245,3000,0,249,172,421,0.16259860317222774,0.02939999999999998,3.1166297500021756,0,0,246,0.19678714859437751,0.27309236947791166,0.4578177332878113
PU-G,4,0.4,0.0,250,3000,0,254,227,481,0.18389564589597285,0.046699999999999964,3.178952542017214,0,0,251,0.2125984251968504,0.2874015748031496,0.4495825469493866
PU-G,4,0.4,0.0,255,3000,0,259,207,466,0.17858403647551313,0.06169999999999998,3.240556375007145,0,0,256,0.21621621621621623,0.28957528957528955,0.4384334683418274
PU-G,4,0.4,0.0,260,3000,0,264,247,511,0.1944954011705704,0.0484,3.2919728330452926,0,0,261,0.2196969696969697,0.2916666666666667,0.41873618960380554
PU-G,4,0.4,0.0,265,3000,0,269,194,463,0.17752073903102428,0.041100000000000025,3.3485957920202054,0,0,266,0.22304832713754646,0.29739776951672864,0.42655855417251587
PU-G,4,0.4,0.0,270,3000,0,274,184,458,0.17574783985037357,0.034499999999999975,3.408955833001528,0,0,271,0.21897810218978103,0.291970802919708,0.4340902864933014
PU-G,4,0.4,0.0,275,3000,0,279,169,448,0.1721992355887778,0.043200000000000016,3.4724414580268785,0,0,276,0.21863799283154123,0.2903225806451613,0.4510743319988251
PU-G,4,0.4,0.0,280,3000,0,284,208,492,0.18778578046476468,0.036699999999999955,3.5289534580078907,0,0,281,0.2147887323943662,0.2852112676056338,0.39770472049713135
PU-G,4,0.4,0.0,285,3000,0,289,213,502,0.19131866691168398,0.04690000000000005,3.585480917012319,0,0,286,0.21453287197231835,0.2837370242214533,0.40856531262397766
PU-G,4,0.4,0.0,290,3000,0,294,211,505,0.19237787678139284,0.043200000000000016,3.646807750046719,0,0,291,0.2108843537414966,0.2789115646258503,0.35404908657073975
PU-G,4,0.4,0.0,295,3000,0,299,167,466,0.17858403647551313,0.0252,3.7148403330356814,0,0,296,0.21070234113712374,0.27759197324414714,0.37170884013175964
PU-G,4,0.4,0.0,300,3000,0,304,175,479,0.18318789481418207,0.030000000000000027,3.7711691250442527,0,0,301,0.20723684210526316,0.2730263157894737,0.3853321075439453
PU-G,4,0.4,0.0,305,3000,0,309,272,581,0.2191164813702926,0.05920000000000003,3.8296869579935446,0,0,306,0.21035598705501618,0.2750809061488673,0.3817017674446106
PU-G,4,0.4,0.0,310,3000,0,314,205,519,0.1973169335979037,0.04259999999999997,3.888077208015602,0,0,311,0.21019108280254778,0.27388535031847133,0.39052706956863403
PU-G,4,0.4,0.0,315,3000,0,319,182,501,0.19096553017152473,0.03649999999999998,3.9397541669895872,0,0,316,0.21003134796238246,0.2727272727272727,0.3763342499732971
PU-G,4,0.4,0.0,320,3000,0,324,181,505,0.19237787678139284,0.03280000000000005,4.001992125005927,0,0,321,0.20679012345679013,0.26851851851851855,0.37522655725479126
PU-G,4,0.4,0.0,325,3000,0,329,163,492,0.18778578046476468,0.02839999999999998,4.06300987501163,0,0,326,0.20364741641337386,0.2674772036474164,0.3363744914531708
PU-G,4,0.4,0.0,330,3000,0,334,126,460,0.17645711061777547,0.0232,4.120275458029937,0,0,331,0.20359281437125748,0.26646706586826346,0.34224480390548706
PU-G,4,0.4,0.0,335,3000,0,339,124,463,0.17752073903102428,0.019100000000000006,4.177962042042054,0,0,336,0.20058997050147492,0.26253687315634217,0.34523072838783264
PU-G,4,0.4,0.0,340,3000,0,344,157,501,0.19096553017152473,0.03290000000000004,4.233110625005793,0,0,341,0.19767441860465115,0.25872093023255816,0.3355664014816284
PU-G,4,0.4,0.0,345,3000,0,349,147,496,0.18919934157747775,0.0262,4.283249250031076,0,0,346,0.1977077363896848,0.2607449856733524,0.3582509160041809
PU-G,4,0.4,0.0,350,3000,0,354,147,501,0.19096553017152473,0.026499999999999968,4.340853542031255,0,0,351,0.20056497175141244,0.2655367231638418,0.359607070684433
PU-G,4,0.4,0.0,355,3000,0,359,178,537,0.20365789777133614,0.03490000000000004,4.39909079199424,0,0,356,0.1977715877437326,0.2646239554317549,0.35060030221939087
PU-G,4,0.4,0.0,360,3000,0,364,129,493,0.1881392219220288,0.01849999999999996,4.452893667039461,0,0,361,0.1978021978021978,0.26373626373626374,0.3551083207130432
PU-G,4,0.4,0.0,365,3000,0,369,161,530,0.2011931817396544,0.03480000000000005,4.508778624993283,0,0,366,0.1978319783197832,0.26287262872628725,0.3858796954154968
PU-G,4,0.4,0.0,370,3000,0,374,132,506,0.19273088016780093,0.02190000000000003,4.556137875013519,0,0,371,0.19786096256684493,0.2647058823529412,0.3664195239543915
PU-G,4,0.4,0.0,375,3000,0,379,154,533,0.202249675989151,0.034599999999999964,4.612765792000573,0,0,376,0.19525065963060687,0.2612137203166227,0.360976904630661
PU-G,4,0.4,0.0,380,3000,0,384,90,474,0.18141789734363556,0.020499999999999963,4.669620125030633,0,0,381,0.1953125,0.2604166666666667,0.3589819073677063
PU-G,4,0.4,0.0,385,3000,0,389,126,515,0.1959064273396507,0.022299999999999986,4.725757625012193,0,0,386,0.1928020565552699,0.2622107969151671,0.3841133713722229
PU-G,4,0.4,0.0,390,3000,0,394,102,496,0.18919934157747775,0.019100000000000006,4.776441082998645,0,0,391,0.19035532994923857,0.25888324873096447,0.3929004967212677
PU-G,4,0.4,0.0,395,3000,0,399,109,508,0.19343678752193227,0.013800000000000034,4.82230525003979,0,0,396,0.18796992481203006,0.2556390977443609,0.39942675828933716
PU-G,4,0.4,0.0,400,3000,0,404,133,537,0.20365789777133614,0.02859999999999996,4.878367541998159,0,0,401,0.18564356435643564,0.2524752475247525,0.39128780364990234
PU-G,4,0.4,0.0,405,3000,0,409,117,526,0.19978408206952736,0.02290000000000003,4.939636625000276,0,0,406,0.18337408312958436,0.24938875305623473,0.3937299847602844
PU-G,4,0.4,0.0,410,3000,0,414,103,517,0.1966117451665923,0.012199999999999989,4.997985708003398,0,0,411,0.18115942028985507,0.2463768115942029,0.40435928106307983
PU-G,4,0.4,0.0,415,3000,0,419,114,533,0.202249675989151,0.023399999999999976,5.046728582994547,0,0,416,0.17899761336515513,0.24343675417661098,0.40972110629081726
PU-G,4,0.4,0.0,420,3000,0,424,103,527,0.2001364043680951,0.02100000000000002,5.096820458013099,0,0,421,0.17688679245283018,0.24056603773584906,0.4139609634876251
PU-G,4,0.4,0.0,425,3000,0,429,106,535,0.20295384910423309,0.02739999999999998,5.143685457995161,0,0,426,0.17715617715617715,0.2400932400932401,0.4155122637748718
PU-G,4,0.4,0.0,430,3000,0,434,84,518,0.1969643555348739,0.018299999999999983,5.190657875034958,0,0,431,0.17972350230414746,0.24423963133640553,0.43126344680786133
PU-G,4,0.4,0.0,435,3000,0,439,86,525,0.19943172798957676,0.011099999999999999,5.246512708021328,0,0,436,0.17995444191343962,0.2437357630979499,0.43401381373405457
PU-G,4,0.4,0.0,440,3000,0,444,83,527,0.2001364043680951,0.013399999999999967,5.302276041998994,0,0,441,0.18468468468468469,0.24774774774774774,0.4270069897174835
PU-G,4,0.4,0.0,445,3000,0,449,81,530,0.2011931817396544,0.01880000000000004,5.3573445419897325,0,0,446,0.18262806236080179,0.24944320712694878,0.4326491057872772
PU-G,4,0.4,0.0,450,3000,0,454,82,536,0.20330588897923008,0.009099999999999997,5.4047755830106325,0,0,451,0.18502202643171806,0.2555066079295154,0.43305671215057373
PU-G,4,0.4,0.0,455,3000,0,459,75,534,0.20260177814634517,0.019399999999999973,5.452114500047173,0,0,456,0.18736383442265794,0.26143790849673204,0.42589879035949707
PU-G,4,0.4,0.0,460,3000,0,464,65,529,0.20084095414495096,0.016700000000000048,5.504310249991249,0,0,461,0.1853448275862069,0.2650862068965517,0.43028920888900757
PU-G,4,0.4,0.0,465,3000,0,469,69,538,0.2040098755969666,0.019499999999999962,5.5587405420374125,0,0,466,0.18550106609808104,0.26865671641791045,0.43793800473213196
PU-G,4,0.4,0.0,470,3000,0,474,62,536,0.20330588897923008,0.014800000000000035,5.644829875032883,0,0,471,0.1877637130801688,0.27637130801687765,0.4174714684486389
PU-G,4,0.4,0.0,475,3000,0,479,57,536,0.20330588897923008,0.01639999999999997,5.688582917035092,0,0,476,0.18789144050104384,0.2839248434237996,0.4246446192264557
PU-G,4,0.4,0.0,480,3000,0,484,52,536,0.20330588897923008,0.02059999999999995,5.740649625018705,0,0,481,0.1962809917355372,0.29132231404958675,0.415687620639801
PU-G,4,0.4,0.0,485,3000,0,489,56,545,0.20647285785526037,0.020000000000000018,5.795927083003335,0,0,486,0.20245398773006135,0.2965235173824131,0.43164965510368347
PU-G,4,0.4,0.0,490,3000,0,494,57,551,0.20858279598178342,0.015199999999999991,5.846586625033524,0,0,491,0.20040485829959515,0.2975708502024291,0.42791450023651123
PU-G,4,0.4,0.0,495,3000,0,499,52,551,0.20858279598178342,0.014700000000000046,5.902353874989785,0,0,496,0.20440881763527055,0.3026052104208417,0.4428441524505615
PU-G,4,0.4,0.0,500,3000,0,504,43,547,0.20717629184946418,0.01959999999999995,5.954998583009001,0,0,501,0.21031746031746032,0.30952380952380953,0.4197671711444855
PU-G,4,0.4,0.0,505,3000,0,509,53,562,0.21244820981519297,0.022199999999999998,5.999149708019104,0,0,506,0.21414538310412573,0.31237721021611004,0.3740631341934204
PU-G,4,0.4,0.0,510,3000,0,514,45,559,0.21139436279190704,0.011199999999999988,6.043695750006009,0,0,511,0.21595330739299612,0.3132295719844358,0.44548001885414124
PU-G,4,0.4,0.0,515,3000,0,519,40,559,0.21139436279190704,0.010499999999999954,6.099688582995441,0,0,516,0.21965317919075145,0.3179190751445087,0.4568057358264923
PU-G,4,0.4,0.0,520,3000,0,524,39,563,0.21279943321133032,0.028299999999999992,6.149488708004355,0,0,521,0.22137404580152673,0.32061068702290074,0.44477513432502747
PU-G,4,0.4,0.0,525,3000,0,529,38,567,0.2142040331964381,0.025499999999999967,6.242321375000756,0,0,526,0.22306238185255198,0.32325141776937616,0.4454728066921234
PU-G,4,0.4,0.0,530,3000,0,534,42,576,0.21736268227687106,0.022599999999999953,6.287626542034559,0,0,531,0.2209737827715356,0.3258426966292135,0.471195787191391
PU-G,4,0.4,0.0,535,3000,0,539,38,577,0.21771349920891225,0.013499999999999956,6.332014542014804,0,0,536,0.2189239332096475,0.3228200371057514,0.4670948386192322
PU-G,4,0.4,0.0,540,3000,0,544,24,568,0.2145551101421006,0.02639999999999998,6.385829000035301,0,0,541,0.22426470588235295,0.3290441176470588,0.4676811993122101
PU-G,4,0.4,0.0,545,3000,0,549,22,571,0.21560816647252068,0.027200000000000002,6.440032625047024,0,0,546,0.22950819672131148,0.33515482695810567,0.4796680510044098
PU-G,4,0.4,0.0,550,3000,0,554,27,581,0.2191164813702926,0.01859999999999995,6.497136291989591,0,0,551,0.2328519855595668,0.33935018050541516,0.5095739364624023
PU-G,4,0.4,0.0,555,3000,0,559,28,587,0.22122010361636057,0.03180000000000005,6.549949042033404,0,0,556,0.23792486583184258,0.3434704830053667,0.4925163984298706
PU-G,4,0.4,0.0,560,3000,0,564,19,583,0.21981780178612098,0.017199999999999993,6.603703458036762,0,0,561,0.2393617021276596,0.34397163120567376,0.4813440442085266
PU-G,4,0.4,0.0,565,3000,0,569,19,588,0.22157060878816992,0.024599999999999955,6.656032458005939,0,0,566,0.24077328646748683,0.3444639718804921,0.4780741333961487
PU-G,4,0.4,0.0,570,3000,0,574,10,584,0.2201684195897542,0.020299999999999985,6.709441417013295,0,0,571,0.2456445993031359,0.3501742160278746,0.46329036355018616
PU-G,4,0.4,0.0,575,3000,0,579,12,591,0.22262195614166558,0.031200000000000006,6.7727865829947405,0,0,576,0.24870466321243523,0.35233160621761656,0.46332380175590515
PU-G,4,0.4,0.0,580,3000,0,584,9,593,0.22332271496998146,0.01429999999999998,6.825295292015653,0,0,581,0.2517123287671233,0.3561643835616438,0.42660170793533325
PU-G,4,0.4,0.0,585,3000,0,589,6,595,0.224023362621665,0.014599999999999946,6.8749904580181465,0,0,586,0.2529711375212224,0.3599320882852292,0.4208104610443115
PU-G,4,0.4,0.0,590,3000,0,594,2,596,0.2243736449163407,0.018299999999999983,6.928245042043272,0,0,591,0.25925925925925924,0.3653198653198653,0.4595985412597656
PU-G,4,0.4,0.0,592,3000,0,596,0,596,0.2243736449163407,0.026000000000000023,6.95496716699563,1,0,593,0.26174496644295303,0.3674496644295302,0.4469587206840515
MaxLoss,5,0.0,0.0,0,3000,0,4,554,558,0.2110430212924257,0.14800000000000002,0.009539416991174221,0,0,1,0.0,0.25,0.5646371841430664
MaxLoss,5,0.0,0.0,5,3000,0,9,481,490,0.1870787946972996,0.12090000000000001,0.026118624955415726,0,0,6,0.0,0.1111111111111111,0.6175170540809631
MaxLoss,5,0.0,0.0,10,3000,0,14,209,223,0.0910597353358753,0.06399999999999995,0.04629629198461771,0,0,11,0.0,0.07142857142857142,0.7054362297058105
MaxLoss,5,0.0,0.0,15,3000,0,19,431,450,0.1729092591558583,0.10719999999999996,0.06325116695370525,0,0,16,0.0,0.05263157894736842,0.7586786150932312
MaxLoss,5,0.0,0.0,20,3000,0,24,164,188,0.07811454794136807,0.05279999999999996,0.08008162496844307,0,0,21,0.0,0.041666666666666664,0.8211446404457092
MaxLoss,5,0.0,0.0,25,3000,0,29,338,367,0.1433046076563187,0.08460000000000001,0.1014172499999404,0,0,26,0.0,0.034482758620689655,0.8303410410881042
MaxLoss,5,0.0,0.0,30,3000,0,34,129,163,0.06878171575954184,0.04400000000000004,0.12939070898573846,0,0,31,0.0,0.029411764705882353,0.864011824131012
MaxLoss,5,0.0,0.0,35,3000,0,39,271,310,0.12278300919570029,0.0706,0.15347708394983783,0,0,36,0.0,0.02564102564102564,0.8734248876571655
MaxLoss,5,0.0,0.0,40,3000,0,44,114,158,0.06690503476420417,0.04039999999999999,0.18384004198014736,0,0,41,0.0,0.022727272727272728,0.8861038684844971
MaxLoss,5,0.0,0.0,45,3000,0,49,195,244,0.09877034503733739,0.05910000000000004,0.21403449994977564,0,0,46,0.0,0.02040816326530612,0.8912640810012817
MaxLoss,5,0.0,0.0,50,3000,0,54,94,148,0.0631403787410818,0.03500000000000003,0.23102491698227823,0,0,51,0.0,0.018518518518518517,0.8914288878440857
MaxLoss,5,0.0,0.0,55,3000,0,59,153,212,0.08700477855745703,0.052000000000000046,0.23855624999850988,0,0,56,0.0,0.01694915254237288,0.8947601318359375
MaxLoss,5,0.0,0.0,60,3000,0,64,79,143,0.0612520546419546,0.03080000000000005,0.24593070894479752,0,0,61,0.0,0.015625,0.8811149001121521
MaxLoss,5,0.0,0.0,65,3000,0,69,123,192,0.07960064115468413,0.04590000000000005,0.25322699995012954,0,0,66,0.0,0.014492753623188406,0.8917995095252991
MaxLoss,5,0.0,0.0,70,3000,0,74,49,123,0.053653962444514036,0.02739999999999998,0.26051349996123463,0,0,71,0.0,0.013513513513513514,0.8706341981887817
MaxLoss,5,0.0,0.0,75,3000,0,79,100,179,0.07476390816736966,0.04200000000000004,0.2679264999460429,0,0,76,0.0,0.0379746835443038,0.8869056701660156
MaxLoss,5,0.0,0.0,80,3000,0,84,34,118,0.05174200655892491,0.025800000000000045,0.2751247499836609,0,0,81,0.0,0.05952380952380952,0.8693411946296692
MaxLoss,5,0.0,0.0,85,3000,0,89,84,173,0.0725245603825897,0.037699999999999956,0.28231637499993667,0,0,86,0.0,0.06741573033707865,0.8865631222724915
MaxLoss,5,0.0,0.0,90,3000,0,94,18,112,0.04944029700709507,0.02410000000000001,0.2895463749882765,0,0,91,0.0,0.06382978723404255,0.8672976493835449
MaxLoss,5,0.0,0.0,95,3000,0,99,59,158,0.06690503476420417,0.034499999999999975,0.2980011669569649,0,0,96,0.0,0.09090909090909091,0.8848229050636292
MaxLoss,5,0.0,0.0,100,3000,0,104,9,113,0.04982449556700885,0.02190000000000003,0.30670833395561203,0,0,101,0.0,0.10576923076923077,0.8630954623222351
MaxLoss,5,0.0,0.0,105,3000,0,109,43,152,0.06464810745092109,0.030399999999999983,0.3155735419713892,0,0,106,0.0,0.11926605504587157,0.8850622773170471
MaxLoss,5,0.0,0.0,110,3000,0,114,3,117,0.05135895928833634,0.02190000000000003,0.32455762499012053,0,0,111,0.0,0.13157894736842105,0.8627433776855469
MaxLoss,5,0.0,0.0,115,3000,0,119,19,138,0.059359475679229945,0.026100000000000012,0.33362291695084423,0,0,116,0.0,0.12605042016806722,0.8823482394218445
MaxLoss,5,0.0,0.0,120,3000,0,124,0,124,0.054035715002100915,0.021100000000000008,0.34271133394213393,1,0,121,0.0,0.12903225806451613,0.8571480512619019
PU-C,5,0.0,0.0,0,3000,0,4,846,850,0.31255881767719984,0.25339999999999996,0.005665624979883432,0,0,1,0.0,0.25,0.6003623604774475
PU-C,5,0.0,0.0,5,3000,0,9,580,589,0.22192108584567904,0.14290000000000003,0.018404000031296164,0,0,6,0.0,0.1111111111111111,0.6418392658233643
PU-C,5,0.0,0.0,10,3000,0,14,198,212,0.08700477855745703,0.05459999999999998,0.030771707999520004,0,0,11,0.0,0.07142857142857142,0.6808139681816101
PU-C,5,0.0,0.0,15,3000,0,19,365,384,0.1493928559939377,0.08479999999999999,0.042142625025007874,0,0,16,0.0,0.05263157894736842,0.6857572197914124
PU-C,5,0.0,0.0,20,3000,0,24,262,286,0.11408597108675167,0.07340000000000002,0.053704291000030935,0,0,21,0.0,0.041666666666666664,0.7555787563323975
PU-C,5,0.0,0.0,25,3000,0,29,265,294,0.11698907450772822,0.07050000000000001,0.06623583298642188,0,0,26,0.0,0.034482758620689655,0.7273218035697937
PU-C,5,0.0,0.0,30,3000,0,34,197,231,0.09400168218417093,0.056599999999999984,0.07851299998583272,0,0,31,0.0,0.029411764705882353,0.7859039306640625
PU-C,5,0.0,0.0,35,3000,0,39,160,199,0.08219695603474975,0.05130000000000001,0.08966916601639241,0,0,36,0.0,0.05128205128205128,0.7432656288146973
PU-C,5,0.0,0.0,40,3000,0,44,148,192,0.07960064115468413,0.048699999999999966,0.10040695802308619,0,0,41,0.0,0.045454545454545456,0.8163474202156067
PU-C,5,0.0,0.0,45,3000,0,49,111,160,0.06765614327741787,0.042300000000000004,0.11110704101156443,0,0,46,0.0,0.04081632653061224,0.7427084445953369
PU-C,5,0.0,0.0,50,3000,0,54,109,163,0.06878171575954184,0.04039999999999999,0.12201345799257979,0,0,51,0.0,0.037037037037037035,0.8119757175445557
PU-C,5,0.0,0.0,55,3000,0,59,85,144,0.06163005332928151,0.03410000000000002,0.13302324997493997,0,0,56,0.0,0.03389830508474576,0.7409175634384155
PU-C,5,0.0,0.0,60,3000,0,64,74,138,0.059359475679229945,0.03320000000000001,0.14374629099620506,0,0,61,0.0,0.046875,0.8168511986732483
PU-C,5,0.0,0.0,65,3000,0,69,63,132,0.057082461076788604,0.028699999999999948,0.15453470801003277,0,0,66,0.0,0.043478260869565216,0.7437394261360168
PU-C,5,0.0,0.0,70,3000,0,74,46,120,0.05250743729993701,0.026000000000000023,0.16511991602601483,0,0,71,0.0,0.05405405405405406,0.8105897307395935
PU-C,5,0.0,0.0,75,3000,0,79,43,122,0.05327200022293255,0.025800000000000045,0.17620258301030844,0,0,76,0.0,0.05063291139240506,0.7494397759437561
PU-C,5,0.0,0.0,80,3000,0,84,29,113,0.04982449556700885,0.022299999999999986,0.1869811660144478,0,0,81,0.0,0.05952380952380952,0.8046281337738037
PU-C,5,0.0,0.0,85,3000,0,89,33,122,0.05327200022293255,0.022599999999999953,0.19749699998646975,0,0,86,0.0,0.06741573033707865,0.7598268985748291
PU-C,5,0.0,0.0,90,3000,0,94,14,108,0.04790108359884471,0.018100000000000005,0.20823945797747,0,0,91,0.0,0.07446808510638298,0.7978189587593079
PU-C,5,0.0,0.0,95,3000,0,99,18,117,0.05135895928833634,0.019000000000000017,0.21893712499877438,0,0,96,0.0,0.08080808080808081,0.7610451579093933
PU-C,5,0.0,0.0,100,3000,0,104,0,104,0.04635784780839458,0.01539999999999997,0.2296285830088891,1,0,101,0.0,0.09615384615384616,0.7863674759864807
PU-F,5,0.0,0.0,0,3000,0,4,533,537,0.20365789777133614,0.14100000000000001,0.004371249990072101,0,0,1,0.0,0.25,0.490849107503891
PU-F,5,0.0,0.0,5,3000,0,9,311,320,0.12639630038756877,0.08709999999999996,0.03336437500547618,0,0,6,0.0,0.1111111111111111,0.655492901802063
PU-F,5,0.0,0.0,10,3000,0,14,517,531,0.20154537784401327,0.12439999999999996,0.05948695901315659,0,0,11,0.0,0.07142857142857142,0.7323747277259827
PU-F,5,0.0,0.0,15,3000,0,19,208,227,0.09253143524983898,0.06410000000000005,0.08603116701124236,0,0,16,0.0,0.05263157894736842,0.7597950100898743
PU-F,5,0.0,0.0,20,3000,0,24,394,418,0.16153005324304104,0.0897,0.10904029197990894,0,0,21,0.0,0.041666666666666664,0.802031934261322
PU-F,5,0.0,0.0,25,3000,0,29,196,225,0.09179576905444264,0.059599999999999986,0.1337405419908464,0,0,26,0.0,0.034482758620689655,0.8331553936004639
PU-F,5,0.0,0.0,30,3000,0,34,313,347,0.13612384552834556,0.07640000000000002,0.1544401670107618,0,0,31,0.0,0.029411764705882353,0.8443912863731384
PU-F,5,0.0,0.0,35,3000,0,39,146,185,0.07699875242542475,0.0494,0.17513920896453783,0,0,36,0.0,0.02564102564102564,0.8603411912918091
PU-F,5,0.0,0.0,40,3000,0,44,233,277,0.11081484594615176,0.0635,0.19363724999129772,0,0,41,0.0,0.022727272727272728,0.8607321977615356
PU-F,5,0.0,0.0,45,3000,0,49,115,164,0.0691566207096912,0.042200000000000015,0.21189754200167954,0,0,46,0.0,0.02040816326530612,0.8751255869865417
PU-F,5,0.0,0.0,50,3000,0,54,181,235,0.09547050960827619,0.05489999999999995,0.22857058397494256,0,0,51,0.0,0.018518518518518517,0.8673505783081055
PU-F,5,0.0,0.0,55,3000,0,59,97,156,0.06615333299851045,0.035800000000000054,0.2452941249939613,0,0,56,0.0,0.01694915254237288,0.8737231492996216
PU-F,5,0.0,0.0,60,3000,0,64,147,211,0.08663556131068617,0.04800000000000004,0.2609715000144206,0,0,61,0.0,0.03125,0.8684179186820984
PU-F,5,0.0,0.0,65,3000,0,69,77,146,0.062385546683799475,0.03200000000000003,0.27676162496209145,0,0,66,0.0,0.043478260869565216,0.8696196675300598
PU-F,5,0.0,0.0,70,3000,0,74,118,192,0.07960064115468413,0.04279999999999995,0.2913759169750847,0,0,71,0.0,0.05405405405405406,0.8622486591339111
PU-F,5,0.0,0.0,75,3000,0,79,63,142,0.06087388581363484,0.02859999999999996,0.30615629197563976,0,0,76,0.0,0.08860759493670886,0.8675661683082581
PU-F,5,0.0,0.0,80,3000,0,84,90,174,0.07289810659131035,0.03600000000000003,0.3200985000003129,0,0,81,0.0,0.09523809523809523,0.8535799980163574
PU-F,5,0.0,0.0,85,3000,0,89,55,144,0.06163005332928151,0.02749999999999997,0.3337836670107208,0,0,86,0.0,0.10112359550561797,0.8627813458442688
PU-F,5,0.0,0.0,90,3000,0,94,71,165,0.06953138479730114,0.02969999999999995,0.34681383398128673,0,0,91,0.0,0.09574468085106383,0.8348900675773621
PU-F,5,0.0,0.0,95,3000,0,99,35,134,0.0578422054531984,0.024700000000000055,0.35966545896371827,0,0,96,0.0,0.10101010101010101,0.8484739661216736
PU-F,5,0.0,0.0,100,3000,0,104,59,163,0.06878171575954184,0.025699999999999945,0.3725915419636294,0,0,101,0.0,0.10576923076923077,0.8138344883918762
PU-F,5,0.0,0.0,105,3000,0,109,23,132,0.057082461076788604,0.02200000000000002,0.38526033400557935,0,0,106,0.0,0.10091743119266056,0.8336858749389648
PU-F,5,0.0,0.0,110,3000,0,114,49,163,0.06878171575954184,0.02190000000000003,0.397655125008896,0,0,111,0.0,0.11403508771929824,0.7983379364013672
PU-F,5,0.0,0.0,115,3000,0,119,17,136,0.05860120529541746,0.020499999999999963,0.41261483397101983,0,0,116,0.0,0.12605042016806722,0.8203991055488586
PU-F,5,0.0,0.0,120,3000,0,124,39,163,0.06878171575954184,0.01959999999999995,0.42734354198910296,0,0,121,0.0,0.12903225806451613,0.7783765196800232
PU-F,5,0.0,0.0,125,3000,0,129,163,292,0.1162636922672391,0.054400000000000004,0.43990037497133017,0,0,126,0.0,0.12403100775193798,0.8812401294708252
PU-F,5,0.0,0.0,130,3000,0,134,10,144,0.06163005332928151,0.011700000000000044,0.467793833988253,0,0,131,0.0,0.12686567164179105,0.7090017199516296
PU-F,5,0.0,0.0,135,3000,0,139,8,147,0.06276304461061954,0.013700000000000045,0.4947472090134397,0,0,136,0.0,0.1223021582733813,0.7872321605682373
PU-F,5,0.0,0.0,140,3000,0,144,2,146,0.062385546683799475,0.008600000000000052,0.5193430419894867,0,0,141,0.0,0.11805555555555555,0.6741434931755066
PU-F,5,0.0,0.0,141,3000,0,145,0,145,0.06200788344722241,0.007900000000000018,0.5277632919605821,1,0,142,0.0,0.11724137931034483,0.7150580286979675
PU-G,5,0.0,0.0,0,3000,0,4,694,698,0.2599653310608119,0.1896,0.00735437503317371,0,0,1,0.0,0.25,0.569071352481842
PU-G,5,0.0,0.0,5,3000,0,9,543,552,0.20893434656318277,0.13190000000000002,0.05606500001158565,0,0,6,0.0,0.1111111111111111,0.6182730197906494
PU-G,5,0.0,0.0,10,3000,0,14,218,232,0.09436902083689347,0.05689999999999995,0.10473825002554804,0,0,11,0.0,0.07142857142857142,0.6642852425575256
PU-G,5,0.0,0.0,15,3000,0,19,97,116,0.050975687336176634,0.03520000000000001,0.14352029201108962,0,0,16,0.0,0.10526315789473684,0.6827127933502197
PU-G,5,0.0,0.0,20,3000,0,24,144,168,0.0706548429443501,0.04349999999999998,0.18242320901481435,0,0,21,0.0,0.125,0.735482394695282
PU-G,5,0.0,0.0,25,3000,0,29,176,205,0.08441813272656873,0.0504,0.21987254201667383,0,0,26,0.0,0.13793103448275862,0.7308605313301086
PU-G,5,0.0,0.0,30,3000,0,34,116,150,0.06389456166652963,0.03620000000000001,0.2556219170219265,0,0,31,0.0,0.14705882352941177,0.7509986758232117
PU-G,5,0.0,0.0,35,3000,0,39,147,186,0.07737080269725993,0.04159999999999997,0.27772708400152624,0,0,36,0.0,0.15384615384615385,0.7395006418228149
PU-G,5,0.0,0.0,40,3000,0,44,84,128,0.05556067515863106,0.029299999999999993,0.29192970902659,0,0,41,0.0,0.13636363636363635,0.7507742047309875
PU-G,5,0.0,0.0,45,3000,0,49,129,178,0.07439100183546543,0.03490000000000004,0.3052503340295516,0,0,46,0.0,0.14285714285714285,0.7446621060371399
PU-G,5,0.0,0.0,50,3000,0,54,69,123,0.053653962444514036,0.025699999999999945,0.31838800001423806,0,0,51,0.0,0.16666666666666666,0.7526974678039551
PU-G,5,0.0,0.0,55,3000,0,59,102,161,0.0680314782075584,0.028800000000000048,0.33096220903098583,0,0,56,0.0,0.1694915254237288,0.7415911555290222
PU-G,5,0.0,0.0,60,3000,0,64,62,126,0.05479860055493191,0.02310000000000001,0.34344045899342746,0,0,61,0.0,0.171875,0.7470446228981018
PU-G,5,0.0,0.0,65,3000,0,69,89,158,0.06690503476420417,0.024499999999999966,0.3555340840248391,0,0,66,0.0,0.17391304347826086,0.7358808517456055
PU-G,5,0.0,0.0,70,3000,0,74,45,119,0.052124831709079444,0.01880000000000004,0.3676638340111822,0,0,71,0.0,0.17567567567567569,0.7300372123718262
PU-G,5,0.0,0.0,75,3000,0,79,79,158,0.06690503476420417,0.022800000000000042,0.37911845900816843,0,0,76,0.0,0.16455696202531644,0.7240171432495117
PU-G,5,0.0,0.0,80,3000,0,84,33,117,0.05135895928833634,0.014100000000000001,0.3906999999890104,0,0,81,0.0,0.16666666666666666,0.7193424701690674
PU-G,5,0.0,0.0,85,3000,0,89,63,152,0.06464810745092109,0.01959999999999995,0.40172066702507436,0,0,86,0.0,0.15730337078651685,0.7151832580566406
PU-G,5,0.0,0.0,90,3000,0,94,24,118,0.05174200655892491,0.011299999999999977,0.4128328750375658,0,0,91,0.0,0.1595744680851064,0.7222629189491272
PU-G,5,0.0,0.0,95,3000,0,99,52,151,0.06427141348831356,0.017900000000000027,0.42524283402599394,0,0,96,0.0,0.16161616161616163,0.7130140066146851
PU-G,5,0.0,0.0,100,3000,0,104,13,117,0.05135895928833634,0.010299999999999976,0.4377627089852467,0,0,101,0.0,0.16346153846153846,0.7238175868988037
PU-G,5,0.0,0.0,105,3000,0,109,39,148,0.0631403787410818,0.016900000000000026,0.4495470420224592,0,0,106,0.0,0.1743119266055046,0.7129629850387573
PU-G,5,0.0,0.0,110,3000,0,114,3,117,0.05135895928833634,0.009199999999999986,0.4615118750371039,0,0,111,0.0,0.17543859649122806,0.7211490273475647
PU-G,5,0.0,0.0,115,3000,0,119,33,152,0.06464810745092109,0.015599999999999947,0.4732240420416929,0,0,116,0.0,0.17647058823529413,0.7133271098136902
PU-G,5,0.0,0.0,116,3000,0,120,0,120,0.05250743729993701,0.00880000000000003,0.47755054204026237,1,0,117,0.0,0.175,0.7180986404418945
MaxLoss,5,0.4,0.0,0,3000,0,4,466,470,0.1800012559397146,0.10519999999999996,0.004546374955680221,0,0,1,0.0,0.25,0.5978397727012634
MaxLoss,5,0.4,0.0,5,3000,0,9,579,588,0.22157060878816992,0.14229999999999998,0.012987707974389195,0,0,6,0.2222222222222222,0.3333333333333333,0.6585558652877808
MaxLoss,5,0.4,0.0,10,3000,0,14,549,563,0.21279943321133032,0.14439999999999997,0.02187233295990154,0,0,11,0.14285714285714285,0.21428571428571427,0.7056561708450317
MaxLoss,5,0.4,0.0,15,3000,0,19,427,446,0.17148905905196443,0.08740000000000003,0.030629040964413434,0,0,16,0.21052631578947367,0.2631578947368421,0.7183159589767456
MaxLoss,5,0.4,0.0,20,3000,0,24,556,580,0.2187657785252668,0.1512,0.03944299998693168,0,0,21,0.3333333333333333,0.375,0.770232617855072
MaxLoss,5,0.4,0.0,25,3000,0,29,446,475,0.18177196802571416,0.09830000000000005,0.048133290954865515,0,0,26,0.3793103448275862,0.41379310344827586,0.7913181185722351
MaxLoss,5,0.4,0.0,30,3000,0,34,589,623,0.2338209851877764,0.16600000000000004,0.05692191596608609,0,0,31,0.35294117647058826,0.38235294117647056,0.8102970123291016
MaxLoss,5,0.4,0.0,35,3000,0,39,490,529,0.20084095414495096,0.12219999999999998,0.06560945796081796,0,0,36,0.3076923076923077,0.3333333333333333,0.809788167476654
MaxLoss,5,0.4,0.0,40,3000,0,44,571,615,0.23102381633361802,0.1593,0.07467750000068918,0,0,41,0.29545454545454547,0.3181818181818182,0.8268377780914307
MaxLoss,5,0.4,0.0,45,3000,0,49,395,444,0.17077872878871858,0.08720000000000006,0.08332695800345391,0,0,46,0.2857142857142857,0.30612244897959184,0.8358062505722046
MaxLoss,5,0.4,0.0,50,3000,0,54,562,616,0.23137355543440208,0.16259999999999997,0.09224749996792525,0,0,51,0.3333333333333333,0.35185185185185186,0.8304461240768433
MaxLoss,5,0.4,0.0,55,3000,0,59,524,583,0.21981780178612098,0.12839999999999996,0.10108183301053941,0,0,56,0.3220338983050847,0.3559322033898305,0.8464070558547974
MaxLoss,5,0.4,0.0,60,3000,0,64,569,633,0.23731507768388838,0.16710000000000003,0.11013966600876302,0,0,61,0.3125,0.375,0.8485170602798462
MaxLoss,5,0.4,0.0,65,3000,0,69,597,666,0.24882742739282548,0.1532,0.11941083299461752,0,0,66,0.2898550724637681,0.37681159420289856,0.854285717010498
MaxLoss,5,0.4,0.0,70,3000,0,74,533,607,0.2282249380950816,0.15490000000000004,0.12842120800632983,0,0,71,0.2702702702702703,0.3783783783783784,0.8429911136627197
MaxLoss,5,0.4,0.0,75,3000,0,79,568,647,0.2422024640836753,0.1392,0.1378361659590155,0,0,76,0.25316455696202533,0.379746835443038,0.8570747971534729
MaxLoss,5,0.4,0.0,80,3000,0,84,490,574,0.21666096238186583,0.136,0.1470315830083564,0,0,81,0.23809523809523808,0.36904761904761907,0.8466609120368958
MaxLoss,5,0.4,0.0,85,3000,0,89,559,648,0.2425513718626462,0.13560000000000005,0.15585391595959663,0,0,86,0.25842696629213485,0.4044943820224719,0.8604620099067688
MaxLoss,5,0.4,0.0,90,3000,0,94,463,557,0.21069165004882962,0.13139999999999996,0.16486191598232836,0,0,91,0.2765957446808511,0.4148936170212766,0.8351406455039978
MaxLoss,5,0.4,0.0,95,3000,0,99,559,658,0.2460390658234246,0.13680000000000003,0.17398787499405444,0,0,96,0.2828282828282828,0.42424242424242425,0.8537026643753052
MaxLoss,5,0.4,0.0,100,3000,0,104,443,547,0.20717629184946418,0.12890000000000001,0.18336833297507837,0,0,101,0.2692307692307692,0.41346153846153844,0.8398067355155945
MaxLoss,5,0.4,0.0,105,3000,0,109,551,660,0.24673630471806973,0.13529999999999998,0.19232670799829066,0,0,106,0.26605504587155965,0.4036697247706422,0.8569579720497131
MaxLoss,5,0.4,0.0,110,3000,0,114,431,545,0.20647285785526037,0.1279,0.20142666599713266,0,0,111,0.2543859649122807,0.39473684210526316,0.842436671257019
MaxLoss,5,0.4,0.0,115,3000,0,119,525,644,0.24115558865014464,0.1281,0.2105451250099577,0,0,116,0.25210084033613445,0.3949579831932773,0.84390789270401
MaxLoss,5,0.4,0.0,120,3000,0,124,424,548,0.20752796321175992,0.12670000000000003,0.21969879098469391,0,0,121,0.25,0.3951612903225806,0.8238509893417358
MaxLoss,5,0.4,0.0,125,3000,0,129,519,648,0.2425513718626462,0.14659999999999995,0.2292276659864001,0,0,126,0.24806201550387597,0.3875968992248062,0.7998408079147339
MaxLoss,5,0.4,0.0,130,3000,0,134,489,623,0.2338209851877764,0.12039999999999995,0.24246495799161494,0,0,131,0.2462686567164179,0.3805970149253731,0.7898217439651489
MaxLoss,5,0.4,0.0,135,3000,0,139,373,512,0.19484820670913905,0.09909999999999997,0.2556640830007382,0,0,136,0.2446043165467626,0.38848920863309355,0.6855323910713196
MaxLoss,5,0.4,0.0,140,3000,0,144,461,605,0.22752494865562767,0.12480000000000002,0.2687609999557026,0,0,141,0.24305555555555555,0.3819444444444444,0.7046058773994446
MaxLoss,5,0.4,0.0,145,3000,0,149,440,589,0.22192108584567904,0.12570000000000003,0.2899032909772359,0,0,146,0.2348993288590604,0.37583892617449666,0.6467951536178589
MaxLoss,5,0.4,0.0,150,3000,0,154,409,563,0.21279943321133032,0.11229999999999996,0.3103163329651579,0,0,151,0.22727272727272727,0.37012987012987014,0.55680251121521
MaxLoss,5,0.4,0.0,155,3000,0,159,366,525,0.19943172798957676,0.09130000000000005,0.33142349997069687,0,0,156,0.22641509433962265,0.36477987421383645,0.595832347869873
MaxLoss,5,0.4,0.0,160,3000,0,164,349,513,0.19520097953500226,0.10089999999999999,0.3546447499538772,0,0,161,0.23780487804878048,0.3719512195121951,0.5559144616127014
MaxLoss,5,0.4,0.0,165,3000,0,169,240,409,0.15832214610418305,0.06779999999999997,0.3767058329540305,0,0,166,0.23076923076923078,0.3609467455621302,0.5554721355438232
MaxLoss,5,0.4,0.0,170,3000,0,174,262,436,0.16793585335835814,0.0645,0.39982491597766057,0,0,171,0.22988505747126436,0.3563218390804598,0.5473770499229431
MaxLoss,5,0.4,0.0,175,3000,0,179,322,501,0.19096553017152473,0.0988,0.4230032080085948,0,0,176,0.22905027932960895,0.3575418994413408,0.5554088950157166
MaxLoss,5,0.4,0.0,180,3000,0,184,242,426,0.16437869728542864,0.06999999999999995,0.44678920798469335,0,0,181,0.23369565217391305,0.358695652173913,0.470056414604187
MaxLoss,5,0.4,0.0,185,3000,0,189,219,408,0.15796550025697798,0.05289999999999995,0.47720183298224583,0,0,186,0.23809523809523808,0.35978835978835977,0.49022525548934937
MaxLoss,5,0.4,0.0,190,3000,0,194,265,459,0.17610249383142218,0.07250000000000001,0.5066127500031143,0,0,191,0.24742268041237114,0.36597938144329895,0.4899008274078369
MaxLoss,5,0.4,0.0,195,3000,0,199,186,385,0.1497505659935996,0.04259999999999997,0.5345765000092797,0,0,196,0.25125628140703515,0.36683417085427134,0.4014698565006256
MaxLoss,5,0.4,0.0,200,3000,0,204,154,358,0.14007576100993901,0.028800000000000048,0.5618702080100775,0,0,201,0.25,0.3627450980392157,0.4400385022163391
MaxLoss,5,0.4,0.0,205,3000,0,209,292,501,0.19096553017152473,0.08919999999999995,0.5918151660007425,0,0,206,0.2535885167464115,0.3684210526315789,0.43603774905204773
MaxLoss,5,0.4,0.0,210,3000,0,214,178,392,0.15225325751816854,0.0353,0.6205174999777228,0,0,211,0.2523364485981308,0.37383177570093457,0.3831512928009033
MaxLoss,5,0.4,0.0,215,3000,0,219,168,387,0.15046584833180532,0.03639999999999999,0.6467812499613501,0,0,216,0.2602739726027397,0.3835616438356164,0.4540003538131714
MaxLoss,5,0.4,0.0,220,3000,0,224,205,429,0.16544626542599872,0.044300000000000006,0.6672096659895033,0,0,221,0.26785714285714285,0.39285714285714285,0.3834928274154663
MaxLoss,5,0.4,0.0,225,3000,0,229,177,406,0.1572520800982602,0.030200000000000005,0.6892107079620473,0,0,226,0.27510917030567683,0.39737991266375544,0.43006202578544617
MaxLoss,5,0.4,0.0,230,3000,0,234,253,487,0.18601805780781433,0.06659999999999999,0.710797207953874,0,0,231,0.2777777777777778,0.3974358974358974,0.4008055329322815
MaxLoss,5,0.4,0.0,235,3000,0,239,222,461,0.17681169032584876,0.05569999999999997,0.7319186250097118,0,0,236,0.27615062761506276,0.39748953974895396,0.44886156916618347
MaxLoss,5,0.4,0.0,240,3000,0,244,261,505,0.19237787678139284,0.07079999999999997,0.7631226659868844,0,0,241,0.2786885245901639,0.4016393442622951,0.4201950430870056
MaxLoss,5,0.4,0.0,245,3000,0,249,168,417,0.16117378696799278,0.032399999999999984,0.7882227909867652,0,0,246,0.27710843373493976,0.39759036144578314,0.43052807450294495
MaxLoss,5,0.4,0.0,250,3000,0,254,197,451,0.17326421377947554,0.05230000000000001,0.8151225409819745,0,0,251,0.2874015748031496,0.40551181102362205,0.39683353900909424
MaxLoss,5,0.4,0.0,255,3000,0,259,195,454,0.174328850582242,0.05920000000000003,0.8483523330069147,0,0,256,0.28185328185328185,0.40540540540540543,0.48108452558517456
MaxLoss,5,0.4,0.0,260,3000,0,264,140,404,0.15653848770307377,0.03080000000000005,0.8762663750094362,0,0,261,0.2803030303030303,0.4015151515151515,0.4328857660293579
MaxLoss,5,0.4,0.0,265,3000,0,269,170,439,0.16900222492404282,0.06230000000000002,0.9023775410023518,0,0,266,0.275092936802974,0.39776951672862454,0.43637070059776306
MaxLoss,5,0.4,0.0,270,3000,0,274,162,436,0.16793585335835814,0.05920000000000003,0.9262688329908997,0,0,271,0.28102189781021897,0.40145985401459855,0.43022966384887695
MaxLoss,5,0.4,0.0,275,3000,0,279,126,405,0.15689530549570918,0.037699999999999956,0.953638749953825,0,0,276,0.27956989247311825,0.3978494623655914,0.42112529277801514
MaxLoss,5,0.4,0.0,280,3000,0,284,119,403,0.15618162660393864,0.04249999999999998,0.9781352079589851,0,0,281,0.27816901408450706,0.39436619718309857,0.42769986391067505
MaxLoss,5,0.4,0.0,285,3000,0,289,162,451,0.17326421377947554,0.054400000000000004,1.0119953329558484,0,0,286,0.27335640138408307,0.3875432525951557,0.43494102358818054
MaxLoss,5,0.4,0.0,290,3000,0,294,120,414,0.16010473761707544,0.048699999999999966,1.044276540982537,0,0,291,0.2755102040816326,0.3877551020408163,0.4291445314884186
MaxLoss,5,0.4,0.0,295,3000,0,299,138,437,0.16829134989529848,0.043200000000000016,1.074873249977827,0,0,296,0.27424749163879597,0.39464882943143814,0.4306561052799225
MaxLoss,5,0.4,0.0,300,3000,0,304,81,385,0.1497505659935996,0.02849999999999997,1.1052372499834746,0,0,301,0.27960526315789475,0.3980263157894737,0.42436179518699646
MaxLoss,5,0.4,0.0,305,3000,0,309,84,393,0.15261060395278037,0.03190000000000004,1.1358296659891494,0,0,306,0.2815533980582524,0.4045307443365696,0.4301370084285736
MaxLoss,5,0.4,0.0,310,3000,0,314,86,400,0.15511078212875873,0.027200000000000002,1.1666855000075884,0,0,311,0.28662420382165604,0.40764331210191085,0.42886412143707275
MaxLoss,5,0.4,0.0,315,3000,0,319,100,419,0.1618862779578194,0.026800000000000046,1.196635750005953,0,0,316,0.29153605015673983,0.4106583072100313,0.4374881386756897
MaxLoss,5,0.4,0.0,320,3000,0,324,54,378,0.14724562253104523,0.01880000000000004,1.2237351249787025,0,0,321,0.2932098765432099,0.4104938271604938,0.4427855908870697
MaxLoss,5,0.4,0.0,325,3000,0,329,104,433,0.16686912631848827,0.03859999999999997,1.2548187909997068,0,0,326,0.2978723404255319,0.4133738601823708,0.44385942816734314
MaxLoss,5,0.4,0.0,330,3000,0,334,70,404,0.15653848770307377,0.032399999999999984,1.2858201659983024,0,0,331,0.2964071856287425,0.4101796407185629,0.44747495651245117
MaxLoss,5,0.4,0.0,335,3000,0,339,104,443,0.17042350576957688,0.05520000000000003,1.3183964579948224,0,0,336,0.29793510324483774,0.41002949852507375,0.4407939314842224
MaxLoss,5,0.4,0.0,340,3000,0,344,48,392,0.15225325751816854,0.022199999999999998,1.3491129159810953,0,0,341,0.29651162790697677,0.40988372093023256,0.4324447512626648
MaxLoss,5,0.4,0.0,345,3000,0,349,55,404,0.15653848770307377,0.03049999999999997,1.381186082959175,0,0,346,0.3008595988538682,0.41260744985673353,0.43356841802597046
MaxLoss,5,0.4,0.0,350,3000,0,354,67,421,0.16259860317222774,0.03539999999999999,1.4148227910045534,0,0,351,0.3050847457627119,0.4180790960451977,0.4490094482898712
MaxLoss,5,0.4,0.0,355,3000,0,359,36,395,0.1533251625369303,0.016900000000000026,1.449065457971301,0,0,356,0.30362116991643456,0.4206128133704735,0.45610320568084717
MaxLoss,5,0.4,0.0,360,3000,0,364,63,427,0.16473459382541478,0.024800000000000044,1.4880767079885118,0,0,361,0.30494505494505497,0.4258241758241758,0.4707188308238983
MaxLoss,5,0.4,0.0,365,3000,0,369,83,452,0.17361913050990552,0.04200000000000004,1.5208891250076704,0,0,366,0.3143631436314363,0.43360433604336046,0.4757552444934845
MaxLoss,5,0.4,0.0,370,3000,0,374,46,420,0.1622424612287432,0.0262,1.554679207969457,0,0,371,0.3155080213903743,0.4411764705882353,0.46537724137306213
MaxLoss,5,0.4,0.0,375,3000,0,379,30,409,0.15832214610418305,0.026699999999999946,1.5896707909996621,0,0,376,0.3113456464379947,0.43799472295514513,0.4734094738960266
MaxLoss,5,0.4,0.0,380,3000,0,384,59,443,0.17042350576957688,0.040200000000000014,1.6261618330026977,0,0,381,0.3098958333333333,0.4348958333333333,0.44929254055023193
MaxLoss,5,0.4,0.0,385,3000,0,389,93,482,0.18424946861341596,0.04269999999999996,1.6563241659896448,0,0,386,0.3110539845758355,0.43444730077120824,0.44518569111824036
MaxLoss,5,0.4,0.0,390,3000,0,394,69,463,0.17752073903102428,0.040100000000000025,1.6906716249650344,0,0,391,0.3147208121827411,0.4365482233502538,0.4527997672557831
MaxLoss,5,0.4,0.0,395,3000,0,399,70,469,0.1796470055123791,0.03600000000000003,1.7294802909600548,0,0,396,0.3157894736842105,0.43859649122807015,0.4647822082042694
MaxLoss,5,0.4,0.0,400,3000,0,404,9,413,0.15974830387858674,0.020000000000000018,1.765814624959603,0,0,401,0.3193069306930693,0.4405940594059406,0.4565061032772064
MaxLoss,5,0.4,0.0,405,3000,0,409,8,417,0.16117378696799278,0.013299999999999979,1.7959347079740837,0,0,406,0.3202933985330073,0.44254278728606355,0.4563383162021637
MaxLoss,5,0.4,0.0,410,3000,0,414,28,442,0.17006824392592534,0.03969999999999996,1.8309723329730332,0,0,411,0.321256038647343,0.4420289855072464,0.4606708288192749
MaxLoss,5,0.4,0.0,415,3000,0,419,54,473,0.1810637908638455,0.0393,1.8635524159763008,0,0,416,0.3221957040572792,0.441527446300716,0.4672898054122925
MaxLoss,5,0.4,0.0,420,3000,0,424,16,440,0.16935760364867747,0.021599999999999953,1.903108374972362,0,0,421,0.31839622641509435,0.4386792452830189,0.444711297750473
MaxLoss,5,0.4,0.0,425,3000,0,429,18,447,0.17184416647069156,0.024599999999999955,1.9465089999721386,0,0,426,0.3146853146853147,0.4358974358974359,0.4541347622871399
MaxLoss,5,0.4,0.0,430,3000,0,434,21,455,0.1746836540987715,0.025800000000000045,1.9848982080002315,0,0,431,0.31336405529953915,0.4400921658986175,0.45129215717315674
MaxLoss,5,0.4,0.0,435,3000,0,439,9,448,0.1721992355887778,0.021700000000000053,2.0179849159903824,0,0,436,0.3143507972665148,0.4419134396355353,0.4610954821109772
MaxLoss,5,0.4,0.0,436,3000,0,440,0,440,0.16935760364867747,0.016700000000000048,2.0295664579607546,1,0,437,0.31363636363636366,0.4431818181818182,0.45571717619895935
PU-C,5,0.4,0.0,0,3000,0,4,474,478,0.18283396633341908,0.11709999999999998,0.009382749965880066,0,0,1,0.0,0.25,0.6270285248756409
PU-C,5,0.4,0.0,5,3000,0,9,246,255,0.10279443138279021,0.033499999999999974,0.03890704095829278,0,0,6,0.3333333333333333,0.4444444444444444,0.6038175821304321
PU-C,5,0.4,0.0,10,3000,0,14,615,629,0.23591775394743308,0.1764,0.0638014999567531,0,0,11,0.42857142857142855,0.5,0.7176327705383301
PU-C,5,0.4,0.0,15,3000,0,19,569,588,0.22157060878816992,0.14249999999999996,0.08884679095353931,0,0,16,0.42105263157894735,0.47368421052631576,0.7169120907783508
PU-C,5,0.4,0.0,20,3000,0,24,567,591,0.22262195614166558,0.1624,0.1134995409520343,0,0,21,0.375,0.4166666666666667,0.721745491027832
PU-C,5,0.4,0.0,25,3000,0,29,622,651,0.24359794368501753,0.15139999999999998,0.13780770800076425,0,0,26,0.41379310344827586,0.4482758620689655,0.7356439828872681
PU-C,5,0.4,0.0,30,3000,0,34,568,602,0.22647476044949144,0.16259999999999997,0.16261899995151907,0,0,31,0.38235294117647056,0.4117647058823529,0.7230857610702515
PU-C,5,0.4,0.0,35,3000,0,39,615,654,0.24464428902138025,0.15080000000000005,0.18732500000623986,0,0,36,0.3333333333333333,0.358974358974359,0.7532499432563782
PU-C,5,0.4,0.0,40,3000,0,44,554,598,0.2250741267343983,0.1592,0.21271612495183945,0,0,41,0.29545454545454547,0.3181818181818182,0.7582854628562927
PU-C,5,0.4,0.0,45,3000,0,49,667,716,0.2662197796162218,0.17359999999999998,0.2429198749596253,0,0,46,0.2857142857142857,0.30612244897959184,0.7600945830345154
PU-C,5,0.4,0.0,50,3000,0,54,512,566,0.2138529270887375,0.14049999999999996,0.27233091596281156,0,0,51,0.2777777777777778,0.2962962962962963,0.7694585919380188
PU-C,5,0.4,0.0,55,3000,0,59,601,660,0.24673630471806973,0.14700000000000002,0.2984165829839185,0,0,56,0.288135593220339,0.3050847457627119,0.7453703284263611
PU-C,5,0.4,0.0,60,3000,0,64,457,521,0.19802199315745384,0.129,0.33033099997555837,0,0,61,0.296875,0.3125,0.7481333613395691
PU-C,5,0.4,0.0,65,3000,0,69,568,637,0.23871198680717498,0.13749999999999996,0.36031895800260827,0,0,66,0.3188405797101449,0.34782608695652173,0.7428571581840515
PU-C,5,0.4,0.0,70,3000,0,74,452,526,0.19978408206952736,0.128,0.39030579099198803,0,0,71,0.36486486486486486,0.3918918918918919,0.7539387345314026
PU-C,5,0.4,0.0,75,3000,0,79,552,631,0.23661646782420576,0.13380000000000003,0.419166415988002,0,0,76,0.34177215189873417,0.3670886075949367,0.7348170280456543
PU-C,5,0.4,0.0,80,3000,0,84,453,537,0.20365789777133614,0.12960000000000005,0.4479897079872899,0,0,81,0.32142857142857145,0.34523809523809523,0.7633199095726013
PU-C,5,0.4,0.0,85,3000,0,89,531,620,0.23277224571211264,0.12819999999999998,0.4768507909611799,0,0,86,0.30337078651685395,0.33707865168539325,0.7380179166793823
PU-C,5,0.4,0.0,90,3000,0,94,431,525,0.19943172798957676,0.12439999999999996,0.506143415987026,0,0,91,0.2978723404255319,0.32978723404255317,0.7517947554588318
PU-C,5,0.4,0.0,95,3000,0,99,518,617,0.23172326787607744,0.125,0.5383547079982236,0,0,96,0.30303030303030304,0.3434343434343434,0.7348452806472778
PU-C,5,0.4,0.0,100,3000,0,104,416,520,0.19766947941388935,0.1199,0.5709532909677364,0,0,101,0.2980769230769231,0.34615384615384615,0.7477181553840637
PU-C,5,0.4,0.0,105,3000,0,109,507,616,0.23137355543440208,0.12419999999999998,0.6001934999949299,0,0,106,0.3119266055045872,0.3761467889908257,0.7278088927268982
PU-C,5,0.4,0.0,110,3000,0,114,406,520,0.19766947941388935,0.1179,0.6294726249761879,0,0,111,0.30701754385964913,0.3684210526315789,0.7416181564331055
PU-C,5,0.4,0.0,115,3000,0,119,498,617,0.23172326787607744,0.123,0.6599414160009474,0,0,116,0.31092436974789917,0.3697478991596639,0.7278931736946106
PU-C,5,0.4,0.0,120,3000,0,124,399,523,0.19872692442731932,0.11609999999999998,0.6887403329601511,0,0,121,0.3225806451612903,0.3870967741935484,0.7447434067726135
PU-C,5,0.4,0.0,125,3000,0,129,535,664,0.24813048518262804,0.14280000000000004,0.7214640830061398,0,0,126,0.34108527131782945,0.40310077519379844,0.7061485648155212
PU-C,5,0.4,0.0,130,3000,0,134,384,518,0.1969643555348739,0.1159,0.7534382909652777,0,0,131,0.3283582089552239,0.40298507462686567,0.6701748371124268
PU-C,5,0.4,0.0,135,3000,0,139,326,465,0.17822964064544067,0.08020000000000005,0.7877227909630165,0,0,136,0.31654676258992803,0.38848920863309355,0.6237680315971375
PU-C,5,0.4,0.0,140,3000,0,144,389,533,0.202249675989151,0.10899999999999999,0.8233543329988606,0,0,141,0.3125,0.3819444444444444,0.6456146240234375
PU-C,5,0.4,0.0,145,3000,0,149,422,571,0.21560816647252068,0.10629999999999995,0.8579261249979027,0,0,146,0.3087248322147651,0.37583892617449666,0.7085564136505127
PU-C,5,0.4,0.0,150,3000,0,154,387,541,0.20506562368245795,0.10819999999999996,0.8909454999957234,0,0,151,0.3051948051948052,0.37012987012987014,0.5832479596138
PU-C,5,0.4,0.0,155,3000,0,159,428,587,0.22122010361636057,0.10409999999999997,0.9247484160005115,0,0,156,0.29559748427672955,0.3584905660377358,0.6701510548591614
PU-C,5,0.4,0.0,160,3000,0,164,330,494,0.18849262921139598,0.08350000000000002,0.9569464579690248,0,0,161,0.29878048780487804,0.3719512195121951,0.5332603454589844
PU-C,5,0.4,0.0,165,3000,0,169,420,589,0.22192108584567904,0.12670000000000003,0.9922582909930497,0,0,166,0.2958579881656805,0.3668639053254438,0.5334497690200806
PU-C,5,0.4,0.0,170,3000,0,174,352,526,0.19978408206952736,0.09089999999999998,1.0310763329616748,0,0,171,0.28735632183908044,0.3620689655172414,0.5958755016326904
PU-C,5,0.4,0.0,175,3000,0,179,304,483,0.1846032562898472,0.08460000000000001,1.0744728329591453,0,0,176,0.2905027932960894,0.36312849162011174,0.5397781729698181
PU-C,5,0.4,0.0,180,3000,0,184,306,490,0.1870787946972996,0.07720000000000005,1.1092857079929672,0,0,181,0.28804347826086957,0.358695652173913,0.5235810875892639
PU-C,5,0.4,0.0,185,3000,0,189,261,450,0.1729092591558583,0.07769999999999999,1.1451037499937229,0,0,186,0.291005291005291,0.36507936507936506,0.4914020001888275
PU-C,5,0.4,0.0,190,3000,0,194,326,520,0.19766947941388935,0.08430000000000004,1.181503875006456,0,0,191,0.28865979381443296,0.37628865979381443,0.5276883244514465
PU-C,5,0.4,0.0,195,3000,0,199,225,424,0.16366678231861442,0.0655,1.215745166002307,0,0,196,0.2864321608040201,0.3768844221105528,0.4684385657310486
PU-C,5,0.4,0.0,200,3000,0,204,326,530,0.2011931817396544,0.10329999999999995,1.2502028750022873,0,0,201,0.29411764705882354,0.38235294117647056,0.47314754128456116
PU-C,5,0.4,0.0,205,3000,0,209,161,370,0.14438000600785017,0.03249999999999997,1.2830328329582699,0,0,206,0.291866028708134,0.37799043062200954,0.4507061839103699
PU-C,5,0.4,0.0,210,3000,0,214,290,504,0.19202484015841037,0.09030000000000005,1.326385708001908,0,0,211,0.2897196261682243,0.38317757009345793,0.4867000877857208
PU-C,5,0.4,0.0,215,3000,0,219,138,357,0.13971675105858594,0.02429999999999999,1.3614882080000825,0,0,216,0.2876712328767123,0.3789954337899543,0.470147043466568
PU-C,5,0.4,0.0,220,3000,0,224,226,450,0.1729092591558583,0.0696,1.3973396659712307,0,0,221,0.29464285714285715,0.38392857142857145,0.43038997054100037
PU-C,5,0.4,0.0,225,3000,0,229,185,414,0.16010473761707544,0.03859999999999997,1.4323450409574434,0,0,226,0.29694323144104806,0.38427947598253276,0.39150089025497437
PU-C,5,0.4,0.0,230,3000,0,234,185,419,0.1618862779578194,0.040200000000000014,1.463261374970898,0,0,231,0.29914529914529914,0.38461538461538464,0.4758809506893158
PU-C,5,0.4,0.0,235,3000,0,239,152,391,0.1518958661472425,0.03320000000000001,1.4909190409816802,0,0,236,0.301255230125523,0.3891213389121339,0.4907524287700653
PU-C,5,0.4,0.0,240,3000,0,244,332,576,0.21736268227687106,0.09770000000000001,1.517314750002697,0,0,241,0.3073770491803279,0.3975409836065574,0.41672825813293457
PU-C,5,0.4,0.0,245,3000,0,249,219,468,0.17929271882167086,0.059799999999999964,1.544407457986381,0,0,246,0.30522088353413657,0.39357429718875503,0.38841402530670166
PU-C,5,0.4,0.0,250,3000,0,254,288,542,0.20541747816605493,0.08660000000000001,1.570793540973682,0,0,251,0.3031496062992126,0.38976377952755903,0.4334104657173157
PU-C,5,0.4,0.0,255,3000,0,259,157,416,0.1608174790162593,0.043300000000000005,1.6037169999908656,0,0,256,0.2972972972972973,0.38223938223938225,0.46054571866989136
PU-C,5,0.4,0.0,260,3000,0,264,182,446,0.17148905905196443,0.05740000000000001,1.636544540990144,0,0,261,0.29924242424242425,0.38257575757575757,0.42503196001052856
PU-C,5,0.4,0.0,265,3000,0,269,307,576,0.21736268227687106,0.09019999999999995,1.6705603749724105,0,0,266,0.3048327137546468,0.38661710037174724,0.36149862408638
PU-C,5,0.4,0.0,270,3000,0,274,153,427,0.16473459382541478,0.0464,1.703709749970585,0,0,271,0.29927007299270075,0.38686131386861317,0.3965305984020233
PU-C,5,0.4,0.0,275,3000,0,279,129,408,0.15796550025697798,0.023599999999999954,1.7391069160075858,0,0,276,0.2939068100358423,0.3906810035842294,0.3989631235599518
PU-C,5,0.4,0.0,280,3000,0,284,195,479,0.18318789481418207,0.05669999999999997,1.779445374966599,0,0,281,0.29225352112676056,0.39436619718309857,0.4362061023712158
PU-C,5,0.4,0.0,285,3000,0,289,164,453,0.1739740094053559,0.06169999999999998,1.8257031249813735,0,0,286,0.29411764705882354,0.39792387543252594,0.4455461800098419
PU-C,5,0.4,0.0,290,3000,0,294,213,507,0.1930838503758423,0.06920000000000004,1.85619958298048,0,0,291,0.29591836734693877,0.3979591836734694,0.40827274322509766
PU-C,5,0.4,0.0,295,3000,0,299,120,419,0.1618862779578194,0.03610000000000002,1.8895897080074064,0,0,296,0.29431438127090304,0.4013377926421405,0.37015387415885925
PU-C,5,0.4,0.0,300,3000,0,304,249,553,0.2092858671094291,0.09109999999999996,1.921045665978454,0,0,301,0.29605263157894735,0.40131578947368424,0.4908578395843506
PU-C,5,0.4,0.0,305,3000,0,309,115,424,0.16366678231861442,0.029000000000000026,1.952223124972079,0,0,306,0.2912621359223301,0.40129449838187703,0.4857904613018036
PU-C,5,0.4,0.0,310,3000,0,314,211,525,0.19943172798957676,0.07550000000000001,1.9867470829631202,0,0,311,0.2961783439490446,0.40764331210191085,0.5669680833816528
PU-C,5,0.4,0.0,315,3000,0,319,269,588,0.22157060878816992,0.08819999999999995,2.0260672500007786,0,0,316,0.2946708463949843,0.41379310344827586,0.4913056790828705
PU-C,5,0.4,0.0,320,3000,0,324,190,514,0.1955537197063677,0.0534,2.0665222909883596,0,0,321,0.29012345679012347,0.4104938271604938,0.521163284778595
PU-C,5,0.4,0.0,325,3000,0,329,195,524,0.1990793421282433,0.062100000000000044,2.1001134159741923,0,0,326,0.2917933130699088,0.4133738601823708,0.5196766257286072
PU-C,5,0.4,0.0,330,3000,0,334,145,479,0.18318789481418207,0.050000000000000044,2.186016332998406,0,0,331,0.2934131736526946,0.4161676646706587,0.5358068943023682
PU-C,5,0.4,0.0,335,3000,0,339,185,524,0.1990793421282433,0.05400000000000005,2.2326195829664357,0,0,336,0.2920353982300885,0.41297935103244837,0.44101399183273315
PU-C,5,0.4,0.0,340,3000,0,344,225,569,0.21490615798393264,0.07469999999999999,2.279555540997535,0,0,341,0.2936046511627907,0.4186046511627907,0.4164483845233917
PU-C,5,0.4,0.0,345,3000,0,349,121,470,0.1800012559397146,0.041200000000000014,2.3168966659577563,0,0,346,0.29512893982808025,0.4183381088825215,0.5168871283531189
PU-C,5,0.4,0.0,350,3000,0,354,223,577,0.21771349920891225,0.07099999999999995,2.3662724159657955,0,0,351,0.2994350282485876,0.423728813559322,0.45871248841285706
PU-C,5,0.4,0.0,355,3000,0,359,191,550,0.20823121524881572,0.062000000000000055,2.433381915965583,0,0,356,0.29526462395543174,0.4206128133704735,0.5289282202720642
PU-C,5,0.4,0.0,360,3000,0,364,211,575,0.2170118367066607,0.07130000000000003,2.4760007499717176,0,0,361,0.29395604395604397,0.42032967032967034,0.4049187898635864
PU-C,5,0.4,0.0,365,3000,0,369,171,540,0.204713738465216,0.049699999999999966,2.515905082982499,0,0,366,0.2926829268292683,0.42005420054200543,0.4031180739402771
PU-C,5,0.4,0.0,370,3000,0,374,141,515,0.1959064273396507,0.041200000000000014,2.562047707964666,0,0,371,0.2887700534759358,0.4197860962566845,0.38403499126434326
PU-C,5,0.4,0.0,375,3000,0,379,161,540,0.204713738465216,0.06240000000000001,2.6091851249802858,0,0,376,0.287598944591029,0.42480211081794195,0.5475769639015198
PU-C,5,0.4,0.0,380,3000,0,384,166,550,0.20823121524881572,0.05300000000000005,2.654284499993082,0,0,381,0.2890625,0.4270833333333333,0.510037362575531
PU-C,5,0.4,0.0,385,3000,0,389,182,571,0.21560816647252068,0.07110000000000005,2.6999879999784753,0,0,386,0.29048843187660667,0.42930591259640105,0.570308268070221
PU-C,5,0.4,0.0,390,3000,0,394,72,466,0.17858403647551313,0.026699999999999946,2.7406515830080025,0,0,391,0.2893401015228426,0.43147208121827413,0.3758438229560852
PU-C,5,0.4,0.0,395,3000,0,399,186,585,0.2205190091044642,0.07020000000000004,2.774331540975254,0,0,396,0.2932330827067669,0.43358395989974935,0.5055294036865234
PU-C,5,0.4,0.0,400,3000,0,404,70,474,0.18141789734363556,0.02290000000000003,2.8158226250088774,0,0,401,0.29455445544554454,0.43316831683168316,0.4040415585041046
PU-C,5,0.4,0.0,405,3000,0,409,43,452,0.17361913050990552,0.022800000000000042,2.851549957995303,0,0,406,0.30073349633251834,0.4400977995110024,0.3028031289577484
PU-C,5,0.4,0.0,410,3000,0,414,61,475,0.18177196802571416,0.029200000000000004,2.886164458002895,0,0,411,0.30193236714975846,0.4396135265700483,0.3250994086265564
PU-C,5,0.4,0.0,415,3000,0,419,97,516,0.1962591024930589,0.03490000000000004,2.9240351659827866,0,0,416,0.3031026252983294,0.441527446300716,0.2549305558204651
PU-C,5,0.4,0.0,420,3000,0,424,152,576,0.21736268227687106,0.0524,2.9605534579604864,0,0,421,0.3018867924528302,0.4410377358490566,0.39702633023262024
PU-C,5,0.4,0.0,425,3000,0,429,158,587,0.22122010361636057,0.061799999999999966,3.00630754098529,0,0,426,0.3076923076923077,0.44755244755244755,0.49136605858802795
PU-C,5,0.4,0.0,430,3000,0,434,164,598,0.2250741267343983,0.05489999999999995,3.0554932079976425,0,0,431,0.3064516129032258,0.44930875576036866,0.5565344095230103
PU-C,5,0.4,0.0,435,3000,0,439,164,603,0.2268248504260555,0.0595,3.101983707980253,0,0,436,0.3052391799544419,0.4533029612756264,0.42159855365753174
PU-C,5,0.4,0.0,440,3000,0,444,79,523,0.19872692442731932,0.046599999999999975,3.138792499958072,0,0,441,0.3063063063063063,0.45495495495495497,0.5776718854904175
PU-C,5,0.4,0.0,445,3000,0,449,150,599,0.22542432631598786,0.06000000000000005,3.1832614159793593,0,0,446,0.30957683741648107,0.4610244988864143,0.5777854919433594
PU-C,5,0.4,0.0,450,3000,0,454,34,488,0.18637167132692412,0.02310000000000001,3.2365285829873756,0,0,451,0.31057268722466963,0.4647577092511013,0.5176972150802612
PU-C,5,0.4,0.0,455,3000,0,459,143,602,0.22647476044949144,0.05500000000000005,3.2737441249773838,0,0,456,0.3115468409586057,0.4684095860566449,0.5772294998168945
PU-C,5,0.4,0.0,460,3000,0,464,80,544,0.2061210952233523,0.05259999999999998,3.310966082965024,0,0,461,0.3103448275862069,0.4698275862068966,0.5879815220832825
PU-C,5,0.4,0.0,465,3000,0,469,66,535,0.20295384910423309,0.03990000000000005,3.352762790978886,0,0,466,0.3091684434968017,0.4690831556503198,0.5675028562545776
PU-C,5,0.4,0.0,470,3000,0,474,62,536,0.20330588897923008,0.03410000000000002,3.4034000409883447,0,0,471,0.310126582278481,0.4704641350210971,0.6241624355316162
PU-C,5,0.4,0.0,475,3000,0,479,42,521,0.19802199315745384,0.02529999999999999,3.447150415973738,0,0,476,0.3089770354906054,0.4718162839248434,0.5925000905990601
PU-C,5,0.4,0.0,480,3000,0,484,68,552,0.20893434656318277,0.04569999999999996,3.50277537497459,0,0,481,0.30578512396694213,0.47107438016528924,0.6154388785362244
PU-C,5,0.4,0.0,485,3000,0,489,140,629,0.23591775394743308,0.06540000000000001,3.548609416000545,0,0,486,0.30265848670756645,0.46830265848670755,0.5624514818191528
PU-C,5,0.4,0.0,490,3000,0,494,92,586,0.22086957044666633,0.05589999999999995,3.5946763749816455,0,0,491,0.29959514170040485,0.4676113360323887,0.5882522463798523
PU-C,5,0.4,0.0,495,3000,0,499,55,554,0.20963735767873004,0.039000000000000035,3.6379425829509273,0,0,496,0.2985971943887776,0.4649298597194389,0.636123538017273
PU-C,5,0.4,0.0,500,3000,0,504,92,596,0.2243736449163407,0.0504,3.6795321249519475,0,0,501,0.2976190476190476,0.4623015873015873,0.601012110710144
PU-C,5,0.4,0.0,505,3000,0,509,64,573,0.21631005924427882,0.03849999999999998,3.7236119579756632,0,0,506,0.2966601178781925,0.4636542239685658,0.5849573612213135
PU-C,5,0.4,0.0,510,3000,0,514,28,542,0.20541747816605493,0.028200000000000003,3.763068458007183,0,0,511,0.29766536964980544,0.46303501945525294,0.6424174308776855
PU-C,5,0.4,0.0,515,3000,0,519,77,596,0.2243736449163407,0.060799999999999965,3.8025112909963354,0,0,516,0.30057803468208094,0.464354527938343,0.605059802532196
PU-C,5,0.4,0.0,520,3000,0,524,6,530,0.2011931817396544,0.011299999999999977,3.8421532079810277,0,0,521,0.29770992366412213,0.4618320610687023,0.556544840335846
PU-C,5,0.4,0.0,525,3000,0,529,37,566,0.2138529270887375,0.03539999999999999,3.8972857909975573,0,0,526,0.29678638941398866,0.45935727788279773,0.6033320426940918
PU-C,5,0.4,0.0,530,3000,0,534,35,569,0.21490615798393264,0.03600000000000003,3.952824290958233,0,0,531,0.2940074906367041,0.4550561797752809,0.5502941608428955
PU-C,5,0.4,0.0,535,3000,0,539,11,550,0.20823121524881572,0.024499999999999966,4.002376957971137,0,0,536,0.29313543599257885,0.45269016697588127,0.49086084961891174
PU-C,5,0.4,0.0,539,3000,0,543,0,543,0.2057693019742146,0.01870000000000005,4.037370915990323,1,0,540,0.2946593001841621,0.4530386740331492,0.49400973320007324
PU-F,5,0.4,0.0,0,3000,0,4,474,478,0.18283396633341908,0.09919999999999995,0.008169042004738003,0,0,1,0.0,0.25,0.5950677394866943
PU-F,5,0.4,0.0,5,3000,0,9,377,386,0.15010823006741703,0.08220000000000005,0.09081445797346532,0,0,6,0.2222222222222222,0.3333333333333333,0.6729305386543274
PU-F,5,0.4,0.0,10,3000,0,14,641,655,0.24499302072217688,0.15480000000000005,0.16052495798794553,0,0,11,0.35714285714285715,0.42857142857142855,0.7596882581710815
PU-F,5,0.4,0.0,15,3000,0,19,569,588,0.22157060878816992,0.14870000000000005,0.2385867499979213,0,0,16,0.3684210526315789,0.42105263157894735,0.6919915080070496
PU-F,5,0.4,0.0,20,3000,0,24,594,618,0.23207295371685177,0.14100000000000001,0.29116570798214525,0,0,21,0.3333333333333333,0.4166666666666667,0.7545170187950134
PU-F,5,0.4,0.0,25,3000,0,29,603,632,0.2369657856761478,0.17210000000000003,0.328923000022769,0,0,26,0.3793103448275862,0.4827586206896552,0.6202175617218018
PU-F,5,0.4,0.0,30,3000,0,34,558,592,0.22297234943835065,0.12639999999999996,0.36888937500771135,0,0,31,0.35294117647058826,0.4411764705882353,0.7408530116081238
PU-F,5,0.4,0.0,35,3000,0,39,582,621,0.23312185192480683,0.16169999999999995,0.4293614170164801,0,0,36,0.3333333333333333,0.41025641025641024,0.6272876262664795
PU-F,5,0.4,0.0,40,3000,0,44,465,509,0.1937896916642785,0.10750000000000004,0.5024271670263261,0,0,41,0.29545454545454547,0.36363636363636365,0.7495287656784058
PU-F,5,0.4,0.0,45,3000,0,49,545,594,0.22367305267835036,0.14229999999999998,0.578452792018652,0,0,46,0.2653061224489796,0.32653061224489793,0.6345539689064026
PU-F,5,0.4,0.0,50,3000,0,54,451,505,0.19237787678139284,0.10499999999999998,0.6497064579743892,0,0,51,0.2962962962962963,0.35185185185185186,0.7508098483085632
PU-F,5,0.4,0.0,55,3000,0,59,519,578,0.21806428756099194,0.13859999999999995,0.7236593330162577,0,0,56,0.3050847457627119,0.3559322033898305,0.6388565301895142
PU-F,5,0.4,0.0,60,3000,0,64,437,501,0.19096553017152473,0.10440000000000005,0.8054385830182582,0,0,61,0.296875,0.34375,0.7577398419380188
PU-F,5,0.4,0.0,65,3000,0,69,502,571,0.21560816647252068,0.13629999999999998,0.8804820830118842,0,0,66,0.2753623188405797,0.3188405797101449,0.6367233991622925
PU-F,5,0.4,0.0,70,3000,0,74,453,527,0.2001364043680951,0.10640000000000005,0.9352656669798307,0,0,71,0.2972972972972973,0.33783783783783783,0.7480085492134094
PU-F,5,0.4,0.0,75,3000,0,79,472,551,0.20858279598178342,0.12729999999999997,0.9991796669783071,0,0,76,0.27848101265822783,0.3291139240506329,0.6352624297142029
PU-F,5,0.4,0.0,80,3000,0,84,455,539,0.20436182245612144,0.10860000000000003,1.0556140830158256,0,0,81,0.2619047619047619,0.34523809523809523,0.7527254819869995
PU-F,5,0.4,0.0,85,3000,0,89,408,497,0.189552646887023,0.11129999999999995,1.1187417500186712,0,0,86,0.24719101123595505,0.33707865168539325,0.6369002461433411
PU-F,5,0.4,0.0,90,3000,0,94,442,536,0.20330588897923008,0.10360000000000003,1.188282374991104,0,0,91,0.2553191489361702,0.3404255319148936,0.7567163109779358
PU-F,5,0.4,0.0,95,3000,0,99,391,490,0.1870787946972996,0.10770000000000002,1.2563308330136351,0,0,96,0.26262626262626265,0.3434343434343434,0.6324176788330078
PU-F,5,0.4,0.0,100,3000,0,104,455,559,0.21139436279190704,0.10880000000000001,1.3291002920013852,0,0,101,0.25961538461538464,0.33653846153846156,0.7604231238365173
PU-F,5,0.4,0.0,105,3000,0,109,369,478,0.18283396633341908,0.10009999999999997,1.4019982499885373,0,0,106,0.26605504587155965,0.3394495412844037,0.6333649754524231
PU-F,5,0.4,0.0,110,3000,0,114,464,578,0.21806428756099194,0.10999999999999999,1.4756141669931822,0,0,111,0.2719298245614035,0.34210526315789475,0.7561532258987427
PU-F,5,0.4,0.0,115,3000,0,119,367,486,0.18566440959693864,0.10129999999999995,1.547829792019911,0,0,116,0.2605042016806723,0.3277310924369748,0.6364216208457947
PU-F,5,0.4,0.0,120,3000,0,124,449,573,0.21631005924427882,0.10660000000000003,1.6291592919733375,0,0,121,0.25,0.3225806451612903,0.7556101083755493
PU-F,5,0.4,0.0,125,3000,0,129,469,598,0.2250741267343983,0.1382,1.688184792001266,0,0,126,0.24031007751937986,0.3178294573643411,0.5936560034751892
PU-F,5,0.4,0.0,130,3000,0,134,387,521,0.19802199315745384,0.09019999999999995,1.7559963749954477,0,0,131,0.23134328358208955,0.31343283582089554,0.6614578366279602
PU-F,5,0.4,0.0,135,3000,0,139,365,504,0.19202484015841037,0.10109999999999997,1.8263569999835454,0,0,136,0.2302158273381295,0.30935251798561153,0.5196237564086914
PU-F,5,0.4,0.0,140,3000,0,144,411,555,0.20998881832929328,0.09630000000000005,1.9019987920182757,0,0,141,0.24305555555555555,0.3194444444444444,0.5658589601516724
PU-F,5,0.4,0.0,145,3000,0,149,346,495,0.18884600239107385,0.09589999999999999,1.9655214169761166,0,0,146,0.2550335570469799,0.3288590604026846,0.48832961916923523
PU-F,5,0.4,0.0,150,3000,0,154,397,551,0.20858279598178342,0.0947,2.0292674169759266,0,0,151,0.2532467532467532,0.3246753246753247,0.5283684730529785
PU-F,5,0.4,0.0,155,3000,0,159,294,453,0.1739740094053559,0.07569999999999999,2.1008116669836454,0,0,156,0.24528301886792453,0.31446540880503143,0.46303266286849976
PU-F,5,0.4,0.0,160,3000,0,164,447,611,0.2296245924080722,0.1109,2.164174292003736,0,0,161,0.24390243902439024,0.31097560975609756,0.5638160705566406
PU-F,5,0.4,0.0,165,3000,0,169,273,442,0.17006824392592534,0.07740000000000002,2.2447860420215875,0,0,166,0.23668639053254437,0.30177514792899407,0.45539483428001404
PU-F,5,0.4,0.0,170,3000,0,174,417,591,0.22262195614166558,0.11350000000000005,2.313948083028663,0,0,171,0.22988505747126436,0.2988505747126437,0.5517129302024841
PU-F,5,0.4,0.0,175,3000,0,179,243,422,0.16295470390468836,0.06820000000000004,2.385817083006259,0,0,176,0.22346368715083798,0.29608938547486036,0.44497689604759216
PU-F,5,0.4,0.0,180,3000,0,184,237,421,0.16259860317222774,0.053200000000000025,2.442601124988869,0,0,181,0.21739130434782608,0.28804347826086957,0.4525770843029022
PU-F,5,0.4,0.0,185,3000,0,189,169,358,0.14007576100993901,0.036900000000000044,2.4979327080072835,0,0,186,0.21164021164021163,0.2857142857142857,0.4487876296043396
PU-F,5,0.4,0.0,190,3000,0,194,227,421,0.16259860317222774,0.06410000000000005,2.5479262080043554,0,0,191,0.211340206185567,0.28865979381443296,0.44258204102516174
PU-F,5,0.4,0.0,195,3000,0,199,167,366,0.1429460442159325,0.03720000000000001,2.6251380420289934,0,0,196,0.20603015075376885,0.2864321608040201,0.47552359104156494
PU-F,5,0.4,0.0,200,3000,0,204,233,437,0.16829134989529848,0.05910000000000004,2.7296832079882734,0,0,201,0.20098039215686275,0.27941176470588236,0.43427562713623047
PU-F,5,0.4,0.0,205,3000,0,209,159,368,0.14366312231868505,0.03869999999999996,2.7843482500175014,0,0,206,0.20095693779904306,0.27751196172248804,0.43594232201576233
PU-F,5,0.4,0.0,210,3000,0,214,176,390,0.15153842966537923,0.04239999999999999,2.8353704169858247,0,0,211,0.205607476635514,0.2803738317757009,0.388908714056015
PU-F,5,0.4,0.0,215,3000,0,219,159,378,0.14724562253104523,0.046499999999999986,2.8802516250289045,0,0,216,0.2100456621004566,0.2831050228310502,0.4130116105079651
PU-F,5,0.4,0.0,220,3000,0,224,154,378,0.14724562253104523,0.02429999999999999,2.9373826250084676,0,0,221,0.20982142857142858,0.28125,0.4007023572921753
PU-F,5,0.4,0.0,225,3000,0,229,143,372,0.14509669656399637,0.029100000000000015,2.989816708024591,0,0,226,0.2183406113537118,0.2925764192139738,0.4320778548717499
PU-F,5,0.4,0.0,230,3000,0,234,149,383,0.14903509989380836,0.028699999999999948,3.0369026670232415,0,0,231,0.21367521367521367,0.2905982905982906,0.3903847634792328
PU-F,5,0.4,0.0,235,3000,0,239,166,405,0.15689530549570918,0.04459999999999997,3.094108499994036,0,0,236,0.21338912133891214,0.2928870292887029,0.4073570966720581
PU-F,5,0.4,0.0,240,3000,0,244,182,426,0.16437869728542864,0.04800000000000004,3.1444950830191374,0,0,241,0.22540983606557377,0.30327868852459017,0.38956353068351746
PU-F,5,0.4,0.0,245,3000,0,249,123,372,0.14509669656399637,0.048699999999999966,3.199057499994524,0,0,246,0.2289156626506024,0.30522088353413657,0.3948516547679901
PU-F,5,0.4,0.0,250,3000,0,254,142,396,0.15368237491929904,0.04369999999999996,3.260935582977254,0,0,251,0.23228346456692914,0.3110236220472441,0.37848493456840515
PU-F,5,0.4,0.0,255,3000,0,259,131,390,0.15153842966537923,0.03749999999999998,3.3211615000036545,0,0,256,0.23552123552123552,0.3166023166023166,0.3777642846107483
PU-F,5,0.4,0.0,260,3000,0,264,125,389,0.15118094795616344,0.02729999999999999,3.4055304169887677,0,0,261,0.23484848484848486,0.3181818181818182,0.385745108127594
PU-F,5,0.4,0.0,265,3000,0,269,203,472,0.1807096485281363,0.06479999999999997,3.450722749985289,0,0,266,0.241635687732342,0.32342007434944237,0.3429601490497589
PU-F,5,0.4,0.0,270,3000,0,274,142,416,0.1608174790162593,0.04179999999999995,3.4989015419851057,0,0,271,0.24087591240875914,0.32116788321167883,0.3311000168323517
PU-F,5,0.4,0.0,275,3000,0,279,157,436,0.16793585335835814,0.047599999999999976,3.5457833749824204,0,0,276,0.24014336917562723,0.3225806451612903,0.33128491044044495
PU-F,5,0.4,0.0,280,3000,0,284,194,478,0.18283396633341908,0.060799999999999965,3.592827083019074,0,0,281,0.23943661971830985,0.3204225352112676,0.35040947794914246
PU-F,5,0.4,0.0,285,3000,0,289,93,382,0.1486772975185886,0.03090000000000004,3.6374095830251463,0,0,286,0.23875432525951557,0.31833910034602075,0.3468143939971924
PU-F,5,0.4,0.0,290,3000,0,294,106,400,0.15511078212875873,0.040000000000000036,3.6816583329928108,0,0,291,0.24149659863945577,0.3231292517006803,0.37302905321121216
PU-F,5,0.4,0.0,295,3000,0,299,139,438,0.16864680708386004,0.048699999999999966,3.728887042030692,0,0,296,0.2408026755852843,0.3277591973244147,0.33480238914489746
PU-F,5,0.4,0.0,300,3000,0,304,105,409,0.15832214610418305,0.03269999999999995,3.773967500019353,0,0,301,0.24013157894736842,0.32894736842105265,0.36569178104400635
PU-F,5,0.4,0.0,305,3000,0,309,100,409,0.15832214610418305,0.03739999999999999,3.819585375022143,0,0,306,0.2459546925566343,0.3365695792880259,0.33587101101875305
PU-F,5,0.4,0.0,310,3000,0,314,73,387,0.15046584833180532,0.02969999999999995,3.868942666973453,0,0,311,0.2484076433121019,0.3375796178343949,0.31370699405670166
PU-F,5,0.4,0.0,315,3000,0,319,50,369,0.14402158837765455,0.0242,3.9144761670031585,0,0,316,0.2507836990595611,0.3448275862068966,0.3473089933395386
PU-F,5,0.4,0.0,320,3000,0,324,82,406,0.1572520800982602,0.02980000000000005,3.9582060829852708,0,0,321,0.25925925925925924,0.35185185185185186,0.358731210231781
PU-F,5,0.4,0.0,325,3000,0,329,56,385,0.1497505659935996,0.02429999999999999,4.002108832995873,0,0,326,0.2613981762917933,0.3556231003039514,0.33121830224990845
PU-F,5,0.4,0.0,330,3000,0,334,55,389,0.15118094795616344,0.03210000000000002,4.04628412501188,0,0,331,0.26646706586826346,0.36227544910179643,0.3084028661251068
PU-F,5,0.4,0.0,335,3000,0,339,45,384,0.1493928559939377,0.016000000000000014,4.087191333004739,0,0,336,0.26843657817109146,0.36283185840707965,0.26773616671562195
PU-F,5,0.4,0.0,340,3000,0,344,37,381,0.1483194487518631,0.03159999999999996,4.128758042003028,0,0,341,0.27906976744186046,0.37209302325581395,0.2704070806503296
PU-F,5,0.4,0.0,345,3000,0,349,43,392,0.15225325751816854,0.033499999999999974,4.170442125003319,0,0,346,0.28653295128939826,0.37822349570200575,0.21969185769557953
PU-F,5,0.4,0.0,350,3000,0,354,39,393,0.15261060395278037,0.016000000000000014,4.204365207988303,0,0,351,0.2909604519774011,0.3813559322033898,0.26849764585494995
PU-F,5,0.4,0.0,355,3000,0,359,66,425,0.16402276017470285,0.02849999999999997,4.242369999992661,0,0,356,0.29526462395543174,0.38440111420612816,0.22155843675136566
PU-F,5,0.4,0.0,360,3000,0,364,127,491,0.18743230478139594,0.041200000000000014,4.29284941701917,0,0,361,0.29120879120879123,0.3873626373626374,0.22060279548168182
PU-F,5,0.4,0.0,365,3000,0,369,73,442,0.17006824392592534,0.035499999999999976,4.349953250028193,0,0,366,0.2872628726287263,0.3902439024390244,0.30491116642951965
PU-F,5,0.4,0.0,370,3000,0,374,35,409,0.15832214610418305,0.030200000000000005,4.398215666995384,0,0,371,0.28342245989304815,0.39037433155080214,0.2921471893787384
PU-F,5,0.4,0.0,375,3000,0,379,34,413,0.15974830387858674,0.02290000000000003,4.44013724999968,0,0,376,0.2849604221635884,0.39577836411609496,0.38903024792671204
PU-F,5,0.4,0.0,380,3000,0,384,62,446,0.17148905905196443,0.021199999999999997,4.479263333021663,0,0,381,0.2890625,0.3984375,0.3445293605327606
PU-F,5,0.4,0.0,385,3000,0,389,107,496,0.18919934157747775,0.04269999999999996,4.522279832977802,0,0,386,0.2879177377892031,0.39845758354755784,0.21281448006629944
PU-F,5,0.4,0.0,390,3000,0,394,96,490,0.1870787946972996,0.029900000000000038,4.578584124974441,0,0,391,0.28426395939086296,0.3934010152284264,0.2888778746128082
PU-F,5,0.4,0.0,395,3000,0,399,71,470,0.1800012559397146,0.03190000000000004,4.631646958005149,0,0,396,0.2807017543859649,0.39097744360902253,0.273070752620697
PU-F,5,0.4,0.0,400,3000,0,404,58,462,0.17716623313026503,0.029200000000000004,4.688696000026539,0,0,401,0.27970297029702973,0.3910891089108911,0.2725246846675873
PU-F,5,0.4,0.0,405,3000,0,409,64,473,0.1810637908638455,0.03190000000000004,4.738332458015066,0,0,406,0.2787286063569682,0.38875305623471884,0.2544144093990326
PU-F,5,0.4,0.0,410,3000,0,414,79,493,0.1881392219220288,0.03710000000000002,4.788883417029865,0,0,411,0.2777777777777778,0.391304347826087,0.24610720574855804
PU-F,5,0.4,0.0,415,3000,0,419,51,470,0.1800012559397146,0.033499999999999974,4.833585750020575,0,0,416,0.27684964200477324,0.38902147971360385,0.12809760868549347
PU-F,5,0.4,0.0,420,3000,0,424,48,472,0.1807096485281363,0.027200000000000002,4.876152458018623,0,0,421,0.2830188679245283,0.39622641509433965,0.19954757392406464
PU-F,5,0.4,0.0,425,3000,0,429,36,465,0.17822964064544067,0.024800000000000044,4.924745208001696,0,0,426,0.28438228438228436,0.3962703962703963,0.17803281545639038
PU-F,5,0.4,0.0,430,3000,0,434,90,524,0.1990793421282433,0.04190000000000005,4.966551374993287,0,0,431,0.2834101382488479,0.39631336405529954,0.14328430593013763
PU-F,5,0.4,0.0,435,3000,0,439,29,468,0.17929271882167086,0.02310000000000001,5.010898082982749,0,0,436,0.2847380410022779,0.4009111617312073,0.21435293555259705
PU-F,5,0.4,0.0,440,3000,0,444,18,462,0.17716623313026503,0.023499999999999965,5.051201208028942,0,0,441,0.2905405405405405,0.40765765765765766,0.18004553020000458
PU-F,5,0.4,0.0,445,3000,0,449,12,461,0.17681169032584876,0.015000000000000013,5.09640495799249,0,0,446,0.2984409799554566,0.4142538975501114,0.23874078691005707
PU-F,5,0.4,0.0,450,3000,0,454,4,458,0.17574783985037357,0.01539999999999997,5.1410709579940885,0,0,451,0.3039647577092511,0.42070484581497797,0.1446659415960312
PU-F,5,0.4,0.0,455,3000,0,459,5,464,0.17787520814454183,0.016599999999999948,5.186688708025031,0,0,456,0.30718954248366015,0.4226579520697168,0.13596710562705994
PU-F,5,0.4,0.0,460,3000,0,464,5,469,0.1796470055123791,0.02410000000000001,5.226046124997083,0,0,461,0.3081896551724138,0.4245689655172414,0.14188715815544128
PU-F,5,0.4,0.0,465,3000,0,469,0,469,0.1796470055123791,0.020100000000000007,5.262523917015642,1,0,466,0.3049040511727079,0.42430703624733473,0.15998893976211548
PU-G,5,0.4,0.0,0,3000,0,4,699,703,0.2617034314898774,0.20420000000000005,0.008293916005641222,0,0,1,0.0,0.25,0.5844036340713501
PU-G,5,0.4,0.0,5,3000,0,9,336,345,0.13540464267134666,0.051100000000000034,0.09458154102321714,0,0,6,0.0,0.3333333333333333,0.6597779393196106
PU-G,5,0.4,0.0,10,3000,0,14,489,503,0.19167177024064586,0.1261,0.1722975000157021,0,0,11,0.21428571428571427,0.42857142857142855,0.6452730894088745
PU-G,5,0.4,0.0,15,3000,0,19,321,340,0.1336057098233141,0.05810000000000004,0.2341599580249749,0,0,16,0.15789473684210525,0.3157894736842105,0.6785699725151062
PU-G,5,0.4,0.0,20,3000,0,24,455,479,0.18318789481418207,0.11660000000000004,0.28187400003662333,0,0,21,0.16666666666666666,0.3333333333333333,0.6582398414611816
PU-G,5,0.4,0.0,25,3000,0,29,330,359,0.14043472066987306,0.06230000000000002,0.3096707910299301,0,0,26,0.20689655172413793,0.3448275862068966,0.6582894325256348
PU-G,5,0.4,0.0,30,3000,0,34,453,487,0.18601805780781433,0.11539999999999995,0.33735350001370534,0,0,31,0.2647058823529412,0.38235294117647056,0.6665583252906799
PU-G,5,0.4,0.0,35,3000,0,39,409,448,0.1721992355887778,0.0938,0.367559208010789,0,0,36,0.28205128205128205,0.38461538461538464,0.6236553192138672
PU-G,5,0.4,0.0,40,3000,0,44,451,495,0.18884600239107385,0.11850000000000005,0.4004659579950385,0,0,41,0.29545454545454547,0.38636363636363635,0.6742278933525085
PU-G,5,0.4,0.0,45,3000,0,49,440,489,0.18672525027068332,0.10940000000000005,0.44496933300979435,0,0,46,0.32653061224489793,0.40816326530612246,0.6281583309173584
PU-G,5,0.4,0.0,50,3000,0,54,442,496,0.18919934157747775,0.11819999999999997,0.5103770830319263,0,0,51,0.2962962962962963,0.37037037037037035,0.698473334312439
PU-G,5,0.4,0.0,55,3000,0,59,428,487,0.18601805780781433,0.10009999999999997,0.5797210830496624,0,0,56,0.3050847457627119,0.3728813559322034,0.6759040951728821
PU-G,5,0.4,0.0,60,3000,0,64,434,498,0.18990591826150194,0.11370000000000002,0.6538643750245683,0,0,61,0.28125,0.34375,0.7192589044570923
PU-G,5,0.4,0.0,65,3000,0,69,403,472,0.1807096485281363,0.09009999999999996,0.7430684580467641,0,0,66,0.2753623188405797,0.3333333333333333,0.7219563126564026
PU-G,5,0.4,0.0,70,3000,0,74,410,484,0.18495700892526656,0.10950000000000004,0.8114024579990655,0,0,71,0.25675675675675674,0.32432432432432434,0.7262251973152161
PU-G,5,0.4,0.0,75,3000,0,79,485,564,0.21315062715439126,0.122,0.8940203330130316,0,0,76,0.25316455696202533,0.31645569620253167,0.7676641941070557
PU-G,5,0.4,0.0,80,3000,0,84,390,474,0.18141789734363556,0.09230000000000005,0.9672668750281446,0,0,81,0.2619047619047619,0.32142857142857145,0.7308250665664673
PU-G,5,0.4,0.0,85,3000,0,89,404,493,0.1881392219220288,0.09740000000000004,1.0378125830320641,0,0,86,0.2696629213483146,0.3258426966292135,0.7463898658752441
PU-G,5,0.4,0.0,90,3000,0,94,370,464,0.17787520814454183,0.0877,1.138187208038289,0,0,91,0.2872340425531915,0.3404255319148936,0.7307536005973816
PU-G,5,0.4,0.0,95,3000,0,99,373,472,0.1807096485281363,0.08399999999999996,1.1745700410101563,0,0,96,0.2727272727272727,0.3333333333333333,0.7349814772605896
PU-G,5,0.4,0.0,100,3000,0,104,352,456,0.17503842012956738,0.08360000000000001,1.2500026660272852,0,0,101,0.25961538461538464,0.33653846153846156,0.7276212573051453
PU-G,5,0.4,0.0,105,3000,0,109,345,454,0.174328850582242,0.07750000000000001,1.3197772910352796,0,0,106,0.26605504587155965,0.3669724770642202,0.735265851020813
PU-G,5,0.4,0.0,110,3000,0,114,332,446,0.17148905905196443,0.08230000000000004,1.3875899160047993,0,0,111,0.2543859649122807,0.35964912280701755,0.7283800840377808
PU-G,5,0.4,0.0,115,3000,0,119,371,490,0.1870787946972996,0.08150000000000002,1.46364320802968,0,0,116,0.24369747899159663,0.3445378151260504,0.7409167289733887
PU-G,5,0.4,0.0,120,3000,0,124,323,447,0.17184416647069156,0.08189999999999997,1.538667750020977,0,0,121,0.23387096774193547,0.3387096774193548,0.7251361608505249
PU-G,5,0.4,0.0,125,3000,0,129,577,706,0.26274601224577054,0.14859999999999995,1.6036052910494618,0,0,126,0.24031007751937986,0.34108527131782945,0.7900590300559998
PU-G,5,0.4,0.0,130,3000,0,134,312,446,0.17148905905196443,0.0877,1.6835979580064304,0,0,131,0.23880597014925373,0.3358208955223881,0.7086153030395508
PU-G,5,0.4,0.0,135,3000,0,139,378,517,0.1966117451665923,0.09430000000000005,1.7712086249957792,0,0,136,0.2517985611510791,0.34532374100719426,0.6359931826591492
PU-G,5,0.4,0.0,140,3000,0,144,480,624,0.23417051223805174,0.11739999999999995,1.8456767910392955,0,0,141,0.25,0.3472222222222222,0.703410804271698
PU-G,5,0.4,0.0,145,3000,0,149,414,563,0.21279943321133032,0.11429999999999996,1.9184859580127522,0,0,146,0.24161073825503357,0.3422818791946309,0.5640629529953003
PU-G,5,0.4,0.0,150,3000,0,154,321,475,0.18177196802571416,0.07350000000000001,2.0069087910233065,0,0,151,0.24675324675324675,0.34415584415584416,0.582152783870697
PU-G,5,0.4,0.0,155,3000,0,159,372,531,0.20154537784401327,0.10389999999999999,2.0832804160309024,0,0,156,0.2389937106918239,0.3333333333333333,0.5059025287628174
PU-G,5,0.4,0.0,160,3000,0,164,422,586,0.22086957044666633,0.10109999999999997,2.17183925001882,0,0,161,0.23780487804878048,0.32926829268292684,0.591262936592102
PU-G,5,0.4,0.0,165,3000,0,169,317,486,0.18566440959693864,0.08530000000000004,2.2513196660438552,0,0,166,0.23076923076923078,0.31952662721893493,0.46840327978134155
PU-G,5,0.4,0.0,170,3000,0,174,313,487,0.18601805780781433,0.06479999999999997,2.3200105410069227,0,0,171,0.22413793103448276,0.3103448275862069,0.5217376351356506
PU-G,5,0.4,0.0,175,3000,0,179,360,539,0.20436182245612144,0.09830000000000005,2.394247832999099,0,0,176,0.21787709497206703,0.3016759776536313,0.47858262062072754
PU-G,5,0.4,0.0,180,3000,0,184,248,432,0.16651347110746428,0.051000000000000045,2.4548688330105506,0,0,181,0.21739130434782608,0.29891304347826086,0.4766825735569
PU-G,5,0.4,0.0,185,3000,0,189,366,555,0.20998881832929328,0.0937,2.5207170830108225,0,0,186,0.21164021164021163,0.2962962962962963,0.48891425132751465
PU-G,5,0.4,0.0,190,3000,0,194,293,487,0.18601805780781433,0.06389999999999996,2.592331333027687,0,0,191,0.20618556701030927,0.28865979381443296,0.4986060857772827
PU-G,5,0.4,0.0,195,3000,0,199,316,515,0.1959064273396507,0.09160000000000001,2.6640216660453007,0,0,196,0.20603015075376885,0.2864321608040201,0.46007564663887024
PU-G,5,0.4,0.0,200,3000,0,204,292,496,0.18919934157747775,0.06640000000000001,2.7450152080273256,0,0,201,0.2107843137254902,0.29901960784313725,0.4991137981414795
PU-G,5,0.4,0.0,205,3000,0,209,307,516,0.1962591024930589,0.08289999999999997,2.8216137080453336,0,0,206,0.215311004784689,0.31100478468899523,0.46254396438598633
PU-G,5,0.4,0.0,210,3000,0,214,331,545,0.20647285785526037,0.0766,2.8828109159949236,0,0,211,0.2102803738317757,0.3130841121495327,0.4820670783519745
PU-G,5,0.4,0.0,215,3000,0,219,323,542,0.20541747816605493,0.08689999999999998,2.9477493750164285,0,0,216,0.2146118721461187,0.3150684931506849,0.4678691327571869
PU-G,5,0.4,0.0,220,3000,0,224,276,500,0.19061235984554514,0.059599999999999986,3.0189313330338337,0,0,221,0.21428571428571427,0.3125,0.49070048332214355
PU-G,5,0.4,0.0,225,3000,0,229,306,535,0.20295384910423309,0.09030000000000005,3.126377250009682,0,0,226,0.2183406113537118,0.314410480349345,0.45846399664878845
PU-G,5,0.4,0.0,230,3000,0,234,276,510,0.19414256286108866,0.058599999999999985,3.201890041003935,0,0,231,0.23076923076923078,0.3247863247863248,0.4975823163986206
PU-G,5,0.4,0.0,235,3000,0,239,305,544,0.2061210952233523,0.08599999999999997,3.264362083049491,0,0,236,0.23430962343096234,0.33472803347280333,0.4697667360305786
PU-G,5,0.4,0.0,240,3000,0,244,253,497,0.189552646887023,0.060899999999999954,3.3693590000038967,0,0,241,0.22950819672131148,0.3319672131147541,0.46896371245384216
PU-G,5,0.4,0.0,245,3000,0,249,238,487,0.18601805780781433,0.06689999999999996,3.427819000033196,0,0,246,0.2248995983935743,0.3333333333333333,0.4751984775066376
PU-G,5,0.4,0.0,250,3000,0,254,309,563,0.21279943321133032,0.08809999999999996,3.493457500007935,0,0,251,0.22440944881889763,0.33070866141732286,0.4898471236228943
PU-G,5,0.4,0.0,255,3000,0,259,275,534,0.20260177814634517,0.07540000000000002,3.559117666038219,0,0,256,0.22393822393822393,0.3281853281853282,0.47914233803749084
PU-G,5,0.4,0.0,260,3000,0,264,263,527,0.2001364043680951,0.06920000000000004,3.629420083016157,0,0,261,0.2196969696969697,0.32196969696969696,0.4805939197540283
PU-G,5,0.4,0.0,265,3000,0,269,264,533,0.202249675989151,0.0766,3.6914961250149645,0,0,266,0.21561338289962825,0.3159851301115242,0.4844774603843689
PU-G,5,0.4,0.0,270,3000,0,274,202,476,0.18212600302649662,0.04810000000000003,3.749051833001431,0,0,271,0.2116788321167883,0.3102189781021898,0.4594094157218933
PU-G,5,0.4,0.0,275,3000,0,279,185,464,0.17787520814454183,0.04949999999999999,3.804400916036684,0,0,276,0.2114695340501792,0.30824372759856633,0.42909473180770874
PU-G,5,0.4,0.0,280,3000,0,284,187,471,0.18035547027830034,0.04959999999999998,3.867217749997508,0,0,281,0.20774647887323944,0.3028169014084507,0.4709570109844208
PU-G,5,0.4,0.0,285,3000,0,289,182,471,0.18035547027830034,0.03600000000000003,3.9265135830501094,0,0,286,0.2041522491349481,0.2975778546712803,0.48446887731552124
PU-G,5,0.4,0.0,290,3000,0,294,191,485,0.18531072669429705,0.040200000000000014,3.979441791016143,0,0,291,0.20408163265306123,0.29591836734693877,0.4865565896034241
PU-G,5,0.4,0.0,295,3000,0,299,202,501,0.19096553017152473,0.05889999999999995,4.0306807910092175,0,0,296,0.20066889632107024,0.29431438127090304,0.47062355279922485
PU-G,5,0.4,0.0,300,3000,0,304,163,467,0.17893839586758986,0.03600000000000003,4.08617950003827,0,0,301,0.20394736842105263,0.29605263157894735,0.46681639552116394
PU-G,5,0.4,0.0,305,3000,0,309,146,455,0.1746836540987715,0.03939999999999999,4.143102375033777,0,0,306,0.20064724919093851,0.30097087378640774,0.4544295072555542
PU-G,5,0.4,0.0,310,3000,0,314,118,432,0.16651347110746428,0.017900000000000027,4.200298958050553,0,0,311,0.19745222929936307,0.29936305732484075,0.4629523456096649
PU-G,5,0.4,0.0,315,3000,0,319,126,445,0.1711339132161811,0.015000000000000013,4.251171541051008,0,0,316,0.19435736677115986,0.2946708463949843,0.4882497489452362
PU-G,5,0.4,0.0,320,3000,0,324,108,432,0.16651347110746428,0.025900000000000034,4.3021383750019595,0,0,321,0.19444444444444445,0.2932098765432099,0.4425443112850189
PU-G,5,0.4,0.0,325,3000,0,329,126,455,0.1746836540987715,0.033399999999999985,4.346256082993932,0,0,326,0.19756838905775076,0.2978723404255319,0.4594878554344177
PU-G,5,0.4,0.0,330,3000,0,334,102,436,0.16793585335835814,0.025599999999999956,4.389599832997192,0,0,331,0.19760479041916168,0.2964071856287425,0.43406641483306885
PU-G,5,0.4,0.0,335,3000,0,339,89,428,0.16509044979466125,0.013000000000000012,4.433690958016086,0,0,336,0.1976401179941003,0.29793510324483774,0.4270334839820862
PU-G,5,0.4,0.0,340,3000,0,344,98,442,0.17006824392592534,0.023399999999999976,4.487673833034933,0,0,341,0.2005813953488372,0.3023255813953488,0.41349804401397705
PU-G,5,0.4,0.0,345,3000,0,349,88,437,0.16829134989529848,0.014499999999999957,4.537888874998316,0,0,346,0.1977077363896848,0.3008595988538682,0.40314802527427673
PU-G,5,0.4,0.0,350,3000,0,354,80,434,0.16722474165726453,0.018100000000000005,4.5879976660362445,0,0,351,0.19491525423728814,0.2966101694915254,0.38882339000701904
PU-G,5,0.4,0.0,355,3000,0,359,81,440,0.16935760364867747,0.011900000000000022,4.645549208042212,0,0,356,0.1977715877437326,0.3008356545961003,0.4131919741630554
PU-G,5,0.4,0.0,360,3000,0,364,67,431,0.1661577759659849,0.022299999999999986,4.70528325001942,0,0,361,0.20054945054945056,0.3021978021978022,0.3909919261932373
PU-G,5,0.4,0.0,365,3000,0,369,79,448,0.1721992355887778,0.017299999999999982,4.751339166017715,0,0,366,0.2032520325203252,0.3035230352303523,0.395963191986084
PU-G,5,0.4,0.0,370,3000,0,374,77,451,0.17326421377947554,0.021399999999999975,4.799566666013561,0,0,371,0.20588235294117646,0.3074866310160428,0.38780054450035095
PU-G,5,0.4,0.0,375,3000,0,379,74,453,0.1739740094053559,0.013000000000000012,4.851425666012801,0,0,376,0.20580474934036938,0.3113456464379947,0.379629909992218
PU-G,5,0.4,0.0,380,3000,0,384,69,453,0.1739740094053559,0.011600000000000055,4.896285208000336,0,0,381,0.20833333333333334,0.3177083333333333,0.3933962285518646
PU-G,5,0.4,0.0,385,3000,0,389,67,456,0.17503842012956738,0.029100000000000015,4.947600125044119,0,0,386,0.20822622107969152,0.3161953727506427,0.3634502589702606
PU-G,5,0.4,0.0,390,3000,0,394,72,466,0.17858403647551313,0.016800000000000037,5.001190375012811,0,0,391,0.20812182741116753,0.3147208121827411,0.3805488646030426
PU-G,5,0.4,0.0,395,3000,0,399,70,469,0.1796470055123791,0.016199999999999992,5.05318825005088,0,0,396,0.21303258145363407,0.3182957393483709,0.36177101731300354
PU-G,5,0.4,0.0,400,3000,0,404,59,463,0.17752073903102428,0.02070000000000005,5.105756666045636,0,0,401,0.2103960396039604,0.31683168316831684,0.36450573801994324
PU-G,5,0.4,0.0,405,3000,0,409,61,470,0.1800012559397146,0.015100000000000002,5.154966875037644,0,0,406,0.21271393643031786,0.31784841075794623,0.3681156635284424
PU-G,5,0.4,0.0,410,3000,0,414,56,470,0.1800012559397146,0.02300000000000002,5.210914625029545,0,0,411,0.21739130434782608,0.321256038647343,0.3586941957473755
PU-G,5,0.4,0.0,415,3000,0,419,59,478,0.18283396633341908,0.010000000000000009,5.253098166023847,0,0,416,0.2171837708830549,0.3221957040572792,0.3862191438674927
PU-G,5,0.4,0.0,420,3000,0,424,56,480,0.1835417879628949,0.014100000000000001,5.295078249997459,0,0,421,0.22169811320754718,0.32547169811320753,0.38815194368362427
PU-G,5,0.4,0.0,425,3000,0,429,48,477,0.18248000246239826,0.022399999999999975,5.342837541014887,0,0,426,0.23076923076923078,0.3333333333333333,0.38234904408454895
PU-G,5,0.4,0.0,430,3000,0,434,44,478,0.18283396633341908,0.022299999999999986,5.398428041022271,0,0,431,0.23271889400921658,0.33410138248847926,0.386726438999176
PU-G,5,0.4,0.0,435,3000,0,439,46,485,0.18531072669429705,0.02300000000000002,5.447886375011876,0,0,436,0.23234624145785876,0.3325740318906606,0.38534921407699585
PU-G,5,0.4,0.0,440,3000,0,444,44,488,0.18637167132692412,0.014000000000000012,5.489590250013862,0,0,441,0.23423423423423423,0.3355855855855856,0.3770865499973297
PU-G,5,0.4,0.0,445,3000,0,449,40,489,0.18672525027068332,0.022800000000000042,5.530364708043635,0,0,446,0.2383073496659243,0.34075723830734966,0.3664380609989166
PU-G,5,0.4,0.0,450,3000,0,454,36,490,0.1870787946972996,0.030399999999999983,5.58670941600576,0,0,451,0.24669603524229075,0.34801762114537443,0.3598310053348541
PU-G,5,0.4,0.0,455,3000,0,459,85,544,0.2061210952233523,0.042300000000000004,5.638143750024028,0,0,456,0.24618736383442266,0.3485838779956427,0.37150079011917114
PU-G,5,0.4,0.0,460,3000,0,464,83,547,0.20717629184946418,0.029900000000000038,5.689217500039376,0,0,461,0.2435344827586207,0.34698275862068967,0.33929920196533203
PU-G,5,0.4,0.0,465,3000,0,469,34,503,0.19167177024064586,0.014599999999999946,5.744902416015975,0,0,466,0.24093816631130063,0.34541577825159914,0.3354317843914032
PU-G,5,0.4,0.0,470,3000,0,474,31,505,0.19237787678139284,0.018100000000000005,5.788462708005682,0,0,471,0.2468354430379747,0.350210970464135,0.33926862478256226
PU-G,5,0.4,0.0,475,3000,0,479,59,538,0.2040098755969666,0.030100000000000016,5.836469333036803,0,0,476,0.25052192066805845,0.35281837160751567,0.35049915313720703
PU-G,5,0.4,0.0,480,3000,0,484,28,512,0.19484820670913905,0.013599999999999945,5.87853070802521,0,0,481,0.25413223140495866,0.35537190082644626,0.3624795973300934
PU-G,5,0.4,0.0,485,3000,0,489,38,527,0.2001364043680951,0.01859999999999995,5.927652250044048,0,0,486,0.25971370143149286,0.3619631901840491,0.34776684641838074
PU-G,5,0.4,0.0,490,3000,0,494,24,518,0.1969643555348739,0.02629999999999999,5.974366208014544,0,0,491,0.25708502024291496,0.36639676113360325,0.3665531575679779
PU-G,5,0.4,0.0,495,3000,0,499,42,541,0.20506562368245795,0.031000000000000028,6.03538108302746,0,0,496,0.2565130260521042,0.3687374749498998,0.3477754294872284
PU-G,5,0.4,0.0,500,3000,0,504,12,516,0.1962591024930589,0.016700000000000048,6.085435000015423,0,0,501,0.25396825396825395,0.36507936507936506,0.3413163125514984
PU-G,5,0.4,0.0,505,3000,0,509,20,529,0.20084095414495096,0.01759999999999995,6.124129041039851,0,0,506,0.25736738703339884,0.3693516699410609,0.3557325601577759
PU-G,5,0.4,0.0,510,3000,0,514,16,530,0.2011931817396544,0.014599999999999946,6.166911916050594,0,0,511,0.26264591439688717,0.3754863813229572,0.33132675290107727
PU-G,5,0.4,0.0,515,3000,0,519,20,539,0.20436182245612144,0.030000000000000027,6.220294958038721,0,0,516,0.2678227360308285,0.37957610789980734,0.3435910940170288
PU-G,5,0.4,0.0,520,3000,0,524,56,580,0.2187657785252668,0.035800000000000054,6.274536500044633,0,0,521,0.27099236641221375,0.38549618320610685,0.33225828409194946
PU-G,5,0.4,0.0,525,3000,0,529,7,536,0.20330588897923008,0.01880000000000004,6.319494791037869,0,0,526,0.27032136105860116,0.387523629489603,0.3290116488933563
PU-G,5,0.4,0.0,530,3000,0,534,8,542,0.20541747816605493,0.013599999999999945,6.37255345802987,0,0,531,0.2752808988764045,0.39325842696629215,0.3357454836368561
PU-G,5,0.4,0.0,535,3000,0,539,14,553,0.2092858671094291,0.02749999999999997,6.426330458023585,0,0,536,0.274582560296846,0.3914656771799629,0.33173027634620667
PU-G,5,0.4,0.0,540,3000,0,544,6,550,0.20823121524881572,0.015100000000000002,6.47977879102109,0,0,541,0.2775735294117647,0.3952205882352941,0.3271566331386566
PU-G,5,0.4,0.0,545,3000,0,549,6,555,0.20998881832929328,0.012499999999999956,6.531399875006173,0,0,546,0.2786885245901639,0.3989071038251366,0.3562384247779846
PU-G,5,0.4,0.0,546,3000,0,550,0,550,0.20823121524881572,0.025499999999999967,6.547200458007865,1,0,547,0.2781818181818182,0.3981818181818182,0.3489803373813629
MaxLoss,6,0.0,0.0,0,3000,0,4,416,420,0.1622424612287432,0.10750000000000004,0.010544958000537008,0,0,1,0.0,0.25,0.3165991008281708
MaxLoss,6,0.0,0.0,5,3000,0,9,248,257,0.1035250555141829,0.05730000000000002,0.033565625024493784,0,0,6,0.0,0.1111111111111111,0.5364591479301453
MaxLoss,6,0.0,0.0,10,3000,0,14,111,125,0.05441726028220728,0.0353,0.0610450420062989,0,0,11,0.0,0.14285714285714285,0.6388524770736694
MaxLoss,6,0.0,0.0,15,3000,0,19,508,527,0.2001364043680951,0.1251,0.08670962497126311,0,0,16,0.0,0.21052631578947367,0.7262646555900574
MaxLoss,6,0.0,0.0,20,3000,0,24,77,101,0.04519765079021454,0.025800000000000045,0.10880083299707621,0,0,21,0.0,0.2916666666666667,0.7543365359306335
MaxLoss,6,0.0,0.0,25,3000,0,29,382,411,0.15903530979994684,0.09430000000000005,0.1286141669843346,0,0,26,0.0,0.3448275862068966,0.8169707655906677
MaxLoss,6,0.0,0.0,30,3000,0,34,58,92,0.041701713809743524,0.025000000000000022,0.15151337499264628,0,0,31,0.0,0.4117647058823529,0.8408617973327637
MaxLoss,6,0.0,0.0,35,3000,0,39,340,379,0.14760361140361056,0.08350000000000002,0.16870966699207202,0,0,36,0.0,0.41025641025641024,0.8515273928642273
MaxLoss,6,0.0,0.0,40,3000,0,44,37,81,0.037393815349787474,0.01970000000000005,0.1886057080118917,0,0,41,0.0,0.4318181818181818,0.8643676042556763
MaxLoss,6,0.0,0.0,45,3000,0,49,261,310,0.12278300919570029,0.07110000000000005,0.20477279199985787,0,0,46,0.0,0.40816326530612246,0.8684850931167603
MaxLoss,6,0.0,0.0,50,3000,0,54,23,77,0.03581643110373989,0.016800000000000037,0.2239096669945866,0,0,51,0.0,0.37037037037037035,0.860320508480072
MaxLoss,6,0.0,0.0,55,3000,0,59,194,253,0.1020634958986193,0.057599999999999985,0.24309604201698676,0,0,56,0.0,0.3389830508474576,0.8645497560501099
MaxLoss,6,0.0,0.0,60,3000,0,64,20,84,0.03857287601567805,0.015900000000000025,0.2519617920042947,0,0,61,0.0,0.3125,0.8583755493164062
MaxLoss,6,0.0,0.0,65,3000,0,69,163,232,0.09436902083689347,0.048900000000000055,0.25928724999539554,0,0,66,0.0,0.2898550724637681,0.8524069786071777
MaxLoss,6,0.0,0.0,70,3000,0,74,5,79,0.03660590318031609,0.012800000000000034,0.2679512500180863,0,0,71,0.0,0.2702702702702703,0.8550695776939392
MaxLoss,6,0.0,0.0,75,3000,0,79,127,206,0.08478796045528725,0.042200000000000015,0.276442667003721,0,0,76,0.0,0.25316455696202533,0.8486350178718567
MaxLoss,6,0.0,0.0,80,3000,0,84,5,89,0.040530899772420526,0.013499999999999956,0.2837297919904813,0,0,81,0.0,0.23809523809523808,0.8340916633605957
MaxLoss,6,0.0,0.0,85,3000,0,89,113,202,0.08330802217824385,0.03749999999999998,0.2909162499709055,0,0,86,0.0,0.2247191011235955,0.8384304046630859
MaxLoss,6,0.0,0.0,88,3000,0,92,0,92,0.041701713809743524,0.013000000000000012,0.29602604202227667,1,0,89,0.0,0.21739130434782608,0.8276789784431458
PU-C,6,0.0,0.0,0,3000,0,4,421,425,0.16402276017470285,0.11660000000000004,0.004207207995932549,0,0,1,0.0,0.25,0.5359081625938416
PU-C,6,0.0,0.0,5,3000,0,9,482,491,0.18743230478139594,0.12219999999999998,0.01583320798818022,0,0,6,0.0,0.2222222222222222,0.7187728881835938
PU-C,6,0.0,0.0,10,3000,0,14,543,557,0.21069165004882962,0.133,0.027337291976436973,0,0,11,0.0,0.14285714285714285,0.6929439306259155
PU-C,6,0.0,0.0,15,3000,0,19,211,230,0.09363425482297316,0.06659999999999999,0.03865887498250231,0,0,16,0.0,0.15789473684210525,0.7571832537651062
PU-C,6,0.0,0.0,20,3000,0,24,188,212,0.08700477855745703,0.045399999999999996,0.04963941697496921,0,0,21,0.0,0.20833333333333334,0.7877530455589294
PU-C,6,0.0,0.0,25,3000,0,29,145,174,0.07289810659131035,0.05030000000000001,0.06030466698575765,0,0,26,0.0,0.3448275862068966,0.8327463269233704
PU-C,6,0.0,0.0,30,3000,0,34,186,220,0.08995498600415885,0.04590000000000005,0.07091187499463558,0,0,31,0.0,0.4411764705882353,0.847187876701355
PU-C,6,0.0,0.0,35,3000,0,39,164,203,0.08367816428653896,0.05400000000000005,0.0818306669825688,0,0,36,0.0,0.41025641025641024,0.8962779641151428
PU-C,6,0.0,0.0,40,3000,0,44,162,206,0.08478796045528725,0.04630000000000001,0.09264183300547302,0,0,41,0.0,0.38636363636363635,0.8664613962173462
PU-C,6,0.0,0.0,45,3000,0,49,110,159,0.06728066253708676,0.03979999999999995,0.10325083299539983,0,0,46,0.0,0.3469387755102041,0.8798983693122864
PU-C,6,0.0,0.0,50,3000,0,54,119,173,0.0725245603825897,0.03610000000000002,0.11389049998251721,0,0,51,0.0,0.3333333333333333,0.8593124151229858
PU-C,6,0.0,0.0,55,3000,0,59,91,150,0.06389456166652963,0.036699999999999955,0.12460029200883582,0,0,56,0.0,0.3220338983050847,0.8772955536842346
PU-C,6,0.0,0.0,60,3000,0,64,99,163,0.06878171575954184,0.03149999999999997,0.13538604200584814,0,0,61,0.0,0.3125,0.8566443920135498
PU-C,6,0.0,0.0,65,3000,0,69,69,138,0.059359475679229945,0.03180000000000005,0.14602149999700487,0,0,66,0.0,0.30434782608695654,0.8778493404388428
PU-C,6,0.0,0.0,70,3000,0,74,79,153,0.06502464495133609,0.028800000000000048,0.15680420800345019,0,0,71,0.0,0.28378378378378377,0.8623668551445007
PU-C,6,0.0,0.0,75,3000,0,79,46,125,0.05441726028220728,0.027599999999999958,0.1675704579683952,0,0,76,0.0,0.26582278481012656,0.8791944980621338
PU-C,6,0.0,0.0,80,3000,0,84,58,142,0.06087388581363484,0.025800000000000045,0.17839708301471546,0,0,81,0.0,0.25,0.8652855157852173
PU-C,6,0.0,0.0,85,3000,0,89,27,116,0.050975687336176634,0.02300000000000002,0.18899758299812675,0,0,86,0.0,0.23595505617977527,0.8795602321624756
PU-C,6,0.0,0.0,90,3000,0,94,45,139,0.05973834189353511,0.0232,0.1994373329798691,0,0,91,0.0,0.22340425531914893,0.8664160370826721
PU-C,6,0.0,0.0,95,3000,0,99,14,113,0.04982449556700885,0.020399999999999974,0.20990616700146347,0,0,96,0.0,0.21212121212121213,0.8727810382843018
PU-C,6,0.0,0.0,100,3000,0,104,34,138,0.059359475679229945,0.021199999999999997,0.2204929169965908,0,0,101,0.0,0.22115384615384615,0.8631044030189514
PU-C,6,0.0,0.0,105,3000,0,109,4,113,0.04982449556700885,0.018000000000000016,0.23127549997298047,0,0,106,0.0,0.22018348623853212,0.8673452734947205
PU-C,6,0.0,0.0,110,3000,0,114,20,134,0.0578422054531984,0.01980000000000004,0.24205270799575374,0,0,111,0.0,0.21052631578947367,0.8565616011619568
PU-C,6,0.0,0.0,111,3000,0,115,0,115,0.05059218790847808,0.01739999999999997,0.24618174997158349,1,0,112,0.0,0.21739130434782608,0.8623723387718201
PU-F,6,0.0,0.0,0,3000,0,4,628,632,0.2369657856761478,0.16590000000000005,0.0043736250372603536,0,0,1,0.0,0.25,0.4308764636516571
PU-F,6,0.0,0.0,5,3000,0,9,483,492,0.18778578046476468,0.11599999999999999,0.03527612501056865,0,0,6,0.0,0.2222222222222222,0.5549550652503967
PU-F,6,0.0,0.0,10,3000,0,14,266,280,0.11190583789721131,0.07579999999999998,0.06159137503709644,0,0,11,0.0,0.14285714285714285,0.6865763664245605
PU-F,6,0.0,0.0,15,3000,0,19,415,434,0.16722474165726453,0.10189999999999999,0.08249900001101196,0,0,16,0.0,0.15789473684210525,0.6336211562156677
PU-F,6,0.0,0.0,20,3000,0,24,160,184,0.0766265825368464,0.05130000000000001,0.10622416698606685,0,0,21,0.0,0.125,0.7508915066719055
PU-F,6,0.0,0.0,25,3000,0,29,272,301,0.11952589091379195,0.06669999999999998,0.12585912499343976,0,0,26,0.0,0.13793103448275862,0.7043371200561523
PU-F,6,0.0,0.0,30,3000,0,34,108,142,0.06087388581363484,0.035800000000000054,0.14588512503542006,0,0,31,0.0,0.20588235294117646,0.789016604423523
PU-F,6,0.0,0.0,35,3000,0,39,191,230,0.09363425482297316,0.054200000000000026,0.16354458301793784,0,0,36,0.0,0.23076923076923078,0.7915921807289124
PU-F,6,0.0,0.0,40,3000,0,44,98,142,0.06087388581363484,0.03520000000000001,0.18086362502072006,0,0,41,0.0,0.25,0.8117274641990662
PU-F,6,0.0,0.0,45,3000,0,49,161,210,0.0862662440049462,0.047799999999999954,0.19701699999859557,0,0,46,0.0,0.30612244897959184,0.8100037574768066
PU-F,6,0.0,0.0,50,3000,0,54,72,126,0.05479860055493191,0.03080000000000005,0.21317258302588016,0,0,51,0.0,0.3333333333333333,0.8229169845581055
PU-F,6,0.0,0.0,55,3000,0,59,144,203,0.08367816428653896,0.04369999999999996,0.22843875002581626,0,0,56,0.0,0.3050847457627119,0.8186628222465515
PU-F,6,0.0,0.0,60,3000,0,64,58,122,0.05327200022293255,0.028100000000000014,0.24400545802200213,0,0,61,0.0,0.3125,0.808810293674469
PU-F,6,0.0,0.0,65,3000,0,69,114,183,0.07625429221661761,0.038799999999999946,0.2583697499940172,0,0,66,0.0,0.2898550724637681,0.8122621178627014
PU-F,6,0.0,0.0,70,3000,0,74,43,117,0.05135895928833634,0.025800000000000045,0.27285320800729096,0,0,71,0.0,0.2702702702702703,0.7982751131057739
PU-F,6,0.0,0.0,75,3000,0,79,99,178,0.07439100183546543,0.035800000000000054,0.28644387499662116,0,0,76,0.0,0.25316455696202533,0.810935378074646
PU-F,6,0.0,0.0,80,3000,0,84,34,118,0.05174200655892491,0.023499999999999965,0.3002857500105165,0,0,81,0.0,0.23809523809523808,0.7949938178062439
PU-F,6,0.0,0.0,85,3000,0,89,84,173,0.0725245603825897,0.03390000000000004,0.3132832500268705,0,0,86,0.0,0.2247191011235955,0.8086093068122864
PU-F,6,0.0,0.0,90,3000,0,94,29,123,0.053653962444514036,0.02180000000000004,0.326733082998544,0,0,91,0.0,0.22340425531914893,0.788915753364563
PU-F,6,0.0,0.0,95,3000,0,99,74,173,0.0725245603825897,0.030200000000000005,0.3394977920106612,0,0,96,0.0,0.21212121212121213,0.7967492341995239
PU-F,6,0.0,0.0,100,3000,0,104,23,127,0.055179738090373576,0.020100000000000007,0.35275037499377504,0,0,101,0.0,0.21153846153846154,0.7855918407440186
PU-F,6,0.0,0.0,105,3000,0,109,62,171,0.07177707378286868,0.028800000000000048,0.36526795802637935,0,0,106,0.0,0.22018348623853212,0.7944706082344055
PU-F,6,0.0,0.0,110,3000,0,114,16,130,0.056321956391911954,0.01770000000000005,0.37780558300437406,0,0,111,0.0,0.21929824561403508,0.7799115777015686
PU-F,6,0.0,0.0,115,3000,0,119,53,172,0.07215088309021667,0.02639999999999998,0.3902346669929102,0,0,116,0.0,0.2184873949579832,0.7903040051460266
PU-F,6,0.0,0.0,120,3000,0,124,10,134,0.0578422054531984,0.016599999999999948,0.4028332080342807,0,0,121,0.0,0.22580645161290322,0.7771304249763489
PU-F,6,0.0,0.0,125,3000,0,129,41,170,0.07140313135460019,0.019100000000000006,0.41522241703933105,0,0,126,0.0,0.24031007751937986,0.7341402173042297
PU-F,6,0.0,0.0,130,3000,0,134,0,134,0.0578422054531984,0.006700000000000039,0.43133758299518377,1,0,131,0.0,0.2462686567164179,0.7825992107391357
PU-G,6,0.0,0.0,0,3000,0,4,941,945,0.3451950881863013,0.2954,0.006427207961678505,0,0,1,0.0,0.25,0.48971983790397644
PU-G,6,0.0,0.0,5,3000,0,9,393,402,0.15582472208188847,0.11350000000000005,0.044055291975382715,0,0,6,0.0,0.2222222222222222,0.6178357601165771
PU-G,6,0.0,0.0,10,3000,0,14,384,398,0.154396666737739,0.0988,0.07769070798531175,0,0,11,0.0,0.14285714285714285,0.5826768279075623
PU-G,6,0.0,0.0,15,3000,0,19,368,387,0.15046584833180532,0.0927,0.10154637496452779,0,0,16,0.0,0.15789473684210525,0.7094264626502991
PU-G,6,0.0,0.0,20,3000,0,24,161,185,0.07699875242542475,0.04159999999999997,0.12308074999600649,0,0,21,0.0,0.125,0.651595950126648
PU-G,6,0.0,0.0,25,3000,0,29,125,154,0.06540102750295773,0.04239999999999999,0.14352341694757342,0,0,26,0.0,0.13793103448275862,0.7202338576316833
PU-G,6,0.0,0.0,30,3000,0,34,171,205,0.08441813272656873,0.04059999999999997,0.1640167919686064,0,0,31,0.0,0.20588235294117646,0.687515139579773
PU-G,6,0.0,0.0,35,3000,0,39,92,131,0.056702304747886956,0.03249999999999997,0.183817041979637,0,0,36,0.0,0.23076923076923078,0.7202038168907166
PU-G,6,0.0,0.0,40,3000,0,44,172,216,0.08848065859638155,0.04179999999999995,0.20435208297567442,0,0,41,0.0,0.20454545454545456,0.7034935355186462
PU-G,6,0.0,0.0,45,3000,0,49,70,119,0.052124831709079444,0.026000000000000023,0.22377929196227342,0,0,46,0.0,0.20408163265306123,0.7407734394073486
PU-G,6,0.0,0.0,50,3000,0,54,145,199,0.08219695603474975,0.036699999999999955,0.2419848749996163,0,0,51,0.0,0.18518518518518517,0.7362277507781982
PU-G,6,0.0,0.0,55,3000,0,59,59,118,0.05174200655892491,0.023700000000000054,0.2601189579581842,0,0,56,0.0,0.2033898305084746,0.7434665560722351
PU-G,6,0.0,0.0,60,3000,0,64,127,191,0.0792292904225178,0.03210000000000002,0.2748785829753615,0,0,61,0.0,0.1875,0.747885525226593
PU-G,6,0.0,0.0,65,3000,0,69,48,117,0.05135895928833634,0.02100000000000002,0.28793270798632875,0,0,66,0.0,0.21739130434782608,0.7528080940246582
PU-G,6,0.0,0.0,70,3000,0,74,110,184,0.0766265825368464,0.02859999999999996,0.30088558298302814,0,0,71,0.0,0.24324324324324326,0.7551872134208679
PU-G,6,0.0,0.0,75,3000,0,79,45,124,0.054035715002100915,0.018299999999999983,0.31521749997045845,0,0,76,0.0,0.25316455696202533,0.7555376291275024
PU-G,6,0.0,0.0,80,3000,0,84,87,171,0.07177707378286868,0.025800000000000045,0.32843791699269786,0,0,81,0.0,0.2619047619047619,0.7563766241073608
PU-G,6,0.0,0.0,85,3000,0,89,37,126,0.05479860055493191,0.017199999999999993,0.34218029194744304,0,0,86,0.0,0.2696629213483146,0.7570195198059082
PU-G,6,0.0,0.0,90,3000,0,94,70,164,0.0691566207096912,0.023499999999999965,0.3549473329912871,0,0,91,0.0,0.26595744680851063,0.7571552395820618
PU-G,6,0.0,0.0,95,3000,0,99,34,133,0.05746242729946971,0.017199999999999993,0.3679647079552524,0,0,96,0.0,0.26262626262626265,0.757332980632782
PU-G,6,0.0,0.0,100,3000,0,104,62,166,0.06990600907010958,0.022199999999999998,0.3820162499905564,0,0,101,0.0,0.2692307692307692,0.7550849318504333
PU-G,6,0.0,0.0,105,3000,0,109,28,137,0.05898043076740578,0.015599999999999947,0.39474579197121784,0,0,106,0.0,0.25688073394495414,0.7527537941932678
PU-G,6,0.0,0.0,110,3000,0,114,51,165,0.06953138479730114,0.02059999999999995,0.4071597919682972,0,0,111,0.0,0.2719298245614035,0.7500360608100891
PU-G,6,0.0,0.0,115,3000,0,119,22,141,0.06049554521450773,0.014000000000000012,0.41999704198678955,0,0,116,0.0,0.2773109243697479,0.7476385235786438
PU-G,6,0.0,0.0,120,3000,0,124,45,169,0.07102905481588095,0.01970000000000005,0.43229908298235387,0,0,121,0.0,0.27419354838709675,0.7484586834907532
PU-G,6,0.0,0.0,125,3000,0,129,80,209,0.08589682588353753,0.03839999999999999,0.4462511669844389,0,0,126,0.0,0.26356589147286824,0.803138792514801
PU-G,6,0.0,0.0,130,3000,0,134,8,142,0.06087388581363484,0.005600000000000049,0.4629457079572603,0,0,131,0.0,0.2537313432835821,0.702375590801239
PU-G,6,0.0,0.0,135,3000,0,139,40,179,0.07476390816736966,0.017100000000000004,0.4796054170001298,0,0,136,0.0,0.2446043165467626,0.7080790996551514
PU-G,6,0.0,0.0,140,3000,0,144,5,149,0.06351755058858544,0.007299999999999973,0.49648233299376443,0,0,141,0.0,0.2638888888888889,0.671294093132019
PU-G,6,0.0,0.0,145,3000,0,149,11,160,0.06765614327741787,0.007900000000000018,0.5246455829474144,0,0,146,0.0,0.26174496644295303,0.6472254395484924
PU-G,6,0.0,0.0,148,3000,0,152,0,152,0.06464810745092109,0.0047000000000000375,0.5439474579761736,1,0,149,0.0,0.2631578947368421,0.6426711678504944
MaxLoss,6,0.4,0.0,0,3000,0,4,471,475,0.18177196802571416,0.11560000000000004,0.008347666007466614,0,0,1,0.0,0.0,0.48526430130004883
MaxLoss,6,0.4,0.0,5,3000,0,9,362,371,0.14473837532568723,0.07889999999999997,0.026019166049081832,0,0,6,0.4444444444444444,0.4444444444444444,0.6527564525604248
MaxLoss,6,0.4,0.0,10,3000,0,14,910,924,0.3379951497190632,0.26959999999999995,0.04302304104203358,0,0,11,0.35714285714285715,0.35714285714285715,0.6067434549331665
MaxLoss,6,0.4,0.0,15,3000,0,19,491,510,0.19414256286108866,0.12380000000000002,0.05935558304190636,0,0,16,0.3684210526315789,0.3684210526315789,0.637032687664032
MaxLoss,6,0.4,0.0,20,3000,0,24,409,433,0.16686912631848827,0.10129999999999995,0.07506795803783461,0,0,21,0.4166666666666667,0.4166666666666667,0.6294399499893188
MaxLoss,6,0.4,0.0,25,3000,0,29,582,611,0.2296245924080722,0.15149999999999997,0.09100075002061203,0,0,26,0.3793103448275862,0.3793103448275862,0.6473941206932068
MaxLoss,6,0.4,0.0,30,3000,0,34,452,486,0.18566440959693864,0.12190000000000001,0.10647137503838167,0,0,31,0.35294117647058826,0.35294117647058826,0.6494373083114624
MaxLoss,6,0.4,0.0,35,3000,0,39,537,576,0.21736268227687106,0.13529999999999998,0.12310716602951288,0,0,36,0.3076923076923077,0.3076923076923077,0.6318897604942322
MaxLoss,6,0.4,0.0,40,3000,0,44,459,503,0.19167177024064586,0.12139999999999995,0.13906079099979252,0,0,41,0.36363636363636365,0.36363636363636365,0.6444518566131592
MaxLoss,6,0.4,0.0,45,3000,0,49,589,638,0.239061149652116,0.15780000000000005,0.15547162503935397,0,0,46,0.3877551020408163,0.3877551020408163,0.6637696027755737
MaxLoss,6,0.4,0.0,50,3000,0,54,414,468,0.17929271882167086,0.10270000000000001,0.17139262502314523,0,0,51,0.37037037037037035,0.37037037037037035,0.6364550590515137
MaxLoss,6,0.4,0.0,55,3000,0,59,539,598,0.2250741267343983,0.13859999999999995,0.18771075003314763,0,0,56,0.3559322033898305,0.3559322033898305,0.6590256690979004
MaxLoss,6,0.4,0.0,60,3000,0,64,479,543,0.2057693019742146,0.12009999999999998,0.21914816601201892,0,0,61,0.375,0.390625,0.6511790752410889
MaxLoss,6,0.4,0.0,65,3000,0,69,497,566,0.2138529270887375,0.12639999999999996,0.2372975000180304,0,0,66,0.34782608695652173,0.391304347826087,0.6932858228683472
MaxLoss,6,0.4,0.0,70,3000,0,74,500,574,0.21666096238186583,0.13849999999999996,0.24975375004578382,0,0,71,0.35135135135135137,0.4189189189189189,0.6938154697418213
MaxLoss,6,0.4,0.0,75,3000,0,79,495,574,0.21666096238186583,0.13080000000000003,0.2575414580060169,0,0,76,0.34177215189873417,0.43037974683544306,0.7075397968292236
MaxLoss,6,0.4,0.0,80,3000,0,84,523,607,0.2282249380950816,0.1451,0.26511895802104846,0,0,81,0.32142857142857145,0.4166666666666667,0.716260552406311
MaxLoss,6,0.4,0.0,85,3000,0,89,468,557,0.21069165004882962,0.12839999999999996,0.2725380409974605,0,0,86,0.3258426966292135,0.4157303370786517,0.7087491154670715
MaxLoss,6,0.4,0.0,90,3000,0,94,511,605,0.22752494865562767,0.14500000000000002,0.2799197499989532,0,0,91,0.3191489361702128,0.40425531914893614,0.7026817202568054
MaxLoss,6,0.4,0.0,95,3000,0,99,413,512,0.19484820670913905,0.10809999999999997,0.288814916042611,0,0,96,0.30303030303030304,0.3838383838383838,0.6975157856941223
MaxLoss,6,0.4,0.0,100,3000,0,104,434,538,0.2040098755969666,0.11919999999999997,0.29785087500931695,0,0,101,0.2980769230769231,0.375,0.6839529275894165
MaxLoss,6,0.4,0.0,105,3000,0,109,395,504,0.19202484015841037,0.10670000000000002,0.3068703330354765,0,0,106,0.29357798165137616,0.3669724770642202,0.7057148814201355
MaxLoss,6,0.4,0.0,110,3000,0,114,428,542,0.20541747816605493,0.12160000000000004,0.315820874995552,0,0,111,0.30701754385964913,0.37719298245614036,0.71986323595047
MaxLoss,6,0.4,0.0,115,3000,0,119,409,528,0.20048869505990297,0.1089,0.32532733300467953,0,0,116,0.31092436974789917,0.3865546218487395,0.7117018699645996
MaxLoss,6,0.4,0.0,120,3000,0,124,426,550,0.20823121524881572,0.11739999999999995,0.3344310410320759,0,0,121,0.31451612903225806,0.3951612903225806,0.7164068818092346
MaxLoss,6,0.4,0.0,125,3000,0,129,437,566,0.2138529270887375,0.12870000000000004,0.34395137504907325,0,0,126,0.31007751937984496,0.3953488372093023,0.7382428050041199
MaxLoss,6,0.4,0.0,130,3000,0,134,507,641,0.24010848422767594,0.14439999999999997,0.35703258303692564,0,0,131,0.31343283582089554,0.40298507462686567,0.6593199372291565
MaxLoss,6,0.4,0.0,135,3000,0,139,334,473,0.1810637908638455,0.09740000000000004,0.37051508302101865,0,0,136,0.3237410071942446,0.41007194244604317,0.46941253542900085
MaxLoss,6,0.4,0.0,140,3000,0,144,492,636,0.23836279823444784,0.14590000000000003,0.3834030830184929,0,0,141,0.3125,0.3958333333333333,0.5460433959960938
MaxLoss,6,0.4,0.0,145,3000,0,149,327,476,0.18212600302649662,0.09119999999999995,0.4035862910095602,0,0,146,0.31543624161073824,0.3959731543624161,0.46456414461135864
MaxLoss,6,0.4,0.0,150,3000,0,154,312,466,0.17858403647551313,0.09770000000000001,0.4260902910027653,0,0,151,0.3181818181818182,0.3961038961038961,0.47802063822746277
MaxLoss,6,0.4,0.0,155,3000,0,159,403,562,0.21244820981519297,0.11729999999999996,0.4465012080036104,0,0,156,0.32075471698113206,0.39622641509433965,0.4307677745819092
MaxLoss,6,0.4,0.0,160,3000,0,164,257,421,0.16259860317222774,0.07179999999999997,0.4698803329956718,0,0,161,0.3170731707317073,0.3902439024390244,0.3988243043422699
MaxLoss,6,0.4,0.0,165,3000,0,169,226,395,0.1533251625369303,0.05620000000000003,0.5098759580287151,0,0,166,0.3076923076923077,0.378698224852071,0.48767220973968506
MaxLoss,6,0.4,0.0,170,3000,0,174,209,383,0.14903509989380836,0.058499999999999996,0.5338509160210378,0,0,171,0.3103448275862069,0.3793103448275862,0.38501763343811035
MaxLoss,6,0.4,0.0,175,3000,0,179,235,414,0.16010473761707544,0.06699999999999995,0.5791622080141678,0,0,176,0.31843575418994413,0.3854748603351955,0.4413292109966278
MaxLoss,6,0.4,0.0,180,3000,0,184,345,529,0.20084095414495096,0.09670000000000001,0.6594012500136159,0,0,181,0.32065217391304346,0.3858695652173913,0.500554084777832
MaxLoss,6,0.4,0.0,185,3000,0,189,351,540,0.204713738465216,0.10770000000000002,0.6949035000288859,0,0,186,0.3333333333333333,0.3968253968253968,0.42931482195854187
MaxLoss,6,0.4,0.0,190,3000,0,194,287,481,0.18389564589597285,0.06779999999999997,0.7364796660258435,0,0,191,0.3247422680412371,0.39690721649484534,0.5424982905387878
MaxLoss,6,0.4,0.0,195,3000,0,199,258,457,0.17539314867462963,0.07730000000000004,0.808396625041496,0,0,196,0.32160804020100503,0.4020100502512563,0.47768375277519226
MaxLoss,6,0.4,0.0,200,3000,0,204,191,395,0.1533251625369303,0.04469999999999996,0.8521086249966174,0,0,201,0.31862745098039214,0.4068627450980392,0.4651666283607483
MaxLoss,6,0.4,0.0,205,3000,0,209,151,360,0.1407936301548034,0.03510000000000002,0.8758279580506496,0,0,206,0.3157894736842105,0.40669856459330145,0.5079650282859802
MaxLoss,6,0.4,0.0,210,3000,0,214,284,498,0.18990591826150194,0.0796,0.9057710409979336,0,0,211,0.32242990654205606,0.411214953271028,0.5695024132728577
MaxLoss,6,0.4,0.0,215,3000,0,219,174,393,0.15261060395278037,0.05020000000000002,0.9328327080002055,0,0,216,0.3242009132420091,0.4155251141552511,0.5579054951667786
MaxLoss,6,0.4,0.0,220,3000,0,224,276,500,0.19061235984554514,0.07840000000000003,0.9680432080058381,0,0,221,0.33035714285714285,0.42410714285714285,0.5724372863769531
MaxLoss,6,0.4,0.0,225,3000,0,229,109,338,0.1328857623739168,0.024800000000000044,1.0909807910211384,0,0,226,0.3406113537117904,0.43231441048034935,0.5323814153671265
MaxLoss,6,0.4,0.0,230,3000,0,234,142,376,0.1465295035741292,0.047599999999999976,1.1854818330029957,0,0,231,0.33760683760683763,0.42735042735042733,0.5178321599960327
MaxLoss,6,0.4,0.0,235,3000,0,239,113,352,0.1379209405859001,0.025900000000000034,1.3522197080310434,0,0,236,0.33472803347280333,0.4225941422594142,0.5095522999763489
MaxLoss,6,0.4,0.0,240,3000,0,244,157,401,0.15546777396230027,0.047900000000000054,1.390970416017808,0,0,241,0.3360655737704918,0.42213114754098363,0.5398886799812317
MaxLoss,6,0.4,0.0,245,3000,0,249,119,368,0.14366312231868505,0.025399999999999978,1.431695916049648,0,0,246,0.3373493975903614,0.42570281124497994,0.5034948587417603
MaxLoss,6,0.4,0.0,250,3000,0,254,221,475,0.18177196802571416,0.07210000000000005,1.4788533330429345,0,0,251,0.3425196850393701,0.42913385826771655,0.5854191780090332
MaxLoss,6,0.4,0.0,255,3000,0,259,260,519,0.1973169335979037,0.07650000000000001,1.5037437500432134,0,0,256,0.3436293436293436,0.42857142857142855,0.5661600828170776
MaxLoss,6,0.4,0.0,260,3000,0,264,143,407,0.15760881162714213,0.057599999999999985,1.533315291046165,0,0,261,0.3409090909090909,0.42803030303030304,0.5392764210700989
MaxLoss,6,0.4,0.0,265,3000,0,269,211,480,0.1835417879628949,0.06379999999999997,1.5600981659954414,0,0,266,0.34572490706319703,0.4312267657992565,0.5283291935920715
MaxLoss,6,0.4,0.0,270,3000,0,274,214,488,0.18637167132692412,0.0615,1.593505458033178,0,0,271,0.34306569343065696,0.4306569343065693,0.5924332141876221
MaxLoss,6,0.4,0.0,275,3000,0,279,193,472,0.1807096485281363,0.056400000000000006,1.636785915994551,0,0,276,0.34408602150537637,0.4336917562724014,0.6402876973152161
MaxLoss,6,0.4,0.0,280,3000,0,284,175,459,0.17610249383142218,0.05689999999999995,1.6797535410150886,0,0,281,0.34507042253521125,0.44014084507042256,0.5869824290275574
MaxLoss,6,0.4,0.0,285,3000,0,289,152,441,0.16971294325776398,0.05230000000000001,1.7205221250187606,0,0,286,0.3460207612456747,0.43944636678200694,0.5405663251876831
MaxLoss,6,0.4,0.0,290,3000,0,294,140,434,0.16722474165726453,0.03810000000000002,1.7465864160330966,0,0,291,0.3469387755102041,0.4421768707482993,0.5709828734397888
MaxLoss,6,0.4,0.0,295,3000,0,299,92,391,0.1518958661472425,0.026000000000000023,1.7724940830376,0,0,296,0.34448160535117056,0.4414715719063545,0.46162763237953186
MaxLoss,6,0.4,0.0,300,3000,0,304,111,415,0.1604611292714253,0.03639999999999999,1.7978519159951247,0,0,301,0.34868421052631576,0.4473684210526316,0.5440402030944824
MaxLoss,6,0.4,0.0,305,3000,0,309,236,545,0.20647285785526037,0.08689999999999998,1.8235991660039872,0,0,306,0.35275080906148865,0.44983818770226536,0.5089036226272583
MaxLoss,6,0.4,0.0,310,3000,0,314,205,519,0.1973169335979037,0.07499999999999996,1.868208083033096,0,0,311,0.3535031847133758,0.44904458598726116,0.5503880381584167
MaxLoss,6,0.4,0.0,315,3000,0,319,194,513,0.19520097953500226,0.06820000000000004,1.910740708000958,0,0,316,0.3510971786833856,0.445141065830721,0.5692650079727173
MaxLoss,6,0.4,0.0,320,3000,0,324,166,490,0.1870787946972996,0.06530000000000002,1.9595657080062665,0,0,321,0.35185185185185186,0.4444444444444444,0.5539541244506836
MaxLoss,6,0.4,0.0,325,3000,0,329,202,531,0.20154537784401327,0.0766,1.9853786660241894,0,0,326,0.3556231003039514,0.44680851063829785,0.5310742259025574
MaxLoss,6,0.4,0.0,330,3000,0,334,99,433,0.16686912631848827,0.042100000000000026,2.0116841249982826,0,0,331,0.3502994011976048,0.4431137724550898,0.48406267166137695
MaxLoss,6,0.4,0.0,335,3000,0,339,129,468,0.17929271882167086,0.04249999999999998,2.038033583026845,0,0,336,0.35103244837758113,0.44542772861356933,0.5376971364021301
MaxLoss,6,0.4,0.0,340,3000,0,344,94,438,0.16864680708386004,0.0343,2.065043166046962,0,0,341,0.35755813953488375,0.45058139534883723,0.5277652144432068
MaxLoss,6,0.4,0.0,345,3000,0,349,64,413,0.15974830387858674,0.02969999999999995,2.0930007910355926,0,0,346,0.3553008595988539,0.45272206303724927,0.5301370024681091
MaxLoss,6,0.4,0.0,350,3000,0,354,183,537,0.20365789777133614,0.0686,2.1201773330103606,0,0,351,0.3531073446327684,0.4548022598870056,0.5329577922821045
MaxLoss,6,0.4,0.0,355,3000,0,359,38,397,0.15403954300563782,0.019499999999999962,2.149300708028022,0,0,356,0.35376044568245124,0.4596100278551532,0.5567908883094788
MaxLoss,6,0.4,0.0,360,3000,0,364,185,549,0.20787960436427966,0.07120000000000004,2.1777804160374217,0,0,361,0.3543956043956044,0.46153846153846156,0.5584482550621033
MaxLoss,6,0.4,0.0,365,3000,0,369,82,451,0.17326421377947554,0.030100000000000016,2.2145139159983955,0,0,366,0.35772357723577236,0.46612466124661245,0.49382683634757996
MaxLoss,6,0.4,0.0,370,3000,0,374,115,489,0.18672525027068332,0.04510000000000003,2.2464855830185115,0,0,371,0.3582887700534759,0.46524064171123,0.5913606882095337
MaxLoss,6,0.4,0.0,375,3000,0,379,53,432,0.16651347110746428,0.03059999999999996,2.28469112503808,0,0,376,0.35883905013192613,0.46701846965699206,0.5706133246421814
MaxLoss,6,0.4,0.0,380,3000,0,384,31,415,0.1604611292714253,0.014800000000000035,2.3163203750154935,0,0,381,0.359375,0.4661458333333333,0.5022681951522827
MaxLoss,6,0.4,0.0,385,3000,0,389,184,573,0.21631005924427882,0.07540000000000002,2.4223514580517076,0,0,386,0.35732647814910024,0.4652956298200514,0.4800738990306854
MaxLoss,6,0.4,0.0,390,3000,0,394,189,583,0.21981780178612098,0.07310000000000005,2.456619375036098,0,0,391,0.3553299492385787,0.46446700507614214,0.5031686425209045
MaxLoss,6,0.4,0.0,395,3000,0,399,98,497,0.189552646887023,0.0363,2.489387166046072,0,0,396,0.3558897243107769,0.46616541353383456,0.4462232291698456
MaxLoss,6,0.4,0.0,400,3000,0,404,148,552,0.20893434656318277,0.06369999999999998,2.521531541016884,0,0,401,0.35148514851485146,0.4603960396039604,0.4360228478908539
MaxLoss,6,0.4,0.0,405,3000,0,409,62,471,0.18035547027830034,0.02639999999999998,2.5526817500358447,0,0,406,0.34963325183374083,0.4572127139364303,0.4980095624923706
MaxLoss,6,0.4,0.0,410,3000,0,414,167,581,0.2191164813702926,0.06520000000000004,2.5846368750208057,0,0,411,0.3502415458937198,0.45893719806763283,0.5298048257827759
MaxLoss,6,0.4,0.0,415,3000,0,419,50,469,0.1796470055123791,0.028200000000000003,2.6187234160024673,0,0,416,0.3460620525059666,0.45584725536992843,0.44469210505485535
MaxLoss,6,0.4,0.0,420,3000,0,424,135,559,0.21139436279190704,0.05830000000000002,2.6528343750396743,0,0,421,0.3443396226415094,0.45754716981132076,0.44498175382614136
MaxLoss,6,0.4,0.0,425,3000,0,429,102,531,0.20154537784401327,0.05910000000000004,2.6872385410242714,0,0,426,0.34265734265734266,0.45454545454545453,0.4547291696071625
MaxLoss,6,0.4,0.0,430,3000,0,434,97,531,0.20154537784401327,0.053300000000000014,2.722604291047901,0,0,431,0.3387096774193548,0.45161290322580644,0.43337512016296387
MaxLoss,6,0.4,0.0,435,3000,0,439,29,468,0.17929271882167086,0.028100000000000014,2.7602267910260707,0,0,436,0.33940774487471526,0.4510250569476082,0.42323246598243713
MaxLoss,6,0.4,0.0,440,3000,0,444,18,462,0.17716623313026503,0.024700000000000055,2.7959273750311695,0,0,441,0.3400900900900901,0.45045045045045046,0.41694411635398865
MaxLoss,6,0.4,0.0,445,3000,0,449,76,525,0.19943172798957676,0.053300000000000014,2.8336426250170916,0,0,446,0.3429844097995546,0.45434298440979953,0.3812282681465149
MaxLoss,6,0.4,0.0,450,3000,0,454,10,464,0.17787520814454183,0.012499999999999956,2.8675722500192933,0,0,451,0.3436123348017621,0.45594713656387664,0.41360950469970703
MaxLoss,6,0.4,0.0,455,3000,0,459,80,539,0.20436182245612144,0.05059999999999998,2.9025327910203487,0,0,456,0.3420479302832244,0.45751633986928103,0.4220179319381714
MaxLoss,6,0.4,0.0,460,3000,0,464,61,525,0.19943172798957676,0.03410000000000002,2.93797920801444,0,0,461,0.34051724137931033,0.45689655172413796,0.40223807096481323
MaxLoss,6,0.4,0.0,465,3000,0,469,20,489,0.18672525027068332,0.017000000000000015,2.9715934160049073,0,0,466,0.3368869936034115,0.4520255863539446,0.3908443748950958
MaxLoss,6,0.4,0.0,470,3000,0,474,10,484,0.18495700892526656,0.015900000000000025,3.0069473330513574,0,0,471,0.33544303797468356,0.44936708860759494,0.39853423833847046
MaxLoss,6,0.4,0.0,474,3000,0,478,0,478,0.18283396633341908,0.012199999999999989,3.0361386660370044,1,0,475,0.33472803347280333,0.4497907949790795,0.39305809140205383
PU-C,6,0.4,0.0,0,3000,0,4,387,391,0.1518958661472425,0.07550000000000001,0.010636250022798777,0,0,1,0.0,0.0,0.7036042213439941
PU-C,6,0.4,0.0,5,3000,0,9,439,448,0.1721992355887778,0.11429999999999996,0.037421584012918174,0,0,6,0.3333333333333333,0.3333333333333333,0.609088659286499
PU-C,6,0.4,0.0,10,3000,0,14,622,636,0.23836279823444784,0.1673,0.06879300001310185,0,0,11,0.5,0.5,0.6501270532608032
PU-C,6,0.4,0.0,15,3000,0,19,367,386,0.15010823006741703,0.10140000000000005,0.10333695897134021,0,0,16,0.47368421052631576,0.47368421052631576,0.6629388928413391
PU-C,6,0.4,0.0,20,3000,0,24,641,665,0.24847896862775087,0.17159999999999997,0.14494816696969792,0,0,21,0.4583333333333333,0.4583333333333333,0.7106426358222961
PU-C,6,0.4,0.0,25,3000,0,29,464,493,0.1881392219220288,0.1291,0.17483458400238305,0,0,26,0.4482758620689655,0.4482758620689655,0.6900095343589783
PU-C,6,0.4,0.0,30,3000,0,34,596,630,0.23626712389523163,0.15849999999999997,0.20244241697946563,0,0,31,0.4117647058823529,0.4117647058823529,0.7381191253662109
PU-C,6,0.4,0.0,35,3000,0,39,491,530,0.2011931817396544,0.13580000000000003,0.23103820899268612,0,0,36,0.358974358974359,0.358974358974359,0.7535439729690552
PU-C,6,0.4,0.0,40,3000,0,44,588,632,0.2369657856761478,0.15510000000000002,0.2601179589983076,0,0,41,0.3409090909090909,0.3409090909090909,0.7500748038291931
PU-C,6,0.4,0.0,45,3000,0,49,519,568,0.2145551101421006,0.14039999999999997,0.2889629590208642,0,0,46,0.3469387755102041,0.3469387755102041,0.7888321876525879
PU-C,6,0.4,0.0,50,3000,0,54,582,636,0.23836279823444784,0.15449999999999997,0.31433312501758337,0,0,51,0.3333333333333333,0.3333333333333333,0.7600524425506592
PU-C,6,0.4,0.0,55,3000,0,59,504,563,0.21279943321133032,0.14380000000000004,0.340745874971617,0,0,56,0.3050847457627119,0.3050847457627119,0.7967498898506165
PU-C,6,0.4,0.0,60,3000,0,64,577,641,0.24010848422767594,0.1562,0.36777274997439235,0,0,61,0.28125,0.296875,0.778823733329773
PU-C,6,0.4,0.0,65,3000,0,69,551,620,0.23277224571211264,0.15839999999999999,0.395947458979208,0,0,66,0.2608695652173913,0.30434782608695654,0.8132441639900208
PU-C,6,0.4,0.0,70,3000,0,74,545,619,0.23242261295672506,0.14759999999999995,0.43279041699133813,0,0,71,0.25675675675675674,0.3108108108108108,0.7992938160896301
PU-C,6,0.4,0.0,75,3000,0,79,580,659,0.24638769769808277,0.16379999999999995,0.464102333993651,0,0,76,0.26582278481012656,0.35443037974683544,0.8246767520904541
PU-C,6,0.4,0.0,80,3000,0,84,510,594,0.22367305267835036,0.133,0.48958287498680875,0,0,81,0.27380952380952384,0.36904761904761907,0.7981956005096436
PU-C,6,0.4,0.0,85,3000,0,89,577,666,0.24882742739282548,0.16359999999999997,0.5163364170002751,0,0,86,0.29213483146067415,0.38202247191011235,0.8299639225006104
PU-C,6,0.4,0.0,90,3000,0,94,499,593,0.22332271496998146,0.131,0.5412178750266321,0,0,91,0.2872340425531915,0.3829787234042553,0.8100235462188721
PU-C,6,0.4,0.0,95,3000,0,99,564,663,0.2477819771738723,0.16100000000000003,0.5761040420038626,0,0,96,0.2828282828282828,0.37373737373737376,0.8259145617485046
PU-C,6,0.4,0.0,100,3000,0,104,506,610,0.22927471931325272,0.13660000000000005,0.609429124975577,0,0,101,0.28846153846153844,0.375,0.8132381439208984
PU-C,6,0.4,0.0,105,3000,0,109,566,675,0.2519624548731372,0.16390000000000005,0.6415043749730103,0,0,106,0.29357798165137616,0.3761467889908257,0.8274226188659668
PU-C,6,0.4,0.0,110,3000,0,114,554,668,0.249524271232076,0.15339999999999998,0.6752708340063691,0,0,111,0.2982456140350877,0.39473684210526316,0.8131454586982727
PU-C,6,0.4,0.0,115,3000,0,119,569,688,0.2564873677911237,0.1653,0.710834541998338,0,0,116,0.29411764705882354,0.4117647058823529,0.8372023701667786
PU-C,6,0.4,0.0,120,3000,0,124,553,677,0.2526588600012474,0.1543,0.7432048749760725,0,0,121,0.28225806451612906,0.3951612903225806,0.811401903629303
PU-C,6,0.4,0.0,125,3000,0,129,469,598,0.2250741267343983,0.13329999999999997,0.7812429170007817,0,0,126,0.27906976744186046,0.3875968992248062,0.7976527810096741
PU-C,6,0.4,0.0,130,3000,0,134,560,694,0.2585744289099239,0.16510000000000002,0.8210055839736015,0,0,131,0.2835820895522388,0.3880597014925373,0.8034813404083252
PU-C,6,0.4,0.0,135,3000,0,139,460,599,0.22542432631598786,0.1099,0.8627268749987707,0,0,136,0.28776978417266186,0.38848920863309355,0.690628707408905
PU-C,6,0.4,0.0,140,3000,0,144,361,505,0.19237787678139284,0.09460000000000002,0.8999398340238258,0,0,141,0.2777777777777778,0.3888888888888889,0.6611215472221375
PU-C,6,0.4,0.0,145,3000,0,149,401,550,0.20823121524881572,0.09970000000000001,0.9342686249874532,0,0,146,0.2751677852348993,0.38926174496644295,0.6398002505302429
PU-C,6,0.4,0.0,150,3000,0,154,361,515,0.1959064273396507,0.10119999999999996,0.9621542500099167,0,0,151,0.2727272727272727,0.38961038961038963,0.6725689768791199
PU-C,6,0.4,0.0,155,3000,0,159,335,494,0.18849262921139598,0.09179999999999999,0.9892720839707181,0,0,156,0.2830188679245283,0.39622641509433965,0.5452054738998413
PU-C,6,0.4,0.0,160,3000,0,164,359,523,0.19872692442731932,0.1028,1.018821041972842,0,0,161,0.2865853658536585,0.39634146341463417,0.5820569396018982
PU-C,6,0.4,0.0,165,3000,0,169,425,594,0.22367305267835036,0.11660000000000004,1.0464772920240648,0,0,166,0.28994082840236685,0.39644970414201186,0.49002745747566223
PU-C,6,0.4,0.0,170,3000,0,174,305,479,0.18318789481418207,0.0877,1.0832219999865629,0,0,171,0.28160919540229884,0.3850574712643678,0.4804999530315399
PU-C,6,0.4,0.0,175,3000,0,179,326,505,0.19237787678139284,0.09009999999999996,1.1259508749935776,0,0,176,0.2737430167597765,0.3743016759776536,0.4441487193107605
PU-C,6,0.4,0.0,180,3000,0,184,271,455,0.1746836540987715,0.08209999999999995,1.1674292500247248,0,0,181,0.27717391304347827,0.375,0.4293420910835266
PU-C,6,0.4,0.0,185,3000,0,189,249,438,0.16864680708386004,0.06440000000000001,1.205158874974586,0,0,186,0.2804232804232804,0.37566137566137564,0.3964812457561493
PU-C,6,0.4,0.0,190,3000,0,194,349,543,0.2057693019742146,0.09850000000000003,1.2465186669724062,0,0,191,0.27835051546391754,0.3711340206185567,0.4299880862236023
PU-C,6,0.4,0.0,195,3000,0,199,267,466,0.17858403647551313,0.07569999999999999,1.286745042016264,0,0,196,0.2814070351758794,0.37185929648241206,0.3305554687976837
PU-C,6,0.4,0.0,200,3000,0,204,295,499,0.19025915587553754,0.08289999999999997,1.3226912089739926,0,0,201,0.27450980392156865,0.3627450980392157,0.3577375113964081
PU-C,6,0.4,0.0,205,3000,0,209,191,400,0.15511078212875873,0.0393,1.357842041994445,0,0,206,0.2822966507177033,0.37320574162679426,0.3231673240661621
PU-C,6,0.4,0.0,210,3000,0,214,152,366,0.1429460442159325,0.038799999999999946,1.3980020839953795,0,0,211,0.2850467289719626,0.38317757009345793,0.3351159691810608
PU-C,6,0.4,0.0,215,3000,0,219,253,472,0.1807096485281363,0.07069999999999999,1.4397685839794576,0,0,216,0.2831050228310502,0.3789954337899543,0.38338667154312134
PU-C,6,0.4,0.0,220,3000,0,224,150,374,0.14581319532589987,0.035499999999999976,1.4818144590244628,0,0,221,0.2857142857142857,0.3794642857142857,0.3550317585468292
PU-C,6,0.4,0.0,225,3000,0,229,225,454,0.174328850582242,0.059699999999999975,1.5165496669942513,0,0,226,0.2925764192139738,0.38427947598253276,0.4071239233016968
PU-C,6,0.4,0.0,230,3000,0,234,232,466,0.17858403647551313,0.06799999999999995,1.5578986249747686,0,0,231,0.2948717948717949,0.38461538461538464,0.33331137895584106
PU-C,6,0.4,0.0,235,3000,0,239,230,469,0.1796470055123791,0.06459999999999999,1.5855802500154823,0,0,236,0.29707112970711297,0.38493723849372385,0.37980490922927856
PU-C,6,0.4,0.0,240,3000,0,244,254,498,0.18990591826150194,0.07689999999999997,1.6130117920110933,0,0,241,0.29918032786885246,0.38524590163934425,0.41853347420692444
PU-C,6,0.4,0.0,245,3000,0,249,212,461,0.17681169032584876,0.06420000000000003,1.6499151670141146,0,0,246,0.30120481927710846,0.39357429718875503,0.38407355546951294
PU-C,6,0.4,0.0,250,3000,0,254,235,489,0.18672525027068332,0.06889999999999996,1.6889791249996051,0,0,251,0.2992125984251969,0.3937007874015748,0.43897193670272827
PU-C,6,0.4,0.0,255,3000,0,259,149,408,0.15796550025697798,0.0494,1.739982749975752,0,0,256,0.30115830115830117,0.3938223938223938,0.3989734351634979
PU-C,6,0.4,0.0,260,3000,0,264,183,447,0.17184416647069156,0.05630000000000002,1.8042992919799872,0,0,261,0.29924242424242425,0.39015151515151514,0.46699830889701843
PU-C,6,0.4,0.0,265,3000,0,269,156,425,0.16402276017470285,0.04610000000000003,1.8665821250178851,0,0,266,0.30111524163568776,0.3940520446096654,0.4198361933231354
PU-C,6,0.4,0.0,270,3000,0,274,127,401,0.15546777396230027,0.03410000000000002,1.9251656670239754,0,0,271,0.29927007299270075,0.40145985401459855,0.4519234001636505
PU-C,6,0.4,0.0,275,3000,0,279,217,496,0.18919934157747775,0.0605,1.9801824169699103,0,0,276,0.2974910394265233,0.4014336917562724,0.43979746103286743
PU-C,6,0.4,0.0,280,3000,0,284,186,470,0.1800012559397146,0.0464,2.0192199170123786,0,0,281,0.3028169014084507,0.4084507042253521,0.4502452313899994
PU-C,6,0.4,0.0,285,3000,0,289,232,521,0.19802199315745384,0.0655,2.0639921670081094,0,0,286,0.30103806228373703,0.40484429065743943,0.4578191339969635
PU-C,6,0.4,0.0,290,3000,0,294,232,526,0.19978408206952736,0.06359999999999999,2.1213861249852926,0,0,291,0.29931972789115646,0.40816326530612246,0.4472929835319519
PU-C,6,0.4,0.0,295,3000,0,299,109,408,0.15796550025697798,0.029200000000000004,2.176562750013545,0,0,296,0.30434782608695654,0.411371237458194,0.46539685130119324
PU-C,6,0.4,0.0,300,3000,0,304,220,524,0.1990793421282433,0.05830000000000002,2.212849333998747,0,0,301,0.3059210526315789,0.4144736842105263,0.4697686731815338
PU-C,6,0.4,0.0,305,3000,0,309,132,441,0.16971294325776398,0.033299999999999996,2.2484427919844165,0,0,306,0.30097087378640774,0.4110032362459547,0.45252904295921326
PU-C,6,0.4,0.0,310,3000,0,314,199,513,0.19520097953500226,0.05569999999999997,2.2852961249882355,0,0,311,0.29936305732484075,0.410828025477707,0.46310925483703613
PU-C,6,0.4,0.0,315,3000,0,319,204,523,0.19872692442731932,0.06610000000000005,2.3311062499997206,0,0,316,0.30094043887147337,0.4106583072100313,0.4467850625514984
PU-C,6,0.4,0.0,320,3000,0,324,187,511,0.1944954011705704,0.0625,2.3733716249698773,0,0,321,0.3055555555555556,0.41358024691358025,0.47680234909057617
PU-C,6,0.4,0.0,325,3000,0,329,109,438,0.16864680708386004,0.03490000000000004,2.414727709023282,0,0,326,0.303951367781155,0.4133738601823708,0.4783605635166168
PU-C,6,0.4,0.0,330,3000,0,334,178,512,0.19484820670913905,0.05389999999999995,2.458539208979346,0,0,331,0.2994011976047904,0.40718562874251496,0.46830952167510986
PU-C,6,0.4,0.0,335,3000,0,339,111,450,0.1729092591558583,0.03249999999999997,2.5037890420062467,0,0,336,0.29793510324483774,0.41002949852507375,0.4878205955028534
PU-C,6,0.4,0.0,340,3000,0,344,77,421,0.16259860317222774,0.02859999999999996,2.546608417003881,0,0,341,0.29651162790697677,0.4069767441860465,0.5159763693809509
PU-C,6,0.4,0.0,345,3000,0,349,100,449,0.17255426640622318,0.039100000000000024,2.583572249975987,0,0,346,0.3037249283667622,0.4154727793696275,0.5236791968345642
PU-C,6,0.4,0.0,350,3000,0,354,101,455,0.1746836540987715,0.0494,2.6139200420002453,0,0,351,0.2994350282485876,0.4124293785310734,0.528583288192749
PU-C,6,0.4,0.0,355,3000,0,359,65,424,0.16366678231861442,0.028000000000000025,2.6489480420132168,0,0,356,0.3008356545961003,0.41225626740947074,0.5349417328834534
PU-C,6,0.4,0.0,360,3000,0,364,61,425,0.16402276017470285,0.014599999999999946,2.6840542089776136,0,0,361,0.30494505494505497,0.4175824175824176,0.537746250629425
PU-C,6,0.4,0.0,365,3000,0,369,60,429,0.16544626542599872,0.019199999999999995,2.723684167023748,0,0,366,0.3035230352303523,0.4173441734417344,0.5315074920654297
PU-C,6,0.4,0.0,370,3000,0,374,67,441,0.16971294325776398,0.02849999999999997,2.783904000010807,0,0,371,0.3048128342245989,0.41711229946524064,0.5164749026298523
PU-C,6,0.4,0.0,375,3000,0,379,100,479,0.18318789481418207,0.051899999999999946,2.8227923340164125,0,0,376,0.3113456464379947,0.42216358839050133,0.512725830078125
PU-C,6,0.4,0.0,380,3000,0,384,76,460,0.17645711061777547,0.042300000000000004,2.8533866250072606,0,0,381,0.3151041666666667,0.4270833333333333,0.5386940836906433
PU-C,6,0.4,0.0,385,3000,0,389,51,440,0.16935760364867747,0.031100000000000017,2.888782583991997,0,0,386,0.3161953727506427,0.42930591259640105,0.5509417653083801
PU-C,6,0.4,0.0,390,3000,0,394,83,477,0.18248000246239826,0.03720000000000001,2.9329549170215614,0,0,391,0.31218274111675126,0.42385786802030456,0.5652775168418884
PU-C,6,0.4,0.0,395,3000,0,399,57,456,0.17503842012956738,0.0262,2.9866291250218637,0,0,396,0.3107769423558897,0.42105263157894735,0.5286784768104553
PU-C,6,0.4,0.0,400,3000,0,404,46,450,0.1729092591558583,0.030000000000000027,3.0347508750273846,0,0,401,0.31435643564356436,0.42574257425742573,0.550157368183136
PU-C,6,0.4,0.0,405,3000,0,409,61,470,0.1800012559397146,0.04169999999999996,3.086261917022057,0,0,406,0.3154034229828851,0.4254278728606357,0.560651957988739
PU-C,6,0.4,0.0,410,3000,0,414,31,445,0.1711339132161811,0.023800000000000043,3.166081250004936,0,0,411,0.3188405797101449,0.427536231884058,0.5794943571090698
PU-C,6,0.4,0.0,415,3000,0,419,37,456,0.17503842012956738,0.02310000000000001,3.215063333977014,0,0,416,0.31742243436754175,0.42482100238663484,0.5902462601661682
PU-C,6,0.4,0.0,420,3000,0,424,51,475,0.18177196802571416,0.03849999999999998,3.2598611669964157,0,0,421,0.3136792452830189,0.419811320754717,0.5756193399429321
PU-C,6,0.4,0.0,425,3000,0,429,31,460,0.17645711061777547,0.02859999999999996,3.347059833991807,0,0,426,0.317016317016317,0.4219114219114219,0.5560910105705261
PU-C,6,0.4,0.0,430,3000,0,434,51,485,0.18531072669429705,0.031100000000000017,3.3974537500180304,0,0,431,0.32027649769585254,0.42626728110599077,0.5799592733383179
PU-C,6,0.4,0.0,435,3000,0,439,29,468,0.17929271882167086,0.03210000000000002,3.4536884999834,0,0,436,0.3234624145785877,0.428246013667426,0.5994091033935547
PU-C,6,0.4,0.0,440,3000,0,444,51,495,0.18884600239107385,0.041000000000000036,3.5189939590054564,0,0,441,0.32882882882882886,0.43243243243243246,0.5584841370582581
PU-C,6,0.4,0.0,445,3000,0,449,28,477,0.18248000246239826,0.025000000000000022,3.606891417002771,0,0,446,0.32516703786191536,0.42761692650334077,0.5814785957336426
PU-C,6,0.4,0.0,450,3000,0,454,78,532,0.20189754257444292,0.04620000000000002,3.674797208979726,0,0,451,0.3303964757709251,0.43171806167400884,0.5588837265968323
PU-C,6,0.4,0.0,455,3000,0,459,12,471,0.18035547027830034,0.011499999999999955,3.721821083978284,0,0,456,0.32679738562091504,0.42919389978213507,0.5802144408226013
PU-C,6,0.4,0.0,460,3000,0,464,11,475,0.18177196802571416,0.02100000000000002,3.7583815419930033,0,0,461,0.3275862068965517,0.42887931034482757,0.5648524165153503
PU-C,6,0.4,0.0,465,3000,0,469,68,537,0.20365789777133614,0.042100000000000026,3.803864874993451,0,0,466,0.326226012793177,0.43070362473347545,0.5515061020851135
PU-C,6,0.4,0.0,470,3000,0,474,13,487,0.18601805780781433,0.017000000000000015,3.8456405000179075,0,0,471,0.3227848101265823,0.43248945147679324,0.623989999294281
PU-C,6,0.4,0.0,475,3000,0,479,11,490,0.1870787946972996,0.020100000000000007,3.8860472919768654,0,0,476,0.32150313152400833,0.430062630480167,0.570453941822052
PU-C,6,0.4,0.0,480,3000,0,484,5,489,0.18672525027068332,0.020299999999999985,3.9424548340030015,0,0,481,0.3243801652892562,0.43388429752066116,0.5941309928894043
PU-C,6,0.4,0.0,485,3000,0,489,9,498,0.18990591826150194,0.027599999999999958,3.996829917014111,0,0,486,0.3231083844580777,0.43149284253578735,0.5797354578971863
PU-C,6,0.4,0.0,490,3000,0,494,41,535,0.20295384910423309,0.0403,4.067832125001587,0,0,491,0.32186234817813764,0.4311740890688259,0.5578538775444031
PU-C,6,0.4,0.0,495,3000,0,499,75,574,0.21666096238186583,0.04400000000000004,4.104527459014207,0,0,496,0.3186372745490982,0.4288577154308617,0.5633459687232971
PU-C,6,0.4,0.0,500,3000,0,504,1,505,0.19237787678139284,0.018299999999999983,4.14991508400999,0,0,501,0.31746031746031744,0.4305555555555556,0.6050316691398621
PU-C,6,0.4,0.0,501,3000,0,505,0,505,0.19237787678139284,0.01859999999999995,4.163928791997023,1,0,502,0.31683168316831684,0.4297029702970297,0.5996277332305908
PU-F,6,0.4,0.0,0,3000,0,4,586,590,0.22227153496351093,0.14890000000000003,0.011057208001147956,0,0,1,0.0,0.0,0.47656646370887756
PU-F,6,0.4,0.0,5,3000,0,9,296,305,0.120974114688579,0.06679999999999997,0.08926820795750245,0,0,6,0.2222222222222222,0.2222222222222222,0.6115224361419678
PU-F,6,0.4,0.0,10,3000,0,14,594,608,0.22857489221496508,0.15390000000000004,0.1563399579608813,0,0,11,0.5,0.5,0.64968341588974
PU-F,6,0.4,0.0,15,3000,0,19,398,417,0.16117378696799278,0.09040000000000004,0.275066957983654,0,0,16,0.5263157894736842,0.5263157894736842,0.6607334017753601
PU-F,6,0.4,0.0,20,3000,0,24,509,533,0.202249675989151,0.12439999999999996,0.3289485420100391,0,0,21,0.5833333333333334,0.5833333333333334,0.7352389693260193
PU-F,6,0.4,0.0,25,3000,0,29,586,615,0.23102381633361802,0.15459999999999996,0.36738049995619804,0,0,26,0.5172413793103449,0.5172413793103449,0.696829080581665
PU-F,6,0.4,0.0,30,3000,0,34,541,575,0.2170118367066607,0.13959999999999995,0.4061060829553753,0,0,31,0.47058823529411764,0.47058823529411764,0.7425684332847595
PU-F,6,0.4,0.0,35,3000,0,39,535,574,0.21666096238186583,0.13870000000000005,0.444297291978728,0,0,36,0.41025641025641024,0.41025641025641024,0.6946713328361511
PU-F,6,0.4,0.0,40,3000,0,44,498,542,0.20541747816605493,0.1269,0.5025264580035582,0,0,41,0.36363636363636365,0.36363636363636365,0.7300943732261658
PU-F,6,0.4,0.0,45,3000,0,49,474,523,0.19872692442731932,0.11199999999999999,0.5719214169657789,0,0,46,0.3673469387755102,0.3673469387755102,0.6772779822349548
PU-F,6,0.4,0.0,50,3000,0,54,493,547,0.20717629184946418,0.12270000000000003,0.7503017919952981,0,0,51,0.35185185185185186,0.35185185185185186,0.7149986624717712
PU-F,6,0.4,0.0,55,3000,0,59,406,465,0.17822964064544067,0.09660000000000002,0.8339968330110423,0,0,56,0.3559322033898305,0.3559322033898305,0.6708921790122986
PU-F,6,0.4,0.0,60,3000,0,64,476,540,0.204713738465216,0.11619999999999997,0.8986657919595018,0,0,61,0.328125,0.34375,0.7028660774230957
PU-F,6,0.4,0.0,65,3000,0,69,323,392,0.15225325751816854,0.08350000000000002,0.9763959170086309,0,0,66,0.30434782608695654,0.3188405797101449,0.6435196399688721
PU-F,6,0.4,0.0,70,3000,0,74,465,539,0.20436182245612144,0.11319999999999997,1.044586125004571,0,0,71,0.32432432432432434,0.33783783783783783,0.6889340281486511
PU-F,6,0.4,0.0,75,3000,0,79,287,366,0.1429460442159325,0.07830000000000004,1.1354755829670466,0,0,76,0.34177215189873417,0.35443037974683544,0.6379908919334412
PU-F,6,0.4,0.0,80,3000,0,84,463,547,0.20717629184946418,0.1149,1.2130825420026667,0,0,81,0.34523809523809523,0.35714285714285715,0.6918936371803284
PU-F,6,0.4,0.0,85,3000,0,89,261,350,0.13720225798897445,0.06620000000000004,1.2790474579669535,0,0,86,0.3258426966292135,0.3595505617977528,0.6381385922431946
PU-F,6,0.4,0.0,90,3000,0,94,478,572,0.21595912729389966,0.119,1.3368405000073835,0,0,91,0.30851063829787234,0.35106382978723405,0.6932266354560852
PU-F,6,0.4,0.0,95,3000,0,99,272,371,0.14473837532568723,0.06789999999999996,1.4082189580076374,0,0,96,0.29292929292929293,0.3333333333333333,0.6457676291465759
PU-F,6,0.4,0.0,100,3000,0,104,470,574,0.21666096238186583,0.11780000000000002,1.4813059580046684,0,0,101,0.27884615384615385,0.3173076923076923,0.6949103474617004
PU-F,6,0.4,0.0,105,3000,0,109,272,381,0.1483194487518631,0.0676,1.5452954169595614,0,0,106,0.26605504587155965,0.3119266055045872,0.6510644555091858
PU-F,6,0.4,0.0,110,3000,0,114,467,581,0.2191164813702926,0.11960000000000004,1.6109764580032788,0,0,111,0.2631578947368421,0.30701754385964913,0.692995548248291
PU-F,6,0.4,0.0,115,3000,0,119,266,385,0.1497505659935996,0.0685,1.6725724999560043,0,0,116,0.25210084033613445,0.29411764705882354,0.6704455018043518
PU-F,6,0.4,0.0,120,3000,0,124,461,585,0.2205190091044642,0.12070000000000003,1.7419200000003912,0,0,121,0.25806451612903225,0.29838709677419356,0.697330117225647
PU-F,6,0.4,0.0,125,3000,0,129,440,569,0.21490615798393264,0.1099,1.8230889170081355,0,0,126,0.24806201550387597,0.2868217054263566,0.6138952970504761
PU-F,6,0.4,0.0,130,3000,0,134,413,547,0.20717629184946418,0.11140000000000005,1.8986797079560347,0,0,131,0.2462686567164179,0.2835820895522388,0.6125788688659668
PU-F,6,0.4,0.0,135,3000,0,139,348,487,0.18601805780781433,0.09030000000000005,1.9719291249639355,0,0,136,0.2517985611510791,0.28776978417266186,0.5972273349761963
PU-F,6,0.4,0.0,140,3000,0,144,425,569,0.21490615798393264,0.10140000000000005,2.0398151249974035,0,0,141,0.25,0.2847222222222222,0.6341097950935364
PU-F,6,0.4,0.0,145,3000,0,149,450,599,0.22542432631598786,0.11219999999999997,2.117040791956242,0,0,146,0.2550335570469799,0.28859060402684567,0.64374840259552
PU-F,6,0.4,0.0,150,3000,0,154,355,509,0.1937896916642785,0.08799999999999997,2.1916530419839546,0,0,151,0.2532467532467532,0.2857142857142857,0.5572222471237183
PU-F,6,0.4,0.0,155,3000,0,159,413,572,0.21595912729389966,0.10289999999999999,2.262862458010204,0,0,156,0.25157232704402516,0.2830188679245283,0.5601695775985718
PU-F,6,0.4,0.0,160,3000,0,164,355,519,0.1973169335979037,0.09299999999999997,2.339207707962487,0,0,161,0.25,0.2865853658536585,0.5250393152236938
PU-F,6,0.4,0.0,165,3000,0,169,413,582,0.21946715575177222,0.10509999999999997,2.418001167010516,0,0,166,0.2485207100591716,0.28402366863905326,0.4623599648475647
PU-F,6,0.4,0.0,170,3000,0,174,334,508,0.19343678752193227,0.08840000000000003,2.4946795419673435,0,0,171,0.25287356321839083,0.28735632183908044,0.5207918286323547
PU-F,6,0.4,0.0,175,3000,0,179,425,604,0.22717491316143423,0.11199999999999999,2.5674589999835007,0,0,176,0.25139664804469275,0.2849162011173184,0.4912967383861542
PU-F,6,0.4,0.0,180,3000,0,184,327,511,0.1944954011705704,0.08099999999999996,2.645850208005868,0,0,181,0.24456521739130435,0.2826086956521739,0.4739854335784912
PU-F,6,0.4,0.0,185,3000,0,189,384,573,0.21631005924427882,0.1069,2.7145140419597737,0,0,186,0.23809523809523808,0.2751322751322751,0.44601356983184814
PU-F,6,0.4,0.0,190,3000,0,194,329,523,0.19872692442731932,0.08050000000000002,2.821918374975212,0,0,191,0.23195876288659795,0.26804123711340205,0.47828009724617004
PU-F,6,0.4,0.0,195,3000,0,199,343,542,0.20541747816605493,0.08399999999999996,2.8868374999728985,0,0,196,0.23115577889447236,0.2663316582914573,0.46297505497932434
PU-F,6,0.4,0.0,200,3000,0,204,269,473,0.1810637908638455,0.06110000000000004,2.9605794579838403,0,0,201,0.22549019607843138,0.2696078431372549,0.48643290996551514
PU-F,6,0.4,0.0,205,3000,0,209,360,569,0.21490615798393264,0.07989999999999997,3.028546749963425,0,0,206,0.22009569377990432,0.2631578947368421,0.4719390273094177
PU-F,6,0.4,0.0,210,3000,0,214,361,575,0.2170118367066607,0.08079999999999998,3.091529792000074,0,0,211,0.21962616822429906,0.26635514018691586,0.5283060073852539
PU-F,6,0.4,0.0,215,3000,0,219,273,492,0.18778578046476468,0.07099999999999995,3.1516758750076406,0,0,216,0.2146118721461187,0.2602739726027397,0.6286520957946777
PU-F,6,0.4,0.0,220,3000,0,224,307,531,0.20154537784401327,0.07399999999999995,3.2115942079690285,0,0,221,0.21875,0.26339285714285715,0.5278699994087219
PU-F,6,0.4,0.0,225,3000,0,229,253,482,0.18424946861341596,0.06830000000000003,3.274903582991101,0,0,226,0.2183406113537118,0.26200873362445415,0.6431277990341187
PU-F,6,0.4,0.0,230,3000,0,234,275,509,0.1937896916642785,0.06240000000000001,3.3463211249909364,0,0,231,0.21794871794871795,0.26495726495726496,0.5613688826560974
PU-F,6,0.4,0.0,235,3000,0,239,231,470,0.1800012559397146,0.0524,3.4012238750001416,0,0,236,0.2175732217573222,0.26778242677824265,0.6371584534645081
PU-F,6,0.4,0.0,240,3000,0,244,303,547,0.20717629184946418,0.07609999999999995,3.464317124977242,0,0,241,0.22540983606557377,0.27459016393442626,0.6380588412284851
PU-F,6,0.4,0.0,245,3000,0,249,287,536,0.20330588897923008,0.0625,3.5362957079778425,0,0,246,0.2248995983935743,0.27309236947791166,0.6123148202896118
PU-F,6,0.4,0.0,250,3000,0,254,269,523,0.19872692442731932,0.0706,3.6041934579843655,0,0,251,0.2204724409448819,0.2677165354330709,0.6211608648300171
PU-F,6,0.4,0.0,255,3000,0,259,261,520,0.19766947941388935,0.07079999999999997,3.670332124980632,0,0,256,0.22393822393822393,0.27413127413127414,0.638907253742218
PU-F,6,0.4,0.0,260,3000,0,264,200,464,0.17787520814454183,0.046699999999999964,3.736088707984891,0,0,261,0.22727272727272727,0.2803030303030303,0.543278157711029
PU-F,6,0.4,0.0,265,3000,0,269,296,565,0.2135017917607911,0.07679999999999998,3.7941922079771757,0,0,266,0.23048327137546468,0.2825278810408922,0.5547988414764404
PU-F,6,0.4,0.0,270,3000,0,274,195,469,0.1796470055123791,0.049699999999999966,3.854336207965389,0,0,271,0.24087591240875914,0.291970802919708,0.6395628452301025
PU-F,6,0.4,0.0,275,3000,0,279,232,511,0.1944954011705704,0.06499999999999995,3.909204082970973,0,0,276,0.24731182795698925,0.3010752688172043,0.6960307955741882
PU-F,6,0.4,0.0,280,3000,0,284,183,467,0.17893839586758986,0.043200000000000016,3.970028541982174,0,0,281,0.25,0.3028169014084507,0.6013687252998352
PU-F,6,0.4,0.0,285,3000,0,289,185,474,0.18141789734363556,0.05559999999999998,4.035679874999914,0,0,286,0.25259515570934254,0.3079584775086505,0.6086258888244629
PU-F,6,0.4,0.0,290,3000,0,294,184,478,0.18283396633341908,0.05459999999999998,4.09567829198204,0,0,291,0.24829931972789115,0.30272108843537415,0.6745970845222473
PU-F,6,0.4,0.0,295,3000,0,299,188,487,0.18601805780781433,0.04730000000000001,4.15512279199902,0,0,296,0.2508361204013378,0.3076923076923077,0.6391063928604126
PU-F,6,0.4,0.0,300,3000,0,304,188,492,0.18778578046476468,0.049699999999999966,4.205522916978225,0,0,301,0.2532894736842105,0.3092105263157895,0.6690312027931213
PU-F,6,0.4,0.0,305,3000,0,309,188,497,0.189552646887023,0.04479999999999995,4.2597358750062995,0,0,306,0.2524271844660194,0.3106796116504854,0.6027474999427795
PU-F,6,0.4,0.0,310,3000,0,314,115,429,0.16544626542599872,0.030000000000000027,4.311011124984361,0,0,311,0.25796178343949044,0.3184713375796178,0.6067962646484375
PU-F,6,0.4,0.0,315,3000,0,319,182,501,0.19096553017152473,0.05159999999999998,4.357599749986548,0,0,316,0.2664576802507837,0.32601880877742945,0.6972147822380066
PU-F,6,0.4,0.0,320,3000,0,324,125,449,0.17255426640622318,0.0353,4.409436082991306,0,0,321,0.26851851851851855,0.33024691358024694,0.5972197651863098
PU-F,6,0.4,0.0,325,3000,0,329,101,430,0.16580204077763483,0.036699999999999955,4.466756582958624,0,0,326,0.270516717325228,0.331306990881459,0.6640273332595825
PU-F,6,0.4,0.0,330,3000,0,334,122,456,0.17503842012956738,0.04359999999999997,4.520390416961163,0,0,331,0.27844311377245506,0.3383233532934132,0.6660115122795105
PU-F,6,0.4,0.0,335,3000,0,339,147,486,0.18566440959693864,0.03649999999999998,4.57555179198971,0,0,336,0.2861356932153392,0.34513274336283184,0.6520538926124573
PU-F,6,0.4,0.0,340,3000,0,344,94,438,0.16864680708386004,0.03590000000000004,4.62951224995777,0,0,341,0.29651162790697677,0.3546511627906977,0.6145126223564148
PU-F,6,0.4,0.0,345,3000,0,349,126,475,0.18177196802571416,0.04159999999999997,4.680710666987579,0,0,346,0.29512893982808025,0.3553008595988539,0.6319661140441895
PU-F,6,0.4,0.0,350,3000,0,354,83,437,0.16829134989529848,0.02629999999999999,4.734899666975252,0,0,351,0.2966101694915254,0.3587570621468927,0.58981853723526
PU-F,6,0.4,0.0,355,3000,0,359,70,429,0.16544626542599872,0.03090000000000004,4.78950791695388,0,0,356,0.30362116991643456,0.3649025069637883,0.5795326828956604
PU-F,6,0.4,0.0,360,3000,0,364,119,483,0.1846032562898472,0.048699999999999966,4.854927082953509,0,0,361,0.3021978021978022,0.36538461538461536,0.5798044800758362
PU-F,6,0.4,0.0,365,3000,0,369,75,444,0.17077872878871858,0.023399999999999976,4.910264750011265,0,0,366,0.3062330623306233,0.3685636856368564,0.6332396268844604
PU-F,6,0.4,0.0,370,3000,0,374,134,508,0.19343678752193227,0.04630000000000001,4.964080917008687,0,0,371,0.31016042780748665,0.37433155080213903,0.5681382417678833
PU-F,6,0.4,0.0,375,3000,0,379,130,509,0.1937896916642785,0.05169999999999997,5.029294582956936,0,0,376,0.31398416886543534,0.37730870712401055,0.6158989667892456
PU-F,6,0.4,0.0,380,3000,0,384,148,532,0.20189754257444292,0.05379999999999996,5.082472542009782,0,0,381,0.3177083333333333,0.3828125,0.630111575126648
PU-F,6,0.4,0.0,385,3000,0,389,50,439,0.16900222492404282,0.028200000000000003,5.1520706249866635,0,0,386,0.3161953727506427,0.38046272493573263,0.6450124382972717
PU-F,6,0.4,0.0,390,3000,0,394,124,518,0.1969643555348739,0.04590000000000005,5.22793404199183,0,0,391,0.3223350253807107,0.38578680203045684,0.6121350526809692
PU-F,6,0.4,0.0,395,3000,0,399,106,505,0.19237787678139284,0.036699999999999955,5.3125950419926085,0,0,396,0.3233082706766917,0.38596491228070173,0.6327478289604187
PU-F,6,0.4,0.0,400,3000,0,404,157,561,0.21209695702418685,0.05669999999999997,5.364246041979641,0,0,401,0.32425742574257427,0.3886138613861386,0.6091455221176147
PU-F,6,0.4,0.0,405,3000,0,409,144,553,0.2092858671094291,0.05600000000000005,5.4214914169861,0,0,406,0.33007334963325186,0.39364303178484106,0.6575839519500732
PU-F,6,0.4,0.0,410,3000,0,414,185,599,0.22542432631598786,0.06269999999999998,5.472594833001494,0,0,411,0.32608695652173914,0.391304347826087,0.6695348620414734
PU-F,6,0.4,0.0,415,3000,0,419,209,628,0.2355683579808101,0.06489999999999996,5.526500624953769,0,0,416,0.3221957040572792,0.38663484486873506,0.6618175506591797
PU-F,6,0.4,0.0,420,3000,0,424,118,542,0.20541747816605493,0.04520000000000002,5.576068833004683,0,0,421,0.3231132075471698,0.3891509433962264,0.7087007164955139
PU-F,6,0.4,0.0,425,3000,0,429,165,594,0.22367305267835036,0.06279999999999997,5.627038249978796,0,0,426,0.32167832167832167,0.38694638694638694,0.7158372402191162
PU-F,6,0.4,0.0,430,3000,0,434,148,582,0.21946715575177222,0.05520000000000003,5.694770250003785,0,0,431,0.32027649769585254,0.3847926267281106,0.6981669664382935
PU-F,6,0.4,0.0,435,3000,0,439,90,529,0.20084095414495096,0.0413,5.755760582978837,0,0,436,0.31890660592255127,0.3826879271070615,0.6803745627403259
PU-F,6,0.4,0.0,440,3000,0,444,132,576,0.21736268227687106,0.054400000000000004,5.813396374986041,0,0,441,0.3153153153153153,0.38288288288288286,0.6824514865875244
PU-F,6,0.4,0.0,445,3000,0,449,66,515,0.1959064273396507,0.04200000000000004,5.8642415829817764,0,0,446,0.31625835189309576,0.3830734966592428,0.6986203789710999
PU-F,6,0.4,0.0,450,3000,0,454,95,549,0.20787960436427966,0.036800000000000055,5.916797832993325,0,0,451,0.31497797356828194,0.3832599118942731,0.6888046860694885
PU-F,6,0.4,0.0,455,3000,0,459,94,553,0.2092858671094291,0.040100000000000025,6.013841916981619,0,0,456,0.3159041394335512,0.38562091503267976,0.6989871263504028
PU-F,6,0.4,0.0,460,3000,0,464,63,527,0.2001364043680951,0.03169999999999995,6.061921749962494,0,0,461,0.3146551724137931,0.3900862068965517,0.7095520496368408
PU-F,6,0.4,0.0,465,3000,0,469,91,560,0.21174567472189665,0.03710000000000002,6.108445124991704,0,0,466,0.31343283582089554,0.39019189765458423,0.695482611656189
PU-F,6,0.4,0.0,470,3000,0,474,121,595,0.224023362621665,0.05059999999999998,6.1606962499790825,0,0,471,0.31856540084388185,0.39662447257383965,0.719102144241333
PU-F,6,0.4,0.0,475,3000,0,479,51,530,0.2011931817396544,0.0343,6.207427041954361,0,0,476,0.31524008350730687,0.3987473903966597,0.7116236686706543
PU-F,6,0.4,0.0,480,3000,0,484,20,504,0.19202484015841037,0.02290000000000003,6.2482776250108145,0,0,481,0.3140495867768595,0.40082644628099173,0.700570821762085
PU-F,6,0.4,0.0,485,3000,0,489,3,492,0.18778578046476468,0.021299999999999986,6.296842916985042,0,0,486,0.3149284253578732,0.40081799591002043,0.7273518443107605
PU-F,6,0.4,0.0,490,3000,0,494,66,560,0.21174567472189665,0.042100000000000026,6.3485855420003645,0,0,491,0.31376518218623484,0.4008097165991903,0.7155261635780334
PU-F,6,0.4,0.0,495,3000,0,499,63,562,0.21244820981519297,0.04149999999999998,6.406125499983318,0,0,496,0.312625250501002,0.4028056112224449,0.7286593914031982
PU-F,6,0.4,0.0,500,3000,0,504,22,526,0.19978408206952736,0.028800000000000048,6.450860999990255,0,0,501,0.3115079365079365,0.40476190476190477,0.7016348838806152
PU-F,6,0.4,0.0,505,3000,0,509,5,514,0.1955537197063677,0.023499999999999965,6.492252749972977,0,0,506,0.30844793713163066,0.4066797642436149,0.722180187702179
PU-F,6,0.4,0.0,509,3000,0,513,0,513,0.19520097953500226,0.01970000000000005,6.5282372499932535,1,0,510,0.3060428849902534,0.4074074074074074,0.7367973923683167
PU-G,6,0.4,0.0,0,3000,0,4,643,647,0.2422024640836753,0.16859999999999997,0.012431957991793752,0,0,1,0.0,0.0,0.6953793168067932
PU-G,6,0.4,0.0,5,3000,0,9,271,280,0.11190583789721131,0.05130000000000001,0.09555054199881852,0,0,6,0.1111111111111111,0.1111111111111111,0.5873563289642334
PU-G,6,0.4,0.0,10,3000,0,14,305,319,0.12603523599682376,0.07050000000000001,0.1700114579871297,0,0,11,0.2857142857142857,0.2857142857142857,0.6766049861907959
PU-G,6,0.4,0.0,15,3000,0,19,426,445,0.1711339132161811,0.10099999999999998,0.2372162080137059,0,0,16,0.3157894736842105,0.3157894736842105,0.67257159948349
PU-G,6,0.4,0.0,20,3000,0,24,397,421,0.16259860317222774,0.09319999999999995,0.2842572499648668,0,0,21,0.2916666666666667,0.3333333333333333,0.698570728302002
PU-G,6,0.4,0.0,25,3000,0,29,463,492,0.18778578046476468,0.11280000000000001,0.31260791700333357,0,0,26,0.3793103448275862,0.41379310344827586,0.736447811126709
PU-G,6,0.4,0.0,30,3000,0,34,362,396,0.15368237491929904,0.08819999999999995,0.3427852079621516,0,0,31,0.35294117647058826,0.38235294117647056,0.7012585997581482
PU-G,6,0.4,0.0,35,3000,0,39,429,468,0.17929271882167086,0.10860000000000003,0.3742902919766493,0,0,36,0.38461538461538464,0.41025641025641024,0.7635899782180786
PU-G,6,0.4,0.0,40,3000,0,44,379,423,0.16331076360074803,0.09670000000000001,0.406316666980274,0,0,41,0.38636363636363635,0.4090909090909091,0.7184701561927795
PU-G,6,0.4,0.0,45,3000,0,49,429,478,0.18283396633341908,0.10919999999999996,0.438246458012145,0,0,46,0.3673469387755102,0.3877551020408163,0.7872756719589233
PU-G,6,0.4,0.0,50,3000,0,54,432,486,0.18566440959693864,0.10340000000000005,0.49959529197076336,0,0,51,0.3333333333333333,0.35185185185185186,0.7368836998939514
PU-G,6,0.4,0.0,55,3000,0,59,418,477,0.18248000246239826,0.10840000000000005,0.5700338750029914,0,0,56,0.3389830508474576,0.3728813559322034,0.8015022277832031
PU-G,6,0.4,0.0,60,3000,0,64,455,519,0.1973169335979037,0.11280000000000001,0.6469775830046274,0,0,61,0.34375,0.375,0.7509550452232361
PU-G,6,0.4,0.0,65,3000,0,69,452,521,0.19802199315745384,0.118,0.722641707980074,0,0,66,0.3188405797101449,0.36231884057971014,0.8105359077453613
PU-G,6,0.4,0.0,70,3000,0,74,439,513,0.19520097953500226,0.11009999999999998,0.7926426670164801,0,0,71,0.3108108108108108,0.35135135135135137,0.7472175359725952
PU-G,6,0.4,0.0,75,3000,0,79,416,495,0.18884600239107385,0.11080000000000001,0.8581961669842713,0,0,76,0.3037974683544304,0.34177215189873417,0.8091389536857605
PU-G,6,0.4,0.0,80,3000,0,84,415,499,0.19025915587553754,0.10429999999999995,0.9346188330091536,0,0,81,0.30952380952380953,0.34523809523809523,0.7411117553710938
PU-G,6,0.4,0.0,85,3000,0,89,404,493,0.1881392219220288,0.1089,1.0450958749861456,0,0,86,0.3146067415730337,0.34831460674157305,0.8137166500091553
PU-G,6,0.4,0.0,90,3000,0,94,393,487,0.18601805780781433,0.10060000000000002,1.1123429579893127,0,0,91,0.2978723404255319,0.3404255319148936,0.7427752017974854
PU-G,6,0.4,0.0,95,3000,0,99,392,491,0.18743230478139594,0.10699999999999998,1.1870045000105165,0,0,96,0.30303030303030304,0.36363636363636365,0.8163986206054688
PU-G,6,0.4,0.0,100,3000,0,104,375,479,0.18318789481418207,0.09709999999999996,1.2598468330106698,0,0,101,0.3173076923076923,0.375,0.7374842166900635
PU-G,6,0.4,0.0,105,3000,0,109,402,511,0.1944954011705704,0.10970000000000002,1.3305884170113131,0,0,106,0.3394495412844037,0.4036697247706422,0.8190687894821167
PU-G,6,0.4,0.0,110,3000,0,114,369,483,0.1846032562898472,0.09740000000000004,1.4016485000029206,0,0,111,0.34210526315789475,0.4298245614035088,0.737892746925354
PU-G,6,0.4,0.0,115,3000,0,119,419,538,0.2040098755969666,0.11409999999999998,1.4846757499617524,0,0,116,0.35294117647058826,0.453781512605042,0.8226575255393982
PU-G,6,0.4,0.0,120,3000,0,124,366,490,0.1870787946972996,0.09870000000000001,1.553651499969419,0,0,121,0.3387096774193548,0.4435483870967742,0.7378409504890442
PU-G,6,0.4,0.0,125,3000,0,129,420,549,0.20787960436427966,0.11170000000000002,1.6296655000187457,0,0,126,0.3333333333333333,0.4418604651162791,0.8203423619270325
PU-G,6,0.4,0.0,130,3000,0,134,398,532,0.20189754257444292,0.10150000000000003,1.7047641669632867,0,0,131,0.3283582089552239,0.43283582089552236,0.733919084072113
PU-G,6,0.4,0.0,135,3000,0,139,516,655,0.24499302072217688,0.14659999999999995,1.7835256250109524,0,0,136,0.3381294964028777,0.43884892086330934,0.7885572910308838
PU-G,6,0.4,0.0,140,3000,0,144,334,478,0.18283396633341908,0.09189999999999998,1.8661717919749208,0,0,141,0.3333333333333333,0.4375,0.6310486197471619
PU-G,6,0.4,0.0,145,3000,0,149,490,639,0.23941028682747856,0.14190000000000003,1.9380756670143455,0,0,146,0.33557046979865773,0.436241610738255,0.7758469581604004
PU-G,6,0.4,0.0,150,3000,0,154,289,443,0.17042350576957688,0.07469999999999999,2.0116241250070743,0,0,151,0.33766233766233766,0.43506493506493504,0.6877784729003906
PU-G,6,0.4,0.0,155,3000,0,159,530,689,0.25683527055662125,0.15239999999999998,2.090720666979905,0,0,156,0.3333333333333333,0.4339622641509434,0.7999306917190552
PU-G,6,0.4,0.0,160,3000,0,164,342,506,0.19273088016780093,0.08809999999999996,2.166399832989555,0,0,161,0.3353658536585366,0.43902439024390244,0.6615051627159119
PU-G,6,0.4,0.0,165,3000,0,169,475,644,0.24115558865014464,0.13429999999999997,2.2391020419890992,0,0,166,0.3254437869822485,0.4319526627218935,0.7577980756759644
PU-G,6,0.4,0.0,170,3000,0,174,358,532,0.20189754257444292,0.07489999999999997,2.3211120829801075,0,0,171,0.3160919540229885,0.42528735632183906,0.6882626414299011
PU-G,6,0.4,0.0,175,3000,0,179,487,666,0.24882742739282548,0.13570000000000004,2.3828198749688454,0,0,176,0.3128491620111732,0.41899441340782123,0.7560593485832214
PU-G,6,0.4,0.0,180,3000,0,184,347,531,0.20154537784401327,0.07179999999999997,2.450366207980551,0,0,181,0.31521739130434784,0.41847826086956524,0.6624268293380737
PU-G,6,0.4,0.0,185,3000,0,189,461,650,0.24324911163421348,0.13149999999999995,2.5294363329885527,0,0,186,0.31746031746031744,0.42328042328042326,0.7282004356384277
PU-G,6,0.4,0.0,190,3000,0,194,185,379,0.14760361140361056,0.03300000000000003,2.585318957979325,0,0,191,0.31958762886597936,0.422680412371134,0.6845065951347351
PU-G,6,0.4,0.0,195,3000,0,199,468,667,0.2491758615942672,0.13229999999999997,2.6566590419970453,0,0,196,0.32160804020100503,0.4271356783919598,0.7575167417526245
PU-G,6,0.4,0.0,200,3000,0,204,294,498,0.18990591826150194,0.061799999999999966,2.738458957988769,0,0,201,0.3235294117647059,0.43137254901960786,0.6843794584274292
PU-G,6,0.4,0.0,205,3000,0,209,293,502,0.19131866691168398,0.06520000000000004,2.812492291966919,0,0,206,0.33014354066985646,0.4449760765550239,0.7097660899162292
PU-G,6,0.4,0.0,210,3000,0,214,416,630,0.23626712389523163,0.12109999999999999,2.8819713330012746,0,0,211,0.3364485981308411,0.4532710280373832,0.7648550868034363
PU-G,6,0.4,0.0,215,3000,0,219,293,512,0.19484820670913905,0.06679999999999997,3.0060762079665437,0,0,216,0.3333333333333333,0.4611872146118721,0.6886799931526184
PU-G,6,0.4,0.0,220,3000,0,224,388,612,0.22997443861095235,0.11080000000000001,3.067269207967911,0,0,221,0.3392857142857143,0.46875,0.7248880863189697
PU-G,6,0.4,0.0,225,3000,0,229,307,536,0.20330588897923008,0.07399999999999995,3.1359253749833442,0,0,226,0.33624454148471616,0.47161572052401746,0.6557175517082214
PU-G,6,0.4,0.0,230,3000,0,234,379,613,0.2303242579801008,0.11160000000000003,3.210516707971692,0,0,231,0.32905982905982906,0.4700854700854701,0.7094935774803162
PU-G,6,0.4,0.0,235,3000,0,239,342,581,0.2191164813702926,0.09740000000000004,3.2812417919631116,0,0,236,0.3263598326359833,0.46443514644351463,0.6756402254104614
PU-G,6,0.4,0.0,240,3000,0,244,304,548,0.20752796321175992,0.08130000000000004,3.3477011249633506,0,0,241,0.3237704918032787,0.45901639344262296,0.6517434120178223
PU-G,6,0.4,0.0,245,3000,0,249,296,545,0.20647285785526037,0.0797,3.4209283749805763,0,0,246,0.3172690763052209,0.4578313253012048,0.6398560404777527
PU-G,6,0.4,0.0,250,3000,0,254,355,609,0.22892481921007857,0.10219999999999996,3.494212999998126,0,0,251,0.3110236220472441,0.4566929133858268,0.670271098613739
PU-G,6,0.4,0.0,255,3000,0,259,332,591,0.22262195614166558,0.10170000000000001,3.5591967499931343,0,0,256,0.3088803088803089,0.4517374517374517,0.6224327087402344
PU-G,6,0.4,0.0,260,3000,0,264,219,483,0.1846032562898472,0.06010000000000004,3.6260227499878965,0,0,261,0.30303030303030304,0.4431818181818182,0.5577089786529541
PU-G,6,0.4,0.0,265,3000,0,269,303,572,0.21595912729389966,0.08350000000000002,3.691323333012406,0,0,266,0.30111524163568776,0.43866171003717475,0.6100752353668213
PU-G,6,0.4,0.0,270,3000,0,274,344,618,0.23207295371685177,0.09799999999999998,3.7610441250144504,0,0,271,0.29927007299270075,0.43795620437956206,0.6695005893707275
PU-G,6,0.4,0.0,275,3000,0,279,314,593,0.22332271496998146,0.0857,3.833764582988806,0,0,276,0.3010752688172043,0.43727598566308246,0.6172695159912109
PU-G,6,0.4,0.0,280,3000,0,284,301,585,0.2205190091044642,0.07999999999999996,3.9049040829995647,0,0,281,0.2992957746478873,0.43661971830985913,0.6530464291572571
PU-G,6,0.4,0.0,285,3000,0,289,274,563,0.21279943321133032,0.07789999999999997,3.980253125017043,0,0,286,0.2975778546712803,0.43252595155709345,0.6401036381721497
PU-G,6,0.4,0.0,290,3000,0,294,282,576,0.21736268227687106,0.07830000000000004,4.057616333011538,0,0,291,0.2925170068027211,0.42517006802721086,0.6704186797142029
PU-G,6,0.4,0.0,295,3000,0,299,246,545,0.20647285785526037,0.06599999999999995,4.123010166978929,0,0,296,0.2909698996655518,0.4214046822742475,0.6291792988777161
PU-G,6,0.4,0.0,300,3000,0,304,254,558,0.2110430212924257,0.07720000000000005,4.184213333006483,0,0,301,0.2894736842105263,0.41776315789473684,0.6269564032554626
PU-G,6,0.4,0.0,305,3000,0,309,245,554,0.20963735767873004,0.07110000000000005,4.243544791999739,0,0,306,0.28802588996763756,0.41423948220064727,0.6014665961265564
PU-G,6,0.4,0.0,310,3000,0,314,211,525,0.19943172798957676,0.06240000000000001,4.307647791982163,0,0,311,0.28662420382165604,0.410828025477707,0.5606029629707336
PU-G,6,0.4,0.0,315,3000,0,319,214,533,0.202249675989151,0.060799999999999965,4.365291833004449,0,0,316,0.28213166144200624,0.4106583072100313,0.5671142935752869
PU-G,6,0.4,0.0,320,3000,0,324,202,526,0.19978408206952736,0.05910000000000004,4.430618166981731,0,0,321,0.2808641975308642,0.4074074074074074,0.5949940085411072
PU-G,6,0.4,0.0,325,3000,0,329,191,520,0.19766947941388935,0.05559999999999998,4.493256792018656,0,0,326,0.2765957446808511,0.4012158054711246,0.5525457859039307
PU-G,6,0.4,0.0,330,3000,0,334,174,508,0.19343678752193227,0.053200000000000025,4.576472166983876,0,0,331,0.2754491017964072,0.40119760479041916,0.5457556843757629
PU-G,6,0.4,0.0,335,3000,0,339,162,501,0.19096553017152473,0.05630000000000002,4.635478999989573,0,0,336,0.2743362831858407,0.40412979351032446,0.545894205570221
PU-G,6,0.4,0.0,340,3000,0,344,136,480,0.1835417879628949,0.04490000000000005,4.694652958016377,0,0,341,0.2703488372093023,0.39825581395348836,0.5462348461151123
PU-G,6,0.4,0.0,345,3000,0,349,151,500,0.19061235984554514,0.0504,4.755348625010811,0,0,346,0.2722063037249284,0.3982808022922636,0.5597779154777527
PU-G,6,0.4,0.0,350,3000,0,354,145,499,0.19025915587553754,0.044300000000000006,4.806723167013843,0,0,351,0.2711864406779661,0.3954802259887006,0.5574369430541992
PU-G,6,0.4,0.0,355,3000,0,359,146,505,0.19237787678139284,0.041000000000000036,4.874335124972276,0,0,356,0.26740947075208915,0.3955431754874652,0.5955839157104492
PU-G,6,0.4,0.0,360,3000,0,364,143,507,0.1930838503758423,0.04200000000000004,4.932364750013221,0,0,361,0.2664835164835165,0.3956043956043956,0.5679464936256409
PU-G,6,0.4,0.0,365,3000,0,369,133,502,0.19131866691168398,0.04359999999999997,4.992291082977317,0,0,366,0.26287262872628725,0.3983739837398374,0.5618532299995422
PU-G,6,0.4,0.0,370,3000,0,374,117,491,0.18743230478139594,0.03849999999999998,5.050277457979973,0,0,371,0.25935828877005346,0.393048128342246,0.5770240426063538
PU-G,6,0.4,0.0,375,3000,0,379,113,492,0.18778578046476468,0.03700000000000003,5.100868833018467,0,0,376,0.2559366754617414,0.38786279683377306,0.5727295279502869
PU-G,6,0.4,0.0,380,3000,0,384,111,495,0.18884600239107385,0.036900000000000044,5.150769166997634,0,0,381,0.2526041666666667,0.390625,0.5778157114982605
PU-G,6,0.4,0.0,385,3000,0,389,121,510,0.19414256286108866,0.03610000000000002,5.209553457971197,0,0,386,0.2493573264781491,0.390745501285347,0.6074770092964172
PU-G,6,0.4,0.0,390,3000,0,394,117,511,0.1944954011705704,0.0383,5.267505957977846,0,0,391,0.24619289340101522,0.3883248730964467,0.5694127082824707
PU-G,6,0.4,0.0,395,3000,0,399,95,494,0.18849262921139598,0.03969999999999996,5.322515124978963,0,0,396,0.24310776942355888,0.38345864661654133,0.5758921504020691
PU-G,6,0.4,0.0,400,3000,0,404,92,496,0.18919934157747775,0.031000000000000028,5.379691916983575,0,0,401,0.2400990099009901,0.3811881188118812,0.5868411064147949
PU-G,6,0.4,0.0,405,3000,0,409,87,496,0.18919934157747775,0.027699999999999947,5.429406250012107,0,0,406,0.2371638141809291,0.37897310513447435,0.5678728222846985
PU-G,6,0.4,0.0,410,3000,0,414,97,511,0.1944954011705704,0.024700000000000055,5.478287375008222,0,0,411,0.23429951690821257,0.37922705314009664,0.5744547843933105
PU-G,6,0.4,0.0,415,3000,0,419,79,498,0.18990591826150194,0.0252,5.539883624995127,0,0,416,0.24105011933174225,0.38424821002386633,0.5454797148704529
PU-G,6,0.4,0.0,420,3000,0,424,85,509,0.1937896916642785,0.03169999999999995,5.603003791999072,0,0,421,0.24764150943396226,0.3915094339622642,0.5421409606933594
PU-G,6,0.4,0.0,425,3000,0,429,84,513,0.19520097953500226,0.026900000000000035,5.659262624976691,0,0,426,0.2540792540792541,0.3962703962703963,0.5464350581169128
PU-G,6,0.4,0.0,430,3000,0,434,80,514,0.1955537197063677,0.02859999999999996,5.7046887499745935,0,0,431,0.2534562211981567,0.3986175115207373,0.5297909379005432
PU-G,6,0.4,0.0,435,3000,0,439,73,512,0.19484820670913905,0.027200000000000002,5.748868333001155,0,0,436,0.255125284738041,0.39863325740318906,0.5257799029350281
PU-G,6,0.4,0.0,440,3000,0,444,64,508,0.19343678752193227,0.030000000000000027,5.795673125016037,0,0,441,0.25675675675675674,0.4009009009009009,0.5113139152526855
PU-G,6,0.4,0.0,445,3000,0,449,55,504,0.19202484015841037,0.029000000000000026,5.842154291982297,0,0,446,0.2583518930957684,0.40089086859688194,0.5005622506141663
PU-G,6,0.4,0.0,450,3000,0,454,55,509,0.1937896916642785,0.02429999999999999,5.895978999964427,0,0,451,0.2555066079295154,0.4052863436123348,0.5077775120735168
PU-G,6,0.4,0.0,455,3000,0,459,56,515,0.1959064273396507,0.026900000000000035,5.9488682500086725,0,0,456,0.2549019607843137,0.40522875816993464,0.5026373863220215
PU-G,6,0.4,0.0,460,3000,0,464,58,522,0.1983744747703895,0.03480000000000005,6.02284916699864,0,0,461,0.25646551724137934,0.4073275862068966,0.49389898777008057
PU-G,6,0.4,0.0,465,3000,0,469,49,518,0.1969643555348739,0.024800000000000044,6.064061500015669,0,0,466,0.2537313432835821,0.4115138592750533,0.4991561472415924
PU-G,6,0.4,0.0,470,3000,0,474,42,516,0.1962591024930589,0.031200000000000006,6.104839832987636,0,0,471,0.2510548523206751,0.41350210970464135,0.4909364581108093
PU-G,6,0.4,0.0,475,3000,0,479,36,515,0.1959064273396507,0.019100000000000006,6.152672833006363,0,0,476,0.25052192066805845,0.4133611691022965,0.4995556175708771
PU-G,6,0.4,0.0,480,3000,0,484,32,516,0.1962591024930589,0.018199999999999994,6.203775333007798,0,0,481,0.25,0.41115702479338845,0.4687098264694214
PU-G,6,0.4,0.0,485,3000,0,489,30,519,0.1973169335979037,0.013000000000000012,6.249963583017234,0,0,486,0.25153374233128833,0.4130879345603272,0.48216867446899414
PU-G,6,0.4,0.0,490,3000,0,494,26,520,0.19766947941388935,0.01629999999999998,6.296963208005764,0,0,491,0.2550607287449393,0.4190283400809717,0.46546050906181335
PU-G,6,0.4,0.0,495,3000,0,499,24,523,0.19872692442731932,0.016100000000000003,6.343434666981921,0,0,496,0.2625250501002004,0.4248496993987976,0.47158899903297424
PU-G,6,0.4,0.0,500,3000,0,504,21,525,0.19943172798957676,0.013599999999999945,6.392464749980718,0,0,501,0.2638888888888889,0.4246031746031746,0.445828914642334
PU-G,6,0.4,0.0,505,3000,0,509,20,529,0.20084095414495096,0.01639999999999997,6.437714250001591,0,0,506,0.2691552062868369,0.42829076620825146,0.44945964217185974
PU-G,6,0.4,0.0,510,3000,0,514,13,527,0.2001364043680951,0.019000000000000017,6.483902083011344,0,0,511,0.2723735408560311,0.42996108949416345,0.44222187995910645
PU-G,6,0.4,0.0,515,3000,0,519,12,531,0.20154537784401327,0.016599999999999948,6.5344734999816865,0,0,516,0.27552986512524086,0.43352601156069365,0.4362967014312744
PU-G,6,0.4,0.0,520,3000,0,524,11,535,0.20295384910423309,0.026000000000000023,6.589509750017896,0,0,521,0.2767175572519084,0.43320610687022904,0.439553439617157
PU-G,6,0.4,0.0,525,3000,0,529,18,547,0.20717629184946418,0.043200000000000016,6.639752082992345,0,0,526,0.27977315689981097,0.43478260869565216,0.4069739580154419
PU-G,6,0.4,0.0,530,3000,0,534,5,539,0.20436182245612144,0.03210000000000002,6.6826304999995045,0,0,531,0.28277153558052437,0.4363295880149813,0.4173758327960968
PU-G,6,0.4,0.0,535,3000,0,539,0,539,0.20436182245612144,0.029000000000000026,6.723061249998864,1,0,536,0.2894248608534323,0.44155844155844154,0.4024597406387329
MaxLoss,7,0.0,0.0,0,3000,0,4,439,443,0.17042350576957688,0.11550000000000005,0.01102899998659268,0,0,1,0.0,0.5,0.6783509850502014
MaxLoss,7,0.0,0.0,5,3000,0,9,440,449,0.17255426640622318,0.11299999999999999,0.03775470796972513,0,0,6,0.0,0.2222222222222222,0.6797822713851929
MaxLoss,7,0.0,0.0,10,3000,0,14,253,267,0.10717361565912142,0.07399999999999995,0.06458604201907292,0,0,11,0.0,0.14285714285714285,0.7276005744934082
MaxLoss,7,0.0,0.0,15,3000,0,19,411,430,0.16580204077763483,0.09550000000000003,0.08811474998947233,0,0,16,0.0,0.10526315789473684,0.8175000548362732
MaxLoss,7,0.0,0.0,20,3000,0,24,184,208,0.08552730636438355,0.05589999999999995,0.11124879197450355,0,0,21,0.0,0.08333333333333333,0.7933050990104675
MaxLoss,7,0.0,0.0,25,3000,0,29,200,229,0.09326673817122355,0.05689999999999995,0.12956745800329372,0,0,26,0.0,0.06896551724137931,0.8283117413520813
MaxLoss,7,0.0,0.0,30,3000,0,34,105,139,0.05973834189353511,0.042300000000000004,0.1463083329726942,0,0,31,0.0,0.058823529411764705,0.7972673773765564
MaxLoss,7,0.0,0.0,35,3000,0,39,115,154,0.06540102750295773,0.03649999999999998,0.16418312501627952,0,0,36,0.0,0.05128205128205128,0.8585981130599976
MaxLoss,7,0.0,0.0,40,3000,0,44,50,94,0.042480674921534956,0.025900000000000034,0.18538958299905062,0,0,41,0.0,0.045454545454545456,0.8209304809570312
MaxLoss,7,0.0,0.0,45,3000,0,49,101,150,0.06389456166652963,0.036800000000000055,0.20196375000523403,0,0,46,0.0,0.061224489795918366,0.8860877156257629
MaxLoss,7,0.0,0.0,50,3000,0,54,67,121,0.05288982600905001,0.03490000000000004,0.2184452079818584,0,0,51,0.0,0.09259259259259259,0.8800280094146729
MaxLoss,7,0.0,0.0,55,3000,0,59,74,133,0.05746242729946971,0.032200000000000006,0.2330371249699965,0,0,56,0.0,0.0847457627118644,0.8828728795051575
MaxLoss,7,0.0,0.0,60,3000,0,64,50,114,0.050208458269480616,0.03159999999999996,0.24052766698878258,0,0,61,0.0,0.125,0.8782891035079956
MaxLoss,7,0.0,0.0,65,3000,0,69,56,125,0.05441726028220728,0.02729999999999999,0.24795779201667756,0,0,66,0.0,0.14492753623188406,0.8793399930000305
MaxLoss,7,0.0,0.0,70,3000,0,74,33,107,0.04751565994229168,0.028900000000000037,0.2552620419883169,0,0,71,0.0,0.14864864864864866,0.8801183700561523
MaxLoss,7,0.0,0.0,75,3000,0,79,49,128,0.05556067515863106,0.02510000000000001,0.2624606669996865,0,0,76,0.0,0.13924050632911392,0.8804908394813538
MaxLoss,7,0.0,0.0,80,3000,0,84,23,107,0.04751565994229168,0.02629999999999999,0.26973270799499005,0,0,81,0.0,0.14285714285714285,0.8806953430175781
MaxLoss,7,0.0,0.0,85,3000,0,89,36,125,0.05441726028220728,0.02190000000000003,0.27702554198913276,0,0,86,0.0,0.1348314606741573,0.8798071146011353
MaxLoss,7,0.0,0.0,90,3000,0,94,18,112,0.04944029700709507,0.023800000000000043,0.28421941702254117,0,0,91,0.0,0.13829787234042554,0.880839467048645
MaxLoss,7,0.0,0.0,95,3000,0,99,29,128,0.05556067515863106,0.01980000000000004,0.2930212079663761,0,0,96,0.0,0.15151515151515152,0.8773193359375
MaxLoss,7,0.0,0.0,100,3000,0,104,9,113,0.04982449556700885,0.022399999999999975,0.30155649996595457,0,0,101,0.0,0.15384615384615385,0.8762322664260864
MaxLoss,7,0.0,0.0,105,3000,0,109,23,132,0.057082461076788604,0.018100000000000005,0.31014600000344217,0,0,106,0.0,0.1559633027522936,0.8735865950584412
MaxLoss,7,0.0,0.0,108,3000,0,112,0,112,0.04944029700709507,0.02090000000000003,0.3163471670122817,1,0,109,0.0,0.15178571428571427,0.8714589476585388
PU-C,7,0.0,0.0,0,3000,0,4,262,266,0.10680909542134032,0.07110000000000005,0.005531334027182311,0,0,1,0.0,0.5,0.7006568312644958
PU-C,7,0.0,0.0,5,3000,0,9,629,638,0.239061149652116,0.15280000000000005,0.018399959022644907,0,0,6,0.0,0.2222222222222222,0.6326419711112976
PU-C,7,0.0,0.0,10,3000,0,14,271,285,0.11372278479393572,0.07420000000000004,0.030100250034593046,0,0,11,0.0,0.14285714285714285,0.6965355277061462
PU-C,7,0.0,0.0,15,3000,0,19,505,524,0.1990793421282433,0.11299999999999999,0.04142254200996831,0,0,16,0.0,0.10526315789473684,0.7409495711326599
PU-C,7,0.0,0.0,20,3000,0,24,212,236,0.09583749843295664,0.06520000000000004,0.052327250014059246,0,0,21,0.0,0.08333333333333333,0.7839374542236328
PU-C,7,0.0,0.0,25,3000,0,29,375,404,0.15653848770307377,0.09079999999999999,0.06308579200413078,0,0,26,0.0,0.06896551724137931,0.7480747103691101
PU-C,7,0.0,0.0,30,3000,0,34,183,217,0.08884938451228663,0.05630000000000002,0.07527633401332423,0,0,31,0.0,0.058823529411764705,0.8192205429077148
PU-C,7,0.0,0.0,35,3000,0,39,299,338,0.1328857623739168,0.07410000000000005,0.0863662920310162,0,0,36,0.0,0.05128205128205128,0.7731955051422119
PU-C,7,0.0,0.0,40,3000,0,44,147,191,0.0792292904225178,0.05020000000000002,0.09692745900247246,0,0,41,0.0,0.045454545454545456,0.8316522836685181
PU-C,7,0.0,0.0,45,3000,0,49,224,273,0.10935921070631593,0.061899999999999955,0.10752241703448817,0,0,46,0.0,0.04081632653061224,0.7901737093925476
PU-C,7,0.0,0.0,50,3000,0,54,119,173,0.0725245603825897,0.043300000000000005,0.11875016702106223,0,0,51,0.0,0.037037037037037035,0.8449152708053589
PU-C,7,0.0,0.0,55,3000,0,59,186,245,0.09913657489232719,0.052000000000000046,0.12967945903073996,0,0,56,0.0,0.05084745762711865,0.7913509011268616
PU-C,7,0.0,0.0,60,3000,0,64,90,154,0.06540102750295773,0.03510000000000002,0.14069720898987725,0,0,61,0.0,0.078125,0.846984326839447
PU-C,7,0.0,0.0,65,3000,0,69,154,223,0.0910597353358753,0.04479999999999995,0.15170583402505144,0,0,66,0.0,0.10144927536231885,0.7955471873283386
PU-C,7,0.0,0.0,70,3000,0,74,62,136,0.05860120529541746,0.029900000000000038,0.16289675002917647,0,0,71,0.0,0.13513513513513514,0.8457125425338745
PU-C,7,0.0,0.0,75,3000,0,79,120,199,0.08219695603474975,0.039000000000000035,0.17398887500166893,0,0,76,0.0,0.1518987341772152,0.7936549782752991
PU-C,7,0.0,0.0,80,3000,0,84,43,127,0.055179738090373576,0.02529999999999999,0.18516545899910852,0,0,81,0.0,0.15476190476190477,0.8396207094192505
PU-C,7,0.0,0.0,85,3000,0,89,86,175,0.07327152288053185,0.03290000000000004,0.19593337504193187,0,0,86,0.0,0.16853932584269662,0.7957815527915955
PU-C,7,0.0,0.0,90,3000,0,94,27,121,0.05288982600905001,0.02080000000000004,0.20677208399865776,0,0,91,0.0,0.1702127659574468,0.8362663388252258
PU-C,7,0.0,0.0,95,3000,0,99,61,160,0.06765614327741787,0.02629999999999999,0.21749845903832465,0,0,96,0.0,0.16161616161616163,0.7921338081359863
PU-C,7,0.0,0.0,100,3000,0,104,7,111,0.049055859562940896,0.018199999999999994,0.22818383399862796,0,0,101,0.0,0.16346153846153846,0.8316417932510376
PU-C,7,0.0,0.0,104,3000,0,108,0,108,0.04790108359884471,0.014900000000000024,0.23735204199329019,1,0,105,0.0,0.16666666666666666,0.8295556902885437
PU-F,7,0.0,0.0,0,3000,0,4,418,422,0.16295470390468836,0.10129999999999995,0.0043525410001166165,0,0,1,0.0,0.5,0.5873555541038513
PU-F,7,0.0,0.0,5,3000,0,9,342,351,0.1375616251025349,0.08520000000000005,0.037098457978572696,0,0,6,0.0,0.2222222222222222,0.5706828832626343
PU-F,7,0.0,0.0,10,3000,0,14,386,400,0.15511078212875873,0.09309999999999996,0.0636468330048956,0,0,11,0.0,0.14285714285714285,0.6745499968528748
PU-F,7,0.0,0.0,15,3000,0,19,179,198,0.0818263849359937,0.05010000000000003,0.08709145797183737,0,0,16,0.0,0.10526315789473684,0.7240748405456543
PU-F,7,0.0,0.0,20,3000,0,24,185,209,0.08589682588353753,0.05689999999999995,0.10535091598285362,0,0,21,0.0,0.08333333333333333,0.7459478974342346
PU-F,7,0.0,0.0,25,3000,0,29,135,164,0.0691566207096912,0.04300000000000004,0.12163812498329207,0,0,26,0.0,0.06896551724137931,0.7634255290031433
PU-F,7,0.0,0.0,30,3000,0,34,103,137,0.05898043076740578,0.03149999999999997,0.1369714160100557,0,0,31,0.0,0.058823529411764705,0.7726424932479858
PU-F,7,0.0,0.0,35,3000,0,39,72,111,0.049055859562940896,0.032399999999999984,0.15124962496338412,0,0,36,0.0,0.1282051282051282,0.7965864539146423
PU-F,7,0.0,0.0,40,3000,0,44,67,111,0.049055859562940896,0.025900000000000034,0.16448645800119266,0,0,41,0.0,0.11363636363636363,0.8045210242271423
PU-F,7,0.0,0.0,45,3000,0,49,41,90,0.04092149395728484,0.025900000000000034,0.17699770798208192,0,0,46,0.0,0.12244897959183673,0.7984432578086853
PU-F,7,0.0,0.0,50,3000,0,54,65,119,0.052124831709079444,0.023700000000000054,0.18938612495549023,0,0,51,0.0,0.12962962962962962,0.8002351522445679
PU-F,7,0.0,0.0,55,3000,0,59,36,95,0.04286969528766349,0.024800000000000044,0.20205470797372982,0,0,56,0.0,0.13559322033898305,0.8008314967155457
PU-F,7,0.0,0.0,60,3000,0,64,28,92,0.041701713809743524,0.014700000000000046,0.21388245798880234,0,0,61,0.0,0.15625,0.8084729909896851
PU-F,7,0.0,0.0,65,3000,0,69,22,91,0.04131176363443956,0.021700000000000053,0.22579737496562302,0,0,66,0.0,0.15942028985507245,0.800055980682373
PU-F,7,0.0,0.0,70,3000,0,74,11,85,0.03896517283283174,0.01090000000000002,0.23872724996181205,0,0,71,0.0,0.14864864864864866,0.8061258792877197
PU-F,7,0.0,0.0,75,3000,0,79,30,109,0.048286255972925574,0.025599999999999956,0.2505365409888327,0,0,76,0.0,0.13924050632911392,0.8380720615386963
PU-F,7,0.0,0.0,80,3000,0,84,32,116,0.050975687336176634,0.019499999999999962,0.2623942909995094,0,0,81,0.0,0.14285714285714285,0.8389788866043091
PU-F,7,0.0,0.0,85,3000,0,89,18,107,0.04751565994229168,0.023700000000000054,0.27412245800951496,0,0,86,0.0,0.15730337078651685,0.8365417122840881
PU-F,7,0.0,0.0,90,3000,0,94,26,120,0.05250743729993701,0.017900000000000027,0.28601383295608684,0,0,91,0.0,0.19148936170212766,0.8376051783561707
PU-F,7,0.0,0.0,95,3000,0,99,12,111,0.049055859562940896,0.021700000000000053,0.2977224579663016,0,0,96,0.0,0.2222222222222222,0.8393222689628601
PU-F,7,0.0,0.0,100,3000,0,104,17,121,0.05288982600905001,0.01649999999999996,0.30915833299513906,0,0,101,0.0,0.22115384615384615,0.8410415649414062
PU-F,7,0.0,0.0,105,3000,0,109,7,116,0.050975687336176634,0.02100000000000002,0.32053883298067376,0,0,106,0.0,0.21100917431192662,0.8402755260467529
PU-F,7,0.0,0.0,110,3000,0,114,11,125,0.05441726028220728,0.015499999999999958,0.33193362498423085,0,0,111,0.0,0.20175438596491227,0.8390645384788513
PU-F,7,0.0,0.0,115,3000,0,119,1,120,0.05250743729993701,0.019299999999999984,0.34331829100847244,0,0,116,0.0,0.19327731092436976,0.8385398983955383
PU-F,7,0.0,0.0,117,3000,0,121,0,121,0.05288982600905001,0.019100000000000006,0.34929483296582475,1,0,118,0.0,0.19008264462809918,0.8384005427360535
PU-G,7,0.0,0.0,0,3000,0,4,146,150,0.06389456166652963,0.04169999999999996,0.004440957971382886,0,0,1,0.0,0.5,0.6474311947822571
PU-G,7,0.0,0.0,5,3000,0,9,377,386,0.15010823006741703,0.08389999999999997,0.03299862495623529,0,0,6,0.0,0.2222222222222222,0.6307000517845154
PU-G,7,0.0,0.0,10,3000,0,14,345,359,0.14043472066987306,0.0988,0.0558377499692142,0,0,11,0.0,0.21428571428571427,0.6405833959579468
PU-G,7,0.0,0.0,15,3000,0,19,144,163,0.06878171575954184,0.04290000000000005,0.0799434999935329,0,0,16,0.0,0.21052631578947367,0.6972877383232117
PU-G,7,0.0,0.0,20,3000,0,24,98,122,0.05327200022293255,0.03969999999999996,0.09899591695284471,0,0,21,0.0,0.20833333333333334,0.7066572308540344
PU-G,7,0.0,0.0,25,3000,0,29,129,158,0.06690503476420417,0.036599999999999966,0.115140582958702,0,0,26,0.0,0.20689655172413793,0.7597330212593079
PU-G,7,0.0,0.0,30,3000,0,34,82,116,0.050975687336176634,0.03469999999999995,0.13057099998695776,0,0,31,0.0,0.17647058823529413,0.7044846415519714
PU-G,7,0.0,0.0,35,3000,0,39,94,133,0.05746242729946971,0.025699999999999945,0.14498358295531943,0,0,36,0.0,0.23076923076923078,0.7547450661659241
PU-G,7,0.0,0.0,40,3000,0,44,58,102,0.0455846541444771,0.02939999999999998,0.15887629200005904,0,0,41,0.0,0.22727272727272727,0.705564558506012
PU-G,7,0.0,0.0,45,3000,0,49,70,119,0.052124831709079444,0.020100000000000007,0.1722620829823427,0,0,46,0.0,0.22448979591836735,0.7486132979393005
PU-G,7,0.0,0.0,50,3000,0,54,50,104,0.04635784780839458,0.023900000000000032,0.18550312495790422,0,0,51,0.0,0.2222222222222222,0.7008755207061768
PU-G,7,0.0,0.0,55,3000,0,59,56,115,0.05059218790847808,0.020399999999999974,0.1983089999994263,0,0,56,0.0,0.2033898305084746,0.7340137958526611
PU-G,7,0.0,0.0,60,3000,0,64,43,107,0.04751565994229168,0.01770000000000005,0.21117808297276497,0,0,61,0.0,0.1875,0.6833829283714294
PU-G,7,0.0,0.0,65,3000,0,69,58,127,0.055179738090373576,0.020499999999999963,0.22417379199760035,0,0,66,0.0,0.17391304347826086,0.7256509065628052
PU-G,7,0.0,0.0,70,3000,0,74,35,109,0.048286255972925574,0.015100000000000002,0.23722870799247175,0,0,71,0.0,0.17567567567567569,0.6800140142440796
PU-G,7,0.0,0.0,75,3000,0,79,46,125,0.05441726028220728,0.019100000000000006,0.25010933296289295,0,0,76,0.0,0.16455696202531644,0.7294264435768127
PU-G,7,0.0,0.0,80,3000,0,84,28,112,0.04944029700709507,0.013000000000000012,0.26268370798788965,0,0,81,0.0,0.19047619047619047,0.6855193972587585
PU-G,7,0.0,0.0,85,3000,0,89,41,130,0.056321956391911954,0.016199999999999992,0.2739220419898629,0,0,86,0.0,0.19101123595505617,0.7305952906608582
PU-G,7,0.0,0.0,90,3000,0,94,22,116,0.050975687336176634,0.011900000000000022,0.2844205829896964,0,0,91,0.0,0.19148936170212766,0.6907802224159241
PU-G,7,0.0,0.0,95,3000,0,99,37,136,0.05860120529541746,0.015000000000000013,0.2965898329857737,0,0,96,0.0,0.18181818181818182,0.7307617664337158
PU-G,7,0.0,0.0,100,3000,0,104,17,121,0.05288982600905001,0.010499999999999954,0.3087661250028759,0,0,101,0.0,0.19230769230769232,0.6939569711685181
PU-G,7,0.0,0.0,105,3000,0,109,32,141,0.06049554521450773,0.01319999999999999,0.32044599996879697,0,0,106,0.0,0.1926605504587156,0.7296122908592224
PU-G,7,0.0,0.0,110,3000,0,114,10,124,0.054035715002100915,0.008499999999999952,0.33231045794673264,0,0,111,0.0,0.18421052631578946,0.692518949508667
PU-G,7,0.0,0.0,115,3000,0,119,29,148,0.0631403787410818,0.012199999999999989,0.3441677919472568,0,0,116,0.0,0.17647058823529413,0.7216134667396545
PU-G,7,0.0,0.0,120,3000,0,124,6,130,0.056321956391911954,0.007499999999999951,0.35620824998477474,0,0,121,0.0,0.1774193548387097,0.689841091632843
PU-G,7,0.0,0.0,125,3000,0,129,15,144,0.06163005332928151,0.00649999999999995,0.36817008297657594,0,0,126,0.0,0.17054263565891473,0.7068934440612793
PU-G,7,0.0,0.0,130,3000,0,134,2,136,0.05860120529541746,0.0014999999999999458,0.3846408749814145,0,0,131,0.0,0.17164179104477612,0.6533908247947693
PU-G,7,0.0,0.0,135,3000,0,139,28,167,0.07028049475047737,0.015700000000000047,0.4002562499954365,0,0,136,0.0,0.16546762589928057,0.7351465225219727
PU-G,7,0.0,0.0,136,3000,0,140,0,140,0.06011703115655109,0.005800000000000027,0.4064437499619089,1,0,137,0.0,0.16428571428571428,0.6788807511329651
MaxLoss,7,0.4,0.0,0,3000,0,4,594,598,0.2250741267343983,0.14970000000000006,0.0060055410140194,0,0,1,0.0,0.25,0.5491257309913635
MaxLoss,7,0.4,0.0,5,3000,0,9,542,551,0.20858279598178342,0.13319999999999999,0.01692366600036621,0,0,6,0.1111111111111111,0.2222222222222222,0.7137710452079773
MaxLoss,7,0.4,0.0,10,3000,0,14,394,408,0.15796550025697798,0.08299999999999996,0.028351415996439755,0,0,11,0.35714285714285715,0.42857142857142855,0.7063614726066589
MaxLoss,7,0.4,0.0,15,3000,0,19,485,504,0.19202484015841037,0.12980000000000003,0.03891470801318064,0,0,16,0.3684210526315789,0.42105263157894735,0.7437741160392761
MaxLoss,7,0.4,0.0,20,3000,0,24,553,577,0.21771349920891225,0.1402,0.049987458041869104,0,0,21,0.375,0.4166666666666667,0.7534468770027161
MaxLoss,7,0.4,0.0,25,3000,0,29,464,493,0.1881392219220288,0.1179,0.06085333303781226,0,0,26,0.41379310344827586,0.4482758620689655,0.7104290723800659
MaxLoss,7,0.4,0.0,30,3000,0,34,592,626,0.23486948752542958,0.15490000000000004,0.07213437504833564,0,0,31,0.35294117647058826,0.38235294117647056,0.806554913520813
MaxLoss,7,0.4,0.0,35,3000,0,39,429,468,0.17929271882167086,0.10960000000000003,0.08317362499656156,0,0,36,0.3076923076923077,0.3333333333333333,0.7117782235145569
MaxLoss,7,0.4,0.0,40,3000,0,44,566,610,0.22927471931325272,0.14959999999999996,0.09430500003509223,0,0,41,0.2727272727272727,0.29545454545454547,0.8194240927696228
MaxLoss,7,0.4,0.0,45,3000,0,49,399,448,0.1721992355887778,0.0978,0.1052846250240691,0,0,46,0.2653061224489796,0.2857142857142857,0.7321294546127319
MaxLoss,7,0.4,0.0,50,3000,0,54,530,584,0.2201684195897542,0.14249999999999996,0.11638100002892315,0,0,51,0.25925925925925924,0.2777777777777778,0.8249627947807312
MaxLoss,7,0.4,0.0,55,3000,0,59,424,483,0.1846032562898472,0.1049,0.12753166601760313,0,0,56,0.2542372881355932,0.3050847457627119,0.7386174201965332
MaxLoss,7,0.4,0.0,60,3000,0,64,503,567,0.2142040331964381,0.13460000000000005,0.1387560410075821,0,0,61,0.25,0.3125,0.8215002417564392
MaxLoss,7,0.4,0.0,65,3000,0,69,471,540,0.204713738465216,0.12060000000000004,0.15060004102997482,0,0,66,0.2608695652173913,0.3188405797101449,0.7449114322662354
MaxLoss,7,0.4,0.0,70,3000,0,74,479,553,0.2092858671094291,0.125,0.1620556249981746,0,0,71,0.25675675675675674,0.3108108108108108,0.825587809085846
MaxLoss,7,0.4,0.0,75,3000,0,79,482,561,0.21209695702418685,0.12639999999999996,0.17347575002349913,0,0,76,0.25316455696202533,0.3037974683544304,0.7608983516693115
MaxLoss,7,0.4,0.0,80,3000,0,84,449,533,0.202249675989151,0.11539999999999995,0.18460962502285838,0,0,81,0.25,0.30952380952380953,0.8376109004020691
MaxLoss,7,0.4,0.0,85,3000,0,89,501,590,0.22227153496351093,0.13349999999999995,0.19609275000402704,0,0,86,0.2696629213483146,0.33707865168539325,0.7713689804077148
MaxLoss,7,0.4,0.0,90,3000,0,94,422,516,0.1962591024930589,0.10640000000000005,0.20740950002800673,0,0,91,0.2765957446808511,0.3404255319148936,0.8414039015769958
MaxLoss,7,0.4,0.0,95,3000,0,99,457,556,0.21034024911932647,0.12919999999999998,0.2191289160400629,0,0,96,0.2828282828282828,0.3434343434343434,0.7731920480728149
MaxLoss,7,0.4,0.0,100,3000,0,104,392,496,0.18919934157747775,0.09999999999999998,0.2302507910062559,0,0,101,0.28846153846153844,0.3557692307692308,0.8392429947853088
MaxLoss,7,0.4,0.0,105,3000,0,109,413,522,0.1983744747703895,0.12170000000000003,0.24205275002168491,0,0,106,0.30275229357798167,0.3853211009174312,0.7698985934257507
MaxLoss,7,0.4,0.0,110,3000,0,114,382,496,0.18919934157747775,0.09830000000000005,0.25235112500377,0,0,111,0.30701754385964913,0.40350877192982454,0.839537501335144
MaxLoss,7,0.4,0.0,115,3000,0,119,405,524,0.1990793421282433,0.12549999999999994,0.26151345804100856,0,0,116,0.3025210084033613,0.3949579831932773,0.7681869268417358
MaxLoss,7,0.4,0.0,120,3000,0,124,347,471,0.18035547027830034,0.09289999999999998,0.27076604100875556,0,0,121,0.3064516129032258,0.3951612903225806,0.8362466096878052
MaxLoss,7,0.4,0.0,125,3000,0,129,511,640,0.23975939833326265,0.14149999999999996,0.2798293750383891,0,0,126,0.29457364341085274,0.3953488372093023,0.7808731198310852
MaxLoss,7,0.4,0.0,130,3000,0,134,290,424,0.16366678231861442,0.06720000000000004,0.2929365410236642,0,0,131,0.29850746268656714,0.40298507462686567,0.7736427783966064
MaxLoss,7,0.4,0.0,135,3000,0,139,433,572,0.21595912729389966,0.11160000000000003,0.30597800004761666,0,0,136,0.2949640287769784,0.39568345323741005,0.6479187607765198
MaxLoss,7,0.4,0.0,140,3000,0,144,411,555,0.20998881832929328,0.09919999999999995,0.32145008305087686,0,0,141,0.2847222222222222,0.3888888888888889,0.6115821003913879
MaxLoss,7,0.4,0.0,145,3000,0,149,376,525,0.19943172798957676,0.09450000000000003,0.34186995803611353,0,0,146,0.28187919463087246,0.3825503355704698,0.576888382434845
MaxLoss,7,0.4,0.0,150,3000,0,154,309,463,0.17752073903102428,0.08309999999999995,0.36234070803038776,0,0,151,0.2922077922077922,0.38961038961038963,0.5306958556175232
MaxLoss,7,0.4,0.0,155,3000,0,159,455,614,0.23067405057372525,0.13149999999999995,0.3829712500446476,0,0,156,0.2893081761006289,0.389937106918239,0.6317552924156189
MaxLoss,7,0.4,0.0,160,3000,0,164,304,468,0.17929271882167086,0.08420000000000005,0.4050263750250451,0,0,161,0.2804878048780488,0.39634146341463417,0.5243876576423645
MaxLoss,7,0.4,0.0,165,3000,0,169,351,520,0.19766947941388935,0.10450000000000004,0.4277127500390634,0,0,166,0.27218934911242604,0.38461538461538464,0.524804949760437
MaxLoss,7,0.4,0.0,170,3000,0,174,281,455,0.1746836540987715,0.08699999999999997,0.45061420800630003,0,0,171,0.26436781609195403,0.3793103448275862,0.45198047161102295
MaxLoss,7,0.4,0.0,175,3000,0,179,336,515,0.1959064273396507,0.08530000000000004,0.4741041250526905,0,0,176,0.2681564245810056,0.37988826815642457,0.45220947265625
MaxLoss,7,0.4,0.0,180,3000,0,184,331,515,0.1959064273396507,0.09489999999999998,0.4973711250349879,0,0,181,0.2608695652173913,0.3695652173913043,0.4661424160003662
MaxLoss,7,0.4,0.0,185,3000,0,189,302,491,0.18743230478139594,0.09160000000000001,0.529930750024505,0,0,186,0.25396825396825395,0.36507936507936506,0.45892584323883057
MaxLoss,7,0.4,0.0,190,3000,0,194,228,422,0.16295470390468836,0.06889999999999996,0.5571230000350624,0,0,191,0.24742268041237114,0.36082474226804123,0.4552310109138489
MaxLoss,7,0.4,0.0,195,3000,0,199,241,440,0.16935760364867747,0.06279999999999997,0.5851962910383008,0,0,196,0.24623115577889448,0.36180904522613067,0.4279399812221527
MaxLoss,7,0.4,0.0,200,3000,0,204,195,399,0.15475374640664086,0.05579999999999996,0.6140951249981299,0,0,201,0.25,0.36764705882352944,0.47134944796562195
MaxLoss,7,0.4,0.0,205,3000,0,209,142,351,0.1375616251025349,0.030200000000000005,0.6418512500240467,0,0,206,0.2583732057416268,0.37799043062200954,0.4717836380004883
MaxLoss,7,0.4,0.0,210,3000,0,214,164,378,0.14724562253104523,0.02849999999999997,0.6717750000534579,0,0,211,0.2616822429906542,0.38317757009345793,0.4773600697517395
MaxLoss,7,0.4,0.0,215,3000,0,219,160,379,0.14760361140361056,0.0464,0.6983713750378229,0,0,216,0.2648401826484018,0.3881278538812785,0.43560469150543213
MaxLoss,7,0.4,0.0,220,3000,0,224,133,357,0.13971675105858594,0.03190000000000004,0.7283480830374174,0,0,221,0.25892857142857145,0.39285714285714285,0.47985848784446716
MaxLoss,7,0.4,0.0,225,3000,0,229,261,490,0.1870787946972996,0.07379999999999998,0.7563102910062298,0,0,226,0.2663755458515284,0.40611353711790393,0.39668577909469604
MaxLoss,7,0.4,0.0,230,3000,0,234,125,359,0.14043472066987306,0.02629999999999999,0.781520625052508,0,0,231,0.2692307692307692,0.41025641025641024,0.44026800990104675
MaxLoss,7,0.4,0.0,235,3000,0,239,165,404,0.15653848770307377,0.047900000000000054,0.8115242500207387,0,0,236,0.26778242677824265,0.4100418410041841,0.39967581629753113
MaxLoss,7,0.4,0.0,240,3000,0,244,105,349,0.13684283918701112,0.023900000000000032,0.8330147500382736,0,0,241,0.27459016393442626,0.4180327868852459,0.3992840051651001
MaxLoss,7,0.4,0.0,245,3000,0,249,189,438,0.16864680708386004,0.05910000000000004,0.8546538330265321,0,0,246,0.28112449799196787,0.42168674698795183,0.37502169609069824
MaxLoss,7,0.4,0.0,250,3000,0,254,93,347,0.13612384552834556,0.019299999999999984,0.8754472080036066,0,0,251,0.2874015748031496,0.4251968503937008,0.37922585010528564
MaxLoss,7,0.4,0.0,255,3000,0,259,133,392,0.15225325751816854,0.04190000000000005,0.8999763330211863,0,0,256,0.29343629343629346,0.42857142857142855,0.3479021191596985
MaxLoss,7,0.4,0.0,260,3000,0,264,86,350,0.13720225798897445,0.018199999999999994,0.9283441250445321,0,0,261,0.29545454545454547,0.4356060606060606,0.36071354150772095
MaxLoss,7,0.4,0.0,265,3000,0,269,116,385,0.1497505659935996,0.036900000000000044,0.955070625001099,0,0,266,0.30111524163568776,0.4423791821561338,0.33386728167533875
MaxLoss,7,0.4,0.0,270,3000,0,274,78,352,0.1379209405859001,0.024399999999999977,0.9810277910437435,0,0,271,0.29927007299270075,0.4416058394160584,0.35182490944862366
MaxLoss,7,0.4,0.0,275,3000,0,279,81,360,0.1407936301548034,0.01639999999999997,1.0075919580413029,0,0,276,0.3046594982078853,0.44802867383512546,0.3663251996040344
MaxLoss,7,0.4,0.0,280,3000,0,284,111,395,0.1533251625369303,0.03280000000000005,1.0348423329996876,0,0,281,0.30985915492957744,0.45774647887323944,0.36173316836357117
MaxLoss,7,0.4,0.0,285,3000,0,289,155,444,0.17077872878871858,0.04410000000000003,1.0629257910186425,0,0,286,0.314878892733564,0.4602076124567474,0.3380759060382843
MaxLoss,7,0.4,0.0,290,3000,0,294,148,442,0.17006824392592534,0.04149999999999998,1.0897731660516001,0,0,291,0.3197278911564626,0.46258503401360546,0.31337639689445496
MaxLoss,7,0.4,0.0,295,3000,0,299,107,406,0.1572520800982602,0.037900000000000045,1.1163796660257503,0,0,296,0.32441471571906355,0.4682274247491639,0.28924816846847534
MaxLoss,7,0.4,0.0,300,3000,0,304,108,412,0.15939182799775153,0.036599999999999966,1.143217833014205,0,0,301,0.32894736842105265,0.47368421052631576,0.30277207493782043
MaxLoss,7,0.4,0.0,305,3000,0,309,143,452,0.17361913050990552,0.04810000000000003,1.1707960000494495,0,0,306,0.3268608414239482,0.4692556634304207,0.3120134174823761
MaxLoss,7,0.4,0.0,310,3000,0,314,106,420,0.1622424612287432,0.041200000000000014,1.2006869160104543,0,0,311,0.3248407643312102,0.46496815286624205,0.31364867091178894
MaxLoss,7,0.4,0.0,315,3000,0,319,76,395,0.1533251625369303,0.03180000000000005,1.2306048750178888,0,0,316,0.322884012539185,0.4608150470219436,0.2902960777282715
MaxLoss,7,0.4,0.0,320,3000,0,324,87,411,0.15903530979994684,0.03849999999999998,1.2619308330467902,0,0,321,0.31790123456790126,0.4537037037037037,0.292688250541687
MaxLoss,7,0.4,0.0,325,3000,0,329,67,396,0.15368237491929904,0.02090000000000003,1.2926934160059318,0,0,326,0.3191489361702128,0.45288753799392095,0.3228524625301361
MaxLoss,7,0.4,0.0,330,3000,0,334,85,419,0.1618862779578194,0.03949999999999998,1.3241049160133116,0,0,331,0.32335329341317365,0.4550898203592814,0.32345008850097656
MaxLoss,7,0.4,0.0,335,3000,0,339,71,410,0.158678749226965,0.025800000000000045,1.355246250052005,0,0,336,0.3215339233038348,0.45132743362831856,0.3115750253200531
MaxLoss,7,0.4,0.0,340,3000,0,344,47,391,0.1518958661472425,0.025599999999999956,1.3859603750170209,0,0,341,0.3226744186046512,0.45058139534883723,0.29776614904403687
MaxLoss,7,0.4,0.0,345,3000,0,349,89,438,0.16864680708386004,0.0343,1.4167701660189778,0,0,346,0.3209169054441261,0.4498567335243553,0.3299567699432373
MaxLoss,7,0.4,0.0,350,3000,0,354,66,420,0.1622424612287432,0.025599999999999956,1.448288333020173,0,0,351,0.327683615819209,0.4548022598870056,0.32328465580940247
MaxLoss,7,0.4,0.0,355,3000,0,359,64,423,0.16331076360074803,0.037900000000000045,1.4780525410315022,0,0,356,0.3286908077994429,0.45403899721448465,0.36462295055389404
MaxLoss,7,0.4,0.0,360,3000,0,364,83,447,0.17184416647069156,0.03410000000000002,1.5079693750012666,0,0,361,0.3269230769230769,0.4532967032967033,0.34562864899635315
MaxLoss,7,0.4,0.0,365,3000,0,369,47,416,0.1608174790162593,0.016900000000000026,1.5391777500044554,0,0,366,0.32791327913279134,0.45257452574525747,0.3185116648674011
MaxLoss,7,0.4,0.0,370,3000,0,374,78,452,0.17361913050990552,0.03420000000000001,1.5705765000311658,0,0,371,0.3342245989304813,0.4572192513368984,0.3708866238594055
MaxLoss,7,0.4,0.0,375,3000,0,379,30,409,0.15832214610418305,0.01429999999999998,1.6120214580441825,0,0,376,0.3324538258575198,0.45646437994722955,0.3383624851703644
MaxLoss,7,0.4,0.0,380,3000,0,384,35,419,0.1618862779578194,0.024399999999999977,1.6407228750176728,0,0,381,0.3411458333333333,0.4635416666666667,0.31344786286354065
MaxLoss,7,0.4,0.0,385,3000,0,389,50,439,0.16900222492404282,0.033499999999999974,1.6728984580258839,0,0,386,0.34190231362467866,0.46272493573264784,0.3314133286476135
MaxLoss,7,0.4,0.0,390,3000,0,394,24,418,0.16153005324304104,0.014599999999999946,1.703740208002273,0,0,391,0.3401015228426396,0.4593908629441624,0.34699156880378723
MaxLoss,7,0.4,0.0,395,3000,0,399,48,447,0.17184416647069156,0.039000000000000035,1.737243750016205,0,0,396,0.3408521303258145,0.46365914786967416,0.36687028408050537
MaxLoss,7,0.4,0.0,400,3000,0,404,47,451,0.17326421377947554,0.028699999999999948,1.7682987910229713,0,0,401,0.33663366336633666,0.45792079207920794,0.36673060059547424
MaxLoss,7,0.4,0.0,405,3000,0,409,37,446,0.17148905905196443,0.02510000000000001,1.8029200830496848,0,0,406,0.33251833740831294,0.45232273838630804,0.3295898735523224
MaxLoss,7,0.4,0.0,410,3000,0,414,64,478,0.18283396633341908,0.02949999999999997,1.8442860410432331,0,0,411,0.3357487922705314,0.45652173913043476,0.2975398302078247
MaxLoss,7,0.4,0.0,415,3000,0,419,132,551,0.20858279598178342,0.058699999999999974,1.8792975410469808,0,0,416,0.33651551312649164,0.45823389021479716,0.3595432937145233
MaxLoss,7,0.4,0.0,420,3000,0,424,23,447,0.17184416647069156,0.013800000000000034,1.9173907079966739,0,0,421,0.33490566037735847,0.455188679245283,0.3485465347766876
MaxLoss,7,0.4,0.0,425,3000,0,429,28,457,0.17539314867462963,0.02949999999999997,1.9491798329981975,0,0,426,0.3333333333333333,0.4522144522144522,0.3590596318244934
MaxLoss,7,0.4,0.0,430,3000,0,434,16,450,0.1729092591558583,0.023299999999999987,1.9793271250091493,0,0,431,0.3317972350230415,0.44930875576036866,0.41660478711128235
MaxLoss,7,0.4,0.0,435,3000,0,439,14,453,0.1739740094053559,0.02310000000000001,2.0093988750013523,0,0,436,0.32801822323462415,0.44874715261959,0.3998532295227051
MaxLoss,7,0.4,0.0,440,3000,0,444,39,483,0.1846032562898472,0.030399999999999983,2.0393077500048093,0,0,441,0.3333333333333333,0.4527027027027027,0.4172688126564026
MaxLoss,7,0.4,0.0,445,3000,0,449,6,455,0.1746836540987715,0.021499999999999964,2.0756516660330817,0,0,446,0.33407572383073497,0.45434298440979953,0.42591461539268494
MaxLoss,7,0.4,0.0,450,3000,0,454,21,475,0.18177196802571416,0.022399999999999975,2.110180833027698,0,0,451,0.33480176211453744,0.45374449339207046,0.41771313548088074
MaxLoss,7,0.4,0.0,455,3000,0,459,55,514,0.1955537197063677,0.04179999999999995,2.145236875046976,0,0,456,0.3333333333333333,0.4531590413943355,0.41162991523742676
MaxLoss,7,0.4,0.0,460,3000,0,464,16,480,0.1835417879628949,0.027699999999999947,2.181048291036859,0,0,461,0.3297413793103448,0.4525862068965517,0.4265388250350952
MaxLoss,7,0.4,0.0,465,3000,0,469,7,476,0.18212600302649662,0.026100000000000012,2.215145250025671,0,0,466,0.326226012793177,0.44776119402985076,0.40174993872642517
MaxLoss,7,0.4,0.0,470,3000,0,474,13,487,0.18601805780781433,0.031000000000000028,2.24838612502208,0,0,471,0.32489451476793246,0.4472573839662447,0.41171994805336
MaxLoss,7,0.4,0.0,475,3000,0,479,8,487,0.18601805780781433,0.025900000000000034,2.282720916031394,0,0,476,0.32150313152400833,0.44258872651356995,0.5163529515266418
MaxLoss,7,0.4,0.0,480,3000,0,484,38,522,0.1983744747703895,0.036699999999999955,2.318177250039298,0,0,481,0.3181818181818182,0.44008264462809915,0.5223149061203003
MaxLoss,7,0.4,0.0,481,3000,0,485,0,485,0.18531072669429705,0.023399999999999976,2.331997291010339,1,0,482,0.31752577319587627,0.43917525773195876,0.5478906631469727
PU-C,7,0.4,0.0,0,3000,0,4,592,596,0.2243736449163407,0.1421,0.010103916050866246,0,0,1,0.0,0.25,0.6816689372062683
PU-C,7,0.4,0.0,5,3000,0,9,478,487,0.18601805780781433,0.1059,0.03781100001651794,0,0,6,0.2222222222222222,0.3333333333333333,0.5980132818222046
PU-C,7,0.4,0.0,10,3000,0,14,465,479,0.18318789481418207,0.09199999999999997,0.06597370805684477,0,0,11,0.35714285714285715,0.42857142857142855,0.6544324159622192
PU-C,7,0.4,0.0,15,3000,0,19,390,409,0.15832214610418305,0.07189999999999996,0.0934501250158064,0,0,16,0.42105263157894735,0.47368421052631576,0.713009238243103
PU-C,7,0.4,0.0,20,3000,0,24,590,614,0.23067405057372525,0.1533,0.12153837503865361,0,0,21,0.4583333333333333,0.5,0.7672016024589539
PU-C,7,0.4,0.0,25,3000,0,29,421,450,0.1729092591558583,0.09289999999999998,0.15101362502900884,0,0,26,0.41379310344827586,0.4482758620689655,0.7590548396110535
PU-C,7,0.4,0.0,30,3000,0,34,587,621,0.23312185192480683,0.15400000000000003,0.1795000410056673,0,0,31,0.35294117647058826,0.38235294117647056,0.7797625064849854
PU-C,7,0.4,0.0,35,3000,0,39,421,460,0.17645711061777547,0.09599999999999997,0.20814862503902987,0,0,36,0.3333333333333333,0.358974358974359,0.7790433168411255
PU-C,7,0.4,0.0,40,3000,0,44,588,632,0.2369657856761478,0.15490000000000004,0.23956720804562792,0,0,41,0.36363636363636365,0.38636363636363635,0.8095443844795227
PU-C,7,0.4,0.0,45,3000,0,49,428,477,0.18248000246239826,0.10809999999999997,0.2695381250232458,0,0,46,0.3469387755102041,0.3877551020408163,0.802458643913269
PU-C,7,0.4,0.0,50,3000,0,54,596,650,0.24324911163421348,0.15880000000000005,0.29486070800339803,0,0,51,0.3333333333333333,0.37037037037037035,0.8183842897415161
PU-C,7,0.4,0.0,55,3000,0,59,441,500,0.19061235984554514,0.11370000000000002,0.32274225004948676,0,0,56,0.3050847457627119,0.3559322033898305,0.8180187940597534
PU-C,7,0.4,0.0,60,3000,0,64,596,660,0.24673630471806973,0.16069999999999995,0.3578060830477625,0,0,61,0.296875,0.359375,0.8420469760894775
PU-C,7,0.4,0.0,65,3000,0,69,419,488,0.18637167132692412,0.10950000000000004,0.38919537502806634,0,0,66,0.2753623188405797,0.3333333333333333,0.8131212592124939
PU-C,7,0.4,0.0,70,3000,0,74,581,655,0.24499302072217688,0.15769999999999995,0.42219287500483915,0,0,71,0.2972972972972973,0.35135135135135137,0.8468998670578003
PU-C,7,0.4,0.0,75,3000,0,79,399,478,0.18283396633341908,0.10340000000000005,0.4539595000096597,0,0,76,0.3291139240506329,0.379746835443038,0.8327564597129822
PU-C,7,0.4,0.0,80,3000,0,84,573,657,0.24569040903588757,0.15700000000000003,0.4847482910263352,0,0,81,0.32142857142857145,0.36904761904761907,0.8450118899345398
PU-C,7,0.4,0.0,85,3000,0,89,380,469,0.1796470055123791,0.09899999999999998,0.5143482910352759,0,0,86,0.3146067415730337,0.3595505617977528,0.8269761204719543
PU-C,7,0.4,0.0,90,3000,0,94,565,659,0.24638769769808277,0.15490000000000004,0.541869625041727,0,0,91,0.30851063829787234,0.35106382978723405,0.8373780846595764
PU-C,7,0.4,0.0,95,3000,0,99,360,459,0.17610249383142218,0.09309999999999996,0.5739117080229335,0,0,96,0.30303030303030304,0.3434343434343434,0.830731213092804
PU-C,7,0.4,0.0,100,3000,0,104,549,653,0.24429553234949708,0.15080000000000005,0.6066281250095926,0,0,101,0.3173076923076923,0.3557692307692308,0.8564631938934326
PU-C,7,0.4,0.0,105,3000,0,109,353,462,0.17716623313026503,0.09299999999999997,0.637362125038635,0,0,106,0.3119266055045872,0.3486238532110092,0.8409469127655029
PU-C,7,0.4,0.0,110,3000,0,114,542,656,0.24534172733547166,0.15000000000000002,0.6666031660279259,0,0,111,0.2982456140350877,0.3508771929824561,0.8565725088119507
PU-C,7,0.4,0.0,115,3000,0,119,338,457,0.17539314867462963,0.08889999999999998,0.699846541043371,0,0,116,0.29411764705882354,0.35294117647058826,0.8450241088867188
PU-C,7,0.4,0.0,120,3000,0,124,537,661,0.24708488694159314,0.15039999999999998,0.7315627910429612,0,0,121,0.2903225806451613,0.3629032258064516,0.8605223894119263
PU-C,7,0.4,0.0,125,3000,0,129,435,564,0.21315062715439126,0.12419999999999998,0.7620747500332072,0,0,126,0.29457364341085274,0.3643410852713178,0.8151530027389526
PU-C,7,0.4,0.0,130,3000,0,134,481,615,0.23102381633361802,0.13790000000000002,0.7984708330477588,0,0,131,0.29850746268656714,0.3805970149253731,0.7953530550003052
PU-C,7,0.4,0.0,135,3000,0,139,267,406,0.1572520800982602,0.06669999999999998,0.8313776660361327,0,0,136,0.302158273381295,0.39568345323741005,0.7550079226493835
PU-C,7,0.4,0.0,140,3000,0,144,466,610,0.22927471931325272,0.14870000000000005,0.86309787502978,0,0,141,0.3055555555555556,0.3958333333333333,0.6557966470718384
PU-C,7,0.4,0.0,145,3000,0,149,271,420,0.1622424612287432,0.06659999999999999,0.8956814580014907,0,0,146,0.2953020134228188,0.3825503355704698,0.770646333694458
PU-C,7,0.4,0.0,150,3000,0,154,280,434,0.16722474165726453,0.07920000000000005,0.9292858330300078,0,0,151,0.2922077922077922,0.37662337662337664,0.7090578079223633
PU-C,7,0.4,0.0,155,3000,0,159,301,460,0.17645711061777547,0.08130000000000004,0.9660797080141492,0,0,156,0.3018867924528302,0.3836477987421384,0.8159657716751099
PU-C,7,0.4,0.0,160,3000,0,164,383,547,0.20717629184946418,0.11850000000000005,1.0014035000349395,0,0,161,0.29878048780487804,0.3780487804878049,0.6024255752563477
PU-C,7,0.4,0.0,165,3000,0,169,301,470,0.1800012559397146,0.08089999999999997,1.0382073750370182,0,0,166,0.28994082840236685,0.3668639053254438,0.7615355849266052
PU-C,7,0.4,0.0,170,3000,0,174,251,425,0.16402276017470285,0.07050000000000001,1.073143790999893,0,0,171,0.29310344827586204,0.367816091954023,0.6067975163459778
PU-C,7,0.4,0.0,175,3000,0,179,241,420,0.1622424612287432,0.0706,1.1046050830045715,0,0,176,0.29608938547486036,0.3687150837988827,0.6912248134613037
PU-C,7,0.4,0.0,180,3000,0,184,264,448,0.1721992355887778,0.07550000000000001,1.1309234160580672,0,0,181,0.30434782608695654,0.3804347826086957,0.5213756561279297
PU-C,7,0.4,0.0,185,3000,0,189,195,384,0.1493928559939377,0.061000000000000054,1.1577364160330035,0,0,186,0.2962962962962963,0.37566137566137564,0.6019942164421082
PU-C,7,0.4,0.0,190,3000,0,194,255,449,0.17255426640622318,0.06269999999999998,1.1881677910569124,0,0,191,0.29381443298969073,0.38144329896907214,0.470040500164032
PU-C,7,0.4,0.0,195,3000,0,199,258,457,0.17539314867462963,0.08030000000000004,1.2190814580535516,0,0,196,0.2964824120603015,0.39195979899497485,0.4431827962398529
PU-C,7,0.4,0.0,200,3000,0,204,301,505,0.19237787678139284,0.09289999999999998,1.2600584580213763,0,0,201,0.3137254901960784,0.4068627450980392,0.41641414165496826
PU-C,7,0.4,0.0,205,3000,0,209,288,497,0.189552646887023,0.0817,1.2913538750144653,0,0,206,0.3062200956937799,0.40669856459330145,0.3550272285938263
PU-C,7,0.4,0.0,210,3000,0,214,227,441,0.16971294325776398,0.06459999999999999,1.328962000028696,0,0,211,0.3037383177570093,0.40654205607476634,0.4448126256465912
PU-C,7,0.4,0.0,215,3000,0,219,226,445,0.1711339132161811,0.07199999999999995,1.359159833053127,0,0,216,0.2968036529680365,0.4063926940639269,0.4285568296909332
PU-C,7,0.4,0.0,220,3000,0,224,284,508,0.19343678752193227,0.07820000000000005,1.385626541043166,0,0,221,0.29464285714285715,0.4107142857142857,0.38919249176979065
PU-C,7,0.4,0.0,225,3000,0,229,261,490,0.1870787946972996,0.07179999999999997,1.4130690410383977,0,0,226,0.29694323144104806,0.4192139737991266,0.3585582375526428
PU-C,7,0.4,0.0,230,3000,0,234,258,492,0.18778578046476468,0.06569999999999998,1.440464958024677,0,0,231,0.2905982905982906,0.41452991452991456,0.35603561997413635
PU-C,7,0.4,0.0,235,3000,0,239,216,455,0.1746836540987715,0.05700000000000005,1.4694746660534292,0,0,236,0.28870292887029286,0.41841004184100417,0.3520228862762451
PU-C,7,0.4,0.0,240,3000,0,244,236,480,0.1835417879628949,0.062100000000000044,1.50481012504315,0,0,241,0.29098360655737704,0.4262295081967213,0.3728471100330353
PU-C,7,0.4,0.0,245,3000,0,249,217,466,0.17858403647551313,0.06420000000000003,1.541684833006002,0,0,246,0.2971887550200803,0.43373493975903615,0.38637614250183105
PU-C,7,0.4,0.0,250,3000,0,254,248,502,0.19131866691168398,0.056400000000000006,1.5801346660009585,0,0,251,0.2952755905511811,0.42913385826771655,0.3830113410949707
PU-C,7,0.4,0.0,255,3000,0,259,262,521,0.19802199315745384,0.0695,1.6172843750100583,0,0,256,0.30115830115830117,0.44015444015444016,0.39882999658584595
PU-C,7,0.4,0.0,260,3000,0,264,250,514,0.1955537197063677,0.06740000000000002,1.6511512080323882,0,0,261,0.29924242424242425,0.4356060606060606,0.4939737617969513
PU-C,7,0.4,0.0,265,3000,0,269,267,536,0.20330588897923008,0.07569999999999999,1.7100522910477594,0,0,266,0.30111524163568776,0.4423791821561338,0.40005531907081604
PU-C,7,0.4,0.0,270,3000,0,274,223,497,0.189552646887023,0.06820000000000004,1.761983250034973,0,0,271,0.29927007299270075,0.4416058394160584,0.43301862478256226
PU-C,7,0.4,0.0,275,3000,0,279,228,507,0.1930838503758423,0.07250000000000001,1.8095044160145335,0,0,276,0.2974910394265233,0.44086021505376344,0.45768898725509644
PU-C,7,0.4,0.0,280,3000,0,284,217,501,0.19096553017152473,0.06530000000000002,1.8539738330291584,0,0,281,0.30633802816901406,0.4471830985915493,0.467696875333786
PU-C,7,0.4,0.0,285,3000,0,289,232,521,0.19802199315745384,0.07110000000000005,1.924483583017718,0,0,286,0.30103806228373703,0.43944636678200694,0.4622831344604492
PU-C,7,0.4,0.0,290,3000,0,294,207,501,0.19096553017152473,0.06720000000000004,1.967221208033152,0,0,291,0.30272108843537415,0.4387755102040816,0.45622554421424866
PU-C,7,0.4,0.0,295,3000,0,299,195,494,0.18849262921139598,0.05379999999999996,2.001442916051019,0,0,296,0.3010033444816054,0.43812709030100333,0.4659220576286316
PU-C,7,0.4,0.0,300,3000,0,304,191,495,0.18884600239107385,0.06310000000000004,2.03449275001185,0,0,301,0.3059210526315789,0.4407894736842105,0.4413299262523651
PU-C,7,0.4,0.0,305,3000,0,309,193,502,0.19131866691168398,0.0685,2.0651051250169985,0,0,306,0.3042071197411003,0.4401294498381877,0.4764901101589203
PU-C,7,0.4,0.0,310,3000,0,314,195,509,0.1937896916642785,0.059699999999999975,2.1108280830085278,0,0,311,0.3057324840764331,0.4394904458598726,0.4341806173324585
PU-C,7,0.4,0.0,315,3000,0,319,201,520,0.19766947941388935,0.055499999999999994,2.1561904160189442,0,0,316,0.3072100313479624,0.44200626959247646,0.46121588349342346
PU-C,7,0.4,0.0,320,3000,0,324,171,495,0.18884600239107385,0.05520000000000003,2.1983853330020793,0,0,321,0.30246913580246915,0.4351851851851852,0.4717719852924347
PU-C,7,0.4,0.0,325,3000,0,329,145,474,0.18141789734363556,0.04720000000000002,2.242686750018038,0,0,326,0.3100303951367781,0.44376899696048633,0.45733168721199036
PU-C,7,0.4,0.0,330,3000,0,334,115,449,0.17255426640622318,0.03720000000000001,2.277423041057773,0,0,331,0.3203592814371258,0.45209580838323354,0.4800226390361786
PU-C,7,0.4,0.0,335,3000,0,339,160,499,0.19025915587553754,0.05520000000000003,2.310387625009753,0,0,336,0.3215339233038348,0.45132743362831856,0.48808959126472473
PU-C,7,0.4,0.0,340,3000,0,344,147,491,0.18743230478139594,0.04459999999999997,2.3682325000409037,0,0,341,0.3226744186046512,0.45058139534883723,0.5313622355461121
PU-C,7,0.4,0.0,345,3000,0,349,156,505,0.19237787678139284,0.04720000000000002,2.4063876250293106,0,0,346,0.32664756446991405,0.45272206303724927,0.5182210803031921
PU-C,7,0.4,0.0,350,3000,0,354,170,524,0.1990793421282433,0.05600000000000005,2.4424945000209846,0,0,351,0.3220338983050847,0.4519774011299435,0.5431462526321411
PU-C,7,0.4,0.0,355,3000,0,359,168,527,0.2001364043680951,0.05710000000000004,2.48990666604368,0,0,356,0.31754874651810583,0.4456824512534819,0.5059170722961426
PU-C,7,0.4,0.0,360,3000,0,364,145,509,0.1937896916642785,0.04820000000000002,2.52750525000738,0,0,361,0.31868131868131866,0.44505494505494503,0.5668213367462158
PU-C,7,0.4,0.0,365,3000,0,369,58,427,0.16473459382541478,0.026100000000000012,2.56326116604032,0,0,366,0.31978319783197834,0.4444444444444444,0.5510409474372864
PU-C,7,0.4,0.0,370,3000,0,374,146,520,0.19766947941388935,0.05179999999999996,2.596907833009027,0,0,371,0.3181818181818182,0.4411764705882353,0.5651900172233582
PU-C,7,0.4,0.0,375,3000,0,379,109,488,0.18637167132692412,0.03959999999999997,2.628542708000168,0,0,376,0.32189973614775724,0.44327176781002636,0.5779556632041931
PU-C,7,0.4,0.0,380,3000,0,384,83,467,0.17893839586758986,0.03510000000000002,2.6603547080303542,0,0,381,0.3229166666666667,0.4453125,0.5639643669128418
PU-C,7,0.4,0.0,385,3000,0,389,143,532,0.20189754257444292,0.05159999999999998,2.697382625017781,0,0,386,0.3213367609254499,0.4473007712082262,0.5737594366073608
PU-C,7,0.4,0.0,390,3000,0,394,109,503,0.19167177024064586,0.03869999999999996,2.7384529580012895,0,0,391,0.3248730964467005,0.44923857868020306,0.5533450841903687
PU-C,7,0.4,0.0,395,3000,0,399,111,510,0.19414256286108866,0.051000000000000045,2.781380625034217,0,0,396,0.3233082706766917,0.44611528822055135,0.5215844511985779
PU-C,7,0.4,0.0,400,3000,0,404,105,509,0.1937896916642785,0.03720000000000001,2.8218319580191746,0,0,401,0.32673267326732675,0.4504950495049505,0.5336945652961731
PU-C,7,0.4,0.0,405,3000,0,409,121,530,0.2011931817396544,0.047900000000000054,2.863219083053991,0,0,406,0.3276283618581907,0.45232273838630804,0.54701828956604
PU-C,7,0.4,0.0,410,3000,0,414,107,521,0.19802199315745384,0.044300000000000006,2.9191022500162944,0,0,411,0.32608695652173914,0.4492753623188406,0.5466296076774597
PU-C,7,0.4,0.0,415,3000,0,419,122,541,0.20506562368245795,0.05600000000000005,2.9696893750224262,0,0,416,0.3221957040572792,0.4486873508353222,0.5448629856109619
PU-C,7,0.4,0.0,420,3000,0,424,116,540,0.204713738465216,0.051899999999999946,3.0069583330187015,0,0,421,0.3231132075471698,0.45047169811320753,0.5488532781600952
PU-C,7,0.4,0.0,425,3000,0,429,118,547,0.20717629184946418,0.05359999999999998,3.042280166002456,0,0,426,0.32167832167832167,0.44755244755244755,0.5560839772224426
PU-C,7,0.4,0.0,430,3000,0,434,38,472,0.1807096485281363,0.025800000000000045,3.0769064580090344,0,0,431,0.3248847926267281,0.44930875576036866,0.5397458672523499
PU-C,7,0.4,0.0,435,3000,0,439,34,473,0.1810637908638455,0.02969999999999995,3.120008500001859,0,0,436,0.32574031890660593,0.44874715261959,0.5558786392211914
PU-C,7,0.4,0.0,440,3000,0,444,27,471,0.18035547027830034,0.027900000000000036,3.1736097910325043,0,0,441,0.32657657657657657,0.45045045045045046,0.5367741584777832
PU-C,7,0.4,0.0,445,3000,0,449,99,548,0.20752796321175992,0.0504,3.2130588330328465,0,0,446,0.3273942093541203,0.44988864142538976,0.5769870281219482
PU-C,7,0.4,0.0,450,3000,0,454,49,503,0.19167177024064586,0.03210000000000002,3.25457362504676,0,0,451,0.3237885462555066,0.44493392070484583,0.5736364126205444
PU-C,7,0.4,0.0,455,3000,0,459,52,511,0.1944954011705704,0.029100000000000015,3.295068750041537,0,0,456,0.3202614379084967,0.4400871459694989,0.5810379385948181
PU-C,7,0.4,0.0,460,3000,0,464,13,477,0.18248000246239826,0.019399999999999973,3.3563242080272175,0,0,461,0.32112068965517243,0.4396551724137931,0.588855504989624
PU-C,7,0.4,0.0,465,3000,0,469,52,521,0.19802199315745384,0.039000000000000035,3.3923642500303686,0,0,466,0.32196162046908317,0.43923240938166314,0.5739597678184509
PU-C,7,0.4,0.0,470,3000,0,474,5,479,0.18318789481418207,0.01880000000000004,3.4284580410458148,0,0,471,0.3227848101265823,0.4388185654008439,0.5543156862258911
PU-C,7,0.4,0.0,475,3000,0,479,24,503,0.19167177024064586,0.027900000000000036,3.463910583057441,0,0,476,0.32150313152400833,0.4363256784968685,0.576275646686554
PU-C,7,0.4,0.0,480,3000,0,484,8,492,0.18778578046476468,0.015700000000000047,3.5014224580372684,0,0,481,0.32231404958677684,0.4380165289256198,0.5796484351158142
PU-C,7,0.4,0.0,485,3000,0,489,10,499,0.19025915587553754,0.022399999999999975,3.5417370830546133,0,0,486,0.32515337423312884,0.44171779141104295,0.579336941242218
PU-C,7,0.4,0.0,487,3000,0,491,0,491,0.18743230478139594,0.019000000000000017,3.5608812080463395,1,0,488,0.3258655804480652,0.4419551934826884,0.5562363862991333
PU-F,7,0.4,0.0,0,3000,0,4,634,638,0.239061149652116,0.17520000000000002,0.009231916978023946,0,0,1,0.0,0.25,0.5531843304634094
PU-F,7,0.4,0.0,5,3000,0,9,454,463,0.17752073903102428,0.09919999999999995,0.0991521249525249,0,0,6,0.1111111111111111,0.2222222222222222,0.5559933185577393
PU-F,7,0.4,0.0,10,3000,0,14,421,435,0.16758031729841605,0.0968,0.16240987495984882,0,0,11,0.21428571428571427,0.2857142857142857,0.6099755167961121
PU-F,7,0.4,0.0,15,3000,0,19,480,499,0.19025915587553754,0.11350000000000005,0.2291297089541331,0,0,16,0.3157894736842105,0.3684210526315789,0.6549889445304871
PU-F,7,0.4,0.0,20,3000,0,24,511,535,0.20295384910423309,0.11439999999999995,0.2789444589870982,0,0,21,0.375,0.4166666666666667,0.6948026418685913
PU-F,7,0.4,0.0,25,3000,0,29,502,531,0.20154537784401327,0.11850000000000005,0.3125277920044027,0,0,26,0.41379310344827586,0.4482758620689655,0.6971263885498047
PU-F,7,0.4,0.0,30,3000,0,34,540,574,0.21666096238186583,0.14159999999999995,0.349123541964218,0,0,31,0.4117647058823529,0.4411764705882353,0.7308191657066345
PU-F,7,0.4,0.0,35,3000,0,39,518,557,0.21069165004882962,0.129,0.388763791997917,0,0,36,0.38461538461538464,0.41025641025641024,0.7252046465873718
PU-F,7,0.4,0.0,40,3000,0,44,528,572,0.21595912729389966,0.13560000000000005,0.46800441696541384,0,0,41,0.36363636363636365,0.38636363636363635,0.7483319640159607
PU-F,7,0.4,0.0,45,3000,0,49,492,541,0.20506562368245795,0.12450000000000006,0.5348572499933653,0,0,46,0.32653061224489793,0.3877551020408163,0.7315542101860046
PU-F,7,0.4,0.0,50,3000,0,54,485,539,0.20436182245612144,0.12290000000000001,0.6086682089953683,0,0,51,0.2962962962962963,0.37037037037037035,0.7586889266967773
PU-F,7,0.4,0.0,55,3000,0,59,461,520,0.19766947941388935,0.11299999999999999,0.6845169169828296,0,0,56,0.2711864406779661,0.3389830508474576,0.7256025671958923
PU-F,7,0.4,0.0,60,3000,0,64,427,491,0.18743230478139594,0.10799999999999998,0.7527904589660466,0,0,61,0.25,0.3125,0.7611004114151001
PU-F,7,0.4,0.0,65,3000,0,69,401,470,0.1800012559397146,0.09970000000000001,0.8224012089776807,0,0,66,0.2463768115942029,0.30434782608695654,0.7258284687995911
PU-F,7,0.4,0.0,70,3000,0,74,381,455,0.1746836540987715,0.09109999999999996,0.8945567919872701,0,0,71,0.2702702702702703,0.32432432432432434,0.744592010974884
PU-F,7,0.4,0.0,75,3000,0,79,383,462,0.17716623313026503,0.09550000000000003,0.9620815420057625,0,0,76,0.27848101265822783,0.3291139240506329,0.7215319871902466
PU-F,7,0.4,0.0,80,3000,0,84,331,415,0.1604611292714253,0.07909999999999995,1.0289604169665836,0,0,81,0.27380952380952384,0.32142857142857145,0.7305352687835693
PU-F,7,0.4,0.0,85,3000,0,89,393,482,0.18424946861341596,0.10099999999999998,1.092511624970939,0,0,86,0.2696629213483146,0.3146067415730337,0.7276594042778015
PU-F,7,0.4,0.0,90,3000,0,94,320,414,0.16010473761707544,0.07669999999999999,1.1552793339942582,0,0,91,0.26595744680851063,0.30851063829787234,0.7272483110427856
PU-F,7,0.4,0.0,95,3000,0,99,396,495,0.18884600239107385,0.10470000000000002,1.2160595419700257,0,0,96,0.25252525252525254,0.29292929292929293,0.7315689921379089
PU-F,7,0.4,0.0,100,3000,0,104,309,413,0.15974830387858674,0.07450000000000001,1.2802107089664787,0,0,101,0.25,0.2980769230769231,0.722684383392334
PU-F,7,0.4,0.0,105,3000,0,109,402,511,0.1944954011705704,0.10650000000000004,1.3466595839709044,0,0,106,0.24770642201834864,0.29357798165137616,0.7330653071403503
PU-F,7,0.4,0.0,110,3000,0,114,296,410,0.158678749226965,0.07240000000000002,1.4176337500102818,0,0,111,0.2543859649122807,0.30701754385964913,0.7193378210067749
PU-F,7,0.4,0.0,115,3000,0,119,395,514,0.1955537197063677,0.10599999999999998,1.4872662089765072,0,0,116,0.25210084033613445,0.31932773109243695,0.7334835529327393
PU-F,7,0.4,0.0,120,3000,0,124,287,411,0.15903530979994684,0.07050000000000001,1.5571685419999994,0,0,121,0.25,0.3225806451612903,0.7187298536300659
PU-F,7,0.4,0.0,125,3000,0,129,542,671,0.25056935334578156,0.15659999999999996,1.6283057499676943,0,0,126,0.24031007751937986,0.3333333333333333,0.7808161377906799
PU-F,7,0.4,0.0,130,3000,0,134,282,416,0.1608174790162593,0.07340000000000002,1.697555458988063,0,0,131,0.2462686567164179,0.3358208955223881,0.6623536348342896
PU-F,7,0.4,0.0,135,3000,0,139,480,619,0.23242261295672506,0.14290000000000003,1.7587783749913797,0,0,136,0.23741007194244604,0.33093525179856115,0.7168647050857544
PU-F,7,0.4,0.0,140,3000,0,144,271,415,0.1604611292714253,0.06440000000000001,1.82818720897194,0,0,141,0.2361111111111111,0.3333333333333333,0.6082638502120972
PU-F,7,0.4,0.0,145,3000,0,149,426,575,0.2170118367066607,0.11980000000000002,1.8758604589966126,0,0,146,0.22818791946308725,0.33557046979865773,0.6873853206634521
PU-F,7,0.4,0.0,150,3000,0,154,174,328,0.12928274739533663,0.034399999999999986,1.939406416960992,0,0,151,0.22727272727272727,0.33116883116883117,0.5842387676239014
PU-F,7,0.4,0.0,155,3000,0,159,343,502,0.19131866691168398,0.09299999999999997,1.994170124991797,0,0,156,0.22012578616352202,0.3270440251572327,0.6056280732154846
PU-F,7,0.4,0.0,160,3000,0,164,246,410,0.158678749226965,0.048799999999999955,2.052099291991908,0,0,161,0.21341463414634146,0.3231707317073171,0.5767514705657959
PU-F,7,0.4,0.0,165,3000,0,169,180,349,0.13684283918701112,0.03710000000000002,2.109476541983895,0,0,166,0.21301775147928995,0.3254437869822485,0.5821335911750793
PU-F,7,0.4,0.0,170,3000,0,174,385,559,0.21139436279190704,0.10719999999999996,2.1688284169649705,0,0,171,0.21264367816091953,0.3218390804597701,0.6198906302452087
PU-F,7,0.4,0.0,175,3000,0,179,215,394,0.1529679055674933,0.0363,2.238200583960861,0,0,176,0.2122905027932961,0.31843575418994413,0.5453677177429199
PU-F,7,0.4,0.0,180,3000,0,184,297,481,0.18389564589597285,0.07640000000000002,2.290590833988972,0,0,181,0.21195652173913043,0.31521739130434784,0.547834038734436
PU-F,7,0.4,0.0,185,3000,0,189,215,404,0.15653848770307377,0.04059999999999997,2.3499192919698544,0,0,186,0.20634920634920634,0.31746031746031744,0.5239840745925903
PU-F,7,0.4,0.0,190,3000,0,194,249,443,0.17042350576957688,0.06540000000000001,2.4000672919792123,0,0,191,0.20103092783505155,0.31958762886597936,0.5075334906578064
PU-F,7,0.4,0.0,195,3000,0,199,160,359,0.14043472066987306,0.030399999999999983,2.4616312090074643,0,0,196,0.20603015075376885,0.32160804020100503,0.5252140164375305
PU-F,7,0.4,0.0,200,3000,0,204,231,435,0.16758031729841605,0.056400000000000006,2.522799166967161,0,0,201,0.20098039215686275,0.3137254901960784,0.495076447725296
PU-F,7,0.4,0.0,205,3000,0,209,193,402,0.15582472208188847,0.03490000000000004,2.576966916967649,0,0,206,0.20574162679425836,0.32057416267942584,0.5345381498336792
PU-F,7,0.4,0.0,210,3000,0,214,173,387,0.15046584833180532,0.0413,2.6235552089638077,0,0,211,0.21962616822429906,0.3317757009345794,0.4945894181728363
PU-F,7,0.4,0.0,215,3000,0,219,165,384,0.1493928559939377,0.04290000000000005,2.6779214589623734,0,0,216,0.2237442922374429,0.3378995433789954,0.5271497964859009
PU-F,7,0.4,0.0,220,3000,0,224,146,370,0.14438000600785017,0.033299999999999996,2.7244089999585412,0,0,221,0.23660714285714285,0.3482142857142857,0.5179381370544434
PU-F,7,0.4,0.0,225,3000,0,229,172,401,0.15546777396230027,0.04479999999999995,2.7716864589601755,0,0,226,0.2445414847161572,0.3537117903930131,0.5348196625709534
PU-F,7,0.4,0.0,230,3000,0,234,143,377,0.14688758662668988,0.0373,2.819238083960954,0,0,231,0.24358974358974358,0.3504273504273504,0.5049084424972534
PU-F,7,0.4,0.0,235,3000,0,239,153,392,0.15225325751816854,0.041200000000000014,2.862419916957151,0,0,236,0.24267782426778242,0.3472803347280335,0.5310391187667847
PU-F,7,0.4,0.0,240,3000,0,244,143,387,0.15046584833180532,0.03300000000000003,2.911424541962333,0,0,241,0.23770491803278687,0.3401639344262295,0.49539467692375183
PU-F,7,0.4,0.0,245,3000,0,249,136,385,0.1497505659935996,0.03190000000000004,2.960350874986034,0,0,246,0.23694779116465864,0.3493975903614458,0.5152186751365662
PU-F,7,0.4,0.0,250,3000,0,254,120,374,0.14581319532589987,0.037699999999999956,3.006206208956428,0,0,251,0.24015748031496062,0.3543307086614173,0.483612060546875
PU-F,7,0.4,0.0,255,3000,0,259,132,391,0.1518958661472425,0.026599999999999957,3.057547458971385,0,0,256,0.23552123552123552,0.35135135135135137,0.5147995352745056
PU-F,7,0.4,0.0,260,3000,0,264,138,402,0.15582472208188847,0.03369999999999995,3.107753583986778,0,0,261,0.23484848484848486,0.3560606060606061,0.487312912940979
PU-F,7,0.4,0.0,265,3000,0,269,198,467,0.17893839586758986,0.06310000000000004,3.159927708969917,0,0,266,0.23048327137546468,0.35315985130111527,0.45600175857543945
PU-F,7,0.4,0.0,270,3000,0,274,118,392,0.15225325751816854,0.025800000000000045,3.2084759589633904,0,0,271,0.23722627737226276,0.3613138686131387,0.4836864173412323
PU-F,7,0.4,0.0,275,3000,0,279,153,432,0.16651347110746428,0.03739999999999999,3.2582951249787584,0,0,276,0.23655913978494625,0.35842293906810035,0.45875537395477295
PU-F,7,0.4,0.0,280,3000,0,284,92,376,0.1465295035741292,0.020299999999999985,3.3111030419822782,0,0,281,0.23943661971830985,0.3591549295774648,0.4644676744937897
PU-F,7,0.4,0.0,285,3000,0,289,146,435,0.16758031729841605,0.04859999999999998,3.3680410420056432,0,0,286,0.2422145328719723,0.370242214532872,0.4849751591682434
PU-F,7,0.4,0.0,290,3000,0,294,115,409,0.15832214610418305,0.033299999999999996,3.4178919999976642,0,0,291,0.23809523809523808,0.3673469387755102,0.4569891691207886
PU-F,7,0.4,0.0,295,3000,0,299,67,366,0.1429460442159325,0.019000000000000017,3.4659437089576386,0,0,296,0.24414715719063546,0.3745819397993311,0.4642210304737091
PU-F,7,0.4,0.0,300,3000,0,304,115,419,0.1618862779578194,0.036900000000000044,3.514046625001356,0,0,301,0.24342105263157895,0.3717105263157895,0.49323806166648865
PU-F,7,0.4,0.0,305,3000,0,309,59,368,0.14366312231868505,0.01970000000000005,3.563460999983363,0,0,306,0.24919093851132687,0.37540453074433655,0.451972633600235
PU-F,7,0.4,0.0,310,3000,0,314,75,389,0.15118094795616344,0.026599999999999957,3.605708541988861,0,0,311,0.2515923566878981,0.37898089171974525,0.4482923746109009
PU-F,7,0.4,0.0,315,3000,0,319,113,432,0.16651347110746428,0.03979999999999995,3.6463125000009313,0,0,316,0.25705329153605017,0.3824451410658307,0.44441157579421997
PU-F,7,0.4,0.0,320,3000,0,324,105,429,0.16544626542599872,0.0262,3.6918840419966727,0,0,321,0.25617283950617287,0.38580246913580246,0.45471450686454773
PU-F,7,0.4,0.0,325,3000,0,329,61,390,0.15153842966537923,0.020100000000000007,3.7370512500056066,0,0,326,0.2553191489361702,0.3860182370820669,0.47706910967826843
PU-F,7,0.4,0.0,330,3000,0,334,72,406,0.1572520800982602,0.014599999999999946,3.784961999976076,0,0,331,0.25449101796407186,0.38922155688622756,0.47336626052856445
PU-F,7,0.4,0.0,335,3000,0,339,62,401,0.15546777396230027,0.013900000000000023,3.823526583961211,0,0,336,0.26548672566371684,0.39823008849557523,0.47677600383758545
PU-F,7,0.4,0.0,340,3000,0,344,41,385,0.1497505659935996,0.014100000000000001,3.863209792005364,0,0,341,0.27325581395348836,0.40406976744186046,0.4689854085445404
PU-F,7,0.4,0.0,345,3000,0,349,48,397,0.15403954300563782,0.021299999999999986,3.901707124954555,0,0,346,0.2693409742120344,0.40114613180515757,0.46927058696746826
PU-F,7,0.4,0.0,350,3000,0,354,71,425,0.16402276017470285,0.03410000000000002,3.945236917003058,0,0,351,0.2711864406779661,0.4011299435028249,0.46405836939811707
PU-F,7,0.4,0.0,355,3000,0,359,46,405,0.15689530549570918,0.013800000000000034,3.989229416998569,0,0,356,0.27298050139275765,0.40668523676880225,0.48552343249320984
PU-F,7,0.4,0.0,360,3000,0,364,44,408,0.15796550025697798,0.026800000000000046,4.032647958956659,0,0,361,0.2802197802197802,0.41208791208791207,0.47745636105537415
PU-F,7,0.4,0.0,365,3000,0,369,25,394,0.1529679055674933,0.02070000000000005,4.075887999963015,0,0,366,0.2845528455284553,0.4146341463414634,0.4752815365791321
PU-F,7,0.4,0.0,370,3000,0,374,32,406,0.1572520800982602,0.013000000000000012,4.117278291960247,0,0,371,0.28609625668449196,0.4144385026737968,0.479451447725296
PU-F,7,0.4,0.0,375,3000,0,379,28,407,0.15760881162714213,0.02959999999999996,4.1570995840011165,0,0,376,0.2928759894459103,0.41952506596306066,0.4752899706363678
PU-F,7,0.4,0.0,380,3000,0,384,41,425,0.16402276017470285,0.017800000000000038,4.1999441249645315,0,0,381,0.2942708333333333,0.4192708333333333,0.49112606048583984
PU-F,7,0.4,0.0,385,3000,0,389,114,503,0.19167177024064586,0.05300000000000005,4.2524855000083335,0,0,386,0.2982005141388175,0.42159383033419023,0.4753815531730652
PU-F,7,0.4,0.0,390,3000,0,394,31,425,0.16402276017470285,0.03190000000000004,4.296302834001835,0,0,391,0.30456852791878175,0.4263959390862944,0.4829989969730377
PU-F,7,0.4,0.0,395,3000,0,399,86,485,0.18531072669429705,0.04510000000000003,4.335004958964419,0,0,396,0.3057644110275689,0.42606516290726815,0.49329638481140137
PU-F,7,0.4,0.0,400,3000,0,404,14,418,0.16153005324304104,0.014499999999999957,4.375985041959211,0,0,401,0.30445544554455445,0.42574257425742573,0.4923151433467865
PU-F,7,0.4,0.0,405,3000,0,409,10,419,0.1618862779578194,0.031200000000000006,4.414171958982479,0,0,406,0.30317848410757947,0.4229828850855746,0.4890228509902954
PU-F,7,0.4,0.0,410,3000,0,414,57,471,0.18035547027830034,0.04379999999999995,4.459840916970279,0,0,411,0.30434782608695654,0.4227053140096618,0.49273940920829773
PU-F,7,0.4,0.0,415,3000,0,419,6,425,0.16402276017470285,0.017900000000000027,4.506839709007181,0,0,416,0.3031026252983294,0.4200477326968974,0.495343416929245
PU-F,7,0.4,0.0,416,3000,0,420,0,420,0.1622424612287432,0.025599999999999956,4.522566250001546,1,0,417,0.3047619047619048,0.42142857142857143,0.4919857680797577
PU-G,7,0.4,0.0,0,3000,0,4,416,420,0.1622424612287432,0.10340000000000005,0.011956834001466632,0,0,1,0.0,0.25,0.5690900087356567
PU-G,7,0.4,0.0,5,3000,0,9,867,876,0.32150770752923563,0.26639999999999997,0.1082108750124462,0,0,6,0.3333333333333333,0.4444444444444444,0.6120710372924805
PU-G,7,0.4,0.0,10,3000,0,14,536,550,0.20823121524881572,0.131,0.19377750001149252,0,0,11,0.21428571428571427,0.2857142857142857,0.5534445643424988
PU-G,7,0.4,0.0,15,3000,0,19,429,448,0.1721992355887778,0.08779999999999999,0.2692636669962667,0,0,16,0.15789473684210525,0.21052631578947367,0.6360995769500732
PU-G,7,0.4,0.0,20,3000,0,24,384,408,0.15796550025697798,0.06569999999999998,0.2973322920151986,0,0,21,0.16666666666666666,0.25,0.639499843120575
PU-G,7,0.4,0.0,25,3000,0,29,399,428,0.16509044979466125,0.0867,0.3252296670107171,0,0,26,0.2413793103448276,0.3103448275862069,0.6690254211425781
PU-G,7,0.4,0.0,30,3000,0,34,401,435,0.16758031729841605,0.07820000000000005,0.3536167499842122,0,0,31,0.20588235294117646,0.35294117647058826,0.6857866644859314
PU-G,7,0.4,0.0,35,3000,0,39,358,397,0.15403954300563782,0.07420000000000004,0.3812583750113845,0,0,36,0.20512820512820512,0.358974358974359,0.7017751336097717
PU-G,7,0.4,0.0,40,3000,0,44,376,420,0.1622424612287432,0.0695,0.40796754200709984,0,0,41,0.20454545454545456,0.38636363636363635,0.7067621946334839
PU-G,7,0.4,0.0,45,3000,0,49,326,375,0.14617137319874018,0.07050000000000001,0.43740374996559694,0,0,46,0.22448979591836735,0.42857142857142855,0.733919620513916
PU-G,7,0.4,0.0,50,3000,0,54,358,412,0.15939182799775153,0.06640000000000001,0.46577025001170114,0,0,51,0.24074074074074073,0.42592592592592593,0.7291174530982971
PU-G,7,0.4,0.0,55,3000,0,59,317,376,0.1465295035741292,0.06920000000000004,0.4944859169772826,0,0,56,0.23728813559322035,0.4067796610169492,0.7580433487892151
PU-G,7,0.4,0.0,60,3000,0,64,334,398,0.154396666737739,0.062100000000000044,0.5416529169888236,0,0,61,0.28125,0.4375,0.7442294359207153
PU-G,7,0.4,0.0,65,3000,0,69,344,413,0.15974830387858674,0.07809999999999995,0.5977127919904888,0,0,66,0.3188405797101449,0.463768115942029,0.7724058628082275
PU-G,7,0.4,0.0,70,3000,0,74,360,434,0.16722474165726453,0.07320000000000004,0.6582134999916889,0,0,71,0.3108108108108108,0.47297297297297297,0.7582963705062866
PU-G,7,0.4,0.0,75,3000,0,79,349,428,0.16509044979466125,0.08289999999999997,0.720657333964482,0,0,76,0.31645569620253167,0.46835443037974683,0.776542067527771
PU-G,7,0.4,0.0,80,3000,0,84,367,451,0.17326421377947554,0.07679999999999998,0.7862728749751113,0,0,81,0.32142857142857145,0.47619047619047616,0.765152633190155
PU-G,7,0.4,0.0,85,3000,0,89,360,449,0.17255426640622318,0.08730000000000004,0.8477669999701902,0,0,86,0.33707865168539325,0.48314606741573035,0.780856728553772
PU-G,7,0.4,0.0,90,3000,0,94,354,448,0.1721992355887778,0.07530000000000003,0.9197294999612495,0,0,91,0.3404255319148936,0.4787234042553192,0.7744370698928833
PU-G,7,0.4,0.0,95,3000,0,99,391,490,0.1870787946972996,0.09460000000000002,0.9892760840011761,0,0,96,0.3434343434343434,0.47474747474747475,0.7863214015960693
PU-G,7,0.4,0.0,100,3000,0,104,342,446,0.17148905905196443,0.07210000000000005,1.0750793750048615,0,0,101,0.33653846153846156,0.46153846153846156,0.7706735730171204
PU-G,7,0.4,0.0,105,3000,0,109,363,472,0.1807096485281363,0.08720000000000006,1.1341924169682898,0,0,106,0.3486238532110092,0.46788990825688076,0.7760149836540222
PU-G,7,0.4,0.0,110,3000,0,114,328,442,0.17006824392592534,0.07030000000000003,1.2078794999979436,0,0,111,0.34210526315789475,0.45614035087719296,0.7624989748001099
PU-G,7,0.4,0.0,115,3000,0,119,353,472,0.1807096485281363,0.08040000000000003,1.2758909589610994,0,0,116,0.3445378151260504,0.453781512605042,0.7624533176422119
PU-G,7,0.4,0.0,120,3000,0,124,304,428,0.16509044979466125,0.06440000000000001,1.3403865000000224,0,0,121,0.3387096774193548,0.4435483870967742,0.7552943229675293
PU-G,7,0.4,0.0,125,3000,0,129,339,468,0.17929271882167086,0.07820000000000005,1.4032951669651084,0,0,126,0.32558139534883723,0.43410852713178294,0.737210750579834
PU-G,7,0.4,0.0,130,3000,0,134,306,440,0.16935760364867747,0.06769999999999998,1.4796446249820292,0,0,131,0.31343283582089554,0.4253731343283582,0.7550595998764038
PU-G,7,0.4,0.0,135,3000,0,139,269,408,0.15796550025697798,0.05820000000000003,1.5461746249930002,0,0,136,0.30935251798561153,0.4244604316546763,0.6987332701683044
PU-G,7,0.4,0.0,140,3000,0,144,273,417,0.16117378696799278,0.06779999999999997,1.6066995000001043,0,0,141,0.2986111111111111,0.4236111111111111,0.7030876874923706
PU-G,7,0.4,0.0,145,3000,0,149,269,418,0.16153005324304104,0.06259999999999999,1.6663376669748686,0,0,146,0.28859060402684567,0.4228187919463087,0.6592862606048584
PU-G,7,0.4,0.0,150,3000,0,154,261,415,0.1604611292714253,0.06499999999999995,1.726587999961339,0,0,151,0.2857142857142857,0.4155844155844156,0.6173388361930847
PU-G,7,0.4,0.0,155,3000,0,159,277,436,0.16793585335835814,0.06589999999999996,1.78646262496477,0,0,156,0.27672955974842767,0.41509433962264153,0.6181583404541016
PU-G,7,0.4,0.0,160,3000,0,164,168,332,0.13072461553383619,0.028000000000000025,1.838525999977719,0,0,161,0.2682926829268293,0.4146341463414634,0.5971384644508362
PU-G,7,0.4,0.0,165,3000,0,169,264,433,0.16686912631848827,0.06040000000000001,1.8874576250091195,0,0,166,0.2603550295857988,0.40828402366863903,0.604133665561676
PU-G,7,0.4,0.0,170,3000,0,174,177,351,0.1375616251025349,0.04800000000000004,1.9419379999744706,0,0,171,0.25862068965517243,0.40804597701149425,0.5880299806594849
PU-G,7,0.4,0.0,175,3000,0,179,226,405,0.15689530549570918,0.049000000000000044,1.9991378340055235,0,0,176,0.25139664804469275,0.4022346368715084,0.5382919311523438
PU-G,7,0.4,0.0,180,3000,0,184,156,340,0.1336057098233141,0.03510000000000002,2.0574848749674857,0,0,181,0.25,0.3967391304347826,0.558133602142334
PU-G,7,0.4,0.0,185,3000,0,189,219,408,0.15796550025697798,0.05030000000000001,2.107873249973636,0,0,186,0.24338624338624337,0.3862433862433862,0.528759241104126
PU-G,7,0.4,0.0,190,3000,0,194,125,319,0.12603523599682376,0.032299999999999995,2.169694999989588,0,0,191,0.23711340206185566,0.38144329896907214,0.531288206577301
PU-G,7,0.4,0.0,195,3000,0,199,147,346,0.13576427032239735,0.034399999999999986,2.222870208963286,0,0,196,0.23618090452261306,0.3768844221105528,0.5371796488761902
PU-G,7,0.4,0.0,200,3000,0,204,142,346,0.13576427032239735,0.02629999999999999,2.273586166964378,0,0,201,0.23529411764705882,0.37254901960784315,0.5768117308616638
PU-G,7,0.4,0.0,205,3000,0,209,142,351,0.1375616251025349,0.03469999999999995,2.316304333973676,0,0,206,0.23923444976076555,0.37799043062200954,0.5995081067085266
PU-G,7,0.4,0.0,210,3000,0,214,105,319,0.12603523599682376,0.030100000000000016,2.3575533339753747,0,0,211,0.2383177570093458,0.37850467289719625,0.5912870168685913
PU-G,7,0.4,0.0,215,3000,0,219,116,335,0.13180543505586684,0.025399999999999978,2.4013575419667177,0,0,216,0.2420091324200913,0.3789954337899543,0.5861788392066956
PU-G,7,0.4,0.0,220,3000,0,224,110,334,0.13144521688809618,0.031100000000000017,2.449018375016749,0,0,221,0.23660714285714285,0.375,0.5769453048706055
PU-G,7,0.4,0.0,225,3000,0,229,118,347,0.13612384552834556,0.017900000000000027,2.5065817089634947,0,0,226,0.2314410480349345,0.37117903930131,0.5854485630989075
PU-G,7,0.4,0.0,230,3000,0,234,119,353,0.13828020473010838,0.023399999999999976,2.5686875419924036,0,0,231,0.23076923076923078,0.3717948717948718,0.5607683062553406
PU-G,7,0.4,0.0,235,3000,0,239,126,365,0.14258743188111112,0.02639999999999998,2.617673625005409,0,0,236,0.22594142259414227,0.3682008368200837,0.5708574056625366
PU-G,7,0.4,0.0,240,3000,0,244,86,330,0.13000379299046472,0.019000000000000017,2.6639868749771267,0,0,241,0.22131147540983606,0.36065573770491804,0.5407610535621643
PU-G,7,0.4,0.0,245,3000,0,249,117,366,0.1429460442159325,0.02200000000000002,2.702616083959583,0,0,246,0.22088353413654618,0.357429718875502,0.553344190120697
PU-G,7,0.4,0.0,250,3000,0,254,117,371,0.14473837532568723,0.014800000000000035,2.743869208963588,0,0,251,0.2204724409448819,0.3543307086614173,0.5585960745811462
PU-G,7,0.4,0.0,255,3000,0,259,87,346,0.13576427032239735,0.021499999999999964,2.7849132500123233,0,0,256,0.22007722007722008,0.3552123552123552,0.5553220510482788
PU-G,7,0.4,0.0,260,3000,0,264,137,401,0.15546777396230027,0.019399999999999973,2.828164708975237,0,0,261,0.2159090909090909,0.3484848484848485,0.5592854022979736
PU-G,7,0.4,0.0,265,3000,0,269,115,384,0.1493928559939377,0.021299999999999986,2.8761096249800175,0,0,266,0.21933085501858737,0.34944237918215615,0.5341858863830566
PU-G,7,0.4,0.0,270,3000,0,274,93,367,0.1433046076563187,0.013900000000000023,2.923676333972253,0,0,271,0.22262773722627738,0.35036496350364965,0.5262048244476318
PU-G,7,0.4,0.0,275,3000,0,279,97,376,0.1465295035741292,0.014499999999999957,2.9744108750019222,0,0,276,0.23297491039426524,0.35842293906810035,0.5181125402450562
PU-G,7,0.4,0.0,280,3000,0,284,97,381,0.1483194487518631,0.022299999999999986,3.02013049996458,0,0,281,0.23943661971830985,0.3626760563380282,0.5121622681617737
PU-G,7,0.4,0.0,285,3000,0,289,86,375,0.14617137319874018,0.014900000000000024,3.0669277500128374,0,0,286,0.24567474048442905,0.370242214532872,0.5275939702987671
PU-G,7,0.4,0.0,290,3000,0,294,68,362,0.14151129947276786,0.018199999999999994,3.124268999963533,0,0,291,0.25170068027210885,0.3741496598639456,0.49732381105422974
PU-G,7,0.4,0.0,295,3000,0,299,79,378,0.14724562253104523,0.014800000000000035,3.172493083984591,0,0,296,0.25752508361204013,0.3779264214046823,0.502497136592865
PU-G,7,0.4,0.0,300,3000,0,304,65,369,0.14402158837765455,0.018100000000000005,3.2117175000021234,0,0,301,0.2631578947368421,0.3815789473684211,0.4812917113304138
PU-G,7,0.4,0.0,305,3000,0,309,64,373,0.14545496983919293,0.01739999999999997,3.2510020839981735,0,0,306,0.26537216828478966,0.3851132686084142,0.4644591808319092
PU-G,7,0.4,0.0,310,3000,0,314,64,378,0.14724562253104523,0.019000000000000017,3.2929434590041637,0,0,311,0.27388535031847133,0.39490445859872614,0.46912679076194763
PU-G,7,0.4,0.0,315,3000,0,319,67,386,0.15010823006741703,0.018399999999999972,3.335860083985608,0,0,316,0.28213166144200624,0.4012539184952978,0.4400234520435333
PU-G,7,0.4,0.0,320,3000,0,324,46,370,0.14438000600785017,0.017100000000000004,3.37392899999395,0,0,321,0.2839506172839506,0.4012345679012346,0.43611833453178406
PU-G,7,0.4,0.0,325,3000,0,329,50,379,0.14760361140361056,0.02080000000000004,3.4203425419982523,0,0,326,0.2917933130699088,0.41033434650455924,0.437747597694397
PU-G,7,0.4,0.0,330,3000,0,334,43,377,0.14688758662668988,0.02200000000000002,3.4746516249724664,0,0,331,0.2934131736526946,0.4101796407185629,0.429057776927948
PU-G,7,0.4,0.0,335,3000,0,339,46,385,0.1497505659935996,0.018000000000000016,3.519194249995053,0,0,336,0.2920353982300885,0.40707964601769914,0.43537041544914246
PU-G,7,0.4,0.0,340,3000,0,344,54,398,0.154396666737739,0.023299999999999987,3.560109417012427,0,0,341,0.2936046511627907,0.40988372093023256,0.43525582551956177
PU-G,7,0.4,0.0,345,3000,0,349,65,414,0.16010473761707544,0.035499999999999976,3.6043794169672765,0,0,346,0.2922636103151863,0.4068767908309456,0.43432286381721497
PU-G,7,0.4,0.0,350,3000,0,354,42,396,0.15368237491929904,0.017199999999999993,3.649779499974102,0,0,351,0.2909604519774011,0.403954802259887,0.4208698272705078
PU-G,7,0.4,0.0,355,3000,0,359,50,409,0.15832214610418305,0.015199999999999991,3.6891562920063734,0,0,356,0.2924791086350975,0.403899721448468,0.4348899722099304
PU-G,7,0.4,0.0,360,3000,0,364,36,400,0.15511078212875873,0.01739999999999997,3.7390401670127176,0,0,361,0.29395604395604397,0.40384615384615385,0.4126443564891815
PU-G,7,0.4,0.0,365,3000,0,369,37,406,0.1572520800982602,0.021599999999999953,3.77889304200653,0,0,366,0.2981029810298103,0.4065040650406504,0.407552570104599
PU-G,7,0.4,0.0,370,3000,0,374,52,426,0.16437869728542864,0.032200000000000006,3.8179358749766834,0,0,371,0.2994652406417112,0.40641711229946526,0.4103025794029236
PU-G,7,0.4,0.0,375,3000,0,379,31,410,0.158678749226965,0.013299999999999979,3.85425083397422,0,0,376,0.29815303430079154,0.40897097625329815,0.3906342089176178
PU-G,7,0.4,0.0,380,3000,0,384,20,404,0.15653848770307377,0.016900000000000026,3.8904170420137234,0,0,381,0.3046875,0.4166666666666667,0.4000946283340454
PU-G,7,0.4,0.0,385,3000,0,389,56,445,0.1711339132161811,0.03710000000000002,3.9338409999618307,0,0,386,0.30848329048843187,0.4190231362467866,0.38056960701942444
PU-G,7,0.4,0.0,390,3000,0,394,47,441,0.16971294325776398,0.019299999999999984,3.975967291975394,0,0,391,0.30710659898477155,0.41878172588832485,0.369545578956604
PU-G,7,0.4,0.0,395,3000,0,399,28,427,0.16473459382541478,0.023599999999999954,4.016244541970082,0,0,396,0.3107769423558897,0.42105263157894735,0.3745700716972351
PU-G,7,0.4,0.0,400,3000,0,404,21,425,0.16402276017470285,0.012299999999999978,4.065178708988242,0,0,401,0.31435643564356436,0.42574257425742573,0.379690557718277
PU-G,7,0.4,0.0,405,3000,0,409,39,448,0.1721992355887778,0.03320000000000001,4.118321334011853,0,0,406,0.3202933985330073,0.43276283618581907,0.3673086166381836
PU-G,7,0.4,0.0,410,3000,0,414,16,430,0.16580204077763483,0.02059999999999995,4.162780291982926,0,0,411,0.3188405797101449,0.4323671497584541,0.36823102831840515
PU-G,7,0.4,0.0,415,3000,0,419,49,468,0.17929271882167086,0.03969999999999996,4.206392041989602,0,0,416,0.3198090692124105,0.4343675417661098,0.36344006657600403
PU-G,7,0.4,0.0,420,3000,0,424,47,471,0.18035547027830034,0.039000000000000035,4.287196249992121,0,0,421,0.3231132075471698,0.4363207547169811,0.36804071068763733
PU-G,7,0.4,0.0,425,3000,0,429,10,439,0.16900222492404282,0.016100000000000003,4.331442374968901,0,0,426,0.32867132867132864,0.4428904428904429,0.37042921781539917
PU-G,7,0.4,0.0,430,3000,0,434,10,444,0.17077872878871858,0.021700000000000053,4.382080708979629,0,0,431,0.3294930875576037,0.4423963133640553,0.3783997595310211
PU-G,7,0.4,0.0,435,3000,0,439,50,489,0.18672525027068332,0.02639999999999998,4.429655624961015,0,0,436,0.3325740318906606,0.44419134396355353,0.38099056482315063
PU-G,7,0.4,0.0,440,3000,0,444,23,467,0.17893839586758986,0.02080000000000004,4.468300417007413,0,0,441,0.3333333333333333,0.4436936936936937,0.3688982427120209
PU-G,7,0.4,0.0,445,3000,0,449,6,455,0.1746836540987715,0.028800000000000048,4.507031499990262,0,0,446,0.32962138084632514,0.43875278396436523,0.3673541247844696
PU-G,7,0.4,0.0,448,3000,0,452,0,452,0.17361913050990552,0.02080000000000004,4.53551245899871,1,0,449,0.32964601769911506,0.43805309734513276,0.3718424439430237
MaxLoss,8,0.0,0.0,0,3000,0,4,1450,1454,0.517501994560007,0.513,0.015498708002269268,0,0,1,0.0,0.25,0.4415312707424164
MaxLoss,8,0.0,0.0,5,3000,0,9,420,429,0.16544626542599872,0.09130000000000005,0.03674229100579396,0,0,6,0.0,0.1111111111111111,0.7601271271705627
MaxLoss,8,0.0,0.0,10,3000,0,14,254,268,0.10753806261345744,0.07420000000000004,0.062078458024188876,0,0,11,0.0,0.07142857142857142,0.6943017840385437
MaxLoss,8,0.0,0.0,15,3000,0,19,411,430,0.16580204077763483,0.09819999999999995,0.08466208301251754,0,0,16,0.0,0.05263157894736842,0.844552755355835
MaxLoss,8,0.0,0.0,20,3000,0,24,208,232,0.09436902083689347,0.06059999999999999,0.10680716601200402,0,0,21,0.0,0.041666666666666664,0.7470754981040955
MaxLoss,8,0.0,0.0,25,3000,0,29,363,392,0.15225325751816854,0.08240000000000003,0.12937129102647305,0,0,26,0.0,0.034482758620689655,0.8850311040878296
MaxLoss,8,0.0,0.0,30,3000,0,34,183,217,0.08884938451228663,0.053100000000000036,0.1512064579874277,0,0,31,0.0,0.058823529411764705,0.8151095509529114
MaxLoss,8,0.0,0.0,35,3000,0,39,302,341,0.1339656029595062,0.06969999999999998,0.17266441602259874,0,0,36,0.0,0.07692307692307693,0.8987202644348145
MaxLoss,8,0.0,0.0,40,3000,0,44,153,197,0.0814557047560811,0.047599999999999976,0.19362979102879763,0,0,41,0.0,0.11363636363636363,0.854055643081665
MaxLoss,8,0.0,0.0,45,3000,0,49,253,302,0.11988804023712873,0.06040000000000001,0.21678179100854322,0,0,46,0.0,0.10204081632653061,0.9040495157241821
MaxLoss,8,0.0,0.0,50,3000,0,54,114,168,0.0706548429443501,0.04169999999999996,0.22659054101677611,0,0,51,0.0,0.09259259259259259,0.8603397607803345
MaxLoss,8,0.0,0.0,55,3000,0,59,208,267,0.10717361565912142,0.05259999999999998,0.2337470410275273,0,0,56,0.0,0.0847457627118644,0.9021860957145691
MaxLoss,8,0.0,0.0,60,3000,0,64,85,149,0.06351755058858544,0.0383,0.2409847910166718,0,0,61,0.0,0.078125,0.8606181740760803
MaxLoss,8,0.0,0.0,65,3000,0,69,191,260,0.10462041496066377,0.04820000000000002,0.24823949998244643,0,0,66,0.0,0.07246376811594203,0.9077591896057129
MaxLoss,8,0.0,0.0,70,3000,0,74,60,134,0.0578422054531984,0.034499999999999975,0.25567241600947455,0,0,71,0.0,0.08108108108108109,0.8674038648605347
MaxLoss,8,0.0,0.0,75,3000,0,79,164,243,0.09840403276029974,0.04379999999999995,0.264076333027333,0,0,76,0.0,0.08860759493670886,0.9055284261703491
MaxLoss,8,0.0,0.0,80,3000,0,84,46,130,0.056321956391911954,0.03210000000000002,0.27129866601899266,0,0,81,0.0,0.08333333333333333,0.8698465824127197
MaxLoss,8,0.0,0.0,85,3000,0,89,140,229,0.09326673817122355,0.040200000000000014,0.278631083026994,0,0,86,0.0,0.07865168539325842,0.905170738697052
MaxLoss,8,0.0,0.0,90,3000,0,94,25,119,0.052124831709079444,0.028299999999999992,0.2859660829999484,0,0,91,0.0,0.07446808510638298,0.8732136487960815
MaxLoss,8,0.0,0.0,95,3000,0,99,116,215,0.08811183564830571,0.03649999999999998,0.2962199579924345,0,0,96,0.0,0.0707070707070707,0.90510493516922
MaxLoss,8,0.0,0.0,100,3000,0,104,8,112,0.04944029700709507,0.0232,0.30470145802246407,0,0,101,0.0,0.0673076923076923,0.8723248243331909
MaxLoss,8,0.0,0.0,105,3000,0,109,85,194,0.08034300222061574,0.03249999999999997,0.31475404102820903,0,0,106,0.0,0.06422018348623854,0.9032593965530396
MaxLoss,8,0.0,0.0,108,3000,0,112,0,112,0.04944029700709507,0.01959999999999995,0.32116904098074883,1,0,109,0.0,0.0625,0.8690922856330872
PU-C,8,0.0,0.0,0,3000,0,4,1368,1372,0.4900123098632321,0.4738,0.005182499997317791,0,0,1,0.0,0.25,0.5899209976196289
PU-C,8,0.0,0.0,5,3000,0,9,300,309,0.12242135201813653,0.06779999999999997,0.019193250045645982,0,0,6,0.0,0.1111111111111111,0.66404128074646
PU-C,8,0.0,0.0,10,3000,0,14,274,288,0.11481214291416109,0.07889999999999997,0.0317629580385983,0,0,11,0.0,0.07142857142857142,0.6987782716751099
PU-C,8,0.0,0.0,15,3000,0,19,262,281,0.11226936377352104,0.06299999999999994,0.04410570801701397,0,0,16,0.0,0.05263157894736842,0.7660991549491882
PU-C,8,0.0,0.0,20,3000,0,24,320,344,0.13504496222594753,0.08509999999999995,0.0553484580013901,0,0,21,0.0,0.041666666666666664,0.7571030259132385
PU-C,8,0.0,0.0,25,3000,0,29,206,235,0.09547050960827619,0.050000000000000044,0.06647066702134907,0,0,26,0.0,0.034482758620689655,0.7899523973464966
PU-C,8,0.0,0.0,30,3000,0,34,174,208,0.08552730636438355,0.054300000000000015,0.07745116704609245,0,0,31,0.0,0.058823529411764705,0.7823154330253601
PU-C,8,0.0,0.0,35,3000,0,39,220,259,0.10425537155242637,0.055300000000000016,0.08845787501195446,0,0,36,0.0,0.05128205128205128,0.8271698355674744
PU-C,8,0.0,0.0,40,3000,0,44,126,170,0.07140313135460019,0.04249999999999998,0.09939487499650568,0,0,41,0.0,0.06818181818181818,0.7983794808387756
PU-C,8,0.0,0.0,45,3000,0,49,180,229,0.09326673817122355,0.047900000000000054,0.110501250019297,0,0,46,0.0,0.061224489795918366,0.8265951871871948
PU-C,8,0.0,0.0,50,3000,0,54,80,134,0.0578422054531984,0.03539999999999999,0.1216976250289008,0,0,51,0.0,0.07407407407407407,0.8035646677017212
PU-C,8,0.0,0.0,55,3000,0,59,150,209,0.08589682588353753,0.042100000000000026,0.13264820800395682,0,0,56,0.0,0.06779661016949153,0.8167383670806885
PU-C,8,0.0,0.0,60,3000,0,64,47,111,0.049055859562940896,0.02980000000000005,0.14367670804494992,0,0,61,0.0,0.078125,0.8008273839950562
PU-C,8,0.0,0.0,65,3000,0,69,75,144,0.06163005332928151,0.02969999999999995,0.15446995804086328,0,0,66,0.0,0.07246376811594203,0.8034303784370422
PU-C,8,0.0,0.0,70,3000,0,74,26,100,0.044810371415223926,0.026800000000000046,0.1655791670200415,0,0,71,0.0,0.06756756756756757,0.8007009625434875
PU-C,8,0.0,0.0,75,3000,0,79,51,130,0.056321956391911954,0.023399999999999976,0.17637804202968255,0,0,76,0.0,0.06329113924050633,0.8153471350669861
PU-C,8,0.0,0.0,80,3000,0,84,19,103,0.04597138526150957,0.024599999999999955,0.18694050004705787,0,0,81,0.0,0.05952380952380952,0.8094027042388916
PU-C,8,0.0,0.0,85,3000,0,89,35,124,0.054035715002100915,0.020499999999999963,0.19737383304163814,0,0,86,0.0,0.056179775280898875,0.8164052367210388
PU-C,8,0.0,0.0,90,3000,0,94,7,101,0.04519765079021454,0.021399999999999975,0.20831866702064872,0,0,91,0.0,0.05319148936170213,0.8127378225326538
PU-C,8,0.0,0.0,95,3000,0,99,13,112,0.04944029700709507,0.016599999999999948,0.21883012499893084,0,0,96,0.0,0.050505050505050504,0.8183821439743042
PU-C,8,0.0,0.0,98,3000,0,102,0,102,0.0455846541444771,0.019399999999999973,0.2260477080126293,1,0,99,0.0,0.049019607843137254,0.8123669028282166
PU-F,8,0.0,0.0,0,3000,0,4,976,980,0.357177481171675,0.33340000000000003,0.0054010829771868885,0,0,1,0.0,0.25,0.4588588774204254
PU-F,8,0.0,0.0,5,3000,0,9,428,437,0.16829134989529848,0.10809999999999997,0.041828291956335306,0,0,6,0.0,0.1111111111111111,0.5820949077606201
PU-F,8,0.0,0.0,10,3000,0,14,400,414,0.16010473761707544,0.09340000000000004,0.06548766698688269,0,0,11,0.0,0.07142857142857142,0.7582868933677673
PU-F,8,0.0,0.0,15,3000,0,19,264,283,0.11299621011130512,0.07210000000000005,0.0883119169739075,0,0,16,0.0,0.05263157894736842,0.652348518371582
PU-F,8,0.0,0.0,20,3000,0,24,228,252,0.10169791040243581,0.061000000000000054,0.10939699999289587,0,0,21,0.0,0.041666666666666664,0.7708356380462646
PU-F,8,0.0,0.0,25,3000,0,29,220,249,0.10060067794984207,0.06420000000000003,0.1306524999672547,0,0,26,0.0,0.034482758620689655,0.6956303715705872
PU-F,8,0.0,0.0,30,3000,0,34,187,221,0.09032332972856238,0.05469999999999997,0.14970899996114895,0,0,31,0.0,0.029411764705882353,0.7923120856285095
PU-F,8,0.0,0.0,35,3000,0,39,155,194,0.08034300222061574,0.052000000000000046,0.16760912496829405,0,0,36,0.0,0.05128205128205128,0.6889232397079468
PU-F,8,0.0,0.0,40,3000,0,44,159,203,0.08367816428653896,0.04459999999999997,0.1845241249538958,0,0,41,0.0,0.045454545454545456,0.7799436450004578
PU-F,8,0.0,0.0,45,3000,0,49,130,179,0.07476390816736966,0.04590000000000005,0.20101641700603068,0,0,46,0.0,0.04081632653061224,0.7098153233528137
PU-F,8,0.0,0.0,50,3000,0,54,121,175,0.07327152288053185,0.035499999999999976,0.2168610419612378,0,0,51,0.0,0.05555555555555555,0.7958365678787231
PU-F,8,0.0,0.0,55,3000,0,59,113,172,0.07215088309021667,0.04249999999999998,0.2327979999827221,0,0,56,0.0,0.06779661016949153,0.722576916217804
PU-F,8,0.0,0.0,60,3000,0,64,96,160,0.06765614327741787,0.031100000000000017,0.24794524995377287,0,0,61,0.0,0.0625,0.8174439668655396
PU-F,8,0.0,0.0,65,3000,0,69,95,164,0.0691566207096912,0.04190000000000005,0.262797707982827,0,0,66,0.0,0.08695652173913043,0.7402794361114502
PU-F,8,0.0,0.0,70,3000,0,74,64,138,0.059359475679229945,0.0232,0.2760442500002682,0,0,71,0.0,0.08108108108108109,0.8216336369514465
PU-F,8,0.0,0.0,75,3000,0,79,88,167,0.07028049475047737,0.0403,0.28825945797143504,0,0,76,0.0,0.0759493670886076,0.7568486332893372
PU-F,8,0.0,0.0,80,3000,0,84,49,133,0.05746242729946971,0.02059999999999995,0.30031845800112933,0,0,81,0.0,0.07142857142857142,0.8325486779212952
PU-F,8,0.0,0.0,85,3000,0,89,72,161,0.0680314782075584,0.03720000000000001,0.3118570419610478,0,0,86,0.0,0.07865168539325842,0.7766560912132263
PU-F,8,0.0,0.0,90,3000,0,94,31,125,0.05441726028220728,0.01759999999999995,0.3234481669496745,0,0,91,0.0,0.07446808510638298,0.8404838442802429
PU-F,8,0.0,0.0,95,3000,0,99,47,146,0.062385546683799475,0.032399999999999984,0.33578187495004386,0,0,96,0.0,0.0707070707070707,0.7829039692878723
PU-F,8,0.0,0.0,100,3000,0,104,15,119,0.052124831709079444,0.012499999999999956,0.3478102079825476,0,0,101,0.0,0.08653846153846154,0.8401457667350769
PU-F,8,0.0,0.0,105,3000,0,109,30,139,0.05973834189353511,0.028200000000000003,0.35937879199627787,0,0,106,0.0,0.10091743119266056,0.7952654957771301
PU-F,8,0.0,0.0,110,3000,0,114,9,123,0.053653962444514036,0.011800000000000033,0.37084787496132776,0,0,111,0.0,0.09649122807017543,0.8381409645080566
PU-F,8,0.0,0.0,115,3000,0,119,18,137,0.05898043076740578,0.02410000000000001,0.3825297079747543,0,0,116,0.0,0.09243697478991597,0.8026273250579834
PU-F,8,0.0,0.0,120,3000,0,124,1,125,0.05441726028220728,0.011499999999999955,0.39404554199427366,0,0,121,0.0,0.08870967741935484,0.8346225023269653
PU-F,8,0.0,0.0,122,3000,0,126,0,126,0.05479860055493191,0.011600000000000055,0.399891207984183,1,0,123,0.0,0.0873015873015873,0.832744836807251
PU-G,8,0.0,0.0,0,3000,0,4,982,986,0.3592294435366057,0.3218,0.005542917002458125,0,0,1,0.0,0.25,0.437124639749527
PU-G,8,0.0,0.0,5,3000,0,9,378,387,0.15046584833180532,0.11099999999999999,0.04905825003515929,0,0,6,0.0,0.1111111111111111,0.5926197171211243
PU-G,8,0.0,0.0,10,3000,0,14,340,354,0.13863941765157506,0.0857,0.07354466704418883,0,0,11,0.0,0.07142857142857142,0.6133310198783875
PU-G,8,0.0,0.0,15,3000,0,19,183,202,0.08330802217824385,0.03649999999999998,0.0968250420410186,0,0,16,0.0,0.05263157894736842,0.6767808198928833
PU-G,8,0.0,0.0,20,3000,0,24,271,295,0.11735166853759438,0.06110000000000004,0.11746075004339218,0,0,21,0.0,0.041666666666666664,0.6522732973098755
PU-G,8,0.0,0.0,25,3000,0,29,204,233,0.09473627130500972,0.04490000000000005,0.13945204199990258,0,0,26,0.0,0.06896551724137931,0.7006715536117554
PU-G,8,0.0,0.0,30,3000,0,34,40,74,0.03462917119031772,0.014100000000000001,0.15864091704133898,0,0,31,0.0,0.058823529411764705,0.7585928440093994
PU-G,8,0.0,0.0,35,3000,0,39,115,154,0.06540102750295773,0.03300000000000003,0.17275487503502518,0,0,36,0.0,0.05128205128205128,0.7467931509017944
PU-G,8,0.0,0.0,40,3000,0,44,71,115,0.05059218790847808,0.022700000000000053,0.18674962501972914,0,0,41,0.0,0.06818181818181818,0.7916392683982849
PU-G,8,0.0,0.0,45,3000,0,49,69,118,0.05174200655892491,0.024399999999999977,0.2004754170193337,0,0,46,0.0,0.08163265306122448,0.7259385585784912
PU-G,8,0.0,0.0,50,3000,0,54,55,109,0.048286255972925574,0.019499999999999962,0.2136450830148533,0,0,51,0.0,0.07407407407407407,0.77253258228302
PU-G,8,0.0,0.0,55,3000,0,59,43,102,0.0455846541444771,0.020199999999999996,0.2263789580320008,0,0,56,0.0,0.0847457627118644,0.7411045432090759
PU-G,8,0.0,0.0,60,3000,0,64,46,110,0.048671180207747966,0.016700000000000048,0.24039074999745935,0,0,61,0.0,0.09375,0.7784791588783264
PU-G,8,0.0,0.0,65,3000,0,69,33,102,0.0455846541444771,0.017199999999999993,0.253181875043083,0,0,66,0.0,0.10144927536231885,0.7459440231323242
PU-G,8,0.0,0.0,70,3000,0,74,34,108,0.04790108359884471,0.012499999999999956,0.2650660829967819,0,0,71,0.0,0.0945945945945946,0.7737625241279602
PU-G,8,0.0,0.0,75,3000,0,79,7,86,0.03935711795929819,0.011199999999999988,0.27790395804913715,0,0,76,0.0,0.08860759493670886,0.7747650146484375
PU-G,8,0.0,0.0,80,3000,0,84,79,163,0.06878171575954184,0.024800000000000044,0.2884867080138065,0,0,81,0.0,0.08333333333333333,0.7860917448997498
PU-G,8,0.0,0.0,85,3000,0,89,2,91,0.04131176363443956,0.010399999999999965,0.29958579200319946,0,0,86,0.0,0.0898876404494382,0.7801690697669983
PU-G,8,0.0,0.0,89,3000,0,93,0,93,0.04209134931443259,0.009700000000000042,0.31018854200374335,1,0,90,0.0,0.0967741935483871,0.7814072370529175
MaxLoss,8,0.4,0.0,0,3000,0,4,503,507,0.1930838503758423,0.11750000000000005,0.004838082997594029,0,0,1,0.0,0.0,0.5836237072944641
MaxLoss,8,0.4,0.0,5,3000,0,9,511,520,0.19766947941388935,0.13170000000000004,0.013730832957662642,0,0,6,0.5555555555555556,0.5555555555555556,0.6566355228424072
MaxLoss,8,0.4,0.0,10,3000,0,14,615,629,0.23591775394743308,0.16910000000000003,0.02231612498871982,0,0,11,0.5,0.5,0.7097792625427246
MaxLoss,8,0.4,0.0,15,3000,0,19,523,542,0.20541747816605493,0.12619999999999998,0.030867166991811246,0,0,16,0.47368421052631576,0.47368421052631576,0.6555006504058838
MaxLoss,8,0.4,0.0,20,3000,0,24,541,565,0.2135017917607911,0.1442,0.03948208299698308,0,0,21,0.4166666666666667,0.4166666666666667,0.7320631146430969
MaxLoss,8,0.4,0.0,25,3000,0,29,638,667,0.2491758615942672,0.16949999999999998,0.048374291975051165,0,0,26,0.3793103448275862,0.41379310344827586,0.6746653914451599
MaxLoss,8,0.4,0.0,30,3000,0,34,614,648,0.2425513718626462,0.17379999999999995,0.05737112497445196,0,0,31,0.3235294117647059,0.35294117647058826,0.7846958041191101
MaxLoss,8,0.4,0.0,35,3000,0,39,684,723,0.2686500548152253,0.17459999999999998,0.0660626669996418,0,0,36,0.3076923076923077,0.3333333333333333,0.6969004273414612
MaxLoss,8,0.4,0.0,40,3000,0,44,607,651,0.24359794368501753,0.17279999999999995,0.07479033299023286,0,0,41,0.36363636363636365,0.38636363636363635,0.7917932271957397
MaxLoss,8,0.4,0.0,45,3000,0,49,648,697,0.25961764075327665,0.1713,0.08437716698972508,0,0,46,0.3469387755102041,0.3877551020408163,0.7213550209999084
MaxLoss,8,0.4,0.0,50,3000,0,54,599,653,0.24429553234949708,0.1723,0.09315954195335507,0,0,51,0.37037037037037035,0.4074074074074074,0.80955570936203
MaxLoss,8,0.4,0.0,55,3000,0,59,628,687,0.2561394412186928,0.1624,0.10301670798799023,0,0,56,0.3728813559322034,0.423728813559322,0.7697418332099915
MaxLoss,8,0.4,0.0,60,3000,0,64,596,660,0.24673630471806973,0.1723,0.11199558299267665,0,0,61,0.375,0.421875,0.8295878171920776
MaxLoss,8,0.4,0.0,65,3000,0,69,591,660,0.24673630471806973,0.15580000000000005,0.12099470797693357,0,0,66,0.37681159420289856,0.42028985507246375,0.8002431988716125
MaxLoss,8,0.4,0.0,70,3000,0,74,580,654,0.24464428902138025,0.16869999999999996,0.1300051249563694,0,0,71,0.3783783783783784,0.43243243243243246,0.8481963872909546
MaxLoss,8,0.4,0.0,75,3000,0,79,573,652,0.24394675059011206,0.15059999999999996,0.1388940829783678,0,0,76,0.3670886075949367,0.4430379746835443,0.8118974566459656
MaxLoss,8,0.4,0.0,80,3000,0,84,558,642,0.2404575445689261,0.16059999999999997,0.14789874997222796,0,0,81,0.36904761904761907,0.4523809523809524,0.8511061668395996
MaxLoss,8,0.4,0.0,85,3000,0,89,524,613,0.2303242579801008,0.13419999999999999,0.15678912500152364,0,0,86,0.34831460674157305,0.449438202247191,0.8160585165023804
MaxLoss,8,0.4,0.0,90,3000,0,94,523,617,0.23172326787607744,0.15049999999999997,0.1656230419757776,0,0,91,0.3617021276595745,0.46808510638297873,0.8411427140235901
MaxLoss,8,0.4,0.0,95,3000,0,99,501,600,0.22577449848176911,0.12960000000000005,0.17459241696633399,0,0,96,0.3434343434343434,0.46464646464646464,0.7914172410964966
MaxLoss,8,0.4,0.0,100,3000,0,104,509,613,0.2303242579801008,0.14470000000000005,0.18348166695795953,0,0,101,0.33653846153846156,0.46153846153846156,0.8163371682167053
MaxLoss,8,0.4,0.0,105,3000,0,109,482,591,0.22262195614166558,0.12390000000000001,0.19271229195874184,0,0,106,0.3486238532110092,0.46788990825688076,0.7710613012313843
MaxLoss,8,0.4,0.0,110,3000,0,114,465,579,0.21841504727490246,0.13339999999999996,0.20182933297473937,0,0,111,0.3684210526315789,0.4824561403508772,0.799197256565094
MaxLoss,8,0.4,0.0,115,3000,0,119,484,603,0.2268248504260555,0.1251,0.21099737496115267,0,0,116,0.3697478991596639,0.4789915966386555,0.7848235368728638
MaxLoss,8,0.4,0.0,120,3000,0,124,462,586,0.22086957044666633,0.134,0.22005399997578934,0,0,121,0.3790322580645161,0.5,0.7984680533409119
MaxLoss,8,0.4,0.0,125,3000,0,129,459,588,0.22157060878816992,0.12160000000000004,0.2293447499978356,0,0,126,0.3798449612403101,0.5116279069767442,0.804249107837677
MaxLoss,8,0.4,0.0,130,3000,0,134,395,529,0.20084095414495096,0.10470000000000002,0.24254045798443258,0,0,131,0.3656716417910448,0.5,0.7502889633178711
MaxLoss,8,0.4,0.0,135,3000,0,139,476,615,0.23102381633361802,0.14180000000000004,0.2554172499803826,0,0,136,0.3597122302158273,0.49640287769784175,0.8159766793251038
MaxLoss,8,0.4,0.0,140,3000,0,144,380,524,0.1990793421282433,0.11909999999999998,0.26899712497834116,0,0,141,0.3680555555555556,0.5,0.7999957799911499
MaxLoss,8,0.4,0.0,145,3000,0,149,409,558,0.2110430212924257,0.11080000000000001,0.28831845795502886,0,0,146,0.35570469798657717,0.4966442953020134,0.7720207571983337
MaxLoss,8,0.4,0.0,150,3000,0,154,437,591,0.22262195614166558,0.13090000000000002,0.30891166697256267,0,0,151,0.35064935064935066,0.487012987012987,0.7215714454650879
MaxLoss,8,0.4,0.0,155,3000,0,159,441,600,0.22577449848176911,0.12450000000000006,0.3288390419911593,0,0,156,0.3522012578616352,0.49056603773584906,0.6969813108444214
MaxLoss,8,0.4,0.0,160,3000,0,164,442,606,0.22787495696684346,0.11619999999999997,0.35105524997925386,0,0,161,0.34146341463414637,0.47560975609756095,0.6491901874542236
MaxLoss,8,0.4,0.0,165,3000,0,169,392,561,0.21209695702418685,0.11080000000000001,0.3730535419890657,0,0,166,0.33727810650887574,0.47337278106508873,0.619726300239563
MaxLoss,8,0.4,0.0,170,3000,0,174,351,525,0.19943172798957676,0.09219999999999995,0.39527074998477474,0,0,171,0.3275862068965517,0.46551724137931033,0.648155152797699
MaxLoss,8,0.4,0.0,175,3000,0,179,247,426,0.16437869728542864,0.07279999999999998,0.4202015419723466,0,0,176,0.329608938547486,0.46368715083798884,0.5592213273048401
MaxLoss,8,0.4,0.0,180,3000,0,184,341,525,0.19943172798957676,0.09389999999999998,0.44351670797914267,0,0,181,0.32608695652173914,0.46195652173913043,0.5059427618980408
MaxLoss,8,0.4,0.0,185,3000,0,189,243,432,0.16651347110746428,0.06589999999999996,0.47963187500135973,0,0,186,0.31746031746031744,0.4603174603174603,0.4815443754196167
MaxLoss,8,0.4,0.0,190,3000,0,194,382,576,0.21736268227687106,0.1089,0.5107226669788361,0,0,191,0.31958762886597936,0.4639175257731959,0.5167158246040344
MaxLoss,8,0.4,0.0,195,3000,0,199,228,427,0.16473459382541478,0.0625,0.5378395830048248,0,0,196,0.32160804020100503,0.46733668341708545,0.49666628241539
MaxLoss,8,0.4,0.0,200,3000,0,204,175,379,0.14760361140361056,0.04400000000000004,0.5623739580041729,0,0,201,0.31862745098039214,0.46568627450980393,0.5507029294967651
MaxLoss,8,0.4,0.0,205,3000,0,209,220,429,0.16544626542599872,0.06110000000000004,0.5842437499668449,0,0,206,0.3253588516746411,0.47368421052631576,0.5215932130813599
MaxLoss,8,0.4,0.0,210,3000,0,214,264,478,0.18283396633341908,0.0797,0.6056176249985583,0,0,211,0.3317757009345794,0.4766355140186916,0.437307745218277
MaxLoss,8,0.4,0.0,215,3000,0,219,290,509,0.1937896916642785,0.08740000000000003,0.6271463329903781,0,0,216,0.3424657534246575,0.4840182648401826,0.4721680283546448
MaxLoss,8,0.4,0.0,220,3000,0,224,245,469,0.1796470055123791,0.06399999999999995,0.6483367079636082,0,0,221,0.3392857142857143,0.47767857142857145,0.39028286933898926
MaxLoss,8,0.4,0.0,225,3000,0,229,273,502,0.19131866691168398,0.08040000000000003,0.6754971249611117,0,0,226,0.3406113537117904,0.4759825327510917,0.4296662509441376
MaxLoss,8,0.4,0.0,230,3000,0,234,241,475,0.18177196802571416,0.06820000000000004,0.7055153329856694,0,0,231,0.3418803418803419,0.47863247863247865,0.359784871339798
MaxLoss,8,0.4,0.0,235,3000,0,239,267,506,0.19273088016780093,0.09240000000000004,0.7337520419969223,0,0,236,0.3389121338912134,0.47280334728033474,0.3928089737892151
MaxLoss,8,0.4,0.0,240,3000,0,244,138,382,0.1486772975185886,0.04400000000000004,0.767011082964018,0,0,241,0.3442622950819672,0.47540983606557374,0.43992701172828674
MaxLoss,8,0.4,0.0,245,3000,0,249,148,397,0.15403954300563782,0.05410000000000004,0.7966266669682227,0,0,246,0.3413654618473896,0.46987951807228917,0.4532385468482971
MaxLoss,8,0.4,0.0,250,3000,0,254,193,447,0.17184416647069156,0.07099999999999995,0.8365317499847151,0,0,251,0.33858267716535434,0.4645669291338583,0.4859407842159271
MaxLoss,8,0.4,0.0,255,3000,0,259,169,428,0.16509044979466125,0.04949999999999999,0.8688300419598818,0,0,256,0.33976833976833976,0.4671814671814672,0.41395214200019836
MaxLoss,8,0.4,0.0,260,3000,0,264,228,492,0.18778578046476468,0.09079999999999999,0.9005815829732455,0,0,261,0.3446969696969697,0.4696969696969697,0.44149985909461975
MaxLoss,8,0.4,0.0,265,3000,0,269,255,524,0.1990793421282433,0.07020000000000004,0.9318853329750709,0,0,266,0.3420074349442379,0.4646840148698885,0.3745007812976837
MaxLoss,8,0.4,0.0,270,3000,0,274,195,469,0.1796470055123791,0.06699999999999995,0.9580333749763668,0,0,271,0.3467153284671533,0.46715328467153283,0.40951982140541077
MaxLoss,8,0.4,0.0,275,3000,0,279,105,384,0.1493928559939377,0.032299999999999995,0.9819153329590335,0,0,276,0.34050179211469533,0.45878136200716846,0.40077218413352966
MaxLoss,8,0.4,0.0,280,3000,0,284,215,499,0.19025915587553754,0.05940000000000001,1.0073132920078933,0,0,281,0.3485915492957746,0.4647887323943662,0.3633863627910614
MaxLoss,8,0.4,0.0,285,3000,0,289,237,526,0.19978408206952736,0.06799999999999995,1.0324048749753274,0,0,286,0.3460207612456747,0.4602076124567474,0.4453633725643158
MaxLoss,8,0.4,0.0,290,3000,0,294,108,402,0.15582472208188847,0.046599999999999975,1.063589957950171,0,0,291,0.35714285714285715,0.46938775510204084,0.4689495265483856
MaxLoss,8,0.4,0.0,295,3000,0,299,179,478,0.18283396633341908,0.0655,1.1000227080076002,0,0,296,0.35451505016722407,0.46488294314381273,0.45691823959350586
MaxLoss,8,0.4,0.0,300,3000,0,304,282,586,0.22086957044666633,0.08730000000000004,1.1335944579914212,0,0,301,0.3519736842105263,0.4605263157894737,0.5427409410476685
MaxLoss,8,0.4,0.0,305,3000,0,309,157,466,0.17858403647551313,0.06589999999999996,1.1754014999605715,0,0,306,0.35275080906148865,0.459546925566343,0.5316495895385742
MaxLoss,8,0.4,0.0,310,3000,0,314,152,466,0.17858403647551313,0.05069999999999997,1.2050128749688156,0,0,311,0.35668789808917195,0.46178343949044587,0.5386855006217957
MaxLoss,8,0.4,0.0,315,3000,0,319,270,589,0.22192108584567904,0.09040000000000004,1.2408228749991395,0,0,316,0.3573667711598746,0.4608150470219436,0.5329120755195618
MaxLoss,8,0.4,0.0,320,3000,0,324,198,522,0.1983744747703895,0.07210000000000005,1.2728463329840451,0,0,321,0.35185185185185186,0.4537037037037037,0.4262380599975586
MaxLoss,8,0.4,0.0,325,3000,0,329,181,510,0.19414256286108866,0.05589999999999995,1.3038556670071557,0,0,326,0.3525835866261398,0.45288753799392095,0.45328521728515625
MaxLoss,8,0.4,0.0,330,3000,0,334,311,645,0.24150457250652835,0.09240000000000004,1.3297957920003682,0,0,331,0.3532934131736527,0.45209580838323354,0.4090815782546997
MaxLoss,8,0.4,0.0,335,3000,0,339,302,641,0.24010848422767594,0.08389999999999997,1.3559770829742774,0,0,336,0.35103244837758113,0.45132743362831856,0.40366503596305847
MaxLoss,8,0.4,0.0,340,3000,0,344,216,560,0.21174567472189665,0.07650000000000001,1.3816652079694904,0,0,341,0.3488372093023256,0.4476744186046512,0.42246443033218384
MaxLoss,8,0.4,0.0,345,3000,0,349,182,531,0.20154537784401327,0.06920000000000004,1.4077237079618499,0,0,346,0.3467048710601719,0.44412607449856734,0.4329540431499481
MaxLoss,8,0.4,0.0,350,3000,0,354,215,569,0.21490615798393264,0.0796,1.438838207977824,0,0,351,0.3418079096045198,0.4435028248587571,0.4483332633972168
MaxLoss,8,0.4,0.0,355,3000,0,359,154,513,0.19520097953500226,0.05840000000000001,1.4706469999509864,0,0,356,0.3398328690807799,0.4456824512534819,0.42573437094688416
MaxLoss,8,0.4,0.0,360,3000,0,364,51,415,0.1604611292714253,0.03190000000000004,1.5023762919590808,0,0,361,0.34065934065934067,0.4478021978021978,0.4297851622104645
MaxLoss,8,0.4,0.0,365,3000,0,369,58,427,0.16473459382541478,0.03859999999999997,1.532972749962937,0,0,366,0.34146341463414637,0.44715447154471544,0.44121935963630676
MaxLoss,8,0.4,0.0,370,3000,0,374,166,540,0.204713738465216,0.06230000000000002,1.5627682500053197,0,0,371,0.34759358288770054,0.45187165775401067,0.46415695548057556
MaxLoss,8,0.4,0.0,375,3000,0,379,144,523,0.19872692442731932,0.058699999999999974,1.5942827920080163,0,0,376,0.35092348284960423,0.45382585751978893,0.37744709849357605
MaxLoss,8,0.4,0.0,380,3000,0,384,80,464,0.17787520814454183,0.03620000000000001,1.6267417499911971,0,0,381,0.3515625,0.453125,0.41703569889068604
MaxLoss,8,0.4,0.0,385,3000,0,389,57,446,0.17148905905196443,0.040100000000000025,1.660825249971822,0,0,386,0.35475578406169667,0.455012853470437,0.36617955565452576
MaxLoss,8,0.4,0.0,390,3000,0,394,127,521,0.19802199315745384,0.05830000000000002,1.6953900419757701,0,0,391,0.3553299492385787,0.45685279187817257,0.3114985227584839
MaxLoss,8,0.4,0.0,395,3000,0,399,40,439,0.16900222492404282,0.03480000000000005,1.7310772499768063,0,0,396,0.3558897243107769,0.45614035087719296,0.3427232801914215
MaxLoss,8,0.4,0.0,400,3000,0,404,30,434,0.16722474165726453,0.03749999999999998,1.7653107499936596,0,0,401,0.3564356435643564,0.45544554455445546,0.34258967638015747
MaxLoss,8,0.4,0.0,405,3000,0,409,127,536,0.20330588897923008,0.06540000000000001,1.7955539579852484,0,0,406,0.3569682151589242,0.4572127139364303,0.3429325520992279
MaxLoss,8,0.4,0.0,410,3000,0,414,131,545,0.20647285785526037,0.057499999999999996,1.8344033329631202,0,0,411,0.35507246376811596,0.45410628019323673,0.32519733905792236
MaxLoss,8,0.4,0.0,415,3000,0,419,131,550,0.20823121524881572,0.06589999999999996,1.870128416980151,0,0,416,0.3556085918854415,0.45346062052505964,0.3304424583911896
MaxLoss,8,0.4,0.0,420,3000,0,424,19,443,0.17042350576957688,0.03959999999999997,1.9050487919594161,0,0,421,0.3561320754716981,0.4528301886792453,0.3779366910457611
MaxLoss,8,0.4,0.0,425,3000,0,429,175,604,0.22717491316143423,0.07889999999999997,1.9393103329930454,0,0,426,0.35664335664335667,0.4522144522144522,0.3290601968765259
MaxLoss,8,0.4,0.0,430,3000,0,434,129,563,0.21279943321133032,0.07199999999999995,1.9748617919976823,0,0,431,0.3548387096774194,0.44930875576036866,0.2995302379131317
MaxLoss,8,0.4,0.0,435,3000,0,439,86,525,0.19943172798957676,0.05579999999999996,2.0107620419585146,0,0,436,0.3530751708428246,0.44646924829157175,0.32458630204200745
MaxLoss,8,0.4,0.0,440,3000,0,444,46,490,0.1870787946972996,0.03839999999999999,2.047117374953814,0,0,441,0.35135135135135137,0.44819819819819817,0.3037355840206146
MaxLoss,8,0.4,0.0,445,3000,0,449,22,471,0.18035547027830034,0.0373,2.081926624989137,0,0,446,0.34743875278396436,0.44320712694877507,0.3220859467983246
MaxLoss,8,0.4,0.0,450,3000,0,454,69,523,0.19872692442731932,0.05230000000000001,2.117296666954644,0,0,451,0.3458149779735683,0.44052863436123346,0.30971428751945496
MaxLoss,8,0.4,0.0,455,3000,0,459,8,467,0.17893839586758986,0.022499999999999964,2.153207207971718,0,0,456,0.3442265795206972,0.43790849673202614,0.3324504792690277
MaxLoss,8,0.4,0.0,460,3000,0,464,32,496,0.18919934157747775,0.034499999999999975,2.1909109999542125,0,0,461,0.34051724137931033,0.4331896551724138,0.3087390661239624
MaxLoss,8,0.4,0.0,465,3000,0,469,4,473,0.1810637908638455,0.03390000000000004,2.2364857500069775,0,0,466,0.3390191897654584,0.43283582089552236,0.31655046343803406
MaxLoss,8,0.4,0.0,469,3000,0,473,0,473,0.1810637908638455,0.02629999999999999,2.2699640420032665,1,0,470,0.3361522198731501,0.4312896405919662,0.30506786704063416
PU-C,8,0.4,0.0,0,3000,0,4,597,601,0.22612464317353442,0.15280000000000005,0.010288499994203448,0,0,1,0.0,0.0,0.6061237454414368
PU-C,8,0.4,0.0,5,3000,0,9,427,436,0.16793585335835814,0.09160000000000001,0.0322008749935776,0,0,6,0.2222222222222222,0.2222222222222222,0.5696783661842346
PU-C,8,0.4,0.0,10,3000,0,14,421,435,0.16758031729841605,0.09430000000000005,0.05849162500817329,0,0,11,0.42857142857142855,0.42857142857142855,0.6377044320106506
PU-C,8,0.4,0.0,15,3000,0,19,620,639,0.23941028682747856,0.15800000000000003,0.08539224998094141,0,0,16,0.47368421052631576,0.47368421052631576,0.7025929093360901
PU-C,8,0.4,0.0,20,3000,0,24,486,510,0.19414256286108866,0.12990000000000002,0.11158475000411272,0,0,21,0.4166666666666667,0.5,0.7031576037406921
PU-C,8,0.4,0.0,25,3000,0,29,599,628,0.2355683579808101,0.1522,0.1402952080243267,0,0,26,0.3448275862068966,0.41379310344827586,0.7549755573272705
PU-C,8,0.4,0.0,30,3000,0,34,576,610,0.22927471931325272,0.16169999999999995,0.17096370802028105,0,0,31,0.35294117647058826,0.4117647058823529,0.7259917259216309
PU-C,8,0.4,0.0,35,3000,0,39,593,632,0.2369657856761478,0.15190000000000003,0.2037418750114739,0,0,36,0.3333333333333333,0.38461538461538464,0.7808510065078735
PU-C,8,0.4,0.0,40,3000,0,44,572,616,0.23137355543440208,0.15969999999999995,0.23517741699470207,0,0,41,0.29545454545454547,0.3409090909090909,0.7423520684242249
PU-C,8,0.4,0.0,45,3000,0,49,540,589,0.22192108584567904,0.13239999999999996,0.26929345802636817,0,0,46,0.30612244897959184,0.3469387755102041,0.7710555791854858
PU-C,8,0.4,0.0,50,3000,0,54,546,600,0.22577449848176911,0.15200000000000002,0.29741212498629466,0,0,51,0.2777777777777778,0.3148148148148148,0.7650526165962219
PU-C,8,0.4,0.0,55,3000,0,59,492,551,0.20858279598178342,0.11909999999999998,0.3226022080052644,0,0,56,0.288135593220339,0.3220338983050847,0.7966157793998718
PU-C,8,0.4,0.0,60,3000,0,64,552,616,0.23137355543440208,0.1553,0.3473814169992693,0,0,61,0.3125,0.359375,0.7733370065689087
PU-C,8,0.4,0.0,65,3000,0,69,495,564,0.21315062715439126,0.12070000000000003,0.37347291701007634,0,0,66,0.30434782608695654,0.36231884057971014,0.7932850122451782
PU-C,8,0.4,0.0,70,3000,0,74,555,629,0.23591775394743308,0.15769999999999995,0.3988584579783492,0,0,71,0.2972972972972973,0.35135135135135137,0.7746220231056213
PU-C,8,0.4,0.0,75,3000,0,79,424,503,0.19167177024064586,0.10009999999999997,0.4254651250084862,0,0,76,0.27848101265822783,0.34177215189873417,0.7749487161636353
PU-C,8,0.4,0.0,80,3000,0,84,549,633,0.23731507768388838,0.15849999999999997,0.44986766699003056,0,0,81,0.2857142857142857,0.34523809523809523,0.7671895623207092
PU-C,8,0.4,0.0,85,3000,0,89,406,495,0.18884600239107385,0.09740000000000004,0.47830087499460205,0,0,86,0.2808988764044944,0.34831460674157305,0.7779909372329712
PU-C,8,0.4,0.0,90,3000,0,94,544,638,0.239061149652116,0.15900000000000003,0.5044957920326851,0,0,91,0.2765957446808511,0.3617021276595745,0.7761914134025574
PU-C,8,0.4,0.0,95,3000,0,99,366,465,0.17822964064544067,0.0927,0.5352959170122631,0,0,96,0.2727272727272727,0.35353535353535354,0.7767850160598755
PU-C,8,0.4,0.0,100,3000,0,104,546,650,0.24324911163421348,0.16090000000000004,0.5664758330094628,0,0,101,0.27884615384615385,0.3557692307692308,0.7708948850631714
PU-C,8,0.4,0.0,105,3000,0,109,384,493,0.1881392219220288,0.09760000000000002,0.6025448750006035,0,0,106,0.27522935779816515,0.3486238532110092,0.7739483714103699
PU-C,8,0.4,0.0,110,3000,0,114,541,655,0.24499302072217688,0.16100000000000003,0.6686138749937527,0,0,111,0.2807017543859649,0.3508771929824561,0.7609926462173462
PU-C,8,0.4,0.0,115,3000,0,119,363,482,0.18424946861341596,0.09389999999999998,0.7353967080125585,0,0,116,0.3025210084033613,0.3697478991596639,0.7634096145629883
PU-C,8,0.4,0.0,120,3000,0,124,524,648,0.2425513718626462,0.1563,0.7725250829826109,0,0,121,0.31451612903225806,0.3790322580645161,0.754112184047699
PU-C,8,0.4,0.0,125,3000,0,129,504,633,0.23731507768388838,0.13390000000000002,0.8060497079859488,0,0,126,0.3023255813953488,0.3798449612403101,0.8067205548286438
PU-C,8,0.4,0.0,130,3000,0,134,477,611,0.2296245924080722,0.12680000000000002,0.8415506249875762,0,0,131,0.291044776119403,0.373134328358209,0.7430171966552734
PU-C,8,0.4,0.0,135,3000,0,139,443,582,0.21946715575177222,0.10629999999999995,0.8780212079873309,0,0,136,0.2805755395683453,0.3597122302158273,0.6889577507972717
PU-C,8,0.4,0.0,140,3000,0,144,378,522,0.1983744747703895,0.09640000000000004,0.9196549999760464,0,0,141,0.2708333333333333,0.3541666666666667,0.7045364379882812
PU-C,8,0.4,0.0,145,3000,0,149,327,476,0.18212600302649662,0.09719999999999995,0.9649513749754988,0,0,146,0.2684563758389262,0.348993288590604,0.6487942934036255
PU-C,8,0.4,0.0,150,3000,0,154,368,522,0.1983744747703895,0.09189999999999998,1.0108801249880344,0,0,151,0.2597402597402597,0.34415584415584416,0.6354864239692688
PU-C,8,0.4,0.0,155,3000,0,159,236,395,0.1533251625369303,0.0625,1.0513120419927873,0,0,156,0.2578616352201258,0.33962264150943394,0.6303589344024658
PU-C,8,0.4,0.0,160,3000,0,164,307,471,0.18035547027830034,0.07379999999999998,1.095141792029608,0,0,161,0.2682926829268293,0.3475609756097561,0.6119358539581299
PU-C,8,0.4,0.0,165,3000,0,169,316,485,0.18531072669429705,0.08109999999999995,1.1573927500285208,0,0,166,0.2781065088757396,0.35502958579881655,0.5715332627296448
PU-C,8,0.4,0.0,170,3000,0,174,288,462,0.17716623313026503,0.07050000000000001,1.1867582499980927,0,0,171,0.28735632183908044,0.3620689655172414,0.5776834487915039
PU-C,8,0.4,0.0,175,3000,0,179,307,486,0.18566440959693864,0.08640000000000003,1.213056417007465,0,0,176,0.27932960893854747,0.35195530726256985,0.46360906958580017
PU-C,8,0.4,0.0,180,3000,0,184,266,450,0.1729092591558583,0.07669999999999999,1.2412275419919752,0,0,181,0.2826086956521739,0.358695652173913,0.5498096942901611
PU-C,8,0.4,0.0,185,3000,0,189,317,506,0.19273088016780093,0.09709999999999996,1.2676672919769771,0,0,186,0.2962962962962963,0.37037037037037035,0.45816418528556824
PU-C,8,0.4,0.0,190,3000,0,194,217,411,0.15903530979994684,0.05069999999999997,1.3087424580007792,0,0,191,0.29381443298969073,0.36597938144329895,0.4793126881122589
PU-C,8,0.4,0.0,195,3000,0,199,239,438,0.16864680708386004,0.0605,1.3499233750044368,0,0,196,0.3065326633165829,0.3768844221105528,0.45627015829086304
PU-C,8,0.4,0.0,200,3000,0,204,348,552,0.20893434656318277,0.10099999999999998,1.3888817080296576,0,0,201,0.29901960784313725,0.37745098039215685,0.37427449226379395
PU-C,8,0.4,0.0,205,3000,0,209,245,454,0.174328850582242,0.07389999999999997,1.4308604170219041,0,0,206,0.3014354066985646,0.3827751196172249,0.43542852997779846
PU-C,8,0.4,0.0,210,3000,0,214,354,568,0.2145551101421006,0.1038,1.4599768749903888,0,0,211,0.29906542056074764,0.37850467289719625,0.36976227164268494
PU-C,8,0.4,0.0,215,3000,0,219,231,450,0.1729092591558583,0.062100000000000044,1.4919949999894015,0,0,216,0.3013698630136986,0.3835616438356164,0.492920845746994
PU-C,8,0.4,0.0,220,3000,0,224,286,510,0.19414256286108866,0.08550000000000002,1.5213415829930454,0,0,221,0.29464285714285715,0.38392857142857145,0.47568070888519287
PU-C,8,0.4,0.0,225,3000,0,229,225,454,0.174328850582242,0.06159999999999999,1.554819500015583,0,0,226,0.28820960698689957,0.3799126637554585,0.4321223497390747
PU-C,8,0.4,0.0,230,3000,0,234,220,454,0.174328850582242,0.06399999999999995,1.5883842500043102,0,0,231,0.2905982905982906,0.38461538461538464,0.4561617970466614
PU-C,8,0.4,0.0,235,3000,0,239,186,425,0.16402276017470285,0.053300000000000014,1.6234924999880604,0,0,236,0.28870292887029286,0.3807531380753138,0.45978406071662903
PU-C,8,0.4,0.0,240,3000,0,244,211,455,0.1746836540987715,0.052200000000000024,1.6570802920032293,0,0,241,0.29508196721311475,0.38524590163934425,0.47104117274284363
PU-C,8,0.4,0.0,245,3000,0,249,275,524,0.1990793421282433,0.09419999999999995,1.6953979579848237,0,0,246,0.30120481927710846,0.39357429718875503,0.4180610775947571
PU-C,8,0.4,0.0,250,3000,0,254,221,475,0.18177196802571416,0.06620000000000004,1.74042162502883,0,0,251,0.2992125984251969,0.3937007874015748,0.4310668706893921
PU-C,8,0.4,0.0,255,3000,0,259,159,418,0.16153005324304104,0.05579999999999996,1.7839827080024406,0,0,256,0.30115830115830117,0.39768339768339767,0.4476581811904907
PU-C,8,0.4,0.0,260,3000,0,264,164,428,0.16509044979466125,0.05679999999999996,1.8217610830324702,0,0,261,0.29924242424242425,0.3977272727272727,0.4149028956890106
PU-C,8,0.4,0.0,265,3000,0,269,150,419,0.1618862779578194,0.04049999999999998,1.8586868330021389,0,0,266,0.30111524163568776,0.39776951672862454,0.46914586424827576
PU-C,8,0.4,0.0,270,3000,0,274,138,412,0.15939182799775153,0.05359999999999998,1.8915683749946766,0,0,271,0.30656934306569344,0.4051094890510949,0.45140859484672546
PU-C,8,0.4,0.0,275,3000,0,279,151,430,0.16580204077763483,0.06130000000000002,1.9244712920044549,0,0,276,0.30824372759856633,0.4050179211469534,0.41248559951782227
PU-C,8,0.4,0.0,280,3000,0,284,92,376,0.1465295035741292,0.02949999999999997,1.957743417005986,0,0,281,0.31338028169014087,0.4084507042253521,0.4605303704738617
PU-C,8,0.4,0.0,285,3000,0,289,111,400,0.15511078212875873,0.03720000000000001,1.9925350830308162,0,0,286,0.31141868512110726,0.40484429065743943,0.3986964225769043
PU-C,8,0.4,0.0,290,3000,0,294,92,386,0.15010823006741703,0.04239999999999999,2.0302285000216216,0,0,291,0.30952380952380953,0.40476190476190477,0.41481494903564453
PU-C,8,0.4,0.0,295,3000,0,299,73,372,0.14509669656399637,0.02959999999999996,2.0666742920293473,0,0,296,0.31438127090301005,0.4080267558528428,0.47359657287597656
PU-C,8,0.4,0.0,300,3000,0,304,188,492,0.18778578046476468,0.06679999999999997,2.1040415419847704,0,0,301,0.3125,0.41118421052631576,0.4156157672405243
PU-C,8,0.4,0.0,305,3000,0,309,139,448,0.1721992355887778,0.04269999999999996,2.142128249979578,0,0,306,0.3106796116504854,0.4110032362459547,0.4597378075122833
PU-C,8,0.4,0.0,310,3000,0,314,88,402,0.15582472208188847,0.04279999999999995,2.1841443330049515,0,0,311,0.3089171974522293,0.410828025477707,0.44903919100761414
PU-C,8,0.4,0.0,315,3000,0,319,84,403,0.15618162660393864,0.028000000000000025,2.223413125029765,0,0,316,0.3103448275862069,0.4106583072100313,0.45325708389282227
PU-C,8,0.4,0.0,320,3000,0,324,99,423,0.16331076360074803,0.04200000000000004,2.261464499984868,0,0,321,0.3148148148148148,0.41358024691358025,0.4723254144191742
PU-C,8,0.4,0.0,325,3000,0,329,67,396,0.15368237491929904,0.02939999999999998,2.295186207978986,0,0,326,0.3130699088145897,0.41033434650455924,0.43947845697402954
PU-C,8,0.4,0.0,330,3000,0,334,73,407,0.15760881162714213,0.03200000000000003,2.3271479579852894,0,0,331,0.31736526946107785,0.4161676646706587,0.42007166147232056
PU-C,8,0.4,0.0,335,3000,0,339,63,402,0.15582472208188847,0.04169999999999996,2.360352875024546,0,0,336,0.3185840707964602,0.4218289085545723,0.3878505229949951
PU-C,8,0.4,0.0,340,3000,0,344,74,418,0.16153005324304104,0.03990000000000005,2.3929736249847338,0,0,341,0.3168604651162791,0.42151162790697677,0.4141014516353607
PU-C,8,0.4,0.0,345,3000,0,349,55,404,0.15653848770307377,0.025000000000000022,2.4313695000018924,0,0,346,0.31805157593123207,0.42120343839541546,0.42504987120628357
PU-C,8,0.4,0.0,350,3000,0,354,63,417,0.16117378696799278,0.045599999999999974,2.472487125021871,0,0,351,0.3248587570621469,0.4265536723163842,0.4219173192977905
PU-C,8,0.4,0.0,355,3000,0,359,56,415,0.1604611292714253,0.03749999999999998,2.512641708017327,0,0,356,0.32590529247910865,0.42618384401114207,0.45127204060554504
PU-C,8,0.4,0.0,360,3000,0,364,66,430,0.16580204077763483,0.037900000000000045,2.548105542024132,0,0,361,0.3269230769230769,0.42857142857142855,0.42435067892074585
PU-C,8,0.4,0.0,365,3000,0,369,34,403,0.15618162660393864,0.029900000000000038,2.5843151250155643,0,0,366,0.3224932249322493,0.42276422764227645,0.4217309355735779
PU-C,8,0.4,0.0,370,3000,0,374,40,414,0.16010473761707544,0.031200000000000006,2.6395532080205157,0,0,371,0.3235294117647059,0.42245989304812837,0.42817121744155884
PU-C,8,0.4,0.0,375,3000,0,379,66,445,0.1711339132161811,0.0383,2.676987208018545,0,0,376,0.3245382585751979,0.42216358839050133,0.4716373085975647
PU-C,8,0.4,0.0,380,3000,0,384,35,419,0.1618862779578194,0.033499999999999974,2.748777083004825,0,0,381,0.328125,0.4244791666666667,0.4554152190685272
PU-C,8,0.4,0.0,385,3000,0,389,79,468,0.17929271882167086,0.04849999999999999,2.787681167013943,0,0,386,0.32904884318766064,0.4241645244215938,0.4201943874359131
PU-C,8,0.4,0.0,390,3000,0,394,39,433,0.16686912631848827,0.03869999999999996,2.8232278330251575,0,0,391,0.3299492385786802,0.4289340101522843,0.32865843176841736
PU-C,8,0.4,0.0,395,3000,0,399,104,503,0.19167177024064586,0.04359999999999997,2.857425458030775,0,0,396,0.3333333333333333,0.43358395989974935,0.3428444266319275
PU-C,8,0.4,0.0,400,3000,0,404,109,513,0.19520097953500226,0.04820000000000002,2.8917070829775184,0,0,401,0.3292079207920792,0.4306930693069307,0.33170363306999207
PU-C,8,0.4,0.0,405,3000,0,409,84,493,0.1881392219220288,0.039100000000000024,2.930433667032048,0,0,406,0.3276283618581907,0.4278728606356968,0.3648647964000702
PU-C,8,0.4,0.0,410,3000,0,414,22,436,0.16793585335835814,0.03059999999999996,2.972015207982622,0,0,411,0.3309178743961353,0.42995169082125606,0.3419094383716583
PU-C,8,0.4,0.0,415,3000,0,419,17,436,0.16793585335835814,0.03200000000000003,3.011294124997221,0,0,416,0.3341288782816229,0.431980906921241,0.3492908477783203
PU-C,8,0.4,0.0,420,3000,0,424,14,438,0.16864680708386004,0.027200000000000002,3.0489237080328166,0,0,421,0.33490566037735847,0.43160377358490565,0.3499693274497986
PU-C,8,0.4,0.0,425,3000,0,429,36,465,0.17822964064544067,0.029200000000000004,3.0882343749981374,0,0,426,0.337995337995338,0.4358974358974359,0.3624735474586487
PU-C,8,0.4,0.0,430,3000,0,434,79,513,0.19520097953500226,0.04710000000000003,3.124595000001136,0,0,431,0.34101382488479265,0.4377880184331797,0.3962690830230713
PU-C,8,0.4,0.0,435,3000,0,439,49,488,0.18637167132692412,0.045599999999999974,3.172206500021275,0,0,436,0.33712984054669703,0.4328018223234624,0.36016660928726196
PU-C,8,0.4,0.0,440,3000,0,444,29,473,0.1810637908638455,0.03610000000000002,3.2210088330321014,0,0,441,0.3355855855855856,0.43243243243243246,0.3938789665699005
PU-C,8,0.4,0.0,445,3000,0,449,37,486,0.18566440959693864,0.038900000000000046,3.265601749997586,0,0,446,0.33407572383073497,0.4298440979955457,0.34570443630218506
PU-C,8,0.4,0.0,450,3000,0,454,13,467,0.17893839586758986,0.03169999999999995,3.3230853750137612,0,0,451,0.3303964757709251,0.4251101321585903,0.33889666199684143
PU-C,8,0.4,0.0,455,3000,0,459,7,466,0.17858403647551313,0.027699999999999947,3.3735331670031883,0,0,456,0.32679738562091504,0.420479302832244,0.36317718029022217
PU-C,8,0.4,0.0,460,3000,0,464,39,503,0.19167177024064586,0.04369999999999996,3.416207292000763,0,0,461,0.3254310344827586,0.41810344827586204,0.3544614613056183
PU-C,8,0.4,0.0,465,3000,0,469,5,474,0.18141789734363556,0.020100000000000007,3.4534513329854235,0,0,466,0.32196162046908317,0.4136460554371002,0.39268091320991516
PU-C,8,0.4,0.0,470,3000,0,474,13,487,0.18601805780781433,0.03159999999999996,3.489291707985103,0,0,471,0.31856540084388185,0.4092827004219409,0.35107162594795227
PU-C,8,0.4,0.0,472,3000,0,476,0,476,0.18212600302649662,0.022399999999999975,3.5062689170008525,1,0,473,0.3172268907563025,0.4096638655462185,0.3744997978210449
PU-F,8,0.4,0.0,0,3000,0,4,604,608,0.22857489221496508,0.15490000000000004,0.008067334012594074,0,0,1,0.0,0.0,0.4525410234928131
PU-F,8,0.4,0.0,5,3000,0,9,454,463,0.17752073903102428,0.11460000000000004,0.08920645900070667,0,0,6,0.3333333333333333,0.3333333333333333,0.6133365631103516
PU-F,8,0.4,0.0,10,3000,0,14,523,537,0.20365789777133614,0.12060000000000004,0.16537754202727228,0,0,11,0.42857142857142855,0.42857142857142855,0.6151238083839417
PU-F,8,0.4,0.0,15,3000,0,19,472,491,0.18743230478139594,0.11550000000000005,0.24185941700125113,0,0,16,0.47368421052631576,0.47368421052631576,0.7327953577041626
PU-F,8,0.4,0.0,20,3000,0,24,613,637,0.23871198680717498,0.1552,0.28872516698902473,0,0,21,0.375,0.4166666666666667,0.6532405614852905
PU-F,8,0.4,0.0,25,3000,0,29,499,528,0.20048869505990297,0.12719999999999998,0.32596304203616455,0,0,26,0.3448275862068966,0.3793103448275862,0.7584185600280762
PU-F,8,0.4,0.0,30,3000,0,34,568,602,0.22647476044949144,0.13680000000000003,0.36293354199733585,0,0,31,0.29411764705882354,0.3235294117647059,0.6452457308769226
PU-F,8,0.4,0.0,35,3000,0,39,461,500,0.19061235984554514,0.11439999999999995,0.3996477500186302,0,0,36,0.2564102564102564,0.3076923076923077,0.7634539008140564
PU-F,8,0.4,0.0,40,3000,0,44,480,524,0.1990793421282433,0.11050000000000004,0.45749704202171415,0,0,41,0.22727272727272727,0.2727272727272727,0.6465241312980652
PU-F,8,0.4,0.0,45,3000,0,49,440,489,0.18672525027068332,0.10840000000000005,0.52001904201461,0,0,46,0.20408163265306123,0.24489795918367346,0.7680307626724243
PU-F,8,0.4,0.0,50,3000,0,54,427,481,0.18389564589597285,0.09540000000000004,0.5865342500037514,0,0,51,0.18518518518518517,0.2222222222222222,0.6468161940574646
PU-F,8,0.4,0.0,55,3000,0,59,424,483,0.1846032562898472,0.09999999999999998,0.6519899170380086,0,0,56,0.1694915254237288,0.22033898305084745,0.7577239871025085
PU-F,8,0.4,0.0,60,3000,0,64,395,459,0.17610249383142218,0.08640000000000003,0.7175263750250451,0,0,61,0.15625,0.265625,0.6352517008781433
PU-F,8,0.4,0.0,65,3000,0,69,446,515,0.1959064273396507,0.1109,0.7953635840094648,0,0,66,0.18840579710144928,0.3188405797101449,0.7586445808410645
PU-F,8,0.4,0.0,70,3000,0,74,372,446,0.17148905905196443,0.07940000000000003,0.8763080000062473,0,0,71,0.1891891891891892,0.3108108108108108,0.6460649967193604
PU-F,8,0.4,0.0,75,3000,0,79,433,512,0.19484820670913905,0.10999999999999999,0.9499972499907017,0,0,76,0.17721518987341772,0.2911392405063291,0.7529218196868896
PU-F,8,0.4,0.0,80,3000,0,84,343,427,0.16473459382541478,0.07079999999999997,1.031888000026811,0,0,81,0.16666666666666666,0.2857142857142857,0.6397445201873779
PU-F,8,0.4,0.0,85,3000,0,89,409,498,0.18990591826150194,0.1018,1.1012304589967243,0,0,86,0.15730337078651685,0.2808988764044944,0.7443822026252747
PU-F,8,0.4,0.0,90,3000,0,94,329,423,0.16331076360074803,0.06689999999999996,1.1739330420386977,0,0,91,0.1595744680851064,0.2872340425531915,0.6416938304901123
PU-F,8,0.4,0.0,95,3000,0,99,399,498,0.18990591826150194,0.10050000000000003,1.2490456250379793,0,0,96,0.16161616161616163,0.29292929292929293,0.7438740134239197
PU-F,8,0.4,0.0,100,3000,0,104,308,412,0.15939182799775153,0.06379999999999997,1.3098978340276517,0,0,101,0.16346153846153846,0.3076923076923077,0.6472301483154297
PU-F,8,0.4,0.0,105,3000,0,109,392,501,0.19096553017152473,0.09960000000000002,1.387723834021017,0,0,106,0.1559633027522936,0.3119266055045872,0.7485167384147644
PU-F,8,0.4,0.0,110,3000,0,114,295,409,0.15832214610418305,0.06240000000000001,1.459791667002719,0,0,111,0.15789473684210525,0.30701754385964913,0.6592652797698975
PU-F,8,0.4,0.0,115,3000,0,119,383,502,0.19131866691168398,0.09770000000000001,1.530051874986384,0,0,116,0.15966386554621848,0.3277310924369748,0.7522092461585999
PU-F,8,0.4,0.0,120,3000,0,124,274,398,0.154396666737739,0.05840000000000001,1.6012187920277938,0,0,121,0.16129032258064516,0.3225806451612903,0.6607668399810791
PU-F,8,0.4,0.0,125,3000,0,129,465,594,0.22367305267835036,0.13270000000000004,1.6691190419951454,0,0,126,0.16279069767441862,0.32558139534883723,0.8146917819976807
PU-F,8,0.4,0.0,130,3000,0,134,388,522,0.1983744747703895,0.09709999999999996,1.7339601250132546,0,0,131,0.16417910447761194,0.3208955223880597,0.5696146488189697
PU-F,8,0.4,0.0,135,3000,0,139,382,521,0.19802199315745384,0.10089999999999999,1.8126412919955328,0,0,136,0.17985611510791366,0.3381294964028777,0.5803377628326416
PU-F,8,0.4,0.0,140,3000,0,144,371,515,0.1959064273396507,0.09989999999999999,1.8978127500158735,0,0,141,0.18055555555555555,0.3333333333333333,0.5408211946487427
PU-F,8,0.4,0.0,145,3000,0,149,423,572,0.21595912729389966,0.11460000000000004,1.9659395000198856,0,0,146,0.18120805369127516,0.33557046979865773,0.5800967216491699
PU-F,8,0.4,0.0,150,3000,0,154,325,479,0.18318789481418207,0.09360000000000002,2.0358332920004614,0,0,151,0.17532467532467533,0.3246753246753247,0.5109091997146606
PU-F,8,0.4,0.0,155,3000,0,159,395,554,0.20963735767873004,0.11160000000000003,2.1095400000340305,0,0,156,0.16981132075471697,0.32075471698113206,0.6009817123413086
PU-F,8,0.4,0.0,160,3000,0,164,306,470,0.1800012559397146,0.07240000000000002,2.186172917019576,0,0,161,0.16463414634146342,0.31097560975609756,0.5208630561828613
PU-F,8,0.4,0.0,165,3000,0,169,321,490,0.1870787946972996,0.0907,2.258538750000298,0,0,166,0.15976331360946747,0.3136094674556213,0.5827842950820923
PU-F,8,0.4,0.0,170,3000,0,174,179,353,0.13828020473010838,0.03720000000000001,2.3177785000298172,0,0,171,0.15517241379310345,0.3103448275862069,0.5115448832511902
PU-F,8,0.4,0.0,175,3000,0,179,283,462,0.17716623313026503,0.07709999999999995,2.3668529590358958,0,0,176,0.17318435754189945,0.3240223463687151,0.5508257746696472
PU-F,8,0.4,0.0,180,3000,0,184,229,413,0.15974830387858674,0.050899999999999945,2.4276759999920614,0,0,181,0.19021739130434784,0.33695652173913043,0.5171805620193481
PU-F,8,0.4,0.0,185,3000,0,189,262,451,0.17326421377947554,0.07669999999999999,2.4889329590369016,0,0,186,0.19047619047619047,0.3386243386243386,0.5421725511550903
PU-F,8,0.4,0.0,190,3000,0,194,166,360,0.1407936301548034,0.029299999999999993,2.5544928750023246,0,0,191,0.1958762886597938,0.3402061855670103,0.5474880337715149
PU-F,8,0.4,0.0,195,3000,0,199,228,427,0.16473459382541478,0.050899999999999945,2.6265091249952093,0,0,196,0.21105527638190955,0.35175879396984927,0.5184205174446106
PU-F,8,0.4,0.0,200,3000,0,204,276,480,0.1835417879628949,0.08109999999999995,2.6963912500068545,0,0,201,0.22549019607843138,0.3627450980392157,0.5449703335762024
PU-F,8,0.4,0.0,205,3000,0,209,224,433,0.16686912631848827,0.047900000000000054,2.7528464589850046,0,0,206,0.23923444976076555,0.37320574162679426,0.5221912860870361
PU-F,8,0.4,0.0,210,3000,0,214,217,431,0.1661577759659849,0.04610000000000003,2.8050479590310715,0,0,211,0.2523364485981308,0.38317757009345793,0.5126409530639648
PU-F,8,0.4,0.0,215,3000,0,219,200,419,0.1618862779578194,0.061799999999999966,2.8659353750408627,0,0,216,0.2557077625570776,0.3835616438356164,0.5110967755317688
PU-F,8,0.4,0.0,220,3000,0,224,244,468,0.17929271882167086,0.058499999999999996,2.9237016669940203,0,0,221,0.26339285714285715,0.38839285714285715,0.501975417137146
PU-F,8,0.4,0.0,225,3000,0,229,284,513,0.19520097953500226,0.08430000000000004,2.9734567090054043,0,0,226,0.2663755458515284,0.3930131004366812,0.5015689730644226
PU-F,8,0.4,0.0,230,3000,0,234,179,413,0.15974830387858674,0.03359999999999996,3.0351992920041084,0,0,231,0.2692307692307692,0.4017094017094017,0.4918892979621887
PU-F,8,0.4,0.0,235,3000,0,239,241,480,0.1835417879628949,0.06910000000000005,3.0871405000216328,0,0,236,0.26778242677824265,0.401673640167364,0.5426391959190369
PU-F,8,0.4,0.0,240,3000,0,244,224,468,0.17929271882167086,0.057499999999999996,3.144779500027653,0,0,241,0.27049180327868855,0.4016393442622951,0.5562595725059509
PU-F,8,0.4,0.0,245,3000,0,249,166,415,0.1604611292714253,0.0494,3.196732417040039,0,0,246,0.27309236947791166,0.40160642570281124,0.5042770504951477
PU-F,8,0.4,0.0,250,3000,0,254,197,451,0.17326421377947554,0.05779999999999996,3.248604084015824,0,0,251,0.27165354330708663,0.4015748031496063,0.481643408536911
PU-F,8,0.4,0.0,255,3000,0,259,211,470,0.1800012559397146,0.06130000000000002,3.302020834002178,0,0,256,0.27413127413127414,0.4015444015444015,0.48943158984184265
PU-F,8,0.4,0.0,260,3000,0,264,151,415,0.1604611292714253,0.06140000000000001,3.356498459004797,0,0,261,0.2689393939393939,0.3977272727272727,0.45266351103782654
PU-F,8,0.4,0.0,265,3000,0,269,162,431,0.1661577759659849,0.04390000000000005,3.4120530000072904,0,0,266,0.27137546468401486,0.39776951672862454,0.46282288432121277
PU-F,8,0.4,0.0,270,3000,0,274,115,389,0.15118094795616344,0.044499999999999984,3.4671331670251675,0,0,271,0.2664233576642336,0.3905109489051095,0.4522010087966919
PU-F,8,0.4,0.0,275,3000,0,279,168,447,0.17184416647069156,0.04530000000000001,3.5190442090388387,0,0,276,0.2616487455197133,0.3870967741935484,0.452186644077301
PU-F,8,0.4,0.0,280,3000,0,284,152,436,0.16793585335835814,0.04239999999999999,3.5770422919886187,0,0,281,0.2640845070422535,0.3873239436619718,0.436928927898407
PU-F,8,0.4,0.0,285,3000,0,289,145,434,0.16722474165726453,0.04459999999999997,3.6286707920371555,0,0,286,0.27335640138408307,0.3944636678200692,0.472013384103775
PU-F,8,0.4,0.0,290,3000,0,294,157,451,0.17326421377947554,0.04679999999999995,3.680294708989095,0,0,291,0.2755102040816326,0.3945578231292517,0.4609774947166443
PU-F,8,0.4,0.0,295,3000,0,299,145,444,0.17077872878871858,0.0504,3.732946250005625,0,0,296,0.2809364548494983,0.3979933110367893,0.4565250277519226
PU-F,8,0.4,0.0,300,3000,0,304,128,432,0.16651347110746428,0.03600000000000003,3.78579533402808,0,0,301,0.28289473684210525,0.3980263157894737,0.4690037667751312
PU-F,8,0.4,0.0,305,3000,0,309,143,452,0.17361913050990552,0.049699999999999966,3.8376728339935653,0,0,306,0.284789644012945,0.40129449838187703,0.4605325162410736
PU-F,8,0.4,0.0,310,3000,0,314,134,448,0.1721992355887778,0.04139999999999999,3.884248749993276,0,0,311,0.28343949044585987,0.40445859872611467,0.450100302696228
PU-F,8,0.4,0.0,315,3000,0,319,121,440,0.16935760364867747,0.039100000000000024,3.9373264590394683,0,0,316,0.28213166144200624,0.4043887147335423,0.43752190470695496
PU-F,8,0.4,0.0,320,3000,0,324,128,452,0.17361913050990552,0.04139999999999999,3.9819440839928575,0,0,321,0.28703703703703703,0.4074074074074074,0.48017746210098267
PU-F,8,0.4,0.0,325,3000,0,329,194,523,0.19872692442731932,0.06520000000000004,4.032178167020902,0,0,326,0.2917933130699088,0.41033434650455924,0.41571080684661865
PU-F,8,0.4,0.0,330,3000,0,334,166,500,0.19061235984554514,0.06710000000000005,4.083445917000063,0,0,331,0.2934131736526946,0.4101796407185629,0.4004819691181183
PU-F,8,0.4,0.0,335,3000,0,339,105,444,0.17077872878871858,0.041200000000000014,4.133172333997209,0,0,336,0.2920353982300885,0.40707964601769914,0.40136396884918213
PU-F,8,0.4,0.0,340,3000,0,344,126,470,0.1800012559397146,0.042100000000000026,4.188730209018104,0,0,341,0.29941860465116277,0.4127906976744186,0.4444471597671509
PU-F,8,0.4,0.0,345,3000,0,349,50,399,0.15475374640664086,0.027000000000000024,4.246802417037543,0,0,346,0.30659025787965616,0.42120343839541546,0.42652761936187744
PU-F,8,0.4,0.0,350,3000,0,354,127,481,0.18389564589597285,0.049900000000000055,4.297640250006225,0,0,351,0.3107344632768362,0.423728813559322,0.4173530042171478
PU-F,8,0.4,0.0,355,3000,0,359,120,479,0.18318789481418207,0.05059999999999998,4.342563499987591,0,0,356,0.30919220055710306,0.4233983286908078,0.38892868161201477
PU-F,8,0.4,0.0,360,3000,0,364,81,445,0.1711339132161811,0.04579999999999995,4.3892487499979325,0,0,361,0.3076923076923077,0.4230769230769231,0.3871431052684784
PU-F,8,0.4,0.0,365,3000,0,369,51,420,0.1622424612287432,0.03869999999999996,4.4357191669987515,0,0,366,0.3035230352303523,0.4173441734417344,0.33795857429504395
PU-F,8,0.4,0.0,370,3000,0,374,46,420,0.1622424612287432,0.02939999999999998,4.475662584009115,0,0,371,0.3074866310160428,0.4197860962566845,0.35524049401283264
PU-F,8,0.4,0.0,375,3000,0,379,45,424,0.16366678231861442,0.026800000000000046,4.517101709032431,0,0,376,0.3087071240105541,0.41952506596306066,0.3829374313354492
PU-F,8,0.4,0.0,380,3000,0,384,40,424,0.16366678231861442,0.03510000000000002,4.566424250020646,0,0,381,0.3072916666666667,0.4166666666666667,0.40303027629852295
PU-F,8,0.4,0.0,385,3000,0,389,101,490,0.1870787946972996,0.0504,4.624988500028849,0,0,386,0.3059125964010283,0.4138817480719794,0.38832876086235046
PU-F,8,0.4,0.0,390,3000,0,394,86,480,0.1835417879628949,0.04920000000000002,4.679303999990225,0,0,391,0.3020304568527919,0.4086294416243655,0.33086028695106506
PU-F,8,0.4,0.0,395,3000,0,399,56,455,0.1746836540987715,0.04039999999999999,4.729234917031135,0,0,396,0.2982456140350877,0.40601503759398494,0.3614457845687866
PU-F,8,0.4,0.0,400,3000,0,404,54,458,0.17574783985037357,0.041000000000000036,4.774095792032313,0,0,401,0.2995049504950495,0.40594059405940597,0.3769574761390686
PU-F,8,0.4,0.0,405,3000,0,409,41,450,0.1729092591558583,0.0363,4.82985808403464,0,0,406,0.2982885085574572,0.4058679706601467,0.36488160490989685
PU-F,8,0.4,0.0,410,3000,0,414,68,482,0.18424946861341596,0.04730000000000001,4.881900167034473,0,0,411,0.2995169082125604,0.4082125603864734,0.3424561321735382
PU-F,8,0.4,0.0,415,3000,0,419,23,442,0.17006824392592534,0.032399999999999984,4.935898834024556,0,0,416,0.3031026252983294,0.4105011933174224,0.3442007005214691
PU-F,8,0.4,0.0,420,3000,0,424,21,445,0.1711339132161811,0.02969999999999995,4.998169458995108,0,0,421,0.29952830188679247,0.4056603773584906,0.3320932388305664
PU-F,8,0.4,0.0,425,3000,0,429,24,453,0.1739740094053559,0.02070000000000005,5.046250124985818,0,0,426,0.29836829836829837,0.40559440559440557,0.368151992559433
PU-F,8,0.4,0.0,430,3000,0,434,23,457,0.17539314867462963,0.035599999999999965,5.086301750037819,0,0,431,0.2995391705069124,0.4055299539170507,0.3579584062099457
PU-F,8,0.4,0.0,435,3000,0,439,6,445,0.1711339132161811,0.03390000000000004,5.128091624996159,0,0,436,0.2984054669703872,0.4031890660592255,0.3817063868045807
PU-F,8,0.4,0.0,440,3000,0,444,18,462,0.17716623313026503,0.024599999999999955,5.169804209028371,0,0,441,0.30405405405405406,0.40765765765765766,0.37248969078063965
PU-F,8,0.4,0.0,445,3000,0,449,15,464,0.17787520814454183,0.03969999999999996,5.209717624995392,0,0,446,0.3051224944320713,0.40757238307349664,0.36424267292022705
PU-F,8,0.4,0.0,450,3000,0,454,43,497,0.189552646887023,0.043200000000000016,5.252242834016215,0,0,451,0.3039647577092511,0.4052863436123348,0.3616979122161865
PU-F,8,0.4,0.0,455,3000,0,459,17,476,0.18212600302649662,0.026599999999999957,5.297699666989502,0,0,456,0.3006535947712418,0.40305010893246185,0.3642752468585968
PU-F,8,0.4,0.0,460,3000,0,464,24,488,0.18637167132692412,0.04179999999999995,5.343237709021196,0,0,461,0.3017241379310345,0.4051724137931034,0.36910614371299744
PU-F,8,0.4,0.0,465,3000,0,469,2,471,0.18035547027830034,0.03420000000000001,5.383599542023148,0,0,466,0.29850746268656714,0.4051172707889126,0.3515807092189789
PU-F,8,0.4,0.0,470,3000,0,474,19,493,0.1881392219220288,0.02949999999999997,5.425739000027534,0,0,471,0.29535864978902954,0.4029535864978903,0.3463522791862488
PU-F,8,0.4,0.0,475,3000,0,479,1,480,0.1835417879628949,0.019299999999999984,5.468424667022191,0,0,476,0.29436325678496866,0.407098121085595,0.3664609491825104
PU-F,8,0.4,0.0,480,3000,0,484,4,488,0.18637167132692412,0.02949999999999997,5.514134166995063,0,0,481,0.29338842975206614,0.41115702479338845,0.3861425817012787
PU-F,8,0.4,0.0,485,3000,0,489,9,498,0.18990591826150194,0.026499999999999968,5.560129625024274,0,0,486,0.2903885480572597,0.40899795501022496,0.3950260877609253
PU-F,8,0.4,0.0,490,3000,0,494,36,530,0.2011931817396544,0.04310000000000003,5.607300334027968,0,0,491,0.2894736842105263,0.4068825910931174,0.3672933280467987
PU-F,8,0.4,0.0,491,3000,0,495,0,495,0.18884600239107385,0.030100000000000016,5.6241497920127586,1,0,492,0.28888888888888886,0.4080808080808081,0.368094801902771
PU-G,8,0.4,0.0,0,3000,0,4,565,569,0.21490615798393264,0.13849999999999996,0.013522249995730817,0,0,1,0.0,0.0,0.5081115961074829
PU-G,8,0.4,0.0,5,3000,0,9,531,540,0.204713738465216,0.12719999999999998,0.10614437499316409,0,0,6,0.1111111111111111,0.1111111111111111,0.5329821705818176
PU-G,8,0.4,0.0,10,3000,0,14,428,442,0.17006824392592534,0.09140000000000004,0.1880831669550389,0,0,11,0.21428571428571427,0.21428571428571427,0.6462812423706055
PU-G,8,0.4,0.0,15,3000,0,19,373,392,0.15225325751816854,0.0736,0.2670419589849189,0,0,16,0.2631578947368421,0.2631578947368421,0.6764177680015564
PU-G,8,0.4,0.0,20,3000,0,24,439,463,0.17752073903102428,0.1028,0.2948466669768095,0,0,21,0.2916666666666667,0.2916666666666667,0.715169370174408
PU-G,8,0.4,0.0,25,3000,0,29,580,609,0.22892481921007857,0.1352,0.32611841696780175,0,0,26,0.3103448275862069,0.3103448275862069,0.7607056498527527
PU-G,8,0.4,0.0,30,3000,0,34,373,407,0.15760881162714213,0.08560000000000001,0.36172233399702236,0,0,31,0.4117647058823529,0.4117647058823529,0.7220438718795776
PU-G,8,0.4,0.0,35,3000,0,39,588,627,0.23521893582073972,0.1422,0.4182726669823751,0,0,36,0.46153846153846156,0.46153846153846156,0.7883568406105042
PU-G,8,0.4,0.0,40,3000,0,44,506,550,0.20823121524881572,0.1382,0.48415583395399153,0,0,41,0.5,0.5,0.7722183465957642
PU-G,8,0.4,0.0,45,3000,0,49,583,632,0.2369657856761478,0.14559999999999995,0.5605342089547776,0,0,46,0.4489795918367347,0.46938775510204084,0.8151323795318604
PU-G,8,0.4,0.0,50,3000,0,54,530,584,0.2201684195897542,0.14029999999999998,0.6405879999510944,0,0,51,0.4074074074074074,0.42592592592592593,0.8090932965278625
PU-G,8,0.4,0.0,55,3000,0,59,571,630,0.23626712389523163,0.14490000000000003,0.7215083749615587,0,0,56,0.3728813559322034,0.4067796610169492,0.8318891525268555
PU-G,8,0.4,0.0,60,3000,0,64,456,520,0.19766947941388935,0.11329999999999996,0.7991847499506548,0,0,61,0.34375,0.375,0.8269268274307251
PU-G,8,0.4,0.0,65,3000,0,69,550,619,0.23242261295672506,0.13959999999999995,0.8815540839568712,0,0,66,0.3188405797101449,0.34782608695652173,0.8301640748977661
PU-G,8,0.4,0.0,70,3000,0,74,420,494,0.18849262921139598,0.10519999999999996,0.9767412499641068,0,0,71,0.3108108108108108,0.33783783783783783,0.8054186701774597
PU-G,8,0.4,0.0,75,3000,0,79,523,602,0.22647476044949144,0.13380000000000003,1.0521037500002421,0,0,76,0.2911392405063291,0.34177215189873417,0.8287407755851746
PU-G,8,0.4,0.0,80,3000,0,84,439,523,0.19872692442731932,0.10929999999999995,1.1417618339764886,0,0,81,0.27380952380952384,0.34523809523809523,0.8074503540992737
PU-G,8,0.4,0.0,85,3000,0,89,490,579,0.21841504727490246,0.1259,1.219406166987028,0,0,86,0.25842696629213485,0.34831460674157305,0.821408748626709
PU-G,8,0.4,0.0,90,3000,0,94,438,532,0.20189754257444292,0.11070000000000002,1.300991541997064,0,0,91,0.24468085106382978,0.3404255319148936,0.7977349162101746
PU-G,8,0.4,0.0,95,3000,0,99,463,562,0.21244820981519297,0.121,1.3660349999554455,0,0,96,0.23232323232323232,0.36363636363636365,0.8168096542358398
PU-G,8,0.4,0.0,100,3000,0,104,436,540,0.204713738465216,0.11019999999999996,1.4441232499666512,0,0,101,0.22115384615384615,0.36538461538461536,0.7960584163665771
PU-G,8,0.4,0.0,105,3000,0,109,448,557,0.21069165004882962,0.11770000000000003,1.5290568339987658,0,0,106,0.21100917431192662,0.3669724770642202,0.8129159212112427
PU-G,8,0.4,0.0,110,3000,0,114,425,539,0.20436182245612144,0.10819999999999996,1.6007595419650897,0,0,111,0.20175438596491227,0.38596491228070173,0.7988675236701965
PU-G,8,0.4,0.0,115,3000,0,119,436,555,0.20998881832929328,0.11399999999999999,1.6772048339480534,0,0,116,0.20168067226890757,0.3865546218487395,0.8105772733688354
PU-G,8,0.4,0.0,120,3000,0,124,415,539,0.20436182245612144,0.1069,1.753748666960746,0,0,121,0.20967741935483872,0.3951612903225806,0.8011329770088196
PU-G,8,0.4,0.0,125,3000,0,129,471,600,0.22577449848176911,0.12980000000000003,1.8283269999665208,0,0,126,0.23255813953488372,0.4108527131782946,0.811516523361206
PU-G,8,0.4,0.0,130,3000,0,134,428,562,0.21244820981519297,0.11980000000000002,1.9001722919638269,0,0,131,0.22388059701492538,0.39552238805970147,0.7441062331199646
PU-G,8,0.4,0.0,135,3000,0,139,481,620,0.23277224571211264,0.13880000000000003,1.958464416966308,0,0,136,0.2158273381294964,0.381294964028777,0.7378107309341431
PU-G,8,0.4,0.0,140,3000,0,144,416,560,0.21174567472189665,0.10009999999999997,2.073579958989285,0,0,141,0.20833333333333334,0.3680555555555556,0.6364719271659851
PU-G,8,0.4,0.0,145,3000,0,149,406,555,0.20998881832929328,0.10929999999999995,2.1484242499573156,0,0,146,0.2080536912751678,0.3624161073825503,0.6624893546104431
PU-G,8,0.4,0.0,150,3000,0,154,379,533,0.202249675989151,0.09260000000000002,2.2374954999540932,0,0,151,0.2077922077922078,0.36363636363636365,0.5568208694458008
PU-G,8,0.4,0.0,155,3000,0,159,416,575,0.2170118367066607,0.11539999999999995,2.3319433750002645,0,0,156,0.20125786163522014,0.3522012578616352,0.5865180492401123
PU-G,8,0.4,0.0,160,3000,0,164,345,509,0.1937896916642785,0.0797,2.3969504589913413,0,0,161,0.1951219512195122,0.34146341463414637,0.5065315365791321
PU-G,8,0.4,0.0,165,3000,0,169,386,555,0.20998881832929328,0.08499999999999996,2.465155749989208,0,0,166,0.1893491124260355,0.33727810650887574,0.5078092813491821
PU-G,8,0.4,0.0,170,3000,0,174,294,468,0.17929271882167086,0.0726,2.529807083948981,0,0,171,0.1896551724137931,0.3390804597701149,0.4805613160133362
PU-G,8,0.4,0.0,175,3000,0,179,388,567,0.2142040331964381,0.09689999999999999,2.5819078339845873,0,0,176,0.18994413407821228,0.3407821229050279,0.5169456005096436
PU-G,8,0.4,0.0,180,3000,0,184,332,516,0.1962591024930589,0.08540000000000003,2.6559744169935584,0,0,181,0.18478260869565216,0.33152173913043476,0.46758177876472473
PU-G,8,0.4,0.0,185,3000,0,189,373,562,0.21244820981519297,0.08979999999999999,2.7234598340000957,0,0,186,0.18518518518518517,0.3386243386243386,0.5024843215942383
PU-G,8,0.4,0.0,190,3000,0,194,293,487,0.18601805780781433,0.06989999999999996,2.801894874952268,0,0,191,0.18556701030927836,0.3402061855670103,0.46495521068573
PU-G,8,0.4,0.0,195,3000,0,199,385,584,0.2201684195897542,0.08979999999999999,2.874235666997265,0,0,196,0.18592964824120603,0.3417085427135678,0.4833638370037079
PU-G,8,0.4,0.0,200,3000,0,204,387,591,0.22262195614166558,0.09340000000000004,2.943591083982028,0,0,201,0.19607843137254902,0.3480392156862745,0.47768932580947876
PU-G,8,0.4,0.0,205,3000,0,209,350,559,0.21139436279190704,0.08650000000000002,3.0038147919694893,0,0,206,0.19617224880382775,0.3492822966507177,0.47682011127471924
PU-G,8,0.4,0.0,210,3000,0,214,337,551,0.20858279598178342,0.08850000000000002,3.0731350839487277,0,0,211,0.19158878504672897,0.3411214953271028,0.4950249493122101
PU-G,8,0.4,0.0,215,3000,0,219,272,491,0.18743230478139594,0.07210000000000005,3.1456852089613676,0,0,216,0.1872146118721461,0.3378995433789954,0.48238468170166016
PU-G,8,0.4,0.0,220,3000,0,224,235,459,0.17610249383142218,0.05559999999999998,3.2099887499934994,0,0,221,0.1875,0.3482142857142857,0.48308470845222473
PU-G,8,0.4,0.0,225,3000,0,229,319,548,0.20752796321175992,0.07799999999999996,3.2784766249824315,0,0,226,0.18777292576419213,0.34497816593886466,0.4988519549369812
PU-G,8,0.4,0.0,230,3000,0,234,225,459,0.17610249383142218,0.054200000000000026,3.338876833964605,0,0,231,0.18376068376068377,0.34615384615384615,0.46284735202789307
PU-G,8,0.4,0.0,235,3000,0,239,281,520,0.19766947941388935,0.06459999999999999,3.3954276249860413,0,0,236,0.1799163179916318,0.3389121338912134,0.4895027279853821
PU-G,8,0.4,0.0,240,3000,0,244,194,438,0.16864680708386004,0.04710000000000003,3.4612391669652425,0,0,241,0.18032786885245902,0.3360655737704918,0.4571845531463623
PU-G,8,0.4,0.0,245,3000,0,249,270,519,0.1973169335979037,0.061899999999999955,3.52234749996569,0,0,246,0.18072289156626506,0.3333333333333333,0.497050017118454
PU-G,8,0.4,0.0,250,3000,0,254,205,459,0.17610249383142218,0.05069999999999997,3.5884148749755695,0,0,251,0.18110236220472442,0.33070866141732286,0.4727707803249359
PU-G,8,0.4,0.0,255,3000,0,259,267,526,0.19978408206952736,0.06469999999999998,3.6480623339884914,0,0,256,0.18146718146718147,0.3281853281853282,0.4728934168815613
PU-G,8,0.4,0.0,260,3000,0,264,174,438,0.16864680708386004,0.03839999999999999,3.7149433749727905,0,0,261,0.18181818181818182,0.32954545454545453,0.4619155526161194
PU-G,8,0.4,0.0,265,3000,0,269,231,500,0.19061235984554514,0.058499999999999996,3.7756597090046853,0,0,266,0.17843866171003717,0.32342007434944237,0.4608757793903351
PU-G,8,0.4,0.0,270,3000,0,274,119,393,0.15261060395278037,0.0131,3.8331940419739112,0,0,271,0.17518248175182483,0.3175182481751825,0.43783536553382874
PU-G,8,0.4,0.0,275,3000,0,279,145,424,0.16366678231861442,0.03400000000000003,3.888720333983656,0,0,276,0.17562724014336917,0.3154121863799283,0.44241607189178467
PU-G,8,0.4,0.0,280,3000,0,284,141,425,0.16402276017470285,0.028299999999999992,3.9350401669507846,0,0,281,0.17253521126760563,0.31338028169014087,0.4432585835456848
PU-G,8,0.4,0.0,285,3000,0,289,143,432,0.16651347110746428,0.01200000000000001,3.9823313339729793,0,0,286,0.1695501730103806,0.314878892733564,0.4479244649410248
PU-G,8,0.4,0.0,290,3000,0,294,134,428,0.16509044979466125,0.019199999999999995,4.030568583984859,0,0,291,0.17346938775510204,0.3197278911564626,0.4557960033416748
PU-G,8,0.4,0.0,295,3000,0,299,131,430,0.16580204077763483,0.018299999999999983,4.091608291957527,0,0,296,0.1806020066889632,0.32441471571906355,0.4376167058944702
PU-G,8,0.4,0.0,300,3000,0,304,131,435,0.16758031729841605,0.014800000000000035,4.159155083994847,0,0,301,0.18092105263157895,0.3223684210526316,0.4310678541660309
PU-G,8,0.4,0.0,305,3000,0,309,114,423,0.16331076360074803,0.02400000000000002,4.211646708950866,0,0,306,0.19093851132686085,0.3300970873786408,0.42439937591552734
PU-G,8,0.4,0.0,310,3000,0,314,97,411,0.15903530979994684,0.015499999999999958,4.265768874960486,0,0,311,0.1942675159235669,0.3343949044585987,0.41703516244888306
PU-G,8,0.4,0.0,315,3000,0,319,104,423,0.16331076360074803,0.020199999999999996,4.3180281249806285,0,0,316,0.2006269592476489,0.3385579937304075,0.40998855233192444
PU-G,8,0.4,0.0,320,3000,0,324,105,429,0.16544626542599872,0.012399999999999967,4.367186541960109,0,0,321,0.20987654320987653,0.345679012345679,0.4213833510875702
PU-G,8,0.4,0.0,325,3000,0,329,140,469,0.1796470055123791,0.03490000000000004,4.415517708985135,0,0,326,0.22188449848024316,0.3556231003039514,0.406324177980423
PU-G,8,0.4,0.0,330,3000,0,334,101,435,0.16758031729841605,0.022800000000000042,4.46856204199139,0,0,331,0.2245508982035928,0.3592814371257485,0.4000377655029297
PU-G,8,0.4,0.0,335,3000,0,339,91,430,0.16580204077763483,0.014599999999999946,4.517307874979451,0,0,336,0.22418879056047197,0.36283185840707965,0.40658265352249146
PU-G,8,0.4,0.0,340,3000,0,344,79,423,0.16331076360074803,0.026900000000000035,4.568081417004578,0,0,341,0.2238372093023256,0.36046511627906974,0.4019889235496521
PU-G,8,0.4,0.0,345,3000,0,349,84,433,0.16686912631848827,0.012399999999999967,4.620267166988924,0,0,346,0.22922636103151864,0.3638968481375358,0.4015321433544159
PU-G,8,0.4,0.0,350,3000,0,354,84,438,0.16864680708386004,0.016599999999999948,4.672385458950885,0,0,351,0.2344632768361582,0.3700564971751412,0.4017164409160614
PU-G,8,0.4,0.0,355,3000,0,359,81,440,0.16935760364867747,0.02190000000000003,4.717346333956812,0,0,356,0.2395543175487465,0.3732590529247911,0.36659908294677734
PU-G,8,0.4,0.0,360,3000,0,364,80,444,0.17077872878871858,0.0252,4.760637208994012,0,0,361,0.23901098901098902,0.3708791208791209,0.3810957670211792
PU-G,8,0.4,0.0,365,3000,0,369,66,435,0.16758031729841605,0.01859999999999995,4.80711779196281,0,0,366,0.23848238482384823,0.3685636856368564,0.3534763753414154
PU-G,8,0.4,0.0,370,3000,0,374,56,430,0.16580204077763483,0.023900000000000032,4.844447999959812,0,0,371,0.24064171122994651,0.3716577540106952,0.3461192548274994
PU-G,8,0.4,0.0,375,3000,0,379,66,445,0.1711339132161811,0.02510000000000001,4.885320999950636,0,0,376,0.24538258575197888,0.37467018469656993,0.3542798161506653
PU-G,8,0.4,0.0,380,3000,0,384,60,444,0.17077872878871858,0.017199999999999993,4.936893749982119,0,0,381,0.24739583333333334,0.3776041666666667,0.3254234492778778
PU-G,8,0.4,0.0,385,3000,0,389,49,438,0.16864680708386004,0.01419999999999999,4.992051499953959,0,0,386,0.2442159383033419,0.37532133676092544,0.2880597710609436
PU-G,8,0.4,0.0,390,3000,0,394,68,462,0.17716623313026503,0.016900000000000026,5.046333041973412,0,0,391,0.24873096446700507,0.37817258883248733,0.2773290276527405
PU-G,8,0.4,0.0,395,3000,0,399,65,464,0.17787520814454183,0.020499999999999963,5.098851916962303,0,0,396,0.24812030075187969,0.37844611528822053,0.28862905502319336
PU-G,8,0.4,0.0,400,3000,0,404,49,453,0.1739740094053559,0.01539999999999997,5.153934916947037,0,0,401,0.24504950495049505,0.37623762376237624,0.276749849319458
PU-G,8,0.4,0.0,405,3000,0,409,56,465,0.17822964064544067,0.00990000000000002,5.201660708989948,0,0,406,0.24449877750611246,0.37897310513447435,0.26782798767089844
PU-G,8,0.4,0.0,410,3000,0,414,33,447,0.17184416647069156,0.016599999999999948,5.253940916969441,0,0,411,0.2463768115942029,0.37922705314009664,0.2513042390346527
PU-G,8,0.4,0.0,415,3000,0,419,24,443,0.17042350576957688,0.009600000000000053,5.308056749985553,0,0,416,0.25059665871121717,0.3818615751789976,0.23305098712444305
PU-G,8,0.4,0.0,420,3000,0,424,42,466,0.17858403647551313,0.010499999999999954,5.358904624998104,0,0,421,0.25471698113207547,0.3867924528301887,0.2444038987159729
PU-G,8,0.4,0.0,425,3000,0,429,36,465,0.17822964064544067,0.016700000000000048,5.4086424999986775,0,0,426,0.26107226107226106,0.3916083916083916,0.2382272332906723
PU-G,8,0.4,0.0,430,3000,0,434,12,446,0.17148905905196443,0.027000000000000024,5.455292041995563,0,0,431,0.26036866359447003,0.3986175115207373,0.21212191879749298
PU-G,8,0.4,0.0,435,3000,0,439,18,457,0.17539314867462963,0.028100000000000014,5.5046628339914605,0,0,436,0.2619589977220957,0.4009111617312073,0.23604759573936462
PU-G,8,0.4,0.0,440,3000,0,444,7,451,0.17326421377947554,0.02190000000000003,5.551944291975815,0,0,441,0.2635135135135135,0.40765765765765766,0.2489524632692337
PU-G,8,0.4,0.0,445,3000,0,449,6,455,0.1746836540987715,0.02080000000000004,5.6035337499924935,0,0,446,0.2717149220489978,0.4142538975501114,0.27767717838287354
PU-G,8,0.4,0.0,450,3000,0,454,7,461,0.17681169032584876,0.017900000000000027,5.652210499974899,0,0,451,0.27312775330396477,0.41409691629955947,0.2586081027984619
PU-G,8,0.4,0.0,455,3000,0,459,42,501,0.19096553017152473,0.023499999999999965,5.697885083965957,0,0,456,0.27450980392156865,0.4139433551198257,0.27272146940231323
PU-G,8,0.4,0.0,460,3000,0,464,4,468,0.17929271882167086,0.026499999999999968,5.746646999963559,0,0,461,0.27370689655172414,0.41163793103448276,0.2609633207321167
PU-G,8,0.4,0.0,463,3000,0,467,0,467,0.17893839586758986,0.024599999999999955,5.778577541990671,1,0,464,0.2762312633832976,0.4132762312633833,0.23815685510635376
MaxLoss,9,0.0,0.0,0,3000,0,4,600,604,0.22717491316143423,0.15239999999999998,0.010764042031951249,0,0,1,0.0,0.0,0.5685098767280579
MaxLoss,9,0.0,0.0,5,3000,0,9,568,577,0.21771349920891225,0.1442,0.028038459015078843,0,0,6,0.0,0.1111111111111111,0.6748796105384827
MaxLoss,9,0.0,0.0,10,3000,0,14,396,410,0.158678749226965,0.09699999999999998,0.045271750015672296,0,0,11,0.0,0.07142857142857142,0.7365466356277466
MaxLoss,9,0.0,0.0,15,3000,0,19,381,400,0.15511078212875873,0.08930000000000005,0.06144295900594443,0,0,16,0.0,0.05263157894736842,0.7735421657562256
MaxLoss,9,0.0,0.0,20,3000,0,24,283,307,0.12169785564765334,0.07410000000000005,0.07889720902312547,0,0,21,0.0,0.041666666666666664,0.7878057956695557
MaxLoss,9,0.0,0.0,25,3000,0,29,258,287,0.11444909032434225,0.06499999999999995,0.0963345420313999,0,0,26,0.0,0.034482758620689655,0.8119959235191345
MaxLoss,9,0.0,0.0,30,3000,0,34,224,258,0.10389025183394551,0.06520000000000004,0.11804158403538167,0,0,31,0.0,0.029411764705882353,0.8286466002464294
MaxLoss,9,0.0,0.0,35,3000,0,39,148,187,0.07774273422546685,0.04600000000000004,0.13940033403923735,0,0,36,0.0,0.02564102564102564,0.8306395411491394
MaxLoss,9,0.0,0.0,40,3000,0,44,154,198,0.0818263849359937,0.056499999999999995,0.16155958402669057,0,0,41,0.0,0.022727272727272728,0.8416265249252319
MaxLoss,9,0.0,0.0,45,3000,0,49,81,130,0.056321956391911954,0.0353,0.18112629203824326,0,0,46,0.0,0.02040816326530612,0.8393298983573914
MaxLoss,9,0.0,0.0,50,3000,0,54,132,186,0.07737080269725993,0.05010000000000003,0.2013078749878332,0,0,51,0.0,0.018518518518518517,0.8525295853614807
MaxLoss,9,0.0,0.0,55,3000,0,59,50,109,0.048286255972925574,0.028000000000000025,0.22436645900597796,0,0,56,0.0,0.05084745762711865,0.8442422747612
MaxLoss,9,0.0,0.0,60,3000,0,64,113,177,0.07401796954218298,0.043399999999999994,0.23595250002108514,0,0,61,0.0,0.0625,0.8557494282722473
MaxLoss,9,0.0,0.0,65,3000,0,69,34,103,0.04597138526150957,0.024599999999999955,0.24337291700066999,0,0,66,0.0,0.08695652173913043,0.8473301529884338
MaxLoss,9,0.0,0.0,70,3000,0,74,98,172,0.07215088309021667,0.03849999999999998,0.25075908401049674,0,0,71,0.0,0.12162162162162163,0.8580835461616516
MaxLoss,9,0.0,0.0,75,3000,0,79,16,95,0.04286969528766349,0.02200000000000002,0.2581082920078188,0,0,76,0.0,0.11392405063291139,0.8497616052627563
MaxLoss,9,0.0,0.0,80,3000,0,84,86,170,0.07140313135460019,0.034599999999999964,0.2652601670124568,0,0,81,0.0,0.14285714285714285,0.8600775599479675
MaxLoss,9,0.0,0.0,85,3000,0,89,4,93,0.04209134931443259,0.020100000000000007,0.2724134169984609,0,0,86,0.0,0.14606741573033707,0.8524475693702698
MaxLoss,9,0.0,0.0,90,3000,0,94,69,163,0.06878171575954184,0.03210000000000002,0.2797153749852441,0,0,91,0.0,0.14893617021276595,0.8595908880233765
MaxLoss,9,0.0,0.0,91,3000,0,95,0,95,0.04286969528766349,0.01870000000000005,0.283440958999563,1,0,92,0.0,0.14736842105263157,0.8514805436134338
PU-C,9,0.0,0.0,0,3000,0,4,599,603,0.2268248504260555,0.1521,0.004156959010288119,0,0,1,0.0,0.0,0.5351172089576721
PU-C,9,0.0,0.0,5,3000,0,9,327,336,0.1321655985666439,0.06459999999999999,0.01631787500809878,0,0,6,0.0,0.0,0.6366651058197021
PU-C,9,0.0,0.0,10,3000,0,14,490,504,0.19202484015841037,0.11570000000000003,0.027350125019438565,0,0,11,0.0,0.07142857142857142,0.7009631395339966
PU-C,9,0.0,0.0,15,3000,0,19,145,164,0.0691566207096912,0.0474,0.03873145900433883,0,0,16,0.0,0.05263157894736842,0.7419491410255432
PU-C,9,0.0,0.0,20,3000,0,24,487,511,0.1944954011705704,0.10999999999999999,0.050043250026647,0,0,21,0.0,0.041666666666666664,0.7759807705879211
PU-C,9,0.0,0.0,25,3000,0,29,94,123,0.053653962444514036,0.037900000000000045,0.06139604200143367,0,0,26,0.0,0.034482758620689655,0.8151624202728271
PU-C,9,0.0,0.0,30,3000,0,34,340,374,0.14581319532589987,0.07989999999999997,0.07245379197411239,0,0,31,0.0,0.029411764705882353,0.8215201497077942
PU-C,9,0.0,0.0,35,3000,0,39,92,131,0.056702304747886956,0.03849999999999998,0.08340987499104813,0,0,36,0.0,0.02564102564102564,0.843177855014801
PU-C,9,0.0,0.0,40,3000,0,44,182,226,0.0921636478160508,0.052000000000000046,0.09427979198517278,0,0,41,0.0,0.022727272727272728,0.8496654033660889
PU-C,9,0.0,0.0,45,3000,0,49,117,166,0.06990600907010958,0.04069999999999996,0.10517375002382323,0,0,46,0.0,0.02040816326530612,0.8855503797531128
PU-C,9,0.0,0.0,50,3000,0,54,135,189,0.07848624465987086,0.04359999999999997,0.1175483749830164,0,0,51,0.0,0.037037037037037035,0.8662095665931702
PU-C,9,0.0,0.0,55,3000,0,59,98,157,0.06652925873640925,0.036699999999999955,0.12829883402446285,0,0,56,0.0,0.03389830508474576,0.8845327496528625
PU-C,9,0.0,0.0,60,3000,0,64,103,167,0.07028049475047737,0.03810000000000002,0.13899337500333786,0,0,61,0.0,0.03125,0.8691511750221252
PU-C,9,0.0,0.0,65,3000,0,69,85,154,0.06540102750295773,0.03300000000000003,0.150114374991972,0,0,66,0.0,0.057971014492753624,0.8776849508285522
PU-C,9,0.0,0.0,70,3000,0,74,66,140,0.06011703115655109,0.03320000000000001,0.16104887501569465,0,0,71,0.0,0.06756756756756757,0.8681910037994385
PU-C,9,0.0,0.0,75,3000,0,79,70,149,0.06351755058858544,0.032200000000000006,0.1717194999800995,0,0,76,0.0,0.08860759493670886,0.8651711344718933
PU-C,9,0.0,0.0,80,3000,0,84,35,119,0.052124831709079444,0.02859999999999996,0.18252837500767782,0,0,81,0.0,0.09523809523809523,0.8613914251327515
PU-C,9,0.0,0.0,85,3000,0,89,55,144,0.06163005332928151,0.02729999999999999,0.19335833401419222,0,0,86,0.0,0.10112359550561797,0.8575519323348999
PU-C,9,0.0,0.0,90,3000,0,94,13,107,0.04751565994229168,0.024399999999999977,0.20403762499336153,0,0,91,0.0,0.11702127659574468,0.8585604429244995
PU-C,9,0.0,0.0,95,3000,0,99,42,141,0.06049554521450773,0.02429999999999999,0.21476308401906863,0,0,96,0.0,0.12121212121212122,0.8557459712028503
PU-C,9,0.0,0.0,100,3000,0,104,1,105,0.04674404545221478,0.02059999999999995,0.22547862498322502,0,0,101,0.0,0.125,0.8549150228500366
PU-C,9,0.0,0.0,102,3000,0,106,0,106,0.04712998168542981,0.020199999999999996,0.23112791700987145,1,0,103,0.0,0.1320754716981132,0.8535343408584595
PU-F,9,0.0,0.0,0,3000,0,4,427,431,0.1661577759659849,0.11219999999999997,0.004511250008363277,0,0,1,0.0,0.0,0.5961564183235168
PU-F,9,0.0,0.0,5,3000,0,9,387,396,0.15368237491929904,0.1048,0.03649650001898408,0,0,6,0.0,0.0,0.6797976493835449
PU-F,9,0.0,0.0,10,3000,0,14,444,458,0.17574783985037357,0.12329999999999997,0.06492845801403746,0,0,11,0.0,0.0,0.6391375064849854
PU-F,9,0.0,0.0,15,3000,0,19,271,290,0.11553804914001375,0.05610000000000004,0.0946115410188213,0,0,16,0.0,0.05263157894736842,0.7353597283363342
PU-F,9,0.0,0.0,20,3000,0,24,353,377,0.14688758662668988,0.09850000000000003,0.1178677499992773,0,0,21,0.0,0.041666666666666664,0.6827623844146729
PU-F,9,0.0,0.0,25,3000,0,29,261,290,0.11553804914001375,0.07299999999999995,0.13954683300107718,0,0,26,0.0,0.034482758620689655,0.7998948097229004
PU-F,9,0.0,0.0,30,3000,0,34,218,252,0.10169791040243581,0.06130000000000002,0.16019345802487805,0,0,31,0.0,0.029411764705882353,0.7300284504890442
PU-F,9,0.0,0.0,35,3000,0,39,182,221,0.09032332972856238,0.056400000000000006,0.17932883300818503,0,0,36,0.0,0.10256410256410256,0.8076499700546265
PU-F,9,0.0,0.0,40,3000,0,44,158,202,0.08330802217824385,0.05269999999999997,0.19685491605196148,0,0,41,0.0,0.09090909090909091,0.7297999262809753
PU-F,9,0.0,0.0,45,3000,0,49,123,172,0.07215088309021667,0.04469999999999996,0.21343654103111476,0,0,46,0.0,0.10204081632653061,0.7971794009208679
PU-F,9,0.0,0.0,50,3000,0,54,122,176,0.07364481018157676,0.04630000000000001,0.2294278330518864,0,0,51,0.0,0.09259259259259259,0.7396119832992554
PU-F,9,0.0,0.0,55,3000,0,59,91,150,0.06389456166652963,0.03620000000000001,0.24462533299811184,0,0,56,0.0,0.0847457627118644,0.7957832217216492
PU-F,9,0.0,0.0,60,3000,0,64,95,159,0.06728066253708676,0.0403,0.25917595805367455,0,0,61,0.0,0.078125,0.7426977157592773
PU-F,9,0.0,0.0,65,3000,0,69,74,143,0.0612520546419546,0.031299999999999994,0.27346808300353587,0,0,66,0.0,0.07246376811594203,0.7937772274017334
PU-F,9,0.0,0.0,70,3000,0,74,73,147,0.06276304461061954,0.03280000000000005,0.287540125020314,0,0,71,0.0,0.08108108108108109,0.7413460612297058
PU-F,9,0.0,0.0,75,3000,0,79,61,140,0.06011703115655109,0.026499999999999968,0.3010885830153711,0,0,76,0.0,0.0759493670886076,0.7896484136581421
PU-F,9,0.0,0.0,80,3000,0,84,63,147,0.06276304461061954,0.02959999999999996,0.3143544160411693,0,0,81,0.0,0.09523809523809523,0.747114896774292
PU-F,9,0.0,0.0,85,3000,0,89,49,138,0.059359475679229945,0.023599999999999954,0.3273840000038035,0,0,86,0.0,0.0898876404494382,0.7951282858848572
PU-F,9,0.0,0.0,90,3000,0,94,50,144,0.06163005332928151,0.026499999999999968,0.34022854099748656,0,0,91,0.0,0.09574468085106383,0.7497594356536865
PU-F,9,0.0,0.0,95,3000,0,99,37,136,0.05860120529541746,0.020299999999999985,0.35294725000858307,0,0,96,0.0,0.09090909090909091,0.8012695908546448
PU-F,9,0.0,0.0,100,3000,0,104,34,138,0.059359475679229945,0.02400000000000002,0.3654078330146149,0,0,101,0.0,0.11538461538461539,0.7599328756332397
PU-F,9,0.0,0.0,105,3000,0,109,24,133,0.05746242729946971,0.018900000000000028,0.3776342500350438,0,0,106,0.0,0.11926605504587157,0.8104333281517029
PU-F,9,0.0,0.0,110,3000,0,114,18,132,0.057082461076788604,0.020000000000000018,0.38946029101498425,0,0,111,0.0,0.11403508771929824,0.7695593237876892
PU-F,9,0.0,0.0,115,3000,0,119,15,134,0.0578422054531984,0.017900000000000027,0.40112700004829094,0,0,116,0.0,0.11764705882352941,0.8194726705551147
PU-F,9,0.0,0.0,120,3000,0,124,4,128,0.05556067515863106,0.01770000000000005,0.4126864160061814,0,0,121,0.0,0.12096774193548387,0.7681580185890198
PU-F,9,0.0,0.0,124,3000,0,128,0,128,0.05556067515863106,0.016800000000000037,0.42234270804328844,1,0,125,0.0,0.1171875,0.768386721611023
PU-G,9,0.0,0.0,0,3000,0,4,425,429,0.16544626542599872,0.12519999999999998,0.005340333969797939,0,0,1,0.0,0.0,0.5223408341407776
PU-G,9,0.0,0.0,5,3000,0,9,398,407,0.15760881162714213,0.08520000000000005,0.04431595897767693,0,0,6,0.0,0.0,0.6429355144500732
PU-G,9,0.0,0.0,10,3000,0,14,349,363,0.14187005965504795,0.07850000000000001,0.07120074995327741,0,0,11,0.0,0.07142857142857142,0.660650372505188
PU-G,9,0.0,0.0,15,3000,0,19,142,161,0.0680314782075584,0.041000000000000036,0.0966394169954583,0,0,16,0.0,0.10526315789473684,0.7165625691413879
PU-G,9,0.0,0.0,20,3000,0,24,243,267,0.10717361565912142,0.06159999999999999,0.11971116694621742,0,0,21,0.0,0.125,0.7008492350578308
PU-G,9,0.0,0.0,25,3000,0,29,113,142,0.06087388581363484,0.03749999999999998,0.14185895898845047,0,0,26,0.0,0.10344827586206896,0.7329578399658203
PU-G,9,0.0,0.0,30,3000,0,34,221,255,0.10279443138279021,0.05779999999999996,0.16191741696093231,0,0,31,0.0,0.08823529411764706,0.7116230130195618
PU-G,9,0.0,0.0,35,3000,0,39,106,145,0.06200788344722241,0.040100000000000025,0.1854902499471791,0,0,36,0.0,0.07692307692307693,0.7268663048744202
PU-G,9,0.0,0.0,40,3000,0,44,200,244,0.09877034503733739,0.056599999999999984,0.20537954196333885,0,0,41,0.0,0.06818181818181818,0.7078262567520142
PU-G,9,0.0,0.0,45,3000,0,49,93,142,0.06087388581363484,0.034399999999999986,0.22596249997150153,0,0,46,0.0,0.10204081632653061,0.740465521812439
PU-G,9,0.0,0.0,50,3000,0,54,119,173,0.0725245603825897,0.038000000000000034,0.24654795898823068,0,0,51,0.0,0.12962962962962962,0.7328459024429321
PU-G,9,0.0,0.0,55,3000,0,59,68,127,0.055179738090373576,0.02729999999999999,0.26605699997162446,0,0,56,0.0,0.11864406779661017,0.7480086088180542
PU-G,9,0.0,0.0,60,3000,0,64,84,148,0.0631403787410818,0.031299999999999994,0.28062941698590294,0,0,61,0.0,0.125,0.7367870807647705
PU-G,9,0.0,0.0,65,3000,0,69,59,128,0.05556067515863106,0.023800000000000043,0.29451354197226465,0,0,66,0.0,0.11594202898550725,0.7484292984008789
PU-G,9,0.0,0.0,70,3000,0,74,67,141,0.06049554521450773,0.026800000000000046,0.30796945898327976,0,0,71,0.0,0.10810810810810811,0.7316122055053711
PU-G,9,0.0,0.0,75,3000,0,79,54,133,0.05746242729946971,0.022199999999999998,0.3212835839949548,0,0,76,0.0,0.10126582278481013,0.7424246668815613
PU-G,9,0.0,0.0,80,3000,0,84,46,130,0.056321956391911954,0.021100000000000008,0.3341438749921508,0,0,81,0.0,0.09523809523809523,0.7239032983779907
PU-G,9,0.0,0.0,85,3000,0,89,55,144,0.06163005332928151,0.019199999999999995,0.3468161249766126,0,0,86,0.0,0.10112359550561797,0.7324937582015991
PU-G,9,0.0,0.0,90,3000,0,94,29,123,0.053653962444514036,0.018000000000000016,0.35965587495593354,0,0,91,0.0,0.09574468085106383,0.7142454385757446
PU-G,9,0.0,0.0,95,3000,0,99,45,144,0.06163005332928151,0.01749999999999996,0.37211787496926263,0,0,96,0.0,0.10101010101010101,0.7167788147926331
PU-G,9,0.0,0.0,100,3000,0,104,21,125,0.05441726028220728,0.015900000000000025,0.38428141694748774,0,0,101,0.0,0.10576923076923077,0.7023186087608337
PU-G,9,0.0,0.0,105,3000,0,109,40,149,0.06351755058858544,0.015900000000000025,0.39642424997873604,0,0,106,0.0,0.11926605504587157,0.7034862041473389
PU-G,9,0.0,0.0,110,3000,0,114,15,129,0.055941413855180144,0.014399999999999968,0.4083568749483675,0,0,111,0.0,0.13157894736842105,0.692305862903595
PU-G,9,0.0,0.0,115,3000,0,119,35,154,0.06540102750295773,0.01429999999999998,0.4205626249895431,0,0,116,0.0,0.13445378151260504,0.69233638048172
PU-G,9,0.0,0.0,120,3000,0,124,14,138,0.059359475679229945,0.012700000000000045,0.4327112089958973,0,0,121,0.0,0.14516129032258066,0.6772841215133667
PU-G,9,0.0,0.0,125,3000,0,129,81,210,0.0862662440049462,0.03469999999999995,0.44510345900198445,0,0,126,0.0,0.14728682170542637,0.7587639093399048
PU-G,9,0.0,0.0,130,3000,0,134,3,137,0.05898043076740578,0.0038000000000000256,0.4617626669933088,0,0,131,0.0,0.14925373134328357,0.6672043800354004
PU-G,9,0.0,0.0,135,3000,0,139,11,150,0.06389456166652963,0.009700000000000042,0.4777137919445522,0,0,136,0.0,0.14388489208633093,0.675026535987854
PU-G,9,0.0,0.0,140,3000,0,144,3,147,0.06276304461061954,0.009600000000000053,0.49393791699549183,0,0,141,0.0,0.1388888888888889,0.6420403122901917
PU-G,9,0.0,0.0,145,3000,0,149,12,161,0.0680314782075584,0.005600000000000049,0.5193351669586264,0,0,146,0.0,0.1342281879194631,0.619288980960846
PU-G,9,0.0,0.0,146,3000,0,150,0,150,0.06389456166652963,0.0034999999999999476,0.5279314169893041,1,0,147,0.0,0.13333333333333333,0.611723005771637
MaxLoss,9,0.4,0.0,0,3000,0,4,628,632,0.2369657856761478,0.16620000000000001,0.007294457987882197,0,0,1,0.0,0.25,0.5105909705162048
MaxLoss,9,0.4,0.0,5,3000,0,9,405,414,0.16010473761707544,0.10289999999999999,0.02556933299638331,0,0,6,0.4444444444444444,0.5555555555555556,0.5887353420257568
MaxLoss,9,0.4,0.0,10,3000,0,14,347,361,0.14115248969756067,0.07079999999999997,0.04111474996898323,0,0,11,0.42857142857142855,0.5,0.6125169396400452
MaxLoss,9,0.4,0.0,15,3000,0,19,563,582,0.21946715575177222,0.1412,0.05707529099890962,0,0,16,0.42105263157894735,0.47368421052631576,0.6745628118515015
MaxLoss,9,0.4,0.0,20,3000,0,24,512,536,0.20330588897923008,0.12839999999999996,0.0726666659465991,0,0,21,0.4166666666666667,0.4583333333333333,0.6464579105377197
MaxLoss,9,0.4,0.0,25,3000,0,29,506,535,0.20295384910423309,0.1149,0.08899195794947445,0,0,26,0.41379310344827586,0.4482758620689655,0.6811169385910034
MaxLoss,9,0.4,0.0,30,3000,0,34,449,483,0.1846032562898472,0.11150000000000004,0.10596174997044727,0,0,31,0.4411764705882353,0.47058823529411764,0.6455854773521423
MaxLoss,9,0.4,0.0,35,3000,0,39,518,557,0.21069165004882962,0.11729999999999996,0.12174699996830896,0,0,36,0.4358974358974359,0.46153846153846156,0.690292477607727
MaxLoss,9,0.4,0.0,40,3000,0,44,496,540,0.204713738465216,0.12439999999999996,0.1395192079944536,0,0,41,0.4090909090909091,0.4318181818181818,0.6185093522071838
MaxLoss,9,0.4,0.0,45,3000,0,49,452,501,0.19096553017152473,0.10150000000000003,0.16015183296985924,0,0,46,0.3877551020408163,0.42857142857142855,0.6656666398048401
MaxLoss,9,0.4,0.0,50,3000,0,54,554,608,0.22857489221496508,0.14690000000000003,0.17743974999757484,0,0,51,0.3888888888888889,0.42592592592592593,0.5828490853309631
MaxLoss,9,0.4,0.0,55,3000,0,59,463,522,0.1983744747703895,0.11439999999999995,0.19451591599499807,0,0,56,0.3728813559322034,0.4067796610169492,0.6707643270492554
MaxLoss,9,0.4,0.0,60,3000,0,64,504,568,0.2145551101421006,0.11939999999999995,0.21309124998515472,0,0,61,0.34375,0.375,0.599419116973877
MaxLoss,9,0.4,0.0,65,3000,0,69,488,557,0.21069165004882962,0.12129999999999996,0.23002341599203646,0,0,66,0.36231884057971014,0.391304347826087,0.7115392088890076
MaxLoss,9,0.4,0.0,70,3000,0,74,470,544,0.2061210952233523,0.1089,0.24746812495868653,0,0,71,0.3918918918918919,0.4189189189189189,0.6086750626564026
MaxLoss,9,0.4,0.0,75,3000,0,79,479,558,0.2110430212924257,0.1199,0.2553824159549549,0,0,76,0.4050632911392405,0.43037974683544306,0.7175430655479431
MaxLoss,9,0.4,0.0,80,3000,0,84,462,546,0.20682459004456177,0.11080000000000001,0.26285449997521937,0,0,81,0.40476190476190477,0.42857142857142855,0.6323742270469666
MaxLoss,9,0.4,0.0,85,3000,0,89,482,571,0.21560816647252068,0.12109999999999999,0.2703009159886278,0,0,86,0.38202247191011235,0.4157303370786517,0.7404189705848694
MaxLoss,9,0.4,0.0,90,3000,0,94,463,557,0.21069165004882962,0.1099,0.27770487498492,0,0,91,0.3617021276595745,0.40425531914893614,0.6526156663894653
MaxLoss,9,0.4,0.0,95,3000,0,99,456,555,0.20998881832929328,0.1109,0.2863485830021091,0,0,96,0.3434343434343434,0.3838383838383838,0.7446744441986084
MaxLoss,9,0.4,0.0,100,3000,0,104,441,545,0.20647285785526037,0.10619999999999996,0.2953088749782182,0,0,101,0.34615384615384615,0.38461538461538464,0.6554258465766907
MaxLoss,9,0.4,0.0,105,3000,0,109,429,538,0.2040098755969666,0.10650000000000004,0.30418754095444456,0,0,106,0.3394495412844037,0.3761467889908257,0.7496734857559204
MaxLoss,9,0.4,0.0,110,3000,0,114,395,509,0.1937896916642785,0.09750000000000003,0.31313666596543044,0,0,111,0.3333333333333333,0.3684210526315789,0.654619038105011
MaxLoss,9,0.4,0.0,115,3000,0,119,395,514,0.1955537197063677,0.09850000000000003,0.32220012496691197,0,0,116,0.36134453781512604,0.3949579831932773,0.7415958046913147
MaxLoss,9,0.4,0.0,120,3000,0,124,386,510,0.19414256286108866,0.0988,0.3311693329596892,0,0,121,0.3709677419354839,0.4032258064516129,0.6398597359657288
MaxLoss,9,0.4,0.0,125,3000,0,129,511,640,0.23975939833326265,0.13890000000000002,0.34075899998424575,0,0,126,0.37209302325581395,0.40310077519379844,0.8273906707763672
MaxLoss,9,0.4,0.0,130,3000,0,134,401,535,0.20295384910423309,0.1038,0.35422745795222,0,0,131,0.3582089552238806,0.3880597014925373,0.7687042951583862
MaxLoss,9,0.4,0.0,135,3000,0,139,517,656,0.24534172733547166,0.14780000000000004,0.36782258294988424,0,0,136,0.35251798561151076,0.38848920863309355,0.620936930179596
MaxLoss,9,0.4,0.0,140,3000,0,144,474,618,0.23207295371685177,0.12819999999999998,0.3812940409989096,0,0,141,0.3541666666666667,0.3888888888888889,0.6299384236335754
MaxLoss,9,0.4,0.0,145,3000,0,149,508,657,0.24569040903588757,0.1451,0.4010981659521349,0,0,146,0.35570469798657717,0.38926174496644295,0.6014528274536133
MaxLoss,9,0.4,0.0,150,3000,0,154,508,662,0.24743344442686066,0.13480000000000003,0.42137745796935633,0,0,151,0.34415584415584416,0.37662337662337664,0.7114505171775818
MaxLoss,9,0.4,0.0,155,3000,0,159,489,648,0.2425513718626462,0.14490000000000003,0.4425753329996951,0,0,156,0.33962264150943394,0.37735849056603776,0.5675048232078552
MaxLoss,9,0.4,0.0,160,3000,0,164,539,703,0.2617034314898774,0.15400000000000003,0.46480254095513374,0,0,161,0.32926829268292684,0.36585365853658536,0.5594354271888733
MaxLoss,9,0.4,0.0,165,3000,0,169,490,659,0.24638769769808277,0.14270000000000005,0.48928074998548254,0,0,166,0.31952662721893493,0.35502958579881655,0.5445156097412109
MaxLoss,9,0.4,0.0,170,3000,0,174,258,432,0.16651347110746428,0.06699999999999995,0.5129334579687566,0,0,171,0.3160919540229885,0.3563218390804598,0.5465260744094849
MaxLoss,9,0.4,0.0,175,3000,0,179,453,632,0.2369657856761478,0.134,0.5357222909806296,0,0,176,0.31843575418994413,0.36312849162011174,0.45051562786102295
MaxLoss,9,0.4,0.0,180,3000,0,184,421,605,0.22752494865562767,0.11960000000000004,0.5605799579643644,0,0,181,0.31521739130434784,0.358695652173913,0.49875906109809875
MaxLoss,9,0.4,0.0,185,3000,0,189,348,537,0.20365789777133614,0.11140000000000005,0.5915172499953769,0,0,186,0.31746031746031744,0.35978835978835977,0.4549132287502289
MaxLoss,9,0.4,0.0,190,3000,0,194,356,550,0.20823121524881572,0.10529999999999995,0.6231191249680705,0,0,191,0.31443298969072164,0.3556701030927835,0.4518578350543976
MaxLoss,9,0.4,0.0,195,3000,0,199,307,506,0.19273088016780093,0.07579999999999998,0.6528182909823954,0,0,196,0.3165829145728643,0.36180904522613067,0.4352772533893585
MaxLoss,9,0.4,0.0,200,3000,0,204,245,449,0.17255426640622318,0.04630000000000001,0.691347332962323,0,0,201,0.31862745098039214,0.3627450980392157,0.42219510674476624
MaxLoss,9,0.4,0.0,205,3000,0,209,306,515,0.1959064273396507,0.08940000000000003,0.726464582956396,0,0,206,0.32057416267942584,0.36363636363636365,0.43381062150001526
MaxLoss,9,0.4,0.0,210,3000,0,214,239,453,0.1739740094053559,0.06540000000000001,0.7609402499510907,0,0,211,0.3177570093457944,0.3598130841121495,0.4314000606536865
MaxLoss,9,0.4,0.0,215,3000,0,219,291,510,0.19414256286108866,0.0796,0.7820927079883404,0,0,216,0.3150684931506849,0.365296803652968,0.4592254161834717
MaxLoss,9,0.4,0.0,220,3000,0,224,212,436,0.16793585335835814,0.04859999999999998,0.8033430409850553,0,0,221,0.3125,0.3705357142857143,0.3931638300418854
MaxLoss,9,0.4,0.0,225,3000,0,229,336,565,0.2135017917607911,0.10219999999999996,0.8250782499671914,0,0,226,0.314410480349345,0.37554585152838427,0.37750741839408875
MaxLoss,9,0.4,0.0,230,3000,0,234,346,580,0.2187657785252668,0.10550000000000004,0.8479470829479396,0,0,231,0.3162393162393162,0.3803418803418803,0.39881348609924316
MaxLoss,9,0.4,0.0,235,3000,0,239,352,591,0.22262195614166558,0.10760000000000003,0.8712784579838626,0,0,236,0.3138075313807531,0.3807531380753138,0.4052928388118744
MaxLoss,9,0.4,0.0,240,3000,0,244,402,646,0.2418535309843719,0.11850000000000005,0.8977676249924116,0,0,241,0.3114754098360656,0.3770491803278688,0.36553940176963806
MaxLoss,9,0.4,0.0,245,3000,0,249,329,578,0.21806428756099194,0.09870000000000001,0.9248754999716766,0,0,246,0.3092369477911647,0.3815261044176707,0.38982251286506653
MaxLoss,9,0.4,0.0,250,3000,0,254,340,594,0.22367305267835036,0.09889999999999999,0.9517767079523765,0,0,251,0.30708661417322836,0.3779527559055118,0.3953211009502411
MaxLoss,9,0.4,0.0,255,3000,0,259,362,621,0.23312185192480683,0.11140000000000005,0.9895576249691658,0,0,256,0.3127413127413127,0.38223938223938225,0.36739426851272583
MaxLoss,9,0.4,0.0,260,3000,0,264,246,510,0.19414256286108866,0.0615,1.0222271659877151,0,0,261,0.3143939393939394,0.38636363636363635,0.34587937593460083
MaxLoss,9,0.4,0.0,265,3000,0,269,203,472,0.1807096485281363,0.05589999999999995,1.0562124159769155,0,0,266,0.31970260223048325,0.3940520446096654,0.3692498505115509
MaxLoss,9,0.4,0.0,270,3000,0,274,405,679,0.25335516850464046,0.12429999999999997,1.0929527909611352,0,0,271,0.32116788321167883,0.3978102189781022,0.35861197113990784
MaxLoss,9,0.4,0.0,275,3000,0,279,296,575,0.2170118367066607,0.08819999999999995,1.126048499951139,0,0,276,0.31899641577060933,0.4014336917562724,0.3882940113544464
MaxLoss,9,0.4,0.0,280,3000,0,284,255,539,0.20436182245612144,0.06610000000000005,1.1548090409487486,0,0,281,0.31690140845070425,0.40492957746478875,0.3739702105522156
MaxLoss,9,0.4,0.0,285,3000,0,289,243,532,0.20189754257444292,0.07520000000000004,1.189638665993698,0,0,286,0.31141868512110726,0.39792387543252594,0.4050467014312744
MaxLoss,9,0.4,0.0,290,3000,0,294,225,519,0.1973169335979037,0.06799999999999995,1.224645915965084,0,0,291,0.3129251700680272,0.3979591836734694,0.4295955300331116
MaxLoss,9,0.4,0.0,295,3000,0,299,198,497,0.189552646887023,0.0484,1.2563712499686517,0,0,296,0.31438127090301005,0.4013377926421405,0.40942060947418213
MaxLoss,9,0.4,0.0,300,3000,0,304,194,498,0.18990591826150194,0.06169999999999998,1.2822716659866273,0,0,301,0.3092105263157895,0.40131578947368424,0.4083033800125122
MaxLoss,9,0.4,0.0,305,3000,0,309,161,470,0.1800012559397146,0.05389999999999995,1.3093793749576434,0,0,306,0.3074433656957929,0.4077669902912621,0.40835341811180115
MaxLoss,9,0.4,0.0,310,3000,0,314,190,504,0.19202484015841037,0.04530000000000001,1.3371940829674713,0,0,311,0.31210191082802546,0.4171974522292994,0.3934856951236725
MaxLoss,9,0.4,0.0,315,3000,0,319,173,492,0.18778578046476468,0.062000000000000055,1.3629613749799319,0,0,316,0.31347962382445144,0.4169278996865204,0.4115980863571167
MaxLoss,9,0.4,0.0,320,3000,0,324,229,553,0.2092858671094291,0.07930000000000004,1.393970332981553,0,0,321,0.30864197530864196,0.4104938271604938,0.44759827852249146
MaxLoss,9,0.4,0.0,325,3000,0,329,149,478,0.18283396633341908,0.036800000000000055,1.4245180829893798,0,0,326,0.3130699088145897,0.4194528875379939,0.4659503400325775
MaxLoss,9,0.4,0.0,330,3000,0,334,210,544,0.2061210952233523,0.07050000000000001,1.455184999969788,0,0,331,0.3203592814371258,0.4251497005988024,0.43388867378234863
MaxLoss,9,0.4,0.0,335,3000,0,339,168,507,0.1930838503758423,0.04149999999999998,1.4871979159652255,0,0,336,0.3185840707964602,0.4277286135693215,0.41325774788856506
MaxLoss,9,0.4,0.0,340,3000,0,344,209,553,0.2092858671094291,0.08230000000000004,1.514214082970284,0,0,341,0.32558139534883723,0.4331395348837209,0.4330979287624359
MaxLoss,9,0.4,0.0,345,3000,0,349,280,629,0.23591775394743308,0.09119999999999995,1.5427897499757819,0,0,346,0.32664756446991405,0.4355300859598854,0.4144999384880066
MaxLoss,9,0.4,0.0,350,3000,0,354,100,454,0.174328850582242,0.02859999999999996,1.5750007909955457,0,0,351,0.3248587570621469,0.4350282485875706,0.43157970905303955
MaxLoss,9,0.4,0.0,355,3000,0,359,163,522,0.1983744747703895,0.04359999999999997,1.6071658749715425,0,0,356,0.32590529247910865,0.43454038997214484,0.4283519387245178
MaxLoss,9,0.4,0.0,360,3000,0,364,60,424,0.16366678231861442,0.014499999999999957,1.635625665949192,0,0,361,0.3241758241758242,0.43956043956043955,0.4348723590373993
MaxLoss,9,0.4,0.0,365,3000,0,369,60,429,0.16544626542599872,0.019100000000000006,1.6630936659639701,0,0,366,0.32791327913279134,0.44173441734417346,0.4660973846912384
MaxLoss,9,0.4,0.0,370,3000,0,374,68,442,0.17006824392592534,0.022700000000000053,1.6945196659653448,0,0,371,0.32620320855614976,0.44385026737967914,0.4617207646369934
MaxLoss,9,0.4,0.0,375,3000,0,379,191,570,0.21525717672193423,0.06220000000000003,1.7251488749752752,0,0,376,0.3245382585751979,0.44063324538258575,0.433800607919693
MaxLoss,9,0.4,0.0,380,3000,0,384,61,445,0.1711339132161811,0.026800000000000046,1.7564928329666145,0,0,381,0.3229166666666667,0.4453125,0.45572465658187866
MaxLoss,9,0.4,0.0,385,3000,0,389,302,691,0.2575310048996471,0.11439999999999995,1.7901972499676049,0,0,386,0.3213367609254499,0.442159383033419,0.4486185312271118
MaxLoss,9,0.4,0.0,390,3000,0,394,49,443,0.17042350576957688,0.01419999999999999,1.824060249957256,0,0,391,0.3223350253807107,0.44416243654822335,0.4504494369029999
MaxLoss,9,0.4,0.0,395,3000,0,399,200,599,0.22542432631598786,0.07699999999999996,1.8544410409522243,0,0,396,0.3208020050125313,0.44360902255639095,0.48406535387039185
MaxLoss,9,0.4,0.0,400,3000,0,404,153,557,0.21069165004882962,0.0625,1.896809832949657,0,0,401,0.32673267326732675,0.44801980198019803,0.46451351046562195
MaxLoss,9,0.4,0.0,405,3000,0,409,191,600,0.22577449848176911,0.07720000000000005,1.939397124981042,0,0,406,0.3276283618581907,0.4547677261613692,0.4907424747943878
MaxLoss,9,0.4,0.0,410,3000,0,414,146,560,0.21174567472189665,0.04920000000000002,1.9801416659611277,0,0,411,0.32608695652173914,0.45893719806763283,0.4424080550670624
MaxLoss,9,0.4,0.0,415,3000,0,419,101,520,0.19766947941388935,0.0383,2.018775582953822,0,0,416,0.324582338902148,0.4630071599045346,0.4262862503528595
MaxLoss,9,0.4,0.0,420,3000,0,424,195,619,0.23242261295672506,0.08450000000000002,2.05524733295897,0,0,421,0.32547169811320753,0.46462264150943394,0.46753138303756714
MaxLoss,9,0.4,0.0,425,3000,0,429,58,487,0.18601805780781433,0.0252,2.0997412499855272,0,0,426,0.32867132867132864,0.46853146853146854,0.4274337589740753
MaxLoss,9,0.4,0.0,430,3000,0,434,38,472,0.1807096485281363,0.021599999999999953,2.134484332986176,0,0,431,0.3294930875576037,0.4700460829493088,0.44931402802467346
MaxLoss,9,0.4,0.0,435,3000,0,439,175,614,0.23067405057372525,0.07720000000000005,2.165881457971409,0,0,436,0.33029612756264237,0.4715261958997722,0.45913034677505493
MaxLoss,9,0.4,0.0,440,3000,0,444,46,490,0.1870787946972996,0.02849999999999997,2.198020790994633,0,0,441,0.32882882882882886,0.47297297297297297,0.46300965547561646
MaxLoss,9,0.4,0.0,445,3000,0,449,127,576,0.21736268227687106,0.05720000000000003,2.2298934999853373,0,0,446,0.3273942093541203,0.46993318485523383,0.4683701694011688
MaxLoss,9,0.4,0.0,450,3000,0,454,10,464,0.17787520814454183,0.0131,2.261640290962532,0,0,451,0.32819383259911894,0.4713656387665198,0.4451700747013092
MaxLoss,9,0.4,0.0,455,3000,0,459,107,566,0.2138529270887375,0.03820000000000001,2.294032499950845,0,0,456,0.3289760348583878,0.4749455337690632,0.4466967284679413
MaxLoss,9,0.4,0.0,460,3000,0,464,142,606,0.22787495696684346,0.07430000000000003,2.32642512494931,0,0,461,0.3254310344827586,0.47413793103448276,0.4660932123661041
MaxLoss,9,0.4,0.0,465,3000,0,469,10,479,0.18318789481418207,0.01429999999999998,2.3583402909571305,0,0,466,0.32409381663113007,0.47334754797441364,0.47069352865219116
MaxLoss,9,0.4,0.0,470,3000,0,474,50,524,0.1990793421282433,0.043200000000000016,2.3929992499761283,0,0,471,0.3291139240506329,0.47890295358649787,0.4622722268104553
MaxLoss,9,0.4,0.0,475,3000,0,479,104,583,0.21981780178612098,0.05710000000000004,2.428382040990982,0,0,476,0.3298538622129436,0.4780793319415449,0.4593812823295593
MaxLoss,9,0.4,0.0,480,3000,0,484,18,502,0.19131866691168398,0.030100000000000016,2.45994658296695,0,0,481,0.3285123966942149,0.4793388429752066,0.4711213707923889
MaxLoss,9,0.4,0.0,485,3000,0,489,42,531,0.20154537784401327,0.027200000000000002,2.491843624971807,0,0,486,0.32515337423312884,0.4785276073619632,0.47985997796058655
MaxLoss,9,0.4,0.0,490,3000,0,494,26,520,0.19766947941388935,0.01970000000000005,2.527264832984656,0,0,491,0.32388663967611336,0.4757085020242915,0.4605770409107208
MaxLoss,9,0.4,0.0,495,3000,0,499,115,614,0.23067405057372525,0.06830000000000003,2.5592221249826252,0,0,496,0.32064128256513025,0.4729458917835671,0.47086870670318604
MaxLoss,9,0.4,0.0,500,3000,0,504,38,542,0.20541747816605493,0.03069999999999995,2.594423915958032,0,0,501,0.31746031746031744,0.47023809523809523,0.46086397767066956
MaxLoss,9,0.4,0.0,505,3000,0,509,8,517,0.1966117451665923,0.01870000000000005,2.6328775829751976,0,0,506,0.3143418467583497,0.46954813359528486,0.46192172169685364
MaxLoss,9,0.4,0.0,507,3000,0,511,0,511,0.1944954011705704,0.010499999999999954,2.656358582957182,1,0,508,0.3131115459882583,0.46771037181996084,0.4859618842601776
PU-C,9,0.4,0.0,0,3000,0,4,547,551,0.20858279598178342,0.13890000000000002,0.013441000017337501,0,0,1,0.0,0.25,0.5396652817726135
PU-C,9,0.4,0.0,5,3000,0,9,387,396,0.15368237491929904,0.08840000000000003,0.04513854201650247,0,0,6,0.3333333333333333,0.4444444444444444,0.6649153232574463
PU-C,9,0.4,0.0,10,3000,0,14,538,552,0.20893434656318277,0.13380000000000003,0.07681062503252178,0,0,11,0.42857142857142855,0.5,0.6964432001113892
PU-C,9,0.4,0.0,15,3000,0,19,599,618,0.23207295371685177,0.15090000000000003,0.10431812499882653,0,0,16,0.42105263157894735,0.47368421052631576,0.7594431638717651
PU-C,9,0.4,0.0,20,3000,0,24,576,600,0.22577449848176911,0.14629999999999999,0.12881449999986216,0,0,21,0.4583333333333333,0.5,0.7924970388412476
PU-C,9,0.4,0.0,25,3000,0,29,587,616,0.23137355543440208,0.15000000000000002,0.15567758301040158,0,0,26,0.4482758620689655,0.4827586206896552,0.8246832489967346
PU-C,9,0.4,0.0,30,3000,0,34,580,614,0.23067405057372525,0.14990000000000003,0.18052933301078156,0,0,31,0.47058823529411764,0.5,0.8449321985244751
PU-C,9,0.4,0.0,35,3000,0,39,514,553,0.2092858671094291,0.13080000000000003,0.20866112504154444,0,0,36,0.4358974358974359,0.46153846153846156,0.8360222578048706
PU-C,9,0.4,0.0,40,3000,0,44,562,606,0.22787495696684346,0.14500000000000002,0.23839654203038663,0,0,41,0.4318181818181818,0.45454545454545453,0.8331008553504944
PU-C,9,0.4,0.0,45,3000,0,49,532,581,0.2191164813702926,0.1361,0.26937645801808685,0,0,46,0.40816326530612246,0.42857142857142855,0.8356456756591797
PU-C,9,0.4,0.0,50,3000,0,54,549,603,0.2268248504260555,0.13770000000000004,0.29608749999897555,0,0,51,0.42592592592592593,0.4444444444444444,0.8498895764350891
PU-C,9,0.4,0.0,55,3000,0,59,517,576,0.21736268227687106,0.13460000000000005,0.321551792032551,0,0,56,0.4745762711864407,0.4915254237288136,0.8365653157234192
PU-C,9,0.4,0.0,60,3000,0,64,543,607,0.2282249380950816,0.13770000000000004,0.3524953750311397,0,0,61,0.46875,0.484375,0.8470558524131775
PU-C,9,0.4,0.0,65,3000,0,69,507,576,0.21736268227687106,0.13249999999999995,0.38553787500131875,0,0,66,0.463768115942029,0.5072463768115942,0.8502647280693054
PU-C,9,0.4,0.0,70,3000,0,74,545,619,0.23242261295672506,0.14090000000000003,0.4173974580480717,0,0,71,0.47297297297297297,0.5405405405405406,0.8652525544166565
PU-C,9,0.4,0.0,75,3000,0,79,502,581,0.2191164813702926,0.13139999999999996,0.4516394580132328,0,0,76,0.45569620253164556,0.5569620253164557,0.8534550070762634
PU-C,9,0.4,0.0,80,3000,0,84,545,629,0.23591775394743308,0.1422,0.4777139170328155,0,0,81,0.4642857142857143,0.5595238095238095,0.8605976700782776
PU-C,9,0.4,0.0,85,3000,0,89,491,580,0.2187657785252668,0.12980000000000003,0.5592771670198999,0,0,86,0.43820224719101125,0.550561797752809,0.8603950142860413
PU-C,9,0.4,0.0,90,3000,0,94,549,643,0.2408065793570131,0.14639999999999997,0.5895907080266625,0,0,91,0.425531914893617,0.5425531914893617,0.8694175481796265
PU-C,9,0.4,0.0,95,3000,0,99,487,586,0.22086957044666633,0.12839999999999996,0.6134661250398494,0,0,96,0.40404040404040403,0.5252525252525253,0.8529557585716248
PU-C,9,0.4,0.0,100,3000,0,104,526,630,0.23626712389523163,0.14,0.636770292010624,0,0,101,0.38461538461538464,0.5,0.8645205497741699
PU-C,9,0.4,0.0,105,3000,0,109,475,584,0.2201684195897542,0.12429999999999997,0.6622376670129597,0,0,106,0.3761467889908257,0.48623853211009177,0.8429362177848816
PU-C,9,0.4,0.0,110,3000,0,114,508,622,0.23347143176943064,0.13729999999999998,0.684149167034775,0,0,111,0.37719298245614036,0.4824561403508772,0.8557988405227661
PU-C,9,0.4,0.0,115,3000,0,119,456,575,0.2170118367066607,0.11950000000000005,0.709601583017502,0,0,116,0.3865546218487395,0.48739495798319327,0.8418464660644531
PU-C,9,0.4,0.0,120,3000,0,124,509,633,0.23731507768388838,0.13870000000000005,0.7437533750198781,0,0,121,0.4032258064516129,0.5080645161290323,0.839660108089447
PU-C,9,0.4,0.0,125,3000,0,129,546,675,0.2519624548731372,0.1594,0.7763231249991804,0,0,126,0.40310077519379844,0.5271317829457365,0.8644220232963562
PU-C,9,0.4,0.0,130,3000,0,134,491,625,0.23452001297846437,0.13049999999999995,0.8113205000408925,0,0,131,0.3880597014925373,0.5074626865671642,0.743828535079956
PU-C,9,0.4,0.0,135,3000,0,139,487,626,0.23486948752542958,0.13119999999999998,0.8421042920090258,0,0,136,0.37410071942446044,0.4892086330935252,0.7891971468925476
PU-C,9,0.4,0.0,140,3000,0,144,505,649,0.24290025437949225,0.14090000000000003,0.8749927920289338,0,0,141,0.3680555555555556,0.4861111111111111,0.698250412940979
PU-C,9,0.4,0.0,145,3000,0,149,410,559,0.21139436279190704,0.11699999999999999,0.9021627500187606,0,0,146,0.3624161073825503,0.47651006711409394,0.6670958399772644
PU-C,9,0.4,0.0,150,3000,0,154,504,658,0.2460390658234246,0.14839999999999998,0.9299547499977052,0,0,151,0.36363636363636365,0.474025974025974,0.706583559513092
PU-C,9,0.4,0.0,155,3000,0,159,386,545,0.20647285785526037,0.1109,0.9566182920243591,0,0,156,0.3710691823899371,0.4779874213836478,0.6423810720443726
PU-C,9,0.4,0.0,160,3000,0,164,432,596,0.2243736449163407,0.12919999999999998,0.9912594170309603,0,0,161,0.36585365853658536,0.47560975609756095,0.6440438628196716
PU-C,9,0.4,0.0,165,3000,0,169,490,659,0.24638769769808277,0.13949999999999996,1.0266186250373721,0,0,166,0.3609467455621302,0.46745562130177515,0.5729842782020569
PU-C,9,0.4,0.0,170,3000,0,174,474,648,0.2425513718626462,0.13060000000000005,1.066251625015866,0,0,171,0.3563218390804598,0.45977011494252873,0.5013103485107422
PU-C,9,0.4,0.0,175,3000,0,179,386,565,0.2135017917607911,0.10850000000000004,1.1048793329973705,0,0,176,0.3463687150837989,0.44692737430167595,0.5333526730537415
PU-C,9,0.4,0.0,180,3000,0,184,370,554,0.20963735767873004,0.10370000000000001,1.1377201250288635,0,0,181,0.34782608695652173,0.44565217391304346,0.5189470648765564
PU-C,9,0.4,0.0,185,3000,0,189,408,597,0.22472389962058514,0.1169,1.1712566670030355,0,0,186,0.3439153439153439,0.43915343915343913,0.46158459782600403
PU-C,9,0.4,0.0,190,3000,0,194,314,508,0.19343678752193227,0.08930000000000005,1.2071346250013448,0,0,191,0.33505154639175255,0.4329896907216495,0.4976978003978729
PU-C,9,0.4,0.0,195,3000,0,199,373,572,0.21595912729389966,0.10370000000000001,1.247247542021796,0,0,196,0.3316582914572864,0.4321608040201005,0.4515204429626465
PU-C,9,0.4,0.0,200,3000,0,204,311,515,0.1959064273396507,0.07399999999999995,1.28460900002392,0,0,201,0.3235294117647059,0.4215686274509804,0.4625754654407501
PU-C,9,0.4,0.0,205,3000,0,209,256,465,0.17822964064544067,0.06120000000000003,1.3211707080481574,0,0,206,0.3253588516746411,0.4258373205741627,0.5080612301826477
PU-C,9,0.4,0.0,210,3000,0,214,318,532,0.20189754257444292,0.07869999999999999,1.3591673750197515,0,0,211,0.3177570093457944,0.4252336448598131,0.45983073115348816
PU-C,9,0.4,0.0,215,3000,0,219,271,490,0.1870787946972996,0.07430000000000003,1.3878608330269344,0,0,216,0.3105022831050228,0.4200913242009132,0.46399667859077454
PU-C,9,0.4,0.0,220,3000,0,224,401,625,0.23452001297846437,0.11229999999999996,1.4148810420301743,0,0,221,0.3080357142857143,0.41517857142857145,0.37331345677375793
PU-C,9,0.4,0.0,225,3000,0,229,241,470,0.1800012559397146,0.06669999999999998,1.443027625035029,0,0,226,0.3056768558951965,0.4148471615720524,0.38379961252212524
PU-C,9,0.4,0.0,230,3000,0,234,261,495,0.18884600239107385,0.0655,1.4739799580420367,0,0,231,0.29914529914529914,0.41452991452991456,0.45988669991493225
PU-C,9,0.4,0.0,235,3000,0,239,233,472,0.1807096485281363,0.056599999999999984,1.53978004201781,0,0,236,0.2928870292887029,0.4100418410041841,0.4454977810382843
PU-C,9,0.4,0.0,240,3000,0,244,188,432,0.16651347110746428,0.04949999999999999,1.5799090830259956,0,0,241,0.29508196721311475,0.4098360655737705,0.39403003454208374
PU-C,9,0.4,0.0,245,3000,0,249,168,417,0.16117378696799278,0.04139999999999999,1.6161200000206009,0,0,246,0.2891566265060241,0.40160642570281124,0.4761953055858612
PU-C,9,0.4,0.0,250,3000,0,254,324,578,0.21806428756099194,0.0907,1.6478132920456119,0,0,251,0.2992125984251969,0.4094488188976378,0.44896966218948364
PU-C,9,0.4,0.0,255,3000,0,259,262,521,0.19802199315745384,0.0766,1.6915680000092834,0,0,256,0.30115830115830117,0.41312741312741313,0.41279879212379456
PU-C,9,0.4,0.0,260,3000,0,264,383,647,0.2422024640836753,0.11270000000000002,1.7395678750472143,0,0,261,0.29545454545454547,0.4053030303030303,0.37150806188583374
PU-C,9,0.4,0.0,265,3000,0,269,249,518,0.1969643555348739,0.06789999999999996,1.7829442920046858,0,0,266,0.29739776951672864,0.40892193308550184,0.5132126212120056
PU-C,9,0.4,0.0,270,3000,0,274,147,421,0.16259860317222774,0.035800000000000054,1.828558667039033,0,0,271,0.3029197080291971,0.4124087591240876,0.5349268913269043
PU-C,9,0.4,0.0,275,3000,0,279,203,482,0.18424946861341596,0.05589999999999995,1.8719354580389336,0,0,276,0.30824372759856633,0.4157706093189964,0.4864809811115265
PU-C,9,0.4,0.0,280,3000,0,284,169,453,0.1739740094053559,0.05479999999999996,1.9164189580478705,0,0,281,0.30633802816901406,0.4119718309859155,0.4565180242061615
PU-C,9,0.4,0.0,285,3000,0,289,193,482,0.18424946861341596,0.05830000000000002,1.96240741701331,0,0,286,0.314878892733564,0.42214532871972316,0.3241785764694214
PU-C,9,0.4,0.0,290,3000,0,294,284,578,0.21806428756099194,0.08220000000000005,2.1826158750336617,0,0,291,0.30952380952380953,0.4217687074829932,0.3696165084838867
PU-C,9,0.4,0.0,295,3000,0,299,320,619,0.23242261295672506,0.10799999999999998,2.220614417048637,0,0,296,0.30434782608695654,0.41471571906354515,0.3309626281261444
PU-C,9,0.4,0.0,300,3000,0,304,208,512,0.19484820670913905,0.07199999999999995,2.2706606670399196,0,0,301,0.2993421052631579,0.41118421052631576,0.3235488533973694
PU-C,9,0.4,0.0,305,3000,0,309,242,551,0.20858279598178342,0.07669999999999999,2.3089764580363408,0,0,306,0.29449838187702265,0.4045307443365696,0.31188371777534485
PU-C,9,0.4,0.0,310,3000,0,314,190,504,0.19202484015841037,0.07130000000000003,2.3983527080272324,0,0,311,0.2961783439490446,0.40764331210191085,0.36240506172180176
PU-C,9,0.4,0.0,315,3000,0,319,256,575,0.2170118367066607,0.07150000000000001,2.448795083037112,0,0,316,0.29153605015673983,0.4012539184952978,0.41166672110557556
PU-C,9,0.4,0.0,320,3000,0,324,152,476,0.18212600302649662,0.05049999999999999,2.4952837500022724,0,0,321,0.2932098765432099,0.4012345679012346,0.41750016808509827
PU-C,9,0.4,0.0,325,3000,0,329,277,606,0.22787495696684346,0.09709999999999996,2.532022333005443,0,0,326,0.2948328267477204,0.4012158054711246,0.2037019282579422
PU-C,9,0.4,0.0,330,3000,0,334,142,476,0.18212600302649662,0.05289999999999995,2.5661502919974737,0,0,331,0.3023952095808383,0.4101796407185629,0.4847515821456909
PU-C,9,0.4,0.0,335,3000,0,339,157,496,0.18919934157747775,0.06430000000000002,2.6015061250072904,0,0,336,0.30973451327433627,0.41887905604719766,0.5264171361923218
PU-C,9,0.4,0.0,340,3000,0,344,158,502,0.19131866691168398,0.053200000000000025,2.641528833017219,0,0,341,0.313953488372093,0.42151162790697677,0.5106672644615173
PU-C,9,0.4,0.0,345,3000,0,349,237,586,0.22086957044666633,0.08040000000000003,2.714566625014413,0,0,346,0.3151862464183381,0.42120343839541546,0.5386542677879333
PU-C,9,0.4,0.0,350,3000,0,354,156,510,0.19414256286108866,0.049900000000000055,2.7536804170231335,0,0,351,0.3163841807909605,0.4209039548022599,0.5010574460029602
PU-C,9,0.4,0.0,355,3000,0,359,151,510,0.19414256286108866,0.05379999999999996,2.7993200829951093,0,0,356,0.31754874651810583,0.4206128133704735,0.6162477731704712
PU-C,9,0.4,0.0,360,3000,0,364,214,578,0.21806428756099194,0.07679999999999998,2.8399012500303797,0,0,361,0.32142857142857145,0.4258241758241758,0.5787762403488159
PU-C,9,0.4,0.0,365,3000,0,369,137,506,0.19273088016780093,0.05740000000000001,2.896710958040785,0,0,366,0.3224932249322493,0.4254742547425474,0.5578199625015259
PU-C,9,0.4,0.0,370,3000,0,374,191,565,0.2135017917607911,0.07220000000000004,2.9464099170290865,0,0,371,0.3235294117647059,0.4304812834224599,0.5200070738792419
PU-C,9,0.4,0.0,375,3000,0,379,168,547,0.20717629184946418,0.06230000000000002,2.9974387080292217,0,0,376,0.31926121372031663,0.42480211081794195,0.5296253561973572
PU-C,9,0.4,0.0,380,3000,0,384,215,599,0.22542432631598786,0.0937,3.0539367080200464,0,0,381,0.3151041666666667,0.4244791666666667,0.4912636876106262
PU-C,9,0.4,0.0,385,3000,0,389,125,514,0.1955537197063677,0.04579999999999995,3.098821667023003,0,0,386,0.31362467866323906,0.4241645244215938,0.5412412285804749
PU-C,9,0.4,0.0,390,3000,0,394,100,494,0.18849262921139598,0.03979999999999995,3.1375375000061467,0,0,391,0.3147208121827411,0.4263959390862944,0.6235478520393372
PU-C,9,0.4,0.0,395,3000,0,399,245,644,0.24115558865014464,0.0937,3.1779138750280254,0,0,396,0.3132832080200501,0.42355889724310775,0.7633845210075378
PU-C,9,0.4,0.0,400,3000,0,404,93,497,0.189552646887023,0.0413,3.217433250043541,0,0,401,0.3118811881188119,0.42326732673267325,0.6650420427322388
PU-C,9,0.4,0.0,405,3000,0,409,232,641,0.24010848422767594,0.08320000000000005,3.257825250038877,0,0,406,0.3080684596577017,0.4254278728606357,0.642498791217804
PU-C,9,0.4,0.0,410,3000,0,414,231,645,0.24150457250652835,0.07950000000000002,3.312250583025161,0,0,411,0.30676328502415456,0.4251207729468599,0.5697524547576904
PU-C,9,0.4,0.0,415,3000,0,419,224,643,0.2408065793570131,0.0797,3.3600109170074575,0,0,416,0.31026252983293556,0.42720763723150357,0.6013684868812561
PU-C,9,0.4,0.0,420,3000,0,424,113,537,0.20365789777133614,0.05130000000000001,3.4062013330403715,0,0,421,0.3089622641509434,0.42924528301886794,0.5927819013595581
PU-C,9,0.4,0.0,425,3000,0,429,131,560,0.21174567472189665,0.04569999999999996,3.4542926250142045,0,0,426,0.3076923076923077,0.43123543123543123,0.6492570638656616
PU-C,9,0.4,0.0,430,3000,0,434,137,571,0.21560816647252068,0.05679999999999996,3.499128625029698,0,0,431,0.30414746543778803,0.4308755760368664,0.6236296892166138
PU-C,9,0.4,0.0,435,3000,0,439,178,617,0.23172326787607744,0.06000000000000005,3.537364332994912,0,0,436,0.30751708428246016,0.43735763097949887,0.7267091870307922
PU-C,9,0.4,0.0,440,3000,0,444,140,584,0.2201684195897542,0.06440000000000001,3.574331792013254,0,0,441,0.30855855855855857,0.4369369369369369,0.7454090714454651
PU-C,9,0.4,0.0,445,3000,0,449,147,596,0.2243736449163407,0.049799999999999955,3.6259529170347378,0,0,446,0.3051224944320713,0.43429844097995546,0.7686306834220886
PU-C,9,0.4,0.0,450,3000,0,454,87,541,0.20506562368245795,0.03739999999999999,3.6684879999957047,0,0,451,0.30176211453744495,0.43171806167400884,0.7264349460601807
PU-C,9,0.4,0.0,455,3000,0,459,73,532,0.20189754257444292,0.04420000000000002,3.715441708045546,0,0,456,0.3006535947712418,0.42919389978213507,0.7640514969825745
PU-C,9,0.4,0.0,460,3000,0,464,97,561,0.21209695702418685,0.0474,3.771983667043969,0,0,461,0.2995689655172414,0.42887931034482757,0.7167465686798096
PU-C,9,0.4,0.0,465,3000,0,469,153,622,0.23347143176943064,0.06920000000000004,3.816511625016574,0,0,466,0.3006396588486141,0.43283582089552236,0.7498210072517395
PU-C,9,0.4,0.0,470,3000,0,474,110,584,0.2201684195897542,0.05410000000000004,3.865274833049625,0,0,471,0.3037974683544304,0.4345991561181435,0.7169491648674011
PU-C,9,0.4,0.0,475,3000,0,479,116,595,0.224023362621665,0.05669999999999997,3.9032932920381427,0,0,476,0.302713987473904,0.4342379958246347,0.7806183695793152
PU-C,9,0.4,0.0,480,3000,0,484,108,592,0.22297234943835065,0.047799999999999954,3.940818250004668,0,0,481,0.30578512396694213,0.4359504132231405,0.7371235489845276
PU-C,9,0.4,0.0,485,3000,0,489,110,599,0.22542432631598786,0.06269999999999998,3.9833812920260243,0,0,486,0.30265848670756645,0.43149284253578735,0.7764984369277954
PU-C,9,0.4,0.0,490,3000,0,494,166,660,0.24673630471806973,0.08120000000000005,4.025135167001281,0,0,491,0.29959514170040485,0.4271255060728745,0.8140296339988708
PU-C,9,0.4,0.0,495,3000,0,499,51,550,0.20823121524881572,0.03280000000000005,4.068364042032044,0,0,496,0.3046092184368738,0.4308617234468938,0.7819706797599792
PU-C,9,0.4,0.0,500,3000,0,504,174,678,0.25300702633103356,0.08579999999999999,4.109084292023908,0,0,501,0.30357142857142855,0.4305555555555556,0.8283023238182068
PU-C,9,0.4,0.0,505,3000,0,509,27,536,0.20330588897923008,0.026699999999999946,4.15905112499604,0,0,506,0.3005893909626719,0.4263261296660118,0.7862502336502075
PU-C,9,0.4,0.0,510,3000,0,514,45,559,0.21139436279190704,0.032200000000000006,4.202077875030227,0,0,511,0.29766536964980544,0.4280155642023346,0.7431516051292419
PU-C,9,0.4,0.0,515,3000,0,519,26,545,0.20647285785526037,0.0343,4.257675042026676,0,0,516,0.29672447013487474,0.4277456647398844,0.7860388159751892
PU-C,9,0.4,0.0,520,3000,0,524,124,648,0.2425513718626462,0.050799999999999956,4.309987417014781,0,0,521,0.2958015267175573,0.4255725190839695,0.7368637919425964
PU-C,9,0.4,0.0,525,3000,0,529,59,588,0.22157060878816992,0.04259999999999997,4.362439875025302,0,0,526,0.29300567107750475,0.42344045368620037,0.7093100547790527
PU-C,9,0.4,0.0,530,3000,0,534,52,586,0.22086957044666633,0.044499999999999984,4.40798708301736,0,0,531,0.2902621722846442,0.42134831460674155,0.7614440321922302
PU-C,9,0.4,0.0,535,3000,0,539,21,560,0.21174567472189665,0.02749999999999997,4.448569958040025,0,0,536,0.287569573283859,0.4174397031539889,0.7350879907608032
PU-C,9,0.4,0.0,540,3000,0,544,206,750,0.2780136712244712,0.09830000000000005,4.506842333008535,0,0,541,0.2849264705882353,0.41360294117647056,0.8112059831619263
PU-C,9,0.4,0.0,545,3000,0,549,90,639,0.23941028682747856,0.055300000000000016,4.54895316704642,0,0,546,0.28233151183970856,0.4098360655737705,0.7620034217834473
PU-C,9,0.4,0.0,550,3000,0,554,58,612,0.22997443861095235,0.04569999999999996,4.590011417050846,0,0,551,0.2851985559566787,0.4151624548736462,0.780699610710144
PU-C,9,0.4,0.0,555,3000,0,559,79,638,0.239061149652116,0.05249999999999999,4.643430416996125,0,0,556,0.2844364937388193,0.41681574239713776,0.816068172454834
PU-C,9,0.4,0.0,560,3000,0,564,44,608,0.22857489221496508,0.03990000000000005,4.709202542027924,0,0,561,0.28191489361702127,0.41312056737588654,0.808354377746582
PU-C,9,0.4,0.0,565,3000,0,569,40,609,0.22892481921007857,0.03610000000000002,4.765662999998312,0,0,566,0.27943760984182775,0.4112478031634446,0.7925834059715271
PU-C,9,0.4,0.0,570,3000,0,574,42,616,0.23137355543440208,0.037900000000000045,4.820066167041659,0,0,571,0.2787456445993031,0.41114982578397213,0.8092517852783203
PU-C,9,0.4,0.0,575,3000,0,579,4,583,0.21981780178612098,0.022499999999999964,4.87290600000415,0,0,576,0.2763385146804836,0.40932642487046633,0.7858244180679321
PU-C,9,0.4,0.0,580,3000,0,584,79,663,0.2477819771738723,0.057599999999999985,4.9128124580020085,0,0,581,0.273972602739726,0.4075342465753425,0.8443715572357178
PU-C,9,0.4,0.0,585,3000,0,589,6,595,0.224023362621665,0.02859999999999996,4.954523292020895,0,0,586,0.27164685908319186,0.4057724957555178,0.8481588959693909
PU-C,9,0.4,0.0,590,3000,0,594,72,666,0.24882742739282548,0.055499999999999994,5.000762375013437,0,0,591,0.26936026936026936,0.40235690235690236,0.8311643600463867
PU-C,9,0.4,0.0,595,3000,0,599,2,601,0.22612464317353442,0.02100000000000002,5.046977207995951,0,0,596,0.2671118530884808,0.4056761268781302,0.8309123516082764
PU-C,9,0.4,0.0,596,3000,0,600,58,658,0.2460390658234246,0.05230000000000001,5.061940500047058,0,1,597,0.26666666666666666,0.405,0.8460070490837097
PU-F,9,0.4,0.0,0,3000,0,4,515,519,0.1973169335979037,0.12170000000000003,0.009547959023620933,0,0,1,0.0,0.25,0.5793342590332031
PU-F,9,0.4,0.0,5,3000,0,9,619,628,0.2355683579808101,0.16080000000000005,0.08221487503033131,0,0,6,0.4444444444444444,0.5555555555555556,0.7011237740516663
PU-F,9,0.4,0.0,10,3000,0,14,411,425,0.16402276017470285,0.09630000000000005,0.1583039170363918,0,0,11,0.5714285714285714,0.6428571428571429,0.7165358066558838
PU-F,9,0.4,0.0,15,3000,0,19,607,626,0.23486948752542958,0.16259999999999997,0.2540983340004459,0,0,16,0.6842105263157895,0.7368421052631579,0.7879759073257446
PU-F,9,0.4,0.0,20,3000,0,24,590,614,0.23067405057372525,0.1532,0.2966671669855714,0,0,21,0.6666666666666666,0.7083333333333334,0.7674723863601685
PU-F,9,0.4,0.0,25,3000,0,29,597,626,0.23486948752542958,0.16379999999999995,0.3391940000001341,0,0,26,0.6206896551724138,0.6551724137931034,0.8338593244552612
PU-F,9,0.4,0.0,30,3000,0,34,593,627,0.23521893582073972,0.15659999999999996,0.3788883750094101,0,0,31,0.5588235294117647,0.5882352941176471,0.7940815687179565
PU-F,9,0.4,0.0,35,3000,0,39,587,626,0.23486948752542958,0.1572,0.44197595899458975,0,0,36,0.48717948717948717,0.5128205128205128,0.8360705971717834
PU-F,9,0.4,0.0,40,3000,0,44,575,619,0.23242261295672506,0.15000000000000002,0.5108492500148714,0,0,41,0.4318181818181818,0.45454545454545453,0.7894551753997803
PU-F,9,0.4,0.0,45,3000,0,49,571,620,0.23277224571211264,0.15159999999999996,0.5926089590066113,0,0,46,0.3877551020408163,0.40816326530612246,0.8307009935379028
PU-F,9,0.4,0.0,50,3000,0,54,551,605,0.22752494865562767,0.14359999999999995,0.6871012090123259,0,0,51,0.35185185185185186,0.37037037037037035,0.7860861420631409
PU-F,9,0.4,0.0,55,3000,0,59,556,615,0.23102381633361802,0.14839999999999998,0.7872377919848077,0,0,56,0.3728813559322034,0.3898305084745763,0.8251920938491821
PU-F,9,0.4,0.0,60,3000,0,64,531,595,0.224023362621665,0.13749999999999996,0.9112287919851951,0,0,61,0.34375,0.375,0.7830590605735779
PU-F,9,0.4,0.0,65,3000,0,69,555,624,0.23417051223805174,0.14949999999999997,1.0012415840174071,0,0,66,0.3188405797101449,0.34782608695652173,0.8227390646934509
PU-F,9,0.4,0.0,70,3000,0,74,528,602,0.22647476044949144,0.13649999999999995,1.1262384590227157,0,0,71,0.32432432432432434,0.35135135135135137,0.7850486040115356
PU-F,9,0.4,0.0,75,3000,0,79,539,618,0.23207295371685177,0.1472,1.2332643340341747,0,0,76,0.3291139240506329,0.379746835443038,0.8180809020996094
PU-F,9,0.4,0.0,80,3000,0,84,508,592,0.22297234943835065,0.13070000000000004,1.351869167003315,0,0,81,0.3333333333333333,0.40476190476190477,0.7823639512062073
PU-F,9,0.4,0.0,85,3000,0,89,525,614,0.23067405057372525,0.14190000000000003,1.4397180840023793,0,0,86,0.34831460674157305,0.43820224719101125,0.8199405074119568
PU-F,9,0.4,0.0,90,3000,0,94,496,590,0.22227153496351093,0.12719999999999998,1.5406964999856427,0,0,91,0.32978723404255317,0.425531914893617,0.7884966731071472
PU-F,9,0.4,0.0,95,3000,0,99,515,614,0.23067405057372525,0.13929999999999998,1.6194080840214156,0,0,96,0.3333333333333333,0.42424242424242425,0.826723575592041
PU-F,9,0.4,0.0,100,3000,0,104,490,594,0.22367305267835036,0.12470000000000003,1.7315502089913934,0,0,101,0.3269230769230769,0.4326923076923077,0.7947519421577454
PU-F,9,0.4,0.0,105,3000,0,109,507,616,0.23137355543440208,0.1382,1.8367912090034224,0,0,106,0.3302752293577982,0.44036697247706424,0.8302894234657288
PU-F,9,0.4,0.0,110,3000,0,114,478,592,0.22297234943835065,0.12119999999999997,1.9534951249952428,0,0,111,0.32456140350877194,0.4473684210526316,0.8002656698226929
PU-F,9,0.4,0.0,115,3000,0,119,496,615,0.23102381633361802,0.13649999999999995,2.057553459017072,0,0,116,0.33613445378151263,0.46218487394957986,0.8291723728179932
PU-F,9,0.4,0.0,120,3000,0,124,468,592,0.22297234943835065,0.11939999999999995,2.1443118340102956,0,0,121,0.3387096774193548,0.47580645161290325,0.800731360912323
PU-F,9,0.4,0.0,125,3000,0,129,455,584,0.2201684195897542,0.11660000000000004,2.276002625003457,0,0,126,0.34108527131782945,0.4806201550387597,0.7970643043518066
PU-F,9,0.4,0.0,130,3000,0,134,359,493,0.1881392219220288,0.08689999999999998,2.360293375037145,0,0,131,0.3358208955223881,0.4701492537313433,0.7659760117530823
PU-F,9,0.4,0.0,135,3000,0,139,558,697,0.25961764075327665,0.16000000000000003,2.453279209032189,0,0,136,0.33093525179856115,0.4676258992805755,0.8629825115203857
PU-F,9,0.4,0.0,140,3000,0,144,379,523,0.19872692442731932,0.09609999999999996,2.589303500019014,0,0,141,0.3333333333333333,0.4652777777777778,0.716172456741333
PU-F,9,0.4,0.0,145,3000,0,149,489,638,0.239061149652116,0.13770000000000004,2.684352000011131,0,0,146,0.3221476510067114,0.44966442953020136,0.8259994983673096
PU-F,9,0.4,0.0,150,3000,0,154,306,460,0.17645711061777547,0.059599999999999986,2.8077065420220606,0,0,151,0.3246753246753247,0.45454545454545453,0.6674878001213074
PU-F,9,0.4,0.0,155,3000,0,159,475,634,0.2376643437310122,0.13360000000000005,2.919550375023391,0,0,156,0.3270440251572327,0.4528301886792453,0.7865149974822998
PU-F,9,0.4,0.0,160,3000,0,164,339,503,0.19167177024064586,0.07769999999999999,3.027733209019061,0,0,161,0.3353658536585366,0.4573170731707317,0.5839261412620544
PU-F,9,0.4,0.0,165,3000,0,169,440,609,0.22892481921007857,0.12309999999999999,3.1093179170275107,0,0,166,0.33727810650887574,0.4556213017751479,0.7716540098190308
PU-F,9,0.4,0.0,170,3000,0,174,360,534,0.20260177814634517,0.09009999999999996,3.190598000015598,0,0,171,0.3275862068965517,0.4425287356321839,0.6002588868141174
PU-F,9,0.4,0.0,175,3000,0,179,394,573,0.21631005924427882,0.10640000000000005,3.275153084017802,0,0,176,0.31843575418994413,0.4301675977653631,0.6825668215751648
PU-F,9,0.4,0.0,180,3000,0,184,323,507,0.1930838503758423,0.07779999999999998,3.3752234170096926,0,0,181,0.31521739130434784,0.42391304347826086,0.5898160338401794
PU-F,9,0.4,0.0,185,3000,0,189,416,605,0.22752494865562767,0.10270000000000001,3.4605557920294814,0,0,186,0.31746031746031744,0.42328042328042326,0.541403591632843
PU-F,9,0.4,0.0,190,3000,0,194,335,529,0.20084095414495096,0.0867,3.5429026249912567,0,0,191,0.31443298969072164,0.422680412371134,0.5673336386680603
PU-F,9,0.4,0.0,195,3000,0,199,432,631,0.23661646782420576,0.10760000000000003,3.6273956670193,0,0,196,0.3065326633165829,0.41708542713567837,0.6274799704551697
PU-F,9,0.4,0.0,200,3000,0,204,350,554,0.20963735767873004,0.09250000000000003,3.7046757920179516,0,0,201,0.29901960784313725,0.4117647058823529,0.5961899161338806
PU-F,9,0.4,0.0,205,3000,0,209,321,530,0.2011931817396544,0.08399999999999996,3.7920574590098113,0,0,206,0.2966507177033493,0.40669856459330145,0.6275354623794556
PU-F,9,0.4,0.0,210,3000,0,214,244,458,0.17574783985037357,0.06230000000000002,3.8596740840002894,0,0,211,0.29439252336448596,0.40186915887850466,0.606370747089386
PU-F,9,0.4,0.0,215,3000,0,219,314,533,0.202249675989151,0.08709999999999996,3.9724213749868795,0,0,216,0.2968036529680365,0.4063926940639269,0.6457931399345398
PU-F,9,0.4,0.0,220,3000,0,224,372,596,0.2243736449163407,0.10240000000000005,4.100493167003151,0,0,221,0.29017857142857145,0.39732142857142855,0.6855105757713318
PU-F,9,0.4,0.0,225,3000,0,229,247,476,0.18212600302649662,0.058599999999999985,4.167568500037305,0,0,226,0.28820960698689957,0.3930131004366812,0.6452105641365051
PU-F,9,0.4,0.0,230,3000,0,234,254,488,0.18637167132692412,0.06259999999999999,4.233509499987122,0,0,231,0.29914529914529914,0.4017094017094017,0.6246743202209473
PU-F,9,0.4,0.0,235,3000,0,239,313,552,0.20893434656318277,0.08450000000000002,4.301684624981135,0,0,236,0.301255230125523,0.401673640167364,0.6424394845962524
PU-F,9,0.4,0.0,240,3000,0,244,275,519,0.1973169335979037,0.07540000000000002,4.372693708981387,0,0,241,0.29918032786885246,0.4057377049180328,0.6369442343711853
PU-F,9,0.4,0.0,245,3000,0,249,234,483,0.1846032562898472,0.06030000000000002,4.447308959031943,0,0,246,0.30120481927710846,0.40963855421686746,0.6352821588516235
PU-F,9,0.4,0.0,250,3000,0,254,239,493,0.1881392219220288,0.06459999999999999,4.537611084000673,0,0,251,0.2952755905511811,0.40551181102362205,0.6465389132499695
PU-F,9,0.4,0.0,255,3000,0,259,238,497,0.189552646887023,0.06540000000000001,4.6028962500276975,0,0,256,0.28957528957528955,0.39768339768339767,0.5941779017448425
PU-F,9,0.4,0.0,260,3000,0,264,242,506,0.19273088016780093,0.0675,4.669105000037234,0,0,261,0.2916666666666667,0.4015151515151515,0.6090614199638367
PU-F,9,0.4,0.0,265,3000,0,269,226,495,0.18884600239107385,0.0625,4.738707999989856,0,0,266,0.2862453531598513,0.39776951672862454,0.6224946975708008
PU-F,9,0.4,0.0,270,3000,0,274,185,459,0.17610249383142218,0.043300000000000005,4.800366792012937,0,0,271,0.28832116788321166,0.3978102189781022,0.5883315205574036
PU-F,9,0.4,0.0,275,3000,0,279,163,442,0.17006824392592534,0.04300000000000004,4.855429292016197,0,0,276,0.2903225806451613,0.4014336917562724,0.573948085308075
PU-F,9,0.4,0.0,280,3000,0,284,178,462,0.17716623313026503,0.053200000000000025,4.91170245903777,0,0,281,0.2887323943661972,0.4014084507042254,0.6184810400009155
PU-F,9,0.4,0.0,285,3000,0,289,270,559,0.21139436279190704,0.0827,4.97959683398949,0,0,286,0.2906574394463668,0.40484429065743943,0.6254873871803284
PU-F,9,0.4,0.0,290,3000,0,294,151,445,0.1711339132161811,0.037699999999999956,5.036378249991685,0,0,291,0.2925170068027211,0.40816326530612246,0.565389096736908
PU-F,9,0.4,0.0,295,3000,0,299,201,500,0.19061235984554514,0.05810000000000004,5.092526792024728,0,0,296,0.2909698996655518,0.40468227424749165,0.597780704498291
PU-F,9,0.4,0.0,300,3000,0,304,211,515,0.1959064273396507,0.052000000000000046,5.151070667023305,0,0,301,0.29276315789473684,0.40789473684210525,0.5557320713996887
PU-F,9,0.4,0.0,305,3000,0,309,182,491,0.18743230478139594,0.0514,5.208899834018666,0,0,306,0.2977346278317152,0.4110032362459547,0.5165651440620422
PU-F,9,0.4,0.0,310,3000,0,314,273,587,0.22122010361636057,0.07779999999999998,5.274343834025785,0,0,311,0.2929936305732484,0.40445859872611467,0.5691590309143066
PU-F,9,0.4,0.0,315,3000,0,319,135,454,0.174328850582242,0.036599999999999966,5.359864583995659,0,0,316,0.29153605015673983,0.40752351097178685,0.5329111814498901
PU-F,9,0.4,0.0,320,3000,0,324,100,424,0.16366678231861442,0.02059999999999995,5.436241584015079,0,0,321,0.2962962962962963,0.4104938271604938,0.5304126143455505
PU-F,9,0.4,0.0,325,3000,0,329,95,424,0.16366678231861442,0.0262,5.487175374990329,0,0,326,0.2948328267477204,0.4072948328267477,0.512753963470459
PU-F,9,0.4,0.0,330,3000,0,334,99,433,0.16686912631848827,0.025699999999999945,5.535946084011812,0,0,331,0.3023952095808383,0.41317365269461076,0.5075398087501526
PU-F,9,0.4,0.0,335,3000,0,339,74,413,0.15974830387858674,0.013399999999999967,5.604586125002243,0,0,336,0.30678466076696165,0.415929203539823,0.5077930092811584
PU-F,9,0.4,0.0,340,3000,0,344,152,496,0.18919934157747775,0.0464,5.665726084029302,0,0,341,0.3023255813953488,0.40988372093023256,0.5419959425926208
PU-F,9,0.4,0.0,345,3000,0,349,115,464,0.17787520814454183,0.03490000000000004,5.725581584032625,0,0,346,0.3008595988538682,0.4068767908309456,0.5307093858718872
PU-F,9,0.4,0.0,350,3000,0,354,82,436,0.16793585335835814,0.019199999999999995,5.776392291998491,0,0,351,0.3050847457627119,0.4096045197740113,0.5570769906044006
PU-F,9,0.4,0.0,355,3000,0,359,99,458,0.17574783985037357,0.030100000000000016,5.833531874988694,0,0,356,0.30919220055710306,0.41225626740947074,0.5423005223274231
PU-F,9,0.4,0.0,360,3000,0,364,116,480,0.1835417879628949,0.03369999999999995,5.892966458981391,0,0,361,0.30494505494505497,0.40934065934065933,0.5205535888671875
PU-F,9,0.4,0.0,365,3000,0,369,180,549,0.20787960436427966,0.058699999999999974,5.971791625022888,0,0,366,0.3035230352303523,0.4065040650406504,0.5435326099395752
PU-F,9,0.4,0.0,370,3000,0,374,102,476,0.18212600302649662,0.026100000000000012,6.094114292005543,0,0,371,0.3048128342245989,0.40641711229946526,0.5738569498062134
PU-F,9,0.4,0.0,375,3000,0,379,143,522,0.1983744747703895,0.05020000000000002,6.137774333998095,0,0,376,0.30606860158311344,0.40633245382585753,0.5480738282203674
PU-F,9,0.4,0.0,380,3000,0,384,58,442,0.17006824392592534,0.015199999999999991,6.1921194170136005,0,0,381,0.3046875,0.40625,0.5746989846229553
PU-F,9,0.4,0.0,385,3000,0,389,194,583,0.21981780178612098,0.06699999999999995,6.269583499990404,0,0,386,0.3059125964010283,0.41131105398457585,0.5759984850883484
PU-F,9,0.4,0.0,390,3000,0,394,109,503,0.19167177024064586,0.033499999999999974,6.363325249985792,0,0,391,0.30710659898477155,0.4137055837563452,0.5625160336494446
PU-F,9,0.4,0.0,395,3000,0,399,175,574,0.21666096238186583,0.0615,6.485218958987389,0,0,396,0.3107769423558897,0.41604010025062654,0.5731527209281921
PU-F,9,0.4,0.0,400,3000,0,404,84,488,0.18637167132692412,0.029000000000000026,6.5606069170171395,0,0,401,0.3118811881188119,0.4207920792079208,0.552478551864624
PU-F,9,0.4,0.0,405,3000,0,409,137,546,0.20682459004456177,0.05030000000000001,6.667545084026642,0,0,406,0.31784841075794623,0.4254278728606357,0.5920954346656799
PU-F,9,0.4,0.0,410,3000,0,414,127,541,0.20506562368245795,0.04079999999999995,6.773648417030927,0,0,411,0.3164251207729469,0.4251207729468599,0.5889609456062317
PU-F,9,0.4,0.0,415,3000,0,419,161,580,0.2187657785252668,0.05679999999999996,6.852869209018536,0,0,416,0.31742243436754175,0.42482100238663484,0.5890407562255859
PU-F,9,0.4,0.0,420,3000,0,424,118,542,0.20541747816605493,0.036900000000000044,6.924245959031396,0,0,421,0.3160377358490566,0.4268867924528302,0.5882962346076965
PU-F,9,0.4,0.0,425,3000,0,429,79,508,0.19343678752193227,0.030000000000000027,7.012398249993566,0,0,426,0.3123543123543124,0.4289044289044289,0.5938212871551514
PU-F,9,0.4,0.0,430,3000,0,434,126,560,0.21174567472189665,0.04079999999999995,7.103860584029462,0,0,431,0.315668202764977,0.43317972350230416,0.5836288928985596
PU-F,9,0.4,0.0,435,3000,0,439,102,541,0.20506562368245795,0.041100000000000025,7.195427500002552,0,0,436,0.3143507972665148,0.43507972665148065,0.5987483263015747
PU-F,9,0.4,0.0,440,3000,0,444,81,525,0.19943172798957676,0.03390000000000004,7.263600584003143,0,0,441,0.3130630630630631,0.43243243243243246,0.5627246499061584
PU-F,9,0.4,0.0,445,3000,0,449,109,558,0.2110430212924257,0.04400000000000004,7.369096125010401,0,0,446,0.3184855233853007,0.4365256124721604,0.5469897985458374
PU-F,9,0.4,0.0,450,3000,0,454,97,551,0.20858279598178342,0.032299999999999995,7.428049209003802,0,0,451,0.31938325991189426,0.43832599118942733,0.4963304102420807
PU-F,9,0.4,0.0,455,3000,0,459,77,536,0.20330588897923008,0.027699999999999947,7.495939333981369,0,0,456,0.31808278867102396,0.4422657952069717,0.592334508895874
PU-F,9,0.4,0.0,460,3000,0,464,146,610,0.22927471931325272,0.05179999999999996,7.582260750001296,0,0,461,0.3168103448275862,0.44396551724137934,0.5789954662322998
PU-F,9,0.4,0.0,465,3000,0,469,84,553,0.2092858671094291,0.03510000000000002,7.695326333981939,0,0,466,0.31343283582089554,0.44349680170575695,0.6018719673156738
PU-F,9,0.4,0.0,470,3000,0,474,128,602,0.22647476044949144,0.04579999999999995,7.7515545840142295,0,0,471,0.310126582278481,0.4388185654008439,0.6020801663398743
PU-F,9,0.4,0.0,475,3000,0,479,113,592,0.22297234943835065,0.0403,7.836163542000577,0,0,476,0.3068893528183716,0.4363256784968685,0.6143323183059692
PU-F,9,0.4,0.0,480,3000,0,484,59,543,0.2057693019742146,0.03610000000000002,7.902604834001977,0,0,481,0.30991735537190085,0.44008264462809915,0.6099203824996948
PU-F,9,0.4,0.0,485,3000,0,489,79,568,0.2145551101421006,0.03420000000000001,7.960742875002325,0,0,486,0.310838445807771,0.44171779141104295,0.6010302901268005
PU-F,9,0.4,0.0,490,3000,0,494,51,545,0.20647285785526037,0.03949999999999998,8.056491459021345,0,0,491,0.3097165991902834,0.4433198380566802,0.6040438413619995
PU-F,9,0.4,0.0,495,3000,0,499,74,573,0.21631005924427882,0.04849999999999999,8.12900095898658,0,0,496,0.30861723446893785,0.4408817635270541,0.6437779068946838
PU-F,9,0.4,0.0,500,3000,0,504,69,573,0.21631005924427882,0.03759999999999997,8.287365625030361,0,0,501,0.30952380952380953,0.44246031746031744,0.6016409397125244
PU-F,9,0.4,0.0,505,3000,0,509,80,589,0.22192108584567904,0.0403,8.33265900000697,0,0,506,0.30844793713163066,0.4400785854616896,0.6572163701057434
PU-F,9,0.4,0.0,510,3000,0,514,59,573,0.21631005924427882,0.03520000000000001,8.39123504201416,0,0,511,0.30544747081712065,0.4377431906614786,0.6681048274040222
PU-F,9,0.4,0.0,515,3000,0,519,74,593,0.22332271496998146,0.05230000000000001,8.48692229198059,0,0,516,0.3044315992292871,0.43545279383429675,0.6178481578826904
PU-F,9,0.4,0.0,520,3000,0,524,13,537,0.20365789777133614,0.020199999999999996,8.5491098749917,0,0,521,0.3015267175572519,0.4312977099236641,0.6440355181694031
PU-F,9,0.4,0.0,525,3000,0,529,70,599,0.22542432631598786,0.041100000000000025,8.605458625010215,0,0,526,0.30245746691871456,0.43100189035916825,0.6022545099258423
PU-F,9,0.4,0.0,529,3000,0,533,0,533,0.202249675989151,0.0046000000000000485,8.657357833988499,1,0,530,0.300187617260788,0.4277673545966229,0.6469821929931641
PU-G,9,0.4,0.0,0,3000,0,4,412,416,0.1608174790162593,0.08460000000000001,0.013780082983430475,0,0,1,0.0,0.25,0.5347063541412354
PU-G,9,0.4,0.0,5,3000,0,9,433,442,0.17006824392592534,0.09409999999999996,0.12565183296101168,0,0,6,0.2222222222222222,0.3333333333333333,0.5984735488891602
PU-G,9,0.4,0.0,10,3000,0,14,411,425,0.16402276017470285,0.08940000000000003,0.21098741597961634,0,0,11,0.2857142857142857,0.35714285714285715,0.6784399151802063
PU-G,9,0.4,0.0,15,3000,0,19,477,496,0.18919934157747775,0.1139,0.2775371249881573,0,0,16,0.3157894736842105,0.3684210526315789,0.6999912261962891
PU-G,9,0.4,0.0,20,3000,0,24,510,534,0.20260177814634517,0.11909999999999998,0.3101594159961678,0,0,21,0.2916666666666667,0.375,0.685647189617157
PU-G,9,0.4,0.0,25,3000,0,29,325,354,0.13863941765157506,0.06299999999999994,0.3417159160017036,0,0,26,0.3103448275862069,0.3793103448275862,0.7101166844367981
PU-G,9,0.4,0.0,30,3000,0,34,506,540,0.204713738465216,0.1199,0.3763256659731269,0,0,31,0.3235294117647059,0.4117647058823529,0.7630369663238525
PU-G,9,0.4,0.0,35,3000,0,39,276,315,0.12459039420355111,0.058699999999999974,0.4142966250074096,0,0,36,0.38461538461538464,0.46153846153846156,0.7423116564750671
PU-G,9,0.4,0.0,40,3000,0,44,490,534,0.20260177814634517,0.11480000000000001,0.4550962909706868,0,0,41,0.4318181818181818,0.5,0.7688562273979187
PU-G,9,0.4,0.0,45,3000,0,49,336,385,0.1497505659935996,0.06589999999999996,0.5281525409664027,0,0,46,0.42857142857142855,0.4897959183673469,0.730380117893219
PU-G,9,0.4,0.0,50,3000,0,54,465,519,0.1973169335979037,0.10880000000000001,0.5986773750046268,0,0,51,0.42592592592592593,0.48148148148148145,0.7544580101966858
PU-G,9,0.4,0.0,55,3000,0,59,397,456,0.17503842012956738,0.09209999999999996,0.683148332987912,0,0,56,0.4067796610169492,0.4576271186440678,0.7245529890060425
PU-G,9,0.4,0.0,60,3000,0,64,440,504,0.19202484015841037,0.1049,0.7586363749578595,0,0,61,0.375,0.421875,0.7564383745193481
PU-G,9,0.4,0.0,65,3000,0,69,443,512,0.19484820670913905,0.10440000000000005,0.8371678330004215,0,0,66,0.36231884057971014,0.4057971014492754,0.7213506698608398
PU-G,9,0.4,0.0,70,3000,0,74,412,486,0.18566440959693864,0.09940000000000004,0.9213329160120338,0,0,71,0.35135135135135137,0.3918918918918919,0.7481591105461121
PU-G,9,0.4,0.0,75,3000,0,79,490,569,0.21490615798393264,0.11829999999999996,1.0323879159986973,0,0,76,0.35443037974683544,0.3924050632911392,0.7266093492507935
PU-G,9,0.4,0.0,80,3000,0,84,384,468,0.17929271882167086,0.09099999999999997,1.126800958008971,0,0,81,0.38095238095238093,0.4166666666666667,0.7440771460533142
PU-G,9,0.4,0.0,85,3000,0,89,529,618,0.23207295371685177,0.13629999999999998,1.2329194159829058,0,0,86,0.39325842696629215,0.42696629213483145,0.7250315546989441
PU-G,9,0.4,0.0,90,3000,0,94,371,465,0.17822964064544067,0.08860000000000001,1.3567476659663953,0,0,91,0.40425531914893614,0.43617021276595747,0.7437493205070496
PU-G,9,0.4,0.0,95,3000,0,99,562,661,0.24708488694159314,0.14900000000000002,1.4388611660106108,0,0,96,0.40404040404040403,0.43434343434343436,0.7224498987197876
PU-G,9,0.4,0.0,100,3000,0,104,364,468,0.17929271882167086,0.08850000000000002,1.5638050409615971,0,0,101,0.38461538461538464,0.41346153846153844,0.7396572828292847
PU-G,9,0.4,0.0,105,3000,0,109,567,676,0.2523106695152819,0.15339999999999998,1.6624877079739235,0,0,106,0.3669724770642202,0.3944954128440367,0.7199336290359497
PU-G,9,0.4,0.0,110,3000,0,114,358,472,0.1807096485281363,0.08940000000000003,1.745003791002091,0,0,111,0.3508771929824561,0.37719298245614036,0.7420315742492676
PU-G,9,0.4,0.0,115,3000,0,119,557,676,0.2523106695152819,0.15200000000000002,1.8342286249971949,0,0,116,0.33613445378151263,0.36134453781512604,0.7251867651939392
PU-G,9,0.4,0.0,120,3000,0,124,360,484,0.18495700892526656,0.08740000000000003,2.019950457965024,0,0,121,0.3225806451612903,0.3467741935483871,0.7427796125411987
PU-G,9,0.4,0.0,125,3000,0,129,613,742,0.2752409527893178,0.17279999999999995,2.0986649579717778,0,0,126,0.3178294573643411,0.34108527131782945,0.770150363445282
PU-G,9,0.4,0.0,130,3000,0,134,382,516,0.1962591024930589,0.08720000000000006,2.239116707991343,0,0,131,0.3208955223880597,0.34328358208955223,0.6541488766670227
PU-G,9,0.4,0.0,135,3000,0,139,473,612,0.22997443861095235,0.11880000000000002,2.336567082966212,0,0,136,0.31654676258992803,0.3381294964028777,0.6144161224365234
PU-G,9,0.4,0.0,140,3000,0,144,314,458,0.17574783985037357,0.07110000000000005,2.418101207993459,0,0,141,0.3055555555555556,0.3333333333333333,0.603476881980896
PU-G,9,0.4,0.0,145,3000,0,149,425,574,0.21666096238186583,0.10460000000000003,2.4983874579775147,0,0,146,0.3087248322147651,0.33557046979865773,0.5549854636192322
PU-G,9,0.4,0.0,150,3000,0,154,325,479,0.18318789481418207,0.08030000000000004,2.579813957971055,0,0,151,0.3116883116883117,0.34415584415584416,0.5733972787857056
PU-G,9,0.4,0.0,155,3000,0,159,362,521,0.19802199315745384,0.08630000000000004,2.6592519159894437,0,0,156,0.3018867924528302,0.3333333333333333,0.6176036596298218
PU-G,9,0.4,0.0,160,3000,0,164,448,612,0.22997443861095235,0.11519999999999997,2.7777330829994753,0,0,161,0.2926829268292683,0.32926829268292684,0.5394658446311951
PU-G,9,0.4,0.0,165,3000,0,169,392,561,0.21209695702418685,0.09750000000000003,2.8721129579935223,0,0,166,0.28994082840236685,0.3254437869822485,0.616187572479248
PU-G,9,0.4,0.0,170,3000,0,174,279,453,0.1739740094053559,0.07379999999999998,2.9420683329808526,0,0,171,0.28160919540229884,0.3160919540229885,0.5244742631912231
PU-G,9,0.4,0.0,175,3000,0,179,385,564,0.21315062715439126,0.09450000000000003,3.0097305409726687,0,0,176,0.2849162011173184,0.31843575418994413,0.5608021020889282
PU-G,9,0.4,0.0,180,3000,0,184,384,568,0.2145551101421006,0.0978,3.1353398750070482,0,0,181,0.2826086956521739,0.31521739130434784,0.5092425346374512
PU-G,9,0.4,0.0,185,3000,0,189,390,579,0.21841504727490246,0.09899999999999998,3.2359716659993865,0,0,186,0.2751322751322751,0.32275132275132273,0.5616163611412048
PU-G,9,0.4,0.0,190,3000,0,194,376,570,0.21525717672193423,0.08540000000000003,3.348715790954884,0,0,191,0.26804123711340205,0.31443298969072164,0.49979907274246216
PU-G,9,0.4,0.0,195,3000,0,199,393,592,0.22297234943835065,0.10089999999999999,3.434505832963623,0,0,196,0.2613065326633166,0.3065326633165829,0.5887464284896851
PU-G,9,0.4,0.0,200,3000,0,204,369,573,0.21631005924427882,0.09219999999999995,3.611451875010971,0,0,201,0.2549019607843137,0.29901960784313725,0.5129328966140747
PU-G,9,0.4,0.0,205,3000,0,209,376,585,0.2205190091044642,0.09399999999999997,3.701244540978223,0,0,206,0.24880382775119617,0.291866028708134,0.5910642743110657
PU-G,9,0.4,0.0,210,3000,0,214,306,520,0.19766947941388935,0.07299999999999995,3.8264779999735765,0,0,211,0.24299065420560748,0.2850467289719626,0.5099862813949585
PU-G,9,0.4,0.0,215,3000,0,219,278,497,0.189552646887023,0.06530000000000002,3.9381474999827333,0,0,216,0.2374429223744292,0.2785388127853881,0.5643600821495056
PU-G,9,0.4,0.0,220,3000,0,224,349,573,0.21631005924427882,0.09230000000000005,4.0871107910061255,0,0,221,0.24107142857142858,0.2857142857142857,0.5962242484092712
PU-G,9,0.4,0.0,225,3000,0,229,310,539,0.20436182245612144,0.07909999999999995,4.198789665999357,0,0,226,0.24017467248908297,0.28820960698689957,0.5314082503318787
PU-G,9,0.4,0.0,230,3000,0,234,342,576,0.21736268227687106,0.08560000000000001,4.302255707967561,0,0,231,0.23504273504273504,0.28205128205128205,0.5791305899620056
PU-G,9,0.4,0.0,235,3000,0,239,291,530,0.2011931817396544,0.06559999999999999,4.445351833011955,0,0,236,0.2384937238493724,0.28451882845188287,0.525622546672821
PU-G,9,0.4,0.0,240,3000,0,244,261,505,0.19237787678139284,0.05720000000000003,4.543544540996663,0,0,241,0.2336065573770492,0.2827868852459016,0.550609290599823
PU-G,9,0.4,0.0,245,3000,0,249,248,497,0.189552646887023,0.06630000000000003,4.606284957961179,0,0,246,0.2289156626506024,0.28112449799196787,0.5297362208366394
PU-G,9,0.4,0.0,250,3000,0,254,262,516,0.1962591024930589,0.05779999999999996,4.67945100000361,0,0,251,0.22440944881889763,0.2795275590551181,0.5385845899581909
PU-G,9,0.4,0.0,255,3000,0,259,155,414,0.16010473761707544,0.031000000000000028,4.770486624969635,0,0,256,0.22393822393822393,0.2857142857142857,0.5338889360427856
PU-G,9,0.4,0.0,260,3000,0,264,276,540,0.204713738465216,0.07079999999999997,4.849232582957484,0,0,261,0.23106060606060605,0.29545454545454547,0.5235441327095032
PU-G,9,0.4,0.0,265,3000,0,269,209,478,0.18283396633341908,0.04749999999999999,4.920671665982809,0,0,266,0.2379182156133829,0.30111524163568776,0.5062326788902283
PU-G,9,0.4,0.0,270,3000,0,274,197,471,0.18035547027830034,0.04379999999999995,4.988731416000519,0,0,271,0.24087591240875914,0.3029197080291971,0.47570911049842834
PU-G,9,0.4,0.0,275,3000,0,279,133,412,0.15939182799775153,0.019199999999999995,5.05922804097645,0,0,276,0.24372759856630824,0.3046594982078853,0.4653908908367157
PU-G,9,0.4,0.0,280,3000,0,284,212,496,0.18919934157747775,0.0514,5.12161524995463,0,0,281,0.24647887323943662,0.30985915492957744,0.4607659876346588
PU-G,9,0.4,0.0,285,3000,0,289,156,445,0.1711339132161811,0.031200000000000006,5.192864040960558,0,0,286,0.24567474048442905,0.31141868512110726,0.4907550811767578
PU-G,9,0.4,0.0,290,3000,0,294,188,482,0.18424946861341596,0.051000000000000045,5.265691665990744,0,0,291,0.25170068027210885,0.3197278911564626,0.4770936965942383
PU-G,9,0.4,0.0,295,3000,0,299,189,488,0.18637167132692412,0.040000000000000036,5.318768207973335,0,0,296,0.26421404682274247,0.3311036789297659,0.46900901198387146
PU-G,9,0.4,0.0,300,3000,0,304,210,514,0.1955537197063677,0.05520000000000003,5.417563457973301,0,0,301,0.26644736842105265,0.33881578947368424,0.4586148262023926
PU-G,9,0.4,0.0,305,3000,0,309,141,450,0.1729092591558583,0.02969999999999995,5.520108541008085,0,0,306,0.26537216828478966,0.33980582524271846,0.4611276090145111
PU-G,9,0.4,0.0,310,3000,0,314,188,502,0.19131866691168398,0.05300000000000005,5.616505832993425,0,0,311,0.2643312101910828,0.34394904458598724,0.4623081088066101
PU-G,9,0.4,0.0,315,3000,0,319,190,509,0.1937896916642785,0.047699999999999965,5.715211374976207,0,0,316,0.2664576802507837,0.34796238244514105,0.46718329191207886
PU-G,9,0.4,0.0,320,3000,0,324,167,491,0.18743230478139594,0.044300000000000006,5.774453790974803,0,0,321,0.2623456790123457,0.3487654320987654,0.4792925715446472
PU-G,9,0.4,0.0,325,3000,0,329,173,502,0.19131866691168398,0.038000000000000034,5.83564095798647,0,0,326,0.270516717325228,0.3556231003039514,0.46775323152542114
PU-G,9,0.4,0.0,330,3000,0,334,161,495,0.18884600239107385,0.04569999999999996,5.904367040959187,0,0,331,0.27245508982035926,0.3592814371257485,0.4881366193294525
PU-G,9,0.4,0.0,335,3000,0,339,164,503,0.19167177024064586,0.0413,5.97505170799559,0,0,336,0.2743362831858407,0.36578171091445427,0.4706858992576599
PU-G,9,0.4,0.0,340,3000,0,344,153,497,0.189552646887023,0.03490000000000004,6.0642586660105735,0,0,341,0.2703488372093023,0.3633720930232558,0.46818381547927856
PU-G,9,0.4,0.0,345,3000,0,349,158,507,0.1930838503758423,0.0383,6.131409541005269,0,0,346,0.2722063037249284,0.36962750716332377,0.47166183590888977
PU-G,9,0.4,0.0,350,3000,0,354,168,522,0.1983744747703895,0.04479999999999995,6.235143915982917,0,0,351,0.268361581920904,0.3700564971751412,0.47765618562698364
PU-G,9,0.4,0.0,355,3000,0,359,142,501,0.19096553017152473,0.041200000000000014,6.302095749997534,0,0,356,0.2646239554317549,0.3732590529247911,0.475480854511261
PU-G,9,0.4,0.0,360,3000,0,364,159,523,0.19872692442731932,0.0393,6.355387165967841,0,0,361,0.26373626373626374,0.3791208791208791,0.4828968942165375
PU-G,9,0.4,0.0,365,3000,0,369,88,457,0.17539314867462963,0.022399999999999975,6.4155216660001315,0,0,366,0.26558265582655827,0.3821138211382114,0.48469269275665283
PU-G,9,0.4,0.0,370,3000,0,374,144,518,0.1969643555348739,0.038799999999999946,6.485683540988248,0,0,371,0.26737967914438504,0.38235294117647056,0.4781363606452942
PU-G,9,0.4,0.0,375,3000,0,379,135,514,0.1955537197063677,0.03480000000000005,6.550771999987774,0,0,376,0.2691292875989446,0.38522427440633245,0.5085003972053528
PU-G,9,0.4,0.0,380,3000,0,384,137,521,0.19802199315745384,0.0353,6.6201953329727985,0,0,381,0.265625,0.3932291666666667,0.5004947781562805
PU-G,9,0.4,0.0,385,3000,0,389,96,485,0.18531072669429705,0.03069999999999995,6.711374040984083,0,0,386,0.2622107969151671,0.39845758354755784,0.5140935182571411
PU-G,9,0.4,0.0,390,3000,0,394,136,530,0.2011931817396544,0.0504,6.7787454999634065,0,0,391,0.2639593908629442,0.4010152284263959,0.5007626414299011
PU-G,9,0.4,0.0,395,3000,0,399,147,546,0.20682459004456177,0.04690000000000005,6.841052207979374,0,0,396,0.2656641604010025,0.40601503759398494,0.49885809421539307
PU-G,9,0.4,0.0,400,3000,0,404,126,530,0.2011931817396544,0.04069999999999996,6.9052687080111355,0,0,401,0.26732673267326734,0.41089108910891087,0.49863022565841675
PU-G,9,0.4,0.0,405,3000,0,409,127,536,0.20330588897923008,0.04149999999999998,6.95950262498809,0,0,406,0.26405867970660146,0.4083129584352078,0.5105069875717163
PU-G,9,0.4,0.0,410,3000,0,414,130,544,0.2061210952233523,0.04139999999999999,7.013601165963337,0,0,411,0.2632850241545894,0.4057971014492754,0.5057178735733032
PU-G,9,0.4,0.0,415,3000,0,419,74,493,0.1881392219220288,0.02080000000000004,7.078894208010752,0,0,416,0.26730310262529833,0.4105011933174224,0.5138093829154968
PU-G,9,0.4,0.0,420,3000,0,424,80,504,0.19202484015841037,0.022700000000000053,7.183129499957431,0,0,421,0.2688679245283019,0.41273584905660377,0.5254549384117126
PU-G,9,0.4,0.0,425,3000,0,429,85,514,0.1955537197063677,0.03069999999999995,7.249399207998067,0,0,426,0.2773892773892774,0.4195804195804196,0.5072133541107178
PU-G,9,0.4,0.0,430,3000,0,434,132,566,0.2138529270887375,0.04259999999999997,7.31356366595719,0,0,431,0.2764976958525346,0.4216589861751152,0.5247658491134644
PU-G,9,0.4,0.0,435,3000,0,439,126,565,0.2135017917607911,0.03810000000000002,7.395793124975171,0,0,436,0.275626423690205,0.4191343963553531,0.5158404111862183
PU-G,9,0.4,0.0,440,3000,0,444,119,563,0.21279943321133032,0.03859999999999997,7.447431083011907,0,0,441,0.2725225225225225,0.42117117117117114,0.5275160670280457
PU-G,9,0.4,0.0,445,3000,0,449,91,540,0.204713738465216,0.030399999999999983,7.501628833007999,0,0,446,0.26948775055679286,0.42761692650334077,0.5412778854370117
PU-G,9,0.4,0.0,450,3000,0,454,74,528,0.20048869505990297,0.023299999999999987,7.5602388749830425,0,0,451,0.2665198237885463,0.4251101321585903,0.5441275238990784
PU-G,9,0.4,0.0,455,3000,0,459,100,559,0.21139436279190704,0.03869999999999996,7.625112290959805,0,0,456,0.2636165577342048,0.4226579520697168,0.5297577977180481
PU-G,9,0.4,0.0,460,3000,0,464,108,572,0.21595912729389966,0.044300000000000006,7.68891220795922,0,0,461,0.2607758620689655,0.4202586206896552,0.5172011256217957
PU-G,9,0.4,0.0,465,3000,0,469,96,565,0.2135017917607911,0.03759999999999997,7.752479999966454,0,0,466,0.2579957356076759,0.417910447761194,0.5377200841903687
PU-G,9,0.4,0.0,470,3000,0,474,59,533,0.202249675989151,0.017800000000000038,7.8115157499560155,0,0,471,0.2552742616033755,0.4177215189873418,0.5134410262107849
PU-G,9,0.4,0.0,475,3000,0,479,67,546,0.20682459004456177,0.02090000000000003,7.868594124971423,0,0,476,0.2588726513569937,0.42379958246346555,0.5170160531997681
PU-G,9,0.4,0.0,480,3000,0,484,52,536,0.20330588897923008,0.01319999999999999,7.926798790984321,0,0,481,0.256198347107438,0.4256198347107438,0.5073442459106445
PU-G,9,0.4,0.0,485,3000,0,489,74,563,0.21279943321133032,0.02290000000000003,7.9717208329821005,0,0,486,0.25971370143149286,0.4294478527607362,0.5181463360786438
PU-G,9,0.4,0.0,490,3000,0,494,66,560,0.21174567472189665,0.019199999999999995,8.0225635409588,0,0,491,0.2591093117408907,0.4331983805668016,0.5129014849662781
PU-G,9,0.4,0.0,495,3000,0,499,66,565,0.2135017917607911,0.016100000000000003,8.072689833003096,0,0,496,0.2565130260521042,0.43286573146292584,0.5135719776153564
PU-G,9,0.4,0.0,500,3000,0,504,74,578,0.21806428756099194,0.025699999999999945,8.118741415964905,0,0,501,0.25595238095238093,0.43253968253968256,0.5333836674690247
PU-G,9,0.4,0.0,505,3000,0,509,57,566,0.2138529270887375,0.012599999999999945,8.17085508297896,0,0,506,0.25343811394891946,0.42829076620825146,0.5301116704940796
PU-G,9,0.4,0.0,510,3000,0,514,68,582,0.21946715575177222,0.024700000000000055,8.227632333000656,0,0,511,0.2509727626459144,0.4280155642023346,0.524510383605957
PU-G,9,0.4,0.0,515,3000,0,519,51,570,0.21525717672193423,0.030000000000000027,8.288244916009717,0,0,516,0.24855491329479767,0.4258188824662813,0.5231568813323975
PU-G,9,0.4,0.0,520,3000,0,524,27,551,0.20858279598178342,0.0131,8.445873124990612,0,0,521,0.24618320610687022,0.4255725190839695,0.5101695656776428
PU-G,9,0.4,0.0,525,3000,0,529,35,564,0.21315062715439126,0.005900000000000016,8.530876290984452,0,0,526,0.24574669187145556,0.42911153119092627,0.5009695887565613
PU-G,9,0.4,0.0,530,3000,0,534,38,572,0.21595912729389966,0.01200000000000001,8.58028466597898,0,0,531,0.24344569288389514,0.4288389513108614,0.486192911863327
PU-G,9,0.4,0.0,535,3000,0,539,33,572,0.21595912729389966,0.007800000000000029,8.645444332971238,0,0,536,0.24304267161410018,0.43042671614100186,0.4938229024410248
PU-G,9,0.4,0.0,540,3000,0,544,27,571,0.21560816647252068,0.010700000000000043,8.717442457971629,0,0,541,0.24448529411764705,0.4319852941176471,0.49489492177963257
PU-G,9,0.4,0.0,545,3000,0,549,36,585,0.2205190091044642,0.0232,8.797607957967557,0,0,546,0.24772313296903462,0.4335154826958106,0.4742835462093353
PU-G,9,0.4,0.0,550,3000,0,554,22,576,0.21736268227687106,0.005600000000000049,8.849222165998071,0,0,551,0.2490974729241877,0.43501805054151627,0.49764835834503174
PU-G,9,0.4,0.0,555,3000,0,559,19,578,0.21806428756099194,0.015700000000000047,8.895962665963452,0,0,556,0.2522361359570662,0.4364937388193202,0.4941696226596832
PU-G,9,0.4,0.0,560,3000,0,564,16,580,0.2187657785252668,0.012599999999999945,9.01747904100921,0,0,561,0.2553191489361702,0.4379432624113475,0.49963122606277466
PU-G,9,0.4,0.0,565,3000,0,569,14,583,0.21981780178612098,0.009299999999999975,9.082399415958207,0,0,566,0.2565905096660808,0.437609841827768,0.5085815191268921
PU-G,9,0.4,0.0,570,3000,0,574,10,584,0.2201684195897542,0.014000000000000012,9.129911458003335,0,0,571,0.2613240418118467,0.44076655052264807,0.5080600380897522
PU-G,9,0.4,0.0,575,3000,0,579,33,612,0.22997443861095235,0.021499999999999964,9.177116290957201,0,0,576,0.26424870466321243,0.4438687392055268,0.5028497576713562
PU-G,9,0.4,0.0,580,3000,0,584,74,658,0.2460390658234246,0.04710000000000003,9.227368291001767,0,0,581,0.2636986301369863,0.4417808219178082,0.5055416226387024
PU-G,9,0.4,0.0,585,3000,0,589,13,602,0.22647476044949144,0.021399999999999975,9.277441415993962,0,0,586,0.2614601018675722,0.4380305602716469,0.5076678395271301
PU-G,9,0.4,0.0,590,3000,0,594,2,596,0.2243736449163407,0.008399999999999963,9.322907499969006,0,0,591,0.265993265993266,0.44107744107744107,0.5066730380058289
PU-G,9,0.4,0.0,595,3000,0,599,10,609,0.22892481921007857,0.02200000000000002,9.371361874975264,0,0,596,0.2671118530884808,0.44073455759599334,0.5116334557533264
PU-G,9,0.4,0.0,596,3000,0,600,0,600,0.22577449848176911,0.013900000000000023,9.387440582970157,1,0,597,0.26666666666666666,0.44166666666666665,0.5202592611312866
