method,dataset,seed,noise_rate,pretrain_fraction,es_budget,step,n_cert,n_pretrain,compression_size,remaining_bad,effective_compression_size,certified_bound,test_error,test_inappropriate_risk,pac_bayes_bound,pac_bayes_empirical_risk,pac_bayes_mc_upper,pac_bayes_kl,runtime_sec,stop_reached,hit_limit,train_calls,noise_hit_rate,duplicate_hit_rate,pairwise_feature_cosine,mean_support_redundancy,max_support_redundancy,mean_selected_residual_novelty,local_redundancy_hit_rate,residual_redundancy_hit_rate,strong_redundancy_hit_rate,mode_entropy,minority_mode_fraction,spectral_entropy,dynamic_mu
MaxLoss,fashion_mnist,0,0.0,0.0,200,200,5000,0,220,1516,1736,0.3716190198319964,0.28569999999999995,0.3482,,,,,5.677362002432346,0,1,201,0.0,0.0,0.701838493347168,0.701838493347168,0.9893854260444641,0.020757259571388978,0.9406392694063926,0.9680365296803652,0.9360730593607306,0.0,0.0,0.23534716769233727,1.3823264161538313
Marginal,fashion_mnist,0,0.0,0.0,200,200,5000,0,220,1089,1309,0.2841762133757584,0.24219999999999997,0.2506,,,,,3.6721007535234094,0,1,201,0.0,0.0,0.6187580227851868,0.6187580227851868,0.9964812994003296,0.01821653463252603,0.9452054794520548,0.9680365296803652,0.9452054794520548,0.0,0.0,0.25683640221171156,1.371581798894144
EL2N,fashion_mnist,0,0.0,0.0,200,200,5000,0,220,1679,1899,0.404760493140202,0.3268,0.3853,,,,,3.9196492889896035,0,1,201,0.0,0.0,0.6832610368728638,0.6832610368728638,0.9918574094772339,0.019653646505042296,0.9406392694063926,0.9680365296803652,0.9360730593607306,0.0,0.0,0.23843877816767317,1.3807806109161636
GraNdLast,fashion_mnist,0,0.0,0.0,200,200,5000,0,220,1526,1746,0.37365580251207575,0.30169999999999997,0.3458,,,,,4.0607906095683575,0,1,201,0.0,0.0,0.6370529532432556,0.6370529532432556,0.9967743158340454,0.019899294188577835,0.954337899543379,0.958904109589041,0.954337899543379,0.0,0.0,0.24977323925464462,1.3751133803726776
RHO-PretrainRef,fashion_mnist,0,0.0,0.0,200,200,5000,0,220,1582,1802,0.3850530838826671,0.28569999999999995,0.3539,,,,,4.360375581309199,0,1,201,0.0,0.0,0.698061466217041,0.698061466217041,0.9894447922706604,0.021688646785744795,0.9497716894977168,0.9680365296803652,0.9497716894977168,0.0,0.0,0.2384868497489132,1.3807565751255435
PU-R,fashion_mnist,0,0.0,0.0,200,200,5000,0,220,1298,1518,0.32709564827382565,0.28159999999999996,0.2986,,,,,6.315853911451995,0,1,201,0.0,0.0,0.6590061783790588,0.6590061783790588,0.9913012981414795,0.0214902075458335,0.9497716894977168,0.9634703196347032,0.9452054794520548,0.0,0.0,0.2548428350594037,1.372578582470298
GREATS,fashion_mnist,0,0.0,0.0,200,200,5000,0,220,1287,1507,,0.27370000000000005,0.3009,,,,,5.715000977739692,0,1,201,0.0,0.0,0.6934003829956055,0.6934003829956055,0.9888017177581787,0.021444660343535957,0.9497716894977168,0.9634703196347032,0.9497716894977168,0.0,0.0,0.23962991459423363,1.3801850427028832
MaxLoss,fashion_mnist,0,0.0,0.1,200,200,4500,500,220,1347,1567,0.37389526126207784,0.29079999999999995,0.3401,,,,,2.989679024554789,0,1,201,0.0,0.0,0.7067859768867493,0.7067859768867493,0.9932705760002136,0.02129296448132763,0.9497716894977168,0.9634703196347032,0.9452054794520548,0.0,0.0,0.23263414025840848,1.3836829298707958
Marginal,fashion_mnist,0,0.0,0.1,200,200,4500,500,220,943,1163,0.2818531363736838,0.23709999999999998,0.2439,,,,,3.4351473320275545,0,1,201,0.0,0.0,0.6063555479049683,0.6063555479049683,0.9969754219055176,0.01722466081516928,0.958904109589041,0.9680365296803652,0.958904109589041,0.0,0.0,0.2548657768071403,1.37256711159643
EL2N,fashion_mnist,0,0.0,0.1,200,200,4500,500,220,1372,1592,0.37955578265246004,0.30989999999999995,0.3521,,,,,3.6543897138908505,0,1,201,0.0,0.0,0.6848428845405579,0.6848428845405579,0.9962705969810486,0.020052558891305097,0.954337899543379,0.9634703196347032,0.954337899543379,0.0,0.0,0.23403712317057157,1.3829814384147143
GraNdLast,fashion_mnist,0,0.0,0.1,200,200,4500,500,220,1282,1502,0.35915981442667544,0.2922,0.3277,,,,,3.7786020608618855,0,1,201,0.0,0.0,0.6203776001930237,0.6203776001930237,0.9962064027786255,0.02078742081444013,0.9406392694063926,0.958904109589041,0.9406392694063926,0.0,0.0,0.2575858105358981,1.371207094732051
RHO-PretrainRef,fashion_mnist,0,0.0,0.1,200,200,4500,500,220,1500,1720,0.4084787709871307,0.31279999999999997,0.3784,,,,,3.9566591577604413,0,1,201,0.0,0.0,0.7009426951408386,0.7009426951408386,0.9918022155761719,0.02094374835219013,0.9497716894977168,0.9634703196347032,0.9497716894977168,0.0,0.0,0.23334038361792295,1.3833298081910386
PU-R,fashion_mnist,0,0.0,0.1,200,200,4500,500,220,1239,1459,0.34939710539765656,0.28969999999999996,0.308,,,,,5.9571743458509445,0,1,201,0.0,0.0,0.6720917820930481,0.6720917820930481,0.9936251640319824,0.019702458218352436,0.9452054794520548,0.9634703196347032,0.9406392694063926,0.0,0.0,0.2435313378220453,1.3782343310889773
GREATS,fashion_mnist,0,0.0,0.1,200,200,4500,500,220,1327,1547,,0.30389999999999995,0.3353,,,,,5.407309357076883,0,1,201,0.0,0.0,0.6852911710739136,0.6852911710739136,0.9895823001861572,0.021114722642724373,0.9634703196347032,0.9634703196347032,0.958904109589041,0.0,0.0,0.24325104182513216,1.378374479087434
MaxLoss,fashion_mnist,0,0.0,0.2,200,200,4000,1000,220,1305,1525,0.4089756343164481,0.33809999999999996,0.3893,,,,,2.89287350513041,0,1,201,0.0,0.0,0.6892746090888977,0.6892746090888977,0.9913938045501709,0.021200720714107495,0.9406392694063926,0.9634703196347032,0.9360730593607306,0.0,0.0,0.23656009656905988,1.3817199517154701
Marginal,fashion_mnist,0,0.0,0.2,200,200,4000,1000,220,822,1042,0.28531276813009754,0.22850000000000004,0.235,,,,,3.3064868338406086,0,1,201,0.0,0.0,0.6114974617958069,0.6114974617958069,0.9982211589813232,0.016326356526107005,0.9452054794520548,0.9771689497716894,0.9452054794520548,0.0,0.0,0.25504935499278614,1.372475322503607
EL2N,fashion_mnist,0,0.0,0.2,200,200,4000,1000,220,1088,1308,0.3536686256993562,0.2924,0.335,,,,,3.479983637109399,0,1,201,0.0,0.0,0.6543843746185303,0.6543843746185303,0.994137167930603,0.020718434834044817,0.9406392694063926,0.958904109589041,0.9360730593607306,0.0,0.0,0.24965285033371842,1.3751735748331408
GraNdLast,fashion_mnist,0,0.0,0.2,200,200,4000,1000,220,1149,1369,0.369254787103273,0.30689999999999995,0.3384,,,,,3.613860129378736,0,1,201,0.0,0.0,0.6306694149971008,0.6306694149971008,0.9974160194396973,0.020474011495233126,0.9452054794520548,0.958904109589041,0.9452054794520548,0.0,0.0,0.25504029322344896,1.3724798533882754
RHO-PretrainRef,fashion_mnist,0,0.0,0.2,200,200,4000,1000,220,1187,1407,0.3789484949083999,0.3096,0.3648,,,,,3.885600700043142,0,1,201,0.0,0.0,0.7034907937049866,0.7034907937049866,0.9920899868011475,0.01896530471435965,0.954337899543379,0.9634703196347032,0.954337899543379,0.0,0.0,0.2295780253966227,1.3852109873016887
PU-R,fashion_mnist,0,0.0,0.2,200,200,4000,1000,220,947,1167,0.31751738936873153,0.26849999999999996,0.2849,,,,,5.6769504733383656,0,1,201,0.0,0.0,0.6690888404846191,0.6690888404846191,0.9920282363891602,0.017820713726897218,0.958904109589041,0.9680365296803652,0.954337899543379,0.0,0.0,0.24297193932954636,1.3785140303352268
GREATS,fashion_mnist,0,0.0,0.2,200,200,4000,1000,220,1060,1280,,0.2871,0.3146,,,,,4.976641154848039,0,1,201,0.0,0.0,0.6724594831466675,0.6724594831466675,0.9911245703697205,0.01940495279281651,0.9497716894977168,0.958904109589041,0.9406392694063926,0.0,0.0,0.24739677919502534,1.3763016104024874
MaxLoss,fashion_mnist,0,0.0,0.3,200,200,3500,1500,220,1147,1367,0.42023269954370335,0.3194,0.3871,,,,,2.817452101968229,0,1,201,0.0,0.0,0.6881398558616638,0.6881398558616638,0.9903523921966553,0.023246919659719076,0.9406392694063926,0.9634703196347032,0.9406392694063926,0.0,0.0,0.2411970702445351,1.3794014648777324
Marginal,fashion_mnist,0,0.0,0.3,200,200,3500,1500,220,678,898,0.28285711247008294,0.22419999999999995,0.2321,,,,,3.1803826428949833,0,1,201,0.0,0.0,0.6251819729804993,0.6251819729804993,0.9972281455993652,0.01938984832262884,0.9452054794520548,0.9634703196347032,0.9452054794520548,0.0,0.0,0.25589373508000185,1.3720531324599992
EL2N,fashion_mnist,0,0.0,0.3,200,200,3500,1500,220,1213,1433,0.43936223711352795,0.3537,0.4132,,,,,3.3468745462596416,0,1,201,0.0,0.0,0.6943372488021851,0.6943372488021851,0.9914991855621338,0.019895552091946885,0.954337899543379,0.9634703196347032,0.954337899543379,0.0,0.0,0.22837510866992386,1.385812445665038
GraNdLast,fashion_mnist,0,0.0,0.3,200,200,3500,1500,220,1010,1230,0.380373987078201,0.3064,0.3436,,,,,3.442290188744664,0,1,201,0.0,0.0,0.6343662142753601,0.6343662142753601,0.9974005222320557,0.02202891963257637,0.9497716894977168,0.958904109589041,0.9497716894977168,0.0,0.0,0.25398194487049314,1.3730090275647533
RHO-PretrainRef,fashion_mnist,0,0.0,0.3,200,200,3500,1500,220,1062,1282,0.3955272267339751,0.29979999999999996,0.3563,,,,,3.621375665999949,0,1,201,0.0,0.0,0.7017567753791809,0.7017567753791809,0.9914458990097046,0.02074228424459832,0.9360730593607306,0.9634703196347032,0.9360730593607306,0.0,0.0,0.23251081178791683,1.3837445941060416
PU-R,fashion_mnist,0,0.0,0.3,200,200,3500,1500,220,848,1068,0.3329646307392977,0.29169999999999996,0.3087,,,,,5.406844349578023,0,1,201,0.0,0.0,0.6653136610984802,0.6653136610984802,0.9910904765129089,0.019459519620355407,0.9452054794520548,0.9634703196347032,0.9406392694063926,0.0,0.0,0.24660356495175018,1.376698217524125
GREATS,fashion_mnist,0,0.0,0.3,200,200,3500,1500,220,874,1094,,0.2721,0.3019,,,,,4.620400914922357,0,1,201,0.0,0.0,0.6798257231712341,0.6798257231712341,0.9912484884262085,0.021391191575080837,0.9406392694063926,0.9634703196347032,0.9360730593607306,0.0,0.0,0.2440984056656662,1.377950797167167
MaxLoss,fashion_mnist,0,0.0,0.4,200,200,3000,2000,220,937,1157,0.41745645966148004,0.33709999999999996,0.3879,,,,,2.734108933247626,0,1,201,0.0,0.0,0.69854736328125,0.69854736328125,0.9944126605987549,0.020821961910212964,0.9497716894977168,0.9634703196347032,0.9452054794520548,0.0,0.0,0.23183422914657437,1.3840828854267129
Marginal,fashion_mnist,0,0.0,0.4,200,200,3000,2000,220,609,829,0.3053212484228425,0.24,0.2481,,,,,3.048831104300916,0,1,201,0.0,0.0,0.624046802520752,0.624046802520752,0.9971891641616821,0.02088380227350209,0.958904109589041,0.9634703196347032,0.958904109589041,0.0,0.0,0.2622988367681765,1.3688505816159118
EL2N,fashion_mnist,0,0.0,0.4,200,200,3000,2000,220,721,941,0.34382428490789607,0.26270000000000004,0.3052,,,,,3.1558921365067363,0,1,201,0.0,0.0,0.6563522815704346,0.6563522815704346,0.992516279220581,0.02277927808293469,0.9452054794520548,0.958904109589041,0.9452054794520548,0.0,0.0,0.2505431360182838,1.3747284319908581
GraNdLast,fashion_mnist,0,0.0,0.4,200,200,3000,2000,220,745,965,0.3520448205526918,0.2812,0.3161,,,,,3.2505519818514585,0,1,201,0.0,0.0,0.617109477519989,0.617109477519989,0.9967045783996582,0.023200713268153744,0.9452054794520548,0.958904109589041,0.9452054794520548,0.0,0.0,0.2640485539178079,1.367975723041096
RHO-PretrainRef,fashion_mnist,0,0.0,0.4,200,200,3000,2000,220,862,1082,0.39197746402351186,0.3026,0.357,,,,,3.4272452760487795,0,1,201,0.0,0.0,0.6780469417572021,0.6780469417572021,0.9929283857345581,0.022260747271585682,0.9315068493150684,0.9634703196347032,0.9315068493150684,0.0,0.0,0.2414295598827254,1.3792852200586374
PU-R,fashion_mnist,0,0.0,0.4,200,200,3000,2000,220,657,877,0.32185163657413796,0.26759999999999995,0.2841,,,,,5.08565981592983,0,1,201,0.0,0.0,0.6614829897880554,0.6614829897880554,0.991529107093811,0.021043596202380038,0.9497716894977168,0.9634703196347032,0.9497716894977168,0.0,0.0,0.24651391974094117,1.3767430401295293
GREATS,fashion_mnist,0,0.0,0.4,200,200,3000,2000,220,815,1035,,0.30269999999999997,0.3294,,,,,4.342247982509434,0,1,201,0.0,0.0,0.6843810081481934,0.6843810081481934,0.990086019039154,0.02138898980944124,0.9269406392694064,0.9634703196347032,0.9269406392694064,0.0,0.0,0.23936637181965612,1.3803168140901718
MaxLoss,fashion_mnist,0,0.0,0.5,200,200,2500,2500,220,590,810,0.357159273524303,0.266,0.3088,,,,,2.687606843188405,0,1,201,0.0,0.0,0.686633288860321,0.686633288860321,0.9934871196746826,0.021421044248424163,0.9269406392694064,0.958904109589041,0.9223744292237442,0.0,0.0,0.23948645131431223,1.3802567743428438
Marginal,fashion_mnist,0,0.0,0.5,200,200,2500,2500,220,473,693,0.3088217506883666,0.2358,0.2425,,,,,2.953622435219586,0,1,201,0.0,0.0,0.6199528574943542,0.6199528574943542,0.9966834783554077,0.019718365718240607,0.954337899543379,0.958904109589041,0.954337899543379,0.0,0.0,0.2626226955635375,1.368688652218231
EL2N,fashion_mnist,0,0.0,0.5,200,200,2500,2500,220,610,830,0.3653831701958552,0.2649,0.3086,,,,,3.0512770181521773,0,1,201,0.0,0.0,0.6759138107299805,0.6759138107299805,0.9941178560256958,0.02050098640733658,0.9406392694063926,0.958904109589041,0.9360730593607306,0.0,0.0,0.2412101103516301,1.379394944824185
GraNdLast,fashion_mnist,0,0.0,0.5,200,200,2500,2500,220,561,781,0.34521501848939806,0.2522,0.2919,,,,,3.0958604710176587,0,1,201,0.0,0.0,0.6227326989173889,0.6227326989173889,0.9958029985427856,0.02056749580113311,0.954337899543379,0.958904109589041,0.954337899543379,0.0,0.0,0.25813844585420875,1.3709307770728956
RHO-PretrainRef,fashion_mnist,0,0.0,0.5,200,200,2500,2500,220,650,870,0.381798685179092,0.3073,0.3512,,,,,3.2659769505262375,0,1,201,0.0,0.0,0.6814849376678467,0.6814849376678467,0.9935780763626099,0.021129587129370807,0.9269406392694064,0.958904109589041,0.9223744292237442,0.0,0.0,0.24130433065086057,1.3793478346745698
PU-R,fashion_mnist,0,0.0,0.5,200,200,2500,2500,220,568,788,0.3481002665939741,0.2751,0.2916,,,,,4.894490951672196,0,1,201,0.0,0.0,0.6676958203315735,0.6676958203315735,0.9939789772033691,0.019267001380659128,0.9406392694063926,0.9634703196347032,0.9406392694063926,0.0,0.0,0.24692514725383866,1.3765374263730807
GREATS,fashion_mnist,0,0.0,0.5,200,200,2500,2500,220,549,769,,0.27669999999999995,0.2962,,,,,4.019325942732394,0,1,201,0.0,0.0,0.671563446521759,0.671563446521759,0.9927037954330444,0.021437320466999595,0.9315068493150684,0.958904109589041,0.9315068493150684,0.0,0.0,0.247470400545421,1.3762647997272894
MaxLoss,fashion_mnist,0,0.0,0.6,200,200,2000,3000,220,499,719,0.39732047118013725,0.32410000000000005,0.3571,,,,,2.59914094209671,0,1,201,0.0,0.0,0.6800232529640198,0.6800232529640198,0.995518147945404,0.019939948910991896,0.9360730593607306,0.9680365296803652,0.9360730593607306,0.0,0.0,0.23745639396401483,1.3812718030179925
Marginal,fashion_mnist,0,0.0,0.6,200,200,2000,3000,220,319,539,0.3043114992324263,0.22899999999999998,0.236,,,,,2.8211848316714168,0,1,201,0.0,0.0,0.6244834661483765,0.6244834661483765,0.9976646304130554,0.018495935113190518,0.958904109589041,0.9680365296803652,0.958904109589041,0.0,0.0,0.25302975183004117,1.3734851240849795
EL2N,fashion_mnist,0,0.0,0.6,200,200,2000,3000,220,376,596,0.33393827587133273,0.25129999999999997,0.2849,,,,,2.8867096696048975,0,1,201,0.0,0.0,0.655872106552124,0.655872106552124,0.9965424537658691,0.0209337412358419,0.9497716894977168,0.958904109589041,0.9497716894977168,0.0,0.0,0.24915624327216335,1.3754218783639183
GraNdLast,fashion_mnist,0,0.0,0.6,200,200,2000,3000,220,411,631,0.3520473712706007,0.26680000000000004,0.304,,,,,2.9338216884061694,0,1,201,0.0,0.0,0.6159799695014954,0.6159799695014954,0.9973527193069458,0.019370409451663222,0.9406392694063926,0.9634703196347032,0.9406392694063926,0.0,0.0,0.2497958936779876,1.3751020531610063
RHO-PretrainRef,fashion_mnist,0,0.0,0.6,200,200,2000,3000,220,431,651,0.36236850928980857,0.28859999999999997,0.3247,,,,,3.0496739130467176,0,1,201,0.0,0.0,0.6807849407196045,0.6807849407196045,0.9920321702957153,0.019660003381232694,0.9406392694063926,0.9634703196347032,0.9406392694063926,0.0,0.0,0.23634044812107668,1.3818297759394618
PU-R,fashion_mnist,0,0.0,0.6,200,200,2000,3000,220,410,630,0.3515308075584471,0.27990000000000004,0.2928,,,,,4.615300095640123,0,1,201,0.0,0.0,0.6617690920829773,0.6617690920829773,0.9919067025184631,0.021101380490004745,0.958904109589041,0.9680365296803652,0.958904109589041,0.0,0.0,0.25040601597689843,1.3747969920115508
GREATS,fashion_mnist,0,0.0,0.6,200,200,2000,3000,220,465,685,,0.3086,0.3277,,,,,3.6506831031292677,0,1,201,0.0,0.0,0.6689372658729553,0.6689372658729553,0.9902887344360352,0.02070139967687598,0.9360730593607306,0.9680365296803652,0.9360730593607306,0.0,0.0,0.24799901112404987,1.3760004944379751
MaxLoss,fashion_mnist,0,0.0,0.7,200,200,1500,3500,220,300,520,0.3895633186912164,0.29079999999999995,0.3282,,,,,2.5454535270109773,0,1,201,0.0,0.0,0.6799847483634949,0.6799847483634949,0.9921113848686218,0.023038755472936587,0.9360730593607306,0.9634703196347032,0.9315068493150684,0.0,0.0,0.23829356883951364,1.380853215580243
Marginal,fashion_mnist,0,0.0,0.7,200,200,1500,3500,220,232,452,0.3426270029740408,0.2288,0.2372,,,,,2.737142227590084,0,1,201,0.0,0.0,0.6182927489280701,0.6182927489280701,0.9977713823318481,0.020242707506162392,0.9497716894977168,0.9634703196347032,0.9497716894977168,0.0,0.0,0.25797624018307286,1.3710118799084636
EL2N,fashion_mnist,0,0.0,0.7,200,200,1500,3500,220,260,480,0.36200818000361323,0.26480000000000004,0.2931,,,,,2.7760508861392736,0,1,201,0.0,0.0,0.6723329424858093,0.6723329424858093,0.9954137802124023,0.022589064352044233,0.9360730593607306,0.958904109589041,0.9360730593607306,0.0,0.0,0.24278133274719507,1.3786093336264025
GraNdLast,fashion_mnist,0,0.0,0.7,200,200,1500,3500,220,275,495,0.3723592050955631,0.2622,0.2865,,,,,2.8096906822174788,0,1,201,0.0,0.0,0.6289219260215759,0.6289219260215759,0.9961745738983154,0.022352390161387996,0.954337899543379,0.958904109589041,0.954337899543379,0.0,0.0,0.25342457975062593,1.373287710124687
RHO-PretrainRef,fashion_mnist,0,0.0,0.7,200,200,1500,3500,220,264,484,0.36477058340096846,0.27490000000000003,0.3084,,,,,2.893964755348861,0,1,201,0.0,0.0,0.6721473932266235,0.6721473932266235,0.9940625429153442,0.023077543943984324,0.9452054794520548,0.958904109589041,0.9452054794520548,0.0,0.0,0.24068158818050694,1.3796592059097466
PU-R,fashion_mnist,0,0.0,0.7,200,200,1500,3500,220,263,483,0.36408012866741046,0.2579,0.2758,,,,,4.4473864287137985,0,1,201,0.0,0.0,0.654308021068573,0.654308021068573,0.9932522773742676,0.023149623786477738,0.9497716894977168,0.9634703196347032,0.9497716894977168,0.0,0.0,0.25383288981583435,1.3730835550920828
GREATS,fashion_mnist,0,0.0,0.7,200,200,1500,3500,220,286,506,,0.27349999999999997,0.2966,,,,,3.430562281049788,0,1,201,0.0,0.0,0.6670141220092773,0.6670141220092773,0.991805911064148,0.022482732999814698,0.9360730593607306,0.9634703196347032,0.9315068493150684,0.0,0.0,0.2448133129607421,1.3775933435196288
MaxLoss,fashion_mnist,0,0.0,0.8,200,200,1000,4000,220,88,308,0.3583167638280429,0.24239999999999995,0.2632,,,,,2.451607832685113,0,1,201,0.0,0.0,0.6428401470184326,0.6428401470184326,0.9958924055099487,0.020519030556831186,0.954337899543379,0.9726027397260274,0.954337899543379,0.0,0.0,0.2510308581255131,1.3744845709372435
Marginal,fashion_mnist,0,0.0,0.8,200,200,1000,4000,220,155,375,0.42779074370628223,0.24339999999999995,0.2517,,,,,2.621152146719396,0,1,201,0.0,0.0,0.6155733466148376,0.6155733466148376,0.9966215491294861,0.0167346896101895,0.9497716894977168,0.9634703196347032,0.9497716894977168,0.0,0.0,0.2542090195489575,1.3728954902255213
EL2N,fashion_mnist,0,0.0,0.8,200,200,1000,4000,220,72,292,0.34155116631882265,0.23140000000000005,0.2553,,,,,2.631804855540395,0,1,201,0.0,0.0,0.6449257731437683,0.6449257731437683,0.9957364797592163,0.019976466077647796,0.9452054794520548,0.9634703196347032,0.9452054794520548,0.0,0.0,0.25081386190270183,1.374593069048649
GraNdLast,fashion_mnist,0,0.0,0.8,200,200,1000,4000,220,140,360,0.41233479900984094,0.25349999999999995,0.2781,,,,,2.6621638732030988,0,1,201,0.0,0.0,0.6144369840621948,0.6144369840621948,0.9953351616859436,0.02240405956359759,0.9452054794520548,0.9634703196347032,0.9452054794520548,0.0,0.0,0.2667078295882536,1.3666460852058733
RHO-PretrainRef,fashion_mnist,0,0.0,0.8,200,200,1000,4000,220,79,299,0.34889490506611764,0.24009999999999998,0.2621,,,,,2.7292816704139113,0,1,201,0.0,0.0,0.6511302590370178,0.6511302590370178,0.993710994720459,0.02119370954766121,0.9497716894977168,0.9680365296803652,0.9497716894977168,0.0,0.0,0.2502025461024636,1.3748987269487682
PU-R,fashion_mnist,0,0.0,0.8,200,200,1000,4000,220,117,337,0.388527957664337,0.23819999999999997,0.2542,,,,,4.187789019197226,0,1,201,0.0,0.0,0.6600583791732788,0.6600583791732788,0.9893839359283447,0.01933184551866087,0.958904109589041,0.9634703196347032,0.954337899543379,0.0,0.0,0.24542160080390907,1.3772891995980454
GREATS,fashion_mnist,0,0.0,0.8,200,200,1000,4000,220,103,323,,0.24339999999999995,0.2613,,,,,3.1377219650894403,0,1,201,0.0,0.0,0.6545835733413696,0.6545835733413696,0.9928408861160278,0.020120280790546712,0.9497716894977168,0.9680365296803652,0.9452054794520548,0.0,0.0,0.24915553601211754,1.3754222319939413
MaxLoss,fashion_mnist,1,0.0,0.0,200,200,5000,0,220,1883,2103,0.44606972439214587,0.36550000000000005,0.4358,,,,,3.006079876795411,0,1,201,0.0,0.0,0.7125523090362549,0.7125523090362549,0.990831196308136,0.022677816042344864,0.9269406392694064,0.958904109589041,0.9269406392694064,0.0,0.0,0.23089107577358317,1.3845544621132084
Marginal,fashion_mnist,1,0.0,0.0,200,200,5000,0,220,1111,1331,0.28870568407000974,0.24819999999999998,0.257,,,,,3.61150514613837,0,1,201,0.0,0.0,0.6403957009315491,0.6403957009315491,0.996701717376709,0.023867778105822874,0.9497716894977168,0.958904109589041,0.9497716894977168,0.0,0.0,0.2601978323945317,1.3699010838027341
EL2N,fashion_mnist,1,0.0,0.0,200,200,5000,0,220,1538,1758,0.37609931686893106,0.2865,0.3406,,,,,3.794550589285791,0,1,201,0.0,0.0,0.6524577140808105,0.6524577140808105,0.9945733547210693,0.02467635474656815,0.9315068493150684,0.958904109589041,0.9315068493150684,0.0,0.0,0.2599273054270016,1.3700363472864991
GraNdLast,fashion_mnist,1,0.0,0.0,200,200,5000,0,220,1567,1787,0.3820016799145378,0.30720000000000003,0.3484,,,,,3.9475057823583484,0,1,201,0.0,0.0,0.6511145830154419,0.6511145830154419,0.9958511590957642,0.021194406772313053,0.954337899543379,0.958904109589041,0.954337899543379,0.0,0.0,0.24945302726889493,1.3752734863655525
RHO-PretrainRef,fashion_mnist,1,0.0,0.0,200,200,5000,0,220,2140,2360,0.49785599909955636,0.4085,0.4731,,,,,4.305424068123102,0,1,201,0.0,0.0,0.7122973203659058,0.7122973203659058,0.9951533675193787,0.02249936147095406,0.9452054794520548,0.9634703196347032,0.9452054794520548,0.0,0.0,0.2314381193171565,1.3842809403414218
PU-R,fashion_mnist,1,0.0,0.0,200,200,5000,0,220,1216,1436,0.3102852629381232,0.2643,0.2844,,,,,6.24298638291657,0,1,201,0.0,0.0,0.6682048439979553,0.6682048439979553,0.9915719628334045,0.024163601231085113,0.9452054794520548,0.9634703196347032,0.9406392694063926,0.0,0.0,0.2514225254777681,1.374288737261116
GREATS,fashion_mnist,1,0.0,0.0,200,200,5000,0,220,1431,1651,,0.29769999999999996,0.3347,,,,,5.701730201952159,0,1,201,0.0,0.0,0.6991828083992004,0.6991828083992004,0.994699239730835,0.022949768391918375,0.9315068493150684,0.958904109589041,0.9315068493150684,0.0,0.0,0.23991301752945368,1.380043491235273
MaxLoss,fashion_mnist,1,0.0,0.1,200,200,4500,500,220,1516,1736,0.4120873507927172,0.32889999999999997,0.3833,,,,,2.9972488740459085,0,1,201,0.0,0.0,0.6903005242347717,0.6903005242347717,0.9907197952270508,0.022418943442166123,0.9315068493150684,0.9634703196347032,0.9269406392694064,0.0,0.0,0.2400585583857597,1.3799707208071201
Marginal,fashion_mnist,1,0.0,0.1,200,200,4500,500,220,1021,1241,0.29971264576306567,0.2509,0.2584,,,,,3.550526604987681,0,1,201,0.0,0.0,0.6348111033439636,0.6348111033439636,0.9979621171951294,0.020238619688983377,0.9497716894977168,0.9634703196347032,0.9497716894977168,0.0,0.0,0.25113814063371503,1.3744309296831425
EL2N,fashion_mnist,1,0.0,0.1,200,200,4500,500,220,1346,1566,0.37366876075975597,0.2976,0.3393,,,,,3.732447541318834,0,1,201,0.0,0.0,0.6638085842132568,0.6638085842132568,0.9954708814620972,0.020776792748333658,0.9497716894977168,0.9680365296803652,0.9497716894977168,0.0,0.0,0.24451980004172252,1.3777400999791387
GraNdLast,fashion_mnist,1,0.0,0.1,200,200,4500,500,220,1320,1540,0.36777757958043367,0.2893,0.33,,,,,3.757553202100098,0,1,201,0.0,0.0,0.6196852922439575,0.6196852922439575,0.9974768757820129,0.02135107832956532,0.9406392694063926,0.9634703196347032,0.9406392694063926,0.0,0.0,0.258527107351269,1.3707364463243654
RHO-PretrainRef,fashion_mnist,1,0.0,0.1,200,200,4500,500,220,1410,1630,0.3881524986936711,0.31699999999999995,0.3643,,,,,3.999543103389442,0,1,201,0.0,0.0,0.6921480298042297,0.6921480298042297,0.9931926131248474,0.02310994723343958,0.9269406392694064,0.9680365296803652,0.9269406392694064,0.0,0.0,0.2386559954092488,1.3806720022953756
PU-R,fashion_mnist,1,0.0,0.1,200,200,4500,500,220,1054,1274,0.30725496634840965,0.2631,0.2742,,,,,5.945830138400197,0,1,201,0.0,0.0,0.6540737748146057,0.6540737748146057,0.9951096177101135,0.02376218126516908,0.9315068493150684,0.9680365296803652,0.9315068493150684,0.0,0.0,0.2573189303779793,1.3713405348110104
GREATS,fashion_mnist,1,0.0,0.1,200,200,4500,500,220,1417,1637,,0.31920000000000004,0.3567,,,,,5.341501993127167,0,1,201,0.0,0.0,0.6898346543312073,0.6898346543312073,0.9941902160644531,0.022572846989653426,0.9315068493150684,0.958904109589041,0.9315068493150684,0.0,0.0,0.24231721544399534,1.3788413922780023
MaxLoss,fashion_mnist,1,0.0,0.2,200,200,4000,1000,220,1390,1610,0.43053773877909407,0.3428,0.4023,,,,,2.8808350963518023,0,1,201,0.0,0.0,0.6995511054992676,0.6995511054992676,0.9927833676338196,0.02179781793187198,0.9315068493150684,0.958904109589041,0.9315068493150684,0.0,0.0,0.235452549439166,1.3822737252804171
Marginal,fashion_mnist,1,0.0,0.2,200,200,4000,1000,220,865,1085,0.2964085799176246,0.23750000000000004,0.2463,,,,,3.2974215215072036,0,1,201,0.0,0.0,0.6306271553039551,0.6306271553039551,0.9946635961532593,0.023246647152182175,0.9406392694063926,0.958904109589041,0.9406392694063926,0.0,0.0,0.26296282133995263,1.3685185893300238
EL2N,fashion_mnist,1,0.0,0.2,200,200,4000,1000,220,1102,1322,0.3572485635522753,0.28700000000000003,0.3261,,,,,3.450665940530598,0,1,201,0.0,0.0,0.6610845327377319,0.6610845327377319,0.997077465057373,0.02154819204654868,0.9497716894977168,0.958904109589041,0.9497716894977168,0.0,0.0,0.23971144841639203,1.380144275791804
GraNdLast,fashion_mnist,1,0.0,0.2,200,200,4000,1000,220,1227,1447,0.389139655046165,0.3022,0.3535,,,,,3.6047649709507823,0,1,201,0.0,0.0,0.639649510383606,0.639649510383606,0.9972267150878906,0.021635761578061265,0.954337899543379,0.958904109589041,0.954337899543379,0.0,0.0,0.2512413121929005,1.3743793439035499
RHO-PretrainRef,fashion_mnist,1,0.0,0.2,200,200,4000,1000,220,1337,1557,0.41709966608323157,0.32430000000000003,0.3753,,,,,3.748372334986925,0,1,201,0.0,0.0,0.6961944699287415,0.6961944699287415,0.9948493838310242,0.023916948841859218,0.9315068493150684,0.958904109589041,0.9315068493150684,0.0,0.0,0.2398798205110525,1.3800600897444737
PU-R,fashion_mnist,1,0.0,0.2,200,200,4000,1000,220,1216,1436,0.3863383761490695,0.34030000000000005,0.3581,,,,,5.785112078301609,0,1,201,0.0,0.0,0.6785343289375305,0.6785343289375305,0.9947609901428223,0.02112468988655909,0.954337899543379,0.958904109589041,0.9497716894977168,0.0,0.0,0.2378332972628131,1.3810833513685934
GREATS,fashion_mnist,1,0.0,0.2,200,200,4000,1000,220,1162,1382,,0.30510000000000004,0.3425,,,,,5.036946659907699,0,1,201,0.0,0.0,0.6927079558372498,0.6927079558372498,0.9959863424301147,0.022469651549374133,0.9223744292237442,0.958904109589041,0.9223744292237442,0.0,0.0,0.2401961204646737,1.379901939767663
MaxLoss,fashion_mnist,1,0.0,0.3,200,200,3500,1500,220,1069,1289,0.39756478153867647,0.32330000000000003,0.3785,,,,,2.838350479491055,0,1,201,0.0,0.0,0.6967489123344421,0.6967489123344421,0.9930652379989624,0.023841563561191298,0.9360730593607306,0.9634703196347032,0.9360730593607306,0.0,0.0,0.23728021990697376,1.3813598900465132
Marginal,fashion_mnist,1,0.0,0.3,200,200,3500,1500,220,703,923,0.2902507339604199,0.22330000000000005,0.2303,,,,,3.198879894800484,0,1,201,0.0,0.0,0.6409883499145508,0.6409883499145508,0.9946367144584656,0.021082146663099665,0.954337899543379,0.9634703196347032,0.954337899543379,0.0,0.0,0.2549955811274266,1.3725022094362866
EL2N,fashion_mnist,1,0.0,0.3,200,200,3500,1500,220,956,1176,0.36460539151448756,0.28490000000000004,0.3304,,,,,3.331013777293265,0,1,201,0.0,0.0,0.6771200895309448,0.6771200895309448,0.9930336475372314,0.023501817970515385,0.9497716894977168,0.958904109589041,0.9497716894977168,0.0,0.0,0.24378643767982575,1.3781067811600871
GraNdLast,fashion_mnist,1,0.0,0.3,200,200,3500,1500,220,1079,1299,0.40047463547671214,0.31089999999999995,0.3542,,,,,3.4655240746214986,0,1,201,0.0,0.0,0.6198459267616272,0.6198459267616272,0.9972355365753174,0.021681836887037374,0.954337899543379,0.9634703196347032,0.954337899543379,0.0,0.0,0.2556309879729759,1.372184506013512
RHO-PretrainRef,fashion_mnist,1,0.0,0.3,200,200,3500,1500,220,1070,1290,0.3978558165836148,0.30820000000000003,0.3656,,,,,3.5831253454089165,0,1,201,0.0,0.0,0.6985151767730713,0.6985151767730713,0.9893218278884888,0.02213789366151644,0.9452054794520548,0.9680365296803652,0.9452054794520548,0.0,0.0,0.23262724447296163,1.383686377763519
PU-R,fashion_mnist,1,0.0,0.3,200,200,3500,1500,220,830,1050,0.3276772157405503,0.27180000000000004,0.2864,,,,,5.462683871388435,0,1,201,0.0,0.0,0.6728472709655762,0.6728472709655762,0.9922474026679993,0.022745054606433328,0.9315068493150684,0.9726027397260274,0.9315068493150684,0.0,0.0,0.24630488019364544,1.3768475599031773
GREATS,fashion_mnist,1,0.0,0.3,200,200,3500,1500,220,1019,1239,,0.3136,0.3511,,,,,4.72267506364733,0,1,201,0.0,0.0,0.6903844475746155,0.6903844475746155,0.9914286136627197,0.02310556983022385,0.9269406392694064,0.958904109589041,0.9269406392694064,0.0,0.0,0.24434656553424694,1.3778267172328764
MaxLoss,fashion_mnist,1,0.0,0.4,200,200,3000,2000,220,730,950,0.34690818906528875,0.2813,0.3196,,,,,2.7348541226238012,0,1,201,0.0,0.0,0.6720855832099915,0.6720855832099915,0.9938211441040039,0.02289829644710506,0.9315068493150684,0.9680365296803652,0.9315068493150684,0.0,0.0,0.24413973617459442,1.3779301319127029
Marginal,fashion_mnist,1,0.0,0.4,200,200,3000,2000,220,639,859,0.31565798667725176,0.23839999999999995,0.2463,,,,,3.0457385778427124,0,1,201,0.0,0.0,0.6311501264572144,0.6311501264572144,0.9987851977348328,0.01985528087030807,0.9452054794520548,0.958904109589041,0.9452054794520548,0.0,0.0,0.25427192148928357,1.3728640392553582
EL2N,fashion_mnist,1,0.0,0.4,200,200,3000,2000,220,793,1013,0.3684555711224675,0.279,0.3159,,,,,3.1586426477879286,0,1,201,0.0,0.0,0.6461082696914673,0.6461082696914673,0.994449257850647,0.02079342911232552,0.9452054794520548,0.9680365296803652,0.9406392694063926,0.0,0.0,0.2497314225044349,1.3751342887477827
GraNdLast,fashion_mnist,1,0.0,0.4,200,200,3000,2000,220,805,1025,0.37255206803092733,0.2873,0.3181,,,,,3.2427498251199722,0,1,201,0.0,0.0,0.6184311509132385,0.6184311509132385,0.99669349193573,0.021395942868163053,0.954337899543379,0.9634703196347032,0.954337899543379,0.0,0.0,0.2568867060824712,1.3715566469587643
RHO-PretrainRef,fashion_mnist,1,0.0,0.4,200,200,3000,2000,220,811,1031,0.37459940160624683,0.2811,0.3292,,,,,3.389983670786023,0,1,201,0.0,0.0,0.6848370432853699,0.6848370432853699,0.9953776597976685,0.022645195325215656,0.9406392694063926,0.9680365296803652,0.9406392694063926,0.0,0.0,0.23739780188959306,1.3813010990552035
PU-R,fashion_mnist,1,0.0,0.4,200,200,3000,2000,220,697,917,0.3355933899874799,0.2711,0.2869,,,,,5.16124695725739,0,1,201,0.0,0.0,0.6649639010429382,0.6649639010429382,0.9952444434165955,0.021977432446392702,0.9452054794520548,0.9680365296803652,0.9452054794520548,0.0,0.0,0.2466087367908353,1.3766956316045824
GREATS,fashion_mnist,1,0.0,0.4,200,200,3000,2000,220,797,1017,,0.28769999999999996,0.3214,,,,,4.306073765270412,0,1,201,0.0,0.0,0.6714695692062378,0.6714695692062378,0.9932863712310791,0.021700615752233216,0.9360730593607306,0.9680365296803652,0.9315068493150684,0.0,0.0,0.2479304511033572,1.3760347744483215
MaxLoss,fashion_mnist,1,0.0,0.5,200,200,2500,2500,220,695,915,0.400216065638233,0.3086,0.3621,,,,,2.6919921515509486,0,1,201,0.0,0.0,0.6998289823532104,0.6998289823532104,0.992489218711853,0.02211405819953849,0.9269406392694064,0.9634703196347032,0.9269406392694064,0.0,0.0,0.23500531796956045,1.3824973410152197
Marginal,fashion_mnist,1,0.0,0.5,200,200,2500,2500,220,515,735,0.32621989701874554,0.2439,0.2504,,,,,2.963485042564571,0,1,201,0.0,0.0,0.6149491667747498,0.6149491667747498,0.9947351217269897,0.021350703555155018,0.9406392694063926,0.9634703196347032,0.9406392694063926,0.0,0.0,0.2619045613945025,1.3690477193027486
EL2N,fashion_mnist,1,0.0,0.5,200,200,2500,2500,220,541,761,0.3369637865689583,0.25770000000000004,0.2964,,,,,3.045868169516325,0,1,201,0.0,0.0,0.6774855256080627,0.6774855256080627,0.9940763711929321,0.020930950364021407,0.9406392694063926,0.9634703196347032,0.9406392694063926,0.0,0.0,0.23701758330932995,1.381491208345335
GraNdLast,fashion_mnist,1,0.0,0.5,200,200,2500,2500,220,618,838,0.3686696898075752,0.2965,0.327,,,,,3.117293896153569,0,1,201,0.0,0.0,0.6358198523521423,0.6358198523521423,0.9959627389907837,0.021351548226456664,0.9452054794520548,0.958904109589041,0.9452054794520548,0.0,0.0,0.2574467676312631,1.3712766161843684
RHO-PretrainRef,fashion_mnist,1,0.0,0.5,200,200,2500,2500,220,632,852,0.37441696895984933,0.29100000000000004,0.3414,,,,,3.231233767233789,0,1,201,0.0,0.0,0.675262987613678,0.675262987613678,0.9921591281890869,0.02259677839061441,0.9360730593607306,0.9634703196347032,0.9360730593607306,0.0,0.0,0.24535295237571067,1.3773235238121446
PU-R,fashion_mnist,1,0.0,0.5,200,200,2500,2500,220,568,788,0.3481002665939741,0.27859999999999996,0.3008,,,,,4.871834282763302,0,1,201,0.0,0.0,0.6511435508728027,0.6511435508728027,0.9953947067260742,0.023369030865360067,0.9452054794520548,0.9634703196347032,0.9406392694063926,0.0,0.0,0.2552603616070843,1.3723698191964577
GREATS,fashion_mnist,1,0.0,0.5,200,200,2500,2500,220,555,775,,0.27659999999999996,0.3053,,,,,4.001979591324925,0,1,201,0.0,0.0,0.6661117672920227,0.6661117672920227,0.989814817905426,0.02253418575683141,0.91324200913242,0.9634703196347032,0.91324200913242,0.0,0.0,0.25086642016485755,1.374566789917571
MaxLoss,fashion_mnist,1,0.0,0.6,200,200,2000,3000,220,516,736,0.40602580312406644,0.28990000000000005,0.3358,,,,,2.6048275157809258,0,1,201,0.0,0.0,0.6862083077430725,0.6862083077430725,0.9953601360321045,0.02097450883965514,0.9497716894977168,0.9634703196347032,0.9452054794520548,0.0,0.0,0.2363504823729769,1.3818247588135115
Marginal,fashion_mnist,1,0.0,0.6,200,200,2000,3000,220,380,600,0.33601098571671173,0.22250000000000003,0.2306,,,,,2.8396583208814263,0,1,201,0.0,0.0,0.6242390871047974,0.6242390871047974,0.9974300861358643,0.019921716081497332,0.9497716894977168,0.9634703196347032,0.9497716894977168,0.0,0.0,0.2553782309140972,1.3723108845429515
EL2N,fashion_mnist,1,0.0,0.6,200,200,2000,3000,220,416,636,0.3546294616535306,0.2633,0.303,,,,,2.9087224062532187,0,1,201,0.0,0.0,0.6646553874015808,0.6646553874015808,0.9953100085258484,0.019471107552584993,0.9497716894977168,0.9680365296803652,0.9452054794520548,0.0,0.0,0.24296804939929428,1.3785159753003529
GraNdLast,fashion_mnist,1,0.0,0.6,200,200,2000,3000,220,442,662,0.3680370043730363,0.25749999999999995,0.2927,,,,,2.9662638744339347,0,1,201,0.0,0.0,0.6313921809196472,0.6313921809196472,0.996922492980957,0.020465987730243978,0.958904109589041,0.9634703196347032,0.958904109589041,0.0,0.0,0.2533885094882886,1.3733057452558557
RHO-PretrainRef,fashion_mnist,1,0.0,0.6,200,200,2000,3000,220,378,598,0.33497473219176754,0.25429999999999997,0.2879,,,,,3.062631346285343,0,1,201,0.0,0.0,0.6817810535430908,0.6817810535430908,0.9958162307739258,0.02167343821155426,0.9497716894977168,0.954337899543379,0.9452054794520548,0.0,0.0,0.24093204664423662,1.3795339766778816
PU-R,fashion_mnist,1,0.0,0.6,200,200,2000,3000,220,442,662,0.3680370043730363,0.2772,0.2883,,,,,4.663659899495542,0,1,201,0.0,0.0,0.6553046107292175,0.6553046107292175,0.9978840351104736,0.020284461104162207,0.9497716894977168,0.9634703196347032,0.9452054794520548,0.0,0.0,0.24751126691494413,1.376244366542528
GREATS,fashion_mnist,1,0.0,0.6,200,200,2000,3000,220,449,669,,0.28779999999999994,0.3079,,,,,3.7214152021333575,0,1,201,0.0,0.0,0.6762105822563171,0.6762105822563171,0.9929514527320862,0.021041415053415516,0.9360730593607306,0.9680365296803652,0.9315068493150684,0.0,0.0,0.24359375352108983,1.3782031232394552
MaxLoss,fashion_mnist,1,0.0,0.7,200,200,1500,3500,220,178,398,0.305018438200932,0.2538,0.2806,,,,,2.5512446593493223,0,1,201,0.0,0.0,0.6716946959495544,0.6716946959495544,0.9933080673217773,0.021736656694107404,0.9315068493150684,0.958904109589041,0.9269406392694064,0.0,0.0,0.2429918752220882,1.378504062388956
Marginal,fashion_mnist,1,0.0,0.7,200,200,1500,3500,220,236,456,0.3454005673993379,0.22599999999999998,0.2336,,,,,2.753065482713282,0,1,201,0.0,0.0,0.6425483822822571,0.6425483822822571,0.9977000951766968,0.018890236474607632,0.954337899543379,0.9680365296803652,0.954337899543379,0.0,0.0,0.24500248292112528,1.3774987585394374
EL2N,fashion_mnist,1,0.0,0.7,200,200,1500,3500,220,258,478,0.3606263924157247,0.25949999999999995,0.2929,,,,,2.783488436602056,0,1,201,0.0,0.0,0.6584773659706116,0.6584773659706116,0.9967561960220337,0.022291780810922247,0.9452054794520548,0.9680365296803652,0.9452054794520548,0.0,0.0,0.24470914681711714,1.3776454265914415
GraNdLast,fashion_mnist,1,0.0,0.7,200,200,1500,3500,220,282,502,0.37718229298479855,0.26080000000000003,0.2952,,,,,2.8248789543285966,0,1,201,0.0,0.0,0.6327028870582581,0.6327028870582581,0.996178388595581,0.021504591793230134,0.9452054794520548,0.958904109589041,0.9452054794520548,0.0,0.0,0.2520918366017644,1.3739540816991178
RHO-PretrainRef,fashion_mnist,1,0.0,0.7,200,200,1500,3500,220,221,441,0.33499122131615877,0.2649,0.2894,,,,,2.886874626390636,0,1,201,0.0,0.0,0.6628888249397278,0.6628888249397278,0.9944307208061218,0.02270698642621846,0.9452054794520548,0.9680365296803652,0.9452054794520548,0.0,0.0,0.24917540559903006,1.375412297200485
PU-R,fashion_mnist,1,0.0,0.7,200,200,1500,3500,220,266,486,0.36615120159694925,0.2639,0.277,,,,,4.428697241470218,0,1,201,0.0,0.0,0.6608223915100098,0.6608223915100098,0.9945629835128784,0.020705933440221497,0.9497716894977168,0.9680365296803652,0.9497716894977168,0.0,0.0,0.24329752207126906,1.3783512389643655
GREATS,fashion_mnist,1,0.0,0.7,200,200,1500,3500,220,206,426,,0.24329999999999996,0.2584,,,,,3.4236257961019874,0,1,201,0.0,0.0,0.6667791604995728,0.6667791604995728,0.9876383543014526,0.021147641212972877,0.9406392694063926,0.9634703196347032,0.9360730593607306,0.0,0.0,0.2465098308938012,1.3767450845530993
MaxLoss,fashion_mnist,1,0.0,0.8,200,200,1000,4000,220,76,296,0.3457492807065137,0.24070000000000003,0.2652,,,,,2.445470034144819,0,1,201,0.0,0.0,0.6616963148117065,0.6616963148117065,0.995494544506073,0.023440877052202616,0.9406392694063926,0.958904109589041,0.9360730593607306,0.0,0.0,0.2509963791982789,1.3745018104008606
Marginal,fashion_mnist,1,0.0,0.8,200,200,1000,4000,220,115,335,0.38645148754585534,0.23199999999999998,0.2402,,,,,2.613680450245738,0,1,201,0.0,0.0,0.6360679864883423,0.6360679864883423,0.9976730346679688,0.020041024031704418,0.9497716894977168,0.9634703196347032,0.9497716894977168,0.0,0.0,0.2520737793687193,1.3739631103156404
EL2N,fashion_mnist,1,0.0,0.8,200,200,1000,4000,220,93,313,0.3635415398166515,0.24539999999999995,0.2666,,,,,2.619398512877524,0,1,201,0.0,0.0,0.6649773120880127,0.6649773120880127,0.9938404560089111,0.021570149622007047,0.9269406392694064,0.958904109589041,0.9269406392694064,0.0,0.0,0.2445422334463012,1.3777288832768493
GraNdLast,fashion_mnist,1,0.0,0.8,200,200,1000,4000,220,137,357,0.4092370291473344,0.2581,0.2862,,,,,2.6540071610361338,0,1,201,0.0,0.0,0.6332376599311829,0.6332376599311829,0.9967285990715027,0.021620208269929234,0.9315068493150684,0.958904109589041,0.9315068493150684,0.0,0.0,0.2554787944518638,1.3722606027740682
RHO-PretrainRef,fashion_mnist,1,0.0,0.8,200,200,1000,4000,220,114,334,0.38541286753024906,0.2643,0.2915,,,,,2.724281072616577,0,1,201,0.0,0.0,0.6509864926338196,0.6509864926338196,0.9976825714111328,0.021282826112285595,0.9406392694063926,0.958904109589041,0.9315068493150684,0.0,0.0,0.25115038507325843,1.3744248074633707
PU-R,fashion_mnist,1,0.0,0.8,200,200,1000,4000,220,122,342,0.3937146655516699,0.2601,0.2785,,,,,4.178481640294194,0,1,201,0.0,0.0,0.6624574065208435,0.6624574065208435,0.9876155257225037,0.022380960790533998,0.9360730593607306,0.958904109589041,0.9360730593607306,0.0,0.0,0.25217803391984994,1.373910983040075
GREATS,fashion_mnist,1,0.0,0.8,200,200,1000,4000,220,97,317,,0.24980000000000002,0.2669,,,,,3.171478300355375,0,1,201,0.0,0.0,0.6632481217384338,0.6632481217384338,0.9930859804153442,0.022719969964462874,0.9315068493150684,0.958904109589041,0.9315068493150684,0.0,0.0,0.2514620657347053,1.3742689671326473
MaxLoss,fashion_mnist,2,0.0,0.0,200,200,5000,0,220,1877,2097,0.44485734251793474,0.374,0.4375,,,,,3.034840394742787,0,1,201,0.0,0.0,0.709827721118927,0.709827721118927,0.9889843463897705,0.021284962625808368,0.9452054794520548,0.9680365296803652,0.9452054794520548,0.0,0.0,0.23219384877800267,1.3839030756109987
Marginal,fashion_mnist,2,0.0,0.0,200,200,5000,0,220,1064,1284,0.2790255919098854,0.235,0.2416,,,,,3.5522843869403005,0,1,201,0.0,0.0,0.6341314911842346,0.6341314911842346,0.9964290857315063,0.020082054481114428,0.9406392694063926,0.9726027397260274,0.9406392694063926,0.0,0.0,0.2599664699520395,1.3700167650239803
EL2N,fashion_mnist,2,0.0,0.0,200,200,5000,0,220,1571,1791,0.38281549006933346,0.2976,0.3586,,,,,3.8201355058699846,0,1,201,0.0,0.0,0.6715115904808044,0.6715115904808044,0.9926215410232544,0.022908700111249812,0.9406392694063926,0.9634703196347032,0.9406392694063926,0.0,0.0,0.25031314389213033,1.3748434280539348
GraNdLast,fashion_mnist,2,0.0,0.0,200,200,5000,0,220,1439,1659,0.3559197392896749,0.30879999999999996,0.3459,,,,,3.9613937065005302,0,1,201,0.0,0.0,0.6348820328712463,0.6348820328712463,0.9956490993499756,0.021274177042860963,0.954337899543379,0.9634703196347032,0.954337899543379,0.0,0.0,0.2584252619046694,1.3707873690476653
RHO-PretrainRef,fashion_mnist,2,0.0,0.0,200,200,5000,0,220,1699,1919,0.40881856222404167,0.3214,0.3856,,,,,4.1966209495440125,0,1,201,0.0,0.0,0.7108212113380432,0.7108212113380432,0.9938429594039917,0.022491915857410866,0.9269406392694064,0.9680365296803652,0.9269406392694064,0.0,0.0,0.23530780425041153,1.3823460978747941
PU-R,fashion_mnist,2,0.0,0.0,200,200,5000,0,220,1184,1404,0.3037152111646719,0.263,0.2795,,,,,6.264463597908616,0,1,201,0.0,0.0,0.6680721044540405,0.6680721044540405,0.9937478303909302,0.02202890126128175,0.9315068493150684,0.9726027397260274,0.9315068493150684,0.0,0.0,0.2519818797665142,1.374009060116743
GREATS,fashion_mnist,2,0.0,0.0,200,200,5000,0,220,1647,1867,,0.32989999999999997,0.3724,,,,,5.865542569197714,0,1,201,0.0,0.0,0.6926324367523193,0.6926324367523193,0.9935917854309082,0.02156166466948104,0.9360730593607306,0.9680365296803652,0.9360730593607306,0.0,0.0,0.2433521137060566,1.3783239431469716
MaxLoss,fashion_mnist,2,0.0,0.1,200,200,4500,500,220,1440,1660,0.3949332510237582,0.31499999999999995,0.3796,,,,,3.0177024314180017,0,1,201,0.0,0.0,0.7086764574050903,0.7086764574050903,0.9939454793930054,0.022439103216341096,0.9360730593607306,0.9680365296803652,0.9360730593607306,0.0,0.0,0.23349231191651787,1.383253844041741
Marginal,fashion_mnist,2,0.0,0.1,200,200,4500,500,220,956,1176,0.28483294101897627,0.23370000000000002,0.2416,,,,,3.4752866877242923,0,1,201,0.0,0.0,0.6246299743652344,0.6246299743652344,0.997406005859375,0.0188211963329141,0.9406392694063926,0.9680365296803652,0.9406392694063926,0.0,0.0,0.2542622408674063,1.3728688795662969
EL2N,fashion_mnist,2,0.0,0.1,200,200,4500,500,220,1404,1624,0.38679570180829614,0.3153,0.3699,,,,,3.685611367225647,0,1,201,0.0,0.0,0.6844616532325745,0.6844616532325745,0.9932078123092651,0.02169524044751032,0.9497716894977168,0.9634703196347032,0.9452054794520548,0.0,0.0,0.23624311145726928,1.3818784442713654
GraNdLast,fashion_mnist,2,0.0,0.1,200,200,4500,500,220,1208,1428,0.34235147963045165,0.2815,0.3164,,,,,3.874904223717749,0,1,201,0.0,0.0,0.6338395476341248,0.6338395476341248,0.9948216676712036,0.022213309799155145,0.9497716894977168,0.9680365296803652,0.9497716894977168,0.0,0.0,0.25801160318536437,1.3709941984073177
RHO-PretrainRef,fashion_mnist,2,0.0,0.1,200,200,4500,500,220,1652,1872,0.4427009607315995,0.3679,0.4249,,,,,4.073616286739707,0,1,201,0.0,0.0,0.7052610516548157,0.7052610516548157,0.9901896715164185,0.022991676172709356,0.954337899543379,0.9634703196347032,0.9497716894977168,0.0,0.0,0.23403486877917548,1.3829825656104122
PU-R,fashion_mnist,2,0.0,0.1,200,200,4500,500,220,1157,1377,0.33074651897186413,0.27349999999999997,0.2946,,,,,5.918520610779524,0,1,201,0.0,0.0,0.6570810079574585,0.6570810079574585,0.9934031963348389,0.02422506787461233,0.958904109589041,0.9680365296803652,0.954337899543379,0.0,0.0,0.25312825989329946,1.3734358700533502
GREATS,fashion_mnist,2,0.0,0.1,200,200,4500,500,220,1303,1523,,0.2983,0.3317,,,,,5.398781176656485,0,1,201,0.0,0.0,0.6855384707450867,0.6855384707450867,0.9925603866577148,0.022573974714975922,0.9406392694063926,0.9680365296803652,0.9406392694063926,0.0,0.0,0.24283897444093025,1.3785805127795348
MaxLoss,fashion_mnist,2,0.0,0.2,200,200,4000,1000,220,1271,1491,0.40033509535714984,0.3296,0.3789,,,,,2.8931550243869424,0,1,201,0.0,0.0,0.6991313695907593,0.6991313695907593,0.9959441423416138,0.02078970069210279,0.9360730593607306,0.9680365296803652,0.9360730593607306,0.0,0.0,0.2329731167372491,1.3835134416313755
Marginal,fashion_mnist,2,0.0,0.2,200,200,4000,1000,220,835,1055,0.2886693022446707,0.2309,0.2368,,,,,3.2618759581819177,0,1,201,0.0,0.0,0.6110213398933411,0.6110213398933411,0.9979223608970642,0.020139339715922803,0.9452054794520548,0.9634703196347032,0.9452054794520548,0.0,0.0,0.26316361688733914,1.3684181915563305
EL2N,fashion_mnist,2,0.0,0.2,200,200,4000,1000,220,1232,1452,0.3904126421548426,0.31989999999999996,0.37,,,,,3.447206512093544,0,1,201,0.0,0.0,0.6620117425918579,0.6620117425918579,0.9942076206207275,0.02169837527079125,0.9452054794520548,0.9634703196347032,0.9452054794520548,0.0,0.0,0.24651285885087243,1.3767435705745639
GraNdLast,fashion_mnist,2,0.0,0.2,200,200,4000,1000,220,1051,1271,0.34419923031236976,0.27980000000000005,0.3173,,,,,3.577853601425886,0,1,201,0.0,0.0,0.6235582232475281,0.6235582232475281,0.994349479675293,0.022775784475073967,0.9406392694063926,0.958904109589041,0.9406392694063926,0.0,0.0,0.26170599813663564,1.3691470009316822
RHO-PretrainRef,fashion_mnist,2,0.0,0.2,200,200,4000,1000,220,1087,1307,0.35341285169124603,0.277,0.328,,,,,3.734455408528447,0,1,201,0.0,0.0,0.6904950141906738,0.6904950141906738,0.9944915175437927,0.02104693800891371,0.9452054794520548,0.958904109589041,0.9406392694063926,0.0,0.0,0.2380068411965587,1.3809965794017207
PU-R,fashion_mnist,2,0.0,0.2,200,200,4000,1000,220,978,1198,0.32548091979697347,0.27659999999999996,0.2911,,,,,5.522627254016697,0,1,201,0.0,0.0,0.6596844792366028,0.6596844792366028,0.9971632361412048,0.02205461848816371,0.9360730593607306,0.9634703196347032,0.9360730593607306,0.0,0.0,0.253406633026963,1.3732966834865186
GREATS,fashion_mnist,2,0.0,0.2,200,200,4000,1000,220,1009,1229,,0.27380000000000004,0.3047,,,,,4.90717653837055,0,1,201,0.0,0.0,0.6935662031173706,0.6935662031173706,0.9953191876411438,0.02175959359565282,0.9406392694063926,0.9634703196347032,0.9406392694063926,0.0,0.0,0.23564499047726115,1.3821775047613694
MaxLoss,fashion_mnist,2,0.0,0.3,200,200,3500,1500,220,1053,1273,0.39290671527851373,0.31420000000000003,0.3644,,,,,2.8500156654044986,0,1,201,0.0,0.0,0.6905732154846191,0.6905732154846191,0.9948831796646118,0.021870033517820107,0.9452054794520548,0.9726027397260274,0.9452054794520548,0.0,0.0,0.23956802934022348,1.3802159853298883
Marginal,fashion_mnist,2,0.0,0.3,200,200,3500,1500,220,761,981,0.3073700458626263,0.246,0.255,,,,,3.193296599201858,0,1,201,0.0,0.0,0.6043177843093872,0.6043177843093872,0.9987999796867371,0.018528240592512367,0.9497716894977168,0.9726027397260274,0.9497716894977168,0.0,0.0,0.2568547025653974,1.3715726487173012
EL2N,fashion_mnist,2,0.0,0.3,200,200,3500,1500,220,1167,1387,0.4260344108915888,0.34919999999999995,0.3954,,,,,3.3868920784443617,0,1,201,0.0,0.0,0.6597034335136414,0.6597034335136414,0.9966431856155396,0.02123223340402455,0.9452054794520548,0.9680365296803652,0.9452054794520548,0.0,0.0,0.2473360653404661,1.376331967329767
GraNdLast,fashion_mnist,2,0.0,0.3,200,200,3500,1500,220,982,1202,0.37220187444472685,0.29800000000000004,0.3387,,,,,3.479497098363936,0,1,201,0.0,0.0,0.6217883825302124,0.6217883825302124,0.995422899723053,0.02151443064212799,0.9360730593607306,0.9680365296803652,0.9360730593607306,0.0,0.0,0.2642841157168223,1.3678579421415888
RHO-PretrainRef,fashion_mnist,2,0.0,0.3,200,200,3500,1500,220,1032,1252,0.3867886770167388,0.31720000000000004,0.3761,,,,,3.6874294178560376,0,1,201,0.0,0.0,0.7017465233802795,0.7017465233802795,0.992080569267273,0.01987440537099969,0.9452054794520548,0.9726027397260274,0.9452054794520548,0.0,0.0,0.23174473864890038,1.38412763067555
PU-R,fashion_mnist,2,0.0,0.3,200,200,3500,1500,220,847,1067,0.33267099276417866,0.2764,0.2924,,,,,5.438529453240335,0,1,201,0.0,0.0,0.6709231734275818,0.6709231734275818,0.9904061555862427,0.022305403534135862,0.9315068493150684,0.9726027397260274,0.9269406392694064,0.0,0.0,0.25017456512690045,1.3749127174365499
GREATS,fashion_mnist,2,0.0,0.3,200,200,3500,1500,220,1063,1283,,0.3086,0.3472,,,,,4.861253147013485,0,1,201,0.0,0.0,0.6800940632820129,0.6800940632820129,0.9897680282592773,0.02212945348051585,0.91324200913242,0.9771689497716894,0.91324200913242,0.0,0.0,0.2473261194960716,1.376336940251964
MaxLoss,fashion_mnist,2,0.0,0.4,200,200,3000,2000,220,864,1084,0.3926580818952061,0.3043,0.3569,,,,,2.7449732590466738,0,1,201,0.0,0.0,0.6890067458152771,0.6890067458152771,0.9917640686035156,0.02294149872374861,0.9497716894977168,0.9680365296803652,0.9497716894977168,0.0,0.0,0.2396680403310792,1.3801659798344605
Marginal,fashion_mnist,2,0.0,0.4,200,200,3000,2000,220,635,855,0.3142807725816965,0.24039999999999995,0.2485,,,,,3.0503239603713155,0,1,201,0.0,0.0,0.6315586566925049,0.6315586566925049,0.9988085031509399,0.02082849780446318,0.9452054794520548,0.9726027397260274,0.9452054794520548,0.0,0.0,0.25733015813120685,1.3713349209343966
EL2N,fashion_mnist,2,0.0,0.4,200,200,3000,2000,220,784,1004,0.3653815879370086,0.28890000000000005,0.3311,,,,,3.155856478959322,0,1,201,0.0,0.0,0.6559833288192749,0.6559833288192749,0.9973011016845703,0.02384620292545998,0.9315068493150684,0.9680365296803652,0.9315068493150684,0.0,0.0,0.2528011521221029,1.3735994239389484
GraNdLast,fashion_mnist,2,0.0,0.4,200,200,3000,2000,220,823,1043,0.3786922509316355,0.28779999999999994,0.3368,,,,,3.273326640948653,0,1,201,0.0,0.0,0.6305081248283386,0.6305081248283386,0.9954836368560791,0.022541535227266075,0.9360730593607306,0.9634703196347032,0.9360730593607306,0.0,0.0,0.2580856223695358,1.370957188815232
RHO-PretrainRef,fashion_mnist,2,0.0,0.4,200,200,3000,2000,220,776,996,0.3626479919767007,0.27559999999999996,0.319,,,,,3.369456708431244,0,1,201,0.0,0.0,0.6880158185958862,0.6880158185958862,0.9954686164855957,0.023668512906113715,0.9452054794520548,0.9634703196347032,0.9452054794520548,0.0,0.0,0.2396310417899317,1.3801844791050342
PU-R,fashion_mnist,2,0.0,0.4,200,200,3000,2000,220,591,811,0.2991106220870279,0.2518,0.2675,,,,,5.132669501006603,0,1,201,0.0,0.0,0.6547179222106934,0.6547179222106934,0.9912444949150085,0.022648560129888525,0.9452054794520548,0.9634703196347032,0.9406392694063926,0.0,0.0,0.25452540791008443,1.3727372960449578
GREATS,fashion_mnist,2,0.0,0.4,200,200,3000,2000,220,808,1028,,0.2932,0.3203,,,,,4.333919137716293,0,1,201,0.0,0.0,0.6870694160461426,0.6870694160461426,0.9904351234436035,0.02238751097356892,0.9497716894977168,0.9680365296803652,0.9497716894977168,0.0,0.0,0.2421252606471817,1.3789373696764091
MaxLoss,fashion_mnist,2,0.0,0.5,200,200,2500,2500,220,609,829,0.36497223377227783,0.29400000000000004,0.3294,,,,,2.6962926341220737,0,1,201,0.0,0.0,0.689483106136322,0.689483106136322,0.9905635118484497,0.022063775898114733,0.9406392694063926,0.9634703196347032,0.9406392694063926,0.0,0.0,0.23568625468056006,1.38215687265972
Marginal,fashion_mnist,2,0.0,0.5,200,200,2500,2500,220,505,725,0.32208232331322506,0.24419999999999997,0.2537,,,,,2.9666897235438228,0,1,201,0.0,0.0,0.6212038397789001,0.6212038397789001,0.9969984292984009,0.019942532493371398,0.9452054794520548,0.9634703196347032,0.9452054794520548,0.0,0.0,0.2612375046619023,1.3693812476690488
EL2N,fashion_mnist,2,0.0,0.5,200,200,2500,2500,220,666,886,0.3883530796156265,0.30179999999999996,0.3497,,,,,3.073667732067406,0,1,201,0.0,0.0,0.6576364040374756,0.6576364040374756,0.9978395104408264,0.02141371559879007,0.9497716894977168,0.954337899543379,0.9452054794520548,0.0,0.0,0.24617103122997205,1.376914484385014
GraNdLast,fashion_mnist,2,0.0,0.5,200,200,2500,2500,220,695,915,0.400216065638233,0.30000000000000004,0.342,,,,,3.144137809984386,0,1,201,0.0,0.0,0.640964925289154,0.640964925289154,0.9965900182723999,0.020547610303582667,0.9497716894977168,0.954337899543379,0.9452054794520548,0.0,0.0,0.2508506615269614,1.3745746692365193
RHO-PretrainRef,fashion_mnist,2,0.0,0.5,200,200,2500,2500,220,569,789,0.3485123323625885,0.26990000000000003,0.308,,,,,3.253674820996821,0,1,201,0.0,0.0,0.6799560785293579,0.6799560785293579,0.991933286190033,0.022530217829360266,0.9452054794520548,0.958904109589041,0.9406392694063926,0.0,0.0,0.24163711860430018,1.37918144069785
PU-R,fashion_mnist,2,0.0,0.5,200,200,2500,2500,220,503,723,0.32125444966368377,0.24980000000000002,0.2641,,,,,4.918379747308791,0,1,201,0.0,0.0,0.6585701704025269,0.6585701704025269,0.990471601486206,0.021504739716172762,0.954337899543379,0.9680365296803652,0.9497716894977168,0.0,0.0,0.2471486193264446,1.3764256903367778
GREATS,fashion_mnist,2,0.0,0.5,200,200,2500,2500,220,589,809,,0.26770000000000005,0.2872,,,,,4.119273694232106,0,1,201,0.0,0.0,0.6791040897369385,0.6791040897369385,0.9921984672546387,0.021818757465440933,0.9452054794520548,0.9634703196347032,0.9452054794520548,0.0,0.0,0.24431381055337442,1.3778430947233127
MaxLoss,fashion_mnist,2,0.0,0.6,200,200,2000,3000,220,504,724,0.3998821902787313,0.31810000000000005,0.3609,,,,,2.6122836899012327,0,1,201,0.0,0.0,0.6675089001655579,0.6675089001655579,0.9932268857955933,0.021603122829846597,0.9406392694063926,0.958904109589041,0.9406392694063926,0.0,0.0,0.24111509438484807,1.379442452807576
Marginal,fashion_mnist,2,0.0,0.6,200,200,2000,3000,220,391,611,0.3417067787377164,0.25560000000000005,0.2634,,,,,2.8491384545341134,0,1,201,0.0,0.0,0.6186166405677795,0.6186166405677795,0.9976456165313721,0.019892061409884938,0.9497716894977168,0.958904109589041,0.9497716894977168,0.0,0.0,0.255243674690378,1.372378162654811
EL2N,fashion_mnist,2,0.0,0.6,200,200,2000,3000,220,575,795,0.43614095024531707,0.31620000000000004,0.3738,,,,,2.9070635437965393,0,1,201,0.0,0.0,0.6863501667976379,0.6863501667976379,0.9914771914482117,0.020759222986491303,0.954337899543379,0.958904109589041,0.954337899543379,0.0,0.0,0.22842103636914995,1.385789481815425
GraNdLast,fashion_mnist,2,0.0,0.6,200,200,2000,3000,220,476,696,0.38552215811796486,0.2883,0.3227,,,,,2.9897243212908506,0,1,201,0.0,0.0,0.6165114045143127,0.6165114045143127,0.9975084662437439,0.02135853346896498,0.958904109589041,0.958904109589041,0.958904109589041,0.0,0.0,0.2567064873820431,1.3716467563089785
RHO-PretrainRef,fashion_mnist,2,0.0,0.6,200,200,2000,3000,220,453,673,0.37369981670053676,0.2892,0.3323,,,,,3.081039601005614,0,1,201,0.0,0.0,0.6837124228477478,0.6837124228477478,0.9922547340393066,0.02194018709605143,0.9452054794520548,0.958904109589041,0.9452054794520548,0.0,0.0,0.23532347448080196,1.382338262759599
PU-R,fashion_mnist,2,0.0,0.6,200,200,2000,3000,220,449,669,0.3716412656358443,0.29810000000000003,0.3142,,,,,4.721550269052386,0,1,201,0.0,0.0,0.6648050546646118,0.6648050546646118,0.9934762716293335,0.021879927072350838,0.954337899543379,0.958904109589041,0.954337899543379,0.0,0.0,0.2437059647477361,1.378147017626132
GREATS,fashion_mnist,2,0.0,0.6,200,200,2000,3000,220,433,653,,0.2753,0.2976,,,,,3.742507003247738,0,1,201,0.0,0.0,0.6620201468467712,0.6620201468467712,0.9948786497116089,0.023053507418393,0.9497716894977168,0.958904109589041,0.9497716894977168,0.0,0.0,0.24871528873546456,1.3756423556322677
MaxLoss,fashion_mnist,2,0.0,0.7,200,200,1500,3500,220,221,441,0.33499122131615877,0.2481,0.2809,,,,,2.550874429754913,0,1,201,0.0,0.0,0.679865300655365,0.679865300655365,0.9960879683494568,0.022495510507392014,0.9315068493150684,0.958904109589041,0.9315068493150684,0.0,0.0,0.24314632313459641,1.3784268384327019
Marginal,fashion_mnist,2,0.0,0.7,200,200,1500,3500,220,248,468,0.3537115469807759,0.22540000000000004,0.2327,,,,,2.747089439071715,0,1,201,0.0,0.0,0.6159998774528503,0.6159998774528503,0.9976345300674438,0.021166635294483132,0.9452054794520548,0.958904109589041,0.9452054794520548,0.0,0.0,0.2635493830385867,1.3682253084807066
EL2N,fashion_mnist,2,0.0,0.7,200,200,1500,3500,220,262,482,0.3633895766106434,0.263,0.2924,,,,,2.7800667425617576,0,1,201,0.0,0.0,0.6721558570861816,0.6721558570861816,0.996181070804596,0.02281355572073427,0.9406392694063926,0.958904109589041,0.9406392694063926,0.0,0.0,0.2463844027450485,1.3768077986274758
GraNdLast,fashion_mnist,2,0.0,0.7,200,200,1500,3500,220,258,478,0.3606263924157247,0.26239999999999997,0.288,,,,,2.812273908406496,0,1,201,0.0,0.0,0.6288915276527405,0.6288915276527405,0.9968352317810059,0.021895072231554007,0.9452054794520548,0.958904109589041,0.9406392694063926,0.0,0.0,0.25975110926808415,1.370124445365958
RHO-PretrainRef,fashion_mnist,2,0.0,0.7,200,200,1500,3500,220,237,457,0.34609370393445715,0.2528,0.2857,,,,,2.8925391770899296,0,1,201,0.0,0.0,0.6895648241043091,0.6895648241043091,0.9950321912765503,0.01991773236832118,0.9497716894977168,0.958904109589041,0.9452054794520548,0.0,0.0,0.23416312596811154,1.3829184370159442
PU-R,fashion_mnist,2,0.0,0.7,200,200,1500,3500,220,224,444,0.33707494946429506,0.2521,0.2661,,,,,4.414055394940078,0,1,201,0.0,0.0,0.6591518521308899,0.6591518521308899,0.9972649216651917,0.022160484910555625,0.9406392694063926,0.958904109589041,0.9406392694063926,0.0,0.0,0.25195535751479553,1.3740223212426024
GREATS,fashion_mnist,2,0.0,0.7,200,200,1500,3500,220,222,442,,0.24870000000000003,0.2655,,,,,3.398314591497183,0,1,201,0.0,0.0,0.6644485592842102,0.6644485592842102,0.9939417839050293,0.020873772227056494,0.9360730593607306,0.958904109589041,0.9360730593607306,0.0,0.0,0.24870293378653896,1.3756485331067305
MaxLoss,fashion_mnist,2,0.0,0.8,200,200,1000,4000,220,50,270,0.31837858562357724,0.23650000000000004,0.2532,,,,,2.4569832663983107,0,1,201,0.0,0.0,0.6433883905410767,0.6433883905410767,0.9980423450469971,0.021616470323850032,0.9360730593607306,0.9680365296803652,0.9360730593607306,0.0,0.0,0.2506236310522499,1.3746881844738752
Marginal,fashion_mnist,2,0.0,0.8,200,200,1000,4000,220,129,349,0.4009654314722866,0.23819999999999997,0.2458,,,,,2.617476249113679,0,1,201,0.0,0.0,0.6096721291542053,0.6096721291542053,0.9981324672698975,0.01858932970593509,0.9406392694063926,0.9634703196347032,0.9406392694063926,0.0,0.0,0.2559252081520413,1.3720373959239793
EL2N,fashion_mnist,2,0.0,0.8,200,200,1000,4000,220,75,295,0.3447001767344773,0.22799999999999998,0.2479,,,,,2.636769074946642,0,1,201,0.0,0.0,0.6327384114265442,0.6327384114265442,0.9965577721595764,0.02110801473872302,0.9315068493150684,0.958904109589041,0.9315068493150684,0.0,0.0,0.2541658103805326,1.3729170948097336
GraNdLast,fashion_mnist,2,0.0,0.8,200,200,1000,4000,220,122,342,0.3937146655516699,0.24570000000000003,0.2731,,,,,2.664615696296096,0,1,201,0.0,0.0,0.6212836503982544,0.6212836503982544,0.9959049224853516,0.022573647569847977,0.9497716894977168,0.9634703196347032,0.9497716894977168,0.0,0.0,0.258936522510299,1.3705317387448503
RHO-PretrainRef,fashion_mnist,2,0.0,0.8,200,200,1000,4000,220,58,278,0.3268215135904029,0.23770000000000002,0.2555,,,,,2.727396924048662,0,1,201,0.0,0.0,0.6570921540260315,0.6570921540260315,0.9938346147537231,0.021577005721118352,0.9406392694063926,0.9680365296803652,0.9406392694063926,0.0,0.0,0.24365999284475712,1.3781700035776214
PU-R,fashion_mnist,2,0.0,0.8,200,200,1000,4000,220,74,294,0.3436507902224548,0.2439,0.2566,,,,,4.1933894623070955,0,1,201,0.0,0.0,0.6435747146606445,0.6435747146606445,0.9966121912002563,0.021172132462127024,0.9406392694063926,0.9634703196347032,0.9406392694063926,0.0,0.0,0.2490522760454263,1.3754738619772868
GREATS,fashion_mnist,2,0.0,0.8,200,200,1000,4000,220,90,310,,0.2378,0.2486,,,,,3.1438637766987085,0,1,201,0.0,0.0,0.6304203271865845,0.6304203271865845,0.9949146509170532,0.021464389753123942,0.9360730593607306,0.958904109589041,0.9315068493150684,0.0,0.0,0.2531670044826851,1.3734164977586576
MaxLoss,fashion_mnist,3,0.0,0.0,200,200,5000,0,220,1494,1714,0.3671364228357561,0.2883,0.3392,,,,,3.1106939427554607,0,1,201,0.0,0.0,0.7017437815666199,0.7017437815666199,0.9953844547271729,0.022619588802394258,0.9315068493150684,0.9634703196347032,0.9315068493150684,0.0,0.0,0.2356238168796391,1.3821880915601805
Marginal,fashion_mnist,3,0.0,0.0,200,200,5000,0,220,1018,1238,0.26953851227881387,0.22509999999999997,0.2316,,,,,3.673734105192125,0,1,201,0.0,0.0,0.6200248599052429,0.6200248599052429,0.9983220100402832,0.02115740439935362,0.9497716894977168,0.958904109589041,0.9452054794520548,0.0,0.0,0.2613293379584781,1.369335331020761
EL2N,fashion_mnist,3,0.0,0.0,200,200,5000,0,220,1476,1696,0.3634671192849055,0.29269999999999996,0.3427,,,,,3.859212297014892,0,1,201,0.0,0.0,0.671800434589386,0.671800434589386,0.9931802749633789,0.02293005857837799,0.9269406392694064,0.9634703196347032,0.9269406392694064,0.0,0.0,0.24750647080775834,1.3762467645961207
GraNdLast,fashion_mnist,3,0.0,0.0,200,200,5000,0,220,1439,1659,0.3559197392896749,0.275,0.3183,,,,,4.053453205153346,0,1,201,0.0,0.0,0.646296501159668,0.646296501159668,0.9972051978111267,0.021109592288596445,0.9452054794520548,0.958904109589041,0.9406392694063926,0.0,0.0,0.2512036063917072,1.3743981968041465
RHO-PretrainRef,fashion_mnist,3,0.0,0.0,200,200,5000,0,220,1559,1779,0.38037383544724435,0.30069999999999997,0.3495,,,,,4.293488916940987,0,1,201,0.0,0.0,0.6983000040054321,0.6983000040054321,0.9975719451904297,0.023320700684094538,0.9269406392694064,0.9634703196347032,0.9269406392694064,0.0,0.0,0.24107794113056555,1.3794610294347172
PU-R,fashion_mnist,3,0.0,0.0,200,200,5000,0,220,1158,1378,0.2983728372491896,0.2613,0.2796,,,,,6.376333833672106,0,1,201,0.0,0.0,0.6610819697380066,0.6610819697380066,0.9946771264076233,0.02334920129819548,0.9178082191780822,0.958904109589041,0.91324200913242,0.0,0.0,0.25373908945225615,1.373130455273872
GREATS,fashion_mnist,3,0.0,0.0,200,200,5000,0,220,1441,1661,,0.3035,0.3316,,,,,5.829436406493187,0,1,201,0.0,0.0,0.6965521574020386,0.6965521574020386,0.9965628981590271,0.022703944684163622,0.9269406392694064,0.9634703196347032,0.9269406392694064,0.0,0.0,0.24060840886763993,1.37969579556618
MaxLoss,fashion_mnist,3,0.0,0.1,200,200,4500,500,220,1288,1508,0.36052111745812,0.2965,0.3405,,,,,2.980729696340859,0,1,201,0.0,0.0,0.6988933682441711,0.6988933682441711,0.9956080913543701,0.02193039907440203,0.9315068493150684,0.9680365296803652,0.9315068493150684,0.0,0.0,0.23666178730252443,1.3816691063487379
Marginal,fashion_mnist,3,0.0,0.1,200,200,4500,500,220,950,1170,0.28345780953532085,0.244,0.2512,,,,,3.4698105165734887,0,1,201,0.0,0.0,0.6287142634391785,0.6287142634391785,0.9978429079055786,0.01980270370500817,0.9452054794520548,0.9634703196347032,0.9452054794520548,0.0,0.0,0.2555115936364891,1.3722442031817554
EL2N,fashion_mnist,3,0.0,0.1,200,200,4500,500,220,1283,1503,0.3593867140589282,0.28049999999999997,0.3268,,,,,3.6290967306122184,0,1,201,0.0,0.0,0.6467646360397339,0.6467646360397339,0.9966520667076111,0.021889647596502956,0.9406392694063926,0.9680365296803652,0.9360730593607306,0.0,0.0,0.25369572557069614,1.3731521372146518
GraNdLast,fashion_mnist,3,0.0,0.1,200,200,4500,500,220,1515,1735,0.41186185815604404,0.3258,0.3742,,,,,3.7628612387925386,0,1,201,0.0,0.0,0.6345486044883728,0.6345486044883728,0.9952307343482971,0.022114317643043658,0.9315068493150684,0.9634703196347032,0.9315068493150684,0.0,0.0,0.255368196662197,1.3723159016689015
RHO-PretrainRef,fashion_mnist,3,0.0,0.1,200,200,4500,500,220,1335,1555,0.371176848129835,0.30269999999999997,0.3556,,,,,3.92433874681592,0,1,201,0.0,0.0,0.6880426406860352,0.6880426406860352,0.9930861592292786,0.022048000399380513,0.9497716894977168,0.9680365296803652,0.9497716894977168,0.0,0.0,0.2407442248983158,1.379627887550842
PU-R,fashion_mnist,3,0.0,0.1,200,200,4500,500,220,1114,1334,0.3209483268437907,0.27569999999999995,0.2909,,,,,5.930171295069158,0,1,201,0.0,0.0,0.6759969592094421,0.6759969592094421,0.9956403970718384,0.021696469044848662,0.9497716894977168,0.9634703196347032,0.9497716894977168,0.0,0.0,0.2467807556951071,1.3766096221524464
GREATS,fashion_mnist,3,0.0,0.1,200,200,4500,500,220,1354,1574,,0.32230000000000003,0.3502,,,,,5.328069367446005,0,1,201,0.0,0.0,0.6887844800949097,0.6887844800949097,0.9944616556167603,0.022333334706145333,0.9315068493150684,0.9680365296803652,0.9269406392694064,0.0,0.0,0.2440950240785721,1.377952487960714
MaxLoss,fashion_mnist,3,0.0,0.2,200,200,4000,1000,220,1288,1508,0.40465649869292974,0.3327,0.3813,,,,,2.8991041304543614,0,1,201,0.0,0.0,0.6944529414176941,0.6944529414176941,0.9926363229751587,0.022855495209018934,0.958904109589041,0.9634703196347032,0.954337899543379,0.0,0.0,0.23855479091706577,1.3807226045414671
Marginal,fashion_mnist,3,0.0,0.2,200,200,4000,1000,220,853,1073,0.2933139593806118,0.24360000000000004,0.2504,,,,,3.2976315980777144,0,1,201,0.0,0.0,0.6282866597175598,0.6282866597175598,0.9964295625686646,0.020332361193008075,0.958904109589041,0.9634703196347032,0.954337899543379,0.0,0.0,0.2508673484436677,1.3745663257781662
EL2N,fashion_mnist,3,0.0,0.2,200,200,4000,1000,220,1067,1287,0.3482955612707883,0.28500000000000003,0.3329,,,,,3.4740299079567194,0,1,201,0.0,0.0,0.6539044380187988,0.6539044380187988,0.9967014789581299,0.021850411138033758,0.9360730593607306,0.9634703196347032,0.9360730593607306,0.0,0.0,0.2502518332869074,1.3748740833565463
GraNdLast,fashion_mnist,3,0.0,0.2,200,200,4000,1000,220,1184,1404,0.3781836337875575,0.3053,0.3443,,,,,3.5987572744488716,0,1,201,0.0,0.0,0.6312596201896667,0.6312596201896667,0.9963138103485107,0.022142342848864866,0.9452054794520548,0.9634703196347032,0.9452054794520548,0.0,0.0,0.25616233918428233,1.371918830407859
RHO-PretrainRef,fashion_mnist,3,0.0,0.2,200,200,4000,1000,220,1159,1379,0.37180691823596135,0.3013,0.3499,,,,,3.7801971239969134,0,1,201,0.0,0.0,0.6924036741256714,0.6924036741256714,0.9941306114196777,0.021560849528334456,0.958904109589041,0.9680365296803652,0.958904109589041,0.0,0.0,0.23792192578730623,1.3810390371063468
PU-R,fashion_mnist,3,0.0,0.2,200,200,4000,1000,220,997,1217,0.3303574229939841,0.2822,0.2981,,,,,5.690571507439017,0,1,201,0.0,0.0,0.677843451499939,0.677843451499939,0.9866131544113159,0.021617543309518737,0.9452054794520548,0.9634703196347032,0.9452054794520548,0.0,0.0,0.2424259787779182,1.378787010611041
GREATS,fashion_mnist,3,0.0,0.2,200,200,4000,1000,220,1036,1256,,0.29000000000000004,0.318,,,,,5.017147931270301,0,1,201,0.0,0.0,0.6815210580825806,0.6815210580825806,0.9931945204734802,0.02312157918873443,0.9360730593607306,0.9726027397260274,0.9360730593607306,0.0,0.0,0.24527709873579537,1.3773614506321024
MaxLoss,fashion_mnist,3,0.0,0.3,200,200,3500,1500,220,1080,1300,0.40076556033454835,0.32130000000000003,0.3693,,,,,2.837198380380869,0,1,201,0.0,0.0,0.6913937926292419,0.6913937926292419,0.9964101910591125,0.021471161820572807,0.9360730593607306,0.9634703196347032,0.9360730593607306,0.0,0.0,0.23838164481709595,1.380809177591452
Marginal,fashion_mnist,3,0.0,0.3,200,200,3500,1500,220,709,929,0.292023871676065,0.2348,0.2408,,,,,3.1825843704864383,0,1,201,0.0,0.0,0.629751980304718,0.629751980304718,0.996376633644104,0.01931380409083954,0.954337899543379,0.9680365296803652,0.954337899543379,0.0,0.0,0.25104949000734544,1.3744752549963273
EL2N,fashion_mnist,3,0.0,0.3,200,200,3500,1500,220,907,1127,0.35026733961421996,0.27,0.3055,,,,,3.3263648031279445,0,1,201,0.0,0.0,0.6560336351394653,0.6560336351394653,0.99506676197052,0.02288982326581598,0.9452054794520548,0.9634703196347032,0.9406392694063926,0.0,0.0,0.24947643315603663,1.3752617834219816
GraNdLast,fashion_mnist,3,0.0,0.3,200,200,3500,1500,220,951,1171,0.36314362613484263,0.28879999999999995,0.3169,,,,,3.4342542523518205,0,1,201,0.0,0.0,0.6159256100654602,0.6159256100654602,0.9965461492538452,0.02270929195565176,0.9452054794520548,0.9634703196347032,0.9452054794520548,0.0,0.0,0.26605034296814856,1.3669748285159258
RHO-PretrainRef,fashion_mnist,3,0.0,0.3,200,200,3500,1500,220,963,1183,0.36665137170348316,0.2993,0.3455,,,,,3.569417697377503,0,1,201,0.0,0.0,0.686481773853302,0.686481773853302,0.9959604144096375,0.022870327920129854,0.9360730593607306,0.958904109589041,0.9360730593607306,0.0,0.0,0.24041713922899569,1.3797914303855021
PU-R,fashion_mnist,3,0.0,0.3,200,200,3500,1500,220,837,1057,0.32973391987616196,0.25749999999999995,0.2767,,,,,5.415560202673078,0,1,201,0.0,0.0,0.6580013036727905,0.6580013036727905,0.9966540336608887,0.0215725189746787,0.9497716894977168,0.958904109589041,0.9497716894977168,0.0,0.0,0.2531737234531205,1.3734131382734398
GREATS,fashion_mnist,3,0.0,0.3,200,200,3500,1500,220,864,1084,,0.2734,0.2999,,,,,4.63035056181252,0,1,201,0.0,0.0,0.6961791515350342,0.6961791515350342,0.9958111643791199,0.021508144325317315,0.9223744292237442,0.958904109589041,0.9223744292237442,0.0,0.0,0.23918840751062406,1.380405796244688
MaxLoss,fashion_mnist,3,0.0,0.4,200,200,3000,2000,220,849,1069,0.38755185052286834,0.30689999999999995,0.3567,,,,,2.745202620513737,0,1,201,0.0,0.0,0.688282310962677,0.688282310962677,0.989168107509613,0.02210189681074935,0.9406392694063926,0.958904109589041,0.9406392694063926,0.0,0.0,0.23813973977954553,1.3809301301102272
Marginal,fashion_mnist,3,0.0,0.4,200,200,3000,2000,220,593,813,0.29980101477121934,0.22609999999999997,0.2326,,,,,3.075065570883453,0,1,201,0.0,0.0,0.6312291026115417,0.6312291026115417,0.9966473579406738,0.01923034649733539,0.958904109589041,0.9634703196347032,0.958904109589041,0.0,0.0,0.24984442939863272,1.3750777853006837
EL2N,fashion_mnist,3,0.0,0.4,200,200,3000,2000,220,809,1029,0.3739170246408321,0.27849999999999997,0.3198,,,,,3.2158852871507406,0,1,201,0.0,0.0,0.6859898567199707,0.6859898567199707,0.9952776432037354,0.02054274082183838,0.9360730593607306,0.954337899543379,0.9315068493150684,0.0,0.0,0.23317550361973874,1.3834122481901305
GraNdLast,fashion_mnist,3,0.0,0.4,200,200,3000,2000,220,798,1018,0.3701627421542071,0.2732,0.3144,,,,,3.295522790402174,0,1,201,0.0,0.0,0.6231526136398315,0.6231526136398315,0.9963428974151611,0.021298388299876698,0.9452054794520548,0.958904109589041,0.9452054794520548,0.0,0.0,0.2590668572756197,1.3704665713621902
RHO-PretrainRef,fashion_mnist,3,0.0,0.4,200,200,3000,2000,220,918,1138,0.41101028909906745,0.33499999999999996,0.3812,,,,,3.402793032117188,0,1,201,0.0,0.0,0.6824256181716919,0.6824256181716919,0.9892076253890991,0.021429170416370373,0.9223744292237442,0.9634703196347032,0.9223744292237442,0.0,0.0,0.23994283296076072,1.3800285835196195
PU-R,fashion_mnist,3,0.0,0.4,200,200,3000,2000,220,786,1006,0.3660648150835186,0.30710000000000004,0.3219,,,,,5.152464346028864,0,1,201,0.0,0.0,0.6678629517555237,0.6678629517555237,0.9899957776069641,0.022254804021691624,0.954337899543379,0.9634703196347032,0.9497716894977168,0.0,0.0,0.24849539716684063,1.3757523014165796
GREATS,fashion_mnist,3,0.0,0.4,200,200,3000,2000,220,651,871,,0.2562,0.2785,,,,,4.359382750466466,0,1,201,0.0,0.0,0.6835119724273682,0.6835119724273682,0.9900660514831543,0.021400123256254414,0.91324200913242,0.958904109589041,0.908675799086758,0.0,0.0,0.24247471341545118,1.3787626432922744
MaxLoss,fashion_mnist,3,0.0,0.5,200,200,2500,2500,220,552,772,0.34150337701430544,0.267,0.3014,,,,,2.695566823706031,0,1,201,0.0,0.0,0.6848656535148621,0.6848656535148621,0.99448561668396,0.022390495832652263,0.9406392694063926,0.954337899543379,0.9360730593607306,0.0,0.0,0.24300358921659726,1.3784982053917014
Marginal,fashion_mnist,3,0.0,0.5,200,200,2500,2500,220,484,704,0.31338361086091027,0.2258,0.2341,,,,,2.965144706889987,0,1,201,0.0,0.0,0.6451106071472168,0.6451106071472168,0.9955457448959351,0.017098658841494557,0.958904109589041,0.958904109589041,0.958904109589041,0.0,0.0,0.2446381997937698,1.3776809001031152
EL2N,fashion_mnist,3,0.0,0.5,200,200,2500,2500,220,645,865,0.37974906497402117,0.2762,0.3204,,,,,3.0598247246816754,0,1,201,0.0,0.0,0.6740779280662537,0.6740779280662537,0.9954845905303955,0.02205103785479994,0.954337899543379,0.958904109589041,0.954337899543379,0.0,0.0,0.24016318866878972,1.379918405665605
GraNdLast,fashion_mnist,3,0.0,0.5,200,200,2500,2500,220,723,943,0.4116496966453269,0.3034,0.3368,,,,,3.1558285551145673,0,1,201,0.0,0.0,0.6364632248878479,0.6364632248878479,0.9956117868423462,0.02142004811600463,0.9497716894977168,0.9634703196347032,0.9497716894977168,0.0,0.0,0.25705536550152536,1.3714723172492373
RHO-PretrainRef,fashion_mnist,3,0.0,0.5,200,200,2500,2500,220,597,817,0.3600388793856837,0.2792,0.3222,,,,,3.2158048320561647,0,1,201,0.0,0.0,0.6804079413414001,0.6804079413414001,0.988470196723938,0.021899127252570025,0.9315068493150684,0.958904109589041,0.9223744292237442,0.0,0.0,0.24500411845998127,1.3774979407700094
PU-R,fashion_mnist,3,0.0,0.5,200,200,2500,2500,220,536,756,0.33489918493432924,0.27470000000000006,0.2916,,,,,4.94760281778872,0,1,201,0.0,0.0,0.675997793674469,0.675997793674469,0.9888308048248291,0.021608858620195084,0.9497716894977168,0.958904109589041,0.9497716894977168,0.0,0.0,0.24500624024011877,1.3774968798799407
GREATS,fashion_mnist,3,0.0,0.5,200,200,2500,2500,220,549,769,,0.2694,0.2885,,,,,4.030161954462528,0,1,201,0.0,0.0,0.6747246384620667,0.6747246384620667,0.9898650646209717,0.02131745083146988,0.9406392694063926,0.9680365296803652,0.9406392694063926,0.0,0.0,0.2452532950148779,1.377373352492561
MaxLoss,fashion_mnist,3,0.0,0.6,200,200,2000,3000,220,481,701,0.3880890353466384,0.30779999999999996,0.3407,,,,,2.607191616669297,0,1,201,0.0,0.0,0.6788932681083679,0.6788932681083679,0.9888176321983337,0.0209011729449442,0.9406392694063926,0.954337899543379,0.9315068493150684,0.0,0.0,0.2385536195176149,1.3807231902411925
Marginal,fashion_mnist,3,0.0,0.6,200,200,2000,3000,220,390,610,0.34118922986090183,0.23860000000000003,0.2481,,,,,2.85500421654433,0,1,201,0.0,0.0,0.6288673877716064,0.6288673877716064,0.9940795302391052,0.022639456098754656,0.9360730593607306,0.958904109589041,0.9360730593607306,0.0,0.0,0.2561690360528413,1.3719154819735793
EL2N,fashion_mnist,3,0.0,0.6,200,200,2000,3000,220,437,657,0.3654611241654493,0.269,0.3065,,,,,2.9095338005572557,0,1,201,0.0,0.0,0.6699830293655396,0.6699830293655396,0.9954378008842468,0.02110774849103466,0.9360730593607306,0.954337899543379,0.9315068493150684,0.0,0.0,0.23807772191427679,1.3809611390428616
GraNdLast,fashion_mnist,3,0.0,0.6,200,200,2000,3000,220,425,645,0.35927418345818296,0.263,0.2948,,,,,2.9680561209097505,0,1,201,0.0,0.0,0.6402261853218079,0.6402261853218079,0.99636310338974,0.020442588960743385,0.9452054794520548,0.958904109589041,0.9452054794520548,0.0,0.0,0.25016534864442824,1.374917325677786
RHO-PretrainRef,fashion_mnist,3,0.0,0.6,200,200,2000,3000,220,482,702,0.38860227505210787,0.2952,0.3374,,,,,3.051899276673794,0,1,201,0.0,0.0,0.6919993162155151,0.6919993162155151,0.9930329918861389,0.020947403015067045,0.9452054794520548,0.958904109589041,0.9452054794520548,0.0,0.0,0.2342977042937072,1.3828511478531464
PU-R,fashion_mnist,3,0.0,0.6,200,200,2000,3000,220,433,653,0.36339957045856863,0.28459999999999996,0.3015,,,,,4.666496396996081,0,1,201,0.0,0.0,0.6639859080314636,0.6639859080314636,0.988932728767395,0.022253419081233954,0.9497716894977168,0.958904109589041,0.9452054794520548,0.0,0.0,0.248156420688,1.375921789656
GREATS,fashion_mnist,3,0.0,0.6,200,200,2000,3000,220,420,640,,0.27359999999999995,0.2899,,,,,3.7209162143990397,0,1,201,0.0,0.0,0.682407021522522,0.682407021522522,0.9877694845199585,0.02142991840022884,0.954337899543379,0.958904109589041,0.9497716894977168,0.0,0.0,0.24136893443567187,1.379315532782164
MaxLoss,fashion_mnist,3,0.0,0.7,200,200,1500,3500,220,230,450,0.34123960736906156,0.2731,0.3014,,,,,2.5543368021026254,0,1,201,0.0,0.0,0.6800726652145386,0.6800726652145386,0.9951597452163696,0.02071773992281526,0.9315068493150684,0.9680365296803652,0.9315068493150684,0.0,0.0,0.23895693455874964,1.3805215327206253
Marginal,fashion_mnist,3,0.0,0.7,200,200,1500,3500,220,241,461,0.34886523720342666,0.23619999999999997,0.2431,,,,,2.7497453801333904,0,1,201,0.0,0.0,0.6185613870620728,0.6185613870620728,0.9962623119354248,0.019683788764422342,0.9360730593607306,0.9680365296803652,0.9360730593607306,0.0,0.0,0.2613222432561434,1.3693388783719282
EL2N,fashion_mnist,3,0.0,0.7,200,200,1500,3500,220,234,454,0.3440139891463332,0.25460000000000005,0.2831,,,,,2.7821574062108994,0,1,201,0.0,0.0,0.6639738082885742,0.6639738082885742,0.9963253140449524,0.02080630044958907,0.954337899543379,0.9680365296803652,0.954337899543379,0.0,0.0,0.2430961518750953,1.3784519240624524
GraNdLast,fashion_mnist,3,0.0,0.7,200,200,1500,3500,220,239,459,0.34747967281145975,0.25070000000000003,0.2765,,,,,2.81764230504632,0,1,201,0.0,0.0,0.6353954076766968,0.6353954076766968,0.9960803985595703,0.019475779576933003,0.954337899543379,0.9680365296803652,0.954337899543379,0.0,0.0,0.2515864992990186,1.3742067503504907
RHO-PretrainRef,fashion_mnist,3,0.0,0.7,200,200,1500,3500,220,204,424,0.3231655203271657,0.259,0.2797,,,,,2.893238551914692,0,1,201,0.0,0.0,0.6726760864257812,0.6726760864257812,0.9941211342811584,0.020128530318334222,0.9497716894977168,0.9634703196347032,0.9452054794520548,0.0,0.0,0.23821170348920878,1.3808941482553956
PU-R,fashion_mnist,3,0.0,0.7,200,200,1500,3500,220,257,477,0.3599353516474366,0.2471,0.2577,,,,,4.397138743661344,0,1,201,0.0,0.0,0.6584128141403198,0.6584128141403198,0.9986208081245422,0.020650103211947227,0.9452054794520548,0.9634703196347032,0.9360730593607306,0.0,0.0,0.2486647196421877,1.375667640178906
GREATS,fashion_mnist,3,0.0,0.7,200,200,1500,3500,220,265,485,,0.2703,0.2873,,,,,3.4036163706332445,0,1,201,0.0,0.0,0.6641928553581238,0.6641928553581238,0.9926577806472778,0.019131929907080247,0.9315068493150684,0.9680365296803652,0.9315068493150684,0.0,0.0,0.24658201562222878,1.3767089921888855
MaxLoss,fashion_mnist,3,0.0,0.8,200,200,1000,4000,220,72,292,0.34155116631882265,0.2399,0.2584,,,,,2.4521234119310975,0,1,201,0.0,0.0,0.6552700996398926,0.6552700996398926,0.9947890043258667,0.02161045773932923,0.9497716894977168,0.9680365296803652,0.9497716894977168,0.0,0.0,0.2485695710641471,1.3757152144679266
Marginal,fashion_mnist,3,0.0,0.8,200,200,1000,4000,220,123,343,0.39475124527234584,0.23270000000000002,0.24,,,,,2.627053923904896,0,1,201,0.0,0.0,0.627816379070282,0.627816379070282,0.9968118667602539,0.018330266214396856,0.954337899543379,0.9726027397260274,0.954337899543379,0.0,0.0,0.25178492994562685,1.3741075350271865
EL2N,fashion_mnist,3,0.0,0.8,200,200,1000,4000,220,90,310,0.3604074886534363,0.23829999999999996,0.2575,,,,,2.6417911052703857,0,1,201,0.0,0.0,0.653792142868042,0.653792142868042,0.9958318471908569,0.021741463849533637,0.9360730593607306,0.9634703196347032,0.9360730593607306,0.0,0.0,0.24544679694304178,1.3772766015284792
GraNdLast,fashion_mnist,3,0.0,0.8,200,200,1000,4000,220,114,334,0.38541286753024906,0.25229999999999997,0.2758,,,,,2.671082175336778,0,1,201,0.0,0.0,0.642343282699585,0.642343282699585,0.997992753982544,0.019926802072350838,0.9497716894977168,0.9634703196347032,0.9497716894977168,0.0,0.0,0.2494684543786446,1.3752657728106776
RHO-PretrainRef,fashion_mnist,3,0.0,0.8,200,200,1000,4000,220,76,296,0.3457492807065137,0.24239999999999995,0.259,,,,,2.738883074373007,0,1,201,0.0,0.0,0.6549099683761597,0.6549099683761597,0.9962433576583862,0.02096422091466651,0.9452054794520548,0.9634703196347032,0.9452054794520548,0.0,0.0,0.2447478251008735,1.3776260874495634
PU-R,fashion_mnist,3,0.0,0.8,200,200,1000,4000,220,109,329,0.3802158963517286,0.261,0.274,,,,,4.185804756358266,0,1,201,0.0,0.0,0.6494542956352234,0.6494542956352234,0.9930872917175293,0.02006287512169581,0.9634703196347032,0.9680365296803652,0.9634703196347032,0.0,0.0,0.24954468375045924,1.3752276581247704
GREATS,fashion_mnist,3,0.0,0.8,200,200,1000,4000,220,112,332,,0.24550000000000005,0.2625,,,,,3.1634023059159517,0,1,201,0.0,0.0,0.6575852036476135,0.6575852036476135,0.9924793243408203,0.020994534775546695,0.9406392694063926,0.9634703196347032,0.9406392694063926,0.0,0.0,0.24809681192726235,1.3759515940363687
MaxLoss,fashion_mnist,4,0.0,0.0,200,200,5000,0,220,1775,1995,0.42422294325660914,0.33240000000000003,0.3996,,,,,3.0748775582760572,0,1,201,0.0,0.0,0.7073262333869934,0.7073262333869934,0.9915673732757568,0.021986405326895518,0.954337899543379,0.9680365296803652,0.954337899543379,0.0,0.0,0.23045938192310947,1.3847703090384453
Marginal,fashion_mnist,4,0.0,0.0,200,200,5000,0,220,1039,1259,0.27387118723709136,0.2309,0.2369,,,,,3.70044585224241,0,1,201,0.0,0.0,0.6183167695999146,0.6183167695999146,0.9971590042114258,0.019803562665094525,0.9452054794520548,0.9634703196347032,0.9406392694063926,0.0,0.0,0.2593943849824685,1.3703028075087658
EL2N,fashion_mnist,4,0.0,0.0,200,200,5000,0,220,1629,1849,0.39460740837967023,0.30210000000000004,0.3598,,,,,3.9461167119443417,0,1,201,0.0,0.0,0.6782982349395752,0.6782982349395752,0.9921479821205139,0.021972739124951297,0.9452054794520548,0.9726027397260274,0.9452054794520548,0.0,0.0,0.24512643024415706,1.3774367848779214
GraNdLast,fashion_mnist,4,0.0,0.0,200,200,5000,0,220,1427,1647,0.3534705049241893,0.2793,0.3233,,,,,4.131646063178778,0,1,201,0.0,0.0,0.6324077844619751,0.6324077844619751,0.9960215091705322,0.020907995227265032,0.9497716894977168,0.9680365296803652,0.9497716894977168,0.0,0.0,0.253204688182002,1.3733976559089989
RHO-PretrainRef,fashion_mnist,4,0.0,0.0,200,200,5000,0,220,1783,2003,0.42584297008579597,0.33720000000000006,0.3989,,,,,4.487229731865227,0,1,201,0.0,0.0,0.7134140729904175,0.7134140729904175,0.9916180372238159,0.0227968157970742,0.9360730593607306,0.9680365296803652,0.9360730593607306,0.0,0.0,0.23299840128388755,1.3835007993580564
PU-R,fashion_mnist,4,0.0,0.0,200,200,5000,0,220,1469,1689,0.36203974625095725,0.31320000000000003,0.3293,,,,,6.619459563866258,0,1,201,0.0,0.0,0.6746768355369568,0.6746768355369568,0.9906442165374756,0.023302453837982597,0.9452054794520548,0.9680365296803652,0.9452054794520548,0.0,0.0,0.24856901851723628,1.3757154907413818
GREATS,fashion_mnist,4,0.0,0.0,200,200,5000,0,220,1448,1668,,0.2934,0.3311,,,,,6.0137707917019725,0,1,201,0.0,0.0,0.6964805722236633,0.6964805722236633,0.9881632328033447,0.022951417045506167,0.9315068493150684,0.9680365296803652,0.9315068493150684,0.0,0.0,0.24170636378316224,1.3791468181084188
MaxLoss,fashion_mnist,4,0.0,0.1,200,200,4500,500,220,1496,1716,0.40757639321964234,0.3166,0.3782,,,,,3.067066420800984,0,1,201,0.0,0.0,0.6927366852760315,0.6927366852760315,0.9900294542312622,0.02279143436858643,0.954337899543379,0.9634703196347032,0.9497716894977168,0.0,0.0,0.23879479519324304,1.3806026024033784
Marginal,fashion_mnist,4,0.0,0.1,200,200,4500,500,220,871,1091,0.2653253411408514,0.2197,0.226,,,,,3.5609657298773527,0,1,201,0.0,0.0,0.6209260821342468,0.6209260821342468,0.9973093867301941,0.018671955420002002,0.958904109589041,0.9634703196347032,0.958904109589041,0.0,0.0,0.25487446284457815,1.3725627685777109
EL2N,fashion_mnist,4,0.0,0.1,200,200,4500,500,220,1349,1569,0.3743482439313084,0.31010000000000004,0.3574,,,,,3.830708513967693,0,1,201,0.0,0.0,0.6770554780960083,0.6770554780960083,0.995906412601471,0.021030108201993653,0.9406392694063926,0.9726027397260274,0.9406392694063926,0.0,0.0,0.23896789708946,1.38051605145527
GraNdLast,fashion_mnist,4,0.0,0.1,200,200,4500,500,220,1203,1423,0.34121450048405677,0.2714,0.3065,,,,,3.903040657751262,0,1,201,0.0,0.0,0.6259056329727173,0.6259056329727173,0.9952870607376099,0.02097300021615747,0.954337899543379,0.958904109589041,0.9497716894977168,0.0,0.0,0.2554776451542893,1.3722611774228555
RHO-PretrainRef,fashion_mnist,4,0.0,0.1,200,200,4500,500,220,1488,1708,0.4057713575894013,0.3206,0.376,,,,,4.232540654949844,0,1,201,0.0,0.0,0.701675534248352,0.701675534248352,0.991904616355896,0.02047608064734228,0.958904109589041,0.9726027397260274,0.958904109589041,0.0,0.0,0.2287796614161388,1.3856101692919305
PU-R,fashion_mnist,4,0.0,0.1,200,200,4500,500,220,1267,1487,0.35575555893592536,0.30000000000000004,0.3175,,,,,6.255987380631268,0,1,201,0.0,0.0,0.6700604557991028,0.6700604557991028,0.9925785064697266,0.021359480543223692,0.958904109589041,0.9726027397260274,0.958904109589041,0.0,0.0,0.24844113706019957,1.3757794314699003
GREATS,fashion_mnist,4,0.0,0.1,200,200,4500,500,220,1217,1437,,0.2852,0.313,,,,,5.622364113107324,0,1,201,0.0,0.0,0.6937007308006287,0.6937007308006287,0.9863085150718689,0.022837725268107026,0.9360730593607306,0.9634703196347032,0.9315068493150684,0.0,0.0,0.24230570036637417,1.378847149816813
MaxLoss,fashion_mnist,4,0.0,0.2,200,200,4000,1000,220,1365,1585,0.42420170578407124,0.3245,0.3832,,,,,2.894469299353659,0,1,201,0.0,0.0,0.7055454254150391,0.7055454254150391,0.9915947318077087,0.022700748759317615,0.9452054794520548,0.9680365296803652,0.9452054794520548,0.0,0.0,0.23441159526296232,1.382794202368519
Marginal,fashion_mnist,4,0.0,0.2,200,200,4000,1000,220,801,1021,0.2798869698308408,0.22640000000000005,0.2351,,,,,3.311072296462953,0,1,201,0.0,0.0,0.6170375347137451,0.6170375347137451,0.9984171390533447,0.01877602710299296,0.9497716894977168,0.9680365296803652,0.9497716894977168,0.0,0.0,0.2547245900204914,1.3726377049897542
EL2N,fashion_mnist,4,0.0,0.2,200,200,4000,1000,220,1132,1352,0.3649142535869032,0.272,0.3244,,,,,3.5586269656196237,0,1,201,0.0,0.0,0.6613950729370117,0.6613950729370117,0.9953768849372864,0.020924425968840785,0.9360730593607306,0.9634703196347032,0.9360730593607306,0.0,0.0,0.24656778201380644,1.3767161089930968
GraNdLast,fashion_mnist,4,0.0,0.2,200,200,4000,1000,220,1147,1367,0.3687442612135783,0.29790000000000005,0.333,,,,,3.6839554170146585,0,1,201,0.0,0.0,0.6050357818603516,0.6050357818603516,0.9947527647018433,0.02123314523261432,0.9497716894977168,0.9634703196347032,0.9497716894977168,0.0,0.0,0.2626844261044126,1.3686577869477938
RHO-PretrainRef,fashion_mnist,4,0.0,0.2,200,200,4000,1000,220,1081,1301,0.3518780269077979,0.2623,0.3129,,,,,3.8689013784751296,0,1,201,0.0,0.0,0.6786708235740662,0.6786708235740662,0.9909476041793823,0.02176018705651096,0.9497716894977168,0.9634703196347032,0.9452054794520548,0.0,0.0,0.24074623616907112,1.3796268819154645
PU-R,fashion_mnist,4,0.0,0.2,200,200,4000,1000,220,1283,1503,0.4033857337781228,0.35340000000000005,0.3669,,,,,5.9599308194592595,0,1,201,0.0,0.0,0.6675428748130798,0.6675428748130798,0.9913098812103271,0.021763068083758767,0.9406392694063926,0.9680365296803652,0.9406392694063926,0.0,0.0,0.24865910576557393,1.375670447117213
GREATS,fashion_mnist,4,0.0,0.2,200,200,4000,1000,220,1086,1306,,0.28900000000000003,0.3153,,,,,5.1561193857342005,0,1,201,0.0,0.0,0.6868855357170105,0.6868855357170105,0.9891147613525391,0.021591825844490365,0.9360730593607306,0.9680365296803652,0.9360730593607306,0.0,0.0,0.2414467330407132,1.3792766334796434
MaxLoss,fashion_mnist,4,0.0,0.3,200,200,3500,1500,220,1150,1370,0.4211032286984846,0.33240000000000003,0.3876,,,,,2.8458098713308573,0,1,201,0.0,0.0,0.7113500237464905,0.7113500237464905,0.9916684627532959,0.021557025849547017,0.954337899543379,0.9680365296803652,0.954337899543379,0.0,0.0,0.2272763138830971,1.3863618430584514
Marginal,fashion_mnist,4,0.0,0.3,200,200,3500,1500,220,696,916,0.2881814257707447,0.23119999999999996,0.2386,,,,,3.230372787453234,0,1,201,0.0,0.0,0.6347436308860779,0.6347436308860779,0.995130181312561,0.01910365485165217,0.9497716894977168,0.9726027397260274,0.9497716894977168,0.0,0.0,0.24911533269888736,1.3754423336505563
EL2N,fashion_mnist,4,0.0,0.3,200,200,3500,1500,220,1061,1281,0.3952361032133922,0.3164,0.3596,,,,,3.37790294457227,0,1,201,0.0,0.0,0.6805520057678223,0.6805520057678223,0.9954992532730103,0.021787359562094353,0.9452054794520548,0.9680365296803652,0.9406392694063926,0.0,0.0,0.23674946544633096,1.3816252672768345
GraNdLast,fashion_mnist,4,0.0,0.3,200,200,3500,1500,220,825,1045,0.3262077594990842,0.2612,0.2888,,,,,3.4588841451331973,0,1,201,0.0,0.0,0.617047131061554,0.617047131061554,0.9966188669204712,0.02146778694570881,0.9634703196347032,0.9634703196347032,0.958904109589041,0.0,0.0,0.2545842873088998,1.3727078563455501
RHO-PretrainRef,fashion_mnist,4,0.0,0.3,200,200,3500,1500,220,894,1114,0.3464585429755971,0.2752,0.3178,,,,,3.6561503894627094,0,1,201,0.0,0.0,0.6978386640548706,0.6978386640548706,0.9936476945877075,0.022648385398464116,0.9497716894977168,0.9680365296803652,0.9497716894977168,0.0,0.0,0.23355247322416633,1.383223763387917
PU-R,fashion_mnist,4,0.0,0.3,200,200,3500,1500,220,896,1116,0.34704464505193755,0.28600000000000003,0.3002,,,,,5.574531136080623,0,1,201,0.0,0.0,0.6754941940307617,0.6754941940307617,0.9954206347465515,0.02317981306276365,0.9497716894977168,0.9680365296803652,0.9497716894977168,0.0,0.0,0.24638265669681034,1.3768086716515948
GREATS,fashion_mnist,4,0.0,0.3,200,200,3500,1500,220,917,1137,,0.29879999999999995,0.3249,,,,,4.775483921170235,0,1,201,0.0,0.0,0.6831759810447693,0.6831759810447693,0.9898412823677063,0.022934567302329355,0.9452054794520548,0.9634703196347032,0.9452054794520548,0.0,0.0,0.24282480713813723,1.3785875964309313
MaxLoss,fashion_mnist,4,0.0,0.4,200,200,3000,2000,220,832,1052,0.381760306074284,0.27370000000000005,0.3246,,,,,2.7501203836873174,0,1,201,0.0,0.0,0.6846749782562256,0.6846749782562256,0.9904736280441284,0.022082121677050308,0.9452054794520548,0.9634703196347032,0.9360730593607306,0.0,0.0,0.23982898619525844,1.3800855069023708
Marginal,fashion_mnist,4,0.0,0.4,200,200,3000,2000,220,633,853,0.31359204900218174,0.24870000000000003,0.2542,,,,,3.0680512534454465,0,1,201,0.0,0.0,0.6399014592170715,0.6399014592170715,0.998197078704834,0.017397667447181596,0.9360730593607306,0.9634703196347032,0.9360730593607306,0.0,0.0,0.250334604814146,1.374832697592927
EL2N,fashion_mnist,4,0.0,0.4,200,200,3000,2000,220,776,996,0.3626479919767007,0.2835,0.3263,,,,,3.175254136323929,0,1,201,0.0,0.0,0.6675911545753479,0.6675911545753479,0.9966673254966736,0.021432328850166982,0.9269406392694064,0.958904109589041,0.9269406392694064,0.0,0.0,0.24528231477863335,1.3773588426106833
GraNdLast,fashion_mnist,4,0.0,0.4,200,200,3000,2000,220,750,970,0.3537561464472674,0.26980000000000004,0.3021,,,,,3.248658826574683,0,1,201,0.0,0.0,0.6087377667427063,0.6087377667427063,0.9947702884674072,0.020642371754668074,0.9497716894977168,0.9634703196347032,0.9497716894977168,0.0,0.0,0.2599309301347365,1.3700345349326317
RHO-PretrainRef,fashion_mnist,4,0.0,0.4,200,200,3000,2000,220,758,978,0.3564933542511426,0.26739999999999997,0.309,,,,,3.387967497110367,0,1,201,0.0,0.0,0.6835228800773621,0.6835228800773621,0.9913262724876404,0.021359575801788398,0.9406392694063926,0.958904109589041,0.9315068493150684,0.0,0.0,0.2403835664786952,1.3798082167606525
PU-R,fashion_mnist,4,0.0,0.4,200,200,3000,2000,220,772,992,0.36128078028559685,0.28959999999999997,0.3071,,,,,5.205366777256131,0,1,201,0.0,0.0,0.6777480244636536,0.6777480244636536,0.9952551126480103,0.021831672757727915,0.9315068493150684,0.958904109589041,0.9315068493150684,0.0,0.0,0.24534545983960016,1.3773272700802
GREATS,fashion_mnist,4,0.0,0.4,200,200,3000,2000,220,671,891,,0.26370000000000005,0.2904,,,,,4.30574846547097,0,1,201,0.0,0.0,0.6783163547515869,0.6783163547515869,0.9919999837875366,0.021989010784723987,0.9269406392694064,0.9634703196347032,0.9269406392694064,0.0,0.0,0.24835913909863613,1.3758204304506818
MaxLoss,fashion_mnist,4,0.0,0.5,200,200,2500,2500,220,760,980,0.4267284136149101,0.3146,0.3626,,,,,2.701689396984875,0,1,201,0.0,0.0,0.6905093789100647,0.6905093789100647,0.9924455881118774,0.020399892983371266,0.9269406392694064,0.9680365296803652,0.9269406392694064,0.0,0.0,0.2364925753365595,1.3817537123317203
Marginal,fashion_mnist,4,0.0,0.5,200,200,2500,2500,220,492,712,0.3166989869787358,0.23870000000000002,0.2464,,,,,2.972149908542633,0,1,201,0.0,0.0,0.6230851411819458,0.6230851411819458,0.9971634149551392,0.018933302531503653,0.9406392694063926,0.9634703196347032,0.9406392694063926,0.0,0.0,0.2572610234617269,1.3713694882691365
EL2N,fashion_mnist,4,0.0,0.5,200,200,2500,2500,220,679,899,0.3936736385221593,0.30089999999999995,0.3442,,,,,3.094511767849326,0,1,201,0.0,0.0,0.6770073175430298,0.6770073175430298,0.9966100454330444,0.019252004552649582,0.9360730593607306,0.9680365296803652,0.9360730593607306,0.0,0.0,0.24328492400170273,1.3783575379991486
GraNdLast,fashion_mnist,4,0.0,0.5,200,200,2500,2500,220,623,843,0.3707228908315301,0.28300000000000003,0.3154,,,,,3.1417902717366815,0,1,201,0.0,0.0,0.6358028054237366,0.6358028054237366,0.9951403141021729,0.01952616523389947,0.9406392694063926,0.9680365296803652,0.9406392694063926,0.0,0.0,0.24980807181190176,1.375095964094049
RHO-PretrainRef,fashion_mnist,4,0.0,0.5,200,200,2500,2500,220,586,806,0.35551317973295227,0.2661,0.3094,,,,,3.2719634994864464,0,1,201,0.0,0.0,0.6829712390899658,0.6829712390899658,0.9947210550308228,0.020023078746991614,0.9406392694063926,0.9726027397260274,0.9406392694063926,0.0,0.0,0.24028927987383542,1.3798553600630823
PU-R,fashion_mnist,4,0.0,0.5,200,200,2500,2500,220,601,821,0.3616837663576007,0.28680000000000005,0.3017,,,,,4.975579847581685,0,1,201,0.0,0.0,0.6571429967880249,0.6571429967880249,0.9933595061302185,0.021004963070834607,0.9315068493150684,0.9634703196347032,0.9315068493150684,0.0,0.0,0.25395347765364845,1.3730232611731759
GREATS,fashion_mnist,4,0.0,0.5,200,200,2500,2500,220,711,931,,0.3015,0.3396,,,,,4.136005770415068,0,1,201,0.0,0.0,0.687308669090271,0.687308669090271,0.9950124025344849,0.020725652371367365,0.91324200913242,0.9680365296803652,0.908675799086758,0.0,0.0,0.24194263284222245,1.3790286835788887
MaxLoss,fashion_mnist,4,0.0,0.6,200,200,2000,3000,220,446,666,0.37009686295641586,0.27580000000000005,0.3191,,,,,2.612395147792995,0,1,201,0.0,0.0,0.6912971138954163,0.6912971138954163,0.9937081336975098,0.020728045538680195,0.9452054794520548,0.9680365296803652,0.9452054794520548,0.0,0.0,0.23628609960692992,1.381856950196535
Marginal,fashion_mnist,4,0.0,0.6,200,200,2000,3000,220,382,602,0.33704703697003424,0.2399,0.2464,,,,,2.8486277433112264,0,1,201,0.0,0.0,0.6176005601882935,0.6176005601882935,0.9972289204597473,0.020104643586835905,0.9452054794520548,0.9680365296803652,0.9452054794520548,0.0,0.0,0.2582977119757792,1.3708511440121103
EL2N,fashion_mnist,4,0.0,0.6,200,200,2000,3000,220,472,692,0.38346783915767446,0.2742,0.311,,,,,2.8990034898743033,0,1,201,0.0,0.0,0.6803179383277893,0.6803179383277893,0.9923942685127258,0.018671280989363857,0.954337899543379,0.9680365296803652,0.954337899543379,0.0,0.0,0.23395583246905394,1.383022083765473
GraNdLast,fashion_mnist,4,0.0,0.6,200,200,2000,3000,220,471,691,0.3829541455488652,0.27459999999999996,0.3038,,,,,2.9463492007926106,0,1,201,0.0,0.0,0.632926881313324,0.632926881313324,0.9962271451950073,0.020620898705094915,0.9497716894977168,0.9680365296803652,0.9497716894977168,0.0,0.0,0.2567572332903314,1.3716213833548343
RHO-PretrainRef,fashion_mnist,4,0.0,0.6,200,200,2000,3000,220,539,759,0.41778343566693366,0.3167,0.3508,,,,,3.0648197876289487,0,1,201,0.0,0.0,0.6885299682617188,0.6885299682617188,0.9961792230606079,0.019906798318096493,0.9497716894977168,0.9726027397260274,0.9452054794520548,0.0,0.0,0.2370303802957842,1.381484809852108
PU-R,fashion_mnist,4,0.0,0.6,200,200,2000,3000,220,508,728,0.40193076740251854,0.3104,0.3238,,,,,4.7422030018642545,0,1,201,0.0,0.0,0.6614145636558533,0.6614145636558533,0.994343638420105,0.021115559557257177,0.9452054794520548,0.9680365296803652,0.9452054794520548,0.0,0.0,0.2454504437526531,1.3772747781236734
GREATS,fashion_mnist,4,0.0,0.6,200,200,2000,3000,220,461,681,,0.27869999999999995,0.302,,,,,3.7451438335701823,0,1,201,0.0,0.0,0.6842964887619019,0.6842964887619019,0.9928197264671326,0.021148451387065732,0.9406392694063926,0.9726027397260274,0.9406392694063926,0.0,0.0,0.24146585116382707,1.3792670744180864
MaxLoss,fashion_mnist,4,0.0,0.7,200,200,1500,3500,220,264,484,0.36477058340096846,0.26170000000000004,0.2935,,,,,2.5566011862829328,0,1,201,0.0,0.0,0.679171621799469,0.679171621799469,0.994647741317749,0.0195073469044411,0.954337899543379,0.9726027397260274,0.954337899543379,0.0,0.0,0.23733706593315737,1.3813314670334214
Marginal,fashion_mnist,4,0.0,0.7,200,200,1500,3500,220,255,475,0.35855297528905794,0.24570000000000003,0.2512,,,,,2.7597863161936402,0,1,201,0.0,0.0,0.6196402907371521,0.6196402907371521,0.9991321563720703,0.01849842125966669,0.9452054794520548,0.9634703196347032,0.9452054794520548,0.0,0.0,0.25262889009719036,1.3736855549514049
EL2N,fashion_mnist,4,0.0,0.7,200,200,1500,3500,220,279,499,0.37511582602746785,0.28,0.311,,,,,2.7918007001280785,0,1,201,0.0,0.0,0.6595586538314819,0.6595586538314819,0.9958575367927551,0.0197490475493479,0.9497716894977168,0.9680365296803652,0.9497716894977168,0.0,0.0,0.24397501088954526,1.3780124945552275
GraNdLast,fashion_mnist,4,0.0,0.7,200,200,1500,3500,220,272,492,0.3702907360275276,0.2518,0.2807,,,,,2.8344136690720916,0,1,201,0.0,0.0,0.621770441532135,0.621770441532135,0.99657142162323,0.019718450770530527,0.9360730593607306,0.9634703196347032,0.9360730593607306,0.0,0.0,0.2608386541998069,1.3695806729000966
RHO-PretrainRef,fashion_mnist,4,0.0,0.7,200,200,1500,3500,220,249,469,0.3544034771621227,0.261,0.2911,,,,,2.9262754134833813,0,1,201,0.0,0.0,0.6850988268852234,0.6850988268852234,0.9934773445129395,0.019997735273892477,0.9406392694063926,0.9680365296803652,0.9360730593607306,0.0,0.0,0.23643749746049048,1.3817812512697547
PU-R,fashion_mnist,4,0.0,0.7,200,200,1500,3500,220,269,489,0.3682214028085582,0.2663,0.2777,,,,,4.446036268956959,0,1,201,0.0,0.0,0.6657018661499023,0.6657018661499023,0.9963352084159851,0.02063310112310871,0.9452054794520548,0.9680365296803652,0.9452054794520548,0.0,0.0,0.24558301080749342,1.3772084945962533
GREATS,fashion_mnist,4,0.0,0.7,200,200,1500,3500,220,241,461,,0.24150000000000005,0.2601,,,,,3.464622026309371,0,1,201,0.0,0.0,0.6676213145256042,0.6676213145256042,0.993461012840271,0.02089632482833514,0.9269406392694064,0.9634703196347032,0.9269406392694064,0.0,0.0,0.24526125169039348,1.3773693741548032
MaxLoss,fashion_mnist,4,0.0,0.8,200,200,1000,4000,220,102,322,0.3729291978524998,0.2512,0.2716,,,,,2.4597100680693984,0,1,201,0.0,0.0,0.6659799218177795,0.6659799218177795,0.9934314489364624,0.02194167707608715,0.9406392694063926,0.9680365296803652,0.9406392694063926,0.0,0.0,0.2465756502818163,1.3767121748590918
Marginal,fashion_mnist,4,0.0,0.8,200,200,1000,4000,220,144,364,0.41646172665059566,0.23309999999999997,0.2448,,,,,2.6275971569120884,0,1,201,0.0,0.0,0.6199330687522888,0.6199330687522888,0.9968991279602051,0.022554535435759315,0.9497716894977168,0.9634703196347032,0.9497716894977168,0.0,0.0,0.2634289499139077,1.3682855250430461
EL2N,fashion_mnist,4,0.0,0.8,200,200,1000,4000,220,98,318,0.3687595728551969,0.23019999999999996,0.2502,,,,,2.6564650489017367,0,1,201,0.0,0.0,0.6608943939208984,0.6608943939208984,0.995891809463501,0.022004936111572126,0.9497716894977168,0.954337899543379,0.9497716894977168,0.0,0.0,0.2482210023709349,1.3758894988145325
GraNdLast,fashion_mnist,4,0.0,0.8,200,200,1000,4000,220,130,350,0.40200025151716545,0.25329999999999997,0.2806,,,,,2.6720984587445855,0,1,201,0.0,0.0,0.6480655670166016,0.6480655670166016,0.9976266622543335,0.020583768141324118,0.9452054794520548,0.958904109589041,0.9406392694063926,0.0,0.0,0.25198702950372287,1.3740064852481386
RHO-PretrainRef,fashion_mnist,4,0.0,0.8,200,200,1000,4000,220,95,315,0.36562955763656646,0.24019999999999997,0.2613,,,,,2.7543770149350166,0,1,201,0.0,0.0,0.6584007143974304,0.6584007143974304,0.9947255849838257,0.02223812690064243,0.9497716894977168,0.9680365296803652,0.9497716894977168,0.0,0.0,0.24984354532357544,1.3750782273382123
PU-R,fashion_mnist,4,0.0,0.8,200,200,1000,4000,220,124,344,0.39578757219715044,0.24029999999999996,0.262,,,,,4.241322354413569,0,1,201,0.0,0.0,0.6535958647727966,0.6535958647727966,0.9975549578666687,0.020562287471065782,0.9452054794520548,0.9680365296803652,0.9452054794520548,0.0,0.0,0.2524039593007399,1.37379802034963
GREATS,fashion_mnist,4,0.0,0.8,200,200,1000,4000,220,128,348,,0.253,0.2703,,,,,3.191563943400979,0,1,201,0.0,0.0,0.657698392868042,0.657698392868042,0.9963828325271606,0.021815229224287757,0.9452054794520548,0.958904109589041,0.9452054794520548,0.0,0.0,0.25082893538242856,1.3745855323087857
