dataset,method,noise_rate,pretrain_fraction,step,n,compression_size_mean,compression_size_se,remaining_bad_mean,remaining_bad_se,effective_compression_size_mean,effective_compression_size_se,certified_bound_mean,certified_bound_se,test_error_mean,test_error_se,pac_bayes_bound_mean,pac_bayes_bound_se,pac_bayes_empirical_risk_mean,pac_bayes_empirical_risk_se,pac_bayes_mc_upper_mean,pac_bayes_mc_upper_se,pac_bayes_kl_mean,pac_bayes_kl_se,runtime_sec_mean,runtime_sec_se,stop_reached_mean,stop_reached_se,hit_limit_mean,hit_limit_se,train_calls_mean,train_calls_se,noise_hit_rate_mean,noise_hit_rate_se,duplicate_hit_rate_mean,duplicate_hit_rate_se,pairwise_feature_cosine_mean,pairwise_feature_cosine_se
mnist,Marginal,0.0,0.0,0,3,4.0,0.0,484.3333333333333,8.089774066341064,488.3333333333333,8.089774066341064,0.5428688553705191,0.008113263248699883,0.47009999999999996,0.008172514912803797,0.7542162120356286,0.006436021253592159,0.47570666666666667,0.008188254460574078,0.6971337103915332,0.007264624136991194,0.8894640920911353,0.13010662212594706,0.06744200487931569,0.00022375513714718132,0.0,0.0,0.0,0.0,1.0,0.0,0.0,0.0,0.0,0.0,0.6683302521705627,0.02322683588441503
mnist,Marginal,0.0,0.0,10,3,14.0,0.0,391.3333333333333,4.176654695380556,405.3333333333333,4.176654695380556,0.4588783047317217,0.004268241374031979,0.38786666666666675,0.008630437094634567,0.7627240366347321,0.0035254721606688263,0.39098000000000005,0.003122584399713359,0.6189289672336896,0.003000241041273138,43.76841172324382,1.2593993474492662,0.2557442532852292,0.00015761544825565623,0.0,0.0,0.0,0.0,11.0,0.0,0.0,0.0,0.0,0.0,0.5742796460787455,0.016219571822252407
mnist,Marginal,0.0,0.0,100,3,104.0,0.0,189.0,14.525839046333951,293.0,14.525839046333951,0.34254188381601125,0.01522105226286769,0.20923333333333335,0.012385520219639989,0.6994542112378136,0.016550795326776373,0.1884666666666667,0.014404838693223088,0.4027193389492825,0.017081408013043194,180.99206694655558,4.577678916104504,1.9447058882409085,0.005269901584780573,0.0,0.0,0.0,0.0,101.0,0.0,0.0,0.0,0.0,0.0,0.5954947471618652,0.004424718370092
mnist,Marginal,0.0,0.0,105,3,109.0,0.0,183.33333333333334,15.961759858417173,292.3333333333333,15.961759858417173,0.3418295406542408,0.016727745660744545,0.2066,0.014021531062381628,0.6976843968724484,0.017626028388354035,0.18369333333333335,0.01605745655797052,0.3968931768651296,0.019156311156178565,185.826648727245,4.156054429107075,2.037972806564843,0.005143794282061457,0.0,0.0,0.0,0.0,106.0,0.0,0.0,0.0,0.0,0.0,0.5968051751454672,0.0026661234356471493
mnist,Marginal,0.0,0.0,110,3,114.0,0.0,181.33333333333334,16.586473739499638,295.3333333333333,16.586473739499638,0.34497312927851453,0.017369796061077303,0.20536666666666667,0.016780378753505888,0.6991357591981219,0.0173956100983052,0.18158,0.01617075137400854,0.3943290110810438,0.01938278368322362,191.1543673055353,4.078156733725931,2.1313589066267014,0.005049127248578081,0.0,0.0,0.0,0.0,111.0,0.0,0.0,0.0,0.0,0.0,0.6019377112388611,0.0017465510301976563
mnist,Marginal,0.0,0.0,115,3,119.0,0.0,175.0,14.6401275039985,294.0,14.6401275039985,0.34359072818187997,0.01533861891046003,0.20316666666666663,0.01446055938675188,0.6957541701117739,0.015936711843572066,0.17519333333333334,0.014535704699501523,0.38664701812176916,0.017573082447809037,195.96768397335723,3.9333436424787434,2.2246454079480222,0.005008357319596233,0.0,0.0,0.0,0.0,116.0,0.0,0.0,0.0,0.0,0.0,0.5943363904953003,0.005325789509183553
mnist,Marginal,0.0,0.0,120,3,124.0,0.0,171.66666666666666,12.784539273843405,295.6666666666667,12.784539273843404,0.3453539586625993,0.013391325017604991,0.20109999999999997,0.013450774451061668,0.6957555526384537,0.013676855199917149,0.17196666666666668,0.012255569255557942,0.3828041890331166,0.014899866794308374,200.8119018140483,3.845883858951158,2.3179075859176614,0.004825621680026369,0.0,0.0,0.0,0.0,121.0,0.0,0.0,0.0,0.0,0.0,0.5959891279538473,0.005111195198695214
mnist,Marginal,0.0,0.0,125,3,129.0,0.0,165.33333333333334,9.386751893552484,294.3333333333333,9.386751893552482,0.3439757702096055,0.009844734215245765,0.19679999999999997,0.008603100216394877,0.6913887477727895,0.01034505654011948,0.16474666666666668,0.009241171161949356,0.3740113076536482,0.011412074059381945,205.70475245227826,3.668516120537857,2.411158304583902,0.0046928931072298,0.0,0.0,0.0,0.0,126.0,0.0,0.0,0.0,0.0,0.0,0.5970239639282227,0.0037246650444473168
mnist,Marginal,0.0,0.0,130,3,134.0,0.0,162.0,6.027713773341709,296.0,6.027713773341709,0.34573909421063337,0.006318022710268735,0.19296666666666665,0.00582017563690689,0.691496023546594,0.007273658647636037,0.1618066666666667,0.005937107413921746,0.37045369225734825,0.007364291088952968,210.46890821900487,3.3863424156473294,2.503711266287913,0.0048620430596168565,0.0,0.0,0.0,0.0,131.0,0.0,0.0,0.0,0.0,0.0,0.5925152699152628,0.004215784183048625
mnist,Marginal,0.0,0.0,135,3,139.0,0.0,152.33333333333334,2.185812841434,291.3333333333333,2.1858128414340006,0.340849672172529,0.0022963627631094148,0.1831,0.0027073972741361667,0.6834074595003675,0.0017220110736662338,0.15192666666666668,0.0018955855149384497,0.3581063308976706,0.0024046357454609916,214.79801411646244,3.3451438576012,2.5966793576565883,0.004708139565869677,0.0,0.0,0.0,0.0,136.0,0.0,0.0,0.0,0.0,0.0,0.5946446061134338,0.006202225524550756
mnist,Marginal,0.0,0.0,140,3,144.0,0.0,152.0,3.2145502536643185,296.0,3.2145502536643185,0.34574636491015553,0.003372614744943984,0.18259999999999998,0.004285246006162685,0.6859492283432789,0.0034404394958346784,0.15154000000000004,0.0030901348406393793,0.3576035122133619,0.0039173627779626585,219.3502232739536,3.3680028166363725,2.690072244654099,0.004493845112531742,0.0,0.0,0.0,0.0,141.0,0.0,0.0,0.0,0.0,0.0,0.5882225433985392,0.003124907319981214
mnist,Marginal,0.0,0.0,145,3,149.0,0.0,147.0,1.5275252316519468,296.0,1.5275252316519468,0.34574862245547894,0.0016025955009343815,0.17686666666666664,0.0012387269450707986,0.6830451758372472,0.0012798742925091552,0.1465266666666667,0.0013345827479445077,0.3512390658686684,0.0017081946557479925,223.62957337117305,3.11168978820619,2.782732758593435,0.0045338167796589,0.0,0.0,0.0,0.0,146.0,0.0,0.0,0.0,0.0,0.0,0.588323732217153,0.0026979810085007837
mnist,Marginal,0.0,0.0,15,3,19.0,0.0,351.6666666666667,22.73274681550335,370.6666666666667,22.73274681550335,0.4232077405128318,0.023347456803980954,0.338,0.010488565202161813,0.7467506312071511,0.018211505729766625,0.3517733333333333,0.021178169053165233,0.5801590785062647,0.02090722156820182,58.613719064700035,2.257836682010752,0.3496041619218886,0.0002039591926238502,0.0,0.0,0.0,0.0,16.0,0.0,0.0,0.0,0.0,0.0,0.5781373381614685,0.008388573760409182
mnist,Marginal,0.0,0.0,150,3,154.0,0.0,146.66666666666666,2.905932629027116,300.6666666666667,2.905932629027116,0.3506390380013424,0.0030440305066202255,0.18033333333333332,0.002841556693864203,0.6847575432434848,0.0025600773567386517,0.14567333333333335,0.0022292101241870002,0.3501400323924522,0.0028547275215415717,227.80641558299862,3.1706410721774896,2.875667019902418,0.0043782627508056685,0.0,0.0,0.0,0.0,151.0,0.0,0.0,0.0,0.0,0.0,0.5878453056017557,0.0033814552434237757
mnist,Marginal,0.0,0.0,155,3,159.0,0.0,141.0,2.0816659994661326,300.0,2.0816659994661326,0.3499416770064272,0.002181662063737658,0.17486666666666664,0.003094259918695345,0.681905202743016,0.0024490042410370188,0.14115333333333333,0.00246723416895204,0.3443261009181214,0.0031885474550899795,231.51937992945827,3.3511850413940123,2.96879635968556,0.004086678570966484,0.0,0.0,0.0,0.0,156.0,0.0,0.0,0.0,0.0,0.0,0.5863781372706095,0.0031936563214947176
mnist,Marginal,0.0,0.0,160,3,164.0,0.0,133.66666666666666,1.763834207376394,297.6666666666667,1.763834207376394,0.3474962896046539,0.0018491367773292196,0.16963333333333339,0.0013169830843425638,0.6759104601373555,0.0008193993016641798,0.13398,0.0013179276661992264,0.3350143963710243,0.0017258171553573226,235.3395771375915,3.371930604020004,3.061542536287258,0.004095596633780076,0.0,0.0,0.0,0.0,161.0,0.0,0.0,0.0,0.0,0.0,0.5887075265248617,0.002436611478611179
mnist,Marginal,0.0,0.0,165,3,169.0,0.0,132.0,1.5275252316519468,301.0,1.5275252316519468,0.3509899397031404,0.0016004540784354086,0.16820000000000002,0.0023713568549110064,0.6749084745865906,0.0005845102927086946,0.13101333333333334,0.001939289675227623,0.33111647623335133,0.002555082797754973,239.33497203218874,3.152066500742065,3.1553509056102484,0.003923649719178166,0.0,0.0,0.0,0.0,166.0,0.0,0.0,0.0,0.0,0.0,0.5882356365521749,0.002895732881005138
mnist,Marginal,0.0,0.0,170,3,174.0,0.0,127.33333333333333,1.855921454276674,301.3333333333333,1.855921454276674,0.3513388061740746,0.0019435992369965284,0.1658666666666667,0.0007753135566408551,0.6728286917341522,0.001363339726547966,0.12701333333333334,0.0018793379448920691,0.32583232984796967,0.0024882676386655776,243.6826884817739,3.1483057748571963,3.2489025542357317,0.0036107062054334294,0.0,0.0,0.0,0.0,171.0,0.0,0.0,0.0,0.0,0.0,0.5820737878481547,0.004350787945700899
mnist,Marginal,0.0,0.0,175,3,179.0,0.0,123.0,1.7320508075688774,302.0,1.7320508075688774,0.3520371819419476,0.0018139543090493172,0.16433333333333333,0.0012810585900383618,0.6709337317801096,0.0023985769278390694,0.12336000000000001,0.0019645864704817707,0.32096707015792536,0.002626925163174294,247.7724121127998,3.0139279492702102,3.342351980196933,0.0037275235861286395,0.0,0.0,0.0,0.0,176.0,0.0,0.0,0.0,0.0,0.0,0.5842441916465759,0.0055233786094474775
mnist,Marginal,0.0,0.0,180,3,184.0,0.0,118.33333333333333,4.176654695380556,302.3333333333333,4.176654695380556,0.35238224304824445,0.004376157144001243,0.16216666666666668,0.0016333333333333224,0.6677105585827304,0.004808083445150291,0.11891333333333333,0.0036106570654722225,0.3149691658286411,0.00488980172024769,251.5043096059206,2.911733760766167,3.4358221565683684,0.003560753762158868,0.0,0.0,0.0,0.0,181.0,0.0,0.0,0.0,0.0,0.0,0.5879847606023153,0.005272479381946323
mnist,Marginal,0.0,0.0,185,3,189.0,0.0,114.66666666666667,4.0960685758148365,303.6666666666667,4.0960685758148365,0.3537784654375476,0.0042889821735534114,0.15903333333333333,0.002986822912579679,0.664767104140102,0.00515157790505805,0.11459333333333332,0.004300780290960126,0.3090957354158474,0.005867835898312774,255.52925061364007,2.6944705941432106,3.5295813595876098,0.003497204580513173,0.0,0.0,0.0,0.0,186.0,0.0,0.0,0.0,0.0,0.0,0.5884419878323873,0.006604791775940838
mnist,Marginal,0.0,0.0,190,3,194.0,0.0,110.66666666666667,4.807401700618653,304.6666666666667,4.807401700618653,0.3548234470654279,0.00502884469206907,0.1549,0.004377594468807403,0.6621082938928092,0.0051599778059706145,0.11057333333333334,0.004789298255253878,0.3035808766897068,0.006555868862041702,259.5308189526441,2.50454209406776,3.6231103982621184,0.0032898865616926786,0.0,0.0,0.0,0.0,191.0,0.0,0.0,0.0,0.0,0.0,0.5831116437911987,0.004333865090425307
mnist,Marginal,0.0,0.0,195,3,199.0,0.0,106.33333333333333,6.385748020222673,305.3333333333333,6.385748020222672,0.35551623683810857,0.0066801901773681175,0.15253333333333333,0.004584151442136726,0.6599053475327565,0.0060572217595440256,0.10703333333333331,0.0058214469373553965,0.29865645733737367,0.008045796387433546,263.4614347460852,2.451861880423251,3.716958103623862,0.0033602598520185017,0.0,0.0,0.0,0.0,196.0,0.0,0.0,0.0,0.0,0.0,0.5834426283836365,0.0021454689000090605
mnist,Marginal,0.0,0.0,20,3,24.0,0.0,318.0,15.132745950421556,342.0,15.132745950421556,0.39365623264651123,0.01570779885111136,0.31370000000000003,0.006993568473962358,0.7336771581603436,0.016889019151619715,0.31844,0.014683546347300895,0.5465982408776757,0.015190951076511043,73.26945477232073,3.887094460135751,0.4434016246038179,0.0007186512307733627,0.0,0.0,0.0,0.0,21.0,0.0,0.0,0.0,0.0,0.0,0.5813312729199728,0.0038786147157022755
mnist,Marginal,0.0,0.0,200,3,204.0,0.0,102.0,6.3508529610858835,306.0,6.3508529610858835,0.35621387511491776,0.006644243047008614,0.15053333333333332,0.004993440141269776,0.6555017714916113,0.007113645236669949,0.10205999999999998,0.006357053824951736,0.29169254272542616,0.008909821394636506,267.01665598531264,2.171676400030011,3.8103873065362373,0.003476833188640645,0.0,0.0,0.0,0.0,201.0,0.0,0.0,0.0,0.0,0.0,0.5892061392466227,0.001540529910665939
mnist,Marginal,0.0,0.0,205,3,209.0,0.0,98.33333333333333,6.641619615057092,307.3333333333333,6.641619615057092,0.35760755006534356,0.006945569765574528,0.14486666666666667,0.0045373756487399166,0.6529480800571675,0.007525180788809076,0.09842666666666665,0.006559037869823436,0.2865555501288491,0.009295151487946324,270.81204272438595,2.196553017332392,3.904270648568248,0.0030086917243711637,0.0,0.0,0.0,0.0,206.0,0.0,0.0,0.0,0.0,0.0,0.5856615304946899,0.003969852381805752
mnist,Marginal,0.0,0.0,210,3,214.0,0.0,93.66666666666667,5.547772325697746,307.6666666666667,5.547772325697746,0.35795980823847157,0.005799671392012815,0.14159999999999998,0.004037738641038232,0.648146656425214,0.005983133781303669,0.09317333333333329,0.005244035765620901,0.27911795775349574,0.007505062686486171,274.52781655472404,2.070715195800807,3.998009958304465,0.0027750155706995484,0.0,0.0,0.0,0.0,211.0,0.0,0.0,0.0,0.0,0.0,0.5876739025115967,0.003943919892880496
mnist,Marginal,0.0,0.0,215,3,219.0,0.0,90.33333333333333,4.409585518440985,309.3333333333333,4.409585518440984,0.35970539863531786,0.004610672728736531,0.1370333333333333,0.0025333333333333505,0.6459065764390738,0.004518450781873176,0.08994666666666663,0.004045908770323162,0.2745038473449372,0.005879828167644969,278.0783614933596,1.9320934383218318,4.092206773580983,0.002951138744220057,0.0,0.0,0.0,0.0,216.0,0.0,0.0,0.0,0.0,0.0,0.5863819718360901,0.001801782172881854
mnist,Marginal,0.0,0.0,220,3,224.0,0.0,85.0,4.041451884327381,309.0,4.041451884327381,0.35935781327619526,0.004224804423126257,0.13503333333333334,0.0019220937657784853,0.6414259624476027,0.0046966113899277835,0.08517999999999996,0.004086286007285022,0.26754575242962986,0.005999339220529967,281.80394758241397,1.9850217732660629,4.185503108349319,0.003041997808506937,0.0,0.0,0.0,0.0,221.0,0.0,0.0,0.0,0.0,0.0,0.582220713297526,0.0031522442432241676
mnist,Marginal,0.0,0.0,225,3,229.0,0.0,80.33333333333333,4.0960685758148365,309.3333333333333,4.0960685758148365,0.35970614227699116,0.004280452137696792,0.13416666666666668,0.0015814901552368829,0.6370339766130235,0.004768436600521501,0.0806733333333333,0.004086666666666676,0.2608756284062588,0.006075520594118134,285.3137524857287,2.1436031638198814,4.279183025316645,0.003074753623122802,0.0,0.0,0.0,0.0,226.0,0.0,0.0,0.0,0.0,0.0,0.5817799766858419,0.0032084245459558236
mnist,Marginal,0.0,0.0,230,3,234.0,0.0,78.66666666666667,4.0551750201988135,312.6666666666667,4.0551750201988135,0.3631889964841927,0.004234575444186163,0.13266666666666663,0.0028179977131131922,0.6360875785599905,0.004691330542896725,0.07857999999999997,0.0039669803797515064,0.2577493577751981,0.005941555826986583,288.8016346850069,2.0501002462251803,4.373321051243693,0.002665576075615468,0.0,0.0,0.0,0.0,231.0,0.0,0.0,0.0,0.0,0.0,0.5877312024434408,0.005302395420056262
mnist,Marginal,0.0,0.0,235,3,239.0,0.0,74.0,3.2145502536643185,313.0,3.2145502536643185,0.3635387494189975,0.003357525112949832,0.1275666666666667,0.0007172478263783288,0.6318561510167666,0.0040378494742179675,0.07421333333333328,0.003447614312019908,0.25116848087806615,0.005252833440129041,292.55386904166244,2.031784321191339,4.467274125665426,0.0027520581811528834,0.0,0.0,0.0,0.0,236.0,0.0,0.0,0.0,0.0,0.0,0.5826925039291382,0.003137867263917558
mnist,Marginal,0.0,0.0,240,3,244.0,0.0,72.66666666666667,4.333333333333334,316.6666666666667,4.333333333333334,0.3673637292231433,0.00452125430052844,0.12696666666666667,0.0015169413670643697,0.6316363130204722,0.0047843441974303085,0.07270666666666663,0.0039789501686304735,0.24884686362839617,0.006103730005863347,296.0214574523666,2.2356822294202843,4.561378858595465,0.002418558865818547,0.0,0.0,0.0,0.0,241.0,0.0,0.0,0.0,0.0,0.0,0.5895084937413534,0.0032199630897694564
mnist,Marginal,0.0,0.0,245,3,249.0,0.0,68.0,4.163331998932265,317.0,4.163331998932265,0.36771186072534573,0.004344769941758455,0.12176666666666665,0.0014666666666666903,0.6258854660708311,0.004941066962622668,0.06761999999999997,0.003900017093979599,0.24099024664059035,0.006114431377730233,299.55471910678466,2.077773898090211,4.655631370299186,0.002290817574532755,0.0,0.0,0.0,0.0,246.0,0.0,0.0,0.0,0.0,0.0,0.5853081941604614,0.004022267076161588
mnist,Marginal,0.0,0.0,25,3,29.0,0.0,294.0,21.93931022920578,323.0,21.93931022920578,0.373842430805477,0.022895993354089355,0.2906666666666667,0.012883365674819253,0.7245244099587257,0.024232019867165056,0.29642,0.021866516259645325,0.5233700180603367,0.023218605502837737,84.37124130245752,4.218322505599644,0.5378098142488549,0.0011077189759915841,0.0,0.0,0.0,0.0,26.0,0.0,0.0,0.0,0.0,0.0,0.5828043818473816,0.007953995367861141
mnist,Marginal,0.0,0.0,250,3,254.0,0.0,64.66666666666667,3.527668414752788,318.6666666666667,3.527668414752788,0.3694514886980566,0.003679419921678424,0.11943333333333332,0.0010170764201594762,0.6234316439572561,0.00469184596067336,0.06466666666666665,0.003667103004340649,0.23636903044614763,0.00580907937925721,303.22231591543704,2.0543528188191265,4.749678283231333,0.0022785709345776307,0.0,0.0,0.0,0.0,251.0,0.0,0.0,0.0,0.0,0.0,0.5831228097279867,0.00391225709020056
mnist,Marginal,0.0,0.0,255,3,259.0,0.0,61.333333333333336,3.8441875315569325,320.3333333333333,3.8441875315569325,0.3711884449973392,0.004008075486595939,0.11679999999999997,0.0010583005244258527,0.6206945141678872,0.004602420092411738,0.061659999999999986,0.003591044416322323,0.23160063683214957,0.005756418141443835,306.73571762669235,2.1757676924049045,4.843979994300753,0.0021708224659811124,0.0,0.0,0.0,0.0,256.0,0.0,0.0,0.0,0.0,0.0,0.5863064924875895,0.005575506471637952
mnist,Marginal,0.0,0.0,260,3,264.0,0.0,59.333333333333336,2.6034165586355518,323.3333333333333,2.6034165586355518,0.3743163479763704,0.0027113579846310644,0.11573333333333335,0.000622718056408971,0.6193587364639352,0.0034711347696934247,0.05948666666666668,0.0028425653515403307,0.22814848388995,0.004581272806666484,310.35664218166653,2.1810619965533844,4.938408273582657,0.002082522668766504,0.0,0.0,0.0,0.0,261.0,0.0,0.0,0.0,0.0,0.0,0.5869593818982443,0.005314940055325211
mnist,Marginal,0.0,0.0,265,3,269.0,0.0,56.0,3.464101615137755,325.0,3.464101615137755,0.37605049336949986,0.003606443001258796,0.11279999999999997,0.0003464101615137694,0.6159069790725146,0.0043140054486134095,0.05616666666666672,0.003364309405773762,0.22273558929039636,0.005506355153965508,313.9284142691602,2.4126156104522516,5.032628712321942,0.002170739049313035,0.0,0.0,0.0,0.0,266.0,0.0,0.0,0.0,0.0,0.0,0.5804319779078165,0.0044600231834039
mnist,Marginal,0.0,0.0,270,3,274.0,0.0,52.666666666666664,3.1797973380564857,326.6666666666667,3.1797973380564857,0.3777857784880325,0.0033092738976341356,0.11339999999999999,0.000999999999999964,0.6124728833586572,0.004494125910431148,0.052893333333333376,0.0033335933231941227,0.2173414599819159,0.005539926745697168,317.55476487879196,2.2712981294638306,5.127568219865982,0.0018620605984873242,0.0,0.0,0.0,0.0,271.0,0.0,0.0,0.0,0.0,0.0,0.5854315956433614,0.008090812278681952
mnist,Marginal,0.0,0.0,275,3,279.0,0.0,49.333333333333336,2.3333333333333335,328.3333333333333,2.3333333333333335,0.3795210582126553,0.00242746892828514,0.11023333333333334,0.0031923519716834355,0.60853035782936,0.003512492830315746,0.04946000000000004,0.00264910047626234,0.21162403703179802,0.0044797608256639115,320.9513071042613,2.1298256796697213,5.221748318290338,0.0018790244576365172,0.0,0.0,0.0,0.0,276.0,0.0,0.0,0.0,0.0,0.0,0.5842130978902181,0.002119989375445765
mnist,Marginal,0.0,0.0,280,3,284.0,0.0,45.333333333333336,2.6034165586355518,329.3333333333333,2.6034165586355518,0.3805608018107402,0.0027072740021374243,0.10903333333333336,0.002940710420591897,0.6031443947910353,0.0038205380052992732,0.04541333333333337,0.002663840168712165,0.20471097677480285,0.004591545851771584,324.19626851006814,2.0065927525934755,5.3167081925397115,0.0015715089242220993,0.0,0.0,0.0,0.0,281.0,0.0,0.0,0.0,0.0,0.0,0.5851457913716634,0.00251208585012556
mnist,Marginal,0.0,0.0,285,3,289.0,0.0,42.333333333333336,2.3333333333333335,331.3333333333333,2.3333333333333335,0.3826405445773465,0.002425649735521603,0.10639999999999998,0.00360185137579737,0.6000273021577617,0.0032232232523708867,0.042600000000000034,0.0023245071162148233,0.1998272579593244,0.004096073745861602,327.70413157178973,2.0284140655956855,5.4116942298909025,0.001310615808080386,0.0,0.0,0.0,0.0,286.0,0.0,0.0,0.0,0.0,0.0,0.5790052016576132,0.0032316526803020072
mnist,Marginal,0.0,0.0,290,3,294.0,0.0,39.333333333333336,2.728450923957484,333.3333333333333,2.728450923957484,0.38471838979360956,0.0028354181757607603,0.10596666666666665,0.004974713838782867,0.5964572150320472,0.003940064088654583,0.039713333333333364,0.0026341939521944426,0.19469304016320266,0.004737256224555048,331.0191098138858,2.06472659971788,5.5068240423376364,0.0011207985321259805,0.0,0.0,0.0,0.0,291.0,0.0,0.0,0.0,0.0,0.0,0.5799266497294108,0.0036305069196343382
mnist,Marginal,0.0,0.0,295,3,299.0,0.0,37.666666666666664,2.728450923957484,336.6666666666667,2.728450923957484,0.38818004773929715,0.0028315481416240442,0.10613333333333337,0.004447596104763902,0.593831622748774,0.00515752692057522,0.037493333333333365,0.0031113626882409233,0.190661152962591,0.0056087970448677965,334.000649135774,2.1521446003459284,5.601573318631078,0.0010361340007583979,0.0,0.0,0.0,0.0,296.0,0.0,0.0,0.0,0.0,0.0,0.588039497534434,0.0030263033357452135
mnist,Marginal,0.0,0.0,296,3,300.0,0.0,36.666666666666664,2.3333333333333335,336.6666666666667,2.3333333333333335,0.3881805547280237,0.002422849938739091,0.10543333333333334,0.0011695203195232601,0.5925954941742565,0.00345295886000108,0.03665333333333337,0.002332275950892417,0.18918035452238624,0.0042913887746738495,334.59263819858563,2.116885613413362,5.665235245910783,0.0009871306105654364,0.0,0.0,1.0,0.0,297.0,0.0,0.0,0.0,0.0,0.0,0.5835110545158386,0.009819939145331927
mnist,Marginal,0.0,0.0,30,3,34.0,0.0,292.0,21.779194965226182,326.0,21.779194965226182,0.3769714964243273,0.022628131330362178,0.29063333333333335,0.013567772272722019,0.7305491879386216,0.022744663616329465,0.29130666666666666,0.02177197076773507,0.5179820024426455,0.022948146821534336,95.53116628141866,4.8231860083570455,0.6321800442722937,0.0014467338469285396,0.0,0.0,0.0,0.0,31.0,0.0,0.0,0.0,0.0,0.0,0.5924716194470724,0.009196475930654204
mnist,Marginal,0.0,0.0,35,3,39.0,0.0,274.6666666666667,22.8351580779386,313.6666666666667,22.8351580779386,0.36409641631568473,0.02385692180291994,0.2728,0.01481294478938383,0.7211735079124958,0.025505117910012767,0.27341333333333334,0.023078186911261275,0.4987572952553741,0.025005670415842323,103.53650613175104,4.897554031869379,0.7256906536252549,0.0018426998584047673,0.0,0.0,0.0,0.0,36.0,0.0,0.0,0.0,0.0,0.0,0.5903458396593729,0.005987273201312523
mnist,Marginal,0.0,0.0,40,3,44.0,0.0,267.3333333333333,25.405598683054972,311.3333333333333,25.405598683054972,0.36162507698948804,0.026551049532665405,0.27126666666666666,0.02156589385529331,0.7232807444368686,0.029510693181989938,0.2673666666666667,0.027251168374544586,0.4919534244886514,0.029626059772137774,112.96067442327815,5.4737300115869205,0.8196301845988879,0.002193020081124192,0.0,0.0,0.0,0.0,41.0,0.0,0.0,0.0,0.0,0.0,0.6019016702969869,0.008912854572389686
mnist,Marginal,0.0,0.0,45,3,49.0,0.0,263.3333333333333,29.156664951792948,312.3333333333333,29.156664951792948,0.3626145469606854,0.030459384887031295,0.2682,0.02072904564453783,0.7246986972471609,0.03065826083965518,0.2627,0.029115981865635257,0.4867301757051578,0.031825888204106784,120.02593257887888,5.147284137649909,0.9135833289474249,0.0023018644552979155,0.0,0.0,0.0,0.0,46.0,0.0,0.0,0.0,0.0,0.0,0.5972781578699747,0.007122576891671893
mnist,Marginal,0.0,0.0,5,3,9.0,0.0,436.3333333333333,11.83685393637647,445.3333333333333,11.83685393637647,0.4995264629639375,0.011967643669732375,0.43983333333333335,0.012422739007338297,0.7609832653268894,0.00665725410643605,0.4342533333333334,0.008922348968243224,0.6596049003493053,0.00821501398550793,18.757552186458657,3.1865809847106674,0.16168010296920934,0.00019935729654430368,0.0,0.0,0.0,0.0,6.0,0.0,0.0,0.0,0.0,0.0,0.5865131616592407,0.0031558614396443936
mnist,Marginal,0.0,0.0,50,3,54.0,0.0,253.0,32.046840717924134,307.0,32.046840717924134,0.3569876614880438,0.03353657216999588,0.2556333333333333,0.023170407371856428,0.7200711562518057,0.033137812893116604,0.2524933333333333,0.031200812667478924,0.4753217823745146,0.03458354515188491,126.49109444600265,4.977860418897428,1.0080409083360184,0.002731720195062653,0.0,0.0,0.0,0.0,51.0,0.0,0.0,0.0,0.0,0.0,0.5930816332499186,0.007750116564062767
mnist,Marginal,0.0,0.0,55,3,59.0,0.0,246.66666666666666,21.23152791905891,305.6666666666667,21.23152791905891,0.35575334281505394,0.022181461984442215,0.24783333333333335,0.021973494133715826,0.7218004089469997,0.02283757712477644,0.2476866666666667,0.021302626859406613,0.47066316393301594,0.02356019281530225,132.71218148733848,4.9762063050900585,1.1022273366494726,0.0030275351946180886,0.0,0.0,0.0,0.0,56.0,0.0,0.0,0.0,0.0,0.0,0.5989746650060018,0.003915212817886282
mnist,Marginal,0.0,0.0,60,3,64.0,0.0,236.0,23.388031127053,300.0,23.388031127053,0.34978964635714266,0.024516780332582814,0.24943333333333337,0.023839556297138683,0.716775456968417,0.02622206990590979,0.2376466666666667,0.02384529117270563,0.45926714392699336,0.026846685033822183,138.97988809055678,4.908576346177495,1.1959071076319863,0.0030737906706914202,0.0,0.0,0.0,0.0,61.0,0.0,0.0,0.0,0.0,0.0,0.5955045819282532,0.006618460122284178
mnist,Marginal,0.0,0.0,65,3,69.0,0.0,239.0,23.459184413217212,308.0,23.459184413217212,0.35816792499584454,0.024485019221225698,0.2428,0.023008766445277613,0.7220238129449688,0.02476071901161289,0.2385533333333333,0.02362771630475063,0.4603182284292873,0.026319659427847225,144.52703727422116,5.041659009627378,1.2896375509444624,0.0036768924433069794,0.0,0.0,0.0,0.0,66.0,0.0,0.0,0.0,0.0,0.0,0.5958561102549235,0.008536626909019808
mnist,Marginal,0.0,0.0,70,3,74.0,0.0,228.33333333333334,20.577765778734204,302.3333333333333,20.577765778734204,0.3522709246026352,0.02151146977903855,0.23963333333333334,0.01730369260527296,0.7179345105789082,0.021924571109311803,0.22970666666666664,0.02029966283244902,0.45051167295319666,0.0228638426289126,149.94836294027465,4.9828253713655934,1.383034024309988,0.003986171790830333,0.0,0.0,0.0,0.0,71.0,0.0,0.0,0.0,0.0,0.0,0.5985604921976725,0.008530456839221812
mnist,Marginal,0.0,0.0,75,3,79.0,0.0,223.33333333333334,23.053078849568976,302.3333333333333,23.053078849568976,0.3522420938825235,0.024077763011146145,0.2342666666666667,0.02227033402932651,0.7156180448984775,0.023742666164251688,0.22348666666666664,0.022359204915301568,0.4433008001133884,0.025276799461228062,155.2880810273167,5.151962445649339,1.476734704648455,0.004384524455996021,0.0,0.0,0.0,0.0,76.0,0.0,0.0,0.0,0.0,0.0,0.6047261953353882,0.012647066245718265
mnist,Marginal,0.0,0.0,80,3,84.0,0.0,223.66666666666666,24.360715187457952,307.6666666666667,24.360715187457952,0.3578079545016711,0.025418251044395702,0.2346,0.023450870630604165,0.7186399115030522,0.025819776093687578,0.22255333333333335,0.024168854153871534,0.442113965828671,0.027350067512085702,161.01331203805478,5.251423118680063,1.5700587189445894,0.004719400630611666,0.0,0.0,0.0,0.0,81.0,0.0,0.0,0.0,0.0,0.0,0.610892136891683,0.012044958006099175
mnist,Marginal,0.0,0.0,85,3,89.0,0.0,209.33333333333334,21.95702874049928,298.3333333333333,21.95702874049928,0.3480626962846145,0.022970623387810203,0.2234666666666667,0.019771556449719487,0.7091956365239499,0.02376257618459393,0.20937999999999998,0.02155590870272,0.427042477522017,0.02484263026698845,165.609805519957,4.985755041505019,1.6638607115795214,0.004703638818059857,0.0,0.0,0.0,0.0,86.0,0.0,0.0,0.0,0.0,0.0,0.600518008073171,0.006036370366597275
mnist,Marginal,0.0,0.0,90,3,94.0,0.0,204.66666666666666,18.817840235029927,298.6666666666667,18.817840235029927,0.34844740173624206,0.019692732884868835,0.2182333333333333,0.019547918331912256,0.7066354353373391,0.021841045933355972,0.20308,0.019286928215763114,0.41980295633709847,0.022431650156158688,170.5770992085624,5.106909507017228,1.7570882769456755,0.005034601118319802,0.0,0.0,0.0,0.0,91.0,0.0,0.0,0.0,0.0,0.0,0.6010234157244364,0.004376133274184412
mnist,Marginal,0.0,0.0,95,3,99.0,0.0,199.33333333333334,19.341952101872014,298.3333333333333,19.341952101872014,0.3480929092814525,0.02022667791500739,0.21520000000000003,0.017864583211856168,0.7058966490692247,0.020635739019870522,0.19832000000000005,0.018907141507906466,0.4142157218249705,0.0220584043037463,176.24357827229724,4.8584241308266645,1.8507847902365029,0.005075809831772535,0.0,0.0,0.0,0.0,96.0,0.0,0.0,0.0,0.0,0.0,0.6027933160463969,0.0033279844064830065
mnist,Marginal,0.3,0.0,0,3,4.0,0.0,469.0,14.730919862656236,473.0,14.730919862656236,0.5274328957117783,0.014824726912286984,0.4332,0.027163455842976462,0.7647467348946605,0.0029271077385979883,0.4893933333333333,0.003749423659414572,0.7092483536492337,0.0032810853786623914,0.6505987539630074,0.04777286257048225,0.06739816123930116,1.4904271811770953e-05,0.0,0.0,0.0,0.0,1.0,0.0,0.16666666666666666,0.08333333333333334,0.0,0.0,0.6807257533073425,0.005992353261401484
mnist,Marginal,0.3,0.0,10,3,14.0,0.0,470.3333333333333,13.715360407627323,484.3333333333333,13.715360407627323,0.5388286625772404,0.013786071926069062,0.4493666666666667,0.03689522703247369,0.82111238887856,0.00790688232132512,0.4695666666666667,0.011112955402492098,0.6916204339231827,0.009969768154907091,41.801401556402965,0.732507712358161,0.25567978791271645,0.0003521776446355839,0.0,0.0,0.0,0.0,11.0,0.0,0.26190476190476186,0.10378330817953985,0.0,0.0,0.6144615014394125,0.028842412536804668
mnist,Marginal,0.3,0.0,100,3,104.0,0.0,401.6666666666667,12.991450179936718,505.6666666666667,12.991450179936718,0.5601942156790756,0.012978399436970852,0.3383333333333334,0.0419378243488037,0.8786109017461294,0.007583223627056613,0.40152666666666664,0.013003047506044302,0.6288676345318557,0.012360124351495333,197.3672141390645,1.8489116948254536,1.9593694675713778,0.002738334807244816,0.0,0.0,0.0,0.0,101.0,0.0,0.2692307692307692,0.049342321533143114,0.0,0.0,0.6093910932540894,0.003959553448750215
mnist,Marginal,0.3,0.0,105,3,109.0,0.0,395.0,10.44030650891055,504.0,10.44030650891055,0.5585423096005494,0.010429680062597705,0.3363333333333333,0.036575826868453884,0.8773390436247098,0.006125010478466327,0.3952,0.010487026906293958,0.6228847195670665,0.010020663622002652,202.96211350932012,1.6560172220258742,2.053931218960012,0.0029754160486041813,0.0,0.0,0.0,0.0,106.0,0.0,0.26299694189602446,0.04410460275796929,0.0,0.0,0.6066907246907552,0.008351672737262188
mnist,Marginal,0.3,0.0,110,3,114.0,0.0,389.6666666666667,10.413666234542207,503.6666666666667,10.413666234542207,0.5582093262734512,0.010409575113387125,0.3345666666666666,0.035699548705519786,0.8761856222365535,0.0062256064354442925,0.38976666666666665,0.010498262290070238,0.6176728451158029,0.010097581156363613,207.90165610396835,1.4630323264432386,2.148634248568366,0.0032383751662328035,0.0,0.0,0.0,0.0,111.0,0.0,0.26900584795321636,0.04217019035630396,0.0,0.0,0.6094295779863993,0.005672002525785381
mnist,Marginal,0.3,0.0,115,3,119.0,0.0,389.6666666666667,11.259563836036358,508.6666666666667,11.259563836036358,0.5631993716621461,0.01124074163362265,0.3244333333333333,0.04112753875986799,0.8776103555497019,0.00650136949297869,0.38877999999999996,0.01092705510800298,0.616715428101479,0.010512605694328329,212.79408151376114,1.5353984416240685,2.2433400949618467,0.0034551730298942123,0.0,0.0,0.0,0.0,116.0,0.0,0.2689075630252101,0.04312270117182257,0.0,0.0,0.6131373047828674,0.006188177122091501
mnist,Marginal,0.3,0.0,120,3,124.0,0.0,384.3333333333333,14.263395263556447,508.3333333333333,14.263395263556447,0.562849544667794,0.014248334530177154,0.32139999999999996,0.04251129261737404,0.8768880110713826,0.008224380182831318,0.38439333333333336,0.013988758979186739,0.6124149217278224,0.013561012530071853,217.6558357841144,1.4150168950173454,2.3380701413067677,0.0036147622930771096,0.0,0.0,0.0,0.0,121.0,0.0,0.260752688172043,0.03959924694262428,0.0,0.0,0.603647251923879,0.0025161634816047622
mnist,Marginal,0.3,0.0,125,3,129.0,0.0,380.0,15.874507866387544,509.0,15.874507866387544,0.563504253300683,0.015861016348004884,0.3156,0.04390721277117614,0.8764821470444225,0.009293495415659388,0.3805266666666666,0.015524262015023842,0.6086292156361984,0.01511154124066884,222.5340832617808,1.3864871766260818,2.432694861665368,0.003758480351360499,0.0,0.0,0.0,0.0,126.0,0.0,0.26098191214470284,0.036175710594315236,0.0,0.0,0.6091559330622355,0.005344101833721239
mnist,Marginal,0.3,0.0,130,3,134.0,0.0,379.6666666666667,14.310058622443789,513.6666666666666,14.310058622443787,0.5681705517345108,0.014279415079192736,0.3219666666666667,0.042276326446106675,0.8778761395631642,0.00897470249454757,0.37944,0.014997653149743153,0.6075893198009589,0.014602863807778758,227.59282382459295,1.6231558625630333,2.527057558298111,0.0038234918275791008,0.0,0.0,0.0,0.0,131.0,0.0,0.25870646766169153,0.031169064890899663,0.0,0.0,0.6002292235692342,0.002342915553435723
mnist,Marginal,0.3,0.0,135,3,139.0,0.0,375.6666666666667,15.62405552701062,514.6666666666666,15.62405552701062,0.5691588290695412,0.015591764234677745,0.3171,0.04348689457756211,0.8774793696630763,0.009229194788151106,0.37582000000000004,0.015345844171414373,0.6040579123898079,0.01500751371838003,232.06956272157095,1.5232377627556937,2.621551677196597,0.004139795904930753,0.0,0.0,0.0,0.0,136.0,0.0,0.2589928057553957,0.028776978417266178,0.0,0.0,0.6032370328903198,0.003773641570091856
mnist,Marginal,0.3,0.0,140,3,144.0,0.0,374.0,15.373136743466942,518.0,15.373136743466942,0.5724823682491357,0.015322148860790624,0.3156666666666667,0.043599936289453946,0.8778697449395215,0.008818103547070676,0.37335333333333337,0.014769348138778659,0.6016676338971504,0.014469012361538676,236.736509562876,1.5498498843160013,2.716405141943445,0.004652761684577165,0.0,0.0,0.0,0.0,141.0,0.0,0.25925925925925924,0.033624627422069335,0.0,0.0,0.6020825902620951,0.0042269899258240845
mnist,Marginal,0.3,0.0,145,3,149.0,0.0,370.0,13.316656236958787,519.0,13.316656236958787,0.5734916098881513,0.013267361431071363,0.3124,0.04368230000049603,0.8776079869201414,0.008240392039111154,0.3699133333333333,0.013740457698991616,0.5983298280891436,0.013487428603186679,241.22126333213248,1.6636771550269545,2.811111618299037,0.004996905103947167,0.0,0.0,0.0,0.0,146.0,0.0,0.26174496644295303,0.03355704697986578,0.0,0.0,0.6045366724332174,0.003602368132725899
mnist,Marginal,0.3,0.0,15,3,19.0,0.0,465.3333333333333,8.412952976082641,484.3333333333333,8.412952976082641,0.5388547251544272,0.008446223565274072,0.41386666666666666,0.015317346738619961,0.836981153234814,0.006364142054858,0.4643,0.006849973235957457,0.6869712069801848,0.0061418754398215045,61.16678700804601,1.7901144222954564,0.3501748462828497,0.0006037296183724561,0.0,0.0,0.0,0.0,16.0,0.0,0.2631578947368421,0.0607737125462764,0.0,0.0,0.5935264627138773,0.004939283730627746
mnist,Marginal,0.3,0.0,150,3,154.0,0.0,365.0,16.09347693943108,519.0,16.09347693943108,0.5734734157061515,0.01604830093113247,0.3115,0.0420500891794536,0.875817386930731,0.009454949914523045,0.36402666666666667,0.01581309302796614,0.592487399516795,0.015662624585137598,245.91792881658475,2.0804018235436676,2.905907037202269,0.0054035520972955595,0.0,0.0,0.0,0.0,151.0,0.0,0.26406926406926406,0.030534060562047376,0.0,0.0,0.6057756344477335,0.0026304908840830963
mnist,Marginal,0.3,0.0,155,3,159.0,0.0,360.0,16.65332799572906,519.0,16.65332799572906,0.5734693212628675,0.016606692435883526,0.30916666666666665,0.044393555588370895,0.8755103245725323,0.00976426902081637,0.36064,0.01635765671889878,0.5891282566015458,0.016247225069270614,250.49740061795038,2.171686415958109,3.000796398613602,0.0057323464919480215,0.0,0.0,0.0,0.0,156.0,0.0,0.2641509433962264,0.025417936379417482,0.0,0.0,0.6039305925369263,0.0033139830452420783
mnist,Marginal,0.3,0.0,160,3,164.0,0.0,358.6666666666667,15.814901552368612,522.6666666666666,15.814901552368612,0.5771256945639228,0.01575169851527829,0.30796666666666667,0.04399281506993815,0.8759198315135229,0.009235806161352585,0.35847333333333337,0.015568281143972768,0.5870082604015788,0.015477645064947265,254.90676489921952,2.576952848163009,3.0956825728838644,0.006079284471641536,0.0,0.0,0.0,0.0,161.0,0.0,0.26626016260162605,0.025467406679149738,0.0,0.0,0.602571447690328,0.0014353079412610234
mnist,Marginal,0.3,0.0,165,3,169.0,0.0,354.6666666666667,13.544166435940031,523.6666666666666,13.54416643594003,0.5781356314934479,0.013486877425731575,0.31,0.04339462332286493,0.8758364729198317,0.008166078411377788,0.35541333333333336,0.01400812304026172,0.5840166002679467,0.01396042799182886,259.3398662836791,2.5095608363080153,3.1911486622411758,0.006507705067772941,0.0,0.0,0.0,0.0,166.0,0.0,0.26232741617357,0.025867607590934913,0.0,0.0,0.6008611917495728,0.001474173882103518
mnist,Marginal,0.3,0.0,170,3,174.0,0.0,352.3333333333333,16.904963110807955,526.3333333333334,16.904963110807955,0.5807649933461411,0.016821849125143104,0.30763333333333337,0.04576783198322208,0.8758360736533062,0.00989561136120691,0.353,0.01687353351652621,0.5815317027724098,0.016846937830024705,263.64445842365257,2.48514442257925,3.286665750667453,0.006977373653854844,0.0,0.0,0.0,0.0,171.0,0.0,0.26436781609195403,0.02298850574712644,0.0,0.0,0.5995430946350098,0.0011347686939253768
mnist,Marginal,0.3,0.0,175,3,179.0,0.0,351.3333333333333,15.322459912748272,530.3333333333334,15.322459912748272,0.5847518187171469,0.015225964435755095,0.3069,0.04088263690125677,0.8764506657063328,0.00898101952116485,0.35127333333333327,0.015487871957689291,0.5798540681451582,0.015471565729718924,267.9229867075859,2.623745565364606,3.3821198359752693,0.007252777778219853,0.0,0.0,0.0,0.0,176.0,0.0,0.26629422718808193,0.02048417132216016,0.0,0.0,0.6029044588406881,0.005262894784462431
mnist,Marginal,0.3,0.0,180,3,184.0,0.0,349.3333333333333,16.55630125091686,533.3333333333334,16.55630125091686,0.5877222079240406,0.016446271990407782,0.3022333333333333,0.04381933870386961,0.876777498103214,0.009544803757477634,0.34935333333333335,0.016489682969797977,0.5779059340727879,0.016519167432038854,272.12283703431166,2.6380004587285235,3.4775251389170685,0.007723682617343761,0.0,0.0,0.0,0.0,181.0,0.0,0.2644927536231884,0.019927536231884063,0.0,0.0,0.5993174314498901,0.0032083046626313967
mnist,Marginal,0.3,0.0,185,3,189.0,0.0,347.3333333333333,16.333333333333336,536.3333333333334,16.333333333333332,0.5907010442460887,0.016216340316920843,0.3024333333333333,0.0420524011733509,0.8769376948382551,0.00925137704406993,0.3469866666666666,0.01622257823049236,0.5755462026660669,0.016300427600377334,276.4197612865548,2.7290365776078365,3.5728920756373554,0.007921096776591542,0.0,0.0,0.0,0.0,186.0,0.0,0.26631393298059963,0.017636684303350973,0.0,0.0,0.6025969187418619,0.005826395251145071
mnist,Marginal,0.3,0.0,190,3,194.0,0.0,343.3333333333333,15.762120556715853,537.3333333333334,15.762120556715852,0.5916971153152796,0.015645661146975826,0.3015333333333333,0.043269786739068214,0.8764335459827222,0.009103103889896528,0.3435533333333333,0.016003459348250648,0.5721083996435112,0.01612999027758058,280.7090027741784,2.859903712298968,3.6680851272152117,0.008029598251035079,0.0,0.0,0.0,0.0,191.0,0.0,0.2663230240549828,0.018900343642611676,0.0,0.0,0.5984726349512736,0.0033386801702023736
mnist,Marginal,0.3,0.0,195,3,199.0,0.0,339.0,16.862186493255653,538.0,16.862186493255653,0.5923501773310514,0.016733302772598352,0.29916666666666664,0.043410303436447514,0.8749191686463313,0.00964929098002667,0.3386266666666667,0.016795595983603667,0.5671196931190575,0.017008887245713453,284.8809511667517,2.8206676033809046,3.763519169917951,0.008484592813480074,0.0,0.0,0.0,0.0,196.0,0.0,0.26465661641541044,0.0184254606365159,0.0,0.0,0.5983472267786661,0.0030602872084355163
mnist,Marginal,0.3,0.0,20,3,24.0,0.0,456.3333333333333,3.4801021696368504,480.3333333333333,3.4801021696368504,0.534851250743183,0.003496381201318833,0.3984666666666667,0.019627390158766498,0.8416420097988898,0.003610588852209386,0.4547666666666666,0.003063991586875598,0.6784114916004969,0.0027774342593230804,74.12366975946018,2.124169219743691,0.44425881188362837,0.0006155877527600759,0.0,0.0,0.0,0.0,21.0,0.0,0.2777777777777778,0.06054026310473158,0.0,0.0,0.5916049679120382,0.0024524852567772894
mnist,Marginal,0.3,0.0,200,3,204.0,0.0,335.3333333333333,15.982629459649138,539.3333333333334,15.982629459649138,0.5936787214401799,0.015854817440803175,0.2982,0.04282176238004847,0.8745853435766833,0.009176955900057751,0.33554666666666666,0.016051103111970527,0.5640291243626141,0.01629380673155051,289.0584499856722,2.915747729423515,3.858806337307518,0.008700539978050526,0.0,0.0,0.0,0.0,201.0,0.0,0.26143790849673204,0.021241830065359468,0.0,0.0,0.5971526702245077,0.004194136973481527
mnist,Marginal,0.3,0.0,205,3,209.0,0.0,334.0,15.62049935181331,543.0,15.62049935181331,0.597314795498581,0.01547837853946349,0.29673333333333335,0.04526427337806764,0.8750488549743727,0.009040226219335793,0.33379999999999993,0.01584890322177948,0.5622652188915231,0.016102632440676362,293.3536996028449,2.8328621332656803,3.9545449835713953,0.00915886942160645,0.0,0.0,0.0,0.0,206.0,0.0,0.26156299840510366,0.022328548644338114,0.0,0.0,0.5992624560991923,0.0034943192869913127
mnist,Marginal,0.3,0.0,210,3,214.0,0.0,330.0,15.62049935181331,544.0,15.62049935181331,0.5983052260320013,0.015474842005221708,0.29550000000000004,0.04368077380266975,0.8741295199580058,0.00894089269069267,0.3298133333333333,0.015615950534985412,0.5582200465760464,0.01592078717114035,297.5792091554177,2.6135526206513258,4.050210483915483,0.009578416420677378,0.0,0.0,0.0,0.0,211.0,0.0,0.26323987538940813,0.02024922118380062,0.0,0.0,0.5965845187505087,0.004181596628690388
mnist,Marginal,0.3,0.0,215,3,219.0,0.0,326.3333333333333,15.898986690282428,545.3333333333334,15.898986690282428,0.5996234494959936,0.01574503063902958,0.29340000000000005,0.04181463061337902,0.8736095549840606,0.009038267387280216,0.32663333333333333,0.01559233287370575,0.5549768213060733,0.015943614037278564,301.6498206629289,2.475833817034795,4.146212911000475,0.010118597553772783,0.0,0.0,0.0,0.0,216.0,0.0,0.26484018264840187,0.01845411819327571,0.0,0.0,0.5959266026814779,0.004009717220203463
mnist,Marginal,0.3,0.0,220,3,224.0,0.0,323.0,15.62049935181331,547.0,15.62049935181331,0.6012751545252589,0.015464217772979872,0.2894333333333334,0.04193631414948676,0.8725588534625048,0.009142688306365176,0.3227533333333333,0.015565536004619617,0.5510054413388227,0.01598756871436568,305.44658005890756,2.3705978070377207,4.242054283308486,0.010532853125715114,0.0,0.0,0.0,0.0,221.0,0.0,0.26339285714285715,0.01785714285714286,0.0,0.0,0.5974966486295065,0.004795870234020619
mnist,Marginal,0.3,0.0,225,3,229.0,0.0,319.0,15.373136743466942,548.0,15.373136743466942,0.6022664371412247,0.01521839729939666,0.2877,0.04225166663379485,0.8715843696262003,0.009159489906491559,0.31889999999999996,0.015469932126547906,0.5470482997748712,0.0159628218015771,309.4418937983732,2.2903050643362253,4.337817985952522,0.010655156503540625,0.0,0.0,0.0,0.0,226.0,0.0,0.26200873362445415,0.015335740542725976,0.0,0.0,0.5970339775085449,0.003460661202500853
mnist,Marginal,0.3,0.0,230,3,234.0,0.0,315.0,14.798648586948742,549.0,14.798648586948742,0.6032596715376712,0.01464634356467673,0.28563333333333335,0.038940353248412024,0.8706200777813483,0.008757097732335043,0.3149666666666667,0.014748660202804086,0.543013214694747,0.015275144340282595,313.5553012889142,2.2403282205721435,4.433392900585507,0.010841370055928114,0.0,0.0,0.0,0.0,231.0,0.0,0.2606837606837607,0.015008053778992513,0.0,0.0,0.6003670692443848,0.004408970752095542
mnist,Marginal,0.3,0.0,235,3,239.0,0.0,311.6666666666667,14.449144534462164,550.6666666666666,14.449144534462162,0.6049102909358529,0.014290955660917213,0.28276666666666667,0.0418079072797373,0.8700598916679191,0.008609942118659796,0.3116466666666666,0.01441106210905739,0.5395866281599747,0.014954857590519519,317.8664179504552,2.16310154872026,4.5293643848660095,0.01124532338282318,0.0,0.0,0.0,0.0,236.0,0.0,0.2580195258019526,0.0155307234667504,0.0,0.0,0.6004971861839294,0.007350721164767885
mnist,Marginal,0.3,0.0,240,3,244.0,0.0,308.0,14.153915830374764,552.0,14.153915830374764,0.6062304138904437,0.013993870063509882,0.2844333333333333,0.041979532049691945,0.869324795099563,0.008458270083395343,0.308,0.014153915830374762,0.5358055956352586,0.014740254728901052,322.2960358945852,2.177852895957097,4.625210846929501,0.011613847298491494,0.0,0.0,0.0,0.0,241.0,0.0,0.25956284153005466,0.015754866932610374,0.0,0.0,0.5974339842796326,0.006188925020561731
mnist,Marginal,0.3,0.0,245,3,249.0,0.0,306.3333333333333,13.568754958031748,555.3333333333334,13.568754958031747,0.6095278368059857,0.013401927703698174,0.28203333333333336,0.04058145443973693,0.8698646839606927,0.007973593791000629,0.3065866666666666,0.01339061528749806,0.5343560688652506,0.0139495923025391,326.372007447407,2.026952407641791,4.721197760896757,0.011971706983879673,0.0,0.0,0.0,0.0,246.0,0.0,0.26372155287817933,0.016773713636066487,0.0,0.0,0.600586732228597,0.004699482451321016
mnist,Marginal,0.3,0.0,25,3,29.0,0.0,455.0,4.358898943540674,484.0,4.358898943540674,0.5385316462682871,0.0043759766360067795,0.39066666666666666,0.01843929981799141,0.8518181929060024,0.002854723445805363,0.4559266666666666,0.004135219999521734,0.6794544502599561,0.0037378491916692696,86.2510048998197,1.524807653369414,0.5385585452895612,0.0007617804709566647,0.0,0.0,0.0,0.0,26.0,0.0,0.28735632183908044,0.050102286707364066,0.0,0.0,0.5900194446245829,0.004801742509609668
mnist,Marginal,0.3,0.0,250,3,254.0,0.0,303.6666666666667,12.719189352225943,557.6666666666666,12.719189352225941,0.6118370904005133,0.012559670595321905,0.2795666666666667,0.039120341398192225,0.8694038969321466,0.007819979455548024,0.30364,0.013081549347586182,0.5312884261147331,0.013683926417676377,330.3949843088124,1.7606472574591432,4.816890561254695,0.012085607977294717,0.0,0.0,0.0,0.0,251.0,0.0,0.2611548556430446,0.015134596580932795,0.0,0.0,0.6022928357124329,0.005677000141318455
mnist,Marginal,0.3,0.0,255,3,259.0,0.0,299.6666666666667,12.991450179936718,558.6666666666666,12.991450179936718,0.6128225685485328,0.012823312040291562,0.2823333333333333,0.039004971193141225,0.8683619999207884,0.007783642561426403,0.2997666666666667,0.013031317832224191,0.5272326435336603,0.01367714745436486,334.47761253220955,1.8019077119283513,4.913017796973388,0.012419835117560132,0.0,0.0,0.0,0.0,256.0,0.0,0.25997425997426,0.014842422901764204,0.0,0.0,0.5960567792256674,0.005274618707172413
mnist,Marginal,0.3,0.0,260,3,264.0,0.0,296.6666666666667,12.991450179936718,560.6666666666666,12.991450179936718,0.6147960741848996,0.012817351653765597,0.27973333333333333,0.03730801224640329,0.8677114564848334,0.007900233761943478,0.2966666666666667,0.012991450179936666,0.5239747704661695,0.013679987425885895,338.3610568419487,1.6344010728045664,5.009129732924824,0.01272036810958513,0.0,0.0,0.0,0.0,261.0,0.0,0.26515151515151514,0.01330259312228882,0.0,0.0,0.5945757230122884,0.004097639463744759
mnist,Marginal,0.3,0.0,265,3,269.0,0.0,294.3333333333333,13.283239230114186,563.3333333333334,13.283239230114184,0.617424225648089,0.01309784052604613,0.27563333333333334,0.038262964396978495,0.8676033711275681,0.007994014627829959,0.29442666666666667,0.013069273549478963,0.5216110857936443,0.01379716895766523,342.2863515449076,1.4930108570679257,5.105383660954733,0.0131174279514356,0.0,0.0,0.0,0.0,266.0,0.0,0.26517967781908297,0.012391573729863697,0.0,0.0,0.5956690708796183,0.004482389147030386
mnist,Marginal,0.3,0.0,270,3,274.0,0.0,291.3333333333333,13.568754958031748,565.3333333333334,13.568754958031747,0.6193937911302783,0.013370764015778639,0.2799,0.03607579982943321,0.866924235058896,0.008231512980061636,0.29114,0.013354295189189106,0.5181282078714262,0.014138049407899107,346.5408866405928,1.2809766981868962,5.201631042252605,0.013324185908879689,0.0,0.0,0.0,0.0,271.0,0.0,0.2688564476885645,0.01354687192902682,0.0,0.0,0.5947803457578024,0.00519762394922107
mnist,Marginal,0.3,0.0,275,3,279.0,0.0,288.0,14.433756729740645,567.0,14.433756729740645,0.6210302867693827,0.014218384768852444,0.2760666666666667,0.03420108835175343,0.8660446268026208,0.008961371921911675,0.28789333333333333,0.014289792782884524,0.514654915412779,0.015184800213083771,350.27916376976526,1.2558611967453697,5.297965186260019,0.013725939655960681,0.0,0.0,0.0,0.0,276.0,0.0,0.27240143369175623,0.0129231228511254,0.0,0.0,0.5986986756324768,0.006267445857573489
mnist,Marginal,0.3,0.0,280,3,284.0,0.0,284.6666666666667,13.872434697789876,568.6666666666666,13.872434697789876,0.6226754285356341,0.013663314996495526,0.2777,0.032982419559516855,0.8653820577611508,0.00869820280482031,0.2848333333333333,0.013849709182666793,0.5114110820788617,0.014780231389271896,354.0943337323233,1.279092691340191,5.394002989633009,0.01381271903780261,0.0,0.0,0.0,0.0,281.0,0.0,0.27230046948356806,0.011911844559967397,0.0,0.0,0.5964913765589396,0.004905527030783285
mnist,Marginal,0.3,0.0,285,3,289.0,0.0,281.6666666666667,13.617798810543663,570.6666666666666,13.617798810543663,0.6246459519024938,0.01340854749074805,0.28113333333333335,0.034727622691134205,0.8647177413693644,0.008579049503743247,0.2818,0.0136733365837799,0.5081770496948553,0.014648737875223656,357.93009597967347,1.2370556857996216,5.490275300185506,0.014114449399379845,0.0,0.0,0.0,0.0,286.0,0.0,0.27335640138408307,0.009154848827213125,0.0,0.0,0.5951328078905741,0.007256472597374845
mnist,Marginal,0.3,0.0,290,3,294.0,0.0,278.0,13.576941236277534,572.0,13.576941236277534,0.6259582529698188,0.013361023957312621,0.2757,0.03263270343280393,0.8634851161512679,0.008703974918876388,0.2780666666666667,0.013611805333769848,0.504178274798592,0.014625036829769194,361.4998218809342,1.086284690274031,5.586577674994866,0.01438880563589284,0.0,0.0,0.0,0.0,291.0,0.0,0.272108843537415,0.00708049659682357,0.0,0.0,0.5956590175628662,0.004921546228051891
mnist,Marginal,0.3,0.0,295,3,299.0,0.0,274.3333333333333,13.593299002735789,573.3333333333334,13.593299002735789,0.6272698239966606,0.013374476544910977,0.27549999999999997,0.03149449687379262,0.8625211315750684,0.00876745243786564,0.27453333333333335,0.01360702432977585,0.5003764391457742,0.014688034838417345,365.5297358263331,1.0764889372781141,5.682947275228798,0.014645442189738761,0.0,0.0,0.0,0.0,296.0,0.0,0.2720178372352285,0.006781229130767242,0.0,0.0,0.5963783264160156,0.0065486583573687255
mnist,Marginal,0.3,0.0,296,3,300.0,0.0,274.0,13.576941236277534,574.0,13.576941236277534,0.6279255865956657,0.013354716107922337,0.2763333333333333,0.03207139604763791,0.8623068138571743,0.008698519824688588,0.27384000000000003,0.013506284956764904,0.49963234841572995,0.01457682601626939,366.23089474448017,0.9834000804465532,5.746869022880371,0.014797166715903908,0.0,0.0,1.0,0.0,297.0,0.0,0.2722222222222222,0.006758625033664684,0.0,0.0,0.5947781006495158,0.005219162320772126
mnist,Marginal,0.3,0.0,30,3,34.0,0.0,452.3333333333333,10.105004260816079,486.3333333333333,10.105004260816079,0.5408546858622382,0.010137154031065156,0.39349999999999996,0.026302534732100133,0.8566639112282797,0.007099011491746008,0.4520333333333333,0.009752759153752871,0.6758617740330846,0.008841457879169156,96.95429720597342,1.6126180852840508,0.6329590019304305,0.0007382449802478583,0.0,0.0,0.0,0.0,31.0,0.0,0.284313725490196,0.06428861298335295,0.0,0.0,0.5936076641082764,0.004946239577168893
mnist,Marginal,0.3,0.0,35,3,39.0,0.0,439.0,7.549834435270751,478.0,7.549834435270751,0.5324966896441765,0.007582281127484342,0.3813,0.031410348613156155,0.8537407386471761,0.005816337643928497,0.43848666666666664,0.008369008968277547,0.6635113111084475,0.00766453947240636,105.71876454599165,1.2799745401053484,0.7275062198750675,0.0008668485781615685,0.0,0.0,0.0,0.0,36.0,0.0,0.26495726495726496,0.061633355136136575,0.0,0.0,0.5997407039006551,0.00776244094689841
mnist,Marginal,0.3,0.0,40,3,44.0,0.0,438.0,7.549834435270751,482.0,7.549834435270751,0.5365152599600455,0.007575577485649412,0.38116666666666665,0.033052096924569126,0.8592319797631273,0.005280361336953773,0.4378933333333334,0.007973868432434637,0.662971377937282,0.007304935386796047,114.94058426475847,1.2022440650513713,0.8218732095944384,0.0009647793891298659,0.0,0.0,0.0,0.0,41.0,0.0,0.26515151515151514,0.062010248271760986,0.0,0.0,0.6005722482999166,0.006451609705970235
mnist,Marginal,0.3,0.0,45,3,49.0,0.0,432.6666666666667,10.493384159131464,481.6666666666667,10.493384159131464,0.5361687234253623,0.010529282323475461,0.37376666666666675,0.03773903078305596,0.8605201644477812,0.006854154411119268,0.4321266666666667,0.010663072311070129,0.6576117476714737,0.009814748966323575,123.31584083296326,1.239197797625405,0.9165636562587073,0.001275832385720251,0.0,0.0,0.0,0.0,46.0,0.0,0.27891156462585037,0.06699903266527964,0.0,0.0,0.6067569454511007,0.005064269431418405
mnist,Marginal,0.3,0.0,5,3,9.0,0.0,486.6666666666667,12.25198396632607,495.6666666666667,12.25198396632607,0.5501978937730504,0.012278018690758207,0.4655,0.0456980305921382,0.7911596095406345,0.007864355479393695,0.48300666666666664,0.013893184580137783,0.7034858601169435,0.012324355914791283,13.855579220353661,1.6167571296889907,0.1614939832749466,0.00016643543118741386,0.0,0.0,0.0,0.0,6.0,0.0,0.2962962962962963,0.16144070161261753,0.0,0.0,0.6074340343475342,0.010857094711503716
mnist,Marginal,0.3,0.0,50,3,54.0,0.0,428.6666666666667,8.212456663169947,482.6666666666667,8.212456663169947,0.537182357821924,0.008238607500939008,0.3717333333333333,0.033976282577377094,0.8639895646164755,0.005822498382382539,0.4298733333333334,0.008958365426299093,0.6555550165147742,0.008264542727164845,131.7277112512658,1.0141944637745375,1.0113035823063303,0.001283648208847514,0.0,0.0,0.0,0.0,51.0,0.0,0.2654320987654321,0.05274076385998476,0.0,0.0,0.6107596953709921,0.0020509082373564714
mnist,Marginal,0.3,0.0,55,3,59.0,0.0,433.0,10.96965511460289,492.0,10.96965511460289,0.5465320739507055,0.010982854762714614,0.37096666666666667,0.033246770937608035,0.8694539702903299,0.006949183754113004,0.4319466666666667,0.011218320333771433,0.6574348963364222,0.01033412307439698,139.45782919540767,1.464074426724132,1.1059907153248787,0.0014626000475895544,0.0,0.0,0.0,0.0,56.0,0.0,0.2655367231638418,0.04519774011299436,0.0,0.0,0.6074717243512472,0.005832145706499553
mnist,Marginal,0.3,0.0,60,3,64.0,0.0,425.3333333333333,11.14051664471227,489.3333333333333,11.14051664471227,0.5438585072794618,0.011158668922874048,0.3604,0.03534534387063358,0.8694798440697266,0.007027677640673185,0.42551333333333335,0.011093567705857487,0.6514708910339818,0.010280074570892805,147.03426265829037,1.752302644775737,1.2008284439798445,0.001798854407434136,0.0,0.0,0.0,0.0,61.0,0.0,0.2604166666666667,0.03415332564740625,0.0,0.0,0.6101720134417216,0.006611236636761302
mnist,Marginal,0.3,0.0,65,3,69.0,0.0,422.6666666666667,14.62114146630754,491.6666666666667,14.62114146630754,0.5461773065811334,0.014640166200895753,0.3617333333333333,0.03538598278665975,0.8712564412751846,0.008725202709288553,0.42275333333333337,0.014110111425656553,0.6488345562180632,0.01312810627260573,154.0384452328975,1.630931197081195,1.2956158895976841,0.0019511701088530814,0.0,0.0,0.0,0.0,66.0,0.0,0.26570048309178745,0.04293813728171782,0.0,0.0,0.6067092816034952,0.0036244455664834257
mnist,Marginal,0.3,0.0,70,3,74.0,0.0,418.6666666666667,12.991450179936718,492.6666666666667,12.991450179936718,0.5471892420318909,0.013000555263544447,0.35436666666666666,0.03896705160916221,0.8719016914188978,0.00793943180274415,0.41818666666666665,0.01256596638190274,0.644602413101585,0.011715127153372232,160.8449577195078,1.9742575213868756,1.3904221422659855,0.0020272308551859933,0.0,0.0,0.0,0.0,71.0,0.0,0.26126126126126126,0.04767119479395659,0.0,0.0,0.6089710593223572,0.003272795482571465
mnist,Marginal,0.3,0.0,75,3,79.0,0.0,416.6666666666667,11.864981153705125,495.6666666666667,11.864981153705125,0.5501999543242467,0.0118755190179129,0.35933333333333334,0.03741703414815831,0.8743725103466412,0.00681060310301829,0.41676,0.011146246004821524,0.6432943718103488,0.010428246329305177,167.61581278408846,1.9972211283154488,1.4852569642631959,0.002080624488812086,0.0,0.0,0.0,0.0,76.0,0.0,0.2658227848101266,0.059820450965222906,0.0,0.0,0.6094138820966085,0.0021249393893404095
mnist,Marginal,0.3,0.0,80,3,84.0,0.0,414.3333333333333,9.061518146045458,498.3333333333333,9.061518146045458,0.5528819624256963,0.00905957511401783,0.3549333333333333,0.03749543675939482,0.8751721966048728,0.006257932192750753,0.4129333333333334,0.01032204329470563,0.6397148995266763,0.009686044349018902,174.15831867476518,1.9001118700343584,1.5799539672055591,0.0022979041992852913,0.0,0.0,0.0,0.0,81.0,0.0,0.2698412698412698,0.05249506569572602,0.0,0.0,0.6072806517283121,0.0021355990092121416
mnist,Marginal,0.3,0.0,85,3,89.0,0.0,411.0,11.06044001535804,500.0,11.06044001535804,0.5545403204353837,0.01104972446745279,0.34783333333333327,0.03881822309746345,0.8764691762335829,0.007102178256730519,0.4107133333333333,0.011593960113400055,0.6375993775706684,0.010878867718130854,180.01045122548035,2.0713854302057695,1.6747761562777062,0.0023809027759142546,0.0,0.0,0.0,0.0,86.0,0.0,0.2621722846441948,0.056676951125174374,0.0,0.0,0.6077302098274231,0.0006877022192452538
mnist,Marginal,0.3,0.0,90,3,94.0,0.0,409.0,12.124355652982143,503.0,12.124355652982143,0.5575344419921748,0.012118701260180624,0.34413333333333335,0.036536982786091,0.8778582623924777,0.006358783552635322,0.40840666666666675,0.01114410656405936,0.6354302051760526,0.010533944658834067,186.07800066247316,2.0245524770806735,1.7697049672715366,0.0024931842512697783,0.0,0.0,0.0,0.0,91.0,0.0,0.2588652482269504,0.052237304477504395,0.0,0.0,0.607891579469045,0.0034149640155413338
mnist,Marginal,0.3,0.0,95,3,99.0,0.0,404.3333333333333,14.43760521847181,503.3333333333333,14.43760521847181,0.5578538911261907,0.014408072308431833,0.3408333333333333,0.04108569634854015,0.8778500107668933,0.008420063912757703,0.40464666666666665,0.014219978121564664,0.631802629546597,0.013407900902610246,191.47045580099095,1.9357107639889688,1.864497649250552,0.0025688604585676193,0.0,0.0,0.0,0.0,96.0,0.0,0.26936026936026936,0.04855961313756215,0.0,0.0,0.6074061592419943,0.0036530003437719462
mnist,MaxLoss,0.0,0.0,0,3,4.0,0.0,445.6666666666667,13.86041525752786,449.6666666666667,13.86041525752786,0.5038995470968075,0.014039627380219464,0.4327666666666667,0.00939101225167505,0.7382083530675606,0.004281661269073738,0.45616666666666666,0.004605465352286446,0.6796679623482783,0.0041691529925501165,0.9964464872291715,0.19932081672370294,0.22279385298800966,0.15442648254277885,0.0,0.0,0.0,0.0,1.0,0.0,0.0,0.0,0.0,0.0,0.6753506461779276,0.008671890552107438
mnist,MaxLoss,0.0,0.0,10,3,14.0,0.0,432.0,17.616280348965084,446.0,17.616280348965084,0.5001630514937764,0.01783478515372271,0.43723333333333336,0.021168083942052416,0.7729509501953897,0.015205228637592588,0.42782666666666663,0.018889158560166524,0.6534179108459579,0.017625612255841933,29.43805935542646,0.10281583716247476,0.4001058632663141,0.1555652447910732,0.0,0.0,0.0,0.0,11.0,0.0,0.0,0.0,0.0,0.0,0.6597462097803751,0.021171168159729796
mnist,MaxLoss,0.0,0.0,100,3,104.0,0.0,71.33333333333333,10.477489097001142,175.33333333333334,10.477489097001142,0.2167530517714719,0.011419858574878212,0.13419999999999999,0.005524792605458903,0.5895987904279125,0.013781126435635218,0.071,0.008300104417013855,0.24593997514878382,0.01269684648585505,236.5994711301369,1.8850430989770413,2.003544921288267,0.16316570316759194,0.0,0.0,0.0,0.0,101.0,0.0,0.0,0.0,0.0,0.0,0.5799745718638102,0.002024564941812262
mnist,MaxLoss,0.0,0.0,105,3,109.0,0.0,70.33333333333333,10.203485243342644,179.33333333333334,10.203485243342646,0.221119056281168,0.011147633713312241,0.13729999999999998,0.009968115836673112,0.5945831726660521,0.018479452846358293,0.07127999999999998,0.010302433369516775,0.2461206448590867,0.016140706143304505,243.7898434331573,2.1569287848981173,2.093377464916557,0.16338805173727666,0.0,0.0,0.0,0.0,106.0,0.0,0.0,0.0,0.0,0.0,0.5835609833399454,0.0016726908935173678
mnist,MaxLoss,0.0,0.0,110,3,114.0,0.0,48.666666666666664,4.48454134902457,162.66666666666666,4.48454134902457,0.20292307155129188,0.004928893310482452,0.11159999999999996,0.002663331247391753,0.5622685226275389,0.0107211403093257,0.0491466666666667,0.005655031191583099,0.21085635945122605,0.009726805403473633,251.04465791042662,1.2210279876216754,2.1828358716641865,0.16371002324879022,0.0,0.0,0.0,0.0,111.0,0.0,0.0,0.0,0.0,0.0,0.5837027827898661,0.0018055100032684712
mnist,MaxLoss,0.0,0.0,115,3,119.0,0.0,45.666666666666664,7.264831572567789,164.66666666666666,7.264831572567789,0.20510221317332858,0.007967116632628777,0.11386666666666667,0.008337932064433683,0.5617069677289434,0.01478524492564935,0.04642000000000004,0.007421060121932262,0.2059957538042391,0.012659770077482793,258.16752788646386,1.9519056532273844,2.2722906353883445,0.1639527012972568,0.0,0.0,0.0,0.0,116.0,0.0,0.0,0.0,0.0,0.0,0.5864465236663818,4.633194449528607e-05
mnist,MaxLoss,0.0,0.0,120,3,124.0,0.0,38.666666666666664,4.409585518440984,162.66666666666666,4.409585518440984,0.20292355137644336,0.004840165325130185,0.11040000000000001,0.0036226141573915136,0.554091307229319,0.008073208938988243,0.03968000000000003,0.004139613508529508,0.19451487294509576,0.0074104616848944295,265.3626242363246,1.7650329432603273,2.3621026816157005,0.16410352015545912,0.0,0.0,0.0,0.0,121.0,0.0,0.0,0.0,0.0,0.0,0.5869942704836527,0.0008829922460802841
mnist,MaxLoss,0.0,0.0,125,3,129.0,0.0,33.0,10.148891565092221,162.0,10.148891565092221,0.2021465585955108,0.011174594711980583,0.10823333333333333,0.00735307947582358,0.5438325229516768,0.023259993387773903,0.03363333333333336,0.009668549241972375,0.1821095795344488,0.018845179688986424,272.14162958303854,2.190697190546312,2.4511796893396727,0.16460294742478176,0.0,0.0,0.0,0.0,126.0,0.0,0.0,0.0,0.0,0.0,0.5905354420344034,0.0011097321986607467
mnist,MaxLoss,0.0,0.0,130,3,134.0,0.0,31.0,8.504900548115382,165.0,8.504900548115382,0.2054585901593479,0.009312901679282155,0.1039666666666667,0.00497504885514816,0.5434287566525076,0.016057619406754008,0.03092666666666669,0.008057380329721184,0.1776064510111923,0.015019907033801315,278.59817462197736,2.045552249666973,2.539908357352639,0.16449750623943427,0.0,0.0,0.0,0.0,131.0,0.0,0.0,0.0,0.0,0.0,0.5910715262095133,0.0027552822655153657
mnist,MaxLoss,0.0,0.0,135,3,139.0,0.0,27.666666666666668,13.96821789317131,166.66666666666666,13.96821789317131,0.2072264954719382,0.015276532820729886,0.10650000000000004,0.015479448741261217,0.5385242136764385,0.029994395325007913,0.028460000000000017,0.013396178559574371,0.1706785026199301,0.025745348996258754,284.9990693669918,2.391335455031566,2.6293112783071897,0.16476889532452163,0.0,0.0,0.0,0.0,136.0,0.0,0.0,0.0,0.0,0.0,0.5913911064465841,0.002185071988086613
mnist,MaxLoss,0.0,0.0,140,3,144.0,0.0,29.0,10.692676621563628,173.0,10.692676621563628,0.21419998326261216,0.011686024162128647,0.11316666666666668,0.009256589244664798,0.5458540164240114,0.023948631799357554,0.028893333333333354,0.009976721795147837,0.17276132084535364,0.019805672501992243,291.39448367468975,2.70524964357407,2.718500684325894,0.1650384922751714,0.0,0.0,0.0,0.0,141.0,0.0,0.0,0.0,0.0,0.0,0.5943968296051025,0.001434036938981793
mnist,MaxLoss,0.0,0.0,145,3,149.0,0.0,15.333333333333334,2.185812841434,164.33333333333334,2.185812841434,0.20476075019299364,0.002399788129990445,0.09416666666666666,0.005184056755519222,0.5210119712254458,0.004598269871682998,0.01606666666666668,0.002167066629750407,0.14780555380950922,0.004960976144979636,297.3726870955483,2.6205954383555072,2.808000727944697,0.16523056646188206,0.0,0.0,0.0,0.0,146.0,0.0,0.0,0.0,0.0,0.0,0.5857032736142477,0.0058033735650639216
mnist,MaxLoss,0.0,0.0,15,3,19.0,0.0,461.3333333333333,10.80637671829822,480.3333333333333,10.80637671829822,0.5348280041168133,0.010867236269529441,0.4718333333333334,0.011625307642285344,0.8207517187359424,0.011333826187713983,0.45713333333333334,0.014470279118862134,0.6803825394822801,0.01313612142262986,50.049372503317166,3.7687428002303007,0.48862848632658523,0.15614858679996196,0.0,0.0,0.0,0.0,16.0,0.0,0.0,0.0,0.0,0.0,0.654198149840037,0.004809390680896492
mnist,MaxLoss,0.0,0.0,150,3,154.0,0.0,14.666666666666666,4.666666666666667,168.66666666666666,4.666666666666667,0.20950305075772727,0.0051056693579691155,0.10093333333333336,0.007789808156245653,0.5236476473781737,0.014754343330564221,0.016080000000000014,0.004810876566004721,0.14723393993260891,0.010583937174893362,302.8531108676833,3.0226841143437317,2.8976037995889783,0.16551903708906243,0.0,0.0,0.0,0.0,151.0,0.0,0.0,0.0,0.0,0.0,0.5867887536684672,0.005135905605797483
mnist,MaxLoss,0.0,0.0,155,3,159.0,0.0,8.666666666666666,3.4801021696368504,167.66666666666666,3.48010216963685,0.20841226018577194,0.003812324386654296,0.08546666666666665,0.0039401071615432475,0.5055181714692862,0.00994879083984059,0.008800000000000007,0.002898988329285468,0.12973173112465344,0.007591688633600669,308.32334156004526,2.939931765697076,2.9877995823820434,0.16549830204851806,0.0,0.0,0.0,0.0,156.0,0.0,0.0,0.0,0.0,0.0,0.5854657491048177,0.003996591995995938
mnist,MaxLoss,0.0,0.0,158,1,162.0,0.0,0.0,0.0,162.0,0.0,0.20220127335051075,0.0,0.08299999999999996,0.0,0.4792784182958142,0.0,0.0018000000000000017,0.0,0.10895291088226128,0.0,309.75569280116605,0.0,2.8952723499387503,0.0,1.0,0.0,0.0,0.0,159.0,0.0,0.0,0.0,0.0,0.0,0.5771600604057312,0.0
mnist,MaxLoss,0.0,0.0,160,2,164.0,0.0,8.0,2.9999999999999996,172.0,2.9999999999999996,0.21315945638343692,0.00328069319948554,0.09405000000000002,0.0045499999999999985,0.50730413130353,0.014739623430789104,0.007930000000000006,0.0032900000000000026,0.12755925903723908,0.008981232458373747,315.1935081064181,4.862452720746774,3.160795475007035,0.24664447701070458,0.0,0.0,0.0,0.0,161.0,0.0,0.0,0.0,0.0,0.0,0.59266796708107,0.0005591213703155518
mnist,MaxLoss,0.0,0.0,161,1,165.0,0.0,0.0,0.0,165.0,0.0,0.20549466647207737,0.0,0.08789999999999998,0.0,0.47653676811287776,0.0,0.0010800000000000009,0.0,0.10606382672598398,0.0,311.54492531516325,0.0,3.469218081794679,0.0,1.0,0.0,0.0,0.0,162.0,0.0,0.0,0.0,0.0,0.0,0.5915957093238831,0.0
mnist,MaxLoss,0.0,0.0,165,1,169.0,0.0,4.0,0.0,173.0,0.0,0.21425495366565883,0.0,0.07809999999999995,0.0,0.4990967454736254,0.0,0.0037800000000000034,0.0,0.11586224310040855,0.0,325.6625671263247,0.0,3.0044093171600252,0.0,0.0,0.0,0.0,0.0,166.0,0.0,0.0,0.0,0.0,0.0,0.5906359553337097,0.0
mnist,MaxLoss,0.0,0.0,169,1,173.0,0.0,0.0,0.0,173.0,0.0,0.21425495366565883,0.0,0.07569999999999999,0.0,0.4874107953610357,0.0,0.0008200000000000007,0.0,0.10493179496389499,0.0,330.2802061081963,0.0,3.0865756780840456,0.0,1.0,0.0,0.0,0.0,170.0,0.0,0.0,0.0,0.0,0.0,0.5902882218360901,0.0
mnist,MaxLoss,0.0,0.0,20,3,24.0,0.0,429.3333333333333,3.1797973380564857,453.3333333333333,3.1797973380564857,0.5076473279041238,0.0032145147232937954,0.4519666666666667,0.00877540755622085,0.810792613660482,0.0024001636561345025,0.42421333333333333,0.004636799662602552,0.650348270795544,0.0043252570072189545,64.02263813628859,5.241128719564111,0.5770613270190855,0.1567826659111588,0.0,0.0,0.0,0.0,21.0,0.0,0.0,0.0,0.0,0.0,0.6094804008801779,0.009198808235543135
mnist,MaxLoss,0.0,0.0,25,3,29.0,0.0,386.6666666666667,8.950481054731702,415.6666666666667,8.950481054731702,0.46940673598631594,0.009121831728105472,0.4042333333333333,0.012555786625209031,0.7932281699038003,0.004331770956194337,0.3797266666666667,0.009577315791900035,0.6079899569481332,0.009262125039806075,81.66008546384442,4.333966127610568,0.6659193703283867,0.1572908878175985,0.0,0.0,0.0,0.0,26.0,0.0,0.0,0.0,0.0,0.0,0.597224752108256,0.005727828982527674
mnist,MaxLoss,0.0,0.0,30,3,34.0,0.0,325.3333333333333,29.985181525398698,359.3333333333333,29.985181525398698,0.4114269324927591,0.03090192833918877,0.3494,0.021477662815120247,0.7565960170097913,0.021735092300720033,0.32103333333333334,0.029580760263687892,0.5486032471689466,0.030165995412171447,95.58422658018351,4.107765552701474,0.7547053173184395,0.1577211295078356,0.0,0.0,0.0,0.0,31.0,0.0,0.0,0.0,0.0,0.0,0.5998696486155192,0.02307767954581165
mnist,MaxLoss,0.0,0.0,35,3,39.0,0.0,309.0,23.629078131263043,348.0,23.629078131263043,0.3997889364448686,0.024505737785675673,0.3300666666666667,0.029751993397268552,0.7566019541004572,0.01647326430341993,0.30494,0.021701247275982383,0.5323225350559132,0.022788517677183547,111.18040169808535,3.141313420790962,0.8434014256733159,0.15829484595880478,0.0,0.0,0.0,0.0,36.0,0.0,0.0,0.0,0.0,0.0,0.5832785964012146,0.005762347256607041
mnist,MaxLoss,0.0,0.0,40,3,44.0,0.0,280.6666666666667,39.38837956103862,324.6666666666667,39.38837956103862,0.37530601866698515,0.040855119365209,0.30443333333333333,0.044224515574257876,0.7395475600714932,0.03324642018952293,0.2748,0.03633890110244576,0.4993788177574177,0.038641927943484075,125.45513398042044,3.047532593063473,0.9326044683499882,0.15856726687583178,0.0,0.0,0.0,0.0,41.0,0.0,0.0,0.0,0.0,0.0,0.5765544772148132,0.010372406745890711
mnist,MaxLoss,0.0,0.0,45,3,49.0,0.0,245.66666666666666,24.503967932652145,294.6666666666667,24.50396793265214,0.3441762305252875,0.025799007583220734,0.27613333333333334,0.022201526474046267,0.7172078033163016,0.027570543927307886,0.23807333333333336,0.025544320525531933,0.4596071157725909,0.029127089450909558,139.19442136749706,2.804063101343136,1.0212986366823316,0.15907170247983554,0.0,0.0,0.0,0.0,46.0,0.0,0.0,0.0,0.0,0.0,0.5814232031504313,0.003556258262053423
mnist,MaxLoss,0.0,0.0,5,3,9.0,0.0,406.0,42.71221527073179,415.0,42.71221527073179,0.4683212510426529,0.043701039614477646,0.4204666666666667,0.042689043611264556,0.7263298831160193,0.03198131728887739,0.41471333333333327,0.03587927969052766,0.6403414219902309,0.034291996933624315,10.34490928817811,1.213489041022901,0.31149575106489164,0.15531473702749396,0.0,0.0,0.0,0.0,6.0,0.0,0.0,0.0,0.0,0.0,0.6542810996373495,0.0222289837522888
mnist,MaxLoss,0.0,0.0,50,3,54.0,0.0,241.66666666666666,42.853756479968524,295.6666666666667,42.853756479968524,0.34487990353954956,0.04492689940487356,0.27026666666666666,0.03706931944943749,0.7234927939578547,0.0383897412990302,0.23757333333333333,0.042803199776548374,0.45752391557775285,0.0477661018099391,151.11461682825146,2.480934340972996,1.1106103846492867,0.15955550708525132,0.0,0.0,0.0,0.0,51.0,0.0,0.0,0.0,0.0,0.0,0.5868983666102091,0.013137372642359575
mnist,MaxLoss,0.0,0.0,55,3,59.0,0.0,239.0,4.0,298.0,4.0,0.3478421757463366,0.004191385523881763,0.2715666666666667,0.011820932469329344,0.7272926500709632,0.002295957889392368,0.23037333333333332,0.004123822390830051,0.45180354272403056,0.004664620453173515,160.19816059215532,2.2875756944962378,1.199734481672446,0.15982259813350977,0.0,0.0,0.0,0.0,56.0,0.0,0.0,0.0,0.0,0.0,0.5914885799090067,0.006667586280958682
mnist,MaxLoss,0.0,0.0,60,3,64.0,0.0,251.33333333333334,30.715540764317414,315.3333333333333,30.715540764317414,0.36572461811980855,0.032032960278582254,0.2842666666666667,0.024631168150220664,0.7460873233254254,0.02553090960051468,0.24388,0.028772299178202634,0.46594067342698614,0.0318974510068422,171.69878081820625,0.7649500259041838,1.288838529260829,0.16016732355186952,0.0,0.0,0.0,0.0,61.0,0.0,0.0,0.0,0.0,0.0,0.5925445357958475,0.006776847958049677
mnist,MaxLoss,0.0,0.0,65,3,69.0,0.0,167.0,19.73153144926499,236.0,19.73153144926499,0.2821354339248501,0.021091174533272066,0.21816666666666665,0.010881227463439563,0.6727734674811111,0.02508076159018117,0.16582,0.0195970235835275,0.3747404227110634,0.024397309883859478,179.25060286349049,3.781262324934706,1.3778542010113597,0.16076313804327838,0.0,0.0,0.0,0.0,66.0,0.0,0.0,0.0,0.0,0.0,0.5770186185836792,0.005344320372786189
mnist,MaxLoss,0.0,0.0,70,3,74.0,0.0,192.33333333333334,31.813693767167486,266.3333333333333,31.81369376716749,0.31418089440558106,0.03375628951283492,0.23543333333333336,0.029859690405479974,0.7030352955498334,0.03449361068535693,0.18763333333333332,0.029920321596607943,0.4004670413943397,0.03636419812872071,190.84755734965742,3.5288170857623973,1.4671879090213527,0.161101625435615,0.0,0.0,0.0,0.0,71.0,0.0,0.0,0.0,0.0,0.0,0.5943571130434672,0.017705466610905617
mnist,MaxLoss,0.0,0.0,75,3,79.0,0.0,149.66666666666666,10.170764201594906,228.66666666666666,10.170764201594906,0.27439603422923636,0.010898421206045094,0.18866666666666665,0.008583187701029914,0.6690980510144602,0.012587667504635946,0.14953333333333335,0.009687224117935508,0.3548647872444867,0.012410873824823239,198.48185001641195,1.652474708162885,1.5561908040350925,0.16166887751202935,0.0,0.0,0.0,0.0,76.0,0.0,0.0,0.0,0.0,0.0,0.5798366665840149,0.00474996494217789
mnist,MaxLoss,0.0,0.0,80,3,84.0,0.0,144.33333333333334,12.115187896924166,228.33333333333334,12.115187896924166,0.2740248507664849,0.012947125844363598,0.2054,0.013390668392578442,0.6659001009865855,0.012063206123462405,0.14170000000000002,0.009170917802125004,0.34484996367643506,0.011785360608843042,207.07922634220802,1.8053824299187273,1.6453888269606978,0.1619847785623891,0.0,0.0,0.0,0.0,81.0,0.0,0.0,0.0,0.0,0.0,0.5908099214235941,0.008883992788989364
mnist,MaxLoss,0.0,0.0,85,3,89.0,0.0,157.66666666666666,15.961759858417173,246.66666666666666,15.961759858417173,0.2935537484008819,0.017024971235369852,0.19856666666666667,0.015990865448054347,0.6846038591758338,0.01840259992840649,0.15279333333333334,0.016149139639965695,0.35863023888889733,0.020638061814899036,216.63284804152318,0.5021446571502022,1.734886770369485,0.16230271143764038,0.0,0.0,0.0,0.0,86.0,0.0,0.0,0.0,0.0,0.0,0.5932186841964722,0.005430148397870604
mnist,MaxLoss,0.0,0.0,90,3,94.0,0.0,126.66666666666667,33.7902023932645,220.66666666666666,33.7902023932645,0.26545399545769516,0.036083855415750786,0.18866666666666665,0.026548153315145026,0.6537228271568852,0.040664347653829355,0.12599999999999997,0.031862770333624994,0.32191652301249035,0.041373086072668284,223.91340749347341,4.5639203087857405,1.824669270310551,0.16247888923321238,0.0,0.0,0.0,0.0,91.0,0.0,0.0,0.0,0.0,0.0,0.5948743025461832,0.0088877408521451
mnist,MaxLoss,0.0,0.0,95,3,99.0,0.0,120.33333333333333,18.888562088676252,219.33333333333334,18.888562088676252,0.2642998966621235,0.02021883058317947,0.17226666666666665,0.01124904934254939,0.65442995218935,0.020768578258027488,0.11948666666666667,0.017025629046952855,0.31497777979346603,0.02261694647834996,231.91726488381866,0.46596074909570245,1.9141150140203536,0.16290221291094212,0.0,0.0,0.0,0.0,96.0,0.0,0.0,0.0,0.0,0.0,0.5832021832466125,0.005543311649928175
mnist,MaxLoss,0.3,0.0,0,3,4.0,0.0,475.0,0.5773502691896258,479.0,0.5773502691896258,0.5335142438416369,0.000580158449393416,0.4315666666666667,0.0029225179402547993,0.7636204081451833,0.0024825795416924265,0.4879799999999999,0.0028901441717210756,0.7080139084322875,0.002539223279714775,0.6580732948820428,0.07351897965575274,0.06822645020050307,0.00028548325729134584,0.0,0.0,0.0,0.0,1.0,0.0,0.16666666666666666,0.08333333333333334,0.0,0.0,0.6946533521016439,0.014543332320265107
mnist,MaxLoss,0.3,0.0,10,3,14.0,0.0,479.6666666666667,8.647414514048565,493.6666666666667,8.647414514048565,0.5482118521273757,0.008667041848614469,0.4514666666666667,0.017102566409102994,0.805309466802024,0.003841393620362118,0.4841666666666667,0.004511634342945407,0.7046521070681458,0.003978990167070661,21.639200672004616,2.642007789685938,0.2430314098795255,0.0005751712966467862,0.0,0.0,0.0,0.0,11.0,0.0,0.4047619047619047,0.023809523809523798,0.0,0.0,0.6873773137728373,0.02196481897190856
mnist,MaxLoss,0.3,0.0,100,3,104.0,0.0,410.3333333333333,16.16924378084654,514.3333333333334,16.169243780846536,0.5688225907700447,0.01612262553203015,0.4636333333333333,0.01186034475796459,0.9019802801031224,0.008552617923947667,0.40832666666666667,0.017126721162492753,0.6352062311780137,0.016181555589167906,250.00601015302246,2.366832346230308,1.8346938379108906,0.004648465427838592,0.0,0.0,0.0,0.0,101.0,0.0,0.4519230769230769,0.005551444896054107,0.0,0.0,0.5874277750651041,0.02032779340007818
mnist,MaxLoss,0.3,0.0,105,3,109.0,0.0,410.0,10.96965511460289,519.0,10.96965511460289,0.5735043352081751,0.010925422069383897,0.4591,0.029608106997915284,0.9057885075570011,0.005962207277419372,0.41059333333333337,0.011077871837336148,0.6374957841932208,0.010472546796395242,257.5834245960165,4.176366653497233,1.923590884000684,0.004790621022440598,0.0,0.0,0.0,0.0,106.0,0.0,0.45565749235474007,0.00809098260264401,0.0,0.0,0.5817463000615438,0.0037792585935292698
mnist,MaxLoss,0.3,0.0,110,3,114.0,0.0,398.6666666666667,7.5351030369715435,512.6666666666666,7.535103036971544,0.5672062727971934,0.0075202405824142254,0.4402,0.024574851644177484,0.8997149915798272,0.004431324452807097,0.39336666666666664,0.008410163163960871,0.6211639348115571,0.008085864902730926,266.16172957093937,4.984285422890054,2.012533562956378,0.00504377966604468,0.0,0.0,0.0,0.0,111.0,0.0,0.4473684210526316,0.010128952091046067,0.0,0.0,0.5918462077776591,0.0005916114570888941
mnist,MaxLoss,0.3,0.0,115,3,119.0,0.0,397.0,11.532562594670797,516.0,11.532562594670797,0.5705126410660645,0.011502827545794158,0.44976666666666665,0.017984839294373608,0.9058068850278818,0.006085257608629864,0.3999266666666667,0.011670328948996132,0.6273733274547647,0.011150899975202463,275.115649596278,5.225675752225019,2.101427475300928,0.005193412664542073,0.0,0.0,0.0,0.0,116.0,0.0,0.44537815126050423,0.009703365868733221,0.0,0.0,0.5938785076141357,0.005700821147400207
mnist,MaxLoss,0.3,0.0,120,3,124.0,0.0,384.6666666666667,9.955456348712053,508.6666666666667,9.955456348712053,0.5632055415577876,0.009943600015916603,0.44249999999999995,0.01905684478955877,0.899922863505382,0.0058782977003028185,0.3845266666666667,0.009609664117150224,0.6126376043473725,0.009309088406420085,281.77056816224245,6.169373438625989,2.1899442919529974,0.005182829390575472,0.0,0.0,0.0,0.0,121.0,0.0,0.4381720430107527,0.007112234707162872,0.0,0.0,0.5797038078308105,0.008084656397129414
mnist,MaxLoss,0.3,0.0,125,3,129.0,0.0,394.3333333333333,23.154073315749677,523.3333333333334,23.154073315749674,0.5777247731457464,0.023024948087514045,0.46433333333333326,0.02457304304404409,0.9066658837169976,0.012552610055236576,0.3958533333333334,0.023733659173793185,0.6231065994272327,0.022628081962689655,287.50895801715745,5.386377571491335,2.278914753968517,0.005414632183014558,0.0,0.0,0.0,0.0,126.0,0.0,0.43669250645994834,0.006836566695257352,0.0,0.0,0.5833165049552917,0.006731503981857367
mnist,MaxLoss,0.3,0.0,130,3,134.0,0.0,373.3333333333333,3.2829526005987018,507.3333333333333,3.2829526005987018,0.5618939675817577,0.0032790994271356486,0.4546666666666666,0.0035507432711726333,0.8996698356260512,0.0005787252220790186,0.37522000000000005,0.002604790458622989,0.6036837285287092,0.0025363647606613366,296.1551144158363,6.365938573355435,2.36733259462441,0.0054575767620965755,0.0,0.0,0.0,0.0,131.0,0.0,0.44029850746268656,0.015534820891538318,0.0,0.0,0.5826876958211263,0.008829742709596423
mnist,MaxLoss,0.3,0.0,135,3,139.0,0.0,388.0,2.5166114784235836,527.0,2.5166114784235836,0.5814904222497717,0.002502638430682158,0.45746666666666663,0.015701096918510012,0.9085273558169984,0.002071924941518774,0.38820000000000005,0.0009470656436242091,0.6162635497890921,0.0009119398840583809,303.7205418007323,6.425545882195535,2.4563193765934557,0.005592688162887092,0.0,0.0,0.0,0.0,136.0,0.0,0.4412470023980815,0.014586960504312269,0.0,0.0,0.5878535906473795,0.004811370206195841
mnist,MaxLoss,0.3,0.0,140,3,144.0,0.0,364.3333333333333,4.176654695380556,508.3333333333333,4.176654695380556,0.5628909452546699,0.004171659991457473,0.4477666666666667,0.008206975352981413,0.8990380630310241,0.003096337761938509,0.3663,0.002731031551142054,0.5949524103004621,0.0026842123341365926,309.8570225040282,6.880865963830333,2.545223029330373,0.005752733163215689,0.0,0.0,0.0,0.0,141.0,0.0,0.4398148148148148,0.014080468820134768,0.0,0.0,0.5857857465744019,0.0027606597345731483
mnist,MaxLoss,0.3,0.0,145,3,149.0,0.0,370.0,3.0550504633038935,519.0,3.0550504633038935,0.5735291339612255,0.0030436213034351948,0.42923333333333336,0.012533466311351271,0.9038477208885833,0.00031567760077765375,0.3699733333333333,0.0032109050299115208,0.5985540606768304,0.00314143232054699,319.59589848063257,6.678459946278652,2.6339526272689304,0.005665762456644049,0.0,0.0,0.0,0.0,146.0,0.0,0.4384787472035794,0.009751451775258782,0.0,0.0,0.587548037370046,0.009264729581510544
mnist,MaxLoss,0.3,0.0,15,3,19.0,0.0,474.0,6.000000000000001,493.0,6.000000000000001,0.547552672913298,0.006014535611029715,0.45859999999999995,0.013687342084324976,0.8333540916617955,0.004114781341912857,0.47827333333333333,0.005712318073932626,0.6994379367213431,0.005071617331903819,47.3387457818698,2.7940042000769156,0.33046684026097256,0.0005341738319241722,0.0,0.0,0.0,0.0,16.0,0.0,0.3859649122807018,0.03508771929824561,0.0,0.0,0.6806701223055521,0.0018479300225001452
mnist,MaxLoss,0.3,0.0,150,3,154.0,0.0,355.0,18.903262505010435,509.0,18.903262505010435,0.5634806402376853,0.018845306947183286,0.41480000000000006,0.03606092067598942,0.8954710764205299,0.010816241555039782,0.3519599999999999,0.017958010283250586,0.5804618465864668,0.01783059554343448,325.70209754712096,6.716564353823728,2.722708641240994,0.005618806651756492,0.0,0.0,0.0,0.0,151.0,0.0,0.4350649350649351,0.007498055444021117,0.0,0.0,0.5880230665206909,0.007059431663747517
mnist,MaxLoss,0.3,0.0,155,3,159.0,0.0,352.0,4.725815626252609,511.0,4.725815626252609,0.5655513254459947,0.004713724034221414,0.41650000000000004,0.008714547224803661,0.9003477494227895,0.0024358604542513225,0.35562,0.0017818342609045826,0.5844057158653594,0.0017677194554920723,333.61586451760047,7.210417150129012,2.81156008092997,0.005557824564749093,0.0,0.0,0.0,0.0,156.0,0.0,0.43396226415094336,0.003631133768488212,0.0,0.0,0.5851100285847982,0.0020417119755735272
mnist,MaxLoss,0.3,0.0,160,3,164.0,0.0,351.3333333333333,2.0275875100994067,515.3333333333334,2.0275875100994067,0.5698769022128545,0.00202096757121552,0.43096666666666666,0.010222578496206867,0.899817435308505,0.0040131799540324255,0.3524066666666667,0.004124501316657717,0.5811970446291945,0.004109433232511835,337.93128489247755,7.945533184257814,2.9002929456376783,0.00557059969950909,0.0,0.0,0.0,0.0,161.0,0.0,0.4369918699186992,0.002032520325203254,0.0,0.0,0.5810370246569315,0.0011458361742911266
mnist,MaxLoss,0.3,0.0,165,3,169.0,0.0,357.0,4.932882862316247,526.0,4.932882862316247,0.5804920941591263,0.004904468470460778,0.41663333333333336,0.012530673476624373,0.9037872205779093,0.0034219433232258265,0.35552,0.0029858332170434104,0.5843009808288678,0.0029641343975131437,346.33334499126244,7.982609915660881,2.989490211553251,0.005783612916744097,0.0,0.0,0.0,0.0,166.0,0.0,0.4339250493096647,0.007111540977246533,0.0,0.0,0.5872374176979065,0.0038194432343957732
mnist,MaxLoss,0.3,0.0,170,3,174.0,0.0,338.6666666666667,4.371625682868,512.6666666666666,4.371625682868001,0.5672146617434919,0.004362154051415708,0.42539999999999994,0.005904518044119547,0.8964210778405567,0.0033909657981270897,0.3385466666666666,0.0033605026079111975,0.5673057830714673,0.0033922040130139495,351.9049204225901,8.133510186928982,3.0786184922326356,0.005674666314341197,0.0,0.0,0.0,0.0,171.0,0.0,0.4348659003831418,0.008350381117894018,0.0,0.0,0.5899216532707214,0.004561356908744118
mnist,MaxLoss,0.3,0.0,175,3,179.0,0.0,352.0,12.489995996796798,531.0,12.489995996796798,0.5854316768624509,0.012394359090014446,0.42663333333333336,0.013378382230715021,0.9034070600869742,0.006874437553511223,0.34959999999999997,0.011519728006048308,0.5782870897854365,0.011496631403184415,357.05381275434905,7.038163645315207,3.1677832652349025,0.005637407698911142,0.0,0.0,0.0,0.0,176.0,0.0,0.43947858472998136,0.009853822387577626,0.0,0.0,0.5855468511581421,0.005885135690579729
mnist,MaxLoss,0.3,0.0,180,3,184.0,0.0,345.6666666666667,1.763834207376394,529.6666666666666,1.7638342073763937,0.5841414992852757,0.0017523297530360822,0.4580333333333333,0.011530298251900398,0.9043042649357923,0.0020398592426442382,0.34816666666666657,0.000301182853282039,0.5769816985833189,0.0003011514202691285,362.12050462778603,7.17129342269902,3.2574474435920515,0.005717904938546901,0.0,0.0,0.0,0.0,181.0,0.0,0.4420289855072464,0.007896556057138888,0.0,0.0,0.5826539198557535,0.001838447336098626
mnist,MaxLoss,0.3,0.0,185,3,189.0,0.0,352.3333333333333,6.173419725817378,541.3333333333334,6.173419725817379,0.5957100944166692,0.006115257216283389,0.44766666666666666,0.01586088830355279,0.9084298157789709,0.004909391295614114,0.353,0.007060377704721827,0.5817566902093312,0.007015462096384626,369.1748197534855,7.246841480688907,3.3471149786685905,0.005987637767697377,0.0,0.0,0.0,0.0,186.0,0.0,0.4409171075837743,0.007687652457743692,0.0,0.0,0.5914680361747742,0.0002852647931886731
mnist,MaxLoss,0.3,0.0,190,3,194.0,0.0,344.3333333333333,1.763834207376394,538.3333333333334,1.7638342073763937,0.5927441218518652,0.0017492689841290686,0.44559999999999994,0.008223340764758164,0.9052355256093558,0.0022816690644546765,0.34340666666666664,0.0011547197832278556,0.5722094745275285,0.0011604535736243968,375.041397667193,7.856288701998703,3.436724496927733,0.006150710433572416,0.0,0.0,0.0,0.0,191.0,0.0,0.43986254295532645,0.007489517085121438,0.0,0.0,0.5868097941080729,0.0020956820753842012
mnist,MaxLoss,0.3,0.0,195,3,199.0,0.0,333.6666666666667,4.333333333333334,532.6666666666666,4.333333333333334,0.587117723596748,0.004304719215724617,0.43113333333333337,0.004212019837454604,0.9025563011067935,0.0037863031106815655,0.33441999999999994,0.003621491405484775,0.5631302275157417,0.0036765706889857774,382.7354013102179,7.796649093329404,3.5260284922551364,0.006049884289615476,0.0,0.0,0.0,0.0,196.0,0.0,0.4371859296482412,0.007676006189205766,0.0,0.0,0.5899239381154379,0.0020398946079698793
mnist,MaxLoss,0.3,0.0,20,3,24.0,0.0,475.3333333333333,5.364492313143694,499.3333333333333,5.364492313143694,0.5538942765948983,0.0053633401567652695,0.48439999999999994,0.009716137778630623,0.8489903614229605,0.003930121556133113,0.47510666666666673,0.004888685349298349,0.6966370528368918,0.004333922182387002,66.39038763350952,1.2428806861584876,0.4187553122173995,0.0007388850100926717,0.0,0.0,0.0,0.0,21.0,0.0,0.3888888888888889,0.027777777777777794,0.0,0.0,0.6624640027681986,0.01344412730821058
mnist,MaxLoss,0.3,0.0,200,3,204.0,0.0,323.3333333333333,11.89304184994085,527.3333333333334,11.89304184994085,0.5817914877358513,0.011818275623227893,0.41983333333333334,0.01977290514258785,0.8974362212486647,0.007913733430870831,0.3227466666666667,0.010884951895979001,0.5511251781889934,0.011156487252660859,387.7414981543227,7.924593837781066,3.615452556249996,0.006040654465865655,0.0,0.0,0.0,0.0,201.0,0.0,0.4395424836601307,0.003267973856209157,0.0,0.0,0.5875318050384521,0.005839799146746674
mnist,MaxLoss,0.3,0.0,205,3,209.0,0.0,327.6666666666667,3.527668414752788,536.6666666666666,3.5276684147527875,0.5910889824347881,0.003500239249048332,0.421,0.010569925890626355,0.9023460014729898,0.0029470680415643485,0.3274066666666666,0.0029191855789662538,0.5560028257304359,0.0029829549817640107,395.9021911615586,5.8352730032097435,3.704836517261962,0.005838109966188055,0.0,0.0,0.0,0.0,206.0,0.0,0.43859649122807015,0.0031897926634768727,0.0,0.0,0.591934601465861,0.004589611684330053
mnist,MaxLoss,0.3,0.0,210,3,214.0,0.0,324.6666666666667,7.31057073315377,538.6666666666666,7.31057073315377,0.5930632832460105,0.007243853008861502,0.4477333333333333,0.018409448057391,0.9022773370846747,0.005123653473789859,0.32577333333333325,0.006413884245222303,0.5543021232060895,0.0065385208644047075,399.4655396332203,7.532391642919113,3.794143932328249,0.0058514313871089844,0.0,0.0,0.0,0.0,211.0,0.0,0.4392523364485981,0.00539579690831426,0.0,0.0,0.5905869801839193,0.0021925825959413945
mnist,MaxLoss,0.3,0.0,215,3,219.0,0.0,328.0,8.386497083606082,547.0,8.386497083606082,0.6013145443672935,0.008298440647917783,0.44159999999999994,0.012252754792290592,0.9052158130664884,0.0026256836465556287,0.3278733333333333,0.00866041826036389,0.5564122325681636,0.008834520455293909,406.42760879027554,7.593495901270411,3.8840797710387656,0.0059159734835131025,0.0,0.0,0.0,0.0,216.0,0.0,0.4383561643835616,0.004566210045662101,0.0,0.0,0.5996766289075216,0.009553672039339905
mnist,MaxLoss,0.3,0.0,220,3,224.0,0.0,314.6666666666667,7.512951779723097,538.6666666666666,7.512951779723097,0.5930626189607816,0.007448669145371864,0.4328333333333334,0.02134949908337691,0.9004643671374041,0.005270892446715405,0.3159266666666667,0.0072453602011524655,0.5441765908671649,0.007458243604389112,412.7314684919107,8.631321937109796,3.9740592561817416,0.005995630831662772,0.0,0.0,0.0,0.0,221.0,0.0,0.4360119047619047,0.003937129927179454,0.0,0.0,0.5917711853981018,0.003730550598005895
mnist,MaxLoss,0.3,0.0,225,3,229.0,0.0,291.6666666666667,8.089774066341064,520.6666666666666,8.089774066341066,0.575176245222489,0.00805947043956538,0.40519999999999995,0.017695291275741522,0.8896102278063474,0.005993866198760469,0.29319999999999996,0.00894752107196923,0.5204151551445148,0.00946769925079718,418.67834122235644,8.38051843971186,4.064137636916712,0.0060347480492120575,0.0,0.0,0.0,0.0,226.0,0.0,0.43813682678311494,0.006344831067744792,0.0,0.0,0.5851173400878906,0.00045342976013071216
mnist,MaxLoss,0.3,0.0,230,3,234.0,0.0,297.6666666666667,9.386751893552482,531.6666666666666,9.386751893552482,0.5861091361148283,0.00932732296140537,0.4172,0.013115385367320832,0.8940951642767327,0.0043108275669429055,0.2987866666666667,0.008802168924633168,0.5263028542406296,0.009275860250684465,423.5896449916691,8.480101746920948,4.154405525963132,0.0062275083714262115,0.0,0.0,0.0,0.0,231.0,0.0,0.4358974358974359,0.004273504273504258,0.0,0.0,0.5868828296661377,0.0037933926370201107
mnist,MaxLoss,0.3,0.0,235,3,239.0,0.0,299.0,7.0,538.0,7.0,0.5924032092637693,0.006939646078477507,0.42283333333333334,0.005958840304772222,0.894445979101865,0.004697893144517504,0.2959866666666667,0.004861609244318621,0.5234166512169963,0.005118435105613745,431.01861750148834,8.960729021885372,4.245085713608812,0.006386194361021978,0.0,0.0,0.0,0.0,236.0,0.0,0.43793584379358436,0.0036900297225447493,0.0,0.0,0.5905322631200155,0.005285622758969401
mnist,MaxLoss,0.3,0.0,240,3,244.0,0.0,283.6666666666667,4.807401700618653,527.6666666666666,4.807401700618653,0.5821493952535093,0.0047767764641507325,0.41513333333333335,0.02268188214804444,0.8888528496758804,0.004668341289197719,0.2843333333333334,0.00524913114503513,0.5110637066242854,0.0055816437149245265,434.47740651981456,8.382300820795955,4.335179903932537,0.006205191011353011,0.0,0.0,0.0,0.0,241.0,0.0,0.4371584699453552,0.002732240437158473,0.0,0.0,0.5838862260182699,0.0007587180765220211
mnist,MaxLoss,0.3,0.0,245,3,249.0,0.0,276.3333333333333,3.9299420408505323,525.3333333333334,3.9299420408505323,0.5798310986137949,0.003907185156591965,0.3941666666666667,0.015722630540437908,0.8860812947912701,0.00448116978142536,0.276,0.004969922869958198,0.5021428052724587,0.005331997275783625,442.0394250595373,8.013146436127004,4.425581210913758,0.006097662998283003,0.0,0.0,0.0,0.0,246.0,0.0,0.4350736278447122,0.0035418357577839186,0.0,0.0,0.588406523068746,0.00018665748891832533
mnist,MaxLoss,0.3,0.0,25,3,29.0,0.0,477.3333333333333,6.173419725817378,506.3333333333333,6.173419725817378,0.5608892012193488,0.0061636852977232605,0.4754,0.0078632054532487,0.8641598668842777,0.004861700421682214,0.47718666666666665,0.007239155874670601,0.698458743492738,0.006398834863192723,84.37558523907082,2.460207293214918,0.5067184679986289,0.0009467141801491856,0.0,0.0,0.0,0.0,26.0,0.0,0.39080459770114945,0.030410934609937823,0.0,0.0,0.6536238590876261,0.012786504756257557
mnist,MaxLoss,0.3,0.0,250,3,254.0,0.0,271.3333333333333,5.174724898753342,525.3333333333334,5.174724898753342,0.579828566890986,0.005149502934039526,0.40786666666666666,0.024078782730399328,0.8845390242124452,0.0035522149832553475,0.27142666666666665,0.006796953565957159,0.49718557752391285,0.00736755582514725,446.1216544148956,8.04797995884391,4.516008552008619,0.006080581095274923,0.0,0.0,0.0,0.0,251.0,0.0,0.43569553805774275,0.0013123359580052472,0.0,0.0,0.588590164979299,0.005270260341446966
mnist,MaxLoss,0.3,0.0,255,3,259.0,0.0,271.3333333333333,5.238744548500571,530.3333333333334,5.238744548500571,0.5847983811011849,0.005207050140436409,0.3992,0.023028967265887854,0.8867387547250818,0.004224242996671424,0.2722066666666667,0.005864075185208476,0.4980424638664402,0.006343674163160867,452.9415108243633,8.410737147981559,4.60674293533278,0.00624941250390129,0.0,0.0,0.0,0.0,256.0,0.0,0.4362934362934363,0.002229151618492759,0.0,0.0,0.5888574918111166,0.0019752084985809955
mnist,MaxLoss,0.3,0.0,260,3,264.0,0.0,258.0,10.692676621563628,522.0,10.692676621563628,0.5764925886954492,0.010653149320302743,0.39019999999999994,0.006369458375717663,0.8790942294047497,0.004940915850224591,0.25742666666666664,0.009299292685169361,0.4818832976870797,0.010243998406239579,457.1783378676517,8.557283149304178,4.697722777569045,0.006333695721068704,0.0,0.0,0.0,0.0,261.0,0.0,0.4330808080808081,0.003340595089728016,0.0,0.0,0.5862294634183248,0.001692639559766752
mnist,MaxLoss,0.3,0.0,265,3,269.0,0.0,259.0,5.291502622129181,528.0,5.291502622129181,0.5824796300924694,0.005257831064839883,0.3920333333333333,0.012160226606075695,0.8807565227502722,0.005075757179973032,0.25753333333333334,0.006303251365587281,0.48205896691895145,0.006909922014964462,463.2010854264353,8.420721990780024,4.788774306265016,0.006528126908211277,0.0,0.0,0.0,0.0,266.0,0.0,0.4324659231722429,0.004467845446671625,0.0,0.0,0.5903605421384176,0.00039915642531437976
mnist,MaxLoss,0.3,0.0,270,3,274.0,0.0,264.3333333333333,5.23874454850057,538.3333333333334,5.238744548500571,0.5927386395051144,0.0051976318979195645,0.4172666666666667,0.013554990880770706,0.8864038910927395,0.0032043721640061793,0.26453333333333334,0.005756113658054767,0.4897210057802253,0.006283838530174846,468.77175024815386,7.872562464740822,4.8797633449236555,0.006594628480533446,0.0,0.0,0.0,0.0,271.0,0.0,0.4318734793187347,0.0032186755609058416,0.0,0.0,0.5974015394846598,0.005475320866402837
mnist,MaxLoss,0.3,0.0,275,3,279.0,0.0,253.33333333333334,7.859884081701065,532.3333333333334,7.859884081701065,0.5867770884457665,0.0078101816326461085,0.3907333333333334,0.008918956092378624,0.8830775648299545,0.004973508807341257,0.25645999999999997,0.00664578061630084,0.4808741722560277,0.007314929645806753,474.5761455501527,7.7983272866384405,4.970928789349273,0.0067873970566819175,0.0,0.0,0.0,0.0,276.0,0.0,0.43010752688172044,0.004138711607094099,0.0,0.0,0.5923154950141907,0.0011083239537027175
mnist,MaxLoss,0.3,0.0,280,3,284.0,0.0,246.0,9.0,530.0,9.0,0.5844551669433713,0.008932451717555525,0.4032,0.011271350111381221,0.8776155761475904,0.004931004347972405,0.24635333333333334,0.011249570856012466,0.4695981994048501,0.01242946693428824,477.0418725191941,8.283136785108077,5.061964847613126,0.0068273556728230805,0.0,0.0,0.0,0.0,281.0,0.0,0.4307511737089202,0.005116078572230848,0.0,0.0,0.5860167940457662,0.002000824164509156
mnist,MaxLoss,0.3,0.0,285,3,289.0,0.0,243.0,9.814954576223638,532.0,9.814954576223638,0.586438299564179,0.009746793329908646,0.39303333333333335,0.011096896463025648,0.8781450301149459,0.0047057482265096305,0.24506666666666668,0.01115049376086597,0.4681674685804423,0.012384582122262873,482.0252634262563,8.225496042808906,5.152959123331432,0.006885822391502131,0.0,0.0,0.0,0.0,286.0,0.0,0.4302191464821223,0.005027565102123049,0.0,0.0,0.5912069082260132,0.005736047676420107
mnist,MaxLoss,0.3,0.0,290,3,294.0,0.0,248.0,6.658328118479393,542.0,6.658328118479393,0.5963692902199303,0.0066010711824049,0.41546666666666665,0.015014918507197344,0.8816063302689087,0.004730435786826648,0.2488066666666667,0.005835253017460154,0.47243848828574836,0.00648300976976363,486.6030438374487,9.290789716161514,5.244064968312159,0.006732871297107698,0.0,0.0,0.0,0.0,291.0,0.0,0.43197278911564624,0.003927552851630112,0.0,0.0,0.5852609872817993,0.005647955285049041
mnist,MaxLoss,0.3,0.0,295,3,299.0,0.0,240.0,15.307950004273378,539.0,15.307950004273378,0.5933528596069664,0.015162593806275469,0.40086666666666665,0.015459337343855047,0.8783261760872936,0.011579028703934086,0.2416666666666667,0.015106653427472867,0.4642362107933126,0.016865886647179765,493.15194693899167,9.451576326676397,5.335746613952021,0.006673916646383088,0.0,0.0,0.0,0.0,296.0,0.0,0.4303232998885173,0.002949555530729754,0.0,0.0,0.5899751583735148,0.006383973891158856
mnist,MaxLoss,0.3,0.0,296,3,300.0,0.0,249.33333333333334,3.3829638550307397,549.3333333333334,3.3829638550307397,0.6036365298981158,0.0033451072284589193,0.41703333333333337,0.0089268010943326,0.8853565079893982,0.0040931756911811975,0.2524666666666667,0.003212835369437881,0.47651782007517723,0.0035410435383274306,492.7569483445668,9.194674546699897,5.398615479003638,0.0068249052192830085,0.0,0.0,1.0,0.0,297.0,0.0,0.43,0.003333333333333336,0.0,0.0,0.590131143728892,0.007622269624820905
mnist,MaxLoss,0.3,0.0,30,3,34.0,0.0,467.3333333333333,11.794537341969422,501.3333333333333,11.794537341969422,0.5558700242933506,0.011807380873202662,0.4984,0.014471005493745068,0.8690710369840217,0.00832798463777142,0.4697266666666666,0.011870267244019586,0.6917486925426192,0.010638810057730916,98.91931473085185,3.3319513188936356,0.5946300676247726,0.0009279049703929093,0.0,0.0,0.0,0.0,31.0,0.0,0.40196078431372545,0.009803921568627453,0.0,0.0,0.6151777307192484,0.01725079083419604
mnist,MaxLoss,0.3,0.0,35,3,39.0,0.0,471.3333333333333,6.691619966628243,510.3333333333333,6.691619966628243,0.5648811150846692,0.006682408904847124,0.4807666666666666,0.016109658938385722,0.8823560814151241,0.00509026293926153,0.47534666666666664,0.00803051956254667,0.6968162022466587,0.007153410465635131,115.14820918548243,0.8659002842321171,0.6829752993459502,0.001177695664368842,0.0,0.0,0.0,0.0,36.0,0.0,0.40170940170940167,0.022613259068928127,0.0,0.0,0.6145379940668741,0.006383875198121755
mnist,MaxLoss,0.3,0.0,40,3,44.0,0.0,445.0,11.590225767142474,489.0,11.590225767142474,0.5435220342090664,0.01160699276372195,0.4664333333333333,0.028339744372719952,0.8717017601686686,0.006865637420789413,0.44636000000000003,0.012749154220313317,0.6706425388170972,0.011563508416547725,127.34010064091449,1.4996872174379443,0.7711651959301283,0.0014609927835906647,0.0,0.0,0.0,0.0,41.0,0.0,0.42424242424242425,0.030303030303030297,0.0,0.0,0.620831310749054,0.005018934680865383
mnist,MaxLoss,0.3,0.0,45,3,49.0,0.0,463.6666666666667,14.903392604072106,512.6666666666666,14.903392604072105,0.5671694685006514,0.014888036035131022,0.47333333333333333,0.026973155379211942,0.8886251755030729,0.009535122242538545,0.46266000000000007,0.016573557252442785,0.6853066404668665,0.0150069676184159,141.85011451930865,1.9322816041757143,0.8594500312271217,0.001765849455233619,0.0,0.0,0.0,0.0,46.0,0.0,0.43537414965986393,0.035996616477069254,0.0,0.0,0.6022843917210897,0.009036750830818632
mnist,MaxLoss,0.3,0.0,5,3,9.0,0.0,490.0,16.072751268321593,499.0,16.072751268321593,0.5535097633643696,0.016066556380692112,0.4809666666666666,0.03354461374216599,0.7809331393503083,0.011809217724496132,0.48911999999999994,0.01292206381865271,0.7088814827378117,0.011255887401140302,6.745710439969055,0.9302924140166015,0.15552897301192084,0.00029935566568520304,0.0,0.0,0.0,0.0,6.0,0.0,0.4444444444444444,0.06415002990995844,0.0,0.0,0.6857103705406189,0.01526110275014716
mnist,MaxLoss,0.3,0.0,50,3,54.0,0.0,444.3333333333333,9.492687243932096,498.3333333333333,9.492687243932096,0.5528801831921252,0.009489580263108503,0.438,0.025415939880319212,0.8835647747256271,0.004373215146146108,0.44371333333333335,0.010503969619994964,0.6682689884247018,0.009562947457115879,153.28787642974456,4.043448501958451,0.9478009362549832,0.002055239011841771,0.0,0.0,0.0,0.0,51.0,0.0,0.4506172839506173,0.03754791685369271,0.0,0.0,0.6020793914794922,0.003523068427536151
mnist,MaxLoss,0.3,0.0,55,3,59.0,0.0,465.6666666666667,4.630814663149936,524.6666666666666,4.630814663149936,0.5791666702522585,0.004605776299265211,0.47869999999999996,0.0065309519469471805,0.8997949768140806,0.0029551909147470055,0.4635133333333333,0.004477534043545758,0.6862877169703077,0.004022753251219123,164.73455210883208,2.1319388910769583,1.0363593729368101,0.0022455065363502767,0.0,0.0,0.0,0.0,56.0,0.0,0.4406779661016949,0.02935679334862504,0.0,0.0,0.6094896793365479,0.0028760015107891935
mnist,MaxLoss,0.3,0.0,60,3,64.0,0.0,445.0,11.239810200058244,509.0,11.239810200058244,0.5635321898735128,0.011208111689071739,0.47703333333333336,0.014937350650113444,0.8960976428401725,0.004662630333892653,0.448,0.010357142463054166,0.672184289130461,0.009404148084455695,176.03860151057611,2.473517581907683,1.1248726989142597,0.00251906077429574,0.0,0.0,0.0,0.0,61.0,0.0,0.4427083333333333,0.02604166666666667,0.0,0.0,0.6037437319755554,0.013296242392196702
mnist,MaxLoss,0.3,0.0,65,3,69.0,0.0,434.3333333333333,1.4529663145135578,503.3333333333333,1.4529663145135578,0.5578998271181869,0.001452105060973347,0.45026666666666665,0.015014807506073626,0.8949111322641707,0.0011654943503800067,0.4363066666666667,0.005102604999191861,0.6615432975384264,0.004688122599741471,188.49662957661562,4.018735502053492,1.213566820602864,0.002870213625517209,0.0,0.0,0.0,0.0,66.0,0.0,0.4492753623188406,0.02213804683553546,0.0,0.0,0.5906746784845988,0.009383777097890152
mnist,MaxLoss,0.3,0.0,70,3,74.0,0.0,414.6666666666667,10.26861453383291,488.6666666666667,10.26861453383291,0.5431942240296243,0.010285855197266347,0.4517333333333333,0.01911799617579671,0.8869223156509354,0.003752272458631304,0.41694000000000003,0.009379687272683106,0.6434947234058196,0.00875751009155615,195.49955469883471,4.251424465809718,1.3022393588908017,0.0031866233726640875,0.0,0.0,0.0,0.0,71.0,0.0,0.45045045045045046,0.016241221961549503,0.0,0.0,0.5788627862930298,0.006913552667637567
mnist,MaxLoss,0.3,0.0,75,3,79.0,0.0,416.0,6.429100507328637,495.0,6.429100507328637,0.5495545567246154,0.006439612088931249,0.4481,0.01753121026436376,0.8920465274771509,0.002215883132882526,0.4182266666666667,0.005899269257948644,0.6447463080805522,0.0055174951448533896,206.40785500315886,4.915613142361637,1.3909639935785283,0.0035018413570635123,0.0,0.0,0.0,0.0,76.0,0.0,0.4514767932489452,0.011163507641622737,0.0,0.0,0.5749492843945821,0.002667145127462743
mnist,MaxLoss,0.3,0.0,80,3,84.0,0.0,406.0,3.511884584284246,490.0,3.511884584284246,0.5445516567366818,0.0035217198424293134,0.44236666666666663,0.016340984602458263,0.8887252512470898,0.003870469419153564,0.40685333333333334,0.003968145382641355,0.6340564012606152,0.0037574422835260223,214.28942935088972,4.765670902121137,1.4796504119876772,0.0037021172625682623,0.0,0.0,0.0,0.0,81.0,0.0,0.44841269841269843,0.003968253968253973,0.0,0.0,0.5806588729222616,0.0036534261911828803
mnist,MaxLoss,0.3,0.0,85,3,89.0,0.0,426.0,7.937253933193772,515.0,7.937253933193772,0.5695314852637239,0.007908558161833282,0.45849999999999996,0.005904518044119547,0.9024133490026429,0.005735650749095334,0.4250133333333333,0.00784681959635734,0.6510585171467294,0.007289400803241037,225.08240120213836,4.85316459845634,1.5683446362769853,0.003989704835751121,0.0,0.0,0.0,0.0,86.0,0.0,0.4606741573033708,0.011235955056179785,0.0,0.0,0.5864833394686381,0.002494576066063084
mnist,MaxLoss,0.3,0.0,90,3,94.0,0.0,414.3333333333333,3.8441875315569325,508.3333333333333,3.8441875315569325,0.562891538022086,0.0038388449714374783,0.47006666666666663,0.015056818315227755,0.900449532682158,0.0028057842588100315,0.4160333333333334,0.003286037803258593,0.6427111840507158,0.003078768308911416,232.53769087074122,5.440125538812708,1.6568601362717648,0.003969978284169248,0.0,0.0,0.0,0.0,91.0,0.0,0.4645390070921986,0.01278564282079429,0.0,0.0,0.5958510438601176,0.006893796635119781
mnist,MaxLoss,0.3,0.0,95,3,99.0,0.0,423.3333333333333,14.333333333333334,522.3333333333334,14.333333333333334,0.5768038178017983,0.014241787236339103,0.47373333333333334,0.012269247916822136,0.9081442815436843,0.008036701661069415,0.42506,0.01399086845052868,0.6509868785442432,0.01293499721026048,242.72360386294585,4.360501466867925,1.7458781943035622,0.0042707824126207265,0.0,0.0,0.0,0.0,96.0,0.0,0.4612794612794613,0.006734006734006741,0.0,0.0,0.5898074706395467,0.004748732066491205
mnist,PU-C,0.0,0.0,0,3,4.0,0.0,487.0,18.903262505010435,491.0,18.903262505010435,0.5454773320622431,0.018968562287850876,0.47876666666666673,0.00903923546422913,0.761067895089493,0.007167751256793177,0.48399333333333333,0.008863967007559983,0.7044509047948385,0.007817229065636972,0.9004010574428299,0.12616403744965055,0.06781982102741797,0.00032734671803919094,0.0,0.0,0.0,0.0,1.0,0.0,0.0,0.0,0.0,0.0,0.6814151207605997,0.006857232887004561
mnist,PU-C,0.0,0.0,10,3,14.0,0.0,388.3333333333333,28.91558595482912,402.3333333333333,28.91558595482912,0.455624222716627,0.02947883694341299,0.39609999999999995,0.017309631230425865,0.7381081666240029,0.025657932629085955,0.3818733333333333,0.02962641464039218,0.6093662648935295,0.02834878985248656,32.25426985732281,0.5875527435003196,0.26677005396535,0.00039556448047101334,0.0,0.0,0.0,0.0,11.0,0.0,0.0,0.0,0.0,0.0,0.64082403977712,0.01018107980825548
mnist,PU-C,0.0,0.0,100,3,104.0,0.0,134.66666666666666,21.105554824368976,238.66666666666666,21.105554824368976,0.2849621348432265,0.022557855449412988,0.1789666666666667,0.027173782299202375,0.6542735945350104,0.02388879226305328,0.13512666666666664,0.0204145645176292,0.33543963259109555,0.026940779399371288,203.91842764538467,4.4131176186683865,2.0703365926165134,0.010130591416031176,0.0,0.0,0.0,0.0,101.0,0.0,0.0,0.0,0.0,0.0,0.5861913760503134,0.0039786572817185496
mnist,PU-C,0.0,0.0,105,3,109.0,0.0,136.0,20.647840887931437,245.0,20.647840887931437,0.29172207238540676,0.022011727806778382,0.1762,0.023600070621363253,0.6602167863268423,0.023019049839653763,0.13597333333333336,0.020385584231128757,0.3365500710667349,0.02690114340912229,210.85566272293636,3.2345817005598225,2.169392498365293,0.010806231730427667,0.0,0.0,0.0,0.0,106.0,0.0,0.0,0.0,0.0,0.0,0.5794715086619059,0.0037597852061972267
mnist,PU-C,0.0,0.0,110,3,114.0,0.0,117.0,17.578395831246947,231.0,17.578395831246947,0.27681856874066096,0.018828441476081023,0.16190000000000002,0.025863487777173455,0.6391340047032399,0.021713849142549292,0.11674666666666667,0.017736100034800355,0.31110070038508403,0.02434517458904883,215.0264844164516,4.447795766125943,2.268815823675444,0.011003428744085317,0.0,0.0,0.0,0.0,111.0,0.0,0.0,0.0,0.0,0.0,0.5858896374702454,0.0012165595709591299
mnist,PU-C,0.0,0.0,115,3,119.0,0.0,115.0,7.505553499465135,234.0,7.505553499465135,0.2801164314926912,0.008008604159690322,0.15550000000000005,0.005522076903967683,0.6412580066797836,0.006131346091757411,0.11386,0.007021035061394684,0.30800495477466644,0.009513043079688147,221.41489630674292,4.791788672079569,2.3678730130195618,0.011594537221237853,0.0,0.0,0.0,0.0,116.0,0.0,0.0,0.0,0.0,0.0,0.5809855461120605,0.0035776542989887387
mnist,PU-C,0.0,0.0,120,3,124.0,0.0,100.33333333333333,18.260461233069783,224.33333333333334,18.260461233069783,0.2696684225811623,0.019619221595172633,0.15116666666666667,0.021136172259370388,0.6275159986701465,0.022964966181774033,0.10211999999999999,0.017460336002876168,0.2907686535484527,0.025009431599077456,226.83013196591787,4.797997301123007,2.4668595293381563,0.01163857369155668,0.0,0.0,0.0,0.0,121.0,0.0,0.0,0.0,0.0,0.0,0.5852099259694418,0.004532327116947685
mnist,PU-C,0.0,0.0,125,3,129.0,0.0,107.0,29.14332399252586,236.0,29.14332399252586,0.28198337700450793,0.031032205142829197,0.14693333333333336,0.026339092197298266,0.635884807944796,0.03404182472175084,0.10708666666666666,0.02815061712368746,0.2962937270977102,0.038540748771916995,232.71199415390825,4.279099594395551,2.5661915686602392,0.012000124114165194,0.0,0.0,0.0,0.0,126.0,0.0,0.0,0.0,0.0,0.0,0.5844524304072062,0.002857719839282617
mnist,PU-C,0.0,0.0,130,3,134.0,0.0,98.0,12.583057392117917,232.0,12.583057392117917,0.27794189462050173,0.013478861988767103,0.13950000000000004,0.01574621647677096,0.6283098454162505,0.017149869181069,0.09659333333333331,0.013575219253396168,0.28337008800506847,0.019712282687516496,238.1208714208307,5.0024655199169406,2.6647151863823333,0.012736611266947598,0.0,0.0,0.0,0.0,131.0,0.0,0.0,0.0,0.0,0.0,0.5839453140894572,0.005073705393228726
mnist,PU-C,0.0,0.0,135,3,139.0,0.0,95.0,22.052966542697455,234.0,22.052966542697455,0.279969557983956,0.023499953856832168,0.13759999999999997,0.019308115737516517,0.6277961943043606,0.025871638501953103,0.09471999999999998,0.020968207680517992,0.27981522110130386,0.029547237173190688,243.5012701349175,4.629890451730333,2.7635056582900384,0.012737164406376192,0.0,0.0,0.0,0.0,136.0,0.0,0.0,0.0,0.0,0.0,0.5872701605161031,0.003162052143899803
mnist,PU-C,0.0,0.0,140,3,144.0,0.0,90.66666666666667,0.881917103688197,234.66666666666666,0.8819171036881969,0.2808477154855306,0.0009420060191062225,0.1334,0.005229085324732536,0.627592486228214,0.0034215140853746397,0.08998666666666662,0.00036703012289335626,0.27462914569347324,0.000531414849183381,249.2085344063994,5.672082841278079,2.862113047934448,0.013131952736184333,0.0,0.0,0.0,0.0,141.0,0.0,0.0,0.0,0.0,0.0,0.5837452610333761,0.004677119372140753
mnist,PU-C,0.0,0.0,145,3,149.0,0.0,72.33333333333333,17.79825209894999,221.33333333333334,17.798252098949995,0.26646104437531903,0.019053777175201958,0.12116666666666669,0.011963044948692785,0.6033986370560235,0.023581989717176382,0.07341333333333334,0.017436919962475525,0.2484727866050139,0.02616783437922918,253.94248695193156,4.967880514375134,2.9611588306725025,0.013088591380759455,0.0,0.0,0.0,0.0,146.0,0.0,0.0,0.0,0.0,0.0,0.5833584467569987,0.002560036107949852
mnist,PU-C,0.0,0.0,15,3,19.0,0.0,437.6666666666667,19.19490673185063,456.6666666666667,19.19490673185063,0.5109347071847878,0.019369223619811058,0.4503333333333333,0.007303956309958163,0.8051618277049792,0.013243546005868806,0.4310066666666667,0.019708314094423307,0.6563397291520309,0.018231875700394428,53.551369028970726,1.5029588149064972,0.367428983328864,0.0008238183300456142,0.0,0.0,0.0,0.0,16.0,0.0,0.0,0.0,0.0,0.0,0.6511910359064738,0.008265922207044554
mnist,PU-C,0.0,0.0,150,3,154.0,0.0,75.33333333333333,2.3333333333333335,229.33333333333334,2.3333333333333335,0.275144802678066,0.0024955359792026384,0.13066666666666668,0.002848586394063641,0.6144216227711368,0.003942411269537781,0.07684666666666662,0.0025207758946624234,0.2551876715245406,0.003799279420756218,258.7375962551973,5.404071504781707,3.0595724859740585,0.013565950497324933,0.0,0.0,0.0,0.0,151.0,0.0,0.0,0.0,0.0,0.0,0.583532969156901,0.0046978032240532356
mnist,PU-C,0.0,0.0,155,3,159.0,0.0,53.666666666666664,4.630814663149935,212.66666666666666,4.630814663149935,0.25725575678128126,0.0049823516658549,0.11183333333333334,0.004863583498249448,0.5780589065828331,0.0045427149367311724,0.05290000000000004,0.004631212944071275,0.21727048654940265,0.007671200659187027,263.7296278975212,5.8380170546139345,3.1580669376223036,0.013791403759363009,0.0,0.0,0.0,0.0,156.0,0.0,0.0,0.0,0.0,0.0,0.5876660148302714,0.004618218681175959
mnist,PU-C,0.0,0.0,160,3,164.0,0.0,61.666666666666664,2.728450923957484,225.66666666666666,2.728450923957484,0.27121858436536667,0.002921764569053579,0.1212333333333333,0.009322076545014593,0.5967163658463838,0.005464035116873307,0.061633333333333346,0.002798864849263767,0.2315939318196729,0.004441990429446581,268.8119325009468,6.105314418895642,3.2564869065924236,0.014087977512226563,0.0,0.0,0.0,0.0,161.0,0.0,0.0,0.0,0.0,0.0,0.5874464313189188,0.005940451730456542
mnist,PU-C,0.0,0.0,165,3,169.0,0.0,41.666666666666664,1.3333333333333333,210.66666666666666,1.3333333333333335,0.25511035524929565,0.0014361535625842712,0.10273333333333334,0.0034762687531956684,0.566230802002346,0.0023137885298980657,0.042820000000000046,0.0010907489781491132,0.20025860703312737,0.0019175030243010639,273.68771508496616,5.98805214447782,3.355231401976198,0.014341742891538422,0.0,0.0,0.0,0.0,166.0,0.0,0.0,0.0,0.0,0.0,0.5829873482386271,0.004480833320479364
mnist,PU-C,0.0,0.0,170,3,174.0,0.0,39.666666666666664,3.1797973380564857,213.66666666666666,3.1797973380564857,0.25833602777371806,0.0034186755158084536,0.11003333333333336,0.010338009694542022,0.5638677938434451,0.0041535669727782104,0.04018000000000004,0.002358643678048893,0.19554437010002487,0.004198651520721669,278.0321067799004,6.222337418437855,3.4537431366431215,0.01450633273725745,0.0,0.0,0.0,0.0,171.0,0.0,0.0,0.0,0.0,0.0,0.587149977684021,0.007165745351568756
mnist,PU-C,0.0,0.0,175,3,179.0,0.0,36.333333333333336,2.0275875100994067,215.33333333333334,2.0275875100994067,0.2601306196496201,0.0021796060070083056,0.09910000000000004,0.0036909799963334095,0.5572230642447543,0.003931596261893637,0.035326666666666694,0.0016850848973007596,0.18678315942457288,0.0030952623032078066,282.8211310843557,6.192800933187067,3.552451525659611,0.01471300429957299,0.0,0.0,0.0,0.0,176.0,0.0,0.0,0.0,0.0,0.0,0.5863613684972128,0.0033760436342620496
mnist,PU-C,0.0,0.0,180,3,184.0,0.0,29.666666666666668,4.702245326555294,213.66666666666666,4.702245326555294,0.2583314798151453,0.005054357741416537,0.09663333333333335,0.004428067047570277,0.5504228611213956,0.00632428019344685,0.030840000000000024,0.004227639215133356,0.17814085474159377,0.007945738246236945,287.5717218255499,6.116196146007213,3.6509579669994614,0.015063476092398196,0.0,0.0,0.0,0.0,181.0,0.0,0.0,0.0,0.0,0.0,0.587186594804128,0.00524341705685539
mnist,PU-C,0.0,0.0,185,3,189.0,0.0,31.333333333333332,4.977728174356026,220.33333333333334,4.977728174356026,0.2654935883280511,0.005344383523923689,0.09573333333333334,0.00394560233396343,0.5578242782331805,0.008862472736162771,0.0327666666666667,0.004260850202065836,0.18178775337843658,0.008025608785009512,292.5092092086803,6.298486116483375,3.749653569655493,0.015388838821486492,0.0,0.0,0.0,0.0,186.0,0.0,0.0,0.0,0.0,0.0,0.5818279981613159,0.0037386516389346664
mnist,PU-C,0.0,0.0,190,3,194.0,0.0,21.0,3.6055512754639896,215.0,3.6055512754639896,0.2597688418463804,0.0038785458454452335,0.08766666666666663,0.006495211911691409,0.5387158667281917,0.0026921680939270345,0.022953333333333353,0.0025792591528921226,0.16264371965593996,0.005396888395702964,297.11514141020075,6.124160356665936,3.8480538190342486,0.015590717647817064,0.0,0.0,0.0,0.0,191.0,0.0,0.0,0.0,0.0,0.0,0.5835321744283041,0.003197437471259032
mnist,PU-C,0.0,0.0,195,3,199.0,0.0,32.333333333333336,6.691619966628244,231.33333333333334,6.691619966628244,0.2772700247199585,0.007157922006319107,0.09596666666666669,0.006061994537920461,0.561313735451508,0.009291884729785193,0.03186000000000003,0.006003010355924219,0.17976137134509995,0.011553859015396602,301.5878708611959,6.120318089487905,3.946322512657692,0.015887412753876496,0.0,0.0,0.0,0.0,196.0,0.0,0.0,0.0,0.0,0.0,0.5846499999364217,0.004231447118494863
mnist,PU-C,0.0,0.0,20,3,24.0,0.0,370.6666666666667,31.17869643059362,394.6666666666667,31.17869643059362,0.4477457086904906,0.03192553585171764,0.3930666666666666,0.029896729661360023,0.774602662672239,0.026616092823426665,0.36765333333333333,0.03172093385202339,0.5953492652932911,0.031228083030239943,73.46523416261907,1.8413357257643423,0.46841865226936835,0.0011853552630104293,0.0,0.0,0.0,0.0,21.0,0.0,0.0,0.0,0.0,0.0,0.5952436327934265,0.022490209213784827
mnist,PU-C,0.0,0.0,200,3,204.0,0.0,31.333333333333332,8.666666666666668,235.33333333333334,8.666666666666668,0.2815338480868377,0.009256420110080859,0.09859999999999998,0.007534586916347868,0.5646529045004708,0.01584432485490115,0.03250666666666669,0.00837826022778265,0.18046823513560883,0.01593644677082155,306.01689724435386,6.313043494057016,4.044959922243531,0.016135039933599552,0.0,0.0,0.0,0.0,201.0,0.0,0.0,0.0,0.0,0.0,0.5919962326685587,0.004452756747480212
mnist,PU-C,0.0,0.0,205,3,209.0,0.0,25.333333333333332,4.702245326555294,234.33333333333334,4.702245326555294,0.28048420369547483,0.005026450320981951,0.09393333333333331,0.0020496612186191,0.5540470391224449,0.013240271478376251,0.02598666666666669,0.005059780408059013,0.16838607042031964,0.010408519124582296,310.7339317942603,6.795602770802271,4.143886546371505,0.015958008551227004,0.0,0.0,0.0,0.0,206.0,0.0,0.0,0.0,0.0,0.0,0.5853642225265503,0.005127077928097435
mnist,PU-C,0.0,0.0,210,3,214.0,0.0,13.0,1.0,227.0,1.0,0.272648907926244,0.0010705813377474747,0.08903333333333337,0.002380709511422551,0.5254753751130413,0.002778946329974233,0.013626666666666681,0.0012071638018282553,0.14228809478804164,0.0028662488546307165,314.44354445766925,7.346425320877881,4.242462780016164,0.016283761569742764,0.0,0.0,0.0,0.0,211.0,0.0,0.0,0.0,0.0,0.0,0.584945023059845,0.004990096809941569
mnist,PU-C,0.0,0.0,214,1,218.0,0.0,0.0,0.0,218.0,0.0,0.26299767539603636,0.0,0.07869999999999999,0.0,0.4844728794736194,0.0,0.00014000000000000012,0.0,0.10151332758721793,0.0,332.9773738579519,0.0,4.299312999006361,0.0,1.0,0.0,0.0,0.0,215.0,0.0,0.0,0.0,0.0,0.0,0.5738049149513245,0.0
mnist,PU-C,0.0,0.0,215,2,219.0,0.0,22.0,12.999999999999998,241.0,12.999999999999998,0.2875767637451645,0.013856916251825169,0.09189999999999998,0.0028000000000000247,0.5479790800331088,0.027637509758008216,0.024260000000000018,0.012380000000000009,0.16369624860521526,0.025532014227746463,310.57769951282154,3.738791830209493,4.357859082520008,0.005665182601660489,0.0,0.0,0.0,0.0,216.0,0.0,0.0,0.0,0.0,0.0,0.5830179154872894,0.002523630857467651
mnist,PU-C,0.0,0.0,220,2,224.0,0.0,11.5,8.499999999999998,235.5,8.499999999999998,0.2817253912508022,0.009076124551938845,0.08234999999999998,0.0037499999999999756,0.5171580391907857,0.023945107520074616,0.011860000000000011,0.008520000000000007,0.13592148042209645,0.021503873539896246,314.86591578230286,4.752544753161288,4.457398731028661,0.006504439050331711,0.0,0.0,0.0,0.0,221.0,0.0,0.0,0.0,0.0,0.0,0.5805971324443817,0.0024781525135040283
mnist,PU-C,0.0,0.0,222,1,226.0,0.0,0.0,0.0,226.0,0.0,0.27157832658849657,0.0,0.07909999999999995,0.0,0.48093081798547094,0.0,0.0006600000000000005,0.0,0.10420131225688596,0.0,321.953332093074,0.0,4.522822028957307,0.0,1.0,0.0,0.0,0.0,223.0,0.0,0.0,0.0,0.0,0.0,0.5829005241394043,0.0
mnist,PU-C,0.0,0.0,225,1,229.0,0.0,16.0,0.0,245.0,0.0,0.2918662169831805,0.0,0.08330000000000004,0.0,0.5312084277304673,0.0,0.015660000000000014,0.0,0.14706207362777562,0.0,314.13646024359076,0.0,4.564341454999521,0.0,0.0,0.0,0.0,0.0,226.0,0.0,0.0,0.0,0.0,0.0,0.5787753462791443,0.0
mnist,PU-C,0.0,0.0,230,1,234.0,0.0,2.0,0.0,236.0,0.0,0.2822717457311228,0.0,0.07210000000000005,0.0,0.49211055210702137,0.0,0.0031800000000000027,0.0,0.11388158553472112,0.0,319.0316378068063,0.0,4.663355944911018,0.0,0.0,0.0,0.0,0.0,231.0,0.0,0.0,0.0,0.0,0.0,0.5794160962104797,0.0
mnist,PU-C,0.0,0.0,235,1,239.0,0.0,2.0,0.0,241.0,0.0,0.2876053990330547,0.0,0.07399999999999995,0.0,0.4889458182162899,0.0,0.0017600000000000016,0.0,0.10879973144911055,0.0,324.5932787319334,0.0,4.7631847760640085,0.0,0.0,0.0,0.0,0.0,236.0,0.0,0.0,0.0,0.0,0.0,0.5813336968421936,0.0
mnist,PU-C,0.0,0.0,239,1,243.0,0.0,0.0,0.0,243.0,0.0,0.289736479986459,0.0,0.0726,0.0,0.48850602500370094,0.0,0.001200000000000001,0.0,0.10656759399971655,0.0,328.54210845023636,0.0,4.853453905088827,0.0,1.0,0.0,0.0,0.0,240.0,0.0,0.0,0.0,0.0,0.0,0.5804305076599121,0.0
mnist,PU-C,0.0,0.0,25,3,29.0,0.0,354.3333333333333,37.48925772063838,383.3333333333333,37.48925772063838,0.43601389951072633,0.0386500373539295,0.36223333333333335,0.03415915364551318,0.7758742821577359,0.03295316212482126,0.35359333333333337,0.03623197544220361,0.5811118399487359,0.03667483736344026,88.12679486544305,2.7773625320916633,0.5689371229770283,0.0022725061300095974,0.0,0.0,0.0,0.0,26.0,0.0,0.0,0.0,0.0,0.0,0.5626702904701233,0.006149908217612969
mnist,PU-C,0.0,0.0,30,3,34.0,0.0,345.0,19.604421270043485,379.0,19.604421270043485,0.43181063048541546,0.020191051554252305,0.3658333333333334,0.01421364758877107,0.7784987271039568,0.013564076721422562,0.34213333333333323,0.017538203379416525,0.5706278772165494,0.01778693987335547,99.71832125884555,1.1889366021709462,0.6698195569527646,0.0029237767736581925,0.0,0.0,0.0,0.0,31.0,0.0,0.0,0.0,0.0,0.0,0.5779510537783304,0.00918462128207286
mnist,PU-C,0.0,0.0,35,3,39.0,0.0,312.0,20.223748416156685,351.0,20.223748416156685,0.4029321304017988,0.020947738737371397,0.3308333333333333,0.023771154321525434,0.7621091988722264,0.01763059075254794,0.3106933333333333,0.020817448877751037,0.5383567352318922,0.021730446295562197,111.93683004037575,0.8685805145240835,0.7710876962325225,0.0037964499003899314,0.0,0.0,0.0,0.0,36.0,0.0,0.0,0.0,0.0,0.0,0.575444241364797,0.00728496050744412
mnist,PU-C,0.0,0.0,40,3,44.0,0.0,284.0,41.47690120215508,328.0,41.47690120215508,0.37873413613609347,0.042988338043065705,0.29483333333333334,0.042350062311380096,0.7398810371751683,0.03519565351468691,0.28238,0.04186015448291291,0.5070712371620191,0.044039884982344533,117.9502572825981,1.4653964464005096,0.8717794820355872,0.004162861700063775,0.0,0.0,0.0,0.0,41.0,0.0,0.0,0.0,0.0,0.0,0.5809807777404785,0.015593388778144927
mnist,PU-C,0.0,0.0,45,3,49.0,0.0,260.3333333333333,41.1757749707816,309.3333333333333,41.1757749707816,0.3592279471922666,0.04329861119376088,0.2705,0.03579627541146333,0.7270507684901802,0.039844861317930975,0.26089333333333337,0.041067031924782574,0.4835981643440572,0.046116206402511226,126.95775466061461,1.0953829435341698,0.9723965220618993,0.004885153406391105,0.0,0.0,0.0,0.0,46.0,0.0,0.0,0.0,0.0,0.0,0.5712332328160604,0.00528289289258045
mnist,PU-C,0.0,0.0,5,3,9.0,0.0,393.3333333333333,26.358637631292286,402.3333333333333,26.358637631292286,0.45565701025770977,0.026864535369708176,0.3901333333333334,0.035166714059999674,0.7181483459022829,0.018732263856827636,0.40007333333333334,0.02178599652172112,0.6272169243563256,0.020541914845125006,11.928669898487598,1.057394441786367,0.16741506437150142,0.0003387078068600054,0.0,0.0,0.0,0.0,6.0,0.0,0.0,0.0,0.0,0.0,0.5971066157023112,0.021874072820464285
mnist,PU-C,0.0,0.0,50,3,54.0,0.0,213.0,21.93171219946131,267.0,21.93171219946131,0.3150557759217918,0.023259858134297273,0.2295,0.023302574965011914,0.6923839955751924,0.020762684117605422,0.21594,0.021835533731359363,0.4346027848395688,0.025541497635664476,134.89169518527777,2.6505107968039603,1.0721815100405365,0.005319696000361169,0.0,0.0,0.0,0.0,51.0,0.0,0.0,0.0,0.0,0.0,0.5765376687049866,0.003563875270830649
mnist,PU-C,0.0,0.0,55,3,59.0,0.0,231.0,28.290163190291665,290.0,28.290163190291665,0.3392149423016235,0.029820825488468147,0.25579999999999997,0.02590057914410411,0.7133210963855356,0.02553895941710282,0.2308133333333334,0.02744806570800774,0.4512509922734467,0.031541443878002326,143.23008783197292,2.7479692476221462,1.1721776433599491,0.005933619402297991,0.0,0.0,0.0,0.0,56.0,0.0,0.0,0.0,0.0,0.0,0.582454780737559,0.005926851469884051
mnist,PU-C,0.0,0.0,60,3,64.0,0.0,206.0,30.265491900843113,270.0,30.265491900843113,0.31809113327957067,0.03208319581359327,0.2296,0.024956228347515454,0.6924718867682836,0.03114083913972624,0.20558,0.030658708387666947,0.4217700365784373,0.036486229292830755,150.08463622255633,3.202469833260595,1.2718435456821073,0.006658641324819802,0.0,0.0,0.0,0.0,61.0,0.0,0.0,0.0,0.0,0.0,0.5817258755366007,0.007791390638905197
mnist,PU-C,0.0,0.0,65,3,69.0,0.0,228.0,23.515952032609697,297.0,23.515952032609697,0.34664545584625256,0.024588055691655498,0.2519,0.024702294090495583,0.7190921934634398,0.02034972642995388,0.22276666666666664,0.022303525381527575,0.4424823059821405,0.02518882758146182,160.6168133961034,3.053644341796861,1.3716143176425248,0.007641198379975942,0.0,0.0,0.0,0.0,66.0,0.0,0.0,0.0,0.0,0.0,0.5812505880991617,0.002267580694951592
mnist,PU-C,0.0,0.0,70,3,74.0,0.0,186.66666666666666,20.40697048668529,260.6666666666667,20.40697048668529,0.30836925711870816,0.021688965654972477,0.2208333333333333,0.021969397908100364,0.6867089921290398,0.020109382489404616,0.1881733333333333,0.02022714128206071,0.40198313271252367,0.0246085450634719,164.59579591463003,3.6391686113926354,1.4713319099197786,0.00819607768574466,0.0,0.0,0.0,0.0,71.0,0.0,0.0,0.0,0.0,0.0,0.5763836701711019,0.008331012971747289
mnist,PU-C,0.0,0.0,75,3,79.0,0.0,200.33333333333334,6.009252125773315,279.3333333333333,6.009252125773315,0.32821617254133645,0.00632849638471633,0.2263666666666667,0.01447069836293713,0.7059664670559291,0.006015177716474265,0.19928666666666664,0.0074673898459308215,0.4158253985602019,0.00876473870577337,173.57543310299673,4.816660611989903,1.571281162633871,0.008450783637756282,0.0,0.0,0.0,0.0,76.0,0.0,0.0,0.0,0.0,0.0,0.5815293987592062,0.0031811784146910916
mnist,PU-C,0.0,0.0,80,3,84.0,0.0,184.0,25.53429066960741,268.0,25.53429066960741,0.3160589656520945,0.027085652490369247,0.2158,0.022333606963497843,0.6914974060930503,0.027256879865370478,0.18372666666666662,0.026336150904117412,0.3960896945322407,0.03233440215381425,178.92235528864174,4.301566263977157,1.6711495403045167,0.008692669781966577,0.0,0.0,0.0,0.0,81.0,0.0,0.0,0.0,0.0,0.0,0.5856198271115621,0.006492563104027289
mnist,PU-C,0.0,0.0,85,3,89.0,0.0,174.33333333333334,12.170090842352456,263.3333333333333,12.170090842352456,0.311281298326018,0.012899574767422524,0.2019,0.01764152298792066,0.6869978232055969,0.01150313063113496,0.17346000000000003,0.012850291825480066,0.38459461084228813,0.01583617194516631,185.74832096782586,3.944595079798478,1.7710107206366956,0.008900358958468517,0.0,0.0,0.0,0.0,86.0,0.0,0.0,0.0,0.0,0.0,0.5769782265027364,0.003698133065866255
mnist,PU-C,0.0,0.0,90,3,94.0,0.0,157.33333333333334,23.497044731436148,251.33333333333334,23.497044731436148,0.29841816547559574,0.025020402647160045,0.1967,0.029058733626915,0.6729310847029222,0.02568086571860945,0.15832000000000002,0.02326143876318345,0.36500853117156346,0.029456457037099055,191.89105872935042,4.818614611813087,1.8712861405995984,0.009292068873906685,0.0,0.0,0.0,0.0,91.0,0.0,0.0,0.0,0.0,0.0,0.5850923856099447,0.0053713429072213895
mnist,PU-C,0.0,0.0,95,3,99.0,0.0,159.66666666666666,22.556102894289562,258.6666666666667,22.556102894289562,0.3062244733640303,0.023878429690249035,0.1959,0.025546493562391942,0.6795559360423282,0.021868269307069234,0.15950666666666669,0.021782048674182243,0.3666899743378007,0.027118723490136738,198.78342950469246,3.689003114239102,1.9706746430601925,0.009889784735830486,0.0,0.0,0.0,0.0,96.0,0.0,0.0,0.0,0.0,0.0,0.5878739953041077,0.006351065708987163
mnist,PU-C,0.3,0.0,0,3,4.0,0.0,492.6666666666667,22.980668204190913,496.6666666666667,22.980668204190913,0.5511147522872003,0.022961289158477737,0.46596666666666664,0.03869975595673843,0.7680349404458071,0.0031824235502065303,0.4933666666666667,0.0041166383264881696,0.712720809601807,0.003595594771066591,0.6686872821578066,0.050425397249168204,0.06782213668338954,0.0004169131999601106,0.0,0.0,0.0,0.0,1.0,0.0,0.16666666666666666,0.08333333333333334,0.0,0.0,0.6782837708791097,0.0141560830045161
mnist,PU-C,0.3,0.0,10,3,14.0,0.0,467.3333333333333,13.593299002735789,481.3333333333333,13.593299002735789,0.5358173610875383,0.013656163476183486,0.43796666666666667,0.01926398481911545,0.7997986827734421,0.0077945495611252665,0.46518,0.011646338480398059,0.6876859912054972,0.0104235963855008,27.55251043155123,0.7589925402137351,0.26711027440615,0.0006638456454908016,0.0,0.0,0.0,0.0,11.0,0.0,0.4047619047619047,0.023809523809523798,0.0,0.0,0.6483307083447775,0.013013602889609888
mnist,PU-C,0.3,0.0,100,3,104.0,0.0,404.6666666666667,4.841946348777984,508.6666666666667,4.841946348777984,0.5632223810922975,0.0048361613402116916,0.37989999999999996,0.030171730698342995,0.8848520416389043,0.001851719230903774,0.40521333333333337,0.004932076416457687,0.6324956509338676,0.004685077153309923,206.66700740899532,2.971934975360058,2.1226420486345887,0.003560704047560007,0.0,0.0,0.0,0.0,101.0,0.0,0.2980769230769231,0.01923076923076924,0.0,0.0,0.5826103289922079,0.009611006058125352
mnist,PU-C,0.3,0.0,105,3,109.0,0.0,383.0,3.2145502536643185,492.0,3.2145502536643185,0.5465565019015534,0.0032214291841496665,0.36413333333333336,0.03802079840181045,0.8757691156036854,0.0020531657239681537,0.38575333333333334,0.0042101517523455145,0.6138898168103483,0.004063803761262973,212.27679502974252,2.747477111645227,2.2276547550378987,0.003768116271797989,0.0,0.0,0.0,0.0,106.0,0.0,0.30275229357798167,0.023088178701133794,0.0,0.0,0.5907711982727051,0.003170415407655451
mnist,PU-C,0.3,0.0,110,3,114.0,0.0,394.3333333333333,8.006941432976209,508.3333333333333,8.006941432976209,0.5628805623855442,0.007998274646960273,0.36093333333333333,0.031809030863018194,0.8817189589704135,0.003290022573267142,0.39215333333333335,0.007712192367356461,0.6200106233131669,0.007417919370843416,217.71825911753822,3.0687250283285095,2.3326345156723014,0.003970975492507398,0.0,0.0,0.0,0.0,111.0,0.0,0.30701754385964913,0.022075539284417394,0.0,0.0,0.5825447042783102,0.007417700384016634
mnist,PU-C,0.3,0.0,115,3,119.0,0.0,379.6666666666667,8.875684637129565,498.6666666666667,8.875684637129565,0.553216227524293,0.008888478872941993,0.3583333333333334,0.03857383972475531,0.8768221308284253,0.003826884712826216,0.37997333333333333,0.008027123464299762,0.6082536503997843,0.007817566508677844,223.3991869266522,3.00161312327259,2.43783823098056,0.004096665773997933,0.0,0.0,0.0,0.0,116.0,0.0,0.3053221288515406,0.01559597860736702,0.0,0.0,0.5926517446835836,0.008523549236286183
mnist,PU-C,0.3,0.0,120,3,124.0,0.0,380.0,5.567764362830022,504.0,5.567764362830022,0.5585596649325453,0.005567014229009277,0.3509,0.0436873360750382,0.8787903062202957,0.002397023597895461,0.37978,0.006057139038633124,0.6080914064632628,0.005894372356235107,228.5373061275075,3.225858954636521,2.5435712370090187,0.004288373027843497,0.0,0.0,0.0,0.0,121.0,0.0,0.2956989247311828,0.013440860215053755,0.0,0.0,0.579974909623464,0.006660002099921224
mnist,PU-C,0.3,0.0,125,3,129.0,0.0,370.3333333333333,8.838049055708568,499.3333333333333,8.838049055708568,0.5538833086611703,0.008832499575215265,0.35223333333333334,0.03957142627929623,0.8755485108908313,0.004051688572781759,0.37096,0.008605354921985105,0.5994615362441659,0.008387855329500685,233.71593518783527,3.2460308961914164,2.649528404697776,0.004719816017522446,0.0,0.0,0.0,0.0,126.0,0.0,0.2971576227390181,0.011263304763670995,0.0,0.0,0.5837136705716451,0.006647194939985636
mnist,PU-C,0.3,0.0,130,3,134.0,0.0,381.3333333333333,7.881060278357926,515.3333333333334,7.881060278357927,0.5698639592737891,0.007852762359241181,0.36063333333333336,0.027162494567162115,0.8830721306875114,0.0037180243026160515,0.38084,0.007103501484010098,0.6091072867879294,0.006883123917989058,238.15953874441115,3.3050536134154576,2.7548110290275267,0.005103452874893422,0.0,0.0,0.0,0.0,131.0,0.0,0.30597014925373134,0.004308584098430056,0.0,0.0,0.5811025301615397,0.004392737859362558
mnist,PU-C,0.3,0.0,135,3,139.0,0.0,366.3333333333333,7.965202096899014,505.3333333333333,7.965202096899014,0.5598846568415562,0.007951333826007077,0.3454333333333333,0.031281535199610064,0.8775010397593457,0.0037329567480065043,0.36805333333333334,0.007458912640444183,0.5966298529071,0.00729811981144933,243.16524253969922,3.2348134421707,2.8607043543985733,0.005411580693300493,0.0,0.0,0.0,0.0,136.0,0.0,0.30695443645083936,0.004796163069544354,0.0,0.0,0.5845816731452942,0.006071154590789418
mnist,PU-C,0.3,0.0,140,3,144.0,0.0,369.6666666666667,8.252945602093298,513.6666666666666,8.252945602093298,0.5682010152959265,0.008233856193143553,0.3460666666666667,0.024888038179905696,0.8802070711001866,0.0045088135905215,0.36945333333333324,0.008234839268484721,0.5979913742337819,0.008072345136514598,248.2248832964956,2.999966836700988,2.9667414512950927,0.005575296945418416,0.0,0.0,0.0,0.0,141.0,0.0,0.3101851851851852,0.0061244243311680295,0.0,0.0,0.5814270377159119,0.006863761668676252
mnist,PU-C,0.3,0.0,145,3,149.0,0.0,358.6666666666667,5.92546294487706,507.6666666666667,5.92546294487706,0.5622213945219604,0.005914099575952269,0.3393333333333333,0.02271624479921314,0.8754076378425638,0.003383051032945887,0.35818666666666665,0.006626515759515812,0.586912786205814,0.0065494556664285565,253.07190181919722,2.8361391124547937,3.0726366960443556,0.005702470609770623,0.0,0.0,0.0,0.0,146.0,0.0,0.3042505592841163,0.008066110235937325,0.0,0.0,0.5853650768597921,0.004643450628561138
mnist,PU-C,0.3,0.0,15,3,19.0,0.0,489.3333333333333,12.440971737681016,508.3333333333333,12.440971737681016,0.5628603957399415,0.012434305317892745,0.4693666666666667,0.022272579055371586,0.842208989067652,0.009633717196427433,0.4907333333333333,0.012450329759131346,0.7103042057652136,0.010959140023814248,47.68294540538913,1.1309008713398827,0.367724680652221,0.0009183207099118947,0.0,0.0,0.0,0.0,16.0,0.0,0.3859649122807018,0.03508771929824561,0.0,0.0,0.6609074473381042,0.01413834620788225
mnist,PU-C,0.3,0.0,150,3,154.0,0.0,357.0,9.018499505645789,511.0,9.018499505645789,0.5655381672355967,0.00898934599631723,0.34026666666666666,0.029047394222393025,0.8757260289858729,0.004680967876573908,0.35584666666666664,0.009484628499724054,0.5845490217728034,0.009375426030788246,257.7863701431998,2.982477990354013,3.1790122826738902,0.005773828717432212,0.0,0.0,0.0,0.0,151.0,0.0,0.303030303030303,0.012051438014783603,0.0,0.0,0.5843493938446045,0.005119801303293958
mnist,PU-C,0.3,0.0,155,3,159.0,0.0,350.3333333333333,4.910306620885412,509.3333333333333,4.910306620885412,0.5638876951027972,0.0048987943381978835,0.3481,0.0205850269208795,0.8734126499531033,0.002153198790327504,0.34915333333333326,0.005089915956520761,0.5779432375601758,0.005073916306973767,262.1367187383853,3.3063945780197477,3.2856004210188985,0.005909865399887723,0.0,0.0,0.0,0.0,156.0,0.0,0.3060796645702306,0.011672461976582853,0.0,0.0,0.5867931445439657,0.007826886478828232
mnist,PU-C,0.3,0.0,160,3,164.0,0.0,346.3333333333333,11.83685393637647,510.3333333333333,11.83685393637647,0.5648598345578648,0.011796430357478585,0.33463333333333334,0.02524086193280868,0.8741263530282315,0.00575583381450865,0.34759999999999996,0.01105333132287882,0.5762982330245265,0.011002212728583427,266.95915523251716,3.5435454132092445,3.392342810984701,0.005965287563946932,0.0,0.0,0.0,0.0,161.0,0.0,0.3089430894308944,0.01465671250188613,0.0,0.0,0.5817763805389404,0.008223515620677427
mnist,PU-C,0.3,0.0,165,3,169.0,0.0,347.3333333333333,3.9299420408505323,516.3333333333334,3.9299420408505323,0.5708710510322513,0.003915095691350078,0.3419666666666667,0.015024572465723555,0.8756437597546038,0.0015873981974838048,0.34714,0.002625947448065177,0.5759479629848863,0.0026256954021799373,271.452254039013,3.9181559747024366,3.499211753020063,0.006042589213917287,0.0,0.0,0.0,0.0,166.0,0.0,0.30966469428007887,0.018815368864239564,0.0,0.0,0.5907640854517618,0.0038354750278845186
mnist,PU-C,0.3,0.0,170,3,174.0,0.0,357.6666666666667,12.170090842352456,531.6666666666666,12.170090842352456,0.586095582790828,0.012075658860941687,0.35379999999999995,0.022716146973757102,0.8825122094832487,0.0063388020259117816,0.35602,0.012662179907109225,0.5846549988971262,0.0125015614795591,276.63697160029574,3.7583515239711907,3.606895363967245,0.006168009861622785,0.0,0.0,0.0,0.0,171.0,0.0,0.31417624521072796,0.01636782326689182,0.0,0.0,0.5844786167144775,0.004511168407157635
mnist,PU-C,0.3,0.0,175,3,179.0,0.0,338.0,8.082903768654761,517.0,8.082903768654761,0.5715242447719598,0.008053937775021136,0.3338666666666667,0.027353996254863955,0.8735566475320501,0.0035582094544387008,0.33818666666666664,0.007768022771450771,0.5668942712585564,0.007841627600947032,280.71585042179026,3.7086285278383966,3.7145367021051547,0.0061599000744687145,0.0,0.0,0.0,0.0,176.0,0.0,0.31657355679702043,0.01591062149966021,0.0,0.0,0.5786584218343099,0.00982708203067641
mnist,PU-C,0.3,0.0,180,3,184.0,0.0,335.3333333333333,4.910306620885412,519.3333333333334,4.910306620885413,0.5738578074184867,0.00488783737400546,0.3345666666666667,0.03255709514751653,0.873864966316012,0.00211242850904902,0.3359733333333333,0.004885629721722456,0.5646927423253748,0.00493579666488882,285.19937277535763,3.884067718761257,3.822179083712399,0.006242721318937423,0.0,0.0,0.0,0.0,181.0,0.0,0.31521739130434784,0.011313402171011575,0.0,0.0,0.5840350985527039,0.005836720001224804
mnist,PU-C,0.3,0.0,185,3,189.0,0.0,332.3333333333333,5.2068331172711035,521.3333333333334,5.2068331172711035,0.5758484848580944,0.005183719630260951,0.3345666666666666,0.031428030659128345,0.8735466004953105,0.0019488432864273866,0.33283333333333326,0.00519610537913841,0.5615072285601793,0.005277368930127019,289.64418763484144,3.9617086202533627,3.9297252726585916,0.0063712579798532905,0.0,0.0,0.0,0.0,186.0,0.0,0.31393298059964725,0.011565147309174604,0.0,0.0,0.5860044360160828,0.00953107577231015
mnist,PU-C,0.3,0.0,190,3,194.0,0.0,323.0,7.810249675906655,517.0,7.810249675906655,0.5715252096415497,0.00778096143208994,0.33713333333333334,0.028999386966700604,0.8698178239145072,0.0030545868012670707,0.32424000000000003,0.006865575965156399,0.5527274156526117,0.007029077558328199,294.00471553429395,3.9043264701109326,4.037330627751847,0.006509698090862293,0.0,0.0,0.0,0.0,191.0,0.0,0.3178694158075601,0.00956660543441585,0.0,0.0,0.5837475856145223,0.0062006252602194445
mnist,PU-C,0.3,0.0,195,3,199.0,0.0,326.0,11.372481406154654,525.0,11.372481406154654,0.5794740232522599,0.01130094472595826,0.3334333333333333,0.03239929697454014,0.8720541449535858,0.005679263922861421,0.3255666666666666,0.010786567778697917,0.5540154823579463,0.010988013902249115,298.3531995943117,3.8513291669154097,4.145206397399306,0.006504369782716398,0.0,0.0,0.0,0.0,196.0,0.0,0.31825795644891125,0.008863488479278368,0.0,0.0,0.5838295221328735,0.005789755718963568
mnist,PU-C,0.3,0.0,20,3,24.0,0.0,480.6666666666667,7.881060278357926,504.6666666666667,7.881060278357926,0.5592189052646669,0.007877451639547268,0.4663333333333333,0.021859882077551213,0.8516254744772497,0.0071817992680970446,0.47856666666666664,0.010146699518124679,0.6996389076470763,0.008989142514935817,66.91035896915669,0.6894387445326476,0.4689629040658474,0.0010719982142916727,0.0,0.0,0.0,0.0,21.0,0.0,0.3888888888888889,0.013888888888888897,0.0,0.0,0.6197383403778076,0.01354254293665928
mnist,PU-C,0.3,0.0,200,3,204.0,0.0,320.0,5.131601439446884,524.0,5.131601439446884,0.578502395170896,0.005107479876468619,0.3378666666666667,0.023505058557208,0.8718035063750172,0.0030641577270420256,0.32217333333333326,0.004001005429194586,0.5506412465647034,0.004105675552241923,303.23207261339763,4.051211018443042,4.253246024794255,0.00640265629635549,0.0,0.0,0.0,0.0,201.0,0.0,0.31862745098039214,0.01020424509542222,0.0,0.0,0.5834930737813314,0.005880515751046034
mnist,PU-C,0.3,0.0,205,3,209.0,0.0,319.6666666666667,12.784539273843404,528.6666666666666,12.784539273843404,0.5831117505828539,0.012688431524732592,0.3319333333333333,0.03549658825546164,0.871189919716311,0.007335703922674563,0.31914000000000003,0.012951329404093354,0.5473714783357696,0.01324556600832572,307.48383000730877,4.4071343653987975,4.361697831035902,0.006106489921811741,0.0,0.0,0.0,0.0,206.0,0.0,0.32376395534290275,0.005750480503132372,0.0,0.0,0.5839475194613138,0.007020638088602264
mnist,PU-C,0.3,0.0,210,3,214.0,0.0,321.0,2.6457513110645907,535.0,2.6457513110645907,0.5894365458904455,0.002626030960227984,0.33709999999999996,0.028802835508562937,0.8744734971197857,0.0004167872152183705,0.32163333333333327,0.002818801951972578,0.5500954063485163,0.002896780459450172,311.85049423447487,4.316948749827807,4.469943513395265,0.005945313079444862,0.0,0.0,0.0,0.0,211.0,0.0,0.3224299065420561,0.00713796837220536,0.0,0.0,0.5839077631632487,0.006972350402918093
mnist,PU-C,0.3,0.0,215,3,219.0,0.0,309.6666666666667,10.974718422102885,528.6666666666666,10.974718422102885,0.583121471805498,0.010905476588765334,0.3302,0.034843650784612115,0.8686323463559077,0.00550853434761717,0.3100866666666667,0.010523791036398304,0.5380694187516809,0.010931997874176546,315.9181820132912,4.186941821757905,4.578350877311702,0.006031844776472744,0.0,0.0,0.0,0.0,216.0,0.0,0.3226788432267884,0.00548790148472449,0.0,0.0,0.5801529089609782,0.008104853898531878
mnist,PU-C,0.3,0.0,220,3,224.0,0.0,313.6666666666667,4.910306620885412,537.6666666666666,4.910306620885413,0.5920782522298396,0.004872304977220021,0.3306666666666666,0.03863048594626328,0.8722873169811454,0.0018016738735211833,0.31348,0.004573503398198476,0.5416805238599981,0.004737561975717823,320.09854726550753,4.087191950242008,4.687010508341094,0.006190238992700932,0.0,0.0,0.0,0.0,221.0,0.0,0.3244047619047619,0.0029761904761904656,0.0,0.0,0.584202508131663,0.002184355842304351
mnist,PU-C,0.3,0.0,225,3,229.0,0.0,301.6666666666667,8.950481054731702,530.6666666666666,8.950481054731702,0.5851177040603943,0.00889896509712264,0.32416666666666666,0.039665784303911655,0.8658396174610737,0.005016745350766487,0.30096666666666666,0.009609941611569629,0.5285740657191017,0.010104964015927689,324.31982907690696,4.100799894380715,4.795680146664381,0.0062978863032035,0.0,0.0,0.0,0.0,226.0,0.0,0.3245997088791849,0.00385116639165151,0.0,0.0,0.5771236022313436,0.005232247934279355
mnist,PU-C,0.3,0.0,230,3,234.0,0.0,306.6666666666667,5.04424865014052,540.6666666666666,5.04424865014052,0.5950522812199779,0.005001240540197648,0.33393333333333336,0.03403529214082216,0.8707647844887667,0.0018770113852380605,0.30649333333333334,0.005494558924770709,0.5344163417584341,0.005735240477430138,328.36134836167895,4.587470213768823,4.9042184627614915,0.0063362120225081055,0.0,0.0,0.0,0.0,231.0,0.0,0.32763532763532766,0.006209257754331453,0.0,0.0,0.5805498560269674,0.005846151415780201
mnist,PU-C,0.3,0.0,235,3,239.0,0.0,296.6666666666667,8.51143022320247,535.6666666666666,8.51143022320247,0.5900833692673283,0.008451972400944025,0.324,0.03733528268720263,0.8659029301121235,0.004521316565375756,0.2966733333333334,0.009012475304327406,0.5240765195136028,0.009518290601018704,332.3848629040127,4.610689550193121,5.013399965983505,0.0065099148464471636,0.0,0.0,0.0,0.0,236.0,0.0,0.3263598326359833,0.006391318960886805,0.0,0.0,0.5831646720568339,0.00634432557450805
mnist,PU-C,0.3,0.0,240,3,244.0,0.0,304.3333333333333,11.289129481250733,548.3333333333334,11.289129481250733,0.6026209406360673,0.011172222798432595,0.33326666666666666,0.04121287555013741,0.8714866794381253,0.006233734548354324,0.3035466666666667,0.011633000950361447,0.5312291690485681,0.012165965341482376,336.5661279294947,4.630004263409863,5.122805469669402,0.0062362045683618745,0.0,0.0,0.0,0.0,241.0,0.0,0.3265027322404372,0.0036144143593778424,0.0,0.0,0.5804385940233866,0.005801747911936278
mnist,PU-C,0.3,0.0,245,3,249.0,0.0,290.0,6.3508529610858835,539.0,6.3508529610858835,0.5933967623859644,0.006296757077262734,0.31393333333333334,0.03412376167879372,0.8649070267255746,0.0034422860714363817,0.2904533333333334,0.006664236223637674,0.5175488169843915,0.007065878911174583,340.9818863328406,4.6152612245641205,5.2323303193164366,0.006008454031397509,0.0,0.0,0.0,0.0,246.0,0.0,0.3239625167336011,0.005835206082383759,0.0,0.0,0.5833492080370585,0.008297374219958081
mnist,PU-C,0.3,0.0,25,3,29.0,0.0,473.6666666666667,9.905105305402419,502.6666666666667,9.905105305402419,0.5572121214548437,0.009896928256666998,0.4693333333333333,0.01954774781002774,0.8627128342512366,0.006508884108825131,0.4734533333333333,0.010447942912894937,0.6950962855872568,0.009264853269085905,85.74167110398211,0.47768886148108974,0.5703863720409572,0.001027727479891173,0.0,0.0,0.0,0.0,26.0,0.0,0.3908045977011494,0.011494252873563223,0.0,0.0,0.5864266753196716,0.008899537646630665
mnist,PU-C,0.3,0.0,250,3,254.0,0.0,290.3333333333333,8.089774066341064,544.3333333333334,8.089774066341066,0.5986757283098996,0.008005710523948904,0.3155333333333333,0.03750441455497088,0.8662780183965215,0.0048577645600733025,0.29052000000000006,0.008208637727012531,0.5175946125684526,0.008665147027863517,345.1327380942466,4.567305496819104,5.341783856429781,0.006104353671850194,0.0,0.0,0.0,0.0,251.0,0.0,0.3228346456692913,0.0022730325558646645,0.0,0.0,0.5778538982073466,0.004963104523159116
mnist,PU-C,0.3,0.0,255,3,259.0,0.0,281.6666666666667,6.984108946585654,540.6666666666666,6.984108946585655,0.5950470195578722,0.006926455236590082,0.3080333333333333,0.03850010100996851,0.8612462591987127,0.003792899293618255,0.2804933333333333,0.007668501229778283,0.5069250585372629,0.008237055660804469,349.16340868992256,4.7220215091062805,5.450955795977886,0.006061623451125865,0.0,0.0,0.0,0.0,256.0,0.0,0.3230373230373231,0.0012870012870012846,0.0,0.0,0.5750505725542704,0.0029383075854037396
mnist,PU-C,0.3,0.0,260,3,264.0,0.0,282.3333333333333,9.5626588585207,546.3333333333334,9.5626588585207,0.6006499473781636,0.009467987954650661,0.31026666666666664,0.03971604769415564,0.8631687818307053,0.005736053606865767,0.28153333333333336,0.010262958204685015,0.5079851346071702,0.010990928702772533,353.1824483117619,4.796265576113371,5.56041654633979,0.006080705873822974,0.0,0.0,0.0,0.0,261.0,0.0,0.3207070707070707,0.0012626262626262616,0.0,0.0,0.5765268802642822,0.003952154294468509
mnist,PU-C,0.3,0.0,265,3,269.0,0.0,276.3333333333333,7.172478263783337,545.3333333333334,7.172478263783338,0.5996690972242504,0.007106890085045599,0.3058,0.03667292370855278,0.86001191592594,0.0026653480049404787,0.2744666666666667,0.00571413841079982,0.5004824856828479,0.0061736738367656795,357.0652765186757,4.7351796944366,5.6697318747173995,0.006135965744844299,0.0,0.0,0.0,0.0,266.0,0.0,0.32342007434944237,0.0021462835285859763,0.0,0.0,0.583019475142161,0.0061393207114705806
mnist,PU-C,0.3,0.0,270,3,274.0,0.0,280.6666666666667,13.86041525752786,554.6666666666666,13.86041525752786,0.6088673710085762,0.013680182643570217,0.31196666666666667,0.0378707597553105,0.865119305794405,0.00879619352857062,0.2806866666666667,0.014593452108546644,0.5069587638433677,0.01555385040310036,361.48052709333086,4.740342474063449,5.7791652923915535,0.006371762871657613,0.0,0.0,0.0,0.0,271.0,0.0,0.32116788321167883,0.00421423554153011,0.0,0.0,0.5814648071924845,0.0017382021350917764
mnist,PU-C,0.3,0.0,275,3,279.0,0.0,268.3333333333333,8.666666666666668,547.3333333333334,8.666666666666668,0.601643344911281,0.008577459457306673,0.3027666666666667,0.03357307121952222,0.8588868079938327,0.004958164483579627,0.26848,0.008562390631904941,0.49396288907778924,0.009293025017457776,365.747205104761,5.000839776357028,5.889173130660008,0.006349106506185701,0.0,0.0,0.0,0.0,276.0,0.0,0.3201911589008363,0.005207764568148953,0.0,0.0,0.5803970893224081,0.0031271379204700117
mnist,PU-C,0.3,0.0,280,3,284.0,0.0,271.3333333333333,11.14051664471227,555.3333333333334,11.14051664471227,0.6095414897038912,0.0109934465847663,0.30726666666666663,0.03911369467476976,0.8619401049818295,0.006991950788502388,0.27129333333333333,0.011313168335076522,0.4969468908390118,0.01218235271402566,369.820410333477,5.033173778722384,5.999237051000819,0.0063084192583835255,0.0,0.0,0.0,0.0,281.0,0.0,0.32042253521126757,0.006098770449186196,0.0,0.0,0.5789787967999777,0.0026089126103795417
mnist,PU-C,0.3,0.0,285,3,289.0,0.0,262.3333333333333,8.452481555403978,551.3333333333334,8.452481555403978,0.6056006895766283,0.008353554296857106,0.2952,0.0326304050439668,0.8570527786727647,0.005484367657724211,0.26175333333333334,0.008821914632197355,0.4866345995300068,0.009622308731132016,373.74558674965675,5.170198761455659,6.109135674312711,0.006675736547148175,0.0,0.0,0.0,0.0,286.0,0.0,0.3217993079584775,0.0034602076124567453,0.0,0.0,0.5759509205818176,0.0035738438137269163
mnist,PU-C,0.3,0.0,290,3,294.0,0.0,262.0,11.67618659209133,556.0,11.67618659209133,0.6101971255072082,0.011518046647324082,0.30143333333333333,0.03814910804258003,0.8577228098990024,0.007843887422470311,0.26111999999999996,0.012107865212332022,0.4858604159760722,0.013161955948737931,377.54498701402923,5.079240871228674,6.219190482360621,0.007027257522925934,0.0,0.0,0.0,0.0,291.0,0.0,0.3231292517006803,0.003927552851630095,0.0,0.0,0.5748220086097717,0.007875872999401621
mnist,PU-C,0.3,0.0,295,3,299.0,0.0,255.66666666666666,9.820613241770825,554.6666666666666,9.820613241770824,0.6088892696231293,0.009692508311822567,0.2984,0.03345878061137317,0.8558379041831107,0.006385505510847421,0.2563933333333333,0.009914516853808087,0.4807350831225025,0.010855992726514054,381.09529290287577,4.9807806298751425,6.329688523042326,0.007463852238268947,0.0,0.0,0.0,0.0,296.0,0.0,0.31995540691192864,0.004859419112085475,0.0,0.0,0.5742059548695883,0.005744000303350318
mnist,PU-C,0.3,0.0,296,3,300.0,0.0,254.0,8.888194417315589,554.0,8.888194417315589,0.6082346154920136,0.008776535841342954,0.2944333333333333,0.03455244001675009,0.8551086948562081,0.005898259384377024,0.2549133333333333,0.009093106057765839,0.47912576088873365,0.009975881872241488,381.80983257715747,4.983631228271241,6.39651288301684,0.007596824094815224,0.0,0.0,1.0,0.0,297.0,0.0,0.31888888888888894,0.004843221048378525,0.0,0.0,0.5759504834810892,0.004946124461598226
mnist,PU-C,0.3,0.0,30,3,34.0,0.0,457.3333333333333,9.171210994798404,491.3333333333333,9.171210994798404,0.5458720912380765,0.009200007628732017,0.4529,0.02572009590443501,0.8626807473265464,0.004774228829153858,0.4561866666666667,0.008828637745679921,0.6796381314353962,0.008013806065611724,101.86835531677247,1.494286467986258,0.6724303672866275,0.0012440887119216635,0.0,0.0,0.0,0.0,31.0,0.0,0.36274509803921573,0.009803921568627435,0.0,0.0,0.5741607546806335,0.007637948241693074
mnist,PU-C,0.3,0.0,35,3,39.0,0.0,469.3333333333333,13.593299002735789,508.3333333333333,13.593299002735789,0.5628536913039474,0.013574575420131572,0.44939999999999997,0.020738691697726123,0.8791093262036327,0.006774526317517692,0.4700266666666666,0.011385846965031234,0.6920260183058283,0.010162240959238117,115.10448313265142,0.531031514978747,0.7743751737289131,0.0014310420919695158,0.0,0.0,0.0,0.0,36.0,0.0,0.35042735042735046,0.01709401709401711,0.0,0.0,0.5837099552154541,0.017073102839608806
mnist,PU-C,0.3,0.0,40,3,44.0,0.0,455.0,9.848857801796104,499.0,9.848857801796104,0.5535456644914424,0.0098605301991573,0.4515,0.021967931172506897,0.877799077774255,0.006914858541091639,0.4577,0.01254842353976519,0.6809381411092237,0.011379385138605059,125.9793259506517,1.3007884751459755,0.8768726753381392,0.0016051157564908518,0.0,0.0,0.0,0.0,41.0,0.0,0.3333333333333333,0.027314782389878705,0.0,0.0,0.5709541837374369,0.005742157838491646
mnist,PU-C,0.3,0.0,45,3,49.0,0.0,461.0,9.165151389911681,510.0,9.165151389911681,0.564539740230733,0.009154478465300328,0.46060000000000006,0.0035076107727815753,0.8840144242875896,0.005439286519698606,0.46127999999999997,0.008376061126806559,0.6842382821269878,0.00755838695220399,133.6455080115148,1.279875499951383,0.9797529490509381,0.001782335608972218,0.0,0.0,0.0,0.0,46.0,0.0,0.31972789115646255,0.024527559697033952,0.0,0.0,0.5733242233594259,0.009063237945087161
mnist,PU-C,0.3,0.0,5,3,9.0,0.0,461.3333333333333,7.512951779723097,470.3333333333333,7.512951779723097,0.5247846097724201,0.007564800350962262,0.41429999999999995,0.017223627182836175,0.7694002106635677,0.0078612355011281,0.4649266666666667,0.011189759207021005,0.6874676615296348,0.010000603151516416,10.13530709579811,0.7891680537036894,0.16735968296416104,0.0004911180114158417,0.0,0.0,0.0,0.0,6.0,0.0,0.1851851851851852,0.037037037037037035,0.0,0.0,0.6096388498942057,0.0076599640840275705
mnist,PU-C,0.3,0.0,50,3,54.0,0.0,454.0,6.000000000000001,508.0,6.000000000000001,0.5625540229763525,0.0059945439764608945,0.4593333333333333,0.0055245914881655355,0.8856364580725761,0.0027852510936874383,0.4562266666666666,0.004793013433924166,0.6797207223035798,0.0043347827222733944,142.5043560201976,0.9601719258256357,1.0827478253437828,0.0019376811437081703,0.0,0.0,0.0,0.0,51.0,0.0,0.2962962962962963,0.02828750428985087,0.0,0.0,0.5888054569562277,0.008179546790271046
mnist,PU-C,0.3,0.0,55,3,59.0,0.0,443.0,9.29157324317757,502.0,9.29157324317757,0.556548288926327,0.009286263768701857,0.4448666666666667,0.007211410711119194,0.8831328240916408,0.004168827839613364,0.44511999999999996,0.0058858587592069455,0.6696187161163251,0.005371806086067265,150.64237298802126,1.687089460441876,1.186013602341215,0.001889411523302632,0.0,0.0,0.0,0.0,56.0,0.0,0.3107344632768361,0.014947747520138922,0.0,0.0,0.5727017124493917,0.00682128713245957
mnist,PU-C,0.3,0.0,60,3,64.0,0.0,449.3333333333333,3.8441875315569325,513.3333333333334,3.844187531556932,0.5678804973140359,0.003831956286246151,0.4543,0.0028354893757515823,0.8880441362724273,0.0028412297366853445,0.44811333333333336,0.003717424436951529,0.6723665419034283,0.003380491691230897,157.32490651422867,1.698393298658288,1.2894529877230525,0.0019345958129280707,0.0,0.0,0.0,0.0,61.0,0.0,0.3177083333333333,0.018778912893041615,0.0,0.0,0.5819820562998453,0.01073507675358206
mnist,PU-C,0.3,0.0,65,3,69.0,0.0,446.0,2.6457513110645907,515.0,2.6457513110645907,0.5695439825261323,0.0026378771290492104,0.4457,0.015300435723643062,0.8885283719408461,0.0027648330093589884,0.44393999999999995,0.0031803354120805032,0.6685611760634136,0.002905971558799458,163.58336624784528,2.1880000100025145,1.3926355919490259,0.002133995267197443,0.0,0.0,0.0,0.0,66.0,0.0,0.3140096618357488,0.021057482819037066,0.0,0.0,0.5679318904876709,0.007135215836102482
mnist,PU-C,0.3,0.0,70,3,74.0,0.0,431.0,4.358898943540674,505.0,4.358898943540674,0.5595615318355461,0.004354222296612602,0.42639999999999995,0.007538567503179903,0.8845888388917807,0.002850634090149349,0.43167333333333335,0.0041973695466459675,0.6572746647028893,0.00388168496661302,170.38770443799646,2.3573712990520095,1.4965255530551076,0.0022345642575625374,0.0,0.0,0.0,0.0,71.0,0.0,0.3243243243243243,0.02813062161440721,0.0,0.0,0.5860714912414551,0.006586591039473221
mnist,PU-C,0.3,0.0,75,3,79.0,0.0,429.0,0.5773502691896258,508.0,0.5773502691896258,0.5625619563894967,0.0005764403592956142,0.4091666666666667,0.00860703846343859,0.8851672493175964,0.0012162848258539369,0.4275333333333334,0.0007843751936697202,0.6534531946437272,0.0007284216561547068,176.97837632012974,2.1126866715798616,1.6005724256392568,0.0024338527487398477,0.0,0.0,0.0,0.0,76.0,0.0,0.3206751054852321,0.01839197866472858,0.0,0.0,0.5785479346911112,0.007825157641645994
mnist,PU-C,0.3,0.0,80,3,84.0,0.0,413.3333333333333,9.597453365925311,497.3333333333333,9.597453365925311,0.5518790623561168,0.009601416145967597,0.41066666666666674,0.02041831966097547,0.8791620944298995,0.006718624853858949,0.41259333333333337,0.009761095111603937,0.6394046349779,0.009170622877296855,183.5021610550658,2.38366992431159,1.7044606003910303,0.0026755179580156365,0.0,0.0,0.0,0.0,81.0,0.0,0.3253968253968254,0.017297218029923313,0.0,0.0,0.5857858061790466,0.0059904457052916815
mnist,PU-C,0.3,0.0,85,3,89.0,0.0,432.0,2.0816659994661326,521.0,2.0816659994661326,0.5755217469219739,0.00207267302474835,0.4315333333333333,0.014147005965142519,0.8926983318753244,0.0018774172263430232,0.4313133333333334,0.0020170715846934404,0.6569532870038297,0.0018677601151354487,189.80871804866953,2.436339581780386,1.8086620647615443,0.002803584509830478,0.0,0.0,0.0,0.0,86.0,0.0,0.32584269662921345,0.019461245028863792,0.0,0.0,0.5871764620145162,0.004344928907362131
mnist,PU-C,0.3,0.0,90,3,94.0,0.0,414.0,9.073771725877467,508.0,9.073771725877467,0.56254371178026,0.00906383296974196,0.41516666666666663,0.00822077314558133,0.8848642236899104,0.006116831514820565,0.4135866666666667,0.008991620790738682,0.6403518141969929,0.008449439188373294,195.39209452657641,2.4523752941946597,1.9131550733776141,0.0030329634906338205,0.0,0.0,0.0,0.0,91.0,0.0,0.3120567375886525,0.015457088452271884,0.0,0.0,0.5770470897356669,0.0069444821418238045
mnist,PU-C,0.3,0.0,95,3,99.0,0.0,411.3333333333333,4.910306620885412,510.3333333333333,4.910306620885412,0.5648857113556005,0.0048997417065346875,0.4086333333333334,0.024954247022189326,0.8859568201497513,0.003247602956442183,0.4111733333333334,0.003711142381771098,0.6381381161679385,0.0034965711677242928,201.08685526150987,2.8136996434931,2.0177154177023717,0.0032480837085088602,0.0,0.0,0.0,0.0,96.0,0.0,0.2996632996632997,0.0178165071452161,0.0,0.0,0.5842097401618958,0.013713533538085253
mnist,PU-R,0.0,0.0,0,3,4.0,0.0,466.6666666666667,1.2018504251546631,470.6666666666667,1.2018504251546631,0.5251324207444364,0.0012098006960308513,0.45776666666666666,0.01337925425591591,0.7558692764084621,0.0027714838018954874,0.47774,0.003660291427377531,0.6989816440728669,0.0032371273117268854,0.8640735168250385,0.10480030302800067,0.06771160235318045,0.0005438241887780721,0.0,0.0,0.0,0.0,1.0,0.0,0.0,0.0,0.0,0.0,0.6982209881146749,0.008237089674220932
mnist,PU-R,0.0,0.0,10,3,14.0,0.0,433.3333333333333,3.333333333333334,447.3333333333333,3.333333333333334,0.5015796223112071,0.0033718163419204452,0.44349999999999995,0.014290206436577461,0.7783076139907492,0.0022268394127322455,0.43348666666666674,0.002517679707808569,0.6589599060704142,0.0023246074924163068,29.729462115151225,1.359284975888614,0.2729738807150473,0.0007984917805879441,0.0,0.0,0.0,0.0,11.0,0.0,0.0,0.0,0.0,0.0,0.6381878058115641,0.012746419309982524
mnist,PU-R,0.0,0.0,100,3,104.0,0.0,153.66666666666666,12.914247085207013,257.6666666666667,12.914247085207013,0.3052713288149486,0.01368189316642959,0.18579999999999997,0.016381188398078252,0.6803249952413281,0.015754102176244844,0.1541066666666667,0.013048843286326633,0.36050959113764813,0.016417811734047886,207.50712963341348,1.879469738223423,2.3632892963166037,0.006830422439551434,0.0,0.0,0.0,0.0,101.0,0.0,0.0,0.0,0.0,0.0,0.5858987967173258,0.005551185380780506
mnist,PU-R,0.0,0.0,105,3,109.0,0.0,118.0,21.501937897160186,227.0,21.501937897160186,0.27248645515646785,0.022964691717909443,0.15383333333333338,0.014479909453369438,0.6395057169429302,0.02624917769311342,0.11834666666666667,0.019373388391754776,0.31318917941767066,0.025804621606024918,213.04570338828827,2.704563583860122,2.494768307932342,0.0067402325028707135,0.0,0.0,0.0,0.0,106.0,0.0,0.0,0.0,0.0,0.0,0.5867871443430582,0.00545597185510743
mnist,PU-R,0.0,0.0,110,3,114.0,0.0,114.66666666666667,3.844187531556932,228.66666666666666,3.844187531556932,0.274428115633782,0.004112347407204351,0.14303333333333335,0.00398594753826212,0.6393298006496607,0.006807033602793343,0.11474,0.004645915769074309,0.3092866964027788,0.006318647208912856,216.8057170545242,1.228968038736443,2.628015827930843,0.006386700609323873,0.0,0.0,0.0,0.0,111.0,0.0,0.0,0.0,0.0,0.0,0.5856374303499857,0.008111379013002044
mnist,PU-R,0.0,0.0,115,3,119.0,0.0,112.0,17.925772879665004,231.0,17.925772879665004,0.2768160463310778,0.019163648220888195,0.14806666666666665,0.016695841132183514,0.637834632019994,0.022163617658911422,0.11173999999999999,0.01717848654567685,0.3043266214743933,0.023533426368875628,222.50508322122357,0.885576895782531,2.7642875803479305,0.005531255123527168,0.0,0.0,0.0,0.0,116.0,0.0,0.0,0.0,0.0,0.0,0.5895103017489115,0.0016318225053138242
mnist,PU-R,0.0,0.0,120,3,124.0,0.0,87.33333333333333,5.456901847914968,211.33333333333334,5.456901847914966,0.2558174286580955,0.005870416917503295,0.13186666666666666,0.005990640848671998,0.6099351865637211,0.007980342631212925,0.08811999999999998,0.004951336519903829,0.2718165895254744,0.007185833844786014,227.5046870491805,1.4133055981346987,2.9016887578958026,0.004957762724865601,0.0,0.0,0.0,0.0,121.0,0.0,0.0,0.0,0.0,0.0,0.589547872543335,0.006914927275360533
mnist,PU-R,0.0,0.0,125,3,129.0,0.0,98.66666666666667,3.8441875315569325,227.66666666666666,3.844187531556932,0.2733577504598846,0.004113714925541545,0.1394333333333333,0.0016475571141676636,0.6298183618652339,0.0043364778003897615,0.09900666666666665,0.0029925759992205886,0.28750176879610134,0.004232721646076543,233.62075070055388,1.7361431967597254,3.0425257940466204,0.00460629057167373,0.0,0.0,0.0,0.0,126.0,0.0,0.0,0.0,0.0,0.0,0.593726376692454,0.0019711743475361236
mnist,PU-R,0.0,0.0,130,3,134.0,0.0,80.66666666666667,6.691619966628244,214.66666666666666,6.691619966628243,0.2593985168690172,0.00718765710599662,0.12689999999999999,0.0043139309220245866,0.6048616297993804,0.010234742038567012,0.0796133333333333,0.006275415878206371,0.2591894214209043,0.009292592692860811,238.6889766249836,1.8548805760493194,3.1854817116012177,0.004389858664272655,0.0,0.0,0.0,0.0,131.0,0.0,0.0,0.0,0.0,0.0,0.5888361732165018,0.007479976697983647
mnist,PU-R,0.0,0.0,135,3,139.0,0.0,96.33333333333333,14.768585277917147,235.33333333333334,14.768585277917147,0.2814845154449965,0.015763653408280513,0.14273333333333335,0.012630958439924943,0.6310596657197776,0.019594768303189063,0.09523999999999998,0.014327391016278362,0.2813963568443066,0.020453396335352047,245.23751867411147,1.083282597483696,3.3315170543113104,0.004237265673207242,0.0,0.0,0.0,0.0,136.0,0.0,0.0,0.0,0.0,0.0,0.5872805714607239,0.00791264487039535
mnist,PU-R,0.0,0.0,140,3,144.0,0.0,74.66666666666667,4.807401700618653,218.66666666666666,4.8074017006186525,0.2637050531920977,0.0051591185641069615,0.11926666666666667,0.003027833842498291,0.60331714214553,0.006828341482571774,0.07361999999999996,0.005086544341036786,0.2501937861452095,0.007698559952381577,249.79332028944216,1.6078111937193802,3.4809955652647964,0.003564798479988231,0.0,0.0,0.0,0.0,141.0,0.0,0.0,0.0,0.0,0.0,0.5878109137217203,0.008349641498901892
mnist,PU-R,0.0,0.0,145,3,149.0,0.0,76.66666666666667,12.018504251546632,225.66666666666666,12.018504251546632,0.2711696660844609,0.012856578800831082,0.12406666666666666,0.010893780080598478,0.6120126759119603,0.015882289138056546,0.07757999999999998,0.011195338315566886,0.25572487077087797,0.016652519811727235,254.83753828675222,1.3262749039115664,3.6319137782944986,0.0031745913073831272,0.0,0.0,0.0,0.0,146.0,0.0,0.0,0.0,0.0,0.0,0.5845632354418436,0.006827994207195183
mnist,PU-R,0.0,0.0,15,3,19.0,0.0,448.0,12.055427546683418,467.0,12.055427546683418,0.5214076508806708,0.012130741576586524,0.4578,0.010773269389249178,0.811982228884601,0.009148252734546199,0.44302,0.012955878974426972,0.6675858583924407,0.011805374528237699,51.30934854530545,1.394245301761134,0.37806621465521556,0.000678518985042981,0.0,0.0,0.0,0.0,16.0,0.0,0.0,0.0,0.0,0.0,0.6465007464090983,0.0040568253686566625
mnist,PU-R,0.0,0.0,150,3,154.0,0.0,73.0,14.502873278538063,227.0,14.502873278538063,0.2725751241863084,0.015493656633249865,0.12726666666666664,0.012782844406121466,0.605907979129992,0.02322915968783078,0.07192000000000003,0.014521487527109586,0.24664931953239067,0.021822349052261842,260.2613698761719,2.15956821102185,3.786578646240135,0.0028522541288093736,0.0,0.0,0.0,0.0,151.0,0.0,0.0,0.0,0.0,0.0,0.5896696050961813,0.0036054699778983374
mnist,PU-R,0.0,0.0,155,3,159.0,0.0,77.0,3.2145502536643185,236.0,3.2145502536643185,0.2822681662316124,0.0034326491301625074,0.1334,0.006184927916583477,0.6198844477901558,0.006229198490326781,0.07758666666666662,0.0045265046608221355,0.2562323037661816,0.006813744048586734,265.4987811473518,1.1733266906932545,3.9439551269946,0.0027463937944936043,0.0,0.0,0.0,0.0,156.0,0.0,0.0,0.0,0.0,0.0,0.5869832237561544,0.007255348775565491
mnist,PU-R,0.0,0.0,160,3,164.0,0.0,52.666666666666664,4.176654695380556,216.66666666666666,4.176654695380556,0.2615587300776194,0.004484919854076198,0.10953333333333337,0.004642317428947639,0.5849545476947674,0.005039855877021922,0.054340000000000034,0.0034488452173638212,0.21973267745867953,0.005649400582920092,269.98052144971484,1.5067504304347552,4.104069482612734,0.0023529807287761334,0.0,0.0,0.0,0.0,161.0,0.0,0.0,0.0,0.0,0.0,0.59637850522995,0.00393466603348495
mnist,PU-R,0.0,0.0,165,3,169.0,0.0,65.0,15.373136743466942,234.0,15.373136743466942,0.28005378363498795,0.01641363816038832,0.12259999999999997,0.016679428447441882,0.6058741940266849,0.02364052134851721,0.06559333333333334,0.014953823739914947,0.23654821932209416,0.023392626281148493,276.31079013974,0.8985063168118774,4.267130938280995,0.0018654413802493702,0.0,0.0,0.0,0.0,166.0,0.0,0.0,0.0,0.0,0.0,0.586442748705546,0.008148387979439708
mnist,PU-R,0.0,0.0,170,3,174.0,0.0,39.0,4.163331998932265,213.0,4.163331998932265,0.2576159771803456,0.004481837393439679,0.10213333333333337,0.0014992590762699307,0.5657507357187529,0.006646364377391282,0.0403866666666667,0.0037488902061513893,0.1958099407233165,0.0067393041298177605,280.4447187380005,2.1316684389488705,4.433790630971392,0.0017891734402741403,0.0,0.0,0.0,0.0,171.0,0.0,0.0,0.0,0.0,0.0,0.5926595528920492,0.00764341898343194
mnist,PU-R,0.0,0.0,175,3,179.0,0.0,52.0,8.32666399786453,231.0,8.32666399786453,0.2769047549615304,0.00891259515363239,0.1101333333333333,0.008720537700037624,0.5899436841979088,0.015886192963627817,0.05196666666666668,0.008747207808463466,0.2152089886645777,0.014902765044370388,285.6152870098322,2.268923745525359,4.603079396300018,0.0020652074355962777,0.0,0.0,0.0,0.0,176.0,0.0,0.0,0.0,0.0,0.0,0.5834534764289856,0.0036827747314654557
mnist,PU-R,0.0,0.0,180,3,184.0,0.0,35.333333333333336,3.7118429085533484,219.33333333333334,3.711842908553348,0.2644242706592195,0.003987228956628905,0.10170000000000001,0.00259999999999997,0.5636354916207477,0.007142820234079807,0.036153333333333364,0.0035598564265680406,0.1881649624230716,0.00660411855220131,290.2289974193347,2.3294989527119307,4.775112107240905,0.0020229931786192213,0.0,0.0,0.0,0.0,181.0,0.0,0.0,0.0,0.0,0.0,0.589261551698049,0.009479991695865504
mnist,PU-R,0.0,0.0,185,3,189.0,0.0,29.0,4.041451884327381,218.0,4.041451884327381,0.2629915238164055,0.004343602476410559,0.0950666666666667,0.0026358637631292274,0.5532324179596558,0.008559770149121558,0.029960000000000025,0.003990204673113067,0.17644572803867012,0.007827681788203247,294.7791678037852,2.5786838332965196,4.9503673650324345,0.00228191693603892,0.0,0.0,0.0,0.0,186.0,0.0,0.0,0.0,0.0,0.0,0.5888656775156657,0.002720162914525656
mnist,PU-R,0.0,0.0,190,3,194.0,0.0,27.666666666666668,6.227180564089802,221.66666666666666,6.227180564089802,0.26691924043310183,0.006673573109125746,0.09193333333333335,0.004783768853576082,0.5519150429587076,0.014579937963361132,0.028306666666666692,0.0063343858774505156,0.17285007997258406,0.012119160362727458,299.4725020851408,2.61302642849434,5.129353688641761,0.0025991650293011865,0.0,0.0,0.0,0.0,191.0,0.0,0.0,0.0,0.0,0.0,0.5857671101888021,0.004340084342887019
mnist,PU-R,0.0,0.0,195,3,199.0,0.0,25.666666666666668,3.6666666666666665,224.66666666666666,3.6666666666666665,0.2701449898304418,0.0039268097025342286,0.09600000000000002,0.00400790884793221,0.5506731213762914,0.00859690871880823,0.026226666666666686,0.0045960321051001325,0.16903685927204362,0.008984637335002953,304.05996702085366,2.7650436789011184,5.310805829552312,0.003213130399047407,0.0,0.0,0.0,0.0,196.0,0.0,0.0,0.0,0.0,0.0,0.5919333895047506,0.004758816867397456
mnist,PU-R,0.0,0.0,20,3,24.0,0.0,395.3333333333333,17.835669628895662,419.3333333333333,17.835669628895662,0.47308735894815374,0.01817831234365712,0.4128333333333334,0.01629011288413242,0.7905276722061713,0.012027360383822868,0.38815333333333335,0.01669529408080146,0.6159689815392089,0.016054215453883296,71.76925755359183,1.9752537548689157,0.4846861863043159,0.0004457163732485505,0.0,0.0,0.0,0.0,21.0,0.0,0.0,0.0,0.0,0.0,0.5766326189041138,0.006819882041222057
mnist,PU-R,0.0,0.0,200,3,204.0,0.0,24.333333333333332,5.607534613753574,228.33333333333334,5.607534613753574,0.2740654466712537,0.0059984814892762835,0.09983333333333333,0.0077141284522477165,0.5516550563885549,0.0104307915911013,0.025593333333333357,0.0050163643319750175,0.16765194406272962,0.010049257347925557,308.1736002160196,2.3898514553508803,5.496516744295756,0.003691769128057421,0.0,0.0,0.0,0.0,201.0,0.0,0.0,0.0,0.0,0.0,0.5924054185549418,0.008890826584175738
mnist,PU-R,0.0,0.0,205,3,209.0,0.0,11.666666666666666,2.3333333333333335,220.66666666666666,2.3333333333333335,0.2658585010212846,0.00250341759534537,0.0894666666666667,0.002557559600695783,0.5244074835976272,0.004817458159842669,0.013980000000000012,0.0016502525059315432,0.14306043429263354,0.0039338796998690875,311.31412116863225,1.5502977384773564,5.68434492064019,0.00443007327252902,0.0,0.0,0.0,0.0,206.0,0.0,0.0,0.0,0.0,0.0,0.5924747188886007,0.00163178336740322
mnist,PU-R,0.0,0.0,210,3,214.0,0.0,10.666666666666666,2.185812841434,224.66666666666666,2.185812841434,0.2701481153684047,0.0023415321346889587,0.08543333333333332,0.002016873267654086,0.521219112573448,0.0043221463223208235,0.011933333333333343,0.0019252820861139065,0.13811007713249254,0.004617641896669755,315.8632572887813,2.165129492952128,5.87561222165823,0.00459531751811152,0.0,0.0,0.0,0.0,211.0,0.0,0.0,0.0,0.0,0.0,0.5841566125551859,0.00959740312967584
mnist,PU-R,0.0,0.0,215,3,219.0,0.0,10.0,4.0,229.0,4.0,0.27478440445459756,0.00427737880575781,0.08439999999999999,0.0036692415201691735,0.5183421605210777,0.011870993782306317,0.010413333333333342,0.004298749172078371,0.13347008695075746,0.010529179566467432,320.83738632741307,2.091029592207353,6.0696060549623025,0.005326636717517994,0.0,0.0,0.0,0.0,216.0,0.0,0.0,0.0,0.0,0.0,0.5837840437889099,0.007035520007687145
mnist,PU-R,0.0,0.0,220,3,224.0,0.0,3.6666666666666665,0.8819171036881969,227.66666666666666,0.8819171036881969,0.2733627482278583,0.0009441865662577776,0.08093333333333337,0.002781686139336685,0.5011461496726647,0.0029604148547376203,0.004100000000000004,0.0008658714300248824,0.1167422614390733,0.0028014222903661214,327.07398027077096,2.2536113396181263,6.267492399007703,0.005879510481553676,0.0,0.0,0.0,0.0,221.0,0.0,0.0,0.0,0.0,0.0,0.5862995187441508,0.0038607094070294058
mnist,PU-R,0.0,0.0,221,1,225.0,0.0,0.0,0.0,225.0,0.0,0.27050702564883977,0.0,0.0746,0.0,0.4839472953196026,0.0,0.00024000000000000022,0.0,0.10208949390275553,0.0,330.95449562183165,0.0,6.34437125781551,0.0,1.0,0.0,0.0,0.0,222.0,0.0,0.0,0.0,0.0,0.0,0.5876943469047546,0.0
mnist,PU-R,0.0,0.0,222,1,226.0,0.0,0.0,0.0,226.0,0.0,0.27157832658849657,0.0,0.08109999999999995,0.0,0.48380561325027877,0.0,0.00018000000000000015,0.0,0.10174955950971104,0.0,331.4555963759044,0.0,6.398410546127707,0.0,1.0,0.0,0.0,0.0,223.0,0.0,0.0,0.0,0.0,0.0,0.5768100619316101,0.0
mnist,PU-R,0.0,0.0,225,1,229.0,0.0,5.0,0.0,234.0,0.0,0.28013587463647127,0.0,0.08699999999999997,0.0,0.5067109690667548,0.0,0.005220000000000005,0.0,0.12034150484890621,0.0,328.3250844942056,0.0,6.463902117917314,0.0,0.0,0.0,0.0,0.0,226.0,0.0,0.0,0.0,0.0,0.0,0.5911529660224915,0.0
mnist,PU-R,0.0,0.0,230,1,234.0,0.0,3.0,0.0,237.0,0.0,0.2833391620661132,0.0,0.08050000000000002,0.0,0.5009633457880679,0.0,0.0030000000000000027,0.0,0.11327112342083819,0.0,333.8395930606932,0.0,6.668673616833985,0.0,0.0,0.0,0.0,0.0,231.0,0.0,0.0,0.0,0.0,0.0,0.5860434174537659,0.0
mnist,PU-R,0.0,0.0,233,1,237.0,0.0,0.0,0.0,237.0,0.0,0.2833391620661132,0.0,0.0797,0.0,0.4883555214955583,0.0,0.00028000000000000025,0.0,0.10230848708236435,0.0,337.2661868117407,0.0,6.816189251840115,0.0,1.0,0.0,0.0,0.0,234.0,0.0,0.0,0.0,0.0,0.0,0.5898697376251221,0.0
mnist,PU-R,0.0,0.0,25,3,29.0,0.0,339.3333333333333,20.85132556404455,368.3333333333333,20.85132556404455,0.42082360446996364,0.021441180772239474,0.3569333333333333,0.009085030422501484,0.7599216940303658,0.016261753407197613,0.3333933333333334,0.022477675838731892,0.5616077194487364,0.022596347704989903,86.9585782259212,2.6301281578508915,0.5913492513354868,0.0008469095781305417,0.0,0.0,0.0,0.0,26.0,0.0,0.0,0.0,0.0,0.0,0.5658085743586222,0.012234854273535269
mnist,PU-R,0.0,0.0,30,3,34.0,0.0,295.6666666666667,25.847845386242764,329.6666666666667,25.847845386242764,0.3807318611264539,0.026970024476427133,0.3328333333333333,0.02233937729162963,0.7378512750104541,0.02292061540779178,0.29594000000000004,0.02435303677162257,0.5227305198127886,0.02599514889667284,98.97824673011337,1.4541432222980661,0.6994689842686057,0.0010055785029241852,0.0,0.0,0.0,0.0,31.0,0.0,0.0,0.0,0.0,0.0,0.5729575753211975,0.011037976623070017
mnist,PU-R,0.0,0.0,35,3,39.0,0.0,274.6666666666667,44.70023614155871,313.6666666666667,44.70023614155871,0.36368676789182547,0.0467867246217886,0.29839999999999994,0.0428686754324569,0.7242424686291674,0.041881730125162976,0.2712,0.04391278781099342,0.49465530505178945,0.04804241567620774,112.41260261844472,0.6149609957238498,0.808538891064624,0.0013684229352367806,0.0,0.0,0.0,0.0,36.0,0.0,0.0,0.0,0.0,0.0,0.5812088052431742,0.006379532636508363
mnist,PU-R,0.0,0.0,40,3,44.0,0.0,253.66666666666666,31.48721080763497,297.6666666666667,31.487210807634973,0.3472162722221886,0.033042097270058315,0.2778333333333333,0.03490197383784731,0.7178241331736395,0.03002883038046347,0.2546933333333334,0.03211536357847718,0.47769294603255474,0.035400722950090065,120.85465185668392,0.6620883753057635,0.9189081812898318,0.0023918567394744794,0.0,0.0,0.0,0.0,41.0,0.0,0.0,0.0,0.0,0.0,0.5646376212437948,0.007288530852038971
mnist,PU-R,0.0,0.0,45,3,49.0,0.0,271.3333333333333,36.98798603751104,320.3333333333333,36.98798603751104,0.37083572244349244,0.038413863419944266,0.2873,0.03383548433228052,0.7391927221201096,0.03346834781436227,0.2696333333333333,0.03646428450476501,0.4937613106550771,0.03901412853538446,131.0465233530429,1.8644193916117693,1.0310422936454415,0.0035461137937025746,0.0,0.0,0.0,0.0,46.0,0.0,0.0,0.0,0.0,0.0,0.5750275254249573,0.0049287786710861215
mnist,PU-R,0.0,0.0,5,3,9.0,0.0,462.3333333333333,11.200198410940963,471.3333333333333,11.200198410940963,0.525775930902455,0.0112873464528085,0.45713333333333334,0.01955550505043983,0.7668160298165718,0.007445358039798827,0.46058666666666653,0.0050576191148712455,0.6836518208024774,0.004548844281646432,10.617615216270764,1.5814227620369359,0.169392514663438,0.00042121938013637184,0.0,0.0,0.0,0.0,6.0,0.0,0.0,0.0,0.0,0.0,0.6069982449213663,0.015760088568684757
mnist,PU-R,0.0,0.0,50,3,54.0,0.0,218.33333333333334,31.740265349307407,272.3333333333333,31.74026534930741,0.3205400068157663,0.033470279850502674,0.23753333333333335,0.024224046822206313,0.6945029398069232,0.030509739546133587,0.21786000000000003,0.02994675942401781,0.4362522199413032,0.03423578990647432,136.47733374059646,1.085160249974382,1.1441871723315369,0.004752787310053601,0.0,0.0,0.0,0.0,51.0,0.0,0.0,0.0,0.0,0.0,0.5677152872085571,0.00663859338119769
mnist,PU-R,0.0,0.0,55,3,59.0,0.0,232.0,41.040630274562474,291.0,41.040630274562474,0.3400165912268373,0.04310203687486017,0.2634,0.04293145699833631,0.7138642683753783,0.04080364315666373,0.23140000000000005,0.040424301272048394,0.4507456566261266,0.045662165859619304,146.3842757216279,2.7860128006374234,1.2586653505762417,0.005582937822759259,0.0,0.0,0.0,0.0,56.0,0.0,0.0,0.0,0.0,0.0,0.5810983777046204,0.002685736811346045
mnist,PU-R,0.0,0.0,60,3,64.0,0.0,246.0,29.866369046136157,310.0,29.866369046136157,0.3601667437857638,0.03116317934669047,0.2678333333333333,0.03882955632561933,0.733685976336896,0.03005913588580073,0.24224,0.03037261266338477,0.46398745146290793,0.033652080745665246,156.70902354454392,3.43832756592198,1.374435818598916,0.006617628008478592,0.0,0.0,0.0,0.0,61.0,0.0,0.0,0.0,0.0,0.0,0.5831653078397115,0.000883272016293807
mnist,PU-R,0.0,0.0,65,3,69.0,0.0,182.66666666666666,15.235193176035253,251.66666666666666,15.235193176035253,0.2988815523373584,0.01615078714096931,0.21243333333333336,0.014792039901394423,0.6807428767689983,0.018081234680602108,0.18514,0.01672032296338798,0.39860284503940174,0.019883667600597964,160.57912925581948,2.389250989891273,1.4916203092628468,0.007167401036279095,0.0,0.0,0.0,0.0,66.0,0.0,0.0,0.0,0.0,0.0,0.5857634345690409,0.004445535068040289
mnist,PU-R,0.0,0.0,70,3,74.0,0.0,247.0,31.06981386061612,321.0,31.06981386061612,0.37162591906962916,0.032479217526699196,0.2761333333333333,0.03196489393763797,0.7462449188314935,0.030040197775384202,0.24314000000000002,0.030658521382045372,0.46489883905238755,0.03482934667474906,173.73739069176096,1.38419678428819,1.6109209086280316,0.00764002155419524,0.0,0.0,0.0,0.0,71.0,0.0,0.0,0.0,0.0,0.0,0.5899257858594259,0.005971988890021977
mnist,PU-R,0.0,0.0,75,3,79.0,0.0,176.33333333333334,8.83804905570857,255.33333333333334,8.83804905570857,0.3028240491403267,0.009366484204117648,0.20909999999999998,0.013430934442547173,0.6857618121074035,0.010080022956943522,0.18010666666666672,0.009012268181638708,0.3928564922401839,0.010851567512347962,173.71132569773772,1.0003609619702094,1.732033762615174,0.007490848700229998,0.0,0.0,0.0,0.0,76.0,0.0,0.0,0.0,0.0,0.0,0.5891578992207845,0.007691394382195946
mnist,PU-R,0.0,0.0,80,3,84.0,0.0,208.33333333333334,10.837178804672574,292.3333333333333,10.837178804672574,0.3418675564462319,0.011387744067659956,0.2422666666666667,0.020208606527362977,0.7201460428816948,0.010913470845158686,0.20614,0.009699051500017918,0.423808513477624,0.01138195635372461,184.18976094623542,1.9456439822910911,1.8547778665864219,0.007480336082680207,0.0,0.0,0.0,0.0,81.0,0.0,0.0,0.0,0.0,0.0,0.5847577850023905,0.005996695865822869
mnist,PU-R,0.0,0.0,85,3,89.0,0.0,146.66666666666666,2.4037008503093262,235.66666666666666,2.4037008503093262,0.2819138584697309,0.0025671984349051953,0.1796333333333333,0.009165575692654441,0.6596357937359133,0.0021398682795946947,0.14761333333333337,0.0017601641337607558,0.35262404699577427,0.0022477754431975278,187.8724276145165,0.765614396871754,1.979482996976003,0.007588774743028299,0.0,0.0,0.0,0.0,86.0,0.0,0.0,0.0,0.0,0.0,0.5904393792152405,0.003259031611194786
mnist,PU-R,0.0,0.0,90,3,94.0,0.0,183.33333333333334,4.48454134902457,277.3333333333333,4.48454134902457,0.3261127023336788,0.004726265434996578,0.2207,0.004849742261192881,0.7067437762536439,0.004395728032978104,0.18327333333333332,0.0037938956818083873,0.3968005142073139,0.004569124839347297,198.52635556141615,0.6683119129125838,2.105756384708608,0.007410955269800891,0.0,0.0,0.0,0.0,91.0,0.0,0.0,0.0,0.0,0.0,0.5854020118713379,0.00778098064760671
mnist,PU-R,0.0,0.0,95,3,99.0,0.0,121.0,10.066445913694334,220.0,10.066445913694334,0.26510796940419823,0.01078762879559445,0.1554333333333333,0.00602282694790782,0.6369070952669958,0.012909723717206997,0.12161999999999999,0.010404332430931534,0.3183515223460838,0.013817245495326078,201.40859202037544,1.392760460760249,2.2334679045403996,0.007487136152431247,0.0,0.0,0.0,0.0,96.0,0.0,0.0,0.0,0.0,0.0,0.5941031773885092,0.003282328511829094
mnist,PU-R,0.3,0.0,0,3,4.0,0.0,494.3333333333333,6.887992773257275,498.3333333333333,6.887992773257275,0.5528896675871996,0.006887035835124285,0.46403333333333335,0.02798608781361037,0.7692869269591222,0.002116613888886089,0.49461333333333335,0.0027465453047621634,0.7138161964411393,0.002391477309222266,0.7410754291192455,0.03262321307082333,0.06757560861296952,0.00020545351409004983,0.0,0.0,0.0,0.0,1.0,0.0,0.16666666666666666,0.08333333333333334,0.0,0.0,0.6962830225626627,0.004193068121492338
mnist,PU-R,0.3,0.0,10,3,14.0,0.0,473.0,3.0550504633038935,487.0,3.0550504633038935,0.5415440557602172,0.003065357601984494,0.4706333333333334,0.014957755327737009,0.8140137637580444,0.0034830153780772764,0.4818199999999999,0.005146429182776469,0.7025783214202063,0.004545048501120063,28.70840743852284,0.41824655762692264,0.2721570816356689,0.00020055670433390997,0.0,0.0,0.0,0.0,11.0,0.0,0.3095238095238095,0.02380952380952382,0.0,0.0,0.6373241941134135,0.007612939614042637
mnist,PU-R,0.3,0.0,100,3,104.0,0.0,393.3333333333333,2.185812841434,497.3333333333333,2.185812841434,0.5518984646575215,0.0021880392763924217,0.3644,0.01886407520482607,0.8768748154873384,0.002282187058402727,0.3926133333333334,0.0023506689355254277,0.6205002028795045,0.0022562842121524483,205.15822206862308,2.523926060781744,2.431877175656458,0.004592204737367196,0.0,0.0,0.0,0.0,101.0,0.0,0.3076923076923077,0.02775722448027047,0.0,0.0,0.5804561773935953,0.004846056856989525
mnist,PU-R,0.3,0.0,105,3,109.0,0.0,392.3333333333333,8.762292952063277,501.3333333333333,8.762292952063277,0.555883868112384,0.008765237608590734,0.3546666666666667,0.03185055380645334,0.8791029284117046,0.005710809067435674,0.39294,0.008199544702807178,0.6207582144977472,0.007870280588058644,210.35455142839768,2.2795503782061624,2.5713208959593126,0.004684972388525413,0.0,0.0,0.0,0.0,106.0,0.0,0.30581039755351686,0.02665993237639556,0.0,0.0,0.5868624250094095,0.005472655510661153
mnist,PU-R,0.3,0.0,110,3,114.0,0.0,393.6666666666667,9.938701010583717,507.6666666666667,9.938701010583717,0.562207241950091,0.00993370858677842,0.3551333333333333,0.016981002456994253,0.8814820005821765,0.006227243276282896,0.3929933333333333,0.009714184359882087,0.6207849048333456,0.009343144719529432,216.21431762430947,2.0845270113052896,2.7132899179899446,0.004696451914130985,0.0,0.0,0.0,0.0,111.0,0.0,0.30116959064327486,0.028797829829813177,0.0,0.0,0.5832724173863729,0.005732583907355826
mnist,PU-R,0.3,0.0,115,3,119.0,0.0,379.6666666666667,1.7638342073763937,498.6666666666667,1.7638342073763937,0.5532330302715612,0.001764527299262665,0.33216666666666667,0.02605573086887241,0.8757605089762522,0.0012666487350723114,0.37978000000000006,0.0013987136947924757,0.6081231085063633,0.0013569281935153356,220.89909562879097,2.184974353670379,2.8590503866629056,0.004321426438587187,0.0,0.0,0.0,0.0,116.0,0.0,0.2969187675070028,0.02758783697982103,0.0,0.0,0.5818065206209818,0.0009570363632683411
mnist,PU-R,0.3,0.0,120,3,124.0,0.0,380.3333333333333,1.763834207376394,504.3333333333333,1.763834207376394,0.5588989554671571,0.0017626795640643155,0.3446666666666667,0.022684233388951994,0.8779927958802105,0.0014449753252692935,0.3797333333333333,0.001728056069049226,0.6080768774411066,0.0016784995904263668,226.53227004932265,2.20460070999449,3.0065593023318797,0.0044299604705241025,0.0,0.0,0.0,0.0,121.0,0.0,0.30107526881720426,0.029934217004462478,0.0,0.0,0.5847257971763611,0.0025326242796653597
mnist,PU-R,0.3,0.0,125,3,129.0,0.0,375.6666666666667,8.412952976082641,504.6666666666667,8.412952976082641,0.5592169712375229,0.008403612407344682,0.32116666666666666,0.03115340181175155,0.8773696507628616,0.004429324820810104,0.3758533333333333,0.0079318457989158,0.6042494646105762,0.0077236557388635895,230.96677842021663,1.847419083661287,3.1576665529670813,0.004815413101211822,0.0,0.0,0.0,0.0,126.0,0.0,0.2971576227390181,0.02464959176787974,0.0,0.0,0.5809271931648254,0.004280404409599237
mnist,PU-R,0.3,0.0,130,3,134.0,0.0,366.3333333333333,3.2829526005987018,500.3333333333333,3.2829526005987018,0.5548985165078193,0.0032842074319396914,0.3178666666666667,0.023491156728531772,0.8734938682103492,0.0015605344116378977,0.3662266666666667,0.003785891939527295,0.5948739165791478,0.003726085829022347,235.52470323032864,1.9211959656099533,3.3102913226466626,0.004967497839933273,0.0,0.0,0.0,0.0,131.0,0.0,0.29850746268656714,0.01878068267480287,0.0,0.0,0.5739028056462606,0.0025429329360764238
mnist,PU-R,0.3,0.0,135,3,139.0,0.0,364.3333333333333,3.527668414752788,503.3333333333333,3.527668414752788,0.5578975297394209,0.0035250224127518484,0.3080333333333333,0.022281856096634155,0.8732708646958095,0.0016516821017954911,0.36354,0.0038802749043506213,0.5922289791200387,0.0038181594508270543,239.07073412100684,2.0629489556426344,3.465718081298595,0.005438949862859463,0.0,0.0,0.0,0.0,136.0,0.0,0.2949640287769784,0.014388489208633096,0.0,0.0,0.5782187382380167,0.00307851617335961
mnist,PU-R,0.3,0.0,140,3,144.0,0.0,354.3333333333333,8.089774066341064,498.3333333333333,8.089774066341064,0.5528856724267825,0.008095299238843065,0.2906666666666667,0.008888256921979192,0.8695004474500699,0.0045682834482633,0.3542533333333333,0.008264480893827798,0.5829859186924655,0.008222839700809607,244.06344541759805,1.9104481738520924,3.6254700283364705,0.005641760235189086,0.0,0.0,0.0,0.0,141.0,0.0,0.2986111111111111,0.01445601388518148,0.0,0.0,0.5785242120424906,0.0016484479852015906
mnist,PU-R,0.3,0.0,145,3,149.0,0.0,351.0,4.582575694955841,500.0,4.582575694955841,0.5545628577237949,0.004585466027587579,0.2960333333333333,0.022177791694495734,0.8706063251328615,0.0030847284871986023,0.3530466666666667,0.003948541221486464,0.5818356241963648,0.003934740391309858,248.62966184004463,2.14777310972164,3.785509052608783,0.005975900634487856,0.0,0.0,0.0,0.0,146.0,0.0,0.3042505592841163,0.018311751167499894,0.0,0.0,0.5870466629664103,0.00400877685856264
mnist,PU-R,0.3,0.0,15,3,19.0,0.0,480.3333333333333,3.9299420408505323,499.3333333333333,3.9299420408505323,0.553897239791695,0.003929971046187355,0.47026666666666667,0.010523835380274195,0.838371983297537,0.0025576238462492458,0.47864,0.007743702817989162,0.699739775922497,0.006832724712772837,52.037622190665324,2.9112180571102826,0.37743103931037086,0.0003926828480839863,0.0,0.0,0.0,0.0,16.0,0.0,0.2982456140350877,0.01754385964912281,0.0,0.0,0.6578831076622009,0.006459936252737585
mnist,PU-R,0.3,0.0,150,3,154.0,0.0,351.3333333333333,13.017082793177757,505.3333333333333,13.017082793177757,0.5598610823702378,0.013007849104343456,0.2894,0.008573408501484874,0.8711626192324307,0.006960967997630567,0.35094,0.012788687709586674,0.5795946160568076,0.012786361121760386,253.86585949117196,2.420639418515854,3.9510893630019077,0.006131069138511912,0.0,0.0,0.0,0.0,151.0,0.0,0.30303030303030304,0.015608447079930695,0.0,0.0,0.5800267855326334,0.010476507609155881
mnist,PU-R,0.3,0.0,155,3,159.0,0.0,348.6666666666667,2.905932629027116,507.6666666666667,2.905932629027116,0.5622273310630893,0.002901250256862394,0.2936666666666667,0.016496700006701677,0.8710804366369483,0.0011061084264375363,0.34779999999999994,0.0033505422446722805,0.5766042393826204,0.0033551746196506986,258.08645764554274,2.5038405371819867,4.118989614304155,0.00636718777844284,0.0,0.0,0.0,0.0,156.0,0.0,0.3018867924528302,0.013092238990353035,0.0,0.0,0.5706907908121744,0.003782365598555543
mnist,PU-R,0.3,0.0,160,3,164.0,0.0,345.6666666666667,5.897268670984711,509.6666666666667,5.897268670984711,0.5642180221620947,0.005889280375226999,0.2816,0.009850042301093606,0.8699111449034432,0.002517771248033941,0.3433266666666667,0.005626773300727321,0.5720995755233905,0.005667419888292683,262.27961243050385,2.51828447058669,4.2901415976230055,0.006764508858509713,0.0,0.0,0.0,0.0,161.0,0.0,0.30081300813008127,0.00885955069825341,0.0,0.0,0.5736578901608785,0.006963738166944973
mnist,PU-R,0.3,0.0,165,3,169.0,0.0,343.6666666666667,0.6666666666666667,512.6666666666666,0.6666666666666667,0.5672188194973083,0.0006648737277525166,0.2834,0.016449113451287675,0.8706159799320731,0.0010338132734827436,0.3417066666666666,0.0011773605130875238,0.5705001713284115,0.00118406954863613,266.7104796949617,2.5139270931862443,4.464678061582769,0.007152634774683212,0.0,0.0,0.0,0.0,166.0,0.0,0.2958579881656805,0.0059171597633136215,0.0,0.0,0.5799622933069865,0.006823647810820889
mnist,PU-R,0.3,0.0,170,3,174.0,0.0,333.0,8.544003745317532,507.0,8.544003745317532,0.5615472624776885,0.00854017182480503,0.27053333333333335,0.00566901911954598,0.8670547137771175,0.0038464639179203067,0.33305999999999997,0.007724972491860412,0.5617046248008729,0.007864209025908734,271.62064002572794,2.6748075517216816,4.643050051294267,0.007133441027489492,0.0,0.0,0.0,0.0,171.0,0.0,0.2950191570881226,0.005068489101656316,0.0,0.0,0.575302521387736,0.005793704445858614
mnist,PU-R,0.3,0.0,175,3,179.0,0.0,329.0,5.000000000000001,508.0,5.000000000000001,0.5625564694637433,0.004994898336008192,0.28136666666666665,0.011144555222668663,0.8665212390398223,0.003234930671371222,0.3295333333333333,0.006724178595023923,0.5581337771334498,0.006869415341286704,276.00284323283825,2.844960099537241,4.824471078269805,0.0075150713022229445,0.0,0.0,0.0,0.0,176.0,0.0,0.2942271880819367,0.003724394785847296,0.0,0.0,0.5807556708653768,0.00784540291687236
mnist,PU-R,0.3,0.0,180,3,184.0,0.0,323.6666666666667,9.614803401237305,507.6666666666667,9.614803401237305,0.5622086477039071,0.009608024217760388,0.2577,0.005204805471869214,0.8637120421119208,0.004899957602832109,0.32248666666666664,0.009008191334064258,0.5508961209049262,0.009259561712499639,280.50086341794696,3.1790046426501575,5.009272592995937,0.007701724549000573,0.0,0.0,0.0,0.0,181.0,0.0,0.286231884057971,0.003623188405797118,0.0,0.0,0.5835214058558146,0.00568457341044344
mnist,PU-R,0.3,0.0,185,3,189.0,0.0,327.0,6.658328118479393,516.0,6.658328118479393,0.5705324119771831,0.0066398775004938276,0.27203333333333335,0.010198420356985587,0.8680300040194511,0.003106467636135739,0.32636,0.006626683433915738,0.5548984304570289,0.006789866158291649,285.41792932789605,3.4166936742010336,5.196964826357241,0.00837884015052638,0.0,0.0,0.0,0.0,186.0,0.0,0.291005291005291,0.006109526658091278,0.0,0.0,0.575569232304891,0.004041005624148885
mnist,PU-R,0.3,0.0,190,3,194.0,0.0,319.3333333333333,9.76956725983523,513.3333333333334,9.769567259835233,0.56786250078585,0.009735922122671088,0.26106666666666667,0.013153495521892444,0.8646516908204956,0.0057140481778466794,0.3187,0.009715684913238634,0.5469926497292911,0.009965142835855504,289.5830755555885,3.4738812288089536,5.389354191021994,0.008688426716786204,0.0,0.0,0.0,0.0,191.0,0.0,0.29037800687285226,0.010451482010821696,0.0,0.0,0.5784733692804972,0.003111799019315807
mnist,PU-R,0.3,0.0,195,3,199.0,0.0,320.0,7.810249675906655,519.0,7.810249675906655,0.5735175953595899,0.007780074931124892,0.27423333333333333,0.01925550426357213,0.8675163517715903,0.0053949255576757685,0.32055999999999996,0.007280448704120724,0.5489472677721988,0.007487702003797243,294.18287877962047,3.7090079785905212,5.5840966227309154,0.009161238620579127,0.0,0.0,0.0,0.0,196.0,0.0,0.28978224455611395,0.01172529313232831,0.0,0.0,0.5877685944239298,0.004915274245524089
mnist,PU-R,0.3,0.0,20,3,24.0,0.0,471.0,5.131601439446884,495.0,5.131601439446884,0.5495578873281678,0.005140609270085212,0.4488666666666667,0.0054031883591490965,0.8506860143816156,0.002517398157068018,0.4708866666666667,0.006653924489435647,0.6928646462619025,0.005943574121798547,71.97558440605131,4.673276373986867,0.48429275505865615,0.0005066592039610166,0.0,0.0,0.0,0.0,21.0,0.0,0.2916666666666667,0.024056261216234404,0.0,0.0,0.6015323599179586,0.01324146380102494
mnist,PU-R,0.3,0.0,200,3,204.0,0.0,312.6666666666667,10.651030205780305,516.6666666666666,10.651030205780307,0.5711813340894878,0.01060584327799101,0.2497666666666667,0.013677272307656162,0.863350466659529,0.006153163034275132,0.31152,0.010531065156636949,0.5395573452189281,0.010883113873232484,298.5355228854464,3.7746855079542576,5.78373756360573,0.009232971629682042,0.0,0.0,0.0,0.0,201.0,0.0,0.2908496732026144,0.011782847305437869,0.0,0.0,0.5737554232279459,0.007824546606099584
mnist,PU-R,0.3,0.0,205,3,209.0,0.0,308.6666666666667,10.989894347889692,517.6666666666666,10.989894347889692,0.5721760949624392,0.0109512955498208,0.2634666666666666,0.022744547576165248,0.86349133027745,0.005754270542205569,0.3093133333333333,0.010436259440580749,0.5372676410035554,0.010867733760382171,302.7351387920036,3.700018812988479,5.984853273956105,0.009879803040861355,0.0,0.0,0.0,0.0,206.0,0.0,0.2886762360446571,0.012456538558064842,0.0,0.0,0.5817625522613525,0.010984806416546134
mnist,PU-R,0.3,0.0,210,3,214.0,0.0,306.3333333333333,12.38726945070803,520.3333333333334,12.38726945070803,0.5748246254515834,0.0123171133990449,0.2560333333333334,0.01355929365580835,0.8629242197505617,0.007776008322182124,0.30627999999999994,0.012666222799240482,0.5340581376886008,0.013118959329832133,306.89010056175204,3.6166654348866594,6.190334355613838,0.010714236447133717,0.0,0.0,0.0,0.0,211.0,0.0,0.2912772585669781,0.010903426791277262,0.0,0.0,0.5777581334114075,0.006811160608543511
mnist,PU-R,0.3,0.0,215,3,219.0,0.0,304.6666666666667,9.5626588585207,523.6666666666666,9.562658858520704,0.5781561802529419,0.009511479651452952,0.25883333333333336,0.021208043547463574,0.8642539171424145,0.005050573613930392,0.3057733333333334,0.00914552228020779,0.5336092772835296,0.009538133227429963,311.059593093659,3.826382916784272,6.398742738645524,0.011291221170446378,0.0,0.0,0.0,0.0,216.0,0.0,0.2937595129375951,0.013269098762680894,0.0,0.0,0.5761280655860901,0.003364577120878053
mnist,PU-R,0.3,0.0,220,3,224.0,0.0,300.3333333333333,9.76956725983523,524.3333333333334,9.769567259835233,0.5788185024478784,0.009711881006373595,0.2547666666666667,0.016832640249758148,0.8622946562817783,0.005330735965120443,0.30044,0.009236998069358522,0.5280305834699034,0.009655905202137483,315.16611146054174,3.9599093485168826,6.611985471332446,0.011969798735118138,0.0,0.0,0.0,0.0,221.0,0.0,0.2961309523809524,0.012972913522442482,0.0,0.0,0.5733775496482849,0.002915662373215112
mnist,PU-R,0.3,0.0,225,3,229.0,0.0,296.3333333333333,11.46492234794656,525.3333333333334,11.464922347946562,0.5798050848728357,0.011394483226963686,0.25110000000000005,0.020551642270144742,0.8604456773412545,0.006367638995369991,0.2953733333333333,0.010902515509938258,0.522667356457887,0.011454847419304462,319.31913020894564,4.122291749755352,6.829037376989921,0.012363762854584457,0.0,0.0,0.0,0.0,226.0,0.0,0.29694323144104806,0.01260590107400931,0.0,0.0,0.5814784566561381,0.0059194649752466145
mnist,PU-R,0.3,0.0,230,3,234.0,0.0,292.6666666666667,9.13479307069648,526.6666666666666,9.134793070696482,0.5811417168006301,0.009076968141912754,0.24896666666666667,0.01783828591665816,0.8602592559184962,0.005064176658914643,0.29267333333333334,0.00887671360608443,0.5198605677117515,0.009363707341962462,323.53091296913,4.234309594357168,7.050615582692747,0.01279221362572118,0.0,0.0,0.0,0.0,231.0,0.0,0.2934472934472934,0.014872231494174585,0.0,0.0,0.5758242209752401,0.0021296468934888066
mnist,PU-R,0.3,0.0,235,3,239.0,0.0,291.0,10.016652800877813,530.0,10.016652800877813,0.5844508315009685,0.009945198785716699,0.25366666666666665,0.022428280758403606,0.8603804702415992,0.005650027538672402,0.29064666666666666,0.009731490693162642,0.5176986263713093,0.010280093410238476,327.70624324470504,4.447358239251567,7.276525345398113,0.013199361861596223,0.0,0.0,0.0,0.0,236.0,0.0,0.29707112970711297,0.012078457514427317,0.0,0.0,0.5842475493748983,0.0014128319690313296
mnist,PU-R,0.3,0.0,240,3,244.0,0.0,289.3333333333333,10.929064207170002,533.3333333333334,10.929064207170002,0.5877569136403812,0.010837477155330724,0.2543666666666667,0.018116505672391047,0.8605897766545819,0.006564589430751763,0.28882,0.011145695731237843,0.5157294354851599,0.011779573768404036,331.8640812236938,4.54536392374475,7.505273355015864,0.01380060097549403,0.0,0.0,0.0,0.0,241.0,0.0,0.2978142076502732,0.013031956303510185,0.0,0.0,0.5744138956069946,0.004265007432827287
mnist,PU-R,0.3,0.0,245,3,249.0,0.0,281.3333333333333,11.46492234794656,530.3333333333334,11.46492234794656,0.5847749649353015,0.011376305823568847,0.2519,0.023393446375712453,0.8572508656579055,0.0068302016484852,0.28154000000000007,0.011260592050746405,0.5079695116796726,0.01198579496004122,335.9758801459249,4.480242706921937,7.738229429970185,0.014257448599094152,0.0,0.0,0.0,0.0,246.0,0.0,0.29585006693440424,0.012770270433961789,0.0,0.0,0.5718979636828104,0.002993487101029854
mnist,PU-R,0.3,0.0,25,3,29.0,0.0,463.3333333333333,12.914247085207013,492.3333333333333,12.914247085207013,0.5468557465161817,0.012948443619441904,0.43629999999999997,0.02117144303064864,0.8595503866376358,0.004780502923931144,0.46324000000000004,0.011702723329778128,0.6859440154928848,0.010528576847778961,90.53688201879557,4.000821022275797,0.5923325122954944,0.0005809139314165586,0.0,0.0,0.0,0.0,26.0,0.0,0.2758620689655173,0.01990862997205606,0.0,0.0,0.5899552504221598,0.014613170817441064
mnist,PU-R,0.3,0.0,250,3,254.0,0.0,280.3333333333333,8.685876147196922,534.3333333333334,8.685876147196923,0.588759496420001,0.008619067440728568,0.2619,0.018624446300494427,0.857866368292029,0.00465977944145698,0.28030000000000005,0.008457044400971307,0.5067040594938882,0.00905159362773044,339.7453472459934,4.526252684974673,7.975723814296846,0.014683092714822522,0.0,0.0,0.0,0.0,251.0,0.0,0.29658792650918636,0.013701189644239558,0.0,0.0,0.5754276116689047,0.0019182669800330559
mnist,PU-R,0.3,0.0,255,3,259.0,0.0,277.6666666666667,12.914247085207013,536.6666666666666,12.914247085207013,0.5910541414632462,0.01280118719186166,0.2520666666666667,0.01409330022071164,0.8578869941317292,0.007549957963652973,0.2786133333333334,0.012716510702407513,0.5047939981306758,0.013591070662857595,343.5263168186181,4.8336734790740525,8.22823386065041,0.015400749942827892,0.0,0.0,0.0,0.0,256.0,0.0,0.2972972972972973,0.012411390940788868,0.0,0.0,0.5804332494735718,0.0038919366082421896
mnist,PU-R,0.3,0.0,260,3,264.0,0.0,276.0,12.220201853215574,540.0,12.220201853215574,0.5943635808071122,0.012127455239140316,0.26030000000000003,0.0193628510297425,0.8582837288910808,0.006906318954840412,0.2771066666666667,0.01251110084862417,0.503178030540265,0.013530896237320941,347.43621356089216,4.745768451609355,8.47741516167298,0.015990024530123725,0.0,0.0,0.0,0.0,261.0,0.0,0.2954545454545454,0.014340677640909787,0.0,0.0,0.5780354936917623,0.004640511979120816
mnist,PU-R,0.3,0.0,265,3,269.0,0.0,268.6666666666667,9.527737285304301,537.6666666666666,9.527737285304303,0.5920631865155883,0.009442494329450978,0.25289999999999996,0.011129390519401039,0.8545338606801224,0.006318958635133692,0.2693066666666667,0.01039142167580763,0.49481929629202703,0.011216231898632625,351.4700120317719,4.853189291951967,8.729901185336834,0.01680714532718886,0.0,0.0,0.0,0.0,266.0,0.0,0.29863692688971494,0.014290659968613126,0.0,0.0,0.57147616147995,0.004149699003866801
mnist,PU-R,0.3,0.0,270,3,274.0,0.0,268.6666666666667,8.089774066341064,542.6666666666666,8.089774066341066,0.5970249823488606,0.00801323694247918,0.2518333333333333,0.020574444774471488,0.855738026167597,0.003986056339458475,0.2689866666666667,0.007379307405019654,0.49453474196675873,0.007999768378347493,355.2656486147023,4.984149647207463,8.987490805642059,0.017861199246818477,0.0,0.0,0.0,0.0,271.0,0.0,0.29927007299270075,0.01173193523235153,0.0,0.0,0.5745954910914103,0.0021667715539887733
mnist,PU-R,0.3,0.0,275,3,279.0,0.0,266.0,7.571877794400365,545.0,7.571877794400365,0.5993377066915855,0.007494584927200443,0.25383333333333336,0.009152838054092536,0.8544498495493208,0.003582018279520038,0.26521333333333336,0.006527218226609083,0.49045032843534014,0.007097954273204993,358.84483235724525,4.964101658416908,9.249158650326232,0.01872555795719031,0.0,0.0,0.0,0.0,276.0,0.0,0.3022700119474313,0.01139712307547127,0.0,0.0,0.5716355840365092,0.0025944378450897085
mnist,PU-R,0.3,0.0,280,3,284.0,0.0,263.0,6.429100507328637,547.0,6.429100507328637,0.6013211378012784,0.006364816937066718,0.24519999999999997,0.011345042970390209,0.8543696879852288,0.003485955041472474,0.2632466666666667,0.006838560602284013,0.4883021535577689,0.007467097986911533,362.4909408771475,5.047525044866851,9.514628807005161,0.019135110476903503,0.0,0.0,0.0,0.0,281.0,0.0,0.3028169014084507,0.011318838921353234,0.0,0.0,0.5746186971664429,0.0027555316965834063
mnist,PU-R,0.3,0.0,285,3,289.0,0.0,259.6666666666667,5.4873592110514435,548.6666666666666,5.4873592110514435,0.6029728130476238,0.005428924528110565,0.24893333333333334,0.015035217915872633,0.8525538515989354,0.0027199655142161852,0.25878666666666666,0.0055654928902219665,0.4834444148773791,0.006104920615530992,365.9482944992981,5.046739749677689,9.78476451562407,0.01978551988432264,0.0,0.0,0.0,0.0,286.0,0.0,0.30219146482122267,0.011002758955212745,0.0,0.0,0.5763177673021952,0.002702660018657891
mnist,PU-R,0.3,0.0,290,3,294.0,0.0,255.66666666666666,9.024657580453923,549.6666666666666,9.024657580453923,0.6039503338785531,0.008929464891146738,0.24773333333333328,0.010981246640421926,0.8519823496489695,0.0051470157533290315,0.25611333333333336,0.0093439772640515,0.4804392202348266,0.010298522923942849,369.9106934760194,5.013101711330732,10.059368720976636,0.0206066770989235,0.0,0.0,0.0,0.0,291.0,0.0,0.30045351473922904,0.009884124588527617,0.0,0.0,0.5795307954152426,0.00676942268871962
mnist,PU-R,0.3,0.0,295,3,299.0,0.0,254.0,8.717797887081348,553.0,8.717797887081348,0.6072471586327689,0.008618765979732832,0.24696666666666667,0.015140490231311695,0.8519652871962364,0.004774597426165977,0.25408000000000003,0.008874014499274451,0.47821109019962754,0.009809531947634514,373.91079283643154,4.967013614209393,10.338204915712899,0.02120516648456306,0.0,0.0,0.0,0.0,296.0,0.0,0.29877369007803795,0.008707078791423259,0.0,0.0,0.5770821372667948,0.002932545078382929
mnist,PU-R,0.3,0.0,296,3,300.0,0.0,250.33333333333334,6.227180564089802,550.3333333333334,6.227180564089802,0.6046193572692573,0.0061621789501780724,0.24353333333333335,0.006091615366861041,0.8494441338125583,0.002548875363892126,0.24988000000000002,0.005858236367144414,0.47362729514113194,0.006507604670942963,374.7470173573929,5.029602280457514,10.439512101312479,0.021144444915698123,0.0,0.0,1.0,0.0,297.0,0.0,0.29888888888888887,0.008678055195451846,0.0,0.0,0.5762734214464823,0.0017073001200266105
mnist,PU-R,0.3,0.0,30,3,34.0,0.0,453.0,10.016652800877813,487.0,10.016652800877813,0.5415238553153662,0.01004127541147222,0.41550000000000004,0.028966589950032685,0.8632919655281711,0.004733696779906544,0.4545666666666666,0.01110754898456197,0.6781343474491105,0.010038972243335517,104.4993973258636,4.452544965696838,0.7022889479994774,0.0007191128654529974,0.0,0.0,0.0,0.0,31.0,0.0,0.2647058823529412,0.016980890270283114,0.0,0.0,0.5773424108823141,0.0064518445088676355
mnist,PU-R,0.3,0.0,35,3,39.0,0.0,454.3333333333333,18.985374487864192,493.3333333333333,18.985374487864192,0.5478145110925349,0.019051430408583998,0.42560000000000003,0.022202702538204663,0.8709217007850545,0.010192424462886701,0.45544000000000007,0.018315286875540113,0.6787449367738724,0.016679652048216285,116.57732255037251,2.933697281207701,0.8135804039581368,0.0008241093422749932,0.0,0.0,0.0,0.0,36.0,0.0,0.2735042735042735,0.022613259068928127,0.0,0.0,0.5862959623336792,0.003493767897365218
mnist,PU-R,0.3,0.0,40,3,44.0,0.0,451.0,8.888194417315589,495.0,8.888194417315589,0.5495461940105694,0.008905380894705946,0.43453333333333327,0.013076229493924365,0.872465077871707,0.0036692991466451036,0.44970666666666664,0.008836095165726641,0.6737622146179421,0.008067504645522463,124.83033754902378,3.1319304700377093,0.9266285332851112,0.0010712219378978102,0.0,0.0,0.0,0.0,41.0,0.0,0.2803030303030303,0.020043570538368114,0.0,0.0,0.5828303098678589,0.004992059957485345
mnist,PU-R,0.3,0.0,45,3,49.0,0.0,444.6666666666667,14.379769740081997,493.6666666666667,14.379769740081997,0.5481825421447866,0.014425187068385234,0.41536666666666666,0.027214844805322276,0.8733522265702504,0.007636666625677351,0.44385333333333327,0.014879705791595614,0.6683018509245505,0.0136911210611579,133.24277396493153,2.9869578419950176,1.041907803233092,0.0010801398068142221,0.0,0.0,0.0,0.0,46.0,0.0,0.2925170068027211,0.006802721088435382,0.0,0.0,0.5792305668195089,0.0059220776826477695
mnist,PU-R,0.3,0.0,5,3,9.0,0.0,473.3333333333333,9.955456348712053,482.3333333333333,9.955456348712053,0.5368406305594059,0.009991203647499792,0.4459666666666666,0.0261669214424964,0.7721084802474607,0.006746580001556717,0.4699866666666666,0.007839399069940104,0.6920474643113627,0.006984596530024463,9.47929565596319,0.41530222457291993,0.16909044592951736,0.00015943817290949515,0.0,0.0,0.0,0.0,6.0,0.0,0.25925925925925924,0.037037037037037035,0.0,0.0,0.5944512486457825,0.01595841812955846
mnist,PU-R,0.3,0.0,50,3,54.0,0.0,444.3333333333333,16.292465879799916,498.3333333333333,16.292465879799916,0.552841251269759,0.01632921914611724,0.4286666666666667,0.01250391049943086,0.8763480781418197,0.007864262558641083,0.4426733333333333,0.015505948679279296,0.6672058338809198,0.014283997798050384,140.30206858660895,2.9796645850990497,1.1584580619819462,0.0012278698076383897,0.0,0.0,0.0,0.0,51.0,0.0,0.29629629629629634,0.01851851851851851,0.0,0.0,0.5812646746635437,0.0020992236985727625
mnist,PU-R,0.3,0.0,55,3,59.0,0.0,440.3333333333333,8.412952976082641,499.3333333333333,8.412952976082641,0.55388493995027,0.00840869136479626,0.4218333333333333,0.022889395895139848,0.8787357094387116,0.004993092897353464,0.43981333333333333,0.00778542512933263,0.6647378062719732,0.007123491524802573,148.0961141417578,2.8184525875794364,1.2767552440054715,0.0018472531590231756,0.0,0.0,0.0,0.0,56.0,0.0,0.2994350282485876,0.029895495040277862,0.0,0.0,0.5824681719144186,0.0026367318879243957
mnist,PU-R,0.3,0.0,60,3,64.0,0.0,430.3333333333333,5.92546294487706,494.3333333333333,5.92546294487706,0.5488883476161087,0.005936571852027049,0.4093,0.019088565512718165,0.8775882885586435,0.003053888905237226,0.43218,0.006339684534738301,0.6577237553369463,0.005870447705996261,154.81309294639576,2.6128523934790864,1.397631620367368,0.002208089282405667,0.0,0.0,0.0,0.0,61.0,0.0,0.3072916666666667,0.02604166666666667,0.0,0.0,0.588401714960734,0.0071706892894205345
mnist,PU-R,0.3,0.0,65,3,69.0,0.0,431.0,2.0816659994661326,500.0,2.0816659994661326,0.5545665595952111,0.002082407729681343,0.39819999999999994,0.017180318196510034,0.8807815993371667,0.002639740180732053,0.43196000000000007,0.0023559286916203554,0.6575500813827925,0.002178076909018893,161.7337916875651,2.6786429184178173,1.5193789316496502,0.0026856063126914835,0.0,0.0,0.0,0.0,66.0,0.0,0.2995169082125604,0.024154589371980673,0.0,0.0,0.5868426163991293,0.002838576824293998
mnist,PU-R,0.3,0.0,70,3,74.0,0.0,418.6666666666667,9.061518146045458,492.6666666666667,9.061518146045458,0.547208505430414,0.009085223496230008,0.38656666666666667,0.009944233393167015,0.8751975394762198,0.0033584996245407113,0.4170066666666667,0.00784300395965167,0.6435798723839682,0.007375500823728331,168.735114809562,3.0512528189480093,1.6434442639971774,0.0027538468412113513,0.0,0.0,0.0,0.0,71.0,0.0,0.29279279279279274,0.023835597396978294,0.0,0.0,0.5920150876045227,0.0005278525656602041
mnist,PU-R,0.3,0.0,75,3,79.0,0.0,425.0,13.85640646055102,504.0,13.85640646055102,0.5585238457618592,0.013846850705415343,0.37943333333333334,0.026062830067187844,0.8820221170310923,0.007830544388782914,0.42383999999999994,0.011865765883414328,0.6498976129778605,0.011051633820796939,175.31069109389617,2.956538615979958,1.769499940642466,0.0032104006680693633,0.0,0.0,0.0,0.0,76.0,0.0,0.2911392405063291,0.02635020252488775,0.0,0.0,0.5863084594408671,0.00859808143853511
mnist,PU-R,0.3,0.0,80,3,84.0,0.0,397.6666666666667,5.783117190965824,481.6666666666667,5.783117190965824,0.5361857425111035,0.005807186162972382,0.3587666666666667,0.010852393489200644,0.8699731486605335,0.0035926963872285477,0.39832,0.006385807179467082,0.6259267846206525,0.006082652280342779,181.80103331966825,2.5003051966847316,1.897575864335522,0.003722972888893097,0.0,0.0,0.0,0.0,81.0,0.0,0.28968253968253965,0.030993054269470854,0.0,0.0,0.5943233172098795,0.005875308507766448
mnist,PU-R,0.3,0.0,85,3,89.0,0.0,409.6666666666667,12.914247085207013,498.6666666666667,12.914247085207013,0.5531966826917293,0.012938154548489266,0.3685333333333333,0.027136957169963703,0.8787494070460892,0.008202950315454965,0.4086866666666667,0.011889274344737952,0.6356792258691035,0.011293045223111224,187.99881310375724,2.7970356161011094,2.027291641648238,0.003723100194587855,0.0,0.0,0.0,0.0,86.0,0.0,0.2958801498127341,0.03572805997816276,0.0,0.0,0.5774949391682943,0.0032604591716828045
mnist,PU-R,0.3,0.0,90,3,94.0,0.0,393.6666666666667,5.238744548500571,487.6666666666667,5.238744548500571,0.5422087126838354,0.005255287339487545,0.3724,0.013229638443031376,0.8734554955562569,0.0020734656384504215,0.39502,0.005433316973390503,0.6227840799522347,0.005199112190550838,193.86835037473702,2.7407226443885015,2.1600166936405003,0.003969412462412432,0.0,0.0,0.0,0.0,91.0,0.0,0.30141843971631205,0.033827631255920074,0.0,0.0,0.5911183555920919,0.004611771017639154
mnist,PU-R,0.3,0.0,95,3,99.0,0.0,409.6666666666667,7.881060278357926,508.6666666666667,7.881060278357926,0.5632137800954903,0.007873996509675543,0.37176666666666663,0.032296869473337146,0.8841383253598276,0.0060894456812694035,0.40912666666666664,0.008564970000596113,0.6361547980956067,0.008120497140270097,199.80179423055802,2.831135710477897,2.294418709275002,0.004255021234550496,0.0,0.0,0.0,0.0,96.0,0.0,0.30303030303030304,0.03247020458246786,0.0,0.0,0.5759167671203613,0.0036728720937546223
