dataset,method,noise_rate,pretrain_fraction,step,n,compression_size_mean,compression_size_se,remaining_bad_mean,remaining_bad_se,effective_compression_size_mean,effective_compression_size_se,certified_bound_mean,certified_bound_se,test_error_mean,test_error_se,pac_bayes_bound_mean,pac_bayes_bound_se,pac_bayes_empirical_risk_mean,pac_bayes_empirical_risk_se,pac_bayes_mc_upper_mean,pac_bayes_mc_upper_se,pac_bayes_kl_mean,pac_bayes_kl_se,runtime_sec_mean,runtime_sec_se,stop_reached_mean,stop_reached_se,hit_limit_mean,hit_limit_se,train_calls_mean,train_calls_se,noise_hit_rate_mean,noise_hit_rate_se,duplicate_hit_rate_mean,duplicate_hit_rate_se,pairwise_feature_cosine_mean,pairwise_feature_cosine_se
mnist,MaxLoss,0.0,0.0,0,5,4.0,0.0,2149.2,21.14095551293744,2153.2,21.14095551293744,0.45620342580368745,0.004267460532572546,0.41688000000000003,0.005584926140961948,,,,,,,,,0.14179093978600577,0.11007403450974478,0.0,0.0,0.0,0.0,1.0,0.0,0.0,0.0,0.0,0.0,0.6674401998519898,0.0030108521302246376
mnist,MaxLoss,0.0,0.0,10,5,14.0,0.0,2088.0,96.09318394142218,2102.0,96.09318394142218,0.4457886209362186,0.019373076117568527,0.41768,0.017504553693253655,,,,,,,,,0.2987055893987417,0.11076234453367216,0.0,0.0,0.0,0.0,11.0,0.0,0.0,0.0,0.0,0.0,0.6658890962600708,0.009744816559277855
mnist,MaxLoss,0.0,0.0,100,5,104.0,0.0,1156.8,147.70727808743885,1260.8,147.70727808743885,0.2739634104655124,0.030513114480753327,0.23723999999999998,0.029470266371378458,,,,,,,,,1.6609745096066035,0.11152182168909786,0.0,0.0,0.0,0.0,101.0,0.0,0.0,0.0,0.0,0.0,0.5919734358787536,0.006491147672799165
mnist,MaxLoss,0.0,0.0,102,5,106.0,0.0,1148.4,155.26802632866816,1254.4,155.26802632866816,0.2726106237620115,0.03209094227270964,0.23384,0.03100265472503928,,,,,,,,,1.6923157442011871,0.11135182947555926,0.0,0.0,0.0,0.0,103.0,0.0,0.0,0.0,0.0,0.0,0.5920108079910278,0.007255145681981255
mnist,MaxLoss,0.0,0.0,104,5,108.0,0.0,1152.6,149.79072067387887,1260.6,149.79072067387887,0.2739123224746436,0.030951860909810818,0.23676000000000003,0.0315073261321871,,,,,,,,,1.7230272024055011,0.11135374387096653,0.0,0.0,0.0,0.0,105.0,0.0,0.0,0.0,0.0,0.0,0.5915899991989135,0.005262343274653873
mnist,MaxLoss,0.0,0.0,106,5,110.0,0.0,1108.4,160.2178516895043,1218.4,160.2178516895043,0.26514579585054887,0.0331737824282635,0.23049999999999998,0.03264498430080799,,,,,,,,,1.7537787706009111,0.11134264618181806,0.0,0.0,0.0,0.0,107.0,0.0,0.0,0.0,0.0,0.0,0.5916920900344849,0.004954892744394113
mnist,MaxLoss,0.0,0.0,108,5,112.0,0.0,1016.8,136.3364954808506,1128.8,136.3364954808506,0.2466955562005751,0.02829405107809328,0.21033999999999997,0.028101558675632205,,,,,,,,,1.7833605397958308,0.11168322200804806,0.0,0.0,0.0,0.0,109.0,0.0,0.0,0.0,0.0,0.0,0.5866943836212158,0.0036506572728762215
mnist,MaxLoss,0.0,0.0,110,5,114.0,0.0,961.4,129.19930340369487,1075.4,129.19930340369487,0.23563770320033656,0.026880403254033357,0.20276,0.02697633407266451,,,,,,,,,1.813639896782115,0.11185299073294068,0.0,0.0,0.0,0.0,111.0,0.0,0.0,0.0,0.0,0.0,0.5839026212692261,0.002451007296962574
mnist,MaxLoss,0.0,0.0,112,5,116.0,0.0,918.2,105.82409933469785,1034.2,105.82409933469785,0.22716745737707242,0.02200848093297585,0.1916,0.022945348112417035,,,,,,,,,1.8432942049810663,0.11223476962008577,0.0,0.0,0.0,0.0,113.0,0.0,0.0,0.0,0.0,0.0,0.5825759530067444,0.0029300086109509014
mnist,MaxLoss,0.0,0.0,114,5,118.0,0.0,912.4,134.83493612561992,1030.4,134.83493612561992,0.22626989438431339,0.028036305247249715,0.19322,0.029094714296586586,,,,,,,,,1.8729008699883707,0.11258525737019794,0.0,0.0,0.0,0.0,115.0,0.0,0.0,0.0,0.0,0.0,0.5834661483764648,0.0055183032132004066
mnist,MaxLoss,0.0,0.0,116,5,120.0,0.0,821.4,120.1068690791663,941.4,120.1068690791663,0.2077837344026193,0.025037503493429626,0.17296,0.02488149111287344,,,,,,,,,1.9025136985932476,0.11293125045793925,0.0,0.0,0.0,0.0,117.0,0.0,0.0,0.0,0.0,0.0,0.5823445320129395,0.006210146529155343
mnist,MaxLoss,0.0,0.0,118,5,122.0,0.0,903.2,112.9590191175543,1025.2,112.9590191175543,0.2252757596084848,0.02346858622968433,0.19085999999999997,0.022105420149818474,,,,,,,,,1.9327482583932578,0.11308568688846625,0.0,0.0,0.0,0.0,119.0,0.0,0.0,0.0,0.0,0.0,0.5860102295875549,0.005947944840455847
mnist,MaxLoss,0.0,0.0,12,5,16.0,0.0,2217.8,80.83031609489103,2233.8,80.83031609489103,0.4724060700973496,0.016262639435618852,0.44288,0.014321012534035438,,,,,,,,,0.3287447559996508,0.11073156005071384,0.0,0.0,0.0,0.0,13.0,0.0,0.0,0.0,0.0,0.0,0.6748952150344849,0.009549702734441858
mnist,MaxLoss,0.0,0.0,120,5,124.0,0.0,956.8,128.19960998380608,1080.8,128.19960998380608,0.2367724217940122,0.026610158861120944,0.20212000000000002,0.02687358182304696,,,,,,,,,1.9629671557922848,0.11327943873609998,0.0,0.0,0.0,0.0,121.0,0.0,0.0,0.0,0.0,0.0,0.5900926113128662,0.005044008975442057
mnist,MaxLoss,0.0,0.0,122,5,126.0,0.0,853.6,93.93540333654825,979.6,93.93540333654825,0.21583699904149398,0.019593258162012833,0.181,0.01938179558245313,,,,,,,,,1.9932599555817432,0.11344974135429987,0.0,0.0,0.0,0.0,123.0,0.0,0.0,0.0,0.0,0.0,0.5857525944709778,0.003961626382000806
mnist,MaxLoss,0.0,0.0,124,5,128.0,0.0,842.6,70.57095719911982,970.6,70.57095719911982,0.2140257129794918,0.014729926390303258,0.18004,0.014005020528367685,,,,,,,,,2.02299972679466,0.11376733041721893,0.0,0.0,0.0,0.0,125.0,0.0,0.0,0.0,0.0,0.0,0.5866920471191406,0.0010097992976352483
mnist,MaxLoss,0.0,0.0,126,5,130.0,0.0,873.8,85.53093007795482,1003.8,85.53093007795482,0.22090743362205104,0.017778356028654997,0.18531999999999998,0.01587530787103041,,,,,,,,,2.054028587206267,0.11385070773168075,0.0,0.0,0.0,0.0,127.0,0.0,0.0,0.0,0.0,0.0,0.5888836979866028,0.0022964900260477304
mnist,MaxLoss,0.0,0.0,128,5,132.0,0.0,837.2,74.23099083267041,969.2,74.23099083267041,0.21372916565742345,0.015458726286469887,0.17866,0.01611029484522242,,,,,,,,,2.084432002797257,0.11399878979899296,0.0,0.0,0.0,0.0,129.0,0.0,0.0,0.0,0.0,0.0,0.5871935963630677,0.0038828195209767795
mnist,MaxLoss,0.0,0.0,130,5,134.0,0.0,833.0,77.04154723264583,967.0,77.04154723264583,0.2132672567619011,0.016014582550436203,0.17663999999999996,0.014845996093223244,,,,,,,,,2.1154758295975626,0.1139872139243324,0.0,0.0,0.0,0.0,131.0,0.0,0.0,0.0,0.0,0.0,0.5885748386383056,0.004083619176001186
mnist,MaxLoss,0.0,0.0,132,5,136.0,0.0,852.8,75.73994982834355,988.8,75.73994982834355,0.21781311178347096,0.015716334546770364,0.18234,0.014512256888575267,,,,,,,,,2.1465091835940258,0.11395582955728296,0.0,0.0,0.0,0.0,133.0,0.0,0.0,0.0,0.0,0.0,0.5905294060707093,0.004436551811693985
mnist,MaxLoss,0.0,0.0,134,5,138.0,0.0,824.0,85.29302433376365,962.0,85.29302433376365,0.21220324598252774,0.017739438556090517,0.176,0.016497181577469537,,,,,,,,,2.177421329601202,0.11399773057277114,0.0,0.0,0.0,0.0,135.0,0.0,0.0,0.0,0.0,0.0,0.5900223016738891,0.0035058599110122574
mnist,MaxLoss,0.0,0.0,136,5,140.0,0.0,831.2,86.11585219923217,971.2,86.11585219923217,0.214118875854183,0.017902172444562183,0.17744,0.01694097399797308,,,,,,,,,2.2083451736019923,0.1140191689612957,0.0,0.0,0.0,0.0,137.0,0.0,0.0,0.0,0.0,0.0,0.5909874439239502,0.0026851732638435892
mnist,MaxLoss,0.0,0.0,138,5,142.0,0.0,795.4,32.5170724389512,937.4,32.5170724389512,0.20717282290570438,0.006781051245222736,0.16918000000000002,0.006083370776140475,,,,,,,,,2.2381176157970915,0.1143302492489417,0.0,0.0,0.0,0.0,139.0,0.0,0.0,0.0,0.0,0.0,0.5871306419372558,0.0021356946050609285
mnist,MaxLoss,0.0,0.0,14,5,18.0,0.0,2225.4,118.56162954345729,2243.4,118.56162954345729,0.47427545376122,0.02391540345497219,0.44326,0.02501548720293091,,,,,,,,,0.3593134218011983,0.11064421495097335,0.0,0.0,0.0,0.0,15.0,0.0,0.0,0.0,0.0,0.0,0.6732645273208618,0.004257194845376808
mnist,MaxLoss,0.0,0.0,140,5,144.0,0.0,785.4,29.071635660898064,929.4,29.071635660898064,0.2055074332281947,0.0060683971382774655,0.17006,0.007576978289529412,,,,,,,,,2.2678961133933626,0.1146262673320026,0.0,0.0,0.0,0.0,141.0,0.0,0.0,0.0,0.0,0.0,0.5859243750572205,0.003973966818749896
mnist,MaxLoss,0.0,0.0,142,5,146.0,0.0,748.2,80.99654313611167,894.2,80.99654313611167,0.19805347663350403,0.016947735427409877,0.16333999999999999,0.016676978143536664,,,,,,,,,2.2983048233902084,0.11480776627256045,0.0,0.0,0.0,0.0,143.0,0.0,0.0,0.0,0.0,0.0,0.5845706462860107,0.005689176308717759
mnist,MaxLoss,0.0,0.0,144,5,148.0,0.0,729.6,98.1522287062296,877.6,98.1522287062296,0.19453295153798536,0.02049955228509323,0.16074,0.018902105702804647,,,,,,,,,2.327444272802677,0.11525159447207727,0.0,0.0,0.0,0.0,145.0,0.0,0.0,0.0,0.0,0.0,0.5856605529785156,0.006772442961564087
mnist,MaxLoss,0.0,0.0,146,5,150.0,0.0,761.2,98.42326960632836,911.2,98.42326960632836,0.20156107735820114,0.020510967927404852,0.16584,0.018879343208914864,,,,,,,,,2.3566201221896335,0.1157194205392069,0.0,0.0,0.0,0.0,147.0,0.0,0.0,0.0,0.0,0.0,0.5893828868865967,0.0059050295283921625
mnist,MaxLoss,0.0,0.0,148,5,152.0,0.0,746.8,64.88250919932119,898.8,64.88250919932119,0.19905858534621074,0.013568542048509002,0.16386,0.013502244257900241,,,,,,,,,2.387665429385379,0.11577455835128483,0.0,0.0,0.0,0.0,149.0,0.0,0.0,0.0,0.0,0.0,0.5882345795631408,0.003291336074910976
mnist,MaxLoss,0.0,0.0,150,5,154.0,0.0,735.8,64.25994086520777,889.8,64.25994086520777,0.19717906719306483,0.013441244787142077,0.1618,0.012452790851853262,,,,,,,,,2.4181223025778307,0.11597500957336916,0.0,0.0,0.0,0.0,151.0,0.0,0.0,0.0,0.0,0.0,0.587204658985138,0.002387068269233629
mnist,MaxLoss,0.0,0.0,152,5,156.0,0.0,665.0,45.59385923564707,821.0,45.59385923564707,0.18281513210386038,0.009566084105889952,0.14738,0.007400094593990003,,,,,,,,,2.4480763021856546,0.11635107548463357,0.0,0.0,0.0,0.0,153.0,0.0,0.0,0.0,0.0,0.0,0.5826573729515075,0.0021416246302199725
mnist,MaxLoss,0.0,0.0,154,5,158.0,0.0,644.8,46.00586919078912,802.8,46.00586919078912,0.17899726781761274,0.009658431635624161,0.14394,0.00859648765485066,,,,,,,,,2.477354123594705,0.11683282463950038,0.0,0.0,0.0,0.0,155.0,0.0,0.0,0.0,0.0,0.0,0.5824731707572937,0.003670922936717317
mnist,MaxLoss,0.0,0.0,156,5,160.0,0.0,676.2,47.65018363028625,836.2,47.65018363028625,0.18599743224913254,0.009984853497604399,0.14982,0.009512801900596892,,,,,,,,,2.507280534808524,0.11712106102120415,0.0,0.0,0.0,0.0,157.0,0.0,0.0,0.0,0.0,0.0,0.5849881410598755,0.0034603419227460666
mnist,MaxLoss,0.0,0.0,158,5,162.0,0.0,601.4,43.00186042486999,763.4,43.00186042486999,0.1707276327884756,0.009044154055995013,0.13732,0.008542564017904692,,,,,,,,,2.5365126802003943,0.11762261505838952,0.0,0.0,0.0,0.0,159.0,0.0,0.0,0.0,0.0,0.0,0.5835785865783691,0.0031468627855355154
mnist,MaxLoss,0.0,0.0,16,5,20.0,0.0,2310.6,75.11897230393932,2330.6,75.11897230393932,0.49189837198937314,0.015115055595591894,0.46128,0.01557534590306104,,,,,,,,,0.38934064959175885,0.11058192506308678,0.0,0.0,0.0,0.0,17.0,0.0,0.0,0.0,0.0,0.0,0.6696085095405578,0.004946958172146044
mnist,MaxLoss,0.0,0.0,160,5,164.0,0.0,605.4,44.79352631798483,769.4,44.79352631798483,0.17198561870027335,0.009416938431962465,0.13658,0.008185682622726089,,,,,,,,,2.5664810581947677,0.11804978923559492,0.0,0.0,0.0,0.0,161.0,0.0,0.0,0.0,0.0,0.0,0.5864271640777587,0.0018952940477625236
mnist,MaxLoss,0.0,0.0,162,5,166.0,0.0,601.4,48.69250455665636,767.4,48.69250455665636,0.17155915611656383,0.010220358892370949,0.13656,0.01031952518287542,,,,,,,,,2.5957006414071655,0.11852543971484415,0.0,0.0,0.0,0.0,163.0,0.0,0.0,0.0,0.0,0.0,0.5861055970191955,0.0028716906331070677
mnist,MaxLoss,0.0,0.0,164,5,168.0,0.0,643.6,59.528648565207654,811.6,59.528648565207654,0.1808177982806228,0.012464915094318641,0.14654,0.012345752305955266,,,,,,,,,2.6262119921972045,0.11873376608248563,0.0,0.0,0.0,0.0,165.0,0.0,0.0,0.0,0.0,0.0,0.5894535422325134,0.003866136108461762
mnist,MaxLoss,0.0,0.0,166,5,170.0,0.0,558.6,37.394652024052846,728.6,37.394652024052846,0.16341559189604596,0.007871190553995697,0.12739999999999999,0.006666333324999587,,,,,,,,,2.6561060367967,0.11912439930575383,0.0,0.0,0.0,0.0,167.0,0.0,0.0,0.0,0.0,0.0,0.5859654903411865,0.0021446869412917492
mnist,MaxLoss,0.0,0.0,168,5,172.0,0.0,596.4,36.27754126177793,768.4,36.27754126177793,0.1717890993342735,0.007640613739412525,0.13382,0.00611525960201199,,,,,,,,,2.68666859138757,0.11933544186577696,0.0,0.0,0.0,0.0,169.0,0.0,0.0,0.0,0.0,0.0,0.5895524144172668,0.0036975089113778017
mnist,MaxLoss,0.0,0.0,170,5,174.0,0.0,622.4,40.825972125596714,796.4,40.825972125596714,0.17766297849593685,0.008578264539690541,0.13913999999999999,0.0063998124972533404,,,,,,,,,2.7159392504021524,0.11981556704718581,0.0,0.0,0.0,0.0,171.0,0.0,0.0,0.0,0.0,0.0,0.5924165368080139,0.002542205827071878
mnist,MaxLoss,0.0,0.0,172,5,176.0,0.0,688.4,47.11751266779688,864.4,47.11751266779688,0.1919031677301973,0.009855103995436324,0.15356,0.010384440283424034,,,,,,,,,2.746489056781866,0.12001689726431757,0.0,0.0,0.0,0.0,173.0,0.0,0.0,0.0,0.0,0.0,0.5959191679954529,0.0009202780568233535
mnist,MaxLoss,0.0,0.0,174,5,178.0,0.0,688.2,55.18459930089191,866.2,55.18459930089191,0.19226391684496774,0.011549425411916734,0.1572,0.012484470353202803,,,,,,,,,2.777091724588536,0.12022134720129223,0.0,0.0,0.0,0.0,175.0,0.0,0.0,0.0,0.0,0.0,0.5951664209365845,0.0030983948253551622
mnist,MaxLoss,0.0,0.0,176,5,180.0,0.0,636.2,48.338804288066534,816.2,48.338804288066534,0.18180553751299158,0.010122319263912962,0.14604,0.01210713013062963,,,,,,,,,2.807063294004183,0.12052039313061194,0.0,0.0,0.0,0.0,177.0,0.0,0.0,0.0,0.0,0.0,0.5917848587036133,0.0033203597193451617
mnist,MaxLoss,0.0,0.0,178,5,182.0,0.0,623.4,72.40828681856794,805.4,72.40828681856794,0.17948499500053003,0.015158795383871888,0.14284000000000002,0.016881901551661763,,,,,,,,,2.8370443473802878,0.12081738272538338,0.0,0.0,0.0,0.0,179.0,0.0,0.0,0.0,0.0,0.0,0.5905291676521301,0.004071909985972002
mnist,MaxLoss,0.0,0.0,18,5,22.0,0.0,2265.4,57.76123267382717,2287.4,57.76123267382717,0.4832270414102823,0.011627763563035173,0.45464000000000004,0.013012286501610699,,,,,,,,,0.4198565879836679,0.11039415614035196,0.0,0.0,0.0,0.0,19.0,0.0,0.0,0.0,0.0,0.0,0.6472598075866699,0.006434152776981925
mnist,MaxLoss,0.0,0.0,180,5,184.0,0.0,560.6,48.30590026073419,744.6,48.30590026073419,0.16676221842644737,0.010172136947652101,0.1305,0.010667567670279859,,,,,,,,,2.867067361192312,0.12120138677686253,0.0,0.0,0.0,0.0,181.0,0.0,0.0,0.0,0.0,0.0,0.5882402539253235,0.0019125244720086473
mnist,MaxLoss,0.0,0.0,182,5,186.0,0.0,563.8,69.94740881548078,749.8,69.94740881548078,0.1678032862371765,0.014699401843680036,0.13208000000000003,0.014386083553212105,,,,,,,,,2.8977314837975428,0.12141181582566708,0.0,0.0,0.0,0.0,183.0,0.0,0.0,0.0,0.0,0.0,0.5870522618293762,0.003603164141157356
mnist,MaxLoss,0.0,0.0,184,5,188.0,0.0,583.6,80.5311120002698,771.6,80.5311120002698,0.17236711151199416,0.016837181910347027,0.13476000000000002,0.016448969572590254,,,,,,,,,2.927731862606015,0.12176870207939278,0.0,0.0,0.0,0.0,185.0,0.0,0.0,0.0,0.0,0.0,0.5898779034614563,0.004876775967433472
mnist,MaxLoss,0.0,0.0,186,5,190.0,0.0,537.6,59.840287432464756,727.6,59.840287432464756,0.16315865545766428,0.012576162476186294,0.12682,0.014927538310116643,,,,,,,,,2.9571057791821658,0.12223160810863463,0.0,0.0,0.0,0.0,187.0,0.0,0.0,0.0,0.0,0.0,0.5852352619171143,0.0023085874763599822
mnist,MaxLoss,0.0,0.0,188,5,192.0,0.0,502.4,25.850725328315256,694.4,25.850725328315256,0.15622330968035386,0.005451824364727281,0.11785999999999999,0.004868737002550032,,,,,,,,,2.9871108616003768,0.1225698129205971,0.0,0.0,0.0,0.0,189.0,0.0,0.0,0.0,0.0,0.0,0.5836565494537354,0.0030773891459800517
mnist,MaxLoss,0.0,0.0,190,5,194.0,0.0,508.4,23.534230388946224,702.4,23.534230388946224,0.1579135600477457,0.004958157058193536,0.12002000000000002,0.005289650271993422,,,,,,,,,3.0174841670086607,0.12331898525481348,0.0,0.0,0.0,0.0,191.0,0.0,0.0,0.0,0.0,0.0,0.5843464970588684,0.0022838651284211166
mnist,MaxLoss,0.0,0.0,192,5,196.0,0.0,507.0,23.388031127053,703.0,23.388031127053,0.15804001026554032,0.004931526983711186,0.11882000000000001,0.005127416503464493,,,,,,,,,3.0478732625953855,0.12405348234999986,0.0,0.0,0.0,0.0,193.0,0.0,0.0,0.0,0.0,0.0,0.5863106608390808,0.0035570680297950345
mnist,MaxLoss,0.0,0.0,194,5,198.0,0.0,497.8,43.42510794459814,695.8,43.42510794459813,0.15649239264894277,0.009132489184812633,0.11623999999999998,0.007562909493045657,,,,,,,,,3.0774579061893745,0.12466831111820129,0.0,0.0,0.0,0.0,195.0,0.0,0.0,0.0,0.0,0.0,0.5865681171417236,0.004595788492891485
mnist,MaxLoss,0.0,0.0,196,5,200.0,0.0,490.6,17.255723688098392,690.6,17.255723688098392,0.15543038420146332,0.003638349177769866,0.11590000000000003,0.003356337289367682,,,,,,,,,3.1069623251794836,0.12524440810078283,0.0,0.0,0.0,0.0,197.0,0.0,0.0,0.0,0.0,0.0,0.5874606847763062,0.0033609650953576185
mnist,MaxLoss,0.0,0.0,198,5,202.0,0.0,489.6,17.987773625437914,691.6,17.987773625437914,0.15564077044837177,0.0037926682457125995,0.11547999999999999,0.0053950347542902856,,,,,,,,,3.1365872749942354,0.1258051440384097,0.0,0.0,0.0,0.0,199.0,0.0,0.0,0.0,0.0,0.0,0.5874206304550171,0.0024837609174956097
mnist,MaxLoss,0.0,0.0,2,5,6.0,0.0,2037.8,56.11185258035952,2043.8,56.11185258035952,0.43407333130016923,0.011347572875742326,0.40348000000000006,0.013216482134062764,,,,,,,,,0.17582252079155297,0.11059287525308806,0.0,0.0,0.0,0.0,3.0,0.0,0.0,0.0,0.0,0.0,0.6461711645126342,0.006357428095162379
mnist,MaxLoss,0.0,0.0,20,5,24.0,0.0,2180.2,58.94098743658778,2204.2,58.94098743658778,0.4664655117550865,0.011905241973499252,0.43784,0.014429227283538095,,,,,,,,,0.4499752193922177,0.11037671713802671,0.0,0.0,0.0,0.0,21.0,0.0,0.0,0.0,0.0,0.0,0.6239999532699585,0.0051010287946660245
mnist,MaxLoss,0.0,0.0,200,5,204.0,0.0,469.6,23.273590182866073,673.6,23.273590182866073,0.15183560141595082,0.004912066905432798,0.11288000000000001,0.007250268960528279,,,,,,,,,3.166463489597663,0.12664960786709173,0.0,0.0,0.0,0.0,201.0,0.0,0.0,0.0,0.0,0.0,0.5858375430107117,0.0021747673622357316
mnist,MaxLoss,0.0,0.0,202,5,206.0,0.0,466.8,41.22305180357223,672.8,41.22305180357223,0.15163863867055624,0.008698179622790632,0.1143,0.010711162401905784,,,,,,,,,3.1968313583754933,0.12708846068527943,0.0,0.0,0.0,0.0,203.0,0.0,0.0,0.0,0.0,0.0,0.5842825531959533,0.00326914023727434
mnist,MaxLoss,0.0,0.0,204,5,208.0,0.0,443.4,48.62982623863671,651.4,48.62982623863671,0.14709676088532433,0.01027968137422782,0.10817999999999998,0.01068847042377908,,,,,,,,,3.227053734194487,0.12756684519437334,0.0,0.0,0.0,0.0,205.0,0.0,0.0,0.0,0.0,0.0,0.5850038528442383,0.003482801471422403
mnist,MaxLoss,0.0,0.0,206,5,210.0,0.0,440.0,53.371340623971584,650.0,53.371340623971584,0.14678839886328204,0.011281156168317924,0.10955999999999999,0.010241660021695699,,,,,,,,,3.257327747589443,0.1279230392535363,0.0,0.0,0.0,0.0,207.0,0.0,0.0,0.0,0.0,0.0,0.5854870676994324,0.0030909822301957122
mnist,MaxLoss,0.0,0.0,208,5,212.0,0.0,455.8,49.01571176673863,667.8,49.01571176673863,0.15056329453364015,0.010358515057135236,0.11242,0.010916336381772054,,,,,,,,,3.2872836360009385,0.12876151607542127,0.0,0.0,0.0,0.0,209.0,0.0,0.0,0.0,0.0,0.0,0.5854979872703552,0.002539461794551325
mnist,MaxLoss,0.0,0.0,210,5,214.0,0.0,464.6,48.95875815418524,678.6,48.95875815418524,0.1528491085045971,0.010309803609776515,0.11424000000000001,0.008344854702150314,,,,,,,,,3.3170850723865444,0.129345386209173,0.0,0.0,0.0,0.0,211.0,0.0,0.0,0.0,0.0,0.0,0.589302396774292,0.0024326955511696806
mnist,MaxLoss,0.0,0.0,212,5,216.0,0.0,472.4,36.51520231355702,688.4,36.51520231355702,0.15494192704791204,0.007696544017777088,0.11638000000000001,0.008207886451456314,,,,,,,,,3.3461758971912787,0.12927947453957825,0.0,0.0,0.0,0.0,213.0,0.0,0.0,0.0,0.0,0.0,0.588970136642456,0.0017754026367564027
mnist,MaxLoss,0.0,0.0,214,5,218.0,0.0,450.4,35.33355345843381,668.4,35.33355345843381,0.15071953288279474,0.0074619336563862375,0.11174000000000002,0.006633520935370606,,,,,,,,,3.3766364649985916,0.12973103175979145,0.0,0.0,0.0,0.0,215.0,0.0,0.0,0.0,0.0,0.0,0.5866351246833801,0.0011276197777167704
mnist,MaxLoss,0.0,0.0,216,5,220.0,0.0,392.2,41.71498531702966,612.2,41.71498531702966,0.1388116425019689,0.008816756911637453,0.10099999999999998,0.008398392703368894,,,,,,,,,3.4073092679842376,0.13038100254376506,0.0,0.0,0.0,0.0,217.0,0.0,0.0,0.0,0.0,0.0,0.5845412611961365,0.0022802989632785867
mnist,MaxLoss,0.0,0.0,218,5,222.0,0.0,411.6,30.555850503626957,633.6,30.555850503626957,0.14336688874755055,0.006455830298335196,0.10258,0.00612228715432395,,,,,,,,,3.4378198339953085,0.13081851402290048,0.0,0.0,0.0,0.0,219.0,0.0,0.0,0.0,0.0,0.0,0.5864668369293213,0.0026148369268673886
mnist,MaxLoss,0.0,0.0,22,5,26.0,0.0,2070.4,75.4066310081547,2096.4,75.4066310081547,0.4446868912898935,0.015238907127339154,0.41532,0.019582476860703794,,,,,,,,,0.4805832467973232,0.11026683342715879,0.0,0.0,0.0,0.0,23.0,0.0,0.0,0.0,0.0,0.0,0.6202464818954467,0.010156595808761158
mnist,MaxLoss,0.0,0.0,220,5,224.0,0.0,389.0,13.784048752090222,613.0,13.784048752090222,0.13902125677559524,0.002923402587027547,0.10007999999999999,0.0033870931489995986,,,,,,,,,3.4674872387899085,0.13131499453520876,0.0,0.0,0.0,0.0,221.0,0.0,0.0,0.0,0.0,0.0,0.5866024851799011,0.003078868917752138
mnist,MaxLoss,0.0,0.0,222,5,226.0,0.0,394.6,12.225383429569805,620.6,12.225383429569805,0.14063321413705127,0.002590485248459663,0.1022,0.0038581083447720883,,,,,,,,,3.4972580101923088,0.1317954191826076,0.0,0.0,0.0,0.0,223.0,0.0,0.0,0.0,0.0,0.0,0.588196873664856,0.002669960998920818
mnist,MaxLoss,0.0,0.0,224,5,228.0,0.0,410.6,38.712530271218384,638.6,38.712530271218384,0.14441039472585543,0.00818546296242032,0.10329999999999999,0.006317911047173732,,,,,,,,,3.5276551691931672,0.13217661938510952,0.0,0.0,0.0,0.0,225.0,0.0,0.0,0.0,0.0,0.0,0.5886322021484375,0.001451086753913598
mnist,MaxLoss,0.0,0.0,226,5,230.0,0.0,384.4,41.533841623427996,614.4,41.533841623427996,0.13927543645258994,0.008805997154881524,0.09981999999999999,0.005701789192876237,,,,,,,,,3.558127028401941,0.1324676097140696,0.0,0.0,0.0,0.0,227.0,0.0,0.0,0.0,0.0,0.0,0.5868054389953613,0.0014753224433168074
mnist,MaxLoss,0.0,0.0,228,5,232.0,0.0,384.8,30.637232250972016,616.8,30.637232250972023,0.13980618367204442,0.006493762844162177,0.09898,0.0058040847685057115,,,,,,,,,3.587894113792572,0.1329499491338359,0.0,0.0,0.0,0.0,229.0,0.0,0.0,0.0,0.0,0.0,0.5881354451179505,0.0005379709366335151
mnist,MaxLoss,0.0,0.0,230,5,234.0,0.0,388.2,57.503391204345505,622.2,57.503391204345505,0.14089007099391893,0.012156912925409623,0.10044,0.010158671172943825,,,,,,,,,3.6184320332016795,0.13333975112713622,0.0,0.0,0.0,0.0,231.0,0.0,0.0,0.0,0.0,0.0,0.5890365958213806,0.002606162736814084
mnist,MaxLoss,0.0,0.0,232,5,236.0,0.0,348.6,36.32987751149183,584.6,36.32987751149183,0.13296225687954574,0.007709669191991667,0.09345999999999999,0.006329818322827272,,,,,,,,,3.6483630923903547,0.13384480836317086,0.0,0.0,0.0,0.0,233.0,0.0,0.0,0.0,0.0,0.0,0.5858990669250488,0.0016372803725336212
mnist,MaxLoss,0.0,0.0,234,5,238.0,0.0,391.8,47.39029436498575,629.8,47.39029436498575,0.14252473736414686,0.010044563204436242,0.10401999999999997,0.00949638878732332,,,,,,,,,3.6789462359971368,0.1341314845784559,0.0,0.0,0.0,0.0,235.0,0.0,0.0,0.0,0.0,0.0,0.5882589221000671,0.0018012954370398482
mnist,MaxLoss,0.0,0.0,236,5,240.0,0.0,400.4,49.50616123271931,640.4,49.50616123271931,0.14476655232720076,0.010469252193223654,0.10538,0.01064215203800434,,,,,,,,,3.708763578592334,0.13461321042037266,0.0,0.0,0.0,0.0,237.0,0.0,0.0,0.0,0.0,0.0,0.5902231931686401,0.001601177083020234
mnist,MaxLoss,0.0,0.0,238,5,242.0,0.0,412.8,39.622468373386326,654.8,39.622468373386326,0.14783603061223402,0.008376270140503333,0.10813999999999999,0.007387259302339394,,,,,,,,,3.7399503928027116,0.1348238068838174,0.0,0.0,0.0,0.0,239.0,0.0,0.0,0.0,0.0,0.0,0.5939037680625916,0.0026978955312533227
mnist,MaxLoss,0.0,0.0,24,5,28.0,0.0,2030.8,77.14622479421789,2058.8,77.14622479421789,0.4370830895495601,0.015601290272252112,0.40472,0.018475562237723647,,,,,,,,,0.5097339395899325,0.11052802964406284,0.0,0.0,0.0,0.0,25.0,0.0,0.0,0.0,0.0,0.0,0.6070085644721985,0.003859228410168497
mnist,MaxLoss,0.0,0.0,240,5,244.0,0.0,378.0,44.040890090914374,622.0,44.040890090914374,0.14088335068663582,0.009311336021536023,0.10102,0.007866091786904094,,,,,,,,,3.7698891610023564,0.13530597256332788,0.0,0.0,0.0,0.0,241.0,0.0,0.0,0.0,0.0,0.0,0.5910987973213195,0.0038285744082516685
mnist,MaxLoss,0.0,0.0,242,5,246.0,0.0,379.8,43.215043676941946,625.8,43.215043676941946,0.14168952024774625,0.009144292058708313,0.09988,0.008802692769829005,,,,,,,,,3.8005257641896604,0.13569119945837863,0.0,0.0,0.0,0.0,243.0,0.0,0.0,0.0,0.0,0.0,0.5888888359069824,0.0025513115552336673
mnist,MaxLoss,0.0,0.0,244,5,248.0,0.0,358.6,32.57698574147093,606.6,32.57698574147093,0.13764090539189056,0.006895978434250835,0.09588,0.0060109400263186775,,,,,,,,,3.8311230971827173,0.13607789496812503,0.0,0.0,0.0,0.0,245.0,0.0,0.0,0.0,0.0,0.0,0.5882403731346131,0.002421950129080377
mnist,MaxLoss,0.0,0.0,246,5,250.0,0.0,331.0,21.519758362955656,581.0,21.519758362955656,0.13222204021876677,0.004570219337020586,0.09218,0.004320810109227197,,,,,,,,,3.8631072061834857,0.1360982922408008,0.0,0.0,0.0,0.0,247.0,0.0,0.0,0.0,0.0,0.0,0.5872822642326355,0.0020413087245290816
mnist,MaxLoss,0.0,0.0,248,5,252.0,0.0,322.0,21.123446688454987,574.0,21.123446688454987,0.13073506705695764,0.004484476727974553,0.08963999999999998,0.004092994014166154,,,,,,,,,3.894228074606508,0.13690075309774963,0.0,0.0,0.0,0.0,249.0,0.0,0.0,0.0,0.0,0.0,0.5853294730186462,0.0018901457099609787
mnist,MaxLoss,0.0,0.0,250,5,254.0,0.0,307.0,28.085583490467133,561.0,28.085583490467133,0.12796065512811766,0.005958674247131268,0.08786000000000002,0.005459175761962608,,,,,,,,,3.924477283784654,0.13751229903893444,0.0,0.0,0.0,0.0,251.0,0.0,0.0,0.0,0.0,0.0,0.5854440689086914,0.002719966602434193
mnist,MaxLoss,0.0,0.0,252,5,256.0,0.0,288.8,34.342975992187974,544.8,34.34297599218798,0.12449756651185453,0.007311317763585006,0.08576000000000002,0.005887070578819313,,,,,,,,,3.955191205593292,0.13797498726959892,0.0,0.0,0.0,0.0,253.0,0.0,0.0,0.0,0.0,0.0,0.5854792594909668,0.0038764738348403987
mnist,MaxLoss,0.0,0.0,254,5,258.0,0.0,311.4,48.97611662841389,569.4,48.97611662841389,0.12969866956118495,0.010402648179118852,0.089,0.00836606239517731,,,,,,,,,3.986732496984769,0.13823469966570423,0.0,0.0,0.0,0.0,255.0,0.0,0.0,0.0,0.0,0.0,0.5856325507164002,0.003314536860218213
mnist,MaxLoss,0.0,0.0,256,5,260.0,0.0,280.4,37.87030498952972,540.4,37.87030498952972,0.12355260581243784,0.00805627807000554,0.08496000000000001,0.006665328198971155,,,,,,,,,4.018335716600996,0.13854669848118725,0.0,0.0,0.0,0.0,257.0,0.0,0.0,0.0,0.0,0.0,0.585066020488739,0.0023923730228223496
mnist,MaxLoss,0.0,0.0,258,5,262.0,0.0,274.0,30.0349796071181,536.0,30.0349796071181,0.12263005833374337,0.006405492594165955,0.08424000000000001,0.005326687526033428,,,,,,,,,4.049955261405557,0.13881582602142062,0.0,0.0,0.0,0.0,259.0,0.0,0.0,0.0,0.0,0.0,0.5865721940994263,0.001756367626994195
mnist,MaxLoss,0.0,0.0,26,5,30.0,0.0,2016.8,75.39323577085679,2046.8,75.39323577085679,0.4346577028394677,0.01526929296728828,0.4054399999999999,0.018036174760741253,,,,,,,,,0.5404142307932489,0.11038661082378229,0.0,0.0,0.0,0.0,27.0,0.0,0.0,0.0,0.0,0.0,0.6056789278984069,0.0072001812873576905
mnist,MaxLoss,0.0,0.0,260,5,264.0,0.0,279.2,23.75584138690945,543.2,23.75584138690945,0.12417541047325358,0.005069464162589765,0.08424000000000002,0.0031726329759365506,,,,,,,,,4.080909306998365,0.13914772555976074,0.0,0.0,0.0,0.0,261.0,0.0,0.0,0.0,0.0,0.0,0.5868128895759582,0.002313929329446561
mnist,MaxLoss,0.0,0.0,262,5,266.0,0.0,268.4,23.474667196788968,534.4,23.474667196788968,0.12230028132908047,0.00501135521681028,0.08181999999999998,0.0037413099310268324,,,,,,,,,4.111899670388084,0.13957779668635983,0.0,0.0,0.0,0.0,263.0,0.0,0.0,0.0,0.0,0.0,0.5863932132720947,0.002226298833514061
mnist,MaxLoss,0.0,0.0,264,5,268.0,0.0,252.4,20.42204691014101,520.4,20.42204691014101,0.11931855900911614,0.004360415971126834,0.07952000000000001,0.003472088708544175,,,,,,,,,4.142914499389008,0.14000866535463014,0.0,0.0,0.0,0.0,265.0,0.0,0.0,0.0,0.0,0.0,0.5862676739692688,0.000996827948709268
mnist,MaxLoss,0.0,0.0,266,5,270.0,0.0,257.6,26.352608978998642,527.6,26.352608978998642,0.12084539831848815,0.005624751775176978,0.08161999999999998,0.003841145662429369,,,,,,,,,4.173988590191584,0.14027143657752764,0.0,0.0,0.0,0.0,267.0,0.0,0.0,0.0,0.0,0.0,0.5886038899421692,0.0019297887097579841
mnist,MaxLoss,0.0,0.0,268,5,272.0,0.0,255.4,25.6117160690181,527.4,25.6117160690181,0.12080458593554795,0.005460277509744679,0.08322000000000003,0.0045820737663202216,,,,,,,,,4.204259995988105,0.1407350655440562,0.0,0.0,0.0,0.0,269.0,0.0,0.0,0.0,0.0,0.0,0.5880520105361938,0.002520811121589035
mnist,MaxLoss,0.0,0.0,270,5,274.0,0.0,254.0,26.36854186336438,528.0,26.36854186336438,0.12093185357516631,0.00561456273716073,0.08144,0.003742806433680484,,,,,,,,,4.23458133599488,0.14119622569938176,0.0,0.0,0.0,0.0,271.0,0.0,0.0,0.0,0.0,0.0,0.587227749824524,0.001652848393834289
mnist,MaxLoss,0.0,0.0,272,5,276.0,0.0,224.4,28.00285699709942,500.4,28.002856997099418,0.11503319655312225,0.005985800046659104,0.07662,0.00478930057524061,,,,,,,,,4.265564706991427,0.14147837215942496,0.0,0.0,0.0,0.0,273.0,0.0,0.0,0.0,0.0,0.0,0.5850956916809082,0.002171220893285991
mnist,MaxLoss,0.0,0.0,274,5,278.0,0.0,240.2,44.59417002254891,518.2,44.59417002254891,0.11879624078283087,0.009510841319624088,0.07981999999999997,0.007414404898574124,,,,,,,,,4.297308788576629,0.1415697278351771,0.0,0.0,0.0,0.0,275.0,0.0,0.0,0.0,0.0,0.0,0.5851367473602295,0.001572841401407426
mnist,MaxLoss,0.0,0.0,276,5,280.0,0.0,232.6,40.19029733654629,512.6,40.19029733654629,0.11761320126242936,0.008570525728660286,0.0772,0.00666168146941896,,,,,,,,,4.328348919586278,0.14185676967259336,0.0,0.0,0.0,0.0,277.0,0.0,0.0,0.0,0.0,0.0,0.5838130712509155,0.0015960350740063258
mnist,MaxLoss,0.0,0.0,278,5,282.0,0.0,221.4,30.959005151974765,503.4,30.959005151974765,0.11566835236735643,0.0066164726983563805,0.07666000000000002,0.0045234500107771735,,,,,,,,,4.35889801379526,0.14238478654459458,0.0,0.0,0.0,0.0,279.0,0.0,0.0,0.0,0.0,0.0,0.5853949666023255,0.001656740940405652
mnist,MaxLoss,0.0,0.0,28,5,32.0,0.0,1912.0,45.014442126944104,1944.0,45.014442126944104,0.4138705555931665,0.009126771406734322,0.38686000000000004,0.010676450721096404,,,,,,,,,0.5706526869907975,0.11040642864713654,0.0,0.0,0.0,0.0,29.0,0.0,0.0,0.0,0.0,0.0,0.6039046049118042,0.005184575423924743
mnist,MaxLoss,0.0,0.0,280,5,284.0,0.0,221.4,23.20474089491197,505.4,23.20474089491197,0.11611088555073365,0.004957205938489909,0.0758,0.003862382684302534,,,,,,,,,4.3900508667924445,0.14275924383894198,0.0,0.0,0.0,0.0,281.0,0.0,0.0,0.0,0.0,0.0,0.5855098843574524,0.001838857447709274
mnist,MaxLoss,0.0,0.0,282,5,286.0,0.0,213.0,19.877122528172933,499.0,19.877122528172933,0.11474779467098414,0.00424966808461274,0.07456,0.0030263178947361126,,,,,,,,,4.421279314591084,0.14303369827896836,0.0,0.0,0.0,0.0,283.0,0.0,0.0,0.0,0.0,0.0,0.5850257873535156,0.0012524434474162683
mnist,MaxLoss,0.0,0.0,284,5,288.0,0.0,208.6,20.126102454275642,496.6,20.126102454275642,0.1142339971382171,0.004306930245541313,0.07524,0.0024373346097735604,,,,,,,,,4.4516731359879484,0.14349414385191853,0.0,0.0,0.0,0.0,285.0,0.0,0.0,0.0,0.0,0.0,0.5863854765892029,0.002303388213466757
mnist,MaxLoss,0.0,0.0,286,5,290.0,0.0,217.8,19.815145722401336,507.8,19.815145722401336,0.11662867908598855,0.00423489307613224,0.07696,0.0023884304469672132,,,,,,,,,4.482143133191857,0.14395341599022157,0.0,0.0,0.0,0.0,287.0,0.0,0.0,0.0,0.0,0.0,0.5874109625816345,0.0020374129643496437
mnist,MaxLoss,0.0,0.0,288,5,292.0,0.0,214.4,15.088406145116853,506.4,15.088406145116853,0.11633539953036234,0.0032252889107393314,0.07549999999999998,0.0025071896617527767,,,,,,,,,4.512616617011372,0.14443683162224466,0.0,0.0,0.0,0.0,289.0,0.0,0.0,0.0,0.0,0.0,0.5864468932151794,0.002813824334704261
mnist,MaxLoss,0.0,0.0,290,5,294.0,0.0,201.6,11.944036168732913,495.6,11.94403616873291,0.11402974528027698,0.0025573771706673782,0.07427999999999997,0.003017515534342781,,,,,,,,,4.5432073919917455,0.14491471906030906,0.0,0.0,0.0,0.0,291.0,0.0,0.0,0.0,0.0,0.0,0.5871981024742127,0.0032849143408504714
mnist,MaxLoss,0.0,0.0,292,5,296.0,0.0,202.6,16.169724796668618,498.6,16.169724796668618,0.11466707773506642,0.003457231216445355,0.0733,0.002905684084686431,,,,,,,,,4.573741458402947,0.14539064843246796,0.0,0.0,0.0,0.0,293.0,0.0,0.0,0.0,0.0,0.0,0.586547601222992,0.0016535223781801432
mnist,MaxLoss,0.0,0.0,294,5,298.0,0.0,190.0,20.765355763867856,488.0,20.765355763867856,0.11239289226941765,0.004449787264299183,0.07235999999999998,0.003021688269825339,,,,,,,,,4.603767666383646,0.1452222837304044,0.0,0.0,0.0,0.0,295.0,0.0,0.0,0.0,0.0,0.0,0.5846787571907044,0.002171812409769608
mnist,MaxLoss,0.0,0.0,296,5,300.0,0.0,182.8,15.376605607220341,482.8,15.376605607220341,0.11128730153432116,0.0032952455794350325,0.07118000000000002,0.0018749399990399685,,,,,,,,,4.634425902192016,0.14568835788919252,0.0,0.0,0.0,0.0,297.0,0.0,0.0,0.0,0.0,0.0,0.5845282196998596,0.002059822439506307
mnist,MaxLoss,0.0,0.0,298,5,302.0,0.0,173.4,20.178206064960285,475.4,20.178206064960285,0.1096959734451957,0.004323887301094225,0.06842000000000001,0.0022152652211417045,,,,,,,,,4.6657781700021586,0.14595964410514303,0.0,0.0,0.0,0.0,299.0,0.0,0.0,0.0,0.0,0.0,0.5846563816070557,0.0022099968159845604
mnist,MaxLoss,0.0,0.0,30,5,34.0,0.0,1909.4,41.30568968072074,1943.4,41.30568968072074,0.4137518374831416,0.008369394588306942,0.39067999999999997,0.008856884328024164,,,,,,,,,0.6008670723880641,0.11046635544734881,0.0,0.0,0.0,0.0,31.0,0.0,0.0,0.0,0.0,0.0,0.6034064769744873,0.005114422855839391
mnist,MaxLoss,0.0,0.0,300,5,304.0,0.0,172.6,16.633099530754933,476.6,16.633099530754933,0.10995781786041334,0.003568272576779223,0.06805999999999998,0.0021134332258200177,,,,,,,,,4.696367151790764,0.14642135135953094,0.0,0.0,0.0,0.0,301.0,0.0,0.0,0.0,0.0,0.0,0.5848901987075805,0.002534404080820305
mnist,MaxLoss,0.0,0.0,302,5,306.0,0.0,168.0,19.3700800204852,474.0,19.3700800204852,0.10939694052794949,0.004155234830225255,0.06999999999999998,0.003169384798348102,,,,,,,,,4.7276698893867435,0.14670385114386103,0.0,0.0,0.0,0.0,303.0,0.0,0.0,0.0,0.0,0.0,0.5855843305587769,0.0023262426578802087
mnist,MaxLoss,0.0,0.0,304,5,308.0,0.0,170.4,18.76326197653276,478.4,18.76326197653276,0.1103407574002631,0.004019993762958739,0.06976,0.0034508839447306813,,,,,,,,,4.75850824319059,0.1473692825068185,0.0,0.0,0.0,0.0,305.0,0.0,0.0,0.0,0.0,0.0,0.5868571758270263,0.0018578232432824057
mnist,MaxLoss,0.0,0.0,306,5,310.0,0.0,168.8,17.43387507125137,478.8,17.43387507125137,0.11042842083843425,0.0037326931124750944,0.07034000000000003,0.003962524447874099,,,,,,,,,4.790018355799839,0.1478859581132967,0.0,0.0,0.0,0.0,307.0,0.0,0.0,0.0,0.0,0.0,0.5856114029884338,0.002292582514942974
mnist,MaxLoss,0.0,0.0,308,5,312.0,0.0,159.2,16.310732662881826,471.2,16.310732662881826,0.10880144677357748,0.0034957873343085194,0.06735999999999998,0.0029002758489495377,,,,,,,,,4.821391268179286,0.14751688917789021,0.0,0.0,0.0,0.0,309.0,0.0,0.0,0.0,0.0,0.0,0.5841689229011535,0.00258713869763701
mnist,MaxLoss,0.0,0.0,310,5,314.0,0.0,152.8,9.871170143402452,466.8,9.871170143402452,0.10786478201625868,0.0021179657367393825,0.06538000000000002,0.001185495676921683,,,,,,,,,4.852831209986471,0.14792605359024366,0.0,0.0,0.0,0.0,311.0,0.0,0.0,0.0,0.0,0.0,0.5847058892250061,0.002178423670366002
mnist,MaxLoss,0.0,0.0,312,5,316.0,0.0,160.6,13.283824750424856,476.6,13.283824750424856,0.10996195275802165,0.0028458756595141368,0.06770000000000001,0.0022120126581916272,,,,,,,,,4.8836304093943905,0.14841992335990606,0.0,0.0,0.0,0.0,313.0,0.0,0.0,0.0,0.0,0.0,0.5870351195335388,0.0024085234539395852
mnist,MaxLoss,0.0,0.0,314,5,318.0,0.0,152.8,9.129074432821763,470.8,9.129074432821763,0.10872283801436425,0.00195588413017894,0.06664,0.0015487414245121773,,,,,,,,,4.914528874191456,0.14890230451889264,0.0,0.0,0.0,0.0,315.0,0.0,0.0,0.0,0.0,0.0,0.5872194170951843,0.002665588305197312
mnist,MaxLoss,0.0,0.0,316,5,320.0,0.0,146.2,13.665284482951682,466.2,13.665284482951682,0.10773252013605088,0.0029332946415862064,0.06640000000000001,0.0026362852652928206,,,,,,,,,4.946522959787399,0.1482887781379951,0.0,0.0,0.0,0.0,317.0,0.0,0.0,0.0,0.0,0.0,0.5870571732521057,0.002216765747928368
mnist,MaxLoss,0.0,0.0,318,5,322.0,0.0,153.2,14.140014144264494,475.2,14.140014144264494,0.10966109063010662,0.0030304512949059486,0.06766000000000001,0.00336163650622728,,,,,,,,,4.977321746584494,0.14874024446331657,0.0,0.0,0.0,0.0,319.0,0.0,0.0,0.0,0.0,0.0,0.586740255355835,0.002021476647079574
mnist,MaxLoss,0.0,0.0,32,5,36.0,0.0,1834.2,31.17915970644495,1870.2,31.17915970644495,0.39890486382646484,0.006331787450524738,0.37056,0.006608373476128598,,,,,,,,,0.6305883019813336,0.11061178313502112,0.0,0.0,0.0,0.0,33.0,0.0,0.0,0.0,0.0,0.0,0.5959880352020264,0.0066885051187538834
mnist,MaxLoss,0.0,0.0,320,5,324.0,0.0,164.8,8.493526947034429,488.8,8.493526947034429,0.11257781260646879,0.00181807793798898,0.06975999999999997,0.0019059380892358468,,,,,,,,,5.008152080199215,0.14925025058565775,0.0,0.0,0.0,0.0,321.0,0.0,0.0,0.0,0.0,0.0,0.5881507873535157,0.0013146993707171535
mnist,MaxLoss,0.0,0.0,322,5,326.0,0.0,146.2,12.030793822520605,472.2,12.030793822520605,0.10902058698702603,0.0025753888526310166,0.06654000000000002,0.0027866826155843417,,,,,,,,,5.038428114983253,0.14909660138502898,0.0,0.0,0.0,0.0,323.0,0.0,0.0,0.0,0.0,0.0,0.5867868065834045,0.002037666806779761
mnist,MaxLoss,0.0,0.0,324,5,328.0,0.0,141.8,10.278132126023678,469.8,10.278132126023678,0.10850756230065599,0.002204585255701371,0.06629999999999998,0.0022638462845343543,,,,,,,,,5.06925504578976,0.14955959073331998,0.0,0.0,0.0,0.0,325.0,0.0,0.0,0.0,0.0,0.0,0.5861169219017028,0.0026845334911196075
mnist,MaxLoss,0.0,0.0,326,5,330.0,0.0,139.2,12.273548794053006,469.2,12.273548794053006,0.10837716539390385,0.0026329745236328673,0.06646,0.0023092422999763515,,,,,,,,,5.1002729022060524,0.15004103030987914,0.0,0.0,0.0,0.0,327.0,0.0,0.0,0.0,0.0,0.0,0.585543692111969,0.0030169339952342074
mnist,MaxLoss,0.0,0.0,328,5,332.0,0.0,126.4,19.686543627564486,458.4,19.68654362756449,0.10605192937655375,0.004219037436774461,0.06374000000000002,0.0037465450751325573,,,,,,,,,5.132591210189275,0.15024223610030854,0.0,0.0,0.0,0.0,329.0,0.0,0.0,0.0,0.0,0.0,0.5849935054779053,0.0021501389644611436
mnist,MaxLoss,0.0,0.0,330,5,334.0,0.0,119.2,16.605420801653896,453.2,16.6054208016539,0.10494015505537391,0.0035613734493752693,0.0623,0.0031427694792968775,,,,,,,,,5.164334037795197,0.14979328738843029,0.0,0.0,0.0,0.0,331.0,0.0,0.0,0.0,0.0,0.0,0.584661316871643,0.002514298200430833
mnist,MaxLoss,0.0,0.0,332,5,336.0,0.0,120.4,12.936769303036982,456.4,12.936769303036982,0.10563133015530184,0.002774197696960966,0.06395999999999999,0.002701592123174778,,,,,,,,,5.195210011384916,0.1495580278646443,0.0,0.0,0.0,0.0,333.0,0.0,0.0,0.0,0.0,0.0,0.5849629044532776,0.0023029958259411717
mnist,MaxLoss,0.0,0.0,334,5,338.0,0.0,117.0,15.42724862054151,455.0,15.42724862054151,0.10532818126957863,0.0033061425136130876,0.06261999999999998,0.0032847222104768724,,,,,,,,,5.226895203196909,0.1500103628354826,0.0,0.0,0.0,0.0,335.0,0.0,0.0,0.0,0.0,0.0,0.5851906657218933,0.0021763381466101857
mnist,MaxLoss,0.0,0.0,336,5,340.0,0.0,120.4,17.52027397046062,460.4,17.520273970460618,0.10648372665746138,0.003761589277945425,0.06396000000000002,0.0028129344108955004,,,,,,,,,5.258592760795727,0.15033426350094434,0.0,0.0,0.0,0.0,337.0,0.0,0.0,0.0,0.0,0.0,0.5862037062644958,0.002427819904929196
mnist,MaxLoss,0.0,0.0,338,5,342.0,0.0,125.6,18.448848202530147,467.6,18.44884820253015,0.10802687570685521,0.003954626404992617,0.06439999999999999,0.002705365040063906,,,,,,,,,5.289959389402066,0.1510427737691961,0.0,0.0,0.0,0.0,339.0,0.0,0.0,0.0,0.0,0.0,0.5859310269355774,0.0022976417730044925
mnist,MaxLoss,0.0,0.0,34,5,38.0,0.0,1774.6,74.01121536632132,1812.6,74.01121536632132,0.38715754308504985,0.015062888851110793,0.355,0.014076611808244207,,,,,,,,,0.6613912313943728,0.11046527923579895,0.0,0.0,0.0,0.0,35.0,0.0,0.0,0.0,0.0,0.0,0.5951901793479919,0.007942165383569068
mnist,MaxLoss,0.0,0.0,340,5,344.0,0.0,114.2,13.621306838919677,458.2,13.621306838919677,0.1060167653602548,0.0029226438208140304,0.06288,0.0025227762485008492,,,,,,,,,5.321827748592478,0.15168785051058087,0.0,0.0,0.0,0.0,341.0,0.0,0.0,0.0,0.0,0.0,0.5865854740142822,0.003127272177655095
mnist,MaxLoss,0.0,0.0,342,5,346.0,0.0,115.0,13.501851724856113,461.0,13.501851724856113,0.10661736789625138,0.0029013843920399833,0.06364,0.002276093143964012,,,,,,,,,5.353857840783894,0.15232634918270518,0.0,0.0,0.0,0.0,343.0,0.0,0.0,0.0,0.0,0.0,0.5866084933280945,0.0029762822635183983
mnist,MaxLoss,0.0,0.0,344,5,348.0,0.0,97.8,15.114231703927263,445.8,15.114231703927263,0.10335291547235101,0.0032423719348166975,0.05998000000000003,0.00231827522093473,,,,,,,,,5.385839729791042,0.15295081835612895,0.0,0.0,0.0,0.0,345.0,0.0,0.0,0.0,0.0,0.0,0.584955358505249,0.0026409176308618155
mnist,MaxLoss,0.0,0.0,346,5,350.0,0.0,95.8,7.761443164772901,445.8,7.761443164772901,0.10335970993619412,0.0016656453980920737,0.06051999999999998,0.0014850589213899886,,,,,,,,,5.4178751555969935,0.15354558726609524,0.0,0.0,0.0,0.0,347.0,0.0,0.0,0.0,0.0,0.0,0.5865723252296448,0.0021810028279703442
mnist,MaxLoss,0.0,0.0,348,5,352.0,0.0,93.0,9.73139250056229,445.0,9.73139250056229,0.1031863018637523,0.002092211149613647,0.05888000000000002,0.0013120213412898543,,,,,,,,,5.449186526797712,0.15351076189478816,0.0,0.0,0.0,0.0,349.0,0.0,0.0,0.0,0.0,0.0,0.5852195262908936,0.002691038519559862
mnist,MaxLoss,0.0,0.0,350,5,354.0,0.0,105.2,18.839851379456263,459.2,18.83985137945626,0.1062244177563116,0.004043703351062608,0.0615,0.002747180372673054,,,,,,,,,5.481158728396986,0.15397212576635255,0.0,0.0,0.0,0.0,351.0,0.0,0.0,0.0,0.0,0.0,0.5865322232246399,0.003454348865491376
mnist,MaxLoss,0.0,0.0,352,5,356.0,0.0,94.4,17.32512626216617,450.4,17.325126262166172,0.10433752429671586,0.0037232102138545983,0.06011999999999997,0.002912627679604791,,,,,,,,,5.513799221999943,0.154260608043635,0.0,0.0,0.0,0.0,353.0,0.0,0.0,0.0,0.0,0.0,0.5859225869178772,0.0031615406664265823
mnist,MaxLoss,0.0,0.0,354,5,358.0,0.0,97.8,16.408534364774937,455.8,16.408534364774937,0.10549812943208962,0.003524718338300155,0.06177999999999999,0.0032793901872146818,,,,,,,,,5.546501544199418,0.15468805270983835,0.0,0.0,0.0,0.0,355.0,0.0,0.0,0.0,0.0,0.0,0.5862711310386658,0.0030099952330829146
mnist,MaxLoss,0.0,0.0,356,5,360.0,0.0,114.6,22.664068478541093,474.6,22.664068478541093,0.1095202530035749,0.004859178345009006,0.06472,0.003940355313927927,,,,,,,,,5.578437162807677,0.1551962926869987,0.0,0.0,0.0,0.0,357.0,0.0,0.0,0.0,0.0,0.0,0.5882017135620117,0.0033155270233808016
mnist,MaxLoss,0.0,0.0,358,5,362.0,0.0,85.6,13.437261625792658,447.6,13.43726162579266,0.10374118200270459,0.00288851062434022,0.05926,0.0018624177834202485,,,,,,,,,5.609851734596305,0.15587648899982098,0.0,0.0,0.0,0.0,359.0,0.0,0.0,0.0,0.0,0.0,0.584090256690979,0.0020372671363676907
mnist,MaxLoss,0.0,0.0,36,5,40.0,0.0,1743.0,99.29350431926551,1783.0,99.29350431926551,0.3810945263830945,0.020223416200789584,0.34842,0.017690375914603967,,,,,,,,,0.6911019515944645,0.11060618425564733,0.0,0.0,0.0,0.0,37.0,0.0,0.0,0.0,0.0,0.0,0.5986451148986817,0.008845732559268448
mnist,MaxLoss,0.0,0.0,360,5,364.0,0.0,81.6,14.908386901338451,445.6,14.908386901338451,0.10330995443509891,0.0032024746210318608,0.05875999999999999,0.0019739807496528482,,,,,,,,,5.6419084667810235,0.15647266467385754,0.0,0.0,0.0,0.0,361.0,0.0,0.0,0.0,0.0,0.0,0.5834500670433045,0.0027924110227181176
mnist,MaxLoss,0.0,0.0,362,5,366.0,0.0,78.0,14.604793733565703,444.0,14.604793733565703,0.1029664985369891,0.0031388118058785046,0.058679999999999996,0.0014789861392183485,,,,,,,,,5.673458574595861,0.15628823158839805,0.0,0.0,0.0,0.0,363.0,0.0,0.0,0.0,0.0,0.0,0.5836470246315002,0.002571134656142746
mnist,MaxLoss,0.0,0.0,364,5,368.0,0.0,66.4,12.886426967938009,434.4,12.886426967938009,0.10090479687787593,0.002771925244179194,0.05706,0.001128538878373265,,,,,,,,,5.705374109593686,0.15604546913830095,0.0,0.0,0.0,0.0,365.0,0.0,0.0,0.0,0.0,0.0,0.5823697447776794,0.0020211767777877456
mnist,MaxLoss,0.0,0.0,366,5,370.0,0.0,73.2,15.682474294574819,443.2,15.682474294574819,0.10279336402891204,0.0033682637309711237,0.058660000000000004,0.002249577738154421,,,,,,,,,5.7373939156066625,0.1565098747158126,0.0,0.0,0.0,0.0,367.0,0.0,0.0,0.0,0.0,0.0,0.5830469131469727,0.0022025172902822936
mnist,MaxLoss,0.0,0.0,368,5,372.0,0.0,76.2,23.940342520523803,448.2,23.9403425205238,0.10385520771378651,0.005127754680675979,0.05824,0.0033011513143144534,,,,,,,,,5.7694392333854925,0.15697070000798452,0.0,0.0,0.0,0.0,369.0,0.0,0.0,0.0,0.0,0.0,0.5836413979530335,0.0023500258116500253
mnist,MaxLoss,0.0,0.0,370,5,374.0,0.0,68.0,20.23857702507763,442.0,20.23857702507763,0.10252926925895736,0.0043393309153958275,0.05738000000000001,0.0031590188350182342,,,,,,,,,5.8029208337888125,0.15717144611666944,0.0,0.0,0.0,0.0,371.0,0.0,0.0,0.0,0.0,0.0,0.5825263738632203,0.002551204530497956
mnist,MaxLoss,0.0,0.0,372,5,376.0,0.0,66.4,18.63759641155479,442.4,18.63759641155479,0.1026175604434684,0.0039984611889886095,0.05794000000000001,0.002588165373387088,,,,,,,,,5.835669750988018,0.15675934437928904,0.0,0.0,0.0,0.0,373.0,0.0,0.0,0.0,0.0,0.0,0.5832305312156677,0.0023194676529174232
mnist,MaxLoss,0.0,0.0,374,5,378.0,0.0,59.0,14.876155417311288,437.0,14.876155417311288,0.10146180687006563,0.003194559043620513,0.05586,0.0014002142693173905,,,,,,,,,5.86794364459347,0.15653387177610406,0.0,0.0,0.0,0.0,375.0,0.0,0.0,0.0,0.0,0.0,0.5815370082855225,0.002042930640940465
mnist,MaxLoss,0.0,0.0,376,5,380.0,0.0,50.8,11.385956261992227,430.8,11.385956261992225,0.10013203216949478,0.002449164204260493,0.055320000000000015,0.0012622994890278526,,,,,,,,,5.900957803602796,0.15690466653697205,0.0,0.0,0.0,0.0,377.0,0.0,0.0,0.0,0.0,0.0,0.5811622858047485,0.0018359876866381273
mnist,MaxLoss,0.0,0.0,378,5,382.0,0.0,62.0,21.085540068966694,444.0,21.085540068966694,0.10295771120581776,0.004519917443297229,0.05732000000000002,0.003142037555472571,,,,,,,,,5.932718988391571,0.1575560226143026,0.0,0.0,0.0,0.0,379.0,0.0,0.0,0.0,0.0,0.0,0.5830453634262085,0.002825563974030553
mnist,MaxLoss,0.0,0.0,38,5,42.0,0.0,1798.8,74.86681507851127,1840.8,74.86681507851127,0.39288957543903963,0.015218453879464532,0.36208,0.01308462456473247,,,,,,,,,0.7207738391822204,0.11075943288449928,0.0,0.0,0.0,0.0,39.0,0.0,0.0,0.0,0.0,0.0,0.6012062907218934,0.006378879720028116
mnist,MaxLoss,0.0,0.0,380,5,384.0,0.0,63.8,15.99187293596344,447.8,15.99187293596344,0.10378146016737447,0.003429763089360597,0.05704,0.0019420607611503912,,,,,,,,,5.964979980199132,0.15817605849939378,0.0,0.0,0.0,0.0,381.0,0.0,0.0,0.0,0.0,0.0,0.5826951861381531,0.0018439672577069944
mnist,MaxLoss,0.0,0.0,382,5,386.0,0.0,59.2,15.669716015295235,445.2,15.669716015295235,0.10322327683679759,0.0033623686676549783,0.05558000000000003,0.0020053428634525345,,,,,,,,,5.996663180191535,0.15814913701753175,0.0,0.0,0.0,0.0,383.0,0.0,0.0,0.0,0.0,0.0,0.582820737361908,0.002308369730390252
mnist,MaxLoss,0.0,0.0,384,5,388.0,0.0,51.8,11.581882403132921,439.8,11.581882403132921,0.1020672251470387,0.0024900460019353404,0.054320000000000014,0.0014252719038836013,,,,,,,,,6.029634234402328,0.15857021722087158,0.0,0.0,0.0,0.0,385.0,0.0,0.0,0.0,0.0,0.0,0.582037878036499,0.0020460395425990433
mnist,MaxLoss,0.0,0.0,386,5,390.0,0.0,55.2,12.220474622534102,445.2,12.220474622534102,0.10322710790205747,0.002624109562824609,0.055220000000000005,0.0019663163529808816,,,,,,,,,6.062149250402581,0.15825759321295407,0.0,0.0,0.0,0.0,387.0,0.0,0.0,0.0,0.0,0.0,0.5820107579231262,0.0017901298961554648
mnist,MaxLoss,0.0,0.0,388,5,392.0,0.0,53.0,15.527395145355193,445.0,15.527395145355193,0.10318051538197323,0.0033314343508466593,0.055579999999999984,0.002513841681570256,,,,,,,,,6.095093211985659,0.15959276398732414,0.0,0.0,0.0,0.0,389.0,0.0,0.0,0.0,0.0,0.0,0.5823550343513488,0.002133878457520108
mnist,MaxLoss,0.0,0.0,390,5,394.0,0.0,48.4,17.65106229097841,442.4,17.65106229097841,0.10261905657825991,0.00378625826412736,0.055359999999999965,0.0027363479310935517,,,,,,,,,6.127477405790705,0.1600419758117162,0.0,0.0,0.0,0.0,391.0,0.0,0.0,0.0,0.0,0.0,0.5816481471061706,0.0019730526924903124
mnist,MaxLoss,0.0,0.0,392,5,396.0,0.0,51.6,21.873728534477152,447.6,21.873728534477152,0.10372973616467789,0.004688850349345105,0.05559999999999998,0.0031456318920051593,,,,,,,,,6.159681917191483,0.1598316743459119,0.0,0.0,0.0,0.0,393.0,0.0,0.0,0.0,0.0,0.0,0.5813307166099548,0.002562228123336573
mnist,MaxLoss,0.0,0.0,394,5,398.0,0.0,46.4,13.833293172632466,444.4,13.833293172632466,0.10305352078285068,0.0029700675665411806,0.05486,0.0019853463173965355,,,,,,,,,6.191310452797916,0.15982102446951532,0.0,0.0,0.0,0.0,395.0,0.0,0.0,0.0,0.0,0.0,0.5811802268028259,0.0018632286117724278
mnist,MaxLoss,0.0,0.0,396,5,400.0,0.0,46.2,15.618578680533,446.2,15.618578680533,0.10343808843754232,0.003352628115618011,0.05416000000000001,0.0017095613472467087,,,,,,,,,6.2233817387954335,0.1602766262928261,0.0,0.0,0.0,0.0,397.0,0.0,0.0,0.0,0.0,0.0,0.5813652634620666,0.0016374747258426278
mnist,MaxLoss,0.0,0.0,398,5,402.0,0.0,43.0,15.902829936838284,445.0,15.902829936838284,0.10318009213078767,0.003411066127222398,0.053339999999999985,0.001998649544067193,,,,,,,,,6.25653943560319,0.16107885198236171,0.0,0.0,0.0,0.0,399.0,0.0,0.0,0.0,0.0,0.0,0.5810840129852295,0.002074767688488594
mnist,MaxLoss,0.0,0.0,4,5,8.0,0.0,1975.4,92.6976806613844,1983.4,92.6976806613844,0.42179765402106567,0.01876578007916086,0.38986,0.013291373142004547,,,,,,,,,0.20779825099743904,0.11051081067780935,0.0,0.0,0.0,0.0,5.0,0.0,0.0,0.0,0.0,0.0,0.6526792168617248,0.006906496491219675
mnist,MaxLoss,0.0,0.0,40,5,44.0,0.0,1761.6,73.01821690509843,1805.6,73.01821690509843,0.385736326535698,0.01483057457553287,0.35306,0.013884401319466394,,,,,,,,,0.751555064006243,0.11059717894050057,0.0,0.0,0.0,0.0,41.0,0.0,0.0,0.0,0.0,0.0,0.5963465094566345,0.007903421541422213
mnist,MaxLoss,0.0,0.0,400,5,404.0,0.0,48.6,20.602427041491982,452.6,20.60242704149198,0.1048056835308671,0.004414886345671368,0.05376000000000003,0.0024385651518874737,,,,,,,,,6.289054996194318,0.16118455528772982,0.0,0.0,0.0,0.0,401.0,0.0,0.0,0.0,0.0,0.0,0.5813913941383362,0.0019746013750389767
mnist,MaxLoss,0.0,0.0,402,5,406.0,0.0,53.4,24.808466296810852,459.4,24.808466296810852,0.10625830366043373,0.005308477478514872,0.05388,0.0030851904317237724,,,,,,,,,6.32165349139832,0.1619322974507292,0.0,0.0,0.0,0.0,403.0,0.0,0.0,0.0,0.0,0.0,0.5824220657348633,0.0028301997596309487
mnist,MaxLoss,0.0,0.0,404,5,408.0,0.0,46.2,17.47970251463108,454.2,17.47970251463108,0.10515367302577942,0.0037480927120032686,0.05352000000000001,0.0022030433495507946,,,,,,,,,6.35346188780386,0.16287603838171796,0.0,0.0,0.0,0.0,405.0,0.0,0.0,0.0,0.0,0.0,0.5817381978034973,0.0016132258682528154
mnist,MaxLoss,0.0,0.0,406,5,410.0,0.0,36.2,12.25316285699329,446.2,12.25316285699329,0.10344195490470157,0.0026298097451924168,0.05152000000000001,0.001205155591614617,,,,,,,,,6.385382026387378,0.16315726087620191,0.0,0.0,0.0,0.0,407.0,0.0,0.0,0.0,0.0,0.0,0.5801350951194764,0.0012519728696097092
mnist,MaxLoss,0.0,0.0,408,5,412.0,0.0,34.4,9.276852914647295,446.4,9.276852914647295,0.10348745158407838,0.0019933046059127063,0.05159999999999998,0.0012054044964243263,,,,,,,,,6.417307030805387,0.16408577169096544,0.0,0.0,0.0,0.0,409.0,0.0,0.0,0.0,0.0,0.0,0.5802635431289673,0.001595683579739039
mnist,MaxLoss,0.0,0.0,410,5,414.0,0.0,36.0,11.067971810589327,450.0,11.067971810589327,0.10425923089496791,0.0023746203439121098,0.05147999999999999,0.0014516886718577138,,,,,,,,,6.448676944989711,0.16438286687741188,0.0,0.0,0.0,0.0,411.0,0.0,0.0,0.0,0.0,0.0,0.5810030460357666,0.0015592834301849413
mnist,MaxLoss,0.0,0.0,412,5,416.0,0.0,37.6,12.143310915891101,453.6,12.143310915891103,0.1050311105675064,0.0026053101344129365,0.05115999999999998,0.001746596690710246,,,,,,,,,6.47978187459521,0.1646822277987265,0.0,0.0,0.0,0.0,413.0,0.0,0.0,0.0,0.0,0.0,0.5804713129997253,0.0016455609683394838
mnist,MaxLoss,0.0,0.0,414,5,418.0,0.0,32.0,13.360389215887386,450.0,13.360389215887386,0.10425700801424682,0.0028656466636600934,0.05017999999999998,0.0018219220619993656,,,,,,,,,6.511050376191269,0.16497722349725766,0.0,0.0,0.0,0.0,415.0,0.0,0.0,0.0,0.0,0.0,0.5799190998077393,0.0015305419934454013
mnist,MaxLoss,0.0,0.0,416,5,420.0,0.0,38.2,11.49086593777858,458.2,11.49086593777858,0.10601892373524606,0.0024653416356297145,0.05072000000000001,0.0017942686532400776,,,,,,,,,6.542321739194449,0.1652721051990278,0.0,0.0,0.0,0.0,417.0,0.0,0.0,0.0,0.0,0.0,0.5806419491767884,0.0015893775283374225
mnist,MaxLoss,0.0,0.0,418,5,422.0,0.0,35.8,10.537551897855593,457.8,10.537551897855593,0.10593390978174284,0.0022615760409186907,0.05156000000000003,0.0014002142693173869,,,,,,,,,6.573717029183172,0.16556115985114436,0.0,0.0,0.0,0.0,419.0,0.0,0.0,0.0,0.0,0.0,0.5803526163101196,0.0015553208788120793
mnist,MaxLoss,0.0,0.0,42,5,46.0,0.0,1700.8,30.412826241571167,1746.8,30.412826241571167,0.37380993174156174,0.0061959432724190515,0.34014,0.006853583004531286,,,,,,,,,0.782381003012415,0.11046009497701913,0.0,0.0,0.0,0.0,43.0,0.0,0.0,0.0,0.0,0.0,0.5970872163772583,0.004311160380402851
mnist,MaxLoss,0.0,0.0,420,5,424.0,0.0,38.2,12.126005112979295,462.2,12.126005112979295,0.10687637627124787,0.002602305664523434,0.05232000000000001,0.002114095551293751,,,,,,,,,6.60567012259271,0.16646498663290768,0.0,0.0,0.0,0.0,421.0,0.0,0.0,0.0,0.0,0.0,0.5808595299720765,0.0020435374721582567
mnist,MaxLoss,0.0,0.0,422,5,426.0,0.0,48.4,17.545939701252824,474.4,17.545939701252824,0.10948563975980505,0.0037587015010868436,0.05426000000000002,0.0033257480361566696,,,,,,,,,6.637790229392704,0.16739348063345838,0.0,0.0,0.0,0.0,423.0,0.0,0.0,0.0,0.0,0.0,0.5819084048271179,0.002710189326176692
mnist,MaxLoss,0.0,0.0,424,5,428.0,0.0,38.6,11.681609478149833,466.6,11.681609478149833,0.1078204644843936,0.002503783709444605,0.050859999999999995,0.0012496399481450695,,,,,,,,,6.669903048384003,0.16761956169785974,0.0,0.0,0.0,0.0,425.0,0.0,0.0,0.0,0.0,0.0,0.5805054664611816,0.001198117915206566
mnist,MaxLoss,0.0,0.0,426,5,430.0,0.0,26.8,8.132650244538985,456.8,8.132650244538985,0.10572114031529053,0.0017456663780584891,0.0496,0.0011895377253370283,,,,,,,,,6.701504312793259,0.16786438603170822,0.0,0.0,0.0,0.0,427.0,0.0,0.0,0.0,0.0,0.0,0.5792069792747497,0.0016675141876229752
mnist,MaxLoss,0.0,0.0,428,5,432.0,0.0,22.2,6.069596362197407,454.2,6.069596362197407,0.10516433917218819,0.0013027755220037002,0.04920000000000002,0.0012509996003196827,,,,,,,,,6.733501115208492,0.16882555040684252,0.0,0.0,0.0,0.0,429.0,0.0,0.0,0.0,0.0,0.0,0.5785037279129028,0.001700104579798657
mnist,MaxLoss,0.0,0.0,430,5,434.0,0.0,18.4,4.707440918375928,452.4,4.707440918375927,0.10477855385979637,0.0010104709058275409,0.04934000000000003,0.001441041290178725,,,,,,,,,6.766279512981418,0.16973477936402145,0.0,0.0,0.0,0.0,431.0,0.0,0.0,0.0,0.0,0.0,0.5780193448066712,0.001105210839264654
mnist,MaxLoss,0.0,0.0,432,5,436.0,0.0,20.2,5.29528091794949,456.2,5.29528091794949,0.1055939378682524,0.0011362333811730692,0.04921999999999997,0.0008315046602394937,,,,,,,,,6.797783634986263,0.1700518441496217,0.0,0.0,0.0,0.0,433.0,0.0,0.0,0.0,0.0,0.0,0.5784833073616028,0.0008407032594248893
mnist,MaxLoss,0.0,0.0,434,5,438.0,0.0,16.0,5.196152422706631,454.0,5.196152422706631,0.1051218117820099,0.0011152484149838284,0.04890000000000001,0.001331540461270341,,,,,,,,,6.830005174188409,0.1709853795223134,0.0,0.0,0.0,0.0,435.0,0.0,0.0,0.0,0.0,0.0,0.5785452842712402,0.00101728377568817
mnist,MaxLoss,0.0,0.0,436,5,440.0,0.0,14.8,5.398147830506311,454.8,5.398147830506311,0.10529343148227781,0.001158616682794503,0.04837999999999998,0.0008985543945694054,,,,,,,,,6.862107495800592,0.17188611920845992,0.0,0.0,0.0,0.0,437.0,0.0,0.0,0.0,0.0,0.0,0.5778546571731568,0.0008756969895937308
mnist,MaxLoss,0.0,0.0,438,5,442.0,0.0,15.2,6.191930232165088,457.2,6.191930232165088,0.10580811923136935,0.0013282579829726785,0.04825999999999999,0.0009047651629014091,,,,,,,,,6.894400992407464,0.17276148605318534,0.0,0.0,0.0,0.0,439.0,0.0,0.0,0.0,0.0,0.0,0.5772205471992493,0.0008777760772312019
mnist,MaxLoss,0.0,0.0,44,5,48.0,0.0,1657.4,62.184081564336054,1705.4,62.184081564336054,0.3653461460955441,0.012680165875748418,0.32916,0.012106056335570239,,,,,,,,,0.8127149021951482,0.11051814628496505,0.0,0.0,0.0,0.0,45.0,0.0,0.0,0.0,0.0,0.0,0.5891922235488891,0.0029709324035836035
mnist,MaxLoss,0.0,0.0,440,5,444.0,0.0,16.0,6.058052492344383,460.0,6.058052492344383,0.1064089312683791,0.0012991477385976985,0.04836000000000003,0.0008298192574289929,,,,,,,,,6.92600932099158,0.1729863361364674,0.0,0.0,0.0,0.0,441.0,0.0,0.0,0.0,0.0,0.0,0.5776274085044861,0.0008337473945564032
mnist,MaxLoss,0.0,0.0,442,5,446.0,0.0,16.2,8.230431337420901,462.2,8.230431337420901,0.10687963112723083,0.0017640414879753431,0.04844,0.001235556554755781,,,,,,,,,6.958416184002999,0.17382724049280016,0.0,0.0,0.0,0.0,443.0,0.0,0.0,0.0,0.0,0.0,0.5774022936820984,0.0012169525581140156
mnist,MaxLoss,0.0,0.0,443,1,447.0,0.0,0.0,0.0,447.0,0.0,0.10361992294201627,0.0,0.046599999999999975,0.0,,,,,,,,,6.77064837096259,0.0,1.0,0.0,0.0,0.0,444.0,0.0,0.0,0.0,0.0,0.0,0.5746856927871704,0.0
mnist,MaxLoss,0.0,0.0,444,4,448.0,0.0,15.75,7.087253817006038,463.75,7.087253817006038,0.10721321115852334,0.001519657265773797,0.04804999999999998,0.000849019041796671,,,,,,,,,7.042398441495607,0.21422722965958424,0.0,0.0,0.0,0.0,445.0,0.0,0.0,0.0,0.0,0.0,0.5781162083148956,0.0011665298646277192
mnist,MaxLoss,0.0,0.0,446,4,450.0,0.0,16.0,7.516648189186454,466.0,7.516648189186454,0.10769549386168364,0.00161113169508485,0.047650000000000026,0.0010602672619045837,,,,,,,,,7.074145449747448,0.21447581349642106,0.0,0.0,0.0,0.0,447.0,0.0,0.0,0.0,0.0,0.0,0.5783242732286453,0.0011276694974444394
mnist,MaxLoss,0.0,0.0,448,4,452.0,0.0,12.5,6.837397165588672,464.5,6.837397165588672,0.1073741541185882,0.0014655196514608256,0.047375,0.0008518362518700254,,,,,,,,,7.1073873952409485,0.2153496620075271,0.25,0.25,0.0,0.0,449.0,0.0,0.0,0.0,0.0,0.0,0.5779559016227722,0.0010056221288388728
mnist,MaxLoss,0.0,0.0,450,3,454.0,0.0,24.333333333333332,13.383239933256489,478.3333333333333,13.383239933256487,0.11033659199407946,0.002864614565140447,0.04833333333333334,0.00031797973380567754,,,,,,,,,7.228513207674648,0.2772751562088271,0.0,0.0,0.0,0.0,451.0,0.0,0.0,0.0,0.0,0.0,0.5792910655339559,0.0014284558565916853
mnist,MaxLoss,0.0,0.0,452,3,456.0,0.0,18.666666666666668,9.279607271383371,474.6666666666667,9.279607271383371,0.10955292095119755,0.001987282710405474,0.04730000000000001,0.00011547005383791244,,,,,,,,,7.260186256316956,0.277404441100295,0.0,0.0,0.0,0.0,453.0,0.0,0.0,0.0,0.0,0.0,0.5784367918968201,0.0013283141011358117
mnist,MaxLoss,0.0,0.0,454,3,458.0,0.0,13.0,5.131601439446884,471.0,5.131601439446884,0.10876840060033525,0.001099526136963719,0.04666666666666667,0.00034801021696368036,,,,,,,,,7.291989407676738,0.27757563014864967,0.0,0.0,0.0,0.0,455.0,0.0,0.0,0.0,0.0,0.0,0.5777775049209595,0.0010740899433420302
mnist,MaxLoss,0.0,0.0,456,3,460.0,0.0,13.333333333333334,4.255715111601235,473.3333333333333,4.255715111601235,0.10926854806408907,0.000911967692332571,0.0464,0.0004163331998932429,,,,,,,,,7.323841106651041,0.27773196561943536,0.0,0.0,0.0,0.0,457.0,0.0,0.0,0.0,0.0,0.0,0.578443189462026,0.0009213777279720661
mnist,MaxLoss,0.0,0.0,458,3,462.0,0.0,13.333333333333334,3.7118429085533484,475.3333333333333,3.7118429085533484,0.1096971119210745,0.0007952706817047736,0.047533333333333316,0.0010397649306988107,,,,,,,,,7.356924911340077,0.27896959369546637,0.0,0.0,0.0,0.0,459.0,0.0,0.0,0.0,0.0,0.0,0.5783200860023499,0.0008783948944295931
mnist,MaxLoss,0.0,0.0,46,5,50.0,0.0,1636.0,72.15123006574454,1686.0,72.15123006574454,0.3613777911406942,0.014704500494812684,0.32456000000000007,0.016192424154523613,,,,,,,,,0.8436285721953027,0.11043546585639899,0.0,0.0,0.0,0.0,47.0,0.0,0.0,0.0,0.0,0.0,0.5847392678260803,0.006371693919814845
mnist,MaxLoss,0.0,0.0,460,3,464.0,0.0,18.333333333333332,8.685876147196922,482.3333333333333,8.685876147196922,0.11119503900408745,0.0018593937109867057,0.04803333333333334,0.0008089774066341142,,,,,,,,,7.388597823989888,0.27910547190043516,0.0,0.0,0.0,0.0,461.0,0.0,0.0,0.0,0.0,0.0,0.5794868071873983,8.625984750196112e-05
mnist,MaxLoss,0.0,0.0,462,3,466.0,0.0,10.666666666666666,2.4037008503093262,476.6666666666667,2.4037008503093267,0.10998287589366858,0.0005149016239281273,0.047333333333333304,0.000952773728530423,,,,,,,,,7.420413566986099,0.2792445996582141,0.0,0.0,0.0,0.0,463.0,0.0,0.0,0.0,0.0,0.0,0.5779844522476196,0.001354800941931019
mnist,MaxLoss,0.0,0.0,464,3,468.0,0.0,13.333333333333334,2.3333333333333335,481.3333333333333,2.3333333333333335,0.11098225269233808,0.0004996033531810139,0.04756666666666668,0.0012547686816479374,,,,,,,,,7.453296465993238,0.28044345804436055,0.0,0.0,0.0,0.0,465.0,0.0,0.0,0.0,0.0,0.0,0.5779353976249695,0.0010755708246791768
mnist,MaxLoss,0.0,0.0,466,3,470.0,0.0,12.0,4.725815626252609,482.0,4.725815626252609,0.11112466817333673,0.0010118961638499364,0.047233333333333315,0.0003179797338056504,,,,,,,,,7.485369735998877,0.2805624592070047,0.0,0.0,0.0,0.0,467.0,0.0,0.0,0.0,0.0,0.0,0.5778380831082662,0.0006000508110153686
mnist,MaxLoss,0.0,0.0,468,3,472.0,0.0,9.666666666666666,4.807401700618653,481.6666666666667,4.8074017006186525,0.1110532899425986,0.0010291061321738417,0.046033333333333336,0.000578311719096555,,,,,,,,,7.517270736997792,0.28072296350946774,0.0,0.0,0.0,0.0,469.0,0.0,0.0,0.0,0.0,0.0,0.5779833396275839,0.0013942639023996413
mnist,MaxLoss,0.0,0.0,470,3,474.0,0.0,7.333333333333333,3.8441875315569325,481.3333333333333,3.8441875315569325,0.110982078127563,0.0008229312269822176,0.04650000000000002,0.0006658328118479383,,,,,,,,,7.549338219997783,0.2808379048178457,0.0,0.0,0.0,0.0,471.0,0.0,0.0,0.0,0.0,0.0,0.5772257844607035,0.0010430937387842995
mnist,MaxLoss,0.0,0.0,472,3,476.0,0.0,14.333333333333334,3.3333333333333335,490.3333333333333,3.333333333333334,0.11290835387383898,0.000713029371884962,0.04736666666666667,0.0011976829482147737,,,,,,,,,7.583529351997034,0.2816651804604971,0.0,0.0,0.0,0.0,473.0,0.0,0.0,0.0,0.0,0.0,0.5782279769579569,0.0012399627521802918
mnist,MaxLoss,0.0,0.0,474,3,478.0,0.0,24.333333333333332,12.914247085207013,502.3333333333333,12.914247085207013,0.11547157954191789,0.0027587080766791026,0.04856666666666665,0.0014379769740082097,,,,,,,,,7.616874339311228,0.2828948044166808,0.0,0.0,0.0,0.0,475.0,0.0,0.0,0.0,0.0,0.0,0.5798230568567911,0.002162484431366217
mnist,MaxLoss,0.0,0.0,476,3,480.0,0.0,9.666666666666666,4.977728174356026,489.6666666666667,4.977728174356026,0.11276547224648918,0.0010648847763042846,0.047133333333333326,0.0015025903559446132,,,,,,,,,7.648824775669103,0.28305990682893545,0.0,0.0,0.0,0.0,477.0,0.0,0.0,0.0,0.0,0.0,0.5773923794428507,0.0016600108874129126
mnist,MaxLoss,0.0,0.0,478,3,482.0,0.0,12.666666666666666,1.452966314513558,494.6666666666667,1.4529663145135578,0.11383541688943903,0.00031073795705210874,0.04763333333333334,0.0013980144650340438,,,,,,,,,7.680937926983461,0.283184283597206,0.0,0.0,0.0,0.0,479.0,0.0,0.0,0.0,0.0,0.0,0.5767642656962076,0.0015788389583488523
mnist,MaxLoss,0.0,0.0,48,5,52.0,0.0,1550.6,89.03291526171655,1602.6,89.03291526171655,0.3443228399264626,0.018185250265837845,0.30412,0.017505781901988825,,,,,,,,,0.8745507162064314,0.11032264919174706,0.0,0.0,0.0,0.0,49.0,0.0,0.0,0.0,0.0,0.0,0.5848594307899475,0.007428177429382781
mnist,MaxLoss,0.0,0.0,480,3,484.0,0.0,20.333333333333332,2.6034165586355518,504.3333333333333,2.6034165586355518,0.11590180759473394,0.0005563044098460101,0.04856666666666665,0.002126290457842262,,,,,,,,,7.713126665330492,0.2834127505672994,0.0,0.0,0.0,0.0,481.0,0.0,0.0,0.0,0.0,0.0,0.5782738924026489,0.0016551710111252316
mnist,MaxLoss,0.0,0.0,482,3,486.0,0.0,7.666666666666667,2.96273147243853,493.6666666666667,2.96273147243853,0.11362142606715982,0.0006337146106860147,0.047066666666666666,0.0010651030205780464,,,,,,,,,7.745405974332243,0.283529195177816,0.0,0.0,0.0,0.0,483.0,0.0,0.0,0.0,0.0,0.0,0.5761861801147461,0.0009232657639321726
mnist,MaxLoss,0.0,0.0,484,3,488.0,0.0,4.333333333333333,1.4529663145135578,492.3333333333333,1.4529663145135578,0.11333636043127626,0.0003107867205143622,0.045566666666666644,0.0006691619966628143,,,,,,,,,7.777503855992109,0.28365467961483604,0.0,0.0,0.0,0.0,485.0,0.0,0.0,0.0,0.0,0.0,0.5755226810773214,0.0009026226072596845
mnist,MaxLoss,0.0,0.0,485,1,489.0,0.0,0.0,0.0,489.0,0.0,0.11262328876182437,0.0,0.04590000000000005,0.0,,,,,,,,,7.431771318020765,0.0,1.0,0.0,0.0,0.0,486.0,0.0,0.0,0.0,0.0,0.0,0.5742648243904114,0.0
mnist,MaxLoss,0.0,0.0,486,2,490.0,0.0,16.0,5.0,506.0,5.0,0.11625782705959864,0.001068287150701508,0.047150000000000025,0.0010499999999999954,,,,,,,,,7.993853494990617,0.3741371500073001,0.0,0.0,0.0,0.0,487.0,0.0,0.0,0.0,0.0,0.0,0.577235221862793,0.0006524324417114258
mnist,MaxLoss,0.0,0.0,488,2,492.0,0.0,16.0,5.0,508.0,5.0,0.11668510743766092,0.0010681112471502274,0.04694999999999999,0.00045000000000000595,,,,,,,,,8.026234527991619,0.37440961698302994,0.0,0.0,0.0,0.0,489.0,0.0,0.0,0.0,0.0,0.0,0.5773570239543915,0.00100979208946228
mnist,MaxLoss,0.0,0.0,490,2,494.0,0.0,14.0,5.999999999999999,508.0,5.999999999999999,0.11668501095846295,0.0012817339738830924,0.046650000000000025,0.000250000000000028,,,,,,,,,8.060288762993878,0.376226221997058,0.0,0.0,0.0,0.0,491.0,0.0,0.0,0.0,0.0,0.0,0.5766103565692902,0.001195460557937622
mnist,MaxLoss,0.0,0.0,492,2,496.0,0.0,16.0,2.0,512.0,2.0,0.11753964039962739,0.00042710453271865845,0.0474,0.0017000000000000346,,,,,,,,,8.094117811997421,0.37494517100276425,0.0,0.0,0.0,0.0,493.0,0.0,0.0,0.0,0.0,0.0,0.5776177048683167,0.0012857317924499512
mnist,MaxLoss,0.0,0.0,494,2,498.0,0.0,12.0,4.0,510.0,4.0,0.11711239619762637,0.0008543487347196787,0.04625000000000001,0.0010499999999999954,,,,,,,,,8.126515288982773,0.37516448300448246,0.0,0.0,0.0,0.0,495.0,0.0,0.0,0.0,0.0,0.0,0.5773245990276337,0.00034490227699279785
mnist,MaxLoss,0.0,0.0,495,1,499.0,0.0,0.0,0.0,499.0,0.0,0.11476201220648363,0.0,0.04579999999999995,0.0,,,,,,,,,7.773903043009341,0.0,1.0,0.0,0.0,0.0,496.0,0.0,0.0,0.0,0.0,0.0,0.5761458873748779,0.0
mnist,MaxLoss,0.0,0.0,496,1,500.0,0.0,11.0,0.0,511.0,0.0,0.11732611421030015,0.0,0.044399999999999995,0.0,,,,,,,,,8.53433594800299,0.0,0.0,0.0,0.0,0.0,497.0,0.0,0.0,0.0,0.0,0.0,0.5763828754425049,0.0
mnist,MaxLoss,0.0,0.0,498,1,502.0,0.0,16.0,0.0,518.0,0.0,0.11882067745318636,0.0,0.045499999999999985,0.0,,,,,,,,,8.56712423695717,0.0,0.0,0.0,0.0,0.0,499.0,0.0,0.0,0.0,0.0,0.0,0.5773556232452393,0.0
mnist,MaxLoss,0.0,0.0,50,5,54.0,0.0,1489.2,87.26419655276726,1543.2,87.26419655276726,0.33217662024544553,0.017842537318040655,0.29456000000000004,0.01777446483019952,,,,,,,,,0.9050945383962243,0.1103101444275936,0.0,0.0,0.0,0.0,51.0,0.0,0.0,0.0,0.0,0.0,0.5859278917312623,0.008005056065896477
mnist,MaxLoss,0.0,0.0,500,1,504.0,0.0,5.0,0.0,509.0,0.0,0.11689894006121904,0.0,0.04369999999999996,0.0,,,,,,,,,8.599856393004302,0.0,0.0,0.0,0.0,0.0,501.0,0.0,0.0,0.0,0.0,0.0,0.5765238404273987,0.0
mnist,MaxLoss,0.0,0.0,502,1,506.0,0.0,6.0,0.0,512.0,0.0,0.11753967509139329,0.0,0.04630000000000001,0.0,,,,,,,,,8.635964668006636,0.0,0.0,0.0,0.0,0.0,503.0,0.0,0.0,0.0,0.0,0.0,0.5767186284065247,0.0
mnist,MaxLoss,0.0,0.0,504,1,508.0,0.0,11.0,0.0,519.0,0.0,0.1190341177280061,0.0,0.04710000000000003,0.0,,,,,,,,,8.668811182957143,0.0,0.0,0.0,0.0,0.0,505.0,0.0,0.0,0.0,0.0,0.0,0.5773589015007019,0.0
mnist,MaxLoss,0.0,0.0,506,1,510.0,0.0,6.0,0.0,516.0,0.0,0.11839374556438997,0.0,0.04600000000000004,0.0,,,,,,,,,8.70177409396274,0.0,0.0,0.0,0.0,0.0,507.0,0.0,0.0,0.0,0.0,0.0,0.576580822467804,0.0
mnist,MaxLoss,0.0,0.0,508,1,512.0,0.0,13.0,0.0,525.0,0.0,0.12031440227292478,0.0,0.04690000000000005,0.0,,,,,,,,,8.734523369988892,0.0,0.0,0.0,0.0,0.0,509.0,0.0,0.0,0.0,0.0,0.0,0.5773321986198425,0.0
mnist,MaxLoss,0.0,0.0,510,1,514.0,0.0,7.0,0.0,521.0,0.0,0.11946094705490395,0.0,0.04590000000000005,0.0,,,,,,,,,8.768296500958968,0.0,0.0,0.0,0.0,0.0,511.0,0.0,0.0,0.0,0.0,0.0,0.5759633183479309,0.0
mnist,MaxLoss,0.0,0.0,512,1,516.0,0.0,5.0,0.0,521.0,0.0,0.11946094705490395,0.0,0.045599999999999974,0.0,,,,,,,,,8.801805536961183,0.0,0.0,0.0,0.0,0.0,513.0,0.0,0.0,0.0,0.0,0.0,0.5757462382316589,0.0
mnist,MaxLoss,0.0,0.0,514,1,518.0,0.0,7.0,0.0,525.0,0.0,0.12031440227292478,0.0,0.04620000000000002,0.0,,,,,,,,,8.835572364972904,0.0,0.0,0.0,0.0,0.0,515.0,0.0,0.0,0.0,0.0,0.0,0.5769225358963013,0.0
mnist,MaxLoss,0.0,0.0,516,1,520.0,0.0,6.0,0.0,526.0,0.0,0.12052772397873923,0.0,0.04500000000000004,0.0,,,,,,,,,8.87244591099443,0.0,0.0,0.0,0.0,0.0,517.0,0.0,0.0,0.0,0.0,0.0,0.5761261582374573,0.0
mnist,MaxLoss,0.0,0.0,518,1,522.0,0.0,0.0,0.0,522.0,0.0,0.1196743362233974,0.0,0.043300000000000005,0.0,,,,,,,,,8.909488497010898,0.0,1.0,0.0,0.0,0.0,519.0,0.0,0.0,0.0,0.0,0.0,0.5753800272941589,0.0
mnist,MaxLoss,0.0,0.0,52,5,56.0,0.0,1540.0,58.009481983551616,1596.0,58.009481983551616,0.34301903422456237,0.01186497173773396,0.30712,0.013923088737776536,,,,,,,,,0.9354986098012887,0.11036643793010964,0.0,0.0,0.0,0.0,53.0,0.0,0.0,0.0,0.0,0.0,0.5883928537368774,0.004768237304026202
mnist,MaxLoss,0.0,0.0,54,5,58.0,0.0,1427.8,96.13032820083367,1485.8,96.13032820083367,0.32039966579759493,0.01970784220055853,0.2833,0.02011907055507287,,,,,,,,,0.9658690439886414,0.11036007489953592,0.0,0.0,0.0,0.0,55.0,0.0,0.0,0.0,0.0,0.0,0.588625168800354,0.004909243068140213
mnist,MaxLoss,0.0,0.0,56,5,60.0,0.0,1408.6,99.81062067736079,1468.6,99.81062067736079,0.31686784675111995,0.020429357029754902,0.28304,0.020800615375512334,,,,,,,,,0.9957056077895686,0.11052802678783545,0.0,0.0,0.0,0.0,57.0,0.0,0.0,0.0,0.0,0.0,0.5879677295684814,0.006473348724471344
mnist,MaxLoss,0.0,0.0,58,5,62.0,0.0,1426.4,118.1679313519535,1488.4,118.1679313519535,0.32088520800461995,0.024180272445274483,0.28588,0.02360176688301111,,,,,,,,,1.0250067847780884,0.11083611693856231,0.0,0.0,0.0,0.0,59.0,0.0,0.0,0.0,0.0,0.0,0.5910367965698242,0.008153387419451028
mnist,MaxLoss,0.0,0.0,6,5,10.0,0.0,2067.2,91.46551262634458,2077.2,91.46551262634458,0.4407829086179845,0.01848464087740871,0.41016,0.01683403100864436,,,,,,,,,0.23797464618692174,0.11065904560240611,0.0,0.0,0.0,0.0,7.0,0.0,0.0,0.0,0.0,0.0,0.6541259407997131,0.008274229780333105
mnist,MaxLoss,0.0,0.0,60,5,64.0,0.0,1487.0,93.07362676934858,1551.0,93.07362676934858,0.33376318066148086,0.019012178803868227,0.2991,0.01896172460510911,,,,,,,,,1.055975279188715,0.11070430419163184,0.0,0.0,0.0,0.0,61.0,0.0,0.0,0.0,0.0,0.0,0.5938280344009399,0.006180313784439417
mnist,MaxLoss,0.0,0.0,62,5,66.0,0.0,1506.4,68.14513922503937,1572.4,68.14513922503937,0.3381819079280831,0.01391432365666962,0.30394,0.012883384648453225,,,,,,,,,1.0852392758009954,0.11101943318951063,0.0,0.0,0.0,0.0,63.0,0.0,0.0,0.0,0.0,0.0,0.5923555135726929,0.004029709826379883
mnist,MaxLoss,0.0,0.0,64,5,68.0,0.0,1299.0,34.846807601271024,1367.0,34.846807601271024,0.2960975404945202,0.007165459082536009,0.26536,0.007124717538260732,,,,,,,,,1.1151882493984886,0.111217102434559,0.0,0.0,0.0,0.0,65.0,0.0,0.0,0.0,0.0,0.0,0.5813269734382629,0.006124259380101965
mnist,MaxLoss,0.0,0.0,66,5,70.0,0.0,1173.0,71.70704288980266,1243.0,71.70704288980266,0.2705070506897755,0.014782888835910264,0.23715999999999998,0.01581105942054485,,,,,,,,,1.1457232771907002,0.11128398073341672,0.0,0.0,0.0,0.0,67.0,0.0,0.0,0.0,0.0,0.0,0.5737218022346496,0.006176254640446195
mnist,MaxLoss,0.0,0.0,68,5,72.0,0.0,1148.4,64.91887244861852,1220.4,64.91887244861852,0.2658510180655867,0.013413098980101271,0.2292,0.013169776004169553,,,,,,,,,1.175181139993947,0.11173405849622976,0.0,0.0,0.0,0.0,69.0,0.0,0.0,0.0,0.0,0.0,0.5771188020706177,0.005550351303905907
mnist,MaxLoss,0.0,0.0,70,5,74.0,0.0,1169.8,70.21922813588883,1243.8,70.21922813588883,0.27067273054271934,0.01450330858781536,0.23586000000000001,0.014213008126360872,,,,,,,,,1.2057049349998123,0.11174642592469405,0.0,0.0,0.0,0.0,71.0,0.0,0.0,0.0,0.0,0.0,0.581472635269165,0.003956462708857004
mnist,MaxLoss,0.0,0.0,72,5,76.0,0.0,1205.2,35.43218875542407,1281.2,35.43218875542407,0.278433572629001,0.007293659116629083,0.24051999999999998,0.008176392847704916,,,,,,,,,1.23684689339716,0.11160362569095372,0.0,0.0,0.0,0.0,73.0,0.0,0.0,0.0,0.0,0.0,0.586704683303833,0.0022797660344041075
mnist,MaxLoss,0.0,0.0,74,5,78.0,0.0,1244.0,49.550983844924815,1322.0,49.550983844924815,0.2868246980360709,0.010187715168423903,0.25004,0.010686468078836893,,,,,,,,,1.267950489593204,0.11146559066617741,0.0,0.0,0.0,0.0,75.0,0.0,0.0,0.0,0.0,0.0,0.587781023979187,0.0031749853482595136
mnist,MaxLoss,0.0,0.0,76,5,80.0,0.0,1285.4,51.97364716854109,1365.4,51.97364716854109,0.2957512161578052,0.010693179888568893,0.2591,0.014441468069417315,,,,,,,,,1.2973070723935962,0.11177208602858044,0.0,0.0,0.0,0.0,77.0,0.0,0.0,0.0,0.0,0.0,0.5909012198448181,0.004899689494709278
mnist,MaxLoss,0.0,0.0,78,5,82.0,0.0,1244.0,54.13132180170737,1326.0,54.13132180170737,0.28764225328341125,0.011138535574707085,0.25098000000000004,0.01109244788132899,,,,,,,,,1.327906653599348,0.11174940154093754,0.0,0.0,0.0,0.0,79.0,0.0,0.0,0.0,0.0,0.0,0.588785183429718,0.005438601657698665
mnist,MaxLoss,0.0,0.0,8,5,12.0,0.0,2084.6,80.12839696387293,2096.6,80.12839696387293,0.4447210681508295,0.016187345184754436,0.41734,0.014091011319277251,,,,,,,,,0.2684335823985748,0.11069871732405374,0.0,0.0,0.0,0.0,9.0,0.0,0.0,0.0,0.0,0.0,0.6613998532295227,0.008615805667222564
mnist,MaxLoss,0.0,0.0,80,5,84.0,0.0,1145.6,43.60458691468135,1229.6,43.60458691468135,0.26778136667562646,0.008985894956150852,0.22918000000000002,0.009226613680002002,,,,,,,,,1.358540377987083,0.111035080662833,0.0,0.0,0.0,0.0,81.0,0.0,0.0,0.0,0.0,0.0,0.5814889669418335,0.003468396164364965
mnist,MaxLoss,0.0,0.0,82,5,86.0,0.0,1119.8,74.96025613616857,1205.8,74.96025613616857,0.2628160874126479,0.015500252550971164,0.2257,0.015706909307690038,,,,,,,,,1.3879094309872015,0.11133583774955687,0.0,0.0,0.0,0.0,83.0,0.0,0.0,0.0,0.0,0.0,0.584575092792511,0.004408926284931463
mnist,MaxLoss,0.0,0.0,84,5,88.0,0.0,1065.8,107.48274280087942,1153.8,107.48274280087942,0.2519791808212176,0.02226394553073635,0.21505999999999997,0.021965054063215965,,,,,,,,,1.4179546501953155,0.11152685497078317,0.0,0.0,0.0,0.0,85.0,0.0,0.0,0.0,0.0,0.0,0.5836337685585022,0.005534270189374298
mnist,MaxLoss,0.0,0.0,86,5,90.0,0.0,1006.4,74.0058105826833,1096.4,74.0058105826833,0.24016994632547722,0.015361456974239887,0.20607999999999996,0.014822867468880643,,,,,,,,,1.4492214057943784,0.11139924962401244,0.0,0.0,0.0,0.0,87.0,0.0,0.0,0.0,0.0,0.0,0.5846210718154907,0.003371793238161876
mnist,MaxLoss,0.0,0.0,88,5,92.0,0.0,1113.2,93.78773907073355,1205.2,93.78773907073355,0.2626491523697041,0.0194056820937576,0.22862,0.0196204841938215,,,,,,,,,1.4798878255765886,0.11144395839572437,0.0,0.0,0.0,0.0,89.0,0.0,0.0,0.0,0.0,0.0,0.5885613203048706,0.0045986382980382
mnist,MaxLoss,0.0,0.0,90,5,94.0,0.0,1104.6,112.57290970744248,1198.6,112.57290970744248,0.26123204567702485,0.02330423599662467,0.22490000000000002,0.02419882228539233,,,,,,,,,1.5093113160110079,0.11178170360029349,0.0,0.0,0.0,0.0,91.0,0.0,0.0,0.0,0.0,0.0,0.591025972366333,0.005383298989687853
mnist,MaxLoss,0.0,0.0,92,5,96.0,0.0,1166.0,110.3770809543358,1262.0,110.3770809543358,0.27432871494675054,0.022851731827651166,0.23398000000000002,0.024815144569395535,,,,,,,,,1.5392911235801876,0.11192912832298829,0.0,0.0,0.0,0.0,93.0,0.0,0.0,0.0,0.0,0.0,0.5963865876197815,0.004281758828284332
mnist,MaxLoss,0.0,0.0,94,5,98.0,0.0,1158.4,81.4742904234213,1256.4,81.4742904234213,0.27325036937836555,0.01683171158456192,0.23542000000000002,0.016011133626323896,,,,,,,,,1.5688253984088079,0.11152022157204543,0.0,0.0,0.0,0.0,95.0,0.0,0.0,0.0,0.0,0.0,0.5941273331642151,0.0017232780291935748
mnist,MaxLoss,0.0,0.0,96,5,100.0,0.0,1215.0,84.3160720147707,1315.0,84.3160720147707,0.28532670796848836,0.017370851034067752,0.24798,0.017583156713172975,,,,,,,,,1.6001372365863062,0.11136592005483661,0.0,0.0,0.0,0.0,97.0,0.0,0.0,0.0,0.0,0.0,0.591014850139618,0.0015420373831223399
mnist,MaxLoss,0.0,0.0,98,5,102.0,0.0,1202.4,146.4761414019362,1304.4,146.4761414019362,0.2829622194869444,0.030233349316234726,0.24644,0.029456961825687317,,,,,,,,,1.6302779393969105,0.11152225594268961,0.0,0.0,0.0,0.0,99.0,0.0,0.0,0.0,0.0,0.0,0.5912193536758423,0.005304637960931558
mnist,PU-R,0.0,0.0,0,5,4.0,0.0,2279.8,124.75431856252511,2283.8,124.75431856252511,0.4823990680160932,0.02506268207417016,0.44255999999999995,0.025064010054259078,,,,,,,,,0.029446694604121148,0.0009034664875740028,0.0,0.0,0.0,0.0,1.0,0.0,0.0,0.0,0.0,0.0,0.6605549931526185,0.01675858921282323
mnist,PU-R,0.0,0.0,10,5,14.0,0.0,2000.8,70.15440114490322,2014.8,70.15440114490322,0.42818839540705084,0.014219915360839854,0.4043,0.013170952888838381,,,,,,,,,0.27018244420178233,0.0017270362732935195,0.0,0.0,0.0,0.0,11.0,0.0,0.0,0.0,0.0,0.0,0.6242817401885986,0.007851523356764114
mnist,PU-R,0.0,0.0,100,5,104.0,0.0,983.2,50.904223793316014,1087.2,50.904223793316014,0.2383061761036515,0.010532921800621145,0.19652,0.008490901012260122,,,,,,,,,2.468393581197597,0.012783143846822807,0.0,0.0,0.0,0.0,101.0,0.0,0.0,0.0,0.0,0.0,0.5765419960021972,0.005034684816732335
mnist,PU-R,0.0,0.0,102,5,106.0,0.0,950.8,43.729166468159434,1056.8,43.729166468159434,0.23200582045828924,0.009074120302112647,0.19326000000000002,0.007778663124213577,,,,,,,,,2.5201586843817494,0.013444541834565771,0.0,0.0,0.0,0.0,103.0,0.0,0.0,0.0,0.0,0.0,0.5749027132987976,0.005189621418135162
mnist,PU-R,0.0,0.0,104,5,108.0,0.0,929.8,42.641998077013234,1037.8,42.641998077013234,0.22806017455877736,0.008864671967788548,0.18942,0.006971255267166739,,,,,,,,,2.571420840593055,0.014321951321668342,0.0,0.0,0.0,0.0,105.0,0.0,0.0,0.0,0.0,0.0,0.5766457319259644,0.004535457745661492
mnist,PU-R,0.0,0.0,106,5,110.0,0.0,912.6,39.8278796824536,1022.6,39.8278796824536,0.22490434994688258,0.008289313104839666,0.18388,0.006255989130425346,,,,,,,,,2.6239717333926817,0.014795260127730159,0.0,0.0,0.0,0.0,107.0,0.0,0.0,0.0,0.0,0.0,0.5772878527641296,0.003167176370560475
mnist,PU-R,0.0,0.0,108,5,112.0,0.0,922.0,53.0,1034.0,53.0,0.22725563471904026,0.011016801899441032,0.18588,0.009804305176808815,,,,,,,,,2.6773649120004848,0.014923614951358192,0.0,0.0,0.0,0.0,109.0,0.0,0.0,0.0,0.0,0.0,0.5778598546981811,0.005237394474861889
mnist,PU-R,0.0,0.0,110,5,114.0,0.0,934.2,47.424044534392046,1048.2,47.424044534392046,0.2302139508537948,0.00985877795341698,0.19016,0.010070580916709813,,,,,,,,,2.728595304803457,0.015585782920680285,0.0,0.0,0.0,0.0,111.0,0.0,0.0,0.0,0.0,0.0,0.578360641002655,0.004446040282651712
mnist,PU-R,0.0,0.0,112,5,116.0,0.0,972.0,59.433997005081196,1088.0,59.433997005081196,0.23845542647177354,0.012347774986571575,0.19736,0.010941782304542525,,,,,,,,,2.779636846203357,0.01581515776207627,0.0,0.0,0.0,0.0,113.0,0.0,0.0,0.0,0.0,0.0,0.5840080857276917,0.006161689005931627
mnist,PU-R,0.0,0.0,114,5,118.0,0.0,918.8,55.9458666927236,1036.8,55.9458666927236,0.22783207409083844,0.01163547839493044,0.18578,0.008710763456781503,,,,,,,,,2.8335694883950056,0.016488520674841987,0.0,0.0,0.0,0.0,115.0,0.0,0.0,0.0,0.0,0.0,0.5771425008773804,0.005015210397037455
mnist,PU-R,0.0,0.0,116,5,120.0,0.0,881.2,38.960749479444054,1001.2,38.960749479444054,0.22045518821105362,0.008108468922417771,0.18062,0.006420778768965642,,,,,,,,,2.887537898996379,0.01717769620043552,0.0,0.0,0.0,0.0,117.0,0.0,0.0,0.0,0.0,0.0,0.5774428248405457,0.004061141179162209
mnist,PU-R,0.0,0.0,118,5,122.0,0.0,883.6,33.4,1005.6,33.4,0.22137694605626165,0.006948074491781587,0.18145999999999995,0.005966121017880881,,,,,,,,,2.9407050787936897,0.01777329764607998,0.0,0.0,0.0,0.0,119.0,0.0,0.0,0.0,0.0,0.0,0.577784788608551,0.003265091091850235
mnist,PU-R,0.0,0.0,12,5,16.0,0.0,2174.6,83.44015819735722,2190.6,83.44015819735722,0.4636935075512156,0.016826395685129406,0.4413600000000001,0.01664994294284518,,,,,,,,,0.3187536901910789,0.0017018684180724903,0.0,0.0,0.0,0.0,13.0,0.0,0.0,0.0,0.0,0.0,0.6365944743156433,0.009504439946293651
mnist,PU-R,0.0,0.0,120,5,124.0,0.0,868.2,30.368404633763685,992.2,30.368404633763685,0.21859186365036293,0.006321436811848527,0.17872000000000002,0.006015762628295773,,,,,,,,,2.994448248005938,0.018329602898851452,0.0,0.0,0.0,0.0,121.0,0.0,0.0,0.0,0.0,0.0,0.5783929586410522,0.004052909333940822
mnist,PU-R,0.0,0.0,122,5,126.0,0.0,875.6,31.026762641306938,1001.6,31.026762641306938,0.22054734454723074,0.006452349917948836,0.18174,0.005380854950656074,,,,,,,,,3.049460559000727,0.018382533505475467,0.0,0.0,0.0,0.0,123.0,0.0,0.0,0.0,0.0,0.0,0.5805219173431396,0.0045347247949850174
mnist,PU-R,0.0,0.0,124,5,128.0,0.0,873.0,30.72132809629167,1001.0,30.72132809629167,0.22042262316681444,0.006393152707129758,0.1823,0.006438478081037475,,,,,,,,,3.1026091280044055,0.01878908258418637,0.0,0.0,0.0,0.0,125.0,0.0,0.0,0.0,0.0,0.0,0.5810384273529052,0.005046847500469273
mnist,PU-R,0.0,0.0,126,5,130.0,0.0,861.4,18.850994668717085,991.4,18.850994668717085,0.21843427784042432,0.003926262874330889,0.18208,0.00564485606548121,,,,,,,,,3.157856334396638,0.01886094869890418,0.0,0.0,0.0,0.0,127.0,0.0,0.0,0.0,0.0,0.0,0.5792731165885925,0.004289018801917142
mnist,PU-R,0.0,0.0,128,5,132.0,0.0,846.2,21.536945001554887,978.2,21.536945001554887,0.2156849172897637,0.004482366613307932,0.17634,0.005192744938854605,,,,,,,,,3.2120368259958925,0.019107077987730946,0.0,0.0,0.0,0.0,129.0,0.0,0.0,0.0,0.0,0.0,0.5795825600624085,0.0035911406976595825
mnist,PU-R,0.0,0.0,130,5,134.0,0.0,854.8,22.570777567465413,988.8,22.570777567465413,0.21789067157078534,0.004701940044795327,0.18234,0.007101732183066325,,,,,,,,,3.2664296542061493,0.019768794089914388,0.0,0.0,0.0,0.0,131.0,0.0,0.0,0.0,0.0,0.0,0.5811334848403931,0.003853108180811712
mnist,PU-R,0.0,0.0,132,5,136.0,0.0,861.6,31.50650726437318,997.6,31.50650726437318,0.21971432209247724,0.006560143270344035,0.18436,0.009268689227717149,,,,,,,,,3.321912018407602,0.01934059620907099,0.0,0.0,0.0,0.0,133.0,0.0,0.0,0.0,0.0,0.0,0.5821409344673156,0.004760502091276874
mnist,PU-R,0.0,0.0,134,5,138.0,0.0,855.0,13.3566462856512,993.0,13.3566462856512,0.21877010584576057,0.002780027817031463,0.18318,0.006502261145170974,,,,,,,,,3.3770525042084047,0.019379910341553747,0.0,0.0,0.0,0.0,135.0,0.0,0.0,0.0,0.0,0.0,0.5816580057144165,0.0035933900243159387
mnist,PU-R,0.0,0.0,136,5,140.0,0.0,849.0,23.592371648479936,989.0,23.592371648479936,0.21793172328034416,0.004909492166273755,0.17944,0.0058289450160385,,,,,,,,,3.4328118432080372,0.019288696427393493,0.0,0.0,0.0,0.0,137.0,0.0,0.0,0.0,0.0,0.0,0.5832435369491578,0.003676617548910413
mnist,PU-R,0.0,0.0,138,5,142.0,0.0,801.8,27.82876209966947,943.8,27.82876209966947,0.20851219792384654,0.005801109151543602,0.17156,0.005727093503689281,,,,,,,,,3.488118487794418,0.019760216345143748,0.0,0.0,0.0,0.0,139.0,0.0,0.0,0.0,0.0,0.0,0.5817484617233276,0.003509000110129353
mnist,PU-R,0.0,0.0,14,5,18.0,0.0,2123.2,88.6940809750008,2141.2,88.6940809750008,0.45371749338228257,0.01789504930570294,0.42327999999999993,0.014665517379213046,,,,,,,,,0.36774813079973684,0.0015315786706193062,0.0,0.0,0.0,0.0,15.0,0.0,0.0,0.0,0.0,0.0,0.6250028014183044,0.009247171203873092
mnist,PU-R,0.0,0.0,140,5,144.0,0.0,810.6,52.349403052947984,954.6,52.349403052947984,0.21073282000143082,0.010889757850824239,0.17034,0.009314483345843713,,,,,,,,,3.544380714208819,0.020515316268076424,0.0,0.0,0.0,0.0,141.0,0.0,0.0,0.0,0.0,0.0,0.581705629825592,0.004481034170957706
mnist,PU-R,0.0,0.0,142,5,146.0,0.0,812.8,46.43102411104024,958.8,46.43102411104024,0.21161716118222101,0.009661418029520549,0.17106000000000002,0.008520833292583534,,,,,,,,,3.60019603560213,0.02112675981808858,0.0,0.0,0.0,0.0,143.0,0.0,0.0,0.0,0.0,0.0,0.5828942060470581,0.0033012152847379096
mnist,PU-R,0.0,0.0,144,5,148.0,0.0,815.2,46.96637094773237,963.2,46.96637094773237,0.21253375572850927,0.009764295548382726,0.17268,0.009639159714414949,,,,,,,,,3.6582997294026427,0.02174438711640046,0.0,0.0,0.0,0.0,145.0,0.0,0.0,0.0,0.0,0.0,0.5824963927268982,0.0034200624025563634
mnist,PU-R,0.0,0.0,146,5,150.0,0.0,798.8,57.32399148698562,948.8,57.32399148698562,0.20951363702770323,0.01194167969624205,0.1674,0.010715269478645872,,,,,,,,,3.7167252372018993,0.022521510144333835,0.0,0.0,0.0,0.0,147.0,0.0,0.0,0.0,0.0,0.0,0.5849775791168212,0.0031060367393818695
mnist,PU-R,0.0,0.0,148,5,152.0,0.0,796.8,63.00111110131313,948.8,63.00111110131313,0.2095038231345825,0.01310995185843358,0.16791999999999999,0.011705186884454252,,,,,,,,,3.7741773233865388,0.02321381724485907,0.0,0.0,0.0,0.0,149.0,0.0,0.0,0.0,0.0,0.0,0.5830633878707886,0.0038957508567855474
mnist,PU-R,0.0,0.0,150,5,154.0,0.0,808.2,51.200976553186955,962.2,51.200976553186955,0.2123177609173581,0.010659412799373767,0.17136,0.009203401545081044,,,,,,,,,3.8319594868109563,0.024302643909391134,0.0,0.0,0.0,0.0,151.0,0.0,0.0,0.0,0.0,0.0,0.5850063323974609,0.0031381601830453216
mnist,PU-R,0.0,0.0,152,5,156.0,0.0,793.2,51.71112066084045,949.2,51.71112066084045,0.20960668333573268,0.010777306792432157,0.1689,0.009821863366999164,,,,,,,,,3.8912105288007295,0.02531935915732871,0.0,0.0,0.0,0.0,153.0,0.0,0.0,0.0,0.0,0.0,0.5837901473045349,0.0029170101591061877
mnist,PU-R,0.0,0.0,154,5,158.0,0.0,770.6,63.82444672693998,928.6,63.82444672693998,0.2052883146563545,0.013290999284826684,0.1638,0.012563478817588706,,,,,,,,,3.949939490586985,0.026264073159014238,0.0,0.0,0.0,0.0,155.0,0.0,0.0,0.0,0.0,0.0,0.583043920993805,0.0036207603074812356
mnist,PU-R,0.0,0.0,156,5,160.0,0.0,779.4,65.36711711556507,939.4,65.36711711556507,0.20753655839944257,0.013625196912211585,0.16522,0.011988677992172453,,,,,,,,,4.009638987993822,0.02730337322802458,0.0,0.0,0.0,0.0,157.0,0.0,0.0,0.0,0.0,0.0,0.5838558435440063,0.0045915155193607645
mnist,PU-R,0.0,0.0,158,5,162.0,0.0,745.2,55.27241626706761,907.2,55.27241626706761,0.20083622788079084,0.011532523737821074,0.15924,0.011277836671986351,,,,,,,,,4.068610321392771,0.028294952337684996,0.0,0.0,0.0,0.0,159.0,0.0,0.0,0.0,0.0,0.0,0.5831961512565613,0.004967741006802464
mnist,PU-R,0.0,0.0,16,5,20.0,0.0,2010.4,95.15545176184074,2030.4,95.15545176184074,0.43130993837257847,0.01926377308896565,0.4004199999999999,0.016498648429492637,,,,,,,,,0.41711212480440735,0.0012305644658384372,0.0,0.0,0.0,0.0,17.0,0.0,0.0,0.0,0.0,0.0,0.6166404008865356,0.014004158519259124
mnist,PU-R,0.0,0.0,160,5,164.0,0.0,725.0,61.80614856144977,889.0,61.80614856144977,0.19701971337199212,0.012907524839206016,0.15544,0.012297219197851207,,,,,,,,,4.129007721599192,0.02861159916378529,0.0,0.0,0.0,0.0,161.0,0.0,0.0,0.0,0.0,0.0,0.5829392313957215,0.004694828795750239
mnist,PU-R,0.0,0.0,162,5,166.0,0.0,705.6,69.95469962768763,871.6,69.95469962768763,0.19335936474381016,0.01463737930959396,0.14973999999999998,0.01392930723331206,,,,,,,,,4.189230877789669,0.029390322350172898,0.0,0.0,0.0,0.0,163.0,0.0,0.0,0.0,0.0,0.0,0.5820892095565796,0.0035552309595186966
mnist,PU-R,0.0,0.0,164,5,168.0,0.0,693.2,59.407406945598964,861.2,59.407406945598964,0.19120627327356488,0.012456225237235458,0.1449,0.011589607413540814,,,,,,,,,4.249982933397405,0.030628303826255972,0.0,0.0,0.0,0.0,165.0,0.0,0.0,0.0,0.0,0.0,0.5830712795257569,0.003340161575662084
mnist,PU-R,0.0,0.0,166,5,170.0,0.0,684.8,60.94784655752819,854.8,60.94784655752819,0.1898642676183954,0.0127709400821349,0.1446,0.011450982490598779,,,,,,,,,4.310580607189332,0.031461023337901864,0.0,0.0,0.0,0.0,167.0,0.0,0.0,0.0,0.0,0.0,0.585021185874939,0.0038398199976144663
mnist,PU-R,0.0,0.0,168,5,172.0,0.0,685.8,54.959439589573684,857.8,54.959439589573684,0.19050538199953734,0.011516469481819652,0.14396000000000003,0.010451392251752867,,,,,,,,,4.373020237416495,0.032244748453500824,0.0,0.0,0.0,0.0,169.0,0.0,0.0,0.0,0.0,0.0,0.5838351368904113,0.003457776063720532
mnist,PU-R,0.0,0.0,170,5,174.0,0.0,661.0,51.653654275375324,835.0,51.653654275375324,0.18573756831465288,0.010832909993552353,0.13652000000000003,0.00862881220099266,,,,,,,,,4.435081303410698,0.033078353444746966,0.0,0.0,0.0,0.0,171.0,0.0,0.0,0.0,0.0,0.0,0.5837878227233887,0.005005552595024097
mnist,PU-R,0.0,0.0,172,5,176.0,0.0,652.6,58.3991438293405,828.6,58.3991438293405,0.1843837846419774,0.012230758228802378,0.13623999999999997,0.00972067898863038,,,,,,,,,4.496980985603296,0.0338625446140822,0.0,0.0,0.0,0.0,173.0,0.0,0.0,0.0,0.0,0.0,0.5848136067390441,0.0035770755424644504
mnist,PU-R,0.0,0.0,174,5,178.0,0.0,643.6,49.05975947760037,821.6,49.05975947760037,0.18293770275777205,0.010256765735996489,0.13246000000000002,0.008036703304216217,,,,,,,,,4.5591580920037815,0.035033083168908054,0.0,0.0,0.0,0.0,175.0,0.0,0.0,0.0,0.0,0.0,0.5854607582092285,0.0030681822575258076
mnist,PU-R,0.0,0.0,176,5,180.0,0.0,625.8,39.77486643597939,805.8,39.77486643597939,0.1796395786339417,0.008322584067824046,0.1278,0.006360424514134244,,,,,,,,,4.6204380266019145,0.03560417042900405,0.0,0.0,0.0,0.0,177.0,0.0,0.0,0.0,0.0,0.0,0.584481167793274,0.003529230225806623
mnist,PU-R,0.0,0.0,178,5,182.0,0.0,626.4,33.45683786612237,808.4,33.45683786612237,0.18019332938129082,0.007006064131426199,0.12872,0.006894519562667158,,,,,,,,,4.682535731408279,0.03624505926855582,0.0,0.0,0.0,0.0,179.0,0.0,0.0,0.0,0.0,0.0,0.5846980571746826,0.00354913031318925
mnist,PU-R,0.0,0.0,18,5,22.0,0.0,1913.8,89.41834263729115,1935.8,89.41834263729115,0.4121541856904514,0.018140359313467563,0.3819,0.01626262586423238,,,,,,,,,0.46632531019859014,0.0011634931036522706,0.0,0.0,0.0,0.0,19.0,0.0,0.0,0.0,0.0,0.0,0.6088190197944641,0.01201485795470692
mnist,PU-R,0.0,0.0,180,5,184.0,0.0,655.4,39.33522594316702,839.4,39.33522594316702,0.18668225241126493,0.008233899931130507,0.13484000000000002,0.007368622666414674,,,,,,,,,4.7450546196079815,0.03690836062949606,0.0,0.0,0.0,0.0,181.0,0.0,0.0,0.0,0.0,0.0,0.5857037305831909,0.003389334675631075
mnist,PU-R,0.0,0.0,182,5,186.0,0.0,647.6,50.77459994918719,833.6,50.77459994918719,0.18544720993377267,0.010636323667503266,0.13366,0.009155959807688109,,,,,,,,,4.80846622280078,0.037065404885043576,0.0,0.0,0.0,0.0,183.0,0.0,0.0,0.0,0.0,0.0,0.5855686068534851,0.004080698542154353
mnist,PU-R,0.0,0.0,184,5,188.0,0.0,623.2,30.542429503888524,811.2,30.542429503888524,0.1807831250363961,0.006412567090486283,0.12892,0.00544384055607804,,,,,,,,,4.871117779798806,0.03768581001214501,0.0,0.0,0.0,0.0,185.0,0.0,0.0,0.0,0.0,0.0,0.5839525818824768,0.00487503707279824
mnist,PU-R,0.0,0.0,186,5,190.0,0.0,633.4,33.60743965255312,823.4,33.60743965255312,0.18333686019759626,0.0070542089171446816,0.1313,0.006092208138269742,,,,,,,,,4.933931155188475,0.038179568198642516,0.0,0.0,0.0,0.0,187.0,0.0,0.0,0.0,0.0,0.0,0.5847526431083679,0.005178417124611105
mnist,PU-R,0.0,0.0,188,5,192.0,0.0,615.4,21.76373129773477,807.4,21.76373129773477,0.17999578326707705,0.00456328876274741,0.12855999999999998,0.003938349908273759,,,,,,,,,4.997488093201537,0.03911479305387556,0.0,0.0,0.0,0.0,189.0,0.0,0.0,0.0,0.0,0.0,0.5823470950126648,0.004967102689672626
mnist,PU-R,0.0,0.0,190,5,194.0,0.0,631.8,26.785070468453128,825.8,26.785070468453128,0.18384818171616643,0.0056200488941950165,0.13212000000000002,0.007014798642869223,,,,,,,,,5.061662708397489,0.039015137867579944,0.0,0.0,0.0,0.0,191.0,0.0,0.0,0.0,0.0,0.0,0.5848266124725342,0.004375978558531452
mnist,PU-R,0.0,0.0,192,5,196.0,0.0,608.6,32.34285083291205,804.6,32.34285083291205,0.17939744875766336,0.006777116500481111,0.12616,0.007656604991770193,,,,,,,,,5.126243235601578,0.038900923799232046,0.0,0.0,0.0,0.0,193.0,0.0,0.0,0.0,0.0,0.0,0.5820050001144409,0.003691209726470793
mnist,PU-R,0.0,0.0,194,5,198.0,0.0,580.6,35.637901172768295,778.6,35.637901172768295,0.17393575013848023,0.00746774765634263,0.123,0.007888282449304156,,,,,,,,,5.191758257185574,0.03989098117590013,0.0,0.0,0.0,0.0,195.0,0.0,0.0,0.0,0.0,0.0,0.5820884823799133,0.004112511430891525
mnist,PU-R,0.0,0.0,196,5,200.0,0.0,576.0,41.02682049586587,776.0,41.02682049586587,0.1733813949744217,0.008597614271920311,0.12238,0.00881432924277283,,,,,,,,,5.258017693215516,0.04092685944247529,0.0,0.0,0.0,0.0,197.0,0.0,0.0,0.0,0.0,0.0,0.5819454193115234,0.004148279123765558
mnist,PU-R,0.0,0.0,198,5,202.0,0.0,554.0,37.73989931094146,756.0,37.73989931094146,0.16918250939343124,0.007918888845863337,0.11694000000000002,0.008275602697084975,,,,,,,,,5.323993909999262,0.04196634328958262,0.0,0.0,0.0,0.0,199.0,0.0,0.0,0.0,0.0,0.0,0.5815664768218994,0.0044159295982767795
mnist,PU-R,0.0,0.0,2,5,6.0,0.0,2106.8,62.46070764888916,2112.8,62.46070764888916,0.44801620399812236,0.01260073840278504,0.41387999999999997,0.01096655825680964,,,,,,,,,0.07959298598580063,0.001199807617674079,0.0,0.0,0.0,0.0,3.0,0.0,0.0,0.0,0.0,0.0,0.5840866565704346,0.01875772584828
mnist,PU-R,0.0,0.0,20,5,24.0,0.0,1699.6,85.86768891731045,1723.6,85.86768891731045,0.3690231084940024,0.017474888940966063,0.3387,0.01755736312775925,,,,,,,,,0.5155178331886419,0.001196817435080551,0.0,0.0,0.0,0.0,21.0,0.0,0.0,0.0,0.0,0.0,0.5799033999443054,0.007087508263112667
mnist,PU-R,0.0,0.0,200,5,204.0,0.0,574.8,38.563454202132874,778.8,38.563454202132874,0.1739734087488614,0.008081406432190628,0.12196,0.008000662472570629,,,,,,,,,5.390067593182903,0.04273228955325711,0.0,0.0,0.0,0.0,201.0,0.0,0.0,0.0,0.0,0.0,0.5837538123130799,0.004321233614291067
mnist,PU-R,0.0,0.0,202,5,206.0,0.0,560.0,40.27406113120453,766.0,40.27406113120453,0.171281095163431,0.00844474299933909,0.11978,0.007394687282096525,,,,,,,,,5.457025455404073,0.04338190262802682,0.0,0.0,0.0,0.0,203.0,0.0,0.0,0.0,0.0,0.0,0.5827489614486694,0.004406758197899428
mnist,PU-R,0.0,0.0,204,5,208.0,0.0,580.6,23.020860105565127,788.6,23.020860105565127,0.17605001537594944,0.004825746106880366,0.12238,0.0049274131144039415,,,,,,,,,5.524997282796539,0.0439194442251464,0.0,0.0,0.0,0.0,205.0,0.0,0.0,0.0,0.0,0.0,0.5842857718467712,0.004300038022411283
mnist,PU-R,0.0,0.0,206,5,210.0,0.0,549.6,25.777121639159013,759.6,25.777121639159013,0.16995487830135972,0.00541143286368086,0.1163,0.00548370312836133,,,,,,,,,5.591509177605621,0.044868713004933364,0.0,0.0,0.0,0.0,207.0,0.0,0.0,0.0,0.0,0.0,0.581423306465149,0.004795923507209803
mnist,PU-R,0.0,0.0,208,5,212.0,0.0,526.8,35.101851803003214,738.8,35.101851803003214,0.16556547851068898,0.0074021093585685755,0.11124,0.004752325746410909,,,,,,,,,5.65803324719891,0.04507578739810869,0.0,0.0,0.0,0.0,209.0,0.0,0.0,0.0,0.0,0.0,0.5806270241737366,0.005073872080458219
mnist,PU-R,0.0,0.0,210,5,214.0,0.0,516.8,37.68607169764447,730.8,37.68607169764447,0.16387704287189991,0.007947875118388818,0.11009999999999998,0.005474668939762482,,,,,,,,,5.724853378604166,0.045824231209499446,0.0,0.0,0.0,0.0,211.0,0.0,0.0,0.0,0.0,0.0,0.5809090971946717,0.004628970681853475
mnist,PU-R,0.0,0.0,212,5,216.0,0.0,554.4,19.281078807992046,770.4,19.281078807992046,0.17223079196410254,0.004045589198500969,0.1157,0.003762446012901722,,,,,,,,,5.791994238609914,0.04658110994718562,0.0,0.0,0.0,0.0,213.0,0.0,0.0,0.0,0.0,0.0,0.5812011003494263,0.004474035900740472
mnist,PU-R,0.0,0.0,214,5,218.0,0.0,544.2,15.041276541570532,762.2,15.041276541570532,0.17051044579129665,0.003159225465968415,0.11606000000000001,0.0030606535249844777,,,,,,,,,5.860099346004427,0.047510505575046796,0.0,0.0,0.0,0.0,215.0,0.0,0.0,0.0,0.0,0.0,0.5821778655052186,0.005403591408859777
mnist,PU-R,0.0,0.0,216,5,220.0,0.0,550.2,22.127810555949726,770.2,22.127810555949726,0.17218634511809797,0.004643371892662232,0.11683999999999999,0.004605713842608982,,,,,,,,,5.9284785071969965,0.048212315266206236,0.0,0.0,0.0,0.0,217.0,0.0,0.0,0.0,0.0,0.0,0.582401978969574,0.004525330950039431
mnist,PU-R,0.0,0.0,218,5,222.0,0.0,539.4,25.168631269896263,761.4,25.168631269896263,0.17033394797472284,0.005282864033903743,0.11514000000000002,0.004668682897777496,,,,,,,,,5.998023188812658,0.04869508631211136,0.0,0.0,0.0,0.0,219.0,0.0,0.0,0.0,0.0,0.0,0.5813134670257568,0.004216220642023336
mnist,PU-R,0.0,0.0,22,5,26.0,0.0,1588.2,71.70941360797758,1614.2,71.70941360797758,0.34672092316905034,0.014647913427641629,0.31554000000000004,0.01370367104100213,,,,,,,,,0.5628406979958527,0.0014719999183837535,0.0,0.0,0.0,0.0,23.0,0.0,0.0,0.0,0.0,0.0,0.562959623336792,0.0033215428351705796
mnist,PU-R,0.0,0.0,220,5,224.0,0.0,560.4,24.21074141780875,784.4,24.21074141780875,0.1751668440992944,0.005081551281846335,0.11910000000000001,0.005334322824876646,,,,,,,,,6.066706395614892,0.04905969250256652,0.0,0.0,0.0,0.0,221.0,0.0,0.0,0.0,0.0,0.0,0.5829585909843444,0.004533024624015195
mnist,PU-R,0.0,0.0,222,5,226.0,0.0,538.0,15.49516053482506,764.0,15.49516053482506,0.17088849538704382,0.0032541884897722686,0.11438,0.0030353582984550655,,,,,,,,,6.137556982203387,0.0495436195438625,0.0,0.0,0.0,0.0,223.0,0.0,0.0,0.0,0.0,0.0,0.5810823440551758,0.004409906772316761
mnist,PU-R,0.0,0.0,224,5,228.0,0.0,529.2,17.31300089528098,757.2,17.31300089528098,0.16945779455127194,0.003636959064949133,0.1119,0.0037569934788338403,,,,,,,,,6.20744814821519,0.0500846151079894,0.0,0.0,0.0,0.0,225.0,0.0,0.0,0.0,0.0,0.0,0.5827764272689819,0.004699565745488466
mnist,PU-R,0.0,0.0,226,5,230.0,0.0,499.4,23.025203582161872,729.4,23.025203582161872,0.16360357352532445,0.004842756078331972,0.10868000000000003,0.003989410984092767,,,,,,,,,6.278057965799235,0.05064660362388195,0.0,0.0,0.0,0.0,227.0,0.0,0.0,0.0,0.0,0.0,0.5814819812774659,0.0045373804692915186
mnist,PU-R,0.0,0.0,228,5,232.0,0.0,531.0,15.757537878742351,763.0,15.757537878742351,0.17067812636960297,0.003309914554623898,0.11413999999999998,0.0029655690853527612,,,,,,,,,6.34871262840461,0.05141453156058575,0.0,0.0,0.0,0.0,229.0,0.0,0.0,0.0,0.0,0.0,0.5816627025604248,0.004396619607263218
mnist,PU-R,0.0,0.0,230,5,234.0,0.0,549.8,25.38779234198988,783.8,25.38779234198988,0.1750397024792619,0.005328041935574224,0.11857999999999999,0.003998799819945987,,,,,,,,,6.419489834608976,0.051680871825291845,0.0,0.0,0.0,0.0,231.0,0.0,0.0,0.0,0.0,0.0,0.5837560057640075,0.004168664165879255
mnist,PU-R,0.0,0.0,232,5,236.0,0.0,551.0,40.214425272531244,787.0,40.214425272531244,0.17569175553508104,0.008439979094926798,0.11754000000000002,0.006761922803463523,,,,,,,,,6.491481618804391,0.05248782298375723,0.0,0.0,0.0,0.0,233.0,0.0,0.0,0.0,0.0,0.0,0.5835718870162964,0.004881826197103873
mnist,PU-R,0.0,0.0,234,5,238.0,0.0,527.2,25.450736728039917,765.2,25.450736728039917,0.17113202230539173,0.005348468716016585,0.11394,0.003790725524223555,,,,,,,,,6.56416838420555,0.05342100991011946,0.0,0.0,0.0,0.0,235.0,0.0,0.0,0.0,0.0,0.0,0.5816715121269226,0.0043525367502866815
mnist,PU-R,0.0,0.0,236,5,240.0,0.0,533.4,18.634913469077336,773.4,18.634913469077336,0.1728614318766631,0.0039135166891180575,0.11725999999999999,0.003324695474776595,,,,,,,,,6.636406101414468,0.05378218331103712,0.0,0.0,0.0,0.0,237.0,0.0,0.0,0.0,0.0,0.0,0.5828510165214539,0.00422042762311228
mnist,PU-R,0.0,0.0,238,5,242.0,0.0,527.6,28.168422036031764,769.6,28.168422036031764,0.17205355904297903,0.005919800507944667,0.11553999999999998,0.004878790833802982,,,,,,,,,6.709316690801643,0.05443784534382884,0.0,0.0,0.0,0.0,239.0,0.0,0.0,0.0,0.0,0.0,0.5830469608306885,0.00360194922641501
mnist,PU-R,0.0,0.0,24,5,28.0,0.0,1540.8,94.33737329393902,1568.8,94.33737329393902,0.33739950257586315,0.01931916132824744,0.3076,0.01967409464244798,,,,,,,,,0.6090399158070795,0.002326594200343132,0.0,0.0,0.0,0.0,25.0,0.0,0.0,0.0,0.0,0.0,0.5601359963417053,0.006307462415964461
mnist,PU-R,0.0,0.0,240,5,244.0,0.0,512.2,30.40131576099956,756.2,30.40131576099956,0.16923393992474303,0.006393527652156442,0.1129,0.004607059799915766,,,,,,,,,6.7825879626092505,0.05507250164939244,0.0,0.0,0.0,0.0,241.0,0.0,0.0,0.0,0.0,0.0,0.582875669002533,0.004276522311323191
mnist,PU-R,0.0,0.0,242,5,246.0,0.0,509.6,42.90990561630262,755.6,42.90990561630262,0.16908839965471997,0.009019387251940065,0.11317999999999999,0.007899645561669203,,,,,,,,,6.8572533984086474,0.05611370489668588,0.0,0.0,0.0,0.0,243.0,0.0,0.0,0.0,0.0,0.0,0.5832598686218262,0.004188214297514688
mnist,PU-R,0.0,0.0,244,5,248.0,0.0,510.8,38.034720979652256,758.8,38.03472097965226,0.1697701957076788,0.00798802548125294,0.11220000000000001,0.007224057031890031,,,,,,,,,6.931607301998883,0.056856917713028955,0.0,0.0,0.0,0.0,245.0,0.0,0.0,0.0,0.0,0.0,0.5811222910881042,0.003815500828012864
mnist,PU-R,0.0,0.0,246,5,250.0,0.0,502.0,37.825917041097625,752.0,37.825917041097625,0.1683393121114932,0.00796114078693562,0.10994000000000001,0.00647631067815619,,,,,,,,,7.0056740322033875,0.057317992245190234,0.0,0.0,0.0,0.0,247.0,0.0,0.0,0.0,0.0,0.0,0.5798797726631164,0.0037488684335666043
mnist,PU-R,0.0,0.0,248,5,252.0,0.0,485.2,33.543106594351094,737.2,33.543106594351094,0.16523191757733002,0.007063919524618198,0.10728000000000001,0.0060699588136988196,,,,,,,,,7.080493025004398,0.05789712096571154,0.0,0.0,0.0,0.0,249.0,0.0,0.0,0.0,0.0,0.0,0.5791580200195312,0.004170554088296422
mnist,PU-R,0.0,0.0,250,5,254.0,0.0,454.6,37.669085468059876,708.6,37.669085468059876,0.15919965476496145,0.007949609355316823,0.10099999999999998,0.006723912551483685,,,,,,,,,7.156856019794941,0.058513375920789146,0.0,0.0,0.0,0.0,251.0,0.0,0.0,0.0,0.0,0.0,0.5785783410072327,0.004033310918938788
mnist,PU-R,0.0,0.0,252,5,256.0,0.0,487.4,24.358981916328112,743.4,24.358981916328112,0.16654888793127612,0.0051224449352486184,0.10628000000000001,0.0047558805704096575,,,,,,,,,7.233123963605612,0.05908490269316997,0.0,0.0,0.0,0.0,253.0,0.0,0.0,0.0,0.0,0.0,0.580591356754303,0.0040509578303921535
mnist,PU-R,0.0,0.0,254,5,258.0,0.0,477.6,47.76672481969012,735.6,47.76672481969012,0.16486911012325436,0.010059752899537195,0.10570000000000002,0.008331326425005805,,,,,,,,,7.312692041997797,0.059471892478760564,0.0,0.0,0.0,0.0,255.0,0.0,0.0,0.0,0.0,0.0,0.5811108231544495,0.0036538029368165855
mnist,PU-R,0.0,0.0,256,5,260.0,0.0,472.0,42.24452627264271,732.0,42.24452627264271,0.16412255117902533,0.008895523788698095,0.10464000000000002,0.00737981029566478,,,,,,,,,7.390360125398729,0.06031602290469543,0.0,0.0,0.0,0.0,257.0,0.0,0.0,0.0,0.0,0.0,0.5810956954956055,0.004440093387184681
mnist,PU-R,0.0,0.0,258,5,262.0,0.0,442.8,39.964234009924425,704.8,39.964234009924425,0.15839422416174784,0.008434401828439582,0.0988,0.00741161251010872,,,,,,,,,7.469409549201373,0.061480820381100906,0.0,0.0,0.0,0.0,259.0,0.0,0.0,0.0,0.0,0.0,0.581991684436798,0.005109970387688913
mnist,PU-R,0.0,0.0,26,5,30.0,0.0,1590.6,71.54341339354728,1620.6,71.54341339354728,0.3480280843214132,0.014625730867698269,0.31716,0.014988949262706842,,,,,,,,,0.6552553902030922,0.002929267137399726,0.0,0.0,0.0,0.0,27.0,0.0,0.0,0.0,0.0,0.0,0.5659591555595398,0.004075971066558733
mnist,PU-R,0.0,0.0,260,5,264.0,0.0,446.2,40.214922603431674,710.2,40.214922603431674,0.1595320766675286,0.008488082007423164,0.09930000000000001,0.006602423797364124,,,,,,,,,7.547665495611727,0.06206919104842885,0.0,0.0,0.0,0.0,261.0,0.0,0.0,0.0,0.0,0.0,0.5833120703697204,0.00463903219164772
mnist,PU-R,0.0,0.0,262,5,266.0,0.0,439.2,37.749701985578646,705.2,37.74970198557864,0.15848291132133455,0.007964254989581804,0.09726000000000001,0.0058152901905236,,,,,,,,,7.627453929395415,0.06272190599031628,0.0,0.0,0.0,0.0,263.0,0.0,0.0,0.0,0.0,0.0,0.5827787399291993,0.004209088907536239
mnist,PU-R,0.0,0.0,264,5,268.0,0.0,444.2,37.36629497287629,712.2,37.36629497287629,0.15995985574554653,0.007875577353272276,0.09794,0.006238717816987713,,,,,,,,,7.707161181990523,0.06334864700285808,0.0,0.0,0.0,0.0,265.0,0.0,0.0,0.0,0.0,0.0,0.5831015944480896,0.004487783301302878
mnist,PU-R,0.0,0.0,266,5,270.0,0.0,434.4,47.04317166178318,704.4,47.04317166178318,0.15829700051108375,0.009911289443895395,0.09616000000000002,0.008206009992682185,,,,,,,,,7.786869908799417,0.06364838094661403,0.0,0.0,0.0,0.0,267.0,0.0,0.0,0.0,0.0,0.0,0.5820168733596802,0.004006438496154143
mnist,PU-R,0.0,0.0,268,5,272.0,0.0,444.2,51.658881133837966,716.2,51.658881133837966,0.16077576188836246,0.010867412611187056,0.09824,0.009324730559110003,,,,,,,,,7.867431462812237,0.06449955749816683,0.0,0.0,0.0,0.0,269.0,0.0,0.0,0.0,0.0,0.0,0.5840058207511902,0.003146885533995576
mnist,PU-R,0.0,0.0,270,5,274.0,0.0,426.4,44.485503256679024,700.4,44.485503256679024,0.15745941756758838,0.00936710699884637,0.09508000000000001,0.007992458945781324,,,,,,,,,7.947661922406406,0.06455468070605185,0.0,0.0,0.0,0.0,271.0,0.0,0.0,0.0,0.0,0.0,0.5816949844360352,0.004452496259015587
mnist,PU-R,0.0,0.0,272,5,276.0,0.0,412.8,39.34768099901187,688.8,39.347680999011864,0.1550213478389196,0.008292946781271434,0.09245999999999999,0.007473794217129603,,,,,,,,,8.028607455606107,0.06480650323931347,0.0,0.0,0.0,0.0,273.0,0.0,0.0,0.0,0.0,0.0,0.5825970292091369,0.004732949747328716
mnist,PU-R,0.0,0.0,274,5,278.0,0.0,421.8,49.03508947682261,699.8,49.035089476822606,0.15732416453538461,0.010315668784052927,0.09322,0.008364771365674026,,,,,,,,,8.11093834459316,0.06544753494908177,0.0,0.0,0.0,0.0,275.0,0.0,0.0,0.0,0.0,0.0,0.5828409790992737,0.003428967452503082
mnist,PU-R,0.0,0.0,276,5,280.0,0.0,419.0,48.497422611928556,699.0,48.497422611928556,0.15715603483840823,0.010207780654448825,0.09333999999999998,0.008433836612123807,,,,,,,,,8.193505906814243,0.06626937286377535,0.0,0.0,0.0,0.0,277.0,0.0,0.0,0.0,0.0,0.0,0.5818625330924988,0.00428488729259624
mnist,PU-R,0.0,0.0,278,5,282.0,0.0,421.4,47.88172929207966,703.4,47.88172929207966,0.15808532672235742,0.010078274350700493,0.09328,0.007541312883046282,,,,,,,,,8.276629558217246,0.06694029865555731,0.0,0.0,0.0,0.0,279.0,0.0,0.0,0.0,0.0,0.0,0.5822075366973877,0.004911171497576014
mnist,PU-R,0.0,0.0,28,5,32.0,0.0,1585.0,78.67464648792519,1617.0,78.67464648792519,0.3472821084083989,0.016078231925097327,0.31928,0.01733018753504991,,,,,,,,,0.7029112461954355,0.003133930498552097,0.0,0.0,0.0,0.0,29.0,0.0,0.0,0.0,0.0,0.0,0.5643348574638367,0.005320807948208923
mnist,PU-R,0.0,0.0,280,5,284.0,0.0,437.8,42.78247304679803,721.8,42.78247304679803,0.16197575160767883,0.008983865144822746,0.09715999999999998,0.007960628115921506,,,,,,,,,8.360609363391996,0.06775762163714202,0.0,0.0,0.0,0.0,281.0,0.0,0.0,0.0,0.0,0.0,0.5822335720062256,0.004851676144672088
mnist,PU-R,0.0,0.0,282,5,286.0,0.0,438.8,37.24030075066527,724.8,37.24030075066526,0.16261696275323628,0.007821715055317717,0.09992000000000001,0.007209119224981649,,,,,,,,,8.44548634259263,0.06861661985934046,0.0,0.0,0.0,0.0,283.0,0.0,0.0,0.0,0.0,0.0,0.5818719148635865,0.004454585984189193
mnist,PU-R,0.0,0.0,284,5,288.0,0.0,438.0,48.30734933734203,726.0,48.30734933734203,0.16284995306050404,0.010141313788758159,0.099,0.008924404742054224,,,,,,,,,8.531148517597467,0.06914903644456763,0.0,0.0,0.0,0.0,285.0,0.0,0.0,0.0,0.0,0.0,0.5806249260902405,0.003475348389293411
mnist,PU-R,0.0,0.0,286,5,290.0,0.0,423.4,46.45277171493645,713.4,46.45277171493645,0.16019742368953302,0.009768779962483145,0.09674,0.008921916834402795,,,,,,,,,8.617917577992193,0.06984669189804861,0.0,0.0,0.0,0.0,287.0,0.0,0.0,0.0,0.0,0.0,0.5805490612983704,0.003638396438070448
mnist,PU-R,0.0,0.0,288,5,292.0,0.0,414.4,51.086788898892436,706.4,51.086788898892436,0.15871128698345274,0.010748018085836223,0.09370000000000003,0.00891195825843007,,,,,,,,,8.704398318589664,0.0706627312456281,0.0,0.0,0.0,0.0,289.0,0.0,0.0,0.0,0.0,0.0,0.5795912623405457,0.0039184911669477894
mnist,PU-R,0.0,0.0,290,5,294.0,0.0,400.2,51.12474938813881,694.2,51.12474938813882,0.1561381677631289,0.010755133742415634,0.09146000000000001,0.009064855211198899,,,,,,,,,8.791681353200692,0.0715268735743383,0.0,0.0,0.0,0.0,291.0,0.0,0.0,0.0,0.0,0.0,0.5783490896224975,0.004517061695107868
mnist,PU-R,0.0,0.0,292,5,296.0,0.0,401.6,55.41894982765372,697.6,55.41894982765372,0.15684506933903322,0.011659133738572093,0.09209999999999999,0.009566451797819299,,,,,,,,,8.879335366003215,0.07246454569447301,0.0,0.0,0.0,0.0,293.0,0.0,0.0,0.0,0.0,0.0,0.5798082947731018,0.004676295473387003
mnist,PU-R,0.0,0.0,294,5,298.0,0.0,404.6,47.731121922703636,702.6,47.731121922703636,0.15791713796788825,0.010045123776172588,0.09578,0.008284044905720881,,,,,,,,,8.966957053600344,0.07319048674042976,0.0,0.0,0.0,0.0,295.0,0.0,0.0,0.0,0.0,0.0,0.5805799126625061,0.0049326993495979595
mnist,PU-R,0.0,0.0,296,5,300.0,0.0,385.6,44.68959610468637,685.6,44.68959610468637,0.1543361588846892,0.009411750361166767,0.09105999999999999,0.007541127236693471,,,,,,,,,9.056199809978716,0.07404988992786814,0.0,0.0,0.0,0.0,297.0,0.0,0.0,0.0,0.0,0.0,0.5787765860557557,0.004326170960777307
mnist,PU-R,0.0,0.0,298,5,302.0,0.0,367.8,38.64893271488877,669.8,38.64893271488877,0.15101032344391568,0.008150497550799777,0.08820000000000001,0.006065311203887225,,,,,,,,,9.145912346011027,0.07436535377400859,0.0,0.0,0.0,0.0,299.0,0.0,0.0,0.0,0.0,0.0,0.5775596261024475,0.004511867284975104
mnist,PU-R,0.0,0.0,30,5,34.0,0.0,1535.8,58.15187013329839,1569.8,58.15187013329839,0.33766147344140335,0.011909153768543922,0.30988,0.015980187733565583,,,,,,,,,0.7497763633960858,0.002734042140817834,0.0,0.0,0.0,0.0,31.0,0.0,0.0,0.0,0.0,0.0,0.5630772948265076,0.007647240821429081
mnist,PU-R,0.0,0.0,300,5,304.0,0.0,383.2,39.1400051098617,687.2,39.1400051098617,0.15468454003566875,0.00824389190847031,0.08972,0.0068631916773466296,,,,,,,,,9.236617314594332,0.07505892352308043,0.0,0.0,0.0,0.0,301.0,0.0,0.0,0.0,0.0,0.0,0.5781754374504089,0.004287961129407756
mnist,PU-R,0.0,0.0,302,5,306.0,0.0,373.8,37.00999864901375,679.8,37.00999864901375,0.15312604766804724,0.007796727512417115,0.08919999999999999,0.006491455922980617,,,,,,,,,9.327487887209282,0.07532870415649671,0.0,0.0,0.0,0.0,303.0,0.0,0.0,0.0,0.0,0.0,0.5783780097961426,0.003782234929450389
mnist,PU-R,0.0,0.0,304,5,308.0,0.0,354.0,20.554804791094465,662.0,20.554804791094465,0.14938745498657227,0.004342492234183307,0.08656,0.003918494608902755,,,,,,,,,9.420956399012358,0.07610599984993298,0.0,0.0,0.0,0.0,305.0,0.0,0.0,0.0,0.0,0.0,0.5800823450088501,0.004425286596475214
mnist,PU-R,0.0,0.0,306,5,310.0,0.0,373.0,39.70012594438461,683.0,39.70012594438461,0.15379705701489002,0.008361021341771533,0.08978,0.007412921151610868,,,,,,,,,9.514869201602414,0.07635402324739762,0.0,0.0,0.0,0.0,307.0,0.0,0.0,0.0,0.0,0.0,0.5799404263496399,0.0037053799892010487
mnist,PU-R,0.0,0.0,308,5,312.0,0.0,342.6,35.361843843329204,654.6,35.361843843329204,0.14780354693066328,0.007456568614115305,0.08408000000000002,0.005717114656887684,,,,,,,,,9.609691200207454,0.07721228640652389,0.0,0.0,0.0,0.0,309.0,0.0,0.0,0.0,0.0,0.0,0.577616286277771,0.003646917777387906
mnist,PU-R,0.0,0.0,310,5,314.0,0.0,332.4,22.52465316048174,646.4,22.52465316048174,0.1460866615641862,0.004759273988755196,0.08239999999999999,0.003923901120058972,,,,,,,,,9.7046478491975,0.07783035567338034,0.0,0.0,0.0,0.0,311.0,0.0,0.0,0.0,0.0,0.0,0.5775241494178772,0.0034758878843474247
mnist,PU-R,0.0,0.0,312,5,316.0,0.0,319.0,19.78635893740938,635.0,19.78635893740938,0.1436769199790433,0.004183888607314344,0.07994000000000001,0.0034960835230297407,,,,,,,,,9.801126406202092,0.07846386357092205,0.0,0.0,0.0,0.0,313.0,0.0,0.0,0.0,0.0,0.0,0.5779636383056641,0.0032307039134304412
mnist,PU-R,0.0,0.0,314,5,318.0,0.0,331.2,21.98499488287409,649.2,21.98499488287409,0.14667964879190548,0.004643668455137557,0.07996000000000003,0.004117717814518136,,,,,,,,,9.898006862401962,0.07916631252549922,0.0,0.0,0.0,0.0,315.0,0.0,0.0,0.0,0.0,0.0,0.5774940371513366,0.00332879584731137
mnist,PU-R,0.0,0.0,316,5,320.0,0.0,326.2,22.762688769123912,646.2,22.762688769123912,0.14604415645590052,0.004808212610429473,0.08113999999999999,0.003849233689970001,,,,,,,,,9.99496976240771,0.07965674046848013,0.0,0.0,0.0,0.0,317.0,0.0,0.0,0.0,0.0,0.0,0.5765436172485352,0.00351072628256955
mnist,PU-R,0.0,0.0,318,5,322.0,0.0,323.2,25.241632276855626,645.2,25.241632276855633,0.1458296630415134,0.005330872652829458,0.08102000000000001,0.004433779426178087,,,,,,,,,10.093873258819803,0.0803928461993201,0.0,0.0,0.0,0.0,319.0,0.0,0.0,0.0,0.0,0.0,0.5771705389022828,0.003541006429935698
mnist,PU-R,0.0,0.0,32,5,36.0,0.0,1511.6,46.9899989359438,1547.6,46.9899989359438,0.3331320416764356,0.009622583726135782,0.30456,0.012577503726892713,,,,,,,,,0.7970161954057403,0.0032606947609208283,0.0,0.0,0.0,0.0,33.0,0.0,0.0,0.0,0.0,0.0,0.5624678134918213,0.007774194798346578
mnist,PU-R,0.0,0.0,320,5,324.0,0.0,317.2,22.244999438075965,641.2,22.244999438075965,0.14498669626191257,0.004700915746335547,0.08078,0.004180478441518392,,,,,,,,,10.19333491580328,0.08139102114370991,0.0,0.0,0.0,0.0,321.0,0.0,0.0,0.0,0.0,0.0,0.5768000483512878,0.0032125593539235582
mnist,PU-R,0.0,0.0,322,5,326.0,0.0,318.0,29.9833287011299,644.0,29.9833287011299,0.14556950888363646,0.00632814561619179,0.08108,0.00531887206087906,,,,,,,,,10.293726377794519,0.08243680342606374,0.0,0.0,0.0,0.0,323.0,0.0,0.0,0.0,0.0,0.0,0.5760829448699951,0.0034225017453609146
mnist,PU-R,0.0,0.0,324,5,328.0,0.0,309.6,28.77429408343496,637.6,28.77429408343496,0.14421651380835102,0.006077520901837507,0.07970000000000002,0.0050370626361005335,,,,,,,,,10.394459144200663,0.08346141427362377,0.0,0.0,0.0,0.0,325.0,0.0,0.0,0.0,0.0,0.0,0.5773245096206665,0.003900161445874033
mnist,PU-R,0.0,0.0,326,5,330.0,0.0,332.0,40.50555517456834,662.0,40.50555517456834,0.14935893318615853,0.008537592049239498,0.08388,0.0073368521860536235,,,,,,,,,10.494754467613529,0.08369136464048695,0.0,0.0,0.0,0.0,327.0,0.0,0.0,0.0,0.0,0.0,0.5787741303443908,0.003236662837713199
mnist,PU-R,0.0,0.0,328,5,332.0,0.0,325.4,42.35162334551061,657.4,42.35162334551061,0.14838245606515557,0.008930543930126033,0.08285999999999998,0.008251278688785162,,,,,,,,,10.597357894992456,0.08472649527480573,0.0,0.0,0.0,0.0,329.0,0.0,0.0,0.0,0.0,0.0,0.5781969547271728,0.003413351383368143
mnist,PU-R,0.0,0.0,330,5,334.0,0.0,327.0,42.80537349445744,661.0,42.80537349445744,0.1491434116149321,0.009018165129045404,0.08252000000000001,0.008291706700070853,,,,,,,,,10.70047398020979,0.0854203402174661,0.0,0.0,0.0,0.0,331.0,0.0,0.0,0.0,0.0,0.0,0.5785995483398437,0.003453930345797471
mnist,PU-R,0.0,0.0,332,5,336.0,0.0,335.8,51.79710416615971,671.8,51.79710416615971,0.15140689380932598,0.010901856116146628,0.08404,0.010309636269044612,,,,,,,,,10.804727198404725,0.08629726732627874,0.0,0.0,0.0,0.0,333.0,0.0,0.0,0.0,0.0,0.0,0.5790855407714843,0.0026229950206420054
mnist,PU-R,0.0,0.0,334,5,338.0,0.0,325.2,57.516432434566035,663.2,57.516432434566035,0.1495754021103494,0.012103482329754358,0.08211999999999997,0.011781273275839069,,,,,,,,,10.910141369397753,0.08726206271389779,0.0,0.0,0.0,0.0,335.0,0.0,0.0,0.0,0.0,0.0,0.5784358263015748,0.0023536826285274785
mnist,PU-R,0.0,0.0,336,5,340.0,0.0,300.0,51.016663944244726,640.0,51.016663944244726,0.1446818930329755,0.01075756942073473,0.07727999999999999,0.01022092950763286,,,,,,,,,11.01620153579861,0.08829573174911837,0.0,0.0,0.0,0.0,337.0,0.0,0.0,0.0,0.0,0.0,0.5780847072601318,0.002963639510149573
mnist,PU-R,0.0,0.0,338,5,342.0,0.0,313.0,44.62286409454238,655.0,44.62286409454238,0.14786925922380761,0.009418199176581736,0.07819999999999998,0.00833390664694536,,,,,,,,,11.124152427201626,0.08921967640254859,0.0,0.0,0.0,0.0,339.0,0.0,0.0,0.0,0.0,0.0,0.5793228864669799,0.004012766429776019
mnist,PU-R,0.0,0.0,34,5,38.0,0.0,1518.2,56.91168597045777,1556.2,56.91168597045777,0.33488210045034067,0.011624349163772493,0.30648,0.013779782291458749,,,,,,,,,0.8438326791976578,0.0037340751847107657,0.0,0.0,0.0,0.0,35.0,0.0,0.0,0.0,0.0,0.0,0.566124677658081,0.004783066330820398
mnist,PU-R,0.0,0.0,340,5,344.0,0.0,301.4,47.926610562400505,645.4,47.926610562400505,0.1458318788325414,0.010108241363243913,0.07724,0.008612119367496014,,,,,,,,,11.230765647208319,0.08941335197695946,0.0,0.0,0.0,0.0,341.0,0.0,0.0,0.0,0.0,0.0,0.5783513426780701,0.0034673046178923476
mnist,PU-R,0.0,0.0,342,5,346.0,0.0,304.6,53.23401168426065,650.6,53.23401168426065,0.14692010584985837,0.01121810448800292,0.07822000000000003,0.009929974823734446,,,,,,,,,11.338147700193804,0.08948206871920074,0.0,0.0,0.0,0.0,343.0,0.0,0.0,0.0,0.0,0.0,0.5794080376625061,0.003257806668979658
mnist,PU-R,0.0,0.0,344,5,348.0,0.0,301.6,48.88414876010423,649.6,48.88414876010423,0.14671798904892058,0.010311779853181867,0.07752,0.008920952863904166,,,,,,,,,11.445613116398453,0.0897900751366488,0.0,0.0,0.0,0.0,345.0,0.0,0.0,0.0,0.0,0.0,0.578834068775177,0.0032169371136964225
mnist,PU-R,0.0,0.0,346,5,350.0,0.0,303.8,45.06151351208701,653.8,45.06151351208701,0.1476150095462799,0.009506193243267696,0.07636000000000001,0.007924935330966427,,,,,,,,,11.554935188393575,0.09034780010351529,0.0,0.0,0.0,0.0,347.0,0.0,0.0,0.0,0.0,0.0,0.5779274821281433,0.003565825049065847
mnist,PU-R,0.0,0.0,348,5,352.0,0.0,298.4,45.453932723142884,650.4,45.453932723142884,0.14689521957188845,0.009587475680124476,0.07602,0.008133351092876797,,,,,,,,,11.663997123809532,0.09058304620047491,0.0,0.0,0.0,0.0,349.0,0.0,0.0,0.0,0.0,0.0,0.5777992486953736,0.0035963001314656363
mnist,PU-R,0.0,0.0,350,5,354.0,0.0,294.0,45.456572682066565,648.0,45.456572682066565,0.14638806332368404,0.009583235141481832,0.07683999999999999,0.008826811428822984,,,,,,,,,11.77605852758279,0.09109301874043434,0.0,0.0,0.0,0.0,351.0,0.0,0.0,0.0,0.0,0.0,0.5773216366767884,0.003833800257408313
mnist,PU-R,0.0,0.0,352,5,356.0,0.0,300.2,46.548254532259314,656.2,46.54825453225931,0.14812068460742012,0.009806789737675974,0.07718,0.009698938086203045,,,,,,,,,11.887365952203982,0.09179006471413147,0.0,0.0,0.0,0.0,353.0,0.0,0.0,0.0,0.0,0.0,0.5773322105407714,0.003643203668879717
mnist,PU-R,0.0,0.0,354,5,358.0,0.0,276.4,31.753110083895717,634.4,31.753110083895717,0.14353462264407427,0.006705581417850742,0.0733,0.006282754173131411,,,,,,,,,12.001250598405022,0.0927119514585914,0.0,0.0,0.0,0.0,355.0,0.0,0.0,0.0,0.0,0.0,0.5769174098968506,0.0037566458449667254
mnist,PU-R,0.0,0.0,356,5,360.0,0.0,286.6,51.340627187442884,646.6,51.340627187442884,0.14607882077107207,0.010817765681755385,0.07675999999999998,0.010326160951679968,,,,,,,,,12.114330833987333,0.09314710066279717,0.0,0.0,0.0,0.0,357.0,0.0,0.0,0.0,0.0,0.0,0.5776986241340637,0.0032788689539220268
mnist,PU-R,0.0,0.0,358,5,362.0,0.0,298.6,50.43966692990746,660.6,50.43966692990746,0.1490415036561899,0.010630635041097687,0.07802,0.010322422196364579,,,,,,,,,12.227464093407615,0.093333116636458,0.0,0.0,0.0,0.0,359.0,0.0,0.0,0.0,0.0,0.0,0.5770439267158508,0.0034187564343716014
mnist,PU-R,0.0,0.0,36,5,40.0,0.0,1520.8,51.6617847155903,1560.8,51.6617847155903,0.33582871400285513,0.010558328178248,0.31085999999999997,0.01051325829607548,,,,,,,,,0.8914840893936343,0.0042964582475300845,0.0,0.0,0.0,0.0,37.0,0.0,0.0,0.0,0.0,0.0,0.564779806137085,0.005922492432975501
mnist,PU-R,0.0,0.0,360,5,364.0,0.0,299.2,56.07708979610123,663.2,56.07708979610123,0.14957793430658056,0.011809945312587049,0.07882000000000003,0.010999109054828024,,,,,,,,,12.342027384194079,0.0935792010074242,0.0,0.0,0.0,0.0,361.0,0.0,0.0,0.0,0.0,0.0,0.5777964353561401,0.0032819154415224495
mnist,PU-R,0.0,0.0,362,5,366.0,0.0,301.2,58.48965720535554,667.2,58.48965720535554,0.15041806638473645,0.012309168709122143,0.07952000000000001,0.011610271314659274,,,,,,,,,12.457735952804796,0.09387450936413659,0.0,0.0,0.0,0.0,363.0,0.0,0.0,0.0,0.0,0.0,0.5771009802818299,0.0029264637599598227
mnist,PU-R,0.0,0.0,364,5,368.0,0.0,297.6,55.703321265432635,665.6,55.703321265432635,0.15008588221389801,0.011733551122677951,0.07872000000000001,0.011094971834123791,,,,,,,,,12.57415886700619,0.09432605252559888,0.0,0.0,0.0,0.0,365.0,0.0,0.0,0.0,0.0,0.0,0.5773853421211242,0.003572868406675054
mnist,PU-R,0.0,0.0,366,5,370.0,0.0,292.0,54.65528336766721,662.0,54.65528336766721,0.14932747442508115,0.011514425159941187,0.07786000000000001,0.01046936483269162,,,,,,,,,12.691619270993396,0.09502928297592615,0.0,0.0,0.0,0.0,367.0,0.0,0.0,0.0,0.0,0.0,0.5761943221092224,0.0033748129731619126
mnist,PU-R,0.0,0.0,368,5,372.0,0.0,283.6,54.83119550037186,655.6,54.83119550037186,0.14797373642213643,0.011552624253086738,0.07678,0.010873610256028132,,,,,,,,,12.808778580604121,0.09532820086035364,0.0,0.0,0.0,0.0,369.0,0.0,0.0,0.0,0.0,0.0,0.5766321420669556,0.0033459192304478944
mnist,PU-R,0.0,0.0,370,5,374.0,0.0,266.4,51.34452259004849,640.4,51.34452259004849,0.1447659098310396,0.010825397054742905,0.07372000000000001,0.009965259655422932,,,,,,,,,12.92772625219077,0.09557635756994148,0.0,0.0,0.0,0.0,371.0,0.0,0.0,0.0,0.0,0.0,0.5758337140083313,0.003643299928342846
mnist,PU-R,0.0,0.0,372,5,376.0,0.0,271.0,51.47912198163446,647.0,51.47912198163446,0.1461625968106091,0.01085098794669397,0.0749,0.009496788931001882,,,,,,,,,13.046021388610825,0.09588350791496776,0.0,0.0,0.0,0.0,373.0,0.0,0.0,0.0,0.0,0.0,0.5759914636611938,0.004013416786886376
mnist,PU-R,0.0,0.0,374,5,378.0,0.0,253.0,50.04497976820452,631.0,50.04497976820452,0.14277797761606054,0.010559161665452186,0.07154,0.0086024763876456,,,,,,,,,13.166034467611462,0.09666467248135684,0.0,0.0,0.0,0.0,375.0,0.0,0.0,0.0,0.0,0.0,0.5755063056945801,0.0043568636357525815
mnist,PU-R,0.0,0.0,376,5,380.0,0.0,233.8,34.75399257639329,613.8,34.75399257639329,0.1391644095419906,0.007349211171606485,0.06962000000000002,0.006407370755622004,,,,,,,,,13.28658036920242,0.09741795857883377,0.0,0.0,0.0,0.0,377.0,0.0,0.0,0.0,0.0,0.0,0.5760418176651001,0.004681960954864554
mnist,PU-R,0.0,0.0,378,5,382.0,0.0,253.8,48.21763162993388,635.8,48.217631629933884,0.14379907692782581,0.010171706913240923,0.07216,0.008694630526940186,,,,,,,,,13.40934425960295,0.09809774676105505,0.0,0.0,0.0,0.0,379.0,0.0,0.0,0.0,0.0,0.0,0.5761498808860779,0.0044778343860584656
mnist,PU-R,0.0,0.0,38,5,42.0,0.0,1612.0,76.97142326863913,1654.0,76.97142326863913,0.35484093890991064,0.01571187924840393,0.32626,0.01188434264063436,,,,,,,,,0.9384070058003999,0.00498402326065469,0.0,0.0,0.0,0.0,39.0,0.0,0.0,0.0,0.0,0.0,0.5730180263519287,0.006914069678915839
mnist,PU-R,0.0,0.0,380,5,384.0,0.0,250.8,50.46523555874876,634.8,50.46523555874876,0.14358201016439126,0.010644681145461651,0.07133999999999999,0.009231067110578287,,,,,,,,,13.533164742402732,0.09845172959789929,0.0,0.0,0.0,0.0,381.0,0.0,0.0,0.0,0.0,0.0,0.5762467622756958,0.004314845279062582
mnist,PU-R,0.0,0.0,382,5,386.0,0.0,251.6,54.90045537151764,637.6,54.900455371517644,0.14416393633000552,0.011575402722445956,0.07120000000000001,0.009917308102504439,,,,,,,,,13.659947174601257,0.09856713023254438,0.0,0.0,0.0,0.0,383.0,0.0,0.0,0.0,0.0,0.0,0.5747594952583313,0.0041017700122511136
mnist,PU-R,0.0,0.0,384,5,388.0,0.0,244.8,51.508640051936915,632.8,51.508640051936915,0.14315565366996452,0.010866530553275253,0.07005999999999998,0.009532502294780748,,,,,,,,,13.784803302004002,0.09841324918826842,0.0,0.0,0.0,0.0,385.0,0.0,0.0,0.0,0.0,0.0,0.5742938756942749,0.0038636194609311773
mnist,PU-R,0.0,0.0,386,5,390.0,0.0,258.4,61.14294726295094,648.4,61.14294726295094,0.14643288471270352,0.012885326655549407,0.07374,0.011628611267043024,,,,,,,,,13.910495011194143,0.09912199358081998,0.0,0.0,0.0,0.0,387.0,0.0,0.0,0.0,0.0,0.0,0.5767817854881286,0.004068724491295695
mnist,PU-R,0.0,0.0,388,5,392.0,0.0,244.8,51.86655955430242,636.8,51.86655955430242,0.14400202318793162,0.010939419144661849,0.07046000000000001,0.00961585149635745,,,,,,,,,14.037870054598898,0.10020346236326869,0.0,0.0,0.0,0.0,389.0,0.0,0.0,0.0,0.0,0.0,0.5756880164146423,0.003974489888413768
mnist,PU-R,0.0,0.0,390,5,394.0,0.0,223.8,29.205136534520772,617.8,29.205136534520772,0.14002143149264157,0.006178169635553649,0.0665,0.0050056967546986,,,,,,,,,14.164646401791833,0.10092300697328768,0.0,0.0,0.0,0.0,391.0,0.0,0.0,0.0,0.0,0.0,0.5762498259544373,0.004329349934150169
mnist,PU-R,0.0,0.0,392,5,396.0,0.0,218.2,29.39625826529628,614.2,29.39625826529628,0.13925813644891605,0.006217691883835905,0.06558000000000001,0.004730581359621672,,,,,,,,,14.292457736004144,0.10143837858161867,0.0,0.0,0.0,0.0,393.0,0.0,0.0,0.0,0.0,0.0,0.5769842147827149,0.0042683356110227695
mnist,PU-R,0.0,0.0,394,5,398.0,0.0,221.8,28.223040233114506,619.8,28.223040233114503,0.1404469085042365,0.005968551031463542,0.06470000000000001,0.0045992390674980095,,,,,,,,,14.420638797199354,0.10147585357471112,0.0,0.0,0.0,0.0,395.0,0.0,0.0,0.0,0.0,0.0,0.5773801922798156,0.003854485023748109
mnist,PU-R,0.0,0.0,396,5,400.0,0.0,211.2,25.120509548972127,611.2,25.12050954897213,0.13862788483966143,0.005319159798603493,0.0631,0.004588354824989011,,,,,,,,,14.549703209393192,0.10204785551806554,0.0,0.0,0.0,0.0,397.0,0.0,0.0,0.0,0.0,0.0,0.5779414892196655,0.002435332220301025
mnist,PU-R,0.0,0.0,398,5,402.0,0.0,210.8,29.945617375502547,612.8,29.945617375502547,0.1389600076712668,0.0063398016391090955,0.06394,0.004549791204000481,,,,,,,,,14.680630553595256,0.10260099708181887,0.0,0.0,0.0,0.0,399.0,0.0,0.0,0.0,0.0,0.0,0.5769222617149353,0.002750842036493212
mnist,PU-R,0.0,0.0,4,5,8.0,0.0,1959.6,67.86943347339802,1967.6,67.86943347339802,0.4186310252873227,0.0137670349550863,0.38693999999999995,0.016679826138182613,,,,,,,,,0.1283314328058623,0.0012232957370360985,0.0,0.0,0.0,0.0,5.0,0.0,0.0,0.0,0.0,0.0,0.5872988700866699,0.014780817188776624
mnist,PU-R,0.0,0.0,40,5,44.0,0.0,1571.2,99.17126599978442,1615.2,99.17126599978442,0.34687654587905853,0.020283457751314835,0.32127999999999995,0.018757275921625734,,,,,,,,,0.986266802600585,0.0051342815670604725,0.0,0.0,0.0,0.0,41.0,0.0,0.0,0.0,0.0,0.0,0.5721702694892883,0.004163818921119674
mnist,PU-R,0.0,0.0,400,5,404.0,0.0,207.8,33.29023880959702,611.8,33.29023880959702,0.13874275175621734,0.007042553232517846,0.06215999999999999,0.004916157035734308,,,,,,,,,14.812830608000514,0.10321811033407033,0.0,0.0,0.0,0.0,401.0,0.0,0.0,0.0,0.0,0.0,0.5760497450828552,0.003166615040701503
mnist,PU-R,0.0,0.0,402,5,406.0,0.0,206.0,34.108649929306786,612.0,34.108649929306786,0.13878377213841303,0.007214784137409133,0.06372,0.005208589060388632,,,,,,,,,14.945641987398266,0.10371507424094571,0.0,0.0,0.0,0.0,403.0,0.0,0.0,0.0,0.0,0.0,0.5754769206047058,0.003857559912283546
mnist,PU-R,0.0,0.0,404,5,408.0,0.0,213.0,34.26076473168688,621.0,34.26076473168688,0.14069136993493886,0.00724458604713095,0.06498,0.005278105720805513,,,,,,,,,15.079837098205463,0.10397944841531868,0.0,0.0,0.0,0.0,405.0,0.0,0.0,0.0,0.0,0.0,0.5757026910781861,0.004217467640401739
mnist,PU-R,0.0,0.0,406,5,410.0,0.0,213.0,29.760712357065646,623.0,29.760712357065646,0.14112238723319023,0.006296688900945336,0.06587999999999998,0.004753777445358586,,,,,,,,,15.214775304985233,0.10444386639396887,0.0,0.0,0.0,0.0,407.0,0.0,0.0,0.0,0.0,0.0,0.5769478797912597,0.004413837893312363
mnist,PU-R,0.0,0.0,408,5,412.0,0.0,208.6,29.687707894008923,620.6,29.687707894008923,0.14061409193091096,0.006279778502983932,0.06394,0.004840619795026242,,,,,,,,,15.350796856393572,0.10456556515643856,0.0,0.0,0.0,0.0,409.0,0.0,0.0,0.0,0.0,0.0,0.5763425350189209,0.004133303656890358
mnist,PU-R,0.0,0.0,410,5,414.0,0.0,200.4,25.568730903195014,614.4,25.568730903195018,0.13930583714973183,0.005411827819861292,0.06299999999999999,0.00376204731496031,,,,,,,,,15.488147068198305,0.10477834808194042,0.0,0.0,0.0,0.0,411.0,0.0,0.0,0.0,0.0,0.0,0.5776862144470215,0.0029996475219493572
mnist,PU-R,0.0,0.0,412,5,416.0,0.0,202.0,29.951627668625957,618.0,29.951627668625957,0.14006249081576244,0.00633809314157681,0.06414,0.0047356731306119485,,,,,,,,,15.624990588007496,0.10504901485446799,0.0,0.0,0.0,0.0,413.0,0.0,0.0,0.0,0.0,0.0,0.5761831283569336,0.004041962377156519
mnist,PU-R,0.0,0.0,414,5,418.0,0.0,199.6,31.75940805493704,617.6,31.75940805493704,0.1399750289740041,0.0067172320555616595,0.06318000000000001,0.004909215823326574,,,,,,,,,15.761809476197232,0.10487993162602681,0.0,0.0,0.0,0.0,415.0,0.0,0.0,0.0,0.0,0.0,0.5745239138603211,0.004215902377190969
mnist,PU-R,0.0,0.0,416,5,420.0,0.0,201.4,33.195782864695325,621.4,33.195782864695325,0.14077812248142435,0.007018027267853581,0.06428,0.00541233775738358,,,,,,,,,15.897548119002021,0.10516150033242687,0.0,0.0,0.0,0.0,417.0,0.0,0.0,0.0,0.0,0.0,0.5758049130439759,0.004224885610621038
mnist,PU-R,0.0,0.0,418,5,422.0,0.0,200.8,32.64107841355735,622.8,32.64107841355735,0.14107568244216964,0.006901101843224746,0.06429999999999998,0.005074938423271752,,,,,,,,,16.035356404993216,0.10513094460396477,0.0,0.0,0.0,0.0,419.0,0.0,0.0,0.0,0.0,0.0,0.5763260006904602,0.004077239368136625
mnist,PU-R,0.0,0.0,42,5,46.0,0.0,1481.0,86.32670502225832,1527.0,86.32670502225832,0.32886038686847313,0.01767867553585984,0.30254,0.015683386113974247,,,,,,,,,1.0346064905868844,0.005322725563835085,0.0,0.0,0.0,0.0,43.0,0.0,0.0,0.0,0.0,0.0,0.569051992893219,0.003788745896792884
mnist,PU-R,0.0,0.0,420,5,424.0,0.0,192.6,30.454227949498243,616.6,30.454227949498243,0.1397649133228697,0.006444959119063187,0.06264,0.004406880983189803,,,,,,,,,16.17225510820281,0.10501607203043058,0.0,0.0,0.0,0.0,421.0,0.0,0.0,0.0,0.0,0.0,0.5749897360801697,0.0037779699125025934
mnist,PU-R,0.0,0.0,422,5,426.0,0.0,195.0,36.07907981088209,621.0,36.07907981088209,0.14068834141362457,0.007625652813329456,0.06314000000000002,0.00543724194789967,,,,,,,,,16.311001827404834,0.10515121056951057,0.0,0.0,0.0,0.0,423.0,0.0,0.0,0.0,0.0,0.0,0.5744938731193543,0.0039082716718928665
mnist,PU-R,0.0,0.0,424,5,428.0,0.0,193.2,37.296648643008126,621.2,37.296648643008126,0.14072838363936171,0.007883189500462278,0.06347999999999998,0.005857849434732865,,,,,,,,,16.4498282872024,0.10505760432937268,0.0,0.0,0.0,0.0,425.0,0.0,0.0,0.0,0.0,0.0,0.574533474445343,0.004130052581627309
mnist,PU-R,0.0,0.0,426,5,430.0,0.0,200.6,36.72819080760717,630.6,36.72819080760717,0.14272109405137598,0.007759256541061133,0.06489999999999996,0.005570547549388662,,,,,,,,,16.59179443840403,0.10545776860201554,0.0,0.0,0.0,0.0,427.0,0.0,0.0,0.0,0.0,0.0,0.5753956437110901,0.00458510574908786
mnist,PU-R,0.0,0.0,428,5,432.0,0.0,174.6,22.699339197430394,606.6,22.699339197430394,0.1376553858513944,0.004809328791362734,0.06019999999999999,0.003290440699967108,,,,,,,,,16.735881637805143,0.1062269139174318,0.0,0.0,0.0,0.0,429.0,0.0,0.0,0.0,0.0,0.0,0.5749243259429931,0.0035725738664573637
mnist,PU-R,0.0,0.0,430,5,434.0,0.0,180.0,22.691408065609327,614.0,22.691408065609327,0.139224538335111,0.004806525215165194,0.06039999999999999,0.003452535300326412,,,,,,,,,16.8787502798019,0.10631619099035704,0.0,0.0,0.0,0.0,431.0,0.0,0.0,0.0,0.0,0.0,0.5744861721992492,0.003327597645266756
mnist,PU-R,0.0,0.0,432,5,436.0,0.0,173.2,20.259318843435974,609.2,20.259318843435974,0.1382097551599145,0.004290355351728197,0.059840000000000004,0.0030811686094727236,,,,,,,,,17.022152327606456,0.10661777102872272,0.0,0.0,0.0,0.0,433.0,0.0,0.0,0.0,0.0,0.0,0.5739418029785156,0.0035889006963060427
mnist,PU-R,0.0,0.0,434,5,438.0,0.0,172.8,17.570998833304838,610.8,17.570998833304838,0.1385516375536099,0.0037240071895000533,0.0593,0.002939047464740919,,,,,,,,,17.166246147605126,0.10635421168196212,0.0,0.0,0.0,0.0,435.0,0.0,0.0,0.0,0.0,0.0,0.5746394515037536,0.0036551423270006957
mnist,PU-R,0.0,0.0,436,5,440.0,0.0,172.0,18.5310550158376,612.0,18.5310550158376,0.13880500907544047,0.003929342194899347,0.06105999999999998,0.0031419102469676012,,,,,,,,,17.310720138985197,0.10658620232969544,0.0,0.0,0.0,0.0,437.0,0.0,0.0,0.0,0.0,0.0,0.5747888088226318,0.004023654114073354
mnist,PU-R,0.0,0.0,438,5,442.0,0.0,174.4,15.487414245121746,616.4,15.487414245121746,0.1397407313808799,0.003280686578022029,0.06280000000000001,0.002398541223327205,,,,,,,,,17.456424245401287,0.1068607835507852,0.0,0.0,0.0,0.0,439.0,0.0,0.0,0.0,0.0,0.0,0.5743046164512634,0.003674171165944493
mnist,PU-R,0.0,0.0,44,5,48.0,0.0,1380.0,63.99296836371946,1428.0,63.99296836371946,0.30859805454965683,0.01313710112243836,0.28058000000000005,0.010346564647263362,,,,,,,,,1.0814912711968645,0.005570662251026944,0.0,0.0,0.0,0.0,45.0,0.0,0.0,0.0,0.0,0.0,0.5662283062934875,0.002928068542986358
mnist,PU-R,0.0,0.0,440,5,444.0,0.0,186.2,15.599358961188118,630.2,15.599358961188114,0.14266424451489002,0.0033037612926758034,0.06480000000000001,0.0023278745670675598,,,,,,,,,17.60298532419838,0.10716799501723615,0.0,0.0,0.0,0.0,441.0,0.0,0.0,0.0,0.0,0.0,0.5760936498641968,0.0037889837353244577
mnist,PU-R,0.0,0.0,442,5,446.0,0.0,176.0,18.512158166999328,622.0,18.512158166999328,0.14092468618182466,0.003920489038757726,0.06250000000000003,0.0028170906978654494,,,,,,,,,17.75012739659287,0.10701638772213454,0.0,0.0,0.0,0.0,443.0,0.0,0.0,0.0,0.0,0.0,0.574873149394989,0.0033820033800039608
mnist,PU-R,0.0,0.0,444,5,448.0,0.0,171.2,17.805617091243988,619.2,17.805617091243988,0.14033205209998414,0.003771474880235878,0.06182000000000001,0.0030586598372489837,,,,,,,,,17.897541564598214,0.1070144342177234,0.0,0.0,0.0,0.0,445.0,0.0,0.0,0.0,0.0,0.0,0.5747973918914795,0.003871484085114857
mnist,PU-R,0.0,0.0,446,5,450.0,0.0,175.6,23.934493936576136,625.6,23.93449393657614,0.14168128361925483,0.005066776755327711,0.06129999999999998,0.003774652301868358,,,,,,,,,18.048521056398748,0.10729752289800396,0.0,0.0,0.0,0.0,447.0,0.0,0.0,0.0,0.0,0.0,0.5751258492469787,0.004233565337389313
mnist,PU-R,0.0,0.0,448,5,452.0,0.0,176.2,24.630062931304092,628.2,24.630062931304092,0.1422311753500253,0.005212705661264252,0.06133999999999999,0.003549309792058165,,,,,,,,,18.19871231400175,0.10732360225264881,0.0,0.0,0.0,0.0,449.0,0.0,0.0,0.0,0.0,0.0,0.5754007697105408,0.004457386843626565
mnist,PU-R,0.0,0.0,450,5,454.0,0.0,175.8,17.53111519556015,629.8,17.53111519556015,0.14257782573113217,0.003712822090736837,0.06164000000000001,0.002603574465998612,,,,,,,,,18.350060160201974,0.10699431743518162,0.0,0.0,0.0,0.0,451.0,0.0,0.0,0.0,0.0,0.0,0.5753329396247864,0.003938958903021961
mnist,PU-R,0.0,0.0,452,5,456.0,0.0,171.2,16.877203559831823,627.2,16.877203559831823,0.14202773502329363,0.0035755796641074324,0.061019999999999984,0.002257963684384672,,,,,,,,,18.50501553140348,0.10719422154644981,0.0,0.0,0.0,0.0,453.0,0.0,0.0,0.0,0.0,0.0,0.5735379815101623,0.0035291894850866894
mnist,PU-R,0.0,0.0,454,5,458.0,0.0,178.0,21.805962487356528,636.0,21.805962487356528,0.14388641758123413,0.004611318846014669,0.061639999999999986,0.0036802989009046593,,,,,,,,,18.65813126038993,0.10721041998719243,0.0,0.0,0.0,0.0,455.0,0.0,0.0,0.0,0.0,0.0,0.5737230777740479,0.0036938593900232657
mnist,PU-R,0.0,0.0,456,5,460.0,0.0,186.6,33.576182034293296,646.6,33.576182034293296,0.14611349924234673,0.007091780903836296,0.06352,0.00556160048906786,,,,,,,,,18.812294124404435,0.10736665721062946,0.0,0.0,0.0,0.0,457.0,0.0,0.0,0.0,0.0,0.0,0.5743337273597717,0.003636151849444329
mnist,PU-R,0.0,0.0,458,5,462.0,0.0,173.2,27.00629556233139,635.2,27.00629556233139,0.14371034573996438,0.005713014676793553,0.06113999999999999,0.004127783909072768,,,,,,,,,18.96804630419938,0.10758059650418998,0.0,0.0,0.0,0.0,459.0,0.0,0.0,0.0,0.0,0.0,0.5733858346939087,0.0037811013456808145
mnist,PU-R,0.0,0.0,46,5,50.0,0.0,1359.4,54.33286298364922,1409.4,54.33286298364922,0.30479117723880333,0.011163082699421647,0.27296000000000004,0.00868611535728142,,,,,,,,,1.1282194248051383,0.005978376640199765,0.0,0.0,0.0,0.0,47.0,0.0,0.0,0.0,0.0,0.0,0.5681561589241028,0.0028935219905373358
mnist,PU-R,0.0,0.0,460,5,464.0,0.0,163.8,20.2173193079597,627.8,20.2173193079597,0.14215154509292915,0.004281644814799733,0.059519999999999997,0.0030267804677577654,,,,,,,,,19.123834136198276,0.10783148939302376,0.0,0.0,0.0,0.0,461.0,0.0,0.0,0.0,0.0,0.0,0.5729907155036926,0.003988882371517404
mnist,PU-R,0.0,0.0,462,5,466.0,0.0,146.2,18.79734023738465,612.2,18.79734023738465,0.1388472896651365,0.003982793799955618,0.05691999999999999,0.00295286301747982,,,,,,,,,19.280197815597056,0.10760076371370152,0.0,0.0,0.0,0.0,463.0,0.0,0.0,0.0,0.0,0.0,0.5721908211708069,0.0036685431306961087
mnist,PU-R,0.0,0.0,464,5,468.0,0.0,146.8,23.10281368145447,614.8,23.10281368145447,0.13939354645553975,0.004894770142216518,0.05691999999999999,0.003336674991664621,,,,,,,,,19.437541587010493,0.10739283165355004,0.0,0.0,0.0,0.0,465.0,0.0,0.0,0.0,0.0,0.0,0.572421419620514,0.003959598162425985
mnist,PU-R,0.0,0.0,466,5,470.0,0.0,153.0,23.797058641773358,623.0,23.797058641773358,0.14113057513022795,0.005039027801855475,0.05813999999999999,0.0036325748443769125,,,,,,,,,19.596272490604314,0.10726838332858459,0.0,0.0,0.0,0.0,467.0,0.0,0.0,0.0,0.0,0.0,0.5736708164215087,0.004404012713857157
mnist,PU-R,0.0,0.0,468,5,472.0,0.0,137.4,22.912005586591498,609.4,22.912005586591498,0.1382489871699363,0.004853220128533944,0.05618000000000001,0.0038647638996450987,,,,,,,,,19.755110193998554,0.10695471423109827,0.0,0.0,0.0,0.0,469.0,0.0,0.0,0.0,0.0,0.0,0.5725152611732482,0.003170204064820271
mnist,PU-R,0.0,0.0,470,5,474.0,0.0,140.0,25.430296891699864,614.0,25.430296891699864,0.13922139023197816,0.005380208148978104,0.05618000000000001,0.004772881729102443,,,,,,,,,19.914780665806028,0.10709612721181208,0.0,0.0,0.0,0.0,471.0,0.0,0.0,0.0,0.0,0.0,0.5723999261856079,0.002364124981803917
mnist,PU-R,0.0,0.0,472,5,476.0,0.0,145.6,32.940248936521414,621.6,32.94024893652141,0.14082129531307147,0.006959919681579255,0.05803999999999998,0.006276989724382222,,,,,,,,,20.076111941609998,0.1072776783970729,0.0,0.0,0.0,0.0,473.0,0.0,0.0,0.0,0.0,0.0,0.5731104254722595,0.0020457012675983285
mnist,PU-R,0.0,0.0,474,5,478.0,0.0,141.0,27.33495930123182,619.0,27.33495930123182,0.1402786947088316,0.005780391266343705,0.05791999999999999,0.005050485125213214,,,,,,,,,20.237601921393072,0.10696676079021696,0.0,0.0,0.0,0.0,475.0,0.0,0.0,0.0,0.0,0.0,0.5726168513298034,0.0027609781614833287
mnist,PU-R,0.0,0.0,476,5,480.0,0.0,145.2,29.09879722600231,625.2,29.09879722600231,0.1415899700834416,0.006150337064621956,0.058460000000000026,0.005078936896634965,,,,,,,,,20.401058516383635,0.10730079567229005,0.0,0.0,0.0,0.0,477.0,0.0,0.0,0.0,0.0,0.0,0.5732604622840881,0.002826509912199713
mnist,PU-R,0.0,0.0,478,5,482.0,0.0,136.6,24.602032436365903,618.6,24.602032436365906,0.1401975722401403,0.005203605068643385,0.05766,0.004160600918136704,,,,,,,,,20.56663480120478,0.10705504562075101,0.0,0.0,0.0,0.0,479.0,0.0,0.0,0.0,0.0,0.0,0.5725625276565551,0.003301204372508957
mnist,PU-R,0.0,0.0,48,5,52.0,0.0,1405.6,49.94757251358668,1457.6,49.94757251358668,0.3146896125515923,0.010250611562474842,0.28354,0.009419161321476539,,,,,,,,,1.1771910909912549,0.00620857072050432,0.0,0.0,0.0,0.0,49.0,0.0,0.0,0.0,0.0,0.0,0.5701637744903565,0.0018758163158087366
mnist,PU-R,0.0,0.0,480,5,484.0,0.0,134.4,20.500243900988107,618.4,20.500243900988107,0.1401599856792018,0.004337337064921046,0.056399999999999985,0.00352902252755632,,,,,,,,,20.733641172596254,0.10736769814879374,0.0,0.0,0.0,0.0,481.0,0.0,0.0,0.0,0.0,0.0,0.5720561742782593,0.00349344020000868
mnist,PU-R,0.0,0.0,482,5,486.0,0.0,145.6,23.538479135237264,631.6,23.538479135237264,0.14295288275461643,0.0049767282206007405,0.05822000000000001,0.003944287007812699,,,,,,,,,20.900347982207315,0.10798791076058341,0.0,0.0,0.0,0.0,483.0,0.0,0.0,0.0,0.0,0.0,0.5724079608917236,0.0031291374825950704
mnist,PU-R,0.0,0.0,484,5,488.0,0.0,130.0,14.529280780547948,618.0,14.529280780547948,0.1400806442834437,0.003076861978714329,0.05520000000000003,0.00201668044072431,,,,,,,,,21.0670486010029,0.10818884151533269,0.0,0.0,0.0,0.0,485.0,0.0,0.0,0.0,0.0,0.0,0.5720314979553223,0.003416094111641007
mnist,PU-R,0.0,0.0,486,5,490.0,0.0,119.2,12.391125856838029,609.2,12.391125856838029,0.1382166495313868,0.002626558846141226,0.05267999999999999,0.001556406116667499,,,,,,,,,21.23536322880536,0.10898334650315653,0.0,0.0,0.0,0.0,487.0,0.0,0.0,0.0,0.0,0.0,0.5707465887069703,0.003209762107683582
mnist,PU-R,0.0,0.0,488,5,492.0,0.0,124.2,22.8372502723073,616.2,22.8372502723073,0.1396906921872869,0.004837508804444144,0.05518000000000001,0.003144741642806293,,,,,,,,,21.404077386599965,0.10944717503685951,0.0,0.0,0.0,0.0,489.0,0.0,0.0,0.0,0.0,0.0,0.5715355753898621,0.003925633669311487
mnist,PU-R,0.0,0.0,490,5,494.0,0.0,117.6,16.609033686521318,611.6,16.609033686521318,0.13872223595390096,0.0035184432356529013,0.05499999999999998,0.0021858636736996973,,,,,,,,,21.57405672079185,0.10909940780942555,0.0,0.0,0.0,0.0,491.0,0.0,0.0,0.0,0.0,0.0,0.5721050024032592,0.003439575281425825
mnist,PU-R,0.0,0.0,492,5,496.0,0.0,125.8,22.426323818227544,621.8,22.42632381822754,0.14087810894707217,0.0047474399583959,0.056620000000000004,0.00448368152303439,,,,,,,,,21.74472580399597,0.10948532148677238,0.0,0.0,0.0,0.0,493.0,0.0,0.0,0.0,0.0,0.0,0.5722332119941711,0.003467924105266826
mnist,PU-R,0.0,0.0,494,5,498.0,0.0,128.6,21.736145012398126,626.6,21.736145012398126,0.14189575531054288,0.004601766806379614,0.05696000000000001,0.004211721738196859,,,,,,,,,21.91762286000885,0.11012430429374713,0.0,0.0,0.0,0.0,495.0,0.0,0.0,0.0,0.0,0.0,0.5739300489425659,0.0037940201632338357
mnist,PU-R,0.0,0.0,496,5,500.0,0.0,132.4,25.27963607332985,632.4,25.27963607332985,0.14311982010258362,0.005348842701584496,0.057719999999999994,0.004346193737053152,,,,,,,,,22.091893332405014,0.11088970414982136,0.0,0.0,0.0,0.0,497.0,0.0,0.0,0.0,0.0,0.0,0.5741036534309387,0.003779839509457311
mnist,PU-R,0.0,0.0,498,5,502.0,0.0,121.4,22.159873645849157,623.4,22.159873645849157,0.1412173056276515,0.004692914813671009,0.05515999999999999,0.003306750670975955,,,,,,,,,22.26673295480432,0.11119028176329049,0.0,0.0,0.0,0.0,499.0,0.0,0.0,0.0,0.0,0.0,0.5728668689727783,0.003390414047415158
mnist,PU-R,0.0,0.0,50,5,54.0,0.0,1456.8,64.00343740768928,1510.8,64.00343740768928,0.32557852130848913,0.013095795366611785,0.28952000000000006,0.010537001471006816,,,,,,,,,1.2258588491939009,0.00641715716480331,0.0,0.0,0.0,0.0,51.0,0.0,0.0,0.0,0.0,0.0,0.570677924156189,0.0036118733272998186
mnist,PU-R,0.0,0.0,500,5,504.0,0.0,113.8,18.594085081014338,617.8,18.594085081014335,0.14003449666779488,0.003940255408149603,0.05334000000000001,0.0029253375873563693,,,,,,,,,22.442127006396184,0.11124257200456082,0.0,0.0,0.0,0.0,501.0,0.0,0.0,0.0,0.0,0.0,0.5723988056182862,0.003099147909646711
mnist,PU-R,0.0,0.0,502,5,506.0,0.0,111.4,19.87611632085101,617.4,19.87611632085101,0.13994847268331795,0.004210061312163539,0.05372000000000001,0.002740328447467567,,,,,,,,,22.619555856997614,0.11137625077706595,0.0,0.0,0.0,0.0,503.0,0.0,0.0,0.0,0.0,0.0,0.572587513923645,0.0027220730290291066
mnist,PU-R,0.0,0.0,504,5,508.0,0.0,105.6,19.106543381784157,613.6,19.106543381784157,0.1391437602811493,0.004048404528381559,0.05257999999999998,0.002803818824389339,,,,,,,,,22.799164946004748,0.11159815364098648,0.0,0.0,0.0,0.0,505.0,0.0,0.0,0.0,0.0,0.0,0.5725478291511535,0.0028828806344571
mnist,PU-R,0.0,0.0,506,5,510.0,0.0,106.4,20.269681793259608,616.4,20.269681793259608,0.13973608600208537,0.004293688632748235,0.05286,0.003132347362602043,,,,,,,,,22.98091847980395,0.11206350101330081,0.0,0.0,0.0,0.0,507.0,0.0,0.0,0.0,0.0,0.0,0.5722350597381591,0.0029057749202790885
mnist,PU-R,0.0,0.0,508,5,512.0,0.0,104.2,17.780326206231425,616.2,17.780326206231425,0.13969622862059622,0.0037672598305023017,0.05266,0.002499519953911143,,,,,,,,,23.165388635592535,0.11279317407706445,0.0,0.0,0.0,0.0,509.0,0.0,0.0,0.0,0.0,0.0,0.5723138332366944,0.0032410713966995654
mnist,PU-R,0.0,0.0,510,5,514.0,0.0,106.2,18.14772713041498,620.2,18.14772713041498,0.14054359479341655,0.003844501354179501,0.05242,0.0024656439321199533,,,,,,,,,23.366606014606077,0.11354903193764881,0.0,0.0,0.0,0.0,511.0,0.0,0.0,0.0,0.0,0.0,0.5729527235031128,0.003566785417461306
mnist,PU-R,0.0,0.0,512,5,516.0,0.0,95.8,13.440238093129153,611.8,13.440238093129153,0.13876710364129394,0.0028508099016768067,0.05133999999999998,0.0020677524029728543,,,,,,,,,23.553955376602243,0.113839975986999,0.0,0.0,0.0,0.0,513.0,0.0,0.0,0.0,0.0,0.0,0.571893060207367,0.0030029435152304
mnist,PU-R,0.0,0.0,514,5,518.0,0.0,106.8,17.757815180928088,624.8,17.757815180928088,0.14151869510533288,0.003758939960807911,0.05259999999999998,0.0025414562754452422,,,,,,,,,23.742485980386846,0.11464941358312013,0.0,0.0,0.0,0.0,515.0,0.0,0.0,0.0,0.0,0.0,0.5726031422615051,0.0028259471763080303
mnist,PU-R,0.0,0.0,516,5,520.0,0.0,108.6,19.772708463940898,628.6,19.772708463940898,0.1423214430687949,0.004187705498759668,0.05284,0.0028065281042597805,,,,,,,,,23.930508530989755,0.11553445897978844,0.0,0.0,0.0,0.0,517.0,0.0,0.0,0.0,0.0,0.0,0.5732890486717224,0.003360232239669797
mnist,PU-R,0.0,0.0,518,5,522.0,0.0,95.0,13.924798023669858,617.0,13.924798023669858,0.139869027340319,0.0029528538284382282,0.05173999999999999,0.0021701612843288906,,,,,,,,,24.11798258939525,0.11625498713761528,0.0,0.0,0.0,0.0,519.0,0.0,0.0,0.0,0.0,0.0,0.5733944654464722,0.003009913902791516
mnist,PU-R,0.0,0.0,52,5,56.0,0.0,1390.2,80.53905884724503,1446.2,80.53905884724503,0.3123094038804993,0.0164918033697367,0.27728,0.01438587501683508,,,,,,,,,1.274312826001551,0.007188783004145743,0.0,0.0,0.0,0.0,53.0,0.0,0.0,0.0,0.0,0.0,0.5771478176116943,0.004623135631914706
mnist,PU-R,0.0,0.0,520,5,524.0,0.0,106.6,18.293714767646293,630.6,18.293714767646293,0.14274636616464703,0.003877148464059783,0.053180000000000005,0.0029569240774832114,,,,,,,,,24.30591470579384,0.116645463617815,0.0,0.0,0.0,0.0,521.0,0.0,0.0,0.0,0.0,0.0,0.5746019363403321,0.0036807291538788756
mnist,PU-R,0.0,0.0,522,5,526.0,0.0,96.6,18.090328908010488,622.6,18.090328908010488,0.1410520675010048,0.00383435755736639,0.05244,0.0022752142756232966,,,,,,,,,24.496069112198892,0.11761985687851612,0.0,0.0,0.0,0.0,523.0,0.0,0.0,0.0,0.0,0.0,0.5735282897949219,0.0032599340037030187
mnist,PU-R,0.0,0.0,524,5,528.0,0.0,87.4,14.431216164966832,615.4,14.431216164966832,0.13952953855041414,0.003059474896653997,0.05034000000000001,0.0019706851600395244,,,,,,,,,24.685526048997417,0.11812780205448122,0.0,0.0,0.0,0.0,525.0,0.0,0.0,0.0,0.0,0.0,0.5721606969833374,0.0029227185422262634
mnist,PU-R,0.0,0.0,526,5,530.0,0.0,84.8,13.99428454762872,614.8,13.99428454762872,0.13940274341730402,0.0029657934439596646,0.050879999999999995,0.0019022092419079299,,,,,,,,,24.876551263802686,0.11857300399787638,0.0,0.0,0.0,0.0,527.0,0.0,0.0,0.0,0.0,0.0,0.5723885774612427,0.0027238245076055437
mnist,PU-R,0.0,0.0,528,5,532.0,0.0,89.8,16.54508990607183,621.8,16.54508990607183,0.14088408554671333,0.003505784408185625,0.051019999999999996,0.0019095549219647974,,,,,,,,,25.067799449991433,0.11926734614601325,0.0,0.0,0.0,0.0,529.0,0.0,0.0,0.0,0.0,0.0,0.5743720293045044,0.0023071358677679505
mnist,PU-R,0.0,0.0,530,5,534.0,0.0,89.2,15.573695772038183,623.2,15.573695772038183,0.14118151380680502,0.0033007056261989396,0.050879999999999995,0.001802886574357918,,,,,,,,,25.260663596587257,0.11991838341783352,0.0,0.0,0.0,0.0,531.0,0.0,0.0,0.0,0.0,0.0,0.5748106837272644,0.002052437698601244
mnist,PU-R,0.0,0.0,532,5,536.0,0.0,84.6,16.406096427852663,620.6,16.406096427852667,0.14062992414692416,0.003476947511202508,0.05062,0.0017850490189347675,,,,,,,,,25.45393846759107,0.12046367386960793,0.0,0.0,0.0,0.0,533.0,0.0,0.0,0.0,0.0,0.0,0.5741660833358765,0.0018390456172705703
mnist,PU-R,0.0,0.0,534,5,538.0,0.0,85.8,15.866316522747175,623.8,15.866316522747173,0.14130842671729624,0.0033614595962022605,0.05067999999999997,0.0016814874367654374,,,,,,,,,25.648350243608,0.12115918772286635,0.0,0.0,0.0,0.0,535.0,0.0,0.0,0.0,0.0,0.0,0.5736873745918274,0.002073400974768176
mnist,PU-R,0.0,0.0,536,5,540.0,0.0,81.6,12.17209924376235,621.6,12.17209924376235,0.14084516658913343,0.0025781119595233125,0.04908000000000001,0.0013120213412898486,,,,,,,,,25.844390654191375,0.12229406584243596,0.0,0.0,0.0,0.0,537.0,0.0,0.0,0.0,0.0,0.0,0.5726991653442383,0.0027488600684890284
mnist,PU-R,0.0,0.0,538,5,542.0,0.0,74.8,12.515590277729613,616.8,12.515590277729611,0.13982774442993104,0.002651944623302327,0.04887999999999999,0.0013331916591398372,,,,,,,,,26.040799391793552,0.12223689699953083,0.0,0.0,0.0,0.0,539.0,0.0,0.0,0.0,0.0,0.0,0.5715582728385925,0.002921811551464432
mnist,PU-R,0.0,0.0,54,5,58.0,0.0,1325.2,80.79938118574918,1383.2,80.79938118574918,0.29936874986160544,0.016587936389259414,0.26608,0.013589606322480435,,,,,,,,,1.323168219998479,0.007715639114657328,0.0,0.0,0.0,0.0,55.0,0.0,0.0,0.0,0.0,0.0,0.5776764988899231,0.0015329967953898523
mnist,PU-R,0.0,0.0,540,5,544.0,0.0,82.0,13.744089638822935,626.0,13.744089638822935,0.14177617618115618,0.0029113701444641567,0.04955999999999998,0.0013246131510746772,,,,,,,,,26.237567300803494,0.12247235515493367,0.0,0.0,0.0,0.0,541.0,0.0,0.0,0.0,0.0,0.0,0.5733499765396118,0.0024194346330960194
mnist,PU-R,0.0,0.0,542,5,546.0,0.0,76.6,10.614141510268269,622.6,10.61414151026827,0.1410579755785875,0.0022487299716762253,0.04914000000000003,0.0008634813257969136,,,,,,,,,26.439125152199995,0.1229943599552952,0.0,0.0,0.0,0.0,543.0,0.0,0.0,0.0,0.0,0.0,0.5723026394844055,0.0030297509730984502
mnist,PU-R,0.0,0.0,544,5,548.0,0.0,71.4,11.48303095876694,619.4,11.48303095876694,0.14037937643006443,0.0024345375442209813,0.04842,0.000872009174263674,,,,,,,,,26.64055450200103,0.12336611896380013,0.0,0.0,0.0,0.0,545.0,0.0,0.0,0.0,0.0,0.0,0.5717140436172485,0.0030405090511587247
mnist,PU-R,0.0,0.0,546,5,550.0,0.0,74.4,12.363656417096037,624.4,12.363656417096037,0.14143817465519531,0.002620546804015408,0.04857999999999998,0.0008985543945694036,,,,,,,,,26.840873584197833,0.12373422731174606,0.0,0.0,0.0,0.0,547.0,0.0,0.0,0.0,0.0,0.0,0.5716069221496582,0.0021483351506350356
mnist,PU-R,0.0,0.0,548,5,552.0,0.0,73.6,15.46803154897222,625.6,15.46803154897222,0.14169000318506733,0.003278635675181579,0.048699999999999986,0.0011661903789690687,,,,,,,,,27.042319649190176,0.12434519793410331,0.0,0.0,0.0,0.0,549.0,0.0,0.0,0.0,0.0,0.0,0.5719456315040589,0.002022834322956776
mnist,PU-R,0.0,0.0,550,5,554.0,0.0,68.2,13.369367973094315,622.2,13.369367973094313,0.14097145238192751,0.002832002227932491,0.04838,0.0007398648525237441,,,,,,,,,27.24485933620017,0.12481073242161095,0.0,0.0,0.0,0.0,551.0,0.0,0.0,0.0,0.0,0.0,0.5709528684616089,0.0028054124816064454
mnist,PU-R,0.0,0.0,552,5,556.0,0.0,67.2,12.603174203350518,623.2,12.603174203350518,0.14118387839989738,0.0026688799537789363,0.048,0.0007700649323271363,,,,,,,,,27.449024016212206,0.1260183159294992,0.0,0.0,0.0,0.0,553.0,0.0,0.0,0.0,0.0,0.0,0.5713279843330383,0.0026322113595086682
mnist,PU-R,0.0,0.0,554,5,558.0,0.0,64.2,13.21892582625381,622.2,13.21892582625381,0.14097152735339477,0.0028010739555601478,0.047899999999999984,0.0007529940238806742,,,,,,,,,27.65548525439808,0.1267360565896526,0.0,0.0,0.0,0.0,555.0,0.0,0.0,0.0,0.0,0.0,0.5714933156967164,0.002333644175915903
mnist,PU-R,0.0,0.0,556,5,560.0,0.0,65.8,9.34558719396486,625.8,9.34558719396486,0.14173655327176676,0.001979671138875039,0.04808000000000001,0.0007933473388119557,,,,,,,,,27.8608530657948,0.12689026867126124,0.0,0.0,0.0,0.0,557.0,0.0,0.0,0.0,0.0,0.0,0.5724854350090027,0.003066485782810235
mnist,PU-R,0.0,0.0,558,5,562.0,0.0,62.2,9.946858800646563,624.2,9.946858800646561,0.14139732103794814,0.002106831826332855,0.04689999999999998,0.0010094552986635826,,,,,,,,,28.068672329199035,0.12711514519258005,0.0,0.0,0.0,0.0,559.0,0.0,0.0,0.0,0.0,0.0,0.5709988594055175,0.0038231579928017165
mnist,PU-R,0.0,0.0,56,5,60.0,0.0,1370.6,82.49945454365138,1430.6,82.49945454365138,0.3091032707481645,0.016912644030202553,0.2713,0.014236818464811589,,,,,,,,,1.3724919941974805,0.007807884038918081,0.0,0.0,0.0,0.0,57.0,0.0,0.0,0.0,0.0,0.0,0.5790343046188354,0.0024330810952491893
mnist,PU-R,0.0,0.0,560,5,564.0,0.0,63.2,12.374974747448983,627.2,12.37497474744898,0.1420313164126128,0.002621161661927036,0.048,0.000904986187739904,,,,,,,,,28.275853351794648,0.12771234534577183,0.0,0.0,0.0,0.0,561.0,0.0,0.0,0.0,0.0,0.0,0.5718096733093262,0.004413927912209009
mnist,PU-R,0.0,0.0,562,5,566.0,0.0,65.2,9.478396488858229,631.2,9.478396488858229,0.14288010431919246,0.002007687960829655,0.04816000000000002,0.0013818827736099763,,,,,,,,,28.485961493407377,0.12827521551815158,0.0,0.0,0.0,0.0,563.0,0.0,0.0,0.0,0.0,0.0,0.572467052936554,0.004681034956528768
mnist,PU-R,0.0,0.0,564,5,568.0,0.0,60.2,8.952094726934025,628.2,8.952094726934025,0.1422450701822527,0.0018962724234435125,0.04803999999999999,0.0011655899793666584,,,,,,,,,28.69575656261295,0.12866278162853634,0.0,0.0,0.0,0.0,565.0,0.0,0.0,0.0,0.0,0.0,0.57150958776474,0.004176108528370192
mnist,PU-R,0.0,0.0,566,5,570.0,0.0,58.8,10.26352765865616,628.8,10.26352765865616,0.14237144514918326,0.002174609822383717,0.04822,0.0012362847568420392,,,,,,,,,28.905204342806247,0.129138341953045,0.0,0.0,0.0,0.0,567.0,0.0,0.0,0.0,0.0,0.0,0.5713261246681214,0.004249622496749334
mnist,PU-R,0.0,0.0,568,5,572.0,0.0,52.4,9.239047569960878,624.4,9.239047569960878,0.14144003479741513,0.001957716166241621,0.04805999999999999,0.0010842508934743767,,,,,,,,,29.11800794200972,0.12886606108881038,0.0,0.0,0.0,0.0,569.0,0.0,0.0,0.0,0.0,0.0,0.5708333492279053,0.0037400610947876498
mnist,PU-R,0.0,0.0,570,5,574.0,0.0,56.0,8.124038404635959,630.0,8.124038404635959,0.1426266331691295,0.0017212314516053936,0.047620000000000016,0.00138397976863825,,,,,,,,,29.33148060339736,0.12951855654090513,0.0,0.0,0.0,0.0,571.0,0.0,0.0,0.0,0.0,0.0,0.5720735788345337,0.004053603883156822
mnist,PU-R,0.0,0.0,572,5,576.0,0.0,55.4,9.02551937563706,631.4,9.02551937563706,0.1429226782056503,0.00191175552816427,0.04819999999999998,0.0012144957801491112,,,,,,,,,29.546324896614532,0.1301985593889674,0.0,0.0,0.0,0.0,573.0,0.0,0.0,0.0,0.0,0.0,0.5721736073493957,0.004281937452186222
mnist,PU-R,0.0,0.0,574,5,578.0,0.0,53.0,8.408329203831164,631.0,8.408329203831164,0.14283827313920483,0.0017808595643326061,0.047700000000000006,0.0008080841540334764,,,,,,,,,29.7636240099906,0.1311020188889011,0.0,0.0,0.0,0.0,575.0,0.0,0.0,0.0,0.0,0.0,0.5715173363685608,0.0034243942132376986
mnist,PU-R,0.0,0.0,576,5,580.0,0.0,53.2,9.8812954616285,633.2,9.8812954616285,0.1433033689390868,0.0020925864630093323,0.04692,0.00038392707640904814,,,,,,,,,29.98031375638675,0.13211697382766321,0.0,0.0,0.0,0.0,577.0,0.0,0.0,0.0,0.0,0.0,0.5714593648910522,0.002779039657746338
mnist,PU-R,0.0,0.0,578,5,582.0,0.0,47.0,10.290772565750348,629.0,10.290772565750348,0.14241381229367106,0.0021793814014764877,0.04690000000000001,0.0006978538528947204,,,,,,,,,30.197058914008085,0.13272792408856784,0.0,0.0,0.0,0.0,579.0,0.0,0.0,0.0,0.0,0.0,0.570485782623291,0.0027376779988272613
mnist,PU-R,0.0,0.0,58,5,62.0,0.0,1282.6,39.225756844196134,1344.6,39.225756844196134,0.2914861269295216,0.008078945842280662,0.25658,0.007510286279496943,,,,,,,,,1.420859057805501,0.008694759043599424,0.0,0.0,0.0,0.0,59.0,0.0,0.0,0.0,0.0,0.0,0.5772607564926148,0.004752985430792494
mnist,PU-R,0.0,0.0,580,5,584.0,0.0,48.8,10.204900783447139,632.8,10.204900783447137,0.14321851811837405,0.0021606986271366247,0.04603999999999997,0.0007447147104764357,,,,,,,,,30.415900348790455,0.13329164400671822,0.0,0.0,0.0,0.0,581.0,0.0,0.0,0.0,0.0,0.0,0.5706311702728272,0.002904302320114441
mnist,PU-R,0.0,0.0,582,5,586.0,0.0,52.6,10.191172650877816,638.6,10.191172650877816,0.14444633470848203,0.002156440077155224,0.046660000000000014,0.000822556988907175,,,,,,,,,30.636320664582307,0.1339435650502901,0.0,0.0,0.0,0.0,583.0,0.0,0.0,0.0,0.0,0.0,0.5710467576980591,0.0026399724718142825
mnist,PU-R,0.0,0.0,584,5,588.0,0.0,45.2,11.311056537742175,633.2,11.311056537742173,0.14330258849076927,0.0023943958946312073,0.04650000000000001,0.0005186520991956025,,,,,,,,,30.85792474481277,0.13451033879705185,0.0,0.0,0.0,0.0,585.0,0.0,0.0,0.0,0.0,0.0,0.5704788327217102,0.0025451210243486685
mnist,PU-R,0.0,0.0,586,5,590.0,0.0,46.0,10.545141061171252,636.0,10.545141061171252,0.14389580154092982,0.0022318778571616665,0.04626000000000001,0.0003957271787481776,,,,,,,,,31.079438819596543,0.1350242870661642,0.0,0.0,0.0,0.0,587.0,0.0,0.0,0.0,0.0,0.0,0.5706785917282104,0.0026246012069682276
mnist,PU-R,0.0,0.0,588,5,592.0,0.0,43.6,11.98999582985749,635.6,11.98999582985749,0.14381025597685948,0.0025381297203400303,0.046539999999999984,0.0005519057890618738,,,,,,,,,31.302248133602554,0.13537161084471933,0.0,0.0,0.0,0.0,589.0,0.0,0.0,0.0,0.0,0.0,0.5701356768608093,0.0026833528896598098
mnist,PU-R,0.0,0.0,590,5,594.0,0.0,40.8,7.664202502543887,634.8,7.664202502543887,0.1436431436915882,0.001622824689641084,0.0462,0.0004949747468305826,,,,,,,,,31.52595615739701,0.1364081571573292,0.0,0.0,0.0,0.0,591.0,0.0,0.0,0.0,0.0,0.0,0.570208215713501,0.0028837947156706415
mnist,PU-R,0.0,0.0,592,5,596.0,0.0,41.8,7.248448109768047,637.8,7.248448109768049,0.14427834855159744,0.0015341915925027015,0.04614,0.0004308131845707662,,,,,,,,,31.750353400595486,0.13630615973771296,0.0,0.0,0.0,0.0,593.0,0.0,0.0,0.0,0.0,0.0,0.5707392215728759,0.003004560648629614
mnist,PU-R,0.0,0.0,594,5,598.0,0.0,37.0,9.633275663033835,635.0,9.633275663033835,0.14368457306409255,0.0020399037267155385,0.04516,0.0005153639490690124,,,,,,,,,31.976516779197844,0.1360807977038233,0.0,0.0,0.0,0.0,595.0,0.0,0.0,0.0,0.0,0.0,0.570456075668335,0.00277115570967514
mnist,PU-R,0.0,0.0,595,1,599.0,0.0,0.0,0.0,599.0,0.0,0.1360573327401653,0.0,0.04379999999999995,0.0,,,,,,,,,31.91955746599706,0.0,1.0,0.0,0.0,0.0,596.0,0.0,0.0,0.0,0.0,0.0,0.5694851279258728,0.0
mnist,PU-R,0.0,0.0,596,4,600.0,0.0,45.25,9.240986599564645,645.25,9.240986599564645,0.1458545392670203,0.0019550630213727056,0.04527500000000001,0.0006687986742410988,,,,,,,,,32.247695407495485,0.1659288980925629,0.0,0.0,0.0,0.0,597.0,0.0,0.0,0.0,0.0,0.0,0.5714225471019745,0.0036774444997191846
mnist,PU-R,0.0,0.0,598,4,602.0,0.0,52.0,9.15605446321358,654.0,9.15605446321358,0.14770524157211185,0.0019357850682652923,0.04567500000000002,0.0006472699076377095,,,,,,,,,32.47149154251383,0.16650658470368493,0.0,0.0,0.0,0.0,599.0,0.0,0.0,0.0,0.0,0.0,0.5716762095689774,0.004044433678691045
mnist,PU-R,0.0,0.0,6,5,10.0,0.0,1815.0,24.454038521274967,1825.0,24.454038521274967,0.3897243624436669,0.0049712459946585266,0.36034,0.00568986818827993,,,,,,,,,0.1752957364078611,0.0009210801384106981,0.0,0.0,0.0,0.0,7.0,0.0,0.0,0.0,0.0,0.0,0.6016188859939575,0.009882484855597222
mnist,PU-R,0.0,0.0,60,5,64.0,0.0,1269.2,22.430782420593356,1333.2,22.430782420593356,0.2891525570070371,0.00461798833353511,0.25346,0.004371910337598431,,,,,,,,,1.4695481184055097,0.009049760534968176,0.0,0.0,0.0,0.0,61.0,0.0,0.0,0.0,0.0,0.0,0.5785898566246033,0.0015899411808075452
mnist,PU-R,0.0,0.0,600,4,604.0,0.0,53.0,8.59263250310016,657.0,8.59263250310016,0.14833970967447385,0.001816976123399546,0.04577499999999998,0.0009852030247619059,,,,,,,,,32.6960655915027,0.166937588704105,0.0,0.0,0.0,0.0,601.0,0.0,0.0,0.0,0.0,0.0,0.5716866105794907,0.004250270787315634
mnist,PU-R,0.0,0.0,602,4,606.0,0.0,45.25,10.93446386431452,651.25,10.93446386431452,0.14712302571570035,0.0023120626420653776,0.04570000000000002,0.0012987173159185461,,,,,,,,,32.92207968600269,0.16739604335125383,0.0,0.0,0.0,0.0,603.0,0.0,0.0,0.0,0.0,0.0,0.5711630582809448,0.004239949890040376
mnist,PU-R,0.0,0.0,604,4,608.0,0.0,44.25,12.378576924132542,652.25,12.378576924132542,0.147333869128488,0.002616860391811299,0.046099999999999974,0.0014713938969562201,,,,,,,,,33.148021374770906,0.16775069623425307,0.0,0.0,0.0,0.0,605.0,0.0,0.0,0.0,0.0,0.0,0.5710463523864746,0.004520287313368826
mnist,PU-R,0.0,0.0,606,4,610.0,0.0,45.25,7.180703308172536,655.25,7.180703308172536,0.14797015412477776,0.0015182662722524913,0.04645000000000002,0.0009473647660748215,,,,,,,,,33.374975802507834,0.167527263627562,0.0,0.0,0.0,0.0,607.0,0.0,0.0,0.0,0.0,0.0,0.5719481110572815,0.003217407321447904
mnist,PU-R,0.0,0.0,608,4,612.0,0.0,40.75,8.320406640703727,652.75,8.320406640703727,0.1474411959934514,0.0017595229970717842,0.045825000000000005,0.0006276610019216859,,,,,,,,,33.602310415008105,0.16745925733305703,0.0,0.0,0.0,0.0,609.0,0.0,0.0,0.0,0.0,0.0,0.5707478672266006,0.0033982926104259613
mnist,PU-R,0.0,0.0,610,4,614.0,0.0,41.75,4.422951503238533,655.75,4.422951503238533,0.14807647868292406,0.0009352125593417159,0.04627499999999998,0.000657488909919142,,,,,,,,,33.83013561426196,0.16755242332594142,0.0,0.0,0.0,0.0,611.0,0.0,0.0,0.0,0.0,0.0,0.5719801485538483,0.0031644885137335154
mnist,PU-R,0.0,0.0,612,4,616.0,0.0,42.25,6.6128032381635755,658.25,6.6128032381635755,0.14860453669098206,0.0013982346721238515,0.046999999999999986,0.0009354143466934763,,,,,,,,,34.05946437425155,0.16726243394341098,0.0,0.0,0.0,0.0,613.0,0.0,0.0,0.0,0.0,0.0,0.573315292596817,0.0025711056261514785
mnist,PU-R,0.0,0.0,614,4,618.0,0.0,44.25,5.0723925978444,662.25,5.0723925978444,0.14945034982520156,0.0010722088343100972,0.047249999999999986,0.0011989578808281709,,,,,,,,,34.288140525488416,0.16700289563389667,0.0,0.0,0.0,0.0,615.0,0.0,0.0,0.0,0.0,0.0,0.5724775940179825,0.002927804650546841
mnist,PU-R,0.0,0.0,616,4,620.0,0.0,33.25,7.203876271378718,653.25,7.203876271378718,0.14754725934471935,0.0015233388204836528,0.04547499999999999,0.0008730931603595657,,,,,,,,,34.51834923826391,0.16706464399621995,0.0,0.0,0.0,0.0,617.0,0.0,0.0,0.0,0.0,0.0,0.5712325721979141,0.003316923230289468
mnist,PU-R,0.0,0.0,618,4,622.0,0.0,36.75,10.483121354507603,658.75,10.483121354507603,0.14870898150547873,0.0022159331209141435,0.0456,0.0009064583093924809,,,,,,,,,34.74888896199991,0.16730599070545862,0.0,0.0,0.0,0.0,619.0,0.0,0.0,0.0,0.0,0.0,0.5728168487548828,0.003725910860429503
mnist,PU-R,0.0,0.0,62,5,66.0,0.0,1208.4,19.20833152566875,1274.4,19.20833152566875,0.277042272221297,0.003958960515282823,0.2435,0.004044996909763954,,,,,,,,,1.5178568022092804,0.009165638361120483,0.0,0.0,0.0,0.0,63.0,0.0,0.0,0.0,0.0,0.0,0.5763085126876831,0.0027825449751751065
mnist,PU-R,0.0,0.0,620,4,624.0,0.0,38.25,12.016481736903415,662.25,12.016481736903415,0.14944811892928556,0.0025393988522554355,0.0464,0.0012199726772896588,,,,,,,,,34.97995890650782,0.1675638764293466,0.0,0.0,0.0,0.0,621.0,0.0,0.0,0.0,0.0,0.0,0.5725924223661423,0.003826323609904862
mnist,PU-R,0.0,0.0,622,4,626.0,0.0,40.25,6.860211367006122,666.25,6.860211367006122,0.15029522005352192,0.0014495388775383807,0.04682499999999998,0.00031457643480293905,,,,,,,,,35.211555323257926,0.16727711598176612,0.0,0.0,0.0,0.0,623.0,0.0,0.0,0.0,0.0,0.0,0.572817474603653,0.0031160414952390624
mnist,PU-R,0.0,0.0,624,4,628.0,0.0,33.5,7.029698902987714,661.5,7.029698902987714,0.14929140127787832,0.0014852161347058714,0.045875,0.00046255630287928397,,,,,,,,,35.44375396774558,0.16737405737646036,0.0,0.0,0.0,0.0,625.0,0.0,0.0,0.0,0.0,0.0,0.5719253122806549,0.0024992800054310085
mnist,PU-R,0.0,0.0,626,4,630.0,0.0,34.5,5.377421934967226,664.5,5.377421934967226,0.14992577869270463,0.0011364255205760217,0.044550000000000006,0.0005634713834792219,,,,,,,,,35.6768620552466,0.16739307682068294,0.0,0.0,0.0,0.0,627.0,0.0,0.0,0.0,0.0,0.0,0.571546733379364,0.0035476459143634724
mnist,PU-R,0.0,0.0,628,4,632.0,0.0,38.5,5.894913061275798,670.5,5.894913061275798,0.15119333085021935,0.00124521296780951,0.04585,0.0002958039891549795,,,,,,,,,35.91353516149684,0.1672699521310274,0.0,0.0,0.0,0.0,629.0,0.0,0.0,0.0,0.0,0.0,0.5724258720874786,0.003543302058278779
mnist,PU-R,0.0,0.0,630,4,634.0,0.0,38.75,6.860211367006122,672.75,6.860211367006122,0.15166836147545837,0.0014488667803973147,0.046500000000000014,0.0010977249200050249,,,,,,,,,36.1482788240246,0.1676621343551788,0.0,0.0,0.0,0.0,631.0,0.0,0.0,0.0,0.0,0.0,0.5725360214710236,0.004106732207158445
mnist,PU-R,0.0,0.0,632,4,636.0,0.0,40.5,6.589132466923599,676.5,6.589132466923599,0.15246038026816677,0.0013918853592229336,0.046325000000000005,0.0006980627956471143,,,,,,,,,36.383938069746364,0.16780201460706512,0.0,0.0,0.0,0.0,633.0,0.0,0.0,0.0,0.0,0.0,0.5721756815910339,0.005135205738955345
mnist,PU-R,0.0,0.0,634,4,638.0,0.0,32.75,4.871259248558494,670.75,4.871259248558494,0.1512463429098716,0.001029173060762023,0.04490000000000002,0.0011409060726749855,,,,,,,,,36.62039515200013,0.16781925776167866,0.0,0.0,0.0,0.0,635.0,0.0,0.0,0.0,0.0,0.0,0.5709648728370667,0.004731064866415749
mnist,PU-R,0.0,0.0,636,4,640.0,0.0,34.0,7.926747967062743,674.0,7.926747967062743,0.15193207493575756,0.0016740966095714043,0.044999999999999984,0.0006350852961085882,,,,,,,,,36.85775976625155,0.16776101630454532,0.0,0.0,0.0,0.0,637.0,0.0,0.0,0.0,0.0,0.0,0.5701058954000473,0.003962265005724055
mnist,PU-R,0.0,0.0,638,4,642.0,0.0,31.75,9.507672340448703,673.75,9.507672340448703,0.15187876767595299,0.002007943068938337,0.045725000000000016,0.0016453849600220223,,,,,,,,,37.098964029486524,0.16801149860633843,0.0,0.0,0.0,0.0,639.0,0.0,0.0,0.0,0.0,0.0,0.5696713328361511,0.003993098152281935
mnist,PU-R,0.0,0.0,64,5,68.0,0.0,1206.6,40.45936232814353,1274.6,40.45936232814353,0.27706797859864307,0.008341853284922145,0.2413,0.007482178827052991,,,,,,,,,1.5666294698021375,0.008907962456199394,0.0,0.0,0.0,0.0,65.0,0.0,0.0,0.0,0.0,0.0,0.5731980085372925,0.0051365939134584955
mnist,PU-R,0.0,0.0,640,4,644.0,0.0,19.5,5.299371031861549,663.5,5.299371031861549,0.1497144751920132,0.0011198950481372154,0.043200000000000016,0.0004527692569068639,,,,,,,,,37.338106615512515,0.16820679504578823,0.0,0.0,0.0,0.0,641.0,0.0,0.0,0.0,0.0,0.0,0.5678631961345673,0.0037188624376952536
mnist,PU-R,0.0,0.0,642,4,646.0,0.0,19.5,7.088723439378913,665.5,7.088723439378913,0.15013668999017682,0.0014976789859887853,0.043450000000000016,0.0005172040216394259,,,,,,,,,37.57656643923838,0.1685425167371653,0.0,0.0,0.0,0.0,643.0,0.0,0.0,0.0,0.0,0.0,0.568168506026268,0.0032729584998197393
mnist,PU-R,0.0,0.0,644,4,648.0,0.0,19.25,5.864796103304303,667.25,5.864796103304303,0.15050674436497502,0.0012390275003041995,0.04395000000000002,0.0008005206639015026,,,,,,,,,37.81647718374734,0.1693271679345127,0.0,0.0,0.0,0.0,645.0,0.0,0.0,0.0,0.0,0.0,0.5680189281702042,0.003709352307916158
mnist,PU-R,0.0,0.0,646,4,650.0,0.0,19.0,8.74642784226795,669.0,8.74642784226795,0.15087568096350878,0.0018477032131880282,0.043974999999999986,0.0011585731166683844,,,,,,,,,38.05545669524872,0.1688043175597665,0.0,0.0,0.0,0.0,647.0,0.0,0.0,0.0,0.0,0.0,0.5680228620767593,0.003696355085024114
mnist,PU-R,0.0,0.0,648,4,652.0,0.0,18.25,8.045443845224865,670.25,8.045443845224865,0.1511399673181586,0.0016992756229003267,0.043975000000000014,0.0008330416156071288,,,,,,,,,38.297240702508134,0.1697824314221365,0.0,0.0,0.0,0.0,649.0,0.0,0.0,0.0,0.0,0.0,0.5679018646478653,0.0040475182938926
mnist,PU-R,0.0,0.0,650,4,654.0,0.0,15.25,8.25,669.25,8.25,0.15092865578480996,0.001742577892118323,0.043575,0.000993625516312203,,,,,,,,,38.53918469948985,0.1697008723676932,0.0,0.0,0.0,0.0,651.0,0.0,0.0,0.0,0.0,0.0,0.56741763651371,0.004002242714579077
mnist,PU-R,0.0,0.0,652,4,656.0,0.0,16.5,6.13052471924984,672.5,6.13052471924984,0.1516157322039362,0.0012948686660111373,0.042825,0.00035910769044024155,,,,,,,,,38.78230695599632,0.16967131381832612,0.0,0.0,0.0,0.0,653.0,0.0,0.0,0.0,0.0,0.0,0.5678723603487015,0.0039297678128749226
mnist,PU-R,0.0,0.0,654,4,658.0,0.0,15.0,4.847679857416329,673.0,4.847679857416329,0.15172159830399323,0.0010238930345603135,0.042899999999999994,0.0007382411530116576,,,,,,,,,39.02503955626162,0.1686836798355817,0.0,0.0,0.0,0.0,655.0,0.0,0.0,0.0,0.0,0.0,0.5681127905845642,0.004126149146789341
mnist,PU-R,0.0,0.0,656,4,660.0,0.0,16.5,9.041570660012562,676.5,9.041570660012562,0.15245968278031796,0.0019092249353648435,0.043474999999999986,0.0011813657350710706,,,,,,,,,39.26874595024856,0.1687291713011453,0.25,0.25,0.0,0.0,657.0,0.0,0.0,0.0,0.0,0.0,0.5672925859689713,0.003727470070676971
mnist,PU-R,0.0,0.0,658,3,662.0,0.0,19.666666666666668,9.333333333333334,681.6666666666666,9.333333333333334,0.15355097422919547,0.0019708176065857215,0.04420000000000002,0.0015044378795195706,,,,,,,,,39.56959390667422,0.2245429626488004,0.0,0.0,0.0,0.0,659.0,0.0,0.0,0.0,0.0,0.0,0.5697546799977621,0.005085739028502097
mnist,PU-R,0.0,0.0,659,1,663.0,0.0,0.0,0.0,663.0,0.0,0.14960933901602402,0.0,0.04239999999999999,0.0,,,,,,,,,39.27768169098999,0.0,1.0,0.0,0.0,0.0,660.0,0.0,0.0,0.0,0.0,0.0,0.5670397281646729,0.0
mnist,PU-R,0.0,0.0,66,5,70.0,0.0,1202.2,47.60399142929088,1272.2,47.60399142929088,0.27656548322411256,0.009814809880965553,0.24024,0.007748070727606962,,,,,,,,,1.6156904043979012,0.008806482256737674,0.0,0.0,0.0,0.0,67.0,0.0,0.0,0.0,0.0,0.0,0.5779366731643677,0.00337978592294783
mnist,PU-R,0.0,0.0,660,2,664.0,0.0,29.0,8.0,693.0,8.0,0.1559433660004288,0.0016877248999662697,0.04429999999999995,0.0005000000000000004,,,,,,,,,40.0278888004832,0.1332037434913218,0.0,0.0,0.0,0.0,661.0,0.0,0.0,0.0,0.0,0.0,0.5694904327392578,0.006956875324249267
mnist,PU-R,0.0,0.0,662,2,666.0,0.0,28.5,1.4999999999999998,694.5,1.4999999999999998,0.15626016780151986,0.00031642141402699053,0.044749999999999956,0.002950000000000008,,,,,,,,,40.27453191700624,0.13322936097392812,0.0,0.0,0.0,0.0,663.0,0.0,0.0,0.0,0.0,0.0,0.569855809211731,0.008787274360656738
mnist,PU-R,0.0,0.0,664,2,668.0,0.0,24.0,5.0,692.0,5.0,0.15573262621182948,0.0010548869031481445,0.04425000000000001,0.002950000000000008,,,,,,,,,40.52354150550673,0.1351544655044563,0.0,0.0,0.0,0.0,665.0,0.0,0.0,0.0,0.0,0.0,0.5698235034942627,0.009328722953796387
mnist,PU-R,0.0,0.0,666,2,670.0,0.0,25.0,10.0,695.0,10.0,0.1563650611496996,0.0021094200492370874,0.043999999999999984,0.0015000000000000013,,,,,,,,,40.77294258249458,0.13728199049364775,0.0,0.0,0.0,0.0,667.0,0.0,0.0,0.0,0.0,0.0,0.5684261322021484,0.008008062839508055
mnist,PU-R,0.0,0.0,668,2,672.0,0.0,31.5,19.499999999999996,703.5,19.499999999999996,0.1581560120685026,0.004111438174732029,0.04680000000000001,0.0026999999999999798,,,,,,,,,41.021419254509965,0.13793260147213002,0.0,0.0,0.0,0.0,669.0,0.0,0.0,0.0,0.0,0.0,0.5721700489521027,0.003817766904830932
mnist,PU-R,0.0,0.0,670,2,674.0,0.0,32.0,23.0,706.0,23.0,0.15868222460267134,0.004848729964578524,0.046599999999999975,0.0029000000000000137,,,,,,,,,41.270974415994715,0.1402201890014112,0.0,0.0,0.0,0.0,671.0,0.0,0.0,0.0,0.0,0.0,0.5706604421138763,0.003024131059646606
mnist,PU-R,0.0,0.0,672,2,676.0,0.0,26.0,18.0,702.0,18.0,0.15784005986643024,0.003795485972659662,0.04564999999999997,0.0008500000000000173,,,,,,,,,41.52101983100874,0.14075333101209253,0.0,0.0,0.0,0.0,673.0,0.0,0.0,0.0,0.0,0.0,0.5697345733642578,0.004560708999633788
mnist,PU-R,0.0,0.0,674,2,678.0,0.0,24.0,13.999999999999998,702.0,13.999999999999998,0.15784080902813002,0.002952038601506501,0.045050000000000034,4.9999999999994487e-05,,,,,,,,,41.77318834551261,0.13979432851192541,0.0,0.0,0.0,0.0,675.0,0.0,0.0,0.0,0.0,0.0,0.5686127841472626,0.006459206342697143
mnist,PU-R,0.0,0.0,676,2,680.0,0.0,20.0,10.0,700.0,10.0,0.15741962689207867,0.0021088302601128812,0.044800000000000006,0.00030000000000002247,,,,,,,,,42.02724233499612,0.1418535299890209,0.0,0.0,0.0,0.0,677.0,0.0,0.0,0.0,0.0,0.0,0.567422479391098,0.007290750741958617
mnist,PU-R,0.0,0.0,678,2,682.0,0.0,10.0,6.999999999999999,692.0,6.999999999999999,0.15573248331202194,0.0014768422115594149,0.04165000000000002,0.0012500000000000289,,,,,,,,,42.27912986901356,0.1434955250006169,0.0,0.0,0.0,0.0,679.0,0.0,0.0,0.0,0.0,0.0,0.5645597279071808,0.008097499608993529
mnist,PU-R,0.0,0.0,68,5,72.0,0.0,1148.4,32.277856186556136,1220.4,32.277856186556136,0.26589176669949666,0.00667050789235062,0.22976000000000002,0.006682409744994698,,,,,,,,,1.6648535140091554,0.008375192280929861,0.0,0.0,0.0,0.0,69.0,0.0,0.0,0.0,0.0,0.0,0.5740422129631042,0.005490738601644347
mnist,PU-R,0.0,0.0,680,2,684.0,0.0,7.0,5.0,691.0,5.0,0.15552164270775393,0.0010549465077929199,0.041649999999999965,0.001950000000000007,,,,,,,,,42.536383561004186,0.1448391980084125,0.0,0.0,0.0,0.0,681.0,0.0,0.0,0.0,0.0,0.0,0.5644267201423645,0.00874108076095581
mnist,PU-R,0.0,0.0,682,2,686.0,0.0,8.0,8.0,694.0,8.0,0.15615432610502467,0.0016876299050636587,0.04189999999999999,0.0006999999999999784,,,,,,,,,42.79026753650396,0.14493649647920392,0.5,0.5,0.0,0.0,683.0,0.0,0.0,0.0,0.0,0.0,0.5642639994621277,0.008038759231567383
mnist,PU-R,0.0,0.0,684,1,688.0,0.0,6.0,0.0,694.0,0.0,0.15615470585180447,0.0,0.0403,0.0,,,,,,,,,43.19240386399906,0.0,0.0,0.0,0.0,0.0,685.0,0.0,0.0,0.0,0.0,0.0,0.5546047687530518,0.0
mnist,PU-R,0.0,0.0,686,1,690.0,0.0,13.0,0.0,703.0,0.0,0.15805280942004174,0.0,0.04090000000000005,0.0,,,,,,,,,43.44785186700756,0.0,0.0,0.0,0.0,0.0,687.0,0.0,0.0,0.0,0.0,0.0,0.5556156635284424,0.0
mnist,PU-R,0.0,0.0,688,1,692.0,0.0,11.0,0.0,703.0,0.0,0.15805280942004174,0.0,0.0403,0.0,,,,,,,,,43.70370034099324,0.0,0.0,0.0,0.0,0.0,689.0,0.0,0.0,0.0,0.0,0.0,0.555757999420166,0.0
mnist,PU-R,0.0,0.0,690,1,694.0,0.0,11.0,0.0,705.0,0.0,0.1584744811989367,0.0,0.04149999999999998,0.0,,,,,,,,,43.96015542797977,0.0,0.0,0.0,0.0,0.0,691.0,0.0,0.0,0.0,0.0,0.0,0.5568642616271973,0.0
mnist,PU-R,0.0,0.0,692,1,696.0,0.0,10.0,0.0,706.0,0.0,0.15868529956787825,0.0,0.0413,0.0,,,,,,,,,44.220913312979974,0.0,0.0,0.0,0.0,0.0,693.0,0.0,0.0,0.0,0.0,0.0,0.5563793182373047,0.0
mnist,PU-R,0.0,0.0,694,1,698.0,0.0,10.0,0.0,708.0,0.0,0.15910690155578777,0.0,0.04139999999999999,0.0,,,,,,,,,44.47705602302449,0.0,0.0,0.0,0.0,0.0,695.0,0.0,0.0,0.0,0.0,0.0,0.5571367740631104,0.0
mnist,PU-R,0.0,0.0,696,1,700.0,0.0,3.0,0.0,703.0,0.0,0.15805280942004174,0.0,0.03969999999999996,0.0,,,,,,,,,44.73490285099251,0.0,0.0,0.0,0.0,0.0,697.0,0.0,0.0,0.0,0.0,0.0,0.555205762386322,0.0
mnist,PU-R,0.0,0.0,697,1,701.0,0.0,0.0,0.0,701.0,0.0,0.15763109090039507,0.0,0.038900000000000046,0.0,,,,,,,,,44.87267882202286,0.0,1.0,0.0,0.0,0.0,698.0,0.0,0.0,0.0,0.0,0.0,0.5549713373184204,0.0
mnist,PU-R,0.0,0.0,70,5,74.0,0.0,1113.2,42.88053171312128,1187.2,42.88053171312128,0.25902221952565013,0.008859870873509772,0.22119999999999998,0.005759079787604951,,,,,,,,,1.7145089659956283,0.008375212326820692,0.0,0.0,0.0,0.0,71.0,0.0,0.0,0.0,0.0,0.0,0.576969575881958,0.005677094931646356
mnist,PU-R,0.0,0.0,72,5,76.0,0.0,1141.8,40.68341185298991,1217.8,40.68341185298991,0.26534736159956085,0.008397910551609081,0.22498,0.006378589185705565,,,,,,,,,1.7637030420009978,0.008605928748971545,0.0,0.0,0.0,0.0,73.0,0.0,0.0,0.0,0.0,0.0,0.5761071562767028,0.0052444231568853274
mnist,PU-R,0.0,0.0,74,5,78.0,0.0,1115.0,50.75135466172307,1193.0,50.75135466172307,0.2602118377224542,0.01048007547082154,0.22494,0.0073210381777449995,,,,,,,,,1.8120733553892934,0.008808587881624117,0.0,0.0,0.0,0.0,75.0,0.0,0.0,0.0,0.0,0.0,0.5767391443252563,0.004209873824378558
mnist,PU-R,0.0,0.0,76,5,80.0,0.0,1122.0,54.71105921109552,1202.0,54.71105921109552,0.2620651592966169,0.011317222876635563,0.22321999999999997,0.006840497057962966,,,,,,,,,1.8614951778086835,0.008989292365736196,0.0,0.0,0.0,0.0,77.0,0.0,0.0,0.0,0.0,0.0,0.580800998210907,0.0037054282161763743
mnist,PU-R,0.0,0.0,78,5,82.0,0.0,1083.4,49.47484209171364,1165.4,49.47484209171364,0.2545050374465063,0.010245080228307819,0.21672000000000002,0.007742506054243687,,,,,,,,,1.9104143964126705,0.009571137741209535,0.0,0.0,0.0,0.0,79.0,0.0,0.0,0.0,0.0,0.0,0.5790876030921936,0.002340964914752396
mnist,PU-R,0.0,0.0,8,5,12.0,0.0,1942.0,40.7811230840937,1954.0,40.7811230840937,0.4159010395174846,0.008269459828706173,0.39069999999999994,0.007973455963382505,,,,,,,,,0.22268276539398357,0.001200739878861013,0.0,0.0,0.0,0.0,9.0,0.0,0.0,0.0,0.0,0.0,0.6165657758712768,0.008269670012229004
mnist,PU-R,0.0,0.0,80,5,84.0,0.0,1097.2,44.730750049602335,1181.2,44.730750049602335,0.25777917660307137,0.00925253550444406,0.22046000000000002,0.007288319422198792,,,,,,,,,1.9594539534067734,0.009348780755838818,0.0,0.0,0.0,0.0,81.0,0.0,0.0,0.0,0.0,0.0,0.5825377941131592,0.004029484254419493
mnist,PU-R,0.0,0.0,82,5,86.0,0.0,1057.4,55.1775316591817,1143.4,55.1775316591817,0.24994467531796544,0.011420161534863646,0.21025999999999997,0.009135896234086732,,,,,,,,,2.0100764240021816,0.009444343319794518,0.0,0.0,0.0,0.0,83.0,0.0,0.0,0.0,0.0,0.0,0.5799889922142029,0.005094037935605464
mnist,PU-R,0.0,0.0,84,5,88.0,0.0,1072.0,42.75277768753745,1160.0,42.75277768753745,0.2533967643044889,0.008844206682876988,0.21246,0.007850770662807583,,,,,,,,,2.0603179824072866,0.009444705594764272,0.0,0.0,0.0,0.0,85.0,0.0,0.0,0.0,0.0,0.0,0.5800109744071961,0.005243799490635733
mnist,PU-R,0.0,0.0,86,5,90.0,0.0,1060.4,28.05637182530913,1150.4,28.05637182530913,0.2514243575627916,0.005799157464597088,0.21298,0.005864418129703924,,,,,,,,,2.1115103953983634,0.009832627192480159,0.0,0.0,0.0,0.0,87.0,0.0,0.0,0.0,0.0,0.0,0.5788841366767883,0.005107699530731001
mnist,PU-R,0.0,0.0,88,5,92.0,0.0,1027.2,51.147238439626435,1119.2,51.147238439626435,0.24493785763625056,0.010602103037518478,0.20404,0.008987357787470125,,,,,,,,,2.162261210591532,0.009842390426321446,0.0,0.0,0.0,0.0,89.0,0.0,0.0,0.0,0.0,0.0,0.5771977424621582,0.0028290049924783477
mnist,PU-R,0.0,0.0,90,5,94.0,0.0,994.0,60.91223194071942,1088.0,60.91223194071942,0.23845540762413292,0.012621414249429695,0.19858,0.011211663569693829,,,,,,,,,2.212810920609627,0.010461182038195724,0.0,0.0,0.0,0.0,91.0,0.0,0.0,0.0,0.0,0.0,0.5721917033195496,0.004586978792134732
mnist,PU-R,0.0,0.0,92,5,96.0,0.0,973.6,40.542076907825034,1069.6,40.542076907825034,0.234666829300113,0.008409374070913174,0.19363999999999998,0.007229010997363326,,,,,,,,,2.2627009804011324,0.011265708523332583,0.0,0.0,0.0,0.0,93.0,0.0,0.0,0.0,0.0,0.0,0.5737079739570617,0.0033208595679427647
mnist,PU-R,0.0,0.0,94,5,98.0,0.0,951.4,45.05840654084429,1049.4,45.05840654084429,0.23046721993014216,0.009354930935017653,0.18832,0.008010518085617185,,,,,,,,,2.313050761586055,0.012148480848247727,0.0,0.0,0.0,0.0,95.0,0.0,0.0,0.0,0.0,0.0,0.5734940886497497,0.004201302835847113
mnist,PU-R,0.0,0.0,96,5,100.0,0.0,952.2,39.68803346098166,1052.2,39.68803346098166,0.23105546538718044,0.00823863061513017,0.19078,0.006488713277684572,,,,,,,,,2.363286855595652,0.012557652318600482,0.0,0.0,0.0,0.0,97.0,0.0,0.0,0.0,0.0,0.0,0.5738350629806519,0.004238059441869735
mnist,PU-R,0.0,0.0,98,5,102.0,0.0,962.8,33.804437578519185,1064.8,33.804437578519185,0.2336780030047521,0.007008558479406072,0.19058,0.006855464973289563,,,,,,,,,2.4155850345967336,0.012326074053189905,0.0,0.0,0.0,0.0,99.0,0.0,0.0,0.0,0.0,0.0,0.5742436528205872,0.0035003125577188904
