method,seed,noise_rate,pretrain_fraction,es_budget,step,n_cert,n_pretrain,compression_size,remaining_bad,effective_compression_size,certified_bound,test_error,runtime_sec,stop_reached,hit_limit,train_calls,noise_hit_rate,duplicate_hit_rate,pairwise_feature_cosine
MaxLoss,0,0.0,0.0,50,50,3000,0,54,20,74,0.03462917119031772,0.011199999999999988,0.8711777909775265,0,0,51,0.0,0.037037037037037035,0.8361444473266602
MaxLoss,0,0.0,0.0,100,65,3000,0,69,0,69,0.03264173452043906,0.011299999999999977,0.8930461659911089,1,0,66,0.0,0.028985507246376812,0.821907639503479
MaxLoss,0,0.0,0.0,200,65,3000,0,69,0,69,0.03264173452043906,0.011299999999999977,0.8955692080198787,1,0,66,0.0,0.028985507246376812,0.821907639503479
PU-C,0,0.0,0.0,50,50,3000,0,54,100,154,0.06540102750295773,0.04490000000000005,0.0912824579863809,0,0,51,0.0,0.0,0.85820472240448
PU-C,0,0.0,0.0,100,100,3000,0,104,13,117,0.05135895928833634,0.02070000000000005,0.17142516700550914,0,0,101,0.0,0.028846153846153848,0.8476250767707825
PU-C,0,0.0,0.0,200,108,3000,0,112,0,112,0.04944029700709507,0.017800000000000038,0.22314750001532957,1,0,109,0.0,0.026785714285714284,0.8402699828147888
PU-F,0,0.0,0.0,50,50,3000,0,54,33,87,0.03974871715763584,0.024399999999999977,0.3155012089991942,0,0,51,0.0,0.0,0.8562577366828918
PU-F,0,0.0,0.0,100,98,3000,0,102,0,102,0.0455846541444771,0.015199999999999991,0.4306682500173338,1,0,99,0.0,0.049019607843137254,0.8635322451591492
PU-F,0,0.0,0.0,200,98,3000,0,102,0,102,0.0455846541444771,0.015199999999999991,0.43330587504897267,1,0,99,0.0,0.049019607843137254,0.8635322451591492
PU-G,0,0.0,0.0,50,50,3000,0,54,84,138,0.059359475679229945,0.03420000000000001,0.18062620802083984,0,0,51,0.0,0.037037037037037035,0.7719088196754456
PU-G,0,0.0,0.0,100,100,3000,0,104,13,117,0.05135895928833634,0.016100000000000003,0.2916751660523005,0,0,101,0.0,0.07692307692307693,0.7522822618484497
PU-G,0,0.0,0.0,200,124,3000,0,128,0,128,0.05556067515863106,0.012199999999999989,0.3417525830445811,1,0,125,0.0,0.0703125,0.7428838610649109
MaxLoss,0,0.0,0.1,50,45,2700,300,49,0,49,0.027275555534288287,0.009800000000000031,0.11272604204714298,1,0,46,0.0,0.0,0.9060881733894348
MaxLoss,0,0.0,0.1,100,45,2700,300,49,0,49,0.027275555534288287,0.009800000000000031,0.1158761249971576,1,0,46,0.0,0.0,0.9060881733894348
MaxLoss,0,0.0,0.1,200,45,2700,300,49,0,49,0.027275555534288287,0.009800000000000031,0.11874804203398526,1,0,46,0.0,0.0,0.9060881733894348
PU-C,0,0.0,0.1,50,25,2700,300,29,0,29,0.01794182026060298,0.006299999999999972,0.0898196249618195,1,0,26,0.0,0.034482758620689655,0.8954413533210754
PU-C,0,0.0,0.1,100,25,2700,300,29,0,29,0.01794182026060298,0.006299999999999972,0.09287529200082645,1,0,26,0.0,0.034482758620689655,0.8954413533210754
PU-C,0,0.0,0.1,200,25,2700,300,29,0,29,0.01794182026060298,0.006299999999999972,0.09579950000625104,1,0,26,0.0,0.034482758620689655,0.8954413533210754
PU-F,0,0.0,0.1,50,43,2700,300,47,0,47,0.02636197186075151,0.007800000000000029,0.11261545901652426,1,0,44,0.0,0.0,0.886849045753479
PU-F,0,0.0,0.1,100,43,2700,300,47,0,47,0.02636197186075151,0.007800000000000029,0.1151621249737218,1,0,44,0.0,0.0,0.886849045753479
PU-F,0,0.0,0.1,200,43,2700,300,47,0,47,0.02636197186075151,0.007800000000000029,0.11740870901849121,1,0,44,0.0,0.0,0.886849045753479
PU-G,0,0.0,0.1,50,50,2700,300,54,14,68,0.03580676292767748,0.01200000000000001,0.11570550000760704,0,0,51,0.0,0.0,0.8937892913818359
PU-G,0,0.0,0.1,100,55,2700,300,59,0,59,0.03179569693747908,0.008099999999999996,0.12603604199830443,1,0,56,0.0,0.0,0.8943890333175659
PU-G,0,0.0,0.1,200,55,2700,300,59,0,59,0.03179569693747908,0.008099999999999996,0.12838854198344052,1,0,56,0.0,0.0,0.8943890333175659
MaxLoss,0,0.0,0.2,50,25,2400,600,29,0,29,0.02017558040097356,0.0042999999999999705,0.07976695796241984,1,0,26,0.0,0.034482758620689655,0.8855744004249573
MaxLoss,0,0.0,0.2,100,25,2400,600,29,0,29,0.02017558040097356,0.0042999999999999705,0.08184441697085276,1,0,26,0.0,0.034482758620689655,0.8855744004249573
MaxLoss,0,0.0,0.2,200,25,2400,600,29,0,29,0.02017558040097356,0.0042999999999999705,0.08374745794571936,1,0,26,0.0,0.034482758620689655,0.8855744004249573
PU-C,0,0.0,0.2,50,30,2400,600,34,0,34,0.022852967551443726,0.007199999999999984,0.0934640410123393,1,0,31,0.0,0.08823529411764706,0.888832688331604
PU-C,0,0.0,0.2,100,30,2400,600,34,0,34,0.022852967551443726,0.007199999999999984,0.09556845802580938,1,0,31,0.0,0.08823529411764706,0.888832688331604
PU-C,0,0.0,0.2,200,30,2400,600,34,0,34,0.022852967551443726,0.007199999999999984,0.09772691602120176,1,0,31,0.0,0.08823529411764706,0.888832688331604
PU-F,0,0.0,0.2,50,23,2400,600,27,0,27,0.019091045192908496,0.0047000000000000375,0.09122679196298122,1,0,24,0.0,0.07407407407407407,0.8547935485839844
PU-F,0,0.0,0.2,100,23,2400,600,27,0,27,0.019091045192908496,0.0047000000000000375,0.09311124996747822,1,0,24,0.0,0.07407407407407407,0.8547935485839844
PU-F,0,0.0,0.2,200,23,2400,600,27,0,27,0.019091045192908496,0.0047000000000000375,0.09534208400873467,1,0,24,0.0,0.07407407407407407,0.8547935485839844
PU-G,0,0.0,0.2,50,34,2400,600,38,0,38,0.02496518089901656,0.007099999999999995,0.10453416703967378,1,0,35,0.0,0.02631578947368421,0.8617702126502991
PU-G,0,0.0,0.2,100,34,2400,600,38,0,38,0.02496518089901656,0.007099999999999995,0.106751500046812,1,0,35,0.0,0.02631578947368421,0.8617702126502991
PU-G,0,0.0,0.2,200,34,2400,600,38,0,38,0.02496518089901656,0.007099999999999995,0.10886666702572256,1,0,35,0.0,0.02631578947368421,0.8617702126502991
MaxLoss,0,0.0,0.3,50,22,2100,900,26,0,26,0.02118325181072578,0.0049000000000000155,0.1048241660464555,1,0,23,0.0,0.0,0.8298300504684448
MaxLoss,0,0.0,0.3,100,22,2100,900,26,0,26,0.02118325181072578,0.0049000000000000155,0.10692245804239064,1,0,23,0.0,0.0,0.8298300504684448
MaxLoss,0,0.0,0.3,200,22,2100,900,26,0,26,0.02118325181072578,0.0049000000000000155,0.10879129101522267,1,0,23,0.0,0.0,0.8298300504684448
PU-C,0,0.0,0.3,50,22,2100,900,26,0,26,0.02118325181072578,0.0044999999999999485,0.10885916597908363,1,0,23,0.0,0.0,0.841343879699707
PU-C,0,0.0,0.3,100,22,2100,900,26,0,26,0.02118325181072578,0.0044999999999999485,0.11094400001456961,1,0,23,0.0,0.0,0.841343879699707
PU-C,0,0.0,0.3,200,22,2100,900,26,0,26,0.02118325181072578,0.0044999999999999485,0.1129413329763338,1,0,23,0.0,0.0,0.841343879699707
PU-F,0,0.0,0.3,50,31,2100,900,35,0,35,0.02670720242895186,0.0044999999999999485,0.12601054197875783,1,0,32,0.0,0.0,0.8435606360435486
PU-F,0,0.0,0.3,100,31,2100,900,35,0,35,0.02670720242895186,0.0044999999999999485,0.12813500000629574,1,0,32,0.0,0.0,0.8435606360435486
PU-F,0,0.0,0.3,200,31,2100,900,35,0,35,0.02670720242895186,0.0044999999999999485,0.13025924999965355,1,0,32,0.0,0.0,0.8435606360435486
PU-G,0,0.0,0.3,50,27,2100,900,31,0,31,0.02427371428348124,0.0037000000000000366,0.12119299999903888,1,0,28,0.0,0.0,0.7708287239074707
PU-G,0,0.0,0.3,100,27,2100,900,31,0,31,0.02427371428348124,0.0037000000000000366,0.12349779100622982,1,0,28,0.0,0.0,0.7708287239074707
PU-G,0,0.0,0.3,200,27,2100,900,31,0,31,0.02427371428348124,0.0037000000000000366,0.12564491602825,1,0,28,0.0,0.0,0.7708287239074707
MaxLoss,0,0.0,0.4,50,26,1800,1200,30,0,30,0.027582303388044238,0.006199999999999983,0.1341550000361167,1,0,27,0.0,0.0,0.8670575022697449
MaxLoss,0,0.0,0.4,100,26,1800,1200,30,0,30,0.027582303388044238,0.006199999999999983,0.13651787501294166,1,0,27,0.0,0.0,0.8670575022697449
MaxLoss,0,0.0,0.4,200,26,1800,1200,30,0,30,0.027582303388044238,0.006199999999999983,0.13865116698434576,1,0,27,0.0,0.0,0.8670575022697449
PU-C,0,0.0,0.4,50,31,1800,1200,35,0,35,0.03113263612613082,0.00660000000000005,0.14173087500967085,1,0,32,0.0,0.0,0.8417289853096008
PU-C,0,0.0,0.4,100,31,1800,1200,35,0,35,0.03113263612613082,0.00660000000000005,0.14377387502463534,1,0,32,0.0,0.0,0.8417289853096008
PU-C,0,0.0,0.4,200,31,1800,1200,35,0,35,0.03113263612613082,0.00660000000000005,0.14590912504354492,1,0,32,0.0,0.0,0.8417289853096008
PU-F,0,0.0,0.4,50,26,1800,1200,30,0,30,0.027582303388044238,0.005600000000000049,0.14026833302341402,1,0,27,0.0,0.0,0.8359864950180054
PU-F,0,0.0,0.4,100,26,1800,1200,30,0,30,0.027582303388044238,0.005600000000000049,0.14241870801197365,1,0,27,0.0,0.0,0.8359864950180054
PU-F,0,0.0,0.4,200,26,1800,1200,30,0,30,0.027582303388044238,0.005600000000000049,0.14452191605232656,1,0,27,0.0,0.0,0.8359864950180054
PU-G,0,0.0,0.4,50,25,1800,1200,29,0,29,0.026864898565690964,0.0037000000000000366,0.13972670800285414,1,0,26,0.0,0.0,0.7821844220161438
PU-G,0,0.0,0.4,100,25,1800,1200,29,0,29,0.026864898565690964,0.0037000000000000366,0.14159262500470504,1,0,26,0.0,0.0,0.7821844220161438
PU-G,0,0.0,0.4,200,25,1800,1200,29,0,29,0.026864898565690964,0.0037000000000000366,0.14388570800656453,1,0,26,0.0,0.0,0.7821844220161438
MaxLoss,0,0.0,0.5,50,9,1500,1500,13,0,13,0.017839504580479115,0.0040000000000000036,0.13370300002861768,1,0,10,0.0,0.0,0.7394444346427917
MaxLoss,0,0.0,0.5,100,9,1500,1500,13,0,13,0.017839504580479115,0.0040000000000000036,0.1358308750204742,1,0,10,0.0,0.0,0.7394444346427917
MaxLoss,0,0.0,0.5,200,9,1500,1500,13,0,13,0.017839504580479115,0.0040000000000000036,0.13783158402657136,1,0,10,0.0,0.0,0.7394444346427917
PU-C,0,0.0,0.5,50,7,1500,1500,11,0,11,0.015915791620500386,0.0032999999999999696,0.13356658298289403,1,0,8,0.0,0.0,0.6769981980323792
PU-C,0,0.0,0.5,100,7,1500,1500,11,0,11,0.015915791620500386,0.0032999999999999696,0.13564495800528675,1,0,8,0.0,0.0,0.6769981980323792
PU-C,0,0.0,0.5,200,7,1500,1500,11,0,11,0.015915791620500386,0.0032999999999999696,0.13792354200268164,1,0,8,0.0,0.0,0.6769981980323792
PU-F,0,0.0,0.5,50,14,1500,1500,18,0,18,0.022487208247184753,0.006000000000000005,0.1433505000313744,1,0,15,0.0,0.0,0.8039473295211792
PU-F,0,0.0,0.5,100,14,1500,1500,18,0,18,0.022487208247184753,0.006000000000000005,0.1454420000081882,1,0,15,0.0,0.0,0.8039473295211792
PU-F,0,0.0,0.5,200,14,1500,1500,18,0,18,0.022487208247184753,0.006000000000000005,0.14773850003257394,1,0,15,0.0,0.0,0.8039473295211792
PU-G,0,0.0,0.5,50,18,1500,1500,22,0,22,0.02608497691107914,0.0048000000000000265,0.14799654099624604,1,0,19,0.0,0.0,0.7255277037620544
PU-G,0,0.0,0.5,100,18,1500,1500,22,0,22,0.02608497691107914,0.0048000000000000265,0.15008991595823318,1,0,19,0.0,0.0,0.7255277037620544
PU-G,0,0.0,0.5,200,18,1500,1500,22,0,22,0.02608497691107914,0.0048000000000000265,0.15234712499659508,1,0,19,0.0,0.0,0.7255277037620544
MaxLoss,0,0.0,0.6,50,12,1200,1800,16,0,16,0.025781950331293046,0.005499999999999949,0.1651947500067763,1,0,13,0.0,0.0625,0.7091673016548157
MaxLoss,0,0.0,0.6,100,12,1200,1800,16,0,16,0.025781950331293046,0.005499999999999949,0.16788774996530265,1,0,13,0.0,0.0625,0.7091673016548157
MaxLoss,0,0.0,0.6,200,12,1200,1800,16,0,16,0.025781950331293046,0.005499999999999949,0.17093262501293793,1,0,13,0.0,0.0625,0.7091673016548157
PU-C,0,0.0,0.6,50,17,1200,1800,21,0,21,0.03144788567442447,0.006000000000000005,0.1711762499762699,1,0,18,0.0,0.047619047619047616,0.8011261224746704
PU-C,0,0.0,0.6,100,17,1200,1800,21,0,21,0.03144788567442447,0.006000000000000005,0.17362679197685793,1,0,18,0.0,0.047619047619047616,0.8011261224746704
PU-C,0,0.0,0.6,200,17,1200,1800,21,0,21,0.03144788567442447,0.006000000000000005,0.1757299589808099,1,0,18,0.0,0.047619047619047616,0.8011261224746704
PU-F,0,0.0,0.6,50,9,1200,1800,13,0,13,0.022273400623816997,0.005299999999999971,0.16464679199270904,1,0,10,0.0,0.07692307692307693,0.7434936761856079
PU-F,0,0.0,0.6,100,9,1200,1800,13,0,13,0.022273400623816997,0.005299999999999971,0.16661175002809614,1,0,10,0.0,0.07692307692307693,0.7434936761856079
PU-F,0,0.0,0.6,200,9,1200,1800,13,0,13,0.022273400623816997,0.005299999999999971,0.1686737920390442,1,0,10,0.0,0.07692307692307693,0.7434936761856079
PU-G,0,0.0,0.6,50,6,1200,1800,10,0,10,0.018649740784894675,0.0023999999999999577,0.16184441704535857,1,0,7,0.0,0.1,0.6610970497131348
PU-G,0,0.0,0.6,100,6,1200,1800,10,0,10,0.018649740784894675,0.0023999999999999577,0.16406591702252626,1,0,7,0.0,0.1,0.6610970497131348
PU-G,0,0.0,0.6,200,6,1200,1800,10,0,10,0.018649740784894675,0.0023999999999999577,0.16623304202221334,1,0,7,0.0,0.1,0.6610970497131348
MaxLoss,0,0.0,0.7,50,5,900,2100,9,0,9,0.023171695414930582,0.0039000000000000146,0.1904122920241207,1,0,6,0.0,0.1111111111111111,0.6730473041534424
MaxLoss,0,0.0,0.7,100,5,900,2100,9,0,9,0.023171695414930582,0.0039000000000000146,0.19407929200679064,1,0,6,0.0,0.1111111111111111,0.6730473041534424
MaxLoss,0,0.0,0.7,200,5,900,2100,9,0,9,0.023171695414930582,0.0039000000000000146,0.19771387503715232,1,0,6,0.0,0.1111111111111111,0.6730473041534424
PU-C,0,0.0,0.7,50,7,900,2100,11,0,11,0.02644878235878423,0.0040999999999999925,0.19243258400820196,1,0,8,0.0,0.09090909090909091,0.7180951833724976
PU-C,0,0.0,0.7,100,7,900,2100,11,0,11,0.02644878235878423,0.0040999999999999925,0.19450612500077114,1,0,8,0.0,0.09090909090909091,0.7180951833724976
PU-C,0,0.0,0.7,200,7,900,2100,11,0,11,0.02644878235878423,0.0040999999999999925,0.19658395904116333,1,0,8,0.0,0.09090909090909091,0.7180951833724976
PU-F,0,0.0,0.7,50,9,900,2100,13,0,13,0.029640178836416453,0.00649999999999995,0.1849849580321461,1,0,10,0.0,0.07692307692307693,0.7590944170951843
PU-F,0,0.0,0.7,100,9,900,2100,13,0,13,0.029640178836416453,0.00649999999999995,0.18702341604512185,1,0,10,0.0,0.07692307692307693,0.7590944170951843
PU-F,0,0.0,0.7,200,9,900,2100,13,0,13,0.029640178836416453,0.00649999999999995,0.18888200004585087,1,0,10,0.0,0.07692307692307693,0.7590944170951843
PU-G,0,0.0,0.7,50,6,900,2100,10,0,10,0.024822357401717454,0.0016000000000000458,0.18261437502223998,1,0,7,0.0,0.1,0.6482167840003967
PU-G,0,0.0,0.7,100,6,900,2100,10,0,10,0.024822357401717454,0.0016000000000000458,0.18475333403330296,1,0,7,0.0,0.1,0.6482167840003967
PU-G,0,0.0,0.7,200,6,900,2100,10,0,10,0.024822357401717454,0.0016000000000000458,0.18697166704805568,1,0,7,0.0,0.1,0.6482167840003967
MaxLoss,0,0.0,0.8,50,0,600,2400,4,0,4,0.021501237817574292,0.005600000000000049,0.1965787920053117,1,0,1,0.0,0.0,0.33313217759132385
MaxLoss,0,0.0,0.8,100,0,600,2400,4,0,4,0.021501237817574292,0.005600000000000049,0.19871879200218245,1,0,1,0.0,0.0,0.33313217759132385
MaxLoss,0,0.0,0.8,200,0,600,2400,4,0,4,0.021501237817574292,0.005600000000000049,0.20067891699727625,1,0,1,0.0,0.0,0.33313217759132385
PU-C,0,0.0,0.8,50,2,600,2400,6,0,6,0.026965588273014873,0.0016000000000000458,0.1975623750477098,1,0,3,0.0,0.0,0.5292083024978638
PU-C,0,0.0,0.8,100,2,600,2400,6,0,6,0.026965588273014873,0.0016000000000000458,0.19982287503080443,1,0,3,0.0,0.0,0.5292083024978638
PU-C,0,0.0,0.8,200,2,600,2400,6,0,6,0.026965588273014873,0.0016000000000000458,0.20194270799402148,1,0,3,0.0,0.0,0.5292083024978638
PU-F,0,0.0,0.8,50,1,600,2400,5,0,5,0.024279373232275248,0.0044999999999999485,0.1964333330397494,1,0,2,0.0,0.0,0.3962211012840271
PU-F,0,0.0,0.8,100,1,600,2400,5,0,5,0.024279373232275248,0.0044999999999999485,0.1986907499958761,1,0,2,0.0,0.0,0.3962211012840271
PU-F,0,0.0,0.8,200,1,600,2400,5,0,5,0.024279373232275248,0.0044999999999999485,0.2006948750349693,1,0,2,0.0,0.0,0.3962211012840271
PU-G,0,0.0,0.8,50,2,600,2400,6,0,6,0.026965588273014873,0.0023999999999999577,0.19783725001616403,1,0,3,0.0,0.0,0.530048131942749
PU-G,0,0.0,0.8,100,2,600,2400,6,0,6,0.026965588273014873,0.0023999999999999577,0.19985095801530406,1,0,3,0.0,0.0,0.530048131942749
PU-G,0,0.0,0.8,200,2,600,2400,6,0,6,0.026965588273014873,0.0023999999999999577,0.20220941602019593,1,0,3,0.0,0.0,0.530048131942749
MaxLoss,0,0.4,0.0,50,50,3000,0,54,352,406,0.1572520800982602,0.08730000000000004,0.057360832986887544,0,0,51,0.3148148148148148,0.3148148148148148,0.7891256213188171
MaxLoss,0,0.4,0.0,100,100,3000,0,104,357,461,0.17681169032584876,0.08979999999999999,0.11931604199344292,0,0,101,0.28846153846153844,0.34615384615384615,0.7251380085945129
MaxLoss,0,0.4,0.0,200,200,3000,0,204,253,457,0.17539314867462963,0.07140000000000002,0.3034420420299284,0,1,201,0.28921568627450983,0.4166666666666667,0.5436508059501648
PU-C,0,0.4,0.0,50,50,3000,0,54,1134,1188,0.4279616988496855,0.38770000000000004,0.26908095902763307,0,0,51,0.3148148148148148,0.35185185185185186,0.8060389757156372
PU-C,0,0.4,0.0,100,100,3000,0,104,475,579,0.21841504727490246,0.138,0.5796159590245225,0,0,101,0.2692307692307692,0.40384615384615385,0.7878015041351318
PU-C,0,0.4,0.0,200,200,3000,0,204,228,432,0.16651347110746428,0.06879999999999997,1.5423729169997387,0,1,201,0.29411764705882354,0.3872549019607843,0.5845974087715149
PU-F,0,0.4,0.0,50,50,3000,0,54,443,497,0.189552646887023,0.11699999999999999,0.5176653750240803,0,0,51,0.3888888888888889,0.42592592592592593,0.7480701804161072
PU-F,0,0.4,0.0,100,100,3000,0,104,363,467,0.17893839586758986,0.10160000000000002,1.3675761670456268,0,0,101,0.25,0.38461538461538464,0.6918609142303467
PU-F,0,0.4,0.0,200,200,3000,0,204,136,340,0.1336057098233141,0.021700000000000053,2.735276249994058,0,1,201,0.25980392156862747,0.37745098039215685,0.5437219738960266
PU-G,0,0.4,0.0,50,50,3000,0,54,459,513,0.19520097953500226,0.12239999999999995,0.5184145839884877,0,0,51,0.4074074074074074,0.4074074074074074,0.813017725944519
PU-G,0,0.4,0.0,100,100,3000,0,104,438,542,0.20541747816605493,0.12419999999999998,1.2668058749986812,0,0,101,0.33653846153846156,0.4326923076923077,0.7953910827636719
PU-G,0,0.4,0.0,200,200,3000,0,204,301,505,0.19237787678139284,0.07750000000000001,2.933702791982796,0,1,201,0.2647058823529412,0.39705882352941174,0.6792050004005432
MaxLoss,0,0.4,0.1,50,50,2700,300,54,439,493,0.2087304093874991,0.121,0.23937812499934807,0,0,51,0.37037037037037035,0.37037037037037035,0.9158603549003601
MaxLoss,0,0.4,0.1,100,100,2700,300,104,315,419,0.17962965974584222,0.08850000000000002,0.3007215000106953,0,0,101,0.2692307692307692,0.2692307692307692,0.9169623851776123
MaxLoss,0,0.4,0.1,200,200,2700,300,204,204,408,0.17528291005874053,0.05689999999999995,0.4678554580314085,0,1,201,0.25980392156862747,0.35294117647058826,0.678043007850647
PU-C,0,0.4,0.1,50,50,2700,300,54,424,478,0.20285028783837333,0.13480000000000003,0.36176437500398606,0,0,51,0.48148148148148145,0.5,0.9316843152046204
PU-C,0,0.4,0.1,100,100,2700,300,104,486,590,0.24655353667913005,0.1643,0.7162918340181932,0,0,101,0.25,0.3173076923076923,0.9496886134147644
PU-C,0,0.4,0.1,200,200,2700,300,204,288,492,0.20833867968758568,0.09230000000000005,1.4547610419685952,0,1,201,0.25980392156862747,0.3235294117647059,0.5980323553085327
PU-F,0,0.4,0.1,50,50,2700,300,54,447,501,0.21186284010764211,0.1291,0.47215141699416563,0,0,51,0.5,0.5,0.9146175980567932
PU-F,0,0.4,0.1,100,100,2700,300,104,341,445,0.1898813213338144,0.09940000000000004,1.3751428329851478,0,0,101,0.38461538461538464,0.4519230769230769,0.9296067357063293
PU-F,0,0.4,0.1,200,200,2700,300,204,271,475,0.20167317549930885,0.09950000000000003,3.1049117079819553,0,1,201,0.31862745098039214,0.39215686274509803,0.6685665845870972
PU-G,0,0.4,0.1,50,50,2700,300,54,391,445,0.1898813213338144,0.10260000000000002,0.4660234579932876,0,0,51,0.3888888888888889,0.42592592592592593,0.8885185718536377
PU-G,0,0.4,0.1,100,100,2700,300,104,333,437,0.18673023959854618,0.0857,1.2081294169765897,0,0,101,0.27884615384615385,0.33653846153846156,0.8559592962265015
PU-G,0,0.4,0.1,200,200,2700,300,204,249,453,0.19302957772742957,0.060699999999999976,2.4897153749479912,0,1,201,0.2107843137254902,0.27450980392156865,0.617113471031189
MaxLoss,0,0.4,0.2,50,50,2400,600,54,258,312,0.15398462070152164,0.08740000000000003,0.26154216699069366,0,0,51,0.24074074074074073,0.2777777777777778,0.9066854119300842
MaxLoss,0,0.4,0.2,100,100,2400,600,104,201,305,0.1508327735355124,0.05720000000000003,0.31948858295800164,0,0,101,0.25961538461538464,0.33653846153846156,0.9126057028770447
MaxLoss,0,0.4,0.2,200,200,2400,600,204,192,396,0.19153341837227345,0.06240000000000001,0.480659291963093,0,1,201,0.28921568627450983,0.35294117647058826,0.6290253400802612
PU-C,0,0.4,0.2,50,50,2400,600,54,365,419,0.20173710939707235,0.10770000000000002,0.32843087502988055,0,0,51,0.37037037037037035,0.3888888888888889,0.937669575214386
PU-C,0,0.4,0.2,100,100,2400,600,104,232,336,0.16476242971839383,0.06630000000000003,0.5731208340148441,0,0,101,0.2403846153846154,0.40384615384615385,0.9504547715187073
PU-C,0,0.4,0.2,200,200,2400,600,204,271,475,0.22646199946757406,0.12129999999999996,1.1945924590108916,0,1,201,0.28431372549019607,0.39215686274509803,0.6812077760696411
PU-F,0,0.4,0.2,50,50,2400,600,54,431,485,0.23086070065619424,0.15269999999999995,0.6006908330018632,0,0,51,0.25925925925925924,0.2962962962962963,0.7362719774246216
PU-F,0,0.4,0.2,100,100,2400,600,104,260,364,0.17728461133083329,0.09299999999999997,1.1075740830274299,0,0,101,0.18269230769230768,0.23076923076923078,0.7207196354866028
PU-F,0,0.4,0.2,200,200,2400,600,204,90,294,0.1458718500798568,0.007800000000000029,2.013556874997448,0,1,201,0.25980392156862747,0.38235294117647056,0.47117772698402405
PU-G,0,0.4,0.2,50,50,2400,600,54,289,343,0.167898025654722,0.07030000000000003,0.4152444999781437,0,0,51,0.3148148148148148,0.35185185185185186,0.8265188932418823
PU-G,0,0.4,0.2,100,100,2400,600,104,233,337,0.16521058464422822,0.05889999999999995,0.8684198329574428,0,0,101,0.23076923076923078,0.2692307692307692,0.7384158372879028
PU-G,0,0.4,0.2,200,200,2400,600,204,190,394,0.1906446969951503,0.05059999999999998,1.9150219580042176,0,1,201,0.22058823529411764,0.28431372549019607,0.6275196671485901
MaxLoss,0,0.4,0.3,50,50,2100,900,54,266,320,0.17975253699114546,0.07889999999999997,0.2714290829608217,0,0,51,0.4074074074074074,0.46296296296296297,0.470528244972229
MaxLoss,0,0.4,0.3,100,100,2100,900,104,184,288,0.16332183312624693,0.053300000000000014,0.32625266595277935,0,0,101,0.3269230769230769,0.47115384615384615,0.4555039703845978
MaxLoss,0,0.4,0.3,200,200,2100,900,204,106,310,0.17462837119819596,0.0504,0.4786421249737032,0,1,201,0.3284313725490196,0.4950980392156863,0.4332455098628998
PU-C,0,0.4,0.3,50,50,2100,900,54,286,340,0.18997423280961812,0.11119999999999997,0.3123943329555914,0,0,51,0.2777777777777778,0.3333333333333333,0.4919922351837158
PU-C,0,0.4,0.3,100,100,2100,900,104,254,358,0.19914505875203758,0.10709999999999997,0.4682982499944046,0,0,101,0.28846153846153844,0.3942307692307692,0.5435906648635864
PU-C,0,0.4,0.3,200,200,2100,900,204,123,327,0.1833340873126872,0.03720000000000001,0.9280512499972247,0,1,201,0.30392156862745096,0.4117647058823529,0.6580411791801453
PU-F,0,0.4,0.3,50,50,2100,900,54,262,316,0.17770396766718477,0.09640000000000004,0.41648479201830924,0,0,51,0.48148148148148145,0.5925925925925926,0.4743219316005707
PU-F,0,0.4,0.3,100,100,2100,900,104,208,312,0.17565393936820328,0.09189999999999998,0.7566079170210287,0,0,101,0.3269230769230769,0.4423076923076923,0.5246945023536682
PU-F,0,0.4,0.3,200,200,2100,900,204,102,306,0.17257611255627126,0.054400000000000004,1.6177720840205438,0,1,201,0.3284313725490196,0.4362745098039216,0.4639739990234375
PU-G,0,0.4,0.3,50,50,2100,900,54,305,359,0.19965378619963303,0.10170000000000001,0.4061402090010233,0,0,51,0.37037037037037035,0.42592592592592593,0.7978112697601318
PU-G,0,0.4,0.3,100,100,2100,900,104,187,291,0.1648664412787184,0.05920000000000003,0.6378407499869354,0,0,101,0.3173076923076923,0.4423076923076923,0.8002263307571411
PU-G,0,0.4,0.3,200,200,2100,900,204,131,335,0.18742203922010958,0.04359999999999997,1.5117075419984758,0,1,201,0.29411764705882354,0.3872549019607843,0.663661777973175
MaxLoss,0,0.4,0.4,50,50,1800,1200,54,266,320,0.209174505318515,0.11660000000000004,0.2926410000072792,0,0,51,0.2962962962962963,0.35185185185185186,0.7356310486793518
MaxLoss,0,0.4,0.4,100,100,1800,1200,104,212,316,0.20679466263391078,0.1049,0.34226362500339746,0,0,101,0.25961538461538464,0.3557692307692308,0.7590993642807007
MaxLoss,0,0.4,0.4,200,200,1800,1200,204,52,256,0.17086683184606954,0.021399999999999975,0.4869045829982497,0,1,201,0.29901960784313725,0.4117647058823529,0.5905058979988098
PU-C,0,0.4,0.4,50,50,1800,1200,54,184,238,0.1599940785090439,0.056400000000000006,0.33825979102402925,0,0,51,0.3148148148148148,0.42592592592592593,0.8697066903114319
PU-C,0,0.4,0.4,100,100,1800,1200,104,106,210,0.14297860953956842,0.032399999999999984,0.5120290410122834,0,0,101,0.3076923076923077,0.41346153846153844,0.8698288202285767
PU-C,0,0.4,0.4,200,200,1800,1200,204,122,326,0.212740981252864,0.07879999999999998,0.999678332998883,0,1,201,0.31862745098039214,0.46078431372549017,0.5798200964927673
PU-F,0,0.4,0.4,50,50,1800,1200,54,191,245,0.1642281228560023,0.06010000000000004,0.4390458340058103,0,0,51,0.2962962962962963,0.35185185185185186,0.8065694570541382
PU-F,0,0.4,0.4,100,100,1800,1200,104,157,261,0.1738786695059389,0.05400000000000005,0.7003889170009643,0,0,101,0.33653846153846156,0.4519230769230769,0.8213708996772766
PU-F,0,0.4,0.4,200,200,1800,1200,204,55,259,0.1726743567851372,0.030299999999999994,1.4707942500244826,0,1,201,0.28921568627450983,0.4068627450980392,0.5503982305526733
PU-G,0,0.4,0.4,50,50,1800,1200,54,214,268,0.1780894099501893,0.07089999999999996,0.39607895800145343,0,0,51,0.3148148148148148,0.3333333333333333,0.8948705792427063
PU-G,0,0.4,0.4,100,100,1800,1200,104,179,283,0.18709041172405705,0.05820000000000003,0.5574204160366207,0,0,101,0.25961538461538464,0.3173076923076923,0.8450473546981812
PU-G,0,0.4,0.4,200,200,1800,1200,204,70,274,0.1816933449008502,0.04059999999999997,1.2328740829834715,0,1,201,0.24019607843137256,0.3284313725490196,0.7936909794807434
MaxLoss,0,0.4,0.5,50,50,1500,1500,54,120,174,0.14469464193098247,0.08589999999999998,0.2967276659910567,0,0,51,0.4444444444444444,0.46296296296296297,0.7027880549430847
MaxLoss,0,0.4,0.5,100,100,1500,1500,104,105,209,0.1703589155804366,0.08640000000000003,0.346240041020792,0,0,101,0.4423076923076923,0.5,0.7809637188911438
MaxLoss,0,0.4,0.5,200,200,1500,1500,204,10,214,0.1740008780034259,0.009499999999999953,0.4817435829900205,0,1,201,0.36764705882352944,0.5196078431372549,0.6036343574523926
PU-C,0,0.4,0.5,50,50,1500,1500,54,239,293,0.23088963312329724,0.15480000000000005,0.3586462080129422,0,0,51,0.37037037037037035,0.3888888888888889,0.8279224634170532
PU-C,0,0.4,0.5,100,100,1500,1500,104,190,294,0.23160282074240968,0.139,0.4512062080320902,0,0,101,0.33653846153846156,0.36538461538461536,0.844249963760376
PU-C,0,0.4,0.5,200,200,1500,1500,204,66,270,0.2144423031131737,0.07210000000000005,0.903296375006903,0,1,201,0.35294117647058826,0.46078431372549017,0.5550145506858826
PU-F,0,0.4,0.5,50,50,1500,1500,54,147,201,0.16451980493729934,0.08609999999999995,0.4277001669979654,0,0,51,0.2777777777777778,0.4074074074074074,0.5480735301971436
PU-F,0,0.4,0.5,100,100,1500,1500,104,105,209,0.1703589155804366,0.0807,0.5536226669792086,0,0,101,0.27884615384615385,0.41346153846153844,0.5308252573013306
PU-F,0,0.4,0.5,200,200,1500,1500,204,38,242,0.1942972094984725,0.025599999999999956,0.8155082080047578,0,1,201,0.3235294117647059,0.4950980392156863,0.6609033346176147
PU-G,0,0.4,0.5,50,50,1500,1500,54,94,148,0.1254054086166434,0.054400000000000004,0.3976114169927314,0,0,51,0.46296296296296297,0.46296296296296297,0.770885169506073
PU-G,0,0.4,0.5,100,100,1500,1500,104,121,225,0.18199383554747328,0.09419999999999995,0.5285486249485984,0,0,101,0.3269230769230769,0.4423076923076923,0.770431399345398
PU-G,0,0.4,0.5,200,200,1500,1500,204,44,248,0.19862606265814975,0.0131,0.9557589169708081,0,1,201,0.2696078431372549,0.4215686274509804,0.6968578696250916
MaxLoss,0,0.4,0.6,50,50,1200,1800,54,117,171,0.1774157247855328,0.06840000000000002,0.337977624963969,0,0,51,0.37037037037037035,0.42592592592592593,0.44835522770881653
MaxLoss,0,0.4,0.6,100,100,1200,1800,104,72,176,0.18199927237583324,0.04500000000000004,0.38459241698728874,0,0,101,0.3173076923076923,0.4423076923076923,0.5208191275596619
MaxLoss,0,0.4,0.6,200,200,1200,1800,204,19,223,0.22466660110512748,0.03420000000000001,0.5053844169597141,0,1,201,0.29411764705882354,0.44607843137254904,0.5482824444770813
PU-C,0,0.4,0.6,50,50,1200,1800,54,80,134,0.143171914271079,0.03869999999999996,0.3828115420183167,0,0,51,0.3333333333333333,0.37037037037037035,0.5420212149620056
PU-C,0,0.4,0.6,100,100,1200,1800,104,55,159,0.166375205561053,0.04059999999999997,0.45721712498925626,0,0,101,0.33653846153846156,0.4326923076923077,0.5964593887329102
PU-C,0,0.4,0.6,200,193,1200,1800,197,0,197,0.20115190133219585,0.015800000000000036,0.6320016669924371,1,0,194,0.34517766497461927,0.45685279187817257,0.5991228818893433
PU-F,0,0.4,0.6,50,50,1200,1800,54,91,145,0.1534174442058429,0.035699999999999954,0.4252429999760352,0,0,51,0.2777777777777778,0.37037037037037035,0.49194976687431335
PU-F,0,0.4,0.6,100,100,1200,1800,104,61,165,0.17190271243453026,0.029900000000000038,0.6731316249934025,0,0,101,0.28846153846153844,0.36538461538461536,0.5626888871192932
PU-F,0,0.4,0.6,200,200,1200,1800,204,24,228,0.22916585637722164,0.037799999999999945,0.9435125419986434,0,1,201,0.28921568627450983,0.45588235294117646,0.6583535075187683
PU-G,0,0.4,0.6,50,50,1200,1800,54,61,115,0.1253223117091693,0.0044999999999999485,0.5628637499758042,0,0,51,0.14814814814814814,0.25925925925925924,0.7181956768035889
PU-G,0,0.4,0.6,100,100,1200,1800,104,37,141,0.149698699999135,0.008499999999999952,0.6585366249782965,0,0,101,0.3076923076923077,0.40384615384615385,0.7944644093513489
PU-G,0,0.4,0.6,200,200,1200,1800,204,27,231,0.23186207801336423,0.04359999999999997,1.1030892910202965,0,1,201,0.29411764705882354,0.4411764705882353,0.5127714276313782
MaxLoss,0,0.4,0.7,50,50,900,2100,54,100,154,0.21435099828522652,0.1281,0.36189179203938693,0,0,51,0.3333333333333333,0.46296296296296297,0.6760784387588501
MaxLoss,0,0.4,0.7,100,100,900,2100,104,66,170,0.23379808117169887,0.10860000000000003,0.40653404203476384,0,0,101,0.36538461538461536,0.5192307692307693,0.7031367421150208
MaxLoss,0,0.4,0.7,200,130,900,2100,134,0,134,0.1898119124234654,0.020199999999999996,0.4386548339971341,1,0,131,0.3358208955223881,0.4701492537313433,0.7721436619758606
PU-C,0,0.4,0.7,50,50,900,2100,54,57,111,0.1612193948822096,0.03369999999999995,0.28898866596864536,0,0,51,0.3333333333333333,0.35185185185185186,0.7896852493286133
PU-C,0,0.4,0.7,100,100,900,2100,104,26,130,0.1848700157715939,0.0343,0.3481189999729395,0,0,101,0.3557692307692308,0.5192307692307693,0.8352025151252747
PU-C,0,0.4,0.7,200,136,900,2100,140,0,140,0.1972026217263192,0.01990000000000003,0.40010929096024483,1,0,137,0.32142857142857145,0.4714285714285714,0.8141617774963379
PU-F,0,0.4,0.7,50,50,900,2100,54,83,137,0.19351051998091862,0.06240000000000001,0.3098592919996008,0,0,51,0.2222222222222222,0.3333333333333333,0.6048180460929871
PU-F,0,0.4,0.7,100,100,900,2100,104,19,123,0.17619179299799725,0.013299999999999979,0.3917095420183614,0,0,101,0.27884615384615385,0.40384615384615385,0.6861353516578674
PU-F,0,0.4,0.7,200,150,900,2100,154,0,154,0.21435099828522652,0.026900000000000035,0.48136804200476035,1,0,151,0.2857142857142857,0.44155844155844154,0.5749682784080505
PU-G,0,0.4,0.7,50,50,900,2100,54,75,129,0.18363263586070389,0.07399999999999995,0.4277299160021357,0,0,51,0.2962962962962963,0.42592592592592593,0.6919292211532593
PU-G,0,0.4,0.7,100,100,900,2100,104,53,157,0.21800909284502268,0.06689999999999996,0.5145333749824204,0,0,101,0.3557692307692308,0.4807692307692308,0.7460886240005493
PU-G,0,0.4,0.7,200,169,900,2100,173,0,173,0.23742782464250922,0.014599999999999946,0.6415547910146415,1,0,170,0.26011560693641617,0.4393063583815029,0.5769500732421875
MaxLoss,0,0.4,0.8,50,50,600,2400,54,24,78,0.17738001240650192,0.05779999999999996,0.366861832968425,0,0,51,0.37037037037037035,0.6111111111111112,0.43893399834632874
MaxLoss,0,0.4,0.8,100,86,600,2400,90,0,90,0.2001374858082272,0.049900000000000055,0.39431033295113593,1,0,87,0.37777777777777777,0.5777777777777777,0.5491876602172852
MaxLoss,0,0.4,0.8,200,86,600,2400,90,0,90,0.2001374858082272,0.049900000000000055,0.3966376659809612,1,0,87,0.37777777777777777,0.5777777777777777,0.5491876602172852
PU-C,0,0.4,0.8,50,50,600,2400,54,40,94,0.20765716658206657,0.03190000000000004,0.2507306670304388,0,0,51,0.2962962962962963,0.5,0.6985832452774048
PU-C,0,0.4,0.8,100,100,600,2400,104,8,112,0.24114056106191128,0.024800000000000044,0.3047001250088215,0,0,101,0.3173076923076923,0.5,0.7615845799446106
PU-C,0,0.4,0.8,200,109,600,2400,113,0,113,0.24298511043889448,0.06240000000000001,0.3187109580030665,1,0,110,0.30973451327433627,0.48672566371681414,0.765856921672821
PU-F,0,0.4,0.8,50,50,600,2400,54,52,106,0.230040158261545,0.06889999999999996,0.2796705410000868,0,0,51,0.2222222222222222,0.46296296296296297,0.5401968955993652
PU-F,0,0.4,0.8,100,100,600,2400,104,10,114,0.24482812458882108,0.060699999999999976,0.34627633303171024,0,0,101,0.34615384615384615,0.5384615384615384,0.6152037382125854
PU-F,0,0.4,0.8,200,107,600,2400,111,0,111,0.23929446149850264,0.01319999999999999,0.35847600002307445,1,0,108,0.34234234234234234,0.5315315315315315,0.6634888648986816
PU-G,0,0.4,0.8,50,50,600,2400,54,38,92,0.20390120532829314,0.029900000000000038,0.2916918330010958,0,0,51,0.2037037037037037,0.42592592592592593,0.7390792965888977
PU-G,0,0.4,0.8,100,100,600,2400,104,4,108,0.23374670540215448,0.018299999999999983,0.3615447499905713,0,0,101,0.3173076923076923,0.5096153846153846,0.772827684879303
PU-G,0,0.4,0.8,200,108,600,2400,112,0,112,0.24114056106191128,0.019399999999999973,0.37492858298355713,1,0,109,0.33035714285714285,0.5446428571428571,0.7815459966659546
MaxLoss,1,0.0,0.0,50,50,3000,0,54,52,106,0.04712998168542981,0.02849999999999997,0.07660187501460314,0,0,51,0.0,0.037037037037037035,0.8406147360801697
MaxLoss,1,0.0,0.0,100,100,3000,0,104,16,120,0.05250743729993701,0.02200000000000002,0.17432150000240654,0,0,101,0.0,0.18269230769230768,0.8140133619308472
MaxLoss,1,0.0,0.0,200,114,3000,0,118,0,118,0.05174200655892491,0.018900000000000028,0.19862233300227672,1,0,115,0.0,0.17796610169491525,0.81413334608078
PU-C,1,0.0,0.0,50,50,3000,0,54,138,192,0.07960064115468413,0.041100000000000025,0.10360983299324289,0,0,51,0.0,0.09259259259259259,0.7441156506538391
PU-C,1,0.0,0.0,100,100,3000,0,104,51,155,0.06577725638635457,0.026100000000000012,0.1986700830166228,0,0,101,0.0,0.15384615384615385,0.740752100944519
PU-C,1,0.0,0.0,200,103,3000,0,107,0,107,0.04751565994229168,0.018100000000000005,0.2083595409640111,1,0,104,0.0,0.14953271028037382,0.8137211203575134
PU-F,1,0.0,0.0,50,50,3000,0,54,159,213,0.08737389626912773,0.04949999999999999,0.2133787500206381,0,0,51,0.0,0.037037037037037035,0.6069996953010559
PU-F,1,0.0,0.0,100,100,3000,0,104,71,175,0.07327152288053185,0.024399999999999977,0.3445171670173295,0,0,101,0.0,0.11538461538461539,0.708480954170227
PU-F,1,0.0,0.0,200,128,3000,0,132,0,132,0.057082461076788604,0.009000000000000008,0.4108842919813469,1,0,129,0.0,0.11363636363636363,0.7961007356643677
PU-G,1,0.0,0.0,50,50,3000,0,54,192,246,0.09950272261630744,0.05120000000000002,0.2580973749863915,0,0,51,0.0,0.12962962962962962,0.7158246636390686
PU-G,1,0.0,0.0,100,100,3000,0,104,74,178,0.07439100183546543,0.021399999999999975,0.41326174995629117,0,0,101,0.0,0.20192307692307693,0.7293250560760498
PU-G,1,0.0,0.0,200,167,3000,0,171,0,171,0.07177707378286868,0.0031999999999999806,0.5914572079782374,1,0,168,0.0,0.21052631578947367,0.6130948662757874
MaxLoss,1,0.0,0.1,50,43,2700,300,47,0,47,0.02636197186075151,0.006800000000000028,0.21610883402172476,1,0,44,0.0,0.06382978723404255,0.921396791934967
MaxLoss,1,0.0,0.1,100,43,2700,300,47,0,47,0.02636197186075151,0.006800000000000028,0.22430804197210819,1,0,44,0.0,0.06382978723404255,0.921396791934967
MaxLoss,1,0.0,0.1,200,43,2700,300,47,0,47,0.02636197186075151,0.006800000000000028,0.23051308398135006,1,0,44,0.0,0.06382978723404255,0.921396791934967
PU-C,1,0.0,0.1,50,50,2700,300,54,21,75,0.03889582690317184,0.013399999999999967,0.11704674997599795,0,0,51,0.0,0.12962962962962962,0.9035481810569763
PU-C,1,0.0,0.1,100,61,2700,300,65,0,65,0.034475019783712924,0.009600000000000053,0.13707583397626877,1,0,62,0.0,0.13846153846153847,0.9118310809135437
PU-C,1,0.0,0.1,200,61,2700,300,65,0,65,0.034475019783712924,0.009600000000000053,0.13935970899183303,1,0,62,0.0,0.13846153846153847,0.9118310809135437
PU-F,1,0.0,0.1,50,50,2700,300,54,10,64,0.03402997547527775,0.010000000000000009,0.13222124997992069,0,0,51,0.0,0.09259259259259259,0.8923773169517517
PU-F,1,0.0,0.1,100,70,2700,300,74,0,74,0.038456011563539505,0.008900000000000019,0.16890883300220594,1,0,71,0.0,0.16216216216216217,0.8953701257705688
PU-F,1,0.0,0.1,200,70,2700,300,74,0,74,0.038456011563539505,0.008900000000000019,0.17108820797875524,1,0,71,0.0,0.16216216216216217,0.8953701257705688
PU-G,1,0.0,0.1,50,50,2700,300,54,12,66,0.0349194910377264,0.010700000000000043,0.12616658298065886,0,0,51,0.0,0.09259259259259259,0.8850529193878174
PU-G,1,0.0,0.1,100,70,2700,300,74,0,74,0.038456011563539505,0.00880000000000003,0.16215929196914658,1,0,71,0.0,0.13513513513513514,0.894431471824646
PU-G,1,0.0,0.1,200,70,2700,300,74,0,74,0.038456011563539505,0.00880000000000003,0.16441291698720306,1,0,71,0.0,0.13513513513513514,0.894431471824646
MaxLoss,1,0.0,0.2,50,50,2400,600,54,4,58,0.035243975929915905,0.008700000000000041,0.11725820903666317,0,0,51,0.0,0.12962962962962962,0.9161549210548401
MaxLoss,1,0.0,0.2,100,58,2400,600,62,0,62,0.0372571304324083,0.008299999999999974,0.13025620899861678,1,0,59,0.0,0.14516129032258066,0.9161346554756165
MaxLoss,1,0.0,0.2,200,58,2400,600,62,0,62,0.0372571304324083,0.008299999999999974,0.1326791670289822,1,0,59,0.0,0.14516129032258066,0.9161346554756165
PU-C,1,0.0,0.2,50,43,2400,600,47,0,47,0.029640937224030495,0.005900000000000016,0.11697958299191669,1,0,44,0.0,0.1702127659574468,0.9106559157371521
PU-C,1,0.0,0.2,100,43,2400,600,47,0,47,0.029640937224030495,0.005900000000000016,0.1198108330136165,1,0,44,0.0,0.1702127659574468,0.9106559157371521
PU-C,1,0.0,0.2,200,43,2400,600,47,0,47,0.029640937224030495,0.005900000000000016,0.12266724999062717,1,0,44,0.0,0.1702127659574468,0.9106559157371521
PU-F,1,0.0,0.2,50,50,2400,600,54,13,67,0.039758092432748526,0.012299999999999978,0.14318787498632446,0,0,51,0.0,0.07407407407407407,0.8884903192520142
PU-F,1,0.0,0.2,100,59,2400,600,63,0,63,0.037758647406008095,0.007600000000000051,0.16061333299148828,1,0,60,0.0,0.1111111111111111,0.8874064683914185
PU-F,1,0.0,0.2,200,59,2400,600,63,0,63,0.037758647406008095,0.007600000000000051,0.1632025829749182,1,0,60,0.0,0.1111111111111111,0.8874064683914185
PU-G,1,0.0,0.2,50,50,2400,600,54,15,69,0.04075403593014926,0.010700000000000043,0.14378541696351022,0,0,51,0.0,0.16666666666666666,0.8805935382843018
PU-G,1,0.0,0.2,100,69,2400,600,73,0,73,0.04273886897135526,0.008199999999999985,0.1752632919815369,1,0,70,0.0,0.136986301369863,0.8848878741264343
PU-G,1,0.0,0.2,200,69,2400,600,73,0,73,0.04273886897135526,0.008199999999999985,0.17768624995369464,1,0,70,0.0,0.136986301369863,0.8848878741264343
MaxLoss,1,0.0,0.3,50,45,2100,900,49,0,49,0.0350237141828984,0.008600000000000052,0.13410541595658287,1,0,46,0.0,0.22448979591836735,0.8680700063705444
MaxLoss,1,0.0,0.3,100,45,2100,900,49,0,49,0.0350237141828984,0.008600000000000052,0.13746458297828212,1,0,46,0.0,0.22448979591836735,0.8680700063705444
MaxLoss,1,0.0,0.3,200,45,2100,900,49,0,49,0.0350237141828984,0.008600000000000052,0.14008595800260082,1,0,46,0.0,0.22448979591836735,0.8680700063705444
PU-C,1,0.0,0.3,50,48,2100,900,52,0,52,0.036773915810044855,0.006099999999999994,0.1510393749922514,1,0,49,0.0,0.2692307692307692,0.8897064328193665
PU-C,1,0.0,0.3,100,48,2100,900,52,0,52,0.036773915810044855,0.006099999999999994,0.15367454098304734,1,0,49,0.0,0.2692307692307692,0.8897064328193665
PU-C,1,0.0,0.3,200,48,2100,900,52,0,52,0.036773915810044855,0.006099999999999994,0.1562410409678705,1,0,49,0.0,0.2692307692307692,0.8897064328193665
PU-F,1,0.0,0.3,50,44,2100,900,48,0,48,0.03443813865305856,0.010099999999999998,0.15632966597331688,1,0,45,0.0,0.20833333333333334,0.8636617660522461
PU-F,1,0.0,0.3,100,44,2100,900,48,0,48,0.03443813865305856,0.010099999999999998,0.15936062502441928,1,0,45,0.0,0.20833333333333334,0.8636617660522461
PU-F,1,0.0,0.3,200,44,2100,900,48,0,48,0.03443813865305856,0.010099999999999998,0.16167641599895433,1,0,45,0.0,0.20833333333333334,0.8636617660522461
PU-G,1,0.0,0.3,50,48,2100,900,52,0,52,0.036773915810044855,0.008700000000000041,0.15786133299116045,1,0,49,0.0,0.19230769230769232,0.877402663230896
PU-G,1,0.0,0.3,100,48,2100,900,52,0,52,0.036773915810044855,0.008700000000000041,0.1605234169983305,1,0,49,0.0,0.19230769230769232,0.877402663230896
PU-G,1,0.0,0.3,200,48,2100,900,52,0,52,0.036773915810044855,0.008700000000000041,0.16321762499865144,1,0,49,0.0,0.19230769230769232,0.877402663230896
MaxLoss,1,0.0,0.4,50,34,1800,1200,38,0,38,0.033237001043744385,0.008600000000000052,0.14638608403038234,1,0,35,0.0,0.15789473684210525,0.8566263914108276
MaxLoss,1,0.0,0.4,100,34,1800,1200,38,0,38,0.033237001043744385,0.008600000000000052,0.1485635000281036,1,0,35,0.0,0.15789473684210525,0.8566263914108276
MaxLoss,1,0.0,0.4,200,34,1800,1200,38,0,38,0.033237001043744385,0.008600000000000052,0.15116204199148342,1,0,35,0.0,0.15789473684210525,0.8566263914108276
PU-C,1,0.0,0.4,50,28,1800,1200,32,0,32,0.029009448655415326,0.007800000000000029,0.150446625018958,1,0,29,0.0,0.125,0.8629441857337952
PU-C,1,0.0,0.4,100,28,1800,1200,32,0,32,0.029009448655415326,0.007800000000000029,0.15311974997166544,1,0,29,0.0,0.125,0.8629441857337952
PU-C,1,0.0,0.4,200,28,1800,1200,32,0,32,0.029009448655415326,0.007800000000000029,0.15552837500581518,1,0,29,0.0,0.125,0.8629441857337952
PU-F,1,0.0,0.4,50,35,1800,1200,39,0,39,0.033934641047380865,0.007900000000000018,0.16072724998230115,1,0,36,0.0,0.1794871794871795,0.8894716501235962
PU-F,1,0.0,0.4,100,35,1800,1200,39,0,39,0.033934641047380865,0.007900000000000018,0.16294541698880494,1,0,36,0.0,0.1794871794871795,0.8894716501235962
PU-F,1,0.0,0.4,200,35,1800,1200,39,0,39,0.033934641047380865,0.007900000000000018,0.16503124998416752,1,0,36,0.0,0.1794871794871795,0.8894716501235962
PU-G,1,0.0,0.4,50,34,1800,1200,38,0,38,0.033237001043744385,0.0049000000000000155,0.16474012500839308,1,0,35,0.0,0.13157894736842105,0.8561028838157654
PU-G,1,0.0,0.4,100,34,1800,1200,38,0,38,0.033237001043744385,0.0049000000000000155,0.16678041603881866,1,0,35,0.0,0.13157894736842105,0.8561028838157654
PU-G,1,0.0,0.4,200,34,1800,1200,38,0,38,0.033237001043744385,0.0049000000000000155,0.16918391600484028,1,0,35,0.0,0.13157894736842105,0.8561028838157654
MaxLoss,1,0.0,0.5,50,21,1500,1500,25,0,25,0.028731088212225586,0.005800000000000027,0.15228554198984057,1,0,22,0.0,0.12,0.720981776714325
MaxLoss,1,0.0,0.5,100,21,1500,1500,25,0,25,0.028731088212225586,0.005800000000000027,0.15489233302650973,1,0,22,0.0,0.12,0.720981776714325
MaxLoss,1,0.0,0.5,200,21,1500,1500,25,0,25,0.028731088212225586,0.005800000000000027,0.1572330829803832,1,0,22,0.0,0.12,0.720981776714325
PU-C,1,0.0,0.5,50,27,1500,1500,31,0,31,0.03391920035937801,0.006800000000000028,0.16193983401171863,1,0,28,0.0,0.16129032258064516,0.8645551204681396
PU-C,1,0.0,0.5,100,27,1500,1500,31,0,31,0.03391920035937801,0.006800000000000028,0.16468891699332744,1,0,28,0.0,0.16129032258064516,0.8645551204681396
PU-C,1,0.0,0.5,200,27,1500,1500,31,0,31,0.03391920035937801,0.006800000000000028,0.16701829200610518,1,0,28,0.0,0.16129032258064516,0.8645551204681396
PU-F,1,0.0,0.5,50,29,1500,1500,33,0,33,0.03562300780322403,0.007099999999999995,0.1686744579928927,1,0,30,0.0,0.18181818181818182,0.8425057530403137
PU-F,1,0.0,0.5,100,29,1500,1500,33,0,33,0.03562300780322403,0.007099999999999995,0.17098075000103563,1,0,30,0.0,0.18181818181818182,0.8425057530403137
PU-F,1,0.0,0.5,200,29,1500,1500,33,0,33,0.03562300780322403,0.007099999999999995,0.17317129101138562,1,0,30,0.0,0.18181818181818182,0.8425057530403137
PU-G,1,0.0,0.5,50,25,1500,1500,29,0,29,0.03220343025168404,0.006399999999999961,0.16403204097878188,1,0,26,0.0,0.2413793103448276,0.8324815630912781
PU-G,1,0.0,0.5,100,25,1500,1500,29,0,29,0.03220343025168404,0.006399999999999961,0.16645166598027572,1,0,26,0.0,0.2413793103448276,0.8324815630912781
PU-G,1,0.0,0.5,200,25,1500,1500,29,0,29,0.03220343025168404,0.006399999999999961,0.1688507499638945,1,0,26,0.0,0.2413793103448276,0.8324815630912781
MaxLoss,1,0.0,0.6,50,21,1200,1800,25,0,25,0.03585972939617932,0.0050000000000000044,0.17974245798541233,1,0,22,0.0,0.32,0.8371487259864807
MaxLoss,1,0.0,0.6,100,21,1200,1800,25,0,25,0.03585972939617932,0.0050000000000000044,0.1829615409951657,1,0,22,0.0,0.32,0.8371487259864807
MaxLoss,1,0.0,0.6,200,21,1200,1800,25,0,25,0.03585972939617932,0.0050000000000000044,0.18506529100704938,1,0,22,0.0,0.32,0.8371487259864807
PU-C,1,0.0,0.6,50,18,1200,1800,22,0,22,0.03255960560636595,0.007299999999999973,0.1801865420420654,1,0,19,0.0,0.3181818181818182,0.6996190547943115
PU-C,1,0.0,0.6,100,18,1200,1800,22,0,22,0.03255960560636595,0.007299999999999973,0.18267345800995827,1,0,19,0.0,0.3181818181818182,0.6996190547943115
PU-C,1,0.0,0.6,200,18,1200,1800,22,0,22,0.03255960560636595,0.007299999999999973,0.18472312501398847,1,0,19,0.0,0.3181818181818182,0.6996190547943115
PU-F,1,0.0,0.6,50,18,1200,1800,22,0,22,0.03255960560636595,0.008900000000000019,0.17871875001583248,1,0,19,0.0,0.3181818181818182,0.8211804628372192
PU-F,1,0.0,0.6,100,18,1200,1800,22,0,22,0.03255960560636595,0.008900000000000019,0.18096816597972065,1,0,19,0.0,0.3181818181818182,0.8211804628372192
PU-F,1,0.0,0.6,200,18,1200,1800,22,0,22,0.03255960560636595,0.008900000000000019,0.18327383301220834,1,0,19,0.0,0.3181818181818182,0.8211804628372192
PU-G,1,0.0,0.6,50,18,1200,1800,22,0,22,0.03255960560636595,0.008600000000000052,0.17951758397975937,1,0,19,0.0,0.22727272727272727,0.7737115621566772
PU-G,1,0.0,0.6,100,18,1200,1800,22,0,22,0.03255960560636595,0.008600000000000052,0.1818007500260137,1,0,19,0.0,0.22727272727272727,0.7737115621566772
PU-G,1,0.0,0.6,200,18,1200,1800,22,0,22,0.03255960560636595,0.008600000000000052,0.18408962502144277,1,0,19,0.0,0.22727272727272727,0.7737115621566772
MaxLoss,1,0.0,0.7,50,12,900,2100,16,0,16,0.034303702879697084,0.006199999999999983,0.19140029198024422,1,0,13,0.0,0.1875,0.7061747312545776
MaxLoss,1,0.0,0.7,100,12,900,2100,16,0,16,0.034303702879697084,0.006199999999999983,0.1937297920230776,1,0,13,0.0,0.1875,0.7061747312545776
MaxLoss,1,0.0,0.7,200,12,900,2100,16,0,16,0.034303702879697084,0.006199999999999983,0.19612325000343844,1,0,13,0.0,0.1875,0.7061747312545776
PU-C,1,0.0,0.7,50,14,900,2100,18,0,18,0.03734689118573442,0.010299999999999976,0.19803054200019687,1,0,15,0.0,0.16666666666666666,0.7138960957527161
PU-C,1,0.0,0.7,100,14,900,2100,18,0,18,0.03734689118573442,0.010299999999999976,0.20019495900487527,1,0,15,0.0,0.16666666666666666,0.7138960957527161
PU-C,1,0.0,0.7,200,14,900,2100,18,0,18,0.03734689118573442,0.010299999999999976,0.20222216699039564,1,0,15,0.0,0.16666666666666666,0.7138960957527161
PU-F,1,0.0,0.7,50,12,900,2100,16,0,16,0.034303702879697084,0.007199999999999984,0.19586483301827684,1,0,13,0.0,0.1875,0.6453818678855896
PU-F,1,0.0,0.7,100,12,900,2100,16,0,16,0.034303702879697084,0.007199999999999984,0.1980094580212608,1,0,13,0.0,0.1875,0.6453818678855896
PU-F,1,0.0,0.7,200,12,900,2100,16,0,16,0.034303702879697084,0.007199999999999984,0.20002966601168737,1,0,13,0.0,0.1875,0.6453818678855896
PU-G,1,0.0,0.7,50,17,900,2100,21,0,21,0.041832362359855324,0.005800000000000027,0.20184199995128438,1,0,18,0.0,0.14285714285714285,0.7732540965080261
PU-G,1,0.0,0.7,100,17,900,2100,21,0,21,0.041832362359855324,0.005800000000000027,0.20420595799805596,1,0,18,0.0,0.14285714285714285,0.7732540965080261
PU-G,1,0.0,0.7,200,17,900,2100,21,0,21,0.041832362359855324,0.005800000000000027,0.20633029198506847,1,0,18,0.0,0.14285714285714285,0.7732540965080261
MaxLoss,1,0.0,0.8,50,6,600,2400,10,0,10,0.037101879774127156,0.0043999999999999595,0.20486591703956947,1,0,7,0.0,0.1,0.6800891160964966
MaxLoss,1,0.0,0.8,100,6,600,2400,10,0,10,0.037101879774127156,0.0043999999999999595,0.20705600001383573,1,0,7,0.0,0.1,0.6800891160964966
MaxLoss,1,0.0,0.8,200,6,600,2400,10,0,10,0.037101879774127156,0.0043999999999999595,0.20944350003264844,1,0,7,0.0,0.1,0.6800891160964966
PU-C,1,0.0,0.8,50,11,600,2400,15,0,15,0.04894368466921151,0.008399999999999963,0.21285037498455495,1,0,12,0.0,0.13333333333333333,0.766884446144104
PU-C,1,0.0,0.8,100,11,600,2400,15,0,15,0.04894368466921151,0.008399999999999963,0.21552475000498816,1,0,12,0.0,0.13333333333333333,0.766884446144104
PU-C,1,0.0,0.8,200,11,600,2400,15,0,15,0.04894368466921151,0.008399999999999963,0.21772274997783825,1,0,12,0.0,0.13333333333333333,0.766884446144104
PU-F,1,0.0,0.8,50,4,600,2400,8,0,8,0.03213391738245264,0.0027000000000000357,0.2062514999997802,1,0,5,0.0,0.125,0.6295152306556702
PU-F,1,0.0,0.8,100,4,600,2400,8,0,8,0.03213391738245264,0.0027000000000000357,0.20857304200762883,1,0,5,0.0,0.125,0.6295152306556702
PU-F,1,0.0,0.8,200,4,600,2400,8,0,8,0.03213391738245264,0.0027000000000000357,0.2108020830200985,1,0,5,0.0,0.125,0.6295152306556702
PU-G,1,0.0,0.8,50,9,600,2400,13,0,13,0.044287452939897776,0.0049000000000000155,0.212479124951642,1,0,10,0.0,0.07692307692307693,0.722809374332428
PU-G,1,0.0,0.8,100,9,600,2400,13,0,13,0.044287452939897776,0.0049000000000000155,0.21547754196217284,1,0,10,0.0,0.07692307692307693,0.722809374332428
PU-G,1,0.0,0.8,200,9,600,2400,13,0,13,0.044287452939897776,0.0049000000000000155,0.2179477919708006,1,0,10,0.0,0.07692307692307693,0.722809374332428
MaxLoss,1,0.4,0.0,50,50,3000,0,54,552,606,0.22787495696684346,0.16100000000000003,0.08347241597948596,0,0,51,0.35185185185185186,0.37037037037037035,0.7092602849006653
MaxLoss,1,0.4,0.0,100,100,3000,0,104,515,619,0.23242261295672506,0.1552,0.15391520800767466,0,0,101,0.36538461538461536,0.375,0.7088348865509033
MaxLoss,1,0.4,0.0,200,200,3000,0,204,240,444,0.17077872878871858,0.05810000000000004,0.3272914999979548,0,1,201,0.27941176470588236,0.3382352941176471,0.4425799548625946
PU-C,1,0.4,0.0,50,50,3000,0,54,550,604,0.22717491316143423,0.15839999999999999,0.4454694579471834,0,0,51,0.3333333333333333,0.35185185185185186,0.8264586925506592
PU-C,1,0.4,0.0,100,100,3000,0,104,489,593,0.22332271496998146,0.14770000000000005,0.7694736249977723,0,0,101,0.33653846153846156,0.38461538461538464,0.7992199659347534
PU-C,1,0.4,0.0,200,200,3000,0,204,310,514,0.1955537197063677,0.09389999999999998,1.5147634159657173,0,1,201,0.25980392156862747,0.31862745098039214,0.547444760799408
PU-F,1,0.4,0.0,50,50,3000,0,54,564,618,0.23207295371685177,0.134,0.7188915419974364,0,0,51,0.3888888888888889,0.4074074074074074,0.7184191346168518
PU-F,1,0.4,0.0,100,100,3000,0,104,454,558,0.2110430212924257,0.10460000000000003,1.4090154170407914,0,0,101,0.27884615384615385,0.4423076923076923,0.6456981897354126
PU-F,1,0.4,0.0,200,200,3000,0,204,304,508,0.19343678752193227,0.0947,2.973376667010598,0,1,201,0.3088235294117647,0.43137254901960786,0.6449137926101685
PU-G,1,0.4,0.0,50,50,3000,0,54,646,700,0.2606606413028203,0.1602,0.6089449170394801,0,0,51,0.46296296296296297,0.48148148148148145,0.7749407291412354
PU-G,1,0.4,0.0,100,100,3000,0,104,626,730,0.27107922051800415,0.15710000000000002,1.334950792021118,0,0,101,0.40384615384615385,0.46153846153846156,0.7951882481575012
PU-G,1,0.4,0.0,200,200,3000,0,204,349,553,0.2092858671094291,0.10070000000000001,2.8081306249951012,0,1,201,0.27450980392156865,0.3872549019607843,0.543298065662384
MaxLoss,1,0.4,0.1,50,50,2700,300,54,548,602,0.25121033360483125,0.1885,0.23393870797008276,0,0,51,0.4444444444444444,0.46296296296296297,0.9054021835327148
MaxLoss,1,0.4,0.1,100,100,2700,300,104,433,537,0.22592881991295144,0.1412,0.2938483330071904,0,0,101,0.3076923076923077,0.33653846153846156,0.9044287204742432
MaxLoss,1,0.4,0.1,200,200,2700,300,204,373,577,0.2415034077130258,0.1008,0.46658345800824463,0,1,201,0.27450980392156865,0.35784313725490197,0.5452759861946106
PU-C,1,0.4,0.1,50,50,2700,300,54,657,711,0.2933106403797865,0.19630000000000003,0.37816483300412074,0,0,51,0.4074074074074074,0.42592592592592593,0.865179181098938
PU-C,1,0.4,0.1,100,100,2700,300,104,555,659,0.273269229917787,0.16200000000000003,0.6060712080216035,0,0,101,0.33653846153846156,0.41346153846153844,0.8930896520614624
PU-C,1,0.4,0.1,200,200,2700,300,204,196,400,0.17211793368915096,0.05840000000000001,1.156258458038792,0,1,201,0.2696078431372549,0.3480392156862745,0.7420333027839661
PU-F,1,0.4,0.1,50,50,2700,300,54,466,520,0.21929254318820313,0.11939999999999995,0.7074356669909321,0,0,51,0.3148148148148148,0.3888888888888889,0.625211775302887
PU-F,1,0.4,0.1,100,100,2700,300,104,300,404,0.1737008174532093,0.05669999999999997,1.3842727919691242,0,0,101,0.19230769230769232,0.38461538461538464,0.53813236951828
PU-F,1,0.4,0.1,200,200,2700,300,204,156,360,0.15624338400084525,0.037900000000000045,3.052192709001247,0,1,201,0.24019607843137256,0.3872549019607843,0.3621535301208496
PU-G,1,0.4,0.1,50,50,2700,300,54,379,433,0.18515362055040896,0.11629999999999996,0.5065472919959575,0,0,51,0.48148148148148145,0.5,0.8255521655082703
PU-G,1,0.4,0.1,100,100,2700,300,104,394,498,0.21068847039714456,0.132,1.3578875830280595,0,0,101,0.375,0.4423076923076923,0.8288346529006958
PU-G,1,0.4,0.1,200,200,2700,300,204,404,608,0.25353701325366274,0.13260000000000005,2.8317924170405604,0,1,201,0.24019607843137256,0.3431372549019608,0.6892785429954529
MaxLoss,1,0.4,0.2,50,50,2400,600,54,428,482,0.22954158851644024,0.1552,0.2495297090499662,0,0,51,0.35185185185185186,0.48148148148148145,0.8548460006713867
MaxLoss,1,0.4,0.2,100,100,2400,600,104,398,502,0.23832776205381379,0.14949999999999997,0.3065222500008531,0,0,101,0.33653846153846156,0.4326923076923077,0.8474419116973877
MaxLoss,1,0.4,0.2,200,200,2400,600,204,203,407,0.19641720945946872,0.058599999999999985,0.46898616704856977,0,1,201,0.2696078431372549,0.3627450980392157,0.5013402700424194
PU-C,1,0.4,0.2,50,50,2400,600,54,385,439,0.21058605751022696,0.12539999999999996,0.32459808397106826,0,0,51,0.3888888888888889,0.42592592592592593,0.8176991939544678
PU-C,1,0.4,0.2,100,100,2400,600,104,331,435,0.20881797990296036,0.11699999999999999,0.5733100840006955,0,0,101,0.34615384615384615,0.4230769230769231,0.8232644200325012
PU-C,1,0.4,0.2,200,200,2400,600,204,257,461,0.22029571881284937,0.07750000000000001,1.1189213339821436,0,1,201,0.25980392156862747,0.3627450980392157,0.4054519832134247
PU-F,1,0.4,0.2,50,50,2400,600,54,422,476,0.22690208407584578,0.12360000000000004,0.7096002500038594,0,0,51,0.2777777777777778,0.3333333333333333,0.6536034345626831
PU-F,1,0.4,0.2,100,100,2400,600,104,244,348,0.17013563768705353,0.06440000000000001,1.2440483330283314,0,0,101,0.22115384615384615,0.3942307692307692,0.6170780062675476
PU-F,1,0.4,0.2,200,200,2400,600,204,151,355,0.17326541943475604,0.05559999999999998,2.167119166988414,0,1,201,0.23039215686274508,0.38235294117647056,0.49250736832618713
PU-G,1,0.4,0.2,50,50,2400,600,54,371,425,0.20439406053628772,0.10960000000000003,0.6597834579879418,0,0,51,0.3888888888888889,0.42592592592592593,0.823799729347229
PU-G,1,0.4,0.2,100,100,2400,600,104,397,501,0.2378888902021572,0.13929999999999998,1.3587484580348246,0,0,101,0.34615384615384615,0.40384615384615385,0.8533037304878235
PU-G,1,0.4,0.2,200,200,2400,600,204,312,516,0.24446725379675627,0.10229999999999995,2.744511708035134,0,1,201,0.28921568627450983,0.4068627450980392,0.7667030096054077
MaxLoss,1,0.4,0.3,50,50,2100,900,54,365,419,0.23004179284907877,0.11850000000000005,0.2729832499753684,0,0,51,0.42592592592592593,0.5740740740740741,0.4342249929904938
MaxLoss,1,0.4,0.3,100,100,2100,900,104,342,446,0.24363616871414706,0.12580000000000002,0.3278056249837391,0,0,101,0.38461538461538464,0.5673076923076923,0.4559853971004486
MaxLoss,1,0.4,0.3,200,200,2100,900,204,128,332,0.18588970397831872,0.06520000000000004,0.4806932919891551,0,1,201,0.3284313725490196,0.44607843137254904,0.5852870941162109
PU-C,1,0.4,0.3,50,50,2100,900,54,282,336,0.18793264700798318,0.11080000000000001,0.3371146669960581,0,0,51,0.4074074074074074,0.5555555555555556,0.7275344729423523
PU-C,1,0.4,0.3,100,100,2100,900,104,255,359,0.19965378619963303,0.10760000000000003,0.5291015830007382,0,0,101,0.2980769230769231,0.4326923076923077,0.7393769025802612
PU-C,1,0.4,0.3,200,200,2100,900,204,289,493,0.2671942326123826,0.11150000000000004,1.0144666249980219,0,1,201,0.27450980392156865,0.39705882352941174,0.6936754584312439
PU-F,1,0.4,0.3,50,50,2100,900,54,204,258,0.14782324666157365,0.06499999999999995,0.41165341599844396,0,0,51,0.2777777777777778,0.3148148148148148,0.4866020381450653
PU-F,1,0.4,0.3,100,100,2100,900,104,182,286,0.16229158540954813,0.06059999999999999,0.6347632079850882,0,0,101,0.2403846153846154,0.4519230769230769,0.4793524742126465
PU-F,1,0.4,0.3,200,200,2100,900,204,165,369,0.2047367790946737,0.07640000000000002,1.5631686659762636,0,1,201,0.29901960784313725,0.43137254901960786,0.43763846158981323
PU-G,1,0.4,0.3,50,50,2100,900,54,150,204,0.1196484174579382,0.018900000000000028,0.42744045896688476,0,0,51,0.07407407407407407,0.14814814814814814,0.5774313807487488
PU-G,1,0.4,0.3,100,100,2100,900,104,116,220,0.1280382708646357,0.018199999999999994,0.5895203750114888,0,0,101,0.19230769230769232,0.2692307692307692,0.5744031071662903
PU-G,1,0.4,0.3,200,200,2100,900,204,79,283,0.1607454416807741,0.0020999999999999908,1.1835035840049386,0,1,201,0.19607843137254902,0.28921568627450983,0.4627734124660492
MaxLoss,1,0.4,0.4,50,50,1800,1200,54,296,350,0.22696891345549375,0.12260000000000004,0.27817941596731544,0,0,51,0.4444444444444444,0.5370370370370371,0.7405414581298828
MaxLoss,1,0.4,0.4,100,100,1800,1200,104,248,352,0.22815192653797567,0.10540000000000005,0.3280127909965813,0,0,101,0.34615384615384615,0.5480769230769231,0.721800684928894
MaxLoss,1,0.4,0.4,200,200,1800,1200,204,89,293,0.19307514547836035,0.03979999999999995,0.47245674999430776,0,1,201,0.29411764705882354,0.4117647058823529,0.40222644805908203
PU-C,1,0.4,0.4,50,50,1800,1200,54,259,313,0.20500861195614561,0.13039999999999996,0.347959833976347,0,0,51,0.4074074074074074,0.46296296296296297,0.7089830040931702
PU-C,1,0.4,0.4,100,100,1800,1200,104,239,343,0.22282521781744435,0.12870000000000004,0.47799016698263586,0,0,101,0.2980769230769231,0.4230769230769231,0.7378553152084351
PU-C,1,0.4,0.4,200,200,1800,1200,204,91,295,0.1942706183763221,0.0383,0.9858497499953955,0,1,201,0.2647058823529412,0.3480392156862745,0.540541410446167
PU-F,1,0.4,0.4,50,50,1800,1200,54,306,360,0.23288004857022315,0.126,0.44368429196765646,0,0,51,0.3333333333333333,0.4444444444444444,0.7976987957954407
PU-F,1,0.4,0.4,100,100,1800,1200,104,251,355,0.22992570546921343,0.1069,0.8047290839604102,0,0,101,0.27884615384615385,0.3942307692307692,0.7848628759384155
PU-F,1,0.4,0.4,200,200,1800,1200,204,69,273,0.18109302106313407,0.05700000000000005,1.551343333965633,0,1,201,0.2549019607843137,0.37254901960784315,0.4743672013282776
PU-G,1,0.4,0.4,50,50,1800,1200,54,254,308,0.20202960254391655,0.12029999999999996,0.4182075409917161,0,0,51,0.4074074074074074,0.42592592592592593,0.8171216249465942
PU-G,1,0.4,0.4,100,100,1800,1200,104,200,304,0.19964433246059343,0.09240000000000004,0.6791762909851968,0,0,101,0.2692307692307692,0.375,0.8026226758956909
PU-G,1,0.4,0.4,200,200,1800,1200,204,95,299,0.19666012120433152,0.04400000000000004,1.441971749998629,0,1,201,0.2549019607843137,0.3431372549019608,0.5790901780128479
MaxLoss,1,0.4,0.5,50,50,1500,1500,54,161,215,0.17472859821282327,0.10240000000000005,0.2986344160162844,0,0,51,0.4074074074074074,0.5740740740740741,0.7669516801834106
MaxLoss,1,0.4,0.5,100,100,1500,1500,104,131,235,0.18923811620334163,0.09260000000000002,0.34768220799742267,0,0,101,0.3942307692307692,0.49038461538461536,0.7543427348136902
MaxLoss,1,0.4,0.5,200,200,1500,1500,204,118,322,0.25151132163591683,0.07220000000000004,0.4792548749828711,0,1,201,0.30392156862745096,0.39705882352941174,0.46048030257225037
PU-C,1,0.4,0.5,50,50,1500,1500,54,241,295,0.23231585382018238,0.11750000000000005,0.35143566702026874,0,0,51,0.37037037037037035,0.4074074074074074,0.6077392101287842
PU-C,1,0.4,0.5,100,100,1500,1500,104,202,306,0.24014918186003342,0.10209999999999997,0.4774727080366574,0,0,101,0.3269230769230769,0.34615384615384615,0.6178973913192749
PU-C,1,0.4,0.5,200,200,1500,1500,204,84,288,0.2273213578737341,0.06730000000000003,0.8467586250044405,0,1,201,0.28431372549019607,0.35784313725490197,0.3929547369480133
PU-F,1,0.4,0.5,50,50,1500,1500,54,190,244,0.1957409200258553,0.06589999999999996,0.4511205419548787,0,0,51,0.2037037037037037,0.3148148148148148,0.5577334761619568
PU-F,1,0.4,0.5,100,100,1500,1500,104,130,234,0.18851460044970736,0.04490000000000005,0.598949791979976,0,0,101,0.27884615384615385,0.4807692307692308,0.5952029824256897
PU-F,1,0.4,0.5,200,200,1500,1500,204,46,250,0.20006750902393833,0.02839999999999998,1.1472708329674788,0,1,201,0.24509803921568626,0.4019607843137255,0.4874213635921478
PU-G,1,0.4,0.5,50,50,1500,1500,54,267,321,0.25080225960118696,0.11980000000000002,0.433800374972634,0,0,51,0.35185185185185186,0.37037037037037035,0.8270310759544373
PU-G,1,0.4,0.5,100,100,1500,1500,104,201,305,0.23943781154230237,0.10299999999999998,0.6337370839901268,0,0,101,0.28846153846153844,0.3942307692307692,0.8408976197242737
PU-G,1,0.4,0.5,200,200,1500,1500,204,68,272,0.2158759519807063,0.05679999999999996,1.3516596669796854,0,1,201,0.27941176470588236,0.3872549019607843,0.746876060962677
MaxLoss,1,0.4,0.6,50,50,1200,1800,54,185,239,0.2390400916337967,0.10519999999999996,0.37666241597617045,0,0,51,0.4444444444444444,0.5740740740740741,0.5314289927482605
MaxLoss,1,0.4,0.6,100,100,1200,1800,104,91,195,0.19933433912228793,0.08999999999999997,0.4304964159964584,0,0,101,0.3269230769230769,0.4807692307692308,0.6076945066452026
MaxLoss,1,0.4,0.6,200,200,1200,1800,204,16,220,0.2219636561931111,0.041100000000000025,0.5790212909923866,0,1,201,0.2696078431372549,0.4068627450980392,0.5671883821487427
PU-C,1,0.4,0.6,50,50,1200,1800,54,127,181,0.1865735069150105,0.09060000000000001,0.5423053750419058,0,0,51,0.4074074074074074,0.5185185185185185,0.6256662011146545
PU-C,1,0.4,0.6,100,100,1200,1800,104,104,208,0.21112556150183082,0.0968,0.667820708011277,0,0,101,0.3269230769230769,0.4807692307692308,0.6612744927406311
PU-C,1,0.4,0.6,200,200,1200,1800,204,22,226,0.22736699390225112,0.032200000000000006,1.1037746249930933,0,1,201,0.2696078431372549,0.4117647058823529,0.5463468432426453
PU-F,1,0.4,0.6,50,50,1200,1800,54,117,171,0.1774157247855328,0.08589999999999998,0.4878238749806769,0,0,51,0.2962962962962963,0.46296296296296297,0.525090217590332
PU-F,1,0.4,0.6,100,100,1200,1800,104,108,212,0.21474302763817832,0.09099999999999997,0.6219550829846412,0,0,101,0.3173076923076923,0.5192307692307693,0.4978173077106476
PU-F,1,0.4,0.6,200,200,1200,1800,204,28,232,0.23276027123210952,0.05920000000000003,0.9151646249811165,0,1,201,0.27450980392156865,0.46568627450980393,0.52116459608078
PU-G,1,0.4,0.6,50,50,1200,1800,54,133,187,0.19205072324257344,0.06289999999999996,0.399862291989848,0,0,51,0.2037037037037037,0.2777777777777778,0.6835623979568481
PU-G,1,0.4,0.6,100,100,1200,1800,104,110,214,0.21654995391145349,0.05689999999999995,0.5450375420041382,0,0,101,0.23076923076923078,0.3557692307692308,0.6903141140937805
PU-G,1,0.4,0.6,200,200,1200,1800,204,19,223,0.22466660110512748,0.03269999999999995,0.7979155840002932,0,1,201,0.22058823529411764,0.4264705882352941,0.5498673319816589
MaxLoss,1,0.4,0.7,50,50,900,2100,54,57,111,0.1612193948822096,0.07499999999999996,0.36153295898111537,0,0,51,0.3148148148148148,0.42592592592592593,0.5861607193946838
MaxLoss,1,0.4,0.7,100,100,900,2100,104,33,137,0.19351051998091862,0.07520000000000004,0.4045493339654058,0,0,101,0.3269230769230769,0.3942307692307692,0.6342089772224426
MaxLoss,1,0.4,0.7,200,159,900,2100,163,0,163,0.22530872625065967,0.03920000000000001,0.4750377089949325,1,0,160,0.294478527607362,0.39263803680981596,0.521474301815033
PU-C,1,0.4,0.7,50,50,900,2100,54,74,128,0.18239447963424027,0.09550000000000003,0.3971407919889316,0,0,51,0.35185185185185186,0.48148148148148145,0.6896372437477112
PU-C,1,0.4,0.7,100,100,900,2100,104,25,129,0.18363263586070389,0.07379999999999998,0.46558166696922854,0,0,101,0.27884615384615385,0.36538461538461536,0.7221682667732239
PU-C,1,0.4,0.7,200,163,900,2100,167,0,167,0.2301632518065162,0.0464,0.5662409999640658,1,0,164,0.2994011976047904,0.40718562874251496,0.5463145971298218
PU-F,1,0.4,0.7,50,50,900,2100,54,48,102,0.14990276738535613,0.03639999999999999,0.4501652920152992,0,0,51,0.2037037037037037,0.2777777777777778,0.5567640662193298
PU-F,1,0.4,0.7,100,100,900,2100,104,38,142,0.19966048968490213,0.06440000000000001,0.5420598330092616,0,0,101,0.2692307692307692,0.375,0.575152575969696
PU-F,1,0.4,0.7,200,167,900,2100,171,0,171,0.23500855593010783,0.03920000000000001,0.6722174999886192,1,0,168,0.27485380116959063,0.38596491228070173,0.5090134143829346
PU-G,1,0.4,0.7,50,50,900,2100,54,45,99,0.1461123411427252,0.04410000000000003,0.4170373330125585,0,0,51,0.16666666666666666,0.2777777777777778,0.7295835614204407
PU-G,1,0.4,0.7,100,100,900,2100,104,19,123,0.17619179299799725,0.055300000000000016,0.49446875002468005,0,0,101,0.3173076923076923,0.4230769230769231,0.6982417106628418
PU-G,1,0.4,0.7,200,172,900,2100,176,0,176,0.2410525784944184,0.052100000000000035,0.6289332500309683,1,0,173,0.2897727272727273,0.4431818181818182,0.5777368545532227
MaxLoss,1,0.4,0.8,50,50,600,2400,54,27,81,0.1830990114249289,0.07269999999999999,0.370400250016246,0,0,51,0.3333333333333333,0.4074074074074074,0.6870787143707275
MaxLoss,1,0.4,0.8,100,84,600,2400,88,0,88,0.19636580476071686,0.05559999999999998,0.39598266599932685,1,0,85,0.3068181818181818,0.3977272727272727,0.7007847428321838
MaxLoss,1,0.4,0.8,200,84,600,2400,88,0,88,0.19636580476071686,0.05559999999999998,0.3984338750015013,1,0,85,0.3068181818181818,0.3977272727272727,0.7007847428321838
PU-C,1,0.4,0.8,50,50,600,2400,54,62,116,0.2485096058808267,0.07199999999999995,0.25024733296595514,0,0,51,0.3333333333333333,0.3888888888888889,0.6959457993507385
PU-C,1,0.4,0.8,100,97,600,2400,101,0,101,0.22074463200988248,0.06810000000000005,0.30163541599176824,1,0,98,0.27722772277227725,0.3564356435643564,0.7425381541252136
PU-C,1,0.4,0.8,200,97,600,2400,101,0,101,0.22074463200988248,0.06810000000000005,0.30413370800670236,1,0,98,0.27722772277227725,0.3564356435643564,0.7425381541252136
PU-F,1,0.4,0.8,50,50,600,2400,54,27,81,0.1830990114249289,0.021599999999999953,0.28799741697730497,0,0,51,0.2777777777777778,0.42592592592592593,0.6502895355224609
PU-F,1,0.4,0.8,100,83,600,2400,87,0,87,0.19447691208915785,0.045599999999999974,0.32953899999847636,1,0,84,0.27586206896551724,0.39080459770114945,0.6820824146270752
PU-F,1,0.4,0.8,200,83,600,2400,87,0,87,0.19447691208915785,0.045599999999999974,0.331877791963052,1,0,84,0.27586206896551724,0.39080459770114945,0.6820824146270752
PU-G,1,0.4,0.8,50,50,600,2400,54,22,76,0.17355558794224635,0.03149999999999997,0.2786439170013182,0,0,51,0.2962962962962963,0.37037037037037035,0.6633164882659912
PU-G,1,0.4,0.8,100,100,600,2400,104,26,130,0.2741186819621362,0.10560000000000003,0.3438051249831915,0,0,101,0.27884615384615385,0.4326923076923077,0.5877374410629272
PU-G,1,0.4,0.8,200,101,600,2400,105,0,105,0.2281844211393036,0.027800000000000047,0.3484284169971943,1,0,102,0.2761904761904762,0.42857142857142855,0.6217113137245178
MaxLoss,2,0.0,0.0,50,50,3000,0,54,105,159,0.06728066253708676,0.03949999999999998,0.07457745802821591,0,0,51,0.0,0.018518518518518517,0.7432742714881897
MaxLoss,2,0.0,0.0,100,100,3000,0,104,11,115,0.05059218790847808,0.019000000000000017,0.15014829201390967,0,0,101,0.0,0.057692307692307696,0.8084639310836792
MaxLoss,2,0.0,0.0,200,116,3000,0,120,0,120,0.05250743729993701,0.01529999999999998,0.17506158305332065,1,0,117,0.0,0.08333333333333333,0.8049110770225525
PU-C,2,0.0,0.0,50,50,3000,0,54,68,122,0.05327200022293255,0.02739999999999998,0.105580540955998,0,0,51,0.0,0.037037037037037035,0.7947244048118591
PU-C,2,0.0,0.0,100,100,3000,0,104,15,119,0.052124831709079444,0.017900000000000027,0.20147995796287432,0,0,101,0.0,0.0673076923076923,0.8154836297035217
PU-C,2,0.0,0.0,200,112,3000,0,116,0,116,0.050975687336176634,0.01629999999999998,0.2273668329580687,1,0,113,0.0,0.10344827586206896,0.8112581968307495
PU-F,2,0.0,0.0,50,50,3000,0,54,103,157,0.06652925873640925,0.03820000000000001,0.19405887502944097,0,0,51,0.0,0.05555555555555555,0.8239860534667969
PU-F,2,0.0,0.0,100,100,3000,0,104,38,142,0.06087388581363484,0.024800000000000044,0.30984079104382545,0,0,101,0.0,0.04807692307692308,0.8275964260101318
PU-F,2,0.0,0.0,200,119,3000,0,123,0,123,0.053653962444514036,0.0131,0.3516313750296831,1,0,120,0.0,0.08130081300813008,0.826909065246582
PU-G,2,0.0,0.0,50,50,3000,0,54,51,105,0.04674404545221478,0.018900000000000028,0.21040995803195983,0,0,51,0.0,0.14814814814814814,0.7447529435157776
PU-G,2,0.0,0.0,100,100,3000,0,104,2,106,0.04712998168542981,0.007800000000000029,0.3302409580210224,0,0,101,0.0,0.11538461538461539,0.7418448328971863
PU-G,2,0.0,0.0,200,104,3000,0,108,0,108,0.04790108359884471,0.00770000000000004,0.3430086250300519,1,0,105,0.0,0.1111111111111111,0.7427894473075867
MaxLoss,2,0.0,0.1,50,41,2700,300,45,0,45,0.025444759579841048,0.008399999999999963,0.09210812498349696,1,0,42,0.0,0.1111111111111111,0.8977680206298828
MaxLoss,2,0.0,0.1,100,41,2700,300,45,0,45,0.025444759579841048,0.008399999999999963,0.09434354200493544,1,0,42,0.0,0.1111111111111111,0.8977680206298828
MaxLoss,2,0.0,0.1,200,41,2700,300,45,0,45,0.025444759579841048,0.008399999999999963,0.09661720896838233,1,0,42,0.0,0.1111111111111111,0.8977680206298828
PU-C,2,0.0,0.1,50,37,2700,300,41,0,41,0.023598499014042318,0.006000000000000005,0.09645179100334644,1,0,38,0.0,0.0975609756097561,0.8955196738243103
PU-C,2,0.0,0.1,100,37,2700,300,41,0,41,0.023598499014042318,0.006000000000000005,0.09893970796838403,1,0,38,0.0,0.0975609756097561,0.8955196738243103
PU-C,2,0.0,0.1,200,37,2700,300,41,0,41,0.023598499014042318,0.006000000000000005,0.10150016599800438,1,0,38,0.0,0.0975609756097561,0.8955196738243103
PU-F,2,0.0,0.1,50,50,2700,300,54,1,55,0.029996522003784776,0.008299999999999974,0.11908104200847447,0,0,51,0.0,0.09259259259259259,0.8927910327911377
PU-F,2,0.0,0.1,100,52,2700,300,56,0,56,0.030447359604295343,0.008199999999999985,0.12538924999535084,1,0,53,0.0,0.08928571428571429,0.8945595622062683
PU-F,2,0.0,0.1,200,52,2700,300,56,0,56,0.030447359604295343,0.008199999999999985,0.12730608298443258,1,0,53,0.0,0.08928571428571429,0.8945595622062683
PU-G,2,0.0,0.1,50,50,2700,300,54,14,68,0.03580676292767748,0.010099999999999998,0.125305583991576,0,0,51,0.0,0.09259259259259259,0.8756760358810425
PU-G,2,0.0,0.1,100,73,2700,300,77,0,77,0.03977406141348183,0.008199999999999985,0.16646520898211747,1,0,74,0.0,0.07792207792207792,0.8901429176330566
PU-G,2,0.0,0.1,200,73,2700,300,77,0,77,0.03977406141348183,0.008199999999999985,0.16894862498156726,1,0,74,0.0,0.07792207792207792,0.8901429176330566
MaxLoss,2,0.0,0.2,50,28,2400,600,32,0,32,0.021787392208352685,0.005700000000000038,0.08299195801373571,1,0,29,0.0,0.125,0.901315450668335
MaxLoss,2,0.0,0.2,100,28,2400,600,32,0,32,0.021787392208352685,0.005700000000000038,0.08530075004091486,1,0,29,0.0,0.125,0.901315450668335
MaxLoss,2,0.0,0.2,200,28,2400,600,32,0,32,0.021787392208352685,0.005700000000000038,0.08754583302652463,1,0,29,0.0,0.125,0.901315450668335
PU-C,2,0.0,0.2,50,46,2400,600,50,0,50,0.031179819023236632,0.010099999999999998,0.11730425001587719,1,0,47,0.0,0.06,0.8778092861175537
PU-C,2,0.0,0.2,100,46,2400,600,50,0,50,0.031179819023236632,0.010099999999999998,0.11920766602270305,1,0,47,0.0,0.06,0.8778092861175537
PU-C,2,0.0,0.2,200,46,2400,600,50,0,50,0.031179819023236632,0.010099999999999998,0.12157370802015066,1,0,47,0.0,0.06,0.8778092861175537
PU-F,2,0.0,0.2,50,38,2400,600,42,0,42,0.02705520042218268,0.005199999999999982,0.11404487496474758,1,0,39,0.0,0.047619047619047616,0.8801037669181824
PU-F,2,0.0,0.2,100,38,2400,600,42,0,42,0.02705520042218268,0.005199999999999982,0.11706070799846202,1,0,39,0.0,0.047619047619047616,0.8801037669181824
PU-F,2,0.0,0.2,200,38,2400,600,42,0,42,0.02705520042218268,0.005199999999999982,0.12000908295158297,1,0,39,0.0,0.047619047619047616,0.8801037669181824
PU-G,2,0.0,0.2,50,15,2400,600,19,0,19,0.014651537698227912,0.0032999999999999696,0.1751076250220649,1,0,16,0.0,0.10526315789473684,0.8168047666549683
PU-G,2,0.0,0.2,100,15,2400,600,19,0,19,0.014651537698227912,0.0032999999999999696,0.17890683404402807,1,0,16,0.0,0.10526315789473684,0.8168047666549683
PU-G,2,0.0,0.2,200,15,2400,600,19,0,19,0.014651537698227912,0.0032999999999999696,0.18097975000273436,1,0,16,0.0,0.10526315789473684,0.8168047666549683
MaxLoss,2,0.0,0.3,50,24,2100,900,28,0,28,0.022426654177252203,0.0048000000000000265,0.11166829202556983,1,0,25,0.0,0.03571428571428571,0.8579896688461304
MaxLoss,2,0.0,0.3,100,24,2100,900,28,0,28,0.022426654177252203,0.0048000000000000265,0.11387333302991465,1,0,25,0.0,0.03571428571428571,0.8579896688461304
MaxLoss,2,0.0,0.3,200,24,2100,900,28,0,28,0.022426654177252203,0.0048000000000000265,0.11621454200940207,1,0,25,0.0,0.03571428571428571,0.8579896688461304
PU-C,2,0.0,0.3,50,42,2100,900,46,0,46,0.03326353122247383,0.006399999999999961,0.1441226250026375,1,0,43,0.0,0.08695652173913043,0.8856779932975769
PU-C,2,0.0,0.3,100,42,2100,900,46,0,46,0.03326353122247383,0.006399999999999961,0.14612358302110806,1,0,43,0.0,0.08695652173913043,0.8856779932975769
PU-C,2,0.0,0.3,200,42,2100,900,46,0,46,0.03326353122247383,0.006399999999999961,0.14853716600919142,1,0,43,0.0,0.08695652173913043,0.8856779932975769
PU-F,2,0.0,0.3,50,40,2100,900,44,0,44,0.03208407701458782,0.005499999999999949,0.27057549997698516,1,0,41,0.0,0.11363636363636363,0.8736976385116577
PU-F,2,0.0,0.3,100,40,2100,900,44,0,44,0.03208407701458782,0.005499999999999949,0.2733380839927122,1,0,41,0.0,0.11363636363636363,0.8736976385116577
PU-F,2,0.0,0.3,200,40,2100,900,44,0,44,0.03208407701458782,0.005499999999999949,0.2764270000043325,1,0,41,0.0,0.11363636363636363,0.8736976385116577
PU-G,2,0.0,0.3,50,32,2100,900,36,0,36,0.027310927340295166,0.005600000000000049,0.13669170800130814,1,0,33,0.0,0.05555555555555555,0.84100341796875
PU-G,2,0.0,0.3,100,32,2100,900,36,0,36,0.027310927340295166,0.005600000000000049,0.1393149999785237,1,0,33,0.0,0.05555555555555555,0.84100341796875
PU-G,2,0.0,0.3,200,32,2100,900,36,0,36,0.027310927340295166,0.005600000000000049,0.1417132499627769,1,0,33,0.0,0.05555555555555555,0.84100341796875
MaxLoss,2,0.0,0.4,50,14,1800,1200,18,0,18,0.01875582296634093,0.0036000000000000476,0.12322249996941537,1,0,15,0.0,0.16666666666666666,0.8403502106666565
MaxLoss,2,0.0,0.4,100,14,1800,1200,18,0,18,0.01875582296634093,0.0036000000000000476,0.12545320898061618,1,0,15,0.0,0.16666666666666666,0.8403502106666565
MaxLoss,2,0.0,0.4,200,14,1800,1200,18,0,18,0.01875582296634093,0.0036000000000000476,0.12764550000429153,1,0,15,0.0,0.16666666666666666,0.8403502106666565
PU-C,2,0.0,0.4,50,20,1800,1200,24,0,24,0.023234111547935754,0.0036000000000000476,0.13415595795959234,1,0,21,0.0,0.125,0.8535769581794739
PU-C,2,0.0,0.4,100,20,1800,1200,24,0,24,0.023234111547935754,0.0036000000000000476,0.13624495797557756,1,0,21,0.0,0.125,0.8535769581794739
PU-C,2,0.0,0.4,200,20,1800,1200,24,0,24,0.023234111547935754,0.0036000000000000476,0.1384112499654293,1,0,21,0.0,0.125,0.8535769581794739
PU-F,2,0.0,0.4,50,14,1800,1200,18,0,18,0.01875582296634093,0.0043999999999999595,0.1301483329734765,1,0,15,0.0,0.2222222222222222,0.8268259167671204
PU-F,2,0.0,0.4,100,14,1800,1200,18,0,18,0.01875582296634093,0.0043999999999999595,0.13261070800945163,1,0,15,0.0,0.2222222222222222,0.8268259167671204
PU-F,2,0.0,0.4,200,14,1800,1200,18,0,18,0.01875582296634093,0.0043999999999999595,0.13464808301068842,1,0,15,0.0,0.2222222222222222,0.8268259167671204
PU-G,2,0.0,0.4,50,29,1800,1200,33,0,33,0.02971941459691152,0.006700000000000039,0.14988337497925386,1,0,30,0.0,0.15151515151515152,0.8462184071540833
PU-G,2,0.0,0.4,100,29,1800,1200,33,0,33,0.02971941459691152,0.006700000000000039,0.152008457982447,1,0,30,0.0,0.15151515151515152,0.8462184071540833
PU-G,2,0.0,0.4,200,29,1800,1200,33,0,33,0.02971941459691152,0.006700000000000039,0.15436129097361118,1,0,30,0.0,0.15151515151515152,0.8462184071540833
MaxLoss,2,0.0,0.5,50,17,1500,1500,21,0,21,0.025193650973960757,0.006700000000000039,0.14726887497818097,1,0,18,0.0,0.19047619047619047,0.8326988816261292
MaxLoss,2,0.0,0.5,100,17,1500,1500,21,0,21,0.025193650973960757,0.006700000000000039,0.14953950000926852,1,0,18,0.0,0.19047619047619047,0.8326988816261292
MaxLoss,2,0.0,0.5,200,17,1500,1500,21,0,21,0.025193650973960757,0.006700000000000039,0.15203845797805116,1,0,18,0.0,0.19047619047619047,0.8326988816261292
PU-C,2,0.0,0.5,50,12,1500,1500,16,0,16,0.020651578553952277,0.0041999999999999815,0.1444042919902131,1,0,13,0.0,0.1875,0.7979796528816223
PU-C,2,0.0,0.5,100,12,1500,1500,16,0,16,0.020651578553952277,0.0041999999999999815,0.14676679199328646,1,0,13,0.0,0.1875,0.7979796528816223
PU-C,2,0.0,0.5,200,12,1500,1500,16,0,16,0.020651578553952277,0.0041999999999999815,0.14895658299792558,1,0,13,0.0,0.1875,0.7979796528816223
PU-F,2,0.0,0.5,50,15,1500,1500,19,0,19,0.023395154566969723,0.005199999999999982,0.1490637079696171,1,0,16,0.0,0.15789473684210525,0.8399015665054321
PU-F,2,0.0,0.5,100,15,1500,1500,19,0,19,0.023395154566969723,0.005199999999999982,0.15103816700866446,1,0,16,0.0,0.15789473684210525,0.8399015665054321
PU-F,2,0.0,0.5,200,15,1500,1500,19,0,19,0.023395154566969723,0.005199999999999982,0.15355933300452307,1,0,16,0.0,0.15789473684210525,0.8399015665054321
PU-G,2,0.0,0.5,50,12,1500,1500,16,0,16,0.020651578553952277,0.0017000000000000348,0.14510283299023286,1,0,13,0.0,0.125,0.7763084769248962
PU-G,2,0.0,0.5,100,12,1500,1500,16,0,16,0.020651578553952277,0.0017000000000000348,0.1475347499945201,1,0,13,0.0,0.125,0.7763084769248962
PU-G,2,0.0,0.5,200,12,1500,1500,16,0,16,0.020651578553952277,0.0017000000000000348,0.14954179100459442,1,0,13,0.0,0.125,0.7763084769248962
MaxLoss,2,0.0,0.6,50,12,1200,1800,16,0,16,0.025781950331293046,0.005800000000000027,0.16788704198552296,1,0,13,0.0,0.1875,0.7834134697914124
MaxLoss,2,0.0,0.6,100,12,1200,1800,16,0,16,0.025781950331293046,0.005800000000000027,0.17045841697836295,1,0,13,0.0,0.1875,0.7834134697914124
MaxLoss,2,0.0,0.6,200,12,1200,1800,16,0,16,0.025781950331293046,0.005800000000000027,0.17245524999452755,1,0,13,0.0,0.1875,0.7834134697914124
PU-C,2,0.0,0.6,50,6,1200,1800,10,0,10,0.018649740784894675,0.0021999999999999797,0.1681216669967398,1,0,7,0.0,0.3,0.6725190281867981
PU-C,2,0.0,0.6,100,6,1200,1800,10,0,10,0.018649740784894675,0.0021999999999999797,0.17043470800854266,1,0,7,0.0,0.3,0.6725190281867981
PU-C,2,0.0,0.6,200,6,1200,1800,10,0,10,0.018649740784894675,0.0021999999999999797,0.17396533297142014,1,0,7,0.0,0.3,0.6725190281867981
PU-F,2,0.0,0.6,50,11,1200,1800,15,0,15,0.024623136851005256,0.0039000000000000146,0.1808579170028679,1,0,12,0.0,0.13333333333333333,0.7446480393409729
PU-F,2,0.0,0.6,100,11,1200,1800,15,0,15,0.024623136851005256,0.0039000000000000146,0.1832471250090748,1,0,12,0.0,0.13333333333333333,0.7446480393409729
PU-F,2,0.0,0.6,200,11,1200,1800,15,0,15,0.024623136851005256,0.0039000000000000146,0.18607337499270216,1,0,12,0.0,0.13333333333333333,0.7446480393409729
PU-G,2,0.0,0.6,50,17,1200,1800,21,0,21,0.03144788567442447,0.0041999999999999815,0.17982129199663177,1,0,18,0.0,0.14285714285714285,0.7847890257835388
PU-G,2,0.0,0.6,100,17,1200,1800,21,0,21,0.03144788567442447,0.0041999999999999815,0.1821112090256065,1,0,18,0.0,0.14285714285714285,0.7847890257835388
PU-G,2,0.0,0.6,200,17,1200,1800,21,0,21,0.03144788567442447,0.0041999999999999815,0.184423541999422,1,0,18,0.0,0.14285714285714285,0.7847890257835388
MaxLoss,2,0.0,0.7,50,4,900,2100,8,0,8,0.021493067673873156,0.0020999999999999908,0.18400862498674542,1,0,5,0.0,0.125,0.6156067252159119
MaxLoss,2,0.0,0.7,100,4,900,2100,8,0,8,0.021493067673873156,0.0020999999999999908,0.18589191598584875,1,0,5,0.0,0.125,0.6156067252159119
MaxLoss,2,0.0,0.7,200,4,900,2100,8,0,8,0.021493067673873156,0.0020999999999999908,0.18827612500172108,1,0,5,0.0,0.125,0.6156067252159119
PU-C,2,0.0,0.7,50,6,900,2100,10,0,10,0.024822357401717454,0.0014999999999999458,0.18732216698117554,1,0,7,0.0,0.1,0.5227559208869934
PU-C,2,0.0,0.7,100,6,900,2100,10,0,10,0.024822357401717454,0.0014999999999999458,0.1895125829614699,1,0,7,0.0,0.1,0.5227559208869934
PU-C,2,0.0,0.7,200,6,900,2100,10,0,10,0.024822357401717454,0.0014999999999999458,0.19157529197400436,1,0,7,0.0,0.1,0.5227559208869934
PU-F,2,0.0,0.7,50,8,900,2100,12,0,12,0.02805392601294443,0.0019000000000000128,0.19106124999234453,1,0,9,0.0,0.08333333333333333,0.7195277214050293
PU-F,2,0.0,0.7,100,8,900,2100,12,0,12,0.02805392601294443,0.0019000000000000128,0.19350062496960163,1,0,9,0.0,0.08333333333333333,0.7195277214050293
PU-F,2,0.0,0.7,200,8,900,2100,12,0,12,0.02805392601294443,0.0019000000000000128,0.19562995800515637,1,0,9,0.0,0.08333333333333333,0.7195277214050293
PU-G,2,0.0,0.7,50,8,900,2100,12,0,12,0.02805392601294443,0.0016000000000000458,0.19032329198671505,1,0,9,0.0,0.08333333333333333,0.6206419467926025
PU-G,2,0.0,0.7,100,8,900,2100,12,0,12,0.02805392601294443,0.0016000000000000458,0.19259454199345782,1,0,9,0.0,0.08333333333333333,0.6206419467926025
PU-G,2,0.0,0.7,200,8,900,2100,12,0,12,0.02805392601294443,0.0016000000000000458,0.19472595897968858,1,0,9,0.0,0.08333333333333333,0.6206419467926025
MaxLoss,2,0.0,0.8,50,5,600,2400,9,0,9,0.03463902446674183,0.0011999999999999789,0.20458591700298712,1,0,6,0.0,0.1111111111111111,0.5895223021507263
MaxLoss,2,0.0,0.8,100,5,600,2400,9,0,9,0.03463902446674183,0.0011999999999999789,0.2070572089869529,1,0,6,0.0,0.1111111111111111,0.5895223021507263
MaxLoss,2,0.0,0.8,200,5,600,2400,9,0,9,0.03463902446674183,0.0011999999999999789,0.20954204199369997,1,0,6,0.0,0.1111111111111111,0.5895223021507263
PU-C,2,0.0,0.8,50,4,600,2400,8,0,8,0.03213391738245264,0.0011999999999999789,0.20306337502552196,1,0,5,0.0,0.125,0.6291571855545044
PU-C,2,0.0,0.8,100,4,600,2400,8,0,8,0.03213391738245264,0.0011999999999999789,0.20569412497570738,1,0,5,0.0,0.125,0.6291571855545044
PU-C,2,0.0,0.8,200,4,600,2400,8,0,8,0.03213391738245264,0.0011999999999999789,0.20777091599302366,1,0,5,0.0,0.125,0.6291571855545044
PU-F,2,0.0,0.8,50,6,600,2400,10,0,10,0.037101879774127156,0.0021999999999999797,0.2077818340039812,1,0,7,0.0,0.1,0.6498368978500366
PU-F,2,0.0,0.8,100,6,600,2400,10,0,10,0.037101879774127156,0.0021999999999999797,0.21008099999744445,1,0,7,0.0,0.1,0.6498368978500366
PU-F,2,0.0,0.8,200,6,600,2400,10,0,10,0.037101879774127156,0.0021999999999999797,0.2123921670136042,1,0,7,0.0,0.1,0.6498368978500366
PU-G,2,0.0,0.8,50,5,600,2400,9,0,9,0.03463902446674183,0.0011999999999999789,0.2053672500187531,1,0,6,0.0,0.1111111111111111,0.5998193025588989
PU-G,2,0.0,0.8,100,5,600,2400,9,0,9,0.03463902446674183,0.0011999999999999789,0.20796829200116917,1,0,6,0.0,0.1111111111111111,0.5998193025588989
PU-G,2,0.0,0.8,200,5,600,2400,9,0,9,0.03463902446674183,0.0011999999999999789,0.21059487498132512,1,0,6,0.0,0.1111111111111111,0.5998193025588989
MaxLoss,2,0.4,0.0,50,50,3000,0,54,450,504,0.19202484015841037,0.11929999999999996,0.06141116697108373,0,0,51,0.25925925925925924,0.2777777777777778,0.6477727293968201
MaxLoss,2,0.4,0.0,100,100,3000,0,104,340,444,0.17077872878871858,0.09930000000000005,0.12310745898867026,0,0,101,0.3269230769230769,0.33653846153846156,0.6807506084442139
MaxLoss,2,0.4,0.0,200,200,3000,0,204,105,309,0.12242135201813653,0.007800000000000029,0.2988161669927649,0,1,201,0.30392156862745096,0.3284313725490196,0.45021530985832214
PU-C,2,0.4,0.0,50,50,3000,0,54,508,562,0.21244820981519297,0.1432,0.2687437089625746,0,0,51,0.24074074074074073,0.25925925925925924,0.6633949279785156
PU-C,2,0.4,0.0,100,100,3000,0,104,460,564,0.21315062715439126,0.136,0.5325331249623559,0,0,101,0.25,0.2692307692307692,0.6880295276641846
PU-C,2,0.4,0.0,200,200,3000,0,204,302,506,0.19273088016780093,0.09419999999999995,1.125616249977611,0,1,201,0.31862745098039214,0.3333333333333333,0.4115245044231415
PU-F,2,0.4,0.0,50,50,3000,0,54,412,466,0.17858403647551313,0.10929999999999995,0.5782542079687119,0,0,51,0.3333333333333333,0.37037037037037035,0.6177977919578552
PU-F,2,0.4,0.0,100,100,3000,0,104,313,417,0.16117378696799278,0.08209999999999995,1.210990707972087,0,0,101,0.27884615384615385,0.34615384615384615,0.618854284286499
PU-F,2,0.4,0.0,200,200,3000,0,204,226,430,0.16580204077763483,0.04849999999999999,2.3699149999883957,0,1,201,0.23529411764705882,0.3382352941176471,0.41251328587532043
PU-G,2,0.4,0.0,50,50,3000,0,54,470,524,0.1990793421282433,0.13790000000000002,0.5931986249634065,0,0,51,0.3148148148148148,0.37037037037037035,0.7517048120498657
PU-G,2,0.4,0.0,100,100,3000,0,104,342,446,0.17148905905196443,0.08830000000000005,1.2454863750026561,0,0,101,0.2403846153846154,0.28846153846153844,0.7193468809127808
PU-G,2,0.4,0.0,200,200,3000,0,204,206,410,0.158678749226965,0.05149999999999999,2.4201596249477006,0,1,201,0.22549019607843138,0.3088235294117647,0.6399402618408203
MaxLoss,2,0.4,0.1,50,50,2700,300,54,436,490,0.20755510200979188,0.11419999999999997,0.23701087501831353,0,0,51,0.25925925925925924,0.2962962962962963,0.8174631595611572
MaxLoss,2,0.4,0.1,100,100,2700,300,104,319,423,0.18120886577526107,0.08420000000000005,0.2982838330208324,0,0,101,0.25961538461538464,0.28846153846153844,0.8210377097129822
MaxLoss,2,0.4,0.1,200,200,2700,300,204,190,394,0.16974210395710543,0.05810000000000004,0.465452375006862,0,1,201,0.28921568627450983,0.31862745098039214,0.5381426811218262
PU-C,2,0.4,0.1,50,50,2700,300,54,504,558,0.23411233734805137,0.14449999999999996,0.3440074159880169,0,0,51,0.2037037037037037,0.2962962962962963,0.9211347103118896
PU-C,2,0.4,0.1,100,100,2700,300,104,404,508,0.21460168954217806,0.11070000000000002,0.5936805409728549,0,0,101,0.2403846153846154,0.3557692307692308,0.9297176003456116
PU-C,2,0.4,0.1,200,200,2700,300,204,164,368,0.15942519844975322,0.05030000000000001,1.1232255829963833,0,1,201,0.2549019607843137,0.3431372549019608,0.648451566696167
PU-F,2,0.4,0.1,50,50,2700,300,54,402,456,0.19420945731690153,0.12350000000000005,0.45263045805040747,0,0,51,0.24074074074074073,0.25925925925925924,0.8914311528205872
PU-F,2,0.4,0.1,100,100,2700,300,104,418,522,0.2200738299288787,0.135,1.0033224580110982,0,0,101,0.2980769230769231,0.3076923076923077,0.9106633067131042
PU-F,2,0.4,0.1,200,200,2700,300,204,117,321,0.14067798585165292,0.030200000000000005,2.081132624996826,0,1,201,0.31862745098039214,0.3333333333333333,0.7911489009857178
PU-G,2,0.4,0.1,50,50,2700,300,54,304,358,0.15544736583251506,0.06830000000000003,0.48287474998505786,0,0,51,0.2777777777777778,0.3888888888888889,0.8135911822319031
PU-G,2,0.4,0.1,100,100,2700,300,104,272,376,0.16260347166098654,0.06630000000000003,1.0678292909869924,0,0,101,0.25961538461538464,0.41346153846153844,0.8543312549591064
PU-G,2,0.4,0.1,200,200,2700,300,204,219,423,0.18120886577526107,0.0534,2.1901866249972954,0,1,201,0.22058823529411764,0.35784313725490197,0.6679211258888245
MaxLoss,2,0.4,0.2,50,50,2400,600,54,305,359,0.17505238723242655,0.08450000000000002,0.23934920801548287,0,0,51,0.25925925925925924,0.2962962962962963,0.9001975059509277
MaxLoss,2,0.4,0.2,100,100,2400,600,104,258,362,0.17639191827038303,0.07440000000000002,0.296360292006284,0,0,101,0.34615384615384615,0.375,0.9069257974624634
MaxLoss,2,0.4,0.2,200,200,2400,600,204,138,342,0.16745029477169737,0.047900000000000054,0.4566842920030467,0,1,201,0.3431372549019608,0.39215686274509803,0.6752921938896179
PU-C,2,0.4,0.2,50,50,2400,600,54,455,509,0.24139860179275274,0.16000000000000003,0.3017897080280818,0,0,51,0.24074074074074073,0.3148148148148148,0.7913875579833984
PU-C,2,0.4,0.2,100,100,2400,600,104,404,508,0.24096004507737234,0.15190000000000003,0.5227462080074474,0,0,101,0.25961538461538464,0.3173076923076923,0.7860434651374817
PU-C,2,0.4,0.2,200,200,2400,600,204,181,385,0.18664249702123925,0.06999999999999995,1.0004574580234475,0,1,201,0.29411764705882354,0.3284313725490196,0.6649008989334106
PU-F,2,0.4,0.2,50,50,2400,600,54,356,410,0.19774794444674626,0.12009999999999998,0.43563983304193243,0,0,51,0.2222222222222222,0.24074074074074073,0.889352023601532
PU-F,2,0.4,0.2,100,100,2400,600,104,291,395,0.19108908722409979,0.10529999999999995,0.8527631660108455,0,0,101,0.2692307692307692,0.27884615384615385,0.9009535908699036
PU-F,2,0.4,0.2,200,200,2400,600,204,181,385,0.18664249702123925,0.07569999999999999,1.8019845830276608,0,1,201,0.27450980392156865,0.31862745098039214,0.5636471509933472
PU-G,2,0.4,0.2,50,50,2400,600,54,384,438,0.21014411706710234,0.11140000000000005,0.49501249997410923,0,0,51,0.24074074074074073,0.3333333333333333,0.8914212584495544
PU-G,2,0.4,0.2,100,100,2400,600,104,263,367,0.17862316372338682,0.06720000000000004,0.9529869169928133,0,0,101,0.18269230769230768,0.25961538461538464,0.8846186399459839
PU-G,2,0.4,0.2,200,200,2400,600,204,165,369,0.17951520963106304,0.04359999999999997,1.9907837089849636,0,1,201,0.18137254901960784,0.2549019607843137,0.7253322601318359
MaxLoss,2,0.4,0.3,50,50,2100,900,54,257,311,0.17514120176201686,0.10729999999999995,0.2747425410198048,0,0,51,0.25925925925925924,0.35185185185185186,0.5494005084037781
MaxLoss,2,0.4,0.3,100,100,2100,900,104,228,332,0.18588970397831872,0.1008,0.3294753330410458,0,0,101,0.2980769230769231,0.34615384615384615,0.5005186796188354
MaxLoss,2,0.4,0.3,200,200,2100,900,204,112,316,0.17770396766718477,0.06389999999999996,0.48285745800239965,0,1,201,0.31862745098039214,0.35294117647058826,0.4678310751914978
PU-C,2,0.4,0.3,50,50,2100,900,54,342,396,0.21842344250762835,0.13,0.33376237499760464,0,0,51,0.2777777777777778,0.35185185185185186,0.6450586915016174
PU-C,2,0.4,0.3,100,100,2100,900,104,217,321,0.18026445392752066,0.09150000000000003,0.4798107909737155,0,0,101,0.3557692307692308,0.40384615384615385,0.7255468964576721
PU-C,2,0.4,0.3,200,200,2100,900,204,115,319,0.17924053024034947,0.07469999999999999,0.9347560409805737,0,1,201,0.3284313725490196,0.36764705882352944,0.5040673613548279
PU-F,2,0.4,0.3,50,50,2100,900,54,98,152,0.09207777481060475,0.011399999999999966,0.41889033402549103,0,0,51,0.25925925925925924,0.3148148148148148,0.6949753761291504
PU-F,2,0.4,0.3,100,100,2100,900,104,127,231,0.1337848783005029,0.031000000000000028,0.5991252089734189,0,0,101,0.3076923076923077,0.33653846153846156,0.7415586113929749
PU-F,2,0.4,0.3,200,200,2100,900,204,115,319,0.17924053024034947,0.06740000000000002,1.2972628750139847,0,1,201,0.3088235294117647,0.3480392156862745,0.6970276832580566
PU-G,2,0.4,0.3,50,50,2100,900,54,207,261,0.1493775974959135,0.07579999999999998,0.42262970795854926,0,0,51,0.18518518518518517,0.3333333333333333,0.6855401992797852
PU-G,2,0.4,0.3,100,100,2100,900,104,124,228,0.13221927324775606,0.04400000000000004,0.5772735419450328,0,0,101,0.17307692307692307,0.3076923076923077,0.6464815735816956
PU-G,2,0.4,0.3,200,200,2100,900,204,47,251,0.14419231697684154,0.00880000000000003,1.179302042000927,0,1,201,0.27450980392156865,0.35784313725490197,0.5455878973007202
MaxLoss,2,0.4,0.4,50,50,1800,1200,54,199,253,0.1690580239519477,0.10460000000000003,0.28546550002647564,0,0,51,0.3333333333333333,0.35185185185185186,0.7462667226791382
MaxLoss,2,0.4,0.4,100,100,1800,1200,104,184,288,0.19008432829286903,0.10150000000000003,0.33455370902083814,0,0,101,0.33653846153846156,0.3942307692307692,0.8007791638374329
MaxLoss,2,0.4,0.4,200,200,1800,1200,204,44,248,0.166040443116799,0.044499999999999984,0.4793075420311652,0,1,201,0.3088235294117647,0.4166666666666667,0.6987999677658081
PU-C,2,0.4,0.4,50,50,1800,1200,54,267,321,0.20976919040549546,0.12639999999999996,0.33482304197968915,0,0,51,0.2777777777777778,0.3333333333333333,0.649411141872406
PU-C,2,0.4,0.4,100,100,1800,1200,104,201,305,0.20024082355666906,0.10929999999999995,0.43227558297803625,0,0,101,0.3173076923076923,0.41346153846153844,0.6895617246627808
PU-C,2,0.4,0.4,200,200,1800,1200,204,41,245,0.1642281228560023,0.04269999999999996,0.8358183749951422,0,1,201,0.31862745098039214,0.4166666666666667,0.4528804123401642
PU-F,2,0.4,0.4,50,50,1800,1200,54,182,236,0.15878296172013506,0.0695,0.4130369580234401,0,0,51,0.25925925925925924,0.35185185185185186,0.8123907446861267
PU-F,2,0.4,0.4,100,100,1800,1200,104,133,237,0.15938859834568575,0.054200000000000026,0.5957502080127597,0,0,101,0.2980769230769231,0.36538461538461536,0.8602594137191772
PU-F,2,0.4,0.4,200,200,1800,1200,204,21,225,0.1521103874547407,0.010099999999999998,1.2278125419979915,0,1,201,0.3088235294117647,0.37745098039215685,0.6840958595275879
PU-G,2,0.4,0.4,50,50,1800,1200,54,183,237,0.15938859834568575,0.07240000000000002,0.4074114999966696,0,0,51,0.24074074074074073,0.25925925925925924,0.7372521162033081
PU-G,2,0.4,0.4,100,100,1800,1200,104,155,259,0.1726743567851372,0.0706,0.5610272500198334,0,0,101,0.3557692307692308,0.375,0.7386592030525208
PU-G,2,0.4,0.4,200,200,1800,1200,204,46,250,0.1672479148255661,0.0353,1.2169309579767287,0,1,201,0.27941176470588236,0.35294117647058826,0.6723545789718628
MaxLoss,2,0.4,0.5,50,50,1500,1500,54,191,245,0.19646248914068565,0.08689999999999998,0.30802575004054233,0,0,51,0.2777777777777778,0.2777777777777778,0.7545297145843506
MaxLoss,2,0.4,0.5,100,100,1500,1500,104,157,261,0.20798240083968267,0.08340000000000003,0.35743941698456183,0,0,101,0.33653846153846156,0.34615384615384615,0.7978865504264832
MaxLoss,2,0.4,0.5,200,200,1500,1500,204,70,274,0.21730892767664045,0.06510000000000005,0.49037912499625236,0,1,201,0.3480392156862745,0.4019607843137255,0.49968814849853516
PU-C,2,0.4,0.5,50,50,1500,1500,54,152,206,0.16817100258776918,0.061799999999999966,0.3474339580279775,0,0,51,0.3888888888888889,0.42592592592592593,0.7999637722969055
PU-C,2,0.4,0.5,100,100,1500,1500,104,104,208,0.1696298418683,0.04810000000000003,0.43518249999033287,0,0,101,0.3557692307692308,0.41346153846153844,0.8124434947967529
PU-C,2,0.4,0.5,200,200,1500,1500,204,51,255,0.20366789877880365,0.05289999999999995,0.7647273329785094,0,1,201,0.35294117647058826,0.4019607843137255,0.6113540530204773
PU-F,2,0.4,0.5,50,50,1500,1500,54,109,163,0.13655982486670837,0.05069999999999997,0.40755862498190254,0,0,51,0.2777777777777778,0.37037037037037035,0.6745226979255676
PU-F,2,0.4,0.5,100,100,1500,1500,104,99,203,0.16598099377006292,0.04600000000000004,0.5384564580162987,0,0,101,0.3173076923076923,0.4230769230769231,0.735059916973114
PU-F,2,0.4,0.5,200,200,1500,1500,204,25,229,0.18489400134421885,0.02859999999999996,0.9857015000307001,0,1,201,0.29901960784313725,0.39215686274509803,0.5751506686210632
PU-G,2,0.4,0.5,50,50,1500,1500,54,116,170,0.14174069376895204,0.035699999999999954,0.3883163749706,0,0,51,0.2037037037037037,0.2777777777777778,0.7524932026863098
PU-G,2,0.4,0.5,100,100,1500,1500,104,85,189,0.15573209436843172,0.04579999999999995,0.49119795800652355,0,0,101,0.375,0.46153846153846156,0.7266511917114258
PU-G,2,0.4,0.5,200,200,1500,1500,204,21,225,0.18199383554747328,0.01319999999999999,0.9240372080239467,0,1,201,0.3137254901960784,0.4117647058823529,0.6757019758224487
MaxLoss,2,0.4,0.6,50,50,1200,1800,54,112,166,0.1728225372498855,0.0746,0.3349538329639472,0,0,51,0.2962962962962963,0.3333333333333333,0.5873941779136658
MaxLoss,2,0.4,0.6,100,100,1200,1800,104,73,177,0.18291485426016152,0.06640000000000001,0.3843653330113739,0,0,101,0.2980769230769231,0.33653846153846156,0.636353075504303
MaxLoss,2,0.4,0.6,200,192,1200,1800,196,0,196,0.20024328428553417,0.016800000000000037,0.49926324997795746,1,0,193,0.29591836734693877,0.3826530612244898,0.4376809895038605
PU-C,2,0.4,0.6,50,50,1200,1800,54,122,176,0.18199927237583324,0.09689999999999999,0.3632971670012921,0,0,51,0.3333333333333333,0.35185185185185186,0.7064224481582642
PU-C,2,0.4,0.6,100,100,1200,1800,104,85,189,0.19387366488808766,0.08609999999999995,0.4359153750119731,0,0,101,0.3269230769230769,0.3557692307692308,0.782935619354248
PU-C,2,0.4,0.6,200,189,1200,1800,193,0,193,0.1975154562969692,0.008000000000000007,0.5884854580508545,1,0,190,0.31088082901554404,0.39896373056994816,0.6141462326049805
PU-F,2,0.4,0.6,50,50,1200,1800,54,95,149,0.157128639111761,0.04200000000000004,0.40382379200309515,0,0,51,0.2222222222222222,0.24074074074074073,0.5554757118225098
PU-F,2,0.4,0.6,100,100,1200,1800,104,37,141,0.149698699999135,0.031000000000000028,0.4975132920080796,0,0,101,0.3269230769230769,0.3942307692307692,0.5562461614608765
PU-F,2,0.4,0.6,200,199,1200,1800,203,0,203,0.20659681741381064,0.01859999999999995,0.7053805000032298,1,0,200,0.27586206896551724,0.39408866995073893,0.5113422274589539
PU-G,2,0.4,0.6,50,50,1200,1800,54,97,151,0.15898148459382355,0.05900000000000005,0.42465475003700703,0,0,51,0.2962962962962963,0.35185185185185186,0.7401896715164185
PU-G,2,0.4,0.6,100,100,1200,1800,104,100,204,0.20750318962382153,0.07079999999999997,0.5493929170188494,0,0,101,0.2980769230769231,0.4230769230769231,0.8100930452346802
PU-G,2,0.4,0.6,200,200,1200,1800,204,5,209,0.21203038381645456,0.03249999999999997,0.7883375420351513,0,1,201,0.2696078431372549,0.4117647058823529,0.6167615056037903
MaxLoss,2,0.4,0.7,50,50,900,2100,54,75,129,0.18363263586070389,0.08230000000000004,0.3574370840215124,0,0,51,0.37037037037037035,0.46296296296296297,0.6970915198326111
MaxLoss,2,0.4,0.7,100,100,900,2100,104,44,148,0.20701763813849539,0.07130000000000003,0.4011024589999579,0,0,101,0.3942307692307692,0.5192307692307693,0.7142003774642944
MaxLoss,2,0.4,0.7,200,105,900,2100,109,0,109,0.15871139662340283,0.01649999999999996,0.4092315839952789,1,0,106,0.3761467889908257,0.5045871559633027,0.7556763887405396
PU-C,2,0.4,0.7,50,50,900,2100,54,94,148,0.20701763813849539,0.09789999999999999,0.25176424998790026,0,0,51,0.4074074074074074,0.4444444444444444,0.6161477565765381
PU-C,2,0.4,0.7,100,95,900,2100,99,0,99,0.1461123411427252,0.0121,0.30956862500170246,1,0,96,0.3939393939393939,0.48484848484848486,0.6476247310638428
PU-C,2,0.4,0.7,200,95,900,2100,99,0,99,0.1461123411427252,0.0121,0.3122747919987887,1,0,96,0.3939393939393939,0.48484848484848486,0.6476247310638428
PU-F,2,0.4,0.7,50,50,900,2100,54,27,81,0.12315179541474208,0.0131,0.28118404204724357,0,0,51,0.35185185185185186,0.3888888888888889,0.5875551700592041
PU-F,2,0.4,0.7,100,94,900,2100,98,0,98,0.14484673202969134,0.017199999999999993,0.3485434169997461,1,0,95,0.41836734693877553,0.4489795918367347,0.6122494339942932
PU-F,2,0.4,0.7,200,94,900,2100,98,0,98,0.14484673202969134,0.017199999999999993,0.35161683399928734,1,0,95,0.41836734693877553,0.4489795918367347,0.6122494339942932
PU-G,2,0.4,0.7,50,50,900,2100,54,74,128,0.18239447963424027,0.06410000000000005,0.2874444589833729,0,0,51,0.37037037037037035,0.4074074074074074,0.7453623414039612
PU-G,2,0.4,0.7,100,100,900,2100,104,11,115,0.166224283631891,0.02059999999999995,0.37447283399524167,0,0,101,0.28846153846153844,0.38461538461538464,0.7699000835418701
PU-G,2,0.4,0.7,200,124,900,2100,128,0,128,0.18239447963424027,0.017900000000000027,0.41595183400204405,1,0,125,0.3125,0.3984375,0.7924027442932129
MaxLoss,2,0.4,0.8,50,50,600,2400,54,28,82,0.1850007834727876,0.04249999999999998,0.2643224580097012,0,0,51,0.42592592592592593,0.4444444444444444,0.5189757347106934
MaxLoss,2,0.4,0.8,100,79,600,2400,83,0,83,0.18690033128950745,0.0504,0.2875822080532089,1,0,80,0.3373493975903614,0.4457831325301205,0.5056420564651489
MaxLoss,2,0.4,0.8,200,79,600,2400,83,0,83,0.18690033128950745,0.0504,0.2899055830202997,1,0,80,0.3373493975903614,0.4457831325301205,0.5056420564651489
PU-C,2,0.4,0.8,50,50,600,2400,54,34,88,0.19636580476071686,0.07769999999999999,0.2501503329840489,0,0,51,0.3333333333333333,0.4074074074074074,0.7046734690666199
PU-C,2,0.4,0.8,100,89,600,2400,93,0,93,0.20578014344209805,0.031000000000000028,0.2936069999705069,1,0,90,0.3118279569892473,0.4731182795698925,0.6691408157348633
PU-C,2,0.4,0.8,200,89,600,2400,93,0,93,0.20578014344209805,0.031000000000000028,0.29666883300524205,1,0,90,0.3118279569892473,0.4731182795698925,0.6691408157348633
PU-F,2,0.4,0.8,50,50,600,2400,54,20,74,0.1697214029263705,0.05840000000000001,0.28499229095177725,0,0,51,0.35185185185185186,0.4444444444444444,0.6880103945732117
PU-F,2,0.4,0.8,100,76,600,2400,80,0,80,0.181194981909357,0.04590000000000005,0.3183030829532072,1,0,77,0.275,0.4125,0.7054545283317566
PU-F,2,0.4,0.8,200,76,600,2400,80,0,80,0.181194981909357,0.04590000000000005,0.3204720829962753,1,0,77,0.275,0.4125,0.7054545283317566
PU-G,2,0.4,0.8,50,50,600,2400,54,31,85,0.19069288240280002,0.08130000000000004,0.27286654099589214,0,0,51,0.3148148148148148,0.3333333333333333,0.6734036803245544
PU-G,2,0.4,0.8,100,100,600,2400,104,1,105,0.2281844211393036,0.05159999999999998,0.3368797500152141,0,0,101,0.25961538461538464,0.3942307692307692,0.7424576878547668
PU-G,2,0.4,0.8,200,102,600,2400,106,0,106,0.230040158261545,0.05149999999999999,0.3424038329976611,1,0,103,0.2641509433962264,0.39622641509433965,0.7441315054893494
MaxLoss,3,0.0,0.0,50,50,3000,0,54,108,162,0.06840666866628453,0.03810000000000002,0.07267991697881371,0,0,51,0.0,0.16666666666666666,0.8552659153938293
MaxLoss,3,0.0,0.0,100,100,3000,0,104,29,133,0.05746242729946971,0.019499999999999962,0.1468596249469556,0,0,101,0.0,0.18269230769230768,0.8439583778381348
MaxLoss,3,0.0,0.0,200,119,3000,0,123,0,123,0.053653962444514036,0.015100000000000002,0.17614245897857472,1,0,120,0.0,0.22764227642276422,0.8646236658096313
PU-C,3,0.0,0.0,50,50,3000,0,54,50,104,0.04635784780839458,0.022800000000000042,0.10627362498780712,0,0,51,0.0,0.1111111111111111,0.8228947520256042
PU-C,3,0.0,0.0,100,100,3000,0,104,1,105,0.04674404545221478,0.01529999999999998,0.2057372919516638,0,0,101,0.0,0.25,0.8411731123924255
PU-C,3,0.0,0.0,200,102,3000,0,106,0,106,0.04712998168542981,0.01539999999999997,0.21200216695433483,1,0,103,0.0,0.24528301886792453,0.8407442569732666
PU-F,3,0.0,0.0,50,50,3000,0,54,157,211,0.08663556131068617,0.04069999999999996,0.20424024999374524,0,0,51,0.0,0.1111111111111111,0.8064664602279663
PU-F,3,0.0,0.0,100,100,3000,0,104,32,136,0.05860120529541746,0.014800000000000035,0.332421708968468,0,0,101,0.0,0.17307692307692307,0.7674902677536011
PU-F,3,0.0,0.0,200,123,3000,0,127,0,127,0.055179738090373576,0.012399999999999967,0.38196366699412465,1,0,124,0.0,0.2125984251968504,0.8002996444702148
PU-G,3,0.0,0.0,50,50,3000,0,54,55,109,0.048286255972925574,0.01970000000000005,0.22799516702070832,0,0,51,0.0,0.18518518518518517,0.7157623171806335
PU-G,3,0.0,0.0,100,92,3000,0,96,0,96,0.04325841483660042,0.007299999999999973,0.348014667048119,1,0,93,0.0,0.3229166666666667,0.7172532081604004
PU-G,3,0.0,0.0,200,92,3000,0,96,0,96,0.04325841483660042,0.007299999999999973,0.3507691670092754,1,0,93,0.0,0.3229166666666667,0.7172532081604004
MaxLoss,3,0.0,0.1,50,50,2700,300,54,4,58,0.031346929899882525,0.009000000000000008,0.102791458950378,0,0,51,0.0,0.16666666666666666,0.9123742580413818
MaxLoss,3,0.0,0.1,100,55,2700,300,59,0,59,0.03179569693747908,0.01200000000000001,0.11206999997375533,1,0,56,0.0,0.15254237288135594,0.9083559513092041
MaxLoss,3,0.0,0.1,200,55,2700,300,59,0,59,0.03179569693747908,0.01200000000000001,0.11462774995015934,1,0,56,0.0,0.15254237288135594,0.9083559513092041
PU-C,3,0.0,0.1,50,44,2700,300,48,0,48,0.026819203747436404,0.008499999999999952,0.11022070900071412,1,0,45,0.0,0.14583333333333334,0.8898251056671143
PU-C,3,0.0,0.1,100,44,2700,300,48,0,48,0.026819203747436404,0.008499999999999952,0.11258608399657533,1,0,45,0.0,0.14583333333333334,0.8898251056671143
PU-C,3,0.0,0.1,200,44,2700,300,48,0,48,0.026819203747436404,0.008499999999999952,0.11518708401126787,1,0,45,0.0,0.14583333333333334,0.8898251056671143
PU-F,3,0.0,0.1,50,42,2700,300,46,0,46,0.025903833156917244,0.007000000000000006,0.10664779198123142,1,0,43,0.0,0.2391304347826087,0.8899821043014526
PU-F,3,0.0,0.1,100,42,2700,300,46,0,46,0.025903833156917244,0.007000000000000006,0.10917920898646116,1,0,43,0.0,0.2391304347826087,0.8899821043014526
PU-F,3,0.0,0.1,200,42,2700,300,46,0,46,0.025903833156917244,0.007000000000000006,0.11119020899059251,1,0,43,0.0,0.2391304347826087,0.8899821043014526
PU-G,3,0.0,0.1,50,47,2700,300,51,0,51,0.02818571886746213,0.006000000000000005,0.11589220899622887,1,0,48,0.0,0.1568627450980392,0.8556615710258484
PU-G,3,0.0,0.1,100,47,2700,300,51,0,51,0.02818571886746213,0.006000000000000005,0.11795500002335757,1,0,48,0.0,0.1568627450980392,0.8556615710258484
PU-G,3,0.0,0.1,200,47,2700,300,51,0,51,0.02818571886746213,0.006000000000000005,0.12003266700776294,1,0,48,0.0,0.1568627450980392,0.8556615710258484
MaxLoss,3,0.0,0.2,50,43,2400,600,47,0,47,0.029640937224030495,0.007600000000000051,0.10025266697630286,1,0,44,0.0,0.14893617021276595,0.9129825234413147
MaxLoss,3,0.0,0.2,100,43,2400,600,47,0,47,0.029640937224030495,0.007600000000000051,0.10225458396598697,1,0,44,0.0,0.14893617021276595,0.9129825234413147
MaxLoss,3,0.0,0.2,200,43,2400,600,47,0,47,0.029640937224030495,0.007600000000000051,0.10447433398803696,1,0,44,0.0,0.14893617021276595,0.9129825234413147
PU-C,3,0.0,0.2,50,22,2400,600,26,0,26,0.018545468454249203,0.005199999999999982,0.08594429102959111,1,0,23,0.0,0.11538461538461539,0.8422993421554565
PU-C,3,0.0,0.2,100,22,2400,600,26,0,26,0.018545468454249203,0.005199999999999982,0.0880037079914473,1,0,23,0.0,0.11538461538461539,0.8422993421554565
PU-C,3,0.0,0.2,200,22,2400,600,26,0,26,0.018545468454249203,0.005199999999999982,0.09031029103789479,1,0,23,0.0,0.11538461538461539,0.8422993421554565
PU-F,3,0.0,0.2,50,20,2400,600,24,0,24,0.017447080521378666,0.0039000000000000146,0.08796299999812618,1,0,21,0.0,0.16666666666666666,0.7943009734153748
PU-F,3,0.0,0.2,100,20,2400,600,24,0,24,0.017447080521378666,0.0039000000000000146,0.09014570899307728,1,0,21,0.0,0.16666666666666666,0.7943009734153748
PU-F,3,0.0,0.2,200,20,2400,600,24,0,24,0.017447080521378666,0.0039000000000000146,0.0921620840090327,1,0,21,0.0,0.16666666666666666,0.7943009734153748
PU-G,3,0.0,0.2,50,48,2400,600,52,0,52,0.032201003341469914,0.006399999999999961,0.12498099997173995,1,0,49,0.0,0.11538461538461539,0.844045877456665
PU-G,3,0.0,0.2,100,48,2400,600,52,0,52,0.032201003341469914,0.006399999999999961,0.12733845796901733,1,0,49,0.0,0.11538461538461539,0.844045877456665
PU-G,3,0.0,0.2,200,48,2400,600,52,0,52,0.032201003341469914,0.006399999999999961,0.12948408297961578,1,0,49,0.0,0.11538461538461539,0.844045877456665
MaxLoss,3,0.0,0.3,50,16,2100,900,20,0,20,0.017382406338583678,0.0027000000000000357,0.101204791048076,1,0,17,0.0,0.1,0.8335744738578796
MaxLoss,3,0.0,0.3,100,16,2100,900,20,0,20,0.017382406338583678,0.0027000000000000357,0.10345766600221395,1,0,17,0.0,0.1,0.8335744738578796
MaxLoss,3,0.0,0.3,200,16,2100,900,20,0,20,0.017382406338583678,0.0027000000000000357,0.1056282080244273,1,0,17,0.0,0.1,0.8335744738578796
PU-C,3,0.0,0.3,50,18,2100,900,22,0,22,0.018662572896573693,0.005099999999999993,0.1082535830209963,1,0,19,0.0,0.09090909090909091,0.7945910096168518
PU-C,3,0.0,0.3,100,18,2100,900,22,0,22,0.018662572896573693,0.005099999999999993,0.11064079200150445,1,0,19,0.0,0.09090909090909091,0.7945910096168518
PU-C,3,0.0,0.3,200,18,2100,900,22,0,22,0.018662572896573693,0.005099999999999993,0.1127827920136042,1,0,19,0.0,0.09090909090909091,0.7945910096168518
PU-F,3,0.0,0.3,50,30,2100,900,34,0,34,0.026101695955730975,0.005099999999999993,0.12884508300339803,1,0,31,0.0,0.11764705882352941,0.8524471521377563
PU-F,3,0.0,0.3,100,30,2100,900,34,0,34,0.026101695955730975,0.005099999999999993,0.1311967499786988,1,0,31,0.0,0.11764705882352941,0.8524471521377563
PU-F,3,0.0,0.3,200,30,2100,900,34,0,34,0.026101695955730975,0.005099999999999993,0.13350866601103917,1,0,31,0.0,0.11764705882352941,0.8524471521377563
PU-G,3,0.0,0.3,50,32,2100,900,36,0,36,0.027310927340295166,0.008600000000000052,0.1282020829967223,1,0,33,0.0,0.1388888888888889,0.8089287877082825
PU-G,3,0.0,0.3,100,32,2100,900,36,0,36,0.027310927340295166,0.008600000000000052,0.13074754097033292,1,0,33,0.0,0.1388888888888889,0.8089287877082825
PU-G,3,0.0,0.3,200,32,2100,900,36,0,36,0.027310927340295166,0.008600000000000052,0.13308337499620393,1,0,33,0.0,0.1388888888888889,0.8089287877082825
MaxLoss,3,0.0,0.4,50,24,1800,1200,28,0,28,0.026144773059058934,0.007499999999999951,0.1315061670029536,1,0,25,0.0,0.14285714285714285,0.8701629042625427
MaxLoss,3,0.0,0.4,100,24,1800,1200,28,0,28,0.026144773059058934,0.007499999999999951,0.13362583296839148,1,0,25,0.0,0.14285714285714285,0.8701629042625427
MaxLoss,3,0.0,0.4,200,24,1800,1200,28,0,28,0.026144773059058934,0.007499999999999951,0.1357957079890184,1,0,25,0.0,0.14285714285714285,0.8701629042625427
PU-C,3,0.0,0.4,50,27,1800,1200,31,0,31,0.028297114360611886,0.008000000000000007,0.14219325000885874,1,0,28,0.0,0.12903225806451613,0.8333098292350769
PU-C,3,0.0,0.4,100,27,1800,1200,31,0,31,0.028297114360611886,0.008000000000000007,0.14454858301905915,1,0,28,0.0,0.12903225806451613,0.8333098292350769
PU-C,3,0.0,0.4,200,27,1800,1200,31,0,31,0.028297114360611886,0.008000000000000007,0.14673362497705966,1,0,28,0.0,0.12903225806451613,0.8333098292350769
PU-F,3,0.0,0.4,50,18,1800,1200,22,0,22,0.021758200775366277,0.0040000000000000036,0.13362320797750726,1,0,19,0.0,0.09090909090909091,0.7909174561500549
PU-F,3,0.0,0.4,100,18,1800,1200,22,0,22,0.021758200775366277,0.0040000000000000036,0.13623374997405335,1,0,19,0.0,0.09090909090909091,0.7909174561500549
PU-F,3,0.0,0.4,200,18,1800,1200,22,0,22,0.021758200775366277,0.0040000000000000036,0.13819737499579787,1,0,19,0.0,0.09090909090909091,0.7909174561500549
PU-G,3,0.0,0.4,50,10,1800,1200,14,0,14,0.01566722959978506,0.0038000000000000256,0.12276191700948402,1,0,11,0.0,0.0,0.7602807283401489
PU-G,3,0.0,0.4,100,10,1800,1200,14,0,14,0.01566722959978506,0.0038000000000000256,0.12511016696225852,1,0,11,0.0,0.0,0.7602807283401489
PU-G,3,0.0,0.4,200,10,1800,1200,14,0,14,0.01566722959978506,0.0038000000000000256,0.12730341701535508,1,0,11,0.0,0.0,0.7602807283401489
MaxLoss,3,0.0,0.5,50,19,1500,1500,23,0,23,0.026971468585543334,0.008700000000000041,0.14703933300916106,1,0,20,0.0,0.13043478260869565,0.8287922739982605
MaxLoss,3,0.0,0.5,100,19,1500,1500,23,0,23,0.026971468585543334,0.008700000000000041,0.14918554096948355,1,0,20,0.0,0.13043478260869565,0.8287922739982605
MaxLoss,3,0.0,0.5,200,19,1500,1500,23,0,23,0.026971468585543334,0.008700000000000041,0.15166041598422453,1,0,20,0.0,0.13043478260869565,0.8287922739982605
PU-C,3,0.0,0.5,50,14,1500,1500,18,0,18,0.022487208247184753,0.0046000000000000485,0.1489314169739373,1,0,15,0.0,0.05555555555555555,0.7779861092567444
PU-C,3,0.0,0.5,100,14,1500,1500,18,0,18,0.022487208247184753,0.0046000000000000485,0.15133983397390693,1,0,15,0.0,0.05555555555555555,0.7779861092567444
PU-C,3,0.0,0.5,200,14,1500,1500,18,0,18,0.022487208247184753,0.0046000000000000485,0.15349808399332687,1,0,15,0.0,0.05555555555555555,0.7779861092567444
PU-F,3,0.0,0.5,50,7,1500,1500,11,0,11,0.015915791620500386,0.0032999999999999696,0.1383164169965312,1,0,8,0.0,0.09090909090909091,0.719912052154541
PU-F,3,0.0,0.5,100,7,1500,1500,11,0,11,0.015915791620500386,0.0032999999999999696,0.14057754195528105,1,0,8,0.0,0.09090909090909091,0.719912052154541
PU-F,3,0.0,0.5,200,7,1500,1500,11,0,11,0.015915791620500386,0.0032999999999999696,0.14269737497670576,1,0,8,0.0,0.09090909090909091,0.719912052154541
PU-G,3,0.0,0.5,50,12,1500,1500,16,0,16,0.020651578553952277,0.0036000000000000476,0.14515054202638566,1,0,13,0.0,0.125,0.7573884725570679
PU-G,3,0.0,0.5,100,12,1500,1500,16,0,16,0.020651578553952277,0.0036000000000000476,0.14757958299014717,1,0,13,0.0,0.125,0.7573884725570679
PU-G,3,0.0,0.5,200,12,1500,1500,16,0,16,0.020651578553952277,0.0036000000000000476,0.14983920799568295,1,0,13,0.0,0.125,0.7573884725570679
MaxLoss,3,0.0,0.6,50,7,1200,1800,11,0,11,0.019872920005582273,0.005099999999999993,0.16612020804313943,1,0,8,0.0,0.09090909090909091,0.6657754778862
MaxLoss,3,0.0,0.6,100,7,1200,1800,11,0,11,0.019872920005582273,0.005099999999999993,0.16823362500872463,1,0,8,0.0,0.09090909090909091,0.6657754778862
MaxLoss,3,0.0,0.6,200,7,1200,1800,11,0,11,0.019872920005582273,0.005099999999999993,0.17039662500610575,1,0,8,0.0,0.09090909090909091,0.6657754778862
PU-C,3,0.0,0.6,50,5,1200,1800,9,0,9,0.017408457002602518,0.0039000000000000146,0.16586758400080726,1,0,6,0.0,0.1111111111111111,0.6422634124755859
PU-C,3,0.0,0.6,100,5,1200,1800,9,0,9,0.017408457002602518,0.0039000000000000146,0.1681311250431463,1,0,6,0.0,0.1111111111111111,0.6422634124755859
PU-C,3,0.0,0.6,200,5,1200,1800,9,0,9,0.017408457002602518,0.0039000000000000146,0.17029350000666454,1,0,6,0.0,0.1111111111111111,0.6422634124755859
PU-F,3,0.0,0.6,50,14,1200,1800,18,0,18,0.0280719343572855,0.0048000000000000265,0.17519483296200633,1,0,15,0.0,0.1111111111111111,0.7811716198921204
PU-F,3,0.0,0.6,100,14,1200,1800,18,0,18,0.0280719343572855,0.0048000000000000265,0.1774266249849461,1,0,15,0.0,0.1111111111111111,0.7811716198921204
PU-F,3,0.0,0.6,200,14,1200,1800,18,0,18,0.0280719343572855,0.0048000000000000265,0.17926579096820205,1,0,15,0.0,0.1111111111111111,0.7811716198921204
PU-G,3,0.0,0.6,50,13,1200,1800,17,0,17,0.026931294472888112,0.0039000000000000146,0.1741367910290137,1,0,14,0.0,0.11764705882352941,0.7192791700363159
PU-G,3,0.0,0.6,100,13,1200,1800,17,0,17,0.026931294472888112,0.0039000000000000146,0.17636970803141594,1,0,14,0.0,0.11764705882352941,0.7192791700363159
PU-G,3,0.0,0.6,200,13,1200,1800,17,0,17,0.026931294472888112,0.0039000000000000146,0.17864283302333206,1,0,14,0.0,0.11764705882352941,0.7192791700363159
MaxLoss,3,0.0,0.7,50,2,900,2100,6,0,6,0.0180310292635113,0.0018000000000000238,0.18280945799779147,1,0,3,0.0,0.3333333333333333,0.548425555229187
MaxLoss,3,0.0,0.7,100,2,900,2100,6,0,6,0.0180310292635113,0.0018000000000000238,0.18506479199277237,1,0,3,0.0,0.3333333333333333,0.548425555229187
MaxLoss,3,0.0,0.7,200,2,900,2100,6,0,6,0.0180310292635113,0.0018000000000000238,0.1872257079812698,1,0,3,0.0,0.3333333333333333,0.548425555229187
PU-C,3,0.0,0.7,50,9,900,2100,13,0,13,0.029640178836416453,0.007600000000000051,0.19007124996278435,1,0,10,0.0,0.15384615384615385,0.7161779403686523
PU-C,3,0.0,0.7,100,9,900,2100,13,0,13,0.029640178836416453,0.007600000000000051,0.19226174999494106,1,0,10,0.0,0.15384615384615385,0.7161779403686523
PU-C,3,0.0,0.7,200,9,900,2100,13,0,13,0.029640178836416453,0.007600000000000051,0.19443579198559746,1,0,10,0.0,0.15384615384615385,0.7161779403686523
PU-F,3,0.0,0.7,50,11,900,2100,15,0,15,0.03276355308480561,0.008099999999999996,0.19379412499256432,1,0,12,0.0,0.13333333333333333,0.7434097528457642
PU-F,3,0.0,0.7,100,11,900,2100,15,0,15,0.03276355308480561,0.008099999999999996,0.1957291669677943,1,0,12,0.0,0.13333333333333333,0.7434097528457642
PU-F,3,0.0,0.7,200,11,900,2100,15,0,15,0.03276355308480561,0.008099999999999996,0.19790695799747482,1,0,12,0.0,0.13333333333333333,0.7434097528457642
PU-G,3,0.0,0.7,50,13,900,2100,17,0,17,0.03583114157663658,0.007299999999999973,0.197143875004258,1,0,14,0.0,0.17647058823529413,0.7070713043212891
PU-G,3,0.0,0.7,100,13,900,2100,17,0,17,0.03583114157663658,0.007299999999999973,0.19922150002093986,1,0,14,0.0,0.17647058823529413,0.7070713043212891
PU-G,3,0.0,0.7,200,13,900,2100,17,0,17,0.03583114157663658,0.007299999999999973,0.20129208301659673,1,0,14,0.0,0.17647058823529413,0.7070713043212891
MaxLoss,3,0.0,0.8,50,3,600,2400,7,0,7,0.029579319758340716,0.0032999999999999696,0.20367920800345019,1,0,4,0.0,0.0,0.509159505367279
MaxLoss,3,0.0,0.8,100,3,600,2400,7,0,7,0.029579319758340716,0.0032999999999999696,0.20576183299999684,1,0,4,0.0,0.0,0.509159505367279
MaxLoss,3,0.0,0.8,200,3,600,2400,7,0,7,0.029579319758340716,0.0032999999999999696,0.20774795796023682,1,0,4,0.0,0.0,0.509159505367279
PU-C,3,0.0,0.8,50,2,600,2400,6,0,6,0.026965588273014873,0.0030000000000000027,0.20365387498168275,1,0,3,0.0,0.16666666666666666,0.5418016910552979
PU-C,3,0.0,0.8,100,2,600,2400,6,0,6,0.026965588273014873,0.0030000000000000027,0.2058346659759991,1,0,3,0.0,0.16666666666666666,0.5418016910552979
PU-C,3,0.0,0.8,200,2,600,2400,6,0,6,0.026965588273014873,0.0030000000000000027,0.20834554097382352,1,0,3,0.0,0.16666666666666666,0.5418016910552979
PU-F,3,0.0,0.8,50,4,600,2400,8,0,8,0.03213391738245264,0.0031999999999999806,0.20532337500480935,1,0,5,0.0,0.125,0.6011484861373901
PU-F,3,0.0,0.8,100,4,600,2400,8,0,8,0.03213391738245264,0.0031999999999999806,0.20777395798359066,1,0,5,0.0,0.125,0.6011484861373901
PU-F,3,0.0,0.8,200,4,600,2400,8,0,8,0.03213391738245264,0.0031999999999999806,0.20993274997454137,1,0,5,0.0,0.125,0.6011484861373901
PU-G,3,0.0,0.8,50,3,600,2400,7,0,7,0.029579319758340716,0.0024999999999999467,0.20366104203276336,1,0,4,0.0,0.14285714285714285,0.5609409809112549
PU-G,3,0.0,0.8,100,3,600,2400,7,0,7,0.029579319758340716,0.0024999999999999467,0.20581229199888185,1,0,4,0.0,0.14285714285714285,0.5609409809112549
PU-G,3,0.0,0.8,200,3,600,2400,7,0,7,0.029579319758340716,0.0024999999999999467,0.20800845802295953,1,0,4,0.0,0.14285714285714285,0.5609409809112549
MaxLoss,3,0.4,0.0,50,50,3000,0,54,514,568,0.2145551101421006,0.13339999999999996,0.0613697919761762,0,0,51,0.4074074074074074,0.4074074074074074,0.7956539392471313
MaxLoss,3,0.4,0.0,100,100,3000,0,104,475,579,0.21841504727490246,0.12560000000000004,0.1237743339734152,0,0,101,0.36538461538461536,0.4519230769230769,0.7883840203285217
MaxLoss,3,0.4,0.0,200,200,3000,0,204,213,417,0.16117378696799278,0.06699999999999995,0.29691704199649394,0,1,201,0.35784313725490197,0.45098039215686275,0.47762688994407654
PU-C,3,0.4,0.0,50,50,3000,0,54,564,618,0.23207295371685177,0.15269999999999995,0.25147637497866526,0,0,51,0.37037037037037035,0.37037037037037035,0.7473211288452148
PU-C,3,0.4,0.0,100,100,3000,0,104,546,650,0.24324911163421348,0.15269999999999995,0.5117299580015242,0,0,101,0.3076923076923077,0.36538461538461536,0.8115442991256714
PU-C,3,0.4,0.0,200,200,3000,0,204,181,385,0.1497505659935996,0.05459999999999998,1.1302539160242304,0,1,201,0.3382352941176471,0.44607843137254904,0.438511461019516
PU-F,3,0.4,0.0,50,50,3000,0,54,295,349,0.13684283918701112,0.06559999999999999,0.49191570800030604,0,0,51,0.3333333333333333,0.42592592592592593,0.671458899974823
PU-F,3,0.4,0.0,100,100,3000,0,104,249,353,0.13828020473010838,0.059699999999999975,1.086479707970284,0,0,101,0.34615384615384615,0.40384615384615385,0.6519535779953003
PU-F,3,0.4,0.0,200,200,3000,0,204,222,426,0.16437869728542864,0.0685,2.3401085829827935,0,1,201,0.35294117647058826,0.39705882352941174,0.4445776343345642
PU-G,3,0.4,0.0,50,50,3000,0,54,343,397,0.15403954300563782,0.06599999999999995,0.43278233299497515,0,0,51,0.2037037037037037,0.2037037037037037,0.8043509125709534
PU-G,3,0.4,0.0,100,100,3000,0,104,371,475,0.18177196802571416,0.09640000000000004,1.0358326659770682,0,0,101,0.34615384615384615,0.375,0.8558903932571411
PU-G,3,0.4,0.0,200,200,3000,0,204,277,481,0.18389564589597285,0.06969999999999998,2.621019249956589,0,1,201,0.28431372549019607,0.4019607843137255,0.577783465385437
MaxLoss,3,0.4,0.1,50,50,2700,300,54,415,469,0.19931784213986248,0.121,0.24837633298011497,0,0,51,0.4074074074074074,0.42592592592592593,0.8971659541130066
MaxLoss,3,0.4,0.1,100,100,2700,300,104,353,457,0.1946026645018719,0.10619999999999996,0.3079346250160597,0,0,101,0.2403846153846154,0.46153846153846156,0.9348952174186707
MaxLoss,3,0.4,0.1,200,200,2700,300,204,232,436,0.18633615277940407,0.0766,0.4959281660267152,0,1,201,0.3382352941176471,0.5049019607843137,0.5975174903869629
PU-C,3,0.4,0.1,50,50,2700,300,54,397,451,0.1922427752870135,0.1079,0.3409789580036886,0,0,51,0.42592592592592593,0.5370370370370371,0.909744918346405
PU-C,3,0.4,0.1,100,100,2700,300,104,409,513,0.21655686880694702,0.12160000000000004,0.6794916670187376,0,0,101,0.3173076923076923,0.4519230769230769,0.9419487118721008
PU-C,3,0.4,0.1,200,200,2700,300,204,316,520,0.21929254318820313,0.10199999999999998,1.3008607079973444,0,1,201,0.3284313725490196,0.47058823529411764,0.5621228814125061
PU-F,3,0.4,0.1,50,50,2700,300,54,403,457,0.1946026645018719,0.11029999999999995,0.4678776250220835,0,0,51,0.48148148148148145,0.5185185185185185,0.9129868149757385
PU-F,3,0.4,0.1,100,100,2700,300,104,454,558,0.23411233734805137,0.13639999999999997,1.38021579105407,0,0,101,0.4423076923076923,0.5288461538461539,0.9378050565719604
PU-F,3,0.4,0.1,200,200,2700,300,204,150,354,0.15385464136488736,0.04720000000000002,3.0157043330254965,0,1,201,0.3235294117647059,0.44607843137254904,0.6485118269920349
PU-G,3,0.4,0.1,50,50,2700,300,54,435,489,0.20716325391549617,0.118,0.48606662498787045,0,0,51,0.42592592592592593,0.42592592592592593,0.8598366379737854
PU-G,3,0.4,0.1,100,100,2700,300,104,385,489,0.20716325391549617,0.12860000000000005,1.3329962079878896,0,0,101,0.3557692307692308,0.5096153846153846,0.8872342109680176
PU-G,3,0.4,0.1,200,200,2700,300,204,202,406,0.1744919620687142,0.06730000000000003,3.1070224579889327,0,1,201,0.29411764705882354,0.4117647058823529,0.6872945427894592
MaxLoss,3,0.4,0.2,50,50,2400,600,54,410,464,0.22161787300137803,0.12939999999999996,0.25724791700486094,0,0,51,0.35185185185185186,0.35185185185185186,0.8616091012954712
MaxLoss,3,0.4,0.2,100,100,2400,600,104,315,419,0.20173710939707235,0.10370000000000001,0.31351599999470636,0,0,101,0.3269230769230769,0.4519230769230769,0.9070091247558594
MaxLoss,3,0.4,0.2,200,200,2400,600,204,142,346,0.16924080037279055,0.05459999999999998,0.47763058403506875,0,1,201,0.3333333333333333,0.4803921568627451,0.7934103608131409
PU-C,3,0.4,0.2,50,50,2400,600,54,460,514,0.24359071749495342,0.15710000000000002,0.39198987500276417,0,0,51,0.3888888888888889,0.4444444444444444,0.8927013278007507
PU-C,3,0.4,0.2,100,100,2400,600,104,369,473,0.22558168601244688,0.12890000000000001,0.6853591250255704,0,0,101,0.3269230769230769,0.47115384615384615,0.9175388216972351
PU-C,3,0.4,0.2,200,200,2400,600,204,220,424,0.2039513720665127,0.1028,1.3016874170280062,0,1,201,0.3333333333333333,0.45098039215686275,0.5420318245887756
PU-F,3,0.4,0.2,50,50,2400,600,54,299,353,0.17237153445603326,0.08240000000000003,0.44847079197643325,0,0,51,0.4444444444444444,0.46296296296296297,0.8040494918823242
PU-F,3,0.4,0.2,100,100,2400,600,104,257,361,0.17594547366024926,0.08209999999999995,0.9590604589902796,0,0,101,0.4230769230769231,0.47115384615384615,0.833504855632782
PU-F,3,0.4,0.2,200,200,2400,600,204,180,384,0.18619750620564446,0.06879999999999997,2.1019413340254687,0,1,201,0.3284313725490196,0.4362745098039216,0.5670850276947021
PU-G,3,0.4,0.2,50,50,2400,600,54,293,347,0.16968825343064964,0.09670000000000001,0.4045240000123158,0,0,51,0.5185185185185185,0.5370370370370371,0.853384256362915
PU-G,3,0.4,0.2,100,100,2400,600,104,265,369,0.17951520963106304,0.08809999999999996,0.9045725000323728,0,0,101,0.375,0.4519230769230769,0.8692641258239746
PU-G,3,0.4,0.2,200,200,2400,600,204,233,437,0.20970212406245992,0.06799999999999995,2.1089266250492074,0,1,201,0.3137254901960784,0.37254901960784315,0.7839252948760986
MaxLoss,3,0.4,0.3,50,50,2100,900,54,294,348,0.19405340641969815,0.10470000000000002,0.27857979194959626,0,0,51,0.4444444444444444,0.48148148148148145,0.7846363186836243
MaxLoss,3,0.4,0.3,100,100,2100,900,104,263,367,0.20372079743538052,0.10029999999999994,0.3330146669759415,0,0,101,0.38461538461538464,0.47115384615384615,0.8491644263267517
MaxLoss,3,0.4,0.3,200,200,2100,900,204,104,308,0.1736024299170822,0.05469999999999997,0.49258862499846146,0,1,201,0.37254901960784315,0.5,0.6202885508537292
PU-C,3,0.4,0.3,50,50,2100,900,54,255,309,0.17411544738570228,0.08909999999999996,0.33871050004381686,0,0,51,0.4444444444444444,0.5370370370370371,0.7018175721168518
PU-C,3,0.4,0.3,100,100,2100,900,104,234,338,0.18895360839087516,0.08999999999999997,0.4961979590007104,0,0,101,0.4230769230769231,0.5,0.7368107438087463
PU-C,3,0.4,0.3,200,200,2100,900,204,147,351,0.19558174518169835,0.08099999999999996,1.1264724170323461,0,1,201,0.37745098039215685,0.47058823529411764,0.5514204502105713
PU-F,3,0.4,0.3,50,50,2100,900,54,221,275,0.15661777649074793,0.0706,0.4370337500004098,0,0,51,0.2962962962962963,0.4074074074074074,0.5897408127784729
PU-F,3,0.4,0.3,100,100,2100,900,104,193,297,0.16795295104384422,0.06710000000000005,0.6155227909912355,0,0,101,0.3173076923076923,0.4326923076923077,0.6275696158409119
PU-F,3,0.4,0.3,200,200,2100,900,204,84,288,0.16332183312624693,0.02529999999999999,1.4025152910035104,0,1,201,0.29901960784313725,0.4264705882352941,0.4203653931617737
PU-G,3,0.4,0.3,50,50,2100,900,54,249,303,0.1710359250428155,0.07620000000000005,0.43504916701931506,0,0,51,0.3148148148148148,0.42592592592592593,0.608740508556366
PU-G,3,0.4,0.3,100,100,2100,900,104,251,355,0.19761840248247609,0.06000000000000005,0.6802711249911226,0,0,101,0.2403846153846154,0.3269230769230769,0.6843060851097107
PU-G,3,0.4,0.3,200,200,2100,900,204,204,408,0.2244896911433898,0.07289999999999996,1.9711126249749213,0,1,201,0.3088235294117647,0.4215686274509804,0.7144889831542969
MaxLoss,3,0.4,0.4,50,50,1800,1200,54,206,260,0.17327658308204263,0.09709999999999996,0.30786066700238734,0,0,51,0.42592592592592593,0.5370370370370371,0.4069541096687317
MaxLoss,3,0.4,0.4,100,100,1800,1200,104,155,259,0.1726743567851372,0.07789999999999997,0.3565533329965547,0,0,101,0.4230769230769231,0.5096153846153846,0.5061732530593872
MaxLoss,3,0.4,0.4,200,200,1800,1200,204,77,281,0.18589196301763877,0.05169999999999997,0.5006032080273144,0,1,201,0.35784313725490197,0.47549019607843135,0.475051611661911
PU-C,3,0.4,0.4,50,50,1800,1200,54,271,325,0.21214683970902115,0.12949999999999995,0.37693991704145446,0,0,51,0.48148148148148145,0.5185185185185185,0.8137413263320923
PU-C,3,0.4,0.4,100,100,1800,1200,104,164,268,0.1780894099501893,0.08360000000000001,0.47117258404614404,0,0,101,0.36538461538461536,0.5192307692307693,0.8447200655937195
PU-C,3,0.4,0.4,200,200,1800,1200,204,67,271,0.17989197670249268,0.049000000000000044,0.9306382920476608,0,1,201,0.3627450980392157,0.5049019607843137,0.5488996505737305
PU-F,3,0.4,0.4,50,50,1800,1200,54,160,214,0.1454176070401445,0.06589999999999996,0.4666718330117874,0,0,51,0.35185185185185186,0.42592592592592593,0.7070698738098145
PU-F,3,0.4,0.4,100,100,1800,1200,104,133,237,0.15938859834568575,0.06520000000000004,0.6129498329828493,0,0,101,0.28846153846153844,0.38461538461538464,0.7244625091552734
PU-F,3,0.4,0.4,200,200,1800,1200,204,65,269,0.17869039968354627,0.037900000000000045,1.1029455829993822,0,1,201,0.31862745098039214,0.4117647058823529,0.5307264924049377
PU-G,3,0.4,0.4,50,50,1800,1200,54,181,235,0.1581771676428616,0.09389999999999998,0.43110012501711026,0,0,51,0.48148148148148145,0.5370370370370371,0.8510225415229797
PU-G,3,0.4,0.4,100,100,1800,1200,104,171,275,0.18229353736387566,0.08830000000000005,0.5975191660108976,0,0,101,0.3557692307692308,0.4519230769230769,0.818937361240387
PU-G,3,0.4,0.4,200,200,1800,1200,204,139,343,0.22282521781744435,0.07699999999999996,1.2902805830235593,0,1,201,0.2696078431372549,0.4019607843137255,0.5887888669967651
MaxLoss,3,0.4,0.5,50,50,1500,1500,54,151,205,0.16744123434182256,0.08089999999999997,0.30722824996337295,0,0,51,0.42592592592592593,0.48148148148148145,0.4522470533847809
MaxLoss,3,0.4,0.5,100,100,1500,1500,104,133,237,0.19068455178057775,0.0837,0.3558411659905687,0,0,101,0.38461538461538464,0.5865384615384616,0.4492165148258209
MaxLoss,3,0.4,0.5,200,200,1500,1500,204,35,239,0.19213019928429276,0.04410000000000003,0.48884820798411965,0,1,201,0.3333333333333333,0.5294117647058824,0.38797158002853394
PU-C,3,0.4,0.5,50,50,1500,1500,54,158,212,0.17254476906964555,0.08889999999999998,0.350977124995552,0,0,51,0.46296296296296297,0.5555555555555556,0.8742750287055969
PU-C,3,0.4,0.5,100,100,1500,1500,104,128,232,0.18706696789013222,0.08789999999999998,0.4405492920195684,0,0,101,0.40384615384615385,0.5576923076923077,0.861821711063385
PU-C,3,0.4,0.5,200,200,1500,1500,204,63,267,0.2122905554715544,0.06740000000000002,0.8414959590299986,0,1,201,0.35784313725490197,0.5049019607843137,0.44896161556243896
PU-F,3,0.4,0.5,50,50,1500,1500,54,154,208,0.1696298418683,0.07509999999999994,0.40870900003938004,0,0,51,0.37037037037037035,0.46296296296296297,0.7621848583221436
PU-F,3,0.4,0.5,100,100,1500,1500,104,97,201,0.16451980493729934,0.04510000000000003,0.5404247920378111,0,0,101,0.3269230769230769,0.4326923076923077,0.7587695121765137
PU-F,3,0.4,0.5,200,200,1500,1500,204,29,233,0.1877908846945502,0.0383,0.9476502920151688,0,1,201,0.31862745098039214,0.4362745098039216,0.7505532503128052
PU-G,3,0.4,0.5,50,50,1500,1500,54,136,190,0.15646578796440735,0.06779999999999997,0.42145470896502957,0,0,51,0.4074074074074074,0.48148148148148145,0.7821055054664612
PU-G,3,0.4,0.5,100,100,1500,1500,104,90,194,0.15939800802152604,0.03600000000000003,0.5640031669754535,0,0,101,0.27884615384615385,0.3557692307692308,0.7995968461036682
PU-G,3,0.4,0.5,200,200,1500,1500,204,36,240,0.19285272987326607,0.02310000000000001,1.0585551249678247,0,1,201,0.25980392156862747,0.38235294117647056,0.5712270140647888
MaxLoss,3,0.4,0.6,50,50,1200,1800,54,132,186,0.19113873346941546,0.09730000000000005,0.3417787499492988,0,0,51,0.37037037037037035,0.48148148148148145,0.6023500561714172
MaxLoss,3,0.4,0.6,100,100,1200,1800,104,68,172,0.17833319475175813,0.060699999999999976,0.3904508749837987,0,0,101,0.3269230769230769,0.4519230769230769,0.6500367522239685
MaxLoss,3,0.4,0.6,200,189,1200,1800,193,0,193,0.1975154562969692,0.02849999999999997,0.5006488749640994,1,0,190,0.3471502590673575,0.46632124352331605,0.6096571683883667
PU-C,3,0.4,0.6,50,50,1200,1800,54,96,150,0.15805528801865876,0.07269999999999999,0.37905958300689235,0,0,51,0.42592592592592593,0.5,0.7732044458389282
PU-C,3,0.4,0.6,100,100,1200,1800,104,54,158,0.16545249917544425,0.047900000000000054,0.4527903749840334,0,0,101,0.375,0.4519230769230769,0.7998776435852051
PU-C,3,0.4,0.6,200,182,1200,1800,186,0,186,0.19113873346941546,0.027100000000000013,0.5895888329832815,1,0,183,0.3387096774193548,0.4731182795698925,0.6222584247589111
PU-F,3,0.4,0.6,50,50,1200,1800,54,84,138,0.14690452691866085,0.04930000000000001,0.42151333298534155,0,0,51,0.3148148148148148,0.3333333333333333,0.7210353016853333
PU-F,3,0.4,0.6,100,100,1200,1800,104,58,162,0.16914081119466573,0.04530000000000001,0.5275797080248594,0,0,101,0.27884615384615385,0.40384615384615385,0.7001665234565735
PU-F,3,0.4,0.6,200,200,1200,1800,204,8,212,0.21474302763817832,0.01770000000000005,0.7370192920207046,0,1,201,0.30392156862745096,0.45588235294117646,0.4355073571205139
PU-G,3,0.4,0.6,50,50,1200,1800,54,91,145,0.1534174442058429,0.04600000000000004,0.4120466659660451,0,0,51,0.4444444444444444,0.5185185185185185,0.8387497067451477
PU-G,3,0.4,0.6,100,100,1200,1800,104,52,156,0.16360581014305353,0.05800000000000005,0.512301665963605,0,0,101,0.40384615384615385,0.47115384615384615,0.8499705791473389
PU-G,3,0.4,0.6,200,200,1200,1800,204,34,238,0.23814377281814814,0.043399999999999994,0.7364200410083868,0,1,201,0.31862745098039214,0.43137254901960786,0.6347501277923584
MaxLoss,3,0.4,0.7,50,50,900,2100,54,70,124,0.17743394314311445,0.07440000000000002,0.3686015410348773,0,0,51,0.3148148148148148,0.4444444444444444,0.833630383014679
MaxLoss,3,0.4,0.7,100,100,900,2100,104,39,143,0.2008883812231943,0.07099999999999995,0.4123397500370629,0,0,101,0.38461538461538464,0.49038461538461536,0.8652252554893494
MaxLoss,3,0.4,0.7,200,134,900,2100,138,0,138,0.19474193511996418,0.024599999999999955,0.45064175000879914,1,0,135,0.2971014492753623,0.43478260869565216,0.8656143546104431
PU-C,3,0.4,0.7,50,50,900,2100,54,82,136,0.19227838196093217,0.07689999999999997,0.27091374999145046,0,0,51,0.3333333333333333,0.3888888888888889,0.7947638630867004
PU-C,3,0.4,0.7,100,100,900,2100,104,45,149,0.2082414868636988,0.06469999999999998,0.3378723330097273,0,0,101,0.3557692307692308,0.47115384615384615,0.8484162092208862
PU-C,3,0.4,0.7,200,135,900,2100,139,0,139,0.1959726337227039,0.016199999999999992,0.391814999980852,1,0,136,0.302158273381295,0.4172661870503597,0.7635370492935181
PU-F,3,0.4,0.7,50,50,900,2100,54,58,112,0.16247199021745473,0.06459999999999999,0.30735720897791907,0,0,51,0.2222222222222222,0.46296296296296297,0.7489458918571472
PU-F,3,0.4,0.7,100,100,900,2100,104,25,129,0.18363263586070389,0.04420000000000002,0.3913739169947803,0,0,101,0.27884615384615385,0.47115384615384615,0.7997695207595825
PU-F,3,0.4,0.7,200,168,900,2100,172,0,172,0.23621846921741962,0.02629999999999999,0.516110916971229,1,0,169,0.2441860465116279,0.4069767441860465,0.6192757487297058
PU-G,3,0.4,0.7,50,50,900,2100,54,57,111,0.1612193948822096,0.04379999999999995,0.4285386250121519,0,0,51,0.25925925925925924,0.37037037037037035,0.7404454350471497
PU-G,3,0.4,0.7,100,100,900,2100,104,45,149,0.2082414868636988,0.045599999999999974,0.5137184589984827,0,0,101,0.2980769230769231,0.3942307692307692,0.769616961479187
PU-G,3,0.4,0.7,200,184,900,2100,188,0,188,0.25550348858814687,0.023499999999999965,0.676471084007062,1,0,185,0.22340425531914893,0.3829787234042553,0.5544645190238953
MaxLoss,3,0.4,0.8,50,50,600,2400,54,50,104,0.22632701823022217,0.08350000000000002,0.39407383295474574,0,0,51,0.4074074074074074,0.5555555555555556,0.8256891965866089
MaxLoss,3,0.4,0.8,100,100,600,2400,104,19,123,0.2613484975299798,0.06769999999999998,0.43431658297777176,0,0,101,0.33653846153846156,0.5288461538461539,0.8379135727882385
MaxLoss,3,0.4,0.8,200,117,600,2400,121,0,121,0.25768743647495285,0.04459999999999997,0.4524703329661861,1,0,118,0.2892561983471074,0.4793388429752066,0.8074135184288025
PU-C,3,0.4,0.8,50,50,600,2400,54,47,101,0.22074463200988248,0.06659999999999999,0.2552131249685772,0,0,51,0.3888888888888889,0.5185185185185185,0.6702345013618469
PU-C,3,0.4,0.8,100,100,600,2400,104,3,107,0.23189424723386765,0.04690000000000005,0.3114214160013944,0,0,101,0.33653846153846156,0.5192307692307693,0.7399035096168518
PU-C,3,0.4,0.8,200,105,600,2400,109,0,109,0.2355975495884195,0.04390000000000005,0.3208428329671733,1,0,106,0.3211009174311927,0.5137614678899083,0.7628707885742188
PU-F,3,0.4,0.8,50,50,600,2400,54,35,89,0.19825265364488587,0.050899999999999945,0.28945433400804177,0,0,51,0.4074074074074074,0.48148148148148145,0.7239363193511963
PU-F,3,0.4,0.8,100,100,600,2400,104,0,104,0.22632701823022217,0.027800000000000047,0.35700333397835493,1,0,101,0.33653846153846156,0.49038461538461536,0.7645584344863892
PU-F,3,0.4,0.8,200,100,600,2400,104,0,104,0.22632701823022217,0.027800000000000047,0.35988033399917185,1,0,101,0.33653846153846156,0.49038461538461536,0.7645584344863892
PU-G,3,0.4,0.8,50,50,600,2400,54,30,84,0.1887976871803403,0.03839999999999999,0.2905371249653399,0,0,51,0.2962962962962963,0.4074074074074074,0.7129672169685364
PU-G,3,0.4,0.8,100,100,600,2400,104,2,106,0.230040158261545,0.03059999999999996,0.3581993340048939,0,0,101,0.2692307692307692,0.4423076923076923,0.7626678943634033
PU-G,3,0.4,0.8,200,104,600,2400,108,0,108,0.23374670540215448,0.03049999999999997,0.366299083980266,1,0,105,0.2777777777777778,0.4444444444444444,0.7659894227981567
MaxLoss,4,0.0,0.0,50,50,3000,0,54,144,198,0.0818263849359937,0.052000000000000046,0.07087629201123491,0,0,51,0.0,0.25925925925925924,0.8428484201431274
MaxLoss,4,0.0,0.0,100,100,3000,0,104,27,131,0.056702304747886956,0.031000000000000028,0.14496420900104567,0,0,101,0.0,0.28846153846153844,0.8692126274108887
MaxLoss,4,0.0,0.0,200,131,3000,0,135,0,135,0.058221797517035156,0.006800000000000028,0.19446137500926852,1,0,132,0.0,0.22962962962962963,0.8129353523254395
PU-C,4,0.0,0.0,50,50,3000,0,54,379,433,0.16686912631848827,0.09219999999999995,0.12716141698183492,0,0,51,0.0,0.2037037037037037,0.8135210275650024
PU-C,4,0.0,0.0,100,100,3000,0,104,143,247,0.09986878873314708,0.0514,0.31142699997872114,0,0,101,0.0,0.25961538461538464,0.8234615325927734
PU-C,4,0.0,0.0,200,103,3000,0,107,0,107,0.04751565994229168,0.014700000000000046,0.32680337503552437,1,0,104,0.0,0.2523364485981308,0.7972546815872192
PU-F,4,0.0,0.0,50,50,3000,0,54,65,119,0.052124831709079444,0.027000000000000024,0.23906683403765783,0,0,51,0.0,0.2037037037037037,0.8147717118263245
PU-F,4,0.0,0.0,100,100,3000,0,104,14,118,0.05174200655892491,0.018000000000000016,0.36547487502684817,0,0,101,0.0,0.1346153846153846,0.7693954110145569
PU-F,4,0.0,0.0,200,120,3000,0,124,0,124,0.054035715002100915,0.013599999999999945,0.41444662504363805,1,0,121,0.0,0.12903225806451613,0.7695716619491577
PU-G,4,0.0,0.0,50,50,3000,0,54,99,153,0.06502464495133609,0.027599999999999958,0.18750770797487348,0,0,51,0.0,0.2222222222222222,0.7542538046836853
PU-G,4,0.0,0.0,100,100,3000,0,104,66,170,0.07140313135460019,0.021299999999999986,0.3075318749761209,0,0,101,0.0,0.22115384615384615,0.7826476693153381
PU-G,4,0.0,0.0,200,123,3000,0,127,0,127,0.055179738090373576,0.010199999999999987,0.3590248329564929,1,0,124,0.0,0.18110236220472442,0.7429669499397278
MaxLoss,4,0.0,0.1,50,50,2700,300,54,19,73,0.03801571897929534,0.01749999999999996,0.10068962501827627,0,0,51,0.0,0.4074074074074074,0.9327853322029114
MaxLoss,4,0.0,0.1,100,76,2700,300,80,0,80,0.041088048252277076,0.0121,0.13772233302006498,1,0,77,0.0,0.3375,0.938266396522522
MaxLoss,4,0.0,0.1,200,76,2700,300,80,0,80,0.041088048252277076,0.0121,0.14040224999189377,1,0,77,0.0,0.3375,0.938266396522522
PU-C,4,0.0,0.1,50,50,2700,300,54,3,57,0.03089748974889517,0.011499999999999955,0.11566108401166275,0,0,51,0.0,0.25925925925925924,0.9190552830696106
PU-C,4,0.0,0.1,100,56,2700,300,60,0,60,0.03224380686879158,0.011399999999999966,0.12705599999753758,1,0,57,0.0,0.25,0.9235941767692566
PU-C,4,0.0,0.1,200,56,2700,300,60,0,60,0.03224380686879158,0.011399999999999966,0.12934895901707932,1,0,57,0.0,0.25,0.9235941767692566
PU-F,4,0.0,0.1,50,50,2700,300,54,52,106,0.05233285966096446,0.023499999999999965,0.12269554100930691,0,0,51,0.0,0.2222222222222222,0.8956609964370728
PU-F,4,0.0,0.1,100,51,2700,300,55,0,55,0.029996522003784776,0.007199999999999984,0.12679287500213832,1,0,52,0.0,0.21818181818181817,0.9026138782501221
PU-F,4,0.0,0.1,200,51,2700,300,55,0,55,0.029996522003784776,0.007199999999999984,0.1287794160307385,1,0,52,0.0,0.21818181818181817,0.9026138782501221
PU-G,4,0.0,0.1,50,50,2700,300,54,8,62,0.03313811658881605,0.010800000000000032,0.125766666023992,0,0,51,0.0,0.24074074074074073,0.8944118022918701
PU-G,4,0.0,0.1,100,66,2700,300,70,0,70,0.036691883811727166,0.009600000000000053,0.15447449998464435,1,0,67,0.0,0.3,0.9080160856246948
PU-G,4,0.0,0.1,200,66,2700,300,70,0,70,0.036691883811727166,0.009600000000000053,0.15670616598799825,1,0,67,0.0,0.3,0.9080160856246948
MaxLoss,4,0.0,0.2,50,48,2400,600,52,0,52,0.032201003341469914,0.010600000000000054,0.10265316598815843,1,0,49,0.0,0.28846153846153844,0.9392420053482056
MaxLoss,4,0.0,0.2,100,48,2400,600,52,0,52,0.032201003341469914,0.010600000000000054,0.10472216602647677,1,0,49,0.0,0.28846153846153844,0.9392420053482056
MaxLoss,4,0.0,0.2,200,48,2400,600,52,0,52,0.032201003341469914,0.010600000000000054,0.10705291602062061,1,0,49,0.0,0.28846153846153844,0.9392420053482056
PU-C,4,0.0,0.2,50,50,2400,600,54,5,59,0.035748360969591886,0.013800000000000034,0.12074945901986212,0,0,51,0.0,0.2037037037037037,0.9100270867347717
PU-C,4,0.0,0.2,100,60,2400,600,64,0,64,0.038259487540926784,0.013800000000000034,0.1371465840493329,1,0,61,0.0,0.25,0.9162715077400208
PU-C,4,0.0,0.2,200,60,2400,600,64,0,64,0.038259487540926784,0.013800000000000034,0.1392838340252638,1,0,61,0.0,0.25,0.9162715077400208
PU-F,4,0.0,0.2,50,50,2400,600,54,30,84,0.04815359867643565,0.015000000000000013,0.13583500002278015,0,0,51,0.0,0.2777777777777778,0.914286196231842
PU-F,4,0.0,0.2,100,63,2400,600,67,0,67,0.039758092432748526,0.013499999999999956,0.1572231249883771,1,0,64,0.0,0.2537313432835821,0.9284684658050537
PU-F,4,0.0,0.2,200,63,2400,600,67,0,67,0.039758092432748526,0.013499999999999956,0.15936162503203377,1,0,64,0.0,0.2537313432835821,0.9284684658050537
PU-G,4,0.0,0.2,50,50,2400,600,54,21,75,0.043727939832024276,0.009099999999999997,0.13604754104744643,0,0,51,0.0,0.2222222222222222,0.8753676414489746
PU-G,4,0.0,0.2,100,69,2400,600,73,0,73,0.04273886897135526,0.01419999999999999,0.16639170801499858,1,0,70,0.0,0.2602739726027397,0.8886963129043579
PU-G,4,0.0,0.2,200,69,2400,600,73,0,73,0.04273886897135526,0.01419999999999999,0.16872520803008229,1,0,70,0.0,0.2602739726027397,0.8886963129043579
MaxLoss,4,0.0,0.3,50,44,2100,900,48,0,48,0.03443813865305856,0.009499999999999953,0.12343308300478384,1,0,45,0.0,0.2708333333333333,0.8710616230964661
MaxLoss,4,0.0,0.3,100,44,2100,900,48,0,48,0.03443813865305856,0.009499999999999953,0.12559150002198294,1,0,45,0.0,0.2708333333333333,0.8710616230964661
MaxLoss,4,0.0,0.3,200,44,2100,900,48,0,48,0.03443813865305856,0.009499999999999953,0.1277254160377197,1,0,45,0.0,0.2708333333333333,0.8710616230964661
PU-C,4,0.0,0.3,50,50,2100,900,54,5,59,0.04082321631722152,0.009099999999999997,0.1444003339856863,0,0,51,0.0,0.2777777777777778,0.8980996012687683
PU-C,4,0.0,0.3,100,60,2100,900,64,0,64,0.0436894879094325,0.009099999999999997,0.16052591701736674,1,0,61,0.0,0.265625,0.9027259349822998
PU-C,4,0.0,0.3,200,60,2100,900,64,0,64,0.0436894879094325,0.009099999999999997,0.1626115000108257,1,0,61,0.0,0.265625,0.9027259349822998
PU-F,4,0.0,0.3,50,50,2100,900,54,0,54,0.037935572501737624,0.011800000000000033,0.15489129105117172,1,0,51,0.0,0.24074074074074073,0.8664810061454773
PU-F,4,0.0,0.3,100,50,2100,900,54,0,54,0.037935572501737624,0.011800000000000033,0.1573609160259366,1,0,51,0.0,0.24074074074074073,0.8664810061454773
PU-F,4,0.0,0.3,200,50,2100,900,54,0,54,0.037935572501737624,0.011800000000000033,0.1590987910167314,1,0,51,0.0,0.24074074074074073,0.8664810061454773
PU-G,4,0.0,0.3,50,50,2100,900,54,4,58,0.04024747962830588,0.008399999999999963,0.15456275001633912,0,0,51,0.0,0.24074074074074073,0.8481785655021667
PU-G,4,0.0,0.3,100,58,2100,900,62,0,62,0.04254538589157164,0.008700000000000041,0.16849095799261704,1,0,59,0.0,0.27419354838709675,0.8562362790107727
PU-G,4,0.0,0.3,200,58,2100,900,62,0,62,0.04254538589157164,0.008700000000000041,0.17053966596722603,1,0,59,0.0,0.27419354838709675,0.8562362790107727
MaxLoss,4,0.0,0.4,50,39,1800,1200,43,0,43,0.03670788527233526,0.011299999999999977,0.14428104198304936,1,0,40,0.0,0.3023255813953488,0.8992761969566345
MaxLoss,4,0.0,0.4,100,39,1800,1200,43,0,43,0.03670788527233526,0.011299999999999977,0.14654595899628475,1,0,40,0.0,0.3023255813953488,0.8992761969566345
MaxLoss,4,0.0,0.4,200,39,1800,1200,43,0,43,0.03670788527233526,0.011299999999999977,0.14874249999411404,1,0,40,0.0,0.3023255813953488,0.8992761969566345
PU-C,4,0.0,0.4,50,31,1800,1200,35,0,35,0.03113263612613082,0.008299999999999974,0.14608891704119742,1,0,32,0.0,0.2857142857142857,0.8101798892021179
PU-C,4,0.0,0.4,100,31,1800,1200,35,0,35,0.03113263612613082,0.008299999999999974,0.14898150000954047,1,0,32,0.0,0.2857142857142857,0.8101798892021179
PU-C,4,0.0,0.4,200,31,1800,1200,35,0,35,0.03113263612613082,0.008299999999999974,0.15165737504139543,1,0,32,0.0,0.2857142857142857,0.8101798892021179
PU-F,4,0.0,0.4,50,39,1800,1200,43,0,43,0.03670788527233526,0.009800000000000031,0.1592951660277322,1,0,40,0.0,0.3023255813953488,0.8986881375312805
PU-F,4,0.0,0.4,100,39,1800,1200,43,0,43,0.03670788527233526,0.009800000000000031,0.16140083299251273,1,0,40,0.0,0.3023255813953488,0.8986881375312805
PU-F,4,0.0,0.4,200,39,1800,1200,43,0,43,0.03670788527233526,0.009800000000000031,0.1636345410370268,1,0,40,0.0,0.3023255813953488,0.8986881375312805
PU-G,4,0.0,0.4,50,26,1800,1200,30,0,30,0.027582303388044238,0.011099999999999999,0.14216670801397413,1,0,27,0.0,0.3,0.7917420268058777
PU-G,4,0.0,0.4,100,26,1800,1200,30,0,30,0.027582303388044238,0.011099999999999999,0.14420595800038427,1,0,27,0.0,0.3,0.7917420268058777
PU-G,4,0.0,0.4,200,26,1800,1200,30,0,30,0.027582303388044238,0.011099999999999999,0.14635158301098272,1,0,27,0.0,0.3,0.7917420268058777
MaxLoss,4,0.0,0.5,50,30,1500,1500,34,0,34,0.03647074551554397,0.007000000000000006,0.15443108300678432,1,0,31,0.0,0.17647058823529413,0.7598775625228882
MaxLoss,4,0.0,0.5,100,30,1500,1500,34,0,34,0.03647074551554397,0.007000000000000006,0.15677216602489352,1,0,31,0.0,0.17647058823529413,0.7598775625228882
MaxLoss,4,0.0,0.5,200,30,1500,1500,34,0,34,0.03647074551554397,0.007000000000000006,0.1587022080202587,1,0,31,0.0,0.17647058823529413,0.7598775625228882
PU-C,4,0.0,0.5,50,20,1500,1500,24,0,24,0.027853417966980487,0.00539999999999996,0.14994141698116437,1,0,21,0.0,0.16666666666666666,0.7517330050468445
PU-C,4,0.0,0.5,100,20,1500,1500,24,0,24,0.027853417966980487,0.00539999999999996,0.1520715419901535,1,0,21,0.0,0.16666666666666666,0.7517330050468445
PU-C,4,0.0,0.5,200,20,1500,1500,24,0,24,0.027853417966980487,0.00539999999999996,0.15412337495945394,1,0,21,0.0,0.16666666666666666,0.7517330050468445
PU-F,4,0.0,0.5,50,21,1500,1500,25,0,25,0.028731088212225586,0.005499999999999949,0.15424487501149997,1,0,22,0.0,0.2,0.8367757201194763
PU-F,4,0.0,0.5,100,21,1500,1500,25,0,25,0.028731088212225586,0.005499999999999949,0.15635245898738503,1,0,22,0.0,0.2,0.8367757201194763
PU-F,4,0.0,0.5,200,21,1500,1500,25,0,25,0.028731088212225586,0.005499999999999949,0.1586866250145249,1,0,22,0.0,0.2,0.8367757201194763
PU-G,4,0.0,0.5,50,30,1500,1500,34,0,34,0.03647074551554397,0.009000000000000008,0.16490220895502716,1,0,31,0.0,0.2647058823529412,0.8129757046699524
PU-G,4,0.0,0.5,100,30,1500,1500,34,0,34,0.03647074551554397,0.009000000000000008,0.16702512494521216,1,0,31,0.0,0.2647058823529412,0.8129757046699524
PU-G,4,0.0,0.5,200,30,1500,1500,34,0,34,0.03647074551554397,0.009000000000000008,0.16931491694413126,1,0,31,0.0,0.2647058823529412,0.8129757046699524
MaxLoss,4,0.0,0.6,50,21,1200,1800,25,0,25,0.03585972939617932,0.008900000000000019,0.1737425000173971,1,0,22,0.0,0.32,0.766784131526947
MaxLoss,4,0.0,0.6,100,21,1200,1800,25,0,25,0.03585972939617932,0.008900000000000019,0.17592629202408716,1,0,22,0.0,0.32,0.766784131526947
MaxLoss,4,0.0,0.6,200,21,1200,1800,25,0,25,0.03585972939617932,0.008900000000000019,0.17810229200404137,1,0,22,0.0,0.32,0.766784131526947
PU-C,4,0.0,0.6,50,22,1200,1800,26,0,26,0.036949195025954396,0.00660000000000005,0.18046595802297816,1,0,23,0.0,0.34615384615384615,0.7613265514373779
PU-C,4,0.0,0.6,100,22,1200,1800,26,0,26,0.036949195025954396,0.00660000000000005,0.18283037503715605,1,0,23,0.0,0.34615384615384615,0.7613265514373779
PU-C,4,0.0,0.6,200,22,1200,1800,26,0,26,0.036949195025954396,0.00660000000000005,0.18510100001003593,1,0,23,0.0,0.34615384615384615,0.7613265514373779
PU-F,4,0.0,0.6,50,24,1200,1800,28,0,28,0.039113934442866594,0.008299999999999974,0.18775654101045802,1,0,25,0.0,0.32142857142857145,0.3782249391078949
PU-F,4,0.0,0.6,100,24,1200,1800,28,0,28,0.039113934442866594,0.008299999999999974,0.18995391600765288,1,0,25,0.0,0.32142857142857145,0.3782249391078949
PU-F,4,0.0,0.6,200,24,1200,1800,28,0,28,0.039113934442866594,0.008299999999999974,0.19229508301941678,1,0,25,0.0,0.32142857142857145,0.3782249391078949
PU-G,4,0.0,0.6,50,26,1200,1800,30,0,30,0.04126129567157477,0.007099999999999995,0.18799033301183954,1,0,27,0.0,0.26666666666666666,0.7304626703262329
PU-G,4,0.0,0.6,100,26,1200,1800,30,0,30,0.04126129567157477,0.007099999999999995,0.19043366704136133,1,0,27,0.0,0.26666666666666666,0.7304626703262329
PU-G,4,0.0,0.6,200,26,1200,1800,30,0,30,0.04126129567157477,0.007099999999999995,0.19231337500968948,1,0,27,0.0,0.26666666666666666,0.7304626703262329
MaxLoss,4,0.0,0.7,50,2,900,2100,6,0,6,0.0180310292635113,0.0037000000000000366,0.18085549998795614,1,0,3,0.0,0.0,0.563305139541626
MaxLoss,4,0.0,0.7,100,2,900,2100,6,0,6,0.0180310292635113,0.0037000000000000366,0.18313016695901752,1,0,3,0.0,0.0,0.563305139541626
MaxLoss,4,0.0,0.7,200,2,900,2100,6,0,6,0.0180310292635113,0.0037000000000000366,0.18537979194661602,1,0,3,0.0,0.0,0.563305139541626
PU-C,4,0.0,0.7,50,9,900,2100,13,0,13,0.029640178836416453,0.0030000000000000027,0.1897884999634698,1,0,10,0.0,0.07692307692307693,0.7134414315223694
PU-C,4,0.0,0.7,100,9,900,2100,13,0,13,0.029640178836416453,0.0030000000000000027,0.19196183298481628,1,0,10,0.0,0.07692307692307693,0.7134414315223694
PU-C,4,0.0,0.7,200,9,900,2100,13,0,13,0.029640178836416453,0.0030000000000000027,0.19391966698458418,1,0,10,0.0,0.07692307692307693,0.7134414315223694
PU-F,4,0.0,0.7,50,9,900,2100,13,0,13,0.029640178836416453,0.006900000000000017,0.18936283304356039,1,0,10,0.0,0.07692307692307693,0.6498339772224426
PU-F,4,0.0,0.7,100,9,900,2100,13,0,13,0.029640178836416453,0.006900000000000017,0.19131220801500604,1,0,10,0.0,0.07692307692307693,0.6498339772224426
PU-F,4,0.0,0.7,200,9,900,2100,13,0,13,0.029640178836416453,0.006900000000000017,0.1935303330537863,1,0,10,0.0,0.07692307692307693,0.6498339772224426
PU-G,4,0.0,0.7,50,12,900,2100,16,0,16,0.034303702879697084,0.007600000000000051,0.19365162501344457,1,0,13,0.0,0.125,0.7159819006919861
PU-G,4,0.0,0.7,100,12,900,2100,16,0,16,0.034303702879697084,0.007600000000000051,0.19586916599655524,1,0,13,0.0,0.125,0.7159819006919861
PU-G,4,0.0,0.7,200,12,900,2100,16,0,16,0.034303702879697084,0.007600000000000051,0.19807300000684336,1,0,13,0.0,0.125,0.7159819006919861
MaxLoss,4,0.0,0.8,50,7,600,2400,11,0,11,0.039528083987534046,0.009399999999999964,0.20448816701536998,1,0,8,0.0,0.09090909090909091,0.6172621250152588
MaxLoss,4,0.0,0.8,100,7,600,2400,11,0,11,0.039528083987534046,0.009399999999999964,0.20693583303363994,1,0,8,0.0,0.09090909090909091,0.6172621250152588
MaxLoss,4,0.0,0.8,200,7,600,2400,11,0,11,0.039528083987534046,0.009399999999999964,0.20919579203473404,1,0,8,0.0,0.09090909090909091,0.6172621250152588
PU-C,4,0.0,0.8,50,4,600,2400,8,0,8,0.03213391738245264,0.0029000000000000137,0.2024958340334706,1,0,5,0.0,0.125,0.6296319961547852
PU-C,4,0.0,0.8,100,4,600,2400,8,0,8,0.03213391738245264,0.0029000000000000137,0.2046081669977866,1,0,5,0.0,0.125,0.6296319961547852
PU-C,4,0.0,0.8,200,4,600,2400,8,0,8,0.03213391738245264,0.0029000000000000137,0.2067125840112567,1,0,5,0.0,0.125,0.6296319961547852
PU-F,4,0.0,0.8,50,4,600,2400,8,0,8,0.03213391738245264,0.005299999999999971,0.20319666602881625,1,0,5,0.0,0.125,0.5240499377250671
PU-F,4,0.0,0.8,100,4,600,2400,8,0,8,0.03213391738245264,0.005299999999999971,0.2052458330290392,1,0,5,0.0,0.125,0.5240499377250671
PU-F,4,0.0,0.8,200,4,600,2400,8,0,8,0.03213391738245264,0.005299999999999971,0.2075952910236083,1,0,5,0.0,0.125,0.5240499377250671
PU-G,4,0.0,0.8,50,10,600,2400,14,0,14,0.04662716604070738,0.007399999999999962,0.21047045895829797,1,0,11,0.0,0.21428571428571427,0.6603114008903503
PU-G,4,0.0,0.8,100,10,600,2400,14,0,14,0.04662716604070738,0.007399999999999962,0.21291358396410942,1,0,11,0.0,0.21428571428571427,0.6603114008903503
PU-G,4,0.0,0.8,200,10,600,2400,14,0,14,0.04662716604070738,0.007399999999999962,0.21481866698013619,1,0,11,0.0,0.21428571428571427,0.6603114008903503
MaxLoss,4,0.4,0.0,50,50,3000,0,54,493,547,0.20717629184946418,0.10899999999999999,0.0604172499733977,0,0,51,0.5740740740740741,0.5925925925925926,0.6932746171951294
MaxLoss,4,0.4,0.0,100,100,3000,0,104,531,635,0.2380135838757269,0.12539999999999996,0.12387149996357039,0,0,101,0.47115384615384615,0.5865384615384616,0.7535189390182495
MaxLoss,4,0.4,0.0,200,200,3000,0,204,364,568,0.2145551101421006,0.11380000000000001,0.29694962495705113,0,1,201,0.31862745098039214,0.39705882352941174,0.5717463493347168
PU-C,4,0.4,0.0,50,50,3000,0,54,335,389,0.15118094795616344,0.08789999999999998,0.302427250018809,0,0,51,0.48148148148148145,0.5,0.8135673403739929
PU-C,4,0.4,0.0,100,100,3000,0,104,384,488,0.18637167132692412,0.1058,0.5926196670043282,0,0,101,0.40384615384615385,0.41346153846153844,0.8155657052993774
PU-C,4,0.4,0.0,200,200,3000,0,204,317,521,0.19802199315745384,0.09019999999999995,1.2759681669995189,0,1,201,0.3088235294117647,0.3431372549019608,0.404220849275589
PU-F,4,0.4,0.0,50,50,3000,0,54,582,636,0.23836279823444784,0.13880000000000003,0.6258847910212353,0,0,51,0.5,0.5370370370370371,0.7076641917228699
PU-F,4,0.4,0.0,100,100,3000,0,104,511,615,0.23102381633361802,0.11229999999999996,1.5203162910183892,0,0,101,0.3269230769230769,0.34615384615384615,0.6629726886749268
PU-F,4,0.4,0.0,200,200,3000,0,204,216,420,0.1622424612287432,0.06740000000000002,3.0970363750238903,0,1,201,0.3088235294117647,0.3382352941176471,0.5148112177848816
PU-G,4,0.4,0.0,50,50,3000,0,54,646,700,0.2606606413028203,0.14870000000000005,0.6229157919879071,0,0,51,0.37037037037037035,0.3888888888888889,0.8180637955665588
PU-G,4,0.4,0.0,100,100,3000,0,104,458,562,0.21244820981519297,0.10319999999999996,1.3348541670129634,0,0,101,0.2403846153846154,0.28846153846153844,0.785155177116394
PU-G,4,0.4,0.0,200,200,3000,0,204,250,454,0.174328850582242,0.06059999999999999,2.73774891695939,0,1,201,0.19117647058823528,0.28431372549019607,0.46926912665367126
MaxLoss,4,0.4,0.1,50,50,2700,300,54,608,662,0.27442754193907604,0.16469999999999996,0.24599116697208956,0,0,51,0.46296296296296297,0.48148148148148145,0.8315286636352539
MaxLoss,4,0.4,0.1,100,100,2700,300,104,520,624,0.2597359956125729,0.14149999999999996,0.3051424580044113,0,0,101,0.3557692307692308,0.36538461538461536,0.8360809683799744
MaxLoss,4,0.4,0.1,200,200,2700,300,204,149,353,0.1534563157474622,0.03049999999999997,0.4788111670059152,0,1,201,0.3480392156862745,0.39215686274509803,0.6180348992347717
PU-C,4,0.4,0.1,50,50,2700,300,54,488,542,0.2278786827228032,0.1452,0.35803479101741686,0,0,51,0.5,0.5370370370370371,0.9199416637420654
PU-C,4,0.4,0.1,100,100,2700,300,104,605,709,0.29254119971301407,0.18230000000000002,0.7262230000342242,0,0,101,0.36538461538461536,0.3942307692307692,0.9444893002510071
PU-C,4,0.4,0.1,200,200,2700,300,204,224,428,0.18318182055372745,0.0675,1.4213357910048217,0,1,201,0.3088235294117647,0.38235294117647056,0.6616705656051636
PU-F,4,0.4,0.1,50,50,2700,300,54,441,495,0.2095137510332279,0.15200000000000002,0.5697613749653101,0,0,51,0.5370370370370371,0.5925925925925926,0.8741251230239868
PU-F,4,0.4,0.1,100,100,2700,300,104,396,500,0.21147142222616822,0.14339999999999997,1.389654624974355,0,0,101,0.41346153846153844,0.4423076923076923,0.8847322463989258
PU-F,4,0.4,0.1,200,200,2700,300,204,238,442,0.18869999994058162,0.07010000000000005,2.7945471669663675,0,1,201,0.3235294117647059,0.37745098039215685,0.7175496816635132
PU-G,4,0.4,0.1,50,50,2700,300,54,443,497,0.21029693621676415,0.10560000000000003,0.4986409170087427,0,0,51,0.42592592592592593,0.46296296296296297,0.8799708485603333
PU-G,4,0.4,0.1,100,100,2700,300,104,371,475,0.20167317549930885,0.0897,1.2114273749757558,0,0,101,0.3173076923076923,0.4326923076923077,0.8565975427627563
PU-G,4,0.4,0.1,200,200,2700,300,204,155,359,0.155845403438434,0.05059999999999998,2.594563917024061,0,1,201,0.2549019607843137,0.3627450980392157,0.7048677802085876
MaxLoss,4,0.4,0.2,50,50,2400,600,54,494,548,0.25846835447009653,0.14129999999999998,0.25957962503889576,0,0,51,0.5555555555555556,0.5740740740740741,0.5376898646354675
MaxLoss,4,0.4,0.2,100,100,2400,600,104,448,552,0.2602154591004364,0.13119999999999998,0.31563399999868125,0,0,101,0.41346153846153844,0.4326923076923077,0.5882574915885925
MaxLoss,4,0.4,0.2,200,200,2400,600,204,238,442,0.21191156504210085,0.11299999999999999,0.4774217500234954,0,1,201,0.37745098039215685,0.45098039215686275,0.6952270269393921
PU-C,4,0.4,0.2,50,50,2400,600,54,446,500,0.23744997300673276,0.14380000000000004,0.3250121669843793,0,0,51,0.5555555555555556,0.5740740740740741,0.9072743058204651
PU-C,4,0.4,0.2,100,100,2400,600,104,464,568,0.26719735038932413,0.14090000000000003,0.6209122500149533,0,0,101,0.41346153846153844,0.4423076923076923,0.914631187915802
PU-C,4,0.4,0.2,200,200,2400,600,204,211,415,0.1999647060292773,0.08689999999999998,1.3044150829664432,0,1,201,0.35294117647058826,0.39215686274509803,0.6645517945289612
PU-F,4,0.4,0.2,50,50,2400,600,54,387,441,0.21146978135220706,0.15990000000000004,0.5057097499957308,0,0,51,0.42592592592592593,0.48148148148148145,0.9385812878608704
PU-F,4,0.4,0.2,100,100,2400,600,104,336,440,0.21102794556645676,0.14659999999999995,1.4810801250278018,0,0,101,0.40384615384615385,0.4326923076923077,0.9371763467788696
PU-F,4,0.4,0.2,200,200,2400,600,204,295,499,0.2370110102929175,0.14,3.30842733400641,0,1,201,0.39215686274509803,0.4411764705882353,0.7384980916976929
PU-G,4,0.4,0.2,50,50,2400,600,54,741,795,0.36525756889022887,0.2603,0.6028517080121674,0,0,51,0.3333333333333333,0.3888888888888889,0.7908229827880859
PU-G,4,0.4,0.2,100,100,2400,600,104,370,474,0.2260218668379821,0.10229999999999995,1.2805412080488168,0,0,101,0.34615384615384615,0.40384615384615385,0.7571196556091309
PU-G,4,0.4,0.2,200,200,2400,600,204,270,474,0.2260218668379821,0.08620000000000005,2.515577458019834,0,1,201,0.3284313725490196,0.3872549019607843,0.647691547870636
MaxLoss,4,0.4,0.3,50,50,2100,900,54,377,431,0.23608950397465378,0.12929999999999997,0.27506479097064584,0,0,51,0.5185185185185185,0.5555555555555556,0.695503294467926
MaxLoss,4,0.4,0.3,100,100,2100,900,104,322,426,0.2335707641323097,0.10819999999999996,0.3295444999821484,0,0,101,0.4519230769230769,0.5096153846153846,0.6323452591896057
MaxLoss,4,0.4,0.3,200,200,2100,900,204,117,321,0.18026445392752066,0.052100000000000035,0.48034679098054767,0,1,201,0.3284313725490196,0.4117647058823529,0.6726084351539612
PU-C,4,0.4,0.3,50,50,2100,900,54,438,492,0.2666943277581595,0.14659999999999995,0.3435262079583481,0,0,51,0.3888888888888889,0.3888888888888889,0.5331746935844421
PU-C,4,0.4,0.3,100,100,2100,900,104,311,415,0.2280237854574807,0.0988,0.5438231669832021,0,0,101,0.38461538461538464,0.40384615384615385,0.6304503083229065
PU-C,4,0.4,0.3,200,200,2100,900,204,244,448,0.24464132671710104,0.12260000000000004,1.014309374964796,0,1,201,0.3235294117647059,0.39705882352941174,0.668587863445282
PU-F,4,0.4,0.3,50,50,2100,900,54,217,271,0.15455137059325352,0.06869999999999998,0.4038358330144547,0,0,51,0.3333333333333333,0.35185185185185186,0.5755946040153503
PU-F,4,0.4,0.3,100,100,2100,900,104,222,326,0.18282270251074806,0.06740000000000002,0.6476831659674644,0,0,101,0.3557692307692308,0.40384615384615385,0.5870931148529053
PU-F,4,0.4,0.3,200,200,2100,900,204,105,309,0.17411544738570228,0.056599999999999984,1.512416250014212,0,1,201,0.3284313725490196,0.39215686274509803,0.5211539268493652
PU-G,4,0.4,0.3,50,50,2100,900,54,135,189,0.11174639646196738,0.024800000000000044,0.40659308299655095,0,0,51,0.2962962962962963,0.35185185185185186,0.8040161728858948
PU-G,4,0.4,0.3,100,100,2100,900,104,95,199,0.11701851570978761,0.014599999999999946,0.552386875031516,0,0,101,0.18269230769230768,0.23076923076923078,0.821441650390625
PU-G,4,0.4,0.3,200,200,2100,900,204,136,340,0.18997423280961812,0.061000000000000054,1.0054004160338081,0,1,201,0.18627450980392157,0.21568627450980393,0.541770339012146
MaxLoss,4,0.4,0.4,50,50,1800,1200,54,338,392,0.25173217558767647,0.12729999999999997,0.2957489159889519,0,0,51,0.4074074074074074,0.48148148148148145,0.6691489815711975
MaxLoss,4,0.4,0.4,100,100,1800,1200,104,285,389,0.24996874999487773,0.12390000000000001,0.3454852909781039,0,0,101,0.40384615384615385,0.4423076923076923,0.6820833086967468
MaxLoss,4,0.4,0.4,200,200,1800,1200,204,155,359,0.2322893740492873,0.08899999999999997,0.4900419160258025,0,1,201,0.3382352941176471,0.39705882352941174,0.4926972985267639
PU-C,4,0.4,0.4,50,50,1800,1200,54,254,308,0.20202960254391655,0.10729999999999995,0.33772587502608076,0,0,51,0.46296296296296297,0.5,0.6492283344268799
PU-C,4,0.4,0.4,100,100,1800,1200,104,189,293,0.19307514547836035,0.09570000000000001,0.4762451249989681,0,0,101,0.38461538461538464,0.4519230769230769,0.6436259746551514
PU-C,4,0.4,0.4,200,200,1800,1200,204,68,272,0.18049256515223533,0.04630000000000001,0.8917878339998424,0,1,201,0.3480392156862745,0.4068627450980392,0.47054654359817505
PU-F,4,0.4,0.4,50,50,1800,1200,54,385,439,0.2792592490441166,0.15200000000000002,0.43495762499514967,0,0,51,0.5555555555555556,0.5925925925925926,0.8299594521522522
PU-F,4,0.4,0.4,100,100,1800,1200,104,335,439,0.2792592490441166,0.12460000000000004,0.9337955829687417,0,0,101,0.41346153846153844,0.4326923076923077,0.7796037197113037
PU-F,4,0.4,0.4,200,200,1800,1200,204,131,335,0.2180834569153376,0.058699999999999974,1.784274707955774,0,1,201,0.30392156862745096,0.3627450980392157,0.6182945370674133
PU-G,4,0.4,0.4,50,50,1800,1200,54,205,259,0.1726743567851372,0.07599999999999996,0.43363200000021607,0,0,51,0.35185185185185186,0.37037037037037035,0.8049177527427673
PU-G,4,0.4,0.4,100,100,1800,1200,104,146,250,0.1672479148255661,0.048799999999999955,0.7174783330410719,0,0,101,0.2403846153846154,0.3557692307692308,0.7650277614593506
PU-G,4,0.4,0.4,200,200,1800,1200,204,72,276,0.1828935989178717,0.0494,1.459432416013442,0,1,201,0.2549019607843137,0.3627450980392157,0.5956177115440369
MaxLoss,4,0.4,0.5,50,50,1500,1500,54,194,248,0.19862606265814975,0.09240000000000004,0.3052656660438515,0,0,51,0.5,0.5370370370370371,0.5492842197418213
MaxLoss,4,0.4,0.5,100,100,1500,1500,104,150,254,0.20294818619731814,0.08420000000000005,0.35430345800705254,0,0,101,0.3942307692307692,0.4519230769230769,0.5401173233985901
MaxLoss,4,0.4,0.5,200,200,1500,1500,204,12,216,0.1754560973495245,0.05710000000000004,0.486061375006102,0,1,201,0.3235294117647059,0.4068627450980392,0.4863970875740051
PU-C,4,0.4,0.5,50,50,1500,1500,54,170,224,0.18126827315427363,0.1059,0.363732333004009,0,0,51,0.4074074074074074,0.46296296296296297,0.7896661162376404
PU-C,4,0.4,0.5,100,100,1500,1500,104,138,242,0.1942972094984725,0.10140000000000005,0.458350416040048,0,0,101,0.3557692307692308,0.5192307692307693,0.7534202933311462
PU-C,4,0.4,0.5,200,200,1500,1500,204,20,224,0.18126827315427363,0.05459999999999998,0.7659112500259653,0,1,201,0.3088235294117647,0.45098039215686275,0.5286012887954712
PU-F,4,0.4,0.5,50,50,1500,1500,54,93,147,0.12465906928991899,0.057599999999999985,0.41668895800830796,0,0,51,0.35185185185185186,0.42592592592592593,0.632832944393158
PU-F,4,0.4,0.5,100,100,1500,1500,104,183,287,0.2266072312486358,0.0847,0.5402694160002284,0,0,101,0.3557692307692308,0.47115384615384615,0.7101401686668396
PU-F,4,0.4,0.5,200,200,1500,1500,204,28,232,0.18706696789013222,0.0494,1.0775322080007754,0,1,201,0.29411764705882354,0.37254901960784315,0.5544941425323486
PU-G,4,0.4,0.5,50,50,1500,1500,54,171,225,0.18199383554747328,0.0827,0.41996741702314466,0,0,51,0.3148148148148148,0.42592592592592593,0.7123343348503113
PU-G,4,0.4,0.5,100,100,1500,1500,104,122,226,0.1827191884513013,0.05989999999999995,0.5578867500298657,0,0,101,0.2692307692307692,0.36538461538461536,0.7145503759384155
PU-G,4,0.4,0.5,200,200,1500,1500,204,39,243,0.19501916045555845,0.03400000000000003,0.8456894580158405,0,1,201,0.29411764705882354,0.4068627450980392,0.5291443467140198
MaxLoss,4,0.4,0.6,50,50,1200,1800,54,235,289,0.2835426055826247,0.13419999999999999,0.3280932090128772,0,0,51,0.3888888888888889,0.46296296296296297,0.5380651950836182
MaxLoss,4,0.4,0.6,100,100,1200,1800,104,162,266,0.26314493792597204,0.1078,0.3764141669962555,0,0,101,0.27884615384615385,0.40384615384615385,0.5563768744468689
MaxLoss,4,0.4,0.6,200,200,1200,1800,204,9,213,0.21564663999015465,0.03500000000000003,0.5024923339951783,0,1,201,0.28921568627450983,0.39705882352941174,0.4079543352127075
PU-C,4,0.4,0.6,50,50,1200,1800,54,201,255,0.2533462086576037,0.10029999999999994,0.3698585410020314,0,0,51,0.35185185185185186,0.3888888888888889,0.6540509462356567
PU-C,4,0.4,0.6,100,100,1200,1800,104,150,254,0.252453961817082,0.08520000000000005,0.4497990410309285,0,0,101,0.34615384615384615,0.40384615384615385,0.7213447690010071
PU-C,4,0.4,0.6,200,200,1200,1800,204,43,247,0.246201274683699,0.07089999999999996,0.7556467080139555,0,1,201,0.3137254901960784,0.4215686274509804,0.676585853099823
PU-F,4,0.4,0.6,50,50,1200,1800,54,133,187,0.19205072324257344,0.05500000000000005,0.4196468330337666,0,0,51,0.35185185185185186,0.37037037037037035,0.6306986808776855
PU-F,4,0.4,0.6,100,100,1200,1800,104,129,233,0.2336581929703243,0.07530000000000003,0.5478921660105698,0,0,101,0.3269230769230769,0.41346153846153844,0.6407972574234009
PU-F,4,0.4,0.6,200,200,1200,1800,204,44,248,0.24709526862716302,0.05230000000000001,0.8163294999976642,0,1,201,0.29901960784313725,0.37745098039215685,0.6024497747421265
PU-G,4,0.4,0.6,50,50,1200,1800,54,169,223,0.22466660110512748,0.08520000000000005,0.43291229201713577,0,0,51,0.37037037037037035,0.3888888888888889,0.7503668069839478
PU-G,4,0.4,0.6,100,100,1200,1800,104,138,242,0.24172747530974448,0.08289999999999997,0.5902148750028573,0,0,101,0.3173076923076923,0.4230769230769231,0.7743434906005859
PU-G,4,0.4,0.6,200,200,1200,1800,204,85,289,0.2835426055826247,0.07679999999999998,0.8883689580252394,0,1,201,0.29901960784313725,0.4019607843137255,0.7666902542114258
MaxLoss,4,0.4,0.7,50,50,900,2100,54,102,156,0.21679035149281844,0.058499999999999996,0.3589506669668481,0,0,51,0.35185185185185186,0.4444444444444444,0.46956661343574524
MaxLoss,4,0.4,0.7,100,100,900,2100,104,60,164,0.22652323567308486,0.046499999999999986,0.4025507919723168,0,0,101,0.36538461538461536,0.49038461538461536,0.49583348631858826
MaxLoss,4,0.4,0.7,200,161,900,2100,165,0,165,0.2277371570817195,0.03359999999999996,0.47601683397078887,1,0,162,0.3333333333333333,0.4303030303030303,0.48474305868148804
PU-C,4,0.4,0.7,50,50,900,2100,54,77,131,0.18610662641003728,0.09460000000000002,0.3892765829805285,0,0,51,0.37037037037037035,0.42592592592592593,0.5692110657691956
PU-C,4,0.4,0.7,100,100,900,2100,104,43,147,0.20579312881454825,0.08130000000000004,0.458913707989268,0,0,101,0.375,0.4423076923076923,0.6196271777153015
PU-C,4,0.4,0.7,200,154,900,2100,158,0,158,0.21922721673035994,0.04310000000000003,0.545616291987244,1,0,155,0.3291139240506329,0.4240506329113924,0.49185043573379517
PU-F,4,0.4,0.7,50,50,900,2100,54,59,113,0.16372366342693567,0.051000000000000045,0.43156887497752905,0,0,51,0.3333333333333333,0.4444444444444444,0.5721032619476318
PU-F,4,0.4,0.7,100,100,900,2100,104,30,134,0.1898119124234654,0.024900000000000033,0.515929542016238,0,0,101,0.36538461538461536,0.4807692307692308,0.5164745450019836
PU-F,4,0.4,0.7,200,171,900,2100,175,0,175,0.2398448758176528,0.03390000000000004,0.6703259170171805,1,0,172,0.32,0.4342857142857143,0.4575415551662445
PU-G,4,0.4,0.7,50,50,900,2100,54,112,166,0.22895049449289218,0.0968,0.47536370798479766,0,0,51,0.25925925925925924,0.3333333333333333,0.741112470626831
PU-G,4,0.4,0.7,100,100,900,2100,104,39,143,0.2008883812231943,0.06330000000000002,0.5716996249975637,0,0,101,0.22115384615384615,0.3269230769230769,0.7302724719047546
PU-G,4,0.4,0.7,200,196,900,2100,200,0,200,0.2698813047609292,0.049699999999999966,0.7647857909905724,1,0,197,0.28,0.415,0.614039421081543
MaxLoss,4,0.4,0.8,50,50,600,2400,54,45,99,0.2170143689145334,0.09250000000000003,0.3949715410126373,0,0,51,0.42592592592592593,0.5185185185185185,0.6174696683883667
MaxLoss,4,0.4,0.8,100,100,600,2400,104,15,119,0.25402067200047895,0.08420000000000005,0.43598979100352153,0,0,101,0.375,0.4807692307692308,0.6381668448448181
MaxLoss,4,0.4,0.8,200,122,600,2400,126,0,126,0.26682960940524936,0.07440000000000002,0.458826832997147,1,0,123,0.3253968253968254,0.4603174603174603,0.6341845393180847
PU-C,4,0.4,0.8,50,50,600,2400,54,47,101,0.22074463200988248,0.09799999999999998,0.26088170800358057,0,0,51,0.4074074074074074,0.5370370370370371,0.6500746607780457
PU-C,4,0.4,0.8,100,100,600,2400,104,13,117,0.2503481015446596,0.08320000000000005,0.31800662499153987,0,0,101,0.3557692307692308,0.49038461538461536,0.683294415473938
PU-C,4,0.4,0.8,200,127,600,2400,131,0,131,0.2759376168833114,0.0696,0.35502949997317046,1,0,128,0.32061068702290074,0.4580152671755725,0.6408495903015137
PU-F,4,0.4,0.8,50,50,600,2400,54,34,88,0.19636580476071686,0.07850000000000001,0.3146988750086166,0,0,51,0.25925925925925924,0.42592592592592593,0.5901373028755188
PU-F,4,0.4,0.8,100,100,600,2400,104,15,119,0.25402067200047895,0.07130000000000003,0.386405042023398,0,0,101,0.28846153846153844,0.4326923076923077,0.6126956939697266
PU-F,4,0.4,0.8,200,126,600,2400,130,0,130,0.2741186819621362,0.04159999999999997,0.42534362501464784,1,0,127,0.3153846153846154,0.45384615384615384,0.5834939479827881
PU-G,4,0.4,0.8,50,50,600,2400,54,37,91,0.20202032779343426,0.07779999999999998,0.31197845900896937,0,0,51,0.48148148148148145,0.5185185185185185,0.7820132374763489
PU-G,4,0.4,0.8,100,100,600,2400,104,13,117,0.2503481015446596,0.06310000000000004,0.3818872090196237,0,0,101,0.27884615384615385,0.41346153846153844,0.7857581377029419
PU-G,4,0.4,0.8,200,136,600,2400,140,0,140,0.2922501597786322,0.042100000000000026,0.43641508399741724,1,0,137,0.29285714285714287,0.44285714285714284,0.6953595280647278
MaxLoss,5,0.0,0.0,50,50,3000,0,54,94,148,0.0631403787410818,0.03500000000000003,0.09106425003847107,0,0,51,0.0,0.018518518518518517,0.8914288878440857
MaxLoss,5,0.0,0.0,100,100,3000,0,104,9,113,0.04982449556700885,0.02190000000000003,0.1940501250210218,0,0,101,0.0,0.10576923076923077,0.8630954623222351
MaxLoss,5,0.0,0.0,200,120,3000,0,124,0,124,0.054035715002100915,0.021100000000000008,0.23396445903927088,1,0,121,0.0,0.12903225806451613,0.8571480512619019
PU-C,5,0.0,0.0,50,50,3000,0,54,109,163,0.06878171575954184,0.04039999999999999,0.11231545801274478,0,0,51,0.0,0.037037037037037035,0.8119757175445557
PU-C,5,0.0,0.0,100,100,3000,0,104,0,104,0.04635784780839458,0.01539999999999997,0.2049394579953514,1,0,101,0.0,0.09615384615384616,0.7863674759864807
PU-C,5,0.0,0.0,200,100,3000,0,104,0,104,0.04635784780839458,0.01539999999999997,0.20778300001984462,1,0,101,0.0,0.09615384615384616,0.7863674759864807
PU-F,5,0.0,0.0,50,50,3000,0,54,181,235,0.09547050960827619,0.05489999999999995,0.21773570898221806,0,0,51,0.0,0.018518518518518517,0.8673505783081055
PU-F,5,0.0,0.0,100,100,3000,0,104,59,163,0.06878171575954184,0.025699999999999945,0.35026933398330584,0,0,101,0.0,0.10576923076923077,0.8138344883918762
PU-F,5,0.0,0.0,200,141,3000,0,145,0,145,0.06200788344722241,0.007900000000000018,0.48999012500280514,1,0,142,0.0,0.11724137931034483,0.7150580286979675
PU-G,5,0.0,0.0,50,50,3000,0,54,69,123,0.053653962444514036,0.025699999999999945,0.3027369170449674,0,0,51,0.0,0.16666666666666666,0.7526974678039551
PU-G,5,0.0,0.0,100,100,3000,0,104,13,117,0.05135895928833634,0.010299999999999976,0.40908070805016905,0,0,101,0.0,0.16346153846153846,0.7238175868988037
PU-G,5,0.0,0.0,200,116,3000,0,120,0,120,0.05250743729993701,0.00880000000000003,0.4449211250175722,1,0,117,0.0,0.175,0.7180986404418945
MaxLoss,5,0.0,0.1,50,27,2700,300,31,0,31,0.01889930118340999,0.007199999999999984,0.07374466699548066,1,0,28,0.0,0.03225806451612903,0.8724241852760315
MaxLoss,5,0.0,0.1,100,27,2700,300,31,0,31,0.01889930118340999,0.007199999999999984,0.07644033298129216,1,0,28,0.0,0.03225806451612903,0.8724241852760315
MaxLoss,5,0.0,0.1,200,27,2700,300,31,0,31,0.01889930118340999,0.007199999999999984,0.07941912498790771,1,0,28,0.0,0.03225806451612903,0.8724241852760315
PU-C,5,0.0,0.1,50,50,2700,300,54,4,58,0.031346929899882525,0.0121,0.11512974998913705,0,0,51,0.0,0.09259259259259259,0.9122310280799866
PU-C,5,0.0,0.1,100,55,2700,300,59,0,59,0.03179569693747908,0.0121,0.12532395799644291,1,0,56,0.0,0.1016949152542373,0.9061709642410278
PU-C,5,0.0,0.1,200,55,2700,300,59,0,59,0.03179569693747908,0.0121,0.12806095799896866,1,0,56,0.0,0.1016949152542373,0.9061709642410278
PU-F,5,0.0,0.1,50,42,2700,300,46,0,46,0.025903833156917244,0.009099999999999997,0.10396716697141528,1,0,43,0.0,0.06521739130434782,0.8802098631858826
PU-F,5,0.0,0.1,100,42,2700,300,46,0,46,0.025903833156917244,0.009099999999999997,0.10620699997525662,1,0,43,0.0,0.06521739130434782,0.8802098631858826
PU-F,5,0.0,0.1,200,42,2700,300,46,0,46,0.025903833156917244,0.009099999999999997,0.10825633397325873,1,0,43,0.0,0.06521739130434782,0.8802098631858826
PU-G,5,0.0,0.1,50,49,2700,300,53,0,53,0.029092650511302054,0.007399999999999962,0.11718870903132483,1,0,50,0.0,0.11320754716981132,0.8819871544837952
PU-G,5,0.0,0.1,100,49,2700,300,53,0,53,0.029092650511302054,0.007399999999999962,0.11924966698279604,1,0,50,0.0,0.11320754716981132,0.8819871544837952
PU-G,5,0.0,0.1,200,49,2700,300,53,0,53,0.029092650511302054,0.007399999999999962,0.12144258402986452,1,0,50,0.0,0.11320754716981132,0.8819871544837952
MaxLoss,5,0.0,0.2,50,18,2400,600,22,0,22,0.01633807725738734,0.0050000000000000044,0.07539070799248293,1,0,19,0.0,0.0,0.8532302379608154
MaxLoss,5,0.0,0.2,100,18,2400,600,22,0,22,0.01633807725738734,0.0050000000000000044,0.07784420798998326,1,0,19,0.0,0.0,0.8532302379608154
MaxLoss,5,0.0,0.2,200,18,2400,600,22,0,22,0.01633807725738734,0.0050000000000000044,0.08015616697957739,1,0,19,0.0,0.0,0.8532302379608154
PU-C,5,0.0,0.2,50,27,2400,600,31,0,31,0.021251995989587158,0.006700000000000039,0.08990062499651685,1,0,28,0.0,0.03225806451612903,0.8667529821395874
PU-C,5,0.0,0.2,100,27,2400,600,31,0,31,0.021251995989587158,0.006700000000000039,0.0921052920166403,1,0,28,0.0,0.03225806451612903,0.8667529821395874
PU-C,5,0.0,0.2,200,27,2400,600,31,0,31,0.021251995989587158,0.006700000000000039,0.09417741699144244,1,0,28,0.0,0.03225806451612903,0.8667529821395874
PU-F,5,0.0,0.2,50,32,2400,600,36,0,36,0.023912062344606966,0.006199999999999983,0.10730191698530689,1,0,33,0.0,0.05555555555555555,0.8610687851905823
PU-F,5,0.0,0.2,100,32,2400,600,36,0,36,0.023912062344606966,0.006199999999999983,0.10962091700639576,1,0,33,0.0,0.05555555555555555,0.8610687851905823
PU-F,5,0.0,0.2,200,32,2400,600,36,0,36,0.023912062344606966,0.006199999999999983,0.11171195900533348,1,0,33,0.0,0.05555555555555555,0.8610687851905823
PU-G,5,0.0,0.2,50,50,2400,600,54,4,58,0.035243975929915905,0.008900000000000019,0.1327853329712525,0,0,51,0.0,0.037037037037037035,0.8852358460426331
PU-G,5,0.0,0.2,100,53,2400,600,57,0,57,0.03473883034894243,0.009299999999999975,0.1398645419976674,1,0,54,0.0,0.03508771929824561,0.8723750114440918
PU-G,5,0.0,0.2,200,53,2400,600,57,0,57,0.03473883034894243,0.009299999999999975,0.14224466698942706,1,0,54,0.0,0.03508771929824561,0.8723750114440918
MaxLoss,5,0.0,0.3,50,21,2100,900,25,0,25,0.02055755432229489,0.006900000000000017,0.10593766701640561,1,0,22,0.0,0.04,0.8165376782417297
MaxLoss,5,0.0,0.3,100,21,2100,900,25,0,25,0.02055755432229489,0.006900000000000017,0.1082520839991048,1,0,22,0.0,0.04,0.8165376782417297
MaxLoss,5,0.0,0.3,200,21,2100,900,25,0,25,0.02055755432229489,0.006900000000000017,0.1104395420406945,1,0,22,0.0,0.04,0.8165376782417297
PU-C,5,0.0,0.3,50,21,2100,900,25,0,25,0.02055755432229489,0.006900000000000017,0.1121767500299029,1,0,22,0.0,0.04,0.8597123026847839
PU-C,5,0.0,0.3,100,21,2100,900,25,0,25,0.02055755432229489,0.006900000000000017,0.11436595901614055,1,0,22,0.0,0.04,0.8597123026847839
PU-C,5,0.0,0.3,200,21,2100,900,25,0,25,0.02055755432229489,0.006900000000000017,0.11659804201917723,1,0,22,0.0,0.04,0.8597123026847839
PU-F,5,0.0,0.3,50,12,2100,900,16,0,16,0.014772376918699592,0.0030999999999999917,0.1040359580074437,1,0,13,0.0,0.0625,0.7559754848480225
PU-F,5,0.0,0.3,100,12,2100,900,16,0,16,0.014772376918699592,0.0030999999999999917,0.10611774999415502,1,0,13,0.0,0.0625,0.7559754848480225
PU-F,5,0.0,0.3,200,12,2100,900,16,0,16,0.014772376918699592,0.0030999999999999917,0.1086115000071004,1,0,13,0.0,0.0625,0.7559754848480225
PU-G,5,0.0,0.3,50,29,2100,900,33,0,33,0.025494333414826542,0.007099999999999995,0.12417133298004046,1,0,30,0.0,0.030303030303030304,0.8390981554985046
PU-G,5,0.0,0.3,100,29,2100,900,33,0,33,0.025494333414826542,0.007099999999999995,0.12650845799362287,1,0,30,0.0,0.030303030303030304,0.8390981554985046
PU-G,5,0.0,0.3,200,29,2100,900,33,0,33,0.025494333414826542,0.007099999999999995,0.12860999995609745,1,0,30,0.0,0.030303030303030304,0.8390981554985046
MaxLoss,5,0.0,0.4,50,4,1800,1200,8,0,8,0.010781854740343988,0.0029000000000000137,0.11209641600726172,1,0,5,0.0,0.0,0.6588582396507263
MaxLoss,5,0.0,0.4,100,4,1800,1200,8,0,8,0.010781854740343988,0.0029000000000000137,0.11426250002114102,1,0,5,0.0,0.0,0.6588582396507263
MaxLoss,5,0.0,0.4,200,4,1800,1200,8,0,8,0.010781854740343988,0.0029000000000000137,0.11638854100601748,1,0,5,0.0,0.0,0.6588582396507263
PU-C,5,0.0,0.4,50,23,1800,1200,27,0,27,0.025421789032407105,0.007600000000000051,0.13629649998620152,1,0,24,0.0,0.0,0.8394508361816406
PU-C,5,0.0,0.4,100,23,1800,1200,27,0,27,0.025421789032407105,0.007600000000000051,0.13837608299218118,1,0,24,0.0,0.0,0.8394508361816406
PU-C,5,0.0,0.4,200,23,1800,1200,27,0,27,0.025421789032407105,0.007600000000000051,0.14021137496456504,1,0,24,0.0,0.0,0.8394508361816406
PU-F,5,0.0,0.4,50,25,1800,1200,29,0,29,0.026864898565690964,0.008399999999999963,0.140204708033707,1,0,26,0.0,0.0,0.8362754583358765
PU-F,5,0.0,0.4,100,25,1800,1200,29,0,29,0.026864898565690964,0.008399999999999963,0.14240458304993808,1,0,26,0.0,0.0,0.8362754583358765
PU-F,5,0.0,0.4,200,25,1800,1200,29,0,29,0.026864898565690964,0.008399999999999963,0.14488750003511086,1,0,26,0.0,0.0,0.8362754583358765
PU-G,5,0.0,0.4,50,23,1800,1200,27,0,27,0.025421789032407105,0.008700000000000041,0.13828999997349456,1,0,24,0.0,0.0,0.7432472109794617
PU-G,5,0.0,0.4,100,23,1800,1200,27,0,27,0.025421789032407105,0.008700000000000041,0.1406179160112515,1,0,24,0.0,0.0,0.7432472109794617
PU-G,5,0.0,0.4,200,23,1800,1200,27,0,27,0.025421789032407105,0.008700000000000041,0.14280416601104662,1,0,24,0.0,0.0,0.7432472109794617
MaxLoss,5,0.0,0.5,50,11,1500,1500,15,0,15,0.019722751749213785,0.007800000000000029,0.13915237499168143,1,0,12,0.0,0.06666666666666667,0.8100554943084717
MaxLoss,5,0.0,0.5,100,11,1500,1500,15,0,15,0.019722751749213785,0.007800000000000029,0.14150441699894145,1,0,12,0.0,0.06666666666666667,0.8100554943084717
MaxLoss,5,0.0,0.5,200,11,1500,1500,15,0,15,0.019722751749213785,0.007800000000000029,0.14386679203016683,1,0,12,0.0,0.06666666666666667,0.8100554943084717
PU-C,5,0.0,0.5,50,15,1500,1500,19,0,19,0.023395154566969723,0.009199999999999986,0.14840741601074114,1,0,16,0.0,0.05263157894736842,0.8014401197433472
PU-C,5,0.0,0.5,100,15,1500,1500,19,0,19,0.023395154566969723,0.009199999999999986,0.15072666597552598,1,0,16,0.0,0.05263157894736842,0.8014401197433472
PU-C,5,0.0,0.5,200,15,1500,1500,19,0,19,0.023395154566969723,0.009199999999999986,0.15295566600980237,1,0,16,0.0,0.05263157894736842,0.8014401197433472
PU-F,5,0.0,0.5,50,4,1500,1500,8,0,8,0.012929739721585065,0.0048000000000000265,0.13912137498846278,1,0,5,0.0,0.125,0.6416088938713074
PU-F,5,0.0,0.5,100,4,1500,1500,8,0,8,0.012929739721585065,0.0048000000000000265,0.14174304099287838,1,0,5,0.0,0.125,0.6416088938713074
PU-F,5,0.0,0.5,200,4,1500,1500,8,0,8,0.012929739721585065,0.0048000000000000265,0.14374112494988367,1,0,5,0.0,0.125,0.6416088938713074
PU-G,5,0.0,0.5,50,8,1500,1500,12,0,12,0.0168832708732225,0.005700000000000038,0.1436447500018403,1,0,9,0.0,0.08333333333333333,0.7215995192527771
PU-G,5,0.0,0.5,100,8,1500,1500,12,0,12,0.0168832708732225,0.005700000000000038,0.1458840420236811,1,0,9,0.0,0.08333333333333333,0.7215995192527771
PU-G,5,0.0,0.5,200,8,1500,1500,12,0,12,0.0168832708732225,0.005700000000000038,0.1481137920054607,1,0,9,0.0,0.08333333333333333,0.7215995192527771
MaxLoss,5,0.0,0.6,50,8,1200,1800,12,0,12,0.02108020952437073,0.005099999999999993,0.16553758300142363,1,0,9,0.0,0.0,0.7247719764709473
MaxLoss,5,0.0,0.6,100,8,1200,1800,12,0,12,0.02108020952437073,0.005099999999999993,0.16780699999071658,1,0,9,0.0,0.0,0.7247719764709473
MaxLoss,5,0.0,0.6,200,8,1200,1800,12,0,12,0.02108020952437073,0.005099999999999993,0.1699510409962386,1,0,9,0.0,0.0,0.7247719764709473
PU-C,5,0.0,0.6,50,10,1200,1800,14,0,14,0.023453966539818794,0.005199999999999982,0.1701849169912748,1,0,11,0.0,0.0,0.7103981375694275
PU-C,5,0.0,0.6,100,10,1200,1800,14,0,14,0.023453966539818794,0.005199999999999982,0.1722600829671137,1,0,11,0.0,0.0,0.7103981375694275
PU-C,5,0.0,0.6,200,10,1200,1800,14,0,14,0.023453966539818794,0.005199999999999982,0.1743819999974221,1,0,11,0.0,0.0,0.7103981375694275
PU-F,5,0.0,0.6,50,12,1200,1800,16,0,16,0.025781950331293046,0.0043999999999999595,0.17259229096816853,1,0,13,0.0,0.0,0.7640141248703003
PU-F,5,0.0,0.6,100,12,1200,1800,16,0,16,0.025781950331293046,0.0043999999999999595,0.17501429101685062,1,0,13,0.0,0.0,0.7640141248703003
PU-F,5,0.0,0.6,200,12,1200,1800,16,0,16,0.025781950331293046,0.0043999999999999595,0.17729704099474475,1,0,13,0.0,0.0,0.7640141248703003
PU-G,5,0.0,0.6,50,12,1200,1800,16,0,16,0.025781950331293046,0.0027000000000000357,0.1720135830109939,1,0,13,0.0,0.0,0.6049616932868958
PU-G,5,0.0,0.6,100,12,1200,1800,16,0,16,0.025781950331293046,0.0027000000000000357,0.17464941699290648,1,0,13,0.0,0.0,0.6049616932868958
PU-G,5,0.0,0.6,200,12,1200,1800,16,0,16,0.025781950331293046,0.0027000000000000357,0.17679704201873392,1,0,13,0.0,0.0,0.6049616932868958
MaxLoss,5,0.0,0.7,50,5,900,2100,9,0,9,0.023171695414930582,0.0040999999999999925,0.19090158300241455,1,0,6,0.0,0.0,0.6496967673301697
MaxLoss,5,0.0,0.7,100,5,900,2100,9,0,9,0.023171695414930582,0.0040999999999999925,0.1934272910002619,1,0,6,0.0,0.0,0.6496967673301697
MaxLoss,5,0.0,0.7,200,5,900,2100,9,0,9,0.023171695414930582,0.0040999999999999925,0.19598795799538493,1,0,6,0.0,0.0,0.6496967673301697
PU-C,5,0.0,0.7,50,4,900,2100,8,0,8,0.021493067673873156,0.005700000000000038,0.23630737501662225,1,0,5,0.0,0.0,0.6274660229682922
PU-C,5,0.0,0.7,100,4,900,2100,8,0,8,0.021493067673873156,0.005700000000000038,0.238822249986697,1,0,5,0.0,0.0,0.6274660229682922
PU-C,5,0.0,0.7,200,4,900,2100,8,0,8,0.021493067673873156,0.005700000000000038,0.24167579197091982,1,0,5,0.0,0.0,0.6274660229682922
PU-F,5,0.0,0.7,50,4,900,2100,8,0,8,0.021493067673873156,0.005900000000000016,0.204029124986846,1,0,5,0.0,0.0,0.5853601098060608
PU-F,5,0.0,0.7,100,4,900,2100,8,0,8,0.021493067673873156,0.005900000000000016,0.20702837500721216,1,0,5,0.0,0.0,0.5853601098060608
PU-F,5,0.0,0.7,200,4,900,2100,8,0,8,0.021493067673873156,0.005900000000000016,0.2101972919772379,1,0,5,0.0,0.0,0.5853601098060608
PU-G,5,0.0,0.7,50,4,900,2100,8,0,8,0.021493067673873156,0.008199999999999985,0.19792345800669864,1,0,5,0.0,0.0,0.5591328740119934
PU-G,5,0.0,0.7,100,4,900,2100,8,0,8,0.021493067673873156,0.008199999999999985,0.2002907499554567,1,0,5,0.0,0.0,0.5591328740119934
PU-G,5,0.0,0.7,200,4,900,2100,8,0,8,0.021493067673873156,0.008199999999999985,0.20199420797871426,1,0,5,0.0,0.0,0.5591328740119934
MaxLoss,5,0.0,0.8,50,0,600,2400,4,0,4,0.021501237817574292,0.0036000000000000476,0.20475966698722914,1,0,1,0.0,0.5,0.33305349946022034
MaxLoss,5,0.0,0.8,100,0,600,2400,4,0,4,0.021501237817574292,0.0036000000000000476,0.20739258301910013,1,0,1,0.0,0.5,0.33305349946022034
MaxLoss,5,0.0,0.8,200,0,600,2400,4,0,4,0.021501237817574292,0.0036000000000000476,0.20953233301406726,1,0,1,0.0,0.5,0.33305349946022034
PU-C,5,0.0,0.8,50,1,600,2400,5,0,5,0.024279373232275248,0.0028000000000000247,0.20378075004555285,1,0,2,0.0,0.4,0.4557892382144928
PU-C,5,0.0,0.8,100,1,600,2400,5,0,5,0.024279373232275248,0.0028000000000000247,0.206171500030905,1,0,2,0.0,0.4,0.4557892382144928
PU-C,5,0.0,0.8,200,1,600,2400,5,0,5,0.024279373232275248,0.0028000000000000247,0.20855137502076104,1,0,2,0.0,0.4,0.4557892382144928
PU-F,5,0.0,0.8,50,4,600,2400,8,0,8,0.03213391738245264,0.0033999999999999586,0.20665537496097386,1,0,5,0.0,0.25,0.6088271141052246
PU-F,5,0.0,0.8,100,4,600,2400,8,0,8,0.03213391738245264,0.0033999999999999586,0.20954708300996572,1,0,5,0.0,0.25,0.6088271141052246
PU-F,5,0.0,0.8,200,4,600,2400,8,0,8,0.03213391738245264,0.0033999999999999586,0.211470415990334,1,0,5,0.0,0.25,0.6088271141052246
PU-G,5,0.0,0.8,50,3,600,2400,7,0,7,0.029579319758340716,0.005299999999999971,0.21785183297470212,1,0,4,0.0,0.2857142857142857,0.5984904766082764
PU-G,5,0.0,0.8,100,3,600,2400,7,0,7,0.029579319758340716,0.005299999999999971,0.219728333002422,1,0,4,0.0,0.2857142857142857,0.5984904766082764
PU-G,5,0.0,0.8,200,3,600,2400,7,0,7,0.029579319758340716,0.005299999999999971,0.22237208299338818,1,0,4,0.0,0.2857142857142857,0.5984904766082764
MaxLoss,5,0.4,0.0,50,50,3000,0,54,562,616,0.23137355543440208,0.16259999999999997,0.0636800000211224,0,0,51,0.3333333333333333,0.35185185185185186,0.8304461240768433
MaxLoss,5,0.4,0.0,100,100,3000,0,104,443,547,0.20717629184946418,0.12890000000000001,0.1286922920262441,0,0,101,0.2692307692307692,0.41346153846153844,0.8398067355155945
MaxLoss,5,0.4,0.0,200,200,3000,0,204,154,358,0.14007576100993901,0.028800000000000048,0.31168383301701397,0,1,201,0.25,0.3627450980392157,0.4400385022163391
PU-C,5,0.4,0.0,50,50,3000,0,54,512,566,0.2138529270887375,0.14049999999999996,0.46894566697301343,0,0,51,0.2777777777777778,0.2962962962962963,0.7694585919380188
PU-C,5,0.4,0.0,100,100,3000,0,104,416,520,0.19766947941388935,0.1199,0.8426361249876209,0,0,101,0.2980769230769231,0.34615384615384615,0.7477181553840637
PU-C,5,0.4,0.0,200,200,3000,0,204,326,530,0.2011931817396544,0.10329999999999995,1.5631821670103818,0,1,201,0.29411764705882354,0.38235294117647056,0.47314754128456116
PU-F,5,0.4,0.0,50,50,3000,0,54,451,505,0.19237787678139284,0.10499999999999998,0.8889309579972178,0,0,51,0.2962962962962963,0.35185185185185186,0.7508098483085632
PU-F,5,0.4,0.0,100,100,3000,0,104,455,559,0.21139436279190704,0.10880000000000001,1.700309332984034,0,0,101,0.25961538461538464,0.33653846153846156,0.7604231238365173
PU-F,5,0.4,0.0,200,200,3000,0,204,233,437,0.16829134989529848,0.05910000000000004,3.6656384579837322,0,1,201,0.20098039215686275,0.27941176470588236,0.43427562713623047
PU-G,5,0.4,0.0,50,50,3000,0,54,442,496,0.18919934157747775,0.11819999999999997,0.5561500829644501,0,0,51,0.2962962962962963,0.37037037037037035,0.698473334312439
PU-G,5,0.4,0.0,100,100,3000,0,104,352,456,0.17503842012956738,0.08360000000000001,1.2623826249619015,0,0,101,0.25961538461538464,0.33653846153846156,0.7276212573051453
PU-G,5,0.4,0.0,200,200,3000,0,204,292,496,0.18919934157747775,0.06640000000000001,3.3527184579870664,0,1,201,0.2107843137254902,0.29901960784313725,0.4991137981414795
MaxLoss,5,0.4,0.1,50,50,2700,300,54,470,524,0.2208549691713415,0.15369999999999995,0.27304166700923815,0,0,51,0.3888888888888889,0.4444444444444444,0.8898563981056213
MaxLoss,5,0.4,0.1,100,100,2700,300,104,373,477,0.20245795790106058,0.1259,0.33429825003258884,0,0,101,0.25961538461538464,0.40384615384615385,0.890304446220398
MaxLoss,5,0.4,0.1,200,200,2700,300,204,232,436,0.18633615277940407,0.07779999999999998,0.5166654590284452,0,1,201,0.27450980392156865,0.35294117647058826,0.5722494125366211
PU-C,5,0.4,0.1,50,50,2700,300,54,527,581,0.2430578840430826,0.17379999999999995,0.4585555419907905,0,0,51,0.37037037037037035,0.3888888888888889,0.8547064661979675
PU-C,5,0.4,0.1,100,100,2700,300,104,412,516,0.21772952465107664,0.1381,0.7718398749711923,0,0,101,0.28846153846153844,0.34615384615384615,0.860199511051178
PU-C,5,0.4,0.1,200,200,2700,300,204,194,398,0.17132619221229106,0.06330000000000002,1.9861754999728873,0,1,201,0.27450980392156865,0.3284313725490196,0.6660322546958923
PU-F,5,0.4,0.1,50,50,2700,300,54,460,514,0.2169477915740572,0.15100000000000002,0.5675047079566866,0,0,51,0.37037037037037035,0.42592592592592593,0.8609734177589417
PU-F,5,0.4,0.1,100,100,2700,300,104,304,408,0.17528291005874053,0.10319999999999996,1.2738627499784343,0,0,101,0.3076923076923077,0.40384615384615385,0.8384706974029541
PU-F,5,0.4,0.1,200,200,2700,300,204,194,398,0.17132619221229106,0.05459999999999998,2.4125327079673298,0,1,201,0.25980392156862747,0.35294117647058826,0.5986208319664001
PU-G,5,0.4,0.1,50,50,2700,300,54,455,509,0.21499280107673258,0.15000000000000002,0.49361616699025035,0,0,51,0.46296296296296297,0.48148148148148145,0.8642051219940186
PU-G,5,0.4,0.1,100,100,2700,300,104,417,521,0.21968320506857708,0.13349999999999995,1.1973234170000069,0,0,101,0.28846153846153844,0.375,0.8469283580780029
PU-G,5,0.4,0.1,200,200,2700,300,204,196,400,0.17211793368915096,0.061799999999999966,2.4746423750184476,0,1,201,0.23039215686274508,0.3284313725490196,0.582227885723114
MaxLoss,5,0.4,0.2,50,50,2400,600,54,458,512,0.24271400441648439,0.1341,0.2553065419779159,0,0,51,0.2777777777777778,0.37037037037037035,0.8053067326545715
MaxLoss,5,0.4,0.2,100,100,2400,600,104,452,556,0.2619619062752463,0.14429999999999998,0.31343500001821667,0,0,101,0.2692307692307692,0.3557692307692308,0.7602633833885193
MaxLoss,5,0.4,0.2,200,200,2400,600,204,209,413,0.19907817000057548,0.07840000000000003,0.47570000000996515,0,1,201,0.2647058823529412,0.3382352941176471,0.6859315633773804
PU-C,5,0.4,0.2,50,50,2400,600,54,474,528,0.24972279876237735,0.14229999999999998,0.3274252089904621,0,0,51,0.3333333333333333,0.37037037037037035,0.8768048882484436
PU-C,5,0.4,0.2,100,100,2400,600,104,395,499,0.2370110102929175,0.1169,0.5760249169543386,0,0,101,0.25961538461538464,0.36538461538461536,0.8929176330566406
PU-C,5,0.4,0.2,200,200,2400,600,204,143,347,0.16968825343064964,0.035499999999999976,1.1877058339887299,0,1,201,0.24019607843137256,0.3137254901960784,0.6999489068984985
PU-F,5,0.4,0.2,50,50,2400,600,54,455,509,0.24139860179275274,0.16790000000000005,0.5183907919563353,0,0,51,0.37037037037037035,0.3888888888888889,0.8826995491981506
PU-F,5,0.4,0.2,100,100,2400,600,104,329,433,0.2079336239839904,0.12490000000000001,1.1622436249745078,0,0,101,0.2692307692307692,0.3173076923076923,0.8710822463035583
PU-F,5,0.4,0.2,200,200,2400,600,204,155,359,0.17505238723242655,0.06579999999999997,2.419547458004672,0,1,201,0.2647058823529412,0.3431372549019608,0.6488359570503235
PU-G,5,0.4,0.2,50,50,2400,600,54,314,368,0.1790692187496461,0.08230000000000004,0.4284029999980703,0,0,51,0.3333333333333333,0.4074074074074074,0.7151826024055481
PU-G,5,0.4,0.2,100,100,2400,600,104,266,370,0.17996113648405299,0.059799999999999964,0.9177566249854863,0,0,101,0.20192307692307693,0.4326923076923077,0.6749984622001648
PU-G,5,0.4,0.2,200,200,2400,600,204,182,386,0.1870874270098284,0.03510000000000002,1.945152749947738,0,1,201,0.1323529411764706,0.3480392156862745,0.5406007170677185
MaxLoss,5,0.4,0.3,50,50,2100,900,54,353,407,0.22398454952053726,0.12580000000000002,0.2638512500561774,0,0,51,0.3148148148148148,0.3888888888888889,0.5623802542686462
MaxLoss,5,0.4,0.3,100,100,2100,900,104,252,356,0.19812736718449742,0.10250000000000004,0.319366000010632,0,0,101,0.36538461538461536,0.41346153846153844,0.5894013047218323
MaxLoss,5,0.4,0.3,200,200,2100,900,204,147,351,0.19558174518169835,0.07230000000000003,0.4783855420537293,0,1,201,0.3284313725490196,0.4264705882352941,0.5707891583442688
PU-C,5,0.4,0.3,50,50,2100,900,54,307,361,0.2006710055284202,0.10389999999999999,0.3368409579852596,0,0,51,0.37037037037037035,0.4444444444444444,0.4793774485588074
PU-C,5,0.4,0.3,100,100,2100,900,104,271,375,0.20778290351154283,0.09909999999999997,0.5422183750197291,0,0,101,0.3942307692307692,0.4519230769230769,0.5285117030143738
PU-C,5,0.4,0.3,200,200,2100,900,204,125,329,0.1843565944582224,0.07050000000000001,1.1630190000287257,0,1,201,0.30392156862745096,0.4068627450980392,0.3941391408443451
PU-F,5,0.4,0.3,50,50,2100,900,54,230,284,0.16126092645572498,0.06689999999999996,0.43576424999628216,0,0,51,0.2962962962962963,0.46296296296296297,0.5943061113357544
PU-F,5,0.4,0.3,100,100,2100,900,104,168,272,0.15506813558749855,0.05069999999999997,0.6563814170076512,0,0,101,0.3557692307692308,0.47115384615384615,0.5656018853187561
PU-F,5,0.4,0.3,200,200,2100,900,204,110,314,0.17667913727927953,0.044499999999999984,1.4257512079784647,0,1,201,0.27941176470588236,0.39705882352941174,0.5024263858795166
PU-G,5,0.4,0.3,50,50,2100,900,54,131,185,0.10963275155518204,0.02180000000000004,0.37226341699715704,0,0,51,0.3148148148148148,0.46296296296296297,0.7692429423332214
PU-G,5,0.4,0.3,100,100,2100,900,104,158,262,0.14989548362791538,0.056400000000000006,0.5839762089890428,0,0,101,0.4519230769230769,0.5384615384615384,0.6991924047470093
PU-G,5,0.4,0.3,200,200,2100,900,204,127,331,0.18537875392939895,0.0363,1.4519500419846736,0,1,201,0.24019607843137256,0.3382352941176471,0.6078382730484009
MaxLoss,5,0.4,0.4,50,50,1800,1200,54,167,221,0.14967905211960897,0.06910000000000005,0.2867068749619648,0,0,51,0.35185185185185186,0.37037037037037035,0.4865666925907135
MaxLoss,5,0.4,0.4,100,100,1800,1200,104,136,240,0.16120457235956565,0.07010000000000005,0.3361932919942774,0,0,101,0.375,0.41346153846153844,0.5041053295135498
MaxLoss,5,0.4,0.4,200,200,1800,1200,204,163,367,0.23701208422426134,0.10640000000000005,0.4798639589571394,0,1,201,0.3431372549019608,0.43137254901960786,0.47761136293411255
PU-C,5,0.4,0.4,50,50,1800,1200,54,199,253,0.1690580239519477,0.1018,0.3369703749776818,0,0,51,0.35185185185185186,0.3888888888888889,0.7946149706840515
PU-C,5,0.4,0.4,100,100,1800,1200,104,168,272,0.18049256515223533,0.09399999999999997,0.5296189999789931,0,0,101,0.3076923076923077,0.38461538461538464,0.8099451065063477
PU-C,5,0.4,0.4,200,200,1800,1200,204,56,260,0.17327658308204263,0.0464,0.9467052079853602,0,1,201,0.28921568627450983,0.37745098039215685,0.4512213468551636
PU-F,5,0.4,0.4,50,50,1800,1200,54,145,199,0.13625614310149103,0.051100000000000034,0.42649041704135016,0,0,51,0.2962962962962963,0.37037037037037035,0.7407008409500122
PU-F,5,0.4,0.4,100,100,1800,1200,104,134,238,0.1599940785090439,0.06510000000000005,0.593279207998421,0,0,101,0.2692307692307692,0.36538461538461536,0.7483869194984436
PU-F,5,0.4,0.4,200,200,1800,1200,204,48,252,0.16845479974290356,0.014599999999999946,1.1929788750130683,0,1,201,0.2647058823529412,0.38235294117647056,0.5966998934745789
PU-G,5,0.4,0.4,50,50,1800,1200,54,226,280,0.1852925475104712,0.10229999999999995,0.439314125047531,0,0,51,0.2962962962962963,0.3888888888888889,0.6848025918006897
PU-G,5,0.4,0.4,100,100,1800,1200,104,277,381,0.24526235210942104,0.11709999999999998,0.6685570000554435,0,0,101,0.28846153846153844,0.41346153846153844,0.7058274745941162
PU-G,5,0.4,0.4,200,200,1800,1200,204,45,249,0.16664425266208127,0.015700000000000047,1.4604290830320679,0,1,201,0.24509803921568626,0.35294117647058826,0.4783279597759247
MaxLoss,5,0.4,0.5,50,50,1500,1500,54,168,222,0.17981651553418487,0.09330000000000005,0.30294883297756314,0,0,51,0.42592592592592593,0.5,0.6843692064285278
MaxLoss,5,0.4,0.5,100,100,1500,1500,104,135,239,0.19213019928429276,0.09260000000000002,0.3510202920297161,0,0,101,0.3269230769230769,0.40384615384615385,0.6411281228065491
MaxLoss,5,0.4,0.5,200,200,1500,1500,204,107,311,0.24370382411871105,0.07750000000000001,0.48199412500252947,0,1,201,0.28921568627450983,0.4068627450980392,0.45141735672950745
PU-C,5,0.4,0.5,50,50,1500,1500,54,196,250,0.20006750902393833,0.09809999999999997,0.36667829198995605,0,0,51,0.25925925925925924,0.4074074074074074,0.8087173700332642
PU-C,5,0.4,0.5,100,100,1500,1500,104,131,235,0.18923811620334163,0.0816,0.4486674999934621,0,0,101,0.36538461538461536,0.4423076923076923,0.8454728126525879
PU-C,5,0.4,0.5,200,200,1500,1500,204,54,258,0.20582595362793654,0.041000000000000036,0.7795274999807589,0,1,201,0.29411764705882354,0.43137254901960786,0.5166664719581604
PU-F,5,0.4,0.5,50,50,1500,1500,54,247,301,0.2365908400970511,0.11719999999999997,0.42538008297560737,0,0,51,0.24074074074074073,0.3333333333333333,0.8293448686599731
PU-F,5,0.4,0.5,100,100,1500,1500,104,218,322,0.25151132163591683,0.11229999999999996,0.6547058330033906,0,0,101,0.3076923076923077,0.38461538461538464,0.8376840353012085
PU-F,5,0.4,0.5,200,200,1500,1500,204,31,235,0.18923811620334163,0.018900000000000028,1.3278917919960804,0,1,201,0.23529411764705882,0.3431372549019608,0.6026320457458496
PU-G,5,0.4,0.5,50,50,1500,1500,54,156,210,0.17108776047825813,0.08009999999999995,0.4256438330048695,0,0,51,0.2222222222222222,0.35185185185185186,0.7903921604156494
PU-G,5,0.4,0.5,100,100,1500,1500,104,108,212,0.17254476906964555,0.06610000000000005,0.5673730830312707,0,0,101,0.2692307692307692,0.40384615384615385,0.7863696813583374
PU-G,5,0.4,0.5,200,200,1500,1500,204,88,292,0.2301762904971838,0.07879999999999998,1.1777854580432177,0,1,201,0.22549019607843138,0.39705882352941174,0.7103882431983948
MaxLoss,5,0.4,0.6,50,50,1200,1800,54,124,178,0.1838300662348047,0.07469999999999999,0.3258660000283271,0,0,51,0.42592592592592593,0.5370370370370371,0.7457226514816284
MaxLoss,5,0.4,0.6,100,100,1200,1800,104,81,185,0.19022639485774562,0.0605,0.37379891698947176,0,0,101,0.3557692307692308,0.49038461538461536,0.7704421877861023
MaxLoss,5,0.4,0.6,200,183,1200,1800,187,0,187,0.19205072324257344,0.02429999999999999,0.475462292029988,1,0,184,0.29411764705882354,0.44919786096256686,0.6344947814941406
PU-C,5,0.4,0.6,50,50,1200,1800,54,159,213,0.21564663999015465,0.09450000000000003,0.37801187497098,0,0,51,0.35185185185185186,0.4074074074074074,0.6393693685531616
PU-C,5,0.4,0.6,100,100,1200,1800,104,134,238,0.23814377281814814,0.09019999999999995,0.45433437498286366,0,0,101,0.3557692307692308,0.4519230769230769,0.6149051785469055
PU-C,5,0.4,0.6,200,193,1200,1800,197,0,197,0.20115190133219585,0.034399999999999986,0.6180811249651015,1,0,194,0.2639593908629442,0.40609137055837563,0.462703675031662
PU-F,5,0.4,0.6,50,50,1200,1800,54,129,183,0.18840066209668294,0.07520000000000004,0.4243816250236705,0,0,51,0.25925925925925924,0.42592592592592593,0.6244822144508362
PU-F,5,0.4,0.6,100,100,1200,1800,104,83,187,0.19205072324257344,0.05900000000000005,0.5357787079992704,0,0,101,0.2403846153846154,0.40384615384615385,0.6391846537590027
PU-F,5,0.4,0.6,200,200,1200,1800,204,12,216,0.21835569257382303,0.03259999999999996,0.7753787499968894,0,1,201,0.2696078431372549,0.4068627450980392,0.6727210879325867
PU-G,5,0.4,0.6,50,50,1200,1800,54,80,134,0.143171914271079,0.05989999999999995,0.43345629202667624,0,0,51,0.2222222222222222,0.35185185185185186,0.8821866512298584
PU-G,5,0.4,0.6,100,100,1200,1800,104,50,154,0.16175739711616188,0.04379999999999995,0.5380420419969596,0,0,101,0.20192307692307693,0.3942307692307692,0.863322377204895
PU-G,5,0.4,0.6,200,200,1200,1800,204,10,214,0.21654995391145349,0.048699999999999966,0.7823205000022426,0,1,201,0.2549019607843137,0.4215686274509804,0.7280418872833252
MaxLoss,5,0.4,0.7,50,50,900,2100,54,80,134,0.1898119124234654,0.09760000000000002,0.3631110409623943,0,0,51,0.4074074074074074,0.5555555555555556,0.4348909854888916
MaxLoss,5,0.4,0.7,100,100,900,2100,104,13,117,0.16872133343713358,0.03710000000000002,0.40640312497271225,0,0,101,0.3942307692307692,0.5576923076923077,0.4028080403804779
MaxLoss,5,0.4,0.7,200,120,900,2100,124,0,124,0.17743394314311445,0.03369999999999995,0.4272534159827046,1,0,121,0.3548387096774194,0.5241935483870968,0.3973648250102997
PU-C,5,0.4,0.7,50,50,900,2100,54,56,110,0.15996586723485962,0.0524,0.24389870901359245,0,0,51,0.2962962962962963,0.4444444444444444,0.6970465779304504
PU-C,5,0.4,0.7,100,100,900,2100,104,38,142,0.19966048968490213,0.057699999999999974,0.30613366700708866,0,0,101,0.3173076923076923,0.4807692307692308,0.7050915360450745
PU-C,5,0.4,0.7,200,150,900,2100,154,0,154,0.21435099828522652,0.04930000000000001,0.3843902090447955,1,0,151,0.2922077922077922,0.461038961038961,0.6578413844108582
PU-F,5,0.4,0.7,50,50,900,2100,54,90,144,0.2021155854454264,0.07769999999999999,0.4273392080212943,0,0,51,0.3148148148148148,0.37037037037037035,0.803468644618988
PU-F,5,0.4,0.7,100,100,900,2100,104,39,143,0.2008883812231943,0.04169999999999996,0.5166938329930417,0,0,101,0.3269230769230769,0.49038461538461536,0.8200519680976868
PU-F,5,0.4,0.7,200,163,900,2100,167,0,167,0.2301632518065162,0.02639999999999998,0.6329637499875389,1,0,164,0.2754491017964072,0.46107784431137727,0.6262338161468506
PU-G,5,0.4,0.7,50,50,900,2100,54,70,124,0.17743394314311445,0.06430000000000002,0.41803970898035914,0,0,51,0.25925925925925924,0.37037037037037035,0.7692394852638245
PU-G,5,0.4,0.7,100,100,900,2100,104,48,152,0.21190912049496546,0.04959999999999998,0.5204623339814134,0,0,101,0.27884615384615385,0.4423076923076923,0.7733246088027954
PU-G,5,0.4,0.7,200,200,900,2100,204,4,208,0.2794281770475209,0.02059999999999995,0.7268836249713786,0,1,201,0.21568627450980393,0.4166666666666667,0.6259229183197021
MaxLoss,5,0.4,0.8,50,50,600,2400,54,12,66,0.15428020007675514,0.06579999999999997,0.36266624997369945,0,0,51,0.3333333333333333,0.5,0.6636915802955627
MaxLoss,5,0.4,0.8,100,68,600,2400,72,0,72,0.16587713174521923,0.059599999999999986,0.3778462919872254,1,0,69,0.3055555555555556,0.4861111111111111,0.6726433634757996
MaxLoss,5,0.4,0.8,200,68,600,2400,72,0,72,0.16587713174521923,0.059599999999999986,0.380295125010889,1,0,69,0.3055555555555556,0.4861111111111111,0.6726433634757996
PU-C,5,0.4,0.8,50,50,600,2400,54,32,86,0.19258594751590863,0.05569999999999997,0.25146270799450576,0,0,51,0.2777777777777778,0.4074074074074074,0.8087981343269348
PU-C,5,0.4,0.8,100,85,600,2400,89,0,89,0.19825265364488587,0.06730000000000003,0.2894010000163689,1,0,86,0.24719101123595505,0.4157303370786517,0.8159522414207458
PU-C,5,0.4,0.8,200,85,600,2400,89,0,89,0.19825265364488587,0.06730000000000003,0.29171187500469387,1,0,86,0.24719101123595505,0.4157303370786517,0.8159522414207458
PU-F,5,0.4,0.8,50,50,600,2400,54,31,85,0.19069288240280002,0.057499999999999996,0.26830754202092066,0,0,51,0.3148148148148148,0.42592592592592593,0.751397430896759
PU-F,5,0.4,0.8,100,87,600,2400,91,0,91,0.20202032779343426,0.06640000000000001,0.31523100001504645,1,0,88,0.24175824175824176,0.4175824175824176,0.7252370715141296
PU-F,5,0.4,0.8,200,87,600,2400,91,0,91,0.20202032779343426,0.06640000000000001,0.31770508404588327,1,0,88,0.24175824175824176,0.4175824175824176,0.7252370715141296
PU-G,5,0.4,0.8,50,50,600,2400,54,30,84,0.1887976871803403,0.0736,0.29026229097507894,0,0,51,0.18518518518518517,0.3333333333333333,0.7820378541946411
PU-G,5,0.4,0.8,100,88,600,2400,92,0,92,0.20390120532829314,0.05679999999999996,0.33923474996117875,1,0,89,0.1956521739130435,0.34782608695652173,0.7898460030555725
PU-G,5,0.4,0.8,200,88,600,2400,92,0,92,0.20390120532829314,0.05679999999999996,0.3417760409647599,1,0,89,0.1956521739130435,0.34782608695652173,0.7898460030555725
MaxLoss,6,0.0,0.0,50,50,3000,0,54,23,77,0.03581643110373989,0.016800000000000037,0.07272779202321544,0,0,51,0.0,0.37037037037037035,0.860320508480072
MaxLoss,6,0.0,0.0,100,88,3000,0,92,0,92,0.041701713809743524,0.013000000000000012,0.13018191698938608,1,0,89,0.0,0.21739130434782608,0.8276789784431458
MaxLoss,6,0.0,0.0,200,88,3000,0,92,0,92,0.041701713809743524,0.013000000000000012,0.13273470901185647,1,0,89,0.0,0.21739130434782608,0.8276789784431458
PU-C,6,0.0,0.0,50,50,3000,0,54,119,173,0.0725245603825897,0.03610000000000002,0.1006627079914324,0,0,51,0.0,0.3333333333333333,0.8593124151229858
PU-C,6,0.0,0.0,100,100,3000,0,104,34,138,0.059359475679229945,0.021199999999999997,0.19376816699514166,0,0,101,0.0,0.22115384615384615,0.8631044030189514
PU-C,6,0.0,0.0,200,111,3000,0,115,0,115,0.05059218790847808,0.01739999999999997,0.21638479200191796,1,0,112,0.0,0.21739130434782608,0.8623723387718201
PU-F,6,0.0,0.0,50,50,3000,0,54,72,126,0.05479860055493191,0.03080000000000005,0.19996487500611693,0,0,51,0.0,0.3333333333333333,0.8229169845581055
PU-F,6,0.0,0.0,100,100,3000,0,104,23,127,0.055179738090373576,0.020100000000000007,0.32764629198936746,0,0,101,0.0,0.21153846153846154,0.7855918407440186
PU-F,6,0.0,0.0,200,130,3000,0,134,0,134,0.0578422054531984,0.006700000000000039,0.3969519999809563,1,0,131,0.0,0.2462686567164179,0.7825992107391357
PU-G,6,0.0,0.0,50,50,3000,0,54,145,199,0.08219695603474975,0.036699999999999955,0.21521008299896494,0,0,51,0.0,0.18518518518518517,0.7362277507781982
PU-G,6,0.0,0.0,100,100,3000,0,104,62,166,0.06990600907010958,0.022199999999999998,0.34937970800092444,0,0,101,0.0,0.2692307692307692,0.7550849318504333
PU-G,6,0.0,0.0,200,148,3000,0,152,0,152,0.06464810745092109,0.0047000000000000375,0.46063454198883846,1,0,149,0.0,0.2631578947368421,0.6426711678504944
MaxLoss,6,0.0,0.1,50,50,2700,300,54,31,85,0.04326956678414717,0.019399999999999973,0.20115074998466298,0,0,51,0.0,0.2777777777777778,0.9213858842849731
MaxLoss,6,0.0,0.1,100,65,2700,300,69,0,69,0.03624958673026413,0.009299999999999975,0.2502228330122307,1,0,66,0.0,0.2463768115942029,0.9205164909362793
MaxLoss,6,0.0,0.1,200,65,2700,300,69,0,69,0.03624958673026413,0.009299999999999975,0.2526887499843724,1,0,66,0.0,0.2463768115942029,0.9205164909362793
PU-C,6,0.0,0.1,50,50,2700,300,54,8,62,0.03313811658881605,0.011700000000000044,0.10459579201415181,0,0,51,0.0,0.2222222222222222,0.9141070246696472
PU-C,6,0.0,0.1,100,62,2700,300,66,0,66,0.0349194910377264,0.010700000000000043,0.12295683397678658,1,0,63,0.0,0.25757575757575757,0.9153321385383606
PU-C,6,0.0,0.1,200,62,2700,300,66,0,66,0.0349194910377264,0.010700000000000043,0.12502983398735523,1,0,63,0.0,0.25757575757575757,0.9153321385383606
PU-F,6,0.0,0.1,50,50,2700,300,54,44,98,0.0488973751780577,0.01739999999999997,0.13020987500203773,0,0,51,0.0,0.2962962962962963,0.9009809494018555
PU-F,6,0.0,0.1,100,75,2700,300,79,0,79,0.04065049049677327,0.006199999999999983,0.17398408299777657,1,0,76,0.0,0.2911392405063291,0.9148101210594177
PU-F,6,0.0,0.1,200,75,2700,300,79,0,79,0.04065049049677327,0.006199999999999983,0.1761941659497097,1,0,76,0.0,0.2911392405063291,0.9148101210594177
PU-G,6,0.0,0.1,50,50,2700,300,54,37,91,0.04587448464008048,0.015700000000000047,0.12273091601673514,0,0,51,0.0,0.2777777777777778,0.8785477876663208
PU-G,6,0.0,0.1,100,55,2700,300,59,0,59,0.03179569693747908,0.0031999999999999806,0.13315945799695328,1,0,56,0.0,0.288135593220339,0.9073106050491333
PU-G,6,0.0,0.1,200,55,2700,300,59,0,59,0.03179569693747908,0.0031999999999999806,0.13546108303125948,1,0,56,0.0,0.288135593220339,0.9073106050491333
MaxLoss,6,0.0,0.2,50,50,2400,600,54,6,60,0.036252003570552915,0.009800000000000031,0.10724787501385435,0,0,51,0.0,0.2777777777777778,0.9104049801826477
MaxLoss,6,0.0,0.2,100,58,2400,600,62,0,62,0.0372571304324083,0.009199999999999986,0.1176130420062691,1,0,59,0.0,0.2903225806451613,0.9131077527999878
MaxLoss,6,0.0,0.2,200,58,2400,600,62,0,62,0.0372571304324083,0.009199999999999986,0.11976183403749019,1,0,59,0.0,0.2903225806451613,0.9131077527999878
PU-C,6,0.0,0.2,50,38,2400,600,42,0,42,0.02705520042218268,0.005099999999999993,0.10471487499307841,1,0,39,0.0,0.23809523809523808,0.8974909782409668
PU-C,6,0.0,0.2,100,38,2400,600,42,0,42,0.02705520042218268,0.005099999999999993,0.10693887498928234,1,0,39,0.0,0.23809523809523808,0.8974909782409668
PU-C,6,0.0,0.2,200,38,2400,600,42,0,42,0.02705520042218268,0.005099999999999993,0.10907929198583588,1,0,39,0.0,0.23809523809523808,0.8974909782409668
PU-F,6,0.0,0.2,50,48,2400,600,52,0,52,0.032201003341469914,0.007399999999999962,0.12990087497746572,1,0,49,0.0,0.21153846153846154,0.8684949278831482
PU-F,6,0.0,0.2,100,48,2400,600,52,0,52,0.032201003341469914,0.007399999999999962,0.1322715840069577,1,0,49,0.0,0.21153846153846154,0.8684949278831482
PU-F,6,0.0,0.2,200,48,2400,600,52,0,52,0.032201003341469914,0.007399999999999962,0.13488720898749307,1,0,49,0.0,0.21153846153846154,0.8684949278831482
PU-G,6,0.0,0.2,50,50,2400,600,54,19,73,0.04273886897135526,0.014499999999999957,0.13788229099009186,0,0,51,0.0,0.2777777777777778,0.8615732789039612
PU-G,6,0.0,0.2,100,79,2400,600,83,0,83,0.04766377422492951,0.010700000000000043,0.1845545829855837,1,0,80,0.0,0.27710843373493976,0.8655422925949097
PU-G,6,0.0,0.2,200,79,2400,600,83,0,83,0.04766377422492951,0.010700000000000043,0.18712645798223093,1,0,80,0.0,0.27710843373493976,0.8655422925949097
MaxLoss,6,0.0,0.3,50,12,2100,900,16,0,16,0.014772376918699592,0.0040000000000000036,0.09684354200726375,1,0,13,0.0,0.1875,0.6913062930107117
MaxLoss,6,0.0,0.3,100,12,2100,900,16,0,16,0.014772376918699592,0.0040000000000000036,0.09903899999335408,1,0,13,0.0,0.1875,0.6913062930107117
MaxLoss,6,0.0,0.3,200,12,2100,900,16,0,16,0.014772376918699592,0.0040000000000000036,0.10093754198169336,1,0,13,0.0,0.1875,0.6913062930107117
PU-C,6,0.0,0.3,50,31,2100,900,35,0,35,0.02670720242895186,0.006099999999999994,0.12600300001213327,1,0,32,0.0,0.14285714285714285,0.8530154228210449
PU-C,6,0.0,0.3,100,31,2100,900,35,0,35,0.02670720242895186,0.006099999999999994,0.12842479097889736,1,0,32,0.0,0.14285714285714285,0.8530154228210449
PU-C,6,0.0,0.3,200,31,2100,900,35,0,35,0.02670720242895186,0.006099999999999994,0.13062745798379183,1,0,32,0.0,0.14285714285714285,0.8530154228210449
PU-F,6,0.0,0.3,50,17,2100,900,21,0,21,0.01802432123804465,0.0039000000000000146,0.11032725003315136,1,0,18,0.0,0.23809523809523808,0.729252278804779
PU-F,6,0.0,0.3,100,17,2100,900,21,0,21,0.01802432123804465,0.0039000000000000146,0.1126620420254767,1,0,18,0.0,0.23809523809523808,0.729252278804779
PU-F,6,0.0,0.3,200,17,2100,900,21,0,21,0.01802432123804465,0.0039000000000000146,0.11507975001586601,1,0,18,0.0,0.23809523809523808,0.729252278804779
PU-G,6,0.0,0.3,50,49,2100,900,53,0,53,0.037355240201577544,0.008499999999999952,0.15298041701316833,1,0,50,0.0,0.2641509433962264,0.8923598527908325
PU-G,6,0.0,0.3,100,49,2100,900,53,0,53,0.037355240201577544,0.008499999999999952,0.15525825001532212,1,0,50,0.0,0.2641509433962264,0.8923598527908325
PU-G,6,0.0,0.3,200,49,2100,900,53,0,53,0.037355240201577544,0.008499999999999952,0.15734283399069682,1,0,50,0.0,0.2641509433962264,0.8923598527908325
MaxLoss,6,0.0,0.4,50,16,1800,1200,20,0,20,0.020266207866370678,0.00660000000000005,0.12352012499468401,1,0,17,0.0,0.2,0.829317033290863
MaxLoss,6,0.0,0.4,100,16,1800,1200,20,0,20,0.020266207866370678,0.00660000000000005,0.12575295800343156,1,0,17,0.0,0.2,0.829317033290863
MaxLoss,6,0.0,0.4,200,16,1800,1200,20,0,20,0.020266207866370678,0.00660000000000005,0.1279466660344042,1,0,17,0.0,0.2,0.829317033290863
PU-C,6,0.0,0.4,50,29,1800,1200,33,0,33,0.02971941459691152,0.008600000000000052,0.14309625001624227,1,0,30,0.0,0.21212121212121213,0.8446689248085022
PU-C,6,0.0,0.4,100,29,1800,1200,33,0,33,0.02971941459691152,0.008600000000000052,0.1454410000005737,1,0,30,0.0,0.21212121212121213,0.8446689248085022
PU-C,6,0.0,0.4,200,29,1800,1200,33,0,33,0.02971941459691152,0.008600000000000052,0.1473678750335239,1,0,30,0.0,0.21212121212121213,0.8446689248085022
PU-F,6,0.0,0.4,50,22,1800,1200,26,0,26,0.024695796193554997,0.0037000000000000366,0.14041183301014826,1,0,23,0.0,0.2692307692307692,0.8046227097511292
PU-F,6,0.0,0.4,100,22,1800,1200,26,0,26,0.024695796193554997,0.0037000000000000366,0.1424937910051085,1,0,23,0.0,0.2692307692307692,0.8046227097511292
PU-F,6,0.0,0.4,200,22,1800,1200,26,0,26,0.024695796193554997,0.0037000000000000366,0.1444908749544993,1,0,23,0.0,0.2692307692307692,0.8046227097511292
PU-G,6,0.0,0.4,50,31,1800,1200,35,0,35,0.03113263612613082,0.007099999999999995,0.14965408301213756,1,0,32,0.0,0.17142857142857143,0.8404598236083984
PU-G,6,0.0,0.4,100,31,1800,1200,35,0,35,0.03113263612613082,0.007099999999999995,0.15183070802595466,1,0,32,0.0,0.17142857142857143,0.8404598236083984
PU-G,6,0.0,0.4,200,31,1800,1200,35,0,35,0.03113263612613082,0.007099999999999995,0.15380466601345688,1,0,32,0.0,0.17142857142857143,0.8404598236083984
MaxLoss,6,0.0,0.5,50,28,1500,1500,32,0,32,0.03477253299206495,0.009099999999999997,0.1533977909712121,1,0,29,0.0,0.28125,0.8357314467430115
MaxLoss,6,0.0,0.5,100,28,1500,1500,32,0,32,0.03477253299206495,0.009099999999999997,0.1558254580013454,1,0,29,0.0,0.28125,0.8357314467430115
MaxLoss,6,0.0,0.5,200,28,1500,1500,32,0,32,0.03477253299206495,0.009099999999999997,0.15781179099576548,1,0,29,0.0,0.28125,0.8357314467430115
PU-C,6,0.0,0.5,50,24,1500,1500,28,0,28,0.03134069964289665,0.0043999999999999595,0.15781283401884139,1,0,25,0.0,0.25,0.8666123747825623
PU-C,6,0.0,0.5,100,24,1500,1500,28,0,28,0.03134069964289665,0.0043999999999999595,0.1599761670222506,1,0,25,0.0,0.25,0.8666123747825623
PU-C,6,0.0,0.5,200,24,1500,1500,28,0,28,0.03134069964289665,0.0043999999999999595,0.16204483399633318,1,0,25,0.0,0.25,0.8666123747825623
PU-F,6,0.0,0.5,50,22,1500,1500,26,0,26,0.02960471750702709,0.0046000000000000485,0.1579487919807434,1,0,23,0.0,0.3076923076923077,0.8469341397285461
PU-F,6,0.0,0.5,100,22,1500,1500,26,0,26,0.02960471750702709,0.0046000000000000485,0.16021883400389925,1,0,23,0.0,0.3076923076923077,0.8469341397285461
PU-F,6,0.0,0.5,200,22,1500,1500,26,0,26,0.02960471750702709,0.0046000000000000485,0.16249608399812132,1,0,23,0.0,0.3076923076923077,0.8469341397285461
PU-G,6,0.0,0.5,50,32,1500,1500,36,0,36,0.03815845097415149,0.0046000000000000485,0.17062450002413243,1,0,33,0.0,0.2777777777777778,0.8232629895210266
PU-G,6,0.0,0.5,100,32,1500,1500,36,0,36,0.03815845097415149,0.0046000000000000485,0.1728772500064224,1,0,33,0.0,0.2777777777777778,0.8232629895210266
PU-G,6,0.0,0.5,200,32,1500,1500,36,0,36,0.03815845097415149,0.0046000000000000485,0.17488562501966953,1,0,33,0.0,0.2777777777777778,0.8232629895210266
MaxLoss,6,0.0,0.6,50,6,1200,1800,10,0,10,0.018649740784894675,0.0048000000000000265,0.16291245800675824,1,0,7,0.0,0.1,0.7099832892417908
MaxLoss,6,0.0,0.6,100,6,1200,1800,10,0,10,0.018649740784894675,0.0048000000000000265,0.16531137499259785,1,0,7,0.0,0.1,0.7099832892417908
MaxLoss,6,0.0,0.6,200,6,1200,1800,10,0,10,0.018649740784894675,0.0048000000000000265,0.16738295799586922,1,0,7,0.0,0.1,0.7099832892417908
PU-C,6,0.0,0.6,50,11,1200,1800,15,0,15,0.024623136851005256,0.005199999999999982,0.16968345898203552,1,0,12,0.0,0.26666666666666666,0.7536816596984863
PU-C,6,0.0,0.6,100,11,1200,1800,15,0,15,0.024623136851005256,0.005199999999999982,0.1719588750274852,1,0,12,0.0,0.26666666666666666,0.7536816596984863
PU-C,6,0.0,0.6,200,11,1200,1800,15,0,15,0.024623136851005256,0.005199999999999982,0.174148750025779,1,0,12,0.0,0.26666666666666666,0.7536816596984863
PU-F,6,0.0,0.6,50,8,1200,1800,12,0,12,0.02108020952437073,0.006700000000000039,0.16770220798207447,1,0,9,0.0,0.25,0.6565669775009155
PU-F,6,0.0,0.6,100,8,1200,1800,12,0,12,0.02108020952437073,0.006700000000000039,0.16987812501611188,1,0,9,0.0,0.25,0.6565669775009155
PU-F,6,0.0,0.6,200,8,1200,1800,12,0,12,0.02108020952437073,0.006700000000000039,0.17190683301305398,1,0,9,0.0,0.25,0.6565669775009155
PU-G,6,0.0,0.6,50,14,1200,1800,18,0,18,0.0280719343572855,0.007499999999999951,0.17462887504370883,1,0,15,0.0,0.1111111111111111,0.7756962776184082
PU-G,6,0.0,0.6,100,14,1200,1800,18,0,18,0.0280719343572855,0.007499999999999951,0.17736225004773587,1,0,15,0.0,0.1111111111111111,0.7756962776184082
PU-G,6,0.0,0.6,200,14,1200,1800,18,0,18,0.0280719343572855,0.007499999999999951,0.17945737502304837,1,0,15,0.0,0.1111111111111111,0.7756962776184082
MaxLoss,6,0.0,0.7,50,11,900,2100,15,0,15,0.03276355308480561,0.0046000000000000485,0.18849433300783858,1,0,12,0.0,0.26666666666666666,0.774283766746521
MaxLoss,6,0.0,0.7,100,11,900,2100,15,0,15,0.03276355308480561,0.0046000000000000485,0.1911223329952918,1,0,12,0.0,0.26666666666666666,0.774283766746521
MaxLoss,6,0.0,0.7,200,11,900,2100,15,0,15,0.03276355308480561,0.0046000000000000485,0.19328258297173306,1,0,12,0.0,0.26666666666666666,0.774283766746521
PU-C,6,0.0,0.7,50,17,900,2100,21,0,21,0.041832362359855324,0.0046000000000000485,0.19825579196913168,1,0,18,0.0,0.23809523809523808,0.8222327828407288
PU-C,6,0.0,0.7,100,17,900,2100,21,0,21,0.041832362359855324,0.0046000000000000485,0.20048191701062024,1,0,18,0.0,0.23809523809523808,0.8222327828407288
PU-C,6,0.0,0.7,200,17,900,2100,21,0,21,0.041832362359855324,0.0046000000000000485,0.20268674998078495,1,0,18,0.0,0.23809523809523808,0.8222327828407288
PU-F,6,0.0,0.7,50,11,900,2100,15,0,15,0.03276355308480561,0.0028000000000000247,0.19381854200037196,1,0,12,0.0,0.26666666666666666,0.7398213744163513
PU-F,6,0.0,0.7,100,11,900,2100,15,0,15,0.03276355308480561,0.0028000000000000247,0.19619629200315103,1,0,12,0.0,0.26666666666666666,0.7398213744163513
PU-F,6,0.0,0.7,200,11,900,2100,15,0,15,0.03276355308480561,0.0028000000000000247,0.1982340000104159,1,0,12,0.0,0.26666666666666666,0.7398213744163513
PU-G,6,0.0,0.7,50,10,900,2100,14,0,14,0.03120950743323192,0.005199999999999982,0.19289395899977535,1,0,11,0.0,0.21428571428571427,0.7422184944152832
PU-G,6,0.0,0.7,100,10,900,2100,14,0,14,0.03120950743323192,0.005199999999999982,0.1949938340112567,1,0,11,0.0,0.21428571428571427,0.7422184944152832
PU-G,6,0.0,0.7,200,10,900,2100,14,0,14,0.03120950743323192,0.005199999999999982,0.19711145898327231,1,0,11,0.0,0.21428571428571427,0.7422184944152832
MaxLoss,6,0.0,0.8,50,2,600,2400,6,0,6,0.026965588273014873,0.0044999999999999485,0.20183804200496525,1,0,3,0.0,0.0,0.5434958934783936
MaxLoss,6,0.0,0.8,100,2,600,2400,6,0,6,0.026965588273014873,0.0044999999999999485,0.2040917500271462,1,0,3,0.0,0.0,0.5434958934783936
MaxLoss,6,0.0,0.8,200,2,600,2400,6,0,6,0.026965588273014873,0.0044999999999999485,0.2062282920232974,1,0,3,0.0,0.0,0.5434958934783936
PU-C,6,0.0,0.8,50,4,600,2400,8,0,8,0.03213391738245264,0.0026000000000000467,0.20392674999311566,1,0,5,0.0,0.125,0.5802131295204163
PU-C,6,0.0,0.8,100,4,600,2400,8,0,8,0.03213391738245264,0.0026000000000000467,0.20652870897902176,1,0,5,0.0,0.125,0.5802131295204163
PU-C,6,0.0,0.8,200,4,600,2400,8,0,8,0.03213391738245264,0.0026000000000000467,0.2086647090036422,1,0,5,0.0,0.125,0.5802131295204163
PU-F,6,0.0,0.8,50,5,600,2400,9,0,9,0.03463902446674183,0.0030999999999999917,0.20618287497200072,1,0,6,0.0,0.0,0.6585872769355774
PU-F,6,0.0,0.8,100,5,600,2400,9,0,9,0.03463902446674183,0.0030999999999999917,0.20860179199371487,1,0,6,0.0,0.0,0.6585872769355774
PU-F,6,0.0,0.8,200,5,600,2400,9,0,9,0.03463902446674183,0.0030999999999999917,0.21062299999175593,1,0,6,0.0,0.0,0.6585872769355774
PU-G,6,0.0,0.8,50,4,600,2400,8,0,8,0.03213391738245264,0.0027000000000000357,0.20565458398777992,1,0,5,0.0,0.0,0.6018061637878418
PU-G,6,0.0,0.8,100,4,600,2400,8,0,8,0.03213391738245264,0.0027000000000000357,0.2081805419875309,1,0,5,0.0,0.0,0.6018061637878418
PU-G,6,0.0,0.8,200,4,600,2400,8,0,8,0.03213391738245264,0.0027000000000000357,0.21027983399108052,1,0,5,0.0,0.0,0.6018061637878418
MaxLoss,6,0.4,0.0,50,50,3000,0,54,414,468,0.17929271882167086,0.10270000000000001,0.06007895799120888,0,0,51,0.37037037037037035,0.37037037037037035,0.6364550590515137
MaxLoss,6,0.4,0.0,100,100,3000,0,104,434,538,0.2040098755969666,0.11919999999999997,0.12284704099874943,0,0,101,0.2980769230769231,0.375,0.6839529275894165
MaxLoss,6,0.4,0.0,200,200,3000,0,204,191,395,0.1533251625369303,0.04469999999999996,0.2969884159974754,0,1,201,0.31862745098039214,0.4068627450980392,0.4651666283607483
PU-C,6,0.4,0.0,50,50,3000,0,54,582,636,0.23836279823444784,0.15449999999999997,0.2634119999711402,0,0,51,0.3333333333333333,0.3333333333333333,0.7600524425506592
PU-C,6,0.4,0.0,100,100,3000,0,104,506,610,0.22927471931325272,0.13660000000000005,0.5170345840160735,0,0,101,0.28846153846153844,0.375,0.8132381439208984
PU-C,6,0.4,0.0,200,200,3000,0,204,295,499,0.19025915587553754,0.08289999999999997,1.155230666976422,0,1,201,0.27450980392156865,0.3627450980392157,0.3577375113964081
PU-F,6,0.4,0.0,50,50,3000,0,54,493,547,0.20717629184946418,0.12270000000000003,0.6110403750208206,0,0,51,0.35185185185185186,0.35185185185185186,0.7149986624717712
PU-F,6,0.4,0.0,100,100,3000,0,104,470,574,0.21666096238186583,0.11780000000000002,1.2450125840259716,0,0,101,0.27884615384615385,0.3173076923076923,0.6949103474617004
PU-F,6,0.4,0.0,200,200,3000,0,204,269,473,0.1810637908638455,0.06110000000000004,2.6323735840269364,0,1,201,0.22549019607843138,0.2696078431372549,0.48643290996551514
PU-G,6,0.4,0.0,50,50,3000,0,54,432,486,0.18566440959693864,0.10340000000000005,0.4931035420158878,0,0,51,0.3333333333333333,0.35185185185185186,0.7368836998939514
PU-G,6,0.4,0.0,100,100,3000,0,104,375,479,0.18318789481418207,0.09709999999999996,1.1655964169767685,0,0,101,0.3173076923076923,0.375,0.7374842166900635
PU-G,6,0.4,0.0,200,200,3000,0,204,294,498,0.18990591826150194,0.061799999999999966,2.697090667032171,0,1,201,0.3235294117647059,0.43137254901960786,0.6843794584274292
MaxLoss,6,0.4,0.1,50,50,2700,300,54,563,617,0.2570249165291898,0.17920000000000003,0.22921995801152661,0,0,51,0.42592592592592593,0.4444444444444444,0.9481751322746277
MaxLoss,6,0.4,0.1,100,100,2700,300,104,522,626,0.26051031361566857,0.16610000000000003,0.30073899996932596,0,0,101,0.2692307692307692,0.36538461538461536,0.9495040774345398
MaxLoss,6,0.4,0.1,200,200,2700,300,204,292,496,0.2099053630954586,0.09099999999999997,0.4679872079868801,0,1,201,0.29901960784313725,0.37745098039215685,0.5881121158599854
PU-C,6,0.4,0.1,50,50,2700,300,54,513,567,0.23761488863965496,0.15590000000000004,0.29759266698965803,0,0,51,0.5,0.5,0.8285903334617615
PU-C,6,0.4,0.1,100,100,2700,300,104,643,747,0.3071423639776185,0.22030000000000005,0.5932643749983981,0,0,101,0.375,0.375,0.8653578162193298
PU-C,6,0.4,0.1,200,200,2700,300,204,296,500,0.21147142222616822,0.09840000000000004,1.173119625018444,0,1,201,0.27941176470588236,0.29901960784313725,0.590912938117981
PU-F,6,0.4,0.1,50,50,2700,300,54,405,459,0.19538895058212802,0.11929999999999996,0.4559964999789372,0,0,51,0.5370370370370371,0.5370370370370371,0.9156959056854248
PU-F,6,0.4,0.1,100,100,2700,300,104,512,616,0.2566374961170368,0.1623,1.0789114159997553,0,0,101,0.40384615384615385,0.41346153846153844,0.9391297698020935
PU-F,6,0.4,0.1,200,200,2700,300,204,258,462,0.1965680605499074,0.06040000000000001,2.4116484579863027,0,1,201,0.25980392156862747,0.3088235294117647,0.6088029742240906
PU-G,6,0.4,0.1,50,50,2700,300,54,379,433,0.18515362055040896,0.10160000000000002,0.4610499170375988,0,0,51,0.5,0.5185185185185185,0.8663477897644043
PU-G,6,0.4,0.1,100,100,2700,300,104,422,526,0.22163596143946052,0.12080000000000002,1.1129758750321344,0,0,101,0.375,0.40384615384615385,0.8661685585975647
PU-G,6,0.4,0.1,200,200,2700,300,204,232,436,0.18633615277940407,0.052200000000000024,2.471759458014276,0,1,201,0.2647058823529412,0.36764705882352944,0.6704409718513489
MaxLoss,6,0.4,0.2,50,50,2400,600,54,472,526,0.24884730839403346,0.15849999999999997,0.2529694169643335,0,0,51,0.37037037037037035,0.4074074074074074,0.9196701645851135
MaxLoss,6,0.4,0.2,100,100,2400,600,104,419,523,0.2475337489740923,0.14680000000000004,0.3088639579946175,0,0,101,0.3076923076923077,0.3269230769230769,0.9430287480354309
MaxLoss,6,0.4,0.2,200,200,2400,600,204,184,388,0.18797710502985865,0.0675,0.46881108300294727,0,1,201,0.31862745098039214,0.39215686274509803,0.8093779683113098
PU-C,6,0.4,0.2,50,50,2400,600,54,430,484,0.23042104375781491,0.14900000000000002,0.32170999998925254,0,0,51,0.5740740740740741,0.5925925925925926,0.9385718703269958
PU-C,6,0.4,0.2,100,100,2400,600,104,340,444,0.21279497648356482,0.119,0.5541680000023916,0,0,101,0.3269230769230769,0.33653846153846156,0.9454455971717834
PU-C,6,0.4,0.2,200,200,2400,600,204,217,421,0.20262297906447202,0.07020000000000004,1.1506712079863064,0,1,201,0.30392156862745096,0.36764705882352944,0.7761518359184265
PU-F,6,0.4,0.2,50,50,2400,600,54,378,432,0.20749136625090614,0.1271,0.5028919579926878,0,0,51,0.5,0.5,0.9299458861351013
PU-F,6,0.4,0.2,100,100,2400,600,104,294,398,0.1924219040083699,0.10309999999999997,1.1553848329931498,0,0,101,0.4326923076923077,0.4519230769230769,0.9426663517951965
PU-F,6,0.4,0.2,200,200,2400,600,204,240,444,0.21279497648356482,0.1018,2.4015445000259206,0,1,201,0.3284313725490196,0.4264705882352941,0.7628471851348877
PU-G,6,0.4,0.2,50,50,2400,600,54,385,439,0.21058605751022696,0.12029999999999996,0.42522550001740456,0,0,51,0.46296296296296297,0.46296296296296297,0.8439897894859314
PU-G,6,0.4,0.2,100,100,2400,600,104,321,425,0.20439406053628772,0.1078,1.0965909999795258,0,0,101,0.33653846153846156,0.34615384615384615,0.8196993470191956
PU-G,6,0.4,0.2,200,200,2400,600,204,323,527,0.24928507511503994,0.1119,2.3135923750232905,0,1,201,0.28431372549019607,0.35784313725490197,0.5957566499710083
MaxLoss,6,0.4,0.3,50,50,2100,900,54,288,342,0.19099452259251848,0.11970000000000003,0.26292945799650624,0,0,51,0.4074074074074074,0.5185185185185185,0.7132602334022522
MaxLoss,6,0.4,0.3,100,100,2100,900,104,202,306,0.17257611255627126,0.08779999999999999,0.3174963750061579,0,0,101,0.3942307692307692,0.5096153846153846,0.7318101525306702
MaxLoss,6,0.4,0.3,200,200,2100,900,204,116,320,0.17975253699114546,0.052200000000000024,0.4668396250344813,0,1,201,0.3333333333333333,0.43137254901960786,0.4134504199028015
PU-C,6,0.4,0.3,50,50,2100,900,54,384,438,0.23961304710246623,0.1412,0.3316435840097256,0,0,51,0.37037037037037035,0.3888888888888889,0.6670228838920593
PU-C,6,0.4,0.3,100,100,2100,900,104,315,419,0.23004179284907877,0.11619999999999997,0.5741817090311088,0,0,101,0.3942307692307692,0.4519230769230769,0.7645792365074158
PU-C,6,0.4,0.3,200,200,2100,900,204,138,342,0.19099452259251848,0.07389999999999997,1.0603244170197286,0,1,201,0.28921568627450983,0.37254901960784315,0.8338422179222107
PU-F,6,0.4,0.3,50,50,2100,900,54,293,347,0.1935437976499088,0.10240000000000005,0.41310229199007154,0,0,51,0.2962962962962963,0.35185185185185186,0.667622983455658
PU-F,6,0.4,0.3,100,100,2100,900,104,272,376,0.20829032780602574,0.09730000000000005,0.7603265829966404,0,0,101,0.3557692307692308,0.4519230769230769,0.6818169355392456
PU-F,6,0.4,0.3,200,200,2100,900,204,187,391,0.2158928666030988,0.09570000000000001,1.6846729170065373,0,1,201,0.30392156862745096,0.4215686274509804,0.4647423028945923
PU-G,6,0.4,0.3,50,50,2100,900,54,338,392,0.2163991237175651,0.1432,0.43394912499934435,0,0,51,0.3333333333333333,0.4074074074074074,0.7165361642837524
PU-G,6,0.4,0.3,100,100,2100,900,104,231,335,0.18742203922010958,0.10450000000000004,0.9066659170202911,0,0,101,0.2692307692307692,0.34615384615384615,0.7404297590255737
PU-G,6,0.4,0.3,200,200,2100,900,204,154,358,0.19914505875203758,0.06920000000000004,1.7356574580189772,0,1,201,0.28431372549019607,0.3627450980392157,0.5043222904205322
MaxLoss,6,0.4,0.4,50,50,1800,1200,54,301,355,0.22992570546921343,0.13859999999999995,0.2922181670437567,0,0,51,0.35185185185185186,0.35185185185185186,0.9121135473251343
MaxLoss,6,0.4,0.4,100,100,1800,1200,104,245,349,0.2263772578444332,0.11729999999999996,0.34185575001174584,0,0,101,0.33653846153846156,0.38461538461538464,0.9265510439872742
MaxLoss,6,0.4,0.4,200,200,1800,1200,204,115,319,0.2085797103936784,0.08150000000000002,0.48550479201367125,0,1,201,0.3088235294117647,0.38235294117647056,0.6578658223152161
PU-C,6,0.4,0.4,50,50,1800,1200,54,331,385,0.247616270033177,0.15980000000000005,0.3491333330166526,0,0,51,0.37037037037037035,0.37037037037037035,0.8943578004837036
PU-C,6,0.4,0.4,100,100,1800,1200,104,237,341,0.2216403943602927,0.12090000000000001,0.5077833330142312,0,0,101,0.34615384615384615,0.4230769230769231,0.8736035227775574
PU-C,6,0.4,0.4,200,200,1800,1200,204,67,271,0.17989197670249268,0.05449999999999999,0.9538631250034086,0,1,201,0.3333333333333333,0.4166666666666667,0.49712520837783813
PU-F,6,0.4,0.4,50,50,1800,1200,54,203,257,0.17146948183653876,0.0947,0.427602041978389,0,0,51,0.24074074074074073,0.5,0.6286275386810303
PU-F,6,0.4,0.4,100,100,1800,1200,104,201,305,0.20024082355666906,0.0827,0.60574558400549,0,0,101,0.27884615384615385,0.4423076923076923,0.6836763024330139
PU-F,6,0.4,0.4,200,200,1800,1200,204,130,334,0.21749027067562565,0.0736,1.3803886250243522,0,1,201,0.2647058823529412,0.4117647058823529,0.4724161922931671
PU-G,6,0.4,0.4,50,50,1800,1200,54,181,235,0.1581771676428616,0.08840000000000003,0.41643979196669534,0,0,51,0.2777777777777778,0.3333333333333333,0.7071921825408936
PU-G,6,0.4,0.4,100,100,1800,1200,104,172,276,0.1828935989178717,0.08760000000000001,0.5967206249479204,0,0,101,0.23076923076923078,0.27884615384615385,0.645101010799408
PU-G,6,0.4,0.4,200,200,1800,1200,204,90,294,0.1936729424051009,0.04720000000000002,1.1714060839731246,0,1,201,0.2647058823529412,0.3872549019607843,0.5525171756744385
MaxLoss,6,0.4,0.5,50,50,1500,1500,54,192,246,0.1971838686731644,0.11009999999999998,0.30514908401528373,0,0,51,0.37037037037037035,0.48148148148148145,0.5262972116470337
MaxLoss,6,0.4,0.5,100,100,1500,1500,104,154,258,0.20582595362793654,0.10329999999999995,0.3538153750123456,0,0,101,0.41346153846153844,0.5384615384615384,0.5735867023468018
MaxLoss,6,0.4,0.5,200,200,1500,1500,204,43,247,0.19790505955461413,0.03520000000000001,0.4854400419862941,0,1,201,0.3137254901960784,0.49019607843137253,0.5203644037246704
PU-C,6,0.4,0.5,50,50,1500,1500,54,237,291,0.22946279222378507,0.12719999999999998,0.3436694159754552,0,0,51,0.35185185185185186,0.42592592592592593,0.6908342242240906
PU-C,6,0.4,0.5,100,100,1500,1500,104,191,295,0.23231585382018238,0.11119999999999997,0.43578966602217406,0,0,101,0.33653846153846156,0.4519230769230769,0.7122817039489746
PU-C,6,0.4,0.5,200,200,1500,1500,204,80,284,0.22446389746619388,0.07230000000000003,0.7967693749815226,0,1,201,0.29901960784313725,0.44607843137254904,0.48782584071159363
PU-F,6,0.4,0.5,50,50,1500,1500,54,136,190,0.15646578796440735,0.07450000000000001,0.4122672919766046,0,0,51,0.3333333333333333,0.42592592592592593,0.5710268616676331
PU-F,6,0.4,0.5,100,100,1500,1500,104,105,209,0.1703589155804366,0.05520000000000003,0.5500790840014815,0,0,101,0.25961538461538464,0.46153846153846156,0.587416410446167
PU-F,6,0.4,0.5,200,200,1500,1500,204,46,250,0.20006750902393833,0.035599999999999965,1.0731294589932077,0,1,201,0.30392156862745096,0.44607843137254904,0.48997366428375244
PU-G,6,0.4,0.5,50,50,1500,1500,54,122,176,0.14616988645866513,0.05020000000000002,0.39443295903038234,0,0,51,0.24074074074074073,0.4074074074074074,0.7430893182754517
PU-G,6,0.4,0.5,100,100,1500,1500,104,117,221,0.179090318037197,0.0716,0.5197392500122078,0,0,101,0.38461538461538464,0.5288461538461539,0.7952741384506226
PU-G,6,0.4,0.5,200,200,1500,1500,204,37,241,0.19357506628148258,0.035599999999999965,1.0488595840288326,0,1,201,0.2696078431372549,0.45098039215686275,0.5260360240936279
MaxLoss,6,0.4,0.6,50,50,1200,1800,54,178,232,0.23276027123210952,0.11729999999999996,0.3366283330251463,0,0,51,0.3333333333333333,0.5,0.764739453792572
MaxLoss,6,0.4,0.6,100,100,1200,1800,104,132,236,0.2363503416418098,0.10099999999999998,0.3847592080128379,0,0,101,0.27884615384615385,0.4423076923076923,0.8187049031257629
MaxLoss,6,0.4,0.6,200,200,1200,1800,204,40,244,0.24351776542607695,0.06169999999999998,0.5095184579840861,0,1,201,0.28431372549019607,0.4166666666666667,0.5910546183586121
PU-C,6,0.4,0.6,50,50,1200,1800,54,149,203,0.20659681741381064,0.10760000000000003,0.36808570800349116,0,0,51,0.2777777777777778,0.4074074074074074,0.8161002397537231
PU-C,6,0.4,0.6,100,100,1200,1800,104,114,218,0.22016025602351874,0.0988,0.4467230419977568,0,0,101,0.3269230769230769,0.4230769230769231,0.8045833706855774
PU-C,6,0.4,0.6,200,200,1200,1800,204,23,227,0.2282665641978383,0.04059999999999997,0.6508537079789676,0,1,201,0.28431372549019607,0.4068627450980392,0.43388766050338745
PU-F,6,0.4,0.6,50,50,1200,1800,54,139,193,0.1975154562969692,0.10560000000000003,0.42915595800150186,0,0,51,0.37037037037037035,0.48148148148148145,0.671117901802063
PU-F,6,0.4,0.6,100,100,1200,1800,104,51,155,0.16268182080239058,0.03959999999999997,0.5476507500279695,0,0,101,0.34615384615384615,0.4807692307692308,0.7011171579360962
PU-F,6,0.4,0.6,200,200,1200,1800,204,22,226,0.22736699390225112,0.04169999999999996,0.784542917041108,0,1,201,0.2696078431372549,0.4117647058823529,0.5214322209358215
PU-G,6,0.4,0.6,50,50,1200,1800,54,106,160,0.16729749087244272,0.051000000000000045,0.4119912500027567,0,0,51,0.24074074074074073,0.37037037037037035,0.6149539947509766
PU-G,6,0.4,0.6,100,100,1200,1800,104,70,174,0.18016698869178072,0.03210000000000002,0.5260336250066757,0,0,101,0.19230769230769232,0.3173076923076923,0.6893793344497681
PU-G,6,0.4,0.6,200,200,1200,1800,204,23,227,0.2282665641978383,0.024599999999999955,0.7398661660263315,0,1,201,0.19607843137254902,0.39705882352941174,0.6887161135673523
MaxLoss,6,0.4,0.7,50,50,900,2100,54,124,178,0.243466354906559,0.10660000000000003,0.3441240420215763,0,0,51,0.37037037037037035,0.5185185185185185,0.6293439269065857
MaxLoss,6,0.4,0.7,100,100,900,2100,104,46,150,0.20946468017064035,0.0676,0.38722429203335196,0,0,101,0.28846153846153844,0.41346153846153844,0.6055065393447876
MaxLoss,6,0.4,0.7,200,162,900,2100,166,0,166,0.22895049449289218,0.02059999999999995,0.4598668750259094,1,0,163,0.26506024096385544,0.4457831325301205,0.6147189736366272
PU-C,6,0.4,0.7,50,50,900,2100,54,111,165,0.2277371570817195,0.11150000000000004,0.38895562500692904,0,0,51,0.35185185185185186,0.5185185185185185,0.8581420183181763
PU-C,6,0.4,0.7,100,100,900,2100,104,73,177,0.24225973710417747,0.0947,0.46139691601274535,0,0,101,0.2692307692307692,0.4519230769230769,0.8464947938919067
PU-C,6,0.4,0.7,200,155,900,2100,159,0,159,0.22044472757261246,0.01859999999999995,0.5485968330176547,1,0,156,0.2641509433962264,0.4716981132075472,0.6255787014961243
PU-F,6,0.4,0.7,50,50,900,2100,54,62,116,0.16747325006872416,0.05710000000000004,0.4310198749881238,0,0,51,0.3888888888888889,0.48148148148148145,0.7212503552436829
PU-F,6,0.4,0.7,100,100,900,2100,104,30,134,0.1898119124234654,0.05059999999999998,0.5210809169802815,0,0,101,0.3173076923076923,0.5288461538461539,0.7256050109863281
PU-F,6,0.4,0.7,200,163,900,2100,167,0,167,0.2301632518065162,0.024399999999999977,0.638766709016636,1,0,164,0.2634730538922156,0.47305389221556887,0.5795628428459167
PU-G,6,0.4,0.7,50,50,900,2100,54,94,148,0.20701763813849539,0.07709999999999995,0.4272837499738671,0,0,51,0.25925925925925924,0.42592592592592593,0.7065918445587158
PU-G,6,0.4,0.7,100,100,900,2100,104,52,156,0.21679035149281844,0.06799999999999995,0.5162727499846369,0,0,101,0.2403846153846154,0.4326923076923077,0.6713300943374634
PU-G,6,0.4,0.7,200,180,900,2100,184,0,184,0.25069488561712205,0.035699999999999954,0.6660576249705628,1,0,181,0.23369565217391305,0.43478260869565216,0.6016175150871277
MaxLoss,6,0.4,0.8,50,50,600,2400,54,46,100,0.2188803807948716,0.08399999999999996,0.3650658330298029,0,0,51,0.37037037037037035,0.5370370370370371,0.5818146467208862
MaxLoss,6,0.4,0.8,100,100,600,2400,104,4,108,0.23374670540215448,0.05789999999999995,0.4051144580007531,0,0,101,0.34615384615384615,0.5288461538461539,0.651953399181366
MaxLoss,6,0.4,0.8,200,106,600,2400,110,0,110,0.2374467962072231,0.05689999999999995,0.4141217080177739,1,0,107,0.34545454545454546,0.5181818181818182,0.6548990607261658
PU-C,6,0.4,0.8,50,50,600,2400,54,52,106,0.230040158261545,0.09109999999999996,0.27798737498233095,0,0,51,0.3333333333333333,0.4074074074074074,0.6325690150260925
PU-C,6,0.4,0.8,100,100,600,2400,104,11,115,0.2466696182382293,0.06169999999999998,0.3344407500117086,0,0,101,0.33653846153846156,0.46153846153846156,0.6854367256164551
PU-C,6,0.4,0.8,200,119,600,2400,123,0,123,0.2613484975299798,0.0635,0.3599707499961369,1,0,120,0.3170731707317073,0.4634146341463415,0.686237633228302
PU-F,6,0.4,0.8,50,50,600,2400,54,45,99,0.2170143689145334,0.06240000000000001,0.2876686669769697,0,0,51,0.3333333333333333,0.48148148148148145,0.6105860471725464
PU-F,6,0.4,0.8,100,100,600,2400,104,9,113,0.24298511043889448,0.03400000000000003,0.35901862499304116,0,0,101,0.28846153846153844,0.4519230769230769,0.6858491897583008
PU-F,6,0.4,0.8,200,121,600,2400,125,0,125,0.2650039535947144,0.06110000000000004,0.3892772079561837,1,0,122,0.312,0.48,0.7229682803153992
PU-G,6,0.4,0.8,50,50,600,2400,54,25,79,0.1792886606999673,0.03359999999999996,0.2836296249879524,0,0,51,0.2962962962962963,0.37037037037037035,0.7419154047966003
PU-G,6,0.4,0.8,100,91,600,2400,95,0,95,0.209532298555132,0.04490000000000005,0.3380644170101732,1,0,92,0.3894736842105263,0.4631578947368421,0.757574200630188
PU-G,6,0.4,0.8,200,91,600,2400,95,0,95,0.209532298555132,0.04490000000000005,0.3408174579963088,1,0,92,0.3894736842105263,0.4631578947368421,0.757574200630188
MaxLoss,7,0.0,0.0,50,50,3000,0,54,67,121,0.05288982600905001,0.03490000000000004,0.07339316699653864,0,0,51,0.0,0.09259259259259259,0.8800280094146729
MaxLoss,7,0.0,0.0,100,100,3000,0,104,9,113,0.04982449556700885,0.022399999999999975,0.14453316701110452,0,0,101,0.0,0.15384615384615385,0.8762322664260864
MaxLoss,7,0.0,0.0,200,108,3000,0,112,0,112,0.04944029700709507,0.02090000000000003,0.1587280830135569,1,0,109,0.0,0.15178571428571427,0.8714589476585388
PU-C,7,0.0,0.0,50,50,3000,0,54,119,173,0.0725245603825897,0.043300000000000005,0.10739999997895211,0,0,51,0.0,0.037037037037037035,0.8449152708053589
PU-C,7,0.0,0.0,100,100,3000,0,104,7,111,0.049055859562940896,0.018199999999999994,0.20616158400662243,0,0,101,0.0,0.16346153846153846,0.8316417932510376
PU-C,7,0.0,0.0,200,104,3000,0,108,0,108,0.04790108359884471,0.014900000000000024,0.21660400001564994,1,0,105,0.0,0.16666666666666666,0.8295556902885437
PU-F,7,0.0,0.0,50,50,3000,0,54,65,119,0.052124831709079444,0.023700000000000054,0.17376979102846235,0,0,51,0.0,0.12962962962962962,0.8002351522445679
PU-F,7,0.0,0.0,100,100,3000,0,104,17,121,0.05288982600905001,0.01649999999999996,0.2789597910013981,0,0,101,0.0,0.22115384615384615,0.8410415649414062
PU-F,7,0.0,0.0,200,117,3000,0,121,0,121,0.05288982600905001,0.019100000000000006,0.31473583303159103,1,0,118,0.0,0.19008264462809918,0.8384005427360535
PU-G,7,0.0,0.0,50,50,3000,0,54,50,104,0.04635784780839458,0.023900000000000032,0.1658521249773912,0,0,51,0.0,0.2222222222222222,0.7008755207061768
PU-G,7,0.0,0.0,100,100,3000,0,104,17,121,0.05288982600905001,0.010499999999999954,0.2774526660214178,0,0,101,0.0,0.19230769230769232,0.6939569711685181
PU-G,7,0.0,0.0,200,136,3000,0,140,0,140,0.06011703115655109,0.005800000000000027,0.3571502499980852,1,0,137,0.0,0.16428571428571428,0.6788807511329651
MaxLoss,7,0.0,0.1,50,39,2700,300,43,0,43,0.024523687723558396,0.005700000000000038,0.10529475001385435,1,0,40,0.0,0.09302325581395349,0.925683856010437
MaxLoss,7,0.0,0.1,100,39,2700,300,43,0,43,0.024523687723558396,0.005700000000000038,0.10836437501711771,1,0,40,0.0,0.09302325581395349,0.925683856010437
MaxLoss,7,0.0,0.1,200,39,2700,300,43,0,43,0.024523687723558396,0.005700000000000038,0.11129179201088846,1,0,40,0.0,0.09302325581395349,0.925683856010437
PU-C,7,0.0,0.1,50,38,2700,300,42,0,42,0.024061625183094293,0.006800000000000028,0.11860591702861711,1,0,39,0.0,0.11904761904761904,0.897771418094635
PU-C,7,0.0,0.1,100,38,2700,300,42,0,42,0.024061625183094293,0.006800000000000028,0.12214245897484943,1,0,39,0.0,0.11904761904761904,0.897771418094635
PU-C,7,0.0,0.1,200,38,2700,300,42,0,42,0.024061625183094293,0.006800000000000028,0.12505916698137298,1,0,39,0.0,0.11904761904761904,0.897771418094635
PU-F,7,0.0,0.1,50,50,2700,300,54,17,71,0.037133664824068546,0.007900000000000018,0.1227461249800399,0,0,51,0.0,0.14814814814814814,0.9175178408622742
PU-F,7,0.0,0.1,100,71,2700,300,75,0,75,0.03889582690317184,0.011800000000000033,0.15650508302496746,1,0,72,0.0,0.17333333333333334,0.9172428250312805
PU-F,7,0.0,0.1,200,71,2700,300,75,0,75,0.03889582690317184,0.011800000000000033,0.15886587498243898,1,0,72,0.0,0.17333333333333334,0.9172428250312805
PU-G,7,0.0,0.1,50,50,2700,300,54,25,79,0.04065049049677327,0.018399999999999972,0.12352574995020404,0,0,51,0.0,0.18518518518518517,0.8649201393127441
PU-G,7,0.0,0.1,100,79,2700,300,83,0,83,0.04239818482892588,0.0047000000000000375,0.17246787500334904,1,0,80,0.0,0.21686746987951808,0.8843731880187988
PU-G,7,0.0,0.1,200,79,2700,300,83,0,83,0.04239818482892588,0.0047000000000000375,0.17471987497992814,1,0,80,0.0,0.21686746987951808,0.8843731880187988
MaxLoss,7,0.0,0.2,50,16,2400,600,20,0,20,0.015217068488709629,0.0046000000000000485,0.07286637497600168,1,0,17,0.0,0.15,0.8198187351226807
MaxLoss,7,0.0,0.2,100,16,2400,600,20,0,20,0.015217068488709629,0.0046000000000000485,0.07521816698135808,1,0,17,0.0,0.15,0.8198187351226807
MaxLoss,7,0.0,0.2,200,16,2400,600,20,0,20,0.015217068488709629,0.0046000000000000485,0.07737274997634813,1,0,17,0.0,0.15,0.8198187351226807
PU-C,7,0.0,0.2,50,43,2400,600,47,0,47,0.029640937224030495,0.006000000000000005,0.10948824998922646,1,0,44,0.0,0.2127659574468085,0.8695709705352783
PU-C,7,0.0,0.2,100,43,2400,600,47,0,47,0.029640937224030495,0.006000000000000005,0.11173191596753895,1,0,44,0.0,0.2127659574468085,0.8695709705352783
PU-C,7,0.0,0.2,200,43,2400,600,47,0,47,0.029640937224030495,0.006000000000000005,0.11404199997195974,1,0,44,0.0,0.2127659574468085,0.8695709705352783
PU-F,7,0.0,0.2,50,20,2400,600,24,0,24,0.017447080521378666,0.0034999999999999476,0.08750466699711978,1,0,21,0.0,0.16666666666666666,0.8426300287246704
PU-F,7,0.0,0.2,100,20,2400,600,24,0,24,0.017447080521378666,0.0034999999999999476,0.08984608401078731,1,0,21,0.0,0.16666666666666666,0.8426300287246704
PU-F,7,0.0,0.2,200,20,2400,600,24,0,24,0.017447080521378666,0.0034999999999999476,0.09203175001312047,1,0,21,0.0,0.16666666666666666,0.8426300287246704
PU-G,7,0.0,0.2,50,34,2400,600,38,0,38,0.02496518089901656,0.006900000000000017,0.10598695796215907,1,0,35,0.0,0.07894736842105263,0.8518849611282349
PU-G,7,0.0,0.2,100,34,2400,600,38,0,38,0.02496518089901656,0.006900000000000017,0.10830783296842128,1,0,35,0.0,0.07894736842105263,0.8518849611282349
PU-G,7,0.0,0.2,200,34,2400,600,38,0,38,0.02496518089901656,0.006900000000000017,0.11045599996577948,1,0,35,0.0,0.07894736842105263,0.8518849611282349
MaxLoss,7,0.0,0.3,50,28,2100,900,32,0,32,0.024885034887120128,0.009099999999999997,0.11154162505408749,1,0,29,0.0,0.21875,0.8706207871437073
MaxLoss,7,0.0,0.3,100,28,2100,900,32,0,32,0.024885034887120128,0.009099999999999997,0.11401962500531226,1,0,29,0.0,0.21875,0.8706207871437073
MaxLoss,7,0.0,0.3,200,28,2100,900,32,0,32,0.024885034887120128,0.009099999999999997,0.11612145800609142,1,0,29,0.0,0.21875,0.8706207871437073
PU-C,7,0.0,0.3,50,35,2100,900,39,0,39,0.029112085641827434,0.007499999999999951,0.13331562496023253,1,0,36,0.0,0.15384615384615385,0.8798670172691345
PU-C,7,0.0,0.3,100,35,2100,900,39,0,39,0.029112085641827434,0.007499999999999951,0.13561120897065848,1,0,36,0.0,0.15384615384615385,0.8798670172691345
PU-C,7,0.0,0.3,200,35,2100,900,39,0,39,0.029112085641827434,0.007499999999999951,0.13785712496610358,1,0,36,0.0,0.15384615384615385,0.8798670172691345
PU-F,7,0.0,0.3,50,21,2100,900,25,0,25,0.02055755432229489,0.0028000000000000247,0.11407399998279288,1,0,22,0.0,0.08,0.8324134945869446
PU-F,7,0.0,0.3,100,21,2100,900,25,0,25,0.02055755432229489,0.0028000000000000247,0.11616029200376943,1,0,22,0.0,0.08,0.8324134945869446
PU-F,7,0.0,0.3,200,21,2100,900,25,0,25,0.02055755432229489,0.0028000000000000247,0.11857820802833885,1,0,22,0.0,0.08,0.8324134945869446
PU-G,7,0.0,0.3,50,19,2100,900,23,0,23,0.019297393620945513,0.0037000000000000366,0.11375625000800937,1,0,20,0.0,0.13043478260869565,0.7972859740257263
PU-G,7,0.0,0.3,100,19,2100,900,23,0,23,0.019297393620945513,0.0037000000000000366,0.11605574999703094,1,0,20,0.0,0.13043478260869565,0.7972859740257263
PU-G,7,0.0,0.3,200,19,2100,900,23,0,23,0.019297393620945513,0.0037000000000000366,0.11826479196315631,1,0,20,0.0,0.13043478260869565,0.7972859740257263
MaxLoss,7,0.0,0.4,50,15,1800,1200,19,0,19,0.019513480714522302,0.0021999999999999797,0.12132375000510365,1,0,16,0.0,0.15789473684210525,0.8495864272117615
MaxLoss,7,0.0,0.4,100,15,1800,1200,19,0,19,0.019513480714522302,0.0021999999999999797,0.12348999996902421,1,0,16,0.0,0.15789473684210525,0.8495864272117615
MaxLoss,7,0.0,0.4,200,15,1800,1200,19,0,19,0.019513480714522302,0.0021999999999999797,0.12559849995886907,1,0,16,0.0,0.15789473684210525,0.8495864272117615
PU-C,7,0.0,0.4,50,29,1800,1200,33,0,33,0.02971941459691152,0.0046000000000000485,0.1426153340144083,1,0,30,0.0,0.18181818181818182,0.8467196822166443
PU-C,7,0.0,0.4,100,29,1800,1200,33,0,33,0.02971941459691152,0.0046000000000000485,0.1446045840275474,1,0,30,0.0,0.18181818181818182,0.8467196822166443
PU-C,7,0.0,0.4,200,29,1800,1200,33,0,33,0.02971941459691152,0.0046000000000000485,0.1466445840196684,1,0,30,0.0,0.18181818181818182,0.8467196822166443
PU-F,7,0.0,0.4,50,20,1800,1200,24,0,24,0.023234111547935754,0.007299999999999973,0.13505674997577444,1,0,21,0.0,0.20833333333333334,0.7919749021530151
PU-F,7,0.0,0.4,100,20,1800,1200,24,0,24,0.023234111547935754,0.007299999999999973,0.13712733297143131,1,0,21,0.0,0.20833333333333334,0.7919749021530151
PU-F,7,0.0,0.4,200,20,1800,1200,24,0,24,0.023234111547935754,0.007299999999999973,0.13943741598632187,1,0,21,0.0,0.20833333333333334,0.7919749021530151
PU-G,7,0.0,0.4,50,9,1800,1200,13,0,13,0.01487780612660572,0.0026000000000000467,0.12102237500948831,1,0,10,0.0,0.23076923076923078,0.6864820718765259
PU-G,7,0.0,0.4,100,9,1800,1200,13,0,13,0.01487780612660572,0.0026000000000000467,0.12339220900321379,1,0,10,0.0,0.23076923076923078,0.6864820718765259
PU-G,7,0.0,0.4,200,9,1800,1200,13,0,13,0.01487780612660572,0.0026000000000000467,0.1253938339650631,1,0,10,0.0,0.23076923076923078,0.6864820718765259
MaxLoss,7,0.0,0.5,50,4,1500,1500,8,0,8,0.012929739721585065,0.0038000000000000256,0.1317827079910785,1,0,5,0.0,0.125,0.6048604249954224
MaxLoss,7,0.0,0.5,100,4,1500,1500,8,0,8,0.012929739721585065,0.0038000000000000256,0.13401595799950883,1,0,5,0.0,0.125,0.6048604249954224
MaxLoss,7,0.0,0.5,200,4,1500,1500,8,0,8,0.012929739721585065,0.0038000000000000256,0.13610770797822624,1,0,5,0.0,0.125,0.6048604249954224
PU-C,7,0.0,0.5,50,11,1500,1500,15,0,15,0.019722751749213785,0.0049000000000000155,0.14060141699155793,1,0,12,0.0,0.06666666666666667,0.7796182632446289
PU-C,7,0.0,0.5,100,11,1500,1500,15,0,15,0.019722751749213785,0.0049000000000000155,0.1429783750209026,1,0,12,0.0,0.06666666666666667,0.7796182632446289
PU-C,7,0.0,0.5,200,11,1500,1500,15,0,15,0.019722751749213785,0.0049000000000000155,0.1454392920131795,1,0,12,0.0,0.06666666666666667,0.7796182632446289
PU-F,7,0.0,0.5,50,9,1500,1500,13,0,13,0.017839504580479115,0.0030000000000000027,0.1410692910430953,1,0,10,0.0,0.07692307692307693,0.728079617023468
PU-F,7,0.0,0.5,100,9,1500,1500,13,0,13,0.017839504580479115,0.0030000000000000027,0.1432174580404535,1,0,10,0.0,0.07692307692307693,0.728079617023468
PU-F,7,0.0,0.5,200,9,1500,1500,13,0,13,0.017839504580479115,0.0030000000000000027,0.1453165000420995,1,0,10,0.0,0.07692307692307693,0.728079617023468
PU-G,7,0.0,0.5,50,8,1500,1500,12,0,12,0.0168832708732225,0.0020000000000000018,0.13957025000127032,1,0,9,0.0,0.08333333333333333,0.6305374503135681
PU-G,7,0.0,0.5,100,8,1500,1500,12,0,12,0.0168832708732225,0.0020000000000000018,0.14165666699409485,1,0,9,0.0,0.08333333333333333,0.6305374503135681
PU-G,7,0.0,0.5,200,8,1500,1500,12,0,12,0.0168832708732225,0.0020000000000000018,0.14369720901595429,1,0,9,0.0,0.08333333333333333,0.6305374503135681
MaxLoss,7,0.0,0.6,50,7,1200,1800,11,0,11,0.019872920005582273,0.0022999999999999687,0.1640534580219537,1,0,8,0.0,0.18181818181818182,0.7349721193313599
MaxLoss,7,0.0,0.6,100,7,1200,1800,11,0,11,0.019872920005582273,0.0022999999999999687,0.16642466699704528,1,0,8,0.0,0.18181818181818182,0.7349721193313599
MaxLoss,7,0.0,0.6,200,7,1200,1800,11,0,11,0.019872920005582273,0.0022999999999999687,0.16867275000549853,1,0,8,0.0,0.18181818181818182,0.7349721193313599
PU-C,7,0.0,0.6,50,10,1200,1800,14,0,14,0.023453966539818794,0.006099999999999994,0.168165874958504,1,0,11,0.0,0.14285714285714285,0.7534207105636597
PU-C,7,0.0,0.6,100,10,1200,1800,14,0,14,0.023453966539818794,0.006099999999999994,0.17037770798197016,1,0,11,0.0,0.14285714285714285,0.7534207105636597
PU-C,7,0.0,0.6,200,10,1200,1800,14,0,14,0.023453966539818794,0.006099999999999994,0.172670665953774,1,0,11,0.0,0.14285714285714285,0.7534207105636597
PU-F,7,0.0,0.6,50,8,1200,1800,12,0,12,0.02108020952437073,0.00539999999999996,0.16894895903533325,1,0,9,0.0,0.08333333333333333,0.7073023915290833
PU-F,7,0.0,0.6,100,8,1200,1800,12,0,12,0.02108020952437073,0.00539999999999996,0.1712544999900274,1,0,9,0.0,0.08333333333333333,0.7073023915290833
PU-F,7,0.0,0.6,200,8,1200,1800,12,0,12,0.02108020952437073,0.00539999999999996,0.1734670419828035,1,0,9,0.0,0.08333333333333333,0.7073023915290833
PU-G,7,0.0,0.6,50,13,1200,1800,17,0,17,0.026931294472888112,0.0047000000000000375,0.17349316598847508,1,0,14,0.0,0.11764705882352941,0.706112265586853
PU-G,7,0.0,0.6,100,13,1200,1800,17,0,17,0.026931294472888112,0.0047000000000000375,0.1755405409494415,1,0,14,0.0,0.11764705882352941,0.706112265586853
PU-G,7,0.0,0.6,200,13,1200,1800,17,0,17,0.026931294472888112,0.0047000000000000375,0.17768041597446427,1,0,14,0.0,0.11764705882352941,0.706112265586853
MaxLoss,7,0.0,0.7,50,8,900,2100,12,0,12,0.02805392601294443,0.005099999999999993,0.18634004198247567,1,0,9,0.0,0.16666666666666666,0.7258504629135132
MaxLoss,7,0.0,0.7,100,8,900,2100,12,0,12,0.02805392601294443,0.005099999999999993,0.18863275001058355,1,0,9,0.0,0.16666666666666666,0.7258504629135132
MaxLoss,7,0.0,0.7,200,8,900,2100,12,0,12,0.02805392601294443,0.005099999999999993,0.1907548329909332,1,0,9,0.0,0.16666666666666666,0.7258504629135132
PU-C,7,0.0,0.7,50,6,900,2100,10,0,10,0.024822357401717454,0.005499999999999949,0.18728883401490748,1,0,7,0.0,0.3,0.6593217849731445
PU-C,7,0.0,0.7,100,6,900,2100,10,0,10,0.024822357401717454,0.005499999999999949,0.18942266702651978,1,0,7,0.0,0.3,0.6593217849731445
PU-C,7,0.0,0.7,200,6,900,2100,10,0,10,0.024822357401717454,0.005499999999999949,0.19176595902536064,1,0,7,0.0,0.3,0.6593217849731445
PU-F,7,0.0,0.7,50,5,900,2100,9,0,9,0.023171695414930582,0.007399999999999962,0.18625958304619417,1,0,6,0.0,0.2222222222222222,0.5931793451309204
PU-F,7,0.0,0.7,100,5,900,2100,9,0,9,0.023171695414930582,0.007399999999999962,0.18854012503288686,1,0,6,0.0,0.2222222222222222,0.5931793451309204
PU-F,7,0.0,0.7,200,5,900,2100,9,0,9,0.023171695414930582,0.007399999999999962,0.19065287499688566,1,0,6,0.0,0.2222222222222222,0.5931793451309204
PU-G,7,0.0,0.7,50,7,900,2100,11,0,11,0.02644878235878423,0.0044999999999999485,0.18836970796110108,1,0,8,0.0,0.18181818181818182,0.646759033203125
PU-G,7,0.0,0.7,100,7,900,2100,11,0,11,0.02644878235878423,0.0044999999999999485,0.1904391249991022,1,0,8,0.0,0.18181818181818182,0.646759033203125
PU-G,7,0.0,0.7,200,7,900,2100,11,0,11,0.02644878235878423,0.0044999999999999485,0.19257595797535032,1,0,8,0.0,0.18181818181818182,0.646759033203125
MaxLoss,7,0.0,0.8,50,7,600,2400,11,0,11,0.039528083987534046,0.0042999999999999705,0.20593891700264066,1,0,8,0.0,0.09090909090909091,0.5982467532157898
MaxLoss,7,0.0,0.8,100,7,600,2400,11,0,11,0.039528083987534046,0.0042999999999999705,0.2081217920058407,1,0,8,0.0,0.09090909090909091,0.5982467532157898
MaxLoss,7,0.0,0.8,200,7,600,2400,11,0,11,0.039528083987534046,0.0042999999999999705,0.21018708299379796,1,0,8,0.0,0.09090909090909091,0.5982467532157898
PU-C,7,0.0,0.8,50,9,600,2400,13,0,13,0.044287452939897776,0.005800000000000027,0.2087290000054054,1,0,10,0.0,0.07692307692307693,0.6621566414833069
PU-C,7,0.0,0.8,100,9,600,2400,13,0,13,0.044287452939897776,0.005800000000000027,0.21088283299468458,1,0,10,0.0,0.07692307692307693,0.6621566414833069
PU-C,7,0.0,0.8,200,9,600,2400,13,0,13,0.044287452939897776,0.005800000000000027,0.213190125010442,1,0,10,0.0,0.07692307692307693,0.6621566414833069
PU-F,7,0.0,0.8,50,7,600,2400,11,0,11,0.039528083987534046,0.0047000000000000375,0.20869187504285946,1,0,8,0.0,0.09090909090909091,0.6607818603515625
PU-F,7,0.0,0.8,100,7,600,2400,11,0,11,0.039528083987534046,0.0047000000000000375,0.21117004100233316,1,0,8,0.0,0.09090909090909091,0.6607818603515625
PU-F,7,0.0,0.8,200,7,600,2400,11,0,11,0.039528083987534046,0.0047000000000000375,0.21331583301071078,1,0,8,0.0,0.09090909090909091,0.6607818603515625
PU-G,7,0.0,0.8,50,8,600,2400,12,0,12,0.04192207753658295,0.005900000000000016,0.2100098750088364,1,0,9,0.0,0.08333333333333333,0.686690092086792
PU-G,7,0.0,0.8,100,8,600,2400,12,0,12,0.04192207753658295,0.005900000000000016,0.21184758300660178,1,0,9,0.0,0.08333333333333333,0.686690092086792
PU-G,7,0.0,0.8,200,8,600,2400,12,0,12,0.04192207753658295,0.005900000000000016,0.21423987502930686,1,0,9,0.0,0.08333333333333333,0.686690092086792
MaxLoss,7,0.4,0.0,50,50,3000,0,54,530,584,0.2201684195897542,0.14249999999999996,0.059542874980252236,0,0,51,0.25925925925925924,0.2777777777777778,0.8249627947807312
MaxLoss,7,0.4,0.0,100,100,3000,0,104,392,496,0.18919934157747775,0.09999999999999998,0.12254166597267613,0,0,101,0.28846153846153844,0.3557692307692308,0.8392429947853088
MaxLoss,7,0.4,0.0,200,200,3000,0,204,195,399,0.15475374640664086,0.05579999999999996,0.29548704100307077,0,1,201,0.25,0.36764705882352944,0.47134944796562195
PU-C,7,0.4,0.0,50,50,3000,0,54,596,650,0.24324911163421348,0.15880000000000005,0.27241749997483566,0,0,51,0.3333333333333333,0.37037037037037035,0.8183842897415161
PU-C,7,0.4,0.0,100,100,3000,0,104,549,653,0.24429553234949708,0.15080000000000005,0.5594819999532774,0,0,101,0.3173076923076923,0.3557692307692308,0.8564631938934326
PU-C,7,0.4,0.0,200,200,3000,0,204,301,505,0.19237787678139284,0.09289999999999998,1.14676499995403,0,1,201,0.3137254901960784,0.4068627450980392,0.41641414165496826
PU-F,7,0.4,0.0,50,50,3000,0,54,485,539,0.20436182245612144,0.12290000000000001,0.5830997499870136,0,0,51,0.2962962962962963,0.37037037037037035,0.7586889266967773
PU-F,7,0.4,0.0,100,100,3000,0,104,309,413,0.15974830387858674,0.07450000000000001,1.237734875001479,0,0,101,0.25,0.2980769230769231,0.722684383392334
PU-F,7,0.4,0.0,200,200,3000,0,204,231,435,0.16758031729841605,0.056400000000000006,2.383224292017985,0,1,201,0.20098039215686275,0.3137254901960784,0.495076447725296
PU-G,7,0.4,0.0,50,50,3000,0,54,358,412,0.15939182799775153,0.06640000000000001,0.4517879589693621,0,0,51,0.24074074074074073,0.42592592592592593,0.7291174530982971
PU-G,7,0.4,0.0,100,100,3000,0,104,342,446,0.17148905905196443,0.07210000000000005,1.018812166992575,0,0,101,0.33653846153846156,0.46153846153846156,0.7706735730171204
PU-G,7,0.4,0.0,200,200,3000,0,204,142,346,0.13576427032239735,0.02629999999999999,2.2015200839960016,0,1,201,0.23529411764705882,0.37254901960784315,0.5768117308616638
MaxLoss,7,0.4,0.1,50,50,2700,300,54,475,529,0.22280717577086762,0.13439999999999996,0.22053537500323728,0,0,51,0.2777777777777778,0.4444444444444444,0.9310302138328552
MaxLoss,7,0.4,0.1,100,100,2700,300,104,378,482,0.20441920193843544,0.10419999999999996,0.2864386670407839,0,0,101,0.27884615384615385,0.47115384615384615,0.9446813464164734
MaxLoss,7,0.4,0.1,200,200,2700,300,204,190,394,0.16974210395710543,0.05669999999999997,0.45193779200781137,0,1,201,0.3137254901960784,0.46568627450980393,0.5800223350524902
PU-C,7,0.4,0.1,50,50,2700,300,54,555,609,0.25392468296922743,0.16800000000000004,0.2984062500181608,0,0,51,0.4444444444444444,0.48148148148148145,0.9471214413642883
PU-C,7,0.4,0.1,100,100,2700,300,104,523,627,0.26089742680778727,0.17149999999999999,0.5463539999909699,0,0,101,0.2980769230769231,0.40384615384615385,0.9652528762817383
PU-C,7,0.4,0.1,200,200,2700,300,204,287,491,0.20794691058108583,0.08660000000000001,1.1742441660026088,0,1,201,0.25,0.4019607843137255,0.7557446956634521
PU-F,7,0.4,0.1,50,50,2700,300,54,365,419,0.17962965974584222,0.0917,0.42109249997884035,0,0,51,0.3888888888888889,0.42592592592592593,0.9339944124221802
PU-F,7,0.4,0.1,100,100,2700,300,104,335,439,0.1875182781368494,0.0897,0.9808131249737926,0,0,101,0.375,0.4326923076923077,0.9479274153709412
PU-F,7,0.4,0.1,200,200,2700,300,204,336,540,0.22709884430514649,0.10140000000000005,2.2175533329718746,0,1,201,0.30392156862745096,0.4068627450980392,0.7270068526268005
PU-G,7,0.4,0.1,50,50,2700,300,54,453,507,0.21421053999802098,0.13339999999999996,0.47299766703508794,0,0,51,0.42592592592592593,0.46296296296296297,0.8445051312446594
PU-G,7,0.4,0.1,100,100,2700,300,104,387,491,0.20794691058108583,0.12929999999999997,1.1222037500119768,0,0,101,0.3076923076923077,0.4230769230769231,0.8754622936248779
PU-G,7,0.4,0.1,200,200,2700,300,204,342,546,0.22943793522426859,0.09630000000000005,2.3441020420286804,0,1,201,0.3284313725490196,0.4264705882352941,0.7068619132041931
MaxLoss,7,0.4,0.2,50,50,2400,600,54,298,352,0.1719244908890687,0.08699999999999997,0.23675066599389538,0,0,51,0.25925925925925924,0.2777777777777778,0.8771412968635559
MaxLoss,7,0.4,0.2,100,100,2400,600,104,241,345,0.16879327822243795,0.07479999999999998,0.29415195796173066,0,0,101,0.21153846153846154,0.38461538461538464,0.8974328637123108
MaxLoss,7,0.4,0.2,200,200,2400,600,204,245,449,0.21500260173343122,0.09309999999999996,0.45615749998250976,0,1,201,0.28431372549019607,0.4166666666666667,0.64286869764328
PU-C,7,0.4,0.2,50,50,2400,600,54,382,436,0.20926007837988436,0.12009999999999998,0.3217657920322381,0,0,51,0.37037037037037035,0.3888888888888889,0.9046701788902283
PU-C,7,0.4,0.2,100,100,2400,600,104,356,460,0.21985490166116506,0.12749999999999995,0.5496326250140555,0,0,101,0.3173076923076923,0.4326923076923077,0.9283806681632996
PU-C,7,0.4,0.2,200,200,2400,600,204,129,333,0.16341753443703055,0.03720000000000001,1.0730054590385407,0,1,201,0.25980392156862747,0.39705882352941174,0.6366946697235107
PU-F,7,0.4,0.2,50,50,2400,600,54,391,445,0.21323660446796566,0.13119999999999998,0.452870334032923,0,0,51,0.4444444444444444,0.46296296296296297,0.8796999454498291
PU-F,7,0.4,0.2,100,100,2400,600,104,349,453,0.2167677812394686,0.12529999999999997,1.041903999983333,0,0,101,0.40384615384615385,0.41346153846153844,0.8999969959259033
PU-F,7,0.4,0.2,200,200,2400,600,204,250,454,0.21720894932514057,0.08050000000000002,2.2228830420062877,0,1,201,0.29901960784313725,0.3627450980392157,0.6136569380760193
PU-G,7,0.4,0.2,50,50,2400,600,54,267,321,0.15803136897739023,0.05500000000000005,0.45861966599477455,0,0,51,0.24074074074074073,0.2962962962962963,0.7800923585891724
PU-G,7,0.4,0.2,100,100,2400,600,104,290,394,0.1906446969951503,0.06999999999999995,0.9481376250041649,0,0,101,0.3076923076923077,0.33653846153846156,0.8182880878448486
PU-G,7,0.4,0.2,200,200,2400,600,204,182,386,0.1870874270098284,0.06340000000000001,2.1344273749855347,0,1,201,0.31862745098039214,0.36764705882352944,0.7006206512451172
MaxLoss,7,0.4,0.3,50,50,2100,900,54,247,301,0.17000865458976477,0.08760000000000001,0.26814549998380244,0,0,51,0.3333333333333333,0.46296296296296297,0.5766628980636597
MaxLoss,7,0.4,0.3,100,100,2100,900,104,174,278,0.15816644683945924,0.06610000000000005,0.3229000000283122,0,0,101,0.375,0.5,0.6424472332000732
MaxLoss,7,0.4,0.3,200,200,2100,900,204,91,295,0.1669245115481317,0.048799999999999955,0.4736240420024842,0,1,201,0.3431372549019608,0.5245098039215687,0.5785515904426575
PU-C,7,0.4,0.3,50,50,2100,900,54,321,375,0.20778290351154283,0.11070000000000002,0.32667295896681026,0,0,51,0.3333333333333333,0.4444444444444444,0.5925422310829163
PU-C,7,0.4,0.3,100,100,2100,900,104,225,329,0.1843565944582224,0.09130000000000005,0.4693769169971347,0,0,101,0.34615384615384615,0.46153846153846156,0.6251519918441772
PU-C,7,0.4,0.3,200,200,2100,900,204,78,282,0.16022985277231783,0.04239999999999999,0.9415022499742918,0,1,201,0.3284313725490196,0.44607843137254904,0.43350842595100403
PU-F,7,0.4,0.3,50,50,2100,900,54,305,359,0.19965378619963303,0.09930000000000005,0.40564833395183086,0,0,51,0.3148148148148148,0.4074074074074074,0.5580480694770813
PU-F,7,0.4,0.3,100,100,2100,900,104,230,334,0.18691134633263573,0.0837,0.6658520000055432,0,0,101,0.36538461538461536,0.47115384615384615,0.7474721074104309
PU-F,7,0.4,0.3,200,200,2100,900,204,106,310,0.17462837119819596,0.05269999999999997,1.5067513340036385,0,1,201,0.3333333333333333,0.43137254901960786,0.7225210666656494
PU-G,7,0.4,0.3,50,50,2100,900,54,198,252,0.14471137878717855,0.05830000000000002,0.4089880830142647,0,0,51,0.4444444444444444,0.5,0.7663744688034058
PU-G,7,0.4,0.3,100,100,2100,900,104,210,314,0.17667913727927953,0.10340000000000005,0.6874367910204455,0,0,101,0.33653846153846156,0.47115384615384615,0.7637959718704224
PU-G,7,0.4,0.3,200,200,2100,900,204,176,380,0.21031928167212754,0.07450000000000001,1.8075927500030957,0,1,201,0.3088235294117647,0.43137254901960786,0.5499283671379089
MaxLoss,7,0.4,0.4,50,50,1800,1200,54,253,307,0.201433458190877,0.10189999999999999,0.28947854199213907,0,0,51,0.2037037037037037,0.3148148148148148,0.9282687902450562
MaxLoss,7,0.4,0.4,100,100,1800,1200,104,211,315,0.20619942439952865,0.09350000000000003,0.339690166991204,0,0,101,0.28846153846153844,0.41346153846153844,0.9407839775085449
MaxLoss,7,0.4,0.4,200,200,1800,1200,204,111,315,0.20619942439952865,0.047699999999999965,0.48658825003076345,0,1,201,0.25980392156862747,0.3872549019607843,0.673393726348877
PU-C,7,0.4,0.4,50,50,1800,1200,54,218,272,0.18049256515223533,0.08460000000000001,0.32891308300895616,0,0,51,0.3333333333333333,0.3888888888888889,0.8587806224822998
PU-C,7,0.4,0.4,100,100,1800,1200,104,186,290,0.1912810236099176,0.08479999999999999,0.43532108300132677,0,0,101,0.2980769230769231,0.4326923076923077,0.8911230564117432
PU-C,7,0.4,0.4,200,200,1800,1200,204,83,287,0.1894857949228026,0.045399999999999996,0.8537835419992916,0,1,201,0.28921568627450983,0.4117647058823529,0.535801351070404
PU-F,7,0.4,0.4,50,50,1800,1200,54,333,387,0.24879268876975402,0.14670000000000005,0.4091551249730401,0,0,51,0.48148148148148145,0.5925925925925926,0.9269717335700989
PU-F,7,0.4,0.4,100,100,1800,1200,104,304,408,0.2611238536774181,0.14429999999999998,0.82185720797861,0,0,101,0.2692307692307692,0.4807692307692308,0.956629753112793
PU-F,7,0.4,0.4,200,200,1800,1200,204,137,341,0.2216403943602927,0.06510000000000005,1.6914692500140518,0,1,201,0.23529411764705882,0.35784313725490197,0.6557793617248535
PU-G,7,0.4,0.4,50,50,1800,1200,54,257,311,0.20381734904367477,0.10219999999999996,0.41951345797860995,0,0,51,0.2962962962962963,0.3148148148148148,0.8604914546012878
PU-G,7,0.4,0.4,100,100,1800,1200,104,177,281,0.18589196301763877,0.08430000000000004,0.602797958010342,0,0,101,0.20192307692307693,0.3076923076923077,0.86519855260849
PU-G,7,0.4,0.4,200,200,1800,1200,204,107,311,0.20381734904367477,0.055400000000000005,1.2198703329777345,0,1,201,0.28921568627450983,0.4068627450980392,0.7742018699645996
MaxLoss,7,0.4,0.5,50,50,1500,1500,54,158,212,0.17254476906964555,0.0786,0.30258733400842175,0,0,51,0.3333333333333333,0.5370370370370371,0.8584088683128357
MaxLoss,7,0.4,0.5,100,100,1500,1500,104,123,227,0.18344433302991092,0.07199999999999995,0.3518529590219259,0,0,101,0.34615384615384615,0.5288461538461539,0.8944632411003113
MaxLoss,7,0.4,0.5,200,200,1500,1500,204,57,261,0.20798240083968267,0.06410000000000005,0.48256508400663733,0,1,201,0.3137254901960784,0.4852941176470588,0.5630338191986084
PU-C,7,0.4,0.5,50,50,1500,1500,54,188,242,0.1942972094984725,0.09809999999999997,0.3545789170311764,0,0,51,0.2962962962962963,0.35185185185185186,0.8475363850593567
PU-C,7,0.4,0.5,100,100,1500,1500,104,147,251,0.20078795397421345,0.07909999999999995,0.4708914590300992,0,0,101,0.2980769230769231,0.5,0.8696637153625488
PU-C,7,0.4,0.5,200,200,1500,1500,204,36,240,0.19285272987326607,0.03620000000000001,0.8722104170010425,0,1,201,0.29901960784313725,0.4411764705882353,0.6733338832855225
PU-F,7,0.4,0.5,50,50,1500,1500,54,164,218,0.17691043694503605,0.08230000000000004,0.4154742920072749,0,0,51,0.3333333333333333,0.48148148148148145,0.8394856452941895
PU-F,7,0.4,0.5,100,100,1500,1500,104,128,232,0.18706696789013222,0.07950000000000002,0.5721162499976344,0,0,101,0.36538461538461536,0.5576923076923077,0.881883978843689
PU-F,7,0.4,0.5,200,200,1500,1500,204,44,248,0.19862606265814975,0.038900000000000046,1.114710042020306,0,1,201,0.28431372549019607,0.4362745098039216,0.7831447124481201
PU-G,7,0.4,0.5,50,50,1500,1500,54,162,216,0.1754560973495245,0.08699999999999997,0.40170716698048636,0,0,51,0.3148148148148148,0.4074074074074074,0.8190435171127319
PU-G,7,0.4,0.5,100,100,1500,1500,104,96,200,0.16378885135054588,0.06430000000000002,0.5262883749674074,0,0,101,0.25,0.38461538461538464,0.8345131278038025
PU-G,7,0.4,0.5,200,200,1500,1500,204,36,240,0.19285272987326607,0.03210000000000002,1.003675083979033,0,1,201,0.2647058823529412,0.39215686274509803,0.6608664393424988
MaxLoss,7,0.4,0.6,50,50,1200,1800,54,106,160,0.16729749087244272,0.0645,0.3302526249899529,0,0,51,0.37037037037037035,0.46296296296296297,0.763286292552948
MaxLoss,7,0.4,0.6,100,100,1200,1800,104,81,185,0.19022639485774562,0.061799999999999966,0.3784332500072196,0,0,101,0.33653846153846156,0.49038461538461536,0.7953598499298096
MaxLoss,7,0.4,0.6,200,200,1200,1800,204,8,212,0.21474302763817832,0.03820000000000001,0.5055932080140337,0,1,201,0.3333333333333333,0.46568627450980393,0.621444582939148
PU-C,7,0.4,0.6,50,50,1200,1800,54,130,184,0.18931370513746515,0.0867,0.37584295799024403,0,0,51,0.3333333333333333,0.4074074074074074,0.7104529738426208
PU-C,7,0.4,0.6,100,100,1200,1800,104,81,185,0.19022639485774562,0.061899999999999955,0.4550064579816535,0,0,101,0.34615384615384615,0.4326923076923077,0.7092679142951965
PU-C,7,0.4,0.6,200,200,1200,1800,204,38,242,0.24172747530974448,0.05900000000000005,0.6541747499722987,0,1,201,0.3235294117647059,0.4852941176470588,0.4129600524902344
PU-F,7,0.4,0.6,50,50,1200,1800,54,106,160,0.16729749087244272,0.06589999999999996,0.4234359580441378,0,0,51,0.4074074074074074,0.5,0.6971542835235596
PU-F,7,0.4,0.6,100,100,1200,1800,104,97,201,0.20478312554769218,0.07630000000000003,0.5406305420328863,0,0,101,0.28846153846153844,0.38461538461538464,0.7103811502456665
PU-F,7,0.4,0.6,200,200,1200,1800,204,10,214,0.21654995391145349,0.026499999999999968,0.7644036250421777,0,1,201,0.29411764705882354,0.4264705882352941,0.5451934337615967
PU-G,7,0.4,0.6,50,50,1200,1800,54,85,139,0.14783641381654888,0.04159999999999997,0.4060841670143418,0,0,51,0.35185185185185186,0.4074074074074074,0.7825418710708618
PU-G,7,0.4,0.6,100,100,1200,1800,104,55,159,0.166375205561053,0.03410000000000002,0.6666926670004614,0,0,101,0.2692307692307692,0.3942307692307692,0.7260604500770569
PU-G,7,0.4,0.6,200,200,1200,1800,204,6,210,0.21293490118114278,0.019499999999999962,0.9438487089937553,0,1,201,0.27941176470588236,0.46568627450980393,0.5438591837882996
MaxLoss,7,0.4,0.7,50,50,900,2100,54,117,171,0.23500855593010783,0.11260000000000003,0.3625435830326751,0,0,51,0.2777777777777778,0.48148148148148145,0.7021414637565613
MaxLoss,7,0.4,0.7,100,100,900,2100,104,66,170,0.23379808117169887,0.09109999999999996,0.4055697920266539,0,0,101,0.2980769230769231,0.47115384615384615,0.6970024108886719
MaxLoss,7,0.4,0.7,200,154,900,2100,158,0,158,0.21922721673035994,0.027000000000000024,0.4705020830151625,1,0,155,0.27848101265822783,0.4873417721518987,0.6149852275848389
PU-C,7,0.4,0.7,50,50,900,2100,54,106,160,0.22166162973735482,0.10060000000000002,0.40920416702283546,0,0,51,0.3333333333333333,0.5185185185185185,0.6994329690933228
PU-C,7,0.4,0.7,100,100,900,2100,104,63,167,0.2301632518065162,0.08220000000000005,0.47094966704025865,0,0,101,0.3173076923076923,0.4326923076923077,0.7304309010505676
PU-C,7,0.4,0.7,200,141,900,2100,145,0,145,0.20334210782311857,0.02969999999999995,0.5361863340367563,1,0,142,0.30344827586206896,0.4482758620689655,0.7055836915969849
PU-F,7,0.4,0.7,50,50,900,2100,54,80,134,0.1898119124234654,0.06899999999999995,0.43107237498043105,0,0,51,0.24074074074074073,0.3888888888888889,0.7326897382736206
PU-F,7,0.4,0.7,100,100,900,2100,104,48,152,0.21190912049496546,0.055300000000000016,0.5162137500010431,0,0,101,0.28846153846153844,0.5,0.7450040578842163
PU-F,7,0.4,0.7,200,145,900,2100,149,0,149,0.2082414868636988,0.0252,0.5965441250009462,1,0,146,0.2751677852348993,0.4697986577181208,0.7070592045783997
PU-G,7,0.4,0.7,50,50,900,2100,54,102,156,0.21679035149281844,0.08840000000000003,0.43808995897416025,0,0,51,0.2777777777777778,0.37037037037037035,0.6921972036361694
PU-G,7,0.4,0.7,100,100,900,2100,104,70,174,0.23863662569783628,0.07530000000000003,0.5351753339637071,0,0,101,0.2403846153846154,0.36538461538461536,0.7325896620750427
PU-G,7,0.4,0.7,200,194,900,2100,198,0,198,0.26748987671453506,0.029000000000000026,0.7165696669835597,1,0,195,0.21717171717171718,0.398989898989899,0.5641570091247559
MaxLoss,7,0.4,0.8,50,50,600,2400,54,28,82,0.1850007834727876,0.05720000000000003,0.383696915989276,0,0,51,0.3333333333333333,0.5185185185185185,0.8333181738853455
MaxLoss,7,0.4,0.8,100,100,600,2400,104,0,104,0.22632701823022217,0.04590000000000005,0.42304487503133714,1,0,101,0.3076923076923077,0.4807692307692308,0.8583149313926697
MaxLoss,7,0.4,0.8,200,100,600,2400,104,0,104,0.22632701823022217,0.04590000000000005,0.42599958303617314,1,0,101,0.3076923076923077,0.4807692307692308,0.8583149313926697
PU-C,7,0.4,0.8,50,50,600,2400,54,49,103,0.2244679315481335,0.0826,0.26774616597685963,0,0,51,0.2777777777777778,0.46296296296296297,0.8651267886161804
PU-C,7,0.4,0.8,100,100,600,2400,104,24,128,0.2704768336843699,0.07269999999999999,0.32475520798470825,0,0,101,0.3173076923076923,0.4807692307692308,0.895903468132019
PU-C,7,0.4,0.8,200,124,600,2400,128,0,128,0.2704768336843699,0.05740000000000001,0.3567515829927288,1,0,125,0.28125,0.46875,0.8989676833152771
PU-F,7,0.4,0.8,50,50,600,2400,54,27,81,0.1830990114249289,0.050899999999999945,0.30210149998310953,0,0,51,0.2962962962962963,0.48148148148148145,0.7781772017478943
PU-F,7,0.4,0.8,100,87,600,2400,91,0,91,0.20202032779343426,0.028299999999999992,0.34904699999606237,1,0,88,0.32967032967032966,0.4835164835164835,0.8303074836730957
PU-F,7,0.4,0.8,200,87,600,2400,91,0,91,0.20202032779343426,0.028299999999999992,0.3519946659798734,1,0,88,0.32967032967032966,0.4835164835164835,0.8303074836730957
PU-G,7,0.4,0.8,50,50,600,2400,54,36,90,0.2001374858082272,0.0605,0.2891785830142908,0,0,51,0.2222222222222222,0.3333333333333333,0.7316399812698364
PU-G,7,0.4,0.8,100,97,600,2400,101,0,101,0.22074463200988248,0.030200000000000005,0.35092658299254254,1,0,98,0.32673267326732675,0.42574257425742573,0.6966423392295837
PU-G,7,0.4,0.8,200,97,600,2400,101,0,101,0.22074463200988248,0.030200000000000005,0.3534257499850355,1,0,98,0.32673267326732675,0.42574257425742573,0.6966423392295837
MaxLoss,8,0.0,0.0,50,50,3000,0,54,114,168,0.0706548429443501,0.04169999999999996,0.0709930409793742,0,0,51,0.0,0.09259259259259259,0.8603397607803345
MaxLoss,8,0.0,0.0,100,100,3000,0,104,8,112,0.04944029700709507,0.0232,0.14478166599292308,0,0,101,0.0,0.0673076923076923,0.8723248243331909
MaxLoss,8,0.0,0.0,200,108,3000,0,112,0,112,0.04944029700709507,0.01959999999999995,0.1588072910089977,1,0,109,0.0,0.0625,0.8690922856330872
PU-C,8,0.0,0.0,50,50,3000,0,54,80,134,0.0578422054531984,0.03539999999999999,0.10358858300605789,0,0,51,0.0,0.07407407407407407,0.8035646677017212
PU-C,8,0.0,0.0,100,98,3000,0,102,0,102,0.0455846541444771,0.019399999999999973,0.1939665829995647,1,0,99,0.0,0.049019607843137254,0.8123669028282166
PU-C,8,0.0,0.0,200,98,3000,0,102,0,102,0.0455846541444771,0.019399999999999973,0.19709187501575798,1,0,99,0.0,0.049019607843137254,0.8123669028282166
PU-F,8,0.0,0.0,50,50,3000,0,54,121,175,0.07327152288053185,0.035499999999999976,0.20271541696274653,0,0,51,0.0,0.05555555555555555,0.7958365678787231
PU-F,8,0.0,0.0,100,100,3000,0,104,15,119,0.052124831709079444,0.012499999999999956,0.3200555839575827,0,0,101,0.0,0.08653846153846154,0.8401457667350769
PU-F,8,0.0,0.0,200,122,3000,0,126,0,126,0.05479860055493191,0.011600000000000055,0.364741041965317,1,0,123,0.0,0.0873015873015873,0.832744836807251
PU-G,8,0.0,0.0,50,50,3000,0,54,55,109,0.048286255972925574,0.019499999999999962,0.19705791701562703,0,0,51,0.0,0.07407407407407407,0.77253258228302
PU-G,8,0.0,0.0,100,89,3000,0,93,0,93,0.04209134931443259,0.009700000000000042,0.28561775002162904,1,0,90,0.0,0.0967741935483871,0.7814072370529175
PU-G,8,0.0,0.0,200,89,3000,0,93,0,93,0.04209134931443259,0.009700000000000042,0.28865320899058133,1,0,90,0.0,0.0967741935483871,0.7814072370529175
MaxLoss,8,0.0,0.1,50,50,2700,300,54,0,54,0.02954495867015794,0.007099999999999995,0.10354704200290143,1,0,51,0.0,0.05555555555555555,0.9318569302558899
MaxLoss,8,0.0,0.1,100,50,2700,300,54,0,54,0.02954495867015794,0.007099999999999995,0.10604899999452755,1,0,51,0.0,0.05555555555555555,0.9318569302558899
MaxLoss,8,0.0,0.1,200,50,2700,300,54,0,54,0.02954495867015794,0.007099999999999995,0.10826379200443625,1,0,51,0.0,0.05555555555555555,0.9318569302558899
PU-C,8,0.0,0.1,50,50,2700,300,54,4,58,0.031346929899882525,0.011800000000000033,0.11707016604486853,0,0,51,0.0,0.05555555555555555,0.8965097665786743
PU-C,8,0.0,0.1,100,58,2700,300,62,0,62,0.03313811658881605,0.011299999999999977,0.13281662500230595,1,0,59,0.0,0.06451612903225806,0.8991556763648987
PU-C,8,0.0,0.1,200,58,2700,300,62,0,62,0.03313811658881605,0.011299999999999977,0.13531195803079754,1,0,59,0.0,0.06451612903225806,0.8991556763648987
PU-F,8,0.0,0.1,50,50,2700,300,54,31,85,0.04326956678414717,0.012800000000000034,0.12006174999987707,0,0,51,0.0,0.05555555555555555,0.9167500734329224
PU-F,8,0.0,0.1,100,59,2700,300,63,0,63,0.03358434548135847,0.012299999999999978,0.13721345795784146,1,0,60,0.0,0.047619047619047616,0.9074308276176453
PU-F,8,0.0,0.1,200,59,2700,300,63,0,63,0.03358434548135847,0.012299999999999978,0.13936395797645673,1,0,60,0.0,0.047619047619047616,0.9074308276176453
PU-G,8,0.0,0.1,50,41,2700,300,45,0,45,0.025444759579841048,0.010199999999999987,0.11317504197359085,1,0,42,0.0,0.15555555555555556,0.8705963492393494
PU-G,8,0.0,0.1,100,41,2700,300,45,0,45,0.025444759579841048,0.010199999999999987,0.11551187501754612,1,0,42,0.0,0.15555555555555556,0.8705963492393494
PU-G,8,0.0,0.1,200,41,2700,300,45,0,45,0.025444759579841048,0.010199999999999987,0.1178097499650903,1,0,42,0.0,0.15555555555555556,0.8705963492393494
MaxLoss,8,0.0,0.2,50,31,2400,600,35,0,35,0.023383291845675558,0.008299999999999974,0.08673883299343288,1,0,32,0.0,0.05714285714285714,0.880046546459198
MaxLoss,8,0.0,0.2,100,31,2400,600,35,0,35,0.023383291845675558,0.008299999999999974,0.08911854098550975,1,0,32,0.0,0.05714285714285714,0.880046546459198
MaxLoss,8,0.0,0.2,200,31,2400,600,35,0,35,0.023383291845675558,0.008299999999999974,0.09128429100383073,1,0,32,0.0,0.05714285714285714,0.880046546459198
PU-C,8,0.0,0.2,50,25,2400,600,29,0,29,0.02017558040097356,0.0043999999999999595,0.08716975001152605,1,0,26,0.0,0.06896551724137931,0.8572350740432739
PU-C,8,0.0,0.2,100,25,2400,600,29,0,29,0.02017558040097356,0.0043999999999999595,0.08921991701936349,1,0,26,0.0,0.06896551724137931,0.8572350740432739
PU-C,8,0.0,0.2,200,25,2400,600,29,0,29,0.02017558040097356,0.0043999999999999595,0.09149141702800989,1,0,26,0.0,0.06896551724137931,0.8572350740432739
PU-F,8,0.0,0.2,50,29,2400,600,33,0,33,0.022321024269331247,0.0043999999999999595,0.09838149999268353,1,0,30,0.0,0.09090909090909091,0.8719716668128967
PU-F,8,0.0,0.2,100,29,2400,600,33,0,33,0.022321024269331247,0.0043999999999999595,0.10037495801225305,1,0,30,0.0,0.09090909090909091,0.8719716668128967
PU-F,8,0.0,0.2,200,29,2400,600,33,0,33,0.022321024269331247,0.0043999999999999595,0.10251154098659754,1,0,30,0.0,0.09090909090909091,0.8719716668128967
PU-G,8,0.0,0.2,50,41,2400,600,45,0,45,0.02860994538059458,0.009499999999999953,0.1555167919723317,1,0,42,0.0,0.06666666666666667,0.8794971108436584
PU-G,8,0.0,0.2,100,41,2400,600,45,0,45,0.02860994538059458,0.009499999999999953,0.1578369999770075,1,0,42,0.0,0.06666666666666667,0.8794971108436584
PU-G,8,0.0,0.2,200,41,2400,600,45,0,45,0.02860994538059458,0.009499999999999953,0.15995224996004254,1,0,42,0.0,0.06666666666666667,0.8794971108436584
MaxLoss,8,0.0,0.3,50,28,2100,900,32,0,32,0.024885034887120128,0.007000000000000006,0.11310333298752084,1,0,29,0.0,0.0625,0.8626513481140137
MaxLoss,8,0.0,0.3,100,28,2100,900,32,0,32,0.024885034887120128,0.007000000000000006,0.11543725000228733,1,0,29,0.0,0.0625,0.8626513481140137
MaxLoss,8,0.0,0.3,200,28,2100,900,32,0,32,0.024885034887120128,0.007000000000000006,0.1179145000060089,1,0,29,0.0,0.0625,0.8626513481140137
PU-C,8,0.0,0.3,50,37,2100,900,41,0,41,0.03030511160613969,0.008600000000000052,0.13319804199272767,1,0,38,0.0,0.024390243902439025,0.8748030662536621
PU-C,8,0.0,0.3,100,37,2100,900,41,0,41,0.03030511160613969,0.008600000000000052,0.13573562499368563,1,0,38,0.0,0.024390243902439025,0.8748030662536621
PU-C,8,0.0,0.3,200,37,2100,900,41,0,41,0.03030511160613969,0.008600000000000052,0.1380642500007525,1,0,38,0.0,0.024390243902439025,0.8748030662536621
PU-F,8,0.0,0.3,50,32,2100,900,36,0,36,0.027310927340295166,0.006900000000000017,0.1300774589763023,1,0,33,0.0,0.08333333333333333,0.8595117926597595
PU-F,8,0.0,0.3,100,32,2100,900,36,0,36,0.027310927340295166,0.006900000000000017,0.1323146250215359,1,0,33,0.0,0.08333333333333333,0.8595117926597595
PU-F,8,0.0,0.3,200,32,2100,900,36,0,36,0.027310927340295166,0.006900000000000017,0.13446470897179097,1,0,33,0.0,0.08333333333333333,0.8595117926597595
PU-G,8,0.0,0.3,50,36,2100,900,40,0,40,0.02970933628967032,0.006900000000000017,0.13568345800740644,1,0,37,0.0,0.025,0.8723917007446289
PU-G,8,0.0,0.3,100,36,2100,900,40,0,40,0.02970933628967032,0.006900000000000017,0.1378194999997504,1,0,37,0.0,0.025,0.8723917007446289
PU-G,8,0.0,0.3,200,36,2100,900,40,0,40,0.02970933628967032,0.006900000000000017,0.13971775001846254,1,0,37,0.0,0.025,0.8723917007446289
MaxLoss,8,0.0,0.4,50,14,1800,1200,18,0,18,0.01875582296634093,0.006099999999999994,0.12111450004158542,1,0,15,0.0,0.0,0.8273621797561646
MaxLoss,8,0.0,0.4,100,14,1800,1200,18,0,18,0.01875582296634093,0.006099999999999994,0.12336729100206867,1,0,15,0.0,0.0,0.8273621797561646
MaxLoss,8,0.0,0.4,200,14,1800,1200,18,0,18,0.01875582296634093,0.006099999999999994,0.1252977080293931,1,0,15,0.0,0.0,0.8273621797561646
PU-C,8,0.0,0.4,50,12,1800,1200,16,0,16,0.017224108625669032,0.005800000000000027,0.12326199997914955,1,0,13,0.0,0.0,0.805318295955658
PU-C,8,0.0,0.4,100,12,1800,1200,16,0,16,0.017224108625669032,0.005800000000000027,0.12523970799520612,1,0,13,0.0,0.0,0.805318295955658
PU-C,8,0.0,0.4,200,12,1800,1200,16,0,16,0.017224108625669032,0.005800000000000027,0.12736787501489744,1,0,13,0.0,0.0,0.805318295955658
PU-F,8,0.0,0.4,50,18,1800,1200,22,0,22,0.021758200775366277,0.005099999999999993,0.13032779097557068,1,0,19,0.0,0.045454545454545456,0.8167023658752441
PU-F,8,0.0,0.4,100,18,1800,1200,22,0,22,0.021758200775366277,0.005099999999999993,0.13269758300157264,1,0,19,0.0,0.045454545454545456,0.8167023658752441
PU-F,8,0.0,0.4,200,18,1800,1200,22,0,22,0.021758200775366277,0.005099999999999993,0.1348524159984663,1,0,19,0.0,0.045454545454545456,0.8167023658752441
PU-G,8,0.0,0.4,50,20,1800,1200,24,0,24,0.023234111547935754,0.0049000000000000155,0.13385570899117738,1,0,21,0.0,0.0,0.8111726641654968
PU-G,8,0.0,0.4,100,20,1800,1200,24,0,24,0.023234111547935754,0.0049000000000000155,0.13603066699579358,1,0,21,0.0,0.0,0.8111726641654968
PU-G,8,0.0,0.4,200,20,1800,1200,24,0,24,0.023234111547935754,0.0049000000000000155,0.1382486670045182,1,0,21,0.0,0.0,0.8111726641654968
MaxLoss,8,0.0,0.5,50,14,1500,1500,18,0,18,0.022487208247184753,0.006700000000000039,0.14159366599051282,1,0,15,0.0,0.05555555555555555,0.8272807002067566
MaxLoss,8,0.0,0.5,100,14,1500,1500,18,0,18,0.022487208247184753,0.006700000000000039,0.14380575000541285,1,0,15,0.0,0.05555555555555555,0.8272807002067566
MaxLoss,8,0.0,0.5,200,14,1500,1500,18,0,18,0.022487208247184753,0.006700000000000039,0.14591645798645914,1,0,15,0.0,0.05555555555555555,0.8272807002067566
PU-C,8,0.0,0.5,50,18,1500,1500,22,0,22,0.02608497691107914,0.005299999999999971,0.1496010419796221,1,0,19,0.0,0.045454545454545456,0.8532323837280273
PU-C,8,0.0,0.5,100,18,1500,1500,22,0,22,0.02608497691107914,0.005299999999999971,0.15192116698017344,1,0,19,0.0,0.045454545454545456,0.8532323837280273
PU-C,8,0.0,0.5,200,18,1500,1500,22,0,22,0.02608497691107914,0.005299999999999971,0.15415991697227582,1,0,19,0.0,0.045454545454545456,0.8532323837280273
PU-F,8,0.0,0.5,50,20,1500,1500,24,0,24,0.027853417966980487,0.00649999999999995,0.1542126249987632,1,0,21,0.0,0.041666666666666664,0.8438724875450134
PU-F,8,0.0,0.5,100,20,1500,1500,24,0,24,0.027853417966980487,0.00649999999999995,0.15668737498344854,1,0,21,0.0,0.041666666666666664,0.8438724875450134
PU-F,8,0.0,0.5,200,20,1500,1500,24,0,24,0.027853417966980487,0.00649999999999995,0.15876166697125882,1,0,21,0.0,0.041666666666666664,0.8438724875450134
PU-G,8,0.0,0.5,50,24,1500,1500,28,0,28,0.03134069964289665,0.0040000000000000036,0.16204362496500835,1,0,25,0.0,0.07142857142857142,0.8324887156486511
PU-G,8,0.0,0.5,100,24,1500,1500,28,0,28,0.03134069964289665,0.0040000000000000036,0.16415754100307822,1,0,25,0.0,0.07142857142857142,0.8324887156486511
PU-G,8,0.0,0.5,200,24,1500,1500,28,0,28,0.03134069964289665,0.0040000000000000036,0.16628904099343345,1,0,25,0.0,0.07142857142857142,0.8324887156486511
MaxLoss,8,0.0,0.6,50,13,1200,1800,17,0,17,0.026931294472888112,0.00539999999999996,0.1687272500130348,1,0,14,0.0,0.11764705882352941,0.8275201916694641
MaxLoss,8,0.0,0.6,100,13,1200,1800,17,0,17,0.026931294472888112,0.00539999999999996,0.17106320796301588,1,0,14,0.0,0.11764705882352941,0.8275201916694641
MaxLoss,8,0.0,0.6,200,13,1200,1800,17,0,17,0.026931294472888112,0.00539999999999996,0.1732600419782102,1,0,14,0.0,0.11764705882352941,0.8275201916694641
PU-C,8,0.0,0.6,50,13,1200,1800,17,0,17,0.026931294472888112,0.007000000000000006,0.17243299999972805,1,0,14,0.0,0.058823529411764705,0.7827593088150024
PU-C,8,0.0,0.6,100,13,1200,1800,17,0,17,0.026931294472888112,0.007000000000000006,0.17505958303809166,1,0,14,0.0,0.058823529411764705,0.7827593088150024
PU-C,8,0.0,0.6,200,13,1200,1800,17,0,17,0.026931294472888112,0.007000000000000006,0.17700362502364442,1,0,14,0.0,0.058823529411764705,0.7827593088150024
PU-F,8,0.0,0.6,50,12,1200,1800,16,0,16,0.025781950331293046,0.005099999999999993,0.1717778749880381,1,0,13,0.0,0.125,0.794052243232727
PU-F,8,0.0,0.6,100,12,1200,1800,16,0,16,0.025781950331293046,0.005099999999999993,0.17381358303828165,1,0,13,0.0,0.125,0.794052243232727
PU-F,8,0.0,0.6,200,12,1200,1800,16,0,16,0.025781950331293046,0.005099999999999993,0.17575045803096145,1,0,13,0.0,0.125,0.794052243232727
PU-G,8,0.0,0.6,50,10,1200,1800,14,0,14,0.023453966539818794,0.0040000000000000036,0.1692161249811761,1,0,11,0.0,0.14285714285714285,0.7391137480735779
PU-G,8,0.0,0.6,100,10,1200,1800,14,0,14,0.023453966539818794,0.0040000000000000036,0.17145945795346051,1,0,11,0.0,0.14285714285714285,0.7391137480735779
PU-G,8,0.0,0.6,200,10,1200,1800,14,0,14,0.023453966539818794,0.0040000000000000036,0.17338583298260346,1,0,11,0.0,0.14285714285714285,0.7391137480735779
MaxLoss,8,0.0,0.7,50,13,900,2100,17,0,17,0.03583114157663658,0.00539999999999996,0.19102575001306832,1,0,14,0.0,0.0,0.8160920739173889
MaxLoss,8,0.0,0.7,100,13,900,2100,17,0,17,0.03583114157663658,0.00539999999999996,0.19307983299950138,1,0,14,0.0,0.0,0.8160920739173889
MaxLoss,8,0.0,0.7,200,13,900,2100,17,0,17,0.03583114157663658,0.00539999999999996,0.19516816700343043,1,0,14,0.0,0.0,0.8160920739173889
PU-C,8,0.0,0.7,50,9,900,2100,13,0,13,0.029640178836416453,0.0027000000000000357,0.19050762499682605,1,0,10,0.0,0.0,0.7223976850509644
PU-C,8,0.0,0.7,100,9,900,2100,13,0,13,0.029640178836416453,0.0027000000000000357,0.19278899999335408,1,0,10,0.0,0.0,0.7223976850509644
PU-C,8,0.0,0.7,200,9,900,2100,13,0,13,0.029640178836416453,0.0027000000000000357,0.1948545000050217,1,0,10,0.0,0.0,0.7223976850509644
PU-F,8,0.0,0.7,50,17,900,2100,21,0,21,0.041832362359855324,0.006399999999999961,0.20066941698314622,1,0,18,0.0,0.0,0.8259852528572083
PU-F,8,0.0,0.7,100,17,900,2100,21,0,21,0.041832362359855324,0.006399999999999961,0.2027349999989383,1,0,18,0.0,0.0,0.8259852528572083
PU-F,8,0.0,0.7,200,17,900,2100,21,0,21,0.041832362359855324,0.006399999999999961,0.20483724999940023,1,0,18,0.0,0.0,0.8259852528572083
PU-G,8,0.0,0.7,50,13,900,2100,17,0,17,0.03583114157663658,0.006199999999999983,0.1959817919996567,1,0,14,0.0,0.0,0.7679833769798279
PU-G,8,0.0,0.7,100,13,900,2100,17,0,17,0.03583114157663658,0.006199999999999983,0.19863945798715577,1,0,14,0.0,0.0,0.7679833769798279
PU-G,8,0.0,0.7,200,13,900,2100,17,0,17,0.03583114157663658,0.006199999999999983,0.20068770798388869,1,0,14,0.0,0.0,0.7679833769798279
MaxLoss,8,0.0,0.8,50,1,600,2400,5,0,5,0.024279373232275248,0.0038000000000000256,0.2012253329739906,1,0,2,0.0,0.0,0.4567878842353821
MaxLoss,8,0.0,0.8,100,1,600,2400,5,0,5,0.024279373232275248,0.0038000000000000256,0.20354745798977092,1,0,2,0.0,0.0,0.4567878842353821
MaxLoss,8,0.0,0.8,200,1,600,2400,5,0,5,0.024279373232275248,0.0038000000000000256,0.20555833296384662,1,0,2,0.0,0.0,0.4567878842353821
PU-C,8,0.0,0.8,50,1,600,2400,5,0,5,0.024279373232275248,0.0040000000000000036,0.20086629199795425,1,0,2,0.0,0.0,0.4664744436740875
PU-C,8,0.0,0.8,100,1,600,2400,5,0,5,0.024279373232275248,0.0040000000000000036,0.2030791250290349,1,0,2,0.0,0.0,0.4664744436740875
PU-C,8,0.0,0.8,200,1,600,2400,5,0,5,0.024279373232275248,0.0040000000000000036,0.20515187503769994,1,0,2,0.0,0.0,0.4664744436740875
PU-F,8,0.0,0.8,50,5,600,2400,9,0,9,0.03463902446674183,0.0018000000000000238,0.20567566703539342,1,0,6,0.0,0.0,0.5886855125427246
PU-F,8,0.0,0.8,100,5,600,2400,9,0,9,0.03463902446674183,0.0018000000000000238,0.2078911670250818,1,0,6,0.0,0.0,0.5886855125427246
PU-F,8,0.0,0.8,200,5,600,2400,9,0,9,0.03463902446674183,0.0018000000000000238,0.21023062500171363,1,0,6,0.0,0.0,0.5886855125427246
PU-G,8,0.0,0.8,50,2,600,2400,6,0,6,0.026965588273014873,0.0017000000000000348,0.2026593330083415,1,0,3,0.0,0.0,0.5364326238632202
PU-G,8,0.0,0.8,100,2,600,2400,6,0,6,0.026965588273014873,0.0017000000000000348,0.20487700001103804,1,0,3,0.0,0.0,0.5364326238632202
PU-G,8,0.0,0.8,200,2,600,2400,6,0,6,0.026965588273014873,0.0017000000000000348,0.2069353330298327,1,0,3,0.0,0.0,0.5364326238632202
MaxLoss,8,0.4,0.0,50,50,3000,0,54,599,653,0.24429553234949708,0.1723,0.059939707978628576,0,0,51,0.37037037037037035,0.4074074074074074,0.80955570936203
MaxLoss,8,0.4,0.0,100,100,3000,0,104,509,613,0.2303242579801008,0.14470000000000005,0.1227325419895351,0,0,101,0.33653846153846156,0.46153846153846156,0.8163371682167053
MaxLoss,8,0.4,0.0,200,200,3000,0,204,175,379,0.14760361140361056,0.04400000000000004,0.2956769169541076,0,1,201,0.31862745098039214,0.46568627450980393,0.5507029294967651
PU-C,8,0.4,0.0,50,50,3000,0,54,546,600,0.22577449848176911,0.15200000000000002,0.3065779579919763,0,0,51,0.2777777777777778,0.3148148148148148,0.7650526165962219
PU-C,8,0.4,0.0,100,100,3000,0,104,546,650,0.24324911163421348,0.16090000000000004,0.5511716660112143,0,0,101,0.27884615384615385,0.3557692307692308,0.7708948850631714
PU-C,8,0.4,0.0,200,200,3000,0,204,348,552,0.20893434656318277,0.10099999999999998,1.1740513750119135,0,1,201,0.29901960784313725,0.37745098039215685,0.37427449226379395
PU-F,8,0.4,0.0,50,50,3000,0,54,427,481,0.18389564589597285,0.09540000000000004,0.5815011660452001,0,0,51,0.18518518518518517,0.2222222222222222,0.6468161940574646
PU-F,8,0.4,0.0,100,100,3000,0,104,308,412,0.15939182799775153,0.06379999999999997,1.2806266660336405,0,0,101,0.16346153846153846,0.3076923076923077,0.6472301483154297
PU-F,8,0.4,0.0,200,200,3000,0,204,276,480,0.1835417879628949,0.08109999999999995,2.4748939580167644,0,1,201,0.22549019607843138,0.3627450980392157,0.5449703335762024
PU-G,8,0.4,0.0,50,50,3000,0,54,530,584,0.2201684195897542,0.14029999999999998,0.6217968750279397,0,0,51,0.4074074074074074,0.42592592592592593,0.8090932965278625
PU-G,8,0.4,0.0,100,100,3000,0,104,436,540,0.204713738465216,0.11019999999999996,1.3792133340029977,0,0,101,0.22115384615384615,0.36538461538461536,0.7960584163665771
PU-G,8,0.4,0.0,200,200,3000,0,204,387,591,0.22262195614166558,0.09340000000000004,2.6959013750310987,0,1,201,0.19607843137254902,0.3480392156862745,0.47768932580947876
MaxLoss,8,0.4,0.1,50,50,2700,300,54,536,590,0.24655353667913005,0.16779999999999995,0.21973166696261615,0,0,51,0.2777777777777778,0.46296296296296297,0.8954895734786987
MaxLoss,8,0.4,0.1,100,100,2700,300,104,445,549,0.23060700541827828,0.14290000000000003,0.2873356249765493,0,0,101,0.23076923076923078,0.3557692307692308,0.9341985583305359
MaxLoss,8,0.4,0.1,200,200,2700,300,204,212,416,0.17844475840684026,0.061899999999999955,0.45266333397012204,0,1,201,0.28921568627450983,0.39705882352941174,0.659111499786377
PU-C,8,0.4,0.1,50,50,2700,300,54,480,534,0.22475847357418388,0.14959999999999996,0.30640495801344514,0,0,51,0.25925925925925924,0.37037037037037035,0.9001442790031433
PU-C,8,0.4,0.1,100,100,2700,300,104,405,509,0.21499280107673258,0.12760000000000005,0.5917633330100216,0,0,101,0.3173076923076923,0.4230769230769231,0.9018012881278992
PU-C,8,0.4,0.1,200,200,2700,300,204,178,382,0.16498490766389295,0.06000000000000005,1.1707684160210192,0,1,201,0.30392156862745096,0.4264705882352941,0.6063737869262695
PU-F,8,0.4,0.1,50,50,2700,300,54,418,472,0.20049569447292015,0.12309999999999999,0.5723288750159554,0,0,51,0.2222222222222222,0.2962962962962963,0.7738007307052612
PU-F,8,0.4,0.1,100,100,2700,300,104,358,462,0.1965680605499074,0.10309999999999997,1.1897045419900678,0,0,101,0.27884615384615385,0.33653846153846156,0.7663162350654602
PU-F,8,0.4,0.1,200,200,2700,300,204,261,465,0.1977467899559997,0.06379999999999997,2.2742000420112163,0,1,201,0.2549019607843137,0.3137254901960784,0.6025035977363586
PU-G,8,0.4,0.1,50,50,2700,300,54,287,341,0.1486718078958802,0.0625,0.47057137498632073,0,0,51,0.4074074074074074,0.5370370370370371,0.8328404426574707
PU-G,8,0.4,0.1,100,100,2700,300,104,297,401,0.1725137293105945,0.0786,1.0893051250022836,0,0,101,0.2692307692307692,0.33653846153846156,0.8479118943214417
PU-G,8,0.4,0.1,200,200,2700,300,204,308,512,0.21616590849589556,0.08740000000000003,2.384786415961571,0,1,201,0.2549019607843137,0.3137254901960784,0.6465967893600464
MaxLoss,8,0.4,0.2,50,50,2400,600,54,359,413,0.19907817000057548,0.12009999999999998,0.23489966697525233,0,0,51,0.2037037037037037,0.37037037037037035,0.8716627955436707
MaxLoss,8,0.4,0.2,100,100,2400,600,104,329,433,0.2079336239839904,0.11419999999999997,0.29029983398504555,0,0,101,0.28846153846153844,0.375,0.8975762724876404
MaxLoss,8,0.4,0.2,200,200,2400,600,204,181,385,0.18664249702123925,0.052200000000000024,0.4485200839699246,0,1,201,0.29411764705882354,0.37254901960784315,0.5354306101799011
PU-C,8,0.4,0.2,50,50,2400,600,54,453,507,0.24052144365850836,0.14059999999999995,0.3264469589921646,0,0,51,0.3333333333333333,0.3888888888888889,0.8351706266403198
PU-C,8,0.4,0.2,100,100,2400,600,104,417,521,0.24665782583178952,0.13370000000000004,0.5602170000202022,0,0,101,0.38461538461538464,0.46153846153846156,0.877102255821228
PU-C,8,0.4,0.2,200,200,2400,600,204,182,386,0.1870874270098284,0.06830000000000003,1.0880742919980548,0,1,201,0.3333333333333333,0.45588235294117646,0.6375491619110107
PU-F,8,0.4,0.2,50,50,2400,600,54,395,449,0.21500260173343122,0.11270000000000002,0.4787407499970868,0,0,51,0.2777777777777778,0.3148148148148148,0.7091630697250366
PU-F,8,0.4,0.2,100,100,2400,600,104,342,446,0.21367818088037893,0.09589999999999999,0.9900211659842171,0,0,101,0.25,0.38461538461538464,0.6946166157722473
PU-F,8,0.4,0.2,200,200,2400,600,204,153,357,0.17415903642540798,0.03539999999999999,1.9168534159543924,0,1,201,0.23039215686274508,0.3627450980392157,0.4833589196205139
PU-G,8,0.4,0.2,50,50,2400,600,54,334,388,0.18797710502985865,0.09899999999999998,0.455702833016403,0,0,51,0.2037037037037037,0.25925925925925924,0.7212600708007812
PU-G,8,0.4,0.2,100,100,2400,600,104,166,270,0.1350119065027684,0.03380000000000005,0.8390792079735547,0,0,101,0.125,0.2692307692307692,0.7126913666725159
PU-G,8,0.4,0.2,200,200,2400,600,204,114,318,0.15668314433423802,0.016599999999999948,1.7077345420257188,0,1,201,0.10294117647058823,0.20588235294117646,0.5838547945022583
MaxLoss,8,0.4,0.3,50,50,2100,900,54,277,331,0.18537875392939895,0.10799999999999998,0.26198029197985306,0,0,51,0.3888888888888889,0.48148148148148145,0.7914460897445679
MaxLoss,8,0.4,0.3,100,100,2100,900,104,248,352,0.19609102979302406,0.1028,0.31693591695511714,0,0,101,0.375,0.46153846153846156,0.7949795126914978
MaxLoss,8,0.4,0.3,200,200,2100,900,204,184,388,0.21437366609461606,0.08730000000000004,0.4667945000110194,0,1,201,0.3480392156862745,0.49019607843137253,0.6507390141487122
PU-C,8,0.4,0.3,50,50,2100,900,54,326,380,0.21031928167212754,0.11170000000000002,0.3303232920006849,0,0,51,0.16666666666666666,0.3333333333333333,0.7241824865341187
PU-C,8,0.4,0.3,100,100,2100,900,104,279,383,0.2118402225896716,0.10529999999999995,0.5132886670180596,0,0,101,0.25,0.36538461538461536,0.736725389957428
PU-C,8,0.4,0.3,200,200,2100,900,204,195,399,0.2199409418972209,0.07730000000000004,0.9596289580222219,0,1,201,0.28431372549019607,0.38235294117647056,0.4800930619239807
PU-F,8,0.4,0.3,50,50,2100,900,54,263,317,0.17821624589851126,0.08850000000000002,0.41602266603149474,0,0,51,0.18518518518518517,0.25925925925925924,0.7038959860801697
PU-F,8,0.4,0.3,100,100,2100,900,104,252,356,0.19812736718449742,0.07730000000000004,0.6807593330158852,0,0,101,0.25,0.3942307692307692,0.6986834406852722
PU-F,8,0.4,0.3,200,200,2100,900,204,76,280,0.15919836075045168,0.027900000000000036,1.4020204580156133,0,1,201,0.27450980392156865,0.4019607843137255,0.4787459671497345
PU-G,8,0.4,0.3,50,50,2100,900,54,135,189,0.11174639646196738,0.031299999999999994,0.3990688750054687,0,0,51,0.2222222222222222,0.3333333333333333,0.7144854068756104
PU-G,8,0.4,0.3,100,100,2100,900,104,105,209,0.12227438791887835,0.037900000000000045,0.5387409999966621,0,0,101,0.22115384615384615,0.28846153846153844,0.7076075673103333
PU-G,8,0.4,0.3,200,200,2100,900,204,105,309,0.17411544738570228,0.04169999999999996,1.1085388329811394,0,1,201,0.2549019607843137,0.38235294117647056,0.5078582763671875
MaxLoss,8,0.4,0.4,50,50,1800,1200,54,270,324,0.21155259024817497,0.13080000000000003,0.27765991701744497,0,0,51,0.2222222222222222,0.35185185185185186,0.6540942788124084
MaxLoss,8,0.4,0.4,100,100,1800,1200,104,211,315,0.20619942439952865,0.10570000000000002,0.32597629202064127,0,0,101,0.27884615384615385,0.40384615384615385,0.685849130153656
MaxLoss,8,0.4,0.4,200,200,1800,1200,204,72,276,0.1828935989178717,0.055300000000000016,0.4705765419639647,0,1,201,0.3284313725490196,0.44607843137254904,0.48856762051582336
PU-C,8,0.4,0.4,50,50,1800,1200,54,178,232,0.15635883313370869,0.07620000000000005,0.3312190829892643,0,0,51,0.18518518518518517,0.3333333333333333,0.6717925667762756
PU-C,8,0.4,0.4,100,100,1800,1200,104,177,281,0.18589196301763877,0.08220000000000005,0.4776287919958122,0,0,101,0.28846153846153844,0.375,0.7140246629714966
PU-C,8,0.4,0.4,200,200,1800,1200,204,69,273,0.18109302106313407,0.04349999999999998,0.9147285829531029,0,1,201,0.3235294117647059,0.4264705882352941,0.5245806574821472
PU-F,8,0.4,0.4,50,50,1800,1200,54,216,270,0.17929125507362187,0.07699999999999996,0.43165899999439716,0,0,51,0.3148148148148148,0.46296296296296297,0.621532678604126
PU-F,8,0.4,0.4,100,100,1800,1200,104,196,300,0.19725719903362915,0.08750000000000002,0.606320999970194,0,0,101,0.3076923076923077,0.4807692307692308,0.6518895030021667
PU-F,8,0.4,0.4,200,200,1800,1200,204,74,278,0.18409333162708208,0.04690000000000005,1.2793055839720182,0,1,201,0.27450980392156865,0.39705882352941174,0.5181509852409363
PU-G,8,0.4,0.4,50,50,1800,1200,54,193,247,0.1654364854330197,0.05259999999999998,0.3938177920063026,0,0,51,0.3333333333333333,0.42592592592592593,0.7748737931251526
PU-G,8,0.4,0.4,100,100,1800,1200,104,275,379,0.24408484902232885,0.126,0.719286750012543,0,0,101,0.3173076923076923,0.41346153846153844,0.8385614156723022
PU-G,8,0.4,0.4,200,200,1800,1200,204,179,383,0.24643949180608615,0.07940000000000003,1.6267784999799915,0,1,201,0.28431372549019607,0.38235294117647056,0.7133086919784546
MaxLoss,8,0.4,0.5,50,50,1500,1500,54,231,285,0.2251785016269423,0.11470000000000002,0.30545879201963544,0,0,51,0.2962962962962963,0.4074074074074074,0.6877281665802002
MaxLoss,8,0.4,0.5,100,100,1500,1500,104,168,272,0.2158759519807063,0.09870000000000001,0.354326167027466,0,0,101,0.36538461538461536,0.4519230769230769,0.7732316255569458
MaxLoss,8,0.4,0.5,200,200,1500,1500,204,34,238,0.19140747358324006,0.02529999999999999,0.484455167024862,0,1,201,0.3333333333333333,0.4117647058823529,0.6257231831550598
PU-C,8,0.4,0.5,50,50,1500,1500,54,220,274,0.21730892767664045,0.12370000000000003,0.3423537079943344,0,0,51,0.37037037037037035,0.37037037037037035,0.7240145206451416
PU-C,8,0.4,0.5,100,100,1500,1500,104,148,252,0.20150821458082646,0.09389999999999998,0.4273581660236232,0,0,101,0.3557692307692308,0.4423076923076923,0.7219570875167847
PU-C,8,0.4,0.5,200,200,1500,1500,204,79,283,0.22374913282692432,0.06740000000000002,0.7790041249827482,0,1,201,0.3431372549019608,0.4803921568627451,0.6351087689399719
PU-F,8,0.4,0.5,50,50,1500,1500,54,121,175,0.1454324065707624,0.06769999999999998,0.4119271660456434,0,0,51,0.2777777777777778,0.35185185185185186,0.6448457837104797
PU-F,8,0.4,0.5,100,100,1500,1500,104,94,198,0.16232621850213036,0.061799999999999966,0.5400166250183247,0,0,101,0.3173076923076923,0.4230769230769231,0.7541064620018005
PU-F,8,0.4,0.5,200,200,1500,1500,204,36,240,0.19285272987326607,0.03149999999999997,1.037548708030954,0,1,201,0.28921568627450983,0.3872549019607843,0.5011507272720337
PU-G,8,0.4,0.5,50,50,1500,1500,54,123,177,0.14690708357375115,0.04600000000000004,0.3881734170136042,0,0,51,0.3888888888888889,0.3888888888888889,0.7509639263153076
PU-G,8,0.4,0.5,100,100,1500,1500,104,86,190,0.15646578796440735,0.04300000000000004,0.5022188750444911,0,0,101,0.2980769230769231,0.375,0.73548823595047
PU-G,8,0.4,0.5,200,200,1500,1500,204,21,225,0.18199383554747328,0.02639999999999998,0.7411695000482723,0,1,201,0.29901960784313725,0.4264705882352941,0.5098395347595215
MaxLoss,8,0.4,0.6,50,50,1200,1800,54,91,145,0.1534174442058429,0.06120000000000003,0.3346049159881659,0,0,51,0.3333333333333333,0.4074074074074074,0.7705139517784119
MaxLoss,8,0.4,0.6,100,100,1200,1800,104,100,204,0.20750318962382153,0.08620000000000005,0.3822227080236189,0,0,101,0.25,0.36538461538461536,0.6752579808235168
MaxLoss,8,0.4,0.6,200,178,1200,1800,182,0,182,0.1874872634653002,0.017100000000000004,0.47773174999747425,1,0,179,0.27472527472527475,0.4010989010989011,0.3868483901023865
PU-C,8,0.4,0.6,50,50,1200,1800,54,92,146,0.15434594062389806,0.0696,0.37092200003098696,0,0,51,0.25925925925925924,0.35185185185185186,0.6676765084266663
PU-C,8,0.4,0.6,100,100,1200,1800,104,82,186,0.19113873346941546,0.07779999999999998,0.4447277080034837,0,0,101,0.3269230769230769,0.46153846153846156,0.6432557702064514
PU-C,8,0.4,0.6,200,178,1200,1800,182,0,182,0.1874872634653002,0.03600000000000003,0.5896745420177467,1,0,179,0.2857142857142857,0.4065934065934066,0.53890061378479
PU-F,8,0.4,0.6,50,50,1200,1800,54,62,116,0.12626707460731268,0.02939999999999998,0.41814529098337516,0,0,51,0.2777777777777778,0.42592592592592593,0.5984013676643372
PU-F,8,0.4,0.6,100,100,1200,1800,104,28,132,0.14130250230664387,0.042300000000000004,0.5080322499852628,0,0,101,0.3076923076923077,0.4326923076923077,0.6073992252349854
PU-F,8,0.4,0.6,200,190,1200,1800,194,0,194,0.19842506374698132,0.021299999999999986,0.6879273749655113,1,0,191,0.2422680412371134,0.41237113402061853,0.4657539129257202
PU-G,8,0.4,0.6,50,50,1200,1800,54,73,127,0.13661959202727303,0.06299999999999994,0.39736520900623873,0,0,51,0.3148148148148148,0.4074074074074074,0.6980571746826172
PU-G,8,0.4,0.6,100,100,1200,1800,104,50,154,0.16175739711616188,0.05049999999999999,0.4851368340314366,0,0,101,0.25,0.41346153846153844,0.7021973133087158
PU-G,8,0.4,0.6,200,173,1200,1800,177,0,177,0.18291485426016152,0.0242,0.6212351249996573,1,0,174,0.2994350282485876,0.4124293785310734,0.4934881329536438
MaxLoss,8,0.4,0.7,50,50,900,2100,54,107,161,0.22287792741553858,0.10199999999999998,0.35190666699782014,0,0,51,0.2962962962962963,0.37037037037037035,0.5844032764434814
MaxLoss,8,0.4,0.7,100,100,900,2100,104,67,171,0.23500855593010783,0.08509999999999995,0.39473904197802767,0,0,101,0.2692307692307692,0.34615384615384615,0.629248321056366
MaxLoss,8,0.4,0.7,200,182,900,2100,186,0,186,0.25310021289624274,0.026100000000000012,0.4929149589734152,1,0,183,0.3118279569892473,0.44623655913978494,0.5278326272964478
PU-C,8,0.4,0.7,50,50,900,2100,54,107,161,0.22287792741553858,0.09530000000000005,0.4071517090196721,0,0,51,0.2962962962962963,0.37037037037037035,0.6010961532592773
PU-C,8,0.4,0.7,100,100,900,2100,104,64,168,0.23137543280608952,0.07920000000000005,0.4705654170247726,0,0,101,0.3269230769230769,0.4326923076923077,0.6200360655784607
PU-C,8,0.4,0.7,200,168,900,2100,172,0,172,0.23621846921741962,0.025699999999999945,0.5779302500304766,1,0,169,0.31976744186046513,0.43023255813953487,0.5088578462600708
PU-F,8,0.4,0.7,50,50,900,2100,54,83,137,0.19351051998091862,0.06320000000000003,0.42235337500460446,0,0,51,0.3148148148148148,0.46296296296296297,0.5476822257041931
PU-F,8,0.4,0.7,100,100,900,2100,104,36,140,0.1972026217263192,0.050000000000000044,0.5062353330431506,0,0,101,0.3173076923076923,0.5,0.6126933097839355
PU-F,8,0.4,0.7,200,167,900,2100,171,0,171,0.23500855593010783,0.024800000000000044,0.6288351660477929,1,0,168,0.30409356725146197,0.4444444444444444,0.5963817834854126
PU-G,8,0.4,0.7,50,50,900,2100,54,61,115,0.166224283631891,0.027000000000000024,0.42227675003232434,0,0,51,0.2222222222222222,0.2962962962962963,0.608273446559906
PU-G,8,0.4,0.7,100,100,900,2100,104,38,142,0.19966048968490213,0.02959999999999996,0.5053510830039158,0,0,101,0.22115384615384615,0.2980769230769231,0.6459559798240662
PU-G,8,0.4,0.7,200,178,900,2100,182,0,182,0.24828748311847448,0.032299999999999995,0.6457106670131907,1,0,179,0.3241758241758242,0.44505494505494503,0.5027639865875244
MaxLoss,8,0.4,0.8,50,50,600,2400,54,10,64,0.15039185190107673,0.029000000000000026,0.3609806669992395,0,0,51,0.37037037037037035,0.4444444444444444,0.5806427597999573
MaxLoss,8,0.4,0.8,100,70,600,2400,74,0,74,0.1697214029263705,0.01759999999999995,0.37773970898706466,1,0,71,0.33783783783783783,0.3918918918918919,0.6205296516418457
MaxLoss,8,0.4,0.8,200,70,600,2400,74,0,74,0.1697214029263705,0.01759999999999995,0.3798064590082504,1,0,71,0.33783783783783783,0.3918918918918919,0.6205296516418457
PU-C,8,0.4,0.8,50,50,600,2400,54,23,77,0.17546900070738047,0.04090000000000005,0.25088266702368855,0,0,51,0.24074074074074073,0.2777777777777778,0.6026719212532043
PU-C,8,0.4,0.8,100,87,600,2400,91,0,91,0.20202032779343426,0.055400000000000005,0.2914340420393273,1,0,88,0.27472527472527475,0.37362637362637363,0.6079832315444946
PU-C,8,0.4,0.8,200,87,600,2400,91,0,91,0.20202032779343426,0.055400000000000005,0.29407387500396,1,0,88,0.27472527472527475,0.37362637362637363,0.6079832315444946
PU-F,8,0.4,0.8,50,50,600,2400,54,28,82,0.1850007834727876,0.04249999999999998,0.2870344999828376,0,0,51,0.18518518518518517,0.4074074074074074,0.5610791444778442
PU-F,8,0.4,0.8,100,100,600,2400,104,2,106,0.230040158261545,0.030200000000000005,0.3514815000235103,0,0,101,0.2403846153846154,0.375,0.6069555878639221
PU-F,8,0.4,0.8,200,104,600,2400,108,0,108,0.23374670540215448,0.029200000000000004,0.3597023750189692,1,0,105,0.23148148148148148,0.3611111111111111,0.609042227268219
PU-G,8,0.4,0.8,50,50,600,2400,54,31,85,0.19069288240280002,0.055300000000000016,0.2788837499683723,0,0,51,0.2777777777777778,0.3333333333333333,0.7246574759483337
PU-G,8,0.4,0.8,100,83,600,2400,87,0,87,0.19447691208915785,0.0242,0.32018770795548335,1,0,84,0.22988505747126436,0.3103448275862069,0.7521967887878418
PU-G,8,0.4,0.8,200,83,600,2400,87,0,87,0.19447691208915785,0.0242,0.32237962499493733,1,0,84,0.22988505747126436,0.3103448275862069,0.7521967887878418
MaxLoss,9,0.0,0.0,50,50,3000,0,54,132,186,0.07737080269725993,0.05010000000000003,0.060975416970904917,0,0,51,0.0,0.018518518518518517,0.8525295853614807
MaxLoss,9,0.0,0.0,100,91,3000,0,95,0,95,0.04286969528766349,0.01870000000000005,0.11283170897513628,1,0,92,0.0,0.14736842105263157,0.8514805436134338
MaxLoss,9,0.0,0.0,200,91,3000,0,95,0,95,0.04286969528766349,0.01870000000000005,0.11537366698030382,1,0,92,0.0,0.14736842105263157,0.8514805436134338
PU-C,9,0.0,0.0,50,50,3000,0,54,135,189,0.07848624465987086,0.04359999999999997,0.10468412499176338,0,0,51,0.0,0.037037037037037035,0.8662095665931702
PU-C,9,0.0,0.0,100,100,3000,0,104,1,105,0.04674404545221478,0.02059999999999995,0.19827779196202755,0,0,101,0.0,0.125,0.8549150228500366
PU-C,9,0.0,0.0,200,102,3000,0,106,0,106,0.04712998168542981,0.020199999999999996,0.20457387500209734,1,0,103,0.0,0.1320754716981132,0.8535343408584595
PU-F,9,0.0,0.0,50,50,3000,0,54,122,176,0.07364481018157676,0.04630000000000001,0.2168659169692546,0,0,51,0.0,0.09259259259259259,0.7396119832992554
PU-F,9,0.0,0.0,100,100,3000,0,104,34,138,0.059359475679229945,0.02400000000000002,0.3399834589799866,0,0,101,0.0,0.11538461538461539,0.7599328756332397
PU-F,9,0.0,0.0,200,124,3000,0,128,0,128,0.05556067515863106,0.016800000000000037,0.3902095839730464,1,0,125,0.0,0.1171875,0.768386721611023
PU-G,9,0.0,0.0,50,50,3000,0,54,119,173,0.0725245603825897,0.038000000000000034,0.2219238750403747,0,0,51,0.0,0.12962962962962962,0.7328459024429321
PU-G,9,0.0,0.0,100,100,3000,0,104,21,125,0.05441726028220728,0.015900000000000025,0.3491839590133168,0,0,101,0.0,0.10576923076923077,0.7023186087608337
PU-G,9,0.0,0.0,200,146,3000,0,150,0,150,0.06389456166652963,0.0034999999999999476,0.45323787501547486,1,0,147,0.0,0.13333333333333333,0.611723005771637
MaxLoss,9,0.0,0.1,50,47,2700,300,51,0,51,0.02818571886746213,0.010099999999999998,0.20322404202306643,1,0,48,0.0,0.0784313725490196,0.9115124344825745
MaxLoss,9,0.0,0.1,100,47,2700,300,51,0,51,0.02818571886746213,0.010099999999999998,0.20855487504741177,1,0,48,0.0,0.0784313725490196,0.9115124344825745
MaxLoss,9,0.0,0.1,200,47,2700,300,51,0,51,0.02818571886746213,0.010099999999999998,0.21449458302231506,1,0,48,0.0,0.0784313725490196,0.9115124344825745
PU-C,9,0.0,0.1,50,46,2700,300,50,0,50,0.027731052541639656,0.007900000000000018,0.1155843329615891,1,0,47,0.0,0.14,0.8961156606674194
PU-C,9,0.0,0.1,100,46,2700,300,50,0,50,0.027731052541639656,0.007900000000000018,0.11749400000553578,1,0,47,0.0,0.14,0.8961156606674194
PU-C,9,0.0,0.1,200,46,2700,300,50,0,50,0.027731052541639656,0.007900000000000018,0.11966691596899182,1,0,47,0.0,0.14,0.8961156606674194
PU-F,9,0.0,0.1,50,46,2700,300,50,0,50,0.027731052541639656,0.010499999999999954,0.1107723749591969,1,0,47,0.0,0.04,0.8906903862953186
PU-F,9,0.0,0.1,100,46,2700,300,50,0,50,0.027731052541639656,0.010499999999999954,0.1131762089789845,1,0,47,0.0,0.04,0.8906903862953186
PU-F,9,0.0,0.1,200,46,2700,300,50,0,50,0.027731052541639656,0.010499999999999954,0.11511908395914361,1,0,47,0.0,0.04,0.8906903862953186
PU-G,9,0.0,0.1,50,40,2700,300,44,0,44,0.024984721501823515,0.00649999999999995,0.1008635830366984,1,0,41,0.0,0.06818181818181818,0.8839072585105896
PU-G,9,0.0,0.1,100,40,2700,300,44,0,44,0.024984721501823515,0.00649999999999995,0.10290012502809986,1,0,41,0.0,0.06818181818181818,0.8839072585105896
PU-G,9,0.0,0.1,200,40,2700,300,44,0,44,0.024984721501823515,0.00649999999999995,0.10499112500110641,1,0,41,0.0,0.06818181818181818,0.8839072585105896
MaxLoss,9,0.0,0.2,50,24,2400,600,28,0,28,0.01963437831727788,0.0050000000000000044,0.08055804204195738,1,0,25,0.0,0.03571428571428571,0.9038624167442322
MaxLoss,9,0.0,0.2,100,24,2400,600,28,0,28,0.01963437831727788,0.0050000000000000044,0.08298112504417077,1,0,25,0.0,0.03571428571428571,0.9038624167442322
MaxLoss,9,0.0,0.2,200,24,2400,600,28,0,28,0.01963437831727788,0.0050000000000000044,0.08511429204372689,1,0,25,0.0,0.03571428571428571,0.9038624167442322
PU-C,9,0.0,0.2,50,21,2400,600,25,0,25,0.017997525224927813,0.0020999999999999908,0.08813799999188632,1,0,22,0.0,0.04,0.8834743499755859
PU-C,9,0.0,0.2,100,21,2400,600,25,0,25,0.017997525224927813,0.0020999999999999908,0.09016829199390486,1,0,22,0.0,0.04,0.8834743499755859
PU-C,9,0.0,0.2,200,21,2400,600,25,0,25,0.017997525224927813,0.0020999999999999908,0.09221908403560519,1,0,22,0.0,0.04,0.8834743499755859
PU-F,9,0.0,0.2,50,45,2400,600,49,0,49,0.030667832994367927,0.007099999999999995,0.12324837502092123,1,0,46,0.0,0.16326530612244897,0.9014532566070557
PU-F,9,0.0,0.2,100,45,2400,600,49,0,49,0.030667832994367927,0.007099999999999995,0.1255597080453299,1,0,46,0.0,0.16326530612244897,0.9014532566070557
PU-F,9,0.0,0.2,200,45,2400,600,49,0,49,0.030667832994367927,0.007099999999999995,0.12783695803955197,1,0,46,0.0,0.16326530612244897,0.9014532566070557
PU-G,9,0.0,0.2,50,50,2400,600,54,15,69,0.04075403593014926,0.008299999999999974,0.1323249579872936,0,0,51,0.0,0.14814814814814814,0.8665547370910645
PU-G,9,0.0,0.2,100,51,2400,600,55,0,55,0.03372618119465187,0.009199999999999986,0.1372278750059195,1,0,52,0.0,0.14545454545454545,0.8640143871307373
PU-G,9,0.0,0.2,200,51,2400,600,55,0,55,0.03372618119465187,0.009199999999999986,0.13927354098996148,1,0,52,0.0,0.14545454545454545,0.8640143871307373
MaxLoss,9,0.0,0.3,50,22,2100,900,26,0,26,0.02118325181072578,0.0046000000000000485,0.10591191699495539,1,0,23,0.0,0.07692307692307693,0.7718321084976196
MaxLoss,9,0.0,0.3,100,22,2100,900,26,0,26,0.02118325181072578,0.0046000000000000485,0.10818079195450991,1,0,23,0.0,0.07692307692307693,0.7718321084976196
MaxLoss,9,0.0,0.3,200,22,2100,900,26,0,26,0.02118325181072578,0.0046000000000000485,0.1102914169896394,1,0,23,0.0,0.07692307692307693,0.7718321084976196
PU-C,9,0.0,0.3,50,20,2100,900,24,0,24,0.019928991503547877,0.005600000000000049,0.11110683303559199,1,0,21,0.0,0.08333333333333333,0.8511204719543457
PU-C,9,0.0,0.3,100,20,2100,900,24,0,24,0.019928991503547877,0.005600000000000049,0.11323533300310373,1,0,21,0.0,0.08333333333333333,0.8511204719543457
PU-C,9,0.0,0.3,200,20,2100,900,24,0,24,0.019928991503547877,0.005600000000000049,0.11559954204130918,1,0,21,0.0,0.08333333333333333,0.8511204719543457
PU-F,9,0.0,0.3,50,22,2100,900,26,0,26,0.02118325181072578,0.006700000000000039,0.11541412497172132,1,0,23,0.0,0.07692307692307693,0.777329683303833
PU-F,9,0.0,0.3,100,22,2100,900,26,0,26,0.02118325181072578,0.006700000000000039,0.11759120901115239,1,0,23,0.0,0.07692307692307693,0.777329683303833
PU-F,9,0.0,0.3,200,22,2100,900,26,0,26,0.02118325181072578,0.006700000000000039,0.11983708397019655,1,0,23,0.0,0.07692307692307693,0.777329683303833
PU-G,9,0.0,0.3,50,29,2100,900,33,0,33,0.025494333414826542,0.00539999999999996,0.12594395800260827,1,0,30,0.0,0.09090909090909091,0.8290339112281799
PU-G,9,0.0,0.3,100,29,2100,900,33,0,33,0.025494333414826542,0.00539999999999996,0.128142083005514,1,0,30,0.0,0.09090909090909091,0.8290339112281799
PU-G,9,0.0,0.3,200,29,2100,900,33,0,33,0.025494333414826542,0.00539999999999996,0.13018862495664507,1,0,30,0.0,0.09090909090909091,0.8290339112281799
MaxLoss,9,0.0,0.4,50,19,1800,1200,23,0,23,0.02249804139137268,0.0044999999999999485,0.1266234999638982,1,0,20,0.0,0.043478260869565216,0.839801549911499
MaxLoss,9,0.0,0.4,100,19,1800,1200,23,0,23,0.02249804139137268,0.0044999999999999485,0.12890124996192753,1,0,20,0.0,0.043478260869565216,0.839801549911499
MaxLoss,9,0.0,0.4,200,19,1800,1200,23,0,23,0.02249804139137268,0.0044999999999999485,0.13089637499069795,1,0,20,0.0,0.043478260869565216,0.839801549911499
PU-C,9,0.0,0.4,50,22,1800,1200,26,0,26,0.024695796193554997,0.00539999999999996,0.13405966601567343,1,0,23,0.0,0.07692307692307693,0.8271189332008362
PU-C,9,0.0,0.4,100,22,1800,1200,26,0,26,0.024695796193554997,0.00539999999999996,0.136222250002902,1,0,23,0.0,0.07692307692307693,0.8271189332008362
PU-C,9,0.0,0.4,200,22,1800,1200,26,0,26,0.024695796193554997,0.00539999999999996,0.1382966250530444,1,0,23,0.0,0.07692307692307693,0.8271189332008362
PU-F,9,0.0,0.4,50,27,1800,1200,31,0,31,0.028297114360611886,0.007600000000000051,0.14351758296834305,1,0,28,0.0,0.0967741935483871,0.8446895480155945
PU-F,9,0.0,0.4,100,27,1800,1200,31,0,31,0.028297114360611886,0.007600000000000051,0.1458618330070749,1,0,28,0.0,0.0967741935483871,0.8446895480155945
PU-F,9,0.0,0.4,200,27,1800,1200,31,0,31,0.028297114360611886,0.007600000000000051,0.14788979198783636,1,0,28,0.0,0.0967741935483871,0.8446895480155945
PU-G,9,0.0,0.4,50,26,1800,1200,30,0,30,0.027582303388044238,0.0024999999999999467,0.14645500003825873,1,0,27,0.0,0.06666666666666667,0.7929559946060181
PU-G,9,0.0,0.4,100,26,1800,1200,30,0,30,0.027582303388044238,0.0024999999999999467,0.14852808299474418,1,0,27,0.0,0.06666666666666667,0.7929559946060181
PU-G,9,0.0,0.4,200,26,1800,1200,30,0,30,0.027582303388044238,0.0024999999999999467,0.1508094160235487,1,0,27,0.0,0.06666666666666667,0.7929559946060181
MaxLoss,9,0.0,0.5,50,16,1500,1500,20,0,20,0.02429716510232538,0.006800000000000028,0.14512966596521437,1,0,17,0.0,0.1,0.8544198870658875
MaxLoss,9,0.0,0.5,100,16,1500,1500,20,0,20,0.02429716510232538,0.006800000000000028,0.147546665975824,1,0,17,0.0,0.1,0.8544198870658875
MaxLoss,9,0.0,0.5,200,16,1500,1500,20,0,20,0.02429716510232538,0.006800000000000028,0.14979808300267905,1,0,17,0.0,0.1,0.8544198870658875
PU-C,9,0.0,0.5,50,11,1500,1500,15,0,15,0.019722751749213785,0.0024999999999999467,0.14222154201706871,1,0,12,0.0,0.06666666666666667,0.7843760251998901
PU-C,9,0.0,0.5,100,11,1500,1500,15,0,15,0.019722751749213785,0.0024999999999999467,0.14451687497785315,1,0,12,0.0,0.06666666666666667,0.7843760251998901
PU-C,9,0.0,0.5,200,11,1500,1500,15,0,15,0.019722751749213785,0.0024999999999999467,0.14644916699035093,1,0,12,0.0,0.06666666666666667,0.7843760251998901
PU-F,9,0.0,0.5,50,13,1500,1500,17,0,17,0.02157286019064486,0.0039000000000000146,0.1464415000518784,1,0,14,0.0,0.11764705882352941,0.7890215516090393
PU-F,9,0.0,0.5,100,13,1500,1500,17,0,17,0.02157286019064486,0.0039000000000000146,0.14858320803614333,1,0,14,0.0,0.11764705882352941,0.7890215516090393
PU-F,9,0.0,0.5,200,13,1500,1500,17,0,17,0.02157286019064486,0.0039000000000000146,0.15079133299877867,1,0,14,0.0,0.11764705882352941,0.7890215516090393
PU-G,9,0.0,0.5,50,14,1500,1500,18,0,18,0.022487208247184753,0.0029000000000000137,0.14816112502012402,1,0,15,0.0,0.05555555555555555,0.7545346617698669
PU-G,9,0.0,0.5,100,14,1500,1500,18,0,18,0.022487208247184753,0.0029000000000000137,0.15041408297838643,1,0,15,0.0,0.05555555555555555,0.7545346617698669
PU-G,9,0.0,0.5,200,14,1500,1500,18,0,18,0.022487208247184753,0.0029000000000000137,0.15248720801901072,1,0,15,0.0,0.05555555555555555,0.7545346617698669
MaxLoss,9,0.0,0.6,50,12,1200,1800,16,0,16,0.025781950331293046,0.0043999999999999595,0.16794349998235703,1,0,13,0.0,0.0625,0.7461102604866028
MaxLoss,9,0.0,0.6,100,12,1200,1800,16,0,16,0.025781950331293046,0.0043999999999999595,0.1703055410180241,1,0,13,0.0,0.0625,0.7461102604866028
MaxLoss,9,0.0,0.6,200,12,1200,1800,16,0,16,0.025781950331293046,0.0043999999999999595,0.17236879101255909,1,0,13,0.0,0.0625,0.7461102604866028
PU-C,9,0.0,0.6,50,3,1200,1800,7,0,7,0.014859578222967684,0.0027000000000000357,0.16234991699457169,1,0,4,0.0,0.14285714285714285,0.5930690765380859
PU-C,9,0.0,0.6,100,3,1200,1800,7,0,7,0.014859578222967684,0.0027000000000000357,0.1644827499985695,1,0,4,0.0,0.14285714285714285,0.5930690765380859
PU-C,9,0.0,0.6,200,3,1200,1800,7,0,7,0.014859578222967684,0.0027000000000000357,0.16680445900419727,1,0,4,0.0,0.14285714285714285,0.5930690765380859
PU-F,9,0.0,0.6,50,9,1200,1800,13,0,13,0.022273400623816997,0.0049000000000000155,0.16850308299763128,1,0,10,0.0,0.07692307692307693,0.6992815732955933
PU-F,9,0.0,0.6,100,9,1200,1800,13,0,13,0.022273400623816997,0.0049000000000000155,0.17084029101533815,1,0,10,0.0,0.07692307692307693,0.6992815732955933
PU-F,9,0.0,0.6,200,9,1200,1800,13,0,13,0.022273400623816997,0.0049000000000000155,0.17310083302436396,1,0,10,0.0,0.07692307692307693,0.6992815732955933
PU-G,9,0.0,0.6,50,0,1200,1800,4,0,4,0.010793798370286822,0.0009000000000000119,0.15917333401739597,1,0,1,0.0,0.0,0.3330344259738922
PU-G,9,0.0,0.6,100,0,1200,1800,4,0,4,0.010793798370286822,0.0009000000000000119,0.16135687503265217,1,0,1,0.0,0.0,0.3330344259738922
PU-G,9,0.0,0.6,200,0,1200,1800,4,0,4,0.010793798370286822,0.0009000000000000119,0.16351766703883186,1,0,1,0.0,0.0,0.3330344259738922
MaxLoss,9,0.0,0.7,50,3,900,2100,7,0,7,0.019781653478275985,0.0043999999999999595,0.1836603750125505,1,0,4,0.0,0.14285714285714285,0.6769776344299316
MaxLoss,9,0.0,0.7,100,3,900,2100,7,0,7,0.019781653478275985,0.0043999999999999595,0.18613375001586974,1,0,4,0.0,0.14285714285714285,0.6769776344299316
MaxLoss,9,0.0,0.7,200,3,900,2100,7,0,7,0.019781653478275985,0.0043999999999999595,0.18808129196986556,1,0,4,0.0,0.14285714285714285,0.6769776344299316
PU-C,9,0.0,0.7,50,7,900,2100,11,0,11,0.02644878235878423,0.0036000000000000476,0.18825787503737956,1,0,8,0.0,0.09090909090909091,0.7757112383842468
PU-C,9,0.0,0.7,100,7,900,2100,11,0,11,0.02644878235878423,0.0036000000000000476,0.19043870799941942,1,0,8,0.0,0.09090909090909091,0.7757112383842468
PU-C,9,0.0,0.7,200,7,900,2100,11,0,11,0.02644878235878423,0.0036000000000000476,0.1924694580375217,1,0,8,0.0,0.09090909090909091,0.7757112383842468
PU-F,9,0.0,0.7,50,15,900,2100,19,0,19,0.03885184053797275,0.005700000000000038,0.19801525003276765,1,0,16,0.0,0.21052631578947367,0.7991374731063843
PU-F,9,0.0,0.7,100,15,900,2100,19,0,19,0.03885184053797275,0.005700000000000038,0.20030604198109359,1,0,16,0.0,0.21052631578947367,0.7991374731063843
PU-F,9,0.0,0.7,200,15,900,2100,19,0,19,0.03885184053797275,0.005700000000000038,0.2024616670096293,1,0,16,0.0,0.21052631578947367,0.7991374731063843
PU-G,9,0.0,0.7,50,11,900,2100,15,0,15,0.03276355308480561,0.0040000000000000036,0.19418233301257715,1,0,12,0.0,0.13333333333333333,0.7741677165031433
PU-G,9,0.0,0.7,100,11,900,2100,15,0,15,0.03276355308480561,0.0040000000000000036,0.19614545803051442,1,0,12,0.0,0.13333333333333333,0.7741677165031433
PU-G,9,0.0,0.7,200,11,900,2100,15,0,15,0.03276355308480561,0.0040000000000000036,0.19818300002953038,1,0,12,0.0,0.13333333333333333,0.7741677165031433
MaxLoss,9,0.0,0.8,50,3,600,2400,7,0,7,0.029579319758340716,0.0027000000000000357,0.203155999945011,1,0,4,0.0,0.14285714285714285,0.5789614319801331
MaxLoss,9,0.0,0.8,100,3,600,2400,7,0,7,0.029579319758340716,0.0027000000000000357,0.20542424998711795,1,0,4,0.0,0.14285714285714285,0.5789614319801331
MaxLoss,9,0.0,0.8,200,3,600,2400,7,0,7,0.029579319758340716,0.0027000000000000357,0.20762479194672778,1,0,4,0.0,0.14285714285714285,0.5789614319801331
PU-C,9,0.0,0.8,50,4,600,2400,8,0,8,0.03213391738245264,0.0047000000000000375,0.20471437502419576,1,0,5,0.0,0.125,0.600242555141449
PU-C,9,0.0,0.8,100,4,600,2400,8,0,8,0.03213391738245264,0.0047000000000000375,0.20696775004034862,1,0,5,0.0,0.125,0.600242555141449
PU-C,9,0.0,0.8,200,4,600,2400,8,0,8,0.03213391738245264,0.0047000000000000375,0.20915991603396833,1,0,5,0.0,0.125,0.600242555141449
PU-F,9,0.0,0.8,50,5,600,2400,9,0,9,0.03463902446674183,0.0048000000000000265,0.20612283400259912,1,0,6,0.0,0.1111111111111111,0.53691166639328
PU-F,9,0.0,0.8,100,5,600,2400,9,0,9,0.03463902446674183,0.0048000000000000265,0.2083013750379905,1,0,6,0.0,0.1111111111111111,0.53691166639328
PU-F,9,0.0,0.8,200,5,600,2400,9,0,9,0.03463902446674183,0.0048000000000000265,0.2104412920307368,1,0,6,0.0,0.1111111111111111,0.53691166639328
PU-G,9,0.0,0.8,50,0,600,2400,4,0,4,0.021501237817574292,0.0014999999999999458,0.20035062497481704,1,0,1,0.0,0.25,0.3320918083190918
PU-G,9,0.0,0.8,100,0,600,2400,4,0,4,0.021501237817574292,0.0014999999999999458,0.20279062498593703,1,0,1,0.0,0.25,0.3320918083190918
PU-G,9,0.0,0.8,200,0,600,2400,4,0,4,0.021501237817574292,0.0014999999999999458,0.20477691694395617,1,0,1,0.0,0.25,0.3320918083190918
MaxLoss,9,0.4,0.0,50,50,3000,0,54,554,608,0.22857489221496508,0.14690000000000003,0.06079816597048193,0,0,51,0.3888888888888889,0.42592592592592593,0.5828490853309631
MaxLoss,9,0.4,0.0,100,100,3000,0,104,441,545,0.20647285785526037,0.10619999999999996,0.12316258298233151,0,0,101,0.34615384615384615,0.38461538461538464,0.6554258465766907
MaxLoss,9,0.4,0.0,200,200,3000,0,204,245,449,0.17255426640622318,0.04630000000000001,0.29794120794394985,0,1,201,0.31862745098039214,0.3627450980392157,0.42219510674476624
PU-C,9,0.4,0.0,50,50,3000,0,54,549,603,0.2268248504260555,0.13770000000000004,0.29016350000165403,0,0,51,0.42592592592592593,0.4444444444444444,0.8498895764350891
PU-C,9,0.4,0.0,100,100,3000,0,104,526,630,0.23626712389523163,0.14,0.6274758750223555,0,0,101,0.38461538461538464,0.5,0.8645205497741699
PU-C,9,0.4,0.0,200,200,3000,0,204,311,515,0.1959064273396507,0.07399999999999995,1.1718377090292051,0,1,201,0.3235294117647059,0.4215686274509804,0.4625754654407501
PU-F,9,0.4,0.0,50,50,3000,0,54,551,605,0.22752494865562767,0.14359999999999995,0.6406859999988228,0,0,51,0.35185185185185186,0.37037037037037035,0.7860861420631409
PU-F,9,0.4,0.0,100,100,3000,0,104,490,594,0.22367305267835036,0.12470000000000003,1.4176330829504877,0,0,101,0.3269230769230769,0.4326923076923077,0.7947519421577454
PU-F,9,0.4,0.0,200,200,3000,0,204,350,554,0.20963735767873004,0.09250000000000003,2.76982720795786,0,1,201,0.29901960784313725,0.4117647058823529,0.5961899161338806
PU-G,9,0.4,0.0,50,50,3000,0,54,465,519,0.1973169335979037,0.10880000000000001,0.528784624999389,0,0,51,0.42592592592592593,0.48148148148148145,0.7544580101966858
PU-G,9,0.4,0.0,100,100,3000,0,104,364,468,0.17929271882167086,0.08850000000000002,1.2000029580085538,0,0,101,0.38461538461538464,0.41346153846153844,0.7396572828292847
PU-G,9,0.4,0.0,200,200,3000,0,204,369,573,0.21631005924427882,0.09219999999999995,2.6267698330339044,0,1,201,0.2549019607843137,0.29901960784313725,0.5129328966140747
MaxLoss,9,0.4,0.1,50,50,2700,300,54,419,473,0.20088822930119932,0.11809999999999998,0.21859366598073393,0,0,51,0.3888888888888889,0.3888888888888889,0.9087183475494385
MaxLoss,9,0.4,0.1,100,100,2700,300,104,417,521,0.21968320506857708,0.11870000000000003,0.28513079101685435,0,0,101,0.38461538461538464,0.5096153846153846,0.9415625929832458
MaxLoss,9,0.4,0.1,200,200,2700,300,204,249,453,0.19302957772742957,0.08860000000000001,0.452648708014749,0,1,201,0.3284313725490196,0.4215686274509804,0.8413774967193604
PU-C,9,0.4,0.1,50,50,2700,300,54,565,619,0.25779966451227665,0.1642,0.303324667038396,0,0,51,0.42592592592592593,0.42592592592592593,0.8846879005432129
PU-C,9,0.4,0.1,100,100,2700,300,104,536,640,0.26592714549042284,0.1624,0.5714293339988217,0,0,101,0.3942307692307692,0.4807692307692308,0.917211651802063
PU-C,9,0.4,0.1,200,200,2700,300,204,261,465,0.1977467899559997,0.07740000000000002,1.1262170420377515,0,1,201,0.29411764705882354,0.37745098039215685,0.6765477657318115
PU-F,9,0.4,0.1,50,50,2700,300,54,379,433,0.18515362055040896,0.09250000000000003,0.6160942919668742,0,0,51,0.35185185185185186,0.3888888888888889,0.7753313183784485
PU-F,9,0.4,0.1,100,100,2700,300,104,324,428,0.18318182055372745,0.07330000000000003,1.2425503749982454,0,0,101,0.3173076923076923,0.34615384615384615,0.7448253035545349
PU-F,9,0.4,0.1,200,200,2700,300,204,272,476,0.20206558710196987,0.07379999999999998,2.4611210830044,0,1,201,0.3088235294117647,0.39705882352941174,0.5492048859596252
PU-G,9,0.4,0.1,50,50,2700,300,54,331,385,0.1661749095073901,0.08250000000000002,0.5129045830108225,0,0,51,0.3888888888888889,0.3888888888888889,0.8392080664634705
PU-G,9,0.4,0.1,100,100,2700,300,104,309,413,0.17725942726247013,0.06840000000000002,1.113347165985033,0,0,101,0.2692307692307692,0.3076923076923077,0.8477745652198792
PU-G,9,0.4,0.1,200,200,2700,300,204,221,425,0.1819981872686185,0.0494,2.2763888749759644,0,1,201,0.25,0.31862745098039214,0.6925106048583984
MaxLoss,9,0.4,0.2,50,50,2400,600,54,412,466,0.22249906248180196,0.13339999999999996,0.2387677920050919,0,0,51,0.35185185185185186,0.37037037037037035,0.8246285319328308
MaxLoss,9,0.4,0.2,100,100,2400,600,104,348,452,0.2163265625713393,0.11660000000000004,0.2962727499543689,0,0,101,0.3942307692307692,0.47115384615384615,0.8430348038673401
MaxLoss,9,0.4,0.2,200,200,2400,600,204,162,366,0.17817704426124692,0.0645,0.4551172499777749,0,1,201,0.3284313725490196,0.39705882352941174,0.5771222114562988
PU-C,9,0.4,0.2,50,50,2400,600,54,480,534,0.2523482410470024,0.17169999999999996,0.34487329103285447,0,0,51,0.5370370370370371,0.5555555555555556,0.908057451248169
PU-C,9,0.4,0.2,100,100,2400,600,104,442,546,0.25759455416118726,0.16490000000000005,0.5605223749880679,0,0,101,0.36538461538461536,0.5192307692307693,0.9110391139984131
PU-C,9,0.4,0.2,200,200,2400,600,204,203,407,0.19641720945946872,0.07050000000000001,1.1052216250100173,0,1,201,0.3088235294117647,0.4117647058823529,0.687981367111206
PU-F,9,0.4,0.2,50,50,2400,600,54,426,480,0.22866194404195994,0.13090000000000002,0.4793237089761533,0,0,51,0.5740740740740741,0.5925925925925926,0.9096790552139282
PU-F,9,0.4,0.2,100,100,2400,600,104,406,510,0.24183711386285722,0.15380000000000005,1.170978959009517,0,0,101,0.3942307692307692,0.5288461538461539,0.9202628135681152
PU-F,9,0.4,0.2,200,200,2400,600,204,211,415,0.1999647060292773,0.07289999999999996,2.368395416997373,0,1,201,0.3137254901960784,0.4362745098039216,0.7298268675804138
PU-G,9,0.4,0.2,50,50,2400,600,54,349,403,0.19464209611760452,0.10360000000000003,0.45159012504154816,0,0,51,0.3148148148148148,0.48148148148148145,0.7597373723983765
PU-G,9,0.4,0.2,100,100,2400,600,104,228,332,0.16296909167431295,0.07410000000000005,0.8843105420237407,0,0,101,0.23076923076923078,0.38461538461538464,0.7442957162857056
PU-G,9,0.4,0.2,200,200,2400,600,204,161,365,0.1777308601886034,0.057599999999999985,1.7859996249899268,0,1,201,0.27941176470588236,0.38235294117647056,0.6291924118995667
MaxLoss,9,0.4,0.3,50,50,2100,900,54,378,432,0.23659305868204683,0.14400000000000002,0.2715745830209926,0,0,51,0.3333333333333333,0.42592592592592593,0.666127622127533
MaxLoss,9,0.4,0.3,100,100,2100,900,104,279,383,0.2118402225896716,0.10219999999999996,0.32857241603778675,0,0,101,0.34615384615384615,0.4230769230769231,0.707411527633667
MaxLoss,9,0.4,0.3,200,200,2100,900,204,171,375,0.20778290351154283,0.07499999999999996,0.47909112501656637,0,1,201,0.3284313725490196,0.4215686274509804,0.6166397333145142
PU-C,9,0.4,0.3,50,50,2100,900,54,349,403,0.2219632980413735,0.12949999999999995,0.3912767919828184,0,0,51,0.37037037037037035,0.3888888888888889,0.6436087489128113
PU-C,9,0.4,0.3,100,100,2100,900,104,308,412,0.22650957840960473,0.12109999999999999,0.7405645419494249,0,0,101,0.3076923076923077,0.33653846153846156,0.705485999584198
PU-C,9,0.4,0.3,200,200,2100,900,204,107,311,0.17514120176201686,0.04259999999999997,2.4302400419837795,0,1,201,0.28921568627450983,0.35784313725490197,0.7027295827865601
PU-F,9,0.4,0.3,50,50,2100,900,54,229,283,0.1607454416807741,0.07489999999999997,0.5721602499834262,0,0,51,0.2962962962962963,0.37037037037037035,0.5647168159484863
PU-F,9,0.4,0.3,100,100,2100,900,104,210,314,0.17667913727927953,0.06140000000000001,0.8184518750058487,0,0,101,0.22115384615384615,0.33653846153846156,0.5328954458236694
PU-F,9,0.4,0.3,200,200,2100,900,204,146,350,0.19507237995276228,0.048799999999999955,1.7246660419623367,0,1,201,0.2696078431372549,0.37254901960784315,0.4909707009792328
PU-G,9,0.4,0.3,50,50,2100,900,54,274,328,0.18384538451209664,0.08550000000000002,0.5319025830249302,0,0,51,0.3148148148148148,0.4074074074074074,0.6606702208518982
PU-G,9,0.4,0.3,100,100,2100,900,104,152,256,0.14678643026854843,0.04820000000000002,0.8644055420299992,0,0,101,0.25961538461538464,0.41346153846153844,0.6564623117446899
PU-G,9,0.4,0.3,200,200,2100,900,204,107,311,0.17514120176201686,0.02949999999999997,1.8105498750228435,0,1,201,0.2549019607843137,0.3627450980392157,0.4765778183937073
MaxLoss,9,0.4,0.4,50,50,1800,1200,54,349,403,0.25819132436299697,0.14759999999999995,0.32568475004518405,0,0,51,0.5555555555555556,0.5740740740740741,0.749521791934967
MaxLoss,9,0.4,0.4,100,100,1800,1200,104,319,423,0.2699088418157771,0.14759999999999995,0.3805172090069391,0,0,101,0.4326923076923077,0.5384615384615384,0.7983066439628601
MaxLoss,9,0.4,0.4,200,200,1800,1200,204,182,386,0.2482045242213644,0.08830000000000005,0.5377333750366233,0,1,201,0.3137254901960784,0.4215686274509804,0.4952394366264343
PU-C,9,0.4,0.4,50,50,1800,1200,54,321,375,0.2417287445277907,0.13780000000000003,0.41561712499242276,0,0,51,0.4074074074074074,0.4444444444444444,0.6683543920516968
PU-C,9,0.4,0.4,100,100,1800,1200,104,284,388,0.24938076396938413,0.12739999999999996,0.5836647499818355,0,0,101,0.4326923076923077,0.5288461538461539,0.7170839309692383
PU-C,9,0.4,0.4,200,200,1800,1200,204,115,319,0.2085797103936784,0.05710000000000004,1.5067943750182167,0,1,201,0.31862745098039214,0.44607843137254904,0.4600159823894501
PU-F,9,0.4,0.4,50,50,1800,1200,54,219,273,0.18109302106313407,0.07989999999999997,0.4567510839551687,0,0,51,0.2222222222222222,0.2962962962962963,0.6143354177474976
PU-F,9,0.4,0.4,100,100,1800,1200,104,126,230,0.15514580806484446,0.04090000000000005,0.6467467499896884,0,0,101,0.27884615384615385,0.3557692307692308,0.6416272521018982
PU-F,9,0.4,0.4,200,200,1800,1200,204,58,262,0.17448061663890257,0.031000000000000028,1.356771916965954,0,1,201,0.28431372549019607,0.37254901960784315,0.4864075481891632
PU-G,9,0.4,0.4,50,50,1800,1200,54,195,249,0.16664425266208127,0.05689999999999995,0.43694987503113225,0,0,51,0.25925925925925924,0.42592592592592593,0.5783268213272095
PU-G,9,0.4,0.4,100,100,1800,1200,104,174,278,0.18409333162708208,0.06740000000000002,0.616907041054219,0,0,101,0.28846153846153844,0.49038461538461536,0.6052037477493286
PU-G,9,0.4,0.4,200,200,1800,1200,204,59,263,0.17508242512121797,0.03380000000000005,1.261192625039257,0,1,201,0.27941176470588236,0.45588235294117646,0.4968353509902954
MaxLoss,9,0.4,0.5,50,50,1500,1500,54,211,265,0.21085519902408123,0.10599999999999998,0.3097050000214949,0,0,51,0.35185185185185186,0.4444444444444444,0.6138656735420227
MaxLoss,9,0.4,0.5,100,100,1500,1500,104,138,242,0.1942972094984725,0.08050000000000002,0.3608418329968117,0,0,101,0.3557692307692308,0.49038461538461536,0.6723672151565552
MaxLoss,9,0.4,0.5,200,200,1500,1500,204,46,250,0.20006750902393833,0.04569999999999996,0.5048585830372758,0,1,201,0.3284313725490196,0.45588235294117646,0.5834804773330688
PU-C,9,0.4,0.5,50,50,1500,1500,54,207,261,0.20798240083968267,0.10740000000000005,0.35945533303311095,0,0,51,0.37037037037037035,0.4444444444444444,0.8098518252372742
PU-C,9,0.4,0.5,100,100,1500,1500,104,175,279,0.22088845766847953,0.10119999999999996,0.4642656670184806,0,0,101,0.34615384615384615,0.49038461538461536,0.8488499522209167
PU-C,9,0.4,0.5,200,200,1500,1500,204,70,274,0.21730892767664045,0.05620000000000003,0.8515699169947766,0,1,201,0.3284313725490196,0.47058823529411764,0.5222977995872498
PU-F,9,0.4,0.5,50,50,1500,1500,54,269,323,0.2522202433901839,0.14429999999999998,0.44506491598440334,0,0,51,0.25925925925925924,0.35185185185185186,0.5332082509994507
PU-F,9,0.4,0.5,100,100,1500,1500,104,151,255,0.20366789877880365,0.07999999999999996,0.6125739580020308,0,0,101,0.3076923076923077,0.4326923076923077,0.5218514800071716
PU-F,9,0.4,0.5,200,200,1500,1500,204,108,312,0.2444143141619861,0.06930000000000003,1.1633029580116272,0,1,201,0.30392156862745096,0.4362745098039216,0.5077601671218872
PU-G,9,0.4,0.5,50,50,1500,1500,54,98,152,0.1283872718922794,0.03510000000000002,0.4242988749756478,0,0,51,0.3333333333333333,0.4444444444444444,0.7756867408752441
PU-G,9,0.4,0.5,100,100,1500,1500,104,110,214,0.1740008780034259,0.05259999999999998,0.5741032909718342,0,0,101,0.3076923076923077,0.4230769230769231,0.8381872773170471
PU-G,9,0.4,0.5,200,200,1500,1500,204,83,287,0.2266072312486358,0.06220000000000003,1.0860869159805588,0,1,201,0.30392156862745096,0.4411764705882353,0.5874074697494507
MaxLoss,9,0.4,0.6,50,50,1200,1800,54,203,257,0.2551299669430591,0.14600000000000002,0.34163916599936783,0,0,51,0.4074074074074074,0.5555555555555556,0.5612346529960632
MaxLoss,9,0.4,0.6,100,100,1200,1800,104,151,255,0.2533462086576037,0.12670000000000003,0.39274879096774384,0,0,101,0.36538461538461536,0.5576923076923077,0.5748955607414246
MaxLoss,9,0.4,0.6,200,200,1200,1800,204,11,215,0.217452970915474,0.02410000000000001,0.5244734159787185,0,1,201,0.3137254901960784,0.46568627450980393,0.6425208449363708
PU-C,9,0.4,0.6,50,50,1200,1800,54,178,232,0.23276027123210952,0.11719999999999997,0.3751807080116123,0,0,51,0.4444444444444444,0.5370370370370371,0.726347029209137
PU-C,9,0.4,0.6,100,100,1200,1800,104,167,271,0.2675894308486022,0.13849999999999996,0.4654535829904489,0,0,101,0.40384615384615385,0.5384615384615384,0.7900271415710449
PU-C,9,0.4,0.6,200,200,1200,1800,204,25,229,0.23006487189559266,0.03180000000000005,0.6917462500277907,0,1,201,0.27450980392156865,0.4068627450980392,0.6525176763534546
PU-F,9,0.4,0.6,50,50,1200,1800,54,101,155,0.16268182080239058,0.05179999999999996,0.44749291701009497,0,0,51,0.3333333333333333,0.4444444444444444,0.5918862223625183
PU-F,9,0.4,0.6,100,100,1200,1800,104,66,170,0.1764978693681769,0.036800000000000055,0.5712020420469344,0,0,101,0.3173076923076923,0.5192307692307693,0.6002776026725769
PU-F,9,0.4,0.6,200,200,1200,1800,204,20,224,0.2255670137819834,0.04149999999999998,0.8613687920151278,0,1,201,0.27941176470588236,0.4950980392156863,0.3929411768913269
PU-G,9,0.4,0.6,50,50,1200,1800,54,101,155,0.16268182080239058,0.06669999999999998,0.4350722919916734,0,0,51,0.24074074074074073,0.3888888888888889,0.7636285424232483
PU-G,9,0.4,0.6,100,100,1200,1800,104,83,187,0.19205072324257344,0.07489999999999997,0.5558679170208052,0,0,101,0.2403846153846154,0.4807692307692308,0.8056350946426392
PU-G,9,0.4,0.6,200,200,1200,1800,204,30,234,0.23455584445036948,0.035599999999999965,0.8050734589924105,0,1,201,0.2647058823529412,0.4803921568627451,0.6273428797721863
MaxLoss,9,0.4,0.7,50,50,900,2100,54,56,110,0.15996586723485962,0.05740000000000001,0.35495716700097546,0,0,51,0.4074074074074074,0.5370370370370371,0.7056437730789185
MaxLoss,9,0.4,0.7,100,100,900,2100,104,27,131,0.18610662641003728,0.044300000000000006,0.39962508401367813,0,0,101,0.2980769230769231,0.46153846153846156,0.7323806881904602
MaxLoss,9,0.4,0.7,200,126,900,2100,130,0,130,0.1848700157715939,0.029900000000000038,0.42722291697282344,1,0,127,0.2923076923076923,0.45384615384615384,0.7106997966766357
PU-C,9,0.4,0.7,50,50,900,2100,54,98,152,0.21190912049496546,0.09540000000000004,0.2968155830167234,0,0,51,0.3148148148148148,0.4444444444444444,0.6104695796966553
PU-C,9,0.4,0.7,100,100,900,2100,104,64,168,0.23137543280608952,0.07930000000000004,0.3647787499940023,0,0,101,0.2980769230769231,0.4326923076923077,0.6574755311012268
PU-C,9,0.4,0.7,200,146,900,2100,150,0,150,0.20946468017064035,0.022499999999999964,0.439726457989309,1,0,147,0.25333333333333335,0.4,0.554039716720581
PU-F,9,0.4,0.7,50,50,900,2100,54,55,109,0.15871139662340283,0.05049999999999999,0.4453205000027083,0,0,51,0.2777777777777778,0.37037037037037035,0.6225048303604126
PU-F,9,0.4,0.7,100,100,900,2100,104,48,152,0.21190912049496546,0.05400000000000005,0.5335545410052873,0,0,101,0.2980769230769231,0.4326923076923077,0.6637355089187622
PU-F,9,0.4,0.7,200,149,900,2100,153,0,153,0.21313037734944373,0.016800000000000037,0.6259574159630574,1,0,150,0.24836601307189543,0.4117647058823529,0.6371245384216309
PU-G,9,0.4,0.7,50,50,900,2100,54,50,104,0.15242451563244686,0.04249999999999998,0.46591766696656123,0,0,51,0.2037037037037037,0.42592592592592593,0.7866240739822388
PU-G,9,0.4,0.7,100,100,900,2100,104,26,130,0.1848700157715939,0.033299999999999996,0.5485640830011107,0,0,101,0.21153846153846154,0.4807692307692308,0.8046666979789734
PU-G,9,0.4,0.7,200,155,900,2100,159,0,159,0.22044472757261246,0.009600000000000053,0.6472310830140486,1,0,156,0.2389937106918239,0.44025157232704404,0.6792596578598022
MaxLoss,9,0.4,0.8,50,50,600,2400,54,56,110,0.2374467962072231,0.08789999999999998,0.37613254197640345,0,0,51,0.3333333333333333,0.37037037037037035,0.5889169573783875
MaxLoss,9,0.4,0.8,100,100,600,2400,104,15,119,0.25402067200047895,0.07079999999999997,0.4182540419860743,0,0,101,0.3173076923076923,0.4423076923076923,0.5792052745819092
MaxLoss,9,0.4,0.8,200,120,600,2400,124,0,124,0.26317692024167627,0.05269999999999997,0.4389347499818541,1,0,121,0.2661290322580645,0.3951612903225806,0.5849010348320007
PU-C,9,0.4,0.8,50,50,600,2400,54,80,134,0.2813865887001157,0.08579999999999999,0.2900366669637151,0,0,51,0.35185185185185186,0.4444444444444444,0.5304508209228516
PU-C,9,0.4,0.8,100,100,600,2400,104,47,151,0.3120531795429997,0.07469999999999999,0.3523041249718517,0,0,101,0.3269230769230769,0.4423076923076923,0.5507552027702332
PU-C,9,0.4,0.8,200,129,600,2400,133,0,133,0.27957156021147966,0.017800000000000038,0.3931154169840738,1,0,130,0.2706766917293233,0.39849624060150374,0.5643656253814697
PU-F,9,0.4,0.8,50,50,600,2400,54,43,97,0.21327698091045022,0.0696,0.3476592079969123,0,0,51,0.24074074074074073,0.35185185185185186,0.493162602186203
PU-F,9,0.4,0.8,100,100,600,2400,104,26,130,0.2741186819621362,0.06530000000000002,0.4225969999679364,0,0,101,0.3076923076923077,0.3942307692307692,0.5350381135940552
PU-F,9,0.4,0.8,200,123,600,2400,127,0,127,0.268653899023775,0.03810000000000002,0.4596616249764338,1,0,124,0.2755905511811024,0.3937007874015748,0.5485979914665222
PU-G,9,0.4,0.8,50,50,600,2400,54,37,91,0.20202032779343426,0.06820000000000004,0.3186158749740571,0,0,51,0.25925925925925924,0.3333333333333333,0.7261626720428467
PU-G,9,0.4,0.8,100,100,600,2400,104,6,110,0.2374467962072231,0.05389999999999995,0.3907181660179049,0,0,101,0.28846153846153844,0.36538461538461536,0.7680456042289734
PU-G,9,0.4,0.8,200,110,600,2400,114,0,114,0.24482812458882108,0.05669999999999997,0.40769708302104846,1,0,111,0.3157894736842105,0.39473684210526316,0.7623344659805298
