dataset,seed,noise_rate,pretrain_fraction,pool_index,sample_id,y_train,true_y,is_noisy,is_duplicate,group_id,projection,projection_source,projection_x,projection_y
manifold_group_noise_fashion_mnist,0,0.1,0.0,0,0,1,1,0,1,5043,pca,embedding,-0.8923220763993547,-0.0654162054656785
manifold_group_noise_fashion_mnist,0,0.1,0.0,1,1,1,1,0,1,5047,pca,embedding,0.7359654595970002,-0.3933056832986886
manifold_group_noise_fashion_mnist,0,0.1,0.0,2,2,1,1,0,0,2,pca,embedding,0.5188172613019968,-0.2885178038824393
manifold_group_noise_fashion_mnist,0,0.1,0.0,3,3,0,0,0,1,5014,pca,embedding,0.4074563955430733,-0.8576257726845001
manifold_group_noise_fashion_mnist,0,0.1,0.0,4,4,0,0,0,1,5008,pca,embedding,-0.8422844831377656,-0.026917451171166635
manifold_group_noise_fashion_mnist,0,0.1,0.0,5,5,1,1,0,1,5037,pca,embedding,-0.9580280240060483,0.08333890666241656
manifold_group_noise_fashion_mnist,0,0.1,0.0,6,6,0,1,1,1,5034,pca,embedding,-0.1823320278503068,-0.07631481612649957
manifold_group_noise_fashion_mnist,0,0.1,0.0,7,7,1,1,0,0,7,pca,embedding,0.5798375730307429,-0.3584181364673896
manifold_group_noise_fashion_mnist,0,0.1,0.0,8,8,1,1,0,1,5035,pca,embedding,-0.6907325892166274,-0.031989763750844905
manifold_group_noise_fashion_mnist,0,0.1,0.0,9,9,1,1,0,1,5037,pca,embedding,-0.9580280240060483,0.08333890666241656
manifold_group_noise_fashion_mnist,0,0.1,0.0,10,10,0,0,0,1,5018,pca,embedding,-0.7068305076471434,-0.2727428370183327
manifold_group_noise_fashion_mnist,0,0.1,0.0,11,11,1,1,0,1,5044,pca,embedding,-0.9436233203202156,-0.022410175201620586
manifold_group_noise_fashion_mnist,0,0.1,0.0,12,12,0,0,0,1,5020,pca,embedding,-0.9053120704472428,0.11838192333920014
manifold_group_noise_fashion_mnist,0,0.1,0.0,13,13,1,1,0,1,5033,pca,embedding,0.12972042356306965,0.002901868205172085
manifold_group_noise_fashion_mnist,0,0.1,0.0,14,14,1,1,0,1,5031,pca,embedding,-0.9731370356925513,0.12674329711315718
manifold_group_noise_fashion_mnist,0,0.1,0.0,15,15,1,1,0,1,5029,pca,embedding,0.0722772733302749,0.22408685556570984
manifold_group_noise_fashion_mnist,0,0.1,0.0,16,16,0,0,0,1,5018,pca,embedding,-0.6619098906867765,0.16477498203300273
manifold_group_noise_fashion_mnist,0,0.1,0.0,17,17,0,0,0,1,5019,pca,embedding,0.20504549331296576,0.5388029697126056
manifold_group_noise_fashion_mnist,0,0.1,0.0,18,18,0,1,1,1,5034,pca,embedding,-0.29932229024069257,-0.31215301073798424
manifold_group_noise_fashion_mnist,0,0.1,0.0,19,19,0,0,0,1,5023,pca,embedding,-0.20106258275528202,0.5873934191056738
manifold_group_noise_fashion_mnist,0,0.1,0.0,20,20,1,1,0,1,5039,pca,embedding,0.3849742351500364,0.5273415814451405
manifold_group_noise_fashion_mnist,0,0.1,0.0,21,21,1,1,0,1,5051,pca,embedding,-0.282598653783137,0.13936205886702524
manifold_group_noise_fashion_mnist,0,0.1,0.0,22,22,0,0,0,1,5015,pca,embedding,0.36309635343966606,0.1356549376983435
manifold_group_noise_fashion_mnist,0,0.1,0.0,23,23,1,1,0,1,5033,pca,embedding,-0.10442203587564625,-0.17973282596100293
manifold_group_noise_fashion_mnist,0,0.1,0.0,24,24,0,0,0,1,5021,pca,embedding,-0.34935337459515076,0.4942954621587609
manifold_group_noise_fashion_mnist,0,0.1,0.0,25,25,0,0,0,1,5012,pca,embedding,0.35121201924219164,-0.7333911377239968
manifold_group_noise_fashion_mnist,0,0.1,0.0,26,26,0,0,0,1,5017,pca,embedding,0.1597064226827385,-0.6246671635117624
manifold_group_noise_fashion_mnist,0,0.1,0.0,27,27,1,1,0,1,5049,pca,embedding,0.8140468780818403,-0.5460638656521932
manifold_group_noise_fashion_mnist,0,0.1,0.0,28,28,0,0,0,1,5012,pca,embedding,0.4584089151293429,-0.7438637608381921
manifold_group_noise_fashion_mnist,0,0.1,0.0,29,29,0,0,0,1,5000,pca,embedding,-0.8762829947396018,0.12985065357653147
manifold_group_noise_fashion_mnist,0,0.1,0.0,30,30,1,1,0,1,5032,pca,embedding,0.013593390028673633,-0.6492355803402008
manifold_group_noise_fashion_mnist,0,0.1,0.0,31,31,1,1,0,1,5051,pca,embedding,-0.39162753579993237,-0.008920929729294489
manifold_group_noise_fashion_mnist,0,0.1,0.0,32,32,0,0,0,1,5023,pca,embedding,0.08894871272329877,0.29687828649896986
manifold_group_noise_fashion_mnist,0,0.1,0.0,33,33,1,1,0,1,5045,pca,embedding,0.16414651987827136,0.42042255899252234
manifold_group_noise_fashion_mnist,0,0.1,0.0,34,34,0,0,0,1,5015,pca,embedding,0.5712100110096152,-0.37682730540054343
manifold_group_noise_fashion_mnist,0,0.1,0.0,35,35,0,1,1,1,5038,pca,embedding,-0.3011135145808817,0.05178916898070157
manifold_group_noise_fashion_mnist,0,0.1,0.0,36,36,0,0,0,1,5002,pca,embedding,-0.08399927975891605,-0.5971379721574014
manifold_group_noise_fashion_mnist,0,0.1,0.0,37,37,0,0,0,1,5004,pca,embedding,0.6842847172475315,-0.8126710261205412
manifold_group_noise_fashion_mnist,0,0.1,0.0,38,38,0,0,0,1,5004,pca,embedding,0.9219538661470387,0.34727950573750493
manifold_group_noise_fashion_mnist,0,0.1,0.0,39,39,1,1,0,1,5043,pca,embedding,-0.9366843642643166,0.07930016900041902
manifold_group_noise_fashion_mnist,0,0.1,0.0,40,40,0,0,0,1,5018,pca,embedding,-0.7854139328809032,0.2810225365619762
manifold_group_noise_fashion_mnist,0,0.1,0.0,41,41,0,1,1,1,5038,pca,embedding,-0.3133958956434428,-0.2556486466657895
manifold_group_noise_fashion_mnist,0,0.1,0.0,42,42,0,0,0,1,5013,pca,embedding,-0.4894679235005871,0.34177367084038907
manifold_group_noise_fashion_mnist,0,0.1,0.0,43,43,1,1,0,0,43,pca,embedding,0.5018643745461483,0.00935304150107421
manifold_group_noise_fashion_mnist,0,0.1,0.0,44,44,0,0,0,1,5006,pca,embedding,0.753623406144043,-0.05687388166894217
manifold_group_noise_fashion_mnist,0,0.1,0.0,45,45,0,0,0,1,5014,pca,embedding,0.7819002482367414,0.4216230558006338
manifold_group_noise_fashion_mnist,0,0.1,0.0,46,46,1,1,0,1,5029,pca,embedding,-0.06120646705682106,0.5882067202608642
manifold_group_noise_fashion_mnist,0,0.1,0.0,47,47,0,0,0,1,5018,pca,embedding,-0.7068305076471434,-0.2727428370183327
manifold_group_noise_fashion_mnist,0,0.1,0.0,48,48,0,0,0,1,5004,pca,embedding,0.6842847172475315,-0.8126710261205412
manifold_group_noise_fashion_mnist,0,0.1,0.0,49,49,0,0,0,1,5001,pca,embedding,0.08890557481938885,0.32247999927697274
manifold_group_noise_fashion_mnist,0,0.1,0.0,50,50,0,0,0,1,5025,pca,embedding,0.8298940028764206,-0.5294114681514656
manifold_group_noise_fashion_mnist,0,0.1,0.0,51,51,0,0,0,1,5005,pca,embedding,-0.2437376986905045,0.2533061168150995
manifold_group_noise_fashion_mnist,0,0.1,0.0,52,52,0,0,0,1,5008,pca,embedding,-0.8422844831377656,-0.026917451171166635
manifold_group_noise_fashion_mnist,0,0.1,0.0,53,53,0,0,0,0,53,pca,embedding,-0.7306243408601281,-0.048270631733003264
manifold_group_noise_fashion_mnist,0,0.1,0.0,54,54,0,0,0,1,5014,pca,embedding,0.718989782296045,0.8270892025905661
manifold_group_noise_fashion_mnist,0,0.1,0.0,55,55,1,1,0,1,5043,pca,embedding,-0.9208996863692495,0.05183174703567252
manifold_group_noise_fashion_mnist,0,0.1,0.0,56,56,1,1,0,1,5028,pca,embedding,-0.2525708642257593,0.05606018467327206
manifold_group_noise_fashion_mnist,0,0.1,0.0,57,57,1,1,0,1,5027,pca,embedding,-0.9911529266948478,0.11235758861556076
manifold_group_noise_fashion_mnist,0,0.1,0.0,58,58,0,0,0,0,58,pca,embedding,0.6537695375563418,0.2161518178843271
manifold_group_noise_fashion_mnist,0,0.1,0.0,59,59,1,1,0,1,5041,pca,embedding,0.6401006936712017,0.4787203369457484
manifold_group_noise_fashion_mnist,0,0.1,0.0,60,60,0,0,0,1,5016,pca,embedding,-0.8606214056028432,-0.09417717477993456
manifold_group_noise_fashion_mnist,0,0.1,0.0,61,61,1,1,0,1,5041,pca,embedding,0.5844761163914779,-0.4438227894635095
manifold_group_noise_fashion_mnist,0,0.1,0.0,62,62,0,0,0,1,5005,pca,embedding,-0.2437376986905045,0.2533061168150995
manifold_group_noise_fashion_mnist,0,0.1,0.0,63,63,0,0,0,1,5012,pca,embedding,0.4584089151293429,-0.7438637608381921
manifold_group_noise_fashion_mnist,0,0.1,0.0,64,64,1,1,0,1,5032,pca,embedding,0.15680966141846217,0.34983337748269816
manifold_group_noise_fashion_mnist,0,0.1,0.0,65,65,0,0,0,1,5001,pca,embedding,0.17009828504650287,-0.012868812304621988
manifold_group_noise_fashion_mnist,0,0.1,0.0,66,66,1,1,0,1,5044,pca,embedding,-0.9167337871352412,0.0841411189432725
manifold_group_noise_fashion_mnist,0,0.1,0.0,67,67,1,0,1,1,5011,pca,embedding,1.0632756970520523,0.7335145960938936
manifold_group_noise_fashion_mnist,0,0.1,0.0,68,68,0,0,0,0,68,pca,embedding,0.24563251697582555,0.03564718664680517
manifold_group_noise_fashion_mnist,0,0.1,0.0,69,69,0,0,0,1,5012,pca,embedding,0.35121201924219164,-0.7333911377239968
manifold_group_noise_fashion_mnist,0,0.1,0.0,70,70,0,0,0,1,5006,pca,embedding,0.6063230907164234,-0.47359999038684386
manifold_group_noise_fashion_mnist,0,0.1,0.0,71,71,0,0,0,1,5015,pca,embedding,0.5712100110096152,-0.37682730540054343
manifold_group_noise_fashion_mnist,0,0.1,0.0,72,72,0,0,0,1,5019,pca,embedding,-0.1695984444273197,-0.513917645708105
manifold_group_noise_fashion_mnist,0,0.1,0.0,73,73,0,0,0,1,5006,pca,embedding,0.6063230907164234,-0.47359999038684386
manifold_group_noise_fashion_mnist,0,0.1,0.0,74,74,0,0,0,1,5022,pca,embedding,1.2137963850880586,0.030217761403640714
manifold_group_noise_fashion_mnist,0,0.1,0.0,75,75,1,1,0,1,5053,pca,embedding,-0.7213348676759209,0.15619229328804363
manifold_group_noise_fashion_mnist,0,0.1,0.0,76,76,1,1,0,1,5035,pca,embedding,-0.6682557621423971,-0.14345222393291596
manifold_group_noise_fashion_mnist,0,0.1,0.0,77,77,1,1,0,1,5047,pca,embedding,0.729633192425867,-0.03109136982957045
manifold_group_noise_fashion_mnist,0,0.1,0.0,78,78,0,0,0,1,5019,pca,embedding,0.1795322050985486,0.35000335771312635
manifold_group_noise_fashion_mnist,0,0.1,0.0,79,79,1,1,0,1,5042,pca,embedding,-0.1290109957551854,0.03602628050692855
manifold_group_noise_fashion_mnist,0,0.1,0.0,80,80,1,1,0,1,5049,pca,embedding,0.7416494195256557,-0.49108031131810326
manifold_group_noise_fashion_mnist,0,0.1,0.0,81,81,0,0,0,1,5002,pca,embedding,0.020361518541574405,0.3328756841735916
manifold_group_noise_fashion_mnist,0,0.1,0.0,82,82,0,0,0,1,5006,pca,embedding,0.753623406144043,-0.05687388166894217
manifold_group_noise_fashion_mnist,0,0.1,0.0,83,83,1,1,0,1,5041,pca,embedding,0.7922295720863074,0.13292160942370107
manifold_group_noise_fashion_mnist,0,0.1,0.0,84,84,1,1,0,1,5049,pca,embedding,0.8636405905890938,0.22621678203325513
manifold_group_noise_fashion_mnist,0,0.1,0.0,85,85,0,0,0,1,5025,pca,embedding,0.6033392428350896,-0.8492018816884397
manifold_group_noise_fashion_mnist,0,0.1,0.0,86,86,1,1,0,1,5052,pca,embedding,0.4416019357927238,-0.005862614870209185
manifold_group_noise_fashion_mnist,0,0.1,0.0,87,87,0,1,1,1,5038,pca,embedding,-0.4865390272742224,0.22012354869258674
manifold_group_noise_fashion_mnist,0,0.1,0.0,88,88,0,0,0,1,5017,pca,embedding,0.6982379606993114,0.05101047232937288
manifold_group_noise_fashion_mnist,0,0.1,0.0,89,89,1,1,0,1,5036,pca,embedding,-0.3928291611564881,0.08707621812610297
manifold_group_noise_fashion_mnist,0,0.1,0.0,90,90,1,1,0,1,5039,pca,embedding,0.37206170030670405,-0.3002692692134489
manifold_group_noise_fashion_mnist,0,0.1,0.0,91,91,1,1,0,1,5030,pca,embedding,-0.9049921226092401,0.03200052111372305
manifold_group_noise_fashion_mnist,0,0.1,0.0,92,92,0,1,1,1,5038,pca,embedding,-0.29061198396498966,0.12831690703302223
manifold_group_noise_fashion_mnist,0,0.1,0.0,93,93,1,1,0,1,5033,pca,embedding,-0.05403442256539707,0.022221309570141585
manifold_group_noise_fashion_mnist,0,0.1,0.0,94,94,1,1,0,1,5039,pca,embedding,0.48517537800047467,0.2669129748777002
manifold_group_noise_fashion_mnist,0,0.1,0.0,95,95,1,1,0,1,5044,pca,embedding,-0.9133556874760866,0.09762823703241387
manifold_group_noise_fashion_mnist,0,0.1,0.0,96,96,1,1,0,1,5045,pca,embedding,-0.12688142122261098,-0.5181427194788213
manifold_group_noise_fashion_mnist,0,0.1,0.0,97,97,0,0,0,1,5015,pca,embedding,0.4925345141162552,-0.1496899197858104
manifold_group_noise_fashion_mnist,0,0.1,0.0,98,98,0,0,0,1,5023,pca,embedding,0.0864178640641554,-0.38424789215985833
manifold_group_noise_fashion_mnist,0,0.1,0.0,99,99,1,1,0,1,5045,pca,embedding,-0.02391215099255585,0.6742171915371686
manifold_group_noise_fashion_mnist,0,0.1,0.0,100,100,0,0,0,1,5015,pca,embedding,0.5115265429225028,0.09275834031386163
manifold_group_noise_fashion_mnist,0,0.1,0.0,101,101,0,0,0,1,5018,pca,embedding,-0.6324876529989985,-0.27449072368453065
manifold_group_noise_fashion_mnist,0,0.1,0.0,102,102,0,0,0,1,5008,pca,embedding,-0.9080085731925809,0.10956613832573582
manifold_group_noise_fashion_mnist,0,0.1,0.0,103,103,1,1,0,1,5041,pca,embedding,0.7922295720863074,0.13292160942370107
manifold_group_noise_fashion_mnist,0,0.1,0.0,104,104,0,0,0,1,5018,pca,embedding,-0.6619098906867765,0.16477498203300273
manifold_group_noise_fashion_mnist,0,0.1,0.0,105,105,1,0,1,1,5011,pca,embedding,1.0632756970520523,0.7335145960938936
manifold_group_noise_fashion_mnist,0,0.1,0.0,106,106,1,1,0,1,5050,pca,embedding,-0.9227669255029821,-0.004689255177931589
manifold_group_noise_fashion_mnist,0,0.1,0.0,107,107,1,1,0,1,5042,pca,embedding,-0.1290109957551854,0.03602628050692855
manifold_group_noise_fashion_mnist,0,0.1,0.0,108,108,1,1,0,1,5031,pca,embedding,-0.9051757523079876,-0.010541407697346732
manifold_group_noise_fashion_mnist,0,0.1,0.0,109,109,0,0,0,1,5009,pca,embedding,0.5100981380438481,0.8762758247061757
manifold_group_noise_fashion_mnist,0,0.1,0.0,110,110,1,1,0,1,5052,pca,embedding,0.4416019357927238,-0.005862614870209185
manifold_group_noise_fashion_mnist,0,0.1,0.0,111,111,1,1,0,1,5047,pca,embedding,0.47663175777198696,0.6580462171416843
manifold_group_noise_fashion_mnist,0,0.1,0.0,112,112,0,0,0,1,5012,pca,embedding,0.6240655861975803,0.8332339941930155
manifold_group_noise_fashion_mnist,0,0.1,0.0,113,113,1,1,0,1,5045,pca,embedding,0.17877850047817162,0.5653329789285274
manifold_group_noise_fashion_mnist,0,0.1,0.0,114,114,0,1,1,1,5038,pca,embedding,-0.4865390272742224,0.22012354869258674
manifold_group_noise_fashion_mnist,0,0.1,0.0,115,115,1,1,0,1,5037,pca,embedding,-0.9580280240060483,0.08333890666241656
manifold_group_noise_fashion_mnist,0,0.1,0.0,116,116,0,1,1,1,5034,pca,embedding,-0.29932229024069257,-0.31215301073798424
manifold_group_noise_fashion_mnist,0,0.1,0.0,117,117,1,1,0,1,5039,pca,embedding,0.4063502914529092,-0.21375216840256803
manifold_group_noise_fashion_mnist,0,0.1,0.0,118,118,0,0,0,1,5009,pca,embedding,0.418249532758294,-0.7713567459895078
manifold_group_noise_fashion_mnist,0,0.1,0.0,119,119,0,0,0,1,5012,pca,embedding,0.35121201924219164,-0.7333911377239968
manifold_group_noise_fashion_mnist,0,0.1,0.0,120,120,1,1,0,1,5053,pca,embedding,-0.8096290397197841,0.1688999106734829
manifold_group_noise_fashion_mnist,0,0.1,0.0,121,121,1,1,0,1,5027,pca,embedding,-0.9007933365954512,-0.03679384814473206
manifold_group_noise_fashion_mnist,0,0.1,0.0,122,122,1,1,0,0,122,pca,embedding,-0.8944279854160087,0.026958310741276123
manifold_group_noise_fashion_mnist,0,0.1,0.0,123,123,0,0,0,1,5002,pca,embedding,-0.11522652685558007,-0.5418229011217831
manifold_group_noise_fashion_mnist,0,0.1,0.0,124,124,0,0,0,0,124,pca,embedding,0.6904208217833395,0.18025820233290157
manifold_group_noise_fashion_mnist,0,0.1,0.0,125,125,0,0,0,1,5009,pca,embedding,0.7612628193363489,0.8261680917798548
manifold_group_noise_fashion_mnist,0,0.1,0.0,126,126,1,0,1,1,5011,pca,embedding,0.8725942892345719,-0.40664673495461934
manifold_group_noise_fashion_mnist,0,0.1,0.0,127,127,0,0,0,1,5008,pca,embedding,-0.8787720486196546,-0.17554273541660886
manifold_group_noise_fashion_mnist,0,0.1,0.0,128,128,1,1,0,1,5035,pca,embedding,-0.6907325892166274,-0.031989763750844905
manifold_group_noise_fashion_mnist,0,0.1,0.0,129,129,0,0,0,1,5026,pca,embedding,0.6337217495178323,-0.6939181643888266
manifold_group_noise_fashion_mnist,0,0.1,0.0,130,130,1,0,1,1,5003,pca,embedding,-0.45260111738806086,-0.30851149255503846
manifold_group_noise_fashion_mnist,0,0.1,0.0,131,131,0,0,0,1,5020,pca,embedding,-0.9497924358374816,0.06015877100443373
manifold_group_noise_fashion_mnist,0,0.1,0.0,132,132,0,0,0,1,5007,pca,embedding,0.7291246551669253,0.773012138138884
manifold_group_noise_fashion_mnist,0,0.1,0.0,133,133,1,1,0,1,5044,pca,embedding,-0.843661349265209,-0.0516507547640452
manifold_group_noise_fashion_mnist,0,0.1,0.0,134,134,1,1,0,1,5035,pca,embedding,-0.6907325892166274,-0.031989763750844905
manifold_group_noise_fashion_mnist,0,0.1,0.0,135,135,1,1,0,1,5040,pca,embedding,0.7710910029352435,-0.5296789409059545
manifold_group_noise_fashion_mnist,0,0.1,0.0,136,136,1,1,0,1,5030,pca,embedding,-0.9049921226092401,0.03200052111372305
manifold_group_noise_fashion_mnist,0,0.1,0.0,137,137,0,0,0,1,5008,pca,embedding,-0.8422844831377656,-0.026917451171166635
manifold_group_noise_fashion_mnist,0,0.1,0.0,138,138,0,0,0,1,5009,pca,embedding,0.418249532758294,-0.7713567459895078
manifold_group_noise_fashion_mnist,0,0.1,0.0,139,139,1,1,0,1,5041,pca,embedding,0.7208129485751046,0.3437273830325539
manifold_group_noise_fashion_mnist,0,0.1,0.0,140,140,1,1,0,0,140,pca,embedding,0.0948143466129049,0.062441165824233306
manifold_group_noise_fashion_mnist,0,0.1,0.0,141,141,0,1,1,1,5038,pca,embedding,-0.3011135145808817,0.05178916898070157
manifold_group_noise_fashion_mnist,0,0.1,0.0,142,142,0,0,0,1,5018,pca,embedding,-0.6324876529989985,-0.27449072368453065
manifold_group_noise_fashion_mnist,0,0.1,0.0,143,143,0,0,0,1,5008,pca,embedding,-0.9737773675552853,0.16068898342029672
manifold_group_noise_fashion_mnist,0,0.1,0.0,144,144,1,1,0,1,5033,pca,embedding,-0.05403442256539707,0.022221309570141585
manifold_group_noise_fashion_mnist,0,0.1,0.0,145,145,1,1,0,1,5047,pca,embedding,0.7249619695057066,0.37652682078468536
manifold_group_noise_fashion_mnist,0,0.1,0.0,146,146,1,1,0,0,146,pca,embedding,0.7486389293742514,0.26589180368443477
manifold_group_noise_fashion_mnist,0,0.1,0.0,147,147,1,1,0,0,147,pca,embedding,-0.7804869323001671,0.2576748370435508
manifold_group_noise_fashion_mnist,0,0.1,0.0,148,148,1,1,0,0,148,pca,embedding,-0.7435944979870979,0.01590822828241465
manifold_group_noise_fashion_mnist,0,0.1,0.0,149,149,1,1,0,1,5036,pca,embedding,-0.2779250082440216,-0.10291686773453615
manifold_group_noise_fashion_mnist,0,0.1,0.0,150,150,1,1,0,1,5053,pca,embedding,-0.7213348676759209,0.15619229328804363
manifold_group_noise_fashion_mnist,0,0.1,0.0,151,151,1,1,0,1,5033,pca,embedding,-0.05403442256539707,0.022221309570141585
manifold_group_noise_fashion_mnist,0,0.1,0.0,152,152,1,1,0,1,5039,pca,embedding,0.48517537800047467,0.2669129748777002
manifold_group_noise_fashion_mnist,0,0.1,0.0,153,153,0,0,0,1,5001,pca,embedding,-0.20983110005793337,0.5494393825818871
manifold_group_noise_fashion_mnist,0,0.1,0.0,154,154,0,0,0,1,5014,pca,embedding,0.44780551161153503,0.8442172733287745
manifold_group_noise_fashion_mnist,0,0.1,0.0,155,155,0,1,1,1,5034,pca,embedding,-0.393971098046068,0.4893077959280767
manifold_group_noise_fashion_mnist,0,0.1,0.0,156,156,1,1,0,1,5040,pca,embedding,0.7710910029352435,-0.5296789409059545
manifold_group_noise_fashion_mnist,0,0.1,0.0,157,157,1,1,0,1,5035,pca,embedding,-0.68284923201481,0.010838406478870036
manifold_group_noise_fashion_mnist,0,0.1,0.0,158,158,1,1,0,1,5029,pca,embedding,0.0722772733302749,0.22408685556570984
manifold_group_noise_fashion_mnist,0,0.1,0.0,159,159,1,1,0,1,5039,pca,embedding,0.3849742351500364,0.5273415814451405
manifold_group_noise_fashion_mnist,0,0.1,0.0,160,160,0,0,0,1,5022,pca,embedding,1.1436418246418478,0.001028193940393815
manifold_group_noise_fashion_mnist,0,0.1,0.0,161,161,1,1,0,1,5027,pca,embedding,-0.9007933365954512,-0.03679384814473206
manifold_group_noise_fashion_mnist,0,0.1,0.0,162,162,1,0,1,1,5011,pca,embedding,0.7901097615757326,0.8180809241983882
manifold_group_noise_fashion_mnist,0,0.1,0.0,163,163,1,0,1,1,5011,pca,embedding,0.5432674704401125,-0.5302769107061
manifold_group_noise_fashion_mnist,0,0.1,0.0,164,164,0,0,0,1,5015,pca,embedding,0.5712100110096152,-0.37682730540054343
manifold_group_noise_fashion_mnist,0,0.1,0.0,165,165,0,0,0,0,165,pca,embedding,0.4007397232279267,-0.06838561599848611
manifold_group_noise_fashion_mnist,0,0.1,0.0,166,166,0,0,0,1,5019,pca,embedding,-0.1695984444273197,-0.513917645708105
manifold_group_noise_fashion_mnist,0,0.1,0.0,167,167,0,0,0,1,5026,pca,embedding,0.9903016690799857,-0.6452619903771234
manifold_group_noise_fashion_mnist,0,0.1,0.0,168,168,0,0,0,1,5020,pca,embedding,-0.9440668526242639,0.04496192690596445
manifold_group_noise_fashion_mnist,0,0.1,0.0,169,169,1,1,0,1,5050,pca,embedding,-0.9227669255029821,-0.004689255177931589
manifold_group_noise_fashion_mnist,0,0.1,0.0,170,170,0,0,0,1,5022,pca,embedding,1.2137963850880586,0.030217761403640714
manifold_group_noise_fashion_mnist,0,0.1,0.0,171,171,0,0,0,1,5004,pca,embedding,0.6842847172475315,-0.8126710261205412
manifold_group_noise_fashion_mnist,0,0.1,0.0,172,172,1,1,0,1,5044,pca,embedding,-0.9167337871352412,0.0841411189432725
manifold_group_noise_fashion_mnist,0,0.1,0.0,173,173,1,1,0,1,5037,pca,embedding,-0.9451498309908064,-0.0020105851249592674
manifold_group_noise_fashion_mnist,0,0.1,0.0,174,174,0,0,0,1,5016,pca,embedding,-0.9062401057566959,0.2058163201570994
manifold_group_noise_fashion_mnist,0,0.1,0.0,175,175,0,1,1,1,5034,pca,embedding,-0.2274209305196443,-0.5102599059686482
manifold_group_noise_fashion_mnist,0,0.1,0.0,176,176,0,0,0,1,5015,pca,embedding,0.4925345141162552,-0.1496899197858104
manifold_group_noise_fashion_mnist,0,0.1,0.0,177,177,0,0,0,1,5000,pca,embedding,-0.8762829947396018,0.12985065357653147
manifold_group_noise_fashion_mnist,0,0.1,0.0,178,178,1,1,0,1,5051,pca,embedding,-0.2699481842818249,0.10600597047603129
manifold_group_noise_fashion_mnist,0,0.1,0.0,179,179,1,1,0,1,5031,pca,embedding,-0.8982236713284689,-0.07541557230163486
manifold_group_noise_fashion_mnist,0,0.1,0.0,180,180,1,1,0,1,5049,pca,embedding,0.8140468780818403,-0.5460638656521932
manifold_group_noise_fashion_mnist,0,0.1,0.0,181,181,1,1,0,1,5035,pca,embedding,-0.7110994239335984,0.02824033056783752
manifold_group_noise_fashion_mnist,0,0.1,0.0,182,182,1,1,0,1,5036,pca,embedding,-0.2763369883811938,-0.1922709193187338
manifold_group_noise_fashion_mnist,0,0.1,0.0,183,183,0,0,0,1,5007,pca,embedding,0.7753182144887703,-0.09166460691757014
manifold_group_noise_fashion_mnist,0,0.1,0.0,184,184,0,0,0,1,5013,pca,embedding,-0.30969708508752203,-0.34292603160147755
manifold_group_noise_fashion_mnist,0,0.1,0.0,185,185,1,1,0,0,185,pca,embedding,0.06687620358889129,-0.26611922729962034
manifold_group_noise_fashion_mnist,0,0.1,0.0,186,186,0,1,1,1,5034,pca,embedding,-0.1823320278503068,-0.07631481612649957
manifold_group_noise_fashion_mnist,0,0.1,0.0,187,187,0,0,0,1,5008,pca,embedding,-0.9737773675552853,0.16068898342029672
manifold_group_noise_fashion_mnist,0,0.1,0.0,188,188,1,1,0,1,5040,pca,embedding,0.8189792371135264,-0.12726515103470884
manifold_group_noise_fashion_mnist,0,0.1,0.0,189,189,0,0,0,1,5018,pca,embedding,-0.7854139328809032,0.2810225365619762
manifold_group_noise_fashion_mnist,0,0.1,0.0,190,190,1,1,0,1,5052,pca,embedding,0.2612535578629397,-0.4257219799555706
manifold_group_noise_fashion_mnist,0,0.1,0.0,191,191,0,1,1,1,5048,pca,embedding,0.3741941644556492,-0.45362821265891873
manifold_group_noise_fashion_mnist,0,0.1,0.0,192,192,1,1,0,1,5045,pca,embedding,0.22191780289333735,-0.4205254538192652
manifold_group_noise_fashion_mnist,0,0.1,0.0,193,193,0,0,0,1,5004,pca,embedding,0.7716779575514205,-0.19462644679085278
manifold_group_noise_fashion_mnist,0,0.1,0.0,194,194,0,0,0,1,5002,pca,embedding,-0.027086661852428567,0.5947311237740035
manifold_group_noise_fashion_mnist,0,0.1,0.0,195,195,1,1,0,1,5027,pca,embedding,-0.9911529266948478,0.11235758861556076
manifold_group_noise_fashion_mnist,0,0.1,0.0,196,196,1,1,0,1,5045,pca,embedding,-0.12688142122261098,-0.5181427194788213
manifold_group_noise_fashion_mnist,0,0.1,0.0,197,197,0,0,0,1,5023,pca,embedding,-0.04454873857435058,-0.5850157606427607
manifold_group_noise_fashion_mnist,0,0.1,0.0,198,198,0,1,1,1,5034,pca,embedding,-0.44965444129472765,-0.41181674820939296
manifold_group_noise_fashion_mnist,0,0.1,0.0,199,199,1,1,0,1,5043,pca,embedding,-0.9039169020509286,-0.008314721414324613
manifold_group_noise_fashion_mnist,0,0.1,0.0,200,200,1,1,0,1,5043,pca,embedding,-0.9276277355735963,0.05898613183590304
manifold_group_noise_fashion_mnist,0,0.1,0.0,201,201,1,1,0,1,5031,pca,embedding,-0.9314815366436549,0.09299342007293208
manifold_group_noise_fashion_mnist,0,0.1,0.0,202,202,0,0,0,1,5004,pca,embedding,0.9219538661470387,0.34727950573750493
manifold_group_noise_fashion_mnist,0,0.1,0.0,203,203,0,0,0,1,5020,pca,embedding,-0.9456050139887335,0.007970148219874733
manifold_group_noise_fashion_mnist,0,0.1,0.0,204,204,1,1,0,0,204,pca,embedding,0.6051872982787075,-0.1683725598333134
manifold_group_noise_fashion_mnist,0,0.1,0.0,205,205,0,0,0,1,5004,pca,embedding,0.7716779575514205,-0.19462644679085278
manifold_group_noise_fashion_mnist,0,0.1,0.0,206,206,1,1,0,1,5041,pca,embedding,0.7425797977958124,0.47666419553084505
manifold_group_noise_fashion_mnist,0,0.1,0.0,207,207,0,1,1,1,5034,pca,embedding,-0.27399720464263666,0.29297613007392975
manifold_group_noise_fashion_mnist,0,0.1,0.0,208,208,1,1,0,1,5051,pca,embedding,-0.1971988760099308,0.02011810601789199
manifold_group_noise_fashion_mnist,0,0.1,0.0,209,209,1,1,0,1,5033,pca,embedding,-0.05403442256539707,0.022221309570141585
manifold_group_noise_fashion_mnist,0,0.1,0.0,210,210,1,1,0,1,5051,pca,embedding,-0.282598653783137,0.13936205886702524
manifold_group_noise_fashion_mnist,0,0.1,0.0,211,211,1,1,0,1,5046,pca,embedding,0.8803425289112288,0.34289152502813963
manifold_group_noise_fashion_mnist,0,0.1,0.0,212,212,1,1,0,1,5042,pca,embedding,-0.20179748171251805,-0.2402258342572528
manifold_group_noise_fashion_mnist,0,0.1,0.0,213,213,1,1,0,1,5032,pca,embedding,-0.02250019034847266,-0.10335939729586405
manifold_group_noise_fashion_mnist,0,0.1,0.0,214,214,1,1,0,1,5053,pca,embedding,-0.8347119940107677,-0.11239785125439054
manifold_group_noise_fashion_mnist,0,0.1,0.0,215,215,1,1,0,1,5046,pca,embedding,0.5884248806326429,-0.39782166967708305
manifold_group_noise_fashion_mnist,0,0.1,0.0,216,216,0,0,0,1,5018,pca,embedding,-0.6324876529989985,-0.27449072368453065
manifold_group_noise_fashion_mnist,0,0.1,0.0,217,217,1,1,0,1,5052,pca,embedding,0.24166128823937189,0.16699958181553737
manifold_group_noise_fashion_mnist,0,0.1,0.0,218,218,0,0,0,1,5017,pca,embedding,0.1597064226827385,-0.6246671635117624
manifold_group_noise_fashion_mnist,0,0.1,0.0,219,219,0,0,0,0,219,pca,embedding,1.0984277365178674,0.1199898091815271
manifold_group_noise_fashion_mnist,0,0.1,0.0,220,220,0,0,0,0,220,pca,embedding,-0.147795542218345,-0.5056353764578092
manifold_group_noise_fashion_mnist,0,0.1,0.0,221,221,0,0,0,1,5005,pca,embedding,-0.15637020303214264,0.05034404996747888
manifold_group_noise_fashion_mnist,0,0.1,0.0,222,222,1,1,0,1,5049,pca,embedding,0.6866450052051727,-0.3090932390066733
manifold_group_noise_fashion_mnist,0,0.1,0.0,223,223,0,0,0,1,5005,pca,embedding,-0.15637020303214264,0.05034404996747888
manifold_group_noise_fashion_mnist,0,0.1,0.0,224,224,1,1,0,0,224,pca,embedding,0.1460197566704483,0.5707574299323477
manifold_group_noise_fashion_mnist,0,0.1,0.0,225,225,0,0,0,0,225,pca,embedding,0.6812116852934513,0.23578272523451033
manifold_group_noise_fashion_mnist,0,0.1,0.0,226,226,1,1,0,1,5035,pca,embedding,-0.68284923201481,0.010838406478870036
manifold_group_noise_fashion_mnist,0,0.1,0.0,227,227,1,1,0,1,5037,pca,embedding,-0.9285084875077186,0.12372176430027029
manifold_group_noise_fashion_mnist,0,0.1,0.0,228,228,1,1,0,1,5032,pca,embedding,-0.02250019034847266,-0.10335939729586405
manifold_group_noise_fashion_mnist,0,0.1,0.0,229,229,1,0,1,1,5011,pca,embedding,0.8929993970153112,-0.7851538694798373
manifold_group_noise_fashion_mnist,0,0.1,0.0,230,230,1,1,0,1,5029,pca,embedding,0.0722772733302749,0.22408685556570984
manifold_group_noise_fashion_mnist,0,0.1,0.0,231,231,0,0,0,1,5017,pca,embedding,0.5623923821775677,0.39259854104581515
manifold_group_noise_fashion_mnist,0,0.1,0.0,232,232,1,1,0,1,5050,pca,embedding,-0.9458074764089357,0.06719536729600156
manifold_group_noise_fashion_mnist,0,0.1,0.0,233,233,0,1,1,1,5038,pca,embedding,-0.45983247376997827,-0.20946979708881416
manifold_group_noise_fashion_mnist,0,0.1,0.0,234,234,0,0,0,1,5017,pca,embedding,0.42605699936471525,-0.3750157036441893
manifold_group_noise_fashion_mnist,0,0.1,0.0,235,235,0,0,0,1,5019,pca,embedding,-0.01087944288283623,0.6548310332104128
manifold_group_noise_fashion_mnist,0,0.1,0.0,236,236,1,1,0,1,5032,pca,embedding,0.07903633822753363,0.5866221099744201
manifold_group_noise_fashion_mnist,0,0.1,0.0,237,237,0,0,0,1,5022,pca,embedding,1.0125057543847131,-0.00418424783879795
manifold_group_noise_fashion_mnist,0,0.1,0.0,238,238,0,0,0,1,5021,pca,embedding,-0.2161397659044853,0.47614076811946476
manifold_group_noise_fashion_mnist,0,0.1,0.0,239,239,1,1,0,1,5053,pca,embedding,-0.7213348676759209,0.15619229328804363
manifold_group_noise_fashion_mnist,0,0.1,0.0,240,240,1,1,0,1,5042,pca,embedding,-0.3068586001494239,0.4040958384554584
manifold_group_noise_fashion_mnist,0,0.1,0.0,241,241,1,1,0,1,5036,pca,embedding,-0.40780860472911296,0.053269474321243786
manifold_group_noise_fashion_mnist,0,0.1,0.0,242,242,1,1,0,1,5047,pca,embedding,0.729633192425867,-0.03109136982957045
manifold_group_noise_fashion_mnist,0,0.1,0.0,243,243,0,0,0,1,5013,pca,embedding,-0.30969708508752203,-0.34292603160147755
manifold_group_noise_fashion_mnist,0,0.1,0.0,244,244,1,1,0,1,5051,pca,embedding,-0.2699481842818249,0.10600597047603129
manifold_group_noise_fashion_mnist,0,0.1,0.0,245,245,1,1,0,1,5044,pca,embedding,-0.9133556874760866,0.09762823703241387
manifold_group_noise_fashion_mnist,0,0.1,0.0,246,246,0,0,0,1,5024,pca,embedding,0.6424016200090048,0.8677764177210021
manifold_group_noise_fashion_mnist,0,0.1,0.0,247,247,0,0,0,1,5023,pca,embedding,0.0036201547246776725,0.5994806089546517
manifold_group_noise_fashion_mnist,0,0.1,0.0,248,248,0,0,0,1,5018,pca,embedding,-0.6324876529989985,-0.27449072368453065
manifold_group_noise_fashion_mnist,0,0.1,0.0,249,249,0,0,0,1,5019,pca,embedding,0.038538617116638155,-0.33054870802199343
manifold_group_noise_fashion_mnist,0,0.1,0.0,250,250,1,1,0,1,5027,pca,embedding,-0.9211613434197472,-0.03428124216858519
manifold_group_noise_fashion_mnist,0,0.1,0.0,251,251,0,0,0,0,251,pca,embedding,-0.39432384200177417,-0.2667547838786138
manifold_group_noise_fashion_mnist,0,0.1,0.0,252,252,1,1,0,1,5040,pca,embedding,0.8189792371135264,-0.12726515103470884
manifold_group_noise_fashion_mnist,0,0.1,0.0,253,253,1,1,0,1,5045,pca,embedding,0.1304912671999888,-0.6719086593098074
manifold_group_noise_fashion_mnist,0,0.1,0.0,254,254,1,1,0,1,5042,pca,embedding,-0.1290109957551854,0.03602628050692855
manifold_group_noise_fashion_mnist,0,0.1,0.0,255,255,1,1,0,1,5037,pca,embedding,-0.9325361386225219,-0.07610008813512513
manifold_group_noise_fashion_mnist,0,0.1,0.0,256,256,0,0,0,1,5004,pca,embedding,0.7716779575514205,-0.19462644679085278
manifold_group_noise_fashion_mnist,0,0.1,0.0,257,257,0,0,0,1,5022,pca,embedding,1.1436418246418478,0.001028193940393815
manifold_group_noise_fashion_mnist,0,0.1,0.0,258,258,1,1,0,1,5036,pca,embedding,-0.2763369883811938,-0.1922709193187338
manifold_group_noise_fashion_mnist,0,0.1,0.0,259,259,1,1,0,0,259,pca,embedding,-0.8813610243689494,-0.027472985655906258
manifold_group_noise_fashion_mnist,0,0.1,0.0,260,260,1,1,0,1,5027,pca,embedding,-0.8979306716947817,-0.01779017221019989
manifold_group_noise_fashion_mnist,0,0.1,0.0,261,261,0,0,0,1,5014,pca,embedding,0.4074563955430733,-0.8576257726845001
manifold_group_noise_fashion_mnist,0,0.1,0.0,262,262,1,1,0,1,5046,pca,embedding,0.6953800120830995,0.16340664424745815
manifold_group_noise_fashion_mnist,0,0.1,0.0,263,263,1,1,0,1,5052,pca,embedding,0.14317958129873007,0.39671924479626014
manifold_group_noise_fashion_mnist,0,0.1,0.0,264,264,0,0,0,1,5020,pca,embedding,-0.9182058410981022,-0.031224669123850524
manifold_group_noise_fashion_mnist,0,0.1,0.0,265,265,1,0,1,1,5003,pca,embedding,-0.5867955472187929,0.3995064836249426
manifold_group_noise_fashion_mnist,0,0.1,0.0,266,266,1,1,0,1,5035,pca,embedding,-0.6682557621423971,-0.14345222393291596
manifold_group_noise_fashion_mnist,0,0.1,0.0,267,267,1,1,0,1,5035,pca,embedding,-0.68284923201481,0.010838406478870036
manifold_group_noise_fashion_mnist,0,0.1,0.0,268,268,1,1,0,1,5029,pca,embedding,0.0722772733302749,0.22408685556570984
manifold_group_noise_fashion_mnist,0,0.1,0.0,269,269,1,1,0,1,5035,pca,embedding,-0.7520089470711595,0.08969918393342756
manifold_group_noise_fashion_mnist,0,0.1,0.0,270,270,1,1,0,1,5039,pca,embedding,0.23789559302440683,-0.4385188382028624
manifold_group_noise_fashion_mnist,0,0.1,0.0,271,271,0,0,0,1,5026,pca,embedding,1.0186680229668998,-0.14920239007950295
manifold_group_noise_fashion_mnist,0,0.1,0.0,272,272,1,1,0,1,5039,pca,embedding,0.5355350781995705,0.5028519340321705
manifold_group_noise_fashion_mnist,0,0.1,0.0,273,273,0,0,0,1,5026,pca,embedding,0.6337217495178323,-0.6939181643888266
manifold_group_noise_fashion_mnist,0,0.1,0.0,274,274,0,0,0,1,5007,pca,embedding,0.7424930847879689,-0.6242781687632878
manifold_group_noise_fashion_mnist,0,0.1,0.0,275,275,1,1,0,1,5051,pca,embedding,-0.3074325805278038,-0.12513059156820394
manifold_group_noise_fashion_mnist,0,0.1,0.0,276,276,0,0,0,1,5019,pca,embedding,0.20504549331296576,0.5388029697126056
manifold_group_noise_fashion_mnist,0,0.1,0.0,277,277,1,0,1,1,5011,pca,embedding,0.7901097615757326,0.8180809241983882
manifold_group_noise_fashion_mnist,0,0.1,0.0,278,278,1,1,0,1,5045,pca,embedding,-0.12688142122261098,-0.5181427194788213
manifold_group_noise_fashion_mnist,0,0.1,0.0,279,279,1,1,0,1,5035,pca,embedding,-0.7110994239335984,0.02824033056783752
manifold_group_noise_fashion_mnist,0,0.1,0.0,280,280,1,1,0,1,5043,pca,embedding,-0.9039169020509286,-0.008314721414324613
manifold_group_noise_fashion_mnist,0,0.1,0.0,281,281,1,1,0,1,5029,pca,embedding,-0.06120646705682106,0.5882067202608642
manifold_group_noise_fashion_mnist,0,0.1,0.0,282,282,1,1,0,0,282,pca,embedding,-0.6520152974283613,-0.1280941513148
manifold_group_noise_fashion_mnist,0,0.1,0.0,283,283,0,0,0,1,5010,pca,embedding,-0.5618842969960751,-0.35176691039001934
manifold_group_noise_fashion_mnist,0,0.1,0.0,284,284,1,1,0,1,5029,pca,embedding,0.0722772733302749,0.22408685556570984
manifold_group_noise_fashion_mnist,0,0.1,0.0,285,285,1,1,0,1,5049,pca,embedding,0.7416494195256557,-0.49108031131810326
manifold_group_noise_fashion_mnist,0,0.1,0.0,286,286,1,1,0,1,5029,pca,embedding,-0.15465427874560161,-0.46454119769857777
manifold_group_noise_fashion_mnist,0,0.1,0.0,287,287,1,1,0,1,5047,pca,embedding,0.7249619695057066,0.37652682078468536
manifold_group_noise_fashion_mnist,0,0.1,0.0,288,288,0,0,0,1,5004,pca,embedding,0.5031657196145208,-0.6484550723510426
manifold_group_noise_fashion_mnist,0,0.1,0.0,289,289,0,0,0,0,289,pca,embedding,0.3582135274974257,-0.40656260945838685
manifold_group_noise_fashion_mnist,0,0.1,0.0,290,290,0,0,0,1,5007,pca,embedding,0.43282795794124146,0.7450040285770225
manifold_group_noise_fashion_mnist,0,0.1,0.0,291,291,0,0,0,1,5008,pca,embedding,-0.9737773675552853,0.16068898342029672
manifold_group_noise_fashion_mnist,0,0.1,0.0,292,292,0,0,0,1,5023,pca,embedding,0.0841863221523352,-0.05160719290648352
manifold_group_noise_fashion_mnist,0,0.1,0.0,293,293,1,1,0,1,5039,pca,embedding,0.5355350781995705,0.5028519340321705
manifold_group_noise_fashion_mnist,0,0.1,0.0,294,294,0,0,0,1,5001,pca,embedding,-0.006692417704869048,0.5592152905925705
manifold_group_noise_fashion_mnist,0,0.1,0.0,295,295,0,0,0,1,5026,pca,embedding,1.0993043753482634,0.445419991227088
manifold_group_noise_fashion_mnist,0,0.1,0.0,296,296,1,1,0,1,5037,pca,embedding,-0.9325361386225219,-0.07610008813512513
manifold_group_noise_fashion_mnist,0,0.1,0.0,297,297,0,0,0,1,5021,pca,embedding,-0.3662240074576506,-0.463910961403198
manifold_group_noise_fashion_mnist,0,0.1,0.0,298,298,0,1,1,1,5034,pca,embedding,-0.29932229024069257,-0.31215301073798424
manifold_group_noise_fashion_mnist,0,0.1,0.0,299,299,1,1,0,1,5039,pca,embedding,0.5355350781995705,0.5028519340321705
manifold_group_noise_fashion_mnist,0,0.1,0.0,300,300,1,0,1,1,5011,pca,embedding,0.8725942892345719,-0.40664673495461934
manifold_group_noise_fashion_mnist,0,0.1,0.0,301,301,1,1,0,1,5052,pca,embedding,0.39362263073123244,-0.23679557471232127
manifold_group_noise_fashion_mnist,0,0.1,0.0,302,302,1,1,0,1,5027,pca,embedding,-0.9911529266948478,0.11235758861556076
manifold_group_noise_fashion_mnist,0,0.1,0.0,303,303,0,0,0,1,5008,pca,embedding,-0.8422844831377656,-0.026917451171166635
manifold_group_noise_fashion_mnist,0,0.1,0.0,304,304,0,0,0,1,5016,pca,embedding,-0.8509677633996975,-0.01540338210347917
manifold_group_noise_fashion_mnist,0,0.1,0.0,305,305,0,0,0,1,5008,pca,embedding,-0.9737773675552853,0.16068898342029672
manifold_group_noise_fashion_mnist,0,0.1,0.0,306,306,0,0,0,0,306,pca,embedding,-0.6714737492463358,0.15827223447805272
manifold_group_noise_fashion_mnist,0,0.1,0.0,307,307,1,0,1,1,5011,pca,embedding,0.7901097615757326,0.8180809241983882
manifold_group_noise_fashion_mnist,0,0.1,0.0,308,308,0,0,0,0,308,pca,embedding,0.7150918092070265,-0.055697558442131825
manifold_group_noise_fashion_mnist,0,0.1,0.0,309,309,0,0,0,1,5019,pca,embedding,0.1795322050985486,0.35000335771312635
manifold_group_noise_fashion_mnist,0,0.1,0.0,310,310,1,0,1,1,5011,pca,embedding,0.5432674704401125,-0.5302769107061
manifold_group_noise_fashion_mnist,0,0.1,0.0,311,311,1,1,0,1,5029,pca,embedding,0.06445955262697403,0.4775789870447894
manifold_group_noise_fashion_mnist,0,0.1,0.0,312,312,0,1,1,1,5048,pca,embedding,0.45814832192508825,0.2879306050734017
manifold_group_noise_fashion_mnist,0,0.1,0.0,313,313,1,1,0,1,5035,pca,embedding,-0.6682557621423971,-0.14345222393291596
manifold_group_noise_fashion_mnist,0,0.1,0.0,314,314,0,0,0,1,5026,pca,embedding,0.6337217495178323,-0.6939181643888266
manifold_group_noise_fashion_mnist,0,0.1,0.0,315,315,1,1,0,0,315,pca,embedding,0.49100036472807973,0.09958947190081045
manifold_group_noise_fashion_mnist,0,0.1,0.0,316,316,1,1,0,1,5047,pca,embedding,0.47229173753255727,-0.5875095689339664
manifold_group_noise_fashion_mnist,0,0.1,0.0,317,317,1,1,0,1,5035,pca,embedding,-0.6682557621423971,-0.14345222393291596
manifold_group_noise_fashion_mnist,0,0.1,0.0,318,318,0,0,0,1,5002,pca,embedding,-0.027086661852428567,0.5947311237740035
manifold_group_noise_fashion_mnist,0,0.1,0.0,319,319,1,1,0,1,5040,pca,embedding,0.9638087423059953,-0.28401185930010076
manifold_group_noise_fashion_mnist,0,0.1,0.0,320,320,1,1,0,1,5030,pca,embedding,-0.9209395414848962,-0.018646721701809244
manifold_group_noise_fashion_mnist,0,0.1,0.0,321,321,0,0,0,1,5004,pca,embedding,0.7716779575514205,-0.19462644679085278
manifold_group_noise_fashion_mnist,0,0.1,0.0,322,322,1,1,0,1,5037,pca,embedding,-0.9451498309908064,-0.0020105851249592674
manifold_group_noise_fashion_mnist,0,0.1,0.0,323,323,0,0,0,1,5024,pca,embedding,0.4633799315911309,0.9149703131486038
manifold_group_noise_fashion_mnist,0,0.1,0.0,324,324,1,1,0,1,5052,pca,embedding,0.2612535578629397,-0.4257219799555706
manifold_group_noise_fashion_mnist,0,0.1,0.0,325,325,1,1,0,1,5040,pca,embedding,0.8189792371135264,-0.12726515103470884
manifold_group_noise_fashion_mnist,0,0.1,0.0,326,326,1,1,0,0,326,pca,embedding,0.0746507367958647,0.4032431379239267
manifold_group_noise_fashion_mnist,0,0.1,0.0,327,327,0,0,0,1,5017,pca,embedding,0.6982379606993114,0.05101047232937288
manifold_group_noise_fashion_mnist,0,0.1,0.0,328,328,0,0,0,1,5005,pca,embedding,-0.31172248458921004,-0.28757371885534044
manifold_group_noise_fashion_mnist,0,0.1,0.0,329,329,1,1,0,1,5037,pca,embedding,-0.9580280240060483,0.08333890666241656
manifold_group_noise_fashion_mnist,0,0.1,0.0,330,330,1,1,0,1,5047,pca,embedding,0.5772055870297185,0.6279212279952442
manifold_group_noise_fashion_mnist,0,0.1,0.0,331,331,1,1,0,1,5031,pca,embedding,-0.9314815366436549,0.09299342007293208
manifold_group_noise_fashion_mnist,0,0.1,0.0,332,332,0,0,0,1,5022,pca,embedding,1.0125057543847131,-0.00418424783879795
manifold_group_noise_fashion_mnist,0,0.1,0.0,333,333,0,0,0,1,5007,pca,embedding,0.7753182144887703,-0.09166460691757014
manifold_group_noise_fashion_mnist,0,0.1,0.0,334,334,1,1,0,1,5052,pca,embedding,0.4416019357927238,-0.005862614870209185
manifold_group_noise_fashion_mnist,0,0.1,0.0,335,335,0,0,0,1,5015,pca,embedding,0.4898849566061579,-0.18716573424040156
manifold_group_noise_fashion_mnist,0,0.1,0.0,336,336,0,1,1,1,5048,pca,embedding,0.5471550016107941,0.16849148301482936
manifold_group_noise_fashion_mnist,0,0.1,0.0,337,337,1,1,0,1,5037,pca,embedding,-0.9451498309908064,-0.0020105851249592674
manifold_group_noise_fashion_mnist,0,0.1,0.0,338,338,1,1,0,1,5047,pca,embedding,0.47663175777198696,0.6580462171416843
manifold_group_noise_fashion_mnist,0,0.1,0.0,339,339,1,1,0,1,5049,pca,embedding,1.0547771071837813,0.10684690445816442
manifold_group_noise_fashion_mnist,0,0.1,0.0,340,340,1,1,0,1,5029,pca,embedding,0.24045051802004092,0.05136327467345356
manifold_group_noise_fashion_mnist,0,0.1,0.0,341,341,1,1,0,1,5041,pca,embedding,0.7443488506377949,-0.4672575518070577
manifold_group_noise_fashion_mnist,0,0.1,0.0,342,342,0,1,1,1,5048,pca,embedding,0.6069921774701434,0.2722664729588759
manifold_group_noise_fashion_mnist,0,0.1,0.0,343,343,1,1,0,1,5053,pca,embedding,-0.8131982104448544,0.23171335690141862
manifold_group_noise_fashion_mnist,0,0.1,0.0,344,344,0,0,0,1,5022,pca,embedding,1.1436418246418478,0.001028193940393815
manifold_group_noise_fashion_mnist,0,0.1,0.0,345,345,0,1,1,1,5034,pca,embedding,-0.29932229024069257,-0.31215301073798424
manifold_group_noise_fashion_mnist,0,0.1,0.0,346,346,1,1,0,1,5053,pca,embedding,-0.7317446023902112,-0.049205188001385645
manifold_group_noise_fashion_mnist,0,0.1,0.0,347,347,1,1,0,1,5027,pca,embedding,-0.9378203574655817,0.08209387291724515
manifold_group_noise_fashion_mnist,0,0.1,0.0,348,348,1,1,0,1,5031,pca,embedding,-0.9314815366436549,0.09299342007293208
manifold_group_noise_fashion_mnist,0,0.1,0.0,349,349,0,0,0,1,5001,pca,embedding,0.17009828504650287,-0.012868812304621988
manifold_group_noise_fashion_mnist,0,0.1,0.0,350,350,1,1,0,1,5051,pca,embedding,-0.3582218048331888,0.03483277977141487
manifold_group_noise_fashion_mnist,0,0.1,0.0,351,351,1,1,0,1,5053,pca,embedding,-0.7459396403059407,-0.10839806969662172
manifold_group_noise_fashion_mnist,0,0.1,0.0,352,352,1,1,0,1,5050,pca,embedding,-0.9199423243694982,-0.0023904970327028457
manifold_group_noise_fashion_mnist,0,0.1,0.0,353,353,0,0,0,1,5021,pca,embedding,-0.24725796788521498,-0.02935434662717168
manifold_group_noise_fashion_mnist,0,0.1,0.0,354,354,1,1,0,1,5039,pca,embedding,0.5355350781995705,0.5028519340321705
manifold_group_noise_fashion_mnist,0,0.1,0.0,355,355,1,1,0,1,5032,pca,embedding,0.15680966141846217,0.34983337748269816
manifold_group_noise_fashion_mnist,0,0.1,0.0,356,356,0,0,0,1,5022,pca,embedding,1.1436418246418478,0.001028193940393815
manifold_group_noise_fashion_mnist,0,0.1,0.0,357,357,0,0,0,1,5009,pca,embedding,0.5236857617397439,-0.8372655895134536
manifold_group_noise_fashion_mnist,0,0.1,0.0,358,358,1,1,0,1,5027,pca,embedding,-0.8973327420054342,0.09531622292119525
manifold_group_noise_fashion_mnist,0,0.1,0.0,359,359,0,1,1,1,5034,pca,embedding,-0.29932229024069257,-0.31215301073798424
manifold_group_noise_fashion_mnist,0,0.1,0.0,360,360,0,0,0,1,5020,pca,embedding,-0.9182058410981022,-0.031224669123850524
manifold_group_noise_fashion_mnist,0,0.1,0.0,361,361,0,0,0,1,5022,pca,embedding,1.195573168278564,-0.07403296293749109
manifold_group_noise_fashion_mnist,0,0.1,0.0,362,362,0,0,0,1,5000,pca,embedding,-0.8482294791769429,-0.08288450113225698
manifold_group_noise_fashion_mnist,0,0.1,0.0,363,363,0,0,0,1,5002,pca,embedding,-0.027086661852428567,0.5947311237740035
manifold_group_noise_fashion_mnist,0,0.1,0.0,364,364,1,1,0,1,5029,pca,embedding,0.24045051802004092,0.05136327467345356
manifold_group_noise_fashion_mnist,0,0.1,0.0,365,365,0,1,1,1,5038,pca,embedding,-0.45983247376997827,-0.20946979708881416
manifold_group_noise_fashion_mnist,0,0.1,0.0,366,366,0,0,0,1,5014,pca,embedding,0.6094692663789557,-0.8857080006630067
manifold_group_noise_fashion_mnist,0,0.1,0.0,367,367,1,1,0,1,5036,pca,embedding,-0.2763369883811938,-0.1922709193187338
manifold_group_noise_fashion_mnist,0,0.1,0.0,368,368,0,0,0,1,5025,pca,embedding,0.6033392428350896,-0.8492018816884397
manifold_group_noise_fashion_mnist,0,0.1,0.0,369,369,0,0,0,0,369,pca,embedding,0.2722671283430312,0.41208820946037333
manifold_group_noise_fashion_mnist,0,0.1,0.0,370,370,1,1,0,1,5032,pca,embedding,-0.02250019034847266,-0.10335939729586405
manifold_group_noise_fashion_mnist,0,0.1,0.0,371,371,1,0,1,1,5011,pca,embedding,1.0836504441979908,0.31989076687589235
manifold_group_noise_fashion_mnist,0,0.1,0.0,372,372,1,1,0,1,5052,pca,embedding,0.24166128823937189,0.16699958181553737
manifold_group_noise_fashion_mnist,0,0.1,0.0,373,373,0,0,0,1,5024,pca,embedding,0.68897939186363,-0.09619933344275569
manifold_group_noise_fashion_mnist,0,0.1,0.0,374,374,1,1,0,1,5043,pca,embedding,-0.9039169020509286,-0.008314721414324613
manifold_group_noise_fashion_mnist,0,0.1,0.0,375,375,1,1,0,1,5044,pca,embedding,-0.933462347711011,-0.0010421903387687545
manifold_group_noise_fashion_mnist,0,0.1,0.0,376,376,1,1,0,0,376,pca,embedding,0.9700925433718228,0.27888369029267773
manifold_group_noise_fashion_mnist,0,0.1,0.0,377,377,0,0,0,1,5017,pca,embedding,0.42605699936471525,-0.3750157036441893
manifold_group_noise_fashion_mnist,0,0.1,0.0,378,378,1,1,0,1,5033,pca,embedding,0.15620570956709592,-0.15650027766882196
manifold_group_noise_fashion_mnist,0,0.1,0.0,379,379,0,0,0,0,379,pca,embedding,-0.11041111724731512,-0.2100307957064939
manifold_group_noise_fashion_mnist,0,0.1,0.0,380,380,1,1,0,1,5042,pca,embedding,-0.20179748171251805,-0.2402258342572528
manifold_group_noise_fashion_mnist,0,0.1,0.0,381,381,1,1,0,0,381,pca,embedding,0.10010675108723652,0.11596255985553793
manifold_group_noise_fashion_mnist,0,0.1,0.0,382,382,1,1,0,1,5039,pca,embedding,0.48517537800047467,0.2669129748777002
manifold_group_noise_fashion_mnist,0,0.1,0.0,383,383,1,0,1,1,5011,pca,embedding,0.7695558704728208,-0.7662839938955993
manifold_group_noise_fashion_mnist,0,0.1,0.0,384,384,0,0,0,1,5005,pca,embedding,-0.2437376986905045,0.2533061168150995
manifold_group_noise_fashion_mnist,0,0.1,0.0,385,385,1,1,0,0,385,pca,embedding,0.6037676056496362,0.35028649414934665
manifold_group_noise_fashion_mnist,0,0.1,0.0,386,386,1,1,0,1,5040,pca,embedding,1.027844227745206,0.3676221440939843
manifold_group_noise_fashion_mnist,0,0.1,0.0,387,387,1,0,1,1,5011,pca,embedding,0.5432674704401125,-0.5302769107061
manifold_group_noise_fashion_mnist,0,0.1,0.0,388,388,0,0,0,1,5001,pca,embedding,0.08890557481938885,0.32247999927697274
manifold_group_noise_fashion_mnist,0,0.1,0.0,389,389,1,0,1,1,5011,pca,embedding,1.0632756970520523,0.7335145960938936
manifold_group_noise_fashion_mnist,0,0.1,0.0,390,390,1,1,0,1,5027,pca,embedding,-0.9007933365954512,-0.03679384814473206
manifold_group_noise_fashion_mnist,0,0.1,0.0,391,391,1,1,0,1,5045,pca,embedding,0.09803729767555212,0.024982946167763545
manifold_group_noise_fashion_mnist,0,0.1,0.0,392,392,1,1,0,1,5053,pca,embedding,-0.7213348676759209,0.15619229328804363
manifold_group_noise_fashion_mnist,0,0.1,0.0,393,393,1,1,0,1,5028,pca,embedding,-0.21210002490839894,0.3108050933699753
manifold_group_noise_fashion_mnist,0,0.1,0.0,394,394,1,1,0,1,5036,pca,embedding,-0.3928291611564881,0.08707621812610297
manifold_group_noise_fashion_mnist,0,0.1,0.0,395,395,0,0,0,1,5001,pca,embedding,0.17009828504650287,-0.012868812304621988
manifold_group_noise_fashion_mnist,0,0.1,0.0,396,396,0,0,0,1,5009,pca,embedding,0.6887897534495993,-0.1574445054400693
manifold_group_noise_fashion_mnist,0,0.1,0.0,397,397,1,1,0,1,5030,pca,embedding,-0.9768938384201941,0.07935520750661718
manifold_group_noise_fashion_mnist,0,0.1,0.0,398,398,1,1,0,1,5028,pca,embedding,-0.37137490070519363,-0.16509133732935938
manifold_group_noise_fashion_mnist,0,0.1,0.0,399,399,0,0,0,1,5012,pca,embedding,0.31773018608009373,0.7207984433109361
manifold_group_noise_fashion_mnist,0,0.1,0.0,400,400,1,1,0,1,5029,pca,embedding,0.06445955262697403,0.4775789870447894
manifold_group_noise_fashion_mnist,0,0.1,0.0,401,401,1,1,0,1,5046,pca,embedding,0.6222078186805816,-0.2509557354844167
manifold_group_noise_fashion_mnist,0,0.1,0.0,402,402,1,1,0,1,5030,pca,embedding,-0.8986246886737785,-0.05614817685687334
manifold_group_noise_fashion_mnist,0,0.1,0.0,403,403,1,0,1,1,5003,pca,embedding,-0.5295069983525605,0.4016414311933312
manifold_group_noise_fashion_mnist,0,0.1,0.0,404,404,1,1,0,1,5033,pca,embedding,0.12972042356306965,0.002901868205172085
manifold_group_noise_fashion_mnist,0,0.1,0.0,405,405,1,1,0,1,5029,pca,embedding,0.24045051802004092,0.05136327467345356
manifold_group_noise_fashion_mnist,0,0.1,0.0,406,406,1,0,1,1,5003,pca,embedding,-0.5867955472187929,0.3995064836249426
manifold_group_noise_fashion_mnist,0,0.1,0.0,407,407,0,1,1,1,5034,pca,embedding,-0.393971098046068,0.4893077959280767
manifold_group_noise_fashion_mnist,0,0.1,0.0,408,408,1,1,0,1,5032,pca,embedding,-0.02250019034847266,-0.10335939729586405
manifold_group_noise_fashion_mnist,0,0.1,0.0,409,409,1,1,0,1,5051,pca,embedding,-0.2699481842818249,0.10600597047603129
manifold_group_noise_fashion_mnist,0,0.1,0.0,410,410,1,1,0,1,5053,pca,embedding,-0.8347119940107677,-0.11239785125439054
manifold_group_noise_fashion_mnist,0,0.1,0.0,411,411,0,0,0,1,5010,pca,embedding,-0.5618842969960751,-0.35176691039001934
manifold_group_noise_fashion_mnist,0,0.1,0.0,412,412,1,1,0,1,5052,pca,embedding,0.14317958129873007,0.39671924479626014
manifold_group_noise_fashion_mnist,0,0.1,0.0,413,413,1,1,0,1,5037,pca,embedding,-0.9371061195794866,-0.01734109524114106
manifold_group_noise_fashion_mnist,0,0.1,0.0,414,414,1,1,0,1,5029,pca,embedding,-0.15465427874560161,-0.46454119769857777
manifold_group_noise_fashion_mnist,0,0.1,0.0,415,415,0,0,0,1,5012,pca,embedding,0.5957482406484725,0.43171252958647444
manifold_group_noise_fashion_mnist,0,0.1,0.0,416,416,0,0,0,0,416,pca,embedding,-0.11523228386770182,0.2531851358813081
manifold_group_noise_fashion_mnist,0,0.1,0.0,417,417,0,0,0,1,5021,pca,embedding,-0.24725796788521498,-0.02935434662717168
manifold_group_noise_fashion_mnist,0,0.1,0.0,418,418,1,1,0,1,5032,pca,embedding,0.15680966141846217,0.34983337748269816
manifold_group_noise_fashion_mnist,0,0.1,0.0,419,419,0,0,0,1,5008,pca,embedding,-0.9080085731925809,0.10956613832573582
manifold_group_noise_fashion_mnist,0,0.1,0.0,420,420,1,0,1,1,5011,pca,embedding,0.8929993970153112,-0.7851538694798373
manifold_group_noise_fashion_mnist,0,0.1,0.0,421,421,0,0,0,1,5017,pca,embedding,0.48016080422268403,0.6844474880844832
manifold_group_noise_fashion_mnist,0,0.1,0.0,422,422,1,1,0,1,5028,pca,embedding,-0.27962917186446695,0.23646562433701093
manifold_group_noise_fashion_mnist,0,0.1,0.0,423,423,0,0,0,1,5012,pca,embedding,0.7847317098698449,0.010272125437471302
manifold_group_noise_fashion_mnist,0,0.1,0.0,424,424,1,1,0,1,5036,pca,embedding,-0.3517935060267099,0.07677842335645096
manifold_group_noise_fashion_mnist,0,0.1,0.0,425,425,0,0,0,1,5013,pca,embedding,-0.32854595670834297,-0.27505311412747724
manifold_group_noise_fashion_mnist,0,0.1,0.0,426,426,1,1,0,1,5046,pca,embedding,0.6895972894458564,-0.05687289007367548
manifold_group_noise_fashion_mnist,0,0.1,0.0,427,427,1,1,0,1,5041,pca,embedding,0.7208129485751046,0.3437273830325539
manifold_group_noise_fashion_mnist,0,0.1,0.0,428,428,0,1,1,1,5038,pca,embedding,-0.29061198396498966,0.12831690703302223
manifold_group_noise_fashion_mnist,0,0.1,0.0,429,429,1,1,0,1,5028,pca,embedding,-0.21210002490839894,0.3108050933699753
manifold_group_noise_fashion_mnist,0,0.1,0.0,430,430,0,0,0,1,5021,pca,embedding,-0.34935337459515076,0.4942954621587609
manifold_group_noise_fashion_mnist,0,0.1,0.0,431,431,1,0,1,1,5003,pca,embedding,-0.6482112326481815,-0.2923616972993318
manifold_group_noise_fashion_mnist,0,0.1,0.0,432,432,1,1,0,1,5035,pca,embedding,-0.6667900596372172,-0.05734931063364601
manifold_group_noise_fashion_mnist,0,0.1,0.0,433,433,1,1,0,1,5049,pca,embedding,1.0547771071837813,0.10684690445816442
manifold_group_noise_fashion_mnist,0,0.1,0.0,434,434,0,0,0,1,5012,pca,embedding,0.31773018608009373,0.7207984433109361
manifold_group_noise_fashion_mnist,0,0.1,0.0,435,435,0,0,0,1,5007,pca,embedding,0.7310746048500187,0.34303468162076894
manifold_group_noise_fashion_mnist,0,0.1,0.0,436,436,0,0,0,1,5015,pca,embedding,0.48973980449766374,-0.31214604955977876
manifold_group_noise_fashion_mnist,0,0.1,0.0,437,437,1,1,0,1,5033,pca,embedding,0.15620570956709592,-0.15650027766882196
manifold_group_noise_fashion_mnist,0,0.1,0.0,438,438,1,1,0,1,5043,pca,embedding,-0.9039169020509286,-0.008314721414324613
manifold_group_noise_fashion_mnist,0,0.1,0.0,439,439,1,1,0,1,5045,pca,embedding,0.09803729767555212,0.024982946167763545
manifold_group_noise_fashion_mnist,0,0.1,0.0,440,440,0,0,0,1,5024,pca,embedding,0.6919665191723983,0.44595596884533295
manifold_group_noise_fashion_mnist,0,0.1,0.0,441,441,0,0,0,1,5025,pca,embedding,0.6033392428350896,-0.8492018816884397
manifold_group_noise_fashion_mnist,0,0.1,0.0,442,442,1,1,0,1,5028,pca,embedding,-0.2525708642257593,0.05606018467327206
manifold_group_noise_fashion_mnist,0,0.1,0.0,443,443,0,0,0,1,5025,pca,embedding,0.8078637666020315,-0.1047305569563703
manifold_group_noise_fashion_mnist,0,0.1,0.0,444,444,1,1,0,1,5053,pca,embedding,-0.8131982104448544,0.23171335690141862
manifold_group_noise_fashion_mnist,0,0.1,0.0,445,445,1,1,0,1,5032,pca,embedding,-0.02250019034847266,-0.10335939729586405
manifold_group_noise_fashion_mnist,0,0.1,0.0,446,446,0,1,1,1,5034,pca,embedding,-0.393971098046068,0.4893077959280767
manifold_group_noise_fashion_mnist,0,0.1,0.0,447,447,1,0,1,1,5003,pca,embedding,-0.42330939598468087,-0.07754103556021294
manifold_group_noise_fashion_mnist,0,0.1,0.0,448,448,1,1,0,1,5051,pca,embedding,-0.3582218048331888,0.03483277977141487
manifold_group_noise_fashion_mnist,0,0.1,0.0,449,449,1,1,0,1,5047,pca,embedding,0.47229173753255727,-0.5875095689339664
manifold_group_noise_fashion_mnist,0,0.1,0.0,450,450,1,1,0,1,5044,pca,embedding,-0.9167337871352412,0.0841411189432725
manifold_group_noise_fashion_mnist,0,0.1,0.0,451,451,1,1,0,1,5030,pca,embedding,-0.9049921226092401,0.03200052111372305
manifold_group_noise_fashion_mnist,0,0.1,0.0,452,452,0,0,0,1,5022,pca,embedding,1.176228055621214,-0.04947752053331311
manifold_group_noise_fashion_mnist,0,0.1,0.0,453,453,0,0,0,1,5019,pca,embedding,0.12703119109200905,0.08259735868133822
manifold_group_noise_fashion_mnist,0,0.1,0.0,454,454,0,0,0,1,5017,pca,embedding,0.30317910252544156,0.7966628010204916
manifold_group_noise_fashion_mnist,0,0.1,0.0,455,455,1,1,0,1,5028,pca,embedding,-0.37137490070519363,-0.16509133732935938
manifold_group_noise_fashion_mnist,0,0.1,0.0,456,456,0,0,0,1,5016,pca,embedding,-0.8698765513174348,-0.18625840002257832
manifold_group_noise_fashion_mnist,0,0.1,0.0,457,457,1,1,0,1,5045,pca,embedding,-0.12688142122261098,-0.5181427194788213
manifold_group_noise_fashion_mnist,0,0.1,0.0,458,458,1,1,0,1,5027,pca,embedding,-0.9911529266948478,0.11235758861556076
manifold_group_noise_fashion_mnist,0,0.1,0.0,459,459,0,0,0,1,5005,pca,embedding,-0.22616520251103917,0.35906978587581506
manifold_group_noise_fashion_mnist,0,0.1,0.0,460,460,1,1,0,1,5041,pca,embedding,0.7208129485751046,0.3437273830325539
manifold_group_noise_fashion_mnist,0,0.1,0.0,461,461,0,0,0,1,5001,pca,embedding,-0.055388969474124784,-0.6002120824197864
manifold_group_noise_fashion_mnist,0,0.1,0.0,462,462,0,0,0,1,5022,pca,embedding,1.176228055621214,-0.04947752053331311
manifold_group_noise_fashion_mnist,0,0.1,0.0,463,463,1,1,0,1,5033,pca,embedding,-0.05403442256539707,0.022221309570141585
manifold_group_noise_fashion_mnist,0,0.1,0.0,464,464,1,1,0,1,5037,pca,embedding,-0.9451498309908064,-0.0020105851249592674
manifold_group_noise_fashion_mnist,0,0.1,0.0,465,465,1,1,0,1,5047,pca,embedding,0.7249619695057066,0.37652682078468536
manifold_group_noise_fashion_mnist,0,0.1,0.0,466,466,1,1,0,1,5027,pca,embedding,-0.9007933365954512,-0.03679384814473206
manifold_group_noise_fashion_mnist,0,0.1,0.0,467,467,1,1,0,1,5043,pca,embedding,-0.9276277355735963,0.05898613183590304
manifold_group_noise_fashion_mnist,0,0.1,0.0,468,468,1,1,0,1,5053,pca,embedding,-0.7213348676759209,0.15619229328804363
manifold_group_noise_fashion_mnist,0,0.1,0.0,469,469,1,1,0,1,5047,pca,embedding,0.7249619695057066,0.37652682078468536
manifold_group_noise_fashion_mnist,0,0.1,0.0,470,470,0,0,0,1,5022,pca,embedding,1.1436418246418478,0.001028193940393815
manifold_group_noise_fashion_mnist,0,0.1,0.0,471,471,0,0,0,1,5002,pca,embedding,-0.11522652685558007,-0.5418229011217831
manifold_group_noise_fashion_mnist,0,0.1,0.0,472,472,0,0,0,1,5024,pca,embedding,0.40392033062496324,-0.8104792730580821
manifold_group_noise_fashion_mnist,0,0.1,0.0,473,473,1,1,0,1,5050,pca,embedding,-0.9633798164290678,0.06505589765052418
manifold_group_noise_fashion_mnist,0,0.1,0.0,474,474,1,1,0,1,5032,pca,embedding,0.013593390028673633,-0.6492355803402008
manifold_group_noise_fashion_mnist,0,0.1,0.0,475,475,0,0,0,1,5017,pca,embedding,0.42605699936471525,-0.3750157036441893
manifold_group_noise_fashion_mnist,0,0.1,0.0,476,476,1,1,0,1,5053,pca,embedding,-0.7213348676759209,0.15619229328804363
manifold_group_noise_fashion_mnist,0,0.1,0.0,477,477,0,0,0,1,5019,pca,embedding,-0.00446671967501503,-0.5229068986423999
manifold_group_noise_fashion_mnist,0,0.1,0.0,478,478,0,0,0,0,478,pca,embedding,-0.3171985778423317,-0.15362277878895303
manifold_group_noise_fashion_mnist,0,0.1,0.0,479,479,0,0,0,1,5020,pca,embedding,-0.9497924358374816,0.06015877100443373
manifold_group_noise_fashion_mnist,0,0.1,0.0,480,480,0,0,0,1,5022,pca,embedding,1.1667636990253114,-0.04785440842201168
manifold_group_noise_fashion_mnist,0,0.1,0.0,481,481,0,1,1,1,5034,pca,embedding,-0.393971098046068,0.4893077959280767
manifold_group_noise_fashion_mnist,0,0.1,0.0,482,482,0,0,0,1,5026,pca,embedding,1.0225594576788382,0.8460605465572696
manifold_group_noise_fashion_mnist,0,0.1,0.0,483,483,0,0,0,1,5012,pca,embedding,0.6240655861975803,0.8332339941930155
manifold_group_noise_fashion_mnist,0,0.1,0.0,484,484,0,0,0,1,5022,pca,embedding,1.176228055621214,-0.04947752053331311
manifold_group_noise_fashion_mnist,0,0.1,0.0,485,485,0,0,0,1,5026,pca,embedding,0.9903016690799857,-0.6452619903771234
manifold_group_noise_fashion_mnist,0,0.1,0.0,486,486,0,0,0,1,5004,pca,embedding,0.6269438212149149,0.753965682519814
manifold_group_noise_fashion_mnist,0,0.1,0.0,487,487,0,0,0,1,5017,pca,embedding,0.5623923821775677,0.39259854104581515
manifold_group_noise_fashion_mnist,0,0.1,0.0,488,488,0,0,0,1,5022,pca,embedding,1.0125057543847131,-0.00418424783879795
manifold_group_noise_fashion_mnist,0,0.1,0.0,489,489,0,0,0,1,5018,pca,embedding,-0.7068305076471434,-0.2727428370183327
manifold_group_noise_fashion_mnist,0,0.1,0.0,490,490,1,1,0,1,5043,pca,embedding,-0.8923220763993547,-0.0654162054656785
manifold_group_noise_fashion_mnist,0,0.1,0.0,491,491,1,1,0,1,5050,pca,embedding,-0.9340407827705792,0.02264048629003733
manifold_group_noise_fashion_mnist,0,0.1,0.0,492,492,0,0,0,1,5005,pca,embedding,-0.1930334396864428,-0.11883543919769458
manifold_group_noise_fashion_mnist,0,0.1,0.0,493,493,0,0,0,1,5017,pca,embedding,0.42605699936471525,-0.3750157036441893
manifold_group_noise_fashion_mnist,0,0.1,0.0,494,494,1,1,0,1,5051,pca,embedding,-0.39162753579993237,-0.008920929729294489
manifold_group_noise_fashion_mnist,0,0.1,0.0,495,495,1,1,0,1,5049,pca,embedding,1.0547771071837813,0.10684690445816442
manifold_group_noise_fashion_mnist,0,0.1,0.0,496,496,0,0,0,1,5014,pca,embedding,0.4074563955430733,-0.8576257726845001
manifold_group_noise_fashion_mnist,0,0.1,0.0,497,497,0,0,0,1,5022,pca,embedding,1.0125057543847131,-0.00418424783879795
manifold_group_noise_fashion_mnist,0,0.1,0.0,498,498,1,1,0,1,5042,pca,embedding,-0.4127925976884213,-0.34339609285048933
manifold_group_noise_fashion_mnist,0,0.1,0.0,499,499,0,1,1,1,5034,pca,embedding,-0.2274209305196443,-0.5102599059686482
manifold_group_noise_fashion_mnist,0,0.1,0.0,500,500,1,1,0,1,5043,pca,embedding,-0.8923220763993547,-0.0654162054656785
manifold_group_noise_fashion_mnist,0,0.1,0.0,501,501,0,0,0,1,5015,pca,embedding,0.5115265429225028,0.09275834031386163
manifold_group_noise_fashion_mnist,0,0.1,0.0,502,502,0,0,0,1,5002,pca,embedding,0.10260216297295745,-0.06731487496185998
manifold_group_noise_fashion_mnist,0,0.1,0.0,503,503,0,0,0,1,5014,pca,embedding,0.7678978237283995,-0.11035586652796843
manifold_group_noise_fashion_mnist,0,0.1,0.0,504,504,0,0,0,0,504,pca,embedding,-0.23788033164360356,-0.31895198995307716
manifold_group_noise_fashion_mnist,0,0.1,0.0,505,505,0,0,0,1,5025,pca,embedding,0.4477424481445879,-0.7512979777609946
manifold_group_noise_fashion_mnist,0,0.1,0.0,506,506,1,1,0,1,5053,pca,embedding,-0.8096290397197841,0.1688999106734829
manifold_group_noise_fashion_mnist,0,0.1,0.0,507,507,0,0,0,1,5010,pca,embedding,-0.3956760563016188,0.20052086556156357
manifold_group_noise_fashion_mnist,0,0.1,0.0,508,508,1,1,0,1,5049,pca,embedding,0.8636405905890938,0.22621678203325513
manifold_group_noise_fashion_mnist,0,0.1,0.0,509,509,1,1,0,0,509,pca,embedding,0.5025469524096378,0.47130627990766394
manifold_group_noise_fashion_mnist,0,0.1,0.0,510,510,0,0,0,1,5018,pca,embedding,-0.7068305076471434,-0.2727428370183327
manifold_group_noise_fashion_mnist,0,0.1,0.0,511,511,1,1,0,1,5044,pca,embedding,-0.9436233203202156,-0.022410175201620586
manifold_group_noise_fashion_mnist,0,0.1,0.0,512,512,0,0,0,1,5001,pca,embedding,-0.20983110005793337,0.5494393825818871
manifold_group_noise_fashion_mnist,0,0.1,0.0,513,513,0,0,0,1,5016,pca,embedding,-0.9152972115685095,-0.11755398196829882
manifold_group_noise_fashion_mnist,0,0.1,0.0,514,514,0,0,0,1,5013,pca,embedding,-0.32854595670834297,-0.27505311412747724
manifold_group_noise_fashion_mnist,0,0.1,0.0,515,515,0,0,0,1,5021,pca,embedding,-0.2161397659044853,0.47614076811946476
manifold_group_noise_fashion_mnist,0,0.1,0.0,516,516,0,0,0,1,5004,pca,embedding,0.6269438212149149,0.753965682519814
manifold_group_noise_fashion_mnist,0,0.1,0.0,517,517,0,1,1,1,5048,pca,embedding,0.49290124574368605,-0.3244601094463664
manifold_group_noise_fashion_mnist,0,0.1,0.0,518,518,0,0,0,1,5009,pca,embedding,0.5236857617397439,-0.8372655895134536
manifold_group_noise_fashion_mnist,0,0.1,0.0,519,519,1,1,0,1,5050,pca,embedding,-0.9227669255029821,-0.004689255177931589
manifold_group_noise_fashion_mnist,0,0.1,0.0,520,520,1,0,1,1,5011,pca,embedding,1.0632756970520523,0.7335145960938936
manifold_group_noise_fashion_mnist,0,0.1,0.0,521,521,1,1,0,1,5039,pca,embedding,0.23789559302440683,-0.4385188382028624
manifold_group_noise_fashion_mnist,0,0.1,0.0,522,522,0,0,0,1,5016,pca,embedding,-0.9152972115685095,-0.11755398196829882
manifold_group_noise_fashion_mnist,0,0.1,0.0,523,523,0,0,0,1,5014,pca,embedding,0.6094692663789557,-0.8857080006630067
manifold_group_noise_fashion_mnist,0,0.1,0.0,524,524,1,1,0,1,5032,pca,embedding,0.07903633822753363,0.5866221099744201
manifold_group_noise_fashion_mnist,0,0.1,0.0,525,525,0,0,0,1,5005,pca,embedding,-0.1930334396864428,-0.11883543919769458
manifold_group_noise_fashion_mnist,0,0.1,0.0,526,526,0,0,0,1,5013,pca,embedding,-0.4288956031971049,0.16021457407107811
manifold_group_noise_fashion_mnist,0,0.1,0.0,527,527,0,0,0,1,5017,pca,embedding,0.30317910252544156,0.7966628010204916
manifold_group_noise_fashion_mnist,0,0.1,0.0,528,528,1,1,0,1,5049,pca,embedding,1.0547771071837813,0.10684690445816442
manifold_group_noise_fashion_mnist,0,0.1,0.0,529,529,1,1,0,1,5053,pca,embedding,-0.8190223520990317,-0.17867832197397182
manifold_group_noise_fashion_mnist,0,0.1,0.0,530,530,1,1,0,1,5050,pca,embedding,-0.9199423243694982,-0.0023904970327028457
manifold_group_noise_fashion_mnist,0,0.1,0.0,531,531,1,1,0,1,5052,pca,embedding,0.2612535578629397,-0.4257219799555706
manifold_group_noise_fashion_mnist,0,0.1,0.0,532,532,0,0,0,1,5012,pca,embedding,0.7847317098698449,0.010272125437471302
manifold_group_noise_fashion_mnist,0,0.1,0.0,533,533,1,1,0,1,5030,pca,embedding,-0.9284579928390012,0.07757571507984015
manifold_group_noise_fashion_mnist,0,0.1,0.0,534,534,0,0,0,1,5026,pca,embedding,0.8643189313791584,-0.8625811275119452
manifold_group_noise_fashion_mnist,0,0.1,0.0,535,535,1,1,0,1,5042,pca,embedding,-0.1290109957551854,0.03602628050692855
manifold_group_noise_fashion_mnist,0,0.1,0.0,536,536,0,1,1,1,5048,pca,embedding,0.5471550016107941,0.16849148301482936
manifold_group_noise_fashion_mnist,0,0.1,0.0,537,537,0,1,1,1,5048,pca,embedding,0.3741941644556492,-0.45362821265891873
manifold_group_noise_fashion_mnist,0,0.1,0.0,538,538,0,0,0,1,5006,pca,embedding,0.753623406144043,-0.05687388166894217
manifold_group_noise_fashion_mnist,0,0.1,0.0,539,539,1,1,0,1,5042,pca,embedding,-0.16787641680515858,0.1919524931848898
manifold_group_noise_fashion_mnist,0,0.1,0.0,540,540,1,1,0,1,5053,pca,embedding,-0.7459396403059407,-0.10839806969662172
manifold_group_noise_fashion_mnist,0,0.1,0.0,541,541,0,0,0,1,5005,pca,embedding,-0.15637020303214264,0.05034404996747888
manifold_group_noise_fashion_mnist,0,0.1,0.0,542,542,1,1,0,1,5041,pca,embedding,0.7443488506377949,-0.4672575518070577
manifold_group_noise_fashion_mnist,0,0.1,0.0,543,543,0,0,0,1,5012,pca,embedding,0.35121201924219164,-0.7333911377239968
manifold_group_noise_fashion_mnist,0,0.1,0.0,544,544,0,0,0,1,5006,pca,embedding,0.6063230907164234,-0.47359999038684386
manifold_group_noise_fashion_mnist,0,0.1,0.0,545,545,0,1,1,1,5048,pca,embedding,0.45814832192508825,0.2879306050734017
manifold_group_noise_fashion_mnist,0,0.1,0.0,546,546,0,0,0,1,5013,pca,embedding,-0.4894679235005871,0.34177367084038907
manifold_group_noise_fashion_mnist,0,0.1,0.0,547,547,0,0,0,1,5020,pca,embedding,-0.9456050139887335,0.007970148219874733
manifold_group_noise_fashion_mnist,0,0.1,0.0,548,548,0,1,1,1,5038,pca,embedding,-0.29061198396498966,0.12831690703302223
manifold_group_noise_fashion_mnist,0,0.1,0.0,549,549,0,0,0,1,5013,pca,embedding,-0.4894679235005871,0.34177367084038907
manifold_group_noise_fashion_mnist,0,0.1,0.0,550,550,0,0,0,1,5024,pca,embedding,0.7208546462036393,-0.6260184097886702
manifold_group_noise_fashion_mnist,0,0.1,0.0,551,551,0,0,0,0,551,pca,embedding,0.8055317496444843,-0.04336896092565978
manifold_group_noise_fashion_mnist,0,0.1,0.0,552,552,0,0,0,1,5015,pca,embedding,0.48973980449766374,-0.31214604955977876
manifold_group_noise_fashion_mnist,0,0.1,0.0,553,553,0,0,0,1,5015,pca,embedding,0.5115265429225028,0.09275834031386163
manifold_group_noise_fashion_mnist,0,0.1,0.0,554,554,0,0,0,1,5024,pca,embedding,0.68897939186363,-0.09619933344275569
manifold_group_noise_fashion_mnist,0,0.1,0.0,555,555,0,1,1,1,5048,pca,embedding,0.3741941644556492,-0.45362821265891873
manifold_group_noise_fashion_mnist,0,0.1,0.0,556,556,0,0,0,1,5026,pca,embedding,0.6337217495178323,-0.6939181643888266
manifold_group_noise_fashion_mnist,0,0.1,0.0,557,557,1,1,0,1,5040,pca,embedding,0.9556092726465338,0.31164686277163933
manifold_group_noise_fashion_mnist,0,0.1,0.0,558,558,0,0,0,0,558,pca,embedding,0.19755808796408733,0.17100118809137468
manifold_group_noise_fashion_mnist,0,0.1,0.0,559,559,0,1,1,1,5038,pca,embedding,-0.45983247376997827,-0.20946979708881416
manifold_group_noise_fashion_mnist,0,0.1,0.0,560,560,0,1,1,1,5048,pca,embedding,0.49290124574368605,-0.3244601094463664
manifold_group_noise_fashion_mnist,0,0.1,0.0,561,561,1,1,0,1,5052,pca,embedding,0.10914625155416985,-0.30537753538901524
manifold_group_noise_fashion_mnist,0,0.1,0.0,562,562,0,0,0,1,5006,pca,embedding,0.6063230907164234,-0.47359999038684386
manifold_group_noise_fashion_mnist,0,0.1,0.0,563,563,0,0,0,1,5006,pca,embedding,0.6410339257040708,0.4604676149854941
manifold_group_noise_fashion_mnist,0,0.1,0.0,564,564,0,0,0,1,5015,pca,embedding,0.48973980449766374,-0.31214604955977876
manifold_group_noise_fashion_mnist,0,0.1,0.0,565,565,1,1,0,1,5041,pca,embedding,0.7443488506377949,-0.4672575518070577
manifold_group_noise_fashion_mnist,0,0.1,0.0,566,566,1,1,0,1,5027,pca,embedding,-0.9007933365954512,-0.03679384814473206
manifold_group_noise_fashion_mnist,0,0.1,0.0,567,567,0,0,0,1,5007,pca,embedding,0.43282795794124146,0.7450040285770225
manifold_group_noise_fashion_mnist,0,0.1,0.0,568,568,0,0,0,0,568,pca,embedding,-0.6477516522279446,0.05722715952880193
manifold_group_noise_fashion_mnist,0,0.1,0.0,569,569,1,1,0,1,5030,pca,embedding,-0.9049921226092401,0.03200052111372305
manifold_group_noise_fashion_mnist,0,0.1,0.0,570,570,1,1,0,1,5052,pca,embedding,0.2612535578629397,-0.4257219799555706
manifold_group_noise_fashion_mnist,0,0.1,0.0,571,571,1,1,0,1,5050,pca,embedding,-0.9440228200781294,0.014081904869904474
manifold_group_noise_fashion_mnist,0,0.1,0.0,572,572,1,1,0,1,5035,pca,embedding,-0.68284923201481,0.010838406478870036
manifold_group_noise_fashion_mnist,0,0.1,0.0,573,573,1,1,0,1,5049,pca,embedding,0.8140468780818403,-0.5460638656521932
manifold_group_noise_fashion_mnist,0,0.1,0.0,574,574,0,0,0,1,5020,pca,embedding,-0.9372990611320376,-0.06982800216070881
manifold_group_noise_fashion_mnist,0,0.1,0.0,575,575,0,0,0,1,5013,pca,embedding,-0.4894679235005871,0.34177367084038907
manifold_group_noise_fashion_mnist,0,0.1,0.0,576,576,0,0,0,0,576,pca,embedding,0.565268695297285,-0.2614080221054793
manifold_group_noise_fashion_mnist,0,0.1,0.0,577,577,0,1,1,1,5038,pca,embedding,-0.3133958956434428,-0.2556486466657895
manifold_group_noise_fashion_mnist,0,0.1,0.0,578,578,1,1,0,1,5040,pca,embedding,0.9556092726465338,0.31164686277163933
manifold_group_noise_fashion_mnist,0,0.1,0.0,579,579,0,0,0,1,5016,pca,embedding,-0.8509677633996975,-0.01540338210347917
manifold_group_noise_fashion_mnist,0,0.1,0.0,580,580,0,0,0,1,5013,pca,embedding,-0.30969708508752203,-0.34292603160147755
manifold_group_noise_fashion_mnist,0,0.1,0.0,581,581,0,1,1,1,5038,pca,embedding,-0.29061198396498966,0.12831690703302223
manifold_group_noise_fashion_mnist,0,0.1,0.0,582,582,0,0,0,1,5006,pca,embedding,0.4346694554662931,0.8211737767562604
manifold_group_noise_fashion_mnist,0,0.1,0.0,583,583,1,1,0,1,5040,pca,embedding,0.9638087423059953,-0.28401185930010076
manifold_group_noise_fashion_mnist,0,0.1,0.0,584,584,0,1,1,1,5034,pca,embedding,-0.1823320278503068,-0.07631481612649957
manifold_group_noise_fashion_mnist,0,0.1,0.0,585,585,0,1,1,1,5038,pca,embedding,-0.3133958956434428,-0.2556486466657895
manifold_group_noise_fashion_mnist,0,0.1,0.0,586,586,0,0,0,1,5007,pca,embedding,0.7424930847879689,-0.6242781687632878
manifold_group_noise_fashion_mnist,0,0.1,0.0,587,587,0,0,0,1,5018,pca,embedding,-0.628037769619463,-0.032999878420948384
manifold_group_noise_fashion_mnist,0,0.1,0.0,588,588,0,0,0,1,5026,pca,embedding,0.8643189313791584,-0.8625811275119452
manifold_group_noise_fashion_mnist,0,0.1,0.0,589,589,0,0,0,1,5016,pca,embedding,-0.8937822588494512,0.12556981205862594
manifold_group_noise_fashion_mnist,0,0.1,0.0,590,590,0,0,0,0,590,pca,embedding,0.14905179865076884,-0.3645483515492718
manifold_group_noise_fashion_mnist,0,0.1,0.0,591,591,0,0,0,1,5017,pca,embedding,0.42605699936471525,-0.3750157036441893
manifold_group_noise_fashion_mnist,0,0.1,0.0,592,592,1,1,0,1,5035,pca,embedding,-0.7520089470711595,0.08969918393342756
manifold_group_noise_fashion_mnist,0,0.1,0.0,593,593,0,0,0,1,5014,pca,embedding,0.6094692663789557,-0.8857080006630067
manifold_group_noise_fashion_mnist,0,0.1,0.0,594,594,1,1,0,1,5043,pca,embedding,-0.9366843642643166,0.07930016900041902
manifold_group_noise_fashion_mnist,0,0.1,0.0,595,595,1,1,0,1,5043,pca,embedding,-0.8923220763993547,-0.0654162054656785
manifold_group_noise_fashion_mnist,0,0.1,0.0,596,596,0,0,0,1,5004,pca,embedding,0.6269438212149149,0.753965682519814
manifold_group_noise_fashion_mnist,0,0.1,0.0,597,597,1,1,0,1,5043,pca,embedding,-0.9208996863692495,0.05183174703567252
manifold_group_noise_fashion_mnist,0,0.1,0.0,598,598,0,1,1,1,5038,pca,embedding,-0.45983247376997827,-0.20946979708881416
manifold_group_noise_fashion_mnist,0,0.1,0.0,599,599,1,1,0,0,599,pca,embedding,0.7392747408797945,-0.050003378510717775
manifold_group_noise_fashion_mnist,0,0.1,0.0,600,600,1,1,0,1,5036,pca,embedding,-0.2865524427678605,-0.06377224014922256
manifold_group_noise_fashion_mnist,0,0.1,0.0,601,601,1,1,0,1,5053,pca,embedding,-0.8190223520990317,-0.17867832197397182
manifold_group_noise_fashion_mnist,0,0.1,0.0,602,602,0,0,0,1,5022,pca,embedding,1.2137963850880586,0.030217761403640714
manifold_group_noise_fashion_mnist,0,0.1,0.0,603,603,1,1,0,1,5029,pca,embedding,-0.07978025028925795,-0.4985863525607537
manifold_group_noise_fashion_mnist,0,0.1,0.0,604,604,0,0,0,1,5013,pca,embedding,-0.36582371945831244,-0.22296090438783756
manifold_group_noise_fashion_mnist,0,0.1,0.0,605,605,0,0,0,0,605,pca,embedding,0.8904754280855749,0.3674614666864603
manifold_group_noise_fashion_mnist,0,0.1,0.0,606,606,0,0,0,1,5025,pca,embedding,0.7627814992073733,0.4172494545560207
manifold_group_noise_fashion_mnist,0,0.1,0.0,607,607,0,0,0,0,607,pca,embedding,-0.029756935976082987,0.44885302112268194
manifold_group_noise_fashion_mnist,0,0.1,0.0,608,608,0,1,1,1,5048,pca,embedding,0.45814832192508825,0.2879306050734017
manifold_group_noise_fashion_mnist,0,0.1,0.0,609,609,1,1,0,0,609,pca,embedding,-0.7704594203117521,0.0683850485403941
manifold_group_noise_fashion_mnist,0,0.1,0.0,610,610,1,1,0,0,610,pca,embedding,-0.8038610471773341,-0.10808372684687018
manifold_group_noise_fashion_mnist,0,0.1,0.0,611,611,1,1,0,1,5053,pca,embedding,-0.8096290397197841,0.1688999106734829
manifold_group_noise_fashion_mnist,0,0.1,0.0,612,612,1,1,0,1,5032,pca,embedding,0.00018838553375116404,-0.4344600271522524
manifold_group_noise_fashion_mnist,0,0.1,0.0,613,613,0,0,0,1,5007,pca,embedding,0.7424930847879689,-0.6242781687632878
manifold_group_noise_fashion_mnist,0,0.1,0.0,614,614,0,0,0,1,5018,pca,embedding,-0.6324876529989985,-0.27449072368453065
manifold_group_noise_fashion_mnist,0,0.1,0.0,615,615,1,1,0,0,615,pca,embedding,-0.7768991641717933,-0.08607320960712664
manifold_group_noise_fashion_mnist,0,0.1,0.0,616,616,1,1,0,1,5032,pca,embedding,0.013593390028673633,-0.6492355803402008
manifold_group_noise_fashion_mnist,0,0.1,0.0,617,617,1,1,0,1,5052,pca,embedding,0.39362263073123244,-0.23679557471232127
manifold_group_noise_fashion_mnist,0,0.1,0.0,618,618,1,1,0,1,5042,pca,embedding,-0.21148132223025862,0.3018044765784209
manifold_group_noise_fashion_mnist,0,0.1,0.0,619,619,0,0,0,1,5020,pca,embedding,-0.9410983793121367,0.06979016203590949
manifold_group_noise_fashion_mnist,0,0.1,0.0,620,620,0,0,0,1,5002,pca,embedding,-0.11522652685558007,-0.5418229011217831
manifold_group_noise_fashion_mnist,0,0.1,0.0,621,621,1,1,0,1,5044,pca,embedding,-0.843661349265209,-0.0516507547640452
manifold_group_noise_fashion_mnist,0,0.1,0.0,622,622,1,1,0,1,5032,pca,embedding,0.013593390028673633,-0.6492355803402008
manifold_group_noise_fashion_mnist,0,0.1,0.0,623,623,1,1,0,0,623,pca,embedding,0.977183856077087,0.23868814424981266
manifold_group_noise_fashion_mnist,0,0.1,0.0,624,624,1,1,0,1,5027,pca,embedding,-0.9378203574655817,0.08209387291724515
manifold_group_noise_fashion_mnist,0,0.1,0.0,625,625,1,1,0,1,5051,pca,embedding,-0.2699481842818249,0.10600597047603129
manifold_group_noise_fashion_mnist,0,0.1,0.0,626,626,1,1,0,1,5039,pca,embedding,0.4063502914529092,-0.21375216840256803
manifold_group_noise_fashion_mnist,0,0.1,0.0,627,627,0,0,0,1,5010,pca,embedding,-0.40504166856836465,-0.33309503943000657
manifold_group_noise_fashion_mnist,0,0.1,0.0,628,628,1,0,1,1,5003,pca,embedding,-0.42330939598468087,-0.07754103556021294
manifold_group_noise_fashion_mnist,0,0.1,0.0,629,629,0,0,0,1,5024,pca,embedding,0.6919665191723983,0.44595596884533295
manifold_group_noise_fashion_mnist,0,0.1,0.0,630,630,1,1,0,1,5051,pca,embedding,-0.1971988760099308,0.02011810601789199
manifold_group_noise_fashion_mnist,0,0.1,0.0,631,631,0,0,0,1,5023,pca,embedding,-0.04454873857435058,-0.5850157606427607
manifold_group_noise_fashion_mnist,0,0.1,0.0,632,632,0,0,0,1,5015,pca,embedding,0.4898849566061579,-0.18716573424040156
manifold_group_noise_fashion_mnist,0,0.1,0.0,633,633,0,0,0,1,5012,pca,embedding,0.7847317098698449,0.010272125437471302
manifold_group_noise_fashion_mnist,0,0.1,0.0,634,634,0,0,0,0,634,pca,embedding,-0.8887365764740669,0.1635398703364195
manifold_group_noise_fashion_mnist,0,0.1,0.0,635,635,1,1,0,1,5044,pca,embedding,-0.843661349265209,-0.0516507547640452
manifold_group_noise_fashion_mnist,0,0.1,0.0,636,636,0,0,0,1,5017,pca,embedding,0.42605699936471525,-0.3750157036441893
manifold_group_noise_fashion_mnist,0,0.1,0.0,637,637,1,1,0,1,5036,pca,embedding,-0.3517935060267099,0.07677842335645096
manifold_group_noise_fashion_mnist,0,0.1,0.0,638,638,1,0,1,1,5011,pca,embedding,0.5432674704401125,-0.5302769107061
manifold_group_noise_fashion_mnist,0,0.1,0.0,639,639,0,0,0,1,5010,pca,embedding,-0.40504166856836465,-0.33309503943000657
manifold_group_noise_fashion_mnist,0,0.1,0.0,640,640,0,0,0,1,5016,pca,embedding,-0.8698765513174348,-0.18625840002257832
manifold_group_noise_fashion_mnist,0,0.1,0.0,641,641,1,1,0,1,5036,pca,embedding,-0.31641481232626334,-0.058466435324013265
manifold_group_noise_fashion_mnist,0,0.1,0.0,642,642,1,1,0,1,5030,pca,embedding,-0.9284579928390012,0.07757571507984015
manifold_group_noise_fashion_mnist,0,0.1,0.0,643,643,1,1,0,1,5047,pca,embedding,0.47663175777198696,0.6580462171416843
manifold_group_noise_fashion_mnist,0,0.1,0.0,644,644,1,1,0,1,5042,pca,embedding,-0.20179748171251805,-0.2402258342572528
manifold_group_noise_fashion_mnist,0,0.1,0.0,645,645,0,0,0,1,5008,pca,embedding,-0.8565874133472127,-0.12286073186371482
manifold_group_noise_fashion_mnist,0,0.1,0.0,646,646,1,1,0,1,5036,pca,embedding,-0.2779250082440216,-0.10291686773453615
manifold_group_noise_fashion_mnist,0,0.1,0.0,647,647,0,0,0,1,5016,pca,embedding,-0.8509677633996975,-0.01540338210347917
manifold_group_noise_fashion_mnist,0,0.1,0.0,648,648,0,0,0,1,5016,pca,embedding,-0.8606214056028432,-0.09417717477993456
manifold_group_noise_fashion_mnist,0,0.1,0.0,649,649,0,0,0,1,5018,pca,embedding,-0.6324876529989985,-0.27449072368453065
manifold_group_noise_fashion_mnist,0,0.1,0.0,650,650,1,1,0,1,5036,pca,embedding,-0.2763369883811938,-0.1922709193187338
manifold_group_noise_fashion_mnist,0,0.1,0.0,651,651,1,1,0,1,5040,pca,embedding,0.9638087423059953,-0.28401185930010076
manifold_group_noise_fashion_mnist,0,0.1,0.0,652,652,0,1,1,1,5038,pca,embedding,-0.45983247376997827,-0.20946979708881416
manifold_group_noise_fashion_mnist,0,0.1,0.0,653,653,1,1,0,1,5035,pca,embedding,-0.7110994239335984,0.02824033056783752
manifold_group_noise_fashion_mnist,0,0.1,0.0,654,654,1,1,0,1,5030,pca,embedding,-0.8986246886737785,-0.05614817685687334
manifold_group_noise_fashion_mnist,0,0.1,0.0,655,655,0,0,0,1,5017,pca,embedding,0.6982379606993114,0.05101047232937288
manifold_group_noise_fashion_mnist,0,0.1,0.0,656,656,0,0,0,1,5022,pca,embedding,1.1667636990253114,-0.04785440842201168
manifold_group_noise_fashion_mnist,0,0.1,0.0,657,657,0,0,0,1,5007,pca,embedding,0.36220775545636147,-0.6722520672450778
manifold_group_noise_fashion_mnist,0,0.1,0.0,658,658,1,1,0,1,5035,pca,embedding,-0.6907325892166274,-0.031989763750844905
manifold_group_noise_fashion_mnist,0,0.1,0.0,659,659,0,0,0,1,5026,pca,embedding,0.9903016690799857,-0.6452619903771234
manifold_group_noise_fashion_mnist,0,0.1,0.0,660,660,0,0,0,1,5013,pca,embedding,-0.32854595670834297,-0.27505311412747724
manifold_group_noise_fashion_mnist,0,0.1,0.0,661,661,0,0,0,1,5002,pca,embedding,-0.2117470560556912,0.547480833510315
manifold_group_noise_fashion_mnist,0,0.1,0.0,662,662,0,0,0,1,5026,pca,embedding,0.6337217495178323,-0.6939181643888266
manifold_group_noise_fashion_mnist,0,0.1,0.0,663,663,1,1,0,1,5035,pca,embedding,-0.6682557621423971,-0.14345222393291596
manifold_group_noise_fashion_mnist,0,0.1,0.0,664,664,0,0,0,1,5013,pca,embedding,-0.34613705681701834,-0.08283730761629565
manifold_group_noise_fashion_mnist,0,0.1,0.0,665,665,0,0,0,1,5000,pca,embedding,-0.8482294791769429,-0.08288450113225698
manifold_group_noise_fashion_mnist,0,0.1,0.0,666,666,0,0,0,1,5009,pca,embedding,0.5236857617397439,-0.8372655895134536
manifold_group_noise_fashion_mnist,0,0.1,0.0,667,667,0,1,1,1,5034,pca,embedding,-0.29932229024069257,-0.31215301073798424
manifold_group_noise_fashion_mnist,0,0.1,0.0,668,668,1,1,0,1,5047,pca,embedding,0.47229173753255727,-0.5875095689339664
manifold_group_noise_fashion_mnist,0,0.1,0.0,669,669,1,1,0,1,5049,pca,embedding,0.7416494195256557,-0.49108031131810326
manifold_group_noise_fashion_mnist,0,0.1,0.0,670,670,1,1,0,1,5040,pca,embedding,0.9556092726465338,0.31164686277163933
manifold_group_noise_fashion_mnist,0,0.1,0.0,671,671,0,1,1,1,5038,pca,embedding,-0.3011135145808817,0.05178916898070157
manifold_group_noise_fashion_mnist,0,0.1,0.0,672,672,1,0,1,1,5011,pca,embedding,0.7901097615757326,0.8180809241983882
manifold_group_noise_fashion_mnist,0,0.1,0.0,673,673,1,1,0,1,5049,pca,embedding,0.6866450052051727,-0.3090932390066733
manifold_group_noise_fashion_mnist,0,0.1,0.0,674,674,0,1,1,1,5048,pca,embedding,0.3741941644556492,-0.45362821265891873
manifold_group_noise_fashion_mnist,0,0.1,0.0,675,675,0,0,0,1,5014,pca,embedding,0.44780551161153503,0.8442172733287745
manifold_group_noise_fashion_mnist,0,0.1,0.0,676,676,1,1,0,1,5027,pca,embedding,-0.9211613434197472,-0.03428124216858519
manifold_group_noise_fashion_mnist,0,0.1,0.0,677,677,0,0,0,1,5020,pca,embedding,-0.9440668526242639,0.04496192690596445
manifold_group_noise_fashion_mnist,0,0.1,0.0,678,678,0,0,0,1,5025,pca,embedding,0.8298940028764206,-0.5294114681514656
manifold_group_noise_fashion_mnist,0,0.1,0.0,679,679,1,1,0,1,5052,pca,embedding,0.13953769345436012,0.466012456906861
manifold_group_noise_fashion_mnist,0,0.1,0.0,680,680,1,1,0,1,5045,pca,embedding,-0.02391215099255585,0.6742171915371686
manifold_group_noise_fashion_mnist,0,0.1,0.0,681,681,0,1,1,1,5038,pca,embedding,-0.39527775564227846,0.23896868729206078
manifold_group_noise_fashion_mnist,0,0.1,0.0,682,682,0,0,0,0,682,pca,embedding,-0.08261935106454096,-0.27847639086571974
manifold_group_noise_fashion_mnist,0,0.1,0.0,683,683,1,1,0,1,5030,pca,embedding,-0.9049921226092401,0.03200052111372305
manifold_group_noise_fashion_mnist,0,0.1,0.0,684,684,0,0,0,1,5017,pca,embedding,0.6982379606993114,0.05101047232937288
manifold_group_noise_fashion_mnist,0,0.1,0.0,685,685,0,0,0,1,5009,pca,embedding,0.5100981380438481,0.8762758247061757
manifold_group_noise_fashion_mnist,0,0.1,0.0,686,686,0,0,0,0,686,pca,embedding,0.7963613471091061,0.2776063743617225
manifold_group_noise_fashion_mnist,0,0.1,0.0,687,687,0,0,0,1,5018,pca,embedding,-0.6324876529989985,-0.27449072368453065
manifold_group_noise_fashion_mnist,0,0.1,0.0,688,688,1,1,0,1,5039,pca,embedding,0.5094749282186216,0.06967932054091527
manifold_group_noise_fashion_mnist,0,0.1,0.0,689,689,1,1,0,1,5028,pca,embedding,-0.2525708642257593,0.05606018467327206
manifold_group_noise_fashion_mnist,0,0.1,0.0,690,690,0,0,0,1,5022,pca,embedding,1.2148507964576958,-0.11253325295745925
manifold_group_noise_fashion_mnist,0,0.1,0.0,691,691,0,0,0,1,5004,pca,embedding,0.9219538661470387,0.34727950573750493
manifold_group_noise_fashion_mnist,0,0.1,0.0,692,692,0,0,0,1,5022,pca,embedding,1.195573168278564,-0.07403296293749109
manifold_group_noise_fashion_mnist,0,0.1,0.0,693,693,0,0,0,1,5000,pca,embedding,-0.8673618711914751,-0.14290753307037596
manifold_group_noise_fashion_mnist,0,0.1,0.0,694,694,0,1,1,1,5048,pca,embedding,0.3741941644556492,-0.45362821265891873
manifold_group_noise_fashion_mnist,0,0.1,0.0,695,695,0,0,0,1,5024,pca,embedding,0.7208546462036393,-0.6260184097886702
manifold_group_noise_fashion_mnist,0,0.1,0.0,696,696,1,1,0,1,5029,pca,embedding,-0.06120646705682106,0.5882067202608642
manifold_group_noise_fashion_mnist,0,0.1,0.0,697,697,0,0,0,1,5010,pca,embedding,-0.4171076529979296,0.41105790769585926
manifold_group_noise_fashion_mnist,0,0.1,0.0,698,698,1,0,1,1,5011,pca,embedding,0.7695558704728208,-0.7662839938955993
manifold_group_noise_fashion_mnist,0,0.1,0.0,699,699,0,0,0,1,5015,pca,embedding,0.5115265429225028,0.09275834031386163
manifold_group_noise_fashion_mnist,0,0.1,0.0,700,700,0,0,0,1,5022,pca,embedding,1.1667636990253114,-0.04785440842201168
manifold_group_noise_fashion_mnist,0,0.1,0.0,701,701,1,1,0,1,5039,pca,embedding,0.4063502914529092,-0.21375216840256803
manifold_group_noise_fashion_mnist,0,0.1,0.0,702,702,1,1,0,0,702,pca,embedding,-0.6420793588533622,0.0627619064816725
manifold_group_noise_fashion_mnist,0,0.1,0.0,703,703,1,1,0,1,5046,pca,embedding,0.8803425289112288,0.34289152502813963
manifold_group_noise_fashion_mnist,0,0.1,0.0,704,704,0,0,0,1,5013,pca,embedding,-0.30969708508752203,-0.34292603160147755
manifold_group_noise_fashion_mnist,0,0.1,0.0,705,705,1,1,0,1,5045,pca,embedding,0.16414651987827136,0.42042255899252234
manifold_group_noise_fashion_mnist,0,0.1,0.0,706,706,0,0,0,1,5018,pca,embedding,-0.6481908226385475,-0.2053652802441936
manifold_group_noise_fashion_mnist,0,0.1,0.0,707,707,0,0,0,1,5001,pca,embedding,-0.055388969474124784,-0.6002120824197864
manifold_group_noise_fashion_mnist,0,0.1,0.0,708,708,1,1,0,1,5031,pca,embedding,-0.9314815366436549,0.09299342007293208
manifold_group_noise_fashion_mnist,0,0.1,0.0,709,709,0,0,0,1,5025,pca,embedding,0.8078637666020315,-0.1047305569563703
manifold_group_noise_fashion_mnist,0,0.1,0.0,710,710,1,1,0,1,5052,pca,embedding,0.4416019357927238,-0.005862614870209185
manifold_group_noise_fashion_mnist,0,0.1,0.0,711,711,1,1,0,1,5046,pca,embedding,0.6611969648830791,0.45570854457596516
manifold_group_noise_fashion_mnist,0,0.1,0.0,712,712,1,1,0,1,5028,pca,embedding,-0.21210002490839894,0.3108050933699753
manifold_group_noise_fashion_mnist,0,0.1,0.0,713,713,0,0,0,1,5019,pca,embedding,0.20504549331296576,0.5388029697126056
manifold_group_noise_fashion_mnist,0,0.1,0.0,714,714,1,1,0,0,714,pca,embedding,-0.004181656572367197,0.1515308298574487
manifold_group_noise_fashion_mnist,0,0.1,0.0,715,715,0,0,0,1,5006,pca,embedding,0.4346694554662931,0.8211737767562604
manifold_group_noise_fashion_mnist,0,0.1,0.0,716,716,0,0,0,1,5005,pca,embedding,-0.15637020303214264,0.05034404996747888
manifold_group_noise_fashion_mnist,0,0.1,0.0,717,717,0,0,0,1,5012,pca,embedding,0.6764653825654878,-0.5692750560143283
manifold_group_noise_fashion_mnist,0,0.1,0.0,718,718,0,0,0,0,718,pca,embedding,0.6168772202270255,-0.054961080831780106
manifold_group_noise_fashion_mnist,0,0.1,0.0,719,719,0,0,0,1,5000,pca,embedding,-0.8630278235073189,-0.009820903114049324
manifold_group_noise_fashion_mnist,0,0.1,0.0,720,720,0,0,0,1,5020,pca,embedding,-0.9497924358374816,0.06015877100443373
manifold_group_noise_fashion_mnist,0,0.1,0.0,721,721,0,0,0,0,721,pca,embedding,0.7603551794968297,-0.42916915814136064
manifold_group_noise_fashion_mnist,0,0.1,0.0,722,722,0,0,0,0,722,pca,embedding,0.05653327029026759,-0.21974440116730895
manifold_group_noise_fashion_mnist,0,0.1,0.0,723,723,0,0,0,1,5008,pca,embedding,-0.9080085731925809,0.10956613832573582
manifold_group_noise_fashion_mnist,0,0.1,0.0,724,724,1,1,0,1,5039,pca,embedding,0.48517537800047467,0.2669129748777002
manifold_group_noise_fashion_mnist,0,0.1,0.0,725,725,1,1,0,1,5044,pca,embedding,-0.905448368286997,-0.028035036636983326
manifold_group_noise_fashion_mnist,0,0.1,0.0,726,726,0,0,0,1,5010,pca,embedding,-0.4171076529979296,0.41105790769585926
manifold_group_noise_fashion_mnist,0,0.1,0.0,727,727,1,0,1,1,5011,pca,embedding,1.0836504441979908,0.31989076687589235
manifold_group_noise_fashion_mnist,0,0.1,0.0,728,728,0,0,0,1,5007,pca,embedding,0.7310746048500187,0.34303468162076894
manifold_group_noise_fashion_mnist,0,0.1,0.0,729,729,0,0,0,1,5002,pca,embedding,0.13453564484188205,-0.44476027207307944
manifold_group_noise_fashion_mnist,0,0.1,0.0,730,730,0,0,0,1,5010,pca,embedding,-0.4903285583870929,0.4944814202078548
manifold_group_noise_fashion_mnist,0,0.1,0.0,731,731,0,0,0,1,5013,pca,embedding,-0.36582371945831244,-0.22296090438783756
manifold_group_noise_fashion_mnist,0,0.1,0.0,732,732,1,1,0,1,5053,pca,embedding,-0.8347119940107677,-0.11239785125439054
manifold_group_noise_fashion_mnist,0,0.1,0.0,733,733,0,0,0,1,5009,pca,embedding,0.6127583133987617,-0.6612610834316213
manifold_group_noise_fashion_mnist,0,0.1,0.0,734,734,0,0,0,0,734,pca,embedding,0.3607465248854935,0.1455127103438043
manifold_group_noise_fashion_mnist,0,0.1,0.0,735,735,0,0,0,1,5016,pca,embedding,-0.9152972115685095,-0.11755398196829882
manifold_group_noise_fashion_mnist,0,0.1,0.0,736,736,0,0,0,1,5024,pca,embedding,0.6919665191723983,0.44595596884533295
manifold_group_noise_fashion_mnist,0,0.1,0.0,737,737,1,1,0,1,5052,pca,embedding,0.4416019357927238,-0.005862614870209185
manifold_group_noise_fashion_mnist,0,0.1,0.0,738,738,0,0,0,1,5013,pca,embedding,-0.32854595670834297,-0.27505311412747724
manifold_group_noise_fashion_mnist,0,0.1,0.0,739,739,0,0,0,1,5017,pca,embedding,0.30317910252544156,0.7966628010204916
manifold_group_noise_fashion_mnist,0,0.1,0.0,740,740,1,1,0,1,5031,pca,embedding,-0.9246896116650437,-0.08310130915247531
manifold_group_noise_fashion_mnist,0,0.1,0.0,741,741,1,1,0,1,5042,pca,embedding,-0.3274342993611934,-0.3768450906929204
manifold_group_noise_fashion_mnist,0,0.1,0.0,742,742,1,1,0,1,5043,pca,embedding,-0.8923220763993547,-0.0654162054656785
manifold_group_noise_fashion_mnist,0,0.1,0.0,743,743,1,0,1,1,5011,pca,embedding,0.8929993970153112,-0.7851538694798373
manifold_group_noise_fashion_mnist,0,0.1,0.0,744,744,0,0,0,1,5024,pca,embedding,0.6919665191723983,0.44595596884533295
manifold_group_noise_fashion_mnist,0,0.1,0.0,745,745,1,1,0,1,5037,pca,embedding,-0.9762480304217256,0.10942907711503254
manifold_group_noise_fashion_mnist,0,0.1,0.0,746,746,0,0,0,1,5008,pca,embedding,-0.8611456162684513,0.10534178251913111
manifold_group_noise_fashion_mnist,0,0.1,0.0,747,747,0,0,0,1,5009,pca,embedding,0.7612628193363489,0.8261680917798548
manifold_group_noise_fashion_mnist,0,0.1,0.0,748,748,0,0,0,1,5004,pca,embedding,0.9219538661470387,0.34727950573750493
manifold_group_noise_fashion_mnist,0,0.1,0.0,749,749,0,0,0,1,5026,pca,embedding,1.0186680229668998,-0.14920239007950295
manifold_group_noise_fashion_mnist,0,0.1,0.0,750,750,0,0,0,1,5013,pca,embedding,-0.4288956031971049,0.16021457407107811
manifold_group_noise_fashion_mnist,0,0.1,0.0,751,751,1,1,0,1,5046,pca,embedding,0.6611969648830791,0.45570854457596516
manifold_group_noise_fashion_mnist,0,0.1,0.0,752,752,1,1,0,1,5030,pca,embedding,-0.8824088241288125,-0.0196437759775473
manifold_group_noise_fashion_mnist,0,0.1,0.0,753,753,0,0,0,1,5025,pca,embedding,0.6033392428350896,-0.8492018816884397
manifold_group_noise_fashion_mnist,0,0.1,0.0,754,754,0,0,0,1,5000,pca,embedding,-0.8482294791769429,-0.08288450113225698
manifold_group_noise_fashion_mnist,0,0.1,0.0,755,755,1,1,0,1,5040,pca,embedding,1.0245366767787003,0.4562889038826945
manifold_group_noise_fashion_mnist,0,0.1,0.0,756,756,0,0,0,1,5024,pca,embedding,0.6424016200090048,0.8677764177210021
manifold_group_noise_fashion_mnist,0,0.1,0.0,757,757,1,1,0,1,5031,pca,embedding,-0.9731370356925513,0.12674329711315718
manifold_group_noise_fashion_mnist,0,0.1,0.0,758,758,0,0,0,1,5025,pca,embedding,0.7627814992073733,0.4172494545560207
manifold_group_noise_fashion_mnist,0,0.1,0.0,759,759,1,1,0,1,5053,pca,embedding,-0.7213348676759209,0.15619229328804363
manifold_group_noise_fashion_mnist,0,0.1,0.0,760,760,1,0,1,1,5003,pca,embedding,-0.501486917045026,-0.40129544548792817
manifold_group_noise_fashion_mnist,0,0.1,0.0,761,761,0,0,0,1,5013,pca,embedding,-0.4288956031971049,0.16021457407107811
manifold_group_noise_fashion_mnist,0,0.1,0.0,762,762,0,0,0,1,5021,pca,embedding,-0.3662240074576506,-0.463910961403198
manifold_group_noise_fashion_mnist,0,0.1,0.0,763,763,1,1,0,1,5044,pca,embedding,-0.905448368286997,-0.028035036636983326
manifold_group_noise_fashion_mnist,0,0.1,0.0,764,764,1,1,0,1,5032,pca,embedding,0.013593390028673633,-0.6492355803402008
manifold_group_noise_fashion_mnist,0,0.1,0.0,765,765,1,1,0,1,5029,pca,embedding,0.0722772733302749,0.22408685556570984
manifold_group_noise_fashion_mnist,0,0.1,0.0,766,766,0,0,0,1,5010,pca,embedding,-0.5618842969960751,-0.35176691039001934
manifold_group_noise_fashion_mnist,0,0.1,0.0,767,767,1,1,0,1,5040,pca,embedding,0.9638087423059953,-0.28401185930010076
manifold_group_noise_fashion_mnist,0,0.1,0.0,768,768,1,1,0,1,5031,pca,embedding,-0.9394879222205126,0.05044014306079159
manifold_group_noise_fashion_mnist,0,0.1,0.0,769,769,1,1,0,1,5049,pca,embedding,0.8636405905890938,0.22621678203325513
manifold_group_noise_fashion_mnist,0,0.1,0.0,770,770,1,1,0,1,5053,pca,embedding,-0.7317446023902112,-0.049205188001385645
manifold_group_noise_fashion_mnist,0,0.1,0.0,771,771,1,1,0,1,5046,pca,embedding,0.6895972894458564,-0.05687289007367548
manifold_group_noise_fashion_mnist,0,0.1,0.0,772,772,1,1,0,1,5053,pca,embedding,-0.7459396403059407,-0.10839806969662172
manifold_group_noise_fashion_mnist,0,0.1,0.0,773,773,0,0,0,1,5021,pca,embedding,-0.26612364989309045,0.25407040693700395
manifold_group_noise_fashion_mnist,0,0.1,0.0,774,774,0,0,0,1,5025,pca,embedding,0.8298940028764206,-0.5294114681514656
manifold_group_noise_fashion_mnist,0,0.1,0.0,775,775,0,0,0,1,5023,pca,embedding,0.0036201547246776725,0.5994806089546517
manifold_group_noise_fashion_mnist,0,0.1,0.0,776,776,1,1,0,1,5035,pca,embedding,-0.6682557621423971,-0.14345222393291596
manifold_group_noise_fashion_mnist,0,0.1,0.0,777,777,1,1,0,1,5027,pca,embedding,-0.9378203574655817,0.08209387291724515
manifold_group_noise_fashion_mnist,0,0.1,0.0,778,778,1,1,0,1,5051,pca,embedding,-0.36715083038110413,0.15627672360715802
manifold_group_noise_fashion_mnist,0,0.1,0.0,779,779,0,0,0,1,5024,pca,embedding,0.6424016200090048,0.8677764177210021
manifold_group_noise_fashion_mnist,0,0.1,0.0,780,780,1,1,0,1,5046,pca,embedding,0.6895972894458564,-0.05687289007367548
manifold_group_noise_fashion_mnist,0,0.1,0.0,781,781,0,0,0,1,5025,pca,embedding,0.4477424481445879,-0.7512979777609946
manifold_group_noise_fashion_mnist,0,0.1,0.0,782,782,1,1,0,1,5032,pca,embedding,-0.02250019034847266,-0.10335939729586405
manifold_group_noise_fashion_mnist,0,0.1,0.0,783,783,0,0,0,1,5009,pca,embedding,0.418249532758294,-0.7713567459895078
manifold_group_noise_fashion_mnist,0,0.1,0.0,784,784,0,0,0,1,5017,pca,embedding,0.6982379606993114,0.05101047232937288
manifold_group_noise_fashion_mnist,0,0.1,0.0,785,785,0,1,1,1,5034,pca,embedding,-0.29932229024069257,-0.31215301073798424
manifold_group_noise_fashion_mnist,0,0.1,0.0,786,786,1,1,0,1,5045,pca,embedding,0.17877850047817162,0.5653329789285274
manifold_group_noise_fashion_mnist,0,0.1,0.0,787,787,0,0,0,1,5004,pca,embedding,0.5031657196145208,-0.6484550723510426
manifold_group_noise_fashion_mnist,0,0.1,0.0,788,788,0,0,0,1,5000,pca,embedding,-0.8482294791769429,-0.08288450113225698
manifold_group_noise_fashion_mnist,0,0.1,0.0,789,789,1,1,0,1,5051,pca,embedding,-0.3582218048331888,0.03483277977141487
manifold_group_noise_fashion_mnist,0,0.1,0.0,790,790,0,1,1,1,5038,pca,embedding,-0.3157215298085236,-0.09748214077770899
manifold_group_noise_fashion_mnist,0,0.1,0.0,791,791,0,1,1,1,5038,pca,embedding,-0.39527775564227846,0.23896868729206078
manifold_group_noise_fashion_mnist,0,0.1,0.0,792,792,0,0,0,1,5013,pca,embedding,-0.32854595670834297,-0.27505311412747724
manifold_group_noise_fashion_mnist,0,0.1,0.0,793,793,1,1,0,1,5035,pca,embedding,-0.6667900596372172,-0.05734931063364601
manifold_group_noise_fashion_mnist,0,0.1,0.0,794,794,1,1,0,1,5037,pca,embedding,-0.9371061195794866,-0.01734109524114106
manifold_group_noise_fashion_mnist,0,0.1,0.0,795,795,0,0,0,1,5000,pca,embedding,-0.8749713165394155,0.06748194746060947
manifold_group_noise_fashion_mnist,0,0.1,0.0,796,796,1,1,0,1,5050,pca,embedding,-0.9440228200781294,0.014081904869904474
manifold_group_noise_fashion_mnist,0,0.1,0.0,797,797,0,0,0,1,5019,pca,embedding,-0.1695984444273197,-0.513917645708105
manifold_group_noise_fashion_mnist,0,0.1,0.0,798,798,0,0,0,1,5013,pca,embedding,-0.4288956031971049,0.16021457407107811
manifold_group_noise_fashion_mnist,0,0.1,0.0,799,799,1,1,0,1,5050,pca,embedding,-0.9458074764089357,0.06719536729600156
manifold_group_noise_fashion_mnist,0,0.1,0.0,800,800,0,1,1,1,5034,pca,embedding,-0.3328246148564959,0.39858494117363863
manifold_group_noise_fashion_mnist,0,0.1,0.0,801,801,1,1,0,1,5049,pca,embedding,0.7416494195256557,-0.49108031131810326
manifold_group_noise_fashion_mnist,0,0.1,0.0,802,802,0,0,0,1,5025,pca,embedding,0.6033392428350896,-0.8492018816884397
manifold_group_noise_fashion_mnist,0,0.1,0.0,803,803,1,1,0,1,5043,pca,embedding,-0.9208996863692495,0.05183174703567252
manifold_group_noise_fashion_mnist,0,0.1,0.0,804,804,1,1,0,1,5030,pca,embedding,-0.9049921226092401,0.03200052111372305
manifold_group_noise_fashion_mnist,0,0.1,0.0,805,805,0,0,0,1,5002,pca,embedding,0.020361518541574405,0.3328756841735916
manifold_group_noise_fashion_mnist,0,0.1,0.0,806,806,0,0,0,1,5007,pca,embedding,0.5548387942798669,-0.8298790653007133
manifold_group_noise_fashion_mnist,0,0.1,0.0,807,807,1,1,0,1,5043,pca,embedding,-0.9276277355735963,0.05898613183590304
manifold_group_noise_fashion_mnist,0,0.1,0.0,808,808,0,0,0,1,5014,pca,embedding,0.8535587347760883,-0.6004573695503429
manifold_group_noise_fashion_mnist,0,0.1,0.0,809,809,0,0,0,1,5018,pca,embedding,-0.6481908226385475,-0.2053652802441936
manifold_group_noise_fashion_mnist,0,0.1,0.0,810,810,0,0,0,1,5014,pca,embedding,0.44780551161153503,0.8442172733287745
manifold_group_noise_fashion_mnist,0,0.1,0.0,811,811,0,0,0,0,811,pca,embedding,0.22429602257787168,0.08333767722078764
manifold_group_noise_fashion_mnist,0,0.1,0.0,812,812,0,0,0,1,5025,pca,embedding,0.7627814992073733,0.4172494545560207
manifold_group_noise_fashion_mnist,0,0.1,0.0,813,813,1,1,0,1,5027,pca,embedding,-0.9685934961122299,0.10076108749373598
manifold_group_noise_fashion_mnist,0,0.1,0.0,814,814,0,1,1,1,5038,pca,embedding,-0.3157215298085236,-0.09748214077770899
manifold_group_noise_fashion_mnist,0,0.1,0.0,815,815,1,1,0,1,5028,pca,embedding,-0.37137490070519363,-0.16509133732935938
manifold_group_noise_fashion_mnist,0,0.1,0.0,816,816,1,1,0,1,5031,pca,embedding,-0.9731370356925513,0.12674329711315718
manifold_group_noise_fashion_mnist,0,0.1,0.0,817,817,1,1,0,0,817,pca,embedding,0.7793307611628566,0.25492253282631133
manifold_group_noise_fashion_mnist,0,0.1,0.0,818,818,0,1,1,1,5048,pca,embedding,0.3741941644556492,-0.45362821265891873
manifold_group_noise_fashion_mnist,0,0.1,0.0,819,819,1,1,0,0,819,pca,embedding,-0.645993129071811,-0.1713600460761958
manifold_group_noise_fashion_mnist,0,0.1,0.0,820,820,1,1,0,0,820,pca,embedding,0.4131217549693522,-0.27090780309553975
manifold_group_noise_fashion_mnist,0,0.1,0.0,821,821,0,0,0,1,5018,pca,embedding,-0.7119279355481256,0.27976735700153244
manifold_group_noise_fashion_mnist,0,0.1,0.0,822,822,0,0,0,1,5025,pca,embedding,0.6654793438561444,0.8026063075013705
manifold_group_noise_fashion_mnist,0,0.1,0.0,823,823,0,0,0,1,5021,pca,embedding,-0.3662240074576506,-0.463910961403198
manifold_group_noise_fashion_mnist,0,0.1,0.0,824,824,1,1,0,1,5036,pca,embedding,-0.2865524427678605,-0.06377224014922256
manifold_group_noise_fashion_mnist,0,0.1,0.0,825,825,0,0,0,1,5024,pca,embedding,0.4633799315911309,0.9149703131486038
manifold_group_noise_fashion_mnist,0,0.1,0.0,826,826,1,1,0,1,5049,pca,embedding,0.9097381588546877,0.5167366511969799
manifold_group_noise_fashion_mnist,0,0.1,0.0,827,827,1,1,0,0,827,pca,embedding,0.6785554891936497,-0.19798118218638905
manifold_group_noise_fashion_mnist,0,0.1,0.0,828,828,1,1,0,1,5047,pca,embedding,0.7249619695057066,0.37652682078468536
manifold_group_noise_fashion_mnist,0,0.1,0.0,829,829,0,0,0,1,5002,pca,embedding,-0.11522652685558007,-0.5418229011217831
manifold_group_noise_fashion_mnist,0,0.1,0.0,830,830,1,0,1,1,5011,pca,embedding,1.0632756970520523,0.7335145960938936
manifold_group_noise_fashion_mnist,0,0.1,0.0,831,831,1,1,0,1,5042,pca,embedding,-0.21148132223025862,0.3018044765784209
manifold_group_noise_fashion_mnist,0,0.1,0.0,832,832,0,0,0,1,5015,pca,embedding,0.41817208418568963,0.06183055342217502
manifold_group_noise_fashion_mnist,0,0.1,0.0,833,833,0,0,0,1,5013,pca,embedding,-0.4288956031971049,0.16021457407107811
manifold_group_noise_fashion_mnist,0,0.1,0.0,834,834,1,1,0,1,5051,pca,embedding,-0.36715083038110413,0.15627672360715802
manifold_group_noise_fashion_mnist,0,0.1,0.0,835,835,0,0,0,1,5018,pca,embedding,-0.6619098906867765,0.16477498203300273
manifold_group_noise_fashion_mnist,0,0.1,0.0,836,836,0,0,0,1,5005,pca,embedding,-0.22616520251103917,0.35906978587581506
manifold_group_noise_fashion_mnist,0,0.1,0.0,837,837,1,1,0,0,837,pca,embedding,0.21150652161215364,-0.28450219866258486
manifold_group_noise_fashion_mnist,0,0.1,0.0,838,838,1,1,0,1,5032,pca,embedding,0.013593390028673633,-0.6492355803402008
manifold_group_noise_fashion_mnist,0,0.1,0.0,839,839,0,0,0,1,5024,pca,embedding,0.4633799315911309,0.9149703131486038
manifold_group_noise_fashion_mnist,0,0.1,0.0,840,840,0,0,0,0,840,pca,embedding,-0.8052570750625703,0.03277723720323065
manifold_group_noise_fashion_mnist,0,0.1,0.0,841,841,0,0,0,1,5020,pca,embedding,-0.9053120704472428,0.11838192333920014
manifold_group_noise_fashion_mnist,0,0.1,0.0,842,842,0,0,0,1,5007,pca,embedding,0.43282795794124146,0.7450040285770225
manifold_group_noise_fashion_mnist,0,0.1,0.0,843,843,1,1,0,1,5033,pca,embedding,-0.06084142911395611,-0.14510503928318708
manifold_group_noise_fashion_mnist,0,0.1,0.0,844,844,0,0,0,1,5022,pca,embedding,1.0125057543847131,-0.00418424783879795
manifold_group_noise_fashion_mnist,0,0.1,0.0,845,845,0,0,0,1,5014,pca,embedding,0.7678978237283995,-0.11035586652796843
manifold_group_noise_fashion_mnist,0,0.1,0.0,846,846,1,1,0,1,5032,pca,embedding,0.00018838553375116404,-0.4344600271522524
manifold_group_noise_fashion_mnist,0,0.1,0.0,847,847,1,1,0,1,5039,pca,embedding,0.3849742351500364,0.5273415814451405
manifold_group_noise_fashion_mnist,0,0.1,0.0,848,848,0,0,0,1,5026,pca,embedding,1.0186680229668998,-0.14920239007950295
manifold_group_noise_fashion_mnist,0,0.1,0.0,849,849,0,0,0,1,5000,pca,embedding,-0.8749713165394155,0.06748194746060947
manifold_group_noise_fashion_mnist,0,0.1,0.0,850,850,1,1,0,1,5037,pca,embedding,-0.8867008868951165,-0.061050064521465754
manifold_group_noise_fashion_mnist,0,0.1,0.0,851,851,1,0,1,1,5011,pca,embedding,1.0836504441979908,0.31989076687589235
manifold_group_noise_fashion_mnist,0,0.1,0.0,852,852,0,0,0,1,5018,pca,embedding,-0.7119279355481256,0.27976735700153244
manifold_group_noise_fashion_mnist,0,0.1,0.0,853,853,1,1,0,1,5039,pca,embedding,0.37206170030670405,-0.3002692692134489
manifold_group_noise_fashion_mnist,0,0.1,0.0,854,854,0,0,0,1,5021,pca,embedding,-0.3983627238598248,-0.42427176334018296
manifold_group_noise_fashion_mnist,0,0.1,0.0,855,855,1,1,0,1,5028,pca,embedding,-0.21210002490839894,0.3108050933699753
manifold_group_noise_fashion_mnist,0,0.1,0.0,856,856,0,1,1,1,5034,pca,embedding,-0.393971098046068,0.4893077959280767
manifold_group_noise_fashion_mnist,0,0.1,0.0,857,857,0,0,0,1,5001,pca,embedding,0.08890557481938885,0.32247999927697274
manifold_group_noise_fashion_mnist,0,0.1,0.0,858,858,0,0,0,1,5014,pca,embedding,0.718989782296045,0.8270892025905661
manifold_group_noise_fashion_mnist,0,0.1,0.0,859,859,1,1,0,1,5039,pca,embedding,0.5094749282186216,0.06967932054091527
manifold_group_noise_fashion_mnist,0,0.1,0.0,860,860,0,0,0,1,5001,pca,embedding,0.17009828504650287,-0.012868812304621988
manifold_group_noise_fashion_mnist,0,0.1,0.0,861,861,0,0,0,1,5019,pca,embedding,0.038538617116638155,-0.33054870802199343
manifold_group_noise_fashion_mnist,0,0.1,0.0,862,862,0,0,0,1,5021,pca,embedding,-0.34935337459515076,0.4942954621587609
manifold_group_noise_fashion_mnist,0,0.1,0.0,863,863,0,0,0,1,5000,pca,embedding,-0.8673618711914751,-0.14290753307037596
manifold_group_noise_fashion_mnist,0,0.1,0.0,864,864,1,1,0,1,5043,pca,embedding,-0.9208996863692495,0.05183174703567252
manifold_group_noise_fashion_mnist,0,0.1,0.0,865,865,0,0,0,1,5024,pca,embedding,0.5454844191355174,-0.8349077324238823
manifold_group_noise_fashion_mnist,0,0.1,0.0,866,866,1,1,0,1,5047,pca,embedding,0.729633192425867,-0.03109136982957045
manifold_group_noise_fashion_mnist,0,0.1,0.0,867,867,0,0,0,1,5024,pca,embedding,0.6424016200090048,0.8677764177210021
manifold_group_noise_fashion_mnist,0,0.1,0.0,868,868,0,0,0,1,5002,pca,embedding,-0.2117470560556912,0.547480833510315
manifold_group_noise_fashion_mnist,0,0.1,0.0,869,869,1,1,0,1,5039,pca,embedding,0.37206170030670405,-0.3002692692134489
manifold_group_noise_fashion_mnist,0,0.1,0.0,870,870,0,1,1,1,5034,pca,embedding,-0.44965444129472765,-0.41181674820939296
manifold_group_noise_fashion_mnist,0,0.1,0.0,871,871,1,1,0,1,5043,pca,embedding,-0.9335713632624989,-0.026841221013887702
manifold_group_noise_fashion_mnist,0,0.1,0.0,872,872,0,0,0,1,5023,pca,embedding,0.0841863221523352,-0.05160719290648352
manifold_group_noise_fashion_mnist,0,0.1,0.0,873,873,0,0,0,1,5013,pca,embedding,-0.32854595670834297,-0.27505311412747724
manifold_group_noise_fashion_mnist,0,0.1,0.0,874,874,1,1,0,1,5052,pca,embedding,0.14317958129873007,0.39671924479626014
manifold_group_noise_fashion_mnist,0,0.1,0.0,875,875,1,1,0,1,5037,pca,embedding,-0.9325361386225219,-0.07610008813512513
manifold_group_noise_fashion_mnist,0,0.1,0.0,876,876,1,1,0,1,5046,pca,embedding,0.8803425289112288,0.34289152502813963
manifold_group_noise_fashion_mnist,0,0.1,0.0,877,877,1,1,0,1,5028,pca,embedding,-0.27962917186446695,0.23646562433701093
manifold_group_noise_fashion_mnist,0,0.1,0.0,878,878,0,0,0,1,5010,pca,embedding,-0.40504166856836465,-0.33309503943000657
manifold_group_noise_fashion_mnist,0,0.1,0.0,879,879,1,0,1,1,5003,pca,embedding,-0.5295069983525605,0.4016414311933312
manifold_group_noise_fashion_mnist,0,0.1,0.0,880,880,1,1,0,1,5041,pca,embedding,0.7922295720863074,0.13292160942370107
manifold_group_noise_fashion_mnist,0,0.1,0.0,881,881,1,1,0,1,5030,pca,embedding,-0.8986246886737785,-0.05614817685687334
manifold_group_noise_fashion_mnist,0,0.1,0.0,882,882,0,0,0,1,5017,pca,embedding,0.6982379606993114,0.05101047232937288
manifold_group_noise_fashion_mnist,0,0.1,0.0,883,883,1,1,0,1,5045,pca,embedding,-0.02391215099255585,0.6742171915371686
manifold_group_noise_fashion_mnist,0,0.1,0.0,884,884,1,1,0,1,5049,pca,embedding,0.8140468780818403,-0.5460638656521932
manifold_group_noise_fashion_mnist,0,0.1,0.0,885,885,0,0,0,1,5022,pca,embedding,1.1436418246418478,0.001028193940393815
manifold_group_noise_fashion_mnist,0,0.1,0.0,886,886,1,1,0,1,5032,pca,embedding,-0.02250019034847266,-0.10335939729586405
manifold_group_noise_fashion_mnist,0,0.1,0.0,887,887,0,0,0,1,5022,pca,embedding,1.1436418246418478,0.001028193940393815
manifold_group_noise_fashion_mnist,0,0.1,0.0,888,888,0,0,0,1,5022,pca,embedding,1.1667636990253114,-0.04785440842201168
manifold_group_noise_fashion_mnist,0,0.1,0.0,889,889,0,0,0,1,5007,pca,embedding,0.7310746048500187,0.34303468162076894
manifold_group_noise_fashion_mnist,0,0.1,0.0,890,890,0,0,0,1,5006,pca,embedding,0.3571109993492384,-0.6477604698138006
manifold_group_noise_fashion_mnist,0,0.1,0.0,891,891,1,1,0,1,5049,pca,embedding,0.7416494195256557,-0.49108031131810326
manifold_group_noise_fashion_mnist,0,0.1,0.0,892,892,0,1,1,1,5048,pca,embedding,0.49290124574368605,-0.3244601094463664
manifold_group_noise_fashion_mnist,0,0.1,0.0,893,893,0,0,0,1,5012,pca,embedding,0.6764653825654878,-0.5692750560143283
manifold_group_noise_fashion_mnist,0,0.1,0.0,894,894,1,1,0,1,5032,pca,embedding,0.013593390028673633,-0.6492355803402008
manifold_group_noise_fashion_mnist,0,0.1,0.0,895,895,0,0,0,0,895,pca,embedding,0.2743065687186738,-0.4893374374142896
manifold_group_noise_fashion_mnist,0,0.1,0.0,896,896,1,1,0,1,5039,pca,embedding,0.37206170030670405,-0.3002692692134489
manifold_group_noise_fashion_mnist,0,0.1,0.0,897,897,0,0,0,1,5010,pca,embedding,-0.5618842969960751,-0.35176691039001934
manifold_group_noise_fashion_mnist,0,0.1,0.0,898,898,1,1,0,1,5028,pca,embedding,-0.30504030522464726,-0.18645968620765302
manifold_group_noise_fashion_mnist,0,0.1,0.0,899,899,0,0,0,1,5009,pca,embedding,0.418249532758294,-0.7713567459895078
manifold_group_noise_fashion_mnist,0,0.1,0.0,900,900,0,0,0,0,900,pca,embedding,0.3608274892594772,-0.21039139425164904
manifold_group_noise_fashion_mnist,0,0.1,0.0,901,901,0,0,0,1,5008,pca,embedding,-0.8565874133472127,-0.12286073186371482
manifold_group_noise_fashion_mnist,0,0.1,0.0,902,902,0,0,0,1,5009,pca,embedding,0.5100981380438481,0.8762758247061757
manifold_group_noise_fashion_mnist,0,0.1,0.0,903,903,0,0,0,1,5006,pca,embedding,0.518518536599198,-0.616854141535987
manifold_group_noise_fashion_mnist,0,0.1,0.0,904,904,0,0,0,1,5022,pca,embedding,1.195573168278564,-0.07403296293749109
manifold_group_noise_fashion_mnist,0,0.1,0.0,905,905,1,1,0,1,5032,pca,embedding,-0.026482430760021252,0.5206757877116667
manifold_group_noise_fashion_mnist,0,0.1,0.0,906,906,0,0,0,1,5026,pca,embedding,0.8643189313791584,-0.8625811275119452
manifold_group_noise_fashion_mnist,0,0.1,0.0,907,907,1,1,0,1,5045,pca,embedding,0.09803729767555212,0.024982946167763545
manifold_group_noise_fashion_mnist,0,0.1,0.0,908,908,1,0,1,1,5011,pca,embedding,1.0836504441979908,0.31989076687589235
manifold_group_noise_fashion_mnist,0,0.1,0.0,909,909,1,1,0,1,5053,pca,embedding,-0.7213348676759209,0.15619229328804363
manifold_group_noise_fashion_mnist,0,0.1,0.0,910,910,0,0,0,1,5010,pca,embedding,-0.3956760563016188,0.20052086556156357
manifold_group_noise_fashion_mnist,0,0.1,0.0,911,911,1,1,0,1,5042,pca,embedding,-0.20179748171251805,-0.2402258342572528
manifold_group_noise_fashion_mnist,0,0.1,0.0,912,912,0,0,0,0,912,pca,embedding,-0.02282484173210829,0.012411006075795882
manifold_group_noise_fashion_mnist,0,0.1,0.0,913,913,1,1,0,1,5035,pca,embedding,-0.7110994239335984,0.02824033056783752
manifold_group_noise_fashion_mnist,0,0.1,0.0,914,914,0,0,0,1,5016,pca,embedding,-0.8698765513174348,-0.18625840002257832
manifold_group_noise_fashion_mnist,0,0.1,0.0,915,915,0,0,0,1,5020,pca,embedding,-0.9497924358374816,0.06015877100443373
manifold_group_noise_fashion_mnist,0,0.1,0.0,916,916,0,0,0,1,5023,pca,embedding,-0.11314242403099775,-0.5582749446079514
manifold_group_noise_fashion_mnist,0,0.1,0.0,917,917,1,1,0,1,5037,pca,embedding,-0.9451498309908064,-0.0020105851249592674
manifold_group_noise_fashion_mnist,0,0.1,0.0,918,918,0,0,0,1,5004,pca,embedding,0.6842847172475315,-0.8126710261205412
manifold_group_noise_fashion_mnist,0,0.1,0.0,919,919,0,0,0,1,5019,pca,embedding,0.038538617116638155,-0.33054870802199343
manifold_group_noise_fashion_mnist,0,0.1,0.0,920,920,1,1,0,1,5031,pca,embedding,-0.9162004028370493,0.13716690244661567
manifold_group_noise_fashion_mnist,0,0.1,0.0,921,921,1,1,0,1,5043,pca,embedding,-0.9366843642643166,0.07930016900041902
manifold_group_noise_fashion_mnist,0,0.1,0.0,922,922,0,1,1,1,5048,pca,embedding,0.3741941644556492,-0.45362821265891873
manifold_group_noise_fashion_mnist,0,0.1,0.0,923,923,0,1,1,1,5048,pca,embedding,0.3741941644556492,-0.45362821265891873
manifold_group_noise_fashion_mnist,0,0.1,0.0,924,924,1,0,1,1,5003,pca,embedding,-0.5867955472187929,0.3995064836249426
manifold_group_noise_fashion_mnist,0,0.1,0.0,925,925,1,1,0,1,5044,pca,embedding,-0.9091766115255149,0.038075374351118275
manifold_group_noise_fashion_mnist,0,0.1,0.0,926,926,0,0,0,1,5019,pca,embedding,-0.1695984444273197,-0.513917645708105
manifold_group_noise_fashion_mnist,0,0.1,0.0,927,927,0,0,0,1,5012,pca,embedding,0.31773018608009373,0.7207984433109361
manifold_group_noise_fashion_mnist,0,0.1,0.0,928,928,1,1,0,1,5051,pca,embedding,-0.3582218048331888,0.03483277977141487
manifold_group_noise_fashion_mnist,0,0.1,0.0,929,929,0,0,0,1,5009,pca,embedding,0.5100981380438481,0.8762758247061757
manifold_group_noise_fashion_mnist,0,0.1,0.0,930,930,1,1,0,1,5053,pca,embedding,-0.7317446023902112,-0.049205188001385645
manifold_group_noise_fashion_mnist,0,0.1,0.0,931,931,0,0,0,1,5023,pca,embedding,-0.04454873857435058,-0.5850157606427607
manifold_group_noise_fashion_mnist,0,0.1,0.0,932,932,0,0,0,1,5006,pca,embedding,0.753623406144043,-0.05687388166894217
manifold_group_noise_fashion_mnist,0,0.1,0.0,933,933,1,1,0,1,5027,pca,embedding,-0.8973327420054342,0.09531622292119525
manifold_group_noise_fashion_mnist,0,0.1,0.0,934,934,1,1,0,0,934,pca,embedding,-0.40937385530308235,-0.2436178352720157
manifold_group_noise_fashion_mnist,0,0.1,0.0,935,935,0,1,1,1,5048,pca,embedding,0.49290124574368605,-0.3244601094463664
manifold_group_noise_fashion_mnist,0,0.1,0.0,936,936,0,0,0,1,5009,pca,embedding,0.7612628193363489,0.8261680917798548
manifold_group_noise_fashion_mnist,0,0.1,0.0,937,937,1,1,0,1,5045,pca,embedding,-0.02391215099255585,0.6742171915371686
manifold_group_noise_fashion_mnist,0,0.1,0.0,938,938,1,1,0,1,5052,pca,embedding,0.24166128823937189,0.16699958181553737
manifold_group_noise_fashion_mnist,0,0.1,0.0,939,939,0,0,0,1,5006,pca,embedding,0.6063230907164234,-0.47359999038684386
manifold_group_noise_fashion_mnist,0,0.1,0.0,940,940,0,1,1,1,5048,pca,embedding,0.6069921774701434,0.2722664729588759
manifold_group_noise_fashion_mnist,0,0.1,0.0,941,941,1,1,0,1,5052,pca,embedding,0.14317958129873007,0.39671924479626014
manifold_group_noise_fashion_mnist,0,0.1,0.0,942,942,1,1,0,0,942,pca,embedding,0.4061112954490109,-0.449433318953298
manifold_group_noise_fashion_mnist,0,0.1,0.0,943,943,0,0,0,1,5021,pca,embedding,-0.24725796788521498,-0.02935434662717168
manifold_group_noise_fashion_mnist,0,0.1,0.0,944,944,1,0,1,1,5003,pca,embedding,-0.5295069983525605,0.4016414311933312
manifold_group_noise_fashion_mnist,0,0.1,0.0,945,945,1,1,0,1,5032,pca,embedding,-0.12001382295393728,-0.44909780545812994
manifold_group_noise_fashion_mnist,0,0.1,0.0,946,946,0,0,0,0,946,pca,embedding,-0.8533433974414528,0.07022183618704601
manifold_group_noise_fashion_mnist,0,0.1,0.0,947,947,0,0,0,1,5004,pca,embedding,0.7716779575514205,-0.19462644679085278
manifold_group_noise_fashion_mnist,0,0.1,0.0,948,948,0,1,1,1,5048,pca,embedding,0.49290124574368605,-0.3244601094463664
manifold_group_noise_fashion_mnist,0,0.1,0.0,949,949,1,1,0,1,5029,pca,embedding,-0.07978025028925795,-0.4985863525607537
manifold_group_noise_fashion_mnist,0,0.1,0.0,950,950,0,0,0,0,950,pca,embedding,0.22069480866930363,-0.0257437131405561
manifold_group_noise_fashion_mnist,0,0.1,0.0,951,951,1,1,0,1,5031,pca,embedding,-0.8982236713284689,-0.07541557230163486
manifold_group_noise_fashion_mnist,0,0.1,0.0,952,952,1,0,1,1,5011,pca,embedding,0.7695558704728208,-0.7662839938955993
manifold_group_noise_fashion_mnist,0,0.1,0.0,953,953,0,0,0,1,5004,pca,embedding,0.7235723359549333,-0.628179023815815
manifold_group_noise_fashion_mnist,0,0.1,0.0,954,954,1,1,0,1,5033,pca,embedding,-0.08413689553411402,0.052640607129399185
manifold_group_noise_fashion_mnist,0,0.1,0.0,955,955,1,1,0,1,5039,pca,embedding,0.3849742351500364,0.5273415814451405
manifold_group_noise_fashion_mnist,0,0.1,0.0,956,956,0,0,0,1,5001,pca,embedding,0.18427113985420884,-0.3967253259934284
manifold_group_noise_fashion_mnist,0,0.1,0.0,957,957,1,1,0,1,5029,pca,embedding,0.06445955262697403,0.4775789870447894
manifold_group_noise_fashion_mnist,0,0.1,0.0,958,958,1,1,0,1,5041,pca,embedding,0.7425797977958124,0.47666419553084505
manifold_group_noise_fashion_mnist,0,0.1,0.0,959,959,1,1,0,0,959,pca,embedding,1.1047114860739968,-0.3168860351499302
manifold_group_noise_fashion_mnist,0,0.1,0.0,960,960,0,0,0,1,5017,pca,embedding,0.30317910252544156,0.7966628010204916
manifold_group_noise_fashion_mnist,0,0.1,0.0,961,961,1,0,1,1,5003,pca,embedding,-0.501486917045026,-0.40129544548792817
manifold_group_noise_fashion_mnist,0,0.1,0.0,962,962,1,1,0,1,5046,pca,embedding,0.6895972894458564,-0.05687289007367548
manifold_group_noise_fashion_mnist,0,0.1,0.0,963,963,1,1,0,1,5045,pca,embedding,-0.02391215099255585,0.6742171915371686
manifold_group_noise_fashion_mnist,0,0.1,0.0,964,964,1,1,0,1,5032,pca,embedding,0.013593390028673633,-0.6492355803402008
manifold_group_noise_fashion_mnist,0,0.1,0.0,965,965,1,1,0,1,5032,pca,embedding,0.013593390028673633,-0.6492355803402008
manifold_group_noise_fashion_mnist,0,0.1,0.0,966,966,1,1,0,1,5044,pca,embedding,-0.9133556874760866,0.09762823703241387
manifold_group_noise_fashion_mnist,0,0.1,0.0,967,967,0,0,0,1,5014,pca,embedding,0.8535587347760883,-0.6004573695503429
manifold_group_noise_fashion_mnist,0,0.1,0.0,968,968,1,0,1,1,5003,pca,embedding,-0.42330939598468087,-0.07754103556021294
manifold_group_noise_fashion_mnist,0,0.1,0.0,969,969,0,0,0,1,5022,pca,embedding,1.176228055621214,-0.04947752053331311
manifold_group_noise_fashion_mnist,0,0.1,0.0,970,970,1,1,0,0,970,pca,embedding,0.8072720661543433,0.2125582123152773
manifold_group_noise_fashion_mnist,0,0.1,0.0,971,971,1,1,0,1,5045,pca,embedding,-0.12688142122261098,-0.5181427194788213
manifold_group_noise_fashion_mnist,0,0.1,0.0,972,972,1,1,0,1,5032,pca,embedding,0.15680966141846217,0.34983337748269816
manifold_group_noise_fashion_mnist,0,0.1,0.0,973,973,1,1,0,1,5033,pca,embedding,-0.10442203587564625,-0.17973282596100293
manifold_group_noise_fashion_mnist,0,0.1,0.0,974,974,1,1,0,1,5036,pca,embedding,-0.40780860472911296,0.053269474321243786
manifold_group_noise_fashion_mnist,0,0.1,0.0,975,975,0,0,0,1,5002,pca,embedding,-0.2117470560556912,0.547480833510315
manifold_group_noise_fashion_mnist,0,0.1,0.0,976,976,1,1,0,1,5029,pca,embedding,-0.06120646705682106,0.5882067202608642
manifold_group_noise_fashion_mnist,0,0.1,0.0,977,977,1,1,0,1,5046,pca,embedding,0.6895972894458564,-0.05687289007367548
manifold_group_noise_fashion_mnist,0,0.1,0.0,978,978,1,1,0,1,5047,pca,embedding,0.5413277571059041,-0.6745157810539961
manifold_group_noise_fashion_mnist,0,0.1,0.0,979,979,0,0,0,1,5022,pca,embedding,1.2137963850880586,0.030217761403640714
manifold_group_noise_fashion_mnist,0,0.1,0.0,980,980,0,0,0,1,5018,pca,embedding,-0.628037769619463,-0.032999878420948384
manifold_group_noise_fashion_mnist,0,0.1,0.0,981,981,0,0,0,1,5017,pca,embedding,0.48016080422268403,0.6844474880844832
manifold_group_noise_fashion_mnist,0,0.1,0.0,982,982,0,0,0,1,5013,pca,embedding,-0.34613705681701834,-0.08283730761629565
manifold_group_noise_fashion_mnist,0,0.1,0.0,983,983,1,1,0,1,5037,pca,embedding,-0.9451498309908064,-0.0020105851249592674
manifold_group_noise_fashion_mnist,0,0.1,0.0,984,984,1,1,0,1,5028,pca,embedding,-0.37137490070519363,-0.16509133732935938
manifold_group_noise_fashion_mnist,0,0.1,0.0,985,985,1,1,0,1,5037,pca,embedding,-0.9580280240060483,0.08333890666241656
manifold_group_noise_fashion_mnist,0,0.1,0.0,986,986,0,0,0,1,5002,pca,embedding,0.13453564484188205,-0.44476027207307944
manifold_group_noise_fashion_mnist,0,0.1,0.0,987,987,0,0,0,1,5019,pca,embedding,-0.00446671967501503,-0.5229068986423999
manifold_group_noise_fashion_mnist,0,0.1,0.0,988,988,1,1,0,0,988,pca,embedding,0.3048689289569257,-0.25514992622150073
manifold_group_noise_fashion_mnist,0,0.1,0.0,989,989,0,0,0,1,5016,pca,embedding,-0.9062401057566959,0.2058163201570994
manifold_group_noise_fashion_mnist,0,0.1,0.0,990,990,0,0,0,1,5026,pca,embedding,0.9903016690799857,-0.6452619903771234
manifold_group_noise_fashion_mnist,0,0.1,0.0,991,991,0,0,0,1,5025,pca,embedding,0.7627814992073733,0.4172494545560207
manifold_group_noise_fashion_mnist,0,0.1,0.0,992,992,0,0,0,1,5013,pca,embedding,-0.36582371945831244,-0.22296090438783756
manifold_group_noise_fashion_mnist,0,0.1,0.0,993,993,0,0,0,1,5025,pca,embedding,0.8298940028764206,-0.5294114681514656
manifold_group_noise_fashion_mnist,0,0.1,0.0,994,994,0,0,0,1,5018,pca,embedding,-0.7854139328809032,0.2810225365619762
manifold_group_noise_fashion_mnist,0,0.1,0.0,995,995,1,1,0,1,5053,pca,embedding,-0.8190223520990317,-0.17867832197397182
manifold_group_noise_fashion_mnist,0,0.1,0.0,996,996,1,1,0,1,5032,pca,embedding,0.00018838553375116404,-0.4344600271522524
manifold_group_noise_fashion_mnist,0,0.1,0.0,997,997,1,1,0,1,5046,pca,embedding,0.8803425289112288,0.34289152502813963
manifold_group_noise_fashion_mnist,0,0.1,0.0,998,998,1,0,1,1,5011,pca,embedding,0.7695558704728208,-0.7662839938955993
manifold_group_noise_fashion_mnist,0,0.1,0.0,999,999,1,0,1,1,5011,pca,embedding,1.0632756970520523,0.7335145960938936
manifold_group_noise_fashion_mnist,0,0.1,0.0,1000,1000,0,0,0,1,5015,pca,embedding,0.5115265429225028,0.09275834031386163
manifold_group_noise_fashion_mnist,0,0.1,0.0,1001,1001,1,0,1,1,5011,pca,embedding,0.8929993970153112,-0.7851538694798373
manifold_group_noise_fashion_mnist,0,0.1,0.0,1002,1002,1,1,0,1,5051,pca,embedding,-0.3074325805278038,-0.12513059156820394
manifold_group_noise_fashion_mnist,0,0.1,0.0,1003,1003,1,1,0,0,1003,pca,embedding,-0.8379534906406361,0.16769682014548276
manifold_group_noise_fashion_mnist,0,0.1,0.0,1004,1004,1,1,0,1,5028,pca,embedding,-0.2525708642257593,0.05606018467327206
manifold_group_noise_fashion_mnist,0,0.1,0.0,1005,1005,0,0,0,0,1005,pca,embedding,-0.9319714089523313,0.0704205483606133
manifold_group_noise_fashion_mnist,0,0.1,0.0,1006,1006,0,0,0,1,5007,pca,embedding,0.7291246551669253,0.773012138138884
manifold_group_noise_fashion_mnist,0,0.1,0.0,1007,1007,0,0,0,1,5012,pca,embedding,0.4584089151293429,-0.7438637608381921
manifold_group_noise_fashion_mnist,0,0.1,0.0,1008,1008,0,0,0,1,5023,pca,embedding,-0.11314242403099775,-0.5582749446079514
manifold_group_noise_fashion_mnist,0,0.1,0.0,1009,1009,1,1,0,1,5027,pca,embedding,-0.9211613434197472,-0.03428124216858519
manifold_group_noise_fashion_mnist,0,0.1,0.0,1010,1010,0,0,0,0,1010,pca,embedding,0.8896830084769265,-0.44504938451863596
manifold_group_noise_fashion_mnist,0,0.1,0.0,1011,1011,1,1,0,1,5049,pca,embedding,0.9097381588546877,0.5167366511969799
manifold_group_noise_fashion_mnist,0,0.1,0.0,1012,1012,1,1,0,1,5044,pca,embedding,-0.9133556874760866,0.09762823703241387
manifold_group_noise_fashion_mnist,0,0.1,0.0,1013,1013,0,0,0,1,5016,pca,embedding,-0.8937822588494512,0.12556981205862594
manifold_group_noise_fashion_mnist,0,0.1,0.0,1014,1014,1,1,0,1,5052,pca,embedding,0.39362263073123244,-0.23679557471232127
manifold_group_noise_fashion_mnist,0,0.1,0.0,1015,1015,1,1,0,1,5035,pca,embedding,-0.7496119940734065,0.0703521239516331
manifold_group_noise_fashion_mnist,0,0.1,0.0,1016,1016,0,0,0,1,5018,pca,embedding,-0.7068305076471434,-0.2727428370183327
manifold_group_noise_fashion_mnist,0,0.1,0.0,1017,1017,1,1,0,1,5029,pca,embedding,0.24045051802004092,0.05136327467345356
manifold_group_noise_fashion_mnist,0,0.1,0.0,1018,1018,0,0,0,1,5020,pca,embedding,-0.9053120704472428,0.11838192333920014
manifold_group_noise_fashion_mnist,0,0.1,0.0,1019,1019,0,0,0,1,5020,pca,embedding,-0.9497924358374816,0.06015877100443373
manifold_group_noise_fashion_mnist,0,0.1,0.0,1020,1020,1,1,0,1,5042,pca,embedding,-0.3274342993611934,-0.3768450906929204
manifold_group_noise_fashion_mnist,0,0.1,0.0,1021,1021,1,1,0,0,1021,pca,embedding,0.5352106748105439,-0.4904298858704498
manifold_group_noise_fashion_mnist,0,0.1,0.0,1022,1022,0,0,0,1,5026,pca,embedding,1.0993043753482634,0.445419991227088
manifold_group_noise_fashion_mnist,0,0.1,0.0,1023,1023,1,1,0,1,5031,pca,embedding,-0.9314815366436549,0.09299342007293208
manifold_group_noise_fashion_mnist,0,0.1,0.0,1024,1024,1,1,0,1,5043,pca,embedding,-0.9039169020509286,-0.008314721414324613
manifold_group_noise_fashion_mnist,0,0.1,0.0,1025,1025,1,0,1,1,5003,pca,embedding,-0.5867955472187929,0.3995064836249426
manifold_group_noise_fashion_mnist,0,0.1,0.0,1026,1026,1,1,0,1,5030,pca,embedding,-0.8986246886737785,-0.05614817685687334
manifold_group_noise_fashion_mnist,0,0.1,0.0,1027,1027,1,1,0,1,5029,pca,embedding,0.24045051802004092,0.05136327467345356
manifold_group_noise_fashion_mnist,0,0.1,0.0,1028,1028,1,1,0,1,5030,pca,embedding,-0.9284579928390012,0.07757571507984015
manifold_group_noise_fashion_mnist,0,0.1,0.0,1029,1029,1,1,0,1,5043,pca,embedding,-0.9366843642643166,0.07930016900041902
manifold_group_noise_fashion_mnist,0,0.1,0.0,1030,1030,0,1,1,1,5048,pca,embedding,0.49290124574368605,-0.3244601094463664
manifold_group_noise_fashion_mnist,0,0.1,0.0,1031,1031,1,1,0,1,5036,pca,embedding,-0.3928291611564881,0.08707621812610297
manifold_group_noise_fashion_mnist,0,0.1,0.0,1032,1032,0,0,0,1,5012,pca,embedding,0.6764653825654878,-0.5692750560143283
manifold_group_noise_fashion_mnist,0,0.1,0.0,1033,1033,0,0,0,1,5002,pca,embedding,-0.08399927975891605,-0.5971379721574014
manifold_group_noise_fashion_mnist,0,0.1,0.0,1034,1034,0,1,1,1,5034,pca,embedding,-0.3328246148564959,0.39858494117363863
manifold_group_noise_fashion_mnist,0,0.1,0.0,1035,1035,1,1,0,1,5032,pca,embedding,0.00018838553375116404,-0.4344600271522524
manifold_group_noise_fashion_mnist,0,0.1,0.0,1036,1036,1,1,0,1,5041,pca,embedding,0.7425797977958124,0.47666419553084505
manifold_group_noise_fashion_mnist,0,0.1,0.0,1037,1037,1,1,0,1,5046,pca,embedding,0.6222078186805816,-0.2509557354844167
manifold_group_noise_fashion_mnist,0,0.1,0.0,1038,1038,1,1,0,1,5049,pca,embedding,0.6866450052051727,-0.3090932390066733
manifold_group_noise_fashion_mnist,0,0.1,0.0,1039,1039,0,1,1,1,5048,pca,embedding,0.5471550016107941,0.16849148301482936
manifold_group_noise_fashion_mnist,0,0.1,0.0,1040,1040,0,1,1,1,5034,pca,embedding,-0.3328246148564959,0.39858494117363863
manifold_group_noise_fashion_mnist,0,0.1,0.0,1041,1041,1,1,0,1,5033,pca,embedding,-0.10442203587564625,-0.17973282596100293
manifold_group_noise_fashion_mnist,0,0.1,0.0,1042,1042,0,0,0,1,5005,pca,embedding,-0.15637020303214264,0.05034404996747888
manifold_group_noise_fashion_mnist,0,0.1,0.0,1043,1043,1,1,0,0,1043,pca,embedding,0.6018487051954052,0.19382508462231873
manifold_group_noise_fashion_mnist,0,0.1,0.0,1044,1044,1,1,0,1,5044,pca,embedding,-0.9167337871352412,0.0841411189432725
manifold_group_noise_fashion_mnist,0,0.1,0.0,1045,1045,1,1,0,0,1045,pca,embedding,0.555467932034047,0.11748454193962576
manifold_group_noise_fashion_mnist,0,0.1,0.0,1046,1046,0,0,0,1,5005,pca,embedding,-0.31172248458921004,-0.28757371885534044
manifold_group_noise_fashion_mnist,0,0.1,0.0,1047,1047,0,0,0,1,5007,pca,embedding,0.7291246551669253,0.773012138138884
manifold_group_noise_fashion_mnist,0,0.1,0.0,1048,1048,0,0,0,0,1048,pca,embedding,-0.9200561560002742,0.030707852993063035
manifold_group_noise_fashion_mnist,0,0.1,0.0,1049,1049,1,1,0,1,5047,pca,embedding,0.47229173753255727,-0.5875095689339664
manifold_group_noise_fashion_mnist,0,0.1,0.0,1050,1050,1,1,0,1,5045,pca,embedding,0.17877850047817162,0.5653329789285274
manifold_group_noise_fashion_mnist,0,0.1,0.0,1051,1051,0,0,0,1,5002,pca,embedding,0.020361518541574405,0.3328756841735916
manifold_group_noise_fashion_mnist,0,0.1,0.0,1052,1052,1,1,0,1,5039,pca,embedding,0.4063502914529092,-0.21375216840256803
manifold_group_noise_fashion_mnist,0,0.1,0.0,1053,1053,0,0,0,1,5008,pca,embedding,-0.8611456162684513,0.10534178251913111
manifold_group_noise_fashion_mnist,0,0.1,0.0,1054,1054,0,0,0,1,5017,pca,embedding,0.48016080422268403,0.6844474880844832
manifold_group_noise_fashion_mnist,0,0.1,0.0,1055,1055,1,1,0,1,5044,pca,embedding,-0.933462347711011,-0.0010421903387687545
manifold_group_noise_fashion_mnist,0,0.1,0.0,1056,1056,1,1,0,1,5051,pca,embedding,-0.3074325805278038,-0.12513059156820394
manifold_group_noise_fashion_mnist,0,0.1,0.0,1057,1057,0,0,0,1,5018,pca,embedding,-0.7068305076471434,-0.2727428370183327
manifold_group_noise_fashion_mnist,0,0.1,0.0,1058,1058,0,0,0,1,5013,pca,embedding,-0.36582371945831244,-0.22296090438783756
manifold_group_noise_fashion_mnist,0,0.1,0.0,1059,1059,1,1,0,1,5039,pca,embedding,0.4063502914529092,-0.21375216840256803
manifold_group_noise_fashion_mnist,0,0.1,0.0,1060,1060,0,0,0,1,5008,pca,embedding,-0.8658207883814171,-0.0845090131953525
manifold_group_noise_fashion_mnist,0,0.1,0.0,1061,1061,1,1,0,1,5041,pca,embedding,0.6401006936712017,0.4787203369457484
manifold_group_noise_fashion_mnist,0,0.1,0.0,1062,1062,1,1,0,1,5031,pca,embedding,-0.9246896116650437,-0.08310130915247531
manifold_group_noise_fashion_mnist,0,0.1,0.0,1063,1063,0,0,0,1,5017,pca,embedding,0.6982379606993114,0.05101047232937288
manifold_group_noise_fashion_mnist,0,0.1,0.0,1064,1064,1,1,0,1,5052,pca,embedding,0.39362263073123244,-0.23679557471232127
manifold_group_noise_fashion_mnist,0,0.1,0.0,1065,1065,0,0,0,1,5025,pca,embedding,0.8078637666020315,-0.1047305569563703
manifold_group_noise_fashion_mnist,0,0.1,0.0,1066,1066,0,0,0,1,5004,pca,embedding,0.8416626697009707,0.8112611384831543
manifold_group_noise_fashion_mnist,0,0.1,0.0,1067,1067,0,0,0,1,5014,pca,embedding,0.6094692663789557,-0.8857080006630067
manifold_group_noise_fashion_mnist,0,0.1,0.0,1068,1068,0,0,0,1,5019,pca,embedding,0.1795322050985486,0.35000335771312635
manifold_group_noise_fashion_mnist,0,0.1,0.0,1069,1069,1,1,0,1,5032,pca,embedding,-0.12001382295393728,-0.44909780545812994
manifold_group_noise_fashion_mnist,0,0.1,0.0,1070,1070,0,0,0,0,1070,pca,embedding,-0.17798662900906606,-0.109132851786612
manifold_group_noise_fashion_mnist,0,0.1,0.0,1071,1071,1,1,0,1,5031,pca,embedding,-0.9314815366436549,0.09299342007293208
manifold_group_noise_fashion_mnist,0,0.1,0.0,1072,1072,1,1,0,1,5043,pca,embedding,-0.9208996863692495,0.05183174703567252
manifold_group_noise_fashion_mnist,0,0.1,0.0,1073,1073,0,0,0,1,5008,pca,embedding,-0.8658207883814171,-0.0845090131953525
manifold_group_noise_fashion_mnist,0,0.1,0.0,1074,1074,0,0,0,0,1074,pca,embedding,0.5331981055986441,-0.22526118777388818
manifold_group_noise_fashion_mnist,0,0.1,0.0,1075,1075,1,1,0,0,1075,pca,embedding,0.5287490974557383,0.1317679770024997
manifold_group_noise_fashion_mnist,0,0.1,0.0,1076,1076,1,1,0,1,5033,pca,embedding,-0.10442203587564625,-0.17973282596100293
manifold_group_noise_fashion_mnist,0,0.1,0.0,1077,1077,0,0,0,1,5008,pca,embedding,-0.9737773675552853,0.16068898342029672
manifold_group_noise_fashion_mnist,0,0.1,0.0,1078,1078,0,0,0,1,5014,pca,embedding,0.4074563955430733,-0.8576257726845001
manifold_group_noise_fashion_mnist,0,0.1,0.0,1079,1079,0,0,0,1,5004,pca,embedding,0.7716779575514205,-0.19462644679085278
manifold_group_noise_fashion_mnist,0,0.1,0.0,1080,1080,0,0,0,0,1080,pca,embedding,0.22166707331475033,-0.31081721398958756
manifold_group_noise_fashion_mnist,0,0.1,0.0,1081,1081,0,0,0,1,5012,pca,embedding,0.7847317098698449,0.010272125437471302
manifold_group_noise_fashion_mnist,0,0.1,0.0,1082,1082,1,1,0,0,1082,pca,embedding,0.18446221019715148,-0.43668101751904354
manifold_group_noise_fashion_mnist,0,0.1,0.0,1083,1083,1,1,0,1,5030,pca,embedding,-0.8986246886737785,-0.05614817685687334
manifold_group_noise_fashion_mnist,0,0.1,0.0,1084,1084,1,1,0,1,5046,pca,embedding,0.6953800120830995,0.16340664424745815
manifold_group_noise_fashion_mnist,0,0.1,0.0,1085,1085,1,1,0,1,5049,pca,embedding,0.8636405905890938,0.22621678203325513
manifold_group_noise_fashion_mnist,0,0.1,0.0,1086,1086,1,1,0,1,5047,pca,embedding,0.7249619695057066,0.37652682078468536
manifold_group_noise_fashion_mnist,0,0.1,0.0,1087,1087,1,1,0,1,5052,pca,embedding,0.10914625155416985,-0.30537753538901524
manifold_group_noise_fashion_mnist,0,0.1,0.0,1088,1088,0,0,0,1,5015,pca,embedding,0.5712100110096152,-0.37682730540054343
manifold_group_noise_fashion_mnist,0,0.1,0.0,1089,1089,1,1,0,0,1089,pca,embedding,-0.917703840508398,0.02941727945938911
manifold_group_noise_fashion_mnist,0,0.1,0.0,1090,1090,1,1,0,0,1090,pca,embedding,-0.21557807973451693,0.1405156175098831
manifold_group_noise_fashion_mnist,0,0.1,0.0,1091,1091,1,1,0,1,5028,pca,embedding,-0.37137490070519363,-0.16509133732935938
manifold_group_noise_fashion_mnist,0,0.1,0.0,1092,1092,0,0,0,1,5017,pca,embedding,0.42605699936471525,-0.3750157036441893
manifold_group_noise_fashion_mnist,0,0.1,0.0,1093,1093,0,0,0,0,1093,pca,embedding,0.7776582418441167,-0.661184268657058
manifold_group_noise_fashion_mnist,0,0.1,0.0,1094,1094,1,1,0,1,5047,pca,embedding,0.5772055870297185,0.6279212279952442
manifold_group_noise_fashion_mnist,0,0.1,0.0,1095,1095,0,0,0,1,5017,pca,embedding,0.30317910252544156,0.7966628010204916
manifold_group_noise_fashion_mnist,0,0.1,0.0,1096,1096,1,0,1,1,5003,pca,embedding,-0.5867955472187929,0.3995064836249426
manifold_group_noise_fashion_mnist,0,0.1,0.0,1097,1097,1,1,0,1,5043,pca,embedding,-0.9208996863692495,0.05183174703567252
manifold_group_noise_fashion_mnist,0,0.1,0.0,1098,1098,1,0,1,1,5003,pca,embedding,-0.45260111738806086,-0.30851149255503846
manifold_group_noise_fashion_mnist,0,0.1,0.0,1099,1099,0,0,0,1,5021,pca,embedding,-0.26612364989309045,0.25407040693700395
manifold_group_noise_fashion_mnist,0,0.1,0.0,1100,1100,0,0,0,1,5019,pca,embedding,0.1795322050985486,0.35000335771312635
manifold_group_noise_fashion_mnist,0,0.1,0.0,1101,1101,0,0,0,1,5018,pca,embedding,-0.7854139328809032,0.2810225365619762
manifold_group_noise_fashion_mnist,0,0.1,0.0,1102,1102,0,0,0,1,5005,pca,embedding,-0.22616520251103917,0.35906978587581506
manifold_group_noise_fashion_mnist,0,0.1,0.0,1103,1103,0,0,0,1,5002,pca,embedding,-0.027086661852428567,0.5947311237740035
manifold_group_noise_fashion_mnist,0,0.1,0.0,1104,1104,1,1,0,0,1104,pca,embedding,0.6718417076450776,0.27560754669051984
manifold_group_noise_fashion_mnist,0,0.1,0.0,1105,1105,1,1,0,1,5050,pca,embedding,-0.9340407827705792,0.02264048629003733
manifold_group_noise_fashion_mnist,0,0.1,0.0,1106,1106,0,0,0,1,5026,pca,embedding,0.8643189313791584,-0.8625811275119452
manifold_group_noise_fashion_mnist,0,0.1,0.0,1107,1107,0,0,0,1,5008,pca,embedding,-0.9080085731925809,0.10956613832573582
manifold_group_noise_fashion_mnist,0,0.1,0.0,1108,1108,1,1,0,1,5037,pca,embedding,-0.9325361386225219,-0.07610008813512513
manifold_group_noise_fashion_mnist,0,0.1,0.0,1109,1109,1,1,0,1,5051,pca,embedding,-0.2699481842818249,0.10600597047603129
manifold_group_noise_fashion_mnist,0,0.1,0.0,1110,1110,1,1,0,1,5027,pca,embedding,-0.8979306716947817,-0.01779017221019989
manifold_group_noise_fashion_mnist,0,0.1,0.0,1111,1111,1,1,0,1,5051,pca,embedding,-0.39162753579993237,-0.008920929729294489
manifold_group_noise_fashion_mnist,0,0.1,0.0,1112,1112,1,1,0,1,5046,pca,embedding,0.6953800120830995,0.16340664424745815
manifold_group_noise_fashion_mnist,0,0.1,0.0,1113,1113,1,1,0,1,5044,pca,embedding,-0.905448368286997,-0.028035036636983326
manifold_group_noise_fashion_mnist,0,0.1,0.0,1114,1114,0,0,0,1,5019,pca,embedding,-0.1695984444273197,-0.513917645708105
manifold_group_noise_fashion_mnist,0,0.1,0.0,1115,1115,0,0,0,0,1115,pca,embedding,0.2522943988569037,-0.3925383154438714
manifold_group_noise_fashion_mnist,0,0.1,0.0,1116,1116,0,0,0,1,5016,pca,embedding,-0.9062401057566959,0.2058163201570994
manifold_group_noise_fashion_mnist,0,0.1,0.0,1117,1117,1,1,0,1,5044,pca,embedding,-0.843661349265209,-0.0516507547640452
manifold_group_noise_fashion_mnist,0,0.1,0.0,1118,1118,1,1,0,1,5044,pca,embedding,-0.9167337871352412,0.0841411189432725
manifold_group_noise_fashion_mnist,0,0.1,0.0,1119,1119,0,0,0,1,5024,pca,embedding,0.6919665191723983,0.44595596884533295
manifold_group_noise_fashion_mnist,0,0.1,0.0,1120,1120,1,1,0,1,5028,pca,embedding,-0.27962917186446695,0.23646562433701093
manifold_group_noise_fashion_mnist,0,0.1,0.0,1121,1121,0,0,0,1,5010,pca,embedding,-0.3956760563016188,0.20052086556156357
manifold_group_noise_fashion_mnist,0,0.1,0.0,1122,1122,0,0,0,1,5014,pca,embedding,0.7819002482367414,0.4216230558006338
manifold_group_noise_fashion_mnist,0,0.1,0.0,1123,1123,1,1,0,1,5030,pca,embedding,-0.9049921226092401,0.03200052111372305
manifold_group_noise_fashion_mnist,0,0.1,0.0,1124,1124,1,1,0,1,5030,pca,embedding,-0.9768938384201941,0.07935520750661718
manifold_group_noise_fashion_mnist,0,0.1,0.0,1125,1125,1,1,0,1,5051,pca,embedding,-0.2699481842818249,0.10600597047603129
manifold_group_noise_fashion_mnist,0,0.1,0.0,1126,1126,0,0,0,1,5010,pca,embedding,-0.3836887104368455,-0.11862094480741558
manifold_group_noise_fashion_mnist,0,0.1,0.0,1127,1127,0,0,0,1,5012,pca,embedding,0.4584089151293429,-0.7438637608381921
manifold_group_noise_fashion_mnist,0,0.1,0.0,1128,1128,0,0,0,1,5020,pca,embedding,-0.9410983793121367,0.06979016203590949
manifold_group_noise_fashion_mnist,0,0.1,0.0,1129,1129,0,0,0,1,5012,pca,embedding,0.6240655861975803,0.8332339941930155
manifold_group_noise_fashion_mnist,0,0.1,0.0,1130,1130,1,1,0,1,5043,pca,embedding,-0.9366843642643166,0.07930016900041902
manifold_group_noise_fashion_mnist,0,0.1,0.0,1131,1131,1,0,1,1,5011,pca,embedding,0.8929993970153112,-0.7851538694798373
manifold_group_noise_fashion_mnist,0,0.1,0.0,1132,1132,1,1,0,1,5049,pca,embedding,1.0547771071837813,0.10684690445816442
manifold_group_noise_fashion_mnist,0,0.1,0.0,1133,1133,0,0,0,1,5024,pca,embedding,0.4633799315911309,0.9149703131486038
manifold_group_noise_fashion_mnist,0,0.1,0.0,1134,1134,1,0,1,1,5011,pca,embedding,1.0632756970520523,0.7335145960938936
manifold_group_noise_fashion_mnist,0,0.1,0.0,1135,1135,0,0,0,1,5013,pca,embedding,-0.48221707949487047,0.23499579183289496
manifold_group_noise_fashion_mnist,0,0.1,0.0,1136,1136,0,0,0,1,5012,pca,embedding,0.4584089151293429,-0.7438637608381921
manifold_group_noise_fashion_mnist,0,0.1,0.0,1137,1137,0,0,0,1,5019,pca,embedding,0.1795322050985486,0.35000335771312635
manifold_group_noise_fashion_mnist,0,0.1,0.0,1138,1138,0,0,0,1,5004,pca,embedding,0.7235723359549333,-0.628179023815815
manifold_group_noise_fashion_mnist,0,0.1,0.0,1139,1139,1,1,0,1,5049,pca,embedding,0.7416494195256557,-0.49108031131810326
manifold_group_noise_fashion_mnist,0,0.1,0.0,1140,1140,1,1,0,0,1140,pca,embedding,0.5930045654365063,-0.294788759033969
manifold_group_noise_fashion_mnist,0,0.1,0.0,1141,1141,0,0,0,1,5013,pca,embedding,-0.4894679235005871,0.34177367084038907
manifold_group_noise_fashion_mnist,0,0.1,0.0,1142,1142,0,0,0,1,5007,pca,embedding,0.7291246551669253,0.773012138138884
manifold_group_noise_fashion_mnist,0,0.1,0.0,1143,1143,1,1,0,1,5043,pca,embedding,-0.9211316397429528,-0.06569601781009227
manifold_group_noise_fashion_mnist,0,0.1,0.0,1144,1144,0,0,0,1,5015,pca,embedding,0.48973980449766374,-0.31214604955977876
manifold_group_noise_fashion_mnist,0,0.1,0.0,1145,1145,0,0,0,1,5023,pca,embedding,0.0036201547246776725,0.5994806089546517
manifold_group_noise_fashion_mnist,0,0.1,0.0,1146,1146,0,0,0,1,5000,pca,embedding,-0.8808858228302126,-0.13124276441361393
manifold_group_noise_fashion_mnist,0,0.1,0.0,1147,1147,0,0,0,1,5022,pca,embedding,1.0125057543847131,-0.00418424783879795
manifold_group_noise_fashion_mnist,0,0.1,0.0,1148,1148,1,1,0,1,5028,pca,embedding,-0.30504030522464726,-0.18645968620765302
manifold_group_noise_fashion_mnist,0,0.1,0.0,1149,1149,0,0,0,1,5008,pca,embedding,-0.9737773675552853,0.16068898342029672
manifold_group_noise_fashion_mnist,0,0.1,0.0,1150,1150,0,0,0,1,5013,pca,embedding,-0.36582371945831244,-0.22296090438783756
manifold_group_noise_fashion_mnist,0,0.1,0.0,1151,1151,1,0,1,1,5003,pca,embedding,-0.45260111738806086,-0.30851149255503846
manifold_group_noise_fashion_mnist,0,0.1,0.0,1152,1152,0,0,0,1,5005,pca,embedding,-0.15637020303214264,0.05034404996747888
manifold_group_noise_fashion_mnist,0,0.1,0.0,1153,1153,1,0,1,1,5011,pca,embedding,0.8929993970153112,-0.7851538694798373
manifold_group_noise_fashion_mnist,0,0.1,0.0,1154,1154,1,1,0,1,5027,pca,embedding,-0.9685934961122299,0.10076108749373598
manifold_group_noise_fashion_mnist,0,0.1,0.0,1155,1155,0,0,0,1,5019,pca,embedding,-0.00446671967501503,-0.5229068986423999
manifold_group_noise_fashion_mnist,0,0.1,0.0,1156,1156,1,1,0,1,5037,pca,embedding,-0.9325361386225219,-0.07610008813512513
manifold_group_noise_fashion_mnist,0,0.1,0.0,1157,1157,0,0,0,1,5013,pca,embedding,-0.30969708508752203,-0.34292603160147755
manifold_group_noise_fashion_mnist,0,0.1,0.0,1158,1158,0,0,0,1,5005,pca,embedding,-0.22616520251103917,0.35906978587581506
manifold_group_noise_fashion_mnist,0,0.1,0.0,1159,1159,0,1,1,1,5048,pca,embedding,0.45814832192508825,0.2879306050734017
manifold_group_noise_fashion_mnist,0,0.1,0.0,1160,1160,1,1,0,1,5035,pca,embedding,-0.68284923201481,0.010838406478870036
manifold_group_noise_fashion_mnist,0,0.1,0.0,1161,1161,1,1,0,1,5040,pca,embedding,1.010490401489464,-0.34428141598952006
manifold_group_noise_fashion_mnist,0,0.1,0.0,1162,1162,1,1,0,1,5053,pca,embedding,-0.7317446023902112,-0.049205188001385645
manifold_group_noise_fashion_mnist,0,0.1,0.0,1163,1163,1,1,0,1,5051,pca,embedding,-0.3074325805278038,-0.12513059156820394
manifold_group_noise_fashion_mnist,0,0.1,0.0,1164,1164,1,1,0,1,5044,pca,embedding,-0.843661349265209,-0.0516507547640452
manifold_group_noise_fashion_mnist,0,0.1,0.0,1165,1165,1,1,0,1,5030,pca,embedding,-0.8986246886737785,-0.05614817685687334
manifold_group_noise_fashion_mnist,0,0.1,0.0,1166,1166,0,1,1,1,5034,pca,embedding,-0.27399720464263666,0.29297613007392975
manifold_group_noise_fashion_mnist,0,0.1,0.0,1167,1167,1,1,0,1,5042,pca,embedding,-0.20179748171251805,-0.2402258342572528
manifold_group_noise_fashion_mnist,0,0.1,0.0,1168,1168,0,0,0,1,5026,pca,embedding,0.7946394663777341,0.8405887732287723
manifold_group_noise_fashion_mnist,0,0.1,0.0,1169,1169,1,1,0,1,5035,pca,embedding,-0.68284923201481,0.010838406478870036
manifold_group_noise_fashion_mnist,0,0.1,0.0,1170,1170,1,1,0,1,5041,pca,embedding,0.5844761163914779,-0.4438227894635095
manifold_group_noise_fashion_mnist,0,0.1,0.0,1171,1171,1,1,0,1,5041,pca,embedding,0.6401006936712017,0.4787203369457484
manifold_group_noise_fashion_mnist,0,0.1,0.0,1172,1172,0,0,0,1,5012,pca,embedding,0.7847317098698449,0.010272125437471302
manifold_group_noise_fashion_mnist,0,0.1,0.0,1173,1173,0,0,0,1,5013,pca,embedding,-0.4894679235005871,0.34177367084038907
manifold_group_noise_fashion_mnist,0,0.1,0.0,1174,1174,0,0,0,1,5020,pca,embedding,-0.9372990611320376,-0.06982800216070881
manifold_group_noise_fashion_mnist,0,0.1,0.0,1175,1175,0,0,0,1,5005,pca,embedding,-0.2437376986905045,0.2533061168150995
manifold_group_noise_fashion_mnist,0,0.1,0.0,1176,1176,0,0,0,1,5017,pca,embedding,0.1597064226827385,-0.6246671635117624
manifold_group_noise_fashion_mnist,0,0.1,0.0,1177,1177,1,1,0,1,5036,pca,embedding,-0.2779250082440216,-0.10291686773453615
manifold_group_noise_fashion_mnist,0,0.1,0.0,1178,1178,1,1,0,1,5039,pca,embedding,0.5355350781995705,0.5028519340321705
manifold_group_noise_fashion_mnist,0,0.1,0.0,1179,1179,0,0,0,1,5008,pca,embedding,-0.8787720486196546,-0.17554273541660886
manifold_group_noise_fashion_mnist,0,0.1,0.0,1180,1180,0,0,0,1,5015,pca,embedding,0.36309635343966606,0.1356549376983435
manifold_group_noise_fashion_mnist,0,0.1,0.0,1181,1181,1,1,0,1,5047,pca,embedding,0.47229173753255727,-0.5875095689339664
manifold_group_noise_fashion_mnist,0,0.1,0.0,1182,1182,1,1,0,1,5037,pca,embedding,-0.9762480304217256,0.10942907711503254
manifold_group_noise_fashion_mnist,0,0.1,0.0,1183,1183,0,0,0,1,5005,pca,embedding,-0.31172248458921004,-0.28757371885534044
manifold_group_noise_fashion_mnist,0,0.1,0.0,1184,1184,0,0,0,1,5006,pca,embedding,0.753623406144043,-0.05687388166894217
manifold_group_noise_fashion_mnist,0,0.1,0.0,1185,1185,0,0,0,1,5009,pca,embedding,0.5100981380438481,0.8762758247061757
manifold_group_noise_fashion_mnist,0,0.1,0.0,1186,1186,0,0,0,1,5013,pca,embedding,-0.4894679235005871,0.34177367084038907
manifold_group_noise_fashion_mnist,0,0.1,0.0,1187,1187,0,0,0,1,5007,pca,embedding,0.36220775545636147,-0.6722520672450778
manifold_group_noise_fashion_mnist,0,0.1,0.0,1188,1188,1,1,0,1,5029,pca,embedding,-0.07978025028925795,-0.4985863525607537
manifold_group_noise_fashion_mnist,0,0.1,0.0,1189,1189,0,0,0,1,5014,pca,embedding,0.718989782296045,0.8270892025905661
manifold_group_noise_fashion_mnist,0,0.1,0.0,1190,1190,1,1,0,1,5042,pca,embedding,-0.21148132223025862,0.3018044765784209
manifold_group_noise_fashion_mnist,0,0.1,0.0,1191,1191,0,0,0,1,5006,pca,embedding,0.6642232478382726,0.7392983181630481
manifold_group_noise_fashion_mnist,0,0.1,0.0,1192,1192,0,0,0,1,5023,pca,embedding,-0.11314242403099775,-0.5582749446079514
manifold_group_noise_fashion_mnist,0,0.1,0.0,1193,1193,1,1,0,1,5040,pca,embedding,0.9638087423059953,-0.28401185930010076
manifold_group_noise_fashion_mnist,0,0.1,0.0,1194,1194,1,1,0,1,5043,pca,embedding,-0.9211316397429528,-0.06569601781009227
manifold_group_noise_fashion_mnist,0,0.1,0.0,1195,1195,1,1,0,1,5047,pca,embedding,0.7249619695057066,0.37652682078468536
manifold_group_noise_fashion_mnist,0,0.1,0.0,1196,1196,1,1,0,1,5046,pca,embedding,0.6953800120830995,0.16340664424745815
manifold_group_noise_fashion_mnist,0,0.1,0.0,1197,1197,1,1,0,1,5027,pca,embedding,-0.8973327420054342,0.09531622292119525
manifold_group_noise_fashion_mnist,0,0.1,0.0,1198,1198,0,0,0,1,5016,pca,embedding,-0.9152972115685095,-0.11755398196829882
manifold_group_noise_fashion_mnist,0,0.1,0.0,1199,1199,0,0,0,1,5001,pca,embedding,0.08890557481938885,0.32247999927697274
manifold_group_noise_fashion_mnist,0,0.1,0.0,1200,1200,1,1,0,1,5052,pca,embedding,0.10914625155416985,-0.30537753538901524
manifold_group_noise_fashion_mnist,0,0.1,0.0,1201,1201,1,1,0,1,5047,pca,embedding,0.7359654595970002,-0.3933056832986886
manifold_group_noise_fashion_mnist,0,0.1,0.0,1202,1202,0,1,1,1,5048,pca,embedding,0.45814832192508825,0.2879306050734017
manifold_group_noise_fashion_mnist,0,0.1,0.0,1203,1203,1,1,0,1,5046,pca,embedding,0.8803425289112288,0.34289152502813963
manifold_group_noise_fashion_mnist,0,0.1,0.0,1204,1204,0,0,0,1,5026,pca,embedding,0.6337217495178323,-0.6939181643888266
manifold_group_noise_fashion_mnist,0,0.1,0.0,1205,1205,1,1,0,1,5033,pca,embedding,0.049240911871216285,-0.022771137063452202
manifold_group_noise_fashion_mnist,0,0.1,0.0,1206,1206,1,0,1,1,5003,pca,embedding,-0.42330939598468087,-0.07754103556021294
manifold_group_noise_fashion_mnist,0,0.1,0.0,1207,1207,1,1,0,1,5041,pca,embedding,0.7208129485751046,0.3437273830325539
manifold_group_noise_fashion_mnist,0,0.1,0.0,1208,1208,0,0,0,1,5005,pca,embedding,-0.31172248458921004,-0.28757371885534044
manifold_group_noise_fashion_mnist,0,0.1,0.0,1209,1209,1,1,0,1,5047,pca,embedding,0.5772055870297185,0.6279212279952442
manifold_group_noise_fashion_mnist,0,0.1,0.0,1210,1210,1,1,0,1,5051,pca,embedding,-0.3074325805278038,-0.12513059156820394
manifold_group_noise_fashion_mnist,0,0.1,0.0,1211,1211,0,0,0,1,5002,pca,embedding,0.020361518541574405,0.3328756841735916
manifold_group_noise_fashion_mnist,0,0.1,0.0,1212,1212,0,0,0,1,5002,pca,embedding,0.020361518541574405,0.3328756841735916
manifold_group_noise_fashion_mnist,0,0.1,0.0,1213,1213,1,0,1,1,5011,pca,embedding,0.5432674704401125,-0.5302769107061
manifold_group_noise_fashion_mnist,0,0.1,0.0,1214,1214,1,1,0,1,5047,pca,embedding,0.47229173753255727,-0.5875095689339664
manifold_group_noise_fashion_mnist,0,0.1,0.0,1215,1215,1,1,0,1,5032,pca,embedding,0.15680966141846217,0.34983337748269816
manifold_group_noise_fashion_mnist,0,0.1,0.0,1216,1216,1,1,0,1,5040,pca,embedding,0.7710910029352435,-0.5296789409059545
manifold_group_noise_fashion_mnist,0,0.1,0.0,1217,1217,0,0,0,1,5008,pca,embedding,-0.9080085731925809,0.10956613832573582
manifold_group_noise_fashion_mnist,0,0.1,0.0,1218,1218,1,1,0,1,5053,pca,embedding,-0.8131982104448544,0.23171335690141862
manifold_group_noise_fashion_mnist,0,0.1,0.0,1219,1219,1,1,0,1,5042,pca,embedding,-0.4127925976884213,-0.34339609285048933
manifold_group_noise_fashion_mnist,0,0.1,0.0,1220,1220,0,0,0,1,5025,pca,embedding,0.6654793438561444,0.8026063075013705
manifold_group_noise_fashion_mnist,0,0.1,0.0,1221,1221,0,0,0,1,5004,pca,embedding,0.7235723359549333,-0.628179023815815
manifold_group_noise_fashion_mnist,0,0.1,0.0,1222,1222,0,0,0,1,5015,pca,embedding,0.5115265429225028,0.09275834031386163
manifold_group_noise_fashion_mnist,0,0.1,0.0,1223,1223,1,1,0,1,5037,pca,embedding,-0.9325361386225219,-0.07610008813512513
manifold_group_noise_fashion_mnist,0,0.1,0.0,1224,1224,1,1,0,1,5028,pca,embedding,-0.30504030522464726,-0.18645968620765302
manifold_group_noise_fashion_mnist,0,0.1,0.0,1225,1225,0,0,0,0,1225,pca,embedding,-0.5355333384286269,0.3346376098671488
manifold_group_noise_fashion_mnist,0,0.1,0.0,1226,1226,1,1,0,1,5049,pca,embedding,0.9097381588546877,0.5167366511969799
manifold_group_noise_fashion_mnist,0,0.1,0.0,1227,1227,0,0,0,1,5019,pca,embedding,-0.01087944288283623,0.6548310332104128
manifold_group_noise_fashion_mnist,0,0.1,0.0,1228,1228,1,1,0,1,5042,pca,embedding,-0.1290109957551854,0.03602628050692855
manifold_group_noise_fashion_mnist,0,0.1,0.0,1229,1229,0,0,0,1,5023,pca,embedding,-0.04454873857435058,-0.5850157606427607
manifold_group_noise_fashion_mnist,0,0.1,0.0,1230,1230,0,1,1,1,5048,pca,embedding,0.6069921774701434,0.2722664729588759
manifold_group_noise_fashion_mnist,0,0.1,0.0,1231,1231,0,0,0,1,5026,pca,embedding,1.0186680229668998,-0.14920239007950295
manifold_group_noise_fashion_mnist,0,0.1,0.0,1232,1232,0,1,1,1,5048,pca,embedding,0.41767860616153984,-0.042638677409208486
manifold_group_noise_fashion_mnist,0,0.1,0.0,1233,1233,0,1,1,1,5038,pca,embedding,-0.29061198396498966,0.12831690703302223
manifold_group_noise_fashion_mnist,0,0.1,0.0,1234,1234,1,1,0,1,5035,pca,embedding,-0.7496119940734065,0.0703521239516331
manifold_group_noise_fashion_mnist,0,0.1,0.0,1235,1235,0,0,0,0,1235,pca,embedding,0.2555537733434962,0.3638698689468781
manifold_group_noise_fashion_mnist,0,0.1,0.0,1236,1236,0,0,0,1,5000,pca,embedding,-0.8630278235073189,-0.009820903114049324
manifold_group_noise_fashion_mnist,0,0.1,0.0,1237,1237,1,1,0,1,5032,pca,embedding,0.07903633822753363,0.5866221099744201
manifold_group_noise_fashion_mnist,0,0.1,0.0,1238,1238,0,0,0,1,5012,pca,embedding,0.31773018608009373,0.7207984433109361
manifold_group_noise_fashion_mnist,0,0.1,0.0,1239,1239,0,0,0,1,5012,pca,embedding,0.35121201924219164,-0.7333911377239968
manifold_group_noise_fashion_mnist,0,0.1,0.0,1240,1240,0,0,0,0,1240,pca,embedding,0.2466929340571622,-0.2963850764439083
manifold_group_noise_fashion_mnist,0,0.1,0.0,1241,1241,1,1,0,1,5035,pca,embedding,-0.6907325892166274,-0.031989763750844905
manifold_group_noise_fashion_mnist,0,0.1,0.0,1242,1242,0,0,0,1,5021,pca,embedding,-0.3983627238598248,-0.42427176334018296
manifold_group_noise_fashion_mnist,0,0.1,0.0,1243,1243,1,0,1,1,5003,pca,embedding,-0.5295069983525605,0.4016414311933312
manifold_group_noise_fashion_mnist,0,0.1,0.0,1244,1244,1,1,0,1,5030,pca,embedding,-0.9455090455338427,0.07845324522804312
manifold_group_noise_fashion_mnist,0,0.1,0.0,1245,1245,1,1,0,1,5028,pca,embedding,-0.37137490070519363,-0.16509133732935938
manifold_group_noise_fashion_mnist,0,0.1,0.0,1246,1246,1,1,0,1,5039,pca,embedding,0.5355350781995705,0.5028519340321705
manifold_group_noise_fashion_mnist,0,0.1,0.0,1247,1247,0,1,1,1,5048,pca,embedding,0.49290124574368605,-0.3244601094463664
manifold_group_noise_fashion_mnist,0,0.1,0.0,1248,1248,1,1,0,1,5031,pca,embedding,-0.9314815366436549,0.09299342007293208
manifold_group_noise_fashion_mnist,0,0.1,0.0,1249,1249,1,0,1,1,5003,pca,embedding,-0.5295069983525605,0.4016414311933312
manifold_group_noise_fashion_mnist,0,0.1,0.0,1250,1250,0,0,0,1,5007,pca,embedding,0.7310746048500187,0.34303468162076894
manifold_group_noise_fashion_mnist,0,0.1,0.0,1251,1251,1,1,0,1,5047,pca,embedding,0.7249619695057066,0.37652682078468536
manifold_group_noise_fashion_mnist,0,0.1,0.0,1252,1252,0,0,0,1,5015,pca,embedding,0.4925345141162552,-0.1496899197858104
manifold_group_noise_fashion_mnist,0,0.1,0.0,1253,1253,1,1,0,0,1253,pca,embedding,-0.19186433645528272,0.21940138993460626
manifold_group_noise_fashion_mnist,0,0.1,0.0,1254,1254,0,0,0,1,5001,pca,embedding,0.17009828504650287,-0.012868812304621988
manifold_group_noise_fashion_mnist,0,0.1,0.0,1255,1255,0,0,0,1,5006,pca,embedding,0.6063230907164234,-0.47359999038684386
manifold_group_noise_fashion_mnist,0,0.1,0.0,1256,1256,1,1,0,1,5051,pca,embedding,-0.2699481842818249,0.10600597047603129
manifold_group_noise_fashion_mnist,0,0.1,0.0,1257,1257,1,1,0,1,5036,pca,embedding,-0.31641481232626334,-0.058466435324013265
manifold_group_noise_fashion_mnist,0,0.1,0.0,1258,1258,0,0,0,1,5026,pca,embedding,0.7946394663777341,0.8405887732287723
manifold_group_noise_fashion_mnist,0,0.1,0.0,1259,1259,1,1,0,1,5047,pca,embedding,0.5772055870297185,0.6279212279952442
manifold_group_noise_fashion_mnist,0,0.1,0.0,1260,1260,1,1,0,1,5044,pca,embedding,-0.9167337871352412,0.0841411189432725
manifold_group_noise_fashion_mnist,0,0.1,0.0,1261,1261,0,0,0,1,5010,pca,embedding,-0.40504166856836465,-0.33309503943000657
manifold_group_noise_fashion_mnist,0,0.1,0.0,1262,1262,1,1,0,1,5051,pca,embedding,-0.3074325805278038,-0.12513059156820394
manifold_group_noise_fashion_mnist,0,0.1,0.0,1263,1263,1,1,0,1,5041,pca,embedding,0.7208129485751046,0.3437273830325539
manifold_group_noise_fashion_mnist,0,0.1,0.0,1264,1264,0,0,0,1,5017,pca,embedding,0.3628592586363235,-0.6497484190453691
manifold_group_noise_fashion_mnist,0,0.1,0.0,1265,1265,1,1,0,1,5032,pca,embedding,0.15680966141846217,0.34983337748269816
manifold_group_noise_fashion_mnist,0,0.1,0.0,1266,1266,1,1,0,1,5046,pca,embedding,0.6953800120830995,0.16340664424745815
manifold_group_noise_fashion_mnist,0,0.1,0.0,1267,1267,1,0,1,1,5011,pca,embedding,0.7695558704728208,-0.7662839938955993
manifold_group_noise_fashion_mnist,0,0.1,0.0,1268,1268,0,0,0,1,5019,pca,embedding,-0.01087944288283623,0.6548310332104128
manifold_group_noise_fashion_mnist,0,0.1,0.0,1269,1269,0,0,0,1,5006,pca,embedding,0.6642232478382726,0.7392983181630481
manifold_group_noise_fashion_mnist,0,0.1,0.0,1270,1270,1,1,0,1,5043,pca,embedding,-0.9276277355735963,0.05898613183590304
manifold_group_noise_fashion_mnist,0,0.1,0.0,1271,1271,1,1,0,1,5042,pca,embedding,-0.4127925976884213,-0.34339609285048933
manifold_group_noise_fashion_mnist,0,0.1,0.0,1272,1272,0,0,0,1,5005,pca,embedding,-0.41376265783204336,-0.34348446241723757
manifold_group_noise_fashion_mnist,0,0.1,0.0,1273,1273,0,0,0,0,1273,pca,embedding,-0.05893119545793407,0.21563268035806518
manifold_group_noise_fashion_mnist,0,0.1,0.0,1274,1274,0,0,0,1,5012,pca,embedding,0.4584089151293429,-0.7438637608381921
manifold_group_noise_fashion_mnist,0,0.1,0.0,1275,1275,0,0,0,1,5026,pca,embedding,0.7946394663777341,0.8405887732287723
manifold_group_noise_fashion_mnist,0,0.1,0.0,1276,1276,0,0,0,1,5022,pca,embedding,1.176228055621214,-0.04947752053331311
manifold_group_noise_fashion_mnist,0,0.1,0.0,1277,1277,1,1,0,1,5028,pca,embedding,-0.41378062845790997,-0.14498488237981014
manifold_group_noise_fashion_mnist,0,0.1,0.0,1278,1278,0,0,0,0,1278,pca,embedding,-0.8945427200127527,0.04080184022060447
manifold_group_noise_fashion_mnist,0,0.1,0.0,1279,1279,0,0,0,1,5026,pca,embedding,0.6337217495178323,-0.6939181643888266
manifold_group_noise_fashion_mnist,0,0.1,0.0,1280,1280,0,1,1,1,5034,pca,embedding,-0.1823320278503068,-0.07631481612649957
manifold_group_noise_fashion_mnist,0,0.1,0.0,1281,1281,1,1,0,1,5033,pca,embedding,-0.05403442256539707,0.022221309570141585
manifold_group_noise_fashion_mnist,0,0.1,0.0,1282,1282,1,1,0,1,5041,pca,embedding,0.6928153395855997,-0.3306144414103731
manifold_group_noise_fashion_mnist,0,0.1,0.0,1283,1283,1,1,0,1,5050,pca,embedding,-0.9633798164290678,0.06505589765052418
manifold_group_noise_fashion_mnist,0,0.1,0.0,1284,1284,1,1,0,1,5050,pca,embedding,-0.9458074764089357,0.06719536729600156
manifold_group_noise_fashion_mnist,0,0.1,0.0,1285,1285,1,1,0,1,5049,pca,embedding,0.6866450052051727,-0.3090932390066733
manifold_group_noise_fashion_mnist,0,0.1,0.0,1286,1286,0,0,0,1,5025,pca,embedding,0.7627814992073733,0.4172494545560207
manifold_group_noise_fashion_mnist,0,0.1,0.0,1287,1287,0,0,0,1,5002,pca,embedding,-0.2117470560556912,0.547480833510315
manifold_group_noise_fashion_mnist,0,0.1,0.0,1288,1288,0,0,0,1,5024,pca,embedding,0.6424016200090048,0.8677764177210021
manifold_group_noise_fashion_mnist,0,0.1,0.0,1289,1289,0,0,0,1,5016,pca,embedding,-0.8606214056028432,-0.09417717477993456
manifold_group_noise_fashion_mnist,0,0.1,0.0,1290,1290,1,1,0,1,5032,pca,embedding,-0.026482430760021252,0.5206757877116667
manifold_group_noise_fashion_mnist,0,0.1,0.0,1291,1291,1,1,0,1,5049,pca,embedding,1.0547771071837813,0.10684690445816442
manifold_group_noise_fashion_mnist,0,0.1,0.0,1292,1292,0,0,0,1,5004,pca,embedding,0.5031657196145208,-0.6484550723510426
manifold_group_noise_fashion_mnist,0,0.1,0.0,1293,1293,0,0,0,1,5009,pca,embedding,0.7220183631623046,0.3871762473870877
manifold_group_noise_fashion_mnist,0,0.1,0.0,1294,1294,1,1,0,1,5047,pca,embedding,0.7249619695057066,0.37652682078468536
manifold_group_noise_fashion_mnist,0,0.1,0.0,1295,1295,0,0,0,1,5024,pca,embedding,0.5454844191355174,-0.8349077324238823
manifold_group_noise_fashion_mnist,0,0.1,0.0,1296,1296,0,0,0,1,5022,pca,embedding,1.1436418246418478,0.001028193940393815
manifold_group_noise_fashion_mnist,0,0.1,0.0,1297,1297,0,0,0,1,5025,pca,embedding,0.3659648486520257,0.7830272938837576
manifold_group_noise_fashion_mnist,0,0.1,0.0,1298,1298,0,0,0,1,5002,pca,embedding,0.020361518541574405,0.3328756841735916
manifold_group_noise_fashion_mnist,0,0.1,0.0,1299,1299,1,1,0,1,5029,pca,embedding,0.06445955262697403,0.4775789870447894
manifold_group_noise_fashion_mnist,0,0.1,0.0,1300,1300,1,1,0,1,5039,pca,embedding,0.23789559302440683,-0.4385188382028624
manifold_group_noise_fashion_mnist,0,0.1,0.0,1301,1301,1,1,0,1,5043,pca,embedding,-0.9211316397429528,-0.06569601781009227
manifold_group_noise_fashion_mnist,0,0.1,0.0,1302,1302,0,0,0,1,5022,pca,embedding,1.195573168278564,-0.07403296293749109
manifold_group_noise_fashion_mnist,0,0.1,0.0,1303,1303,0,0,0,1,5002,pca,embedding,0.020361518541574405,0.3328756841735916
manifold_group_noise_fashion_mnist,0,0.1,0.0,1304,1304,1,1,0,1,5028,pca,embedding,-0.2525708642257593,0.05606018467327206
manifold_group_noise_fashion_mnist,0,0.1,0.0,1305,1305,0,0,0,1,5000,pca,embedding,-0.8630278235073189,-0.009820903114049324
manifold_group_noise_fashion_mnist,0,0.1,0.0,1306,1306,1,1,0,1,5030,pca,embedding,-0.8986246886737785,-0.05614817685687334
manifold_group_noise_fashion_mnist,0,0.1,0.0,1307,1307,0,0,0,1,5002,pca,embedding,0.10260216297295745,-0.06731487496185998
manifold_group_noise_fashion_mnist,0,0.1,0.0,1308,1308,0,0,0,1,5015,pca,embedding,0.48973980449766374,-0.31214604955977876
manifold_group_noise_fashion_mnist,0,0.1,0.0,1309,1309,1,1,0,1,5029,pca,embedding,0.0722772733302749,0.22408685556570984
manifold_group_noise_fashion_mnist,0,0.1,0.0,1310,1310,0,0,0,1,5006,pca,embedding,0.3571109993492384,-0.6477604698138006
manifold_group_noise_fashion_mnist,0,0.1,0.0,1311,1311,1,1,0,1,5030,pca,embedding,-0.8824088241288125,-0.0196437759775473
manifold_group_noise_fashion_mnist,0,0.1,0.0,1312,1312,0,0,0,1,5020,pca,embedding,-0.9456050139887335,0.007970148219874733
manifold_group_noise_fashion_mnist,0,0.1,0.0,1313,1313,1,1,0,1,5046,pca,embedding,0.7080288862353953,0.1664688050836326
manifold_group_noise_fashion_mnist,0,0.1,0.0,1314,1314,0,0,0,1,5017,pca,embedding,0.5623923821775677,0.39259854104581515
manifold_group_noise_fashion_mnist,0,0.1,0.0,1315,1315,0,0,0,1,5014,pca,embedding,0.44780551161153503,0.8442172733287745
manifold_group_noise_fashion_mnist,0,0.1,0.0,1316,1316,1,1,0,0,1316,pca,embedding,0.7485696779082369,-0.6433861283331215
manifold_group_noise_fashion_mnist,0,0.1,0.0,1317,1317,0,0,0,1,5001,pca,embedding,-0.055388969474124784,-0.6002120824197864
manifold_group_noise_fashion_mnist,0,0.1,0.0,1318,1318,0,0,0,1,5013,pca,embedding,-0.34613705681701834,-0.08283730761629565
manifold_group_noise_fashion_mnist,0,0.1,0.0,1319,1319,0,0,0,1,5026,pca,embedding,1.0993043753482634,0.445419991227088
manifold_group_noise_fashion_mnist,0,0.1,0.0,1320,1320,0,0,0,1,5000,pca,embedding,-0.8749713165394155,0.06748194746060947
manifold_group_noise_fashion_mnist,0,0.1,0.0,1321,1321,0,1,1,1,5038,pca,embedding,-0.3133958956434428,-0.2556486466657895
manifold_group_noise_fashion_mnist,0,0.1,0.0,1322,1322,0,0,0,1,5019,pca,embedding,-0.01087944288283623,0.6548310332104128
manifold_group_noise_fashion_mnist,0,0.1,0.0,1323,1323,1,1,0,1,5033,pca,embedding,0.15620570956709592,-0.15650027766882196
manifold_group_noise_fashion_mnist,0,0.1,0.0,1324,1324,0,0,0,1,5001,pca,embedding,0.17009828504650287,-0.012868812304621988
manifold_group_noise_fashion_mnist,0,0.1,0.0,1325,1325,0,0,0,1,5001,pca,embedding,0.17009828504650287,-0.012868812304621988
manifold_group_noise_fashion_mnist,0,0.1,0.0,1326,1326,1,1,0,1,5031,pca,embedding,-0.9314815366436549,0.09299342007293208
manifold_group_noise_fashion_mnist,0,0.1,0.0,1327,1327,0,1,1,1,5048,pca,embedding,0.45814832192508825,0.2879306050734017
manifold_group_noise_fashion_mnist,0,0.1,0.0,1328,1328,0,0,0,1,5004,pca,embedding,0.8416626697009707,0.8112611384831543
manifold_group_noise_fashion_mnist,0,0.1,0.0,1329,1329,0,0,0,1,5005,pca,embedding,-0.15637020303214264,0.05034404996747888
manifold_group_noise_fashion_mnist,0,0.1,0.0,1330,1330,0,0,0,1,5004,pca,embedding,0.7235723359549333,-0.628179023815815
manifold_group_noise_fashion_mnist,0,0.1,0.0,1331,1331,0,1,1,1,5034,pca,embedding,-0.29932229024069257,-0.31215301073798424
manifold_group_noise_fashion_mnist,0,0.1,0.0,1332,1332,1,1,0,1,5033,pca,embedding,-0.06084142911395611,-0.14510503928318708
manifold_group_noise_fashion_mnist,0,0.1,0.0,1333,1333,1,1,0,1,5049,pca,embedding,0.7416494195256557,-0.49108031131810326
manifold_group_noise_fashion_mnist,0,0.1,0.0,1334,1334,0,1,1,1,5048,pca,embedding,0.3741941644556492,-0.45362821265891873
manifold_group_noise_fashion_mnist,0,0.1,0.0,1335,1335,0,0,0,1,5024,pca,embedding,0.68897939186363,-0.09619933344275569
manifold_group_noise_fashion_mnist,0,0.1,0.0,1336,1336,0,0,0,1,5010,pca,embedding,-0.4158989823698747,-0.4020459892399151
manifold_group_noise_fashion_mnist,0,0.1,0.0,1337,1337,0,0,0,1,5021,pca,embedding,-0.3662240074576506,-0.463910961403198
manifold_group_noise_fashion_mnist,0,0.1,0.0,1338,1338,1,1,0,1,5035,pca,embedding,-0.6682557621423971,-0.14345222393291596
manifold_group_noise_fashion_mnist,0,0.1,0.0,1339,1339,0,0,0,1,5015,pca,embedding,0.41817208418568963,0.06183055342217502
manifold_group_noise_fashion_mnist,0,0.1,0.0,1340,1340,0,0,0,1,5014,pca,embedding,0.44780551161153503,0.8442172733287745
manifold_group_noise_fashion_mnist,0,0.1,0.0,1341,1341,1,1,0,1,5053,pca,embedding,-0.7213348676759209,0.15619229328804363
manifold_group_noise_fashion_mnist,0,0.1,0.0,1342,1342,1,1,0,1,5029,pca,embedding,-0.15465427874560161,-0.46454119769857777
manifold_group_noise_fashion_mnist,0,0.1,0.0,1343,1343,1,1,0,1,5033,pca,embedding,-0.06084142911395611,-0.14510503928318708
manifold_group_noise_fashion_mnist,0,0.1,0.0,1344,1344,0,0,0,1,5008,pca,embedding,-0.8658207883814171,-0.0845090131953525
manifold_group_noise_fashion_mnist,0,0.1,0.0,1345,1345,1,1,0,0,1345,pca,embedding,0.129628164942035,0.4791949846648558
manifold_group_noise_fashion_mnist,0,0.1,0.0,1346,1346,1,1,0,1,5040,pca,embedding,0.8189792371135264,-0.12726515103470884
manifold_group_noise_fashion_mnist,0,0.1,0.0,1347,1347,0,0,0,1,5008,pca,embedding,-0.8565874133472127,-0.12286073186371482
manifold_group_noise_fashion_mnist,0,0.1,0.0,1348,1348,0,0,0,1,5026,pca,embedding,0.8643189313791584,-0.8625811275119452
manifold_group_noise_fashion_mnist,0,0.1,0.0,1349,1349,0,0,0,0,1349,pca,embedding,0.8176233085811978,-0.1261055120355451
manifold_group_noise_fashion_mnist,0,0.1,0.0,1350,1350,1,1,0,1,5049,pca,embedding,0.7416494195256557,-0.49108031131810326
manifold_group_noise_fashion_mnist,0,0.1,0.0,1351,1351,1,1,0,1,5028,pca,embedding,-0.2525708642257593,0.05606018467327206
manifold_group_noise_fashion_mnist,0,0.1,0.0,1352,1352,1,1,0,1,5029,pca,embedding,0.0722772733302749,0.22408685556570984
manifold_group_noise_fashion_mnist,0,0.1,0.0,1353,1353,0,0,0,1,5021,pca,embedding,-0.2161397659044853,0.47614076811946476
manifold_group_noise_fashion_mnist,0,0.1,0.0,1354,1354,1,1,0,1,5044,pca,embedding,-0.933462347711011,-0.0010421903387687545
manifold_group_noise_fashion_mnist,0,0.1,0.0,1355,1355,1,1,0,1,5033,pca,embedding,-0.06084142911395611,-0.14510503928318708
manifold_group_noise_fashion_mnist,0,0.1,0.0,1356,1356,0,0,0,1,5026,pca,embedding,0.8643189313791584,-0.8625811275119452
manifold_group_noise_fashion_mnist,0,0.1,0.0,1357,1357,1,1,0,1,5037,pca,embedding,-0.9285084875077186,0.12372176430027029
manifold_group_noise_fashion_mnist,0,0.1,0.0,1358,1358,1,1,0,1,5033,pca,embedding,-0.06084142911395611,-0.14510503928318708
manifold_group_noise_fashion_mnist,0,0.1,0.0,1359,1359,0,0,0,1,5018,pca,embedding,-0.6481908226385475,-0.2053652802441936
manifold_group_noise_fashion_mnist,0,0.1,0.0,1360,1360,1,1,0,1,5029,pca,embedding,-0.06120646705682106,0.5882067202608642
manifold_group_noise_fashion_mnist,0,0.1,0.0,1361,1361,1,1,0,1,5044,pca,embedding,-0.905448368286997,-0.028035036636983326
manifold_group_noise_fashion_mnist,0,0.1,0.0,1362,1362,1,1,0,1,5032,pca,embedding,0.07903633822753363,0.5866221099744201
manifold_group_noise_fashion_mnist,0,0.1,0.0,1363,1363,0,0,0,1,5008,pca,embedding,-0.8787720486196546,-0.17554273541660886
manifold_group_noise_fashion_mnist,0,0.1,0.0,1364,1364,1,1,0,1,5047,pca,embedding,0.47663175777198696,0.6580462171416843
manifold_group_noise_fashion_mnist,0,0.1,0.0,1365,1365,1,1,0,1,5049,pca,embedding,0.8636405905890938,0.22621678203325513
manifold_group_noise_fashion_mnist,0,0.1,0.0,1366,1366,1,1,0,1,5044,pca,embedding,-0.9133556874760866,0.09762823703241387
manifold_group_noise_fashion_mnist,0,0.1,0.0,1367,1367,1,1,0,1,5049,pca,embedding,0.7416494195256557,-0.49108031131810326
manifold_group_noise_fashion_mnist,0,0.1,0.0,1368,1368,0,0,0,1,5022,pca,embedding,1.0125057543847131,-0.00418424783879795
manifold_group_noise_fashion_mnist,0,0.1,0.0,1369,1369,1,1,0,1,5039,pca,embedding,0.5355350781995705,0.5028519340321705
manifold_group_noise_fashion_mnist,0,0.1,0.0,1370,1370,0,0,0,1,5010,pca,embedding,-0.40504166856836465,-0.33309503943000657
manifold_group_noise_fashion_mnist,0,0.1,0.0,1371,1371,0,1,1,1,5034,pca,embedding,-0.29932229024069257,-0.31215301073798424
manifold_group_noise_fashion_mnist,0,0.1,0.0,1372,1372,1,1,0,1,5044,pca,embedding,-0.933462347711011,-0.0010421903387687545
manifold_group_noise_fashion_mnist,0,0.1,0.0,1373,1373,1,1,0,0,1373,pca,embedding,-0.051370925568611614,0.24240932273643295
manifold_group_noise_fashion_mnist,0,0.1,0.0,1374,1374,0,0,0,1,5013,pca,embedding,-0.32854595670834297,-0.27505311412747724
manifold_group_noise_fashion_mnist,0,0.1,0.0,1375,1375,0,0,0,0,1375,pca,embedding,-0.18962372599323601,0.11285120841697308
manifold_group_noise_fashion_mnist,0,0.1,0.0,1376,1376,0,1,1,1,5048,pca,embedding,0.41767860616153984,-0.042638677409208486
manifold_group_noise_fashion_mnist,0,0.1,0.0,1377,1377,1,1,0,1,5051,pca,embedding,-0.39162753579993237,-0.008920929729294489
manifold_group_noise_fashion_mnist,0,0.1,0.0,1378,1378,1,1,0,1,5041,pca,embedding,0.7922295720863074,0.13292160942370107
manifold_group_noise_fashion_mnist,0,0.1,0.0,1379,1379,0,0,0,0,1379,pca,embedding,0.9981987389970117,-0.3226638292687129
manifold_group_noise_fashion_mnist,0,0.1,0.0,1380,1380,0,0,0,1,5008,pca,embedding,-0.8658207883814171,-0.0845090131953525
manifold_group_noise_fashion_mnist,0,0.1,0.0,1381,1381,1,1,0,1,5032,pca,embedding,0.15680966141846217,0.34983337748269816
manifold_group_noise_fashion_mnist,0,0.1,0.0,1382,1382,0,0,0,1,5026,pca,embedding,1.0225594576788382,0.8460605465572696
manifold_group_noise_fashion_mnist,0,0.1,0.0,1383,1383,0,0,0,1,5014,pca,embedding,0.6094692663789557,-0.8857080006630067
manifold_group_noise_fashion_mnist,0,0.1,0.0,1384,1384,1,0,1,1,5011,pca,embedding,1.0632756970520523,0.7335145960938936
manifold_group_noise_fashion_mnist,0,0.1,0.0,1385,1385,0,0,0,1,5012,pca,embedding,0.35121201924219164,-0.7333911377239968
manifold_group_noise_fashion_mnist,0,0.1,0.0,1386,1386,1,1,0,0,1386,pca,embedding,-0.10717289621675241,-0.33028243758499126
manifold_group_noise_fashion_mnist,0,0.1,0.0,1387,1387,1,1,0,1,5027,pca,embedding,-0.9911529266948478,0.11235758861556076
manifold_group_noise_fashion_mnist,0,0.1,0.0,1388,1388,1,1,0,1,5036,pca,embedding,-0.2763369883811938,-0.1922709193187338
manifold_group_noise_fashion_mnist,0,0.1,0.0,1389,1389,0,0,0,1,5022,pca,embedding,1.1667636990253114,-0.04785440842201168
manifold_group_noise_fashion_mnist,0,0.1,0.0,1390,1390,0,0,0,1,5015,pca,embedding,0.5115265429225028,0.09275834031386163
manifold_group_noise_fashion_mnist,0,0.1,0.0,1391,1391,1,1,0,1,5031,pca,embedding,-0.9162004028370493,0.13716690244661567
manifold_group_noise_fashion_mnist,0,0.1,0.0,1392,1392,0,0,0,0,1392,pca,embedding,0.43012750711645426,-0.3919662650071066
manifold_group_noise_fashion_mnist,0,0.1,0.0,1393,1393,1,1,0,1,5037,pca,embedding,-0.9580280240060483,0.08333890666241656
manifold_group_noise_fashion_mnist,0,0.1,0.0,1394,1394,1,1,0,1,5028,pca,embedding,-0.37137490070519363,-0.16509133732935938
manifold_group_noise_fashion_mnist,0,0.1,0.0,1395,1395,0,0,0,1,5023,pca,embedding,0.08894871272329877,0.29687828649896986
manifold_group_noise_fashion_mnist,0,0.1,0.0,1396,1396,0,0,0,1,5005,pca,embedding,-0.2437376986905045,0.2533061168150995
manifold_group_noise_fashion_mnist,0,0.1,0.0,1397,1397,1,1,0,1,5028,pca,embedding,-0.32799201527401,0.2988263243030795
manifold_group_noise_fashion_mnist,0,0.1,0.0,1398,1398,0,0,0,1,5018,pca,embedding,-0.7854139328809032,0.2810225365619762
manifold_group_noise_fashion_mnist,0,0.1,0.0,1399,1399,0,0,0,1,5015,pca,embedding,0.5712100110096152,-0.37682730540054343
manifold_group_noise_fashion_mnist,0,0.1,0.0,1400,1400,1,1,0,1,5053,pca,embedding,-0.8096290397197841,0.1688999106734829
manifold_group_noise_fashion_mnist,0,0.1,0.0,1401,1401,1,1,0,1,5035,pca,embedding,-0.7520089470711595,0.08969918393342756
manifold_group_noise_fashion_mnist,0,0.1,0.0,1402,1402,0,0,0,1,5010,pca,embedding,-0.3836887104368455,-0.11862094480741558
manifold_group_noise_fashion_mnist,0,0.1,0.0,1403,1403,0,0,0,1,5019,pca,embedding,-0.1695984444273197,-0.513917645708105
manifold_group_noise_fashion_mnist,0,0.1,0.0,1404,1404,0,0,0,1,5002,pca,embedding,0.13453564484188205,-0.44476027207307944
manifold_group_noise_fashion_mnist,0,0.1,0.0,1405,1405,1,1,0,1,5042,pca,embedding,-0.4127925976884213,-0.34339609285048933
manifold_group_noise_fashion_mnist,0,0.1,0.0,1406,1406,1,1,0,1,5053,pca,embedding,-0.8131982104448544,0.23171335690141862
manifold_group_noise_fashion_mnist,0,0.1,0.0,1407,1407,1,1,0,1,5045,pca,embedding,0.16414651987827136,0.42042255899252234
manifold_group_noise_fashion_mnist,0,0.1,0.0,1408,1408,1,1,0,1,5047,pca,embedding,0.7359654595970002,-0.3933056832986886
manifold_group_noise_fashion_mnist,0,0.1,0.0,1409,1409,0,0,0,1,5002,pca,embedding,-0.11522652685558007,-0.5418229011217831
manifold_group_noise_fashion_mnist,0,0.1,0.0,1410,1410,1,1,0,1,5047,pca,embedding,0.47229173753255727,-0.5875095689339664
manifold_group_noise_fashion_mnist,0,0.1,0.0,1411,1411,1,1,0,1,5030,pca,embedding,-0.9768938384201941,0.07935520750661718
manifold_group_noise_fashion_mnist,0,0.1,0.0,1412,1412,1,1,0,1,5041,pca,embedding,0.7425797977958124,0.47666419553084505
manifold_group_noise_fashion_mnist,0,0.1,0.0,1413,1413,1,1,0,0,1413,pca,embedding,-0.26456171597033307,0.25389317240297293
manifold_group_noise_fashion_mnist,0,0.1,0.0,1414,1414,0,0,0,1,5009,pca,embedding,0.5100981380438481,0.8762758247061757
manifold_group_noise_fashion_mnist,0,0.1,0.0,1415,1415,1,1,0,1,5040,pca,embedding,0.7710910029352435,-0.5296789409059545
manifold_group_noise_fashion_mnist,0,0.1,0.0,1416,1416,1,1,0,0,1416,pca,embedding,0.8387084802025672,-0.3071782195452432
manifold_group_noise_fashion_mnist,0,0.1,0.0,1417,1417,0,0,0,1,5000,pca,embedding,-0.8673618711914751,-0.14290753307037596
manifold_group_noise_fashion_mnist,0,0.1,0.0,1418,1418,1,1,0,1,5043,pca,embedding,-0.8923220763993547,-0.0654162054656785
manifold_group_noise_fashion_mnist,0,0.1,0.0,1419,1419,1,1,0,1,5028,pca,embedding,-0.2525708642257593,0.05606018467327206
manifold_group_noise_fashion_mnist,0,0.1,0.0,1420,1420,0,0,0,0,1420,pca,embedding,0.6975225420513173,-0.22222333812115727
manifold_group_noise_fashion_mnist,0,0.1,0.0,1421,1421,0,0,0,1,5014,pca,embedding,0.6094692663789557,-0.8857080006630067
manifold_group_noise_fashion_mnist,0,0.1,0.0,1422,1422,1,1,0,0,1422,pca,embedding,0.6144441243417363,-0.24967060677182112
manifold_group_noise_fashion_mnist,0,0.1,0.0,1423,1423,0,0,0,1,5022,pca,embedding,1.1667636990253114,-0.04785440842201168
manifold_group_noise_fashion_mnist,0,0.1,0.0,1424,1424,0,0,0,1,5025,pca,embedding,0.7627814992073733,0.4172494545560207
manifold_group_noise_fashion_mnist,0,0.1,0.0,1425,1425,0,0,0,1,5016,pca,embedding,-0.8613599284232585,0.09269489457856302
manifold_group_noise_fashion_mnist,0,0.1,0.0,1426,1426,0,0,0,1,5006,pca,embedding,0.6642232478382726,0.7392983181630481
manifold_group_noise_fashion_mnist,0,0.1,0.0,1427,1427,0,1,1,1,5048,pca,embedding,0.3815737417659812,-0.3436995670371248
manifold_group_noise_fashion_mnist,0,0.1,0.0,1428,1428,0,1,1,1,5048,pca,embedding,0.3741941644556492,-0.45362821265891873
manifold_group_noise_fashion_mnist,0,0.1,0.0,1429,1429,1,1,0,1,5028,pca,embedding,-0.21210002490839894,0.3108050933699753
manifold_group_noise_fashion_mnist,0,0.1,0.0,1430,1430,0,0,0,1,5018,pca,embedding,-0.6481908226385475,-0.2053652802441936
manifold_group_noise_fashion_mnist,0,0.1,0.0,1431,1431,1,0,1,1,5003,pca,embedding,-0.42330939598468087,-0.07754103556021294
manifold_group_noise_fashion_mnist,0,0.1,0.0,1432,1432,1,1,0,1,5042,pca,embedding,-0.3274342993611934,-0.3768450906929204
manifold_group_noise_fashion_mnist,0,0.1,0.0,1433,1433,1,0,1,1,5011,pca,embedding,0.7695558704728208,-0.7662839938955993
manifold_group_noise_fashion_mnist,0,0.1,0.0,1434,1434,0,1,1,1,5038,pca,embedding,-0.29061198396498966,0.12831690703302223
manifold_group_noise_fashion_mnist,0,0.1,0.0,1435,1435,1,1,0,1,5035,pca,embedding,-0.68284923201481,0.010838406478870036
manifold_group_noise_fashion_mnist,0,0.1,0.0,1436,1436,0,0,0,1,5002,pca,embedding,-0.11522652685558007,-0.5418229011217831
manifold_group_noise_fashion_mnist,0,0.1,0.0,1437,1437,0,0,0,1,5022,pca,embedding,1.195573168278564,-0.07403296293749109
manifold_group_noise_fashion_mnist,0,0.1,0.0,1438,1438,0,0,0,1,5008,pca,embedding,-0.8611456162684513,0.10534178251913111
manifold_group_noise_fashion_mnist,0,0.1,0.0,1439,1439,1,1,0,1,5029,pca,embedding,0.24045051802004092,0.05136327467345356
manifold_group_noise_fashion_mnist,0,0.1,0.0,1440,1440,0,0,0,1,5024,pca,embedding,0.7208546462036393,-0.6260184097886702
manifold_group_noise_fashion_mnist,0,0.1,0.0,1441,1441,1,1,0,0,1441,pca,embedding,-0.7800278414609517,0.2073625499871878
manifold_group_noise_fashion_mnist,0,0.1,0.0,1442,1442,1,1,0,1,5050,pca,embedding,-0.9227669255029821,-0.004689255177931589
manifold_group_noise_fashion_mnist,0,0.1,0.0,1443,1443,0,0,0,1,5026,pca,embedding,0.8643189313791584,-0.8625811275119452
manifold_group_noise_fashion_mnist,0,0.1,0.0,1444,1444,1,1,0,1,5028,pca,embedding,-0.37137490070519363,-0.16509133732935938
manifold_group_noise_fashion_mnist,0,0.1,0.0,1445,1445,0,1,1,1,5048,pca,embedding,0.49290124574368605,-0.3244601094463664
manifold_group_noise_fashion_mnist,0,0.1,0.0,1446,1446,0,0,0,1,5014,pca,embedding,0.44780551161153503,0.8442172733287745
manifold_group_noise_fashion_mnist,0,0.1,0.0,1447,1447,1,1,0,1,5029,pca,embedding,0.24045051802004092,0.05136327467345356
manifold_group_noise_fashion_mnist,0,0.1,0.0,1448,1448,0,0,0,1,5009,pca,embedding,0.5100981380438481,0.8762758247061757
manifold_group_noise_fashion_mnist,0,0.1,0.0,1449,1449,1,1,0,1,5039,pca,embedding,0.23789559302440683,-0.4385188382028624
manifold_group_noise_fashion_mnist,0,0.1,0.0,1450,1450,1,1,0,1,5030,pca,embedding,-0.9284579928390012,0.07757571507984015
manifold_group_noise_fashion_mnist,0,0.1,0.0,1451,1451,0,0,0,1,5001,pca,embedding,-0.12765943280361497,-0.5738520202319681
manifold_group_noise_fashion_mnist,0,0.1,0.0,1452,1452,1,1,0,1,5053,pca,embedding,-0.7213348676759209,0.15619229328804363
manifold_group_noise_fashion_mnist,0,0.1,0.0,1453,1453,1,1,0,1,5035,pca,embedding,-0.6667900596372172,-0.05734931063364601
manifold_group_noise_fashion_mnist,0,0.1,0.0,1454,1454,0,1,1,1,5034,pca,embedding,-0.29932229024069257,-0.31215301073798424
manifold_group_noise_fashion_mnist,0,0.1,0.0,1455,1455,0,0,0,1,5026,pca,embedding,0.7946394663777341,0.8405887732287723
manifold_group_noise_fashion_mnist,0,0.1,0.0,1456,1456,1,1,0,1,5045,pca,embedding,0.16414651987827136,0.42042255899252234
manifold_group_noise_fashion_mnist,0,0.1,0.0,1457,1457,0,0,0,1,5013,pca,embedding,-0.36582371945831244,-0.22296090438783756
manifold_group_noise_fashion_mnist,0,0.1,0.0,1458,1458,1,0,1,1,5003,pca,embedding,-0.5295069983525605,0.4016414311933312
manifold_group_noise_fashion_mnist,0,0.1,0.0,1459,1459,1,1,0,1,5033,pca,embedding,0.12972042356306965,0.002901868205172085
manifold_group_noise_fashion_mnist,0,0.1,0.0,1460,1460,0,1,1,1,5034,pca,embedding,-0.2274209305196443,-0.5102599059686482
manifold_group_noise_fashion_mnist,0,0.1,0.0,1461,1461,1,0,1,1,5011,pca,embedding,0.8929993970153112,-0.7851538694798373
manifold_group_noise_fashion_mnist,0,0.1,0.0,1462,1462,1,1,0,1,5032,pca,embedding,-0.12001382295393728,-0.44909780545812994
manifold_group_noise_fashion_mnist,0,0.1,0.0,1463,1463,0,0,0,1,5025,pca,embedding,0.7627814992073733,0.4172494545560207
manifold_group_noise_fashion_mnist,0,0.1,0.0,1464,1464,1,1,0,1,5046,pca,embedding,0.7080288862353953,0.1664688050836326
manifold_group_noise_fashion_mnist,0,0.1,0.0,1465,1465,0,0,0,1,5004,pca,embedding,0.7716779575514205,-0.19462644679085278
manifold_group_noise_fashion_mnist,0,0.1,0.0,1466,1466,0,0,0,1,5000,pca,embedding,-0.8482294791769429,-0.08288450113225698
manifold_group_noise_fashion_mnist,0,0.1,0.0,1467,1467,0,0,0,0,1467,pca,embedding,0.09555150492934687,-0.14244223794471375
manifold_group_noise_fashion_mnist,0,0.1,0.0,1468,1468,0,0,0,1,5023,pca,embedding,-0.11314242403099775,-0.5582749446079514
manifold_group_noise_fashion_mnist,0,0.1,0.0,1469,1469,0,0,0,1,5025,pca,embedding,0.3659648486520257,0.7830272938837576
manifold_group_noise_fashion_mnist,0,0.1,0.0,1470,1470,1,1,0,1,5039,pca,embedding,0.4063502914529092,-0.21375216840256803
manifold_group_noise_fashion_mnist,0,0.1,0.0,1471,1471,0,0,0,1,5004,pca,embedding,0.7716779575514205,-0.19462644679085278
manifold_group_noise_fashion_mnist,0,0.1,0.0,1472,1472,1,1,0,1,5037,pca,embedding,-0.9762480304217256,0.10942907711503254
manifold_group_noise_fashion_mnist,0,0.1,0.0,1473,1473,1,0,1,1,5003,pca,embedding,-0.4534752491324747,0.19615578172521544
manifold_group_noise_fashion_mnist,0,0.1,0.0,1474,1474,1,1,0,1,5053,pca,embedding,-0.7317446023902112,-0.049205188001385645
manifold_group_noise_fashion_mnist,0,0.1,0.0,1475,1475,0,1,1,1,5048,pca,embedding,0.6069921774701434,0.2722664729588759
manifold_group_noise_fashion_mnist,0,0.1,0.0,1476,1476,0,0,0,1,5009,pca,embedding,0.6887897534495993,-0.1574445054400693
manifold_group_noise_fashion_mnist,0,0.1,0.0,1477,1477,0,0,0,1,5016,pca,embedding,-0.8937822588494512,0.12556981205862594
manifold_group_noise_fashion_mnist,0,0.1,0.0,1478,1478,0,0,0,0,1478,pca,embedding,0.348485590092418,-0.32346695817304294
manifold_group_noise_fashion_mnist,0,0.1,0.0,1479,1479,0,0,0,1,5022,pca,embedding,1.2148507964576958,-0.11253325295745925
manifold_group_noise_fashion_mnist,0,0.1,0.0,1480,1480,0,0,0,1,5015,pca,embedding,0.36309635343966606,0.1356549376983435
manifold_group_noise_fashion_mnist,0,0.1,0.0,1481,1481,0,0,0,1,5010,pca,embedding,-0.4903285583870929,0.4944814202078548
manifold_group_noise_fashion_mnist,0,0.1,0.0,1482,1482,1,1,0,1,5043,pca,embedding,-0.9039169020509286,-0.008314721414324613
manifold_group_noise_fashion_mnist,0,0.1,0.0,1483,1483,1,1,0,1,5036,pca,embedding,-0.3928291611564881,0.08707621812610297
manifold_group_noise_fashion_mnist,0,0.1,0.0,1484,1484,1,1,0,1,5044,pca,embedding,-0.9436233203202156,-0.022410175201620586
manifold_group_noise_fashion_mnist,0,0.1,0.0,1485,1485,1,1,0,1,5053,pca,embedding,-0.8347119940107677,-0.11239785125439054
manifold_group_noise_fashion_mnist,0,0.1,0.0,1486,1486,0,0,0,1,5001,pca,embedding,0.18427113985420884,-0.3967253259934284
manifold_group_noise_fashion_mnist,0,0.1,0.0,1487,1487,0,0,0,1,5009,pca,embedding,0.7612628193363489,0.8261680917798548
manifold_group_noise_fashion_mnist,0,0.1,0.0,1488,1488,1,1,0,1,5028,pca,embedding,-0.32799201527401,0.2988263243030795
manifold_group_noise_fashion_mnist,0,0.1,0.0,1489,1489,1,1,0,1,5040,pca,embedding,1.010490401489464,-0.34428141598952006
manifold_group_noise_fashion_mnist,0,0.1,0.0,1490,1490,1,1,0,1,5027,pca,embedding,-0.9211613434197472,-0.03428124216858519
manifold_group_noise_fashion_mnist,0,0.1,0.0,1491,1491,1,1,0,1,5030,pca,embedding,-0.9455090455338427,0.07845324522804312
manifold_group_noise_fashion_mnist,0,0.1,0.0,1492,1492,0,0,0,1,5018,pca,embedding,-0.6324876529989985,-0.27449072368453065
manifold_group_noise_fashion_mnist,0,0.1,0.0,1493,1493,0,0,0,1,5025,pca,embedding,0.8078637666020315,-0.1047305569563703
manifold_group_noise_fashion_mnist,0,0.1,0.0,1494,1494,0,0,0,1,5005,pca,embedding,-0.31172248458921004,-0.28757371885534044
manifold_group_noise_fashion_mnist,0,0.1,0.0,1495,1495,1,1,0,1,5039,pca,embedding,0.5355350781995705,0.5028519340321705
manifold_group_noise_fashion_mnist,0,0.1,0.0,1496,1496,1,1,0,1,5053,pca,embedding,-0.8347119940107677,-0.11239785125439054
manifold_group_noise_fashion_mnist,0,0.1,0.0,1497,1497,1,1,0,0,1497,pca,embedding,0.9608074588576323,0.3604707977466406
manifold_group_noise_fashion_mnist,0,0.1,0.0,1498,1498,0,0,0,1,5016,pca,embedding,-0.8613599284232585,0.09269489457856302
manifold_group_noise_fashion_mnist,0,0.1,0.0,1499,1499,1,1,0,1,5042,pca,embedding,-0.3274342993611934,-0.3768450906929204
manifold_group_noise_fashion_mnist,0,0.1,0.0,1500,1500,1,1,0,1,5041,pca,embedding,0.7208129485751046,0.3437273830325539
manifold_group_noise_fashion_mnist,0,0.1,0.0,1501,1501,0,0,0,1,5009,pca,embedding,0.6127583133987617,-0.6612610834316213
manifold_group_noise_fashion_mnist,0,0.1,0.0,1502,1502,1,1,0,1,5031,pca,embedding,-0.9246896116650437,-0.08310130915247531
manifold_group_noise_fashion_mnist,0,0.1,0.0,1503,1503,0,0,0,1,5017,pca,embedding,0.48016080422268403,0.6844474880844832
manifold_group_noise_fashion_mnist,0,0.1,0.0,1504,1504,0,0,0,1,5014,pca,embedding,0.7819002482367414,0.4216230558006338
manifold_group_noise_fashion_mnist,0,0.1,0.0,1505,1505,1,1,0,1,5051,pca,embedding,-0.3582218048331888,0.03483277977141487
manifold_group_noise_fashion_mnist,0,0.1,0.0,1506,1506,0,0,0,1,5023,pca,embedding,0.08894871272329877,0.29687828649896986
manifold_group_noise_fashion_mnist,0,0.1,0.0,1507,1507,0,0,0,1,5008,pca,embedding,-0.9737773675552853,0.16068898342029672
manifold_group_noise_fashion_mnist,0,0.1,0.0,1508,1508,0,0,0,1,5025,pca,embedding,0.6654793438561444,0.8026063075013705
manifold_group_noise_fashion_mnist,0,0.1,0.0,1509,1509,0,1,1,1,5048,pca,embedding,0.45814832192508825,0.2879306050734017
manifold_group_noise_fashion_mnist,0,0.1,0.0,1510,1510,1,1,0,1,5030,pca,embedding,-0.9284579928390012,0.07757571507984015
manifold_group_noise_fashion_mnist,0,0.1,0.0,1511,1511,1,1,0,1,5049,pca,embedding,0.8140468780818403,-0.5460638656521932
manifold_group_noise_fashion_mnist,0,0.1,0.0,1512,1512,1,1,0,1,5033,pca,embedding,0.12972042356306965,0.002901868205172085
manifold_group_noise_fashion_mnist,0,0.1,0.0,1513,1513,0,0,0,1,5023,pca,embedding,0.08894871272329877,0.29687828649896986
manifold_group_noise_fashion_mnist,0,0.1,0.0,1514,1514,0,0,0,1,5013,pca,embedding,-0.48221707949487047,0.23499579183289496
manifold_group_noise_fashion_mnist,0,0.1,0.0,1515,1515,1,1,0,1,5051,pca,embedding,-0.39162753579993237,-0.008920929729294489
manifold_group_noise_fashion_mnist,0,0.1,0.0,1516,1516,1,1,0,1,5040,pca,embedding,1.010490401489464,-0.34428141598952006
manifold_group_noise_fashion_mnist,0,0.1,0.0,1517,1517,1,1,0,1,5049,pca,embedding,0.7416494195256557,-0.49108031131810326
manifold_group_noise_fashion_mnist,0,0.1,0.0,1518,1518,1,1,0,1,5029,pca,embedding,0.10044696531092938,-0.3104970482314274
manifold_group_noise_fashion_mnist,0,0.1,0.0,1519,1519,0,0,0,1,5006,pca,embedding,0.6063230907164234,-0.47359999038684386
manifold_group_noise_fashion_mnist,0,0.1,0.0,1520,1520,0,0,0,1,5004,pca,embedding,0.8416626697009707,0.8112611384831543
manifold_group_noise_fashion_mnist,0,0.1,0.0,1521,1521,0,0,0,1,5024,pca,embedding,0.4633799315911309,0.9149703131486038
manifold_group_noise_fashion_mnist,0,0.1,0.0,1522,1522,0,0,0,1,5002,pca,embedding,-0.027086661852428567,0.5947311237740035
manifold_group_noise_fashion_mnist,0,0.1,0.0,1523,1523,1,1,0,1,5027,pca,embedding,-0.9685934961122299,0.10076108749373598
manifold_group_noise_fashion_mnist,0,0.1,0.0,1524,1524,0,0,0,1,5025,pca,embedding,0.8078637666020315,-0.1047305569563703
manifold_group_noise_fashion_mnist,0,0.1,0.0,1525,1525,0,0,0,1,5008,pca,embedding,-0.8611456162684513,0.10534178251913111
manifold_group_noise_fashion_mnist,0,0.1,0.0,1526,1526,1,1,0,1,5035,pca,embedding,-0.6682557621423971,-0.14345222393291596
manifold_group_noise_fashion_mnist,0,0.1,0.0,1527,1527,0,0,0,0,1527,pca,embedding,0.0760253822598669,-0.31496176120305175
manifold_group_noise_fashion_mnist,0,0.1,0.0,1528,1528,0,0,0,1,5021,pca,embedding,-0.3548751460417028,-0.36419014829667656
manifold_group_noise_fashion_mnist,0,0.1,0.0,1529,1529,1,1,0,0,1529,pca,embedding,0.6078948080284068,0.009283439511237583
manifold_group_noise_fashion_mnist,0,0.1,0.0,1530,1530,0,1,1,1,5034,pca,embedding,-0.2274209305196443,-0.5102599059686482
manifold_group_noise_fashion_mnist,0,0.1,0.0,1531,1531,0,0,0,1,5014,pca,embedding,0.7819002482367414,0.4216230558006338
manifold_group_noise_fashion_mnist,0,0.1,0.0,1532,1532,1,1,0,0,1532,pca,embedding,-0.34644256260852546,0.14255407979452012
manifold_group_noise_fashion_mnist,0,0.1,0.0,1533,1533,1,1,0,0,1533,pca,embedding,-0.8527263577332231,-0.09013942685673622
manifold_group_noise_fashion_mnist,0,0.1,0.0,1534,1534,0,0,0,1,5018,pca,embedding,-0.628037769619463,-0.032999878420948384
manifold_group_noise_fashion_mnist,0,0.1,0.0,1535,1535,1,0,1,1,5003,pca,embedding,-0.45260111738806086,-0.30851149255503846
manifold_group_noise_fashion_mnist,0,0.1,0.0,1536,1536,1,1,0,1,5050,pca,embedding,-0.9227669255029821,-0.004689255177931589
manifold_group_noise_fashion_mnist,0,0.1,0.0,1537,1537,1,1,0,1,5028,pca,embedding,-0.37137490070519363,-0.16509133732935938
manifold_group_noise_fashion_mnist,0,0.1,0.0,1538,1538,0,0,0,1,5014,pca,embedding,0.44780551161153503,0.8442172733287745
manifold_group_noise_fashion_mnist,0,0.1,0.0,1539,1539,1,1,0,1,5051,pca,embedding,-0.39162753579993237,-0.008920929729294489
manifold_group_noise_fashion_mnist,0,0.1,0.0,1540,1540,0,0,0,1,5004,pca,embedding,0.7235723359549333,-0.628179023815815
manifold_group_noise_fashion_mnist,0,0.1,0.0,1541,1541,1,1,0,1,5042,pca,embedding,-0.3274342993611934,-0.3768450906929204
manifold_group_noise_fashion_mnist,0,0.1,0.0,1542,1542,0,0,0,1,5006,pca,embedding,0.6063230907164234,-0.47359999038684386
manifold_group_noise_fashion_mnist,0,0.1,0.0,1543,1543,1,1,0,0,1543,pca,embedding,0.7545391710775643,0.5580181795226947
manifold_group_noise_fashion_mnist,0,0.1,0.0,1544,1544,0,0,0,1,5026,pca,embedding,1.0225594576788382,0.8460605465572696
manifold_group_noise_fashion_mnist,0,0.1,0.0,1545,1545,0,1,1,1,5034,pca,embedding,-0.2274209305196443,-0.5102599059686482
manifold_group_noise_fashion_mnist,0,0.1,0.0,1546,1546,1,1,0,1,5052,pca,embedding,0.24166128823937189,0.16699958181553737
manifold_group_noise_fashion_mnist,0,0.1,0.0,1547,1547,1,0,1,1,5003,pca,embedding,-0.4534752491324747,0.19615578172521544
manifold_group_noise_fashion_mnist,0,0.1,0.0,1548,1548,0,0,0,1,5005,pca,embedding,-0.41376265783204336,-0.34348446241723757
manifold_group_noise_fashion_mnist,0,0.1,0.0,1549,1549,0,0,0,1,5010,pca,embedding,-0.4171076529979296,0.41105790769585926
manifold_group_noise_fashion_mnist,0,0.1,0.0,1550,1550,0,0,0,1,5013,pca,embedding,-0.4288956031971049,0.16021457407107811
manifold_group_noise_fashion_mnist,0,0.1,0.0,1551,1551,1,1,0,0,1551,pca,embedding,-0.11888798775954623,-0.18165250950849202
manifold_group_noise_fashion_mnist,0,0.1,0.0,1552,1552,1,1,0,1,5028,pca,embedding,-0.37137490070519363,-0.16509133732935938
manifold_group_noise_fashion_mnist,0,0.1,0.0,1553,1553,0,0,0,0,1553,pca,embedding,0.5600772887612053,-0.04358168894212245
manifold_group_noise_fashion_mnist,0,0.1,0.0,1554,1554,0,0,0,1,5004,pca,embedding,0.9219538661470387,0.34727950573750493
manifold_group_noise_fashion_mnist,0,0.1,0.0,1555,1555,1,1,0,1,5043,pca,embedding,-0.9335713632624989,-0.026841221013887702
manifold_group_noise_fashion_mnist,0,0.1,0.0,1556,1556,0,0,0,1,5001,pca,embedding,0.08890557481938885,0.32247999927697274
manifold_group_noise_fashion_mnist,0,0.1,0.0,1557,1557,1,1,0,0,1557,pca,embedding,0.5986855209099464,0.6558697212703313
manifold_group_noise_fashion_mnist,0,0.1,0.0,1558,1558,0,0,0,1,5000,pca,embedding,-0.8482294791769429,-0.08288450113225698
manifold_group_noise_fashion_mnist,0,0.1,0.0,1559,1559,1,0,1,1,5003,pca,embedding,-0.42330939598468087,-0.07754103556021294
manifold_group_noise_fashion_mnist,0,0.1,0.0,1560,1560,1,1,0,1,5029,pca,embedding,-0.06120646705682106,0.5882067202608642
manifold_group_noise_fashion_mnist,0,0.1,0.0,1561,1561,0,0,0,1,5016,pca,embedding,-0.8606214056028432,-0.09417717477993456
manifold_group_noise_fashion_mnist,0,0.1,0.0,1562,1562,1,1,0,0,1562,pca,embedding,0.28318395574487465,-0.233786978971733
manifold_group_noise_fashion_mnist,0,0.1,0.0,1563,1563,0,0,0,0,1563,pca,embedding,1.0946006184217112,-0.28615320099234876
manifold_group_noise_fashion_mnist,0,0.1,0.0,1564,1564,1,1,0,1,5046,pca,embedding,0.6611969648830791,0.45570854457596516
manifold_group_noise_fashion_mnist,0,0.1,0.0,1565,1565,0,0,0,1,5008,pca,embedding,-0.8611456162684513,0.10534178251913111
manifold_group_noise_fashion_mnist,0,0.1,0.0,1566,1566,1,1,0,1,5032,pca,embedding,-0.026482430760021252,0.5206757877116667
manifold_group_noise_fashion_mnist,0,0.1,0.0,1567,1567,0,0,0,1,5004,pca,embedding,0.8416626697009707,0.8112611384831543
manifold_group_noise_fashion_mnist,0,0.1,0.0,1568,1568,1,1,0,1,5041,pca,embedding,0.6928153395855997,-0.3306144414103731
manifold_group_noise_fashion_mnist,0,0.1,0.0,1569,1569,1,1,0,0,1569,pca,embedding,0.5944564387597046,-0.11945556748552297
manifold_group_noise_fashion_mnist,0,0.1,0.0,1570,1570,1,1,0,1,5033,pca,embedding,-0.10442203587564625,-0.17973282596100293
manifold_group_noise_fashion_mnist,0,0.1,0.0,1571,1571,1,1,0,1,5036,pca,embedding,-0.3928291611564881,0.08707621812610297
manifold_group_noise_fashion_mnist,0,0.1,0.0,1572,1572,1,1,0,0,1572,pca,embedding,1.11954197331267,0.4879214123036195
manifold_group_noise_fashion_mnist,0,0.1,0.0,1573,1573,0,0,0,1,5015,pca,embedding,0.4898849566061579,-0.18716573424040156
manifold_group_noise_fashion_mnist,0,0.1,0.0,1574,1574,1,1,0,1,5032,pca,embedding,-0.026482430760021252,0.5206757877116667
manifold_group_noise_fashion_mnist,0,0.1,0.0,1575,1575,0,0,0,1,5019,pca,embedding,0.038538617116638155,-0.33054870802199343
manifold_group_noise_fashion_mnist,0,0.1,0.0,1576,1576,1,1,0,1,5030,pca,embedding,-0.9049921226092401,0.03200052111372305
manifold_group_noise_fashion_mnist,0,0.1,0.0,1577,1577,0,0,0,1,5005,pca,embedding,-0.41376265783204336,-0.34348446241723757
manifold_group_noise_fashion_mnist,0,0.1,0.0,1578,1578,0,0,0,1,5007,pca,embedding,0.7310746048500187,0.34303468162076894
manifold_group_noise_fashion_mnist,0,0.1,0.0,1579,1579,0,0,0,1,5016,pca,embedding,-0.8937822588494512,0.12556981205862594
manifold_group_noise_fashion_mnist,0,0.1,0.0,1580,1580,0,0,0,1,5022,pca,embedding,1.2137963850880586,0.030217761403640714
manifold_group_noise_fashion_mnist,0,0.1,0.0,1581,1581,0,0,0,1,5021,pca,embedding,-0.3548751460417028,-0.36419014829667656
manifold_group_noise_fashion_mnist,0,0.1,0.0,1582,1582,0,0,0,1,5005,pca,embedding,-0.41376265783204336,-0.34348446241723757
manifold_group_noise_fashion_mnist,0,0.1,0.0,1583,1583,0,0,0,1,5005,pca,embedding,-0.1930334396864428,-0.11883543919769458
manifold_group_noise_fashion_mnist,0,0.1,0.0,1584,1584,1,1,0,1,5029,pca,embedding,0.06445955262697403,0.4775789870447894
manifold_group_noise_fashion_mnist,0,0.1,0.0,1585,1585,1,1,0,1,5036,pca,embedding,-0.2763369883811938,-0.1922709193187338
manifold_group_noise_fashion_mnist,0,0.1,0.0,1586,1586,1,1,0,1,5045,pca,embedding,-0.02391215099255585,0.6742171915371686
manifold_group_noise_fashion_mnist,0,0.1,0.0,1587,1587,0,0,0,0,1587,pca,embedding,0.7182636631890276,-0.2968917596771188
manifold_group_noise_fashion_mnist,0,0.1,0.0,1588,1588,0,0,0,1,5002,pca,embedding,-0.08399927975891605,-0.5971379721574014
manifold_group_noise_fashion_mnist,0,0.1,0.0,1589,1589,1,1,0,1,5037,pca,embedding,-0.9371061195794866,-0.01734109524114106
manifold_group_noise_fashion_mnist,0,0.1,0.0,1590,1590,0,0,0,1,5023,pca,embedding,-0.11314242403099775,-0.5582749446079514
manifold_group_noise_fashion_mnist,0,0.1,0.0,1591,1591,1,1,0,1,5037,pca,embedding,-0.9285084875077186,0.12372176430027029
manifold_group_noise_fashion_mnist,0,0.1,0.0,1592,1592,1,1,0,1,5052,pca,embedding,0.13953769345436012,0.466012456906861
manifold_group_noise_fashion_mnist,0,0.1,0.0,1593,1593,1,1,0,1,5046,pca,embedding,0.7080288862353953,0.1664688050836326
manifold_group_noise_fashion_mnist,0,0.1,0.0,1594,1594,0,0,0,1,5013,pca,embedding,-0.48221707949487047,0.23499579183289496
manifold_group_noise_fashion_mnist,0,0.1,0.0,1595,1595,0,0,0,1,5017,pca,embedding,0.48016080422268403,0.6844474880844832
manifold_group_noise_fashion_mnist,0,0.1,0.0,1596,1596,1,1,0,1,5042,pca,embedding,-0.4127925976884213,-0.34339609285048933
manifold_group_noise_fashion_mnist,0,0.1,0.0,1597,1597,0,0,0,1,5022,pca,embedding,1.2148507964576958,-0.11253325295745925
manifold_group_noise_fashion_mnist,0,0.1,0.0,1598,1598,0,0,0,1,5025,pca,embedding,0.8298940028764206,-0.5294114681514656
manifold_group_noise_fashion_mnist,0,0.1,0.0,1599,1599,1,1,0,1,5042,pca,embedding,-0.20179748171251805,-0.2402258342572528
manifold_group_noise_fashion_mnist,0,0.1,0.0,1600,1600,1,1,0,1,5050,pca,embedding,-0.9633798164290678,0.06505589765052418
manifold_group_noise_fashion_mnist,0,0.1,0.0,1601,1601,0,1,1,1,5048,pca,embedding,0.5471550016107941,0.16849148301482936
manifold_group_noise_fashion_mnist,0,0.1,0.0,1602,1602,1,1,0,1,5046,pca,embedding,0.6611969648830791,0.45570854457596516
manifold_group_noise_fashion_mnist,0,0.1,0.0,1603,1603,1,1,0,1,5044,pca,embedding,-0.843661349265209,-0.0516507547640452
manifold_group_noise_fashion_mnist,0,0.1,0.0,1604,1604,0,0,0,1,5021,pca,embedding,-0.34935337459515076,0.4942954621587609
manifold_group_noise_fashion_mnist,0,0.1,0.0,1605,1605,0,0,0,1,5000,pca,embedding,-0.8808858228302126,-0.13124276441361393
manifold_group_noise_fashion_mnist,0,0.1,0.0,1606,1606,1,1,0,1,5050,pca,embedding,-0.9199423243694982,-0.0023904970327028457
manifold_group_noise_fashion_mnist,0,0.1,0.0,1607,1607,0,0,0,1,5009,pca,embedding,0.5100981380438481,0.8762758247061757
manifold_group_noise_fashion_mnist,0,0.1,0.0,1608,1608,0,0,0,1,5002,pca,embedding,0.10260216297295745,-0.06731487496185998
manifold_group_noise_fashion_mnist,0,0.1,0.0,1609,1609,0,0,0,0,1609,pca,embedding,0.8239441731681322,-0.06811161920634806
manifold_group_noise_fashion_mnist,0,0.1,0.0,1610,1610,0,0,0,1,5000,pca,embedding,-0.8482294791769429,-0.08288450113225698
manifold_group_noise_fashion_mnist,0,0.1,0.0,1611,1611,0,0,0,1,5023,pca,embedding,-0.20106258275528202,0.5873934191056738
manifold_group_noise_fashion_mnist,0,0.1,0.0,1612,1612,0,0,0,1,5012,pca,embedding,0.6764653825654878,-0.5692750560143283
manifold_group_noise_fashion_mnist,0,0.1,0.0,1613,1613,0,0,0,1,5022,pca,embedding,1.2148507964576958,-0.11253325295745925
manifold_group_noise_fashion_mnist,0,0.1,0.0,1614,1614,0,1,1,1,5034,pca,embedding,-0.2274209305196443,-0.5102599059686482
manifold_group_noise_fashion_mnist,0,0.1,0.0,1615,1615,1,1,0,1,5040,pca,embedding,0.7710910029352435,-0.5296789409059545
manifold_group_noise_fashion_mnist,0,0.1,0.0,1616,1616,1,1,0,1,5028,pca,embedding,-0.21210002490839894,0.3108050933699753
manifold_group_noise_fashion_mnist,0,0.1,0.0,1617,1617,1,1,0,1,5042,pca,embedding,-0.20179748171251805,-0.2402258342572528
manifold_group_noise_fashion_mnist,0,0.1,0.0,1618,1618,0,1,1,1,5048,pca,embedding,0.6069921774701434,0.2722664729588759
manifold_group_noise_fashion_mnist,0,0.1,0.0,1619,1619,1,1,0,1,5032,pca,embedding,0.07903633822753363,0.5866221099744201
manifold_group_noise_fashion_mnist,0,0.1,0.0,1620,1620,1,1,0,0,1620,pca,embedding,-0.4418570061570717,-0.008230631089411446
manifold_group_noise_fashion_mnist,0,0.1,0.0,1621,1621,1,1,0,1,5036,pca,embedding,-0.3517935060267099,0.07677842335645096
manifold_group_noise_fashion_mnist,0,0.1,0.0,1622,1622,0,0,0,1,5018,pca,embedding,-0.7068305076471434,-0.2727428370183327
manifold_group_noise_fashion_mnist,0,0.1,0.0,1623,1623,1,1,0,1,5032,pca,embedding,0.07903633822753363,0.5866221099744201
manifold_group_noise_fashion_mnist,0,0.1,0.0,1624,1624,1,1,0,1,5035,pca,embedding,-0.68284923201481,0.010838406478870036
manifold_group_noise_fashion_mnist,0,0.1,0.0,1625,1625,0,0,0,1,5022,pca,embedding,1.1436418246418478,0.001028193940393815
manifold_group_noise_fashion_mnist,0,0.1,0.0,1626,1626,1,1,0,1,5037,pca,embedding,-0.9580280240060483,0.08333890666241656
manifold_group_noise_fashion_mnist,0,0.1,0.0,1627,1627,0,0,0,1,5026,pca,embedding,0.9903016690799857,-0.6452619903771234
manifold_group_noise_fashion_mnist,0,0.1,0.0,1628,1628,1,1,0,1,5037,pca,embedding,-0.9371061195794866,-0.01734109524114106
manifold_group_noise_fashion_mnist,0,0.1,0.0,1629,1629,0,0,0,1,5015,pca,embedding,0.41817208418568963,0.06183055342217502
manifold_group_noise_fashion_mnist,0,0.1,0.0,1630,1630,0,0,0,0,1630,pca,embedding,0.08877489536839779,-0.31070926420342626
manifold_group_noise_fashion_mnist,0,0.1,0.0,1631,1631,0,0,0,1,5006,pca,embedding,0.753623406144043,-0.05687388166894217
manifold_group_noise_fashion_mnist,0,0.1,0.0,1632,1632,0,0,0,1,5013,pca,embedding,-0.32854595670834297,-0.27505311412747724
manifold_group_noise_fashion_mnist,0,0.1,0.0,1633,1633,0,0,0,1,5008,pca,embedding,-0.8611456162684513,0.10534178251913111
manifold_group_noise_fashion_mnist,0,0.1,0.0,1634,1634,1,1,0,1,5033,pca,embedding,-0.10442203587564625,-0.17973282596100293
manifold_group_noise_fashion_mnist,0,0.1,0.0,1635,1635,0,0,0,1,5005,pca,embedding,-0.31172248458921004,-0.28757371885534044
manifold_group_noise_fashion_mnist,0,0.1,0.0,1636,1636,0,0,0,1,5025,pca,embedding,0.8078637666020315,-0.1047305569563703
manifold_group_noise_fashion_mnist,0,0.1,0.0,1637,1637,0,0,0,1,5008,pca,embedding,-0.8787720486196546,-0.17554273541660886
manifold_group_noise_fashion_mnist,0,0.1,0.0,1638,1638,1,1,0,1,5029,pca,embedding,0.0722772733302749,0.22408685556570984
manifold_group_noise_fashion_mnist,0,0.1,0.0,1639,1639,1,1,0,1,5041,pca,embedding,0.7425797977958124,0.47666419553084505
manifold_group_noise_fashion_mnist,0,0.1,0.0,1640,1640,0,0,0,1,5009,pca,embedding,0.7220183631623046,0.3871762473870877
manifold_group_noise_fashion_mnist,0,0.1,0.0,1641,1641,1,1,0,0,1641,pca,embedding,0.8788440117220644,0.05578473460767671
manifold_group_noise_fashion_mnist,0,0.1,0.0,1642,1642,0,0,0,1,5010,pca,embedding,-0.4903285583870929,0.4944814202078548
manifold_group_noise_fashion_mnist,0,0.1,0.0,1643,1643,1,1,0,1,5035,pca,embedding,-0.7110994239335984,0.02824033056783752
manifold_group_noise_fashion_mnist,0,0.1,0.0,1644,1644,0,1,1,1,5034,pca,embedding,-0.393971098046068,0.4893077959280767
manifold_group_noise_fashion_mnist,0,0.1,0.0,1645,1645,1,1,0,1,5036,pca,embedding,-0.2865524427678605,-0.06377224014922256
manifold_group_noise_fashion_mnist,0,0.1,0.0,1646,1646,0,0,0,1,5025,pca,embedding,0.6033392428350896,-0.8492018816884397
manifold_group_noise_fashion_mnist,0,0.1,0.0,1647,1647,1,1,0,1,5028,pca,embedding,-0.37137490070519363,-0.16509133732935938
manifold_group_noise_fashion_mnist,0,0.1,0.0,1648,1648,1,1,0,1,5043,pca,embedding,-0.9335713632624989,-0.026841221013887702
manifold_group_noise_fashion_mnist,0,0.1,0.0,1649,1649,1,1,0,1,5037,pca,embedding,-0.9451498309908064,-0.0020105851249592674
manifold_group_noise_fashion_mnist,0,0.1,0.0,1650,1650,1,1,0,1,5028,pca,embedding,-0.41378062845790997,-0.14498488237981014
manifold_group_noise_fashion_mnist,0,0.1,0.0,1651,1651,1,1,0,1,5035,pca,embedding,-0.6682557621423971,-0.14345222393291596
manifold_group_noise_fashion_mnist,0,0.1,0.0,1652,1652,0,0,0,1,5001,pca,embedding,0.17009828504650287,-0.012868812304621988
manifold_group_noise_fashion_mnist,0,0.1,0.0,1653,1653,1,1,0,1,5028,pca,embedding,-0.41378062845790997,-0.14498488237981014
manifold_group_noise_fashion_mnist,0,0.1,0.0,1654,1654,0,0,0,1,5009,pca,embedding,0.7612628193363489,0.8261680917798548
manifold_group_noise_fashion_mnist,0,0.1,0.0,1655,1655,1,1,0,1,5033,pca,embedding,-0.05403442256539707,0.022221309570141585
manifold_group_noise_fashion_mnist,0,0.1,0.0,1656,1656,0,0,0,1,5007,pca,embedding,0.7753182144887703,-0.09166460691757014
manifold_group_noise_fashion_mnist,0,0.1,0.0,1657,1657,1,1,0,1,5029,pca,embedding,-0.06120646705682106,0.5882067202608642
manifold_group_noise_fashion_mnist,0,0.1,0.0,1658,1658,1,1,0,1,5049,pca,embedding,0.8013860091867506,0.7124685585932671
manifold_group_noise_fashion_mnist,0,0.1,0.0,1659,1659,1,1,0,1,5027,pca,embedding,-0.9685934961122299,0.10076108749373598
manifold_group_noise_fashion_mnist,0,0.1,0.0,1660,1660,0,0,0,1,5016,pca,embedding,-0.9062401057566959,0.2058163201570994
manifold_group_noise_fashion_mnist,0,0.1,0.0,1661,1661,0,0,0,1,5001,pca,embedding,-0.20983110005793337,0.5494393825818871
manifold_group_noise_fashion_mnist,0,0.1,0.0,1662,1662,1,0,1,1,5003,pca,embedding,-0.42330939598468087,-0.07754103556021294
manifold_group_noise_fashion_mnist,0,0.1,0.0,1663,1663,1,1,0,1,5035,pca,embedding,-0.6667900596372172,-0.05734931063364601
manifold_group_noise_fashion_mnist,0,0.1,0.0,1664,1664,0,0,0,0,1664,pca,embedding,0.8812776117170456,0.05321397289040604
manifold_group_noise_fashion_mnist,0,0.1,0.0,1665,1665,1,1,0,1,5045,pca,embedding,0.22191780289333735,-0.4205254538192652
manifold_group_noise_fashion_mnist,0,0.1,0.0,1666,1666,1,1,0,1,5051,pca,embedding,-0.36715083038110413,0.15627672360715802
manifold_group_noise_fashion_mnist,0,0.1,0.0,1667,1667,1,1,0,1,5029,pca,embedding,-0.15465427874560161,-0.46454119769857777
manifold_group_noise_fashion_mnist,0,0.1,0.0,1668,1668,0,0,0,1,5020,pca,embedding,-0.9372990611320376,-0.06982800216070881
manifold_group_noise_fashion_mnist,0,0.1,0.0,1669,1669,1,1,0,1,5035,pca,embedding,-0.7520089470711595,0.08969918393342756
manifold_group_noise_fashion_mnist,0,0.1,0.0,1670,1670,0,0,0,1,5005,pca,embedding,-0.41376265783204336,-0.34348446241723757
manifold_group_noise_fashion_mnist,0,0.1,0.0,1671,1671,1,1,0,1,5036,pca,embedding,-0.3517935060267099,0.07677842335645096
manifold_group_noise_fashion_mnist,0,0.1,0.0,1672,1672,0,0,0,1,5026,pca,embedding,1.0993043753482634,0.445419991227088
manifold_group_noise_fashion_mnist,0,0.1,0.0,1673,1673,1,1,0,1,5027,pca,embedding,-0.9378203574655817,0.08209387291724515
manifold_group_noise_fashion_mnist,0,0.1,0.0,1674,1674,0,0,0,1,5021,pca,embedding,-0.3548751460417028,-0.36419014829667656
manifold_group_noise_fashion_mnist,0,0.1,0.0,1675,1675,0,0,0,1,5007,pca,embedding,0.7424930847879689,-0.6242781687632878
manifold_group_noise_fashion_mnist,0,0.1,0.0,1676,1676,0,0,0,1,5012,pca,embedding,0.7847317098698449,0.010272125437471302
manifold_group_noise_fashion_mnist,0,0.1,0.0,1677,1677,0,0,0,1,5010,pca,embedding,-0.5618842969960751,-0.35176691039001934
manifold_group_noise_fashion_mnist,0,0.1,0.0,1678,1678,0,0,0,1,5002,pca,embedding,-0.027086661852428567,0.5947311237740035
manifold_group_noise_fashion_mnist,0,0.1,0.0,1679,1679,1,1,0,1,5031,pca,embedding,-0.9162004028370493,0.13716690244661567
manifold_group_noise_fashion_mnist,0,0.1,0.0,1680,1680,0,0,0,1,5022,pca,embedding,1.195573168278564,-0.07403296293749109
manifold_group_noise_fashion_mnist,0,0.1,0.0,1681,1681,1,0,1,1,5003,pca,embedding,-0.42330939598468087,-0.07754103556021294
manifold_group_noise_fashion_mnist,0,0.1,0.0,1682,1682,1,1,0,1,5039,pca,embedding,0.5094749282186216,0.06967932054091527
manifold_group_noise_fashion_mnist,0,0.1,0.0,1683,1683,1,1,0,1,5046,pca,embedding,0.6611969648830791,0.45570854457596516
manifold_group_noise_fashion_mnist,0,0.1,0.0,1684,1684,0,0,0,1,5019,pca,embedding,0.038538617116638155,-0.33054870802199343
manifold_group_noise_fashion_mnist,0,0.1,0.0,1685,1685,1,1,0,1,5035,pca,embedding,-0.7520089470711595,0.08969918393342756
manifold_group_noise_fashion_mnist,0,0.1,0.0,1686,1686,0,0,0,1,5014,pca,embedding,0.7678978237283995,-0.11035586652796843
manifold_group_noise_fashion_mnist,0,0.1,0.0,1687,1687,0,0,0,1,5001,pca,embedding,-0.006692417704869048,0.5592152905925705
manifold_group_noise_fashion_mnist,0,0.1,0.0,1688,1688,0,0,0,1,5024,pca,embedding,0.40392033062496324,-0.8104792730580821
manifold_group_noise_fashion_mnist,0,0.1,0.0,1689,1689,0,0,0,1,5013,pca,embedding,-0.4288956031971049,0.16021457407107811
manifold_group_noise_fashion_mnist,0,0.1,0.0,1690,1690,0,0,0,1,5015,pca,embedding,0.5115265429225028,0.09275834031386163
manifold_group_noise_fashion_mnist,0,0.1,0.0,1691,1691,0,0,0,1,5012,pca,embedding,0.6764653825654878,-0.5692750560143283
manifold_group_noise_fashion_mnist,0,0.1,0.0,1692,1692,0,0,0,1,5019,pca,embedding,-0.00446671967501503,-0.5229068986423999
manifold_group_noise_fashion_mnist,0,0.1,0.0,1693,1693,1,1,0,1,5042,pca,embedding,-0.1290109957551854,0.03602628050692855
manifold_group_noise_fashion_mnist,0,0.1,0.0,1694,1694,1,1,0,1,5049,pca,embedding,0.8636405905890938,0.22621678203325513
manifold_group_noise_fashion_mnist,0,0.1,0.0,1695,1695,0,0,0,1,5013,pca,embedding,-0.30969708508752203,-0.34292603160147755
manifold_group_noise_fashion_mnist,0,0.1,0.0,1696,1696,1,1,0,1,5050,pca,embedding,-0.9450620608695206,0.04936724501994212
manifold_group_noise_fashion_mnist,0,0.1,0.0,1697,1697,0,0,0,1,5002,pca,embedding,0.020361518541574405,0.3328756841735916
manifold_group_noise_fashion_mnist,0,0.1,0.0,1698,1698,1,1,0,1,5051,pca,embedding,-0.282598653783137,0.13936205886702524
manifold_group_noise_fashion_mnist,0,0.1,0.0,1699,1699,1,1,0,1,5030,pca,embedding,-0.8986246886737785,-0.05614817685687334
manifold_group_noise_fashion_mnist,0,0.1,0.0,1700,1700,0,0,0,1,5010,pca,embedding,-0.40504166856836465,-0.33309503943000657
manifold_group_noise_fashion_mnist,0,0.1,0.0,1701,1701,1,1,0,1,5042,pca,embedding,-0.20179748171251805,-0.2402258342572528
manifold_group_noise_fashion_mnist,0,0.1,0.0,1702,1702,1,1,0,1,5051,pca,embedding,-0.3582218048331888,0.03483277977141487
manifold_group_noise_fashion_mnist,0,0.1,0.0,1703,1703,1,0,1,1,5011,pca,embedding,0.7901097615757326,0.8180809241983882
manifold_group_noise_fashion_mnist,0,0.1,0.0,1704,1704,1,1,0,1,5035,pca,embedding,-0.7520089470711595,0.08969918393342756
manifold_group_noise_fashion_mnist,0,0.1,0.0,1705,1705,1,1,0,0,1705,pca,embedding,0.20500378637869726,0.21058496765650253
manifold_group_noise_fashion_mnist,0,0.1,0.0,1706,1706,1,1,0,1,5029,pca,embedding,0.24045051802004092,0.05136327467345356
manifold_group_noise_fashion_mnist,0,0.1,0.0,1707,1707,0,0,0,1,5019,pca,embedding,0.1795322050985486,0.35000335771312635
manifold_group_noise_fashion_mnist,0,0.1,0.0,1708,1708,0,0,0,0,1708,pca,embedding,0.337441128218282,0.10129494869550079
manifold_group_noise_fashion_mnist,0,0.1,0.0,1709,1709,0,0,0,1,5002,pca,embedding,-0.2117470560556912,0.547480833510315
manifold_group_noise_fashion_mnist,0,0.1,0.0,1710,1710,0,0,0,1,5024,pca,embedding,0.6919665191723983,0.44595596884533295
manifold_group_noise_fashion_mnist,0,0.1,0.0,1711,1711,0,0,0,0,1711,pca,embedding,0.4015259753511688,-0.29786186928156055
manifold_group_noise_fashion_mnist,0,0.1,0.0,1712,1712,0,0,0,1,5014,pca,embedding,0.44780551161153503,0.8442172733287745
manifold_group_noise_fashion_mnist,0,0.1,0.0,1713,1713,0,0,0,1,5022,pca,embedding,1.2137963850880586,0.030217761403640714
manifold_group_noise_fashion_mnist,0,0.1,0.0,1714,1714,1,0,1,1,5003,pca,embedding,-0.6482112326481815,-0.2923616972993318
manifold_group_noise_fashion_mnist,0,0.1,0.0,1715,1715,0,0,0,1,5024,pca,embedding,0.6424016200090048,0.8677764177210021
manifold_group_noise_fashion_mnist,0,0.1,0.0,1716,1716,0,0,0,1,5017,pca,embedding,0.5623923821775677,0.39259854104581515
manifold_group_noise_fashion_mnist,0,0.1,0.0,1717,1717,0,0,0,1,5013,pca,embedding,-0.4894679235005871,0.34177367084038907
manifold_group_noise_fashion_mnist,0,0.1,0.0,1718,1718,1,1,0,1,5041,pca,embedding,0.6401006936712017,0.4787203369457484
manifold_group_noise_fashion_mnist,0,0.1,0.0,1719,1719,1,1,0,1,5033,pca,embedding,0.15620570956709592,-0.15650027766882196
manifold_group_noise_fashion_mnist,0,0.1,0.0,1720,1720,1,0,1,1,5011,pca,embedding,1.0836504441979908,0.31989076687589235
manifold_group_noise_fashion_mnist,0,0.1,0.0,1721,1721,1,1,0,1,5036,pca,embedding,-0.31641481232626334,-0.058466435324013265
manifold_group_noise_fashion_mnist,0,0.1,0.0,1722,1722,1,1,0,0,1722,pca,embedding,-0.8625979141665755,-0.0026065343748189543
manifold_group_noise_fashion_mnist,0,0.1,0.0,1723,1723,0,0,0,1,5024,pca,embedding,0.4633799315911309,0.9149703131486038
manifold_group_noise_fashion_mnist,0,0.1,0.0,1724,1724,1,1,0,1,5032,pca,embedding,0.07903633822753363,0.5866221099744201
manifold_group_noise_fashion_mnist,0,0.1,0.0,1725,1725,0,0,0,1,5019,pca,embedding,-0.1695984444273197,-0.513917645708105
manifold_group_noise_fashion_mnist,0,0.1,0.0,1726,1726,0,0,0,0,1726,pca,embedding,0.11099941150112795,-0.21260933953820088
manifold_group_noise_fashion_mnist,0,0.1,0.0,1727,1727,0,0,0,1,5002,pca,embedding,0.10260216297295745,-0.06731487496185998
manifold_group_noise_fashion_mnist,0,0.1,0.0,1728,1728,0,0,0,1,5009,pca,embedding,0.6887897534495993,-0.1574445054400693
manifold_group_noise_fashion_mnist,0,0.1,0.0,1729,1729,1,1,0,1,5053,pca,embedding,-0.7317446023902112,-0.049205188001385645
manifold_group_noise_fashion_mnist,0,0.1,0.0,1730,1730,0,0,0,1,5005,pca,embedding,-0.31172248458921004,-0.28757371885534044
manifold_group_noise_fashion_mnist,0,0.1,0.0,1731,1731,1,1,0,1,5047,pca,embedding,0.5772055870297185,0.6279212279952442
manifold_group_noise_fashion_mnist,0,0.1,0.0,1732,1732,0,1,1,1,5034,pca,embedding,-0.2274209305196443,-0.5102599059686482
manifold_group_noise_fashion_mnist,0,0.1,0.0,1733,1733,1,1,0,1,5053,pca,embedding,-0.7459396403059407,-0.10839806969662172
manifold_group_noise_fashion_mnist,0,0.1,0.0,1734,1734,1,1,0,1,5033,pca,embedding,-0.06084142911395611,-0.14510503928318708
manifold_group_noise_fashion_mnist,0,0.1,0.0,1735,1735,0,0,0,1,5005,pca,embedding,-0.1930334396864428,-0.11883543919769458
manifold_group_noise_fashion_mnist,0,0.1,0.0,1736,1736,0,0,0,1,5023,pca,embedding,0.0841863221523352,-0.05160719290648352
manifold_group_noise_fashion_mnist,0,0.1,0.0,1737,1737,1,1,0,1,5049,pca,embedding,0.7416494195256557,-0.49108031131810326
manifold_group_noise_fashion_mnist,0,0.1,0.0,1738,1738,1,1,0,0,1738,pca,embedding,-0.10184280964056067,-0.27290471041024084
manifold_group_noise_fashion_mnist,0,0.1,0.0,1739,1739,1,1,0,1,5046,pca,embedding,0.5884248806326429,-0.39782166967708305
manifold_group_noise_fashion_mnist,0,0.1,0.0,1740,1740,0,0,0,1,5013,pca,embedding,-0.32854595670834297,-0.27505311412747724
manifold_group_noise_fashion_mnist,0,0.1,0.0,1741,1741,1,1,0,0,1741,pca,embedding,0.14480019912090825,0.1118082991786739
manifold_group_noise_fashion_mnist,0,0.1,0.0,1742,1742,0,1,1,1,5048,pca,embedding,0.49290124574368605,-0.3244601094463664
manifold_group_noise_fashion_mnist,0,0.1,0.0,1743,1743,1,1,0,1,5046,pca,embedding,0.8803425289112288,0.34289152502813963
manifold_group_noise_fashion_mnist,0,0.1,0.0,1744,1744,0,0,0,1,5016,pca,embedding,-0.8509677633996975,-0.01540338210347917
manifold_group_noise_fashion_mnist,0,0.1,0.0,1745,1745,0,0,0,1,5013,pca,embedding,-0.48221707949487047,0.23499579183289496
manifold_group_noise_fashion_mnist,0,0.1,0.0,1746,1746,1,1,0,1,5047,pca,embedding,0.5772055870297185,0.6279212279952442
manifold_group_noise_fashion_mnist,0,0.1,0.0,1747,1747,1,1,0,1,5033,pca,embedding,-0.10442203587564625,-0.17973282596100293
manifold_group_noise_fashion_mnist,0,0.1,0.0,1748,1748,0,0,0,1,5012,pca,embedding,0.5957482406484725,0.43171252958647444
manifold_group_noise_fashion_mnist,0,0.1,0.0,1749,1749,0,1,1,1,5038,pca,embedding,-0.39527775564227846,0.23896868729206078
manifold_group_noise_fashion_mnist,0,0.1,0.0,1750,1750,0,0,0,1,5008,pca,embedding,-0.8422844831377656,-0.026917451171166635
manifold_group_noise_fashion_mnist,0,0.1,0.0,1751,1751,1,1,0,1,5035,pca,embedding,-0.7110994239335984,0.02824033056783752
manifold_group_noise_fashion_mnist,0,0.1,0.0,1752,1752,0,0,0,1,5006,pca,embedding,0.6410339257040708,0.4604676149854941
manifold_group_noise_fashion_mnist,0,0.1,0.0,1753,1753,1,1,0,1,5046,pca,embedding,0.7080288862353953,0.1664688050836326
manifold_group_noise_fashion_mnist,0,0.1,0.0,1754,1754,0,0,0,1,5022,pca,embedding,1.176228055621214,-0.04947752053331311
manifold_group_noise_fashion_mnist,0,0.1,0.0,1755,1755,0,0,0,1,5007,pca,embedding,0.7424930847879689,-0.6242781687632878
manifold_group_noise_fashion_mnist,0,0.1,0.0,1756,1756,1,1,0,1,5049,pca,embedding,0.8636405905890938,0.22621678203325513
manifold_group_noise_fashion_mnist,0,0.1,0.0,1757,1757,1,1,0,1,5046,pca,embedding,0.7080288862353953,0.1664688050836326
manifold_group_noise_fashion_mnist,0,0.1,0.0,1758,1758,1,0,1,1,5003,pca,embedding,-0.42330939598468087,-0.07754103556021294
manifold_group_noise_fashion_mnist,0,0.1,0.0,1759,1759,0,0,0,1,5021,pca,embedding,-0.3548751460417028,-0.36419014829667656
manifold_group_noise_fashion_mnist,0,0.1,0.0,1760,1760,1,1,0,1,5052,pca,embedding,0.10914625155416985,-0.30537753538901524
manifold_group_noise_fashion_mnist,0,0.1,0.0,1761,1761,0,0,0,1,5024,pca,embedding,0.68897939186363,-0.09619933344275569
manifold_group_noise_fashion_mnist,0,0.1,0.0,1762,1762,1,0,1,1,5011,pca,embedding,0.7901097615757326,0.8180809241983882
manifold_group_noise_fashion_mnist,0,0.1,0.0,1763,1763,0,0,0,1,5020,pca,embedding,-0.9182058410981022,-0.031224669123850524
manifold_group_noise_fashion_mnist,0,0.1,0.0,1764,1764,1,1,0,1,5031,pca,embedding,-0.8982236713284689,-0.07541557230163486
manifold_group_noise_fashion_mnist,0,0.1,0.0,1765,1765,1,1,0,1,5031,pca,embedding,-0.9394879222205126,0.05044014306079159
manifold_group_noise_fashion_mnist,0,0.1,0.0,1766,1766,1,1,0,1,5037,pca,embedding,-0.8867008868951165,-0.061050064521465754
manifold_group_noise_fashion_mnist,0,0.1,0.0,1767,1767,1,1,0,1,5029,pca,embedding,0.10044696531092938,-0.3104970482314274
manifold_group_noise_fashion_mnist,0,0.1,0.0,1768,1768,1,1,0,1,5046,pca,embedding,0.6953800120830995,0.16340664424745815
manifold_group_noise_fashion_mnist,0,0.1,0.0,1769,1769,0,1,1,1,5034,pca,embedding,-0.29932229024069257,-0.31215301073798424
manifold_group_noise_fashion_mnist,0,0.1,0.0,1770,1770,0,0,0,1,5020,pca,embedding,-0.9410983793121367,0.06979016203590949
manifold_group_noise_fashion_mnist,0,0.1,0.0,1771,1771,0,1,1,1,5038,pca,embedding,-0.4865390272742224,0.22012354869258674
manifold_group_noise_fashion_mnist,0,0.1,0.0,1772,1772,0,0,0,0,1772,pca,embedding,0.5589485332332803,0.2217366087817525
manifold_group_noise_fashion_mnist,0,0.1,0.0,1773,1773,0,0,0,0,1773,pca,embedding,-0.8698201298493267,0.06948853320113607
manifold_group_noise_fashion_mnist,0,0.1,0.0,1774,1774,0,0,0,1,5009,pca,embedding,0.418249532758294,-0.7713567459895078
manifold_group_noise_fashion_mnist,0,0.1,0.0,1775,1775,0,1,1,1,5034,pca,embedding,-0.27399720464263666,0.29297613007392975
manifold_group_noise_fashion_mnist,0,0.1,0.0,1776,1776,1,1,0,1,5036,pca,embedding,-0.2763369883811938,-0.1922709193187338
manifold_group_noise_fashion_mnist,0,0.1,0.0,1777,1777,1,1,0,1,5042,pca,embedding,-0.16787641680515858,0.1919524931848898
manifold_group_noise_fashion_mnist,0,0.1,0.0,1778,1778,1,0,1,1,5011,pca,embedding,0.8725942892345719,-0.40664673495461934
manifold_group_noise_fashion_mnist,0,0.1,0.0,1779,1779,1,1,0,1,5043,pca,embedding,-0.9211316397429528,-0.06569601781009227
manifold_group_noise_fashion_mnist,0,0.1,0.0,1780,1780,0,0,0,1,5014,pca,embedding,0.7819002482367414,0.4216230558006338
manifold_group_noise_fashion_mnist,0,0.1,0.0,1781,1781,0,0,0,0,1781,pca,embedding,-0.7871100001976481,-0.03170680538035591
manifold_group_noise_fashion_mnist,0,0.1,0.0,1782,1782,0,0,0,1,5018,pca,embedding,-0.7854139328809032,0.2810225365619762
manifold_group_noise_fashion_mnist,0,0.1,0.0,1783,1783,0,0,0,1,5009,pca,embedding,0.7612628193363489,0.8261680917798548
manifold_group_noise_fashion_mnist,0,0.1,0.0,1784,1784,0,0,0,1,5017,pca,embedding,0.30317910252544156,0.7966628010204916
manifold_group_noise_fashion_mnist,0,0.1,0.0,1785,1785,0,0,0,1,5026,pca,embedding,0.8643189313791584,-0.8625811275119452
manifold_group_noise_fashion_mnist,0,0.1,0.0,1786,1786,0,0,0,1,5024,pca,embedding,0.40392033062496324,-0.8104792730580821
manifold_group_noise_fashion_mnist,0,0.1,0.0,1787,1787,1,1,0,1,5043,pca,embedding,-0.9276277355735963,0.05898613183590304
manifold_group_noise_fashion_mnist,0,0.1,0.0,1788,1788,1,1,0,1,5035,pca,embedding,-0.68284923201481,0.010838406478870036
manifold_group_noise_fashion_mnist,0,0.1,0.0,1789,1789,1,1,0,1,5029,pca,embedding,0.10044696531092938,-0.3104970482314274
manifold_group_noise_fashion_mnist,0,0.1,0.0,1790,1790,0,0,0,1,5016,pca,embedding,-0.9152972115685095,-0.11755398196829882
manifold_group_noise_fashion_mnist,0,0.1,0.0,1791,1791,0,0,0,1,5018,pca,embedding,-0.7854139328809032,0.2810225365619762
manifold_group_noise_fashion_mnist,0,0.1,0.0,1792,1792,0,0,0,1,5009,pca,embedding,0.6127583133987617,-0.6612610834316213
manifold_group_noise_fashion_mnist,0,0.1,0.0,1793,1793,1,1,0,1,5052,pca,embedding,0.13953769345436012,0.466012456906861
manifold_group_noise_fashion_mnist,0,0.1,0.0,1794,1794,0,0,0,1,5005,pca,embedding,-0.2437376986905045,0.2533061168150995
manifold_group_noise_fashion_mnist,0,0.1,0.0,1795,1795,1,1,0,1,5045,pca,embedding,0.17877850047817162,0.5653329789285274
manifold_group_noise_fashion_mnist,0,0.1,0.0,1796,1796,0,0,0,1,5005,pca,embedding,-0.2437376986905045,0.2533061168150995
manifold_group_noise_fashion_mnist,0,0.1,0.0,1797,1797,0,1,1,1,5038,pca,embedding,-0.39527775564227846,0.23896868729206078
manifold_group_noise_fashion_mnist,0,0.1,0.0,1798,1798,0,0,0,1,5008,pca,embedding,-0.8611456162684513,0.10534178251913111
manifold_group_noise_fashion_mnist,0,0.1,0.0,1799,1799,1,1,0,1,5040,pca,embedding,1.010490401489464,-0.34428141598952006
manifold_group_noise_fashion_mnist,0,0.1,0.0,1800,1800,0,0,0,1,5009,pca,embedding,0.6887897534495993,-0.1574445054400693
manifold_group_noise_fashion_mnist,0,0.1,0.0,1801,1801,1,1,0,1,5029,pca,embedding,0.0722772733302749,0.22408685556570984
manifold_group_noise_fashion_mnist,0,0.1,0.0,1802,1802,0,1,1,1,5034,pca,embedding,-0.2274209305196443,-0.5102599059686482
manifold_group_noise_fashion_mnist,0,0.1,0.0,1803,1803,1,1,0,1,5029,pca,embedding,0.10044696531092938,-0.3104970482314274
manifold_group_noise_fashion_mnist,0,0.1,0.0,1804,1804,1,1,0,1,5028,pca,embedding,-0.32799201527401,0.2988263243030795
manifold_group_noise_fashion_mnist,0,0.1,0.0,1805,1805,0,0,0,0,1805,pca,embedding,-0.7745130172841697,-0.0477587552878813
manifold_group_noise_fashion_mnist,0,0.1,0.0,1806,1806,1,1,0,1,5049,pca,embedding,0.7416494195256557,-0.49108031131810326
manifold_group_noise_fashion_mnist,0,0.1,0.0,1807,1807,1,1,0,1,5042,pca,embedding,-0.3274342993611934,-0.3768450906929204
manifold_group_noise_fashion_mnist,0,0.1,0.0,1808,1808,1,1,0,1,5037,pca,embedding,-0.9580280240060483,0.08333890666241656
manifold_group_noise_fashion_mnist,0,0.1,0.0,1809,1809,0,0,0,1,5001,pca,embedding,0.08890557481938885,0.32247999927697274
manifold_group_noise_fashion_mnist,0,0.1,0.0,1810,1810,1,1,0,1,5044,pca,embedding,-0.843661349265209,-0.0516507547640452
manifold_group_noise_fashion_mnist,0,0.1,0.0,1811,1811,0,0,0,1,5022,pca,embedding,1.2137963850880586,0.030217761403640714
manifold_group_noise_fashion_mnist,0,0.1,0.0,1812,1812,1,1,0,1,5039,pca,embedding,0.48517537800047467,0.2669129748777002
manifold_group_noise_fashion_mnist,0,0.1,0.0,1813,1813,0,0,0,1,5022,pca,embedding,1.1436418246418478,0.001028193940393815
manifold_group_noise_fashion_mnist,0,0.1,0.0,1814,1814,0,0,0,1,5004,pca,embedding,0.5031657196145208,-0.6484550723510426
manifold_group_noise_fashion_mnist,0,0.1,0.0,1815,1815,0,0,0,1,5015,pca,embedding,0.48973980449766374,-0.31214604955977876
manifold_group_noise_fashion_mnist,0,0.1,0.0,1816,1816,1,1,0,1,5045,pca,embedding,0.16414651987827136,0.42042255899252234
manifold_group_noise_fashion_mnist,0,0.1,0.0,1817,1817,1,1,0,0,1817,pca,embedding,0.5553365480623004,0.005374738450987113
manifold_group_noise_fashion_mnist,0,0.1,0.0,1818,1818,1,1,0,1,5036,pca,embedding,-0.2865524427678605,-0.06377224014922256
manifold_group_noise_fashion_mnist,0,0.1,0.0,1819,1819,1,1,0,1,5028,pca,embedding,-0.37137490070519363,-0.16509133732935938
manifold_group_noise_fashion_mnist,0,0.1,0.0,1820,1820,0,0,0,1,5001,pca,embedding,-0.006692417704869048,0.5592152905925705
manifold_group_noise_fashion_mnist,0,0.1,0.0,1821,1821,0,0,0,1,5013,pca,embedding,-0.36582371945831244,-0.22296090438783756
manifold_group_noise_fashion_mnist,0,0.1,0.0,1822,1822,1,1,0,0,1822,pca,embedding,0.32205714204558095,0.4680136655464377
manifold_group_noise_fashion_mnist,0,0.1,0.0,1823,1823,0,0,0,1,5016,pca,embedding,-0.9152972115685095,-0.11755398196829882
manifold_group_noise_fashion_mnist,0,0.1,0.0,1824,1824,0,0,0,1,5020,pca,embedding,-0.9053120704472428,0.11838192333920014
manifold_group_noise_fashion_mnist,0,0.1,0.0,1825,1825,1,1,0,1,5033,pca,embedding,0.12972042356306965,0.002901868205172085
manifold_group_noise_fashion_mnist,0,0.1,0.0,1826,1826,0,0,0,1,5021,pca,embedding,-0.24725796788521498,-0.02935434662717168
manifold_group_noise_fashion_mnist,0,0.1,0.0,1827,1827,1,1,0,0,1827,pca,embedding,1.054792739475059,-0.5909348194257562
manifold_group_noise_fashion_mnist,0,0.1,0.0,1828,1828,0,0,0,1,5016,pca,embedding,-0.8613599284232585,0.09269489457856302
manifold_group_noise_fashion_mnist,0,0.1,0.0,1829,1829,1,1,0,1,5033,pca,embedding,0.12972042356306965,0.002901868205172085
manifold_group_noise_fashion_mnist,0,0.1,0.0,1830,1830,1,1,0,1,5043,pca,embedding,-0.9211316397429528,-0.06569601781009227
manifold_group_noise_fashion_mnist,0,0.1,0.0,1831,1831,1,1,0,1,5037,pca,embedding,-0.9325361386225219,-0.07610008813512513
manifold_group_noise_fashion_mnist,0,0.1,0.0,1832,1832,1,0,1,1,5003,pca,embedding,-0.6482112326481815,-0.2923616972993318
manifold_group_noise_fashion_mnist,0,0.1,0.0,1833,1833,0,0,0,1,5012,pca,embedding,0.6764653825654878,-0.5692750560143283
manifold_group_noise_fashion_mnist,0,0.1,0.0,1834,1834,0,0,0,1,5008,pca,embedding,-0.8611456162684513,0.10534178251913111
manifold_group_noise_fashion_mnist,0,0.1,0.0,1835,1835,0,0,0,0,1835,pca,embedding,0.6042704430247372,0.39171149108135167
manifold_group_noise_fashion_mnist,0,0.1,0.0,1836,1836,1,1,0,1,5051,pca,embedding,-0.3074325805278038,-0.12513059156820394
manifold_group_noise_fashion_mnist,0,0.1,0.0,1837,1837,1,1,0,1,5036,pca,embedding,-0.31641481232626334,-0.058466435324013265
manifold_group_noise_fashion_mnist,0,0.1,0.0,1838,1838,0,0,0,1,5001,pca,embedding,-0.055388969474124784,-0.6002120824197864
manifold_group_noise_fashion_mnist,0,0.1,0.0,1839,1839,0,0,0,1,5004,pca,embedding,0.7235723359549333,-0.628179023815815
manifold_group_noise_fashion_mnist,0,0.1,0.0,1840,1840,1,1,0,1,5042,pca,embedding,-0.4127925976884213,-0.34339609285048933
manifold_group_noise_fashion_mnist,0,0.1,0.0,1841,1841,0,0,0,1,5021,pca,embedding,-0.2161397659044853,0.47614076811946476
manifold_group_noise_fashion_mnist,0,0.1,0.0,1842,1842,1,1,0,0,1842,pca,embedding,0.45726889558867334,0.04007815773118438
manifold_group_noise_fashion_mnist,0,0.1,0.0,1843,1843,1,1,0,1,5052,pca,embedding,0.10914625155416985,-0.30537753538901524
manifold_group_noise_fashion_mnist,0,0.1,0.0,1844,1844,1,1,0,1,5044,pca,embedding,-0.9167337871352412,0.0841411189432725
manifold_group_noise_fashion_mnist,0,0.1,0.0,1845,1845,1,1,0,1,5040,pca,embedding,0.9556092726465338,0.31164686277163933
manifold_group_noise_fashion_mnist,0,0.1,0.0,1846,1846,1,1,0,1,5044,pca,embedding,-0.9133556874760866,0.09762823703241387
manifold_group_noise_fashion_mnist,0,0.1,0.0,1847,1847,0,0,0,1,5007,pca,embedding,0.7291246551669253,0.773012138138884
manifold_group_noise_fashion_mnist,0,0.1,0.0,1848,1848,0,0,0,1,5006,pca,embedding,0.3571109993492384,-0.6477604698138006
manifold_group_noise_fashion_mnist,0,0.1,0.0,1849,1849,1,1,0,0,1849,pca,embedding,0.7565748572619512,0.37135364955343136
manifold_group_noise_fashion_mnist,0,0.1,0.0,1850,1850,1,1,0,1,5044,pca,embedding,-0.9133556874760866,0.09762823703241387
manifold_group_noise_fashion_mnist,0,0.1,0.0,1851,1851,0,0,0,1,5026,pca,embedding,0.8643189313791584,-0.8625811275119452
manifold_group_noise_fashion_mnist,0,0.1,0.0,1852,1852,1,1,0,1,5032,pca,embedding,0.15680966141846217,0.34983337748269816
manifold_group_noise_fashion_mnist,0,0.1,0.0,1853,1853,1,1,0,1,5050,pca,embedding,-0.9340407827705792,0.02264048629003733
manifold_group_noise_fashion_mnist,0,0.1,0.0,1854,1854,0,0,0,0,1854,pca,embedding,0.49848635407888425,-0.0679816297994817
manifold_group_noise_fashion_mnist,0,0.1,0.0,1855,1855,0,0,0,1,5020,pca,embedding,-0.9410983793121367,0.06979016203590949
manifold_group_noise_fashion_mnist,0,0.1,0.0,1856,1856,0,0,0,1,5019,pca,embedding,0.1795322050985486,0.35000335771312635
manifold_group_noise_fashion_mnist,0,0.1,0.0,1857,1857,0,0,0,1,5017,pca,embedding,0.3628592586363235,-0.6497484190453691
manifold_group_noise_fashion_mnist,0,0.1,0.0,1858,1858,1,1,0,0,1858,pca,embedding,-0.3086122428354271,0.3853041413638601
manifold_group_noise_fashion_mnist,0,0.1,0.0,1859,1859,1,1,0,1,5037,pca,embedding,-0.9762480304217256,0.10942907711503254
manifold_group_noise_fashion_mnist,0,0.1,0.0,1860,1860,0,1,1,1,5048,pca,embedding,0.5471550016107941,0.16849148301482936
manifold_group_noise_fashion_mnist,0,0.1,0.0,1861,1861,0,0,0,1,5020,pca,embedding,-0.9456050139887335,0.007970148219874733
manifold_group_noise_fashion_mnist,0,0.1,0.0,1862,1862,0,0,0,0,1862,pca,embedding,0.6607197024875846,-0.15599719469039908
manifold_group_noise_fashion_mnist,0,0.1,0.0,1863,1863,1,0,1,1,5011,pca,embedding,1.0836504441979908,0.31989076687589235
manifold_group_noise_fashion_mnist,0,0.1,0.0,1864,1864,1,1,0,1,5049,pca,embedding,1.0547771071837813,0.10684690445816442
manifold_group_noise_fashion_mnist,0,0.1,0.0,1865,1865,1,1,0,1,5047,pca,embedding,0.5413277571059041,-0.6745157810539961
manifold_group_noise_fashion_mnist,0,0.1,0.0,1866,1866,0,0,0,1,5009,pca,embedding,0.6127583133987617,-0.6612610834316213
manifold_group_noise_fashion_mnist,0,0.1,0.0,1867,1867,0,0,0,1,5014,pca,embedding,0.6094692663789557,-0.8857080006630067
manifold_group_noise_fashion_mnist,0,0.1,0.0,1868,1868,0,0,0,1,5006,pca,embedding,0.6063230907164234,-0.47359999038684386
manifold_group_noise_fashion_mnist,0,0.1,0.0,1869,1869,0,0,0,1,5025,pca,embedding,0.4477424481445879,-0.7512979777609946
manifold_group_noise_fashion_mnist,0,0.1,0.0,1870,1870,1,1,0,1,5030,pca,embedding,-0.8986246886737785,-0.05614817685687334
manifold_group_noise_fashion_mnist,0,0.1,0.0,1871,1871,1,1,0,1,5032,pca,embedding,-0.12001382295393728,-0.44909780545812994
manifold_group_noise_fashion_mnist,0,0.1,0.0,1872,1872,1,1,0,1,5046,pca,embedding,0.6895972894458564,-0.05687289007367548
manifold_group_noise_fashion_mnist,0,0.1,0.0,1873,1873,1,1,0,1,5045,pca,embedding,0.17877850047817162,0.5653329789285274
manifold_group_noise_fashion_mnist,0,0.1,0.0,1874,1874,1,1,0,1,5029,pca,embedding,-0.06120646705682106,0.5882067202608642
manifold_group_noise_fashion_mnist,0,0.1,0.0,1875,1875,1,1,0,1,5032,pca,embedding,-0.026482430760021252,0.5206757877116667
manifold_group_noise_fashion_mnist,0,0.1,0.0,1876,1876,1,1,0,1,5047,pca,embedding,0.5772055870297185,0.6279212279952442
manifold_group_noise_fashion_mnist,0,0.1,0.0,1877,1877,1,1,0,1,5037,pca,embedding,-0.9580280240060483,0.08333890666241656
manifold_group_noise_fashion_mnist,0,0.1,0.0,1878,1878,0,0,0,1,5007,pca,embedding,0.7291246551669253,0.773012138138884
manifold_group_noise_fashion_mnist,0,0.1,0.0,1879,1879,0,0,0,0,1879,pca,embedding,0.17068185329004842,-0.3259144480597617
manifold_group_noise_fashion_mnist,0,0.1,0.0,1880,1880,0,0,0,1,5017,pca,embedding,0.1597064226827385,-0.6246671635117624
manifold_group_noise_fashion_mnist,0,0.1,0.0,1881,1881,1,1,0,1,5032,pca,embedding,0.00018838553375116404,-0.4344600271522524
manifold_group_noise_fashion_mnist,0,0.1,0.0,1882,1882,1,1,0,0,1882,pca,embedding,0.5942638732419868,0.16014344945863784
manifold_group_noise_fashion_mnist,0,0.1,0.0,1883,1883,1,1,0,1,5035,pca,embedding,-0.7110994239335984,0.02824033056783752
manifold_group_noise_fashion_mnist,0,0.1,0.0,1884,1884,1,0,1,1,5011,pca,embedding,0.5432674704401125,-0.5302769107061
manifold_group_noise_fashion_mnist,0,0.1,0.0,1885,1885,0,0,0,1,5016,pca,embedding,-0.8509677633996975,-0.01540338210347917
manifold_group_noise_fashion_mnist,0,0.1,0.0,1886,1886,1,1,0,0,1886,pca,embedding,0.31632049532134754,-0.48402405608225285
manifold_group_noise_fashion_mnist,0,0.1,0.0,1887,1887,1,1,0,1,5030,pca,embedding,-0.9768938384201941,0.07935520750661718
manifold_group_noise_fashion_mnist,0,0.1,0.0,1888,1888,0,0,0,1,5025,pca,embedding,0.4477424481445879,-0.7512979777609946
manifold_group_noise_fashion_mnist,0,0.1,0.0,1889,1889,0,0,0,1,5013,pca,embedding,-0.4894679235005871,0.34177367084038907
manifold_group_noise_fashion_mnist,0,0.1,0.0,1890,1890,0,0,0,1,5023,pca,embedding,-0.04454873857435058,-0.5850157606427607
manifold_group_noise_fashion_mnist,0,0.1,0.0,1891,1891,1,1,0,1,5031,pca,embedding,-0.9051757523079876,-0.010541407697346732
manifold_group_noise_fashion_mnist,0,0.1,0.0,1892,1892,0,0,0,1,5002,pca,embedding,-0.027086661852428567,0.5947311237740035
manifold_group_noise_fashion_mnist,0,0.1,0.0,1893,1893,0,0,0,1,5016,pca,embedding,-0.8509677633996975,-0.01540338210347917
manifold_group_noise_fashion_mnist,0,0.1,0.0,1894,1894,1,1,0,1,5042,pca,embedding,-0.21148132223025862,0.3018044765784209
manifold_group_noise_fashion_mnist,0,0.1,0.0,1895,1895,0,0,0,1,5006,pca,embedding,0.6642232478382726,0.7392983181630481
manifold_group_noise_fashion_mnist,0,0.1,0.0,1896,1896,1,1,0,1,5049,pca,embedding,0.8636405905890938,0.22621678203325513
manifold_group_noise_fashion_mnist,0,0.1,0.0,1897,1897,0,0,0,1,5001,pca,embedding,-0.055388969474124784,-0.6002120824197864
manifold_group_noise_fashion_mnist,0,0.1,0.0,1898,1898,1,1,0,1,5037,pca,embedding,-0.9325361386225219,-0.07610008813512513
manifold_group_noise_fashion_mnist,0,0.1,0.0,1899,1899,1,1,0,1,5036,pca,embedding,-0.31641481232626334,-0.058466435324013265
manifold_group_noise_fashion_mnist,0,0.1,0.0,1900,1900,1,1,0,1,5029,pca,embedding,0.0722772733302749,0.22408685556570984
manifold_group_noise_fashion_mnist,0,0.1,0.0,1901,1901,0,0,0,1,5000,pca,embedding,-0.8762829947396018,0.12985065357653147
manifold_group_noise_fashion_mnist,0,0.1,0.0,1902,1902,0,0,0,1,5022,pca,embedding,1.2137963850880586,0.030217761403640714
manifold_group_noise_fashion_mnist,0,0.1,0.0,1903,1903,0,0,0,1,5012,pca,embedding,0.7847317098698449,0.010272125437471302
manifold_group_noise_fashion_mnist,0,0.1,0.0,1904,1904,0,0,0,1,5018,pca,embedding,-0.6324876529989985,-0.27449072368453065
manifold_group_noise_fashion_mnist,0,0.1,0.0,1905,1905,1,1,0,1,5042,pca,embedding,-0.21148132223025862,0.3018044765784209
manifold_group_noise_fashion_mnist,0,0.1,0.0,1906,1906,1,1,0,1,5043,pca,embedding,-0.9039169020509286,-0.008314721414324613
manifold_group_noise_fashion_mnist,0,0.1,0.0,1907,1907,1,1,0,1,5045,pca,embedding,0.16414651987827136,0.42042255899252234
manifold_group_noise_fashion_mnist,0,0.1,0.0,1908,1908,1,1,0,1,5035,pca,embedding,-0.6682557621423971,-0.14345222393291596
manifold_group_noise_fashion_mnist,0,0.1,0.0,1909,1909,1,1,0,1,5052,pca,embedding,0.13953769345436012,0.466012456906861
manifold_group_noise_fashion_mnist,0,0.1,0.0,1910,1910,0,0,0,1,5026,pca,embedding,0.9903016690799857,-0.6452619903771234
manifold_group_noise_fashion_mnist,0,0.1,0.0,1911,1911,1,1,0,1,5053,pca,embedding,-0.8347119940107677,-0.11239785125439054
manifold_group_noise_fashion_mnist,0,0.1,0.0,1912,1912,1,1,0,1,5027,pca,embedding,-0.9685934961122299,0.10076108749373598
manifold_group_noise_fashion_mnist,0,0.1,0.0,1913,1913,1,1,0,0,1913,pca,embedding,0.6370652953136187,0.4518666805319173
manifold_group_noise_fashion_mnist,0,0.1,0.0,1914,1914,1,1,0,1,5046,pca,embedding,0.8803425289112288,0.34289152502813963
manifold_group_noise_fashion_mnist,0,0.1,0.0,1915,1915,1,1,0,1,5031,pca,embedding,-0.9731370356925513,0.12674329711315718
manifold_group_noise_fashion_mnist,0,0.1,0.0,1916,1916,0,0,0,1,5020,pca,embedding,-0.9456050139887335,0.007970148219874733
manifold_group_noise_fashion_mnist,0,0.1,0.0,1917,1917,0,0,0,1,5020,pca,embedding,-0.9456050139887335,0.007970148219874733
manifold_group_noise_fashion_mnist,0,0.1,0.0,1918,1918,0,0,0,1,5004,pca,embedding,0.6842847172475315,-0.8126710261205412
manifold_group_noise_fashion_mnist,0,0.1,0.0,1919,1919,1,1,0,1,5041,pca,embedding,0.7425797977958124,0.47666419553084505
manifold_group_noise_fashion_mnist,0,0.1,0.0,1920,1920,0,0,0,1,5026,pca,embedding,0.6337217495178323,-0.6939181643888266
manifold_group_noise_fashion_mnist,0,0.1,0.0,1921,1921,1,1,0,1,5053,pca,embedding,-0.7317446023902112,-0.049205188001385645
manifold_group_noise_fashion_mnist,0,0.1,0.0,1922,1922,1,1,0,1,5044,pca,embedding,-0.905448368286997,-0.028035036636983326
manifold_group_noise_fashion_mnist,0,0.1,0.0,1923,1923,1,1,0,0,1923,pca,embedding,0.781264615205505,0.13161579312946142
manifold_group_noise_fashion_mnist,0,0.1,0.0,1924,1924,1,1,0,1,5041,pca,embedding,0.7425797977958124,0.47666419553084505
manifold_group_noise_fashion_mnist,0,0.1,0.0,1925,1925,1,1,0,1,5052,pca,embedding,0.2612535578629397,-0.4257219799555706
manifold_group_noise_fashion_mnist,0,0.1,0.0,1926,1926,1,1,0,1,5043,pca,embedding,-0.9366843642643166,0.07930016900041902
manifold_group_noise_fashion_mnist,0,0.1,0.0,1927,1927,0,0,0,1,5004,pca,embedding,0.8416626697009707,0.8112611384831543
manifold_group_noise_fashion_mnist,0,0.1,0.0,1928,1928,0,0,0,1,5021,pca,embedding,-0.26612364989309045,0.25407040693700395
manifold_group_noise_fashion_mnist,0,0.1,0.0,1929,1929,1,1,0,1,5029,pca,embedding,0.0722772733302749,0.22408685556570984
manifold_group_noise_fashion_mnist,0,0.1,0.0,1930,1930,1,0,1,1,5011,pca,embedding,0.8725942892345719,-0.40664673495461934
manifold_group_noise_fashion_mnist,0,0.1,0.0,1931,1931,0,0,0,1,5016,pca,embedding,-0.8509677633996975,-0.01540338210347917
manifold_group_noise_fashion_mnist,0,0.1,0.0,1932,1932,0,0,0,0,1932,pca,embedding,-0.5578091371750716,-0.0715827848665786
manifold_group_noise_fashion_mnist,0,0.1,0.0,1933,1933,1,1,0,1,5049,pca,embedding,0.8013860091867506,0.7124685585932671
manifold_group_noise_fashion_mnist,0,0.1,0.0,1934,1934,0,0,0,1,5006,pca,embedding,0.3571109993492384,-0.6477604698138006
manifold_group_noise_fashion_mnist,0,0.1,0.0,1935,1935,1,1,0,1,5052,pca,embedding,0.39362263073123244,-0.23679557471232127
manifold_group_noise_fashion_mnist,0,0.1,0.0,1936,1936,0,1,1,1,5034,pca,embedding,-0.44965444129472765,-0.41181674820939296
manifold_group_noise_fashion_mnist,0,0.1,0.0,1937,1937,0,0,0,0,1937,pca,embedding,-0.024594835760839914,-0.29786269812850596
manifold_group_noise_fashion_mnist,0,0.1,0.0,1938,1938,0,0,0,1,5024,pca,embedding,0.5454844191355174,-0.8349077324238823
manifold_group_noise_fashion_mnist,0,0.1,0.0,1939,1939,0,0,0,1,5022,pca,embedding,1.2137963850880586,0.030217761403640714
manifold_group_noise_fashion_mnist,0,0.1,0.0,1940,1940,0,0,0,0,1940,pca,embedding,0.20780292868987338,0.39000017057285413
manifold_group_noise_fashion_mnist,0,0.1,0.0,1941,1941,0,0,0,1,5014,pca,embedding,0.8535587347760883,-0.6004573695503429
manifold_group_noise_fashion_mnist,0,0.1,0.0,1942,1942,1,1,0,0,1942,pca,embedding,-0.44551462475023584,-0.06814691676146394
manifold_group_noise_fashion_mnist,0,0.1,0.0,1943,1943,1,1,0,1,5039,pca,embedding,0.4063502914529092,-0.21375216840256803
manifold_group_noise_fashion_mnist,0,0.1,0.0,1944,1944,1,1,0,1,5035,pca,embedding,-0.6682557621423971,-0.14345222393291596
manifold_group_noise_fashion_mnist,0,0.1,0.0,1945,1945,1,1,0,1,5027,pca,embedding,-0.9378203574655817,0.08209387291724515
manifold_group_noise_fashion_mnist,0,0.1,0.0,1946,1946,1,1,0,0,1946,pca,embedding,-0.5534061340213955,0.3919596230065995
manifold_group_noise_fashion_mnist,0,0.1,0.0,1947,1947,1,1,0,1,5040,pca,embedding,0.9556092726465338,0.31164686277163933
manifold_group_noise_fashion_mnist,0,0.1,0.0,1948,1948,1,1,0,1,5053,pca,embedding,-0.7317446023902112,-0.049205188001385645
manifold_group_noise_fashion_mnist,0,0.1,0.0,1949,1949,0,1,1,1,5038,pca,embedding,-0.3157215298085236,-0.09748214077770899
manifold_group_noise_fashion_mnist,0,0.1,0.0,1950,1950,0,0,0,1,5022,pca,embedding,1.2137963850880586,0.030217761403640714
manifold_group_noise_fashion_mnist,0,0.1,0.0,1951,1951,1,1,0,1,5036,pca,embedding,-0.2763369883811938,-0.1922709193187338
manifold_group_noise_fashion_mnist,0,0.1,0.0,1952,1952,0,0,0,1,5005,pca,embedding,-0.1930334396864428,-0.11883543919769458
manifold_group_noise_fashion_mnist,0,0.1,0.0,1953,1953,1,1,0,1,5044,pca,embedding,-0.843661349265209,-0.0516507547640452
manifold_group_noise_fashion_mnist,0,0.1,0.0,1954,1954,1,1,0,1,5036,pca,embedding,-0.3928291611564881,0.08707621812610297
manifold_group_noise_fashion_mnist,0,0.1,0.0,1955,1955,0,0,0,1,5004,pca,embedding,0.7235723359549333,-0.628179023815815
manifold_group_noise_fashion_mnist,0,0.1,0.0,1956,1956,1,1,0,1,5037,pca,embedding,-0.9325361386225219,-0.07610008813512513
manifold_group_noise_fashion_mnist,0,0.1,0.0,1957,1957,0,0,0,1,5025,pca,embedding,0.4477424481445879,-0.7512979777609946
manifold_group_noise_fashion_mnist,0,0.1,0.0,1958,1958,0,0,0,1,5014,pca,embedding,0.44780551161153503,0.8442172733287745
manifold_group_noise_fashion_mnist,0,0.1,0.0,1959,1959,0,1,1,1,5048,pca,embedding,0.5471550016107941,0.16849148301482936
manifold_group_noise_fashion_mnist,0,0.1,0.0,1960,1960,1,1,0,1,5050,pca,embedding,-0.9450620608695206,0.04936724501994212
manifold_group_noise_fashion_mnist,0,0.1,0.0,1961,1961,0,0,0,1,5016,pca,embedding,-0.9152972115685095,-0.11755398196829882
manifold_group_noise_fashion_mnist,0,0.1,0.0,1962,1962,0,0,0,1,5026,pca,embedding,0.7946394663777341,0.8405887732287723
manifold_group_noise_fashion_mnist,0,0.1,0.0,1963,1963,0,1,1,1,5048,pca,embedding,0.5471550016107941,0.16849148301482936
manifold_group_noise_fashion_mnist,0,0.1,0.0,1964,1964,0,0,0,1,5001,pca,embedding,-0.12765943280361497,-0.5738520202319681
manifold_group_noise_fashion_mnist,0,0.1,0.0,1965,1965,0,0,0,1,5024,pca,embedding,0.6919665191723983,0.44595596884533295
manifold_group_noise_fashion_mnist,0,0.1,0.0,1966,1966,1,1,0,1,5030,pca,embedding,-0.8824088241288125,-0.0196437759775473
manifold_group_noise_fashion_mnist,0,0.1,0.0,1967,1967,1,1,0,0,1967,pca,embedding,0.04742876080637066,0.1202067272641463
manifold_group_noise_fashion_mnist,0,0.1,0.0,1968,1968,1,1,0,1,5044,pca,embedding,-0.905448368286997,-0.028035036636983326
manifold_group_noise_fashion_mnist,0,0.1,0.0,1969,1969,1,1,0,1,5046,pca,embedding,0.6895972894458564,-0.05687289007367548
manifold_group_noise_fashion_mnist,0,0.1,0.0,1970,1970,0,0,0,1,5022,pca,embedding,1.2137963850880586,0.030217761403640714
manifold_group_noise_fashion_mnist,0,0.1,0.0,1971,1971,1,1,0,1,5053,pca,embedding,-0.8131982104448544,0.23171335690141862
manifold_group_noise_fashion_mnist,0,0.1,0.0,1972,1972,0,0,0,1,5022,pca,embedding,1.1667636990253114,-0.04785440842201168
manifold_group_noise_fashion_mnist,0,0.1,0.0,1973,1973,1,1,0,1,5050,pca,embedding,-0.9340407827705792,0.02264048629003733
manifold_group_noise_fashion_mnist,0,0.1,0.0,1974,1974,1,1,0,0,1974,pca,embedding,0.5277090324318552,0.10173497674344409
manifold_group_noise_fashion_mnist,0,0.1,0.0,1975,1975,1,1,0,1,5045,pca,embedding,0.22191780289333735,-0.4205254538192652
manifold_group_noise_fashion_mnist,0,0.1,0.0,1976,1976,1,1,0,1,5035,pca,embedding,-0.6907325892166274,-0.031989763750844905
manifold_group_noise_fashion_mnist,0,0.1,0.0,1977,1977,1,0,1,1,5003,pca,embedding,-0.6482112326481815,-0.2923616972993318
manifold_group_noise_fashion_mnist,0,0.1,0.0,1978,1978,1,1,0,1,5030,pca,embedding,-0.9049921226092401,0.03200052111372305
manifold_group_noise_fashion_mnist,0,0.1,0.0,1979,1979,0,0,0,1,5023,pca,embedding,-0.11314242403099775,-0.5582749446079514
manifold_group_noise_fashion_mnist,0,0.1,0.0,1980,1980,0,0,0,0,1980,pca,embedding,0.6577255331117897,-0.4535467528098257
manifold_group_noise_fashion_mnist,0,0.1,0.0,1981,1981,1,1,0,0,1981,pca,embedding,-0.8502191590352809,-0.04636082764716114
manifold_group_noise_fashion_mnist,0,0.1,0.0,1982,1982,0,0,0,1,5014,pca,embedding,0.6094692663789557,-0.8857080006630067
manifold_group_noise_fashion_mnist,0,0.1,0.0,1983,1983,0,0,0,1,5019,pca,embedding,0.12703119109200905,0.08259735868133822
manifold_group_noise_fashion_mnist,0,0.1,0.0,1984,1984,1,1,0,1,5049,pca,embedding,0.6866450052051727,-0.3090932390066733
manifold_group_noise_fashion_mnist,0,0.1,0.0,1985,1985,0,0,0,0,1985,pca,embedding,-0.12473097411070455,-0.21428226990900492
manifold_group_noise_fashion_mnist,0,0.1,0.0,1986,1986,0,0,0,1,5004,pca,embedding,0.7235723359549333,-0.628179023815815
manifold_group_noise_fashion_mnist,0,0.1,0.0,1987,1987,1,0,1,1,5011,pca,embedding,0.7901097615757326,0.8180809241983882
manifold_group_noise_fashion_mnist,0,0.1,0.0,1988,1988,0,0,0,1,5022,pca,embedding,1.0125057543847131,-0.00418424783879795
manifold_group_noise_fashion_mnist,0,0.1,0.0,1989,1989,0,0,0,0,1989,pca,embedding,0.8958076781682737,0.29339535352168744
manifold_group_noise_fashion_mnist,0,0.1,0.0,1990,1990,1,1,0,1,5043,pca,embedding,-0.9366843642643166,0.07930016900041902
manifold_group_noise_fashion_mnist,0,0.1,0.0,1991,1991,0,0,0,1,5021,pca,embedding,-0.34935337459515076,0.4942954621587609
manifold_group_noise_fashion_mnist,0,0.1,0.0,1992,1992,0,0,0,1,5005,pca,embedding,-0.31172248458921004,-0.28757371885534044
manifold_group_noise_fashion_mnist,0,0.1,0.0,1993,1993,0,0,0,1,5005,pca,embedding,-0.2437376986905045,0.2533061168150995
manifold_group_noise_fashion_mnist,0,0.1,0.0,1994,1994,0,0,0,1,5000,pca,embedding,-0.8749713165394155,0.06748194746060947
manifold_group_noise_fashion_mnist,0,0.1,0.0,1995,1995,0,0,0,1,5024,pca,embedding,0.7208546462036393,-0.6260184097886702
manifold_group_noise_fashion_mnist,0,0.1,0.0,1996,1996,1,1,0,1,5030,pca,embedding,-0.9284579928390012,0.07757571507984015
manifold_group_noise_fashion_mnist,0,0.1,0.0,1997,1997,0,0,0,0,1997,pca,embedding,-0.8541331560087065,0.15234679342538915
manifold_group_noise_fashion_mnist,0,0.1,0.0,1998,1998,0,0,0,1,5005,pca,embedding,-0.22616520251103917,0.35906978587581506
manifold_group_noise_fashion_mnist,0,0.1,0.0,1999,1999,0,0,0,1,5004,pca,embedding,0.8416626697009707,0.8112611384831543
manifold_group_noise_fashion_mnist,0,0.1,0.0,2000,2000,0,0,0,1,5004,pca,embedding,0.8416626697009707,0.8112611384831543
manifold_group_noise_fashion_mnist,0,0.1,0.0,2001,2001,1,1,0,1,5053,pca,embedding,-0.7213348676759209,0.15619229328804363
manifold_group_noise_fashion_mnist,0,0.1,0.0,2002,2002,0,0,0,1,5022,pca,embedding,1.176228055621214,-0.04947752053331311
manifold_group_noise_fashion_mnist,0,0.1,0.0,2003,2003,0,0,0,1,5022,pca,embedding,1.2148507964576958,-0.11253325295745925
manifold_group_noise_fashion_mnist,0,0.1,0.0,2004,2004,0,0,0,1,5024,pca,embedding,0.40392033062496324,-0.8104792730580821
manifold_group_noise_fashion_mnist,0,0.1,0.0,2005,2005,1,1,0,1,5040,pca,embedding,1.027844227745206,0.3676221440939843
manifold_group_noise_fashion_mnist,0,0.1,0.0,2006,2006,0,0,0,1,5023,pca,embedding,-0.11314242403099775,-0.5582749446079514
manifold_group_noise_fashion_mnist,0,0.1,0.0,2007,2007,1,1,0,1,5027,pca,embedding,-0.8979306716947817,-0.01779017221019989
manifold_group_noise_fashion_mnist,0,0.1,0.0,2008,2008,0,0,0,0,2008,pca,embedding,0.1000274120192112,-0.1346759342825836
manifold_group_noise_fashion_mnist,0,0.1,0.0,2009,2009,1,1,0,1,5028,pca,embedding,-0.21210002490839894,0.3108050933699753
manifold_group_noise_fashion_mnist,0,0.1,0.0,2010,2010,1,1,0,1,5030,pca,embedding,-0.9768938384201941,0.07935520750661718
manifold_group_noise_fashion_mnist,0,0.1,0.0,2011,2011,1,1,0,1,5044,pca,embedding,-0.905448368286997,-0.028035036636983326
manifold_group_noise_fashion_mnist,0,0.1,0.0,2012,2012,0,0,0,1,5012,pca,embedding,0.5957482406484725,0.43171252958647444
manifold_group_noise_fashion_mnist,0,0.1,0.0,2013,2013,0,0,0,1,5009,pca,embedding,0.5100981380438481,0.8762758247061757
manifold_group_noise_fashion_mnist,0,0.1,0.0,2014,2014,0,0,0,1,5005,pca,embedding,-0.2437376986905045,0.2533061168150995
manifold_group_noise_fashion_mnist,0,0.1,0.0,2015,2015,1,1,0,1,5039,pca,embedding,0.37206170030670405,-0.3002692692134489
manifold_group_noise_fashion_mnist,0,0.1,0.0,2016,2016,0,0,0,1,5009,pca,embedding,0.6887897534495993,-0.1574445054400693
manifold_group_noise_fashion_mnist,0,0.1,0.0,2017,2017,0,0,0,1,5009,pca,embedding,0.5100981380438481,0.8762758247061757
manifold_group_noise_fashion_mnist,0,0.1,0.0,2018,2018,0,0,0,1,5026,pca,embedding,0.7946394663777341,0.8405887732287723
manifold_group_noise_fashion_mnist,0,0.1,0.0,2019,2019,0,1,1,1,5034,pca,embedding,-0.2274209305196443,-0.5102599059686482
manifold_group_noise_fashion_mnist,0,0.1,0.0,2020,2020,1,0,1,1,5011,pca,embedding,0.7695558704728208,-0.7662839938955993
manifold_group_noise_fashion_mnist,0,0.1,0.0,2021,2021,1,1,0,1,5035,pca,embedding,-0.7496119940734065,0.0703521239516331
manifold_group_noise_fashion_mnist,0,0.1,0.0,2022,2022,0,0,0,1,5010,pca,embedding,-0.3956760563016188,0.20052086556156357
manifold_group_noise_fashion_mnist,0,0.1,0.0,2023,2023,1,1,0,1,5053,pca,embedding,-0.8131982104448544,0.23171335690141862
manifold_group_noise_fashion_mnist,0,0.1,0.0,2024,2024,1,1,0,1,5043,pca,embedding,-0.9335713632624989,-0.026841221013887702
manifold_group_noise_fashion_mnist,0,0.1,0.0,2025,2025,1,1,0,1,5032,pca,embedding,0.15680966141846217,0.34983337748269816
manifold_group_noise_fashion_mnist,0,0.1,0.0,2026,2026,1,1,0,1,5037,pca,embedding,-0.8867008868951165,-0.061050064521465754
manifold_group_noise_fashion_mnist,0,0.1,0.0,2027,2027,0,0,0,1,5009,pca,embedding,0.6887897534495993,-0.1574445054400693
manifold_group_noise_fashion_mnist,0,0.1,0.0,2028,2028,0,0,0,1,5025,pca,embedding,0.8078637666020315,-0.1047305569563703
manifold_group_noise_fashion_mnist,0,0.1,0.0,2029,2029,1,1,0,1,5049,pca,embedding,0.8013860091867506,0.7124685585932671
manifold_group_noise_fashion_mnist,0,0.1,0.0,2030,2030,1,1,0,1,5046,pca,embedding,0.8803425289112288,0.34289152502813963
manifold_group_noise_fashion_mnist,0,0.1,0.0,2031,2031,0,0,0,0,2031,pca,embedding,0.5764392291791867,-0.04790642977168949
manifold_group_noise_fashion_mnist,0,0.1,0.0,2032,2032,0,0,0,1,5007,pca,embedding,0.36220775545636147,-0.6722520672450778
manifold_group_noise_fashion_mnist,0,0.1,0.0,2033,2033,1,1,0,1,5052,pca,embedding,0.24166128823937189,0.16699958181553737
manifold_group_noise_fashion_mnist,0,0.1,0.0,2034,2034,1,1,0,1,5028,pca,embedding,-0.2525708642257593,0.05606018467327206
manifold_group_noise_fashion_mnist,0,0.1,0.0,2035,2035,0,0,0,1,5024,pca,embedding,0.7208546462036393,-0.6260184097886702
manifold_group_noise_fashion_mnist,0,0.1,0.0,2036,2036,1,1,0,1,5051,pca,embedding,-0.36715083038110413,0.15627672360715802
manifold_group_noise_fashion_mnist,0,0.1,0.0,2037,2037,1,0,1,1,5011,pca,embedding,0.8929993970153112,-0.7851538694798373
manifold_group_noise_fashion_mnist,0,0.1,0.0,2038,2038,0,0,0,1,5020,pca,embedding,-0.9456050139887335,0.007970148219874733
manifold_group_noise_fashion_mnist,0,0.1,0.0,2039,2039,1,1,0,1,5043,pca,embedding,-0.9366843642643166,0.07930016900041902
manifold_group_noise_fashion_mnist,0,0.1,0.0,2040,2040,0,0,0,1,5007,pca,embedding,0.7424930847879689,-0.6242781687632878
manifold_group_noise_fashion_mnist,0,0.1,0.0,2041,2041,0,0,0,1,5021,pca,embedding,-0.3548751460417028,-0.36419014829667656
manifold_group_noise_fashion_mnist,0,0.1,0.0,2042,2042,0,0,0,1,5021,pca,embedding,-0.24725796788521498,-0.02935434662717168
manifold_group_noise_fashion_mnist,0,0.1,0.0,2043,2043,1,1,0,1,5037,pca,embedding,-0.9325361386225219,-0.07610008813512513
manifold_group_noise_fashion_mnist,0,0.1,0.0,2044,2044,0,1,1,1,5038,pca,embedding,-0.3011135145808817,0.05178916898070157
manifold_group_noise_fashion_mnist,0,0.1,0.0,2045,2045,0,0,0,1,5001,pca,embedding,-0.20983110005793337,0.5494393825818871
manifold_group_noise_fashion_mnist,0,0.1,0.0,2046,2046,1,1,0,1,5030,pca,embedding,-0.9284579928390012,0.07757571507984015
manifold_group_noise_fashion_mnist,0,0.1,0.0,2047,2047,0,0,0,1,5009,pca,embedding,0.5100981380438481,0.8762758247061757
manifold_group_noise_fashion_mnist,0,0.1,0.0,2048,2048,0,0,0,1,5023,pca,embedding,-0.20106258275528202,0.5873934191056738
manifold_group_noise_fashion_mnist,0,0.1,0.0,2049,2049,0,0,0,1,5017,pca,embedding,0.1597064226827385,-0.6246671635117624
manifold_group_noise_fashion_mnist,0,0.1,0.0,2050,2050,1,1,0,1,5049,pca,embedding,1.0547771071837813,0.10684690445816442
manifold_group_noise_fashion_mnist,0,0.1,0.0,2051,2051,0,0,0,1,5001,pca,embedding,-0.20983110005793337,0.5494393825818871
manifold_group_noise_fashion_mnist,0,0.1,0.0,2052,2052,0,0,0,1,5001,pca,embedding,-0.12765943280361497,-0.5738520202319681
manifold_group_noise_fashion_mnist,0,0.1,0.0,2053,2053,1,1,0,1,5043,pca,embedding,-0.9335713632624989,-0.026841221013887702
manifold_group_noise_fashion_mnist,0,0.1,0.0,2054,2054,0,0,0,1,5009,pca,embedding,0.7220183631623046,0.3871762473870877
manifold_group_noise_fashion_mnist,0,0.1,0.0,2055,2055,1,1,0,1,5043,pca,embedding,-0.8923220763993547,-0.0654162054656785
manifold_group_noise_fashion_mnist,0,0.1,0.0,2056,2056,1,1,0,1,5049,pca,embedding,0.7416494195256557,-0.49108031131810326
manifold_group_noise_fashion_mnist,0,0.1,0.0,2057,2057,0,0,0,1,5023,pca,embedding,0.0036201547246776725,0.5994806089546517
manifold_group_noise_fashion_mnist,0,0.1,0.0,2058,2058,0,0,0,1,5020,pca,embedding,-0.9182058410981022,-0.031224669123850524
manifold_group_noise_fashion_mnist,0,0.1,0.0,2059,2059,0,0,0,0,2059,pca,embedding,0.14135991554796057,0.0532055519695898
manifold_group_noise_fashion_mnist,0,0.1,0.0,2060,2060,1,1,0,1,5035,pca,embedding,-0.6667900596372172,-0.05734931063364601
manifold_group_noise_fashion_mnist,0,0.1,0.0,2061,2061,0,0,0,1,5014,pca,embedding,0.7819002482367414,0.4216230558006338
manifold_group_noise_fashion_mnist,0,0.1,0.0,2062,2062,0,0,0,1,5017,pca,embedding,0.30317910252544156,0.7966628010204916
manifold_group_noise_fashion_mnist,0,0.1,0.0,2063,2063,0,0,0,1,5004,pca,embedding,0.8416626697009707,0.8112611384831543
manifold_group_noise_fashion_mnist,0,0.1,0.0,2064,2064,1,0,1,1,5011,pca,embedding,1.0632756970520523,0.7335145960938936
manifold_group_noise_fashion_mnist,0,0.1,0.0,2065,2065,0,0,0,1,5001,pca,embedding,-0.20983110005793337,0.5494393825818871
manifold_group_noise_fashion_mnist,0,0.1,0.0,2066,2066,1,1,0,1,5043,pca,embedding,-0.9039169020509286,-0.008314721414324613
manifold_group_noise_fashion_mnist,0,0.1,0.0,2067,2067,1,1,0,0,2067,pca,embedding,-0.42583117428900435,-0.274161108585124
manifold_group_noise_fashion_mnist,0,0.1,0.0,2068,2068,0,0,0,0,2068,pca,embedding,-0.45152584738303797,-0.1224258627209871
manifold_group_noise_fashion_mnist,0,0.1,0.0,2069,2069,1,1,0,1,5036,pca,embedding,-0.3517935060267099,0.07677842335645096
manifold_group_noise_fashion_mnist,0,0.1,0.0,2070,2070,0,0,0,1,5013,pca,embedding,-0.36582371945831244,-0.22296090438783756
manifold_group_noise_fashion_mnist,0,0.1,0.0,2071,2071,0,1,1,1,5034,pca,embedding,-0.393971098046068,0.4893077959280767
manifold_group_noise_fashion_mnist,0,0.1,0.0,2072,2072,0,0,0,1,5023,pca,embedding,0.0864178640641554,-0.38424789215985833
manifold_group_noise_fashion_mnist,0,0.1,0.0,2073,2073,1,1,0,1,5046,pca,embedding,0.6222078186805816,-0.2509557354844167
manifold_group_noise_fashion_mnist,0,0.1,0.0,2074,2074,0,0,0,0,2074,pca,embedding,0.9145071752496188,-0.6193235570208256
manifold_group_noise_fashion_mnist,0,0.1,0.0,2075,2075,0,1,1,1,5048,pca,embedding,0.41767860616153984,-0.042638677409208486
manifold_group_noise_fashion_mnist,0,0.1,0.0,2076,2076,0,0,0,1,5004,pca,embedding,0.9219538661470387,0.34727950573750493
manifold_group_noise_fashion_mnist,0,0.1,0.0,2077,2077,1,1,0,1,5039,pca,embedding,0.3849742351500364,0.5273415814451405
manifold_group_noise_fashion_mnist,0,0.1,0.0,2078,2078,0,1,1,1,5034,pca,embedding,-0.1823320278503068,-0.07631481612649957
manifold_group_noise_fashion_mnist,0,0.1,0.0,2079,2079,1,1,0,1,5035,pca,embedding,-0.6667900596372172,-0.05734931063364601
manifold_group_noise_fashion_mnist,0,0.1,0.0,2080,2080,0,0,0,1,5019,pca,embedding,0.1795322050985486,0.35000335771312635
manifold_group_noise_fashion_mnist,0,0.1,0.0,2081,2081,0,0,0,1,5010,pca,embedding,-0.3956760563016188,0.20052086556156357
manifold_group_noise_fashion_mnist,0,0.1,0.0,2082,2082,0,0,0,1,5006,pca,embedding,0.6063230907164234,-0.47359999038684386
manifold_group_noise_fashion_mnist,0,0.1,0.0,2083,2083,1,1,0,1,5041,pca,embedding,0.6928153395855997,-0.3306144414103731
manifold_group_noise_fashion_mnist,0,0.1,0.0,2084,2084,0,0,0,1,5010,pca,embedding,-0.5618842969960751,-0.35176691039001934
manifold_group_noise_fashion_mnist,0,0.1,0.0,2085,2085,0,0,0,1,5022,pca,embedding,1.2137963850880586,0.030217761403640714
manifold_group_noise_fashion_mnist,0,0.1,0.0,2086,2086,1,1,0,1,5033,pca,embedding,0.15620570956709592,-0.15650027766882196
manifold_group_noise_fashion_mnist,0,0.1,0.0,2087,2087,0,0,0,1,5005,pca,embedding,-0.31172248458921004,-0.28757371885534044
manifold_group_noise_fashion_mnist,0,0.1,0.0,2088,2088,1,1,0,1,5047,pca,embedding,0.47663175777198696,0.6580462171416843
manifold_group_noise_fashion_mnist,0,0.1,0.0,2089,2089,1,1,0,1,5046,pca,embedding,0.6222078186805816,-0.2509557354844167
manifold_group_noise_fashion_mnist,0,0.1,0.0,2090,2090,0,1,1,1,5034,pca,embedding,-0.393971098046068,0.4893077959280767
manifold_group_noise_fashion_mnist,0,0.1,0.0,2091,2091,1,1,0,1,5043,pca,embedding,-0.9211316397429528,-0.06569601781009227
manifold_group_noise_fashion_mnist,0,0.1,0.0,2092,2092,0,0,0,1,5009,pca,embedding,0.7220183631623046,0.3871762473870877
manifold_group_noise_fashion_mnist,0,0.1,0.0,2093,2093,1,1,0,1,5042,pca,embedding,-0.4127925976884213,-0.34339609285048933
manifold_group_noise_fashion_mnist,0,0.1,0.0,2094,2094,1,1,0,1,5053,pca,embedding,-0.7317446023902112,-0.049205188001385645
manifold_group_noise_fashion_mnist,0,0.1,0.0,2095,2095,0,0,0,1,5002,pca,embedding,-0.11522652685558007,-0.5418229011217831
manifold_group_noise_fashion_mnist,0,0.1,0.0,2096,2096,0,0,0,1,5022,pca,embedding,1.0125057543847131,-0.00418424783879795
manifold_group_noise_fashion_mnist,0,0.1,0.0,2097,2097,1,1,0,1,5029,pca,embedding,-0.06120646705682106,0.5882067202608642
manifold_group_noise_fashion_mnist,0,0.1,0.0,2098,2098,1,1,0,0,2098,pca,embedding,-0.02952032924570551,0.4695157099095343
manifold_group_noise_fashion_mnist,0,0.1,0.0,2099,2099,1,1,0,0,2099,pca,embedding,0.2734416951219196,0.5875910307637833
manifold_group_noise_fashion_mnist,0,0.1,0.0,2100,2100,0,1,1,1,5048,pca,embedding,0.49290124574368605,-0.3244601094463664
manifold_group_noise_fashion_mnist,0,0.1,0.0,2101,2101,1,1,0,1,5051,pca,embedding,-0.3582218048331888,0.03483277977141487
manifold_group_noise_fashion_mnist,0,0.1,0.0,2102,2102,0,0,0,1,5007,pca,embedding,0.7310746048500187,0.34303468162076894
manifold_group_noise_fashion_mnist,0,0.1,0.0,2103,2103,0,0,0,1,5022,pca,embedding,1.0125057543847131,-0.00418424783879795
manifold_group_noise_fashion_mnist,0,0.1,0.0,2104,2104,0,0,0,1,5009,pca,embedding,0.7220183631623046,0.3871762473870877
manifold_group_noise_fashion_mnist,0,0.1,0.0,2105,2105,1,1,0,0,2105,pca,embedding,0.34724608075310776,-0.2581400294901628
manifold_group_noise_fashion_mnist,0,0.1,0.0,2106,2106,0,0,0,0,2106,pca,embedding,-0.8736011385051271,-0.013706968989584435
manifold_group_noise_fashion_mnist,0,0.1,0.0,2107,2107,0,0,0,1,5001,pca,embedding,-0.20983110005793337,0.5494393825818871
manifold_group_noise_fashion_mnist,0,0.1,0.0,2108,2108,0,0,0,1,5021,pca,embedding,-0.3662240074576506,-0.463910961403198
manifold_group_noise_fashion_mnist,0,0.1,0.0,2109,2109,0,0,0,1,5001,pca,embedding,0.08890557481938885,0.32247999927697274
manifold_group_noise_fashion_mnist,0,0.1,0.0,2110,2110,0,0,0,1,5013,pca,embedding,-0.48221707949487047,0.23499579183289496
manifold_group_noise_fashion_mnist,0,0.1,0.0,2111,2111,1,1,0,0,2111,pca,embedding,-0.4845219765910846,0.2010252727488376
manifold_group_noise_fashion_mnist,0,0.1,0.0,2112,2112,0,0,0,1,5012,pca,embedding,0.6764653825654878,-0.5692750560143283
manifold_group_noise_fashion_mnist,0,0.1,0.0,2113,2113,1,1,0,1,5039,pca,embedding,0.5355350781995705,0.5028519340321705
manifold_group_noise_fashion_mnist,0,0.1,0.0,2114,2114,1,1,0,0,2114,pca,embedding,0.33500119109421694,-0.22089641811930272
manifold_group_noise_fashion_mnist,0,0.1,0.0,2115,2115,0,0,0,0,2115,pca,embedding,0.9209654410188793,-0.4266598314189883
manifold_group_noise_fashion_mnist,0,0.1,0.0,2116,2116,0,0,0,1,5004,pca,embedding,0.6269438212149149,0.753965682519814
manifold_group_noise_fashion_mnist,0,0.1,0.0,2117,2117,1,1,0,1,5029,pca,embedding,-0.07978025028925795,-0.4985863525607537
manifold_group_noise_fashion_mnist,0,0.1,0.0,2118,2118,1,1,0,0,2118,pca,embedding,0.20398614691869849,-0.1056601440761705
manifold_group_noise_fashion_mnist,0,0.1,0.0,2119,2119,0,0,0,1,5006,pca,embedding,0.3571109993492384,-0.6477604698138006
manifold_group_noise_fashion_mnist,0,0.1,0.0,2120,2120,1,1,0,1,5052,pca,embedding,0.13953769345436012,0.466012456906861
manifold_group_noise_fashion_mnist,0,0.1,0.0,2121,2121,0,1,1,1,5048,pca,embedding,0.45814832192508825,0.2879306050734017
manifold_group_noise_fashion_mnist,0,0.1,0.0,2122,2122,1,0,1,1,5003,pca,embedding,-0.5867955472187929,0.3995064836249426
manifold_group_noise_fashion_mnist,0,0.1,0.0,2123,2123,0,0,0,1,5004,pca,embedding,0.5031657196145208,-0.6484550723510426
manifold_group_noise_fashion_mnist,0,0.1,0.0,2124,2124,1,1,0,1,5035,pca,embedding,-0.6682557621423971,-0.14345222393291596
manifold_group_noise_fashion_mnist,0,0.1,0.0,2125,2125,0,0,0,1,5018,pca,embedding,-0.6619098906867765,0.16477498203300273
manifold_group_noise_fashion_mnist,0,0.1,0.0,2126,2126,1,1,0,1,5052,pca,embedding,0.13953769345436012,0.466012456906861
manifold_group_noise_fashion_mnist,0,0.1,0.0,2127,2127,1,1,0,1,5046,pca,embedding,0.6895972894458564,-0.05687289007367548
manifold_group_noise_fashion_mnist,0,0.1,0.0,2128,2128,0,0,0,0,2128,pca,embedding,-0.4306146494716446,0.020083013126570754
manifold_group_noise_fashion_mnist,0,0.1,0.0,2129,2129,0,1,1,1,5038,pca,embedding,-0.3011135145808817,0.05178916898070157
manifold_group_noise_fashion_mnist,0,0.1,0.0,2130,2130,1,1,0,1,5050,pca,embedding,-0.9199423243694982,-0.0023904970327028457
manifold_group_noise_fashion_mnist,0,0.1,0.0,2131,2131,1,1,0,1,5029,pca,embedding,0.10044696531092938,-0.3104970482314274
manifold_group_noise_fashion_mnist,0,0.1,0.0,2132,2132,0,0,0,1,5018,pca,embedding,-0.7068305076471434,-0.2727428370183327
manifold_group_noise_fashion_mnist,0,0.1,0.0,2133,2133,1,1,0,1,5044,pca,embedding,-0.9167337871352412,0.0841411189432725
manifold_group_noise_fashion_mnist,0,0.1,0.0,2134,2134,0,0,0,1,5000,pca,embedding,-0.8482294791769429,-0.08288450113225698
manifold_group_noise_fashion_mnist,0,0.1,0.0,2135,2135,0,0,0,1,5016,pca,embedding,-0.8937822588494512,0.12556981205862594
manifold_group_noise_fashion_mnist,0,0.1,0.0,2136,2136,1,0,1,1,5003,pca,embedding,-0.45260111738806086,-0.30851149255503846
manifold_group_noise_fashion_mnist,0,0.1,0.0,2137,2137,0,0,0,1,5014,pca,embedding,0.6094692663789557,-0.8857080006630067
manifold_group_noise_fashion_mnist,0,0.1,0.0,2138,2138,0,0,0,1,5006,pca,embedding,0.6410339257040708,0.4604676149854941
manifold_group_noise_fashion_mnist,0,0.1,0.0,2139,2139,0,0,0,1,5002,pca,embedding,-0.2117470560556912,0.547480833510315
manifold_group_noise_fashion_mnist,0,0.1,0.0,2140,2140,1,1,0,1,5036,pca,embedding,-0.2865524427678605,-0.06377224014922256
manifold_group_noise_fashion_mnist,0,0.1,0.0,2141,2141,1,1,0,1,5044,pca,embedding,-0.843661349265209,-0.0516507547640452
manifold_group_noise_fashion_mnist,0,0.1,0.0,2142,2142,1,1,0,1,5030,pca,embedding,-0.8986246886737785,-0.05614817685687334
manifold_group_noise_fashion_mnist,0,0.1,0.0,2143,2143,0,0,0,1,5014,pca,embedding,0.718989782296045,0.8270892025905661
manifold_group_noise_fashion_mnist,0,0.1,0.0,2144,2144,1,1,0,1,5030,pca,embedding,-0.9768938384201941,0.07935520750661718
manifold_group_noise_fashion_mnist,0,0.1,0.0,2145,2145,0,0,0,1,5021,pca,embedding,-0.24725796788521498,-0.02935434662717168
manifold_group_noise_fashion_mnist,0,0.1,0.0,2146,2146,0,0,0,1,5013,pca,embedding,-0.36582371945831244,-0.22296090438783756
manifold_group_noise_fashion_mnist,0,0.1,0.0,2147,2147,0,0,0,1,5008,pca,embedding,-0.8658207883814171,-0.0845090131953525
manifold_group_noise_fashion_mnist,0,0.1,0.0,2148,2148,0,0,0,1,5018,pca,embedding,-0.6324876529989985,-0.27449072368453065
manifold_group_noise_fashion_mnist,0,0.1,0.0,2149,2149,1,0,1,1,5003,pca,embedding,-0.5867955472187929,0.3995064836249426
manifold_group_noise_fashion_mnist,0,0.1,0.0,2150,2150,0,0,0,1,5002,pca,embedding,-0.2117470560556912,0.547480833510315
manifold_group_noise_fashion_mnist,0,0.1,0.0,2151,2151,0,0,0,1,5012,pca,embedding,0.6240655861975803,0.8332339941930155
manifold_group_noise_fashion_mnist,0,0.1,0.0,2152,2152,1,1,0,1,5047,pca,embedding,0.47229173753255727,-0.5875095689339664
manifold_group_noise_fashion_mnist,0,0.1,0.0,2153,2153,0,0,0,1,5025,pca,embedding,0.7627814992073733,0.4172494545560207
manifold_group_noise_fashion_mnist,0,0.1,0.0,2154,2154,1,1,0,1,5050,pca,embedding,-0.9450620608695206,0.04936724501994212
manifold_group_noise_fashion_mnist,0,0.1,0.0,2155,2155,1,1,0,1,5033,pca,embedding,-0.06084142911395611,-0.14510503928318708
manifold_group_noise_fashion_mnist,0,0.1,0.0,2156,2156,1,1,0,1,5042,pca,embedding,-0.3068586001494239,0.4040958384554584
manifold_group_noise_fashion_mnist,0,0.1,0.0,2157,2157,1,1,0,1,5047,pca,embedding,0.7249619695057066,0.37652682078468536
manifold_group_noise_fashion_mnist,0,0.1,0.0,2158,2158,0,0,0,1,5005,pca,embedding,-0.2437376986905045,0.2533061168150995
manifold_group_noise_fashion_mnist,0,0.1,0.0,2159,2159,1,1,0,1,5027,pca,embedding,-0.9007933365954512,-0.03679384814473206
manifold_group_noise_fashion_mnist,0,0.1,0.0,2160,2160,1,1,0,1,5031,pca,embedding,-0.9731370356925513,0.12674329711315718
manifold_group_noise_fashion_mnist,0,0.1,0.0,2161,2161,1,1,0,1,5041,pca,embedding,0.6928153395855997,-0.3306144414103731
manifold_group_noise_fashion_mnist,0,0.1,0.0,2162,2162,1,1,0,1,5039,pca,embedding,0.3849742351500364,0.5273415814451405
manifold_group_noise_fashion_mnist,0,0.1,0.0,2163,2163,0,0,0,1,5006,pca,embedding,0.6063230907164234,-0.47359999038684386
manifold_group_noise_fashion_mnist,0,0.1,0.0,2164,2164,0,0,0,1,5023,pca,embedding,0.0864178640641554,-0.38424789215985833
manifold_group_noise_fashion_mnist,0,0.1,0.0,2165,2165,1,1,0,1,5049,pca,embedding,0.6866450052051727,-0.3090932390066733
manifold_group_noise_fashion_mnist,0,0.1,0.0,2166,2166,0,1,1,1,5038,pca,embedding,-0.45983247376997827,-0.20946979708881416
manifold_group_noise_fashion_mnist,0,0.1,0.0,2167,2167,0,0,0,1,5000,pca,embedding,-0.8808858228302126,-0.13124276441361393
manifold_group_noise_fashion_mnist,0,0.1,0.0,2168,2168,0,0,0,0,2168,pca,embedding,0.09361496775616247,-0.0058070092866260425
manifold_group_noise_fashion_mnist,0,0.1,0.0,2169,2169,1,1,0,1,5039,pca,embedding,0.37206170030670405,-0.3002692692134489
manifold_group_noise_fashion_mnist,0,0.1,0.0,2170,2170,0,0,0,1,5018,pca,embedding,-0.628037769619463,-0.032999878420948384
manifold_group_noise_fashion_mnist,0,0.1,0.0,2171,2171,0,0,0,1,5024,pca,embedding,0.5454844191355174,-0.8349077324238823
manifold_group_noise_fashion_mnist,0,0.1,0.0,2172,2172,0,0,0,1,5010,pca,embedding,-0.5618842969960751,-0.35176691039001934
manifold_group_noise_fashion_mnist,0,0.1,0.0,2173,2173,1,1,0,1,5036,pca,embedding,-0.31641481232626334,-0.058466435324013265
manifold_group_noise_fashion_mnist,0,0.1,0.0,2174,2174,1,1,0,1,5051,pca,embedding,-0.2699481842818249,0.10600597047603129
manifold_group_noise_fashion_mnist,0,0.1,0.0,2175,2175,1,1,0,1,5041,pca,embedding,0.6928153395855997,-0.3306144414103731
manifold_group_noise_fashion_mnist,0,0.1,0.0,2176,2176,1,1,0,1,5044,pca,embedding,-0.843661349265209,-0.0516507547640452
manifold_group_noise_fashion_mnist,0,0.1,0.0,2177,2177,0,0,0,1,5024,pca,embedding,0.40392033062496324,-0.8104792730580821
manifold_group_noise_fashion_mnist,0,0.1,0.0,2178,2178,1,1,0,0,2178,pca,embedding,0.18392656867753657,-0.3488379481871544
manifold_group_noise_fashion_mnist,0,0.1,0.0,2179,2179,0,0,0,1,5008,pca,embedding,-0.8787720486196546,-0.17554273541660886
manifold_group_noise_fashion_mnist,0,0.1,0.0,2180,2180,0,0,0,1,5014,pca,embedding,0.6094692663789557,-0.8857080006630067
manifold_group_noise_fashion_mnist,0,0.1,0.0,2181,2181,0,0,0,1,5022,pca,embedding,1.2148507964576958,-0.11253325295745925
manifold_group_noise_fashion_mnist,0,0.1,0.0,2182,2182,0,0,0,0,2182,pca,embedding,0.08617699878498399,0.18440286700114208
manifold_group_noise_fashion_mnist,0,0.1,0.0,2183,2183,1,1,0,1,5037,pca,embedding,-0.9580280240060483,0.08333890666241656
manifold_group_noise_fashion_mnist,0,0.1,0.0,2184,2184,1,1,0,1,5052,pca,embedding,0.13953769345436012,0.466012456906861
manifold_group_noise_fashion_mnist,0,0.1,0.0,2185,2185,0,0,0,1,5014,pca,embedding,0.7678978237283995,-0.11035586652796843
manifold_group_noise_fashion_mnist,0,0.1,0.0,2186,2186,1,1,0,1,5028,pca,embedding,-0.32799201527401,0.2988263243030795
manifold_group_noise_fashion_mnist,0,0.1,0.0,2187,2187,0,0,0,1,5020,pca,embedding,-0.9456050139887335,0.007970148219874733
manifold_group_noise_fashion_mnist,0,0.1,0.0,2188,2188,1,1,0,1,5040,pca,embedding,0.9638087423059953,-0.28401185930010076
manifold_group_noise_fashion_mnist,0,0.1,0.0,2189,2189,0,0,0,0,2189,pca,embedding,1.0649880482741012,-0.23922367517642174
manifold_group_noise_fashion_mnist,0,0.1,0.0,2190,2190,0,0,0,1,5005,pca,embedding,-0.1930334396864428,-0.11883543919769458
manifold_group_noise_fashion_mnist,0,0.1,0.0,2191,2191,0,0,0,0,2191,pca,embedding,-0.7854546934042795,0.10427567010028116
manifold_group_noise_fashion_mnist,0,0.1,0.0,2192,2192,0,0,0,1,5008,pca,embedding,-0.9080085731925809,0.10956613832573582
manifold_group_noise_fashion_mnist,0,0.1,0.0,2193,2193,0,0,0,1,5017,pca,embedding,0.42605699936471525,-0.3750157036441893
manifold_group_noise_fashion_mnist,0,0.1,0.0,2194,2194,1,1,0,1,5039,pca,embedding,0.3849742351500364,0.5273415814451405
manifold_group_noise_fashion_mnist,0,0.1,0.0,2195,2195,0,0,0,1,5020,pca,embedding,-0.9053120704472428,0.11838192333920014
manifold_group_noise_fashion_mnist,0,0.1,0.0,2196,2196,1,1,0,1,5052,pca,embedding,0.24166128823937189,0.16699958181553737
manifold_group_noise_fashion_mnist,0,0.1,0.0,2197,2197,1,1,0,1,5031,pca,embedding,-0.9162004028370493,0.13716690244661567
manifold_group_noise_fashion_mnist,0,0.1,0.0,2198,2198,1,1,0,1,5027,pca,embedding,-0.9911529266948478,0.11235758861556076
manifold_group_noise_fashion_mnist,0,0.1,0.0,2199,2199,0,0,0,1,5006,pca,embedding,0.518518536599198,-0.616854141535987
manifold_group_noise_fashion_mnist,0,0.1,0.0,2200,2200,1,1,0,1,5035,pca,embedding,-0.6667900596372172,-0.05734931063364601
manifold_group_noise_fashion_mnist,0,0.1,0.0,2201,2201,0,0,0,0,2201,pca,embedding,1.0059980415723357,-0.36920821667242165
manifold_group_noise_fashion_mnist,0,0.1,0.0,2202,2202,1,1,0,0,2202,pca,embedding,0.4786510471118117,0.12319188721275784
manifold_group_noise_fashion_mnist,0,0.1,0.0,2203,2203,1,1,0,1,5052,pca,embedding,0.24166128823937189,0.16699958181553737
manifold_group_noise_fashion_mnist,0,0.1,0.0,2204,2204,1,1,0,0,2204,pca,embedding,0.5989805072099833,-0.3037436773929466
manifold_group_noise_fashion_mnist,0,0.1,0.0,2205,2205,1,0,1,1,5003,pca,embedding,-0.5867955472187929,0.3995064836249426
manifold_group_noise_fashion_mnist,0,0.1,0.0,2206,2206,0,0,0,1,5026,pca,embedding,0.8643189313791584,-0.8625811275119452
manifold_group_noise_fashion_mnist,0,0.1,0.0,2207,2207,0,0,0,1,5023,pca,embedding,0.0036201547246776725,0.5994806089546517
manifold_group_noise_fashion_mnist,0,0.1,0.0,2208,2208,1,1,0,1,5040,pca,embedding,0.7710910029352435,-0.5296789409059545
manifold_group_noise_fashion_mnist,0,0.1,0.0,2209,2209,1,1,0,1,5042,pca,embedding,-0.3274342993611934,-0.3768450906929204
manifold_group_noise_fashion_mnist,0,0.1,0.0,2210,2210,0,0,0,1,5024,pca,embedding,0.7208546462036393,-0.6260184097886702
manifold_group_noise_fashion_mnist,0,0.1,0.0,2211,2211,0,0,0,1,5002,pca,embedding,0.10260216297295745,-0.06731487496185998
manifold_group_noise_fashion_mnist,0,0.1,0.0,2212,2212,0,0,0,1,5000,pca,embedding,-0.8749713165394155,0.06748194746060947
manifold_group_noise_fashion_mnist,0,0.1,0.0,2213,2213,1,1,0,1,5053,pca,embedding,-0.8190223520990317,-0.17867832197397182
manifold_group_noise_fashion_mnist,0,0.1,0.0,2214,2214,0,0,0,1,5002,pca,embedding,0.10260216297295745,-0.06731487496185998
manifold_group_noise_fashion_mnist,0,0.1,0.0,2215,2215,0,0,0,1,5016,pca,embedding,-0.8509677633996975,-0.01540338210347917
manifold_group_noise_fashion_mnist,0,0.1,0.0,2216,2216,1,1,0,1,5036,pca,embedding,-0.2763369883811938,-0.1922709193187338
manifold_group_noise_fashion_mnist,0,0.1,0.0,2217,2217,1,1,0,1,5042,pca,embedding,-0.4127925976884213,-0.34339609285048933
manifold_group_noise_fashion_mnist,0,0.1,0.0,2218,2218,1,1,0,1,5050,pca,embedding,-0.9450620608695206,0.04936724501994212
manifold_group_noise_fashion_mnist,0,0.1,0.0,2219,2219,0,0,0,1,5016,pca,embedding,-0.8606214056028432,-0.09417717477993456
manifold_group_noise_fashion_mnist,0,0.1,0.0,2220,2220,0,0,0,1,5015,pca,embedding,0.48973980449766374,-0.31214604955977876
manifold_group_noise_fashion_mnist,0,0.1,0.0,2221,2221,0,0,0,1,5004,pca,embedding,0.7235723359549333,-0.628179023815815
manifold_group_noise_fashion_mnist,0,0.1,0.0,2222,2222,0,0,0,1,5000,pca,embedding,-0.9222990863650858,0.15914510790245917
manifold_group_noise_fashion_mnist,0,0.1,0.0,2223,2223,1,1,0,1,5033,pca,embedding,0.049240911871216285,-0.022771137063452202
manifold_group_noise_fashion_mnist,0,0.1,0.0,2224,2224,1,0,1,1,5011,pca,embedding,0.8929993970153112,-0.7851538694798373
manifold_group_noise_fashion_mnist,0,0.1,0.0,2225,2225,0,0,0,1,5020,pca,embedding,-0.9410983793121367,0.06979016203590949
manifold_group_noise_fashion_mnist,0,0.1,0.0,2226,2226,1,1,0,1,5042,pca,embedding,-0.3068586001494239,0.4040958384554584
manifold_group_noise_fashion_mnist,0,0.1,0.0,2227,2227,1,1,0,1,5042,pca,embedding,-0.16787641680515858,0.1919524931848898
manifold_group_noise_fashion_mnist,0,0.1,0.0,2228,2228,0,0,0,1,5005,pca,embedding,-0.2437376986905045,0.2533061168150995
manifold_group_noise_fashion_mnist,0,0.1,0.0,2229,2229,0,0,0,1,5006,pca,embedding,0.3571109993492384,-0.6477604698138006
manifold_group_noise_fashion_mnist,0,0.1,0.0,2230,2230,1,1,0,0,2230,pca,embedding,-0.6321046933857429,-0.16674017213912962
manifold_group_noise_fashion_mnist,0,0.1,0.0,2231,2231,0,0,0,1,5016,pca,embedding,-0.8613599284232585,0.09269489457856302
manifold_group_noise_fashion_mnist,0,0.1,0.0,2232,2232,0,0,0,1,5010,pca,embedding,-0.3956760563016188,0.20052086556156357
manifold_group_noise_fashion_mnist,0,0.1,0.0,2233,2233,0,0,0,1,5008,pca,embedding,-0.8565874133472127,-0.12286073186371482
manifold_group_noise_fashion_mnist,0,0.1,0.0,2234,2234,0,0,0,0,2234,pca,embedding,-0.8708092945408067,0.037879657133172664
manifold_group_noise_fashion_mnist,0,0.1,0.0,2235,2235,0,0,0,1,5020,pca,embedding,-0.9440668526242639,0.04496192690596445
manifold_group_noise_fashion_mnist,0,0.1,0.0,2236,2236,1,1,0,0,2236,pca,embedding,0.7519001066261727,0.24515359087021107
manifold_group_noise_fashion_mnist,0,0.1,0.0,2237,2237,1,0,1,1,5011,pca,embedding,0.5432674704401125,-0.5302769107061
manifold_group_noise_fashion_mnist,0,0.1,0.0,2238,2238,0,1,1,1,5038,pca,embedding,-0.3011135145808817,0.05178916898070157
manifold_group_noise_fashion_mnist,0,0.1,0.0,2239,2239,1,1,0,1,5030,pca,embedding,-0.9209395414848962,-0.018646721701809244
manifold_group_noise_fashion_mnist,0,0.1,0.0,2240,2240,1,1,0,1,5037,pca,embedding,-0.9762480304217256,0.10942907711503254
manifold_group_noise_fashion_mnist,0,0.1,0.0,2241,2241,1,1,0,1,5028,pca,embedding,-0.2525708642257593,0.05606018467327206
manifold_group_noise_fashion_mnist,0,0.1,0.0,2242,2242,1,1,0,1,5051,pca,embedding,-0.2699481842818249,0.10600597047603129
manifold_group_noise_fashion_mnist,0,0.1,0.0,2243,2243,0,0,0,0,2243,pca,embedding,-0.5153601388401413,0.06541531021089728
manifold_group_noise_fashion_mnist,0,0.1,0.0,2244,2244,1,1,0,1,5032,pca,embedding,-0.02250019034847266,-0.10335939729586405
manifold_group_noise_fashion_mnist,0,0.1,0.0,2245,2245,1,1,0,0,2245,pca,embedding,0.6976633809750001,0.24996098766372543
manifold_group_noise_fashion_mnist,0,0.1,0.0,2246,2246,0,0,0,1,5004,pca,embedding,0.6269438212149149,0.753965682519814
manifold_group_noise_fashion_mnist,0,0.1,0.0,2247,2247,0,1,1,1,5038,pca,embedding,-0.4865390272742224,0.22012354869258674
manifold_group_noise_fashion_mnist,0,0.1,0.0,2248,2248,1,1,0,1,5052,pca,embedding,0.10914625155416985,-0.30537753538901524
manifold_group_noise_fashion_mnist,0,0.1,0.0,2249,2249,1,1,0,1,5028,pca,embedding,-0.37137490070519363,-0.16509133732935938
manifold_group_noise_fashion_mnist,0,0.1,0.0,2250,2250,1,1,0,1,5044,pca,embedding,-0.9167337871352412,0.0841411189432725
manifold_group_noise_fashion_mnist,0,0.1,0.0,2251,2251,1,1,0,1,5032,pca,embedding,-0.12001382295393728,-0.44909780545812994
manifold_group_noise_fashion_mnist,0,0.1,0.0,2252,2252,1,1,0,1,5033,pca,embedding,-0.10442203587564625,-0.17973282596100293
manifold_group_noise_fashion_mnist,0,0.1,0.0,2253,2253,0,0,0,1,5022,pca,embedding,1.0125057543847131,-0.00418424783879795
manifold_group_noise_fashion_mnist,0,0.1,0.0,2254,2254,1,1,0,1,5044,pca,embedding,-0.933462347711011,-0.0010421903387687545
manifold_group_noise_fashion_mnist,0,0.1,0.0,2255,2255,1,1,0,1,5036,pca,embedding,-0.31641481232626334,-0.058466435324013265
manifold_group_noise_fashion_mnist,0,0.1,0.0,2256,2256,1,1,0,1,5030,pca,embedding,-0.9768938384201941,0.07935520750661718
manifold_group_noise_fashion_mnist,0,0.1,0.0,2257,2257,1,1,0,1,5044,pca,embedding,-0.9167337871352412,0.0841411189432725
manifold_group_noise_fashion_mnist,0,0.1,0.0,2258,2258,0,0,0,0,2258,pca,embedding,-0.8700343462415512,0.0016547697133237685
manifold_group_noise_fashion_mnist,0,0.1,0.0,2259,2259,1,1,0,1,5031,pca,embedding,-0.8982236713284689,-0.07541557230163486
manifold_group_noise_fashion_mnist,0,0.1,0.0,2260,2260,1,1,0,1,5037,pca,embedding,-0.9580280240060483,0.08333890666241656
manifold_group_noise_fashion_mnist,0,0.1,0.0,2261,2261,1,1,0,1,5028,pca,embedding,-0.32799201527401,0.2988263243030795
manifold_group_noise_fashion_mnist,0,0.1,0.0,2262,2262,1,1,0,1,5043,pca,embedding,-0.9039169020509286,-0.008314721414324613
manifold_group_noise_fashion_mnist,0,0.1,0.0,2263,2263,0,0,0,1,5021,pca,embedding,-0.3662240074576506,-0.463910961403198
manifold_group_noise_fashion_mnist,0,0.1,0.0,2264,2264,0,0,0,1,5010,pca,embedding,-0.5618842969960751,-0.35176691039001934
manifold_group_noise_fashion_mnist,0,0.1,0.0,2265,2265,0,0,0,1,5008,pca,embedding,-0.8611456162684513,0.10534178251913111
manifold_group_noise_fashion_mnist,0,0.1,0.0,2266,2266,0,0,0,1,5007,pca,embedding,0.43282795794124146,0.7450040285770225
manifold_group_noise_fashion_mnist,0,0.1,0.0,2267,2267,1,1,0,1,5027,pca,embedding,-0.9007933365954512,-0.03679384814473206
manifold_group_noise_fashion_mnist,0,0.1,0.0,2268,2268,1,1,0,1,5041,pca,embedding,0.7922295720863074,0.13292160942370107
manifold_group_noise_fashion_mnist,0,0.1,0.0,2269,2269,1,1,0,1,5042,pca,embedding,-0.4127925976884213,-0.34339609285048933
manifold_group_noise_fashion_mnist,0,0.1,0.0,2270,2270,1,1,0,1,5030,pca,embedding,-0.9284579928390012,0.07757571507984015
manifold_group_noise_fashion_mnist,0,0.1,0.0,2271,2271,1,1,0,1,5032,pca,embedding,0.07903633822753363,0.5866221099744201
manifold_group_noise_fashion_mnist,0,0.1,0.0,2272,2272,0,0,0,1,5008,pca,embedding,-0.8611456162684513,0.10534178251913111
manifold_group_noise_fashion_mnist,0,0.1,0.0,2273,2273,0,0,0,0,2273,pca,embedding,-0.032532122295803774,0.11671643693768702
manifold_group_noise_fashion_mnist,0,0.1,0.0,2274,2274,1,1,0,1,5033,pca,embedding,0.049240911871216285,-0.022771137063452202
manifold_group_noise_fashion_mnist,0,0.1,0.0,2275,2275,0,0,0,1,5008,pca,embedding,-0.9737773675552853,0.16068898342029672
manifold_group_noise_fashion_mnist,0,0.1,0.0,2276,2276,0,0,0,1,5015,pca,embedding,0.36309635343966606,0.1356549376983435
manifold_group_noise_fashion_mnist,0,0.1,0.0,2277,2277,0,0,0,1,5023,pca,embedding,0.0841863221523352,-0.05160719290648352
manifold_group_noise_fashion_mnist,0,0.1,0.0,2278,2278,1,1,0,1,5033,pca,embedding,-0.05403442256539707,0.022221309570141585
manifold_group_noise_fashion_mnist,0,0.1,0.0,2279,2279,1,1,0,1,5053,pca,embedding,-0.8347119940107677,-0.11239785125439054
manifold_group_noise_fashion_mnist,0,0.1,0.0,2280,2280,1,1,0,0,2280,pca,embedding,0.21494525592787436,0.10194720586553271
manifold_group_noise_fashion_mnist,0,0.1,0.0,2281,2281,1,1,0,1,5046,pca,embedding,0.6611969648830791,0.45570854457596516
manifold_group_noise_fashion_mnist,0,0.1,0.0,2282,2282,0,0,0,1,5024,pca,embedding,0.6424016200090048,0.8677764177210021
manifold_group_noise_fashion_mnist,0,0.1,0.0,2283,2283,1,1,0,1,5047,pca,embedding,0.729633192425867,-0.03109136982957045
manifold_group_noise_fashion_mnist,0,0.1,0.0,2284,2284,0,0,0,1,5001,pca,embedding,-0.006692417704869048,0.5592152905925705
manifold_group_noise_fashion_mnist,0,0.1,0.0,2285,2285,0,0,0,1,5021,pca,embedding,-0.34935337459515076,0.4942954621587609
manifold_group_noise_fashion_mnist,0,0.1,0.0,2286,2286,1,1,0,1,5039,pca,embedding,0.48517537800047467,0.2669129748777002
manifold_group_noise_fashion_mnist,0,0.1,0.0,2287,2287,0,0,0,1,5025,pca,embedding,0.6654793438561444,0.8026063075013705
manifold_group_noise_fashion_mnist,0,0.1,0.0,2288,2288,1,1,0,0,2288,pca,embedding,0.7106528622035316,-0.5096995503067216
manifold_group_noise_fashion_mnist,0,0.1,0.0,2289,2289,0,1,1,1,5034,pca,embedding,-0.2274209305196443,-0.5102599059686482
manifold_group_noise_fashion_mnist,0,0.1,0.0,2290,2290,0,0,0,1,5026,pca,embedding,1.0993043753482634,0.445419991227088
manifold_group_noise_fashion_mnist,0,0.1,0.0,2291,2291,0,0,0,1,5024,pca,embedding,0.6919665191723983,0.44595596884533295
manifold_group_noise_fashion_mnist,0,0.1,0.0,2292,2292,0,0,0,1,5014,pca,embedding,0.7819002482367414,0.4216230558006338
manifold_group_noise_fashion_mnist,0,0.1,0.0,2293,2293,0,1,1,1,5034,pca,embedding,-0.29932229024069257,-0.31215301073798424
manifold_group_noise_fashion_mnist,0,0.1,0.0,2294,2294,0,0,0,1,5013,pca,embedding,-0.4288956031971049,0.16021457407107811
manifold_group_noise_fashion_mnist,0,0.1,0.0,2295,2295,0,0,0,1,5002,pca,embedding,-0.2117470560556912,0.547480833510315
manifold_group_noise_fashion_mnist,0,0.1,0.0,2296,2296,1,1,0,1,5035,pca,embedding,-0.6907325892166274,-0.031989763750844905
manifold_group_noise_fashion_mnist,0,0.1,0.0,2297,2297,1,1,0,1,5044,pca,embedding,-0.9091766115255149,0.038075374351118275
manifold_group_noise_fashion_mnist,0,0.1,0.0,2298,2298,1,1,0,1,5035,pca,embedding,-0.68284923201481,0.010838406478870036
manifold_group_noise_fashion_mnist,0,0.1,0.0,2299,2299,0,0,0,1,5026,pca,embedding,1.0993043753482634,0.445419991227088
manifold_group_noise_fashion_mnist,0,0.1,0.0,2300,2300,1,1,0,1,5030,pca,embedding,-0.9049921226092401,0.03200052111372305
manifold_group_noise_fashion_mnist,0,0.1,0.0,2301,2301,1,1,0,1,5050,pca,embedding,-0.9458074764089357,0.06719536729600156
manifold_group_noise_fashion_mnist,0,0.1,0.0,2302,2302,1,1,0,1,5035,pca,embedding,-0.6667900596372172,-0.05734931063364601
manifold_group_noise_fashion_mnist,0,0.1,0.0,2303,2303,1,1,0,1,5047,pca,embedding,0.47663175777198696,0.6580462171416843
manifold_group_noise_fashion_mnist,0,0.1,0.0,2304,2304,1,1,0,1,5045,pca,embedding,0.17877850047817162,0.5653329789285274
manifold_group_noise_fashion_mnist,0,0.1,0.0,2305,2305,0,0,0,1,5001,pca,embedding,-0.12765943280361497,-0.5738520202319681
manifold_group_noise_fashion_mnist,0,0.1,0.0,2306,2306,0,0,0,1,5012,pca,embedding,0.4584089151293429,-0.7438637608381921
manifold_group_noise_fashion_mnist,0,0.1,0.0,2307,2307,1,1,0,0,2307,pca,embedding,0.7277313851342605,0.5582196008463425
manifold_group_noise_fashion_mnist,0,0.1,0.0,2308,2308,0,0,0,1,5018,pca,embedding,-0.7119279355481256,0.27976735700153244
manifold_group_noise_fashion_mnist,0,0.1,0.0,2309,2309,1,1,0,0,2309,pca,embedding,0.30663447038588393,0.2759606339097439
manifold_group_noise_fashion_mnist,0,0.1,0.0,2310,2310,0,0,0,1,5019,pca,embedding,-0.1695984444273197,-0.513917645708105
manifold_group_noise_fashion_mnist,0,0.1,0.0,2311,2311,1,1,0,1,5041,pca,embedding,0.7443488506377949,-0.4672575518070577
manifold_group_noise_fashion_mnist,0,0.1,0.0,2312,2312,1,1,0,0,2312,pca,embedding,-0.07864234827137336,0.07424745612913575
manifold_group_noise_fashion_mnist,0,0.1,0.0,2313,2313,1,1,0,1,5046,pca,embedding,0.6953800120830995,0.16340664424745815
manifold_group_noise_fashion_mnist,0,0.1,0.0,2314,2314,0,0,0,0,2314,pca,embedding,-0.6411786515984975,0.12359201870900126
manifold_group_noise_fashion_mnist,0,0.1,0.0,2315,2315,0,0,0,1,5026,pca,embedding,0.7946394663777341,0.8405887732287723
manifold_group_noise_fashion_mnist,0,0.1,0.0,2316,2316,0,0,0,1,5002,pca,embedding,-0.08399927975891605,-0.5971379721574014
manifold_group_noise_fashion_mnist,0,0.1,0.0,2317,2317,0,0,0,1,5016,pca,embedding,-0.8698765513174348,-0.18625840002257832
manifold_group_noise_fashion_mnist,0,0.1,0.0,2318,2318,1,1,0,1,5047,pca,embedding,0.47229173753255727,-0.5875095689339664
manifold_group_noise_fashion_mnist,0,0.1,0.0,2319,2319,0,0,0,1,5012,pca,embedding,0.5957482406484725,0.43171252958647444
manifold_group_noise_fashion_mnist,0,0.1,0.0,2320,2320,0,0,0,1,5009,pca,embedding,0.5100981380438481,0.8762758247061757
manifold_group_noise_fashion_mnist,0,0.1,0.0,2321,2321,0,0,0,1,5002,pca,embedding,0.020361518541574405,0.3328756841735916
manifold_group_noise_fashion_mnist,0,0.1,0.0,2322,2322,1,1,0,1,5029,pca,embedding,-0.07978025028925795,-0.4985863525607537
manifold_group_noise_fashion_mnist,0,0.1,0.0,2323,2323,0,1,1,1,5038,pca,embedding,-0.45983247376997827,-0.20946979708881416
manifold_group_noise_fashion_mnist,0,0.1,0.0,2324,2324,0,0,0,1,5010,pca,embedding,-0.5618842969960751,-0.35176691039001934
manifold_group_noise_fashion_mnist,0,0.1,0.0,2325,2325,1,1,0,1,5030,pca,embedding,-0.8986246886737785,-0.05614817685687334
manifold_group_noise_fashion_mnist,0,0.1,0.0,2326,2326,1,1,0,1,5028,pca,embedding,-0.27962917186446695,0.23646562433701093
manifold_group_noise_fashion_mnist,0,0.1,0.0,2327,2327,0,1,1,1,5034,pca,embedding,-0.44965444129472765,-0.41181674820939296
manifold_group_noise_fashion_mnist,0,0.1,0.0,2328,2328,0,0,0,1,5005,pca,embedding,-0.31172248458921004,-0.28757371885534044
manifold_group_noise_fashion_mnist,0,0.1,0.0,2329,2329,1,1,0,1,5037,pca,embedding,-0.9371061195794866,-0.01734109524114106
manifold_group_noise_fashion_mnist,0,0.1,0.0,2330,2330,0,0,0,1,5000,pca,embedding,-0.8808858228302126,-0.13124276441361393
manifold_group_noise_fashion_mnist,0,0.1,0.0,2331,2331,1,1,0,1,5039,pca,embedding,0.5094749282186216,0.06967932054091527
manifold_group_noise_fashion_mnist,0,0.1,0.0,2332,2332,1,1,0,0,2332,pca,embedding,-0.12717282239393515,-0.41005959444102846
manifold_group_noise_fashion_mnist,0,0.1,0.0,2333,2333,0,0,0,1,5025,pca,embedding,0.7627814992073733,0.4172494545560207
manifold_group_noise_fashion_mnist,0,0.1,0.0,2334,2334,0,0,0,0,2334,pca,embedding,0.4889007695784774,-0.34923922386661976
manifold_group_noise_fashion_mnist,0,0.1,0.0,2335,2335,0,0,0,1,5002,pca,embedding,-0.11522652685558007,-0.5418229011217831
manifold_group_noise_fashion_mnist,0,0.1,0.0,2336,2336,0,0,0,0,2336,pca,embedding,0.8612875482920292,0.1776262955393754
manifold_group_noise_fashion_mnist,0,0.1,0.0,2337,2337,1,1,0,1,5047,pca,embedding,0.7359654595970002,-0.3933056832986886
manifold_group_noise_fashion_mnist,0,0.1,0.0,2338,2338,0,0,0,0,2338,pca,embedding,-0.349738552615009,-0.007846640096076794
manifold_group_noise_fashion_mnist,0,0.1,0.0,2339,2339,1,1,0,1,5053,pca,embedding,-0.8131982104448544,0.23171335690141862
manifold_group_noise_fashion_mnist,0,0.1,0.0,2340,2340,0,0,0,1,5014,pca,embedding,0.44780551161153503,0.8442172733287745
manifold_group_noise_fashion_mnist,0,0.1,0.0,2341,2341,1,1,0,1,5033,pca,embedding,-0.06084142911395611,-0.14510503928318708
manifold_group_noise_fashion_mnist,0,0.1,0.0,2342,2342,1,0,1,1,5011,pca,embedding,0.7901097615757326,0.8180809241983882
manifold_group_noise_fashion_mnist,0,0.1,0.0,2343,2343,1,1,0,1,5033,pca,embedding,-0.08413689553411402,0.052640607129399185
manifold_group_noise_fashion_mnist,0,0.1,0.0,2344,2344,0,0,0,1,5010,pca,embedding,-0.3836887104368455,-0.11862094480741558
manifold_group_noise_fashion_mnist,0,0.1,0.0,2345,2345,0,0,0,1,5020,pca,embedding,-0.9456050139887335,0.007970148219874733
manifold_group_noise_fashion_mnist,0,0.1,0.0,2346,2346,0,1,1,1,5038,pca,embedding,-0.3133958956434428,-0.2556486466657895
manifold_group_noise_fashion_mnist,0,0.1,0.0,2347,2347,1,1,0,1,5052,pca,embedding,0.4416019357927238,-0.005862614870209185
manifold_group_noise_fashion_mnist,0,0.1,0.0,2348,2348,1,1,0,0,2348,pca,embedding,0.359986987212128,0.29049635929316747
manifold_group_noise_fashion_mnist,0,0.1,0.0,2349,2349,0,0,0,1,5009,pca,embedding,0.5100981380438481,0.8762758247061757
manifold_group_noise_fashion_mnist,0,0.1,0.0,2350,2350,1,1,0,1,5049,pca,embedding,1.0547771071837813,0.10684690445816442
manifold_group_noise_fashion_mnist,0,0.1,0.0,2351,2351,0,1,1,1,5038,pca,embedding,-0.45983247376997827,-0.20946979708881416
manifold_group_noise_fashion_mnist,0,0.1,0.0,2352,2352,1,1,0,1,5041,pca,embedding,0.7443488506377949,-0.4672575518070577
manifold_group_noise_fashion_mnist,0,0.1,0.0,2353,2353,1,1,0,1,5044,pca,embedding,-0.9133556874760866,0.09762823703241387
manifold_group_noise_fashion_mnist,0,0.1,0.0,2354,2354,0,0,0,1,5007,pca,embedding,0.7291246551669253,0.773012138138884
manifold_group_noise_fashion_mnist,0,0.1,0.0,2355,2355,1,1,0,1,5029,pca,embedding,-0.06120646705682106,0.5882067202608642
manifold_group_noise_fashion_mnist,0,0.1,0.0,2356,2356,0,0,0,1,5026,pca,embedding,0.9903016690799857,-0.6452619903771234
manifold_group_noise_fashion_mnist,0,0.1,0.0,2357,2357,0,0,0,1,5018,pca,embedding,-0.7119279355481256,0.27976735700153244
manifold_group_noise_fashion_mnist,0,0.1,0.0,2358,2358,1,1,0,0,2358,pca,embedding,0.26320140919611906,-0.38048570623908606
manifold_group_noise_fashion_mnist,0,0.1,0.0,2359,2359,0,1,1,1,5034,pca,embedding,-0.1823320278503068,-0.07631481612649957
manifold_group_noise_fashion_mnist,0,0.1,0.0,2360,2360,1,1,0,1,5047,pca,embedding,0.7359654595970002,-0.3933056832986886
manifold_group_noise_fashion_mnist,0,0.1,0.0,2361,2361,1,1,0,1,5035,pca,embedding,-0.68284923201481,0.010838406478870036
manifold_group_noise_fashion_mnist,0,0.1,0.0,2362,2362,1,1,0,0,2362,pca,embedding,0.8529146503720777,0.2514447221219942
manifold_group_noise_fashion_mnist,0,0.1,0.0,2363,2363,1,1,0,1,5031,pca,embedding,-0.9731370356925513,0.12674329711315718
manifold_group_noise_fashion_mnist,0,0.1,0.0,2364,2364,1,1,0,1,5052,pca,embedding,0.13953769345436012,0.466012456906861
manifold_group_noise_fashion_mnist,0,0.1,0.0,2365,2365,0,0,0,1,5014,pca,embedding,0.718989782296045,0.8270892025905661
manifold_group_noise_fashion_mnist,0,0.1,0.0,2366,2366,0,0,0,1,5019,pca,embedding,-0.00446671967501503,-0.5229068986423999
manifold_group_noise_fashion_mnist,0,0.1,0.0,2367,2367,0,0,0,1,5026,pca,embedding,0.8643189313791584,-0.8625811275119452
manifold_group_noise_fashion_mnist,0,0.1,0.0,2368,2368,0,0,0,1,5007,pca,embedding,0.5548387942798669,-0.8298790653007133
manifold_group_noise_fashion_mnist,0,0.1,0.0,2369,2369,0,0,0,0,2369,pca,embedding,-0.2694052328933375,0.15882797571030982
manifold_group_noise_fashion_mnist,0,0.1,0.0,2370,2370,0,1,1,1,5038,pca,embedding,-0.29061198396498966,0.12831690703302223
manifold_group_noise_fashion_mnist,0,0.1,0.0,2371,2371,1,1,0,1,5044,pca,embedding,-0.9167337871352412,0.0841411189432725
manifold_group_noise_fashion_mnist,0,0.1,0.0,2372,2372,0,0,0,1,5025,pca,embedding,0.7627814992073733,0.4172494545560207
manifold_group_noise_fashion_mnist,0,0.1,0.0,2373,2373,1,1,0,1,5036,pca,embedding,-0.2779250082440216,-0.10291686773453615
manifold_group_noise_fashion_mnist,0,0.1,0.0,2374,2374,1,1,0,1,5046,pca,embedding,0.6611969648830791,0.45570854457596516
manifold_group_noise_fashion_mnist,0,0.1,0.0,2375,2375,0,0,0,1,5004,pca,embedding,0.5031657196145208,-0.6484550723510426
manifold_group_noise_fashion_mnist,0,0.1,0.0,2376,2376,1,1,0,1,5047,pca,embedding,0.7249619695057066,0.37652682078468536
manifold_group_noise_fashion_mnist,0,0.1,0.0,2377,2377,1,1,0,1,5046,pca,embedding,0.5884248806326429,-0.39782166967708305
manifold_group_noise_fashion_mnist,0,0.1,0.0,2378,2378,0,0,0,0,2378,pca,embedding,-0.01401555595597836,-0.4465197773342483
manifold_group_noise_fashion_mnist,0,0.1,0.0,2379,2379,1,1,0,1,5027,pca,embedding,-0.9007933365954512,-0.03679384814473206
manifold_group_noise_fashion_mnist,0,0.1,0.0,2380,2380,1,1,0,1,5042,pca,embedding,-0.20179748171251805,-0.2402258342572528
manifold_group_noise_fashion_mnist,0,0.1,0.0,2381,2381,1,1,0,1,5047,pca,embedding,0.47229173753255727,-0.5875095689339664
manifold_group_noise_fashion_mnist,0,0.1,0.0,2382,2382,0,0,0,1,5008,pca,embedding,-0.8658207883814171,-0.0845090131953525
manifold_group_noise_fashion_mnist,0,0.1,0.0,2383,2383,1,1,0,1,5041,pca,embedding,0.7425797977958124,0.47666419553084505
manifold_group_noise_fashion_mnist,0,0.1,0.0,2384,2384,1,1,0,1,5053,pca,embedding,-0.8190223520990317,-0.17867832197397182
manifold_group_noise_fashion_mnist,0,0.1,0.0,2385,2385,0,0,0,1,5006,pca,embedding,0.6410339257040708,0.4604676149854941
manifold_group_noise_fashion_mnist,0,0.1,0.0,2386,2386,1,1,0,1,5030,pca,embedding,-0.9455090455338427,0.07845324522804312
manifold_group_noise_fashion_mnist,0,0.1,0.0,2387,2387,1,1,0,1,5051,pca,embedding,-0.3074325805278038,-0.12513059156820394
manifold_group_noise_fashion_mnist,0,0.1,0.0,2388,2388,1,1,0,1,5035,pca,embedding,-0.6907325892166274,-0.031989763750844905
manifold_group_noise_fashion_mnist,0,0.1,0.0,2389,2389,0,1,1,1,5038,pca,embedding,-0.29061198396498966,0.12831690703302223
manifold_group_noise_fashion_mnist,0,0.1,0.0,2390,2390,0,0,0,1,5021,pca,embedding,-0.34935337459515076,0.4942954621587609
manifold_group_noise_fashion_mnist,0,0.1,0.0,2391,2391,0,0,0,1,5009,pca,embedding,0.6127583133987617,-0.6612610834316213
manifold_group_noise_fashion_mnist,0,0.1,0.0,2392,2392,0,0,0,0,2392,pca,embedding,-0.3799595750318702,0.12292925031702015
manifold_group_noise_fashion_mnist,0,0.1,0.0,2393,2393,1,1,0,1,5045,pca,embedding,-0.02391215099255585,0.6742171915371686
manifold_group_noise_fashion_mnist,0,0.1,0.0,2394,2394,0,0,0,1,5026,pca,embedding,0.7946394663777341,0.8405887732287723
manifold_group_noise_fashion_mnist,0,0.1,0.0,2395,2395,0,0,0,0,2395,pca,embedding,-0.9411996136840215,-0.010870741656579332
manifold_group_noise_fashion_mnist,0,0.1,0.0,2396,2396,0,0,0,1,5010,pca,embedding,-0.40504166856836465,-0.33309503943000657
manifold_group_noise_fashion_mnist,0,0.1,0.0,2397,2397,1,1,0,1,5039,pca,embedding,0.48517537800047467,0.2669129748777002
manifold_group_noise_fashion_mnist,0,0.1,0.0,2398,2398,1,1,0,1,5039,pca,embedding,0.5355350781995705,0.5028519340321705
manifold_group_noise_fashion_mnist,0,0.1,0.0,2399,2399,1,1,0,1,5028,pca,embedding,-0.32799201527401,0.2988263243030795
manifold_group_noise_fashion_mnist,0,0.1,0.0,2400,2400,1,1,0,1,5042,pca,embedding,-0.3274342993611934,-0.3768450906929204
manifold_group_noise_fashion_mnist,0,0.1,0.0,2401,2401,0,1,1,1,5038,pca,embedding,-0.3011135145808817,0.05178916898070157
manifold_group_noise_fashion_mnist,0,0.1,0.0,2402,2402,1,1,0,0,2402,pca,embedding,-0.023350433031263607,-0.23198858341049083
manifold_group_noise_fashion_mnist,0,0.1,0.0,2403,2403,1,1,0,1,5035,pca,embedding,-0.6907325892166274,-0.031989763750844905
manifold_group_noise_fashion_mnist,0,0.1,0.0,2404,2404,0,1,1,1,5048,pca,embedding,0.3741941644556492,-0.45362821265891873
manifold_group_noise_fashion_mnist,0,0.1,0.0,2405,2405,0,0,0,1,5000,pca,embedding,-0.9222990863650858,0.15914510790245917
manifold_group_noise_fashion_mnist,0,0.1,0.0,2406,2406,0,0,0,1,5002,pca,embedding,0.020361518541574405,0.3328756841735916
manifold_group_noise_fashion_mnist,0,0.1,0.0,2407,2407,1,1,0,1,5037,pca,embedding,-0.9325361386225219,-0.07610008813512513
manifold_group_noise_fashion_mnist,0,0.1,0.0,2408,2408,0,1,1,1,5034,pca,embedding,-0.1823320278503068,-0.07631481612649957
manifold_group_noise_fashion_mnist,0,0.1,0.0,2409,2409,0,0,0,1,5023,pca,embedding,-0.11314242403099775,-0.5582749446079514
manifold_group_noise_fashion_mnist,0,0.1,0.0,2410,2410,0,0,0,1,5020,pca,embedding,-0.9456050139887335,0.007970148219874733
manifold_group_noise_fashion_mnist,0,0.1,0.0,2411,2411,0,0,0,1,5009,pca,embedding,0.6127583133987617,-0.6612610834316213
manifold_group_noise_fashion_mnist,0,0.1,0.0,2412,2412,0,0,0,1,5002,pca,embedding,0.10260216297295745,-0.06731487496185998
manifold_group_noise_fashion_mnist,0,0.1,0.0,2413,2413,1,1,0,0,2413,pca,embedding,0.570881341902028,0.3472790182669584
manifold_group_noise_fashion_mnist,0,0.1,0.0,2414,2414,1,0,1,1,5011,pca,embedding,0.7695558704728208,-0.7662839938955993
manifold_group_noise_fashion_mnist,0,0.1,0.0,2415,2415,0,0,0,1,5022,pca,embedding,1.176228055621214,-0.04947752053331311
manifold_group_noise_fashion_mnist,0,0.1,0.0,2416,2416,0,0,0,1,5001,pca,embedding,-0.12765943280361497,-0.5738520202319681
manifold_group_noise_fashion_mnist,0,0.1,0.0,2417,2417,1,1,0,1,5031,pca,embedding,-0.9246896116650437,-0.08310130915247531
manifold_group_noise_fashion_mnist,0,0.1,0.0,2418,2418,0,1,1,1,5048,pca,embedding,0.41767860616153984,-0.042638677409208486
manifold_group_noise_fashion_mnist,0,0.1,0.0,2419,2419,0,0,0,1,5017,pca,embedding,0.6982379606993114,0.05101047232937288
manifold_group_noise_fashion_mnist,0,0.1,0.0,2420,2420,1,1,0,1,5041,pca,embedding,0.7425797977958124,0.47666419553084505
manifold_group_noise_fashion_mnist,0,0.1,0.0,2421,2421,0,1,1,1,5048,pca,embedding,0.6069921774701434,0.2722664729588759
manifold_group_noise_fashion_mnist,0,0.1,0.0,2422,2422,1,1,0,1,5049,pca,embedding,1.0547771071837813,0.10684690445816442
manifold_group_noise_fashion_mnist,0,0.1,0.0,2423,2423,1,1,0,1,5031,pca,embedding,-0.9731370356925513,0.12674329711315718
manifold_group_noise_fashion_mnist,0,0.1,0.0,2424,2424,0,0,0,1,5017,pca,embedding,0.3628592586363235,-0.6497484190453691
manifold_group_noise_fashion_mnist,0,0.1,0.0,2425,2425,0,0,0,1,5026,pca,embedding,0.7946394663777341,0.8405887732287723
manifold_group_noise_fashion_mnist,0,0.1,0.0,2426,2426,1,1,0,1,5046,pca,embedding,0.6611969648830791,0.45570854457596516
manifold_group_noise_fashion_mnist,0,0.1,0.0,2427,2427,1,1,0,1,5051,pca,embedding,-0.2699481842818249,0.10600597047603129
manifold_group_noise_fashion_mnist,0,0.1,0.0,2428,2428,1,1,0,1,5029,pca,embedding,-0.15465427874560161,-0.46454119769857777
manifold_group_noise_fashion_mnist,0,0.1,0.0,2429,2429,1,1,0,1,5036,pca,embedding,-0.2779250082440216,-0.10291686773453615
manifold_group_noise_fashion_mnist,0,0.1,0.0,2430,2430,0,0,0,1,5019,pca,embedding,0.1795322050985486,0.35000335771312635
manifold_group_noise_fashion_mnist,0,0.1,0.0,2431,2431,0,0,0,1,5012,pca,embedding,0.6240655861975803,0.8332339941930155
manifold_group_noise_fashion_mnist,0,0.1,0.0,2432,2432,0,0,0,1,5019,pca,embedding,-0.1695984444273197,-0.513917645708105
manifold_group_noise_fashion_mnist,0,0.1,0.0,2433,2433,1,1,0,1,5035,pca,embedding,-0.6682557621423971,-0.14345222393291596
manifold_group_noise_fashion_mnist,0,0.1,0.0,2434,2434,1,1,0,1,5043,pca,embedding,-0.9211316397429528,-0.06569601781009227
manifold_group_noise_fashion_mnist,0,0.1,0.0,2435,2435,0,0,0,1,5012,pca,embedding,0.6764653825654878,-0.5692750560143283
manifold_group_noise_fashion_mnist,0,0.1,0.0,2436,2436,0,0,0,1,5023,pca,embedding,-0.20106258275528202,0.5873934191056738
manifold_group_noise_fashion_mnist,0,0.1,0.0,2437,2437,1,1,0,1,5045,pca,embedding,0.1304912671999888,-0.6719086593098074
manifold_group_noise_fashion_mnist,0,0.1,0.0,2438,2438,0,0,0,0,2438,pca,embedding,-0.2996964933383972,-0.09981562495661171
manifold_group_noise_fashion_mnist,0,0.1,0.0,2439,2439,0,0,0,0,2439,pca,embedding,0.6131149295295136,-0.12669353457826854
manifold_group_noise_fashion_mnist,0,0.1,0.0,2440,2440,0,0,0,1,5024,pca,embedding,0.5454844191355174,-0.8349077324238823
manifold_group_noise_fashion_mnist,0,0.1,0.0,2441,2441,1,1,0,1,5050,pca,embedding,-0.9227669255029821,-0.004689255177931589
manifold_group_noise_fashion_mnist,0,0.1,0.0,2442,2442,1,1,0,1,5042,pca,embedding,-0.4127925976884213,-0.34339609285048933
manifold_group_noise_fashion_mnist,0,0.1,0.0,2443,2443,1,1,0,1,5047,pca,embedding,0.47229173753255727,-0.5875095689339664
manifold_group_noise_fashion_mnist,0,0.1,0.0,2444,2444,0,0,0,1,5007,pca,embedding,0.7291246551669253,0.773012138138884
manifold_group_noise_fashion_mnist,0,0.1,0.0,2445,2445,0,0,0,1,5004,pca,embedding,0.6269438212149149,0.753965682519814
manifold_group_noise_fashion_mnist,0,0.1,0.0,2446,2446,0,0,0,1,5022,pca,embedding,1.1436418246418478,0.001028193940393815
manifold_group_noise_fashion_mnist,0,0.1,0.0,2447,2447,0,0,0,1,5019,pca,embedding,0.038538617116638155,-0.33054870802199343
manifold_group_noise_fashion_mnist,0,0.1,0.0,2448,2448,0,0,0,1,5013,pca,embedding,-0.48221707949487047,0.23499579183289496
manifold_group_noise_fashion_mnist,0,0.1,0.0,2449,2449,0,0,0,1,5005,pca,embedding,-0.22616520251103917,0.35906978587581506
manifold_group_noise_fashion_mnist,0,0.1,0.0,2450,2450,0,0,0,1,5019,pca,embedding,0.038538617116638155,-0.33054870802199343
manifold_group_noise_fashion_mnist,0,0.1,0.0,2451,2451,0,0,0,0,2451,pca,embedding,0.8481037063756471,-0.4712308132173515
manifold_group_noise_fashion_mnist,0,0.1,0.0,2452,2452,0,0,0,1,5010,pca,embedding,-0.4903285583870929,0.4944814202078548
manifold_group_noise_fashion_mnist,0,0.1,0.0,2453,2453,1,1,0,1,5031,pca,embedding,-0.8982236713284689,-0.07541557230163486
manifold_group_noise_fashion_mnist,0,0.1,0.0,2454,2454,1,1,0,1,5047,pca,embedding,0.5772055870297185,0.6279212279952442
manifold_group_noise_fashion_mnist,0,0.1,0.0,2455,2455,1,1,0,1,5035,pca,embedding,-0.68284923201481,0.010838406478870036
manifold_group_noise_fashion_mnist,0,0.1,0.0,2456,2456,1,1,0,1,5053,pca,embedding,-0.8096290397197841,0.1688999106734829
manifold_group_noise_fashion_mnist,0,0.1,0.0,2457,2457,1,0,1,1,5011,pca,embedding,0.8725942892345719,-0.40664673495461934
manifold_group_noise_fashion_mnist,0,0.1,0.0,2458,2458,0,0,0,1,5001,pca,embedding,-0.006692417704869048,0.5592152905925705
manifold_group_noise_fashion_mnist,0,0.1,0.0,2459,2459,0,0,0,1,5002,pca,embedding,-0.027086661852428567,0.5947311237740035
manifold_group_noise_fashion_mnist,0,0.1,0.0,2460,2460,0,0,0,1,5026,pca,embedding,1.0225594576788382,0.8460605465572696
manifold_group_noise_fashion_mnist,0,0.1,0.0,2461,2461,0,0,0,1,5017,pca,embedding,0.3628592586363235,-0.6497484190453691
manifold_group_noise_fashion_mnist,0,0.1,0.0,2462,2462,1,1,0,1,5032,pca,embedding,-0.026482430760021252,0.5206757877116667
manifold_group_noise_fashion_mnist,0,0.1,0.0,2463,2463,1,1,0,1,5051,pca,embedding,-0.39162753579993237,-0.008920929729294489
manifold_group_noise_fashion_mnist,0,0.1,0.0,2464,2464,1,1,0,0,2464,pca,embedding,0.9534739807368755,0.1967930941574459
manifold_group_noise_fashion_mnist,0,0.1,0.0,2465,2465,0,0,0,0,2465,pca,embedding,0.9665449839847391,0.36611034695523087
manifold_group_noise_fashion_mnist,0,0.1,0.0,2466,2466,0,0,0,0,2466,pca,embedding,-0.12368005993137143,-0.1460184329312615
manifold_group_noise_fashion_mnist,0,0.1,0.0,2467,2467,0,0,0,1,5022,pca,embedding,1.1436418246418478,0.001028193940393815
manifold_group_noise_fashion_mnist,0,0.1,0.0,2468,2468,1,1,0,1,5036,pca,embedding,-0.31641481232626334,-0.058466435324013265
manifold_group_noise_fashion_mnist,0,0.1,0.0,2469,2469,1,1,0,1,5050,pca,embedding,-0.9227669255029821,-0.004689255177931589
manifold_group_noise_fashion_mnist,0,0.1,0.0,2470,2470,1,1,0,1,5032,pca,embedding,0.15680966141846217,0.34983337748269816
manifold_group_noise_fashion_mnist,0,0.1,0.0,2471,2471,0,0,0,1,5008,pca,embedding,-0.8658207883814171,-0.0845090131953525
manifold_group_noise_fashion_mnist,0,0.1,0.0,2472,2472,0,0,0,1,5005,pca,embedding,-0.31749895949676893,0.36429285210324625
manifold_group_noise_fashion_mnist,0,0.1,0.0,2473,2473,1,1,0,1,5050,pca,embedding,-0.9199423243694982,-0.0023904970327028457
manifold_group_noise_fashion_mnist,0,0.1,0.0,2474,2474,0,0,0,1,5006,pca,embedding,0.3571109993492384,-0.6477604698138006
manifold_group_noise_fashion_mnist,0,0.1,0.0,2475,2475,1,1,0,1,5045,pca,embedding,0.16414651987827136,0.42042255899252234
manifold_group_noise_fashion_mnist,0,0.1,0.0,2476,2476,1,1,0,1,5033,pca,embedding,-0.06084142911395611,-0.14510503928318708
manifold_group_noise_fashion_mnist,0,0.1,0.0,2477,2477,1,1,0,0,2477,pca,embedding,-0.35060696689025717,-0.17632052069425166
manifold_group_noise_fashion_mnist,0,0.1,0.0,2478,2478,0,0,0,1,5007,pca,embedding,0.43282795794124146,0.7450040285770225
manifold_group_noise_fashion_mnist,0,0.1,0.0,2479,2479,0,0,0,1,5010,pca,embedding,-0.5618842969960751,-0.35176691039001934
manifold_group_noise_fashion_mnist,0,0.1,0.0,2480,2480,0,0,0,1,5005,pca,embedding,-0.2437376986905045,0.2533061168150995
manifold_group_noise_fashion_mnist,0,0.1,0.0,2481,2481,0,0,0,1,5013,pca,embedding,-0.34613705681701834,-0.08283730761629565
manifold_group_noise_fashion_mnist,0,0.1,0.0,2482,2482,1,1,0,1,5039,pca,embedding,0.37206170030670405,-0.3002692692134489
manifold_group_noise_fashion_mnist,0,0.1,0.0,2483,2483,0,0,0,1,5021,pca,embedding,-0.3983627238598248,-0.42427176334018296
manifold_group_noise_fashion_mnist,0,0.1,0.0,2484,2484,0,0,0,1,5022,pca,embedding,1.176228055621214,-0.04947752053331311
manifold_group_noise_fashion_mnist,0,0.1,0.0,2485,2485,1,1,0,1,5039,pca,embedding,0.48517537800047467,0.2669129748777002
manifold_group_noise_fashion_mnist,0,0.1,0.0,2486,2486,1,1,0,1,5045,pca,embedding,0.1304912671999888,-0.6719086593098074
manifold_group_noise_fashion_mnist,0,0.1,0.0,2487,2487,0,0,0,1,5013,pca,embedding,-0.36582371945831244,-0.22296090438783756
manifold_group_noise_fashion_mnist,0,0.1,0.0,2488,2488,0,0,0,1,5010,pca,embedding,-0.4158989823698747,-0.4020459892399151
manifold_group_noise_fashion_mnist,0,0.1,0.0,2489,2489,0,0,0,1,5004,pca,embedding,0.6842847172475315,-0.8126710261205412
manifold_group_noise_fashion_mnist,0,0.1,0.0,2490,2490,0,1,1,1,5034,pca,embedding,-0.2274209305196443,-0.5102599059686482
manifold_group_noise_fashion_mnist,0,0.1,0.0,2491,2491,0,0,0,1,5015,pca,embedding,0.48973980449766374,-0.31214604955977876
manifold_group_noise_fashion_mnist,0,0.1,0.0,2492,2492,0,0,0,1,5018,pca,embedding,-0.6324876529989985,-0.27449072368453065
manifold_group_noise_fashion_mnist,0,0.1,0.0,2493,2493,1,1,0,1,5039,pca,embedding,0.3849742351500364,0.5273415814451405
manifold_group_noise_fashion_mnist,0,0.1,0.0,2494,2494,1,1,0,1,5031,pca,embedding,-0.9162004028370493,0.13716690244661567
manifold_group_noise_fashion_mnist,0,0.1,0.0,2495,2495,0,0,0,1,5009,pca,embedding,0.5100981380438481,0.8762758247061757
manifold_group_noise_fashion_mnist,0,0.1,0.0,2496,2496,1,1,0,1,5042,pca,embedding,-0.21148132223025862,0.3018044765784209
manifold_group_noise_fashion_mnist,0,0.1,0.0,2497,2497,0,0,0,1,5002,pca,embedding,0.020361518541574405,0.3328756841735916
manifold_group_noise_fashion_mnist,0,0.1,0.0,2498,2498,0,0,0,1,5016,pca,embedding,-0.9152972115685095,-0.11755398196829882
manifold_group_noise_fashion_mnist,0,0.1,0.0,2499,2499,0,0,0,1,5008,pca,embedding,-0.9737773675552853,0.16068898342029672
manifold_group_noise_fashion_mnist,0,0.1,0.0,2500,2500,0,0,0,1,5007,pca,embedding,0.7753182144887703,-0.09166460691757014
manifold_group_noise_fashion_mnist,0,0.1,0.0,2501,2501,0,0,0,1,5014,pca,embedding,0.718989782296045,0.8270892025905661
manifold_group_noise_fashion_mnist,0,0.1,0.0,2502,2502,0,0,0,1,5000,pca,embedding,-0.8749713165394155,0.06748194746060947
manifold_group_noise_fashion_mnist,0,0.1,0.0,2503,2503,0,0,0,1,5017,pca,embedding,0.6982379606993114,0.05101047232937288
manifold_group_noise_fashion_mnist,0,0.1,0.0,2504,2504,0,0,0,1,5014,pca,embedding,0.44780551161153503,0.8442172733287745
manifold_group_noise_fashion_mnist,0,0.1,0.0,2505,2505,1,1,0,0,2505,pca,embedding,0.6696559364430679,0.033418052556998604
manifold_group_noise_fashion_mnist,0,0.1,0.0,2506,2506,0,0,0,1,5005,pca,embedding,-0.2437376986905045,0.2533061168150995
manifold_group_noise_fashion_mnist,0,0.1,0.0,2507,2507,1,1,0,1,5045,pca,embedding,0.17877850047817162,0.5653329789285274
manifold_group_noise_fashion_mnist,0,0.1,0.0,2508,2508,1,1,0,1,5029,pca,embedding,-0.15465427874560161,-0.46454119769857777
manifold_group_noise_fashion_mnist,0,0.1,0.0,2509,2509,1,1,0,1,5040,pca,embedding,0.7710910029352435,-0.5296789409059545
manifold_group_noise_fashion_mnist,0,0.1,0.0,2510,2510,1,1,0,1,5045,pca,embedding,0.22191780289333735,-0.4205254538192652
manifold_group_noise_fashion_mnist,0,0.1,0.0,2511,2511,1,1,0,1,5053,pca,embedding,-0.8131982104448544,0.23171335690141862
manifold_group_noise_fashion_mnist,0,0.1,0.0,2512,2512,0,0,0,1,5019,pca,embedding,0.1795322050985486,0.35000335771312635
manifold_group_noise_fashion_mnist,0,0.1,0.0,2513,2513,0,0,0,1,5015,pca,embedding,0.41817208418568963,0.06183055342217502
manifold_group_noise_fashion_mnist,0,0.1,0.0,2514,2514,0,0,0,1,5022,pca,embedding,1.0125057543847131,-0.00418424783879795
manifold_group_noise_fashion_mnist,0,0.1,0.0,2515,2515,0,0,0,1,5001,pca,embedding,0.18427113985420884,-0.3967253259934284
manifold_group_noise_fashion_mnist,0,0.1,0.0,2516,2516,0,0,0,1,5013,pca,embedding,-0.48221707949487047,0.23499579183289496
manifold_group_noise_fashion_mnist,0,0.1,0.0,2517,2517,1,1,0,0,2517,pca,embedding,0.3280087431603436,-0.12095250886653988
manifold_group_noise_fashion_mnist,0,0.1,0.0,2518,2518,0,0,0,1,5026,pca,embedding,0.8643189313791584,-0.8625811275119452
manifold_group_noise_fashion_mnist,0,0.1,0.0,2519,2519,1,1,0,1,5042,pca,embedding,-0.3068586001494239,0.4040958384554584
manifold_group_noise_fashion_mnist,0,0.1,0.0,2520,2520,0,0,0,1,5019,pca,embedding,0.12703119109200905,0.08259735868133822
manifold_group_noise_fashion_mnist,0,0.1,0.0,2521,2521,0,0,0,1,5001,pca,embedding,0.17009828504650287,-0.012868812304621988
manifold_group_noise_fashion_mnist,0,0.1,0.0,2522,2522,0,0,0,1,5023,pca,embedding,0.0036201547246776725,0.5994806089546517
manifold_group_noise_fashion_mnist,0,0.1,0.0,2523,2523,0,0,0,1,5002,pca,embedding,-0.08399927975891605,-0.5971379721574014
manifold_group_noise_fashion_mnist,0,0.1,0.0,2524,2524,1,1,0,1,5030,pca,embedding,-0.9049921226092401,0.03200052111372305
manifold_group_noise_fashion_mnist,0,0.1,0.0,2525,2525,1,1,0,1,5029,pca,embedding,0.0722772733302749,0.22408685556570984
manifold_group_noise_fashion_mnist,0,0.1,0.0,2526,2526,1,1,0,1,5045,pca,embedding,0.09803729767555212,0.024982946167763545
manifold_group_noise_fashion_mnist,0,0.1,0.0,2527,2527,0,0,0,1,5005,pca,embedding,-0.22616520251103917,0.35906978587581506
manifold_group_noise_fashion_mnist,0,0.1,0.0,2528,2528,0,0,0,1,5026,pca,embedding,0.6337217495178323,-0.6939181643888266
manifold_group_noise_fashion_mnist,0,0.1,0.0,2529,2529,1,1,0,1,5037,pca,embedding,-0.9285084875077186,0.12372176430027029
manifold_group_noise_fashion_mnist,0,0.1,0.0,2530,2530,0,0,0,1,5010,pca,embedding,-0.3956760563016188,0.20052086556156357
manifold_group_noise_fashion_mnist,0,0.1,0.0,2531,2531,1,0,1,1,5003,pca,embedding,-0.5867955472187929,0.3995064836249426
manifold_group_noise_fashion_mnist,0,0.1,0.0,2532,2532,0,0,0,0,2532,pca,embedding,0.6708504661744904,-0.2614484056236009
manifold_group_noise_fashion_mnist,0,0.1,0.0,2533,2533,0,1,1,1,5034,pca,embedding,-0.44965444129472765,-0.41181674820939296
manifold_group_noise_fashion_mnist,0,0.1,0.0,2534,2534,1,1,0,1,5035,pca,embedding,-0.6667900596372172,-0.05734931063364601
manifold_group_noise_fashion_mnist,0,0.1,0.0,2535,2535,0,0,0,1,5009,pca,embedding,0.7612628193363489,0.8261680917798548
manifold_group_noise_fashion_mnist,0,0.1,0.0,2536,2536,0,0,0,1,5010,pca,embedding,-0.4903285583870929,0.4944814202078548
manifold_group_noise_fashion_mnist,0,0.1,0.0,2537,2537,1,1,0,1,5046,pca,embedding,0.5884248806326429,-0.39782166967708305
manifold_group_noise_fashion_mnist,0,0.1,0.0,2538,2538,0,0,0,1,5024,pca,embedding,0.40392033062496324,-0.8104792730580821
manifold_group_noise_fashion_mnist,0,0.1,0.0,2539,2539,1,1,0,1,5040,pca,embedding,1.0245366767787003,0.4562889038826945
manifold_group_noise_fashion_mnist,0,0.1,0.0,2540,2540,1,1,0,1,5031,pca,embedding,-0.9246896116650437,-0.08310130915247531
manifold_group_noise_fashion_mnist,0,0.1,0.0,2541,2541,0,0,0,1,5019,pca,embedding,-0.01087944288283623,0.6548310332104128
manifold_group_noise_fashion_mnist,0,0.1,0.0,2542,2542,0,1,1,1,5048,pca,embedding,0.45814832192508825,0.2879306050734017
manifold_group_noise_fashion_mnist,0,0.1,0.0,2543,2543,1,1,0,1,5051,pca,embedding,-0.2699481842818249,0.10600597047603129
manifold_group_noise_fashion_mnist,0,0.1,0.0,2544,2544,1,0,1,1,5003,pca,embedding,-0.5867955472187929,0.3995064836249426
manifold_group_noise_fashion_mnist,0,0.1,0.0,2545,2545,1,1,0,1,5046,pca,embedding,0.6895972894458564,-0.05687289007367548
manifold_group_noise_fashion_mnist,0,0.1,0.0,2546,2546,1,1,0,1,5036,pca,embedding,-0.2763369883811938,-0.1922709193187338
manifold_group_noise_fashion_mnist,0,0.1,0.0,2547,2547,0,0,0,1,5004,pca,embedding,0.7235723359549333,-0.628179023815815
manifold_group_noise_fashion_mnist,0,0.1,0.0,2548,2548,1,1,0,1,5040,pca,embedding,1.010490401489464,-0.34428141598952006
manifold_group_noise_fashion_mnist,0,0.1,0.0,2549,2549,1,1,0,1,5050,pca,embedding,-0.9450620608695206,0.04936724501994212
manifold_group_noise_fashion_mnist,0,0.1,0.0,2550,2550,0,0,0,1,5021,pca,embedding,-0.26612364989309045,0.25407040693700395
manifold_group_noise_fashion_mnist,0,0.1,0.0,2551,2551,1,0,1,1,5011,pca,embedding,0.8929993970153112,-0.7851538694798373
manifold_group_noise_fashion_mnist,0,0.1,0.0,2552,2552,0,0,0,1,5008,pca,embedding,-0.9080085731925809,0.10956613832573582
manifold_group_noise_fashion_mnist,0,0.1,0.0,2553,2553,1,1,0,1,5039,pca,embedding,0.5094749282186216,0.06967932054091527
manifold_group_noise_fashion_mnist,0,0.1,0.0,2554,2554,1,1,0,1,5028,pca,embedding,-0.2525708642257593,0.05606018467327206
manifold_group_noise_fashion_mnist,0,0.1,0.0,2555,2555,0,1,1,1,5038,pca,embedding,-0.45983247376997827,-0.20946979708881416
manifold_group_noise_fashion_mnist,0,0.1,0.0,2556,2556,0,0,0,1,5020,pca,embedding,-0.9440668526242639,0.04496192690596445
manifold_group_noise_fashion_mnist,0,0.1,0.0,2557,2557,0,1,1,1,5038,pca,embedding,-0.39527775564227846,0.23896868729206078
manifold_group_noise_fashion_mnist,0,0.1,0.0,2558,2558,1,1,0,1,5050,pca,embedding,-0.9450620608695206,0.04936724501994212
manifold_group_noise_fashion_mnist,0,0.1,0.0,2559,2559,0,0,0,1,5012,pca,embedding,0.7847317098698449,0.010272125437471302
manifold_group_noise_fashion_mnist,0,0.1,0.0,2560,2560,0,1,1,1,5048,pca,embedding,0.5471550016107941,0.16849148301482936
manifold_group_noise_fashion_mnist,0,0.1,0.0,2561,2561,1,1,0,1,5047,pca,embedding,0.7359654595970002,-0.3933056832986886
manifold_group_noise_fashion_mnist,0,0.1,0.0,2562,2562,0,0,0,1,5005,pca,embedding,-0.31172248458921004,-0.28757371885534044
manifold_group_noise_fashion_mnist,0,0.1,0.0,2563,2563,0,0,0,1,5024,pca,embedding,0.4633799315911309,0.9149703131486038
manifold_group_noise_fashion_mnist,0,0.1,0.0,2564,2564,0,0,0,1,5016,pca,embedding,-0.8509677633996975,-0.01540338210347917
manifold_group_noise_fashion_mnist,0,0.1,0.0,2565,2565,0,0,0,1,5017,pca,embedding,0.5623923821775677,0.39259854104581515
manifold_group_noise_fashion_mnist,0,0.1,0.0,2566,2566,1,1,0,1,5049,pca,embedding,0.7416494195256557,-0.49108031131810326
manifold_group_noise_fashion_mnist,0,0.1,0.0,2567,2567,0,0,0,1,5001,pca,embedding,0.17009828504650287,-0.012868812304621988
manifold_group_noise_fashion_mnist,0,0.1,0.0,2568,2568,0,0,0,0,2568,pca,embedding,1.178066463990479,-0.35237891437869856
manifold_group_noise_fashion_mnist,0,0.1,0.0,2569,2569,1,1,0,1,5036,pca,embedding,-0.2763369883811938,-0.1922709193187338
manifold_group_noise_fashion_mnist,0,0.1,0.0,2570,2570,0,0,0,1,5010,pca,embedding,-0.4158989823698747,-0.4020459892399151
manifold_group_noise_fashion_mnist,0,0.1,0.0,2571,2571,0,0,0,1,5021,pca,embedding,-0.3983627238598248,-0.42427176334018296
manifold_group_noise_fashion_mnist,0,0.1,0.0,2572,2572,1,1,0,0,2572,pca,embedding,0.21035089510605187,0.19979337362847904
manifold_group_noise_fashion_mnist,0,0.1,0.0,2573,2573,1,1,0,0,2573,pca,embedding,0.7222412329813972,0.0016188030073492898
manifold_group_noise_fashion_mnist,0,0.1,0.0,2574,2574,0,0,0,1,5004,pca,embedding,0.7235723359549333,-0.628179023815815
manifold_group_noise_fashion_mnist,0,0.1,0.0,2575,2575,0,0,0,1,5012,pca,embedding,0.6764653825654878,-0.5692750560143283
manifold_group_noise_fashion_mnist,0,0.1,0.0,2576,2576,0,0,0,1,5024,pca,embedding,0.68897939186363,-0.09619933344275569
manifold_group_noise_fashion_mnist,0,0.1,0.0,2577,2577,1,1,0,1,5049,pca,embedding,1.0547771071837813,0.10684690445816442
manifold_group_noise_fashion_mnist,0,0.1,0.0,2578,2578,0,0,0,1,5000,pca,embedding,-0.8762829947396018,0.12985065357653147
manifold_group_noise_fashion_mnist,0,0.1,0.0,2579,2579,1,1,0,1,5044,pca,embedding,-0.9133556874760866,0.09762823703241387
manifold_group_noise_fashion_mnist,0,0.1,0.0,2580,2580,0,0,0,1,5002,pca,embedding,-0.08399927975891605,-0.5971379721574014
manifold_group_noise_fashion_mnist,0,0.1,0.0,2581,2581,1,1,0,1,5042,pca,embedding,-0.16787641680515858,0.1919524931848898
manifold_group_noise_fashion_mnist,0,0.1,0.0,2582,2582,0,0,0,1,5018,pca,embedding,-0.7854139328809032,0.2810225365619762
manifold_group_noise_fashion_mnist,0,0.1,0.0,2583,2583,0,0,0,1,5020,pca,embedding,-0.9440668526242639,0.04496192690596445
manifold_group_noise_fashion_mnist,0,0.1,0.0,2584,2584,0,0,0,1,5024,pca,embedding,0.6424016200090048,0.8677764177210021
manifold_group_noise_fashion_mnist,0,0.1,0.0,2585,2585,1,1,0,1,5050,pca,embedding,-0.9633798164290678,0.06505589765052418
manifold_group_noise_fashion_mnist,0,0.1,0.0,2586,2586,0,0,0,1,5019,pca,embedding,-0.00446671967501503,-0.5229068986423999
manifold_group_noise_fashion_mnist,0,0.1,0.0,2587,2587,1,1,0,1,5037,pca,embedding,-0.9371061195794866,-0.01734109524114106
manifold_group_noise_fashion_mnist,0,0.1,0.0,2588,2588,0,0,0,1,5015,pca,embedding,0.36309635343966606,0.1356549376983435
manifold_group_noise_fashion_mnist,0,0.1,0.0,2589,2589,0,0,0,0,2589,pca,embedding,-0.49230791629909554,0.10355439613878503
manifold_group_noise_fashion_mnist,0,0.1,0.0,2590,2590,0,0,0,1,5021,pca,embedding,-0.34935337459515076,0.4942954621587609
manifold_group_noise_fashion_mnist,0,0.1,0.0,2591,2591,1,1,0,0,2591,pca,embedding,0.49716022285729855,-0.5647032295028294
manifold_group_noise_fashion_mnist,0,0.1,0.0,2592,2592,1,1,0,0,2592,pca,embedding,0.5038033315365408,-0.5015617198507708
manifold_group_noise_fashion_mnist,0,0.1,0.0,2593,2593,1,1,0,1,5047,pca,embedding,0.5413277571059041,-0.6745157810539961
manifold_group_noise_fashion_mnist,0,0.1,0.0,2594,2594,0,0,0,1,5018,pca,embedding,-0.7068305076471434,-0.2727428370183327
manifold_group_noise_fashion_mnist,0,0.1,0.0,2595,2595,1,1,0,0,2595,pca,embedding,0.29338430433465584,-0.44214838858344496
manifold_group_noise_fashion_mnist,0,0.1,0.0,2596,2596,0,0,0,1,5019,pca,embedding,-0.1695984444273197,-0.513917645708105
manifold_group_noise_fashion_mnist,0,0.1,0.0,2597,2597,0,1,1,1,5034,pca,embedding,-0.29932229024069257,-0.31215301073798424
manifold_group_noise_fashion_mnist,0,0.1,0.0,2598,2598,1,1,0,1,5045,pca,embedding,-0.12688142122261098,-0.5181427194788213
manifold_group_noise_fashion_mnist,0,0.1,0.0,2599,2599,0,0,0,1,5022,pca,embedding,1.176228055621214,-0.04947752053331311
manifold_group_noise_fashion_mnist,0,0.1,0.0,2600,2600,0,0,0,1,5014,pca,embedding,0.6094692663789557,-0.8857080006630067
manifold_group_noise_fashion_mnist,0,0.1,0.0,2601,2601,1,1,0,1,5044,pca,embedding,-0.9436233203202156,-0.022410175201620586
manifold_group_noise_fashion_mnist,0,0.1,0.0,2602,2602,0,0,0,1,5020,pca,embedding,-0.9182058410981022,-0.031224669123850524
manifold_group_noise_fashion_mnist,0,0.1,0.0,2603,2603,0,0,0,0,2603,pca,embedding,-0.8110522323002495,0.07106170561750536
manifold_group_noise_fashion_mnist,0,0.1,0.0,2604,2604,0,0,0,1,5009,pca,embedding,0.7612628193363489,0.8261680917798548
manifold_group_noise_fashion_mnist,0,0.1,0.0,2605,2605,0,0,0,1,5007,pca,embedding,0.36220775545636147,-0.6722520672450778
manifold_group_noise_fashion_mnist,0,0.1,0.0,2606,2606,0,0,0,1,5010,pca,embedding,-0.4903285583870929,0.4944814202078548
manifold_group_noise_fashion_mnist,0,0.1,0.0,2607,2607,1,1,0,1,5041,pca,embedding,0.7425797977958124,0.47666419553084505
manifold_group_noise_fashion_mnist,0,0.1,0.0,2608,2608,0,0,0,1,5009,pca,embedding,0.6887897534495993,-0.1574445054400693
manifold_group_noise_fashion_mnist,0,0.1,0.0,2609,2609,0,0,0,1,5019,pca,embedding,-0.00446671967501503,-0.5229068986423999
manifold_group_noise_fashion_mnist,0,0.1,0.0,2610,2610,1,1,0,0,2610,pca,embedding,0.9107586295935813,0.36439893199305223
manifold_group_noise_fashion_mnist,0,0.1,0.0,2611,2611,1,1,0,1,5052,pca,embedding,0.10914625155416985,-0.30537753538901524
manifold_group_noise_fashion_mnist,0,0.1,0.0,2612,2612,1,1,0,1,5049,pca,embedding,0.8636405905890938,0.22621678203325513
manifold_group_noise_fashion_mnist,0,0.1,0.0,2613,2613,0,0,0,1,5019,pca,embedding,0.038538617116638155,-0.33054870802199343
manifold_group_noise_fashion_mnist,0,0.1,0.0,2614,2614,1,1,0,1,5033,pca,embedding,0.15620570956709592,-0.15650027766882196
manifold_group_noise_fashion_mnist,0,0.1,0.0,2615,2615,1,1,0,1,5047,pca,embedding,0.47663175777198696,0.6580462171416843
manifold_group_noise_fashion_mnist,0,0.1,0.0,2616,2616,1,1,0,1,5029,pca,embedding,-0.15465427874560161,-0.46454119769857777
manifold_group_noise_fashion_mnist,0,0.1,0.0,2617,2617,0,0,0,1,5024,pca,embedding,0.68897939186363,-0.09619933344275569
manifold_group_noise_fashion_mnist,0,0.1,0.0,2618,2618,0,0,0,1,5000,pca,embedding,-0.9222990863650858,0.15914510790245917
manifold_group_noise_fashion_mnist,0,0.1,0.0,2619,2619,0,0,0,0,2619,pca,embedding,0.9302522680288221,-0.27498435580957425
manifold_group_noise_fashion_mnist,0,0.1,0.0,2620,2620,1,1,0,0,2620,pca,embedding,0.7410845080414218,0.4468520608697327
manifold_group_noise_fashion_mnist,0,0.1,0.0,2621,2621,1,1,0,1,5042,pca,embedding,-0.3274342993611934,-0.3768450906929204
manifold_group_noise_fashion_mnist,0,0.1,0.0,2622,2622,1,1,0,1,5041,pca,embedding,0.7922295720863074,0.13292160942370107
manifold_group_noise_fashion_mnist,0,0.1,0.0,2623,2623,0,0,0,1,5024,pca,embedding,0.68897939186363,-0.09619933344275569
manifold_group_noise_fashion_mnist,0,0.1,0.0,2624,2624,0,0,0,1,5020,pca,embedding,-0.9497924358374816,0.06015877100443373
manifold_group_noise_fashion_mnist,0,0.1,0.0,2625,2625,0,0,0,1,5006,pca,embedding,0.3571109993492384,-0.6477604698138006
manifold_group_noise_fashion_mnist,0,0.1,0.0,2626,2626,1,1,0,1,5051,pca,embedding,-0.1971988760099308,0.02011810601789199
manifold_group_noise_fashion_mnist,0,0.1,0.0,2627,2627,1,1,0,1,5049,pca,embedding,0.8013860091867506,0.7124685585932671
manifold_group_noise_fashion_mnist,0,0.1,0.0,2628,2628,0,0,0,1,5024,pca,embedding,0.5454844191355174,-0.8349077324238823
manifold_group_noise_fashion_mnist,0,0.1,0.0,2629,2629,0,0,0,1,5022,pca,embedding,1.1667636990253114,-0.04785440842201168
manifold_group_noise_fashion_mnist,0,0.1,0.0,2630,2630,1,1,0,1,5042,pca,embedding,-0.20179748171251805,-0.2402258342572528
manifold_group_noise_fashion_mnist,0,0.1,0.0,2631,2631,0,0,0,1,5005,pca,embedding,-0.1930334396864428,-0.11883543919769458
manifold_group_noise_fashion_mnist,0,0.1,0.0,2632,2632,1,1,0,1,5027,pca,embedding,-0.9378203574655817,0.08209387291724515
manifold_group_noise_fashion_mnist,0,0.1,0.0,2633,2633,1,1,0,1,5043,pca,embedding,-0.9276277355735963,0.05898613183590304
manifold_group_noise_fashion_mnist,0,0.1,0.0,2634,2634,1,1,0,1,5047,pca,embedding,0.729633192425867,-0.03109136982957045
manifold_group_noise_fashion_mnist,0,0.1,0.0,2635,2635,1,1,0,1,5039,pca,embedding,0.3849742351500364,0.5273415814451405
manifold_group_noise_fashion_mnist,0,0.1,0.0,2636,2636,1,1,0,1,5030,pca,embedding,-0.8986246886737785,-0.05614817685687334
manifold_group_noise_fashion_mnist,0,0.1,0.0,2637,2637,0,0,0,1,5012,pca,embedding,0.4584089151293429,-0.7438637608381921
manifold_group_noise_fashion_mnist,0,0.1,0.0,2638,2638,0,1,1,1,5034,pca,embedding,-0.3328246148564959,0.39858494117363863
manifold_group_noise_fashion_mnist,0,0.1,0.0,2639,2639,1,1,0,0,2639,pca,embedding,0.6471666793759883,-0.15963572378512217
manifold_group_noise_fashion_mnist,0,0.1,0.0,2640,2640,1,1,0,1,5050,pca,embedding,-0.9199423243694982,-0.0023904970327028457
manifold_group_noise_fashion_mnist,0,0.1,0.0,2641,2641,1,1,0,1,5053,pca,embedding,-0.7459396403059407,-0.10839806969662172
manifold_group_noise_fashion_mnist,0,0.1,0.0,2642,2642,1,1,0,1,5032,pca,embedding,-0.026482430760021252,0.5206757877116667
manifold_group_noise_fashion_mnist,0,0.1,0.0,2643,2643,0,0,0,1,5006,pca,embedding,0.6063230907164234,-0.47359999038684386
manifold_group_noise_fashion_mnist,0,0.1,0.0,2644,2644,0,0,0,1,5024,pca,embedding,0.68897939186363,-0.09619933344275569
manifold_group_noise_fashion_mnist,0,0.1,0.0,2645,2645,0,0,0,1,5015,pca,embedding,0.48973980449766374,-0.31214604955977876
manifold_group_noise_fashion_mnist,0,0.1,0.0,2646,2646,1,1,0,1,5042,pca,embedding,-0.3274342993611934,-0.3768450906929204
manifold_group_noise_fashion_mnist,0,0.1,0.0,2647,2647,0,0,0,0,2647,pca,embedding,0.6831878849639346,-0.04610316848171486
manifold_group_noise_fashion_mnist,0,0.1,0.0,2648,2648,0,0,0,0,2648,pca,embedding,-0.5358479450766879,-0.1331579305930682
manifold_group_noise_fashion_mnist,0,0.1,0.0,2649,2649,0,0,0,1,5018,pca,embedding,-0.7068305076471434,-0.2727428370183327
manifold_group_noise_fashion_mnist,0,0.1,0.0,2650,2650,1,1,0,1,5030,pca,embedding,-0.9284579928390012,0.07757571507984015
manifold_group_noise_fashion_mnist,0,0.1,0.0,2651,2651,1,1,0,1,5032,pca,embedding,0.00018838553375116404,-0.4344600271522524
manifold_group_noise_fashion_mnist,0,0.1,0.0,2652,2652,0,0,0,1,5007,pca,embedding,0.7753182144887703,-0.09166460691757014
manifold_group_noise_fashion_mnist,0,0.1,0.0,2653,2653,0,1,1,1,5038,pca,embedding,-0.29061198396498966,0.12831690703302223
manifold_group_noise_fashion_mnist,0,0.1,0.0,2654,2654,1,1,0,1,5035,pca,embedding,-0.7520089470711595,0.08969918393342756
manifold_group_noise_fashion_mnist,0,0.1,0.0,2655,2655,0,0,0,1,5009,pca,embedding,0.5100981380438481,0.8762758247061757
manifold_group_noise_fashion_mnist,0,0.1,0.0,2656,2656,1,1,0,1,5044,pca,embedding,-0.905448368286997,-0.028035036636983326
manifold_group_noise_fashion_mnist,0,0.1,0.0,2657,2657,0,1,1,1,5034,pca,embedding,-0.44965444129472765,-0.41181674820939296
manifold_group_noise_fashion_mnist,0,0.1,0.0,2658,2658,0,0,0,1,5008,pca,embedding,-0.9737773675552853,0.16068898342029672
manifold_group_noise_fashion_mnist,0,0.1,0.0,2659,2659,1,1,0,1,5031,pca,embedding,-0.9731370356925513,0.12674329711315718
manifold_group_noise_fashion_mnist,0,0.1,0.0,2660,2660,1,1,0,1,5046,pca,embedding,0.6895972894458564,-0.05687289007367548
manifold_group_noise_fashion_mnist,0,0.1,0.0,2661,2661,0,0,0,0,2661,pca,embedding,0.2706474921736755,-0.4745759611439413
manifold_group_noise_fashion_mnist,0,0.1,0.0,2662,2662,0,0,0,1,5019,pca,embedding,0.12703119109200905,0.08259735868133822
manifold_group_noise_fashion_mnist,0,0.1,0.0,2663,2663,1,1,0,1,5049,pca,embedding,0.7416494195256557,-0.49108031131810326
manifold_group_noise_fashion_mnist,0,0.1,0.0,2664,2664,1,1,0,1,5027,pca,embedding,-0.9911529266948478,0.11235758861556076
manifold_group_noise_fashion_mnist,0,0.1,0.0,2665,2665,1,1,0,1,5040,pca,embedding,1.027844227745206,0.3676221440939843
manifold_group_noise_fashion_mnist,0,0.1,0.0,2666,2666,0,0,0,1,5002,pca,embedding,-0.027086661852428567,0.5947311237740035
manifold_group_noise_fashion_mnist,0,0.1,0.0,2667,2667,1,1,0,1,5035,pca,embedding,-0.7496119940734065,0.0703521239516331
manifold_group_noise_fashion_mnist,0,0.1,0.0,2668,2668,0,0,0,1,5021,pca,embedding,-0.26612364989309045,0.25407040693700395
manifold_group_noise_fashion_mnist,0,0.1,0.0,2669,2669,0,0,0,1,5016,pca,embedding,-0.8698765513174348,-0.18625840002257832
manifold_group_noise_fashion_mnist,0,0.1,0.0,2670,2670,0,0,0,1,5024,pca,embedding,0.68897939186363,-0.09619933344275569
manifold_group_noise_fashion_mnist,0,0.1,0.0,2671,2671,0,0,0,0,2671,pca,embedding,0.5954941446658735,0.6802800716272255
manifold_group_noise_fashion_mnist,0,0.1,0.0,2672,2672,0,0,0,1,5013,pca,embedding,-0.4288956031971049,0.16021457407107811
manifold_group_noise_fashion_mnist,0,0.1,0.0,2673,2673,0,0,0,1,5023,pca,embedding,-0.20106258275528202,0.5873934191056738
manifold_group_noise_fashion_mnist,0,0.1,0.0,2674,2674,1,1,0,1,5032,pca,embedding,-0.12001382295393728,-0.44909780545812994
manifold_group_noise_fashion_mnist,0,0.1,0.0,2675,2675,1,0,1,1,5003,pca,embedding,-0.5295069983525605,0.4016414311933312
manifold_group_noise_fashion_mnist,0,0.1,0.0,2676,2676,0,0,0,1,5018,pca,embedding,-0.7854139328809032,0.2810225365619762
manifold_group_noise_fashion_mnist,0,0.1,0.0,2677,2677,1,1,0,1,5036,pca,embedding,-0.2865524427678605,-0.06377224014922256
manifold_group_noise_fashion_mnist,0,0.1,0.0,2678,2678,0,0,0,1,5009,pca,embedding,0.418249532758294,-0.7713567459895078
manifold_group_noise_fashion_mnist,0,0.1,0.0,2679,2679,1,1,0,1,5033,pca,embedding,0.15620570956709592,-0.15650027766882196
manifold_group_noise_fashion_mnist,0,0.1,0.0,2680,2680,1,1,0,1,5044,pca,embedding,-0.9167337871352412,0.0841411189432725
manifold_group_noise_fashion_mnist,0,0.1,0.0,2681,2681,0,0,0,1,5012,pca,embedding,0.6240655861975803,0.8332339941930155
manifold_group_noise_fashion_mnist,0,0.1,0.0,2682,2682,0,0,0,1,5007,pca,embedding,0.7424930847879689,-0.6242781687632878
manifold_group_noise_fashion_mnist,0,0.1,0.0,2683,2683,0,0,0,1,5023,pca,embedding,0.0841863221523352,-0.05160719290648352
manifold_group_noise_fashion_mnist,0,0.1,0.0,2684,2684,0,0,0,1,5026,pca,embedding,1.0186680229668998,-0.14920239007950295
manifold_group_noise_fashion_mnist,0,0.1,0.0,2685,2685,0,0,0,1,5025,pca,embedding,0.7627814992073733,0.4172494545560207
manifold_group_noise_fashion_mnist,0,0.1,0.0,2686,2686,0,0,0,1,5001,pca,embedding,-0.20983110005793337,0.5494393825818871
manifold_group_noise_fashion_mnist,0,0.1,0.0,2687,2687,0,0,0,0,2687,pca,embedding,0.19714981918678023,0.13979324977280383
manifold_group_noise_fashion_mnist,0,0.1,0.0,2688,2688,1,1,0,1,5032,pca,embedding,-0.12001382295393728,-0.44909780545812994
manifold_group_noise_fashion_mnist,0,0.1,0.0,2689,2689,1,0,1,1,5011,pca,embedding,0.8929993970153112,-0.7851538694798373
manifold_group_noise_fashion_mnist,0,0.1,0.0,2690,2690,1,1,0,1,5045,pca,embedding,0.16414651987827136,0.42042255899252234
manifold_group_noise_fashion_mnist,0,0.1,0.0,2691,2691,0,0,0,1,5005,pca,embedding,-0.2437376986905045,0.2533061168150995
manifold_group_noise_fashion_mnist,0,0.1,0.0,2692,2692,0,0,0,1,5020,pca,embedding,-0.9440668526242639,0.04496192690596445
manifold_group_noise_fashion_mnist,0,0.1,0.0,2693,2693,0,0,0,1,5024,pca,embedding,0.6919665191723983,0.44595596884533295
manifold_group_noise_fashion_mnist,0,0.1,0.0,2694,2694,1,1,0,1,5046,pca,embedding,0.7080288862353953,0.1664688050836326
manifold_group_noise_fashion_mnist,0,0.1,0.0,2695,2695,1,1,0,1,5029,pca,embedding,0.0722772733302749,0.22408685556570984
manifold_group_noise_fashion_mnist,0,0.1,0.0,2696,2696,1,1,0,1,5037,pca,embedding,-0.9762480304217256,0.10942907711503254
manifold_group_noise_fashion_mnist,0,0.1,0.0,2697,2697,1,1,0,1,5049,pca,embedding,1.0547771071837813,0.10684690445816442
manifold_group_noise_fashion_mnist,0,0.1,0.0,2698,2698,1,1,0,1,5032,pca,embedding,-0.12001382295393728,-0.44909780545812994
manifold_group_noise_fashion_mnist,0,0.1,0.0,2699,2699,1,1,0,1,5053,pca,embedding,-0.8096290397197841,0.1688999106734829
manifold_group_noise_fashion_mnist,0,0.1,0.0,2700,2700,1,1,0,1,5028,pca,embedding,-0.37137490070519363,-0.16509133732935938
manifold_group_noise_fashion_mnist,0,0.1,0.0,2701,2701,0,0,0,1,5025,pca,embedding,0.6033392428350896,-0.8492018816884397
manifold_group_noise_fashion_mnist,0,0.1,0.0,2702,2702,0,0,0,1,5004,pca,embedding,0.8416626697009707,0.8112611384831543
manifold_group_noise_fashion_mnist,0,0.1,0.0,2703,2703,1,1,0,1,5033,pca,embedding,-0.06084142911395611,-0.14510503928318708
manifold_group_noise_fashion_mnist,0,0.1,0.0,2704,2704,1,0,1,1,5011,pca,embedding,1.0632756970520523,0.7335145960938936
manifold_group_noise_fashion_mnist,0,0.1,0.0,2705,2705,0,0,0,1,5023,pca,embedding,0.0841863221523352,-0.05160719290648352
manifold_group_noise_fashion_mnist,0,0.1,0.0,2706,2706,1,1,0,1,5047,pca,embedding,0.5772055870297185,0.6279212279952442
manifold_group_noise_fashion_mnist,0,0.1,0.0,2707,2707,1,1,0,1,5033,pca,embedding,0.15620570956709592,-0.15650027766882196
manifold_group_noise_fashion_mnist,0,0.1,0.0,2708,2708,1,1,0,1,5051,pca,embedding,-0.3074325805278038,-0.12513059156820394
manifold_group_noise_fashion_mnist,0,0.1,0.0,2709,2709,0,0,0,1,5005,pca,embedding,-0.22616520251103917,0.35906978587581506
manifold_group_noise_fashion_mnist,0,0.1,0.0,2710,2710,1,1,0,1,5052,pca,embedding,0.2612535578629397,-0.4257219799555706
manifold_group_noise_fashion_mnist,0,0.1,0.0,2711,2711,0,0,0,0,2711,pca,embedding,0.4870136038201832,-0.4101444002009965
manifold_group_noise_fashion_mnist,0,0.1,0.0,2712,2712,1,1,0,1,5046,pca,embedding,0.5884248806326429,-0.39782166967708305
manifold_group_noise_fashion_mnist,0,0.1,0.0,2713,2713,0,0,0,1,5012,pca,embedding,0.5957482406484725,0.43171252958647444
manifold_group_noise_fashion_mnist,0,0.1,0.0,2714,2714,1,1,0,1,5040,pca,embedding,0.7710910029352435,-0.5296789409059545
manifold_group_noise_fashion_mnist,0,0.1,0.0,2715,2715,0,0,0,1,5002,pca,embedding,0.020361518541574405,0.3328756841735916
manifold_group_noise_fashion_mnist,0,0.1,0.0,2716,2716,1,1,0,1,5035,pca,embedding,-0.6907325892166274,-0.031989763750844905
manifold_group_noise_fashion_mnist,0,0.1,0.0,2717,2717,1,1,0,1,5044,pca,embedding,-0.9167337871352412,0.0841411189432725
manifold_group_noise_fashion_mnist,0,0.1,0.0,2718,2718,0,0,0,1,5009,pca,embedding,0.418249532758294,-0.7713567459895078
manifold_group_noise_fashion_mnist,0,0.1,0.0,2719,2719,0,0,0,1,5020,pca,embedding,-0.9440668526242639,0.04496192690596445
manifold_group_noise_fashion_mnist,0,0.1,0.0,2720,2720,1,1,0,1,5052,pca,embedding,0.24166128823937189,0.16699958181553737
manifold_group_noise_fashion_mnist,0,0.1,0.0,2721,2721,1,1,0,1,5032,pca,embedding,0.15680966141846217,0.34983337748269816
manifold_group_noise_fashion_mnist,0,0.1,0.0,2722,2722,1,1,0,1,5049,pca,embedding,0.8140468780818403,-0.5460638656521932
manifold_group_noise_fashion_mnist,0,0.1,0.0,2723,2723,1,1,0,1,5046,pca,embedding,0.6222078186805816,-0.2509557354844167
manifold_group_noise_fashion_mnist,0,0.1,0.0,2724,2724,0,0,0,1,5017,pca,embedding,0.48016080422268403,0.6844474880844832
manifold_group_noise_fashion_mnist,0,0.1,0.0,2725,2725,0,0,0,1,5018,pca,embedding,-0.6324876529989985,-0.27449072368453065
manifold_group_noise_fashion_mnist,0,0.1,0.0,2726,2726,1,1,0,1,5036,pca,embedding,-0.3517935060267099,0.07677842335645096
manifold_group_noise_fashion_mnist,0,0.1,0.0,2727,2727,1,1,0,0,2727,pca,embedding,0.11745044453829309,0.3558908317657059
manifold_group_noise_fashion_mnist,0,0.1,0.0,2728,2728,0,0,0,0,2728,pca,embedding,-0.32995565756698597,0.11793854482968365
manifold_group_noise_fashion_mnist,0,0.1,0.0,2729,2729,1,1,0,1,5043,pca,embedding,-0.9276277355735963,0.05898613183590304
manifold_group_noise_fashion_mnist,0,0.1,0.0,2730,2730,0,1,1,1,5034,pca,embedding,-0.2274209305196443,-0.5102599059686482
manifold_group_noise_fashion_mnist,0,0.1,0.0,2731,2731,1,1,0,1,5047,pca,embedding,0.7359654595970002,-0.3933056832986886
manifold_group_noise_fashion_mnist,0,0.1,0.0,2732,2732,0,0,0,1,5015,pca,embedding,0.5115265429225028,0.09275834031386163
manifold_group_noise_fashion_mnist,0,0.1,0.0,2733,2733,1,1,0,0,2733,pca,embedding,-0.23304778402397303,0.41428138955831434
manifold_group_noise_fashion_mnist,0,0.1,0.0,2734,2734,1,1,0,1,5043,pca,embedding,-0.9276277355735963,0.05898613183590304
manifold_group_noise_fashion_mnist,0,0.1,0.0,2735,2735,0,0,0,1,5023,pca,embedding,-0.11314242403099775,-0.5582749446079514
manifold_group_noise_fashion_mnist,0,0.1,0.0,2736,2736,1,1,0,1,5032,pca,embedding,-0.12001382295393728,-0.44909780545812994
manifold_group_noise_fashion_mnist,0,0.1,0.0,2737,2737,0,0,0,1,5019,pca,embedding,0.038538617116638155,-0.33054870802199343
manifold_group_noise_fashion_mnist,0,0.1,0.0,2738,2738,0,1,1,1,5038,pca,embedding,-0.39527775564227846,0.23896868729206078
manifold_group_noise_fashion_mnist,0,0.1,0.0,2739,2739,1,1,0,1,5029,pca,embedding,0.10044696531092938,-0.3104970482314274
manifold_group_noise_fashion_mnist,0,0.1,0.0,2740,2740,1,1,0,1,5045,pca,embedding,0.22191780289333735,-0.4205254538192652
manifold_group_noise_fashion_mnist,0,0.1,0.0,2741,2741,0,1,1,1,5048,pca,embedding,0.6069921774701434,0.2722664729588759
manifold_group_noise_fashion_mnist,0,0.1,0.0,2742,2742,1,0,1,1,5011,pca,embedding,0.5432674704401125,-0.5302769107061
manifold_group_noise_fashion_mnist,0,0.1,0.0,2743,2743,0,0,0,1,5004,pca,embedding,0.5031657196145208,-0.6484550723510426
manifold_group_noise_fashion_mnist,0,0.1,0.0,2744,2744,0,0,0,1,5017,pca,embedding,0.42605699936471525,-0.3750157036441893
manifold_group_noise_fashion_mnist,0,0.1,0.0,2745,2745,0,0,0,1,5001,pca,embedding,-0.20983110005793337,0.5494393825818871
manifold_group_noise_fashion_mnist,0,0.1,0.0,2746,2746,1,1,0,1,5044,pca,embedding,-0.9167337871352412,0.0841411189432725
manifold_group_noise_fashion_mnist,0,0.1,0.0,2747,2747,1,1,0,1,5044,pca,embedding,-0.933462347711011,-0.0010421903387687545
manifold_group_noise_fashion_mnist,0,0.1,0.0,2748,2748,0,0,0,1,5002,pca,embedding,-0.027086661852428567,0.5947311237740035
manifold_group_noise_fashion_mnist,0,0.1,0.0,2749,2749,1,1,0,1,5045,pca,embedding,0.22191780289333735,-0.4205254538192652
manifold_group_noise_fashion_mnist,0,0.1,0.0,2750,2750,0,0,0,1,5017,pca,embedding,0.42605699936471525,-0.3750157036441893
manifold_group_noise_fashion_mnist,0,0.1,0.0,2751,2751,0,0,0,1,5023,pca,embedding,0.0841863221523352,-0.05160719290648352
manifold_group_noise_fashion_mnist,0,0.1,0.0,2752,2752,0,0,0,1,5006,pca,embedding,0.6642232478382726,0.7392983181630481
manifold_group_noise_fashion_mnist,0,0.1,0.0,2753,2753,0,0,0,1,5018,pca,embedding,-0.7119279355481256,0.27976735700153244
manifold_group_noise_fashion_mnist,0,0.1,0.0,2754,2754,0,0,0,1,5026,pca,embedding,0.6337217495178323,-0.6939181643888266
manifold_group_noise_fashion_mnist,0,0.1,0.0,2755,2755,0,0,0,0,2755,pca,embedding,-0.27020785444955897,0.05094275074196267
manifold_group_noise_fashion_mnist,0,0.1,0.0,2756,2756,0,1,1,1,5038,pca,embedding,-0.39527775564227846,0.23896868729206078
manifold_group_noise_fashion_mnist,0,0.1,0.0,2757,2757,0,1,1,1,5038,pca,embedding,-0.3011135145808817,0.05178916898070157
manifold_group_noise_fashion_mnist,0,0.1,0.0,2758,2758,0,1,1,1,5034,pca,embedding,-0.393971098046068,0.4893077959280767
manifold_group_noise_fashion_mnist,0,0.1,0.0,2759,2759,0,0,0,1,5016,pca,embedding,-0.8509677633996975,-0.01540338210347917
manifold_group_noise_fashion_mnist,0,0.1,0.0,2760,2760,0,0,0,1,5013,pca,embedding,-0.30969708508752203,-0.34292603160147755
manifold_group_noise_fashion_mnist,0,0.1,0.0,2761,2761,0,0,0,1,5012,pca,embedding,0.31773018608009373,0.7207984433109361
manifold_group_noise_fashion_mnist,0,0.1,0.0,2762,2762,1,0,1,1,5003,pca,embedding,-0.5867955472187929,0.3995064836249426
manifold_group_noise_fashion_mnist,0,0.1,0.0,2763,2763,1,1,0,0,2763,pca,embedding,-0.13172010509692095,-0.06807388939379375
manifold_group_noise_fashion_mnist,0,0.1,0.0,2764,2764,0,0,0,1,5004,pca,embedding,0.7235723359549333,-0.628179023815815
manifold_group_noise_fashion_mnist,0,0.1,0.0,2765,2765,1,1,0,0,2765,pca,embedding,1.079047443850152,0.08372163131626226
manifold_group_noise_fashion_mnist,0,0.1,0.0,2766,2766,1,1,0,1,5050,pca,embedding,-0.9340407827705792,0.02264048629003733
manifold_group_noise_fashion_mnist,0,0.1,0.0,2767,2767,0,0,0,1,5017,pca,embedding,0.42605699936471525,-0.3750157036441893
manifold_group_noise_fashion_mnist,0,0.1,0.0,2768,2768,1,1,0,1,5039,pca,embedding,0.5094749282186216,0.06967932054091527
manifold_group_noise_fashion_mnist,0,0.1,0.0,2769,2769,0,1,1,1,5034,pca,embedding,-0.44965444129472765,-0.41181674820939296
manifold_group_noise_fashion_mnist,0,0.1,0.0,2770,2770,1,1,0,1,5039,pca,embedding,0.48517537800047467,0.2669129748777002
manifold_group_noise_fashion_mnist,0,0.1,0.0,2771,2771,1,1,0,1,5039,pca,embedding,0.37206170030670405,-0.3002692692134489
manifold_group_noise_fashion_mnist,0,0.1,0.0,2772,2772,1,1,0,1,5041,pca,embedding,0.6401006936712017,0.4787203369457484
manifold_group_noise_fashion_mnist,0,0.1,0.0,2773,2773,1,1,0,1,5035,pca,embedding,-0.68284923201481,0.010838406478870036
manifold_group_noise_fashion_mnist,0,0.1,0.0,2774,2774,0,0,0,1,5021,pca,embedding,-0.34935337459515076,0.4942954621587609
manifold_group_noise_fashion_mnist,0,0.1,0.0,2775,2775,0,0,0,1,5006,pca,embedding,0.6642232478382726,0.7392983181630481
manifold_group_noise_fashion_mnist,0,0.1,0.0,2776,2776,1,1,0,1,5028,pca,embedding,-0.27962917186446695,0.23646562433701093
manifold_group_noise_fashion_mnist,0,0.1,0.0,2777,2777,1,1,0,1,5041,pca,embedding,0.6928153395855997,-0.3306144414103731
manifold_group_noise_fashion_mnist,0,0.1,0.0,2778,2778,1,1,0,1,5043,pca,embedding,-0.9211316397429528,-0.06569601781009227
manifold_group_noise_fashion_mnist,0,0.1,0.0,2779,2779,0,0,0,1,5005,pca,embedding,-0.31749895949676893,0.36429285210324625
manifold_group_noise_fashion_mnist,0,0.1,0.0,2780,2780,0,1,1,1,5038,pca,embedding,-0.3133958956434428,-0.2556486466657895
manifold_group_noise_fashion_mnist,0,0.1,0.0,2781,2781,0,0,0,1,5021,pca,embedding,-0.2161397659044853,0.47614076811946476
manifold_group_noise_fashion_mnist,0,0.1,0.0,2782,2782,0,0,0,1,5004,pca,embedding,0.5031657196145208,-0.6484550723510426
manifold_group_noise_fashion_mnist,0,0.1,0.0,2783,2783,1,1,0,1,5052,pca,embedding,0.39362263073123244,-0.23679557471232127
manifold_group_noise_fashion_mnist,0,0.1,0.0,2784,2784,1,1,0,1,5046,pca,embedding,0.5884248806326429,-0.39782166967708305
manifold_group_noise_fashion_mnist,0,0.1,0.0,2785,2785,1,0,1,1,5011,pca,embedding,0.5432674704401125,-0.5302769107061
manifold_group_noise_fashion_mnist,0,0.1,0.0,2786,2786,0,0,0,1,5014,pca,embedding,0.4074563955430733,-0.8576257726845001
manifold_group_noise_fashion_mnist,0,0.1,0.0,2787,2787,1,1,0,1,5044,pca,embedding,-0.905448368286997,-0.028035036636983326
manifold_group_noise_fashion_mnist,0,0.1,0.0,2788,2788,0,0,0,1,5018,pca,embedding,-0.6619098906867765,0.16477498203300273
manifold_group_noise_fashion_mnist,0,0.1,0.0,2789,2789,0,0,0,1,5001,pca,embedding,-0.12765943280361497,-0.5738520202319681
manifold_group_noise_fashion_mnist,0,0.1,0.0,2790,2790,1,0,1,1,5011,pca,embedding,0.5432674704401125,-0.5302769107061
manifold_group_noise_fashion_mnist,0,0.1,0.0,2791,2791,0,0,0,1,5018,pca,embedding,-0.6619098906867765,0.16477498203300273
manifold_group_noise_fashion_mnist,0,0.1,0.0,2792,2792,1,1,0,1,5044,pca,embedding,-0.9133556874760866,0.09762823703241387
manifold_group_noise_fashion_mnist,0,0.1,0.0,2793,2793,0,0,0,1,5009,pca,embedding,0.418249532758294,-0.7713567459895078
manifold_group_noise_fashion_mnist,0,0.1,0.0,2794,2794,0,0,0,1,5001,pca,embedding,-0.055388969474124784,-0.6002120824197864
manifold_group_noise_fashion_mnist,0,0.1,0.0,2795,2795,1,1,0,1,5041,pca,embedding,0.6401006936712017,0.4787203369457484
manifold_group_noise_fashion_mnist,0,0.1,0.0,2796,2796,0,0,0,1,5014,pca,embedding,0.6094692663789557,-0.8857080006630067
manifold_group_noise_fashion_mnist,0,0.1,0.0,2797,2797,0,0,0,1,5025,pca,embedding,0.3659648486520257,0.7830272938837576
manifold_group_noise_fashion_mnist,0,0.1,0.0,2798,2798,0,0,0,1,5023,pca,embedding,0.0036201547246776725,0.5994806089546517
manifold_group_noise_fashion_mnist,0,0.1,0.0,2799,2799,0,0,0,1,5015,pca,embedding,0.36309635343966606,0.1356549376983435
manifold_group_noise_fashion_mnist,0,0.1,0.0,2800,2800,0,0,0,0,2800,pca,embedding,1.1670488489603608,-0.3406405705871268
manifold_group_noise_fashion_mnist,0,0.1,0.0,2801,2801,1,1,0,1,5036,pca,embedding,-0.2865524427678605,-0.06377224014922256
manifold_group_noise_fashion_mnist,0,0.1,0.0,2802,2802,0,0,0,1,5025,pca,embedding,0.8078637666020315,-0.1047305569563703
manifold_group_noise_fashion_mnist,0,0.1,0.0,2803,2803,1,1,0,1,5039,pca,embedding,0.37206170030670405,-0.3002692692134489
manifold_group_noise_fashion_mnist,0,0.1,0.0,2804,2804,1,1,0,1,5031,pca,embedding,-0.9162004028370493,0.13716690244661567
manifold_group_noise_fashion_mnist,0,0.1,0.0,2805,2805,0,0,0,1,5000,pca,embedding,-0.8673618711914751,-0.14290753307037596
manifold_group_noise_fashion_mnist,0,0.1,0.0,2806,2806,1,1,0,1,5051,pca,embedding,-0.3074325805278038,-0.12513059156820394
manifold_group_noise_fashion_mnist,0,0.1,0.0,2807,2807,1,1,0,1,5039,pca,embedding,0.48517537800047467,0.2669129748777002
manifold_group_noise_fashion_mnist,0,0.1,0.0,2808,2808,0,0,0,1,5006,pca,embedding,0.4346694554662931,0.8211737767562604
manifold_group_noise_fashion_mnist,0,0.1,0.0,2809,2809,0,0,0,1,5024,pca,embedding,0.6919665191723983,0.44595596884533295
manifold_group_noise_fashion_mnist,0,0.1,0.0,2810,2810,0,0,0,1,5013,pca,embedding,-0.32854595670834297,-0.27505311412747724
manifold_group_noise_fashion_mnist,0,0.1,0.0,2811,2811,0,0,0,0,2811,pca,embedding,0.7417401129423324,0.526786787691349
manifold_group_noise_fashion_mnist,0,0.1,0.0,2812,2812,0,0,0,0,2812,pca,embedding,-0.5630561380322514,-0.0523422381331496
manifold_group_noise_fashion_mnist,0,0.1,0.0,2813,2813,0,0,0,0,2813,pca,embedding,-0.6152333060785636,-0.06250653593737346
manifold_group_noise_fashion_mnist,0,0.1,0.0,2814,2814,0,0,0,1,5000,pca,embedding,-0.8749713165394155,0.06748194746060947
manifold_group_noise_fashion_mnist,0,0.1,0.0,2815,2815,1,1,0,1,5039,pca,embedding,0.37206170030670405,-0.3002692692134489
manifold_group_noise_fashion_mnist,0,0.1,0.0,2816,2816,0,0,0,0,2816,pca,embedding,-0.1099702182753206,0.1697392990008263
manifold_group_noise_fashion_mnist,0,0.1,0.0,2817,2817,1,1,0,0,2817,pca,embedding,-0.15828661585081782,-0.11165629979020879
manifold_group_noise_fashion_mnist,0,0.1,0.0,2818,2818,1,1,0,0,2818,pca,embedding,0.07272125215694639,-0.2149404661534078
manifold_group_noise_fashion_mnist,0,0.1,0.0,2819,2819,1,1,0,1,5032,pca,embedding,0.15680966141846217,0.34983337748269816
manifold_group_noise_fashion_mnist,0,0.1,0.0,2820,2820,0,0,0,1,5013,pca,embedding,-0.30969708508752203,-0.34292603160147755
manifold_group_noise_fashion_mnist,0,0.1,0.0,2821,2821,1,1,0,1,5050,pca,embedding,-0.9199423243694982,-0.0023904970327028457
manifold_group_noise_fashion_mnist,0,0.1,0.0,2822,2822,1,1,0,1,5045,pca,embedding,-0.02391215099255585,0.6742171915371686
manifold_group_noise_fashion_mnist,0,0.1,0.0,2823,2823,0,0,0,1,5020,pca,embedding,-0.9440668526242639,0.04496192690596445
manifold_group_noise_fashion_mnist,0,0.1,0.0,2824,2824,0,0,0,1,5015,pca,embedding,0.5115265429225028,0.09275834031386163
manifold_group_noise_fashion_mnist,0,0.1,0.0,2825,2825,0,0,0,1,5017,pca,embedding,0.48016080422268403,0.6844474880844832
manifold_group_noise_fashion_mnist,0,0.1,0.0,2826,2826,0,1,1,1,5048,pca,embedding,0.3741941644556492,-0.45362821265891873
manifold_group_noise_fashion_mnist,0,0.1,0.0,2827,2827,0,0,0,1,5002,pca,embedding,-0.027086661852428567,0.5947311237740035
manifold_group_noise_fashion_mnist,0,0.1,0.0,2828,2828,1,1,0,1,5032,pca,embedding,0.013593390028673633,-0.6492355803402008
manifold_group_noise_fashion_mnist,0,0.1,0.0,2829,2829,1,1,0,1,5046,pca,embedding,0.6953800120830995,0.16340664424745815
manifold_group_noise_fashion_mnist,0,0.1,0.0,2830,2830,1,1,0,1,5041,pca,embedding,0.5844761163914779,-0.4438227894635095
manifold_group_noise_fashion_mnist,0,0.1,0.0,2831,2831,0,0,0,1,5005,pca,embedding,-0.31172248458921004,-0.28757371885534044
manifold_group_noise_fashion_mnist,0,0.1,0.0,2832,2832,1,0,1,1,5011,pca,embedding,0.7901097615757326,0.8180809241983882
manifold_group_noise_fashion_mnist,0,0.1,0.0,2833,2833,0,1,1,1,5034,pca,embedding,-0.2274209305196443,-0.5102599059686482
manifold_group_noise_fashion_mnist,0,0.1,0.0,2834,2834,1,0,1,1,5011,pca,embedding,0.8725942892345719,-0.40664673495461934
manifold_group_noise_fashion_mnist,0,0.1,0.0,2835,2835,1,1,0,1,5047,pca,embedding,0.47663175777198696,0.6580462171416843
manifold_group_noise_fashion_mnist,0,0.1,0.0,2836,2836,0,0,0,1,5000,pca,embedding,-0.8808858228302126,-0.13124276441361393
manifold_group_noise_fashion_mnist,0,0.1,0.0,2837,2837,1,1,0,1,5035,pca,embedding,-0.6907325892166274,-0.031989763750844905
manifold_group_noise_fashion_mnist,0,0.1,0.0,2838,2838,0,0,0,1,5021,pca,embedding,-0.3662240074576506,-0.463910961403198
manifold_group_noise_fashion_mnist,0,0.1,0.0,2839,2839,0,1,1,1,5034,pca,embedding,-0.1823320278503068,-0.07631481612649957
manifold_group_noise_fashion_mnist,0,0.1,0.0,2840,2840,1,1,0,1,5045,pca,embedding,0.09803729767555212,0.024982946167763545
manifold_group_noise_fashion_mnist,0,0.1,0.0,2841,2841,0,0,0,1,5008,pca,embedding,-0.8422844831377656,-0.026917451171166635
manifold_group_noise_fashion_mnist,0,0.1,0.0,2842,2842,0,0,0,1,5019,pca,embedding,0.1795322050985486,0.35000335771312635
manifold_group_noise_fashion_mnist,0,0.1,0.0,2843,2843,1,1,0,1,5043,pca,embedding,-0.9335713632624989,-0.026841221013887702
manifold_group_noise_fashion_mnist,0,0.1,0.0,2844,2844,0,0,0,0,2844,pca,embedding,0.7979307750207143,0.1400637622848638
manifold_group_noise_fashion_mnist,0,0.1,0.0,2845,2845,0,0,0,1,5012,pca,embedding,0.6240655861975803,0.8332339941930155
manifold_group_noise_fashion_mnist,0,0.1,0.0,2846,2846,1,1,0,1,5051,pca,embedding,-0.3582218048331888,0.03483277977141487
manifold_group_noise_fashion_mnist,0,0.1,0.0,2847,2847,0,0,0,1,5022,pca,embedding,1.176228055621214,-0.04947752053331311
manifold_group_noise_fashion_mnist,0,0.1,0.0,2848,2848,0,1,1,1,5034,pca,embedding,-0.393971098046068,0.4893077959280767
manifold_group_noise_fashion_mnist,0,0.1,0.0,2849,2849,0,0,0,1,5005,pca,embedding,-0.31749895949676893,0.36429285210324625
manifold_group_noise_fashion_mnist,0,0.1,0.0,2850,2850,1,1,0,1,5033,pca,embedding,0.049240911871216285,-0.022771137063452202
manifold_group_noise_fashion_mnist,0,0.1,0.0,2851,2851,0,0,0,1,5025,pca,embedding,0.8078637666020315,-0.1047305569563703
manifold_group_noise_fashion_mnist,0,0.1,0.0,2852,2852,1,1,0,1,5043,pca,embedding,-0.9366843642643166,0.07930016900041902
manifold_group_noise_fashion_mnist,0,0.1,0.0,2853,2853,1,1,0,1,5042,pca,embedding,-0.3068586001494239,0.4040958384554584
manifold_group_noise_fashion_mnist,0,0.1,0.0,2854,2854,0,0,0,1,5000,pca,embedding,-0.8808858228302126,-0.13124276441361393
manifold_group_noise_fashion_mnist,0,0.1,0.0,2855,2855,0,0,0,1,5010,pca,embedding,-0.4903285583870929,0.4944814202078548
manifold_group_noise_fashion_mnist,0,0.1,0.0,2856,2856,0,0,0,0,2856,pca,embedding,0.47761433899323935,-0.3966436026725578
manifold_group_noise_fashion_mnist,0,0.1,0.0,2857,2857,0,0,0,1,5020,pca,embedding,-0.9456050139887335,0.007970148219874733
manifold_group_noise_fashion_mnist,0,0.1,0.0,2858,2858,0,0,0,1,5007,pca,embedding,0.7424930847879689,-0.6242781687632878
manifold_group_noise_fashion_mnist,0,0.1,0.0,2859,2859,1,1,0,1,5042,pca,embedding,-0.3274342993611934,-0.3768450906929204
manifold_group_noise_fashion_mnist,0,0.1,0.0,2860,2860,0,0,0,1,5008,pca,embedding,-0.8658207883814171,-0.0845090131953525
manifold_group_noise_fashion_mnist,0,0.1,0.0,2861,2861,0,0,0,0,2861,pca,embedding,0.4390256219087938,-0.0732252825066176
manifold_group_noise_fashion_mnist,0,0.1,0.0,2862,2862,1,1,0,1,5051,pca,embedding,-0.282598653783137,0.13936205886702524
manifold_group_noise_fashion_mnist,0,0.1,0.0,2863,2863,0,0,0,1,5013,pca,embedding,-0.34613705681701834,-0.08283730761629565
manifold_group_noise_fashion_mnist,0,0.1,0.0,2864,2864,0,0,0,1,5026,pca,embedding,1.0993043753482634,0.445419991227088
manifold_group_noise_fashion_mnist,0,0.1,0.0,2865,2865,1,1,0,1,5051,pca,embedding,-0.282598653783137,0.13936205886702524
manifold_group_noise_fashion_mnist,0,0.1,0.0,2866,2866,1,1,0,1,5041,pca,embedding,0.7922295720863074,0.13292160942370107
manifold_group_noise_fashion_mnist,0,0.1,0.0,2867,2867,1,1,0,1,5053,pca,embedding,-0.8190223520990317,-0.17867832197397182
manifold_group_noise_fashion_mnist,0,0.1,0.0,2868,2868,1,1,0,1,5031,pca,embedding,-0.9394879222205126,0.05044014306079159
manifold_group_noise_fashion_mnist,0,0.1,0.0,2869,2869,0,1,1,1,5038,pca,embedding,-0.3133958956434428,-0.2556486466657895
manifold_group_noise_fashion_mnist,0,0.1,0.0,2870,2870,0,0,0,1,5016,pca,embedding,-0.8509677633996975,-0.01540338210347917
manifold_group_noise_fashion_mnist,0,0.1,0.0,2871,2871,0,0,0,1,5014,pca,embedding,0.8535587347760883,-0.6004573695503429
manifold_group_noise_fashion_mnist,0,0.1,0.0,2872,2872,1,1,0,1,5032,pca,embedding,0.15680966141846217,0.34983337748269816
manifold_group_noise_fashion_mnist,0,0.1,0.0,2873,2873,1,1,0,1,5031,pca,embedding,-0.9162004028370493,0.13716690244661567
manifold_group_noise_fashion_mnist,0,0.1,0.0,2874,2874,1,1,0,1,5032,pca,embedding,0.07903633822753363,0.5866221099744201
manifold_group_noise_fashion_mnist,0,0.1,0.0,2875,2875,0,0,0,1,5021,pca,embedding,-0.2161397659044853,0.47614076811946476
manifold_group_noise_fashion_mnist,0,0.1,0.0,2876,2876,1,1,0,1,5032,pca,embedding,0.07903633822753363,0.5866221099744201
manifold_group_noise_fashion_mnist,0,0.1,0.0,2877,2877,0,0,0,1,5022,pca,embedding,1.2137963850880586,0.030217761403640714
manifold_group_noise_fashion_mnist,0,0.1,0.0,2878,2878,0,0,0,1,5009,pca,embedding,0.418249532758294,-0.7713567459895078
manifold_group_noise_fashion_mnist,0,0.1,0.0,2879,2879,1,1,0,1,5051,pca,embedding,-0.1971988760099308,0.02011810601789199
manifold_group_noise_fashion_mnist,0,0.1,0.0,2880,2880,0,0,0,1,5023,pca,embedding,0.08894871272329877,0.29687828649896986
manifold_group_noise_fashion_mnist,0,0.1,0.0,2881,2881,0,0,0,0,2881,pca,embedding,-0.9121445869971527,0.026128035024074424
manifold_group_noise_fashion_mnist,0,0.1,0.0,2882,2882,1,1,0,1,5036,pca,embedding,-0.2779250082440216,-0.10291686773453615
manifold_group_noise_fashion_mnist,0,0.1,0.0,2883,2883,0,0,0,0,2883,pca,embedding,0.8408059149984871,0.23531239263095324
manifold_group_noise_fashion_mnist,0,0.1,0.0,2884,2884,0,1,1,1,5038,pca,embedding,-0.3011135145808817,0.05178916898070157
manifold_group_noise_fashion_mnist,0,0.1,0.0,2885,2885,0,1,1,1,5048,pca,embedding,0.6069921774701434,0.2722664729588759
manifold_group_noise_fashion_mnist,0,0.1,0.0,2886,2886,0,0,0,1,5005,pca,embedding,-0.41376265783204336,-0.34348446241723757
manifold_group_noise_fashion_mnist,0,0.1,0.0,2887,2887,0,0,0,0,2887,pca,embedding,-0.4550145604645904,-0.018086618026086222
manifold_group_noise_fashion_mnist,0,0.1,0.0,2888,2888,1,1,0,1,5047,pca,embedding,0.5413277571059041,-0.6745157810539961
manifold_group_noise_fashion_mnist,0,0.1,0.0,2889,2889,0,0,0,1,5010,pca,embedding,-0.4158989823698747,-0.4020459892399151
manifold_group_noise_fashion_mnist,0,0.1,0.0,2890,2890,1,1,0,1,5051,pca,embedding,-0.3074325805278038,-0.12513059156820394
manifold_group_noise_fashion_mnist,0,0.1,0.0,2891,2891,0,1,1,1,5038,pca,embedding,-0.3157215298085236,-0.09748214077770899
manifold_group_noise_fashion_mnist,0,0.1,0.0,2892,2892,0,0,0,1,5023,pca,embedding,0.0841863221523352,-0.05160719290648352
manifold_group_noise_fashion_mnist,0,0.1,0.0,2893,2893,0,0,0,1,5012,pca,embedding,0.5957482406484725,0.43171252958647444
manifold_group_noise_fashion_mnist,0,0.1,0.0,2894,2894,0,0,0,1,5019,pca,embedding,0.1795322050985486,0.35000335771312635
manifold_group_noise_fashion_mnist,0,0.1,0.0,2895,2895,0,0,0,1,5026,pca,embedding,0.6337217495178323,-0.6939181643888266
manifold_group_noise_fashion_mnist,0,0.1,0.0,2896,2896,0,0,0,0,2896,pca,embedding,-0.6484193753958284,0.14069025388437115
manifold_group_noise_fashion_mnist,0,0.1,0.0,2897,2897,1,1,0,0,2897,pca,embedding,0.6650218107371432,-0.036993207818110656
manifold_group_noise_fashion_mnist,0,0.1,0.0,2898,2898,1,1,0,1,5042,pca,embedding,-0.16787641680515858,0.1919524931848898
manifold_group_noise_fashion_mnist,0,0.1,0.0,2899,2899,0,0,0,1,5024,pca,embedding,0.6919665191723983,0.44595596884533295
manifold_group_noise_fashion_mnist,0,0.1,0.0,2900,2900,1,0,1,1,5011,pca,embedding,0.8929993970153112,-0.7851538694798373
manifold_group_noise_fashion_mnist,0,0.1,0.0,2901,2901,0,0,0,1,5016,pca,embedding,-0.8698765513174348,-0.18625840002257832
manifold_group_noise_fashion_mnist,0,0.1,0.0,2902,2902,1,1,0,1,5052,pca,embedding,0.4416019357927238,-0.005862614870209185
manifold_group_noise_fashion_mnist,0,0.1,0.0,2903,2903,0,0,0,1,5000,pca,embedding,-0.8808858228302126,-0.13124276441361393
manifold_group_noise_fashion_mnist,0,0.1,0.0,2904,2904,1,1,0,1,5036,pca,embedding,-0.2763369883811938,-0.1922709193187338
manifold_group_noise_fashion_mnist,0,0.1,0.0,2905,2905,0,0,0,1,5001,pca,embedding,-0.12765943280361497,-0.5738520202319681
manifold_group_noise_fashion_mnist,0,0.1,0.0,2906,2906,0,0,0,1,5015,pca,embedding,0.5712100110096152,-0.37682730540054343
manifold_group_noise_fashion_mnist,0,0.1,0.0,2907,2907,1,1,0,0,2907,pca,embedding,-0.8396785216205439,0.09231209429078152
manifold_group_noise_fashion_mnist,0,0.1,0.0,2908,2908,0,0,0,1,5019,pca,embedding,-0.00446671967501503,-0.5229068986423999
manifold_group_noise_fashion_mnist,0,0.1,0.0,2909,2909,0,0,0,1,5018,pca,embedding,-0.6324876529989985,-0.27449072368453065
manifold_group_noise_fashion_mnist,0,0.1,0.0,2910,2910,0,0,0,1,5016,pca,embedding,-0.8698765513174348,-0.18625840002257832
manifold_group_noise_fashion_mnist,0,0.1,0.0,2911,2911,1,1,0,1,5049,pca,embedding,1.0547771071837813,0.10684690445816442
manifold_group_noise_fashion_mnist,0,0.1,0.0,2912,2912,0,0,0,0,2912,pca,embedding,0.08046209656173502,-0.18408223295158369
manifold_group_noise_fashion_mnist,0,0.1,0.0,2913,2913,0,0,0,1,5016,pca,embedding,-0.8613599284232585,0.09269489457856302
manifold_group_noise_fashion_mnist,0,0.1,0.0,2914,2914,0,1,1,1,5048,pca,embedding,0.49290124574368605,-0.3244601094463664
manifold_group_noise_fashion_mnist,0,0.1,0.0,2915,2915,0,0,0,1,5025,pca,embedding,0.8078637666020315,-0.1047305569563703
manifold_group_noise_fashion_mnist,0,0.1,0.0,2916,2916,0,0,0,1,5017,pca,embedding,0.42605699936471525,-0.3750157036441893
manifold_group_noise_fashion_mnist,0,0.1,0.0,2917,2917,1,1,0,1,5037,pca,embedding,-0.9762480304217256,0.10942907711503254
manifold_group_noise_fashion_mnist,0,0.1,0.0,2918,2918,0,0,0,1,5024,pca,embedding,0.7208546462036393,-0.6260184097886702
manifold_group_noise_fashion_mnist,0,0.1,0.0,2919,2919,1,1,0,1,5029,pca,embedding,-0.15465427874560161,-0.46454119769857777
manifold_group_noise_fashion_mnist,0,0.1,0.0,2920,2920,0,0,0,1,5025,pca,embedding,0.6033392428350896,-0.8492018816884397
manifold_group_noise_fashion_mnist,0,0.1,0.0,2921,2921,1,1,0,1,5027,pca,embedding,-0.8979306716947817,-0.01779017221019989
manifold_group_noise_fashion_mnist,0,0.1,0.0,2922,2922,1,1,0,0,2922,pca,embedding,0.3352385141821728,-0.3107914856847331
manifold_group_noise_fashion_mnist,0,0.1,0.0,2923,2923,0,0,0,1,5020,pca,embedding,-0.9497924358374816,0.06015877100443373
manifold_group_noise_fashion_mnist,0,0.1,0.0,2924,2924,1,1,0,1,5044,pca,embedding,-0.9167337871352412,0.0841411189432725
manifold_group_noise_fashion_mnist,0,0.1,0.0,2925,2925,1,1,0,1,5047,pca,embedding,0.7249619695057066,0.37652682078468536
manifold_group_noise_fashion_mnist,0,0.1,0.0,2926,2926,0,0,0,1,5006,pca,embedding,0.6410339257040708,0.4604676149854941
manifold_group_noise_fashion_mnist,0,0.1,0.0,2927,2927,0,0,0,1,5025,pca,embedding,0.6033392428350896,-0.8492018816884397
manifold_group_noise_fashion_mnist,0,0.1,0.0,2928,2928,1,1,0,1,5041,pca,embedding,0.7922295720863074,0.13292160942370107
manifold_group_noise_fashion_mnist,0,0.1,0.0,2929,2929,1,1,0,1,5053,pca,embedding,-0.7459396403059407,-0.10839806969662172
manifold_group_noise_fashion_mnist,0,0.1,0.0,2930,2930,1,1,0,1,5031,pca,embedding,-0.9162004028370493,0.13716690244661567
manifold_group_noise_fashion_mnist,0,0.1,0.0,2931,2931,1,0,1,1,5003,pca,embedding,-0.42330939598468087,-0.07754103556021294
manifold_group_noise_fashion_mnist,0,0.1,0.0,2932,2932,1,1,0,1,5053,pca,embedding,-0.7317446023902112,-0.049205188001385645
manifold_group_noise_fashion_mnist,0,0.1,0.0,2933,2933,1,1,0,1,5032,pca,embedding,0.013593390028673633,-0.6492355803402008
manifold_group_noise_fashion_mnist,0,0.1,0.0,2934,2934,1,1,0,1,5033,pca,embedding,-0.06084142911395611,-0.14510503928318708
manifold_group_noise_fashion_mnist,0,0.1,0.0,2935,2935,0,0,0,1,5004,pca,embedding,0.7716779575514205,-0.19462644679085278
manifold_group_noise_fashion_mnist,0,0.1,0.0,2936,2936,0,1,1,1,5034,pca,embedding,-0.44965444129472765,-0.41181674820939296
manifold_group_noise_fashion_mnist,0,0.1,0.0,2937,2937,1,1,0,1,5037,pca,embedding,-0.9371061195794866,-0.01734109524114106
manifold_group_noise_fashion_mnist,0,0.1,0.0,2938,2938,0,0,0,1,5022,pca,embedding,1.0125057543847131,-0.00418424783879795
manifold_group_noise_fashion_mnist,0,0.1,0.0,2939,2939,1,1,0,1,5031,pca,embedding,-0.9314815366436549,0.09299342007293208
manifold_group_noise_fashion_mnist,0,0.1,0.0,2940,2940,0,0,0,1,5005,pca,embedding,-0.22616520251103917,0.35906978587581506
manifold_group_noise_fashion_mnist,0,0.1,0.0,2941,2941,1,1,0,1,5045,pca,embedding,0.16414651987827136,0.42042255899252234
manifold_group_noise_fashion_mnist,0,0.1,0.0,2942,2942,1,1,0,1,5043,pca,embedding,-0.9366843642643166,0.07930016900041902
manifold_group_noise_fashion_mnist,0,0.1,0.0,2943,2943,0,0,0,1,5006,pca,embedding,0.753623406144043,-0.05687388166894217
manifold_group_noise_fashion_mnist,0,0.1,0.0,2944,2944,0,0,0,1,5019,pca,embedding,-0.01087944288283623,0.6548310332104128
manifold_group_noise_fashion_mnist,0,0.1,0.0,2945,2945,0,0,0,1,5002,pca,embedding,-0.2117470560556912,0.547480833510315
manifold_group_noise_fashion_mnist,0,0.1,0.0,2946,2946,1,1,0,1,5045,pca,embedding,0.1304912671999888,-0.6719086593098074
manifold_group_noise_fashion_mnist,0,0.1,0.0,2947,2947,1,1,0,1,5040,pca,embedding,1.0245366767787003,0.4562889038826945
manifold_group_noise_fashion_mnist,0,0.1,0.0,2948,2948,0,0,0,1,5005,pca,embedding,-0.22616520251103917,0.35906978587581506
manifold_group_noise_fashion_mnist,0,0.1,0.0,2949,2949,0,0,0,1,5021,pca,embedding,-0.3983627238598248,-0.42427176334018296
manifold_group_noise_fashion_mnist,0,0.1,0.0,2950,2950,0,0,0,0,2950,pca,embedding,0.9610190302907139,0.022843455875880447
manifold_group_noise_fashion_mnist,0,0.1,0.0,2951,2951,1,1,0,1,5045,pca,embedding,0.17877850047817162,0.5653329789285274
manifold_group_noise_fashion_mnist,0,0.1,0.0,2952,2952,0,0,0,1,5012,pca,embedding,0.5957482406484725,0.43171252958647444
manifold_group_noise_fashion_mnist,0,0.1,0.0,2953,2953,1,0,1,1,5011,pca,embedding,0.7901097615757326,0.8180809241983882
manifold_group_noise_fashion_mnist,0,0.1,0.0,2954,2954,0,0,0,1,5004,pca,embedding,0.7235723359549333,-0.628179023815815
manifold_group_noise_fashion_mnist,0,0.1,0.0,2955,2955,0,0,0,0,2955,pca,embedding,0.15191995890120785,0.4650121479747433
manifold_group_noise_fashion_mnist,0,0.1,0.0,2956,2956,0,0,0,1,5022,pca,embedding,1.0125057543847131,-0.00418424783879795
manifold_group_noise_fashion_mnist,0,0.1,0.0,2957,2957,0,0,0,1,5018,pca,embedding,-0.7068305076471434,-0.2727428370183327
manifold_group_noise_fashion_mnist,0,0.1,0.0,2958,2958,0,0,0,1,5018,pca,embedding,-0.6619098906867765,0.16477498203300273
manifold_group_noise_fashion_mnist,0,0.1,0.0,2959,2959,1,1,0,1,5036,pca,embedding,-0.2865524427678605,-0.06377224014922256
manifold_group_noise_fashion_mnist,0,0.1,0.0,2960,2960,0,0,0,1,5008,pca,embedding,-0.8787720486196546,-0.17554273541660886
manifold_group_noise_fashion_mnist,0,0.1,0.0,2961,2961,0,0,0,0,2961,pca,embedding,-0.6596502747312785,0.05652310363217922
manifold_group_noise_fashion_mnist,0,0.1,0.0,2962,2962,0,0,0,1,5020,pca,embedding,-0.9182058410981022,-0.031224669123850524
manifold_group_noise_fashion_mnist,0,0.1,0.0,2963,2963,1,1,0,1,5040,pca,embedding,1.010490401489464,-0.34428141598952006
manifold_group_noise_fashion_mnist,0,0.1,0.0,2964,2964,0,0,0,1,5000,pca,embedding,-0.9222990863650858,0.15914510790245917
manifold_group_noise_fashion_mnist,0,0.1,0.0,2965,2965,0,0,0,1,5023,pca,embedding,-0.04454873857435058,-0.5850157606427607
manifold_group_noise_fashion_mnist,0,0.1,0.0,2966,2966,0,0,0,1,5006,pca,embedding,0.518518536599198,-0.616854141535987
manifold_group_noise_fashion_mnist,0,0.1,0.0,2967,2967,1,1,0,0,2967,pca,embedding,0.6523702967903209,0.34726463237693395
manifold_group_noise_fashion_mnist,0,0.1,0.0,2968,2968,1,1,0,1,5033,pca,embedding,-0.06084142911395611,-0.14510503928318708
manifold_group_noise_fashion_mnist,0,0.1,0.0,2969,2969,0,1,1,1,5038,pca,embedding,-0.29061198396498966,0.12831690703302223
manifold_group_noise_fashion_mnist,0,0.1,0.0,2970,2970,0,0,0,1,5013,pca,embedding,-0.4288956031971049,0.16021457407107811
manifold_group_noise_fashion_mnist,0,0.1,0.0,2971,2971,0,0,0,1,5017,pca,embedding,0.48016080422268403,0.6844474880844832
manifold_group_noise_fashion_mnist,0,0.1,0.0,2972,2972,1,1,0,1,5043,pca,embedding,-0.9335713632624989,-0.026841221013887702
manifold_group_noise_fashion_mnist,0,0.1,0.0,2973,2973,1,1,0,0,2973,pca,embedding,-0.04462665310422763,0.225615517777491
manifold_group_noise_fashion_mnist,0,0.1,0.0,2974,2974,0,0,0,1,5010,pca,embedding,-0.3836887104368455,-0.11862094480741558
manifold_group_noise_fashion_mnist,0,0.1,0.0,2975,2975,0,1,1,1,5034,pca,embedding,-0.393971098046068,0.4893077959280767
manifold_group_noise_fashion_mnist,0,0.1,0.0,2976,2976,1,1,0,1,5030,pca,embedding,-0.8986246886737785,-0.05614817685687334
manifold_group_noise_fashion_mnist,0,0.1,0.0,2977,2977,0,0,0,1,5026,pca,embedding,0.7946394663777341,0.8405887732287723
manifold_group_noise_fashion_mnist,0,0.1,0.0,2978,2978,0,0,0,1,5010,pca,embedding,-0.40504166856836465,-0.33309503943000657
manifold_group_noise_fashion_mnist,0,0.1,0.0,2979,2979,1,1,0,0,2979,pca,embedding,0.8542651544964511,0.4009761094634059
manifold_group_noise_fashion_mnist,0,0.1,0.0,2980,2980,0,0,0,1,5016,pca,embedding,-0.8698765513174348,-0.18625840002257832
manifold_group_noise_fashion_mnist,0,0.1,0.0,2981,2981,0,0,0,1,5008,pca,embedding,-0.8565874133472127,-0.12286073186371482
manifold_group_noise_fashion_mnist,0,0.1,0.0,2982,2982,0,0,0,1,5025,pca,embedding,0.6654793438561444,0.8026063075013705
manifold_group_noise_fashion_mnist,0,0.1,0.0,2983,2983,0,0,0,1,5023,pca,embedding,-0.20106258275528202,0.5873934191056738
manifold_group_noise_fashion_mnist,0,0.1,0.0,2984,2984,1,0,1,1,5003,pca,embedding,-0.45260111738806086,-0.30851149255503846
manifold_group_noise_fashion_mnist,0,0.1,0.0,2985,2985,0,0,0,1,5008,pca,embedding,-0.8787720486196546,-0.17554273541660886
manifold_group_noise_fashion_mnist,0,0.1,0.0,2986,2986,1,1,0,1,5039,pca,embedding,0.23789559302440683,-0.4385188382028624
manifold_group_noise_fashion_mnist,0,0.1,0.0,2987,2987,0,0,0,1,5008,pca,embedding,-0.9737773675552853,0.16068898342029672
manifold_group_noise_fashion_mnist,0,0.1,0.0,2988,2988,0,0,0,1,5023,pca,embedding,0.08894871272329877,0.29687828649896986
manifold_group_noise_fashion_mnist,0,0.1,0.0,2989,2989,1,1,0,1,5050,pca,embedding,-0.9227669255029821,-0.004689255177931589
manifold_group_noise_fashion_mnist,0,0.1,0.0,2990,2990,1,1,0,1,5027,pca,embedding,-0.8973327420054342,0.09531622292119525
manifold_group_noise_fashion_mnist,0,0.1,0.0,2991,2991,0,0,0,1,5017,pca,embedding,0.48016080422268403,0.6844474880844832
manifold_group_noise_fashion_mnist,0,0.1,0.0,2992,2992,1,1,0,1,5031,pca,embedding,-0.9246896116650437,-0.08310130915247531
manifold_group_noise_fashion_mnist,0,0.1,0.0,2993,2993,1,1,0,1,5045,pca,embedding,-0.02391215099255585,0.6742171915371686
manifold_group_noise_fashion_mnist,0,0.1,0.0,2994,2994,0,0,0,1,5026,pca,embedding,0.7946394663777341,0.8405887732287723
manifold_group_noise_fashion_mnist,0,0.1,0.0,2995,2995,1,0,1,1,5011,pca,embedding,0.5432674704401125,-0.5302769107061
manifold_group_noise_fashion_mnist,0,0.1,0.0,2996,2996,0,0,0,1,5026,pca,embedding,0.7946394663777341,0.8405887732287723
manifold_group_noise_fashion_mnist,0,0.1,0.0,2997,2997,0,0,0,1,5019,pca,embedding,0.1795322050985486,0.35000335771312635
manifold_group_noise_fashion_mnist,0,0.1,0.0,2998,2998,1,1,0,1,5045,pca,embedding,0.22191780289333735,-0.4205254538192652
manifold_group_noise_fashion_mnist,0,0.1,0.0,2999,2999,0,0,0,1,5012,pca,embedding,0.31773018608009373,0.7207984433109361
manifold_group_noise_fashion_mnist,0,0.1,0.0,3000,3000,0,0,0,1,5004,pca,embedding,0.7716779575514205,-0.19462644679085278
manifold_group_noise_fashion_mnist,0,0.1,0.0,3001,3001,1,1,0,1,5031,pca,embedding,-0.9314815366436549,0.09299342007293208
manifold_group_noise_fashion_mnist,0,0.1,0.0,3002,3002,0,0,0,1,5026,pca,embedding,0.6337217495178323,-0.6939181643888266
manifold_group_noise_fashion_mnist,0,0.1,0.0,3003,3003,1,1,0,1,5049,pca,embedding,0.8140468780818403,-0.5460638656521932
manifold_group_noise_fashion_mnist,0,0.1,0.0,3004,3004,0,1,1,1,5034,pca,embedding,-0.29932229024069257,-0.31215301073798424
manifold_group_noise_fashion_mnist,0,0.1,0.0,3005,3005,1,1,0,1,5031,pca,embedding,-0.9394879222205126,0.05044014306079159
manifold_group_noise_fashion_mnist,0,0.1,0.0,3006,3006,0,0,0,1,5015,pca,embedding,0.4925345141162552,-0.1496899197858104
manifold_group_noise_fashion_mnist,0,0.1,0.0,3007,3007,0,0,0,1,5007,pca,embedding,0.7291246551669253,0.773012138138884
manifold_group_noise_fashion_mnist,0,0.1,0.0,3008,3008,1,1,0,1,5032,pca,embedding,0.07903633822753363,0.5866221099744201
manifold_group_noise_fashion_mnist,0,0.1,0.0,3009,3009,1,1,0,0,3009,pca,embedding,0.16529990901371955,0.3242151221898835
manifold_group_noise_fashion_mnist,0,0.1,0.0,3010,3010,1,1,0,1,5032,pca,embedding,-0.12001382295393728,-0.44909780545812994
manifold_group_noise_fashion_mnist,0,0.1,0.0,3011,3011,0,0,0,1,5006,pca,embedding,0.6063230907164234,-0.47359999038684386
manifold_group_noise_fashion_mnist,0,0.1,0.0,3012,3012,1,1,0,1,5050,pca,embedding,-0.9199423243694982,-0.0023904970327028457
manifold_group_noise_fashion_mnist,0,0.1,0.0,3013,3013,1,1,0,1,5043,pca,embedding,-0.9211316397429528,-0.06569601781009227
manifold_group_noise_fashion_mnist,0,0.1,0.0,3014,3014,1,1,0,1,5052,pca,embedding,0.2612535578629397,-0.4257219799555706
manifold_group_noise_fashion_mnist,0,0.1,0.0,3015,3015,0,0,0,1,5022,pca,embedding,1.1436418246418478,0.001028193940393815
manifold_group_noise_fashion_mnist,0,0.1,0.0,3016,3016,0,0,0,1,5006,pca,embedding,0.518518536599198,-0.616854141535987
manifold_group_noise_fashion_mnist,0,0.1,0.0,3017,3017,1,1,0,1,5040,pca,embedding,1.010490401489464,-0.34428141598952006
manifold_group_noise_fashion_mnist,0,0.1,0.0,3018,3018,1,1,0,1,5044,pca,embedding,-0.843661349265209,-0.0516507547640452
manifold_group_noise_fashion_mnist,0,0.1,0.0,3019,3019,1,1,0,1,5052,pca,embedding,0.10914625155416985,-0.30537753538901524
manifold_group_noise_fashion_mnist,0,0.1,0.0,3020,3020,1,1,0,1,5047,pca,embedding,0.47663175777198696,0.6580462171416843
manifold_group_noise_fashion_mnist,0,0.1,0.0,3021,3021,1,0,1,1,5011,pca,embedding,0.8725942892345719,-0.40664673495461934
manifold_group_noise_fashion_mnist,0,0.1,0.0,3022,3022,0,0,0,1,5026,pca,embedding,0.8643189313791584,-0.8625811275119452
manifold_group_noise_fashion_mnist,0,0.1,0.0,3023,3023,1,1,0,1,5037,pca,embedding,-0.9285084875077186,0.12372176430027029
manifold_group_noise_fashion_mnist,0,0.1,0.0,3024,3024,0,0,0,1,5017,pca,embedding,0.6982379606993114,0.05101047232937288
manifold_group_noise_fashion_mnist,0,0.1,0.0,3025,3025,1,0,1,1,5011,pca,embedding,0.5432674704401125,-0.5302769107061
manifold_group_noise_fashion_mnist,0,0.1,0.0,3026,3026,0,0,0,1,5014,pca,embedding,0.44780551161153503,0.8442172733287745
manifold_group_noise_fashion_mnist,0,0.1,0.0,3027,3027,0,0,0,1,5013,pca,embedding,-0.34613705681701834,-0.08283730761629565
manifold_group_noise_fashion_mnist,0,0.1,0.0,3028,3028,1,1,0,1,5035,pca,embedding,-0.6907325892166274,-0.031989763750844905
manifold_group_noise_fashion_mnist,0,0.1,0.0,3029,3029,1,1,0,1,5053,pca,embedding,-0.7317446023902112,-0.049205188001385645
manifold_group_noise_fashion_mnist,0,0.1,0.0,3030,3030,1,1,0,1,5045,pca,embedding,-0.12688142122261098,-0.5181427194788213
manifold_group_noise_fashion_mnist,0,0.1,0.0,3031,3031,1,1,0,1,5039,pca,embedding,0.3849742351500364,0.5273415814451405
manifold_group_noise_fashion_mnist,0,0.1,0.0,3032,3032,1,1,0,1,5053,pca,embedding,-0.8131982104448544,0.23171335690141862
manifold_group_noise_fashion_mnist,0,0.1,0.0,3033,3033,0,1,1,1,5038,pca,embedding,-0.3133958956434428,-0.2556486466657895
manifold_group_noise_fashion_mnist,0,0.1,0.0,3034,3034,1,1,0,1,5030,pca,embedding,-0.9209395414848962,-0.018646721701809244
manifold_group_noise_fashion_mnist,0,0.1,0.0,3035,3035,1,1,0,1,5041,pca,embedding,0.7922295720863074,0.13292160942370107
manifold_group_noise_fashion_mnist,0,0.1,0.0,3036,3036,0,0,0,1,5008,pca,embedding,-0.8422844831377656,-0.026917451171166635
manifold_group_noise_fashion_mnist,0,0.1,0.0,3037,3037,1,1,0,1,5051,pca,embedding,-0.36715083038110413,0.15627672360715802
manifold_group_noise_fashion_mnist,0,0.1,0.0,3038,3038,1,1,0,1,5044,pca,embedding,-0.843661349265209,-0.0516507547640452
manifold_group_noise_fashion_mnist,0,0.1,0.0,3039,3039,1,1,0,1,5037,pca,embedding,-0.9371061195794866,-0.01734109524114106
manifold_group_noise_fashion_mnist,0,0.1,0.0,3040,3040,0,0,0,1,5002,pca,embedding,-0.2117470560556912,0.547480833510315
manifold_group_noise_fashion_mnist,0,0.1,0.0,3041,3041,1,1,0,1,5029,pca,embedding,-0.15465427874560161,-0.46454119769857777
manifold_group_noise_fashion_mnist,0,0.1,0.0,3042,3042,1,1,0,1,5045,pca,embedding,-0.02391215099255585,0.6742171915371686
manifold_group_noise_fashion_mnist,0,0.1,0.0,3043,3043,1,1,0,1,5035,pca,embedding,-0.7520089470711595,0.08969918393342756
manifold_group_noise_fashion_mnist,0,0.1,0.0,3044,3044,0,0,0,0,3044,pca,embedding,-0.12846550112200944,-0.42548756886223177
manifold_group_noise_fashion_mnist,0,0.1,0.0,3045,3045,0,0,0,1,5000,pca,embedding,-0.8630278235073189,-0.009820903114049324
manifold_group_noise_fashion_mnist,0,0.1,0.0,3046,3046,1,1,0,1,5044,pca,embedding,-0.9133556874760866,0.09762823703241387
manifold_group_noise_fashion_mnist,0,0.1,0.0,3047,3047,1,1,0,1,5044,pca,embedding,-0.843661349265209,-0.0516507547640452
manifold_group_noise_fashion_mnist,0,0.1,0.0,3048,3048,0,0,0,1,5023,pca,embedding,-0.04454873857435058,-0.5850157606427607
manifold_group_noise_fashion_mnist,0,0.1,0.0,3049,3049,1,1,0,1,5037,pca,embedding,-0.9762480304217256,0.10942907711503254
manifold_group_noise_fashion_mnist,0,0.1,0.0,3050,3050,1,1,0,1,5042,pca,embedding,-0.16787641680515858,0.1919524931848898
manifold_group_noise_fashion_mnist,0,0.1,0.0,3051,3051,1,1,0,1,5044,pca,embedding,-0.933462347711011,-0.0010421903387687545
manifold_group_noise_fashion_mnist,0,0.1,0.0,3052,3052,0,0,0,0,3052,pca,embedding,0.6818762006748431,0.6056548498652304
manifold_group_noise_fashion_mnist,0,0.1,0.0,3053,3053,1,1,0,1,5032,pca,embedding,0.013593390028673633,-0.6492355803402008
manifold_group_noise_fashion_mnist,0,0.1,0.0,3054,3054,0,0,0,1,5009,pca,embedding,0.7612628193363489,0.8261680917798548
manifold_group_noise_fashion_mnist,0,0.1,0.0,3055,3055,1,0,1,1,5011,pca,embedding,0.5432674704401125,-0.5302769107061
manifold_group_noise_fashion_mnist,0,0.1,0.0,3056,3056,0,0,0,1,5024,pca,embedding,0.7208546462036393,-0.6260184097886702
manifold_group_noise_fashion_mnist,0,0.1,0.0,3057,3057,0,0,0,1,5021,pca,embedding,-0.2161397659044853,0.47614076811946476
manifold_group_noise_fashion_mnist,0,0.1,0.0,3058,3058,0,1,1,1,5034,pca,embedding,-0.27399720464263666,0.29297613007392975
manifold_group_noise_fashion_mnist,0,0.1,0.0,3059,3059,1,1,0,0,3059,pca,embedding,0.8493068954416059,-0.44823548321849266
manifold_group_noise_fashion_mnist,0,0.1,0.0,3060,3060,0,0,0,1,5016,pca,embedding,-0.9062401057566959,0.2058163201570994
manifold_group_noise_fashion_mnist,0,0.1,0.0,3061,3061,0,0,0,1,5019,pca,embedding,0.12703119109200905,0.08259735868133822
manifold_group_noise_fashion_mnist,0,0.1,0.0,3062,3062,0,1,1,1,5034,pca,embedding,-0.3328246148564959,0.39858494117363863
manifold_group_noise_fashion_mnist,0,0.1,0.0,3063,3063,1,1,0,1,5051,pca,embedding,-0.3582218048331888,0.03483277977141487
manifold_group_noise_fashion_mnist,0,0.1,0.0,3064,3064,1,1,0,0,3064,pca,embedding,-0.7569100750449012,0.0019028075887958691
manifold_group_noise_fashion_mnist,0,0.1,0.0,3065,3065,0,0,0,1,5004,pca,embedding,0.8416626697009707,0.8112611384831543
manifold_group_noise_fashion_mnist,0,0.1,0.0,3066,3066,1,0,1,1,5011,pca,embedding,0.8929993970153112,-0.7851538694798373
manifold_group_noise_fashion_mnist,0,0.1,0.0,3067,3067,1,1,0,1,5043,pca,embedding,-0.9366843642643166,0.07930016900041902
manifold_group_noise_fashion_mnist,0,0.1,0.0,3068,3068,0,0,0,1,5004,pca,embedding,0.7235723359549333,-0.628179023815815
manifold_group_noise_fashion_mnist,0,0.1,0.0,3069,3069,0,0,0,1,5016,pca,embedding,-0.8606214056028432,-0.09417717477993456
manifold_group_noise_fashion_mnist,0,0.1,0.0,3070,3070,1,1,0,1,5035,pca,embedding,-0.7496119940734065,0.0703521239516331
manifold_group_noise_fashion_mnist,0,0.1,0.0,3071,3071,0,0,0,1,5020,pca,embedding,-0.9410983793121367,0.06979016203590949
manifold_group_noise_fashion_mnist,0,0.1,0.0,3072,3072,1,1,0,0,3072,pca,embedding,-0.06855531398544408,0.3124457376897089
manifold_group_noise_fashion_mnist,0,0.1,0.0,3073,3073,0,0,0,1,5009,pca,embedding,0.5100981380438481,0.8762758247061757
manifold_group_noise_fashion_mnist,0,0.1,0.0,3074,3074,0,0,0,1,5025,pca,embedding,0.8078637666020315,-0.1047305569563703
manifold_group_noise_fashion_mnist,0,0.1,0.0,3075,3075,0,0,0,1,5023,pca,embedding,0.08894871272329877,0.29687828649896986
manifold_group_noise_fashion_mnist,0,0.1,0.0,3076,3076,1,1,0,0,3076,pca,embedding,0.17944901695983004,-0.289223317940688
manifold_group_noise_fashion_mnist,0,0.1,0.0,3077,3077,1,1,0,1,5027,pca,embedding,-0.8973327420054342,0.09531622292119525
manifold_group_noise_fashion_mnist,0,0.1,0.0,3078,3078,1,1,0,1,5041,pca,embedding,0.7922295720863074,0.13292160942370107
manifold_group_noise_fashion_mnist,0,0.1,0.0,3079,3079,0,0,0,1,5019,pca,embedding,0.1795322050985486,0.35000335771312635
manifold_group_noise_fashion_mnist,0,0.1,0.0,3080,3080,1,1,0,1,5036,pca,embedding,-0.2763369883811938,-0.1922709193187338
manifold_group_noise_fashion_mnist,0,0.1,0.0,3081,3081,0,0,0,1,5019,pca,embedding,-0.01087944288283623,0.6548310332104128
manifold_group_noise_fashion_mnist,0,0.1,0.0,3082,3082,1,1,0,1,5040,pca,embedding,0.8189792371135264,-0.12726515103470884
manifold_group_noise_fashion_mnist,0,0.1,0.0,3083,3083,1,1,0,1,5051,pca,embedding,-0.3074325805278038,-0.12513059156820394
manifold_group_noise_fashion_mnist,0,0.1,0.0,3084,3084,0,0,0,1,5023,pca,embedding,-0.04454873857435058,-0.5850157606427607
manifold_group_noise_fashion_mnist,0,0.1,0.0,3085,3085,1,1,0,1,5032,pca,embedding,-0.12001382295393728,-0.44909780545812994
manifold_group_noise_fashion_mnist,0,0.1,0.0,3086,3086,0,0,0,1,5024,pca,embedding,0.4633799315911309,0.9149703131486038
manifold_group_noise_fashion_mnist,0,0.1,0.0,3087,3087,0,0,0,0,3087,pca,embedding,0.10464015282065274,-0.09788670805502817
manifold_group_noise_fashion_mnist,0,0.1,0.0,3088,3088,1,1,0,1,5037,pca,embedding,-0.9325361386225219,-0.07610008813512513
manifold_group_noise_fashion_mnist,0,0.1,0.0,3089,3089,0,0,0,1,5014,pca,embedding,0.7678978237283995,-0.11035586652796843
manifold_group_noise_fashion_mnist,0,0.1,0.0,3090,3090,1,1,0,1,5028,pca,embedding,-0.21210002490839894,0.3108050933699753
manifold_group_noise_fashion_mnist,0,0.1,0.0,3091,3091,1,1,0,0,3091,pca,embedding,0.2044572681851793,0.19778390164125845
manifold_group_noise_fashion_mnist,0,0.1,0.0,3092,3092,1,1,0,1,5051,pca,embedding,-0.2699481842818249,0.10600597047603129
manifold_group_noise_fashion_mnist,0,0.1,0.0,3093,3093,0,0,0,1,5013,pca,embedding,-0.30969708508752203,-0.34292603160147755
manifold_group_noise_fashion_mnist,0,0.1,0.0,3094,3094,0,0,0,1,5025,pca,embedding,0.7627814992073733,0.4172494545560207
manifold_group_noise_fashion_mnist,0,0.1,0.0,3095,3095,1,1,0,1,5030,pca,embedding,-0.8986246886737785,-0.05614817685687334
manifold_group_noise_fashion_mnist,0,0.1,0.0,3096,3096,0,0,0,1,5012,pca,embedding,0.35121201924219164,-0.7333911377239968
manifold_group_noise_fashion_mnist,0,0.1,0.0,3097,3097,1,1,0,1,5040,pca,embedding,0.7710910029352435,-0.5296789409059545
manifold_group_noise_fashion_mnist,0,0.1,0.0,3098,3098,1,1,0,1,5045,pca,embedding,0.09803729767555212,0.024982946167763545
manifold_group_noise_fashion_mnist,0,0.1,0.0,3099,3099,1,1,0,1,5049,pca,embedding,0.6866450052051727,-0.3090932390066733
manifold_group_noise_fashion_mnist,0,0.1,0.0,3100,3100,0,0,0,1,5016,pca,embedding,-0.9062401057566959,0.2058163201570994
manifold_group_noise_fashion_mnist,0,0.1,0.0,3101,3101,1,1,0,1,5035,pca,embedding,-0.68284923201481,0.010838406478870036
manifold_group_noise_fashion_mnist,0,0.1,0.0,3102,3102,0,0,0,1,5001,pca,embedding,-0.055388969474124784,-0.6002120824197864
manifold_group_noise_fashion_mnist,0,0.1,0.0,3103,3103,1,1,0,1,5052,pca,embedding,0.2612535578629397,-0.4257219799555706
manifold_group_noise_fashion_mnist,0,0.1,0.0,3104,3104,0,0,0,1,5023,pca,embedding,0.08894871272329877,0.29687828649896986
manifold_group_noise_fashion_mnist,0,0.1,0.0,3105,3105,0,0,0,1,5013,pca,embedding,-0.36582371945831244,-0.22296090438783756
manifold_group_noise_fashion_mnist,0,0.1,0.0,3106,3106,1,1,0,1,5051,pca,embedding,-0.2699481842818249,0.10600597047603129
manifold_group_noise_fashion_mnist,0,0.1,0.0,3107,3107,0,0,0,1,5022,pca,embedding,1.195573168278564,-0.07403296293749109
manifold_group_noise_fashion_mnist,0,0.1,0.0,3108,3108,1,1,0,1,5041,pca,embedding,0.6401006936712017,0.4787203369457484
manifold_group_noise_fashion_mnist,0,0.1,0.0,3109,3109,1,1,0,1,5027,pca,embedding,-0.9378203574655817,0.08209387291724515
manifold_group_noise_fashion_mnist,0,0.1,0.0,3110,3110,0,0,0,1,5001,pca,embedding,-0.12765943280361497,-0.5738520202319681
manifold_group_noise_fashion_mnist,0,0.1,0.0,3111,3111,1,1,0,1,5053,pca,embedding,-0.8190223520990317,-0.17867832197397182
manifold_group_noise_fashion_mnist,0,0.1,0.0,3112,3112,0,0,0,1,5021,pca,embedding,-0.24725796788521498,-0.02935434662717168
manifold_group_noise_fashion_mnist,0,0.1,0.0,3113,3113,0,1,1,1,5038,pca,embedding,-0.3011135145808817,0.05178916898070157
manifold_group_noise_fashion_mnist,0,0.1,0.0,3114,3114,0,0,0,1,5015,pca,embedding,0.5115265429225028,0.09275834031386163
manifold_group_noise_fashion_mnist,0,0.1,0.0,3115,3115,1,1,0,1,5042,pca,embedding,-0.21148132223025862,0.3018044765784209
manifold_group_noise_fashion_mnist,0,0.1,0.0,3116,3116,1,1,0,1,5049,pca,embedding,0.7416494195256557,-0.49108031131810326
manifold_group_noise_fashion_mnist,0,0.1,0.0,3117,3117,1,1,0,1,5027,pca,embedding,-0.9211613434197472,-0.03428124216858519
manifold_group_noise_fashion_mnist,0,0.1,0.0,3118,3118,0,1,1,1,5048,pca,embedding,0.45814832192508825,0.2879306050734017
manifold_group_noise_fashion_mnist,0,0.1,0.0,3119,3119,0,0,0,1,5018,pca,embedding,-0.6481908226385475,-0.2053652802441936
manifold_group_noise_fashion_mnist,0,0.1,0.0,3120,3120,1,1,0,1,5027,pca,embedding,-0.9911529266948478,0.11235758861556076
manifold_group_noise_fashion_mnist,0,0.1,0.0,3121,3121,0,0,0,1,5008,pca,embedding,-0.9080085731925809,0.10956613832573582
manifold_group_noise_fashion_mnist,0,0.1,0.0,3122,3122,0,0,0,1,5021,pca,embedding,-0.24725796788521498,-0.02935434662717168
manifold_group_noise_fashion_mnist,0,0.1,0.0,3123,3123,1,0,1,1,5011,pca,embedding,0.5432674704401125,-0.5302769107061
manifold_group_noise_fashion_mnist,0,0.1,0.0,3124,3124,1,1,0,1,5052,pca,embedding,0.39362263073123244,-0.23679557471232127
manifold_group_noise_fashion_mnist,0,0.1,0.0,3125,3125,1,0,1,1,5011,pca,embedding,0.7695558704728208,-0.7662839938955993
manifold_group_noise_fashion_mnist,0,0.1,0.0,3126,3126,1,1,0,1,5030,pca,embedding,-0.9209395414848962,-0.018646721701809244
manifold_group_noise_fashion_mnist,0,0.1,0.0,3127,3127,0,0,0,1,5018,pca,embedding,-0.6324876529989985,-0.27449072368453065
manifold_group_noise_fashion_mnist,0,0.1,0.0,3128,3128,0,0,0,1,5026,pca,embedding,1.0993043753482634,0.445419991227088
manifold_group_noise_fashion_mnist,0,0.1,0.0,3129,3129,0,0,0,1,5020,pca,embedding,-0.9182058410981022,-0.031224669123850524
manifold_group_noise_fashion_mnist,0,0.1,0.0,3130,3130,0,1,1,1,5048,pca,embedding,0.45814832192508825,0.2879306050734017
manifold_group_noise_fashion_mnist,0,0.1,0.0,3131,3131,1,1,0,1,5041,pca,embedding,0.6401006936712017,0.4787203369457484
manifold_group_noise_fashion_mnist,0,0.1,0.0,3132,3132,0,0,0,1,5024,pca,embedding,0.40392033062496324,-0.8104792730580821
manifold_group_noise_fashion_mnist,0,0.1,0.0,3133,3133,0,0,0,1,5001,pca,embedding,-0.20983110005793337,0.5494393825818871
manifold_group_noise_fashion_mnist,0,0.1,0.0,3134,3134,0,0,0,1,5009,pca,embedding,0.6127583133987617,-0.6612610834316213
manifold_group_noise_fashion_mnist,0,0.1,0.0,3135,3135,0,1,1,1,5048,pca,embedding,0.49290124574368605,-0.3244601094463664
manifold_group_noise_fashion_mnist,0,0.1,0.0,3136,3136,1,1,0,1,5029,pca,embedding,0.06445955262697403,0.4775789870447894
manifold_group_noise_fashion_mnist,0,0.1,0.0,3137,3137,0,0,0,1,5009,pca,embedding,0.7612628193363489,0.8261680917798548
manifold_group_noise_fashion_mnist,0,0.1,0.0,3138,3138,1,1,0,1,5037,pca,embedding,-0.9580280240060483,0.08333890666241656
manifold_group_noise_fashion_mnist,0,0.1,0.0,3139,3139,0,0,0,1,5010,pca,embedding,-0.4171076529979296,0.41105790769585926
manifold_group_noise_fashion_mnist,0,0.1,0.0,3140,3140,1,1,0,1,5049,pca,embedding,0.8013860091867506,0.7124685585932671
manifold_group_noise_fashion_mnist,0,0.1,0.0,3141,3141,0,0,0,1,5001,pca,embedding,-0.006692417704869048,0.5592152905925705
manifold_group_noise_fashion_mnist,0,0.1,0.0,3142,3142,1,1,0,0,3142,pca,embedding,-0.6131350433871912,0.14883606703258306
manifold_group_noise_fashion_mnist,0,0.1,0.0,3143,3143,1,1,0,1,5053,pca,embedding,-0.8096290397197841,0.1688999106734829
manifold_group_noise_fashion_mnist,0,0.1,0.0,3144,3144,0,0,0,1,5017,pca,embedding,0.1597064226827385,-0.6246671635117624
manifold_group_noise_fashion_mnist,0,0.1,0.0,3145,3145,0,1,1,1,5034,pca,embedding,-0.2274209305196443,-0.5102599059686482
manifold_group_noise_fashion_mnist,0,0.1,0.0,3146,3146,1,1,0,1,5033,pca,embedding,0.049240911871216285,-0.022771137063452202
manifold_group_noise_fashion_mnist,0,0.1,0.0,3147,3147,1,1,0,1,5053,pca,embedding,-0.7317446023902112,-0.049205188001385645
manifold_group_noise_fashion_mnist,0,0.1,0.0,3148,3148,1,1,0,0,3148,pca,embedding,0.5687450229069031,0.31123233792048677
manifold_group_noise_fashion_mnist,0,0.1,0.0,3149,3149,0,0,0,1,5013,pca,embedding,-0.30969708508752203,-0.34292603160147755
manifold_group_noise_fashion_mnist,0,0.1,0.0,3150,3150,1,1,0,1,5029,pca,embedding,-0.06120646705682106,0.5882067202608642
manifold_group_noise_fashion_mnist,0,0.1,0.0,3151,3151,1,1,0,1,5050,pca,embedding,-0.9633798164290678,0.06505589765052418
manifold_group_noise_fashion_mnist,0,0.1,0.0,3152,3152,0,0,0,1,5000,pca,embedding,-0.8482294791769429,-0.08288450113225698
manifold_group_noise_fashion_mnist,0,0.1,0.0,3153,3153,0,0,0,1,5010,pca,embedding,-0.5618842969960751,-0.35176691039001934
manifold_group_noise_fashion_mnist,0,0.1,0.0,3154,3154,0,0,0,1,5017,pca,embedding,0.6982379606993114,0.05101047232937288
manifold_group_noise_fashion_mnist,0,0.1,0.0,3155,3155,1,1,0,1,5033,pca,embedding,-0.05403442256539707,0.022221309570141585
manifold_group_noise_fashion_mnist,0,0.1,0.0,3156,3156,0,0,0,1,5022,pca,embedding,1.176228055621214,-0.04947752053331311
manifold_group_noise_fashion_mnist,0,0.1,0.0,3157,3157,0,0,0,1,5025,pca,embedding,0.8298940028764206,-0.5294114681514656
manifold_group_noise_fashion_mnist,0,0.1,0.0,3158,3158,1,1,0,1,5040,pca,embedding,0.9638087423059953,-0.28401185930010076
manifold_group_noise_fashion_mnist,0,0.1,0.0,3159,3159,0,1,1,1,5034,pca,embedding,-0.27399720464263666,0.29297613007392975
manifold_group_noise_fashion_mnist,0,0.1,0.0,3160,3160,1,1,0,0,3160,pca,embedding,-0.34781630997109897,-0.234672892446325
manifold_group_noise_fashion_mnist,0,0.1,0.0,3161,3161,0,0,0,1,5015,pca,embedding,0.4898849566061579,-0.18716573424040156
manifold_group_noise_fashion_mnist,0,0.1,0.0,3162,3162,1,1,0,1,5039,pca,embedding,0.5094749282186216,0.06967932054091527
manifold_group_noise_fashion_mnist,0,0.1,0.0,3163,3163,1,1,0,1,5051,pca,embedding,-0.3582218048331888,0.03483277977141487
manifold_group_noise_fashion_mnist,0,0.1,0.0,3164,3164,1,1,0,1,5039,pca,embedding,0.5094749282186216,0.06967932054091527
manifold_group_noise_fashion_mnist,0,0.1,0.0,3165,3165,1,1,0,1,5052,pca,embedding,0.10914625155416985,-0.30537753538901524
manifold_group_noise_fashion_mnist,0,0.1,0.0,3166,3166,0,0,0,1,5000,pca,embedding,-0.8673618711914751,-0.14290753307037596
manifold_group_noise_fashion_mnist,0,0.1,0.0,3167,3167,1,1,0,0,3167,pca,embedding,0.07428833438112925,-0.3879990327468226
manifold_group_noise_fashion_mnist,0,0.1,0.0,3168,3168,1,1,0,0,3168,pca,embedding,0.12119164481584209,-0.26563862465087906
manifold_group_noise_fashion_mnist,0,0.1,0.0,3169,3169,1,1,0,1,5042,pca,embedding,-0.3274342993611934,-0.3768450906929204
manifold_group_noise_fashion_mnist,0,0.1,0.0,3170,3170,1,0,1,1,5011,pca,embedding,0.5432674704401125,-0.5302769107061
manifold_group_noise_fashion_mnist,0,0.1,0.0,3171,3171,0,0,0,0,3171,pca,embedding,-0.8628064540218892,-0.024285627988343637
manifold_group_noise_fashion_mnist,0,0.1,0.0,3172,3172,1,1,0,1,5049,pca,embedding,0.6866450052051727,-0.3090932390066733
manifold_group_noise_fashion_mnist,0,0.1,0.0,3173,3173,0,0,0,0,3173,pca,embedding,0.7650501068370288,0.13927025568687545
manifold_group_noise_fashion_mnist,0,0.1,0.0,3174,3174,0,0,0,0,3174,pca,embedding,0.46733642463797737,-0.4066756253473256
manifold_group_noise_fashion_mnist,0,0.1,0.0,3175,3175,0,0,0,1,5014,pca,embedding,0.8535587347760883,-0.6004573695503429
manifold_group_noise_fashion_mnist,0,0.1,0.0,3176,3176,1,1,0,1,5045,pca,embedding,0.16414651987827136,0.42042255899252234
manifold_group_noise_fashion_mnist,0,0.1,0.0,3177,3177,1,1,0,1,5029,pca,embedding,-0.07978025028925795,-0.4985863525607537
manifold_group_noise_fashion_mnist,0,0.1,0.0,3178,3178,1,1,0,1,5050,pca,embedding,-0.9458074764089357,0.06719536729600156
manifold_group_noise_fashion_mnist,0,0.1,0.0,3179,3179,0,0,0,1,5000,pca,embedding,-0.8630278235073189,-0.009820903114049324
manifold_group_noise_fashion_mnist,0,0.1,0.0,3180,3180,1,1,0,1,5028,pca,embedding,-0.21210002490839894,0.3108050933699753
manifold_group_noise_fashion_mnist,0,0.1,0.0,3181,3181,1,1,0,1,5032,pca,embedding,0.013593390028673633,-0.6492355803402008
manifold_group_noise_fashion_mnist,0,0.1,0.0,3182,3182,0,1,1,1,5034,pca,embedding,-0.2274209305196443,-0.5102599059686482
manifold_group_noise_fashion_mnist,0,0.1,0.0,3183,3183,1,0,1,1,5011,pca,embedding,0.5432674704401125,-0.5302769107061
manifold_group_noise_fashion_mnist,0,0.1,0.0,3184,3184,0,1,1,1,5048,pca,embedding,0.3815737417659812,-0.3436995670371248
manifold_group_noise_fashion_mnist,0,0.1,0.0,3185,3185,0,0,0,1,5006,pca,embedding,0.753623406144043,-0.05687388166894217
manifold_group_noise_fashion_mnist,0,0.1,0.0,3186,3186,0,0,0,1,5018,pca,embedding,-0.6324876529989985,-0.27449072368453065
manifold_group_noise_fashion_mnist,0,0.1,0.0,3187,3187,0,0,0,1,5017,pca,embedding,0.3628592586363235,-0.6497484190453691
manifold_group_noise_fashion_mnist,0,0.1,0.0,3188,3188,0,0,0,1,5005,pca,embedding,-0.31749895949676893,0.36429285210324625
manifold_group_noise_fashion_mnist,0,0.1,0.0,3189,3189,0,0,0,1,5018,pca,embedding,-0.6324876529989985,-0.27449072368453065
manifold_group_noise_fashion_mnist,0,0.1,0.0,3190,3190,1,1,0,1,5039,pca,embedding,0.3849742351500364,0.5273415814451405
manifold_group_noise_fashion_mnist,0,0.1,0.0,3191,3191,0,0,0,1,5007,pca,embedding,0.7424930847879689,-0.6242781687632878
manifold_group_noise_fashion_mnist,0,0.1,0.0,3192,3192,0,0,0,1,5013,pca,embedding,-0.30969708508752203,-0.34292603160147755
manifold_group_noise_fashion_mnist,0,0.1,0.0,3193,3193,0,0,0,1,5017,pca,embedding,0.3628592586363235,-0.6497484190453691
manifold_group_noise_fashion_mnist,0,0.1,0.0,3194,3194,1,1,0,1,5050,pca,embedding,-0.9340407827705792,0.02264048629003733
manifold_group_noise_fashion_mnist,0,0.1,0.0,3195,3195,1,1,0,1,5031,pca,embedding,-0.9394879222205126,0.05044014306079159
manifold_group_noise_fashion_mnist,0,0.1,0.0,3196,3196,1,1,0,1,5043,pca,embedding,-0.9276277355735963,0.05898613183590304
manifold_group_noise_fashion_mnist,0,0.1,0.0,3197,3197,0,0,0,1,5022,pca,embedding,1.0125057543847131,-0.00418424783879795
manifold_group_noise_fashion_mnist,0,0.1,0.0,3198,3198,0,0,0,1,5023,pca,embedding,0.0841863221523352,-0.05160719290648352
manifold_group_noise_fashion_mnist,0,0.1,0.0,3199,3199,1,1,0,1,5044,pca,embedding,-0.905448368286997,-0.028035036636983326
manifold_group_noise_fashion_mnist,0,0.1,0.0,3200,3200,1,1,0,1,5032,pca,embedding,0.013593390028673633,-0.6492355803402008
manifold_group_noise_fashion_mnist,0,0.1,0.0,3201,3201,1,1,0,0,3201,pca,embedding,0.6395501954980203,-0.5242831746273685
manifold_group_noise_fashion_mnist,0,0.1,0.0,3202,3202,1,1,0,1,5051,pca,embedding,-0.39162753579993237,-0.008920929729294489
manifold_group_noise_fashion_mnist,0,0.1,0.0,3203,3203,0,0,0,1,5009,pca,embedding,0.7612628193363489,0.8261680917798548
manifold_group_noise_fashion_mnist,0,0.1,0.0,3204,3204,0,0,0,1,5021,pca,embedding,-0.26612364989309045,0.25407040693700395
manifold_group_noise_fashion_mnist,0,0.1,0.0,3205,3205,0,0,0,1,5014,pca,embedding,0.6094692663789557,-0.8857080006630067
manifold_group_noise_fashion_mnist,0,0.1,0.0,3206,3206,1,0,1,1,5011,pca,embedding,0.8929993970153112,-0.7851538694798373
manifold_group_noise_fashion_mnist,0,0.1,0.0,3207,3207,0,0,0,1,5009,pca,embedding,0.418249532758294,-0.7713567459895078
manifold_group_noise_fashion_mnist,0,0.1,0.0,3208,3208,1,1,0,1,5033,pca,embedding,0.12972042356306965,0.002901868205172085
manifold_group_noise_fashion_mnist,0,0.1,0.0,3209,3209,0,0,0,1,5006,pca,embedding,0.518518536599198,-0.616854141535987
manifold_group_noise_fashion_mnist,0,0.1,0.0,3210,3210,0,0,0,1,5000,pca,embedding,-0.8630278235073189,-0.009820903114049324
manifold_group_noise_fashion_mnist,0,0.1,0.0,3211,3211,1,1,0,1,5041,pca,embedding,0.6401006936712017,0.4787203369457484
manifold_group_noise_fashion_mnist,0,0.1,0.0,3212,3212,0,0,0,1,5020,pca,embedding,-0.9456050139887335,0.007970148219874733
manifold_group_noise_fashion_mnist,0,0.1,0.0,3213,3213,0,0,0,1,5009,pca,embedding,0.418249532758294,-0.7713567459895078
manifold_group_noise_fashion_mnist,0,0.1,0.0,3214,3214,0,0,0,1,5015,pca,embedding,0.48973980449766374,-0.31214604955977876
manifold_group_noise_fashion_mnist,0,0.1,0.0,3215,3215,1,1,0,1,5030,pca,embedding,-0.8824088241288125,-0.0196437759775473
manifold_group_noise_fashion_mnist,0,0.1,0.0,3216,3216,0,0,0,1,5004,pca,embedding,0.9219538661470387,0.34727950573750493
manifold_group_noise_fashion_mnist,0,0.1,0.0,3217,3217,0,0,0,1,5008,pca,embedding,-0.8611456162684513,0.10534178251913111
manifold_group_noise_fashion_mnist,0,0.1,0.0,3218,3218,0,0,0,1,5007,pca,embedding,0.7753182144887703,-0.09166460691757014
manifold_group_noise_fashion_mnist,0,0.1,0.0,3219,3219,0,0,0,1,5000,pca,embedding,-0.8749713165394155,0.06748194746060947
manifold_group_noise_fashion_mnist,0,0.1,0.0,3220,3220,0,0,0,1,5014,pca,embedding,0.7678978237283995,-0.11035586652796843
manifold_group_noise_fashion_mnist,0,0.1,0.0,3221,3221,1,1,0,1,5027,pca,embedding,-0.9911529266948478,0.11235758861556076
manifold_group_noise_fashion_mnist,0,0.1,0.0,3222,3222,0,0,0,1,5015,pca,embedding,0.36309635343966606,0.1356549376983435
manifold_group_noise_fashion_mnist,0,0.1,0.0,3223,3223,0,0,0,1,5013,pca,embedding,-0.34613705681701834,-0.08283730761629565
manifold_group_noise_fashion_mnist,0,0.1,0.0,3224,3224,1,0,1,1,5011,pca,embedding,1.0632756970520523,0.7335145960938936
manifold_group_noise_fashion_mnist,0,0.1,0.0,3225,3225,1,1,0,1,5032,pca,embedding,0.15680966141846217,0.34983337748269816
manifold_group_noise_fashion_mnist,0,0.1,0.0,3226,3226,0,0,0,1,5015,pca,embedding,0.48973980449766374,-0.31214604955977876
manifold_group_noise_fashion_mnist,0,0.1,0.0,3227,3227,1,0,1,1,5011,pca,embedding,1.0632756970520523,0.7335145960938936
manifold_group_noise_fashion_mnist,0,0.1,0.0,3228,3228,0,0,0,1,5012,pca,embedding,0.31773018608009373,0.7207984433109361
manifold_group_noise_fashion_mnist,0,0.1,0.0,3229,3229,1,1,0,1,5039,pca,embedding,0.5355350781995705,0.5028519340321705
manifold_group_noise_fashion_mnist,0,0.1,0.0,3230,3230,1,0,1,1,5003,pca,embedding,-0.42330939598468087,-0.07754103556021294
manifold_group_noise_fashion_mnist,0,0.1,0.0,3231,3231,1,1,0,1,5033,pca,embedding,-0.08413689553411402,0.052640607129399185
manifold_group_noise_fashion_mnist,0,0.1,0.0,3232,3232,0,0,0,0,3232,pca,embedding,-0.9154906670106748,-0.017005800936537176
manifold_group_noise_fashion_mnist,0,0.1,0.0,3233,3233,1,1,0,1,5035,pca,embedding,-0.7110994239335984,0.02824033056783752
manifold_group_noise_fashion_mnist,0,0.1,0.0,3234,3234,0,0,0,1,5013,pca,embedding,-0.34613705681701834,-0.08283730761629565
manifold_group_noise_fashion_mnist,0,0.1,0.0,3235,3235,0,0,0,0,3235,pca,embedding,0.22736641224242082,-0.2593369779495395
manifold_group_noise_fashion_mnist,0,0.1,0.0,3236,3236,1,1,0,1,5037,pca,embedding,-0.9580280240060483,0.08333890666241656
manifold_group_noise_fashion_mnist,0,0.1,0.0,3237,3237,0,0,0,0,3237,pca,embedding,-0.7958536935128873,-0.03853861351415035
manifold_group_noise_fashion_mnist,0,0.1,0.0,3238,3238,0,0,0,1,5010,pca,embedding,-0.3836887104368455,-0.11862094480741558
manifold_group_noise_fashion_mnist,0,0.1,0.0,3239,3239,1,0,1,1,5003,pca,embedding,-0.5867955472187929,0.3995064836249426
manifold_group_noise_fashion_mnist,0,0.1,0.0,3240,3240,0,0,0,0,3240,pca,embedding,-0.44606103167380906,0.06666230305927973
manifold_group_noise_fashion_mnist,0,0.1,0.0,3241,3241,1,1,0,1,5036,pca,embedding,-0.2865524427678605,-0.06377224014922256
manifold_group_noise_fashion_mnist,0,0.1,0.0,3242,3242,0,0,0,1,5004,pca,embedding,0.7716779575514205,-0.19462644679085278
manifold_group_noise_fashion_mnist,0,0.1,0.0,3243,3243,1,1,0,1,5041,pca,embedding,0.5844761163914779,-0.4438227894635095
manifold_group_noise_fashion_mnist,0,0.1,0.0,3244,3244,1,1,0,1,5051,pca,embedding,-0.39162753579993237,-0.008920929729294489
manifold_group_noise_fashion_mnist,0,0.1,0.0,3245,3245,0,0,0,1,5006,pca,embedding,0.6410339257040708,0.4604676149854941
manifold_group_noise_fashion_mnist,0,0.1,0.0,3246,3246,1,1,0,1,5045,pca,embedding,0.17877850047817162,0.5653329789285274
manifold_group_noise_fashion_mnist,0,0.1,0.0,3247,3247,1,1,0,0,3247,pca,embedding,-0.22952100747887855,0.37535251651464807
manifold_group_noise_fashion_mnist,0,0.1,0.0,3248,3248,0,0,0,1,5018,pca,embedding,-0.6481908226385475,-0.2053652802441936
manifold_group_noise_fashion_mnist,0,0.1,0.0,3249,3249,0,0,0,1,5024,pca,embedding,0.6919665191723983,0.44595596884533295
manifold_group_noise_fashion_mnist,0,0.1,0.0,3250,3250,1,1,0,0,3250,pca,embedding,-0.18101782747703377,0.28258793630312196
manifold_group_noise_fashion_mnist,0,0.1,0.0,3251,3251,0,0,0,1,5018,pca,embedding,-0.6324876529989985,-0.27449072368453065
manifold_group_noise_fashion_mnist,0,0.1,0.0,3252,3252,0,0,0,1,5009,pca,embedding,0.7612628193363489,0.8261680917798548
manifold_group_noise_fashion_mnist,0,0.1,0.0,3253,3253,1,1,0,1,5047,pca,embedding,0.47663175777198696,0.6580462171416843
manifold_group_noise_fashion_mnist,0,0.1,0.0,3254,3254,0,0,0,1,5019,pca,embedding,-0.01087944288283623,0.6548310332104128
manifold_group_noise_fashion_mnist,0,0.1,0.0,3255,3255,1,1,0,1,5035,pca,embedding,-0.68284923201481,0.010838406478870036
manifold_group_noise_fashion_mnist,0,0.1,0.0,3256,3256,1,1,0,0,3256,pca,embedding,0.45443853276874635,0.47621740799538953
manifold_group_noise_fashion_mnist,0,0.1,0.0,3257,3257,0,1,1,1,5048,pca,embedding,0.5471550016107941,0.16849148301482936
manifold_group_noise_fashion_mnist,0,0.1,0.0,3258,3258,0,0,0,1,5024,pca,embedding,0.6424016200090048,0.8677764177210021
manifold_group_noise_fashion_mnist,0,0.1,0.0,3259,3259,0,0,0,1,5023,pca,embedding,0.08894871272329877,0.29687828649896986
manifold_group_noise_fashion_mnist,0,0.1,0.0,3260,3260,0,0,0,1,5015,pca,embedding,0.5115265429225028,0.09275834031386163
manifold_group_noise_fashion_mnist,0,0.1,0.0,3261,3261,1,1,0,1,5035,pca,embedding,-0.6667900596372172,-0.05734931063364601
manifold_group_noise_fashion_mnist,0,0.1,0.0,3262,3262,1,1,0,1,5030,pca,embedding,-0.9768938384201941,0.07935520750661718
manifold_group_noise_fashion_mnist,0,0.1,0.0,3263,3263,1,1,0,1,5035,pca,embedding,-0.6682557621423971,-0.14345222393291596
manifold_group_noise_fashion_mnist,0,0.1,0.0,3264,3264,1,1,0,1,5046,pca,embedding,0.6895972894458564,-0.05687289007367548
manifold_group_noise_fashion_mnist,0,0.1,0.0,3265,3265,1,1,0,1,5045,pca,embedding,0.22191780289333735,-0.4205254538192652
manifold_group_noise_fashion_mnist,0,0.1,0.0,3266,3266,0,0,0,1,5022,pca,embedding,1.195573168278564,-0.07403296293749109
manifold_group_noise_fashion_mnist,0,0.1,0.0,3267,3267,0,0,0,1,5005,pca,embedding,-0.41376265783204336,-0.34348446241723757
manifold_group_noise_fashion_mnist,0,0.1,0.0,3268,3268,1,1,0,1,5051,pca,embedding,-0.2699481842818249,0.10600597047603129
manifold_group_noise_fashion_mnist,0,0.1,0.0,3269,3269,0,0,0,1,5000,pca,embedding,-0.8762829947396018,0.12985065357653147
manifold_group_noise_fashion_mnist,0,0.1,0.0,3270,3270,0,1,1,1,5034,pca,embedding,-0.27399720464263666,0.29297613007392975
manifold_group_noise_fashion_mnist,0,0.1,0.0,3271,3271,1,1,0,1,5051,pca,embedding,-0.282598653783137,0.13936205886702524
manifold_group_noise_fashion_mnist,0,0.1,0.0,3272,3272,1,1,0,1,5027,pca,embedding,-0.9211613434197472,-0.03428124216858519
manifold_group_noise_fashion_mnist,0,0.1,0.0,3273,3273,1,1,0,1,5049,pca,embedding,0.8013860091867506,0.7124685585932671
manifold_group_noise_fashion_mnist,0,0.1,0.0,3274,3274,0,0,0,1,5009,pca,embedding,0.418249532758294,-0.7713567459895078
manifold_group_noise_fashion_mnist,0,0.1,0.0,3275,3275,1,0,1,1,5003,pca,embedding,-0.42330939598468087,-0.07754103556021294
manifold_group_noise_fashion_mnist,0,0.1,0.0,3276,3276,0,0,0,1,5002,pca,embedding,-0.027086661852428567,0.5947311237740035
manifold_group_noise_fashion_mnist,0,0.1,0.0,3277,3277,0,0,0,1,5016,pca,embedding,-0.8606214056028432,-0.09417717477993456
manifold_group_noise_fashion_mnist,0,0.1,0.0,3278,3278,1,0,1,1,5003,pca,embedding,-0.501486917045026,-0.40129544548792817
manifold_group_noise_fashion_mnist,0,0.1,0.0,3279,3279,1,1,0,1,5029,pca,embedding,0.06445955262697403,0.4775789870447894
manifold_group_noise_fashion_mnist,0,0.1,0.0,3280,3280,0,0,0,1,5014,pca,embedding,0.718989782296045,0.8270892025905661
manifold_group_noise_fashion_mnist,0,0.1,0.0,3281,3281,0,0,0,1,5015,pca,embedding,0.36309635343966606,0.1356549376983435
manifold_group_noise_fashion_mnist,0,0.1,0.0,3282,3282,0,1,1,1,5038,pca,embedding,-0.45983247376997827,-0.20946979708881416
manifold_group_noise_fashion_mnist,0,0.1,0.0,3283,3283,0,0,0,1,5001,pca,embedding,0.17009828504650287,-0.012868812304621988
manifold_group_noise_fashion_mnist,0,0.1,0.0,3284,3284,1,1,0,1,5036,pca,embedding,-0.40780860472911296,0.053269474321243786
manifold_group_noise_fashion_mnist,0,0.1,0.0,3285,3285,1,1,0,1,5043,pca,embedding,-0.9211316397429528,-0.06569601781009227
manifold_group_noise_fashion_mnist,0,0.1,0.0,3286,3286,0,0,0,1,5010,pca,embedding,-0.4158989823698747,-0.4020459892399151
manifold_group_noise_fashion_mnist,0,0.1,0.0,3287,3287,0,1,1,1,5034,pca,embedding,-0.1823320278503068,-0.07631481612649957
manifold_group_noise_fashion_mnist,0,0.1,0.0,3288,3288,0,0,0,1,5025,pca,embedding,0.3659648486520257,0.7830272938837576
manifold_group_noise_fashion_mnist,0,0.1,0.0,3289,3289,0,0,0,1,5000,pca,embedding,-0.8808858228302126,-0.13124276441361393
manifold_group_noise_fashion_mnist,0,0.1,0.0,3290,3290,1,1,0,0,3290,pca,embedding,-0.5177688086204375,-0.10674703269418878
manifold_group_noise_fashion_mnist,0,0.1,0.0,3291,3291,0,0,0,1,5019,pca,embedding,0.12703119109200905,0.08259735868133822
manifold_group_noise_fashion_mnist,0,0.1,0.0,3292,3292,1,1,0,1,5047,pca,embedding,0.47663175777198696,0.6580462171416843
manifold_group_noise_fashion_mnist,0,0.1,0.0,3293,3293,0,0,0,0,3293,pca,embedding,0.8381982199806363,-0.12140430597286372
manifold_group_noise_fashion_mnist,0,0.1,0.0,3294,3294,0,0,0,1,5016,pca,embedding,-0.9062401057566959,0.2058163201570994
manifold_group_noise_fashion_mnist,0,0.1,0.0,3295,3295,0,0,0,1,5014,pca,embedding,0.7678978237283995,-0.11035586652796843
manifold_group_noise_fashion_mnist,0,0.1,0.0,3296,3296,1,1,0,1,5050,pca,embedding,-0.9440228200781294,0.014081904869904474
manifold_group_noise_fashion_mnist,0,0.1,0.0,3297,3297,0,0,0,1,5019,pca,embedding,-0.00446671967501503,-0.5229068986423999
manifold_group_noise_fashion_mnist,0,0.1,0.0,3298,3298,0,0,0,1,5007,pca,embedding,0.7310746048500187,0.34303468162076894
manifold_group_noise_fashion_mnist,0,0.1,0.0,3299,3299,1,0,1,1,5011,pca,embedding,0.5432674704401125,-0.5302769107061
manifold_group_noise_fashion_mnist,0,0.1,0.0,3300,3300,1,1,0,0,3300,pca,embedding,-0.6251558867120555,-0.1199081704300455
manifold_group_noise_fashion_mnist,0,0.1,0.0,3301,3301,1,1,0,1,5029,pca,embedding,-0.06120646705682106,0.5882067202608642
manifold_group_noise_fashion_mnist,0,0.1,0.0,3302,3302,0,1,1,1,5038,pca,embedding,-0.3133958956434428,-0.2556486466657895
manifold_group_noise_fashion_mnist,0,0.1,0.0,3303,3303,1,1,0,1,5036,pca,embedding,-0.40780860472911296,0.053269474321243786
manifold_group_noise_fashion_mnist,0,0.1,0.0,3304,3304,1,1,0,1,5052,pca,embedding,0.24166128823937189,0.16699958181553737
manifold_group_noise_fashion_mnist,0,0.1,0.0,3305,3305,0,0,0,1,5007,pca,embedding,0.7291246551669253,0.773012138138884
manifold_group_noise_fashion_mnist,0,0.1,0.0,3306,3306,1,1,0,1,5039,pca,embedding,0.37206170030670405,-0.3002692692134489
manifold_group_noise_fashion_mnist,0,0.1,0.0,3307,3307,0,0,0,0,3307,pca,embedding,0.880060513706737,0.16113181199053717
manifold_group_noise_fashion_mnist,0,0.1,0.0,3308,3308,1,1,0,0,3308,pca,embedding,0.28476081562621275,0.2020706568759436
manifold_group_noise_fashion_mnist,0,0.1,0.0,3309,3309,1,1,0,1,5030,pca,embedding,-0.9284579928390012,0.07757571507984015
manifold_group_noise_fashion_mnist,0,0.1,0.0,3310,3310,0,0,0,1,5006,pca,embedding,0.6063230907164234,-0.47359999038684386
manifold_group_noise_fashion_mnist,0,0.1,0.0,3311,3311,0,0,0,1,5025,pca,embedding,0.3659648486520257,0.7830272938837576
manifold_group_noise_fashion_mnist,0,0.1,0.0,3312,3312,1,1,0,1,5032,pca,embedding,0.07903633822753363,0.5866221099744201
manifold_group_noise_fashion_mnist,0,0.1,0.0,3313,3313,0,0,0,1,5000,pca,embedding,-0.8673618711914751,-0.14290753307037596
manifold_group_noise_fashion_mnist,0,0.1,0.0,3314,3314,1,1,0,1,5030,pca,embedding,-0.8824088241288125,-0.0196437759775473
manifold_group_noise_fashion_mnist,0,0.1,0.0,3315,3315,0,0,0,0,3315,pca,embedding,1.03306706781572,0.04584498867635458
manifold_group_noise_fashion_mnist,0,0.1,0.0,3316,3316,1,1,0,1,5050,pca,embedding,-0.9227669255029821,-0.004689255177931589
manifold_group_noise_fashion_mnist,0,0.1,0.0,3317,3317,1,1,0,1,5041,pca,embedding,0.6928153395855997,-0.3306144414103731
manifold_group_noise_fashion_mnist,0,0.1,0.0,3318,3318,1,1,0,1,5027,pca,embedding,-0.9211613434197472,-0.03428124216858519
manifold_group_noise_fashion_mnist,0,0.1,0.0,3319,3319,1,1,0,0,3319,pca,embedding,-0.3367713152601858,-0.20399130589170356
manifold_group_noise_fashion_mnist,0,0.1,0.0,3320,3320,1,1,0,1,5045,pca,embedding,0.16414651987827136,0.42042255899252234
manifold_group_noise_fashion_mnist,0,0.1,0.0,3321,3321,0,0,0,1,5020,pca,embedding,-0.9456050139887335,0.007970148219874733
manifold_group_noise_fashion_mnist,0,0.1,0.0,3322,3322,1,1,0,0,3322,pca,embedding,-0.878518938652652,0.10218971572042085
manifold_group_noise_fashion_mnist,0,0.1,0.0,3323,3323,0,0,0,1,5016,pca,embedding,-0.9062401057566959,0.2058163201570994
manifold_group_noise_fashion_mnist,0,0.1,0.0,3324,3324,0,0,0,1,5008,pca,embedding,-0.8611456162684513,0.10534178251913111
manifold_group_noise_fashion_mnist,0,0.1,0.0,3325,3325,1,1,0,0,3325,pca,embedding,0.2419816627647952,-0.30666970728416865
manifold_group_noise_fashion_mnist,0,0.1,0.0,3326,3326,1,1,0,1,5041,pca,embedding,0.6928153395855997,-0.3306144414103731
manifold_group_noise_fashion_mnist,0,0.1,0.0,3327,3327,1,1,0,1,5043,pca,embedding,-0.9276277355735963,0.05898613183590304
manifold_group_noise_fashion_mnist,0,0.1,0.0,3328,3328,1,1,0,1,5051,pca,embedding,-0.3582218048331888,0.03483277977141487
manifold_group_noise_fashion_mnist,0,0.1,0.0,3329,3329,0,0,0,1,5004,pca,embedding,0.6269438212149149,0.753965682519814
manifold_group_noise_fashion_mnist,0,0.1,0.0,3330,3330,1,1,0,1,5036,pca,embedding,-0.3517935060267099,0.07677842335645096
manifold_group_noise_fashion_mnist,0,0.1,0.0,3331,3331,0,0,0,1,5013,pca,embedding,-0.34613705681701834,-0.08283730761629565
manifold_group_noise_fashion_mnist,0,0.1,0.0,3332,3332,0,0,0,1,5014,pca,embedding,0.7678978237283995,-0.11035586652796843
manifold_group_noise_fashion_mnist,0,0.1,0.0,3333,3333,1,1,0,1,5035,pca,embedding,-0.68284923201481,0.010838406478870036
manifold_group_noise_fashion_mnist,0,0.1,0.0,3334,3334,1,1,0,1,5053,pca,embedding,-0.8131982104448544,0.23171335690141862
manifold_group_noise_fashion_mnist,0,0.1,0.0,3335,3335,0,0,0,0,3335,pca,embedding,0.425973335439485,-0.0830104270906731
manifold_group_noise_fashion_mnist,0,0.1,0.0,3336,3336,0,0,0,1,5015,pca,embedding,0.36309635343966606,0.1356549376983435
manifold_group_noise_fashion_mnist,0,0.1,0.0,3337,3337,0,0,0,1,5004,pca,embedding,0.8416626697009707,0.8112611384831543
manifold_group_noise_fashion_mnist,0,0.1,0.0,3338,3338,1,1,0,1,5036,pca,embedding,-0.31641481232626334,-0.058466435324013265
manifold_group_noise_fashion_mnist,0,0.1,0.0,3339,3339,1,1,0,1,5053,pca,embedding,-0.7317446023902112,-0.049205188001385645
manifold_group_noise_fashion_mnist,0,0.1,0.0,3340,3340,1,1,0,0,3340,pca,embedding,0.5336036798235171,0.6329776500707186
manifold_group_noise_fashion_mnist,0,0.1,0.0,3341,3341,0,0,0,1,5021,pca,embedding,-0.24725796788521498,-0.02935434662717168
manifold_group_noise_fashion_mnist,0,0.1,0.0,3342,3342,0,0,0,1,5024,pca,embedding,0.5454844191355174,-0.8349077324238823
manifold_group_noise_fashion_mnist,0,0.1,0.0,3343,3343,1,1,0,0,3343,pca,embedding,0.7509183073559349,-0.019507051386732376
manifold_group_noise_fashion_mnist,0,0.1,0.0,3344,3344,0,0,0,1,5010,pca,embedding,-0.3836887104368455,-0.11862094480741558
manifold_group_noise_fashion_mnist,0,0.1,0.0,3345,3345,1,1,0,1,5041,pca,embedding,0.7208129485751046,0.3437273830325539
manifold_group_noise_fashion_mnist,0,0.1,0.0,3346,3346,1,1,0,1,5045,pca,embedding,-0.12688142122261098,-0.5181427194788213
manifold_group_noise_fashion_mnist,0,0.1,0.0,3347,3347,1,1,0,1,5040,pca,embedding,1.027844227745206,0.3676221440939843
manifold_group_noise_fashion_mnist,0,0.1,0.0,3348,3348,0,0,0,1,5023,pca,embedding,0.0036201547246776725,0.5994806089546517
manifold_group_noise_fashion_mnist,0,0.1,0.0,3349,3349,1,1,0,1,5047,pca,embedding,0.7249619695057066,0.37652682078468536
manifold_group_noise_fashion_mnist,0,0.1,0.0,3350,3350,0,0,0,1,5012,pca,embedding,0.6240655861975803,0.8332339941930155
manifold_group_noise_fashion_mnist,0,0.1,0.0,3351,3351,1,1,0,1,5037,pca,embedding,-0.9285084875077186,0.12372176430027029
manifold_group_noise_fashion_mnist,0,0.1,0.0,3352,3352,1,1,0,0,3352,pca,embedding,0.06145383675778948,-0.33232670880646054
manifold_group_noise_fashion_mnist,0,0.1,0.0,3353,3353,1,1,0,0,3353,pca,embedding,-0.8254438646733382,-0.07337466995037359
manifold_group_noise_fashion_mnist,0,0.1,0.0,3354,3354,1,1,0,1,5036,pca,embedding,-0.3928291611564881,0.08707621812610297
manifold_group_noise_fashion_mnist,0,0.1,0.0,3355,3355,0,0,0,1,5000,pca,embedding,-0.8808858228302126,-0.13124276441361393
manifold_group_noise_fashion_mnist,0,0.1,0.0,3356,3356,1,1,0,1,5045,pca,embedding,-0.02391215099255585,0.6742171915371686
manifold_group_noise_fashion_mnist,0,0.1,0.0,3357,3357,1,1,0,1,5039,pca,embedding,0.5094749282186216,0.06967932054091527
manifold_group_noise_fashion_mnist,0,0.1,0.0,3358,3358,1,1,0,1,5050,pca,embedding,-0.9450620608695206,0.04936724501994212
manifold_group_noise_fashion_mnist,0,0.1,0.0,3359,3359,0,0,0,1,5017,pca,embedding,0.3628592586363235,-0.6497484190453691
manifold_group_noise_fashion_mnist,0,0.1,0.0,3360,3360,1,1,0,1,5027,pca,embedding,-0.9911529266948478,0.11235758861556076
manifold_group_noise_fashion_mnist,0,0.1,0.0,3361,3361,0,0,0,0,3361,pca,embedding,0.6631252307967627,0.2985527887452089
manifold_group_noise_fashion_mnist,0,0.1,0.0,3362,3362,0,0,0,1,5023,pca,embedding,0.0864178640641554,-0.38424789215985833
manifold_group_noise_fashion_mnist,0,0.1,0.0,3363,3363,0,0,0,1,5007,pca,embedding,0.43282795794124146,0.7450040285770225
manifold_group_noise_fashion_mnist,0,0.1,0.0,3364,3364,1,0,1,1,5003,pca,embedding,-0.45260111738806086,-0.30851149255503846
manifold_group_noise_fashion_mnist,0,0.1,0.0,3365,3365,0,0,0,1,5016,pca,embedding,-0.9062401057566959,0.2058163201570994
manifold_group_noise_fashion_mnist,0,0.1,0.0,3366,3366,0,0,0,1,5022,pca,embedding,1.176228055621214,-0.04947752053331311
manifold_group_noise_fashion_mnist,0,0.1,0.0,3367,3367,1,1,0,1,5045,pca,embedding,0.17877850047817162,0.5653329789285274
manifold_group_noise_fashion_mnist,0,0.1,0.0,3368,3368,1,1,0,1,5027,pca,embedding,-0.9685934961122299,0.10076108749373598
manifold_group_noise_fashion_mnist,0,0.1,0.0,3369,3369,1,1,0,1,5044,pca,embedding,-0.9133556874760866,0.09762823703241387
manifold_group_noise_fashion_mnist,0,0.1,0.0,3370,3370,0,0,0,1,5020,pca,embedding,-0.9053120704472428,0.11838192333920014
manifold_group_noise_fashion_mnist,0,0.1,0.0,3371,3371,0,1,1,1,5038,pca,embedding,-0.29061198396498966,0.12831690703302223
manifold_group_noise_fashion_mnist,0,0.1,0.0,3372,3372,0,0,0,1,5025,pca,embedding,0.8298940028764206,-0.5294114681514656
manifold_group_noise_fashion_mnist,0,0.1,0.0,3373,3373,1,1,0,0,3373,pca,embedding,0.06479785691981385,0.43795770635215264
manifold_group_noise_fashion_mnist,0,0.1,0.0,3374,3374,0,1,1,1,5038,pca,embedding,-0.4865390272742224,0.22012354869258674
manifold_group_noise_fashion_mnist,0,0.1,0.0,3375,3375,1,1,0,1,5035,pca,embedding,-0.7496119940734065,0.0703521239516331
manifold_group_noise_fashion_mnist,0,0.1,0.0,3376,3376,0,0,0,1,5023,pca,embedding,0.0036201547246776725,0.5994806089546517
manifold_group_noise_fashion_mnist,0,0.1,0.0,3377,3377,1,1,0,1,5037,pca,embedding,-0.9762480304217256,0.10942907711503254
manifold_group_noise_fashion_mnist,0,0.1,0.0,3378,3378,0,0,0,1,5022,pca,embedding,1.0125057543847131,-0.00418424783879795
manifold_group_noise_fashion_mnist,0,0.1,0.0,3379,3379,1,1,0,1,5029,pca,embedding,-0.07978025028925795,-0.4985863525607537
manifold_group_noise_fashion_mnist,0,0.1,0.0,3380,3380,1,1,0,1,5030,pca,embedding,-0.9455090455338427,0.07845324522804312
manifold_group_noise_fashion_mnist,0,0.1,0.0,3381,3381,0,1,1,1,5048,pca,embedding,0.49290124574368605,-0.3244601094463664
manifold_group_noise_fashion_mnist,0,0.1,0.0,3382,3382,0,0,0,1,5005,pca,embedding,-0.2437376986905045,0.2533061168150995
manifold_group_noise_fashion_mnist,0,0.1,0.0,3383,3383,1,0,1,1,5011,pca,embedding,0.8725942892345719,-0.40664673495461934
manifold_group_noise_fashion_mnist,0,0.1,0.0,3384,3384,1,1,0,1,5047,pca,embedding,0.7359654595970002,-0.3933056832986886
manifold_group_noise_fashion_mnist,0,0.1,0.0,3385,3385,1,1,0,1,5049,pca,embedding,0.9097381588546877,0.5167366511969799
manifold_group_noise_fashion_mnist,0,0.1,0.0,3386,3386,0,0,0,0,3386,pca,embedding,0.11314614164484975,-0.55107007453266
manifold_group_noise_fashion_mnist,0,0.1,0.0,3387,3387,1,0,1,1,5003,pca,embedding,-0.5295069983525605,0.4016414311933312
manifold_group_noise_fashion_mnist,0,0.1,0.0,3388,3388,0,0,0,1,5002,pca,embedding,0.020361518541574405,0.3328756841735916
manifold_group_noise_fashion_mnist,0,0.1,0.0,3389,3389,0,0,0,1,5014,pca,embedding,0.7678978237283995,-0.11035586652796843
manifold_group_noise_fashion_mnist,0,0.1,0.0,3390,3390,1,1,0,1,5052,pca,embedding,0.14317958129873007,0.39671924479626014
manifold_group_noise_fashion_mnist,0,0.1,0.0,3391,3391,0,0,0,1,5022,pca,embedding,1.1436418246418478,0.001028193940393815
manifold_group_noise_fashion_mnist,0,0.1,0.0,3392,3392,0,0,0,0,3392,pca,embedding,-0.4839079184196595,-0.15071269910831925
manifold_group_noise_fashion_mnist,0,0.1,0.0,3393,3393,0,0,0,1,5012,pca,embedding,0.7847317098698449,0.010272125437471302
manifold_group_noise_fashion_mnist,0,0.1,0.0,3394,3394,1,1,0,1,5032,pca,embedding,0.07903633822753363,0.5866221099744201
manifold_group_noise_fashion_mnist,0,0.1,0.0,3395,3395,1,1,0,1,5050,pca,embedding,-0.9633798164290678,0.06505589765052418
manifold_group_noise_fashion_mnist,0,0.1,0.0,3396,3396,0,0,0,1,5021,pca,embedding,-0.2161397659044853,0.47614076811946476
manifold_group_noise_fashion_mnist,0,0.1,0.0,3397,3397,0,0,0,1,5024,pca,embedding,0.6919665191723983,0.44595596884533295
manifold_group_noise_fashion_mnist,0,0.1,0.0,3398,3398,0,0,0,1,5005,pca,embedding,-0.15637020303214264,0.05034404996747888
manifold_group_noise_fashion_mnist,0,0.1,0.0,3399,3399,0,0,0,1,5010,pca,embedding,-0.3836887104368455,-0.11862094480741558
manifold_group_noise_fashion_mnist,0,0.1,0.0,3400,3400,1,1,0,1,5028,pca,embedding,-0.2525708642257593,0.05606018467327206
manifold_group_noise_fashion_mnist,0,0.1,0.0,3401,3401,0,0,0,0,3401,pca,embedding,-0.6333512286820769,-0.10113961173454986
manifold_group_noise_fashion_mnist,0,0.1,0.0,3402,3402,0,0,0,0,3402,pca,embedding,-0.36729667279355455,0.056680552994481805
manifold_group_noise_fashion_mnist,0,0.1,0.0,3403,3403,1,1,0,0,3403,pca,embedding,-0.4122445045507296,-0.021778505830430554
manifold_group_noise_fashion_mnist,0,0.1,0.0,3404,3404,1,1,0,1,5030,pca,embedding,-0.9209395414848962,-0.018646721701809244
manifold_group_noise_fashion_mnist,0,0.1,0.0,3405,3405,0,0,0,0,3405,pca,embedding,0.07305605952416244,-0.122183612043063
manifold_group_noise_fashion_mnist,0,0.1,0.0,3406,3406,0,0,0,1,5023,pca,embedding,0.0864178640641554,-0.38424789215985833
manifold_group_noise_fashion_mnist,0,0.1,0.0,3407,3407,1,1,0,1,5042,pca,embedding,-0.1290109957551854,0.03602628050692855
manifold_group_noise_fashion_mnist,0,0.1,0.0,3408,3408,0,1,1,1,5038,pca,embedding,-0.29061198396498966,0.12831690703302223
manifold_group_noise_fashion_mnist,0,0.1,0.0,3409,3409,0,0,0,1,5022,pca,embedding,1.1667636990253114,-0.04785440842201168
manifold_group_noise_fashion_mnist,0,0.1,0.0,3410,3410,1,1,0,1,5046,pca,embedding,0.6222078186805816,-0.2509557354844167
manifold_group_noise_fashion_mnist,0,0.1,0.0,3411,3411,0,0,0,1,5018,pca,embedding,-0.628037769619463,-0.032999878420948384
manifold_group_noise_fashion_mnist,0,0.1,0.0,3412,3412,0,0,0,1,5005,pca,embedding,-0.2437376986905045,0.2533061168150995
manifold_group_noise_fashion_mnist,0,0.1,0.0,3413,3413,0,1,1,1,5034,pca,embedding,-0.3328246148564959,0.39858494117363863
manifold_group_noise_fashion_mnist,0,0.1,0.0,3414,3414,0,0,0,1,5021,pca,embedding,-0.2161397659044853,0.47614076811946476
manifold_group_noise_fashion_mnist,0,0.1,0.0,3415,3415,1,1,0,1,5031,pca,embedding,-0.9246896116650437,-0.08310130915247531
manifold_group_noise_fashion_mnist,0,0.1,0.0,3416,3416,1,1,0,1,5029,pca,embedding,0.06445955262697403,0.4775789870447894
manifold_group_noise_fashion_mnist,0,0.1,0.0,3417,3417,1,1,0,1,5047,pca,embedding,0.5413277571059041,-0.6745157810539961
manifold_group_noise_fashion_mnist,0,0.1,0.0,3418,3418,0,0,0,0,3418,pca,embedding,0.9605097217603736,0.21144300923435672
manifold_group_noise_fashion_mnist,0,0.1,0.0,3419,3419,1,1,0,1,5037,pca,embedding,-0.9325361386225219,-0.07610008813512513
manifold_group_noise_fashion_mnist,0,0.1,0.0,3420,3420,1,1,0,1,5029,pca,embedding,-0.06120646705682106,0.5882067202608642
manifold_group_noise_fashion_mnist,0,0.1,0.0,3421,3421,1,1,0,1,5040,pca,embedding,0.9638087423059953,-0.28401185930010076
manifold_group_noise_fashion_mnist,0,0.1,0.0,3422,3422,0,0,0,1,5009,pca,embedding,0.7612628193363489,0.8261680917798548
manifold_group_noise_fashion_mnist,0,0.1,0.0,3423,3423,0,0,0,1,5000,pca,embedding,-0.8673618711914751,-0.14290753307037596
manifold_group_noise_fashion_mnist,0,0.1,0.0,3424,3424,0,0,0,1,5004,pca,embedding,0.7235723359549333,-0.628179023815815
manifold_group_noise_fashion_mnist,0,0.1,0.0,3425,3425,1,1,0,1,5031,pca,embedding,-0.9162004028370493,0.13716690244661567
manifold_group_noise_fashion_mnist,0,0.1,0.0,3426,3426,1,1,0,1,5036,pca,embedding,-0.3517935060267099,0.07677842335645096
manifold_group_noise_fashion_mnist,0,0.1,0.0,3427,3427,1,1,0,1,5029,pca,embedding,0.24045051802004092,0.05136327467345356
manifold_group_noise_fashion_mnist,0,0.1,0.0,3428,3428,0,0,0,1,5012,pca,embedding,0.5957482406484725,0.43171252958647444
manifold_group_noise_fashion_mnist,0,0.1,0.0,3429,3429,1,1,0,1,5045,pca,embedding,0.09803729767555212,0.024982946167763545
manifold_group_noise_fashion_mnist,0,0.1,0.0,3430,3430,1,1,0,1,5036,pca,embedding,-0.3517935060267099,0.07677842335645096
manifold_group_noise_fashion_mnist,0,0.1,0.0,3431,3431,0,1,1,1,5048,pca,embedding,0.49290124574368605,-0.3244601094463664
manifold_group_noise_fashion_mnist,0,0.1,0.0,3432,3432,0,0,0,1,5024,pca,embedding,0.6424016200090048,0.8677764177210021
manifold_group_noise_fashion_mnist,0,0.1,0.0,3433,3433,1,1,0,1,5053,pca,embedding,-0.8131982104448544,0.23171335690141862
manifold_group_noise_fashion_mnist,0,0.1,0.0,3434,3434,1,1,0,0,3434,pca,embedding,-0.35325522918464347,-0.1780649385042295
manifold_group_noise_fashion_mnist,0,0.1,0.0,3435,3435,1,1,0,1,5044,pca,embedding,-0.905448368286997,-0.028035036636983326
manifold_group_noise_fashion_mnist,0,0.1,0.0,3436,3436,1,1,0,1,5036,pca,embedding,-0.40780860472911296,0.053269474321243786
manifold_group_noise_fashion_mnist,0,0.1,0.0,3437,3437,0,0,0,1,5001,pca,embedding,-0.055388969474124784,-0.6002120824197864
manifold_group_noise_fashion_mnist,0,0.1,0.0,3438,3438,1,1,0,1,5045,pca,embedding,-0.12688142122261098,-0.5181427194788213
manifold_group_noise_fashion_mnist,0,0.1,0.0,3439,3439,0,0,0,1,5021,pca,embedding,-0.3662240074576506,-0.463910961403198
manifold_group_noise_fashion_mnist,0,0.1,0.0,3440,3440,1,1,0,1,5043,pca,embedding,-0.9039169020509286,-0.008314721414324613
manifold_group_noise_fashion_mnist,0,0.1,0.0,3441,3441,0,0,0,1,5004,pca,embedding,0.7235723359549333,-0.628179023815815
manifold_group_noise_fashion_mnist,0,0.1,0.0,3442,3442,0,0,0,1,5016,pca,embedding,-0.9152972115685095,-0.11755398196829882
manifold_group_noise_fashion_mnist,0,0.1,0.0,3443,3443,0,0,0,1,5001,pca,embedding,-0.12765943280361497,-0.5738520202319681
manifold_group_noise_fashion_mnist,0,0.1,0.0,3444,3444,1,1,0,1,5037,pca,embedding,-0.9451498309908064,-0.0020105851249592674
manifold_group_noise_fashion_mnist,0,0.1,0.0,3445,3445,0,0,0,1,5002,pca,embedding,-0.08399927975891605,-0.5971379721574014
manifold_group_noise_fashion_mnist,0,0.1,0.0,3446,3446,0,0,0,1,5002,pca,embedding,-0.2117470560556912,0.547480833510315
manifold_group_noise_fashion_mnist,0,0.1,0.0,3447,3447,0,0,0,1,5023,pca,embedding,0.0841863221523352,-0.05160719290648352
manifold_group_noise_fashion_mnist,0,0.1,0.0,3448,3448,1,1,0,0,3448,pca,embedding,0.0294637688572473,0.0772732687869957
manifold_group_noise_fashion_mnist,0,0.1,0.0,3449,3449,0,0,0,1,5015,pca,embedding,0.41817208418568963,0.06183055342217502
manifold_group_noise_fashion_mnist,0,0.1,0.0,3450,3450,1,1,0,1,5044,pca,embedding,-0.933462347711011,-0.0010421903387687545
manifold_group_noise_fashion_mnist,0,0.1,0.0,3451,3451,0,1,1,1,5048,pca,embedding,0.41767860616153984,-0.042638677409208486
manifold_group_noise_fashion_mnist,0,0.1,0.0,3452,3452,1,1,0,1,5042,pca,embedding,-0.3068586001494239,0.4040958384554584
manifold_group_noise_fashion_mnist,0,0.1,0.0,3453,3453,0,1,1,1,5038,pca,embedding,-0.3011135145808817,0.05178916898070157
manifold_group_noise_fashion_mnist,0,0.1,0.0,3454,3454,0,0,0,1,5020,pca,embedding,-0.9372990611320376,-0.06982800216070881
manifold_group_noise_fashion_mnist,0,0.1,0.0,3455,3455,0,0,0,1,5009,pca,embedding,0.6127583133987617,-0.6612610834316213
manifold_group_noise_fashion_mnist,0,0.1,0.0,3456,3456,1,1,0,1,5037,pca,embedding,-0.9451498309908064,-0.0020105851249592674
manifold_group_noise_fashion_mnist,0,0.1,0.0,3457,3457,0,0,0,1,5004,pca,embedding,0.7235723359549333,-0.628179023815815
manifold_group_noise_fashion_mnist,0,0.1,0.0,3458,3458,1,1,0,1,5039,pca,embedding,0.5094749282186216,0.06967932054091527
manifold_group_noise_fashion_mnist,0,0.1,0.0,3459,3459,0,0,0,1,5012,pca,embedding,0.31773018608009373,0.7207984433109361
manifold_group_noise_fashion_mnist,0,0.1,0.0,3460,3460,0,0,0,1,5019,pca,embedding,-0.01087944288283623,0.6548310332104128
manifold_group_noise_fashion_mnist,0,0.1,0.0,3461,3461,0,1,1,1,5034,pca,embedding,-0.27399720464263666,0.29297613007392975
manifold_group_noise_fashion_mnist,0,0.1,0.0,3462,3462,0,0,0,1,5024,pca,embedding,0.5454844191355174,-0.8349077324238823
manifold_group_noise_fashion_mnist,0,0.1,0.0,3463,3463,0,0,0,1,5001,pca,embedding,-0.20983110005793337,0.5494393825818871
manifold_group_noise_fashion_mnist,0,0.1,0.0,3464,3464,0,0,0,1,5006,pca,embedding,0.518518536599198,-0.616854141535987
manifold_group_noise_fashion_mnist,0,0.1,0.0,3465,3465,0,0,0,1,5000,pca,embedding,-0.8762829947396018,0.12985065357653147
manifold_group_noise_fashion_mnist,0,0.1,0.0,3466,3466,0,0,0,1,5024,pca,embedding,0.68897939186363,-0.09619933344275569
manifold_group_noise_fashion_mnist,0,0.1,0.0,3467,3467,0,0,0,1,5012,pca,embedding,0.4584089151293429,-0.7438637608381921
manifold_group_noise_fashion_mnist,0,0.1,0.0,3468,3468,0,0,0,1,5025,pca,embedding,0.4477424481445879,-0.7512979777609946
manifold_group_noise_fashion_mnist,0,0.1,0.0,3469,3469,0,0,0,0,3469,pca,embedding,0.7513870710530969,-0.14310342525552625
manifold_group_noise_fashion_mnist,0,0.1,0.0,3470,3470,1,1,0,1,5040,pca,embedding,0.7710910029352435,-0.5296789409059545
manifold_group_noise_fashion_mnist,0,0.1,0.0,3471,3471,0,0,0,1,5001,pca,embedding,-0.12765943280361497,-0.5738520202319681
manifold_group_noise_fashion_mnist,0,0.1,0.0,3472,3472,1,1,0,1,5040,pca,embedding,0.8189792371135264,-0.12726515103470884
manifold_group_noise_fashion_mnist,0,0.1,0.0,3473,3473,0,0,0,1,5019,pca,embedding,0.1795322050985486,0.35000335771312635
manifold_group_noise_fashion_mnist,0,0.1,0.0,3474,3474,1,1,0,1,5047,pca,embedding,0.729633192425867,-0.03109136982957045
manifold_group_noise_fashion_mnist,0,0.1,0.0,3475,3475,1,1,0,1,5049,pca,embedding,0.9097381588546877,0.5167366511969799
manifold_group_noise_fashion_mnist,0,0.1,0.0,3476,3476,0,0,0,1,5019,pca,embedding,-0.01087944288283623,0.6548310332104128
manifold_group_noise_fashion_mnist,0,0.1,0.0,3477,3477,1,1,0,1,5035,pca,embedding,-0.68284923201481,0.010838406478870036
manifold_group_noise_fashion_mnist,0,0.1,0.0,3478,3478,1,1,0,1,5032,pca,embedding,0.07903633822753363,0.5866221099744201
manifold_group_noise_fashion_mnist,0,0.1,0.0,3479,3479,1,1,0,1,5028,pca,embedding,-0.30504030522464726,-0.18645968620765302
manifold_group_noise_fashion_mnist,0,0.1,0.0,3480,3480,0,1,1,1,5034,pca,embedding,-0.1823320278503068,-0.07631481612649957
manifold_group_noise_fashion_mnist,0,0.1,0.0,3481,3481,1,1,0,0,3481,pca,embedding,0.03573759487995889,0.3418277531010816
manifold_group_noise_fashion_mnist,0,0.1,0.0,3482,3482,1,1,0,1,5052,pca,embedding,0.14317958129873007,0.39671924479626014
manifold_group_noise_fashion_mnist,0,0.1,0.0,3483,3483,1,1,0,1,5032,pca,embedding,0.00018838553375116404,-0.4344600271522524
manifold_group_noise_fashion_mnist,0,0.1,0.0,3484,3484,0,0,0,1,5006,pca,embedding,0.6063230907164234,-0.47359999038684386
manifold_group_noise_fashion_mnist,0,0.1,0.0,3485,3485,1,1,0,1,5029,pca,embedding,-0.15465427874560161,-0.46454119769857777
manifold_group_noise_fashion_mnist,0,0.1,0.0,3486,3486,0,0,0,1,5020,pca,embedding,-0.9410983793121367,0.06979016203590949
manifold_group_noise_fashion_mnist,0,0.1,0.0,3487,3487,0,0,0,1,5005,pca,embedding,-0.2437376986905045,0.2533061168150995
manifold_group_noise_fashion_mnist,0,0.1,0.0,3488,3488,0,0,0,0,3488,pca,embedding,-0.7754553160663904,-0.049833841227010525
manifold_group_noise_fashion_mnist,0,0.1,0.0,3489,3489,1,1,0,1,5044,pca,embedding,-0.9091766115255149,0.038075374351118275
manifold_group_noise_fashion_mnist,0,0.1,0.0,3490,3490,0,0,0,1,5008,pca,embedding,-0.9737773675552853,0.16068898342029672
manifold_group_noise_fashion_mnist,0,0.1,0.0,3491,3491,0,0,0,1,5021,pca,embedding,-0.3548751460417028,-0.36419014829667656
manifold_group_noise_fashion_mnist,0,0.1,0.0,3492,3492,0,0,0,0,3492,pca,embedding,0.47762418853060434,-0.24399211665372844
manifold_group_noise_fashion_mnist,0,0.1,0.0,3493,3493,0,0,0,0,3493,pca,embedding,0.9862254341339829,-0.35132023746730645
manifold_group_noise_fashion_mnist,0,0.1,0.0,3494,3494,1,1,0,1,5045,pca,embedding,-0.02391215099255585,0.6742171915371686
manifold_group_noise_fashion_mnist,0,0.1,0.0,3495,3495,1,1,0,1,5044,pca,embedding,-0.843661349265209,-0.0516507547640452
manifold_group_noise_fashion_mnist,0,0.1,0.0,3496,3496,1,1,0,1,5028,pca,embedding,-0.27962917186446695,0.23646562433701093
manifold_group_noise_fashion_mnist,0,0.1,0.0,3497,3497,1,1,0,1,5043,pca,embedding,-0.9276277355735963,0.05898613183590304
manifold_group_noise_fashion_mnist,0,0.1,0.0,3498,3498,0,0,0,1,5012,pca,embedding,0.31773018608009373,0.7207984433109361
manifold_group_noise_fashion_mnist,0,0.1,0.0,3499,3499,1,1,0,1,5029,pca,embedding,0.24045051802004092,0.05136327467345356
manifold_group_noise_fashion_mnist,0,0.1,0.0,3500,3500,1,1,0,0,3500,pca,embedding,0.3301628812627665,-0.06198766406626885
manifold_group_noise_fashion_mnist,0,0.1,0.0,3501,3501,0,0,0,1,5017,pca,embedding,0.42605699936471525,-0.3750157036441893
manifold_group_noise_fashion_mnist,0,0.1,0.0,3502,3502,0,0,0,0,3502,pca,embedding,0.7876409917176761,0.15743283736175467
manifold_group_noise_fashion_mnist,0,0.1,0.0,3503,3503,0,0,0,0,3503,pca,embedding,-0.822046988798246,-0.11117600594274654
manifold_group_noise_fashion_mnist,0,0.1,0.0,3504,3504,1,1,0,1,5051,pca,embedding,-0.2699481842818249,0.10600597047603129
manifold_group_noise_fashion_mnist,0,0.1,0.0,3505,3505,1,1,0,1,5053,pca,embedding,-0.7317446023902112,-0.049205188001385645
manifold_group_noise_fashion_mnist,0,0.1,0.0,3506,3506,0,0,0,1,5025,pca,embedding,0.4477424481445879,-0.7512979777609946
manifold_group_noise_fashion_mnist,0,0.1,0.0,3507,3507,1,1,0,1,5032,pca,embedding,0.07903633822753363,0.5866221099744201
manifold_group_noise_fashion_mnist,0,0.1,0.0,3508,3508,0,0,0,1,5018,pca,embedding,-0.6619098906867765,0.16477498203300273
manifold_group_noise_fashion_mnist,0,0.1,0.0,3509,3509,0,0,0,1,5016,pca,embedding,-0.8937822588494512,0.12556981205862594
manifold_group_noise_fashion_mnist,0,0.1,0.0,3510,3510,1,1,0,1,5051,pca,embedding,-0.36715083038110413,0.15627672360715802
manifold_group_noise_fashion_mnist,0,0.1,0.0,3511,3511,0,0,0,1,5024,pca,embedding,0.6424016200090048,0.8677764177210021
manifold_group_noise_fashion_mnist,0,0.1,0.0,3512,3512,0,0,0,1,5012,pca,embedding,0.5957482406484725,0.43171252958647444
manifold_group_noise_fashion_mnist,0,0.1,0.0,3513,3513,0,0,0,1,5019,pca,embedding,0.20504549331296576,0.5388029697126056
manifold_group_noise_fashion_mnist,0,0.1,0.0,3514,3514,1,1,0,1,5052,pca,embedding,0.24166128823937189,0.16699958181553737
manifold_group_noise_fashion_mnist,0,0.1,0.0,3515,3515,0,0,0,1,5026,pca,embedding,1.0225594576788382,0.8460605465572696
manifold_group_noise_fashion_mnist,0,0.1,0.0,3516,3516,1,0,1,1,5003,pca,embedding,-0.42330939598468087,-0.07754103556021294
manifold_group_noise_fashion_mnist,0,0.1,0.0,3517,3517,0,0,0,1,5020,pca,embedding,-0.9497924358374816,0.06015877100443373
manifold_group_noise_fashion_mnist,0,0.1,0.0,3518,3518,1,1,0,1,5033,pca,embedding,-0.10442203587564625,-0.17973282596100293
manifold_group_noise_fashion_mnist,0,0.1,0.0,3519,3519,1,1,0,1,5039,pca,embedding,0.37206170030670405,-0.3002692692134489
manifold_group_noise_fashion_mnist,0,0.1,0.0,3520,3520,0,0,0,1,5018,pca,embedding,-0.6619098906867765,0.16477498203300273
manifold_group_noise_fashion_mnist,0,0.1,0.0,3521,3521,0,0,0,1,5024,pca,embedding,0.68897939186363,-0.09619933344275569
manifold_group_noise_fashion_mnist,0,0.1,0.0,3522,3522,1,0,1,1,5003,pca,embedding,-0.4534752491324747,0.19615578172521544
manifold_group_noise_fashion_mnist,0,0.1,0.0,3523,3523,1,1,0,1,5033,pca,embedding,0.15620570956709592,-0.15650027766882196
manifold_group_noise_fashion_mnist,0,0.1,0.0,3524,3524,1,1,0,1,5037,pca,embedding,-0.9451498309908064,-0.0020105851249592674
manifold_group_noise_fashion_mnist,0,0.1,0.0,3525,3525,0,0,0,1,5021,pca,embedding,-0.2161397659044853,0.47614076811946476
manifold_group_noise_fashion_mnist,0,0.1,0.0,3526,3526,1,1,0,1,5050,pca,embedding,-0.9633798164290678,0.06505589765052418
manifold_group_noise_fashion_mnist,0,0.1,0.0,3527,3527,0,0,0,1,5024,pca,embedding,0.68897939186363,-0.09619933344275569
manifold_group_noise_fashion_mnist,0,0.1,0.0,3528,3528,0,0,0,0,3528,pca,embedding,-0.5658787555635267,0.10822756391897068
manifold_group_noise_fashion_mnist,0,0.1,0.0,3529,3529,1,1,0,1,5037,pca,embedding,-0.9371061195794866,-0.01734109524114106
manifold_group_noise_fashion_mnist,0,0.1,0.0,3530,3530,1,1,0,0,3530,pca,embedding,-0.6736470527837419,0.03568920205606744
manifold_group_noise_fashion_mnist,0,0.1,0.0,3531,3531,0,0,0,1,5005,pca,embedding,-0.1930334396864428,-0.11883543919769458
manifold_group_noise_fashion_mnist,0,0.1,0.0,3532,3532,0,0,0,1,5026,pca,embedding,1.0186680229668998,-0.14920239007950295
manifold_group_noise_fashion_mnist,0,0.1,0.0,3533,3533,0,0,0,1,5024,pca,embedding,0.68897939186363,-0.09619933344275569
manifold_group_noise_fashion_mnist,0,0.1,0.0,3534,3534,0,1,1,1,5038,pca,embedding,-0.4865390272742224,0.22012354869258674
manifold_group_noise_fashion_mnist,0,0.1,0.0,3535,3535,1,1,0,1,5037,pca,embedding,-0.9325361386225219,-0.07610008813512513
manifold_group_noise_fashion_mnist,0,0.1,0.0,3536,3536,1,1,0,1,5041,pca,embedding,0.6928153395855997,-0.3306144414103731
manifold_group_noise_fashion_mnist,0,0.1,0.0,3537,3537,0,0,0,1,5002,pca,embedding,0.13453564484188205,-0.44476027207307944
manifold_group_noise_fashion_mnist,0,0.1,0.0,3538,3538,1,1,0,0,3538,pca,embedding,-0.06003162445007119,0.17321647565821202
manifold_group_noise_fashion_mnist,0,0.1,0.0,3539,3539,0,0,0,1,5013,pca,embedding,-0.36582371945831244,-0.22296090438783756
manifold_group_noise_fashion_mnist,0,0.1,0.0,3540,3540,0,0,0,1,5012,pca,embedding,0.6764653825654878,-0.5692750560143283
manifold_group_noise_fashion_mnist,0,0.1,0.0,3541,3541,0,0,0,1,5025,pca,embedding,0.6033392428350896,-0.8492018816884397
manifold_group_noise_fashion_mnist,0,0.1,0.0,3542,3542,1,1,0,0,3542,pca,embedding,0.5136205454837005,0.30033022918354446
manifold_group_noise_fashion_mnist,0,0.1,0.0,3543,3543,0,0,0,0,3543,pca,embedding,0.5009244972669963,0.27782967739535297
manifold_group_noise_fashion_mnist,0,0.1,0.0,3544,3544,1,1,0,1,5050,pca,embedding,-0.9458074764089357,0.06719536729600156
manifold_group_noise_fashion_mnist,0,0.1,0.0,3545,3545,0,0,0,0,3545,pca,embedding,0.9186616257586382,-0.14212974535701378
manifold_group_noise_fashion_mnist,0,0.1,0.0,3546,3546,1,1,0,1,5053,pca,embedding,-0.7213348676759209,0.15619229328804363
manifold_group_noise_fashion_mnist,0,0.1,0.0,3547,3547,0,0,0,0,3547,pca,embedding,0.7998070612135636,-0.2387693127315417
manifold_group_noise_fashion_mnist,0,0.1,0.0,3548,3548,1,1,0,1,5045,pca,embedding,0.17877850047817162,0.5653329789285274
manifold_group_noise_fashion_mnist,0,0.1,0.0,3549,3549,1,1,0,1,5046,pca,embedding,0.6895972894458564,-0.05687289007367548
manifold_group_noise_fashion_mnist,0,0.1,0.0,3550,3550,0,1,1,1,5038,pca,embedding,-0.29061198396498966,0.12831690703302223
manifold_group_noise_fashion_mnist,0,0.1,0.0,3551,3551,0,0,0,1,5019,pca,embedding,0.12703119109200905,0.08259735868133822
manifold_group_noise_fashion_mnist,0,0.1,0.0,3552,3552,1,1,0,1,5032,pca,embedding,-0.12001382295393728,-0.44909780545812994
manifold_group_noise_fashion_mnist,0,0.1,0.0,3553,3553,1,1,0,1,5029,pca,embedding,0.24045051802004092,0.05136327467345356
manifold_group_noise_fashion_mnist,0,0.1,0.0,3554,3554,1,0,1,1,5003,pca,embedding,-0.501486917045026,-0.40129544548792817
manifold_group_noise_fashion_mnist,0,0.1,0.0,3555,3555,1,1,0,1,5030,pca,embedding,-0.9209395414848962,-0.018646721701809244
manifold_group_noise_fashion_mnist,0,0.1,0.0,3556,3556,0,0,0,1,5017,pca,embedding,0.5623923821775677,0.39259854104581515
manifold_group_noise_fashion_mnist,0,0.1,0.0,3557,3557,0,0,0,0,3557,pca,embedding,-0.9386427312371206,0.06749613704736196
manifold_group_noise_fashion_mnist,0,0.1,0.0,3558,3558,0,0,0,1,5023,pca,embedding,0.08894871272329877,0.29687828649896986
manifold_group_noise_fashion_mnist,0,0.1,0.0,3559,3559,1,1,0,1,5029,pca,embedding,0.0722772733302749,0.22408685556570984
manifold_group_noise_fashion_mnist,0,0.1,0.0,3560,3560,1,1,0,0,3560,pca,embedding,-0.1837708470331035,-0.295930935553039
manifold_group_noise_fashion_mnist,0,0.1,0.0,3561,3561,1,1,0,1,5053,pca,embedding,-0.8096290397197841,0.1688999106734829
manifold_group_noise_fashion_mnist,0,0.1,0.0,3562,3562,1,1,0,0,3562,pca,embedding,0.8816641110233661,0.23593743674502418
manifold_group_noise_fashion_mnist,0,0.1,0.0,3563,3563,1,0,1,1,5011,pca,embedding,0.5432674704401125,-0.5302769107061
manifold_group_noise_fashion_mnist,0,0.1,0.0,3564,3564,0,0,0,1,5002,pca,embedding,0.10260216297295745,-0.06731487496185998
manifold_group_noise_fashion_mnist,0,0.1,0.0,3565,3565,1,1,0,1,5030,pca,embedding,-0.9768938384201941,0.07935520750661718
manifold_group_noise_fashion_mnist,0,0.1,0.0,3566,3566,0,0,0,0,3566,pca,embedding,0.7595394661349438,0.16719553391869585
manifold_group_noise_fashion_mnist,0,0.1,0.0,3567,3567,0,0,0,1,5024,pca,embedding,0.4633799315911309,0.9149703131486038
manifold_group_noise_fashion_mnist,0,0.1,0.0,3568,3568,0,0,0,1,5006,pca,embedding,0.753623406144043,-0.05687388166894217
manifold_group_noise_fashion_mnist,0,0.1,0.0,3569,3569,1,1,0,1,5033,pca,embedding,0.049240911871216285,-0.022771137063452202
manifold_group_noise_fashion_mnist,0,0.1,0.0,3570,3570,0,0,0,1,5007,pca,embedding,0.43282795794124146,0.7450040285770225
manifold_group_noise_fashion_mnist,0,0.1,0.0,3571,3571,1,1,0,0,3571,pca,embedding,0.23378669153336107,0.1773661578051668
manifold_group_noise_fashion_mnist,0,0.1,0.0,3572,3572,0,0,0,1,5015,pca,embedding,0.5115265429225028,0.09275834031386163
manifold_group_noise_fashion_mnist,0,0.1,0.0,3573,3573,0,0,0,0,3573,pca,embedding,0.24518854854895597,-0.05594919350916632
manifold_group_noise_fashion_mnist,0,0.1,0.0,3574,3574,0,1,1,1,5038,pca,embedding,-0.3133958956434428,-0.2556486466657895
manifold_group_noise_fashion_mnist,0,0.1,0.0,3575,3575,0,1,1,1,5034,pca,embedding,-0.2274209305196443,-0.5102599059686482
manifold_group_noise_fashion_mnist,0,0.1,0.0,3576,3576,0,1,1,1,5038,pca,embedding,-0.3157215298085236,-0.09748214077770899
manifold_group_noise_fashion_mnist,0,0.1,0.0,3577,3577,1,1,0,1,5044,pca,embedding,-0.9167337871352412,0.0841411189432725
manifold_group_noise_fashion_mnist,0,0.1,0.0,3578,3578,0,0,0,1,5013,pca,embedding,-0.34613705681701834,-0.08283730761629565
manifold_group_noise_fashion_mnist,0,0.1,0.0,3579,3579,0,0,0,1,5022,pca,embedding,1.176228055621214,-0.04947752053331311
manifold_group_noise_fashion_mnist,0,0.1,0.0,3580,3580,0,0,0,0,3580,pca,embedding,0.9548594181423876,-0.3474434929049801
manifold_group_noise_fashion_mnist,0,0.1,0.0,3581,3581,1,1,0,1,5050,pca,embedding,-0.9199423243694982,-0.0023904970327028457
manifold_group_noise_fashion_mnist,0,0.1,0.0,3582,3582,1,1,0,1,5033,pca,embedding,0.15620570956709592,-0.15650027766882196
manifold_group_noise_fashion_mnist,0,0.1,0.0,3583,3583,1,1,0,1,5050,pca,embedding,-0.9458074764089357,0.06719536729600156
manifold_group_noise_fashion_mnist,0,0.1,0.0,3584,3584,1,1,0,1,5039,pca,embedding,0.37206170030670405,-0.3002692692134489
manifold_group_noise_fashion_mnist,0,0.1,0.0,3585,3585,0,0,0,1,5014,pca,embedding,0.7819002482367414,0.4216230558006338
manifold_group_noise_fashion_mnist,0,0.1,0.0,3586,3586,0,0,0,0,3586,pca,embedding,-0.41617587428283304,-0.2586189479204366
manifold_group_noise_fashion_mnist,0,0.1,0.0,3587,3587,0,0,0,1,5021,pca,embedding,-0.24725796788521498,-0.02935434662717168
manifold_group_noise_fashion_mnist,0,0.1,0.0,3588,3588,1,0,1,1,5011,pca,embedding,1.0836504441979908,0.31989076687589235
manifold_group_noise_fashion_mnist,0,0.1,0.0,3589,3589,1,0,1,1,5011,pca,embedding,1.0836504441979908,0.31989076687589235
manifold_group_noise_fashion_mnist,0,0.1,0.0,3590,3590,0,0,0,0,3590,pca,embedding,-0.5333481311517804,0.055737039430625315
manifold_group_noise_fashion_mnist,0,0.1,0.0,3591,3591,0,0,0,1,5019,pca,embedding,0.1795322050985486,0.35000335771312635
manifold_group_noise_fashion_mnist,0,0.1,0.0,3592,3592,0,0,0,1,5006,pca,embedding,0.6642232478382726,0.7392983181630481
manifold_group_noise_fashion_mnist,0,0.1,0.0,3593,3593,0,0,0,1,5008,pca,embedding,-0.9080085731925809,0.10956613832573582
manifold_group_noise_fashion_mnist,0,0.1,0.0,3594,3594,0,0,0,1,5006,pca,embedding,0.4346694554662931,0.8211737767562604
manifold_group_noise_fashion_mnist,0,0.1,0.0,3595,3595,1,1,0,1,5035,pca,embedding,-0.7110994239335984,0.02824033056783752
manifold_group_noise_fashion_mnist,0,0.1,0.0,3596,3596,1,1,0,1,5050,pca,embedding,-0.9340407827705792,0.02264048629003733
manifold_group_noise_fashion_mnist,0,0.1,0.0,3597,3597,1,1,0,1,5049,pca,embedding,0.9097381588546877,0.5167366511969799
manifold_group_noise_fashion_mnist,0,0.1,0.0,3598,3598,0,0,0,1,5010,pca,embedding,-0.40504166856836465,-0.33309503943000657
manifold_group_noise_fashion_mnist,0,0.1,0.0,3599,3599,0,0,0,1,5018,pca,embedding,-0.7119279355481256,0.27976735700153244
manifold_group_noise_fashion_mnist,0,0.1,0.0,3600,3600,0,0,0,1,5008,pca,embedding,-0.8658207883814171,-0.0845090131953525
manifold_group_noise_fashion_mnist,0,0.1,0.0,3601,3601,1,1,0,1,5051,pca,embedding,-0.3074325805278038,-0.12513059156820394
manifold_group_noise_fashion_mnist,0,0.1,0.0,3602,3602,0,0,0,1,5021,pca,embedding,-0.3983627238598248,-0.42427176334018296
manifold_group_noise_fashion_mnist,0,0.1,0.0,3603,3603,1,1,0,1,5041,pca,embedding,0.6401006936712017,0.4787203369457484
manifold_group_noise_fashion_mnist,0,0.1,0.0,3604,3604,1,1,0,1,5042,pca,embedding,-0.16787641680515858,0.1919524931848898
manifold_group_noise_fashion_mnist,0,0.1,0.0,3605,3605,0,0,0,1,5006,pca,embedding,0.3571109993492384,-0.6477604698138006
manifold_group_noise_fashion_mnist,0,0.1,0.0,3606,3606,1,1,0,1,5053,pca,embedding,-0.8096290397197841,0.1688999106734829
manifold_group_noise_fashion_mnist,0,0.1,0.0,3607,3607,0,0,0,1,5009,pca,embedding,0.6887897534495993,-0.1574445054400693
manifold_group_noise_fashion_mnist,0,0.1,0.0,3608,3608,0,0,0,1,5016,pca,embedding,-0.9152972115685095,-0.11755398196829882
manifold_group_noise_fashion_mnist,0,0.1,0.0,3609,3609,1,1,0,1,5039,pca,embedding,0.5355350781995705,0.5028519340321705
manifold_group_noise_fashion_mnist,0,0.1,0.0,3610,3610,1,1,0,1,5052,pca,embedding,0.24166128823937189,0.16699958181553737
manifold_group_noise_fashion_mnist,0,0.1,0.0,3611,3611,1,1,0,0,3611,pca,embedding,0.8952684713846265,0.37059456030729165
manifold_group_noise_fashion_mnist,0,0.1,0.0,3612,3612,0,0,0,0,3612,pca,embedding,-0.6417436626701056,-0.05787118106972777
manifold_group_noise_fashion_mnist,0,0.1,0.0,3613,3613,0,0,0,1,5020,pca,embedding,-0.9182058410981022,-0.031224669123850524
manifold_group_noise_fashion_mnist,0,0.1,0.0,3614,3614,0,0,0,1,5016,pca,embedding,-0.9062401057566959,0.2058163201570994
manifold_group_noise_fashion_mnist,0,0.1,0.0,3615,3615,1,1,0,0,3615,pca,embedding,-0.7378299482080853,0.025696865555232415
manifold_group_noise_fashion_mnist,0,0.1,0.0,3616,3616,1,1,0,1,5051,pca,embedding,-0.282598653783137,0.13936205886702524
manifold_group_noise_fashion_mnist,0,0.1,0.0,3617,3617,0,1,1,1,5048,pca,embedding,0.41767860616153984,-0.042638677409208486
manifold_group_noise_fashion_mnist,0,0.1,0.0,3618,3618,0,0,0,1,5004,pca,embedding,0.6842847172475315,-0.8126710261205412
manifold_group_noise_fashion_mnist,0,0.1,0.0,3619,3619,1,1,0,0,3619,pca,embedding,0.8207004440140019,-0.44714666475524945
manifold_group_noise_fashion_mnist,0,0.1,0.0,3620,3620,0,0,0,1,5009,pca,embedding,0.5236857617397439,-0.8372655895134536
manifold_group_noise_fashion_mnist,0,0.1,0.0,3621,3621,1,1,0,1,5028,pca,embedding,-0.21210002490839894,0.3108050933699753
manifold_group_noise_fashion_mnist,0,0.1,0.0,3622,3622,1,1,0,0,3622,pca,embedding,0.18956848369245202,0.20838028846722065
manifold_group_noise_fashion_mnist,0,0.1,0.0,3623,3623,1,0,1,1,5003,pca,embedding,-0.4534752491324747,0.19615578172521544
manifold_group_noise_fashion_mnist,0,0.1,0.0,3624,3624,1,0,1,1,5011,pca,embedding,1.0632756970520523,0.7335145960938936
manifold_group_noise_fashion_mnist,0,0.1,0.0,3625,3625,1,1,0,1,5033,pca,embedding,-0.10442203587564625,-0.17973282596100293
manifold_group_noise_fashion_mnist,0,0.1,0.0,3626,3626,1,1,0,1,5050,pca,embedding,-0.9450620608695206,0.04936724501994212
manifold_group_noise_fashion_mnist,0,0.1,0.0,3627,3627,1,1,0,0,3627,pca,embedding,-0.8108858848498691,0.016344525763731906
manifold_group_noise_fashion_mnist,0,0.1,0.0,3628,3628,1,1,0,0,3628,pca,embedding,0.754829170277064,0.4458777755847516
manifold_group_noise_fashion_mnist,0,0.1,0.0,3629,3629,1,1,0,1,5032,pca,embedding,0.00018838553375116404,-0.4344600271522524
manifold_group_noise_fashion_mnist,0,0.1,0.0,3630,3630,1,1,0,1,5043,pca,embedding,-0.9366843642643166,0.07930016900041902
manifold_group_noise_fashion_mnist,0,0.1,0.0,3631,3631,1,1,0,1,5040,pca,embedding,1.010490401489464,-0.34428141598952006
manifold_group_noise_fashion_mnist,0,0.1,0.0,3632,3632,0,0,0,1,5002,pca,embedding,0.13453564484188205,-0.44476027207307944
manifold_group_noise_fashion_mnist,0,0.1,0.0,3633,3633,0,0,0,1,5015,pca,embedding,0.5115265429225028,0.09275834031386163
manifold_group_noise_fashion_mnist,0,0.1,0.0,3634,3634,0,0,0,1,5021,pca,embedding,-0.3662240074576506,-0.463910961403198
manifold_group_noise_fashion_mnist,0,0.1,0.0,3635,3635,1,1,0,0,3635,pca,embedding,-0.6889823037468947,0.15802336015626353
manifold_group_noise_fashion_mnist,0,0.1,0.0,3636,3636,0,0,0,1,5021,pca,embedding,-0.26612364989309045,0.25407040693700395
manifold_group_noise_fashion_mnist,0,0.1,0.0,3637,3637,1,1,0,1,5043,pca,embedding,-0.9211316397429528,-0.06569601781009227
manifold_group_noise_fashion_mnist,0,0.1,0.0,3638,3638,1,1,0,1,5033,pca,embedding,-0.08413689553411402,0.052640607129399185
manifold_group_noise_fashion_mnist,0,0.1,0.0,3639,3639,0,0,0,0,3639,pca,embedding,0.13776296004791144,0.09472736890278671
manifold_group_noise_fashion_mnist,0,0.1,0.0,3640,3640,1,1,0,1,5036,pca,embedding,-0.2865524427678605,-0.06377224014922256
manifold_group_noise_fashion_mnist,0,0.1,0.0,3641,3641,0,0,0,0,3641,pca,embedding,0.7656482999717863,-0.33593228077396614
manifold_group_noise_fashion_mnist,0,0.1,0.0,3642,3642,1,1,0,1,5045,pca,embedding,0.16414651987827136,0.42042255899252234
manifold_group_noise_fashion_mnist,0,0.1,0.0,3643,3643,0,0,0,1,5010,pca,embedding,-0.3836887104368455,-0.11862094480741558
manifold_group_noise_fashion_mnist,0,0.1,0.0,3644,3644,0,0,0,1,5000,pca,embedding,-0.8762829947396018,0.12985065357653147
manifold_group_noise_fashion_mnist,0,0.1,0.0,3645,3645,1,1,0,1,5032,pca,embedding,0.15680966141846217,0.34983337748269816
manifold_group_noise_fashion_mnist,0,0.1,0.0,3646,3646,0,0,0,1,5014,pca,embedding,0.7678978237283995,-0.11035586652796843
manifold_group_noise_fashion_mnist,0,0.1,0.0,3647,3647,1,1,0,1,5030,pca,embedding,-0.9455090455338427,0.07845324522804312
manifold_group_noise_fashion_mnist,0,0.1,0.0,3648,3648,1,1,0,1,5033,pca,embedding,-0.08413689553411402,0.052640607129399185
manifold_group_noise_fashion_mnist,0,0.1,0.0,3649,3649,1,1,0,1,5032,pca,embedding,0.013593390028673633,-0.6492355803402008
manifold_group_noise_fashion_mnist,0,0.1,0.0,3650,3650,0,1,1,1,5034,pca,embedding,-0.44965444129472765,-0.41181674820939296
manifold_group_noise_fashion_mnist,0,0.1,0.0,3651,3651,0,0,0,1,5015,pca,embedding,0.5712100110096152,-0.37682730540054343
manifold_group_noise_fashion_mnist,0,0.1,0.0,3652,3652,0,0,0,1,5017,pca,embedding,0.5623923821775677,0.39259854104581515
manifold_group_noise_fashion_mnist,0,0.1,0.0,3653,3653,0,0,0,1,5008,pca,embedding,-0.8611456162684513,0.10534178251913111
manifold_group_noise_fashion_mnist,0,0.1,0.0,3654,3654,0,0,0,0,3654,pca,embedding,0.4082825440029791,-0.37165122321745453
manifold_group_noise_fashion_mnist,0,0.1,0.0,3655,3655,0,0,0,0,3655,pca,embedding,0.5321591567184264,0.3579020118578064
manifold_group_noise_fashion_mnist,0,0.1,0.0,3656,3656,0,0,0,0,3656,pca,embedding,-0.003922653973088566,0.02547557238456627
manifold_group_noise_fashion_mnist,0,0.1,0.0,3657,3657,1,1,0,1,5052,pca,embedding,0.4416019357927238,-0.005862614870209185
manifold_group_noise_fashion_mnist,0,0.1,0.0,3658,3658,0,0,0,1,5020,pca,embedding,-0.9410983793121367,0.06979016203590949
manifold_group_noise_fashion_mnist,0,0.1,0.0,3659,3659,1,1,0,1,5035,pca,embedding,-0.6682557621423971,-0.14345222393291596
manifold_group_noise_fashion_mnist,0,0.1,0.0,3660,3660,1,1,0,1,5042,pca,embedding,-0.3274342993611934,-0.3768450906929204
manifold_group_noise_fashion_mnist,0,0.1,0.0,3661,3661,0,0,0,1,5009,pca,embedding,0.7612628193363489,0.8261680917798548
manifold_group_noise_fashion_mnist,0,0.1,0.0,3662,3662,0,0,0,1,5021,pca,embedding,-0.3548751460417028,-0.36419014829667656
manifold_group_noise_fashion_mnist,0,0.1,0.0,3663,3663,0,0,0,0,3663,pca,embedding,-0.928526627177121,0.014688200267290959
manifold_group_noise_fashion_mnist,0,0.1,0.0,3664,3664,1,1,0,1,5039,pca,embedding,0.23789559302440683,-0.4385188382028624
manifold_group_noise_fashion_mnist,0,0.1,0.0,3665,3665,1,1,0,1,5043,pca,embedding,-0.9208996863692495,0.05183174703567252
manifold_group_noise_fashion_mnist,0,0.1,0.0,3666,3666,1,1,0,1,5052,pca,embedding,0.24166128823937189,0.16699958181553737
manifold_group_noise_fashion_mnist,0,0.1,0.0,3667,3667,0,0,0,1,5022,pca,embedding,1.1667636990253114,-0.04785440842201168
manifold_group_noise_fashion_mnist,0,0.1,0.0,3668,3668,1,1,0,1,5044,pca,embedding,-0.9436233203202156,-0.022410175201620586
manifold_group_noise_fashion_mnist,0,0.1,0.0,3669,3669,1,0,1,1,5011,pca,embedding,0.8725942892345719,-0.40664673495461934
manifold_group_noise_fashion_mnist,0,0.1,0.0,3670,3670,0,0,0,1,5007,pca,embedding,0.43282795794124146,0.7450040285770225
manifold_group_noise_fashion_mnist,0,0.1,0.0,3671,3671,0,0,0,1,5012,pca,embedding,0.5957482406484725,0.43171252958647444
manifold_group_noise_fashion_mnist,0,0.1,0.0,3672,3672,1,1,0,1,5040,pca,embedding,0.8189792371135264,-0.12726515103470884
manifold_group_noise_fashion_mnist,0,0.1,0.0,3673,3673,0,0,0,1,5005,pca,embedding,-0.15637020303214264,0.05034404996747888
manifold_group_noise_fashion_mnist,0,0.1,0.0,3674,3674,0,0,0,1,5018,pca,embedding,-0.7854139328809032,0.2810225365619762
manifold_group_noise_fashion_mnist,0,0.1,0.0,3675,3675,1,1,0,1,5029,pca,embedding,0.06445955262697403,0.4775789870447894
manifold_group_noise_fashion_mnist,0,0.1,0.0,3676,3676,0,0,0,1,5006,pca,embedding,0.6063230907164234,-0.47359999038684386
manifold_group_noise_fashion_mnist,0,0.1,0.0,3677,3677,0,0,0,1,5014,pca,embedding,0.7819002482367414,0.4216230558006338
manifold_group_noise_fashion_mnist,0,0.1,0.0,3678,3678,1,1,0,1,5041,pca,embedding,0.6401006936712017,0.4787203369457484
manifold_group_noise_fashion_mnist,0,0.1,0.0,3679,3679,0,0,0,1,5016,pca,embedding,-0.8698765513174348,-0.18625840002257832
manifold_group_noise_fashion_mnist,0,0.1,0.0,3680,3680,0,0,0,1,5001,pca,embedding,-0.12765943280361497,-0.5738520202319681
manifold_group_noise_fashion_mnist,0,0.1,0.0,3681,3681,1,1,0,1,5036,pca,embedding,-0.2865524427678605,-0.06377224014922256
manifold_group_noise_fashion_mnist,0,0.1,0.0,3682,3682,1,1,0,1,5044,pca,embedding,-0.905448368286997,-0.028035036636983326
manifold_group_noise_fashion_mnist,0,0.1,0.0,3683,3683,0,0,0,1,5009,pca,embedding,0.5100981380438481,0.8762758247061757
manifold_group_noise_fashion_mnist,0,0.1,0.0,3684,3684,1,1,0,1,5037,pca,embedding,-0.8867008868951165,-0.061050064521465754
manifold_group_noise_fashion_mnist,0,0.1,0.0,3685,3685,0,1,1,1,5038,pca,embedding,-0.3133958956434428,-0.2556486466657895
manifold_group_noise_fashion_mnist,0,0.1,0.0,3686,3686,1,1,0,1,5031,pca,embedding,-0.9246896116650437,-0.08310130915247531
manifold_group_noise_fashion_mnist,0,0.1,0.0,3687,3687,0,0,0,1,5023,pca,embedding,-0.20106258275528202,0.5873934191056738
manifold_group_noise_fashion_mnist,0,0.1,0.0,3688,3688,1,1,0,0,3688,pca,embedding,-0.7817502070093743,0.04395557243489998
manifold_group_noise_fashion_mnist,0,0.1,0.0,3689,3689,1,1,0,1,5033,pca,embedding,0.049240911871216285,-0.022771137063452202
manifold_group_noise_fashion_mnist,0,0.1,0.0,3690,3690,0,0,0,1,5018,pca,embedding,-0.6481908226385475,-0.2053652802441936
manifold_group_noise_fashion_mnist,0,0.1,0.0,3691,3691,1,1,0,1,5042,pca,embedding,-0.3274342993611934,-0.3768450906929204
manifold_group_noise_fashion_mnist,0,0.1,0.0,3692,3692,0,0,0,1,5005,pca,embedding,-0.15637020303214264,0.05034404996747888
manifold_group_noise_fashion_mnist,0,0.1,0.0,3693,3693,1,1,0,1,5036,pca,embedding,-0.2779250082440216,-0.10291686773453615
manifold_group_noise_fashion_mnist,0,0.1,0.0,3694,3694,1,1,0,1,5044,pca,embedding,-0.905448368286997,-0.028035036636983326
manifold_group_noise_fashion_mnist,0,0.1,0.0,3695,3695,1,1,0,1,5033,pca,embedding,-0.10442203587564625,-0.17973282596100293
manifold_group_noise_fashion_mnist,0,0.1,0.0,3696,3696,0,1,1,1,5038,pca,embedding,-0.45983247376997827,-0.20946979708881416
manifold_group_noise_fashion_mnist,0,0.1,0.0,3697,3697,0,0,0,1,5002,pca,embedding,-0.027086661852428567,0.5947311237740035
manifold_group_noise_fashion_mnist,0,0.1,0.0,3698,3698,1,1,0,1,5046,pca,embedding,0.6895972894458564,-0.05687289007367548
manifold_group_noise_fashion_mnist,0,0.1,0.0,3699,3699,0,1,1,1,5034,pca,embedding,-0.44965444129472765,-0.41181674820939296
manifold_group_noise_fashion_mnist,0,0.1,0.0,3700,3700,1,0,1,1,5003,pca,embedding,-0.5295069983525605,0.4016414311933312
manifold_group_noise_fashion_mnist,0,0.1,0.0,3701,3701,0,1,1,1,5048,pca,embedding,0.6069921774701434,0.2722664729588759
manifold_group_noise_fashion_mnist,0,0.1,0.0,3702,3702,1,1,0,1,5028,pca,embedding,-0.2525708642257593,0.05606018467327206
manifold_group_noise_fashion_mnist,0,0.1,0.0,3703,3703,1,1,0,1,5046,pca,embedding,0.6895972894458564,-0.05687289007367548
manifold_group_noise_fashion_mnist,0,0.1,0.0,3704,3704,0,0,0,1,5001,pca,embedding,-0.055388969474124784,-0.6002120824197864
manifold_group_noise_fashion_mnist,0,0.1,0.0,3705,3705,0,0,0,1,5000,pca,embedding,-0.8749713165394155,0.06748194746060947
manifold_group_noise_fashion_mnist,0,0.1,0.0,3706,3706,0,0,0,1,5024,pca,embedding,0.7208546462036393,-0.6260184097886702
manifold_group_noise_fashion_mnist,0,0.1,0.0,3707,3707,0,0,0,1,5025,pca,embedding,0.8298940028764206,-0.5294114681514656
manifold_group_noise_fashion_mnist,0,0.1,0.0,3708,3708,0,0,0,1,5008,pca,embedding,-0.8658207883814171,-0.0845090131953525
manifold_group_noise_fashion_mnist,0,0.1,0.0,3709,3709,0,0,0,1,5008,pca,embedding,-0.8658207883814171,-0.0845090131953525
manifold_group_noise_fashion_mnist,0,0.1,0.0,3710,3710,0,0,0,0,3710,pca,embedding,0.8573156105205139,-0.13065912535136281
manifold_group_noise_fashion_mnist,0,0.1,0.0,3711,3711,0,0,0,1,5013,pca,embedding,-0.48221707949487047,0.23499579183289496
manifold_group_noise_fashion_mnist,0,0.1,0.0,3712,3712,0,0,0,1,5019,pca,embedding,-0.00446671967501503,-0.5229068986423999
manifold_group_noise_fashion_mnist,0,0.1,0.0,3713,3713,1,0,1,1,5011,pca,embedding,0.7695558704728208,-0.7662839938955993
manifold_group_noise_fashion_mnist,0,0.1,0.0,3714,3714,0,1,1,1,5034,pca,embedding,-0.2274209305196443,-0.5102599059686482
manifold_group_noise_fashion_mnist,0,0.1,0.0,3715,3715,0,0,0,1,5021,pca,embedding,-0.2161397659044853,0.47614076811946476
manifold_group_noise_fashion_mnist,0,0.1,0.0,3716,3716,1,1,0,1,5045,pca,embedding,-0.12688142122261098,-0.5181427194788213
manifold_group_noise_fashion_mnist,0,0.1,0.0,3717,3717,0,0,0,1,5013,pca,embedding,-0.32854595670834297,-0.27505311412747724
manifold_group_noise_fashion_mnist,0,0.1,0.0,3718,3718,1,1,0,1,5030,pca,embedding,-0.9209395414848962,-0.018646721701809244
manifold_group_noise_fashion_mnist,0,0.1,0.0,3719,3719,0,0,0,1,5024,pca,embedding,0.6919665191723983,0.44595596884533295
manifold_group_noise_fashion_mnist,0,0.1,0.0,3720,3720,1,1,0,1,5043,pca,embedding,-0.8923220763993547,-0.0654162054656785
manifold_group_noise_fashion_mnist,0,0.1,0.0,3721,3721,0,0,0,1,5015,pca,embedding,0.48973980449766374,-0.31214604955977876
manifold_group_noise_fashion_mnist,0,0.1,0.0,3722,3722,0,0,0,1,5024,pca,embedding,0.40392033062496324,-0.8104792730580821
manifold_group_noise_fashion_mnist,0,0.1,0.0,3723,3723,0,0,0,1,5004,pca,embedding,0.7716779575514205,-0.19462644679085278
manifold_group_noise_fashion_mnist,0,0.1,0.0,3724,3724,1,1,0,1,5039,pca,embedding,0.3849742351500364,0.5273415814451405
manifold_group_noise_fashion_mnist,0,0.1,0.0,3725,3725,1,1,0,1,5027,pca,embedding,-0.8973327420054342,0.09531622292119525
manifold_group_noise_fashion_mnist,0,0.1,0.0,3726,3726,0,0,0,0,3726,pca,embedding,-0.5780180843048714,0.18743597817677893
manifold_group_noise_fashion_mnist,0,0.1,0.0,3727,3727,0,0,0,1,5005,pca,embedding,-0.31749895949676893,0.36429285210324625
manifold_group_noise_fashion_mnist,0,0.1,0.0,3728,3728,0,0,0,1,5026,pca,embedding,0.9903016690799857,-0.6452619903771234
manifold_group_noise_fashion_mnist,0,0.1,0.0,3729,3729,0,0,0,0,3729,pca,embedding,-0.1754707988500172,0.08325566339204796
manifold_group_noise_fashion_mnist,0,0.1,0.0,3730,3730,1,1,0,1,5044,pca,embedding,-0.9091766115255149,0.038075374351118275
manifold_group_noise_fashion_mnist,0,0.1,0.0,3731,3731,1,1,0,1,5047,pca,embedding,0.7249619695057066,0.37652682078468536
manifold_group_noise_fashion_mnist,0,0.1,0.0,3732,3732,0,0,0,1,5004,pca,embedding,0.8416626697009707,0.8112611384831543
manifold_group_noise_fashion_mnist,0,0.1,0.0,3733,3733,0,0,0,1,5017,pca,embedding,0.5623923821775677,0.39259854104581515
manifold_group_noise_fashion_mnist,0,0.1,0.0,3734,3734,1,1,0,0,3734,pca,embedding,0.6814506934754664,0.054449095193631565
manifold_group_noise_fashion_mnist,0,0.1,0.0,3735,3735,0,0,0,1,5002,pca,embedding,-0.027086661852428567,0.5947311237740035
manifold_group_noise_fashion_mnist,0,0.1,0.0,3736,3736,1,1,0,1,5033,pca,embedding,-0.06084142911395611,-0.14510503928318708
manifold_group_noise_fashion_mnist,0,0.1,0.0,3737,3737,0,0,0,1,5007,pca,embedding,0.36220775545636147,-0.6722520672450778
manifold_group_noise_fashion_mnist,0,0.1,0.0,3738,3738,1,1,0,1,5046,pca,embedding,0.6611969648830791,0.45570854457596516
manifold_group_noise_fashion_mnist,0,0.1,0.0,3739,3739,1,1,0,1,5040,pca,embedding,1.010490401489464,-0.34428141598952006
manifold_group_noise_fashion_mnist,0,0.1,0.0,3740,3740,1,0,1,1,5011,pca,embedding,1.0836504441979908,0.31989076687589235
manifold_group_noise_fashion_mnist,0,0.1,0.0,3741,3741,1,1,0,1,5037,pca,embedding,-0.9762480304217256,0.10942907711503254
manifold_group_noise_fashion_mnist,0,0.1,0.0,3742,3742,0,0,0,1,5021,pca,embedding,-0.24725796788521498,-0.02935434662717168
manifold_group_noise_fashion_mnist,0,0.1,0.0,3743,3743,0,1,1,1,5034,pca,embedding,-0.2274209305196443,-0.5102599059686482
manifold_group_noise_fashion_mnist,0,0.1,0.0,3744,3744,1,1,0,1,5049,pca,embedding,0.8636405905890938,0.22621678203325513
manifold_group_noise_fashion_mnist,0,0.1,0.0,3745,3745,1,1,0,1,5032,pca,embedding,0.00018838553375116404,-0.4344600271522524
manifold_group_noise_fashion_mnist,0,0.1,0.0,3746,3746,0,0,0,1,5025,pca,embedding,0.6033392428350896,-0.8492018816884397
manifold_group_noise_fashion_mnist,0,0.1,0.0,3747,3747,0,0,0,1,5005,pca,embedding,-0.22616520251103917,0.35906978587581506
manifold_group_noise_fashion_mnist,0,0.1,0.0,3748,3748,1,1,0,1,5052,pca,embedding,0.13953769345436012,0.466012456906861
manifold_group_noise_fashion_mnist,0,0.1,0.0,3749,3749,1,1,0,1,5035,pca,embedding,-0.7496119940734065,0.0703521239516331
manifold_group_noise_fashion_mnist,0,0.1,0.0,3750,3750,1,1,0,1,5042,pca,embedding,-0.20179748171251805,-0.2402258342572528
manifold_group_noise_fashion_mnist,0,0.1,0.0,3751,3751,0,0,0,1,5016,pca,embedding,-0.8613599284232585,0.09269489457856302
manifold_group_noise_fashion_mnist,0,0.1,0.0,3752,3752,1,1,0,1,5040,pca,embedding,0.8189792371135264,-0.12726515103470884
manifold_group_noise_fashion_mnist,0,0.1,0.0,3753,3753,1,1,0,1,5028,pca,embedding,-0.37137490070519363,-0.16509133732935938
manifold_group_noise_fashion_mnist,0,0.1,0.0,3754,3754,1,1,0,1,5039,pca,embedding,0.37206170030670405,-0.3002692692134489
manifold_group_noise_fashion_mnist,0,0.1,0.0,3755,3755,0,0,0,1,5009,pca,embedding,0.7220183631623046,0.3871762473870877
manifold_group_noise_fashion_mnist,0,0.1,0.0,3756,3756,0,0,0,0,3756,pca,embedding,0.7459222961930041,-0.09356269469617293
manifold_group_noise_fashion_mnist,0,0.1,0.0,3757,3757,1,0,1,1,5003,pca,embedding,-0.6482112326481815,-0.2923616972993318
manifold_group_noise_fashion_mnist,0,0.1,0.0,3758,3758,0,0,0,1,5015,pca,embedding,0.41817208418568963,0.06183055342217502
manifold_group_noise_fashion_mnist,0,0.1,0.0,3759,3759,0,0,0,1,5005,pca,embedding,-0.2437376986905045,0.2533061168150995
manifold_group_noise_fashion_mnist,0,0.1,0.0,3760,3760,1,1,0,1,5045,pca,embedding,-0.02391215099255585,0.6742171915371686
manifold_group_noise_fashion_mnist,0,0.1,0.0,3761,3761,1,1,0,1,5045,pca,embedding,-0.02391215099255585,0.6742171915371686
manifold_group_noise_fashion_mnist,0,0.1,0.0,3762,3762,1,1,0,1,5043,pca,embedding,-0.9366843642643166,0.07930016900041902
manifold_group_noise_fashion_mnist,0,0.1,0.0,3763,3763,0,0,0,1,5016,pca,embedding,-0.8509677633996975,-0.01540338210347917
manifold_group_noise_fashion_mnist,0,0.1,0.0,3764,3764,0,0,0,1,5004,pca,embedding,0.7716779575514205,-0.19462644679085278
manifold_group_noise_fashion_mnist,0,0.1,0.0,3765,3765,0,0,0,0,3765,pca,embedding,0.5726923940369407,0.4001638795244173
manifold_group_noise_fashion_mnist,0,0.1,0.0,3766,3766,1,1,0,1,5033,pca,embedding,-0.08413689553411402,0.052640607129399185
manifold_group_noise_fashion_mnist,0,0.1,0.0,3767,3767,0,0,0,1,5025,pca,embedding,0.8078637666020315,-0.1047305569563703
manifold_group_noise_fashion_mnist,0,0.1,0.0,3768,3768,0,0,0,1,5007,pca,embedding,0.36220775545636147,-0.6722520672450778
manifold_group_noise_fashion_mnist,0,0.1,0.0,3769,3769,1,1,0,1,5045,pca,embedding,0.09803729767555212,0.024982946167763545
manifold_group_noise_fashion_mnist,0,0.1,0.0,3770,3770,0,0,0,0,3770,pca,embedding,0.2872285403419344,0.3355931184486167
manifold_group_noise_fashion_mnist,0,0.1,0.0,3771,3771,1,1,0,1,5045,pca,embedding,0.16414651987827136,0.42042255899252234
manifold_group_noise_fashion_mnist,0,0.1,0.0,3772,3772,1,1,0,1,5027,pca,embedding,-0.9911529266948478,0.11235758861556076
manifold_group_noise_fashion_mnist,0,0.1,0.0,3773,3773,0,0,0,1,5016,pca,embedding,-0.8698765513174348,-0.18625840002257832
manifold_group_noise_fashion_mnist,0,0.1,0.0,3774,3774,1,1,0,1,5052,pca,embedding,0.24166128823937189,0.16699958181553737
manifold_group_noise_fashion_mnist,0,0.1,0.0,3775,3775,1,1,0,1,5030,pca,embedding,-0.9209395414848962,-0.018646721701809244
manifold_group_noise_fashion_mnist,0,0.1,0.0,3776,3776,1,1,0,1,5046,pca,embedding,0.7080288862353953,0.1664688050836326
manifold_group_noise_fashion_mnist,0,0.1,0.0,3777,3777,0,0,0,1,5000,pca,embedding,-0.8673618711914751,-0.14290753307037596
manifold_group_noise_fashion_mnist,0,0.1,0.0,3778,3778,1,1,0,1,5041,pca,embedding,0.7208129485751046,0.3437273830325539
manifold_group_noise_fashion_mnist,0,0.1,0.0,3779,3779,1,0,1,1,5011,pca,embedding,1.0836504441979908,0.31989076687589235
manifold_group_noise_fashion_mnist,0,0.1,0.0,3780,3780,1,1,0,1,5041,pca,embedding,0.7443488506377949,-0.4672575518070577
manifold_group_noise_fashion_mnist,0,0.1,0.0,3781,3781,0,0,0,0,3781,pca,embedding,-0.23671123015696316,0.1426074787719603
manifold_group_noise_fashion_mnist,0,0.1,0.0,3782,3782,1,1,0,1,5042,pca,embedding,-0.4127925976884213,-0.34339609285048933
manifold_group_noise_fashion_mnist,0,0.1,0.0,3783,3783,1,1,0,1,5033,pca,embedding,0.12972042356306965,0.002901868205172085
manifold_group_noise_fashion_mnist,0,0.1,0.0,3784,3784,0,0,0,1,5018,pca,embedding,-0.7119279355481256,0.27976735700153244
manifold_group_noise_fashion_mnist,0,0.1,0.0,3785,3785,0,0,0,1,5004,pca,embedding,0.7716779575514205,-0.19462644679085278
manifold_group_noise_fashion_mnist,0,0.1,0.0,3786,3786,1,1,0,0,3786,pca,embedding,0.47278641929494725,-0.258964440550668
manifold_group_noise_fashion_mnist,0,0.1,0.0,3787,3787,0,0,0,1,5026,pca,embedding,0.8643189313791584,-0.8625811275119452
manifold_group_noise_fashion_mnist,0,0.1,0.0,3788,3788,1,0,1,1,5003,pca,embedding,-0.42330939598468087,-0.07754103556021294
manifold_group_noise_fashion_mnist,0,0.1,0.0,3789,3789,0,0,0,1,5008,pca,embedding,-0.8422844831377656,-0.026917451171166635
manifold_group_noise_fashion_mnist,0,0.1,0.0,3790,3790,1,0,1,1,5011,pca,embedding,1.0632756970520523,0.7335145960938936
manifold_group_noise_fashion_mnist,0,0.1,0.0,3791,3791,0,0,0,0,3791,pca,embedding,0.5525312029043277,0.18652232867253116
manifold_group_noise_fashion_mnist,0,0.1,0.0,3792,3792,0,1,1,1,5038,pca,embedding,-0.39527775564227846,0.23896868729206078
manifold_group_noise_fashion_mnist,0,0.1,0.0,3793,3793,0,0,0,0,3793,pca,embedding,0.7822258660567939,-0.4261293138774377
manifold_group_noise_fashion_mnist,0,0.1,0.0,3794,3794,0,0,0,1,5005,pca,embedding,-0.15637020303214264,0.05034404996747888
manifold_group_noise_fashion_mnist,0,0.1,0.0,3795,3795,0,0,0,1,5022,pca,embedding,1.0125057543847131,-0.00418424783879795
manifold_group_noise_fashion_mnist,0,0.1,0.0,3796,3796,0,0,0,1,5019,pca,embedding,-0.00446671967501503,-0.5229068986423999
manifold_group_noise_fashion_mnist,0,0.1,0.0,3797,3797,0,0,0,1,5009,pca,embedding,0.6887897534495993,-0.1574445054400693
manifold_group_noise_fashion_mnist,0,0.1,0.0,3798,3798,0,0,0,1,5002,pca,embedding,-0.11522652685558007,-0.5418229011217831
manifold_group_noise_fashion_mnist,0,0.1,0.0,3799,3799,0,0,0,1,5021,pca,embedding,-0.24725796788521498,-0.02935434662717168
manifold_group_noise_fashion_mnist,0,0.1,0.0,3800,3800,1,1,0,1,5039,pca,embedding,0.48517537800047467,0.2669129748777002
manifold_group_noise_fashion_mnist,0,0.1,0.0,3801,3801,0,0,0,0,3801,pca,embedding,-0.1058830179426824,0.1100670494147691
manifold_group_noise_fashion_mnist,0,0.1,0.0,3802,3802,0,1,1,1,5048,pca,embedding,0.5471550016107941,0.16849148301482936
manifold_group_noise_fashion_mnist,0,0.1,0.0,3803,3803,0,0,0,1,5014,pca,embedding,0.7819002482367414,0.4216230558006338
manifold_group_noise_fashion_mnist,0,0.1,0.0,3804,3804,1,1,0,1,5041,pca,embedding,0.5844761163914779,-0.4438227894635095
manifold_group_noise_fashion_mnist,0,0.1,0.0,3805,3805,0,0,0,1,5009,pca,embedding,0.6887897534495993,-0.1574445054400693
manifold_group_noise_fashion_mnist,0,0.1,0.0,3806,3806,1,1,0,1,5035,pca,embedding,-0.6667900596372172,-0.05734931063364601
manifold_group_noise_fashion_mnist,0,0.1,0.0,3807,3807,1,0,1,1,5011,pca,embedding,1.0836504441979908,0.31989076687589235
manifold_group_noise_fashion_mnist,0,0.1,0.0,3808,3808,0,0,0,1,5024,pca,embedding,0.7208546462036393,-0.6260184097886702
manifold_group_noise_fashion_mnist,0,0.1,0.0,3809,3809,0,0,0,1,5000,pca,embedding,-0.8762829947396018,0.12985065357653147
manifold_group_noise_fashion_mnist,0,0.1,0.0,3810,3810,0,0,0,1,5019,pca,embedding,0.12703119109200905,0.08259735868133822
manifold_group_noise_fashion_mnist,0,0.1,0.0,3811,3811,1,1,0,1,5049,pca,embedding,0.6866450052051727,-0.3090932390066733
manifold_group_noise_fashion_mnist,0,0.1,0.0,3812,3812,1,1,0,1,5039,pca,embedding,0.5094749282186216,0.06967932054091527
manifold_group_noise_fashion_mnist,0,0.1,0.0,3813,3813,1,1,0,1,5032,pca,embedding,-0.02250019034847266,-0.10335939729586405
manifold_group_noise_fashion_mnist,0,0.1,0.0,3814,3814,0,0,0,1,5021,pca,embedding,-0.3548751460417028,-0.36419014829667656
manifold_group_noise_fashion_mnist,0,0.1,0.0,3815,3815,1,1,0,1,5039,pca,embedding,0.48517537800047467,0.2669129748777002
manifold_group_noise_fashion_mnist,0,0.1,0.0,3816,3816,0,0,0,1,5025,pca,embedding,0.3659648486520257,0.7830272938837576
manifold_group_noise_fashion_mnist,0,0.1,0.0,3817,3817,0,0,0,1,5024,pca,embedding,0.68897939186363,-0.09619933344275569
manifold_group_noise_fashion_mnist,0,0.1,0.0,3818,3818,0,0,0,1,5010,pca,embedding,-0.40504166856836465,-0.33309503943000657
manifold_group_noise_fashion_mnist,0,0.1,0.0,3819,3819,1,0,1,1,5011,pca,embedding,0.7901097615757326,0.8180809241983882
manifold_group_noise_fashion_mnist,0,0.1,0.0,3820,3820,0,0,0,1,5024,pca,embedding,0.6919665191723983,0.44595596884533295
manifold_group_noise_fashion_mnist,0,0.1,0.0,3821,3821,0,1,1,1,5038,pca,embedding,-0.3157215298085236,-0.09748214077770899
manifold_group_noise_fashion_mnist,0,0.1,0.0,3822,3822,0,0,0,1,5025,pca,embedding,0.4477424481445879,-0.7512979777609946
manifold_group_noise_fashion_mnist,0,0.1,0.0,3823,3823,0,1,1,1,5034,pca,embedding,-0.393971098046068,0.4893077959280767
manifold_group_noise_fashion_mnist,0,0.1,0.0,3824,3824,1,1,0,1,5046,pca,embedding,0.5884248806326429,-0.39782166967708305
manifold_group_noise_fashion_mnist,0,0.1,0.0,3825,3825,0,0,0,1,5014,pca,embedding,0.4074563955430733,-0.8576257726845001
manifold_group_noise_fashion_mnist,0,0.1,0.0,3826,3826,0,1,1,1,5034,pca,embedding,-0.1823320278503068,-0.07631481612649957
manifold_group_noise_fashion_mnist,0,0.1,0.0,3827,3827,1,1,0,1,5044,pca,embedding,-0.905448368286997,-0.028035036636983326
manifold_group_noise_fashion_mnist,0,0.1,0.0,3828,3828,1,1,0,1,5031,pca,embedding,-0.9731370356925513,0.12674329711315718
manifold_group_noise_fashion_mnist,0,0.1,0.0,3829,3829,1,1,0,1,5035,pca,embedding,-0.7496119940734065,0.0703521239516331
manifold_group_noise_fashion_mnist,0,0.1,0.0,3830,3830,1,1,0,1,5044,pca,embedding,-0.905448368286997,-0.028035036636983326
manifold_group_noise_fashion_mnist,0,0.1,0.0,3831,3831,0,0,0,1,5006,pca,embedding,0.6642232478382726,0.7392983181630481
manifold_group_noise_fashion_mnist,0,0.1,0.0,3832,3832,0,0,0,1,5001,pca,embedding,-0.006692417704869048,0.5592152905925705
manifold_group_noise_fashion_mnist,0,0.1,0.0,3833,3833,1,1,0,1,5040,pca,embedding,0.8189792371135264,-0.12726515103470884
manifold_group_noise_fashion_mnist,0,0.1,0.0,3834,3834,1,1,0,0,3834,pca,embedding,0.38819549105904966,-0.44888456947616284
manifold_group_noise_fashion_mnist,0,0.1,0.0,3835,3835,1,1,0,1,5030,pca,embedding,-0.9284579928390012,0.07757571507984015
manifold_group_noise_fashion_mnist,0,0.1,0.0,3836,3836,0,0,0,1,5001,pca,embedding,0.17009828504650287,-0.012868812304621988
manifold_group_noise_fashion_mnist,0,0.1,0.0,3837,3837,0,0,0,1,5019,pca,embedding,0.12703119109200905,0.08259735868133822
manifold_group_noise_fashion_mnist,0,0.1,0.0,3838,3838,1,1,0,1,5049,pca,embedding,0.6866450052051727,-0.3090932390066733
manifold_group_noise_fashion_mnist,0,0.1,0.0,3839,3839,1,1,0,1,5031,pca,embedding,-0.9051757523079876,-0.010541407697346732
manifold_group_noise_fashion_mnist,0,0.1,0.0,3840,3840,0,0,0,1,5002,pca,embedding,0.10260216297295745,-0.06731487496185998
manifold_group_noise_fashion_mnist,0,0.1,0.0,3841,3841,0,0,0,0,3841,pca,embedding,0.09400772380190699,-0.1601117199794429
manifold_group_noise_fashion_mnist,0,0.1,0.0,3842,3842,0,0,0,1,5023,pca,embedding,-0.11314242403099775,-0.5582749446079514
manifold_group_noise_fashion_mnist,0,0.1,0.0,3843,3843,1,0,1,1,5011,pca,embedding,1.0836504441979908,0.31989076687589235
manifold_group_noise_fashion_mnist,0,0.1,0.0,3844,3844,0,0,0,1,5026,pca,embedding,0.6337217495178323,-0.6939181643888266
manifold_group_noise_fashion_mnist,0,0.1,0.0,3845,3845,1,1,0,1,5042,pca,embedding,-0.3068586001494239,0.4040958384554584
manifold_group_noise_fashion_mnist,0,0.1,0.0,3846,3846,0,0,0,1,5019,pca,embedding,-0.01087944288283623,0.6548310332104128
manifold_group_noise_fashion_mnist,0,0.1,0.0,3847,3847,0,0,0,1,5025,pca,embedding,0.6654793438561444,0.8026063075013705
manifold_group_noise_fashion_mnist,0,0.1,0.0,3848,3848,0,0,0,1,5012,pca,embedding,0.7847317098698449,0.010272125437471302
manifold_group_noise_fashion_mnist,0,0.1,0.0,3849,3849,0,0,0,1,5005,pca,embedding,-0.31172248458921004,-0.28757371885534044
manifold_group_noise_fashion_mnist,0,0.1,0.0,3850,3850,0,0,0,1,5009,pca,embedding,0.6887897534495993,-0.1574445054400693
manifold_group_noise_fashion_mnist,0,0.1,0.0,3851,3851,1,1,0,1,5050,pca,embedding,-0.9440228200781294,0.014081904869904474
manifold_group_noise_fashion_mnist,0,0.1,0.0,3852,3852,1,1,0,1,5033,pca,embedding,0.15620570956709592,-0.15650027766882196
manifold_group_noise_fashion_mnist,0,0.1,0.0,3853,3853,0,0,0,1,5008,pca,embedding,-0.8787720486196546,-0.17554273541660886
manifold_group_noise_fashion_mnist,0,0.1,0.0,3854,3854,0,0,0,1,5026,pca,embedding,0.7946394663777341,0.8405887732287723
manifold_group_noise_fashion_mnist,0,0.1,0.0,3855,3855,1,1,0,1,5041,pca,embedding,0.6928153395855997,-0.3306144414103731
manifold_group_noise_fashion_mnist,0,0.1,0.0,3856,3856,0,1,1,1,5034,pca,embedding,-0.3328246148564959,0.39858494117363863
manifold_group_noise_fashion_mnist,0,0.1,0.0,3857,3857,0,0,0,0,3857,pca,embedding,0.7758351914459392,-0.45435611941585585
manifold_group_noise_fashion_mnist,0,0.1,0.0,3858,3858,0,0,0,1,5002,pca,embedding,-0.027086661852428567,0.5947311237740035
manifold_group_noise_fashion_mnist,0,0.1,0.0,3859,3859,1,1,0,1,5035,pca,embedding,-0.68284923201481,0.010838406478870036
manifold_group_noise_fashion_mnist,0,0.1,0.0,3860,3860,0,0,0,1,5026,pca,embedding,1.0225594576788382,0.8460605465572696
manifold_group_noise_fashion_mnist,0,0.1,0.0,3861,3861,1,1,0,0,3861,pca,embedding,0.5159051601772096,-0.3045717723086919
manifold_group_noise_fashion_mnist,0,0.1,0.0,3862,3862,0,1,1,1,5034,pca,embedding,-0.393971098046068,0.4893077959280767
manifold_group_noise_fashion_mnist,0,0.1,0.0,3863,3863,1,1,0,1,5028,pca,embedding,-0.37137490070519363,-0.16509133732935938
manifold_group_noise_fashion_mnist,0,0.1,0.0,3864,3864,1,1,0,1,5030,pca,embedding,-0.8986246886737785,-0.05614817685687334
manifold_group_noise_fashion_mnist,0,0.1,0.0,3865,3865,1,1,0,1,5035,pca,embedding,-0.7496119940734065,0.0703521239516331
manifold_group_noise_fashion_mnist,0,0.1,0.0,3866,3866,0,0,0,0,3866,pca,embedding,-0.1781906506739962,0.1382156509353293
manifold_group_noise_fashion_mnist,0,0.1,0.0,3867,3867,0,1,1,1,5048,pca,embedding,0.6069921774701434,0.2722664729588759
manifold_group_noise_fashion_mnist,0,0.1,0.0,3868,3868,1,1,0,1,5027,pca,embedding,-0.8973327420054342,0.09531622292119525
manifold_group_noise_fashion_mnist,0,0.1,0.0,3869,3869,0,0,0,1,5018,pca,embedding,-0.6324876529989985,-0.27449072368453065
manifold_group_noise_fashion_mnist,0,0.1,0.0,3870,3870,0,0,0,1,5008,pca,embedding,-0.9737773675552853,0.16068898342029672
manifold_group_noise_fashion_mnist,0,0.1,0.0,3871,3871,1,1,0,1,5051,pca,embedding,-0.2699481842818249,0.10600597047603129
manifold_group_noise_fashion_mnist,0,0.1,0.0,3872,3872,1,1,0,1,5051,pca,embedding,-0.3582218048331888,0.03483277977141487
manifold_group_noise_fashion_mnist,0,0.1,0.0,3873,3873,1,1,0,1,5039,pca,embedding,0.37206170030670405,-0.3002692692134489
manifold_group_noise_fashion_mnist,0,0.1,0.0,3874,3874,0,0,0,1,5005,pca,embedding,-0.31749895949676893,0.36429285210324625
manifold_group_noise_fashion_mnist,0,0.1,0.0,3875,3875,1,1,0,1,5052,pca,embedding,0.39362263073123244,-0.23679557471232127
manifold_group_noise_fashion_mnist,0,0.1,0.0,3876,3876,1,1,0,1,5036,pca,embedding,-0.31641481232626334,-0.058466435324013265
manifold_group_noise_fashion_mnist,0,0.1,0.0,3877,3877,1,1,0,1,5049,pca,embedding,0.9097381588546877,0.5167366511969799
manifold_group_noise_fashion_mnist,0,0.1,0.0,3878,3878,0,0,0,1,5008,pca,embedding,-0.8787720486196546,-0.17554273541660886
manifold_group_noise_fashion_mnist,0,0.1,0.0,3879,3879,1,1,0,1,5051,pca,embedding,-0.3582218048331888,0.03483277977141487
manifold_group_noise_fashion_mnist,0,0.1,0.0,3880,3880,0,0,0,1,5001,pca,embedding,-0.055388969474124784,-0.6002120824197864
manifold_group_noise_fashion_mnist,0,0.1,0.0,3881,3881,1,1,0,1,5053,pca,embedding,-0.8190223520990317,-0.17867832197397182
manifold_group_noise_fashion_mnist,0,0.1,0.0,3882,3882,1,1,0,1,5046,pca,embedding,0.5884248806326429,-0.39782166967708305
manifold_group_noise_fashion_mnist,0,0.1,0.0,3883,3883,0,0,0,1,5016,pca,embedding,-0.8509677633996975,-0.01540338210347917
manifold_group_noise_fashion_mnist,0,0.1,0.0,3884,3884,1,1,0,1,5035,pca,embedding,-0.6907325892166274,-0.031989763750844905
manifold_group_noise_fashion_mnist,0,0.1,0.0,3885,3885,0,0,0,1,5024,pca,embedding,0.4633799315911309,0.9149703131486038
manifold_group_noise_fashion_mnist,0,0.1,0.0,3886,3886,0,0,0,1,5014,pca,embedding,0.4074563955430733,-0.8576257726845001
manifold_group_noise_fashion_mnist,0,0.1,0.0,3887,3887,1,1,0,0,3887,pca,embedding,0.4992986439803837,0.5583984515191983
manifold_group_noise_fashion_mnist,0,0.1,0.0,3888,3888,0,0,0,1,5004,pca,embedding,0.7716779575514205,-0.19462644679085278
manifold_group_noise_fashion_mnist,0,0.1,0.0,3889,3889,0,0,0,1,5014,pca,embedding,0.6094692663789557,-0.8857080006630067
manifold_group_noise_fashion_mnist,0,0.1,0.0,3890,3890,0,0,0,1,5010,pca,embedding,-0.4171076529979296,0.41105790769585926
manifold_group_noise_fashion_mnist,0,0.1,0.0,3891,3891,1,1,0,1,5035,pca,embedding,-0.6667900596372172,-0.05734931063364601
manifold_group_noise_fashion_mnist,0,0.1,0.0,3892,3892,0,0,0,0,3892,pca,embedding,0.7515332861035877,-0.2755387364961549
manifold_group_noise_fashion_mnist,0,0.1,0.0,3893,3893,0,1,1,1,5048,pca,embedding,0.49290124574368605,-0.3244601094463664
manifold_group_noise_fashion_mnist,0,0.1,0.0,3894,3894,1,0,1,1,5011,pca,embedding,0.8929993970153112,-0.7851538694798373
manifold_group_noise_fashion_mnist,0,0.1,0.0,3895,3895,0,0,0,1,5018,pca,embedding,-0.7854139328809032,0.2810225365619762
manifold_group_noise_fashion_mnist,0,0.1,0.0,3896,3896,0,0,0,0,3896,pca,embedding,-0.8754431917291087,-0.006702367123922418
manifold_group_noise_fashion_mnist,0,0.1,0.0,3897,3897,0,0,0,1,5007,pca,embedding,0.7291246551669253,0.773012138138884
manifold_group_noise_fashion_mnist,0,0.1,0.0,3898,3898,1,1,0,1,5036,pca,embedding,-0.31641481232626334,-0.058466435324013265
manifold_group_noise_fashion_mnist,0,0.1,0.0,3899,3899,1,1,0,1,5049,pca,embedding,1.0547771071837813,0.10684690445816442
manifold_group_noise_fashion_mnist,0,0.1,0.0,3900,3900,1,1,0,1,5043,pca,embedding,-0.9335713632624989,-0.026841221013887702
manifold_group_noise_fashion_mnist,0,0.1,0.0,3901,3901,1,1,0,1,5047,pca,embedding,0.729633192425867,-0.03109136982957045
manifold_group_noise_fashion_mnist,0,0.1,0.0,3902,3902,0,1,1,1,5048,pca,embedding,0.45814832192508825,0.2879306050734017
manifold_group_noise_fashion_mnist,0,0.1,0.0,3903,3903,1,1,0,1,5041,pca,embedding,0.7208129485751046,0.3437273830325539
manifold_group_noise_fashion_mnist,0,0.1,0.0,3904,3904,1,1,0,1,5051,pca,embedding,-0.3582218048331888,0.03483277977141487
manifold_group_noise_fashion_mnist,0,0.1,0.0,3905,3905,1,1,0,1,5033,pca,embedding,-0.06084142911395611,-0.14510503928318708
manifold_group_noise_fashion_mnist,0,0.1,0.0,3906,3906,0,0,0,1,5015,pca,embedding,0.41817208418568963,0.06183055342217502
manifold_group_noise_fashion_mnist,0,0.1,0.0,3907,3907,1,1,0,1,5047,pca,embedding,0.7249619695057066,0.37652682078468536
manifold_group_noise_fashion_mnist,0,0.1,0.0,3908,3908,0,0,0,1,5025,pca,embedding,0.6654793438561444,0.8026063075013705
manifold_group_noise_fashion_mnist,0,0.1,0.0,3909,3909,1,1,0,1,5027,pca,embedding,-0.9911529266948478,0.11235758861556076
manifold_group_noise_fashion_mnist,0,0.1,0.0,3910,3910,1,1,0,1,5037,pca,embedding,-0.9325361386225219,-0.07610008813512513
manifold_group_noise_fashion_mnist,0,0.1,0.0,3911,3911,0,0,0,1,5017,pca,embedding,0.42605699936471525,-0.3750157036441893
manifold_group_noise_fashion_mnist,0,0.1,0.0,3912,3912,1,1,0,1,5050,pca,embedding,-0.9340407827705792,0.02264048629003733
manifold_group_noise_fashion_mnist,0,0.1,0.0,3913,3913,0,1,1,1,5038,pca,embedding,-0.4865390272742224,0.22012354869258674
manifold_group_noise_fashion_mnist,0,0.1,0.0,3914,3914,1,1,0,1,5035,pca,embedding,-0.68284923201481,0.010838406478870036
manifold_group_noise_fashion_mnist,0,0.1,0.0,3915,3915,1,0,1,1,5011,pca,embedding,0.7695558704728208,-0.7662839938955993
manifold_group_noise_fashion_mnist,0,0.1,0.0,3916,3916,0,0,0,1,5001,pca,embedding,0.08890557481938885,0.32247999927697274
manifold_group_noise_fashion_mnist,0,0.1,0.0,3917,3917,0,1,1,1,5048,pca,embedding,0.5471550016107941,0.16849148301482936
manifold_group_noise_fashion_mnist,0,0.1,0.0,3918,3918,1,1,0,1,5028,pca,embedding,-0.41378062845790997,-0.14498488237981014
manifold_group_noise_fashion_mnist,0,0.1,0.0,3919,3919,1,1,0,0,3919,pca,embedding,-0.46945027185816995,0.04763032288942408
manifold_group_noise_fashion_mnist,0,0.1,0.0,3920,3920,1,1,0,1,5044,pca,embedding,-0.843661349265209,-0.0516507547640452
manifold_group_noise_fashion_mnist,0,0.1,0.0,3921,3921,0,0,0,1,5001,pca,embedding,-0.006692417704869048,0.5592152905925705
manifold_group_noise_fashion_mnist,0,0.1,0.0,3922,3922,0,0,0,1,5023,pca,embedding,-0.20106258275528202,0.5873934191056738
manifold_group_noise_fashion_mnist,0,0.1,0.0,3923,3923,0,0,0,1,5002,pca,embedding,0.020361518541574405,0.3328756841735916
manifold_group_noise_fashion_mnist,0,0.1,0.0,3924,3924,0,0,0,0,3924,pca,embedding,0.5482703357440265,0.2537124485340258
manifold_group_noise_fashion_mnist,0,0.1,0.0,3925,3925,1,0,1,1,5011,pca,embedding,0.8929993970153112,-0.7851538694798373
manifold_group_noise_fashion_mnist,0,0.1,0.0,3926,3926,0,0,0,1,5021,pca,embedding,-0.24725796788521498,-0.02935434662717168
manifold_group_noise_fashion_mnist,0,0.1,0.0,3927,3927,1,1,0,1,5049,pca,embedding,0.8013860091867506,0.7124685585932671
manifold_group_noise_fashion_mnist,0,0.1,0.0,3928,3928,0,0,0,1,5012,pca,embedding,0.7847317098698449,0.010272125437471302
manifold_group_noise_fashion_mnist,0,0.1,0.0,3929,3929,0,0,0,1,5008,pca,embedding,-0.9737773675552853,0.16068898342029672
manifold_group_noise_fashion_mnist,0,0.1,0.0,3930,3930,1,1,0,1,5043,pca,embedding,-0.9039169020509286,-0.008314721414324613
manifold_group_noise_fashion_mnist,0,0.1,0.0,3931,3931,1,1,0,1,5053,pca,embedding,-0.8131982104448544,0.23171335690141862
manifold_group_noise_fashion_mnist,0,0.1,0.0,3932,3932,1,1,0,0,3932,pca,embedding,0.25004543385609507,0.011204209119280661
manifold_group_noise_fashion_mnist,0,0.1,0.0,3933,3933,0,0,0,1,5007,pca,embedding,0.7291246551669253,0.773012138138884
manifold_group_noise_fashion_mnist,0,0.1,0.0,3934,3934,1,1,0,1,5042,pca,embedding,-0.3068586001494239,0.4040958384554584
manifold_group_noise_fashion_mnist,0,0.1,0.0,3935,3935,0,0,0,1,5012,pca,embedding,0.7847317098698449,0.010272125437471302
manifold_group_noise_fashion_mnist,0,0.1,0.0,3936,3936,1,1,0,1,5042,pca,embedding,-0.1290109957551854,0.03602628050692855
manifold_group_noise_fashion_mnist,0,0.1,0.0,3937,3937,0,0,0,1,5012,pca,embedding,0.35121201924219164,-0.7333911377239968
manifold_group_noise_fashion_mnist,0,0.1,0.0,3938,3938,0,0,0,1,5017,pca,embedding,0.48016080422268403,0.6844474880844832
manifold_group_noise_fashion_mnist,0,0.1,0.0,3939,3939,0,0,0,1,5026,pca,embedding,0.7946394663777341,0.8405887732287723
manifold_group_noise_fashion_mnist,0,0.1,0.0,3940,3940,1,1,0,1,5035,pca,embedding,-0.6682557621423971,-0.14345222393291596
manifold_group_noise_fashion_mnist,0,0.1,0.0,3941,3941,0,0,0,1,5024,pca,embedding,0.6424016200090048,0.8677764177210021
manifold_group_noise_fashion_mnist,0,0.1,0.0,3942,3942,0,0,0,1,5026,pca,embedding,1.0186680229668998,-0.14920239007950295
manifold_group_noise_fashion_mnist,0,0.1,0.0,3943,3943,1,1,0,1,5033,pca,embedding,0.15620570956709592,-0.15650027766882196
manifold_group_noise_fashion_mnist,0,0.1,0.0,3944,3944,1,1,0,1,5052,pca,embedding,0.13953769345436012,0.466012456906861
manifold_group_noise_fashion_mnist,0,0.1,0.0,3945,3945,0,0,0,1,5015,pca,embedding,0.36309635343966606,0.1356549376983435
manifold_group_noise_fashion_mnist,0,0.1,0.0,3946,3946,1,1,0,1,5031,pca,embedding,-0.9731370356925513,0.12674329711315718
manifold_group_noise_fashion_mnist,0,0.1,0.0,3947,3947,0,0,0,1,5026,pca,embedding,0.8643189313791584,-0.8625811275119452
manifold_group_noise_fashion_mnist,0,0.1,0.0,3948,3948,0,0,0,1,5007,pca,embedding,0.36220775545636147,-0.6722520672450778
manifold_group_noise_fashion_mnist,0,0.1,0.0,3949,3949,0,0,0,1,5026,pca,embedding,0.6337217495178323,-0.6939181643888266
manifold_group_noise_fashion_mnist,0,0.1,0.0,3950,3950,0,0,0,1,5020,pca,embedding,-0.9053120704472428,0.11838192333920014
manifold_group_noise_fashion_mnist,0,0.1,0.0,3951,3951,1,1,0,1,5035,pca,embedding,-0.7110994239335984,0.02824033056783752
manifold_group_noise_fashion_mnist,0,0.1,0.0,3952,3952,1,1,0,1,5028,pca,embedding,-0.30504030522464726,-0.18645968620765302
manifold_group_noise_fashion_mnist,0,0.1,0.0,3953,3953,0,0,0,1,5005,pca,embedding,-0.41376265783204336,-0.34348446241723757
manifold_group_noise_fashion_mnist,0,0.1,0.0,3954,3954,0,0,0,1,5002,pca,embedding,-0.027086661852428567,0.5947311237740035
manifold_group_noise_fashion_mnist,0,0.1,0.0,3955,3955,0,1,1,1,5038,pca,embedding,-0.39527775564227846,0.23896868729206078
manifold_group_noise_fashion_mnist,0,0.1,0.0,3956,3956,1,1,0,1,5032,pca,embedding,0.07903633822753363,0.5866221099744201
manifold_group_noise_fashion_mnist,0,0.1,0.0,3957,3957,0,1,1,1,5048,pca,embedding,0.3815737417659812,-0.3436995670371248
manifold_group_noise_fashion_mnist,0,0.1,0.0,3958,3958,1,1,0,1,5040,pca,embedding,1.027844227745206,0.3676221440939843
manifold_group_noise_fashion_mnist,0,0.1,0.0,3959,3959,1,1,0,1,5039,pca,embedding,0.5355350781995705,0.5028519340321705
manifold_group_noise_fashion_mnist,0,0.1,0.0,3960,3960,0,0,0,1,5024,pca,embedding,0.6919665191723983,0.44595596884533295
manifold_group_noise_fashion_mnist,0,0.1,0.0,3961,3961,0,0,0,1,5015,pca,embedding,0.41817208418568963,0.06183055342217502
manifold_group_noise_fashion_mnist,0,0.1,0.0,3962,3962,0,0,0,1,5025,pca,embedding,0.8078637666020315,-0.1047305569563703
manifold_group_noise_fashion_mnist,0,0.1,0.0,3963,3963,0,0,0,1,5008,pca,embedding,-0.8565874133472127,-0.12286073186371482
manifold_group_noise_fashion_mnist,0,0.1,0.0,3964,3964,0,0,0,1,5013,pca,embedding,-0.30969708508752203,-0.34292603160147755
manifold_group_noise_fashion_mnist,0,0.1,0.0,3965,3965,0,0,0,1,5017,pca,embedding,0.42605699936471525,-0.3750157036441893
manifold_group_noise_fashion_mnist,0,0.1,0.0,3966,3966,1,1,0,1,5041,pca,embedding,0.7208129485751046,0.3437273830325539
manifold_group_noise_fashion_mnist,0,0.1,0.0,3967,3967,0,0,0,1,5019,pca,embedding,0.20504549331296576,0.5388029697126056
manifold_group_noise_fashion_mnist,0,0.1,0.0,3968,3968,1,1,0,1,5043,pca,embedding,-0.9335713632624989,-0.026841221013887702
manifold_group_noise_fashion_mnist,0,0.1,0.0,3969,3969,1,1,0,1,5037,pca,embedding,-0.9371061195794866,-0.01734109524114106
manifold_group_noise_fashion_mnist,0,0.1,0.0,3970,3970,1,1,0,1,5028,pca,embedding,-0.41378062845790997,-0.14498488237981014
manifold_group_noise_fashion_mnist,0,0.1,0.0,3971,3971,0,0,0,0,3971,pca,embedding,0.3620368366725754,0.2622442253059731
manifold_group_noise_fashion_mnist,0,0.1,0.0,3972,3972,0,0,0,1,5013,pca,embedding,-0.48221707949487047,0.23499579183289496
manifold_group_noise_fashion_mnist,0,0.1,0.0,3973,3973,1,1,0,1,5051,pca,embedding,-0.2699481842818249,0.10600597047603129
manifold_group_noise_fashion_mnist,0,0.1,0.0,3974,3974,0,0,0,1,5014,pca,embedding,0.44780551161153503,0.8442172733287745
manifold_group_noise_fashion_mnist,0,0.1,0.0,3975,3975,1,1,0,1,5029,pca,embedding,0.24045051802004092,0.05136327467345356
manifold_group_noise_fashion_mnist,0,0.1,0.0,3976,3976,0,0,0,1,5020,pca,embedding,-0.9456050139887335,0.007970148219874733
manifold_group_noise_fashion_mnist,0,0.1,0.0,3977,3977,1,1,0,1,5029,pca,embedding,-0.15465427874560161,-0.46454119769857777
manifold_group_noise_fashion_mnist,0,0.1,0.0,3978,3978,0,0,0,0,3978,pca,embedding,-0.722456334034603,-0.1277926073656531
manifold_group_noise_fashion_mnist,0,0.1,0.0,3979,3979,1,1,0,0,3979,pca,embedding,0.4292062622901209,0.012154141953539529
manifold_group_noise_fashion_mnist,0,0.1,0.0,3980,3980,0,0,0,1,5024,pca,embedding,0.68897939186363,-0.09619933344275569
manifold_group_noise_fashion_mnist,0,0.1,0.0,3981,3981,0,1,1,1,5038,pca,embedding,-0.29061198396498966,0.12831690703302223
manifold_group_noise_fashion_mnist,0,0.1,0.0,3982,3982,1,0,1,1,5003,pca,embedding,-0.5867955472187929,0.3995064836249426
manifold_group_noise_fashion_mnist,0,0.1,0.0,3983,3983,0,0,0,1,5001,pca,embedding,-0.12765943280361497,-0.5738520202319681
manifold_group_noise_fashion_mnist,0,0.1,0.0,3984,3984,1,1,0,1,5035,pca,embedding,-0.7110994239335984,0.02824033056783752
manifold_group_noise_fashion_mnist,0,0.1,0.0,3985,3985,1,1,0,1,5040,pca,embedding,0.9638087423059953,-0.28401185930010076
manifold_group_noise_fashion_mnist,0,0.1,0.0,3986,3986,0,0,0,1,5022,pca,embedding,1.0125057543847131,-0.00418424783879795
manifold_group_noise_fashion_mnist,0,0.1,0.0,3987,3987,0,0,0,1,5014,pca,embedding,0.7819002482367414,0.4216230558006338
manifold_group_noise_fashion_mnist,0,0.1,0.0,3988,3988,1,1,0,0,3988,pca,embedding,0.1191084261295491,0.44291519885238395
manifold_group_noise_fashion_mnist,0,0.1,0.0,3989,3989,1,1,0,1,5040,pca,embedding,1.0245366767787003,0.4562889038826945
manifold_group_noise_fashion_mnist,0,0.1,0.0,3990,3990,0,1,1,1,5038,pca,embedding,-0.29061198396498966,0.12831690703302223
manifold_group_noise_fashion_mnist,0,0.1,0.0,3991,3991,0,0,0,1,5015,pca,embedding,0.5115265429225028,0.09275834031386163
manifold_group_noise_fashion_mnist,0,0.1,0.0,3992,3992,1,1,0,1,5040,pca,embedding,0.8189792371135264,-0.12726515103470884
manifold_group_noise_fashion_mnist,0,0.1,0.0,3993,3993,0,0,0,1,5020,pca,embedding,-0.9053120704472428,0.11838192333920014
manifold_group_noise_fashion_mnist,0,0.1,0.0,3994,3994,0,0,0,0,3994,pca,embedding,-0.8473551998651767,0.058214519767364775
manifold_group_noise_fashion_mnist,0,0.1,0.0,3995,3995,1,1,0,1,5030,pca,embedding,-0.9768938384201941,0.07935520750661718
manifold_group_noise_fashion_mnist,0,0.1,0.0,3996,3996,0,1,1,1,5038,pca,embedding,-0.3011135145808817,0.05178916898070157
manifold_group_noise_fashion_mnist,0,0.1,0.0,3997,3997,0,0,0,1,5013,pca,embedding,-0.4894679235005871,0.34177367084038907
manifold_group_noise_fashion_mnist,0,0.1,0.0,3998,3998,1,1,0,1,5040,pca,embedding,1.027844227745206,0.3676221440939843
manifold_group_noise_fashion_mnist,0,0.1,0.0,3999,3999,1,1,0,1,5052,pca,embedding,0.14317958129873007,0.39671924479626014
manifold_group_noise_fashion_mnist,0,0.1,0.0,4000,4000,0,0,0,1,5015,pca,embedding,0.5712100110096152,-0.37682730540054343
manifold_group_noise_fashion_mnist,0,0.1,0.0,4001,4001,0,0,0,0,4001,pca,embedding,0.5348473023667425,0.5990885062480834
manifold_group_noise_fashion_mnist,0,0.1,0.0,4002,4002,0,0,0,1,5016,pca,embedding,-0.9152972115685095,-0.11755398196829882
manifold_group_noise_fashion_mnist,0,0.1,0.0,4003,4003,0,0,0,1,5022,pca,embedding,1.2137963850880586,0.030217761403640714
manifold_group_noise_fashion_mnist,0,0.1,0.0,4004,4004,1,1,0,1,5027,pca,embedding,-0.9378203574655817,0.08209387291724515
manifold_group_noise_fashion_mnist,0,0.1,0.0,4005,4005,1,0,1,1,5003,pca,embedding,-0.5295069983525605,0.4016414311933312
manifold_group_noise_fashion_mnist,0,0.1,0.0,4006,4006,0,0,0,1,5022,pca,embedding,1.1667636990253114,-0.04785440842201168
manifold_group_noise_fashion_mnist,0,0.1,0.0,4007,4007,1,1,0,1,5046,pca,embedding,0.6222078186805816,-0.2509557354844167
manifold_group_noise_fashion_mnist,0,0.1,0.0,4008,4008,1,1,0,1,5043,pca,embedding,-0.9211316397429528,-0.06569601781009227
manifold_group_noise_fashion_mnist,0,0.1,0.0,4009,4009,0,0,0,1,5020,pca,embedding,-0.9456050139887335,0.007970148219874733
manifold_group_noise_fashion_mnist,0,0.1,0.0,4010,4010,0,0,0,1,5008,pca,embedding,-0.8565874133472127,-0.12286073186371482
manifold_group_noise_fashion_mnist,0,0.1,0.0,4011,4011,0,0,0,1,5016,pca,embedding,-0.8509677633996975,-0.01540338210347917
manifold_group_noise_fashion_mnist,0,0.1,0.0,4012,4012,1,1,0,0,4012,pca,embedding,0.06875361218057395,0.011285767993271665
manifold_group_noise_fashion_mnist,0,0.1,0.0,4013,4013,0,0,0,1,5000,pca,embedding,-0.8482294791769429,-0.08288450113225698
manifold_group_noise_fashion_mnist,0,0.1,0.0,4014,4014,1,1,0,1,5050,pca,embedding,-0.9458074764089357,0.06719536729600156
manifold_group_noise_fashion_mnist,0,0.1,0.0,4015,4015,1,1,0,0,4015,pca,embedding,-0.33953312149831866,0.008774743340501403
manifold_group_noise_fashion_mnist,0,0.1,0.0,4016,4016,0,1,1,1,5034,pca,embedding,-0.2274209305196443,-0.5102599059686482
manifold_group_noise_fashion_mnist,0,0.1,0.0,4017,4017,1,1,0,1,5037,pca,embedding,-0.9325361386225219,-0.07610008813512513
manifold_group_noise_fashion_mnist,0,0.1,0.0,4018,4018,0,1,1,1,5048,pca,embedding,0.3741941644556492,-0.45362821265891873
manifold_group_noise_fashion_mnist,0,0.1,0.0,4019,4019,1,1,0,1,5032,pca,embedding,0.07903633822753363,0.5866221099744201
manifold_group_noise_fashion_mnist,0,0.1,0.0,4020,4020,1,1,0,1,5052,pca,embedding,0.14317958129873007,0.39671924479626014
manifold_group_noise_fashion_mnist,0,0.1,0.0,4021,4021,1,1,0,1,5031,pca,embedding,-0.9314815366436549,0.09299342007293208
manifold_group_noise_fashion_mnist,0,0.1,0.0,4022,4022,0,0,0,1,5016,pca,embedding,-0.8606214056028432,-0.09417717477993456
manifold_group_noise_fashion_mnist,0,0.1,0.0,4023,4023,1,1,0,1,5036,pca,embedding,-0.2865524427678605,-0.06377224014922256
manifold_group_noise_fashion_mnist,0,0.1,0.0,4024,4024,0,0,0,1,5001,pca,embedding,0.18427113985420884,-0.3967253259934284
manifold_group_noise_fashion_mnist,0,0.1,0.0,4025,4025,0,0,0,1,5015,pca,embedding,0.5712100110096152,-0.37682730540054343
manifold_group_noise_fashion_mnist,0,0.1,0.0,4026,4026,1,0,1,1,5011,pca,embedding,0.8725942892345719,-0.40664673495461934
manifold_group_noise_fashion_mnist,0,0.1,0.0,4027,4027,0,0,0,1,5007,pca,embedding,0.7753182144887703,-0.09166460691757014
manifold_group_noise_fashion_mnist,0,0.1,0.0,4028,4028,1,1,0,0,4028,pca,embedding,0.34190261564477237,-0.2351027180981787
manifold_group_noise_fashion_mnist,0,0.1,0.0,4029,4029,1,1,0,1,5042,pca,embedding,-0.4127925976884213,-0.34339609285048933
manifold_group_noise_fashion_mnist,0,0.1,0.0,4030,4030,0,0,0,1,5025,pca,embedding,0.7627814992073733,0.4172494545560207
manifold_group_noise_fashion_mnist,0,0.1,0.0,4031,4031,0,0,0,1,5013,pca,embedding,-0.4288956031971049,0.16021457407107811
manifold_group_noise_fashion_mnist,0,0.1,0.0,4032,4032,0,0,0,1,5022,pca,embedding,1.2148507964576958,-0.11253325295745925
manifold_group_noise_fashion_mnist,0,0.1,0.0,4033,4033,0,0,0,1,5025,pca,embedding,0.4477424481445879,-0.7512979777609946
manifold_group_noise_fashion_mnist,0,0.1,0.0,4034,4034,0,0,0,1,5001,pca,embedding,-0.006692417704869048,0.5592152905925705
manifold_group_noise_fashion_mnist,0,0.1,0.0,4035,4035,1,0,1,1,5003,pca,embedding,-0.6482112326481815,-0.2923616972993318
manifold_group_noise_fashion_mnist,0,0.1,0.0,4036,4036,0,0,0,0,4036,pca,embedding,-0.8068404731679343,0.04308155462538422
manifold_group_noise_fashion_mnist,0,0.1,0.0,4037,4037,0,0,0,1,5026,pca,embedding,1.0225594576788382,0.8460605465572696
manifold_group_noise_fashion_mnist,0,0.1,0.0,4038,4038,1,1,0,1,5037,pca,embedding,-0.8867008868951165,-0.061050064521465754
manifold_group_noise_fashion_mnist,0,0.1,0.0,4039,4039,0,0,0,1,5024,pca,embedding,0.40392033062496324,-0.8104792730580821
manifold_group_noise_fashion_mnist,0,0.1,0.0,4040,4040,1,1,0,1,5027,pca,embedding,-0.9685934961122299,0.10076108749373598
manifold_group_noise_fashion_mnist,0,0.1,0.0,4041,4041,1,1,0,1,5035,pca,embedding,-0.6667900596372172,-0.05734931063364601
manifold_group_noise_fashion_mnist,0,0.1,0.0,4042,4042,0,0,0,1,5020,pca,embedding,-0.9372990611320376,-0.06982800216070881
manifold_group_noise_fashion_mnist,0,0.1,0.0,4043,4043,1,0,1,1,5003,pca,embedding,-0.5867955472187929,0.3995064836249426
manifold_group_noise_fashion_mnist,0,0.1,0.0,4044,4044,0,1,1,1,5038,pca,embedding,-0.29061198396498966,0.12831690703302223
manifold_group_noise_fashion_mnist,0,0.1,0.0,4045,4045,0,0,0,1,5020,pca,embedding,-0.9456050139887335,0.007970148219874733
manifold_group_noise_fashion_mnist,0,0.1,0.0,4046,4046,0,0,0,0,4046,pca,embedding,0.02866701269186127,-0.05839968246904459
manifold_group_noise_fashion_mnist,0,0.1,0.0,4047,4047,1,1,0,1,5039,pca,embedding,0.48517537800047467,0.2669129748777002
manifold_group_noise_fashion_mnist,0,0.1,0.0,4048,4048,0,0,0,1,5018,pca,embedding,-0.6481908226385475,-0.2053652802441936
manifold_group_noise_fashion_mnist,0,0.1,0.0,4049,4049,1,1,0,1,5040,pca,embedding,0.9638087423059953,-0.28401185930010076
manifold_group_noise_fashion_mnist,0,0.1,0.0,4050,4050,0,0,0,1,5018,pca,embedding,-0.7854139328809032,0.2810225365619762
manifold_group_noise_fashion_mnist,0,0.1,0.0,4051,4051,1,1,0,1,5030,pca,embedding,-0.8824088241288125,-0.0196437759775473
manifold_group_noise_fashion_mnist,0,0.1,0.0,4052,4052,1,1,0,1,5035,pca,embedding,-0.68284923201481,0.010838406478870036
manifold_group_noise_fashion_mnist,0,0.1,0.0,4053,4053,1,1,0,1,5032,pca,embedding,-0.02250019034847266,-0.10335939729586405
manifold_group_noise_fashion_mnist,0,0.1,0.0,4054,4054,1,1,0,1,5045,pca,embedding,-0.02391215099255585,0.6742171915371686
manifold_group_noise_fashion_mnist,0,0.1,0.0,4055,4055,1,1,0,1,5032,pca,embedding,0.07903633822753363,0.5866221099744201
manifold_group_noise_fashion_mnist,0,0.1,0.0,4056,4056,1,1,0,1,5032,pca,embedding,0.07903633822753363,0.5866221099744201
manifold_group_noise_fashion_mnist,0,0.1,0.0,4057,4057,0,0,0,1,5022,pca,embedding,1.195573168278564,-0.07403296293749109
manifold_group_noise_fashion_mnist,0,0.1,0.0,4058,4058,1,1,0,1,5052,pca,embedding,0.4416019357927238,-0.005862614870209185
manifold_group_noise_fashion_mnist,0,0.1,0.0,4059,4059,1,1,0,0,4059,pca,embedding,0.1312400538362045,-0.02078908620879154
manifold_group_noise_fashion_mnist,0,0.1,0.0,4060,4060,0,0,0,1,5025,pca,embedding,0.6033392428350896,-0.8492018816884397
manifold_group_noise_fashion_mnist,0,0.1,0.0,4061,4061,0,1,1,1,5048,pca,embedding,0.5471550016107941,0.16849148301482936
manifold_group_noise_fashion_mnist,0,0.1,0.0,4062,4062,1,1,0,1,5029,pca,embedding,0.0722772733302749,0.22408685556570984
manifold_group_noise_fashion_mnist,0,0.1,0.0,4063,4063,0,0,0,1,5012,pca,embedding,0.4584089151293429,-0.7438637608381921
manifold_group_noise_fashion_mnist,0,0.1,0.0,4064,4064,0,0,0,1,5019,pca,embedding,0.038538617116638155,-0.33054870802199343
manifold_group_noise_fashion_mnist,0,0.1,0.0,4065,4065,1,1,0,1,5039,pca,embedding,0.23789559302440683,-0.4385188382028624
manifold_group_noise_fashion_mnist,0,0.1,0.0,4066,4066,1,1,0,1,5037,pca,embedding,-0.9451498309908064,-0.0020105851249592674
manifold_group_noise_fashion_mnist,0,0.1,0.0,4067,4067,0,0,0,1,5010,pca,embedding,-0.40504166856836465,-0.33309503943000657
manifold_group_noise_fashion_mnist,0,0.1,0.0,4068,4068,0,0,0,1,5013,pca,embedding,-0.4288956031971049,0.16021457407107811
manifold_group_noise_fashion_mnist,0,0.1,0.0,4069,4069,0,0,0,1,5012,pca,embedding,0.31773018608009373,0.7207984433109361
manifold_group_noise_fashion_mnist,0,0.1,0.0,4070,4070,1,1,0,1,5033,pca,embedding,-0.08413689553411402,0.052640607129399185
manifold_group_noise_fashion_mnist,0,0.1,0.0,4071,4071,0,0,0,1,5021,pca,embedding,-0.3983627238598248,-0.42427176334018296
manifold_group_noise_fashion_mnist,0,0.1,0.0,4072,4072,0,0,0,1,5016,pca,embedding,-0.9062401057566959,0.2058163201570994
manifold_group_noise_fashion_mnist,0,0.1,0.0,4073,4073,0,0,0,1,5001,pca,embedding,0.08890557481938885,0.32247999927697274
manifold_group_noise_fashion_mnist,0,0.1,0.0,4074,4074,1,1,0,1,5052,pca,embedding,0.13953769345436012,0.466012456906861
manifold_group_noise_fashion_mnist,0,0.1,0.0,4075,4075,1,1,0,1,5045,pca,embedding,0.09803729767555212,0.024982946167763545
manifold_group_noise_fashion_mnist,0,0.1,0.0,4076,4076,0,0,0,1,5005,pca,embedding,-0.41376265783204336,-0.34348446241723757
manifold_group_noise_fashion_mnist,0,0.1,0.0,4077,4077,1,1,0,1,5029,pca,embedding,-0.06120646705682106,0.5882067202608642
manifold_group_noise_fashion_mnist,0,0.1,0.0,4078,4078,0,0,0,1,5015,pca,embedding,0.36309635343966606,0.1356549376983435
manifold_group_noise_fashion_mnist,0,0.1,0.0,4079,4079,0,0,0,0,4079,pca,embedding,-0.34850537148602945,0.0008693838491575859
manifold_group_noise_fashion_mnist,0,0.1,0.0,4080,4080,1,1,0,1,5039,pca,embedding,0.4063502914529092,-0.21375216840256803
manifold_group_noise_fashion_mnist,0,0.1,0.0,4081,4081,1,1,0,1,5053,pca,embedding,-0.8190223520990317,-0.17867832197397182
manifold_group_noise_fashion_mnist,0,0.1,0.0,4082,4082,1,1,0,1,5032,pca,embedding,0.15680966141846217,0.34983337748269816
manifold_group_noise_fashion_mnist,0,0.1,0.0,4083,4083,1,1,0,1,5043,pca,embedding,-0.9366843642643166,0.07930016900041902
manifold_group_noise_fashion_mnist,0,0.1,0.0,4084,4084,1,1,0,1,5027,pca,embedding,-0.9685934961122299,0.10076108749373598
manifold_group_noise_fashion_mnist,0,0.1,0.0,4085,4085,0,0,0,1,5024,pca,embedding,0.40392033062496324,-0.8104792730580821
manifold_group_noise_fashion_mnist,0,0.1,0.0,4086,4086,1,1,0,1,5047,pca,embedding,0.729633192425867,-0.03109136982957045
manifold_group_noise_fashion_mnist,0,0.1,0.0,4087,4087,0,0,0,1,5008,pca,embedding,-0.8565874133472127,-0.12286073186371482
manifold_group_noise_fashion_mnist,0,0.1,0.0,4088,4088,0,0,0,1,5018,pca,embedding,-0.6619098906867765,0.16477498203300273
manifold_group_noise_fashion_mnist,0,0.1,0.0,4089,4089,0,0,0,1,5008,pca,embedding,-0.8565874133472127,-0.12286073186371482
manifold_group_noise_fashion_mnist,0,0.1,0.0,4090,4090,1,1,0,1,5039,pca,embedding,0.5094749282186216,0.06967932054091527
manifold_group_noise_fashion_mnist,0,0.1,0.0,4091,4091,0,0,0,1,5013,pca,embedding,-0.32854595670834297,-0.27505311412747724
manifold_group_noise_fashion_mnist,0,0.1,0.0,4092,4092,0,0,0,1,5025,pca,embedding,0.4477424481445879,-0.7512979777609946
manifold_group_noise_fashion_mnist,0,0.1,0.0,4093,4093,1,1,0,0,4093,pca,embedding,0.14742886550674997,-0.11397187533604579
manifold_group_noise_fashion_mnist,0,0.1,0.0,4094,4094,0,0,0,1,5023,pca,embedding,0.08894871272329877,0.29687828649896986
manifold_group_noise_fashion_mnist,0,0.1,0.0,4095,4095,0,0,0,1,5002,pca,embedding,-0.08399927975891605,-0.5971379721574014
manifold_group_noise_fashion_mnist,0,0.1,0.0,4096,4096,0,0,0,1,5015,pca,embedding,0.4181720991574321,0.061830605939696234
manifold_group_noise_fashion_mnist,0,0.1,0.0,4097,4097,0,0,0,1,5012,pca,embedding,0.3512120765894394,-0.7333911372031144
manifold_group_noise_fashion_mnist,0,0.1,0.0,4098,4098,0,0,0,1,5024,pca,embedding,0.46338003410668627,0.9149703997454103
manifold_group_noise_fashion_mnist,0,0.1,0.0,4099,4099,1,0,1,1,5003,pca,embedding,-0.5867954907641388,0.39950648176692777
manifold_group_noise_fashion_mnist,0,0.1,0.0,4100,4100,0,0,0,1,5005,pca,embedding,-0.31172243532877025,-0.2875737397070633
manifold_group_noise_fashion_mnist,0,0.1,0.0,4101,4101,0,0,0,1,5000,pca,embedding,-0.8762829883286704,0.1298506722558863
manifold_group_noise_fashion_mnist,0,0.1,0.0,4102,4102,0,1,1,1,5048,pca,embedding,0.45814839421093645,0.2879306296987056
manifold_group_noise_fashion_mnist,0,0.1,0.0,4103,4103,0,1,1,1,5048,pca,embedding,0.45814839421093645,0.2879306296987056
manifold_group_noise_fashion_mnist,0,0.1,0.0,4104,4104,0,0,0,1,5012,pca,embedding,0.45840885765658584,-0.7438637898841691
manifold_group_noise_fashion_mnist,0,0.1,0.0,4105,4105,0,0,0,1,5013,pca,embedding,-0.4288955848156167,0.16021456008934196
manifold_group_noise_fashion_mnist,0,0.1,0.0,4106,4106,1,1,0,1,5028,pca,embedding,-0.41378062404630866,-0.144984868993714
manifold_group_noise_fashion_mnist,0,0.1,0.0,4107,4107,0,0,0,1,5022,pca,embedding,1.2137962231739468,0.030217732748475817
manifold_group_noise_fashion_mnist,0,0.1,0.0,4108,4108,0,0,0,1,5025,pca,embedding,0.3659648517428567,0.7830271532980677
manifold_group_noise_fashion_mnist,0,0.1,0.0,4109,4109,1,1,0,1,5033,pca,embedding,0.049240988225383975,-0.022771124126511402
manifold_group_noise_fashion_mnist,0,0.1,0.0,4110,4110,0,0,0,1,5023,pca,embedding,-0.04454880839307446,-0.5850157096948764
manifold_group_noise_fashion_mnist,0,0.1,0.0,4111,4111,0,0,0,1,5014,pca,embedding,0.6094693329535171,-0.8857080044419519
manifold_group_noise_fashion_mnist,0,0.1,0.0,4112,4112,1,1,0,1,5039,pca,embedding,0.5355351088960028,0.5028520054104444
manifold_group_noise_fashion_mnist,0,0.1,0.0,4113,4113,1,1,0,1,5052,pca,embedding,0.1395376877957783,0.4660124544059454
manifold_group_noise_fashion_mnist,0,0.1,0.0,4114,4114,1,1,0,1,5049,pca,embedding,0.6866450355191042,-0.3090933446307612
manifold_group_noise_fashion_mnist,0,0.1,0.0,4115,4115,1,1,0,1,5045,pca,embedding,-0.12688140138847487,-0.5181427643528681
manifold_group_noise_fashion_mnist,0,0.1,0.0,4116,4116,1,1,0,1,5033,pca,embedding,-0.08413682683862493,0.05264053256545338
manifold_group_noise_fashion_mnist,0,0.1,0.0,4117,4117,1,1,0,1,5044,pca,embedding,-0.913355664382855,0.09762819472645808
manifold_group_noise_fashion_mnist,0,0.1,0.0,4118,4118,0,0,0,1,5004,pca,embedding,0.6269438728333586,0.7539656483575822
manifold_group_noise_fashion_mnist,0,0.1,0.0,4119,4119,0,0,0,1,5005,pca,embedding,-0.15637013188096563,0.05034399512039292
manifold_group_noise_fashion_mnist,0,0.1,0.0,4120,4120,0,0,0,1,5006,pca,embedding,0.641033663196675,0.46046741222447707
manifold_group_noise_fashion_mnist,0,0.1,0.0,4121,4121,0,1,1,1,5038,pca,embedding,-0.3133958801901215,-0.2556486234133627
manifold_group_noise_fashion_mnist,0,0.1,0.0,4122,4122,0,0,0,1,5014,pca,embedding,0.4478056244785398,0.8442172320241165
manifold_group_noise_fashion_mnist,0,0.1,0.0,4123,4123,1,1,0,1,5050,pca,embedding,-0.9340407503069712,0.022640505850833395
manifold_group_noise_fashion_mnist,0,0.1,0.0,4124,4124,0,0,0,1,5010,pca,embedding,-0.41589902325556777,-0.40204598334451097
manifold_group_noise_fashion_mnist,0,0.1,0.0,4125,4125,0,0,0,1,5001,pca,embedding,0.17009837343458245,-0.012868815770705498
manifold_group_noise_fashion_mnist,0,0.1,0.0,4126,4126,0,0,0,1,5009,pca,embedding,0.7612628318160118,0.8261681613822481
manifold_group_noise_fashion_mnist,0,0.1,0.0,4127,4127,0,0,0,1,5020,pca,embedding,-0.9440668832153333,0.04496190695905783
manifold_group_noise_fashion_mnist,0,0.1,0.0,4128,4128,0,0,0,1,5006,pca,embedding,0.35711079994100686,-0.6477605264741929
manifold_group_noise_fashion_mnist,0,0.1,0.0,4129,4129,0,0,0,1,5009,pca,embedding,0.7612628318160118,0.8261681613822481
manifold_group_noise_fashion_mnist,0,0.1,0.0,4130,4130,0,0,0,1,5024,pca,embedding,0.6889795008850427,-0.09619943925710156
manifold_group_noise_fashion_mnist,0,0.1,0.0,4131,4131,1,1,0,1,5030,pca,embedding,-0.9209395422739621,-0.01864672235712852
manifold_group_noise_fashion_mnist,0,0.1,0.0,4132,4132,0,0,0,1,5000,pca,embedding,-0.8482294902072546,-0.08288451163736288
manifold_group_noise_fashion_mnist,0,0.1,0.0,4133,4133,0,1,1,1,5048,pca,embedding,0.38157383938772615,-0.34369955091090765
manifold_group_noise_fashion_mnist,0,0.1,0.0,4134,4134,1,1,0,1,5046,pca,embedding,0.6953801804223654,0.16340656424738537
manifold_group_noise_fashion_mnist,0,0.1,0.0,4135,4135,1,1,0,0,4135,pca,embedding,0.5440612228253069,-0.1422849610796299
manifold_group_noise_fashion_mnist,0,0.1,0.0,4136,4136,0,0,0,1,5006,pca,embedding,0.641033663196675,0.46046741222447707
manifold_group_noise_fashion_mnist,0,0.1,0.0,4137,4137,0,0,0,0,4137,pca,embedding,-0.5282224793777859,0.03202348689018826
manifold_group_noise_fashion_mnist,0,0.1,0.0,4138,4138,0,0,0,1,5025,pca,embedding,0.6654792898085041,0.8026062618479402
manifold_group_noise_fashion_mnist,0,0.1,0.0,4139,4139,0,0,0,1,5022,pca,embedding,1.166763621068896,-0.04785445284464078
manifold_group_noise_fashion_mnist,0,0.1,0.0,4140,4140,0,0,0,1,5010,pca,embedding,-0.3956760771084659,0.20052088123156192
manifold_group_noise_fashion_mnist,0,0.1,0.0,4141,4141,1,1,0,1,5035,pca,embedding,-0.752008900692176,0.08969923821210585
manifold_group_noise_fashion_mnist,0,0.1,0.0,4142,4142,0,0,0,1,5015,pca,embedding,0.3630963820550085,0.13565496180020678
manifold_group_noise_fashion_mnist,0,0.1,0.0,4143,4143,0,0,0,1,5006,pca,embedding,0.4346695191149518,0.8211737820806617
manifold_group_noise_fashion_mnist,0,0.1,0.0,4144,4144,1,1,0,1,5028,pca,embedding,-0.41378062404630866,-0.144984868993714
manifold_group_noise_fashion_mnist,0,0.1,0.0,4145,4145,0,0,0,1,5026,pca,embedding,0.8643189487384404,-0.8625810007250894
manifold_group_noise_fashion_mnist,0,0.1,0.0,4146,4146,1,1,0,1,5045,pca,embedding,0.09803726386973868,0.024983000475841635
manifold_group_noise_fashion_mnist,0,0.1,0.0,4147,4147,1,1,0,1,5045,pca,embedding,0.17877845884599153,0.5653329005856519
manifold_group_noise_fashion_mnist,0,0.1,0.0,4148,4148,0,0,0,1,5019,pca,embedding,-0.004466734724621034,-0.5229068495495006
manifold_group_noise_fashion_mnist,0,0.1,0.0,4149,4149,0,1,1,1,5038,pca,embedding,-0.31572154384986173,-0.09748215063627214
manifold_group_noise_fashion_mnist,0,0.1,0.0,4150,4150,0,0,0,1,5005,pca,embedding,-0.4137625988765228,-0.3434844872991656
manifold_group_noise_fashion_mnist,0,0.1,0.0,4151,4151,1,1,0,1,5031,pca,embedding,-0.9051757192677781,-0.010541412260604566
manifold_group_noise_fashion_mnist,0,0.1,0.0,4152,4152,0,0,0,1,5010,pca,embedding,-0.5618842631998556,-0.35176693263373876
manifold_group_noise_fashion_mnist,0,0.1,0.0,4153,4153,1,1,0,1,5032,pca,embedding,-0.026482521803006503,0.5206757153159047
manifold_group_noise_fashion_mnist,0,0.1,0.0,4154,4154,1,1,0,0,4154,pca,embedding,-0.018907091490429042,-0.07037065904113289
manifold_group_noise_fashion_mnist,0,0.1,0.0,4155,4155,0,0,0,1,5022,pca,embedding,1.166763621068896,-0.04785445284464078
manifold_group_noise_fashion_mnist,0,0.1,0.0,4156,4156,0,0,0,1,5008,pca,embedding,-0.8565874729437,-0.12286071546408049
manifold_group_noise_fashion_mnist,0,0.1,0.0,4157,4157,0,0,0,1,5002,pca,embedding,-0.027086693831132196,0.5947311236208174
manifold_group_noise_fashion_mnist,0,0.1,0.0,4158,4158,1,0,1,1,5011,pca,embedding,0.8725944705576296,-0.40664673198654633
manifold_group_noise_fashion_mnist,0,0.1,0.0,4159,4159,0,1,1,1,5034,pca,embedding,-0.29932221962181454,-0.3121530171409359
manifold_group_noise_fashion_mnist,0,0.1,0.0,4160,4160,0,0,0,0,4160,pca,embedding,0.33913813748345817,-0.3071089080288295
manifold_group_noise_fashion_mnist,0,0.1,0.0,4161,4161,0,0,0,1,5005,pca,embedding,-0.15637013188096563,0.05034399512039292
manifold_group_noise_fashion_mnist,0,0.1,0.0,4162,4162,0,0,0,1,5026,pca,embedding,0.9903016871852495,-0.645262008300768
manifold_group_noise_fashion_mnist,0,0.1,0.0,4163,4163,1,1,0,1,5045,pca,embedding,0.16414659368442314,0.42042260663040815
manifold_group_noise_fashion_mnist,0,0.1,0.0,4164,4164,0,0,0,1,5012,pca,embedding,0.45840885765658584,-0.7438637898841691
manifold_group_noise_fashion_mnist,0,0.1,0.0,4165,4165,1,1,0,1,5027,pca,embedding,-0.968593500610737,0.10076109649607708
manifold_group_noise_fashion_mnist,0,0.1,0.0,4166,4166,0,0,0,1,5008,pca,embedding,-0.908008580375163,0.10956617716771036
manifold_group_noise_fashion_mnist,0,0.1,0.0,4167,4167,1,1,0,1,5033,pca,embedding,-0.06084145954753835,-0.14510493903167881
manifold_group_noise_fashion_mnist,0,0.1,0.0,4168,4168,1,1,0,1,5033,pca,embedding,-0.08413682683862493,0.05264053256545338
manifold_group_noise_fashion_mnist,0,0.1,0.0,4169,4169,1,1,0,1,5053,pca,embedding,-0.7317446151812173,-0.04920518895769421
manifold_group_noise_fashion_mnist,0,0.1,0.0,4170,4170,0,0,0,0,4170,pca,embedding,-0.6454362158697527,-0.12340339742944152
manifold_group_noise_fashion_mnist,0,0.1,0.0,4171,4171,1,1,0,1,5037,pca,embedding,-0.9762479762431742,0.10942910379447435
manifold_group_noise_fashion_mnist,0,0.1,0.0,4172,4172,1,1,0,0,4172,pca,embedding,0.7629240738143943,-0.35757360412436956
manifold_group_noise_fashion_mnist,0,0.1,0.0,4173,4173,1,1,0,1,5045,pca,embedding,0.09803726386973868,0.024983000475841635
manifold_group_noise_fashion_mnist,0,0.1,0.0,4174,4174,0,0,0,0,4174,pca,embedding,1.034499137350252,0.3135762593810953
manifold_group_noise_fashion_mnist,0,0.1,0.0,4175,4175,1,1,0,1,5028,pca,embedding,-0.3050402874115591,-0.1864596598233734
manifold_group_noise_fashion_mnist,0,0.1,0.0,4176,4176,0,0,0,1,5023,pca,embedding,-0.04454880839307446,-0.5850157096948764
manifold_group_noise_fashion_mnist,0,0.1,0.0,4177,4177,0,0,0,1,5005,pca,embedding,-0.2261650964086729,0.3590698274709916
manifold_group_noise_fashion_mnist,0,0.1,0.0,4178,4178,1,1,0,0,4178,pca,embedding,0.3424182170015242,-0.23579665223587448
manifold_group_noise_fashion_mnist,0,0.1,0.0,4179,4179,0,0,0,1,5006,pca,embedding,0.35711079994100686,-0.6477605264741929
manifold_group_noise_fashion_mnist,0,0.1,0.0,4180,4180,0,0,0,1,5009,pca,embedding,0.6127582536835827,-0.6612609446663567
manifold_group_noise_fashion_mnist,0,0.1,0.0,4181,4181,0,1,1,1,5034,pca,embedding,-0.2739972018986015,0.2929761692973969
manifold_group_noise_fashion_mnist,0,0.1,0.0,4182,4182,1,1,0,1,5041,pca,embedding,0.7443488009031781,-0.4672574959597474
manifold_group_noise_fashion_mnist,0,0.1,0.0,4183,4183,1,1,0,1,5047,pca,embedding,0.5413275426228574,-0.6745157502840254
manifold_group_noise_fashion_mnist,0,0.1,0.0,4184,4184,1,1,0,1,5052,pca,embedding,0.10914617449058941,-0.30537751074685376
manifold_group_noise_fashion_mnist,0,0.1,0.0,4185,4185,1,1,0,1,5036,pca,embedding,-0.316414784848965,-0.058466511182016345
manifold_group_noise_fashion_mnist,0,0.1,0.0,4186,4186,1,1,0,1,5029,pca,embedding,0.24045052742495007,0.05136318275439887
manifold_group_noise_fashion_mnist,0,0.1,0.0,4187,4187,0,1,1,1,5038,pca,embedding,-0.3133958801901215,-0.2556486234133627
manifold_group_noise_fashion_mnist,0,0.1,0.0,4188,4188,0,0,0,1,5005,pca,embedding,-0.4137625988765228,-0.3434844872991656
manifold_group_noise_fashion_mnist,0,0.1,0.0,4189,4189,0,0,0,0,4189,pca,embedding,-0.3773013743653042,-0.3648563889296462
manifold_group_noise_fashion_mnist,0,0.1,0.0,4190,4190,0,1,1,1,5048,pca,embedding,0.5471548728835446,0.16849138992802354
manifold_group_noise_fashion_mnist,0,0.1,0.0,4191,4191,0,0,0,1,5026,pca,embedding,1.018668147527752,-0.14920233654167633
manifold_group_noise_fashion_mnist,0,0.1,0.0,4192,4192,0,0,0,1,5017,pca,embedding,0.3628591457974496,-0.6497483929658308
manifold_group_noise_fashion_mnist,0,0.1,0.0,4193,4193,0,0,0,1,5017,pca,embedding,0.1597065221692212,-0.6246671378773938
manifold_group_noise_fashion_mnist,0,0.1,0.0,4194,4194,1,1,0,1,5042,pca,embedding,-0.2114813068413919,0.301804515519317
manifold_group_noise_fashion_mnist,0,0.1,0.0,4195,4195,1,1,0,1,5030,pca,embedding,-0.8986247213169111,-0.056148105813807296
manifold_group_noise_fashion_mnist,0,0.1,0.0,4196,4196,0,0,0,1,5007,pca,embedding,0.7424931483993501,-0.6242781371792082
manifold_group_noise_fashion_mnist,0,0.1,0.0,4197,4197,1,1,0,1,5027,pca,embedding,-0.9911529267778357,0.11235757366387364
manifold_group_noise_fashion_mnist,0,0.1,0.0,4198,4198,0,0,0,1,5009,pca,embedding,0.7612628318160118,0.8261681613822481
manifold_group_noise_fashion_mnist,0,0.1,0.0,4199,4199,0,0,0,1,5019,pca,embedding,-0.004466734724621034,-0.5229068495495006
manifold_group_noise_fashion_mnist,0,0.1,0.0,4200,4200,1,0,1,1,5003,pca,embedding,-0.5867954907641388,0.39950648176692777
manifold_group_noise_fashion_mnist,0,0.1,0.0,4201,4201,0,1,1,1,5048,pca,embedding,0.5471548728835446,0.16849138992802354
manifold_group_noise_fashion_mnist,0,0.1,0.0,4202,4202,0,1,1,1,5034,pca,embedding,-0.33282451901730625,0.39858499027705074
manifold_group_noise_fashion_mnist,0,0.1,0.0,4203,4203,1,1,0,1,5050,pca,embedding,-0.9340407503069712,0.022640505850833395
manifold_group_noise_fashion_mnist,0,0.1,0.0,4204,4204,1,1,0,1,5035,pca,embedding,-0.7496119841615728,0.07035211293920175
manifold_group_noise_fashion_mnist,0,0.1,0.0,4205,4205,0,0,0,1,5002,pca,embedding,0.13453558528257412,-0.44476033196850917
manifold_group_noise_fashion_mnist,0,0.1,0.0,4206,4206,0,0,0,1,5017,pca,embedding,0.42605694723285714,-0.3750157754190222
manifold_group_noise_fashion_mnist,0,0.1,0.0,4207,4207,1,0,1,1,5011,pca,embedding,0.7695558174371488,-0.7662841423477326
manifold_group_noise_fashion_mnist,0,0.1,0.0,4208,4208,0,0,0,1,5009,pca,embedding,0.7612628318160118,0.8261681613822481
manifold_group_noise_fashion_mnist,0,0.1,0.0,4209,4209,0,0,0,0,4209,pca,embedding,0.04698372120013143,-0.21242688623133213
manifold_group_noise_fashion_mnist,0,0.1,0.0,4210,4210,1,1,0,1,5028,pca,embedding,-0.27962910643638056,0.23646557744007538
manifold_group_noise_fashion_mnist,0,0.1,0.0,4211,4211,0,0,0,1,5012,pca,embedding,0.45840885765658584,-0.7438637898841691
manifold_group_noise_fashion_mnist,0,0.1,0.0,4212,4212,1,1,0,1,5040,pca,embedding,0.818979060141437,-0.12726513080158802
manifold_group_noise_fashion_mnist,0,0.1,0.0,4213,4213,0,0,0,1,5025,pca,embedding,0.8078638341792637,-0.10473065703626164
manifold_group_noise_fashion_mnist,0,0.1,0.0,4214,4214,0,0,0,1,5020,pca,embedding,-0.9440668832153333,0.04496190695905783
manifold_group_noise_fashion_mnist,0,0.1,0.0,4215,4215,0,0,0,1,5019,pca,embedding,0.17953222483285922,0.3500034085721285
manifold_group_noise_fashion_mnist,0,0.1,0.0,4216,4216,1,1,0,1,5051,pca,embedding,-0.197198854619832,0.02011809140045056
manifold_group_noise_fashion_mnist,0,0.1,0.0,4217,4217,0,0,0,1,5005,pca,embedding,-0.3174989864853371,0.36429285596803956
manifold_group_noise_fashion_mnist,0,0.1,0.0,4218,4218,1,1,0,1,5035,pca,embedding,-0.6828492328007914,0.010838381728231549
manifold_group_noise_fashion_mnist,0,0.1,0.0,4219,4219,0,0,0,1,5009,pca,embedding,0.7220182985779489,0.38717609148799004
manifold_group_noise_fashion_mnist,0,0.1,0.0,4220,4220,0,0,0,1,5022,pca,embedding,1.166763621068896,-0.04785445284464078
manifold_group_noise_fashion_mnist,0,0.1,0.0,4221,4221,0,0,0,1,5001,pca,embedding,-0.05538889503811345,-0.6002121147759213
manifold_group_noise_fashion_mnist,0,0.1,0.0,4222,4222,1,1,0,1,5031,pca,embedding,-0.9162003834892567,0.13716688375594316
manifold_group_noise_fashion_mnist,0,0.1,0.0,4223,4223,0,0,0,1,5020,pca,embedding,-0.9456050901990736,0.007970127394335128
manifold_group_noise_fashion_mnist,0,0.1,0.0,4224,4224,1,1,0,1,5043,pca,embedding,-0.927627709560692,0.05898609871957006
manifold_group_noise_fashion_mnist,0,0.1,0.0,4225,4225,0,0,0,1,5012,pca,embedding,0.3177301520928833,0.720798470047735
manifold_group_noise_fashion_mnist,0,0.1,0.0,4226,4226,1,1,0,1,5039,pca,embedding,0.37206163262000064,-0.3002693046015191
manifold_group_noise_fashion_mnist,0,0.1,0.0,4227,4227,1,1,0,1,5042,pca,embedding,-0.4127925433357662,-0.34339604484988073
manifold_group_noise_fashion_mnist,0,0.1,0.0,4228,4228,1,1,0,0,4228,pca,embedding,-0.12653010700310696,-0.1400646899168446
manifold_group_noise_fashion_mnist,0,0.1,0.0,4229,4229,0,0,0,1,5006,pca,embedding,0.4346695191149518,0.8211737820806617
manifold_group_noise_fashion_mnist,0,0.1,0.0,4230,4230,0,0,0,1,5020,pca,embedding,-0.9053120457349804,0.11838191178895209
manifold_group_noise_fashion_mnist,0,0.1,0.0,4231,4231,0,0,0,1,5024,pca,embedding,0.5454844980215682,-0.8349077818822478
manifold_group_noise_fashion_mnist,0,0.1,0.0,4232,4232,0,0,0,1,5008,pca,embedding,-0.908008580375163,0.10956617716771036
manifold_group_noise_fashion_mnist,0,0.1,0.0,4233,4233,0,0,0,1,5025,pca,embedding,0.3659648517428567,0.7830271532980677
manifold_group_noise_fashion_mnist,0,0.1,0.0,4234,4234,1,1,0,1,5031,pca,embedding,-0.9394879261979056,0.05044013774769198
manifold_group_noise_fashion_mnist,0,0.1,0.0,4235,4235,1,1,0,1,5053,pca,embedding,-0.8131982050951869,0.2317133928925136
manifold_group_noise_fashion_mnist,0,0.1,0.0,4236,4236,0,0,0,1,5019,pca,embedding,-0.010879409820909215,0.6548309761404424
manifold_group_noise_fashion_mnist,0,0.1,0.0,4237,4237,0,0,0,1,5012,pca,embedding,0.5957482642573569,0.4317125508650245
manifold_group_noise_fashion_mnist,0,0.1,0.0,4238,4238,0,0,0,1,5021,pca,embedding,-0.36622400282035117,-0.4639109470794891
manifold_group_noise_fashion_mnist,0,0.1,0.0,4239,4239,1,1,0,1,5041,pca,embedding,0.7208128840419465,0.3437274768766544
manifold_group_noise_fashion_mnist,0,0.1,0.0,4240,4240,0,0,0,1,5015,pca,embedding,0.5712099827136795,-0.37682734780212673
manifold_group_noise_fashion_mnist,0,0.1,0.0,4241,4241,0,0,0,0,4241,pca,embedding,-0.1303884775058245,-0.2218235557512262
manifold_group_noise_fashion_mnist,0,0.1,0.0,4242,4242,0,0,0,1,5000,pca,embedding,-0.8482294902072546,-0.08288451163736288
manifold_group_noise_fashion_mnist,0,0.1,0.0,4243,4243,1,1,0,1,5051,pca,embedding,-0.35822179074975263,0.034832740339420916
manifold_group_noise_fashion_mnist,0,0.1,0.0,4244,4244,0,0,0,0,4244,pca,embedding,0.409005452668582,-0.41339511071837504
manifold_group_noise_fashion_mnist,0,0.1,0.0,4245,4245,1,0,1,1,5011,pca,embedding,0.7695558174371488,-0.7662841423477326
manifold_group_noise_fashion_mnist,0,0.1,0.0,4246,4246,0,0,0,1,5018,pca,embedding,-0.6619098611041946,0.16477492557197812
manifold_group_noise_fashion_mnist,0,0.1,0.0,4247,4247,0,0,0,1,5019,pca,embedding,-0.010879409820909215,0.6548309761404424
manifold_group_noise_fashion_mnist,0,0.1,0.0,4248,4248,1,1,0,1,5044,pca,embedding,-0.9054483220023913,-0.028035047133300517
manifold_group_noise_fashion_mnist,0,0.1,0.0,4249,4249,1,1,0,1,5052,pca,embedding,0.1395376877957783,0.4660124544059454
manifold_group_noise_fashion_mnist,0,0.1,0.0,4250,4250,1,1,0,1,5039,pca,embedding,0.4063503002298267,-0.2137522173475164
manifold_group_noise_fashion_mnist,0,0.1,0.0,4251,4251,1,1,0,0,4251,pca,embedding,0.3683897434161756,0.1398570174813291
manifold_group_noise_fashion_mnist,0,0.1,0.0,4252,4252,1,1,0,1,5042,pca,embedding,-0.12901103494010505,0.03602612124010979
manifold_group_noise_fashion_mnist,0,0.1,0.0,4253,4253,0,1,1,1,5038,pca,embedding,-0.4598325618027213,-0.20946975060967093
manifold_group_noise_fashion_mnist,0,0.1,0.0,4254,4254,1,1,0,1,5044,pca,embedding,-0.9334623537372114,-0.0010421967992173473
manifold_group_noise_fashion_mnist,0,0.1,0.0,4255,4255,1,1,0,1,5053,pca,embedding,-0.7213348401941964,0.15619231859445132
manifold_group_noise_fashion_mnist,0,0.1,0.0,4256,4256,0,0,0,1,5025,pca,embedding,0.6033391479621331,-0.8492018357653072
manifold_group_noise_fashion_mnist,0,0.1,0.0,4257,4257,1,1,0,1,5049,pca,embedding,0.8013860217728647,0.712468607580184
manifold_group_noise_fashion_mnist,0,0.1,0.0,4258,4258,0,0,0,0,4258,pca,embedding,-0.49780394616070966,-0.260776183317872
manifold_group_noise_fashion_mnist,0,0.1,0.0,4259,4259,1,1,0,1,5045,pca,embedding,-0.023912204349207128,0.6742171117714612
manifold_group_noise_fashion_mnist,0,0.1,0.0,4260,4260,0,0,0,1,5016,pca,embedding,-0.8613599190874848,0.09269488605632856
manifold_group_noise_fashion_mnist,0,0.1,0.0,4261,4261,1,1,0,1,5037,pca,embedding,-0.9580280308110407,0.08333891412337067
manifold_group_noise_fashion_mnist,0,0.1,0.0,4262,4262,1,1,0,1,5041,pca,embedding,0.6928152988548669,-0.3306144221976418
manifold_group_noise_fashion_mnist,0,0.1,0.0,4263,4263,1,1,0,1,5053,pca,embedding,-0.7459396346842125,-0.10839808341403216
manifold_group_noise_fashion_mnist,0,0.1,0.0,4264,4264,0,0,0,1,5025,pca,embedding,0.7627815108097926,0.41724938602006456
manifold_group_noise_fashion_mnist,0,0.1,0.0,4265,4265,0,0,0,1,5009,pca,embedding,0.6127582536835827,-0.6612609446663567
manifold_group_noise_fashion_mnist,0,0.1,0.0,4266,4266,1,1,0,1,5050,pca,embedding,-0.9450621066447125,0.0493672138928954
manifold_group_noise_fashion_mnist,0,0.1,0.0,4267,4267,1,1,0,1,5036,pca,embedding,-0.2865523976880632,-0.06377225775022351
manifold_group_noise_fashion_mnist,0,0.1,0.0,4268,4268,1,1,0,0,4268,pca,embedding,0.7190212147496596,0.18272472438980625
manifold_group_noise_fashion_mnist,0,0.1,0.0,4269,4269,1,1,0,1,5039,pca,embedding,0.37206163262000064,-0.3002693046015191
manifold_group_noise_fashion_mnist,0,0.1,0.0,4270,4270,1,1,0,1,5053,pca,embedding,-0.7317446151812173,-0.04920518895769421
manifold_group_noise_fashion_mnist,0,0.1,0.0,4271,4271,0,0,0,0,4271,pca,embedding,0.6551539410919927,0.2424040420948167
manifold_group_noise_fashion_mnist,0,0.1,0.0,4272,4272,0,0,0,0,4272,pca,embedding,-0.6028285203361696,0.22872312494876082
manifold_group_noise_fashion_mnist,0,0.1,0.0,4273,4273,1,1,0,1,5037,pca,embedding,-0.9285085189355319,0.12372178331099772
manifold_group_noise_fashion_mnist,0,0.1,0.0,4274,4274,1,1,0,1,5041,pca,embedding,0.5844760977688903,-0.44382278888937793
manifold_group_noise_fashion_mnist,0,0.1,0.0,4275,4275,0,0,0,1,5009,pca,embedding,0.7220182985779489,0.38717609148799004
manifold_group_noise_fashion_mnist,0,0.1,0.0,4276,4276,0,0,0,1,5023,pca,embedding,-0.20106253903599097,0.5873934255843252
manifold_group_noise_fashion_mnist,0,0.1,0.0,4277,4277,1,1,0,1,5036,pca,embedding,-0.316414784848965,-0.058466511182016345
manifold_group_noise_fashion_mnist,0,0.1,0.0,4278,4278,1,1,0,1,5027,pca,embedding,-0.9211613190102087,-0.034281249915372985
manifold_group_noise_fashion_mnist,0,0.1,0.0,4279,4279,1,1,0,1,5030,pca,embedding,-0.90499218386251,0.03200052709337366
manifold_group_noise_fashion_mnist,0,0.1,0.0,4280,4280,0,0,0,0,4280,pca,embedding,-0.3001909303081446,-0.2541124831703476
manifold_group_noise_fashion_mnist,0,0.1,0.0,4281,4281,1,1,0,1,5045,pca,embedding,0.22191784692176322,-0.4205253436212828
manifold_group_noise_fashion_mnist,0,0.1,0.0,4282,4282,0,0,0,1,5021,pca,embedding,-0.36622400282035117,-0.4639109470794891
manifold_group_noise_fashion_mnist,0,0.1,0.0,4283,4283,0,0,0,0,4283,pca,embedding,1.0007582739296437,-0.10054200490967223
manifold_group_noise_fashion_mnist,0,0.1,0.0,4284,4284,0,0,0,1,5010,pca,embedding,-0.5618842631998556,-0.35176693263373876
manifold_group_noise_fashion_mnist,0,0.1,0.0,4285,4285,1,1,0,1,5031,pca,embedding,-0.924689570367777,-0.08310131483888905
manifold_group_noise_fashion_mnist,0,0.1,0.0,4286,4286,1,1,0,1,5050,pca,embedding,-0.9227668901760518,-0.004689317889378798
manifold_group_noise_fashion_mnist,0,0.1,0.0,4287,4287,1,1,0,1,5052,pca,embedding,0.3936226859161533,-0.23679569523078214
manifold_group_noise_fashion_mnist,0,0.1,0.0,4288,4288,0,0,0,1,5023,pca,embedding,0.08894873412917687,0.2968783084642451
manifold_group_noise_fashion_mnist,0,0.1,0.0,4289,4289,0,0,0,1,5007,pca,embedding,0.3622077500282102,-0.6722520990244707
manifold_group_noise_fashion_mnist,0,0.1,0.0,4290,4290,1,1,0,1,5051,pca,embedding,-0.35822179074975263,0.034832740339420916
manifold_group_noise_fashion_mnist,0,0.1,0.0,4291,4291,1,1,0,1,5039,pca,embedding,0.23789568918134668,-0.43851881130338527
manifold_group_noise_fashion_mnist,0,0.1,0.0,4292,4292,1,1,0,1,5051,pca,embedding,-0.3916274622753575,-0.00892092059959868
manifold_group_noise_fashion_mnist,0,0.1,0.0,4293,4293,1,1,0,1,5045,pca,embedding,0.17877845884599153,0.5653329005856519
manifold_group_noise_fashion_mnist,0,0.1,0.0,4294,4294,0,0,0,1,5015,pca,embedding,0.48973993250239456,-0.3121459840381242
manifold_group_noise_fashion_mnist,0,0.1,0.0,4295,4295,1,1,0,1,5050,pca,embedding,-0.9450621066447125,0.0493672138928954
manifold_group_noise_fashion_mnist,0,0.1,0.0,4296,4296,1,1,0,1,5047,pca,embedding,0.47663178879233864,0.6580460835640021
manifold_group_noise_fashion_mnist,0,0.1,0.0,4297,4297,1,1,0,0,4297,pca,embedding,-0.5001625527866169,0.19169829153053436
manifold_group_noise_fashion_mnist,0,0.1,0.0,4298,4298,0,1,1,1,5034,pca,embedding,-0.29932221962181454,-0.3121530171409359
manifold_group_noise_fashion_mnist,0,0.1,0.0,4299,4299,1,1,0,1,5040,pca,embedding,1.0104903752019558,-0.3442814079637636
manifold_group_noise_fashion_mnist,0,0.1,0.0,4300,4300,0,1,1,1,5034,pca,embedding,-0.29932221962181454,-0.3121530171409359
manifold_group_noise_fashion_mnist,0,0.1,0.0,4301,4301,0,0,0,1,5026,pca,embedding,1.099304446952027,0.44541998606694344
manifold_group_noise_fashion_mnist,0,0.1,0.0,4302,4302,1,0,1,1,5003,pca,embedding,-0.6482112587788974,-0.2923616439600145
manifold_group_noise_fashion_mnist,0,0.1,0.0,4303,4303,0,0,0,1,5005,pca,embedding,-0.2437377609651729,0.2533061210626731
manifold_group_noise_fashion_mnist,0,0.1,0.0,4304,4304,1,1,0,1,5053,pca,embedding,-0.7317446151812173,-0.04920518895769421
manifold_group_noise_fashion_mnist,0,0.1,0.0,4305,4305,0,0,0,1,5019,pca,embedding,-0.010879409820909215,0.6548309761404424
manifold_group_noise_fashion_mnist,0,0.1,0.0,4306,4306,0,0,0,1,5019,pca,embedding,0.1270311885285719,0.08259749722304999
manifold_group_noise_fashion_mnist,0,0.1,0.0,4307,4307,0,0,0,1,5017,pca,embedding,0.5623925045869945,0.3925985545555233
manifold_group_noise_fashion_mnist,0,0.1,0.0,4308,4308,1,1,0,1,5052,pca,embedding,0.4416019717201118,-0.005862702580363158
manifold_group_noise_fashion_mnist,0,0.1,0.0,4309,4309,0,0,0,1,5004,pca,embedding,0.6269438728333586,0.7539656483575822
manifold_group_noise_fashion_mnist,0,0.1,0.0,4310,4310,0,0,0,1,5000,pca,embedding,-0.8482294902072546,-0.08288451163736288
manifold_group_noise_fashion_mnist,0,0.1,0.0,4311,4311,0,1,1,1,5034,pca,embedding,-0.22742093001377786,-0.5102598635981641
manifold_group_noise_fashion_mnist,0,0.1,0.0,4312,4312,0,0,0,1,5002,pca,embedding,0.10260223583847208,-0.06731488360381219
manifold_group_noise_fashion_mnist,0,0.1,0.0,4313,4313,1,1,0,0,4313,pca,embedding,-0.021991150621356773,-0.17791014573618086
manifold_group_noise_fashion_mnist,0,0.1,0.0,4314,4314,0,0,0,1,5017,pca,embedding,0.3031791233608747,0.79666286900664
manifold_group_noise_fashion_mnist,0,0.1,0.0,4315,4315,0,0,0,1,5002,pca,embedding,0.10260223583847208,-0.06731488360381219
manifold_group_noise_fashion_mnist,0,0.1,0.0,4316,4316,0,0,0,1,5019,pca,embedding,-0.010879409820909215,0.6548309761404424
manifold_group_noise_fashion_mnist,0,0.1,0.0,4317,4317,0,0,0,1,5021,pca,embedding,-0.21613969665393673,0.47614076580196985
manifold_group_noise_fashion_mnist,0,0.1,0.0,4318,4318,0,0,0,1,5008,pca,embedding,-0.8787720047859574,-0.17554275547444023
manifold_group_noise_fashion_mnist,0,0.1,0.0,4319,4319,1,1,0,1,5033,pca,embedding,-0.1044219877835599,-0.17973285227105545
manifold_group_noise_fashion_mnist,0,0.1,0.0,4320,4320,1,1,0,1,5037,pca,embedding,-0.9285085189355319,0.12372178331099772
manifold_group_noise_fashion_mnist,0,0.1,0.0,4321,4321,1,1,0,1,5033,pca,embedding,-0.08413682683862493,0.05264053256545338
manifold_group_noise_fashion_mnist,0,0.1,0.0,4322,4322,0,1,1,1,5034,pca,embedding,-0.2739972018986015,0.2929761692973969
manifold_group_noise_fashion_mnist,0,0.1,0.0,4323,4323,0,0,0,0,4323,pca,embedding,-0.7293298970669282,-0.0589688955741165
manifold_group_noise_fashion_mnist,0,0.1,0.0,4324,4324,1,1,0,0,4324,pca,embedding,-0.24857854551606667,0.01461704120294894
manifold_group_noise_fashion_mnist,0,0.1,0.0,4325,4325,0,0,0,1,5013,pca,embedding,-0.4822171167527335,0.23499579154180533
manifold_group_noise_fashion_mnist,0,0.1,0.0,4326,4326,0,0,0,1,5024,pca,embedding,0.7208546092401329,-0.6260183676398299
manifold_group_noise_fashion_mnist,0,0.1,0.0,4327,4327,1,1,0,1,5036,pca,embedding,-0.40780867114902386,0.05326939620058213
manifold_group_noise_fashion_mnist,0,0.1,0.0,4328,4328,0,0,0,1,5014,pca,embedding,0.7678977337847899,-0.11035583561620001
manifold_group_noise_fashion_mnist,0,0.1,0.0,4329,4329,1,1,0,1,5053,pca,embedding,-0.819022346161121,-0.17867833073614547
manifold_group_noise_fashion_mnist,0,0.1,0.0,4330,4330,1,1,0,0,4330,pca,embedding,0.5754575836473717,0.4451604686108109
manifold_group_noise_fashion_mnist,0,0.1,0.0,4331,4331,0,0,0,1,5015,pca,embedding,0.4925344834389053,-0.14968988138622577
manifold_group_noise_fashion_mnist,0,0.1,0.0,4332,4332,0,0,0,1,5026,pca,embedding,0.9903016871852495,-0.645262008300768
manifold_group_noise_fashion_mnist,0,0.1,0.0,4333,4333,0,0,0,1,5016,pca,embedding,-0.8613599190874848,0.09269488605632856
manifold_group_noise_fashion_mnist,0,0.1,0.0,4334,4334,1,0,1,1,5003,pca,embedding,-0.5014868600704456,-0.40129542631444076
manifold_group_noise_fashion_mnist,0,0.1,0.0,4335,4335,1,1,0,0,4335,pca,embedding,-0.26573103766156514,0.020238538805943743
manifold_group_noise_fashion_mnist,0,0.1,0.0,4336,4336,0,1,1,1,5034,pca,embedding,-0.44965446702105594,-0.41181672715131773
manifold_group_noise_fashion_mnist,0,0.1,0.0,4337,4337,0,0,0,0,4337,pca,embedding,0.2736101292433546,-0.07728963747825371
manifold_group_noise_fashion_mnist,0,0.1,0.0,4338,4338,1,1,0,1,5037,pca,embedding,-0.8867009149679453,-0.061050091358040307
manifold_group_noise_fashion_mnist,0,0.1,0.0,4339,4339,1,1,0,1,5033,pca,embedding,0.1562057330255405,-0.15650020761562902
manifold_group_noise_fashion_mnist,0,0.1,0.0,4340,4340,1,1,0,1,5053,pca,embedding,-0.7213348401941964,0.15619231859445132
manifold_group_noise_fashion_mnist,0,0.1,0.0,4341,4341,1,1,0,1,5028,pca,embedding,-0.37137485276847726,-0.16509126453997391
manifold_group_noise_fashion_mnist,0,0.1,0.0,4342,4342,1,1,0,0,4342,pca,embedding,0.7766508605090531,-0.2691993314855354
manifold_group_noise_fashion_mnist,0,0.1,0.0,4343,4343,1,1,0,1,5031,pca,embedding,-0.9051757192677781,-0.010541412260604566
manifold_group_noise_fashion_mnist,0,0.1,0.0,4344,4344,0,0,0,1,5023,pca,embedding,-0.11314246900555987,-0.5582749489686017
manifold_group_noise_fashion_mnist,0,0.1,0.0,4345,4345,0,1,1,1,5038,pca,embedding,-0.4598325618027213,-0.20946975060967093
manifold_group_noise_fashion_mnist,0,0.1,0.0,4346,4346,1,1,0,1,5045,pca,embedding,0.17877845884599153,0.5653329005856519
manifold_group_noise_fashion_mnist,0,0.1,0.0,4347,4347,0,0,0,1,5010,pca,embedding,-0.3956760771084659,0.20052088123156192
manifold_group_noise_fashion_mnist,0,0.1,0.0,4348,4348,0,0,0,1,5023,pca,embedding,0.08894873412917687,0.2968783084642451
manifold_group_noise_fashion_mnist,0,0.1,0.0,4349,4349,1,1,0,1,5043,pca,embedding,-0.9208997079692137,0.051831734207093784
manifold_group_noise_fashion_mnist,0,0.1,0.0,4350,4350,1,1,0,1,5029,pca,embedding,-0.06120646338593993,0.5882067640373233
manifold_group_noise_fashion_mnist,0,0.1,0.0,4351,4351,0,0,0,1,5009,pca,embedding,0.7612628318160118,0.8261681613822481
manifold_group_noise_fashion_mnist,0,0.1,0.0,4352,4352,0,0,0,1,5014,pca,embedding,0.4478056244785398,0.8442172320241165
manifold_group_noise_fashion_mnist,0,0.1,0.0,4353,4353,1,1,0,1,5041,pca,embedding,0.7443488009031781,-0.4672574959597474
manifold_group_noise_fashion_mnist,0,0.1,0.0,4354,4354,0,0,0,1,5023,pca,embedding,-0.04454880839307446,-0.5850157096948764
manifold_group_noise_fashion_mnist,0,0.1,0.0,4355,4355,0,0,0,1,5018,pca,embedding,-0.6324876569353582,-0.2744907294885924
manifold_group_noise_fashion_mnist,0,0.1,0.0,4356,4356,0,0,0,1,5001,pca,embedding,0.08890546569273947,0.3224799954406131
manifold_group_noise_fashion_mnist,0,0.1,0.0,4357,4357,0,0,0,1,5025,pca,embedding,0.4477425483151405,-0.7512980811939641
manifold_group_noise_fashion_mnist,0,0.1,0.0,4358,4358,0,0,0,1,5013,pca,embedding,-0.3285459620831367,-0.27505309701823316
manifold_group_noise_fashion_mnist,0,0.1,0.0,4359,4359,0,0,0,1,5015,pca,embedding,0.48988489889547665,-0.18716561576982543
manifold_group_noise_fashion_mnist,0,0.1,0.0,4360,4360,0,0,0,1,5004,pca,embedding,0.6269438728333586,0.7539656483575822
manifold_group_noise_fashion_mnist,0,0.1,0.0,4361,4361,0,0,0,1,5023,pca,embedding,0.003620104004001236,0.5994805745799195
manifold_group_noise_fashion_mnist,0,0.1,0.0,4362,4362,0,0,0,1,5020,pca,embedding,-0.9182058813285668,-0.03122462482137476
manifold_group_noise_fashion_mnist,0,0.1,0.0,4363,4363,0,0,0,1,5016,pca,embedding,-0.8613599190874848,0.09269488605632856
manifold_group_noise_fashion_mnist,0,0.1,0.0,4364,4364,0,0,0,1,5005,pca,embedding,-0.3174989864853371,0.36429285596803956
manifold_group_noise_fashion_mnist,0,0.1,0.0,4365,4365,1,1,0,1,5027,pca,embedding,-0.8973326789553017,0.09531622312265375
manifold_group_noise_fashion_mnist,0,0.1,0.0,4366,4366,0,0,0,1,5026,pca,embedding,1.099304446952027,0.44541998606694344
manifold_group_noise_fashion_mnist,0,0.1,0.0,4367,4367,0,0,0,1,5022,pca,embedding,1.1436419157126236,0.0010284015936531873
manifold_group_noise_fashion_mnist,0,0.1,0.0,4368,4368,0,0,0,1,5025,pca,embedding,0.3659648517428567,0.7830271532980677
manifold_group_noise_fashion_mnist,0,0.1,0.0,4369,4369,0,0,0,1,5001,pca,embedding,0.08890546569273947,0.3224799954406131
manifold_group_noise_fashion_mnist,0,0.1,0.0,4370,4370,1,1,0,1,5045,pca,embedding,0.17877845884599153,0.5653329005856519
manifold_group_noise_fashion_mnist,0,0.1,0.0,4371,4371,0,0,0,1,5005,pca,embedding,-0.3174989864853371,0.36429285596803956
manifold_group_noise_fashion_mnist,0,0.1,0.0,4372,4372,1,1,0,0,4372,pca,embedding,0.8656887118122532,0.030327443703523218
manifold_group_noise_fashion_mnist,0,0.1,0.0,4373,4373,1,1,0,1,5031,pca,embedding,-0.9394879261979056,0.05044013774769198
manifold_group_noise_fashion_mnist,0,0.1,0.0,4374,4374,1,0,1,1,5003,pca,embedding,-0.5014868600704456,-0.40129542631444076
manifold_group_noise_fashion_mnist,0,0.1,0.0,4375,4375,1,1,0,1,5041,pca,embedding,0.7208128840419465,0.3437274768766544
manifold_group_noise_fashion_mnist,0,0.1,0.0,4376,4376,0,1,1,1,5048,pca,embedding,0.492901301051715,-0.3244601030467125
manifold_group_noise_fashion_mnist,0,0.1,0.0,4377,4377,0,0,0,1,5002,pca,embedding,0.13453558528257412,-0.44476033196850917
manifold_group_noise_fashion_mnist,0,0.1,0.0,4378,4378,0,0,0,1,5004,pca,embedding,0.8416624288254475,0.8112611528263198
manifold_group_noise_fashion_mnist,0,0.1,0.0,4379,4379,1,1,0,1,5041,pca,embedding,0.7208128840419465,0.3437274768766544
manifold_group_noise_fashion_mnist,0,0.1,0.0,4380,4380,0,0,0,0,4380,pca,embedding,0.21536523492133902,0.37590788306785394
manifold_group_noise_fashion_mnist,0,0.1,0.0,4381,4381,1,1,0,1,5053,pca,embedding,-0.8131982050951869,0.2317133928925136
manifold_group_noise_fashion_mnist,0,0.1,0.0,4382,4382,0,0,0,1,5016,pca,embedding,-0.893782224722218,0.12556984109570926
manifold_group_noise_fashion_mnist,0,0.1,0.0,4383,4383,1,1,0,1,5039,pca,embedding,0.23789568918134668,-0.43851881130338527
manifold_group_noise_fashion_mnist,0,0.1,0.0,4384,4384,0,0,0,1,5008,pca,embedding,-0.9737773912598695,0.16068900227770655
manifold_group_noise_fashion_mnist,0,0.1,0.0,4385,4385,0,0,0,1,5020,pca,embedding,-0.9372990591736526,-0.06982800256124215
manifold_group_noise_fashion_mnist,0,0.1,0.0,4386,4386,0,0,0,1,5022,pca,embedding,1.1436419157126236,0.0010284015936531873
manifold_group_noise_fashion_mnist,0,0.1,0.0,4387,4387,0,0,0,1,5000,pca,embedding,-0.8762829883286704,0.1298506722558863
manifold_group_noise_fashion_mnist,0,0.1,0.0,4388,4388,1,1,0,1,5036,pca,embedding,-0.2763370378371459,-0.19227095102305833
manifold_group_noise_fashion_mnist,0,0.1,0.0,4389,4389,1,1,0,1,5046,pca,embedding,0.6222077293189977,-0.2509557915098708
manifold_group_noise_fashion_mnist,0,0.1,0.0,4390,4390,1,1,0,0,4390,pca,embedding,-0.33357238171560355,0.13948428787153377
manifold_group_noise_fashion_mnist,0,0.1,0.0,4391,4391,1,1,0,0,4391,pca,embedding,-0.44392025601510166,0.007256499118469876
manifold_group_noise_fashion_mnist,0,0.1,0.0,4392,4392,1,1,0,0,4392,pca,embedding,0.4895190882868163,0.21176632294913156
manifold_group_noise_fashion_mnist,0,0.1,0.0,4393,4393,1,1,0,1,5028,pca,embedding,-0.3050402874115591,-0.1864596598233734
manifold_group_noise_fashion_mnist,0,0.1,0.0,4394,4394,0,0,0,1,5007,pca,embedding,0.7291246123378294,0.7730120479502778
manifold_group_noise_fashion_mnist,0,0.1,0.0,4395,4395,0,1,1,1,5038,pca,embedding,-0.3133958801901215,-0.2556486234133627
manifold_group_noise_fashion_mnist,0,0.1,0.0,4396,4396,1,1,0,1,5044,pca,embedding,-0.9054483220023913,-0.028035047133300517
manifold_group_noise_fashion_mnist,0,0.1,0.0,4397,4397,0,0,0,1,5005,pca,embedding,-0.2437377609651729,0.2533061210626731
manifold_group_noise_fashion_mnist,0,0.1,0.0,4398,4398,1,1,0,1,5033,pca,embedding,-0.05403452346466277,0.022221408734965187
manifold_group_noise_fashion_mnist,0,0.1,0.0,4399,4399,0,0,0,1,5001,pca,embedding,-0.05538889503811345,-0.6002121147759213
manifold_group_noise_fashion_mnist,0,0.1,0.0,4400,4400,1,0,1,1,5011,pca,embedding,0.7695558174371488,-0.7662841423477326
manifold_group_noise_fashion_mnist,0,0.1,0.0,4401,4401,0,0,0,1,5022,pca,embedding,1.2137962231739468,0.030217732748475817
manifold_group_noise_fashion_mnist,0,0.1,0.0,4402,4402,1,1,0,1,5043,pca,embedding,-0.9366843871069567,0.0793001574376484
manifold_group_noise_fashion_mnist,0,0.1,0.0,4403,4403,0,1,1,1,5048,pca,embedding,0.5471548728835446,0.16849138992802354
manifold_group_noise_fashion_mnist,0,0.1,0.0,4404,4404,0,0,0,1,5008,pca,embedding,-0.8611456370067507,0.10534184644620295
manifold_group_noise_fashion_mnist,0,0.1,0.0,4405,4405,1,1,0,1,5028,pca,embedding,-0.2525708459439314,0.056060229440136146
manifold_group_noise_fashion_mnist,0,0.1,0.0,4406,4406,1,1,0,0,4406,pca,embedding,0.5248445229528467,0.10235978687097111
manifold_group_noise_fashion_mnist,0,0.1,0.0,4407,4407,1,1,0,0,4407,pca,embedding,0.324986645758693,-0.1821025493024821
manifold_group_noise_fashion_mnist,0,0.1,0.0,4408,4408,0,0,0,1,5009,pca,embedding,0.7220182985779489,0.38717609148799004
manifold_group_noise_fashion_mnist,0,0.1,0.0,4409,4409,0,0,0,1,5005,pca,embedding,-0.3174989864853371,0.36429285596803956
manifold_group_noise_fashion_mnist,0,0.1,0.0,4410,4410,1,1,0,0,4410,pca,embedding,0.6298479768919789,0.1747945925484789
manifold_group_noise_fashion_mnist,0,0.1,0.0,4411,4411,1,1,0,1,5050,pca,embedding,-0.9227668901760518,-0.004689317889378798
manifold_group_noise_fashion_mnist,0,0.1,0.0,4412,4412,0,0,0,1,5007,pca,embedding,0.7753181473654807,-0.09166461385840843
manifold_group_noise_fashion_mnist,0,0.1,0.0,4413,4413,1,1,0,1,5029,pca,embedding,-0.06120646338593993,0.5882067640373233
manifold_group_noise_fashion_mnist,0,0.1,0.0,4414,4414,0,0,0,1,5010,pca,embedding,-0.41589902325556777,-0.40204598334451097
manifold_group_noise_fashion_mnist,0,0.1,0.0,4415,4415,0,0,0,1,5004,pca,embedding,0.6842847854669506,-0.8126709954433566
manifold_group_noise_fashion_mnist,0,0.1,0.0,4416,4416,1,0,1,1,5011,pca,embedding,1.0836505367390346,0.3198908696898428
manifold_group_noise_fashion_mnist,0,0.1,0.0,4417,4417,1,1,0,1,5039,pca,embedding,0.5355351088960028,0.5028520054104444
manifold_group_noise_fashion_mnist,0,0.1,0.0,4418,4418,0,0,0,0,4418,pca,embedding,0.6849196427671457,0.2355481563516166
manifold_group_noise_fashion_mnist,0,0.1,0.0,4419,4419,1,1,0,1,5035,pca,embedding,-0.7496119841615728,0.07035211293920175
manifold_group_noise_fashion_mnist,0,0.1,0.0,4420,4420,1,1,0,1,5050,pca,embedding,-0.9458074762300921,0.06719541826265182
manifold_group_noise_fashion_mnist,0,0.1,0.0,4421,4421,0,0,0,1,5014,pca,embedding,0.40745637616120395,-0.8576257244527901
manifold_group_noise_fashion_mnist,0,0.1,0.0,4422,4422,1,1,0,0,4422,pca,embedding,0.4238899196475657,-0.12259943058505997
manifold_group_noise_fashion_mnist,0,0.1,0.0,4423,4423,0,1,1,1,5034,pca,embedding,-0.2739972018986015,0.2929761692973969
manifold_group_noise_fashion_mnist,0,0.1,0.0,4424,4424,1,1,0,1,5044,pca,embedding,-0.8436613249721189,-0.051650734042801766
manifold_group_noise_fashion_mnist,0,0.1,0.0,4425,4425,1,1,0,1,5037,pca,embedding,-0.9762479762431742,0.10942910379447435
manifold_group_noise_fashion_mnist,0,0.1,0.0,4426,4426,1,1,0,1,5036,pca,embedding,-0.27792505485892804,-0.10291690693575804
manifold_group_noise_fashion_mnist,0,0.1,0.0,4427,4427,1,1,0,1,5032,pca,embedding,0.013593336354832768,-0.6492356599143791
manifold_group_noise_fashion_mnist,0,0.1,0.0,4428,4428,0,1,1,1,5038,pca,embedding,-0.3133958801901215,-0.2556486234133627
manifold_group_noise_fashion_mnist,0,0.1,0.0,4429,4429,0,0,0,1,5007,pca,embedding,0.4328279540003002,0.7450040872824221
manifold_group_noise_fashion_mnist,0,0.1,0.0,4430,4430,1,1,0,1,5047,pca,embedding,0.4722917664538537,-0.5875095609366021
manifold_group_noise_fashion_mnist,0,0.1,0.0,4431,4431,1,1,0,0,4431,pca,embedding,-0.9120990953094135,0.059186321678286885
manifold_group_noise_fashion_mnist,0,0.1,0.0,4432,4432,0,0,0,0,4432,pca,embedding,-0.731981920659223,-0.0573770227058069
manifold_group_noise_fashion_mnist,0,0.1,0.0,4433,4433,0,0,0,1,5004,pca,embedding,0.7716780503324143,-0.19462656919307422
manifold_group_noise_fashion_mnist,0,0.1,0.0,4434,4434,0,0,0,1,5004,pca,embedding,0.6269438728333586,0.7539656483575822
manifold_group_noise_fashion_mnist,0,0.1,0.0,4435,4435,0,0,0,1,5025,pca,embedding,0.8298939617478055,-0.5294115679275134
manifold_group_noise_fashion_mnist,0,0.1,0.0,4436,4436,1,1,0,1,5053,pca,embedding,-0.7317446151812173,-0.04920518895769421
manifold_group_noise_fashion_mnist,0,0.1,0.0,4437,4437,0,0,0,1,5006,pca,embedding,0.641033663196675,0.46046741222447707
manifold_group_noise_fashion_mnist,0,0.1,0.0,4438,4438,1,1,0,1,5049,pca,embedding,0.863640550927793,0.22621685441346845
manifold_group_noise_fashion_mnist,0,0.1,0.0,4439,4439,1,1,0,1,5030,pca,embedding,-0.9209395422739621,-0.01864672235712852
manifold_group_noise_fashion_mnist,0,0.1,0.0,4440,4440,0,0,0,1,5009,pca,embedding,0.5100982407672714,0.8762759198067938
manifold_group_noise_fashion_mnist,0,0.1,0.0,4441,4441,0,0,0,1,5021,pca,embedding,-0.3983627059381153,-0.42427178544916133
manifold_group_noise_fashion_mnist,0,0.1,0.0,4442,4442,0,0,0,1,5021,pca,embedding,-0.36622400282035117,-0.4639109470794891
manifold_group_noise_fashion_mnist,0,0.1,0.0,4443,4443,1,1,0,1,5029,pca,embedding,-0.15465422184097266,-0.46454111083059463
manifold_group_noise_fashion_mnist,0,0.1,0.0,4444,4444,0,0,0,1,5022,pca,embedding,1.166763621068896,-0.04785445284464078
manifold_group_noise_fashion_mnist,0,0.1,0.0,4445,4445,0,0,0,0,4445,pca,embedding,-0.5740862990621312,0.022525972621796304
manifold_group_noise_fashion_mnist,0,0.1,0.0,4446,4446,1,1,0,1,5043,pca,embedding,-0.9208997079692137,0.051831734207093784
manifold_group_noise_fashion_mnist,0,0.1,0.0,4447,4447,1,1,0,1,5029,pca,embedding,-0.06120646338593993,0.5882067640373233
manifold_group_noise_fashion_mnist,0,0.1,0.0,4448,4448,0,0,0,1,5018,pca,embedding,-0.6619098611041946,0.16477492557197812
manifold_group_noise_fashion_mnist,0,0.1,0.0,4449,4449,1,1,0,1,5030,pca,embedding,-0.9284580056867774,0.07757569445156197
manifold_group_noise_fashion_mnist,0,0.1,0.0,4450,4450,1,0,1,1,5011,pca,embedding,0.8929995172213432,-0.7851539257195259
manifold_group_noise_fashion_mnist,0,0.1,0.0,4451,4451,1,1,0,1,5045,pca,embedding,-0.023912204349207128,0.6742171117714612
manifold_group_noise_fashion_mnist,0,0.1,0.0,4452,4452,1,1,0,1,5050,pca,embedding,-0.9199423154751019,-0.002390464148943193
manifold_group_noise_fashion_mnist,0,0.1,0.0,4453,4453,1,1,0,1,5028,pca,embedding,-0.2120999897578778,0.3108051493324581
manifold_group_noise_fashion_mnist,0,0.1,0.0,4454,4454,1,1,0,1,5049,pca,embedding,0.6866450355191042,-0.3090933446307612
manifold_group_noise_fashion_mnist,0,0.1,0.0,4455,4455,0,0,0,1,5025,pca,embedding,0.6654792898085041,0.8026062618479402
manifold_group_noise_fashion_mnist,0,0.1,0.0,4456,4456,0,0,0,1,5024,pca,embedding,0.7208546092401329,-0.6260183676398299
manifold_group_noise_fashion_mnist,0,0.1,0.0,4457,4457,1,1,0,0,4457,pca,embedding,0.7998759180573516,-0.13425282542335953
manifold_group_noise_fashion_mnist,0,0.1,0.0,4458,4458,1,1,0,1,5047,pca,embedding,0.7249618280873926,0.37652685014653864
manifold_group_noise_fashion_mnist,0,0.1,0.0,4459,4459,1,1,0,1,5031,pca,embedding,-0.9394879261979056,0.05044013774769198
manifold_group_noise_fashion_mnist,0,0.1,0.0,4460,4460,1,1,0,1,5045,pca,embedding,-0.12688140138847487,-0.5181427643528681
manifold_group_noise_fashion_mnist,0,0.1,0.0,4461,4461,0,0,0,1,5019,pca,embedding,0.0385386749115602,-0.33054870121680663
manifold_group_noise_fashion_mnist,0,0.1,0.0,4462,4462,0,0,0,0,4462,pca,embedding,-0.6328157443962276,-0.13009175095582304
manifold_group_noise_fashion_mnist,0,0.1,0.0,4463,4463,0,0,0,1,5006,pca,embedding,0.35711079994100686,-0.6477605264741929
manifold_group_noise_fashion_mnist,0,0.1,0.0,4464,4464,0,1,1,1,5038,pca,embedding,-0.3011134770405082,0.05178922584003255
manifold_group_noise_fashion_mnist,0,0.1,0.0,4465,4465,0,0,0,1,5014,pca,embedding,0.8535588173599765,-0.60045735898739
manifold_group_noise_fashion_mnist,0,0.1,0.0,4466,4466,1,1,0,0,4466,pca,embedding,0.18063575530123438,0.19552683036170343
manifold_group_noise_fashion_mnist,0,0.1,0.0,4467,4467,1,1,0,1,5046,pca,embedding,0.6222077293189977,-0.2509557915098708
manifold_group_noise_fashion_mnist,0,0.1,0.0,4468,4468,1,1,0,1,5043,pca,embedding,-0.9366843871069567,0.0793001574376484
manifold_group_noise_fashion_mnist,0,0.1,0.0,4469,4469,1,1,0,1,5046,pca,embedding,0.6953801804223654,0.16340656424738537
manifold_group_noise_fashion_mnist,0,0.1,0.0,4470,4470,0,0,0,0,4470,pca,embedding,0.7828595034393462,0.1305750046452322
manifold_group_noise_fashion_mnist,0,0.1,0.0,4471,4471,1,1,0,1,5044,pca,embedding,-0.8436613249721189,-0.051650734042801766
manifold_group_noise_fashion_mnist,0,0.1,0.0,4472,4472,1,1,0,1,5040,pca,embedding,1.0104903752019558,-0.3442814079637636
manifold_group_noise_fashion_mnist,0,0.1,0.0,4473,4473,0,0,0,1,5002,pca,embedding,-0.11522650696373393,-0.5418228926477704
manifold_group_noise_fashion_mnist,0,0.1,0.0,4474,4474,1,1,0,1,5035,pca,embedding,-0.6907325920280938,-0.03198974782540881
manifold_group_noise_fashion_mnist,0,0.1,0.0,4475,4475,1,1,0,1,5047,pca,embedding,0.5413275426228574,-0.6745157502840254
manifold_group_noise_fashion_mnist,0,0.1,0.0,4476,4476,1,1,0,1,5046,pca,embedding,0.6611968481267156,0.4557086154121704
manifold_group_noise_fashion_mnist,0,0.1,0.0,4477,4477,0,0,0,1,5009,pca,embedding,0.5236857001343469,-0.8372656299555699
manifold_group_noise_fashion_mnist,0,0.1,0.0,4478,4478,0,0,0,1,5013,pca,embedding,-0.4288955848156167,0.16021456008934196
manifold_group_noise_fashion_mnist,0,0.1,0.0,4479,4479,0,0,0,1,5010,pca,embedding,-0.3956760771084659,0.20052088123156192
manifold_group_noise_fashion_mnist,0,0.1,0.0,4480,4480,1,1,0,1,5039,pca,embedding,0.4851755172286444,0.2669129510488018
manifold_group_noise_fashion_mnist,0,0.1,0.0,4481,4481,0,0,0,1,5000,pca,embedding,-0.9222991026547397,0.15914508828285734
manifold_group_noise_fashion_mnist,0,0.1,0.0,4482,4482,0,0,0,1,5017,pca,embedding,0.1597065221692212,-0.6246671378773938
manifold_group_noise_fashion_mnist,0,0.1,0.0,4483,4483,1,1,0,1,5041,pca,embedding,0.7425797593769301,0.4766642327050165
manifold_group_noise_fashion_mnist,0,0.1,0.0,4484,4484,0,0,0,1,5009,pca,embedding,0.6887897286255654,-0.15744446087538347
manifold_group_noise_fashion_mnist,0,0.1,0.0,4485,4485,0,0,0,1,5008,pca,embedding,-0.8658207919461072,-0.08450900206808373
manifold_group_noise_fashion_mnist,0,0.1,0.0,4486,4486,1,1,0,1,5039,pca,embedding,0.4851755172286444,0.2669129510488018
manifold_group_noise_fashion_mnist,0,0.1,0.0,4487,4487,0,0,0,1,5022,pca,embedding,1.0125058821933504,-0.004184128301940829
manifold_group_noise_fashion_mnist,0,0.1,0.0,4488,4488,1,1,0,1,5050,pca,embedding,-0.9450621066447125,0.0493672138928954
manifold_group_noise_fashion_mnist,0,0.1,0.0,4489,4489,1,1,0,1,5028,pca,embedding,-0.2525708459439314,0.056060229440136146
manifold_group_noise_fashion_mnist,0,0.1,0.0,4490,4490,0,0,0,1,5002,pca,embedding,-0.027086693831132196,0.5947311236208174
manifold_group_noise_fashion_mnist,0,0.1,0.0,4491,4491,0,0,0,1,5026,pca,embedding,0.9903016871852495,-0.645262008300768
manifold_group_noise_fashion_mnist,0,0.1,0.0,4492,4492,1,1,0,1,5030,pca,embedding,-0.9455090410275524,0.07845323103043297
manifold_group_noise_fashion_mnist,0,0.1,0.0,4493,4493,1,1,0,1,5039,pca,embedding,0.4851755172286444,0.2669129510488018
manifold_group_noise_fashion_mnist,0,0.1,0.0,4494,4494,0,1,1,1,5048,pca,embedding,0.492901301051715,-0.3244601030467125
manifold_group_noise_fashion_mnist,0,0.1,0.0,4495,4495,0,0,0,1,5005,pca,embedding,-0.2261650964086729,0.3590698274709916
manifold_group_noise_fashion_mnist,0,0.1,0.0,4496,4496,1,1,0,1,5040,pca,embedding,0.818979060141437,-0.12726513080158802
manifold_group_noise_fashion_mnist,0,0.1,0.0,4497,4497,1,1,0,1,5031,pca,embedding,-0.9051757192677781,-0.010541412260604566
manifold_group_noise_fashion_mnist,0,0.1,0.0,4498,4498,0,0,0,0,4498,pca,embedding,0.8080187700969348,-0.16647300072188062
manifold_group_noise_fashion_mnist,0,0.1,0.0,4499,4499,1,1,0,1,5047,pca,embedding,0.47663178879233864,0.6580460835640021
manifold_group_noise_fashion_mnist,0,0.1,0.0,4500,4500,0,1,1,1,5034,pca,embedding,-0.33282451901730625,0.39858499027705074
manifold_group_noise_fashion_mnist,0,0.1,0.0,4501,4501,0,0,0,0,4501,pca,embedding,1.018895539432534,-0.3525495036764574
manifold_group_noise_fashion_mnist,0,0.1,0.0,4502,4502,0,0,0,1,5010,pca,embedding,-0.3956760771084659,0.20052088123156192
manifold_group_noise_fashion_mnist,0,0.1,0.0,4503,4503,1,1,0,1,5032,pca,embedding,-0.12001387506119901,-0.44909778086921076
manifold_group_noise_fashion_mnist,0,0.1,0.0,4504,4504,1,1,0,1,5029,pca,embedding,-0.06120646338593993,0.5882067640373233
manifold_group_noise_fashion_mnist,0,0.1,0.0,4505,4505,1,1,0,1,5053,pca,embedding,-0.8096290457891063,0.16889986182850375
manifold_group_noise_fashion_mnist,0,0.1,0.0,4506,4506,1,1,0,1,5033,pca,embedding,0.1562057330255405,-0.15650020761562902
manifold_group_noise_fashion_mnist,0,0.1,0.0,4507,4507,0,0,0,1,5005,pca,embedding,-0.2261650964086729,0.3590698274709916
manifold_group_noise_fashion_mnist,0,0.1,0.0,4508,4508,0,0,0,1,5006,pca,embedding,0.5185185132393839,-0.6168542219385842
manifold_group_noise_fashion_mnist,0,0.1,0.0,4509,4509,1,1,0,1,5050,pca,embedding,-0.9227668901760518,-0.004689317889378798
manifold_group_noise_fashion_mnist,0,0.1,0.0,4510,4510,1,0,1,1,5003,pca,embedding,-0.4233093508034,-0.07754099278950957
manifold_group_noise_fashion_mnist,0,0.1,0.0,4511,4511,1,1,0,1,5053,pca,embedding,-0.7213348401941964,0.15619231859445132
manifold_group_noise_fashion_mnist,0,0.1,0.0,4512,4512,0,0,0,0,4512,pca,embedding,0.7845374920695968,-0.5417638296948073
manifold_group_noise_fashion_mnist,0,0.1,0.0,4513,4513,0,0,0,1,5004,pca,embedding,0.8416624288254475,0.8112611528263198
manifold_group_noise_fashion_mnist,0,0.1,0.0,4514,4514,0,0,0,0,4514,pca,embedding,0.35301013391741864,0.11015840587364313
manifold_group_noise_fashion_mnist,0,0.1,0.0,4515,4515,1,0,1,1,5011,pca,embedding,0.8929995172213432,-0.7851539257195259
manifold_group_noise_fashion_mnist,0,0.1,0.0,4516,4516,0,0,0,1,5001,pca,embedding,0.17009837343458245,-0.012868815770705498
manifold_group_noise_fashion_mnist,0,0.1,0.0,4517,4517,1,1,0,1,5043,pca,embedding,-0.9039168920447394,-0.008314718401222734
manifold_group_noise_fashion_mnist,0,0.1,0.0,4518,4518,0,0,0,1,5008,pca,embedding,-0.908008580375163,0.10956617716771036
manifold_group_noise_fashion_mnist,0,0.1,0.0,4519,4519,1,1,0,1,5045,pca,embedding,-0.12688140138847487,-0.5181427643528681
manifold_group_noise_fashion_mnist,0,0.1,0.0,4520,4520,0,0,0,1,5012,pca,embedding,0.45840885765658584,-0.7438637898841691
manifold_group_noise_fashion_mnist,0,0.1,0.0,4521,4521,1,1,0,1,5050,pca,embedding,-0.9458074762300921,0.06719541826265182
manifold_group_noise_fashion_mnist,0,0.1,0.0,4522,4522,1,1,0,1,5052,pca,embedding,0.24166124905275171,0.16699955842434674
manifold_group_noise_fashion_mnist,0,0.1,0.0,4523,4523,1,1,0,1,5051,pca,embedding,-0.35822179074975263,0.034832740339420916
manifold_group_noise_fashion_mnist,0,0.1,0.0,4524,4524,0,0,0,1,5015,pca,embedding,0.5115264495917466,0.09275838929454602
manifold_group_noise_fashion_mnist,0,0.1,0.0,4525,4525,0,0,0,1,5016,pca,embedding,-0.9062400862124153,0.2058162935111326
manifold_group_noise_fashion_mnist,0,0.1,0.0,4526,4526,1,1,0,1,5042,pca,embedding,-0.4127925433357662,-0.34339604484988073
manifold_group_noise_fashion_mnist,0,0.1,0.0,4527,4527,0,0,0,1,5020,pca,embedding,-0.9182058813285668,-0.03122462482137476
manifold_group_noise_fashion_mnist,0,0.1,0.0,4528,4528,0,0,0,1,5020,pca,embedding,-0.9182058813285668,-0.03122462482137476
manifold_group_noise_fashion_mnist,0,0.1,0.0,4529,4529,0,0,0,1,5021,pca,embedding,-0.36622400282035117,-0.4639109470794891
manifold_group_noise_fashion_mnist,0,0.1,0.0,4530,4530,0,0,0,1,5014,pca,embedding,0.8535588173599765,-0.60045735898739
manifold_group_noise_fashion_mnist,0,0.1,0.0,4531,4531,0,0,0,1,5026,pca,embedding,1.022559497622446,0.8460606298309279
manifold_group_noise_fashion_mnist,0,0.1,0.0,4532,4532,1,1,0,1,5029,pca,embedding,0.07227725258440432,0.22408677240974428
manifold_group_noise_fashion_mnist,0,0.1,0.0,4533,4533,1,1,0,1,5042,pca,embedding,-0.3274343524456529,-0.3768449981861436
manifold_group_noise_fashion_mnist,0,0.1,0.0,4534,4534,0,0,0,1,5002,pca,embedding,0.020361499279852605,0.33287559897746893
manifold_group_noise_fashion_mnist,0,0.1,0.0,4535,4535,0,0,0,1,5015,pca,embedding,0.4925344834389053,-0.14968988138622577
manifold_group_noise_fashion_mnist,0,0.1,0.0,4536,4536,1,1,0,1,5049,pca,embedding,0.8013860217728647,0.712468607580184
manifold_group_noise_fashion_mnist,0,0.1,0.0,4537,4537,0,0,0,1,5014,pca,embedding,0.6094693329535171,-0.8857080044419519
manifold_group_noise_fashion_mnist,0,0.1,0.0,4538,4538,0,0,0,1,5002,pca,embedding,0.13453558528257412,-0.44476033196850917
manifold_group_noise_fashion_mnist,0,0.1,0.0,4539,4539,0,0,0,1,5009,pca,embedding,0.7612628318160118,0.8261681613822481
manifold_group_noise_fashion_mnist,0,0.1,0.0,4540,4540,0,0,0,1,5000,pca,embedding,-0.8482294902072546,-0.08288451163736288
manifold_group_noise_fashion_mnist,0,0.1,0.0,4541,4541,0,0,0,1,5024,pca,embedding,0.7208546092401329,-0.6260183676398299
manifold_group_noise_fashion_mnist,0,0.1,0.0,4542,4542,0,0,0,1,5015,pca,embedding,0.5712099827136795,-0.37682734780212673
manifold_group_noise_fashion_mnist,0,0.1,0.0,4543,4543,0,0,0,1,5013,pca,embedding,-0.4822171167527335,0.23499579154180533
manifold_group_noise_fashion_mnist,0,0.1,0.0,4544,4544,1,1,0,1,5046,pca,embedding,0.8803425975300603,0.3428916285907527
manifold_group_noise_fashion_mnist,0,0.1,0.0,4545,4545,0,0,0,1,5025,pca,embedding,0.4477425483151405,-0.7512980811939641
manifold_group_noise_fashion_mnist,0,0.1,0.0,4546,4546,1,1,0,1,5035,pca,embedding,-0.6907325920280938,-0.03198974782540881
manifold_group_noise_fashion_mnist,0,0.1,0.0,4547,4547,1,1,0,0,4547,pca,embedding,-0.08358884953614132,0.20013773604444346
manifold_group_noise_fashion_mnist,0,0.1,0.0,4548,4548,1,1,0,1,5052,pca,embedding,0.1395376877957783,0.4660124544059454
manifold_group_noise_fashion_mnist,0,0.1,0.0,4549,4549,0,1,1,1,5048,pca,embedding,0.492901301051715,-0.3244601030467125
manifold_group_noise_fashion_mnist,0,0.1,0.0,4550,4550,1,0,1,1,5011,pca,embedding,0.7695558174371488,-0.7662841423477326
manifold_group_noise_fashion_mnist,0,0.1,0.0,4551,4551,1,1,0,1,5046,pca,embedding,0.6895972893579505,-0.05687295986053127
manifold_group_noise_fashion_mnist,0,0.1,0.0,4552,4552,1,1,0,1,5040,pca,embedding,0.771091151044272,-0.5296788319010424
manifold_group_noise_fashion_mnist,0,0.1,0.0,4553,4553,0,0,0,1,5004,pca,embedding,0.7235723198267562,-0.6281790730435929
manifold_group_noise_fashion_mnist,0,0.1,0.0,4554,4554,0,0,0,1,5024,pca,embedding,0.6424016146150658,0.8677763583519197
manifold_group_noise_fashion_mnist,0,0.1,0.0,4555,4555,0,0,0,1,5009,pca,embedding,0.4182495389043073,-0.771356768620443
manifold_group_noise_fashion_mnist,0,0.1,0.0,4556,4556,1,1,0,0,4556,pca,embedding,0.5383348053902158,-0.024186610853522136
manifold_group_noise_fashion_mnist,0,0.1,0.0,4557,4557,0,0,0,1,5006,pca,embedding,0.4346695191149518,0.8211737820806617
manifold_group_noise_fashion_mnist,0,0.1,0.0,4558,4558,0,0,0,1,5000,pca,embedding,-0.8762829883286704,0.1298506722558863
manifold_group_noise_fashion_mnist,0,0.1,0.0,4559,4559,0,0,0,1,5022,pca,embedding,1.195573168848439,-0.0740327506281147
manifold_group_noise_fashion_mnist,0,0.1,0.0,4560,4560,0,0,0,1,5017,pca,embedding,0.480160753850071,0.684447675115177
manifold_group_noise_fashion_mnist,0,0.1,0.0,4561,4561,1,1,0,1,5027,pca,embedding,-0.9911529267778357,0.11235757366387364
manifold_group_noise_fashion_mnist,0,0.1,0.0,4562,4562,1,1,0,1,5033,pca,embedding,-0.05403452346466277,0.022221408734965187
manifold_group_noise_fashion_mnist,0,0.1,0.0,4563,4563,0,0,0,1,5017,pca,embedding,0.1597065221692212,-0.6246671378773938
manifold_group_noise_fashion_mnist,0,0.1,0.0,4564,4564,0,0,0,1,5021,pca,embedding,-0.24725796965555075,-0.029354322296564657
manifold_group_noise_fashion_mnist,0,0.1,0.0,4565,4565,1,1,0,1,5031,pca,embedding,-0.8982236666380776,-0.07541559947421098
manifold_group_noise_fashion_mnist,0,0.1,0.0,4566,4566,1,1,0,1,5043,pca,embedding,-0.8923220755801994,-0.06541623372884871
manifold_group_noise_fashion_mnist,0,0.1,0.0,4567,4567,0,0,0,1,5006,pca,embedding,0.641033663196675,0.46046741222447707
manifold_group_noise_fashion_mnist,0,0.1,0.0,4568,4568,1,1,0,1,5051,pca,embedding,-0.3074325927249318,-0.1251305349173088
manifold_group_noise_fashion_mnist,0,0.1,0.0,4569,4569,1,1,0,0,4569,pca,embedding,-0.5171986551745857,0.09590118896864856
manifold_group_noise_fashion_mnist,0,0.1,0.0,4570,4570,0,0,0,1,5006,pca,embedding,0.641033663196675,0.46046741222447707
manifold_group_noise_fashion_mnist,0,0.1,0.0,4571,4571,0,0,0,1,5006,pca,embedding,0.5185185132393839,-0.6168542219385842
manifold_group_noise_fashion_mnist,0,0.1,0.0,4572,4572,0,0,0,1,5020,pca,embedding,-0.9053120457349804,0.11838191178895209
manifold_group_noise_fashion_mnist,0,0.1,0.0,4573,4573,1,1,0,1,5040,pca,embedding,1.0104903752019558,-0.3442814079637636
manifold_group_noise_fashion_mnist,0,0.1,0.0,4574,4574,0,0,0,1,5007,pca,embedding,0.3622077500282102,-0.6722520990244707
manifold_group_noise_fashion_mnist,0,0.1,0.0,4575,4575,1,1,0,0,4575,pca,embedding,-0.09771880908389129,0.43383282072046475
manifold_group_noise_fashion_mnist,0,0.1,0.0,4576,4576,0,0,0,1,5012,pca,embedding,0.676465362923588,-0.5692749828982581
manifold_group_noise_fashion_mnist,0,0.1,0.0,4577,4577,0,0,0,1,5017,pca,embedding,0.480160753850071,0.684447675115177
manifold_group_noise_fashion_mnist,0,0.1,0.0,4578,4578,1,0,1,1,5003,pca,embedding,-0.5014868600704456,-0.40129542631444076
manifold_group_noise_fashion_mnist,0,0.1,0.0,4579,4579,1,0,1,1,5011,pca,embedding,1.0632756450110008,0.7335145818806117
manifold_group_noise_fashion_mnist,0,0.1,0.0,4580,4580,0,0,0,1,5015,pca,embedding,0.5115264495917466,0.09275838929454602
manifold_group_noise_fashion_mnist,0,0.1,0.0,4581,4581,0,0,0,1,5025,pca,embedding,0.7627815108097926,0.41724938602006456
manifold_group_noise_fashion_mnist,0,0.1,0.0,4582,4582,1,1,0,0,4582,pca,embedding,-0.9293343341485686,0.02437171379696076
manifold_group_noise_fashion_mnist,0,0.1,0.0,4583,4583,0,0,0,1,5014,pca,embedding,0.40745637616120395,-0.8576257244527901
manifold_group_noise_fashion_mnist,0,0.1,0.0,4584,4584,0,0,0,1,5004,pca,embedding,0.6842847854669506,-0.8126709954433566
manifold_group_noise_fashion_mnist,0,0.1,0.0,4585,4585,1,1,0,1,5035,pca,embedding,-0.6667900260756373,-0.0573493255188567
manifold_group_noise_fashion_mnist,0,0.1,0.0,4586,4586,0,0,0,1,5000,pca,embedding,-0.8808858386624963,-0.1312427687701472
manifold_group_noise_fashion_mnist,0,0.1,0.0,4587,4587,0,0,0,1,5013,pca,embedding,-0.3658236567551889,-0.22296091048798566
manifold_group_noise_fashion_mnist,0,0.1,0.0,4588,4588,1,1,0,1,5049,pca,embedding,0.9097379800464667,0.5167365172909986
manifold_group_noise_fashion_mnist,0,0.1,0.0,4589,4589,0,0,0,1,5017,pca,embedding,0.480160753850071,0.684447675115177
manifold_group_noise_fashion_mnist,0,0.1,0.0,4590,4590,0,0,0,0,4590,pca,embedding,0.8878879946424031,0.04804737615014559
manifold_group_noise_fashion_mnist,0,0.1,0.0,4591,4591,0,0,0,1,5004,pca,embedding,0.7235723198267562,-0.6281790730435929
manifold_group_noise_fashion_mnist,0,0.1,0.0,4592,4592,1,1,0,0,4592,pca,embedding,0.6229401430057817,0.2347453014020276
manifold_group_noise_fashion_mnist,0,0.1,0.0,4593,4593,0,1,1,1,5034,pca,embedding,-0.39397106428002604,0.4893077697327578
manifold_group_noise_fashion_mnist,0,0.1,0.0,4594,4594,1,1,0,1,5037,pca,embedding,-0.9451498322210372,-0.002010561320102758
manifold_group_noise_fashion_mnist,0,0.1,0.0,4595,4595,0,0,0,1,5021,pca,embedding,-0.3548751758499397,-0.3641901084105268
manifold_group_noise_fashion_mnist,0,0.1,0.0,4596,4596,0,0,0,0,4596,pca,embedding,-0.2866819131262742,-0.20065811121023874
manifold_group_noise_fashion_mnist,0,0.1,0.0,4597,4597,0,0,0,1,5000,pca,embedding,-0.9222991026547397,0.15914508828285734
manifold_group_noise_fashion_mnist,0,0.1,0.0,4598,4598,1,1,0,0,4598,pca,embedding,-0.8949862675720804,-0.0008941527453091916
manifold_group_noise_fashion_mnist,0,0.1,0.0,4599,4599,1,0,1,1,5011,pca,embedding,0.5432675282514231,-0.5302768959388457
manifold_group_noise_fashion_mnist,0,0.1,0.0,4600,4600,0,0,0,1,5019,pca,embedding,-0.010879409820909215,0.6548309761404424
manifold_group_noise_fashion_mnist,0,0.1,0.0,4601,4601,1,1,0,0,4601,pca,embedding,0.09503811379530794,-0.2500477087909966
manifold_group_noise_fashion_mnist,0,0.1,0.0,4602,4602,0,0,0,1,5010,pca,embedding,-0.4171077096829746,0.4110578333587441
manifold_group_noise_fashion_mnist,0,0.1,0.0,4603,4603,1,0,1,1,5011,pca,embedding,0.8725944705576296,-0.40664673198654633
manifold_group_noise_fashion_mnist,0,0.1,0.0,4604,4604,0,0,0,1,5019,pca,embedding,-0.004466734724621034,-0.5229068495495006
manifold_group_noise_fashion_mnist,0,0.1,0.0,4605,4605,0,0,0,1,5022,pca,embedding,1.195573168848439,-0.0740327506281147
manifold_group_noise_fashion_mnist,0,0.1,0.0,4606,4606,1,1,0,1,5045,pca,embedding,0.22191784692176322,-0.4205253436212828
manifold_group_noise_fashion_mnist,0,0.1,0.0,4607,4607,1,1,0,1,5053,pca,embedding,-0.8131982050951869,0.2317133928925136
manifold_group_noise_fashion_mnist,0,0.1,0.0,4608,4608,1,1,0,1,5045,pca,embedding,-0.023912204349207128,0.6742171117714612
manifold_group_noise_fashion_mnist,0,0.1,0.0,4609,4609,1,0,1,1,5011,pca,embedding,1.0632756450110008,0.7335145818806117
manifold_group_noise_fashion_mnist,0,0.1,0.0,4610,4610,0,1,1,1,5048,pca,embedding,0.38157383938772615,-0.34369955091090765
manifold_group_noise_fashion_mnist,0,0.1,0.0,4611,4611,1,1,0,1,5047,pca,embedding,0.7249618280873926,0.37652685014653864
manifold_group_noise_fashion_mnist,0,0.1,0.0,4612,4612,0,0,0,0,4612,pca,embedding,-0.8814418717760861,0.011515170136794501
manifold_group_noise_fashion_mnist,0,0.1,0.0,4613,4613,0,0,0,1,5019,pca,embedding,-0.010879409820909215,0.6548309761404424
manifold_group_noise_fashion_mnist,0,0.1,0.0,4614,4614,1,1,0,1,5036,pca,embedding,-0.40780867114902386,0.05326939620058213
manifold_group_noise_fashion_mnist,0,0.1,0.0,4615,4615,0,0,0,1,5016,pca,embedding,-0.869876558737363,-0.18625837551779087
manifold_group_noise_fashion_mnist,0,0.1,0.0,4616,4616,0,0,0,1,5006,pca,embedding,0.641033663196675,0.46046741222447707
manifold_group_noise_fashion_mnist,0,0.1,0.0,4617,4617,1,1,0,0,4617,pca,embedding,-0.21711374608969497,-0.262562656888808
manifold_group_noise_fashion_mnist,0,0.1,0.0,4618,4618,1,1,0,1,5046,pca,embedding,0.6953801804223654,0.16340656424738537
manifold_group_noise_fashion_mnist,0,0.1,0.0,4619,4619,1,1,0,1,5039,pca,embedding,0.3849741757499492,0.5273415808136973
manifold_group_noise_fashion_mnist,0,0.1,0.0,4620,4620,0,0,0,0,4620,pca,embedding,-0.3947660942930278,0.10439963471120876
manifold_group_noise_fashion_mnist,0,0.1,0.0,4621,4621,1,1,0,1,5032,pca,embedding,-0.12001387506119901,-0.44909778086921076
manifold_group_noise_fashion_mnist,0,0.1,0.0,4622,4622,0,0,0,1,5013,pca,embedding,-0.3658236567551889,-0.22296091048798566
manifold_group_noise_fashion_mnist,0,0.1,0.0,4623,4623,0,0,0,1,5008,pca,embedding,-0.8422845096880531,-0.026917463812714926
manifold_group_noise_fashion_mnist,0,0.1,0.0,4624,4624,0,0,0,1,5014,pca,embedding,0.40745637616120395,-0.8576257244527901
manifold_group_noise_fashion_mnist,0,0.1,0.0,4625,4625,0,0,0,1,5016,pca,embedding,-0.8606213670885708,-0.09417720175393225
manifold_group_noise_fashion_mnist,0,0.1,0.0,4626,4626,1,1,0,0,4626,pca,embedding,0.7758209886871402,-0.2864381387756317
manifold_group_noise_fashion_mnist,0,0.1,0.0,4627,4627,1,1,0,1,5028,pca,embedding,-0.2120999897578778,0.3108051493324581
manifold_group_noise_fashion_mnist,0,0.1,0.0,4628,4628,1,1,0,1,5040,pca,embedding,1.0104903752019558,-0.3442814079637636
manifold_group_noise_fashion_mnist,0,0.1,0.0,4629,4629,1,1,0,1,5041,pca,embedding,0.7425797593769301,0.4766642327050165
manifold_group_noise_fashion_mnist,0,0.1,0.0,4630,4630,0,0,0,1,5004,pca,embedding,0.7716780503324143,-0.19462656919307422
manifold_group_noise_fashion_mnist,0,0.1,0.0,4631,4631,0,0,0,1,5019,pca,embedding,-0.004466734724621034,-0.5229068495495006
manifold_group_noise_fashion_mnist,0,0.1,0.0,4632,4632,0,0,0,1,5025,pca,embedding,0.8298939617478055,-0.5294115679275134
manifold_group_noise_fashion_mnist,0,0.1,0.0,4633,4633,0,0,0,1,5005,pca,embedding,-0.31172243532877025,-0.2875737397070633
manifold_group_noise_fashion_mnist,0,0.1,0.0,4634,4634,1,1,0,1,5044,pca,embedding,-0.8436613249721189,-0.051650734042801766
manifold_group_noise_fashion_mnist,0,0.1,0.0,4635,4635,0,0,0,1,5014,pca,embedding,0.6094693329535171,-0.8857080044419519
manifold_group_noise_fashion_mnist,0,0.1,0.0,4636,4636,1,1,0,1,5030,pca,embedding,-0.9455090410275524,0.07845323103043297
manifold_group_noise_fashion_mnist,0,0.1,0.0,4637,4637,0,0,0,1,5006,pca,embedding,0.7536233640969995,-0.05687382601312555
manifold_group_noise_fashion_mnist,0,0.1,0.0,4638,4638,1,1,0,1,5028,pca,embedding,-0.2120999897578778,0.3108051493324581
manifold_group_noise_fashion_mnist,0,0.1,0.0,4639,4639,0,1,1,1,5038,pca,embedding,-0.31572154384986173,-0.09748215063627214
manifold_group_noise_fashion_mnist,0,0.1,0.0,4640,4640,1,1,0,1,5036,pca,embedding,-0.3517934553303207,0.07677847070449889
manifold_group_noise_fashion_mnist,0,0.1,0.0,4641,4641,1,1,0,1,5039,pca,embedding,0.5355351088960028,0.5028520054104444
manifold_group_noise_fashion_mnist,0,0.1,0.0,4642,4642,0,1,1,1,5048,pca,embedding,0.4176784704148248,-0.04263877891175434
manifold_group_noise_fashion_mnist,0,0.1,0.0,4643,4643,0,0,0,1,5017,pca,embedding,0.5623925045869945,0.3925985545555233
manifold_group_noise_fashion_mnist,0,0.1,0.0,4644,4644,0,0,0,1,5022,pca,embedding,1.1762282188401387,-0.049477516648587246
manifold_group_noise_fashion_mnist,0,0.1,0.0,4645,4645,0,0,0,1,5017,pca,embedding,0.3628591457974496,-0.6497483929658308
manifold_group_noise_fashion_mnist,0,0.1,0.0,4646,4646,1,1,0,1,5030,pca,embedding,-0.9284580056867774,0.07757569445156197
manifold_group_noise_fashion_mnist,0,0.1,0.0,4647,4647,0,0,0,1,5024,pca,embedding,0.6889795008850427,-0.09619943925710156
manifold_group_noise_fashion_mnist,0,0.1,0.0,4648,4648,1,0,1,1,5003,pca,embedding,-0.5014868600704456,-0.40129542631444076
manifold_group_noise_fashion_mnist,0,0.1,0.0,4649,4649,1,1,0,1,5027,pca,embedding,-0.9211613190102087,-0.034281249915372985
manifold_group_noise_fashion_mnist,0,0.1,0.0,4650,4650,1,1,0,1,5040,pca,embedding,0.9638085539479864,-0.2840119289752035
manifold_group_noise_fashion_mnist,0,0.1,0.0,4651,4651,0,0,0,1,5014,pca,embedding,0.7678977337847899,-0.11035583561620001
manifold_group_noise_fashion_mnist,0,0.1,0.0,4652,4652,1,1,0,0,4652,pca,embedding,0.01921760875373338,0.31935555703740165
manifold_group_noise_fashion_mnist,0,0.1,0.0,4653,4653,1,1,0,1,5032,pca,embedding,-0.022500149811392672,-0.10335946436377227
manifold_group_noise_fashion_mnist,0,0.1,0.0,4654,4654,1,1,0,0,4654,pca,embedding,0.435875745664404,-0.1552837689635163
manifold_group_noise_fashion_mnist,0,0.1,0.0,4655,4655,1,1,0,0,4655,pca,embedding,-0.03237498098550607,0.2527884615030391
manifold_group_noise_fashion_mnist,0,0.1,0.0,4656,4656,1,1,0,1,5031,pca,embedding,-0.9051757192677781,-0.010541412260604566
manifold_group_noise_fashion_mnist,0,0.1,0.0,4657,4657,0,0,0,1,5024,pca,embedding,0.7208546092401329,-0.6260183676398299
manifold_group_noise_fashion_mnist,0,0.1,0.0,4658,4658,1,1,0,1,5043,pca,embedding,-0.927627709560692,0.05898609871957006
manifold_group_noise_fashion_mnist,0,0.1,0.0,4659,4659,0,0,0,1,5008,pca,embedding,-0.8787720047859574,-0.17554275547444023
manifold_group_noise_fashion_mnist,0,0.1,0.0,4660,4660,0,0,0,1,5004,pca,embedding,0.9219537995588976,0.34727948679518345
manifold_group_noise_fashion_mnist,0,0.1,0.0,4661,4661,1,1,0,1,5035,pca,embedding,-0.7110994955890426,0.02824032484861573
manifold_group_noise_fashion_mnist,0,0.1,0.0,4662,4662,1,0,1,1,5011,pca,embedding,0.7695558174371488,-0.7662841423477326
manifold_group_noise_fashion_mnist,0,0.1,0.0,4663,4663,1,1,0,1,5037,pca,embedding,-0.9325360993452441,-0.07610012937824356
manifold_group_noise_fashion_mnist,0,0.1,0.0,4664,4664,0,0,0,1,5022,pca,embedding,1.1436419157126236,0.0010284015936531873
manifold_group_noise_fashion_mnist,0,0.1,0.0,4665,4665,1,1,0,1,5035,pca,embedding,-0.752008900692176,0.08969923821210585
manifold_group_noise_fashion_mnist,0,0.1,0.0,4666,4666,1,1,0,0,4666,pca,embedding,-0.5652448142122654,0.10255855777075827
manifold_group_noise_fashion_mnist,0,0.1,0.0,4667,4667,0,1,1,1,5038,pca,embedding,-0.31572154384986173,-0.09748215063627214
manifold_group_noise_fashion_mnist,0,0.1,0.0,4668,4668,1,1,0,1,5045,pca,embedding,-0.023912204349207128,0.6742171117714612
manifold_group_noise_fashion_mnist,0,0.1,0.0,4669,4669,1,1,0,0,4669,pca,embedding,0.41772548681838395,0.13887838617499826
manifold_group_noise_fashion_mnist,0,0.1,0.0,4670,4670,1,1,0,1,5049,pca,embedding,0.9097379800464667,0.5167365172909986
manifold_group_noise_fashion_mnist,0,0.1,0.0,4671,4671,1,1,0,0,4671,pca,embedding,0.8878695295638848,0.08691011691220125
manifold_group_noise_fashion_mnist,0,0.1,0.0,4672,4672,1,1,0,1,5041,pca,embedding,0.5844760977688903,-0.44382278888937793
manifold_group_noise_fashion_mnist,0,0.1,0.0,4673,4673,0,0,0,1,5017,pca,embedding,0.1597065221692212,-0.6246671378773938
manifold_group_noise_fashion_mnist,0,0.1,0.0,4674,4674,0,0,0,1,5013,pca,embedding,-0.3658236567551889,-0.22296091048798566
manifold_group_noise_fashion_mnist,0,0.1,0.0,4675,4675,0,0,0,1,5016,pca,embedding,-0.9152971909511259,-0.11755388923442346
manifold_group_noise_fashion_mnist,0,0.1,0.0,4676,4676,0,0,0,1,5008,pca,embedding,-0.8422845096880531,-0.026917463812714926
manifold_group_noise_fashion_mnist,0,0.1,0.0,4677,4677,1,1,0,1,5047,pca,embedding,0.47663178879233864,0.6580460835640021
manifold_group_noise_fashion_mnist,0,0.1,0.0,4678,4678,1,1,0,1,5028,pca,embedding,-0.3279919904253632,0.2988263473652276
manifold_group_noise_fashion_mnist,0,0.1,0.0,4679,4679,1,1,0,1,5031,pca,embedding,-0.973137059386157,0.12674325466292358
manifold_group_noise_fashion_mnist,0,0.1,0.0,4680,4680,0,0,0,1,5023,pca,embedding,-0.11314246900555987,-0.5582749489686017
manifold_group_noise_fashion_mnist,0,0.1,0.0,4681,4681,0,0,0,1,5005,pca,embedding,-0.15637013188096563,0.05034399512039292
manifold_group_noise_fashion_mnist,0,0.1,0.0,4682,4682,0,0,0,1,5012,pca,embedding,0.7847317537699887,0.010272131550349476
manifold_group_noise_fashion_mnist,0,0.1,0.0,4683,4683,0,1,1,1,5048,pca,embedding,0.38157383938772615,-0.34369955091090765
manifold_group_noise_fashion_mnist,0,0.1,0.0,4684,4684,1,1,0,1,5035,pca,embedding,-0.6828492328007914,0.010838381728231549
manifold_group_noise_fashion_mnist,0,0.1,0.0,4685,4685,0,0,0,1,5013,pca,embedding,-0.3285459620831367,-0.27505309701823316
manifold_group_noise_fashion_mnist,0,0.1,0.0,4686,4686,1,1,0,1,5039,pca,embedding,0.5355351088960028,0.5028520054104444
manifold_group_noise_fashion_mnist,0,0.1,0.0,4687,4687,0,0,0,1,5025,pca,embedding,0.6654792898085041,0.8026062618479402
manifold_group_noise_fashion_mnist,0,0.1,0.0,4688,4688,1,1,0,1,5040,pca,embedding,1.0278440935982767,0.3676220998755022
manifold_group_noise_fashion_mnist,0,0.1,0.0,4689,4689,1,0,1,1,5011,pca,embedding,0.8725944705576296,-0.40664673198654633
manifold_group_noise_fashion_mnist,0,0.1,0.0,4690,4690,0,0,0,1,5023,pca,embedding,0.003620104004001236,0.5994805745799195
manifold_group_noise_fashion_mnist,0,0.1,0.0,4691,4691,1,0,1,1,5011,pca,embedding,1.0632756450110008,0.7335145818806117
manifold_group_noise_fashion_mnist,0,0.1,0.0,4692,4692,0,0,0,0,4692,pca,embedding,0.4511933895948802,0.1616546217158483
manifold_group_noise_fashion_mnist,0,0.1,0.0,4693,4693,0,0,0,1,5012,pca,embedding,0.3512120765894394,-0.7333911372031144
manifold_group_noise_fashion_mnist,0,0.1,0.0,4694,4694,0,0,0,0,4694,pca,embedding,-0.3811959696373954,0.23828014647429954
manifold_group_noise_fashion_mnist,0,0.1,0.0,4695,4695,1,1,0,1,5041,pca,embedding,0.7443488009031781,-0.4672574959597474
manifold_group_noise_fashion_mnist,0,0.1,0.0,4696,4696,1,1,0,1,5053,pca,embedding,-0.8347119811251343,-0.1123977747101461
manifold_group_noise_fashion_mnist,0,0.1,0.0,4697,4697,0,1,1,1,5048,pca,embedding,0.5471548728835446,0.16849138992802354
manifold_group_noise_fashion_mnist,0,0.1,0.0,4698,4698,1,1,0,1,5042,pca,embedding,-0.3068586851929598,0.4040958674373444
manifold_group_noise_fashion_mnist,0,0.1,0.0,4699,4699,1,1,0,1,5045,pca,embedding,0.13049128770826315,-0.6719086738885974
manifold_group_noise_fashion_mnist,0,0.1,0.0,4700,4700,0,0,0,1,5005,pca,embedding,-0.2261650964086729,0.3590698274709916
manifold_group_noise_fashion_mnist,0,0.1,0.0,4701,4701,0,0,0,1,5012,pca,embedding,0.624065497848962,0.8332340011965744
manifold_group_noise_fashion_mnist,0,0.1,0.0,4702,4702,1,1,0,1,5050,pca,embedding,-0.9633797595642204,0.06505590717257353
manifold_group_noise_fashion_mnist,0,0.1,0.0,4703,4703,0,0,0,1,5017,pca,embedding,0.5623925045869945,0.3925985545555233
manifold_group_noise_fashion_mnist,0,0.1,0.0,4704,4704,1,1,0,1,5053,pca,embedding,-0.8096290457891063,0.16889986182850375
manifold_group_noise_fashion_mnist,0,0.1,0.0,4705,4705,0,1,1,1,5048,pca,embedding,0.45814839421093645,0.2879306296987056
manifold_group_noise_fashion_mnist,0,0.1,0.0,4706,4706,1,1,0,1,5041,pca,embedding,0.6928152988548669,-0.3306144221976418
manifold_group_noise_fashion_mnist,0,0.1,0.0,4707,4707,0,0,0,1,5017,pca,embedding,0.3628591457974496,-0.6497483929658308
manifold_group_noise_fashion_mnist,0,0.1,0.0,4708,4708,1,1,0,1,5032,pca,embedding,0.1568096422197035,0.34983348476442755
manifold_group_noise_fashion_mnist,0,0.1,0.0,4709,4709,1,1,0,1,5035,pca,embedding,-0.7110994955890426,0.02824032484861573
manifold_group_noise_fashion_mnist,0,0.1,0.0,4710,4710,1,1,0,1,5031,pca,embedding,-0.924689570367777,-0.08310131483888905
manifold_group_noise_fashion_mnist,0,0.1,0.0,4711,4711,1,1,0,0,4711,pca,embedding,0.09917952964001887,-0.28585168552980045
manifold_group_noise_fashion_mnist,0,0.1,0.0,4712,4712,0,0,0,0,4712,pca,embedding,-0.12159213095850106,0.24803790977908158
manifold_group_noise_fashion_mnist,0,0.1,0.0,4713,4713,0,0,0,1,5014,pca,embedding,0.7819002486882511,0.4216229799524902
manifold_group_noise_fashion_mnist,0,0.1,0.0,4714,4714,0,0,0,1,5009,pca,embedding,0.5236857001343469,-0.8372656299555699
manifold_group_noise_fashion_mnist,0,0.1,0.0,4715,4715,0,0,0,0,4715,pca,embedding,-0.8839507444239739,-0.012847295386810374
manifold_group_noise_fashion_mnist,0,0.1,0.0,4716,4716,1,1,0,1,5044,pca,embedding,-0.9054483220023913,-0.028035047133300517
manifold_group_noise_fashion_mnist,0,0.1,0.0,4717,4717,0,0,0,1,5010,pca,embedding,-0.41589902325556777,-0.40204598334451097
manifold_group_noise_fashion_mnist,0,0.1,0.0,4718,4718,1,1,0,1,5053,pca,embedding,-0.8096290457891063,0.16889986182850375
manifold_group_noise_fashion_mnist,0,0.1,0.0,4719,4719,0,0,0,1,5014,pca,embedding,0.7189899329192356,0.827089130667805
manifold_group_noise_fashion_mnist,0,0.1,0.0,4720,4720,0,0,0,1,5009,pca,embedding,0.7612628318160118,0.8261681613822481
manifold_group_noise_fashion_mnist,0,0.1,0.0,4721,4721,1,1,0,1,5030,pca,embedding,-0.9209395422739621,-0.01864672235712852
manifold_group_noise_fashion_mnist,0,0.1,0.0,4722,4722,1,1,0,1,5036,pca,embedding,-0.3517934553303207,0.07677847070449889
manifold_group_noise_fashion_mnist,0,0.1,0.0,4723,4723,0,0,0,1,5022,pca,embedding,1.2148508008939185,-0.11253321091802014
manifold_group_noise_fashion_mnist,0,0.1,0.0,4724,4724,0,0,0,1,5022,pca,embedding,1.2137962231739468,0.030217732748475817
manifold_group_noise_fashion_mnist,0,0.1,0.0,4725,4725,0,0,0,1,5007,pca,embedding,0.7753181473654807,-0.09166461385840843
manifold_group_noise_fashion_mnist,0,0.1,0.0,4726,4726,0,0,0,1,5016,pca,embedding,-0.9062400862124153,0.2058162935111326
manifold_group_noise_fashion_mnist,0,0.1,0.0,4727,4727,0,0,0,1,5023,pca,embedding,0.08894873412917687,0.2968783084642451
manifold_group_noise_fashion_mnist,0,0.1,0.0,4728,4728,1,1,0,1,5043,pca,embedding,-0.927627709560692,0.05898609871957006
manifold_group_noise_fashion_mnist,0,0.1,0.0,4729,4729,1,1,0,1,5033,pca,embedding,-0.05403452346466277,0.022221408734965187
manifold_group_noise_fashion_mnist,0,0.1,0.0,4730,4730,1,1,0,1,5050,pca,embedding,-0.9340407503069712,0.022640505850833395
manifold_group_noise_fashion_mnist,0,0.1,0.0,4731,4731,0,0,0,1,5026,pca,embedding,0.7946395280906182,0.8405888436593694
manifold_group_noise_fashion_mnist,0,0.1,0.0,4732,4732,1,1,0,1,5039,pca,embedding,0.5355351088960028,0.5028520054104444
manifold_group_noise_fashion_mnist,0,0.1,0.0,4733,4733,0,1,1,1,5048,pca,embedding,0.492901301051715,-0.3244601030467125
manifold_group_noise_fashion_mnist,0,0.1,0.0,4734,4734,0,0,0,0,4734,pca,embedding,0.13271056306782,0.017179934621468426
manifold_group_noise_fashion_mnist,0,0.1,0.0,4735,4735,0,0,0,1,5004,pca,embedding,0.7235723198267562,-0.6281790730435929
manifold_group_noise_fashion_mnist,0,0.1,0.0,4736,4736,1,1,0,1,5028,pca,embedding,-0.2120999897578778,0.3108051493324581
manifold_group_noise_fashion_mnist,0,0.1,0.0,4737,4737,1,1,0,0,4737,pca,embedding,0.7545760377875649,-0.5551154994399431
manifold_group_noise_fashion_mnist,0,0.1,0.0,4738,4738,0,0,0,1,5017,pca,embedding,0.5623925045869945,0.3925985545555233
manifold_group_noise_fashion_mnist,0,0.1,0.0,4739,4739,0,0,0,1,5001,pca,embedding,-0.12765960888291422,-0.5738519883778975
manifold_group_noise_fashion_mnist,0,0.1,0.0,4740,4740,1,1,0,1,5042,pca,embedding,-0.3068586851929598,0.4040958674373444
manifold_group_noise_fashion_mnist,0,0.1,0.0,4741,4741,1,1,0,1,5039,pca,embedding,0.4851755172286444,0.2669129510488018
manifold_group_noise_fashion_mnist,0,0.1,0.0,4742,4742,1,1,0,1,5033,pca,embedding,-0.06084145954753835,-0.14510493903167881
manifold_group_noise_fashion_mnist,0,0.1,0.0,4743,4743,0,0,0,1,5004,pca,embedding,0.8416624288254475,0.8112611528263198
manifold_group_noise_fashion_mnist,0,0.1,0.0,4744,4744,1,1,0,1,5027,pca,embedding,-0.8979306341274793,-0.017790150496956834
manifold_group_noise_fashion_mnist,0,0.1,0.0,4745,4745,1,1,0,1,5028,pca,embedding,-0.3279919904253632,0.2988263473652276
manifold_group_noise_fashion_mnist,0,0.1,0.0,4746,4746,0,0,0,1,5026,pca,embedding,0.6337217791624357,-0.6939182956610946
manifold_group_noise_fashion_mnist,0,0.1,0.0,4747,4747,1,1,0,1,5041,pca,embedding,0.6401007002236344,0.4787203103706377
manifold_group_noise_fashion_mnist,0,0.1,0.0,4748,4748,1,0,1,1,5003,pca,embedding,-0.5867954907641388,0.39950648176692777
manifold_group_noise_fashion_mnist,0,0.1,0.0,4749,4749,0,1,1,1,5048,pca,embedding,0.45814839421093645,0.2879306296987056
manifold_group_noise_fashion_mnist,0,0.1,0.0,4750,4750,1,1,0,1,5035,pca,embedding,-0.6667900260756373,-0.0573493255188567
manifold_group_noise_fashion_mnist,0,0.1,0.0,4751,4751,0,0,0,1,5022,pca,embedding,1.195573168848439,-0.0740327506281147
manifold_group_noise_fashion_mnist,0,0.1,0.0,4752,4752,1,1,0,1,5044,pca,embedding,-0.8436613249721189,-0.051650734042801766
manifold_group_noise_fashion_mnist,0,0.1,0.0,4753,4753,0,0,0,1,5007,pca,embedding,0.5548388837205764,-0.829879136228746
manifold_group_noise_fashion_mnist,0,0.1,0.0,4754,4754,0,0,0,1,5009,pca,embedding,0.7612628318160118,0.8261681613822481
manifold_group_noise_fashion_mnist,0,0.1,0.0,4755,4755,0,0,0,1,5016,pca,embedding,-0.8509677715549849,-0.01540338677178673
manifold_group_noise_fashion_mnist,0,0.1,0.0,4756,4756,0,0,0,1,5017,pca,embedding,0.3031791233608747,0.79666286900664
manifold_group_noise_fashion_mnist,0,0.1,0.0,4757,4757,1,1,0,1,5030,pca,embedding,-0.8986247213169111,-0.056148105813807296
manifold_group_noise_fashion_mnist,0,0.1,0.0,4758,4758,0,1,1,1,5048,pca,embedding,0.492901301051715,-0.3244601030467125
manifold_group_noise_fashion_mnist,0,0.1,0.0,4759,4759,1,1,0,1,5052,pca,embedding,0.10914617449058941,-0.30537751074685376
manifold_group_noise_fashion_mnist,0,0.1,0.0,4760,4760,1,1,0,1,5030,pca,embedding,-0.8986247213169111,-0.056148105813807296
manifold_group_noise_fashion_mnist,0,0.1,0.0,4761,4761,1,1,0,1,5035,pca,embedding,-0.6907325920280938,-0.03198974782540881
manifold_group_noise_fashion_mnist,0,0.1,0.0,4762,4762,1,1,0,1,5052,pca,embedding,0.4416019717201118,-0.005862702580363158
manifold_group_noise_fashion_mnist,0,0.1,0.0,4763,4763,1,1,0,1,5045,pca,embedding,-0.12688140138847487,-0.5181427643528681
manifold_group_noise_fashion_mnist,0,0.1,0.0,4764,4764,1,1,0,1,5029,pca,embedding,-0.15465422184097266,-0.46454111083059463
manifold_group_noise_fashion_mnist,0,0.1,0.0,4765,4765,0,0,0,0,4765,pca,embedding,0.17106328637460888,0.07021035643078352
manifold_group_noise_fashion_mnist,0,0.1,0.0,4766,4766,0,0,0,1,5022,pca,embedding,1.195573168848439,-0.0740327506281147
manifold_group_noise_fashion_mnist,0,0.1,0.0,4767,4767,0,0,0,1,5021,pca,embedding,-0.36622400282035117,-0.4639109470794891
manifold_group_noise_fashion_mnist,0,0.1,0.0,4768,4768,1,1,0,1,5039,pca,embedding,0.5355351088960028,0.5028520054104444
manifold_group_noise_fashion_mnist,0,0.1,0.0,4769,4769,0,0,0,1,5018,pca,embedding,-0.7068305207264386,-0.2727428350357739
manifold_group_noise_fashion_mnist,0,0.1,0.0,4770,4770,1,0,1,1,5011,pca,embedding,0.7695558174371488,-0.7662841423477326
manifold_group_noise_fashion_mnist,0,0.1,0.0,4771,4771,0,0,0,1,5009,pca,embedding,0.7612628318160118,0.8261681613822481
manifold_group_noise_fashion_mnist,0,0.1,0.0,4772,4772,1,1,0,0,4772,pca,embedding,0.44399258498984956,0.37606220032828375
manifold_group_noise_fashion_mnist,0,0.1,0.0,4773,4773,1,1,0,1,5032,pca,embedding,0.00018842572645626958,-0.43445998582687473
manifold_group_noise_fashion_mnist,0,0.1,0.0,4774,4774,0,0,0,1,5016,pca,embedding,-0.9152971909511259,-0.11755388923442346
manifold_group_noise_fashion_mnist,0,0.1,0.0,4775,4775,1,1,0,0,4775,pca,embedding,0.17769050822153581,-0.47770060910088885
manifold_group_noise_fashion_mnist,0,0.1,0.0,4776,4776,1,1,0,1,5049,pca,embedding,0.8140468593726866,-0.5460639295144033
manifold_group_noise_fashion_mnist,0,0.1,0.0,4777,4777,0,0,0,1,5014,pca,embedding,0.40745637616120395,-0.8576257244527901
manifold_group_noise_fashion_mnist,0,0.1,0.0,4778,4778,1,1,0,1,5040,pca,embedding,0.9556092619000912,0.3116468394266708
manifold_group_noise_fashion_mnist,0,0.1,0.0,4779,4779,0,0,0,1,5007,pca,embedding,0.5548388837205764,-0.829879136228746
manifold_group_noise_fashion_mnist,0,0.1,0.0,4780,4780,0,0,0,1,5014,pca,embedding,0.6094693329535171,-0.8857080044419519
manifold_group_noise_fashion_mnist,0,0.1,0.0,4781,4781,0,0,0,1,5000,pca,embedding,-0.9222991026547397,0.15914508828285734
manifold_group_noise_fashion_mnist,0,0.1,0.0,4782,4782,1,1,0,1,5045,pca,embedding,0.13049128770826315,-0.6719086738885974
manifold_group_noise_fashion_mnist,0,0.1,0.0,4783,4783,1,0,1,1,5011,pca,embedding,1.0836505367390346,0.3198908696898428
manifold_group_noise_fashion_mnist,0,0.1,0.0,4784,4784,1,1,0,1,5036,pca,embedding,-0.39282918594126903,0.08707623083528769
manifold_group_noise_fashion_mnist,0,0.1,0.0,4785,4785,1,1,0,1,5031,pca,embedding,-0.9051757192677781,-0.010541412260604566
manifold_group_noise_fashion_mnist,0,0.1,0.0,4786,4786,0,0,0,1,5006,pca,embedding,0.641033663196675,0.46046741222447707
manifold_group_noise_fashion_mnist,0,0.1,0.0,4787,4787,1,1,0,1,5030,pca,embedding,-0.9455090410275524,0.07845323103043297
manifold_group_noise_fashion_mnist,0,0.1,0.0,4788,4788,1,1,0,1,5049,pca,embedding,0.863640550927793,0.22621685441346845
manifold_group_noise_fashion_mnist,0,0.1,0.0,4789,4789,1,1,0,1,5037,pca,embedding,-0.9325360993452441,-0.07610012937824356
manifold_group_noise_fashion_mnist,0,0.1,0.0,4790,4790,1,1,0,1,5046,pca,embedding,0.8803425975300603,0.3428916285907527
manifold_group_noise_fashion_mnist,0,0.1,0.0,4791,4791,0,0,0,1,5001,pca,embedding,-0.05538889503811345,-0.6002121147759213
manifold_group_noise_fashion_mnist,0,0.1,0.0,4792,4792,1,1,0,1,5032,pca,embedding,-0.026482521803006503,0.5206757153159047
manifold_group_noise_fashion_mnist,0,0.1,0.0,4793,4793,0,0,0,1,5009,pca,embedding,0.7220182985779489,0.38717609148799004
manifold_group_noise_fashion_mnist,0,0.1,0.0,4794,4794,1,1,0,1,5030,pca,embedding,-0.9284580056867774,0.07757569445156197
manifold_group_noise_fashion_mnist,0,0.1,0.0,4795,4795,1,1,0,1,5037,pca,embedding,-0.8867009149679453,-0.061050091358040307
manifold_group_noise_fashion_mnist,0,0.1,0.0,4796,4796,1,1,0,1,5044,pca,embedding,-0.9436233235651873,-0.02241019472775343
manifold_group_noise_fashion_mnist,0,0.1,0.0,4797,4797,0,0,0,1,5005,pca,embedding,-0.2261650964086729,0.3590698274709916
manifold_group_noise_fashion_mnist,0,0.1,0.0,4798,4798,1,1,0,1,5037,pca,embedding,-0.9325360993452441,-0.07610012937824356
manifold_group_noise_fashion_mnist,0,0.1,0.0,4799,4799,1,1,0,1,5049,pca,embedding,0.863640550927793,0.22621685441346845
manifold_group_noise_fashion_mnist,0,0.1,0.0,4800,4800,1,1,0,1,5049,pca,embedding,0.8013860217728647,0.712468607580184
manifold_group_noise_fashion_mnist,0,0.1,0.0,4801,4801,1,1,0,1,5045,pca,embedding,0.17877845884599153,0.5653329005856519
manifold_group_noise_fashion_mnist,0,0.1,0.0,4802,4802,1,1,0,1,5043,pca,embedding,-0.927627709560692,0.05898609871957006
manifold_group_noise_fashion_mnist,0,0.1,0.0,4803,4803,0,0,0,1,5005,pca,embedding,-0.15637013188096563,0.05034399512039292
manifold_group_noise_fashion_mnist,0,0.1,0.0,4804,4804,1,1,0,1,5030,pca,embedding,-0.9768938419577679,0.07935511896996024
manifold_group_noise_fashion_mnist,0,0.1,0.0,4805,4805,0,0,0,1,5021,pca,embedding,-0.3548751758499397,-0.3641901084105268
manifold_group_noise_fashion_mnist,0,0.1,0.0,4806,4806,1,1,0,1,5051,pca,embedding,-0.3074325927249318,-0.1251305349173088
manifold_group_noise_fashion_mnist,0,0.1,0.0,4807,4807,0,0,0,1,5005,pca,embedding,-0.2437377609651729,0.2533061210626731
manifold_group_noise_fashion_mnist,0,0.1,0.0,4808,4808,1,1,0,1,5049,pca,embedding,0.6866450355191042,-0.3090933446307612
manifold_group_noise_fashion_mnist,0,0.1,0.0,4809,4809,0,0,0,1,5016,pca,embedding,-0.8509677715549849,-0.01540338677178673
manifold_group_noise_fashion_mnist,0,0.1,0.0,4810,4810,1,0,1,1,5003,pca,embedding,-0.5867954907641388,0.39950648176692777
manifold_group_noise_fashion_mnist,0,0.1,0.0,4811,4811,0,0,0,1,5023,pca,embedding,0.08641802259078749,-0.3842479343851682
manifold_group_noise_fashion_mnist,0,0.1,0.0,4812,4812,0,0,0,1,5022,pca,embedding,1.166763621068896,-0.04785445284464078
manifold_group_noise_fashion_mnist,0,0.1,0.0,4813,4813,1,1,0,0,4813,pca,embedding,0.5321901542593255,-0.2524599959497982
manifold_group_noise_fashion_mnist,0,0.1,0.0,4814,4814,0,0,0,1,5020,pca,embedding,-0.9182058813285668,-0.03122462482137476
manifold_group_noise_fashion_mnist,0,0.1,0.0,4815,4815,1,1,0,1,5051,pca,embedding,-0.3916274622753575,-0.00892092059959868
manifold_group_noise_fashion_mnist,0,0.1,0.0,4816,4816,1,1,0,1,5053,pca,embedding,-0.7317446151812173,-0.04920518895769421
manifold_group_noise_fashion_mnist,0,0.1,0.0,4817,4817,1,1,0,1,5045,pca,embedding,0.13049128770826315,-0.6719086738885974
manifold_group_noise_fashion_mnist,0,0.1,0.0,4818,4818,1,1,0,1,5037,pca,embedding,-0.9285085189355319,0.12372178331099772
manifold_group_noise_fashion_mnist,0,0.1,0.0,4819,4819,1,1,0,1,5035,pca,embedding,-0.6907325920280938,-0.03198974782540881
manifold_group_noise_fashion_mnist,0,0.1,0.0,4820,4820,1,1,0,1,5052,pca,embedding,0.10914617449058941,-0.30537751074685376
manifold_group_noise_fashion_mnist,0,0.1,0.0,4821,4821,0,1,1,1,5038,pca,embedding,-0.3133958801901215,-0.2556486234133627
manifold_group_noise_fashion_mnist,0,0.1,0.0,4822,4822,0,0,0,1,5005,pca,embedding,-0.4137625988765228,-0.3434844872991656
manifold_group_noise_fashion_mnist,0,0.1,0.0,4823,4823,1,1,0,1,5045,pca,embedding,-0.12688140138847487,-0.5181427643528681
manifold_group_noise_fashion_mnist,0,0.1,0.0,4824,4824,0,0,0,1,5005,pca,embedding,-0.4137625988765228,-0.3434844872991656
manifold_group_noise_fashion_mnist,0,0.1,0.0,4825,4825,0,0,0,1,5026,pca,embedding,1.099304446952027,0.44541998606694344
manifold_group_noise_fashion_mnist,0,0.1,0.0,4826,4826,1,1,0,1,5047,pca,embedding,0.7359655449763685,-0.39330564260566236
manifold_group_noise_fashion_mnist,0,0.1,0.0,4827,4827,1,1,0,1,5031,pca,embedding,-0.9051757192677781,-0.010541412260604566
manifold_group_noise_fashion_mnist,0,0.1,0.0,4828,4828,1,1,0,1,5049,pca,embedding,1.0547772851688835,0.10684692394700401
manifold_group_noise_fashion_mnist,0,0.1,0.0,4829,4829,0,0,0,0,4829,pca,embedding,-0.8418927802122336,0.01595233546898179
manifold_group_noise_fashion_mnist,0,0.1,0.0,4830,4830,1,1,0,1,5047,pca,embedding,0.7249618280873926,0.37652685014653864
manifold_group_noise_fashion_mnist,0,0.1,0.0,4831,4831,1,1,0,1,5032,pca,embedding,0.07903643075557423,0.5866220857841515
manifold_group_noise_fashion_mnist,0,0.1,0.0,4832,4832,0,1,1,1,5048,pca,embedding,0.3741940331124406,-0.45362834526990936
manifold_group_noise_fashion_mnist,0,0.1,0.0,4833,4833,1,1,0,1,5049,pca,embedding,0.7416494200596989,-0.4910804289043934
manifold_group_noise_fashion_mnist,0,0.1,0.0,4834,4834,1,1,0,1,5042,pca,embedding,-0.3068586851929598,0.4040958674373444
manifold_group_noise_fashion_mnist,0,0.1,0.0,4835,4835,1,1,0,0,4835,pca,embedding,-0.7125502426691646,-0.02430093788057707
manifold_group_noise_fashion_mnist,0,0.1,0.0,4836,4836,0,0,0,1,5004,pca,embedding,0.6842847854669506,-0.8126709954433566
manifold_group_noise_fashion_mnist,0,0.1,0.0,4837,4837,1,1,0,1,5044,pca,embedding,-0.9436233235651873,-0.02241019472775343
manifold_group_noise_fashion_mnist,0,0.1,0.0,4838,4838,1,1,0,1,5049,pca,embedding,0.8140468593726866,-0.5460639295144033
manifold_group_noise_fashion_mnist,0,0.1,0.0,4839,4839,1,1,0,1,5029,pca,embedding,0.24045052742495007,0.05136318275439887
manifold_group_noise_fashion_mnist,0,0.1,0.0,4840,4840,1,1,0,1,5045,pca,embedding,-0.023912204349207128,0.6742171117714612
manifold_group_noise_fashion_mnist,0,0.1,0.0,4841,4841,1,1,0,0,4841,pca,embedding,-0.08882297485466753,-0.23238674869423478
manifold_group_noise_fashion_mnist,0,0.1,0.0,4842,4842,0,0,0,1,5021,pca,embedding,-0.24725796965555075,-0.029354322296564657
manifold_group_noise_fashion_mnist,0,0.1,0.0,4843,4843,0,0,0,1,5004,pca,embedding,0.7235723198267562,-0.6281790730435929
manifold_group_noise_fashion_mnist,0,0.1,0.0,4844,4844,1,1,0,0,4844,pca,embedding,0.491417254778825,0.2433519269944082
manifold_group_noise_fashion_mnist,0,0.1,0.0,4845,4845,0,0,0,0,4845,pca,embedding,1.0937268876993698,-0.3466875808816259
manifold_group_noise_fashion_mnist,0,0.1,0.0,4846,4846,0,0,0,1,5026,pca,embedding,0.8643189487384404,-0.8625810007250894
manifold_group_noise_fashion_mnist,0,0.1,0.0,4847,4847,1,1,0,1,5033,pca,embedding,0.049240988225383975,-0.022771124126511402
manifold_group_noise_fashion_mnist,0,0.1,0.0,4848,4848,0,0,0,1,5022,pca,embedding,1.0125058821933504,-0.004184128301940829
manifold_group_noise_fashion_mnist,0,0.1,0.0,4849,4849,1,1,0,1,5052,pca,embedding,0.10914617449058941,-0.30537751074685376
manifold_group_noise_fashion_mnist,0,0.1,0.0,4850,4850,0,0,0,1,5001,pca,embedding,0.17009837343458245,-0.012868815770705498
manifold_group_noise_fashion_mnist,0,0.1,0.0,4851,4851,0,0,0,1,5019,pca,embedding,0.0385386749115602,-0.33054870121680663
manifold_group_noise_fashion_mnist,0,0.1,0.0,4852,4852,1,1,0,1,5047,pca,embedding,0.5413275426228574,-0.6745157502840254
manifold_group_noise_fashion_mnist,0,0.1,0.0,4853,4853,0,0,0,1,5019,pca,embedding,0.17953222483285922,0.3500034085721285
manifold_group_noise_fashion_mnist,0,0.1,0.0,4854,4854,1,1,0,0,4854,pca,embedding,0.5121095632857688,-0.05973162644684256
manifold_group_noise_fashion_mnist,0,0.1,0.0,4855,4855,1,1,0,1,5033,pca,embedding,-0.1044219877835599,-0.17973285227105545
manifold_group_noise_fashion_mnist,0,0.1,0.0,4856,4856,0,0,0,1,5000,pca,embedding,-0.8808858386624963,-0.1312427687701472
manifold_group_noise_fashion_mnist,0,0.1,0.0,4857,4857,1,1,0,1,5046,pca,embedding,0.6895972893579505,-0.05687295986053127
manifold_group_noise_fashion_mnist,0,0.1,0.0,4858,4858,0,0,0,1,5016,pca,embedding,-0.8606213670885708,-0.09417720175393225
manifold_group_noise_fashion_mnist,0,0.1,0.0,4859,4859,0,1,1,1,5038,pca,embedding,-0.4865390588766893,0.22012350181401108
manifold_group_noise_fashion_mnist,0,0.1,0.0,4860,4860,1,1,0,1,5042,pca,embedding,-0.4127925433357662,-0.34339604484988073
manifold_group_noise_fashion_mnist,0,0.1,0.0,4861,4861,1,1,0,1,5028,pca,embedding,-0.41378062404630866,-0.144984868993714
manifold_group_noise_fashion_mnist,0,0.1,0.0,4862,4862,0,0,0,1,5014,pca,embedding,0.8535588173599765,-0.60045735898739
manifold_group_noise_fashion_mnist,0,0.1,0.0,4863,4863,0,1,1,1,5048,pca,embedding,0.45814839421093645,0.2879306296987056
manifold_group_noise_fashion_mnist,0,0.1,0.0,4864,4864,0,0,0,1,5017,pca,embedding,0.6982379349935406,0.051010451223345146
manifold_group_noise_fashion_mnist,0,0.1,0.0,4865,4865,0,0,0,1,5014,pca,embedding,0.4478056244785398,0.8442172320241165
manifold_group_noise_fashion_mnist,0,0.1,0.0,4866,4866,1,1,0,1,5031,pca,embedding,-0.8982236666380776,-0.07541559947421098
manifold_group_noise_fashion_mnist,0,0.1,0.0,4867,4867,1,0,1,1,5011,pca,embedding,0.7695558174371488,-0.7662841423477326
manifold_group_noise_fashion_mnist,0,0.1,0.0,4868,4868,1,1,0,1,5031,pca,embedding,-0.9394879261979056,0.05044013774769198
manifold_group_noise_fashion_mnist,0,0.1,0.0,4869,4869,1,1,0,1,5040,pca,embedding,0.9556092619000912,0.3116468394266708
manifold_group_noise_fashion_mnist,0,0.1,0.0,4870,4870,1,1,0,1,5032,pca,embedding,0.00018842572645626958,-0.43445998582687473
manifold_group_noise_fashion_mnist,0,0.1,0.0,4871,4871,1,1,0,0,4871,pca,embedding,0.6849877695950197,0.1541404582280106
manifold_group_noise_fashion_mnist,0,0.1,0.0,4872,4872,0,0,0,1,5013,pca,embedding,-0.3461370574406063,-0.08283726768672724
manifold_group_noise_fashion_mnist,0,0.1,0.0,4873,4873,1,1,0,1,5049,pca,embedding,1.0547772851688835,0.10684692394700401
manifold_group_noise_fashion_mnist,0,0.1,0.0,4874,4874,0,0,0,1,5022,pca,embedding,1.166763621068896,-0.04785445284464078
manifold_group_noise_fashion_mnist,0,0.1,0.0,4875,4875,1,1,0,1,5031,pca,embedding,-0.9051757192677781,-0.010541412260604566
manifold_group_noise_fashion_mnist,0,0.1,0.0,4876,4876,1,1,0,1,5050,pca,embedding,-0.9458074762300921,0.06719541826265182
manifold_group_noise_fashion_mnist,0,0.1,0.0,4877,4877,1,1,0,1,5046,pca,embedding,0.7080287886564381,0.16646882082555609
manifold_group_noise_fashion_mnist,0,0.1,0.0,4878,4878,1,1,0,1,5032,pca,embedding,-0.022500149811392672,-0.10335946436377227
manifold_group_noise_fashion_mnist,0,0.1,0.0,4879,4879,0,0,0,1,5024,pca,embedding,0.5454844980215682,-0.8349077818822478
manifold_group_noise_fashion_mnist,0,0.1,0.0,4880,4880,1,1,0,1,5049,pca,embedding,1.0547772851688835,0.10684692394700401
manifold_group_noise_fashion_mnist,0,0.1,0.0,4881,4881,0,0,0,1,5017,pca,embedding,0.6982379349935406,0.051010451223345146
manifold_group_noise_fashion_mnist,0,0.1,0.0,4882,4882,1,1,0,1,5052,pca,embedding,0.24166124905275171,0.16699955842434674
manifold_group_noise_fashion_mnist,0,0.1,0.0,4883,4883,1,1,0,1,5041,pca,embedding,0.6401007002236344,0.4787203103706377
manifold_group_noise_fashion_mnist,0,0.1,0.0,4884,4884,0,0,0,1,5024,pca,embedding,0.6889795008850427,-0.09619943925710156
manifold_group_noise_fashion_mnist,0,0.1,0.0,4885,4885,0,1,1,1,5034,pca,embedding,-0.1823321336584099,-0.07631486458399953
manifold_group_noise_fashion_mnist,0,0.1,0.0,4886,4886,0,0,0,1,5005,pca,embedding,-0.3174989864853371,0.36429285596803956
manifold_group_noise_fashion_mnist,0,0.1,0.0,4887,4887,0,0,0,1,5019,pca,embedding,-0.010879409820909215,0.6548309761404424
manifold_group_noise_fashion_mnist,0,0.1,0.0,4888,4888,1,1,0,1,5039,pca,embedding,0.5094747687212898,0.069679257584386
manifold_group_noise_fashion_mnist,0,0.1,0.0,4889,4889,1,1,0,1,5052,pca,embedding,0.4416019717201118,-0.005862702580363158
manifold_group_noise_fashion_mnist,0,0.1,0.0,4890,4890,0,0,0,1,5014,pca,embedding,0.7678977337847899,-0.11035583561620001
manifold_group_noise_fashion_mnist,0,0.1,0.0,4891,4891,1,1,0,1,5032,pca,embedding,-0.026482521803006503,0.5206757153159047
manifold_group_noise_fashion_mnist,0,0.1,0.0,4892,4892,1,1,0,1,5031,pca,embedding,-0.8982236666380776,-0.07541559947421098
manifold_group_noise_fashion_mnist,0,0.1,0.0,4893,4893,1,1,0,1,5029,pca,embedding,-0.15465422184097266,-0.46454111083059463
manifold_group_noise_fashion_mnist,0,0.1,0.0,4894,4894,1,1,0,1,5047,pca,embedding,0.7359655449763685,-0.39330564260566236
manifold_group_noise_fashion_mnist,0,0.1,0.0,4895,4895,0,0,0,1,5013,pca,embedding,-0.489467932838028,0.341773645140756
manifold_group_noise_fashion_mnist,0,0.1,0.0,4896,4896,0,0,0,1,5016,pca,embedding,-0.8613599190874848,0.09269488605632856
manifold_group_noise_fashion_mnist,0,0.1,0.0,4897,4897,1,1,0,1,5041,pca,embedding,0.5844760977688903,-0.44382278888937793
manifold_group_noise_fashion_mnist,0,0.1,0.0,4898,4898,1,1,0,0,4898,pca,embedding,0.5469215093373032,0.22804615097663777
manifold_group_noise_fashion_mnist,0,0.1,0.0,4899,4899,0,0,0,1,5000,pca,embedding,-0.8749712693917652,0.06748196125381502
manifold_group_noise_fashion_mnist,0,0.1,0.0,4900,4900,0,0,0,1,5022,pca,embedding,1.166763621068896,-0.04785445284464078
manifold_group_noise_fashion_mnist,0,0.1,0.0,4901,4901,1,1,0,1,5029,pca,embedding,-0.06120646338593993,0.5882067640373233
manifold_group_noise_fashion_mnist,0,0.1,0.0,4902,4902,0,0,0,1,5000,pca,embedding,-0.8482294902072546,-0.08288451163736288
manifold_group_noise_fashion_mnist,0,0.1,0.0,4903,4903,0,0,0,1,5004,pca,embedding,0.6269438728333586,0.7539656483575822
manifold_group_noise_fashion_mnist,0,0.1,0.0,4904,4904,0,0,0,1,5019,pca,embedding,0.20504542291987438,0.5388028870550683
manifold_group_noise_fashion_mnist,0,0.1,0.0,4905,4905,1,1,0,1,5046,pca,embedding,0.5884249003708669,-0.39782158400628154
manifold_group_noise_fashion_mnist,0,0.1,0.0,4906,4906,1,1,0,1,5027,pca,embedding,-0.9211613190102087,-0.034281249915372985
manifold_group_noise_fashion_mnist,0,0.1,0.0,4907,4907,1,1,0,1,5044,pca,embedding,-0.9436233235651873,-0.02241019472775343
manifold_group_noise_fashion_mnist,0,0.1,0.0,4908,4908,0,1,1,1,5048,pca,embedding,0.6069922522516008,0.2722663809365343
manifold_group_noise_fashion_mnist,0,0.1,0.0,4909,4909,1,1,0,1,5029,pca,embedding,-0.07978019776220503,-0.498586403932072
manifold_group_noise_fashion_mnist,0,0.1,0.0,4910,4910,0,1,1,1,5034,pca,embedding,-0.44965446702105594,-0.41181672715131773
manifold_group_noise_fashion_mnist,0,0.1,0.0,4911,4911,0,0,0,1,5024,pca,embedding,0.6919665655444946,0.4459559946850061
manifold_group_noise_fashion_mnist,0,0.1,0.0,4912,4912,0,0,0,1,5016,pca,embedding,-0.9152971909511259,-0.11755388923442346
manifold_group_noise_fashion_mnist,0,0.1,0.0,4913,4913,0,0,0,1,5007,pca,embedding,0.5548388837205764,-0.829879136228746
manifold_group_noise_fashion_mnist,0,0.1,0.0,4914,4914,0,0,0,1,5009,pca,embedding,0.5236857001343469,-0.8372656299555699
manifold_group_noise_fashion_mnist,0,0.1,0.0,4915,4915,1,1,0,0,4915,pca,embedding,-0.0893927989168065,0.0860460831810547
manifold_group_noise_fashion_mnist,0,0.1,0.0,4916,4916,1,1,0,1,5052,pca,embedding,0.4416019717201118,-0.005862702580363158
manifold_group_noise_fashion_mnist,0,0.1,0.0,4917,4917,0,0,0,1,5006,pca,embedding,0.35711079994100686,-0.6477605264741929
manifold_group_noise_fashion_mnist,0,0.1,0.0,4918,4918,0,1,1,1,5048,pca,embedding,0.45814839421093645,0.2879306296987056
manifold_group_noise_fashion_mnist,0,0.1,0.0,4919,4919,0,0,0,1,5021,pca,embedding,-0.3493533633876066,0.4942954504288888
manifold_group_noise_fashion_mnist,0,0.1,0.0,4920,4920,0,0,0,1,5016,pca,embedding,-0.869876558737363,-0.18625837551779087
manifold_group_noise_fashion_mnist,0,0.1,0.0,4921,4921,0,0,0,1,5024,pca,embedding,0.6424016146150658,0.8677763583519197
manifold_group_noise_fashion_mnist,0,0.1,0.0,4922,4922,0,0,0,1,5009,pca,embedding,0.4182495389043073,-0.771356768620443
manifold_group_noise_fashion_mnist,0,0.1,0.0,4923,4923,1,1,0,1,5030,pca,embedding,-0.9455090410275524,0.07845323103043297
manifold_group_noise_fashion_mnist,0,0.1,0.0,4924,4924,1,1,0,1,5049,pca,embedding,0.9097379800464667,0.5167365172909986
manifold_group_noise_fashion_mnist,0,0.1,0.0,4925,4925,1,1,0,1,5032,pca,embedding,0.013593336354832768,-0.6492356599143791
manifold_group_noise_fashion_mnist,0,0.1,0.0,4926,4926,1,1,0,1,5030,pca,embedding,-0.9209395422739621,-0.01864672235712852
manifold_group_noise_fashion_mnist,0,0.1,0.0,4927,4927,0,0,0,1,5018,pca,embedding,-0.7068305207264386,-0.2727428350357739
manifold_group_noise_fashion_mnist,0,0.1,0.0,4928,4928,0,0,0,1,5009,pca,embedding,0.5100982407672714,0.8762759198067938
manifold_group_noise_fashion_mnist,0,0.1,0.0,4929,4929,0,1,1,1,5034,pca,embedding,-0.1823321336584099,-0.07631486458399953
manifold_group_noise_fashion_mnist,0,0.1,0.0,4930,4930,1,0,1,1,5003,pca,embedding,-0.45260110267790515,-0.3085114685137685
manifold_group_noise_fashion_mnist,0,0.1,0.0,4931,4931,0,1,1,1,5038,pca,embedding,-0.31572154384986173,-0.09748215063627214
manifold_group_noise_fashion_mnist,0,0.1,0.0,4932,4932,0,0,0,1,5023,pca,embedding,-0.20106253903599097,0.5873934255843252
manifold_group_noise_fashion_mnist,0,0.1,0.0,4933,4933,1,1,0,1,5049,pca,embedding,0.9097379800464667,0.5167365172909986
manifold_group_noise_fashion_mnist,0,0.1,0.0,4934,4934,0,1,1,1,5048,pca,embedding,0.45814839421093645,0.2879306296987056
manifold_group_noise_fashion_mnist,0,0.1,0.0,4935,4935,0,0,0,1,5024,pca,embedding,0.6424016146150658,0.8677763583519197
manifold_group_noise_fashion_mnist,0,0.1,0.0,4936,4936,1,1,0,1,5049,pca,embedding,0.8013860217728647,0.712468607580184
manifold_group_noise_fashion_mnist,0,0.1,0.0,4937,4937,1,1,0,1,5030,pca,embedding,-0.90499218386251,0.03200052709337366
manifold_group_noise_fashion_mnist,0,0.1,0.0,4938,4938,1,1,0,1,5035,pca,embedding,-0.7496119841615728,0.07035211293920175
manifold_group_noise_fashion_mnist,0,0.1,0.0,4939,4939,1,1,0,1,5046,pca,embedding,0.6895972893579505,-0.05687295986053127
manifold_group_noise_fashion_mnist,0,0.1,0.0,4940,4940,1,1,0,1,5039,pca,embedding,0.37206163262000064,-0.3002693046015191
manifold_group_noise_fashion_mnist,0,0.1,0.0,4941,4941,0,0,0,1,5001,pca,embedding,-0.12765960888291422,-0.5738519883778975
manifold_group_noise_fashion_mnist,0,0.1,0.0,4942,4942,0,0,0,1,5023,pca,embedding,0.08641802259078749,-0.3842479343851682
manifold_group_noise_fashion_mnist,0,0.1,0.0,4943,4943,1,1,0,1,5043,pca,embedding,-0.9208997079692137,0.051831734207093784
manifold_group_noise_fashion_mnist,0,0.1,0.0,4944,4944,0,0,0,1,5005,pca,embedding,-0.31172243532877025,-0.2875737397070633
manifold_group_noise_fashion_mnist,0,0.1,0.0,4945,4945,1,1,0,1,5046,pca,embedding,0.6611968481267156,0.4557086154121704
manifold_group_noise_fashion_mnist,0,0.1,0.0,4946,4946,1,1,0,1,5030,pca,embedding,-0.8824088432951473,-0.01964378038018249
manifold_group_noise_fashion_mnist,0,0.1,0.0,4947,4947,1,1,0,1,5028,pca,embedding,-0.3050402874115591,-0.1864596598233734
manifold_group_noise_fashion_mnist,0,0.1,0.0,4948,4948,0,0,0,1,5020,pca,embedding,-0.9440668832153333,0.04496190695905783
manifold_group_noise_fashion_mnist,0,0.1,0.0,4949,4949,1,1,0,1,5031,pca,embedding,-0.924689570367777,-0.08310131483888905
manifold_group_noise_fashion_mnist,0,0.1,0.0,4950,4950,1,1,0,0,4950,pca,embedding,0.020657007830246092,0.04342077881620042
manifold_group_noise_fashion_mnist,0,0.1,0.0,4951,4951,1,0,1,1,5003,pca,embedding,-0.6482112587788974,-0.2923616439600145
manifold_group_noise_fashion_mnist,0,0.1,0.0,4952,4952,0,1,1,1,5048,pca,embedding,0.492901301051715,-0.3244601030467125
manifold_group_noise_fashion_mnist,0,0.1,0.0,4953,4953,0,0,0,1,5012,pca,embedding,0.5957482642573569,0.4317125508650245
manifold_group_noise_fashion_mnist,0,0.1,0.0,4954,4954,1,1,0,1,5045,pca,embedding,-0.12688140138847487,-0.5181427643528681
manifold_group_noise_fashion_mnist,0,0.1,0.0,4955,4955,0,0,0,1,5000,pca,embedding,-0.8749712693917652,0.06748196125381502
manifold_group_noise_fashion_mnist,0,0.1,0.0,4956,4956,1,1,0,0,4956,pca,embedding,-0.5117429501751679,0.0687915033909105
manifold_group_noise_fashion_mnist,0,0.1,0.0,4957,4957,0,0,0,1,5026,pca,embedding,1.022559497622446,0.8460606298309279
manifold_group_noise_fashion_mnist,0,0.1,0.0,4958,4958,1,1,0,1,5044,pca,embedding,-0.9054483220023913,-0.028035047133300517
manifold_group_noise_fashion_mnist,0,0.1,0.0,4959,4959,0,0,0,1,5000,pca,embedding,-0.8673618868686219,-0.14290749941287173
manifold_group_noise_fashion_mnist,0,0.1,0.0,4960,4960,1,1,0,0,4960,pca,embedding,0.4808622434392789,-0.2506737169387877
manifold_group_noise_fashion_mnist,0,0.1,0.0,4961,4961,1,1,0,1,5033,pca,embedding,-0.08413682683862493,0.05264053256545338
manifold_group_noise_fashion_mnist,0,0.1,0.0,4962,4962,0,0,0,0,4962,pca,embedding,0.2787191894772699,0.27850600670530745
manifold_group_noise_fashion_mnist,0,0.1,0.0,4963,4963,1,1,0,1,5041,pca,embedding,0.7208128840419465,0.3437274768766544
manifold_group_noise_fashion_mnist,0,0.1,0.0,4964,4964,1,1,0,1,5051,pca,embedding,-0.35822179074975263,0.034832740339420916
manifold_group_noise_fashion_mnist,0,0.1,0.0,4965,4965,0,0,0,1,5026,pca,embedding,1.099304446952027,0.44541998606694344
manifold_group_noise_fashion_mnist,0,0.1,0.0,4966,4966,1,0,1,1,5011,pca,embedding,0.7695558174371488,-0.7662841423477326
manifold_group_noise_fashion_mnist,0,0.1,0.0,4967,4967,1,1,0,1,5044,pca,embedding,-0.9167338232460113,0.0841411118770874
manifold_group_noise_fashion_mnist,0,0.1,0.0,4968,4968,1,1,0,1,5028,pca,embedding,-0.37137485276847726,-0.16509126453997391
manifold_group_noise_fashion_mnist,0,0.1,0.0,4969,4969,1,1,0,1,5051,pca,embedding,-0.2825986995757922,0.13936204090759163
manifold_group_noise_fashion_mnist,0,0.1,0.0,4970,4970,0,0,0,1,5016,pca,embedding,-0.869876558737363,-0.18625837551779087
manifold_group_noise_fashion_mnist,0,0.1,0.0,4971,4971,0,0,0,1,5008,pca,embedding,-0.8787720047859574,-0.17554275547444023
manifold_group_noise_fashion_mnist,0,0.1,0.0,4972,4972,1,1,0,1,5041,pca,embedding,0.6401007002236344,0.4787203103706377
manifold_group_noise_fashion_mnist,0,0.1,0.0,4973,4973,1,1,0,0,4973,pca,embedding,-0.14160412349090454,-0.17297639394564396
manifold_group_noise_fashion_mnist,0,0.1,0.0,4974,4974,0,0,0,1,5014,pca,embedding,0.7819002486882511,0.4216229799524902
manifold_group_noise_fashion_mnist,0,0.1,0.0,4975,4975,0,0,0,0,4975,pca,embedding,-0.7108375172794483,0.07037728959648927
manifold_group_noise_fashion_mnist,0,0.1,0.0,4976,4976,0,0,0,1,5006,pca,embedding,0.6063231051169138,-0.4736000388354108
manifold_group_noise_fashion_mnist,0,0.1,0.0,4977,4977,1,1,0,1,5031,pca,embedding,-0.9162003834892567,0.13716688375594316
manifold_group_noise_fashion_mnist,0,0.1,0.0,4978,4978,0,0,0,0,4978,pca,embedding,0.07143252844845441,0.21271547614165562
manifold_group_noise_fashion_mnist,0,0.1,0.0,4979,4979,0,0,0,1,5010,pca,embedding,-0.3956760771084659,0.20052088123156192
manifold_group_noise_fashion_mnist,0,0.1,0.0,4980,4980,0,0,0,0,4980,pca,embedding,0.9468605553770088,0.3326754887976907
manifold_group_noise_fashion_mnist,0,0.1,0.0,4981,4981,0,0,0,1,5001,pca,embedding,0.1842710657423465,-0.39672528045504274
manifold_group_noise_fashion_mnist,0,0.1,0.0,4982,4982,0,1,1,1,5048,pca,embedding,0.45814839421093645,0.2879306296987056
manifold_group_noise_fashion_mnist,0,0.1,0.0,4983,4983,1,0,1,1,5003,pca,embedding,-0.45260110267790515,-0.3085114685137685
manifold_group_noise_fashion_mnist,0,0.1,0.0,4984,4984,0,0,0,1,5018,pca,embedding,-0.6324876569353582,-0.2744907294885924
manifold_group_noise_fashion_mnist,0,0.1,0.0,4985,4985,1,1,0,1,5040,pca,embedding,1.0278440935982767,0.3676220998755022
manifold_group_noise_fashion_mnist,0,0.1,0.0,4986,4986,0,0,0,1,5022,pca,embedding,1.2137962231739468,0.030217732748475817
manifold_group_noise_fashion_mnist,0,0.1,0.0,4987,4987,0,0,0,1,5023,pca,embedding,0.08418620216466474,-0.05160726063623573
manifold_group_noise_fashion_mnist,0,0.1,0.0,4988,4988,0,0,0,1,5014,pca,embedding,0.7189899329192356,0.827089130667805
manifold_group_noise_fashion_mnist,0,0.1,0.0,4989,4989,0,0,0,1,5020,pca,embedding,-0.9410983733320567,0.06979016174051982
manifold_group_noise_fashion_mnist,0,0.1,0.0,4990,4990,1,1,0,0,4990,pca,embedding,0.4422320327342682,0.07197226324458471
manifold_group_noise_fashion_mnist,0,0.1,0.0,4991,4991,1,1,0,1,5039,pca,embedding,0.23789568918134668,-0.43851881130338527
manifold_group_noise_fashion_mnist,0,0.1,0.0,4992,4992,0,1,1,1,5034,pca,embedding,-0.22742093001377786,-0.5102598635981641
manifold_group_noise_fashion_mnist,0,0.1,0.0,4993,4993,0,0,0,1,5010,pca,embedding,-0.3956760771084659,0.20052088123156192
manifold_group_noise_fashion_mnist,0,0.1,0.0,4994,4994,1,1,0,1,5037,pca,embedding,-0.93710611277642,-0.01734109810579587
manifold_group_noise_fashion_mnist,0,0.1,0.0,4995,4995,0,1,1,1,5038,pca,embedding,-0.39527774731617377,0.23896871831842648
manifold_group_noise_fashion_mnist,0,0.1,0.0,4996,4996,0,0,0,1,5017,pca,embedding,0.6982379349935406,0.051010451223345146
manifold_group_noise_fashion_mnist,0,0.1,0.0,4997,4997,0,0,0,1,5009,pca,embedding,0.5236857001343469,-0.8372656299555699
manifold_group_noise_fashion_mnist,0,0.1,0.0,4998,4998,0,0,0,1,5022,pca,embedding,1.1436419157126236,0.0010284015936531873
manifold_group_noise_fashion_mnist,0,0.1,0.0,4999,4999,1,1,0,1,5042,pca,embedding,-0.16787632716399709,0.19195240980779077
