dataset,method,noise_rate,pretrain_fraction,step,n,compression_size_mean,compression_size_se,remaining_bad_mean,remaining_bad_se,effective_compression_size_mean,effective_compression_size_se,certified_bound_mean,certified_bound_se,test_error_mean,test_error_se,pac_bayes_bound_mean,pac_bayes_bound_se,pac_bayes_empirical_risk_mean,pac_bayes_empirical_risk_se,pac_bayes_mc_upper_mean,pac_bayes_mc_upper_se,pac_bayes_kl_mean,pac_bayes_kl_se,runtime_sec_mean,runtime_sec_se,stop_reached_mean,stop_reached_se,hit_limit_mean,hit_limit_se,train_calls_mean,train_calls_se,noise_hit_rate_mean,noise_hit_rate_se,duplicate_hit_rate_mean,duplicate_hit_rate_se,pairwise_feature_cosine_mean,pairwise_feature_cosine_se
mnist,MaxLoss,0.3,0.0,0,5,4.0,0.0,2509.8,38.06231732304275,2513.8,38.06231732304275,0.5287018638569861,0.007629073791390473,0.5007999999999999,0.017812748243884197,,,,,,,,,0.12083901059813798,0.09105598547640702,0.0,0.0,0.0,0.0,1.0,0.0,0.4,0.06123724356957944,0.0,0.0,0.6774430274963379,0.005971466308114269
mnist,MaxLoss,0.3,0.0,10,5,14.0,0.0,2461.0,13.638181696985855,2475.0,13.638181696985855,0.5209370968746952,0.002735149983051198,0.47345999999999994,0.0058085798608610035,,,,,,,,,0.2716284574009478,0.09344023804820498,0.0,0.0,0.0,0.0,11.0,0.0,0.41428571428571426,0.034992710611188256,0.0,0.0,0.7079045295715332,0.009330447282699507
mnist,MaxLoss,0.3,0.0,100,5,104.0,0.0,2369.8,18.8875620449014,2473.8,18.8875620449014,0.5206950874649919,0.0037858862706763845,0.47784000000000004,0.009129545443229916,,,,,,,,,1.5816110176034273,0.10644596925049289,0.0,0.0,0.0,0.0,101.0,0.0,0.44038461538461543,0.02137126035662776,0.0,0.0,0.594555139541626,0.011317394592984508
mnist,MaxLoss,0.3,0.0,102,5,106.0,0.0,2397.0,21.56153983369462,2503.0,21.56153983369462,0.5265464798430912,0.00431885312919841,0.4788799999999999,0.009330026795245559,,,,,,,,,1.6104025669978,0.10646964717968795,0.0,0.0,0.0,0.0,103.0,0.0,0.4433962264150943,0.02151274386979505,0.0,0.0,0.5974300265312195,0.007516046460635212
mnist,MaxLoss,0.3,0.0,104,5,108.0,0.0,2399.6,24.589835298350412,2507.6,24.589835298350412,0.5274669156526215,0.004924030819226309,0.4816599999999999,0.014066755134002991,,,,,,,,,1.6396258604130707,0.10689927285438915,0.0,0.0,0.0,0.0,105.0,0.0,0.4444444444444445,0.02210617849317282,0.0,0.0,0.6021647453308105,0.004431990982119669
mnist,MaxLoss,0.3,0.0,106,5,110.0,0.0,2411.8,27.201838173182338,2521.8,27.201838173182338,0.5303101962199435,0.005449653469705705,0.48352000000000006,0.017164480766979226,,,,,,,,,1.6689554463955574,0.10741185825759295,0.0,0.0,0.0,0.0,107.0,0.0,0.44545454545454544,0.020928844424038792,0.0,0.0,0.5973389625549317,0.005264143939857957
mnist,MaxLoss,0.3,0.0,108,5,112.0,0.0,2412.2,40.44675512324814,2524.2,40.44675512324814,0.5307833265163936,0.008102348612823072,0.48284000000000005,0.022997534650479382,,,,,,,,,1.6990842666011303,0.10772159182141051,0.0,0.0,0.0,0.0,109.0,0.0,0.4446428571428571,0.022124128023864053,0.0,0.0,0.5949830770492553,0.00480001084029659
mnist,MaxLoss,0.3,0.0,110,5,114.0,0.0,2415.8,50.81771344718296,2529.8,50.81771344718296,0.5318968300358392,0.010185037626205684,0.48843999999999993,0.031180051314903243,,,,,,,,,1.7291666078031995,0.10794811617650492,0.0,0.0,0.0,0.0,111.0,0.0,0.44210526315789467,0.020497055167627933,0.0,0.0,0.5924999356269837,0.0064919467804686526
mnist,MaxLoss,0.3,0.0,112,5,116.0,0.0,2388.0,32.207142065076184,2504.0,32.207142065076184,0.5267420217278413,0.006447265536418333,0.48738000000000004,0.017812899820074224,,,,,,,,,1.7588645326090044,0.1082813295738472,0.0,0.0,0.0,0.0,113.0,0.0,0.4413793103448276,0.020290693613689337,0.0,0.0,0.5970495581626892,0.008604548420317326
mnist,MaxLoss,0.3,0.0,114,5,118.0,0.0,2405.8,35.21562153363191,2523.8,35.21562153363191,0.5307065316592343,0.007047636971174789,0.49142,0.0181337089421883,,,,,,,,,1.7885382225969806,0.1086070867056765,0.0,0.0,0.0,0.0,115.0,0.0,0.4423728813559323,0.020654334927040576,0.0,0.0,0.5959517478942871,0.008121743163492854
mnist,MaxLoss,0.3,0.0,116,5,120.0,0.0,2403.4,27.345200675804154,2523.4,27.345200675804154,0.5306305689853617,0.0054742399888231055,0.49598000000000003,0.014365388960971457,,,,,,,,,1.8178142260061576,0.1085227966080518,0.0,0.0,0.0,0.0,117.0,0.0,0.43833333333333335,0.02084999333866134,0.0,0.0,0.595272958278656,0.005777626170494717
mnist,MaxLoss,0.3,0.0,118,5,122.0,0.0,2403.2,37.850231174987556,2525.2,37.850231174987556,0.5309852872393094,0.007574401687657548,0.48662,0.019123686883025452,,,,,,,,,1.847114664199762,0.10845229995779845,0.0,0.0,0.0,0.0,119.0,0.0,0.4360655737704918,0.020475403273437366,0.0,0.0,0.5943111300468444,0.007036657180284744
mnist,MaxLoss,0.3,0.0,12,5,16.0,0.0,2487.8,30.38980092070364,2503.8,30.38980092070364,0.5267029170645401,0.006089712024305925,0.48272000000000004,0.016719431808527477,,,,,,,,,0.30075649640057234,0.09380346176323806,0.0,0.0,0.0,0.0,13.0,0.0,0.4125,0.024999999999999994,0.0,0.0,0.7158501982688904,0.009395748715038088
mnist,MaxLoss,0.3,0.0,120,5,124.0,0.0,2393.4,41.292372176952966,2517.4,41.292372176952966,0.5294208031031303,0.00827090900609932,0.48832000000000003,0.02335978167706196,,,,,,,,,1.8763870673952625,0.1083856978524184,0.0,0.0,0.0,0.0,121.0,0.0,0.4370967741935484,0.020145154833543216,0.0,0.0,0.5931363821029663,0.00866988916342958
mnist,MaxLoss,0.3,0.0,122,5,126.0,0.0,2431.4,23.08376052552963,2557.4,23.08376052552963,0.5374392723781056,0.0046197164372849915,0.50492,0.013751487192300342,,,,,,,,,1.9064602259895764,0.10814688049949397,0.0,0.0,0.0,0.0,123.0,0.0,0.434920634920635,0.018510958396334286,0.0,0.0,0.5885466575622559,0.006327355324920034
mnist,MaxLoss,0.3,0.0,124,5,128.0,0.0,2393.6,20.448960853794013,2521.6,20.448960853794013,0.5302728434675373,0.0040965827699286006,0.4831999999999999,0.009775274932194994,,,,,,,,,1.935781334794592,0.10808486397252119,0.0,0.0,0.0,0.0,125.0,0.0,0.43125,0.01664630918176759,0.0,0.0,0.5824683785438538,0.00820670137405094
mnist,MaxLoss,0.3,0.0,126,5,130.0,0.0,2410.4,23.930315501472183,2540.4,23.930315501472183,0.534036099689547,0.004791517157789863,0.48918,0.01113424447369466,,,,,,,,,1.965162669995334,0.10851245522708139,0.0,0.0,0.0,0.0,127.0,0.0,0.4338461538461539,0.016605410111479153,0.0,0.0,0.5854282259941102,0.007582301678562799
mnist,MaxLoss,0.3,0.0,128,5,132.0,0.0,2430.4,29.902508255997517,2562.4,29.902508255997517,0.5384368201252073,0.005978841689074075,0.50132,0.01846170089672129,,,,,,,,,1.994895257812459,0.10883356387148824,0.0,0.0,0.0,0.0,129.0,0.0,0.43636363636363634,0.016528351688841994,0.0,0.0,0.5884978413581848,0.006502998408918453
mnist,MaxLoss,0.3,0.0,130,5,134.0,0.0,2427.8,23.38674838450185,2561.8,23.38674838450185,0.5383196926559322,0.004681338779755107,0.49584,0.01510369491217298,,,,,,,,,2.0243011323967948,0.10926933679627825,0.0,0.0,0.0,0.0,131.0,0.0,0.43582089552238806,0.016951965211344098,0.0,0.0,0.5874390006065369,0.006498481082681542
mnist,MaxLoss,0.3,0.0,132,5,136.0,0.0,2426.6,19.772708463940898,2562.6,19.772708463940898,0.5384810920804739,0.003956353283981631,0.5032,0.009347192091746063,,,,,,,,,2.053670369007159,0.10921442492899637,0.0,0.0,0.0,0.0,133.0,0.0,0.4367647058823529,0.015872818488913896,0.0,0.0,0.5900932312011719,0.004392918180085627
mnist,MaxLoss,0.3,0.0,134,5,138.0,0.0,2428.4,24.733782565551916,2566.4,24.733782565551916,0.5392396119772457,0.004946221294537525,0.49664,0.010724019768724781,,,,,,,,,2.083331542403903,0.10906015614924902,0.0,0.0,0.0,0.0,135.0,0.0,0.4347826086956522,0.015709770571506382,0.0,0.0,0.5905451655387879,0.003991558527588754
mnist,MaxLoss,0.3,0.0,136,5,140.0,0.0,2413.8,20.45580602176311,2553.8,20.45580602176311,0.5367197355022654,0.004094112797261086,0.49529999999999996,0.010216408370851264,,,,,,,,,2.11306396080181,0.10944523187949644,0.0,0.0,0.0,0.0,137.0,0.0,0.4357142857142858,0.016903085094570336,0.0,0.0,0.5903076767921448,0.005691364864630121
mnist,MaxLoss,0.3,0.0,138,5,142.0,0.0,2403.0,39.05508929704296,2545.0,39.05508929704296,0.5349489404121414,0.007808598814966368,0.48640000000000005,0.017763642644457817,,,,,,,,,2.142741408594884,0.10978852579477906,0.0,0.0,0.0,0.0,139.0,0.0,0.4338028169014085,0.018843786141210777,0.0,0.0,0.5868102073669433,0.004038073260551173
mnist,MaxLoss,0.3,0.0,14,5,18.0,0.0,2481.4,26.13924252919353,2499.4,26.13924252919353,0.525823325489182,0.005238705309063913,0.48403999999999997,0.018036341092361276,,,,,,,,,0.3299083158141002,0.09426338064121587,0.0,0.0,0.0,0.0,15.0,0.0,0.37777777777777777,0.02721655269759086,0.0,0.0,0.7125198006629944,0.00750078382746254
mnist,MaxLoss,0.3,0.0,140,5,144.0,0.0,2378.8,44.75533487753164,2522.8,44.75533487753164,0.5304998453124427,0.008960941599092116,0.47332,0.016618224935293177,,,,,,,,,2.1720551367965526,0.10973547081102848,0.0,0.0,0.0,0.0,141.0,0.0,0.43611111111111106,0.01829436093377707,0.0,0.0,0.5912162661552429,0.008239396670667852
mnist,MaxLoss,0.3,0.0,142,5,146.0,0.0,2370.6,42.692622313463005,2516.6,42.692622313463005,0.52925956803374,0.00854755308577783,0.4766,0.016853159941091166,,,,,,,,,2.201555091398768,0.11027259838882217,0.0,0.0,0.0,0.0,143.0,0.0,0.43698630136986305,0.01597521067080904,0.0,0.0,0.5937375545501709,0.006454329694785699
mnist,MaxLoss,0.3,0.0,144,5,148.0,0.0,2355.4,32.93873100166429,2503.4,32.93873100166429,0.5266214136965572,0.0065976927559559225,0.47030000000000005,0.015273670154877638,,,,,,,,,2.2313214933965355,0.11061541460823911,0.0,0.0,0.0,0.0,145.0,0.0,0.43648648648648647,0.015496412082675286,0.0,0.0,0.5954536676406861,0.005256605798929184
mnist,MaxLoss,0.3,0.0,146,5,150.0,0.0,2339.4,31.896081264004827,2489.4,31.896081264004827,0.5238165550865233,0.006389455204237667,0.45972,0.013421229451879584,,,,,,,,,2.261154298391193,0.11103181824228137,0.0,0.0,0.0,0.0,147.0,0.0,0.43466666666666665,0.01420485050177501,0.0,0.0,0.5993985414505005,0.004648465463849273
mnist,MaxLoss,0.3,0.0,148,5,152.0,0.0,2352.2,35.474497882281575,2504.2,35.474497882281575,0.5267802439513616,0.007107409425375365,0.46516,0.014292046739358223,,,,,,,,,2.291004862205591,0.11143818100245104,0.0,0.0,0.0,0.0,149.0,0.0,0.4355263157894737,0.015202921063541243,0.0,0.0,0.5969466209411621,0.004808547557246381
mnist,MaxLoss,0.3,0.0,150,5,154.0,0.0,2345.4,34.692362271831534,2499.4,34.692362271831534,0.5258189543383196,0.006951882741296954,0.46541999999999994,0.013550476006399192,,,,,,,,,2.3204655039939097,0.11187129178873992,0.0,0.0,0.0,0.0,151.0,0.0,0.44025974025974024,0.015283899085636127,0.0,0.0,0.5908753275871277,0.004033470968837976
mnist,MaxLoss,0.3,0.0,152,5,156.0,0.0,2327.8,29.897157055479372,2483.8,29.897157055479372,0.5226951942313462,0.005991789096734093,0.45196,0.011172493007382014,,,,,,,,,2.34956448180601,0.11190254549916093,0.0,0.0,0.0,0.0,153.0,0.0,0.4397435897435898,0.013230620154198907,0.0,0.0,0.5844827175140381,0.004210577237380346
mnist,MaxLoss,0.3,0.0,154,5,158.0,0.0,2314.4,37.825388299394895,2472.4,37.825388299394895,0.5204053909052163,0.007580986767743651,0.4417,0.012819204343484042,,,,,,,,,2.3799330299953,0.11214863763390101,0.0,0.0,0.0,0.0,155.0,0.0,0.43670886075949367,0.014010090899480162,0.0,0.0,0.5853989958763123,0.005864329537559028
mnist,MaxLoss,0.3,0.0,156,5,160.0,0.0,2301.8,38.030777010205824,2461.8,38.030777010205824,0.5182798508205451,0.0076258923337003326,0.44568,0.011957315752291574,,,,,,,,,2.40945792819839,0.11259214266840747,0.0,0.0,0.0,0.0,157.0,0.0,0.43624999999999997,0.013462912017836256,0.0,0.0,0.5840089797973633,0.007155722720901669
mnist,MaxLoss,0.3,0.0,158,5,162.0,0.0,2310.8,27.81078927322991,2472.8,27.81078927322991,0.5204911046661437,0.005573524948108881,0.44604,0.010982376791933519,,,,,,,,,2.438910381007008,0.11303144310011777,0.0,0.0,0.0,0.0,159.0,0.0,0.43456790123456795,0.01228379551983481,0.0,0.0,0.5834617376327514,0.006552185108798874
mnist,MaxLoss,0.3,0.0,16,5,20.0,0.0,2479.2,33.58928400546817,2499.2,33.58928400546817,0.5257795133511536,0.006731813071820646,0.48475999999999997,0.016248772261312543,,,,,,,,,0.35898910120595245,0.0946071372105423,0.0,0.0,0.0,0.0,17.0,0.0,0.38,0.012247448713915901,0.0,0.0,0.7120132565498352,0.006174215034864403
mnist,MaxLoss,0.3,0.0,160,5,164.0,0.0,2312.6,16.61505341550246,2476.6,16.61505341550246,0.5212570996722207,0.0033309555030820496,0.44438000000000005,0.004984114765933862,,,,,,,,,2.468381939211395,0.11347130858559068,0.0,0.0,0.0,0.0,161.0,0.0,0.4353658536585366,0.01213399313544658,0.0,0.0,0.5848710536956787,0.007975303308898094
mnist,MaxLoss,0.3,0.0,162,5,166.0,0.0,2310.0,17.23658898970443,2476.0,17.23658898970443,0.5211366397794336,0.0034553829594280274,0.45592000000000005,0.008822153932005488,,,,,,,,,2.497451898595318,0.11350380142838996,0.0,0.0,0.0,0.0,163.0,0.0,0.4385542168674698,0.013253012048192762,0.0,0.0,0.5845904588699341,0.007782117361575982
mnist,MaxLoss,0.3,0.0,164,5,168.0,0.0,2286.6,15.23023309079674,2454.6,15.23023309079674,0.5168460960499942,0.0030548923034343016,0.44948,0.008970362311523436,,,,,,,,,2.526927517389413,0.11393031876006678,0.0,0.0,0.0,0.0,165.0,0.0,0.4345238095238095,0.013176156917368245,0.0,0.0,0.5842457771301269,0.005368003431316833
mnist,MaxLoss,0.3,0.0,166,5,170.0,0.0,2297.6,20.158372950215995,2467.6,20.158372950215995,0.5194515983224847,0.004040759660666317,0.45434,0.003888907301543715,,,,,,,,,2.556430165213533,0.11438172838532262,0.0,0.0,0.0,0.0,167.0,0.0,0.4352941176470589,0.014646940703516154,0.0,0.0,0.5856495380401612,0.005528716789488609
mnist,MaxLoss,0.3,0.0,168,5,172.0,0.0,2308.8,23.10281368145447,2480.8,23.10281368145447,0.5220968770445324,0.004630820599727719,0.45176,0.008496387467624107,,,,,,,,,2.585913993604481,0.11480767312646735,0.0,0.0,0.0,0.0,169.0,0.0,0.43488372093023253,0.014639160827923454,0.0,0.0,0.5873141288757324,0.003566384239034919
mnist,MaxLoss,0.3,0.0,170,5,174.0,0.0,2316.4,21.676254288967915,2490.4,21.676254288967915,0.5240215708967298,0.0043447862100116,0.45990000000000003,0.007668311417776407,,,,,,,,,2.615399582812097,0.11525345600330476,0.0,0.0,0.0,0.0,171.0,0.0,0.4367816091954023,0.013600183409424399,0.0,0.0,0.5912470817565918,0.004937260501013378
mnist,MaxLoss,0.3,0.0,172,5,176.0,0.0,2305.8,16.393291310777098,2481.8,16.393291310777098,0.5222995522897691,0.003285358489415473,0.45397999999999994,0.00526814958026061,,,,,,,,,2.6449802026036195,0.11572512098869676,0.0,0.0,0.0,0.0,173.0,0.0,0.4352272727272727,0.013754225496488871,0.0,0.0,0.5911424160003662,0.004444382017996233
mnist,MaxLoss,0.3,0.0,174,5,178.0,0.0,2315.2,23.60381325125243,2493.2,23.60381325125243,0.5245819765259512,0.004729505535611733,0.45552000000000004,0.008275590613364109,,,,,,,,,2.674506876594387,0.11565842612900419,0.0,0.0,0.0,0.0,175.0,0.0,0.43483146067415734,0.013246995643316396,0.0,0.0,0.5903216004371643,0.0030102584680640155
mnist,MaxLoss,0.3,0.0,176,5,180.0,0.0,2329.2,15.288557812952797,2509.2,15.288557812952797,0.5277905738446862,0.0030632135659517334,0.46898,0.006944091013228442,,,,,,,,,2.703759528591763,0.1156858213569745,0.0,0.0,0.0,0.0,177.0,0.0,0.4377777777777778,0.013193713430042131,0.0,0.0,0.5984126925468445,0.002607215944610581
mnist,MaxLoss,0.3,0.0,178,5,182.0,0.0,2322.6,14.65127980757995,2504.6,14.65127980757995,0.5268691528122872,0.0029351131086620026,0.46234000000000003,0.007606615541750489,,,,,,,,,2.733444772998337,0.11609372999689854,0.0,0.0,0.0,0.0,179.0,0.0,0.4373626373626374,0.013300789491110115,0.0,0.0,0.5986562609672547,0.004304295146543222
mnist,MaxLoss,0.3,0.0,18,5,22.0,0.0,2473.8,23.09632005320328,2495.8,23.09632005320328,0.5251032049767673,0.004628222706713523,0.47668,0.01044362963724777,,,,,,,,,0.3877009766059928,0.09455460492280117,0.0,0.0,0.0,0.0,19.0,0.0,0.4,0.02226808857075616,0.0,0.0,0.692765748500824,0.009206562717393915
mnist,MaxLoss,0.3,0.0,180,5,184.0,0.0,2329.0,20.097263495311992,2513.0,20.097263495311992,0.5285503815277479,0.004024409516078529,0.46614000000000005,0.005361305811087448,,,,,,,,,2.7627502928022296,0.11608991374999329,0.0,0.0,0.0,0.0,181.0,0.0,0.43695652173913047,0.01246450537084752,0.0,0.0,0.5975250959396362,0.004594560914452781
mnist,MaxLoss,0.3,0.0,182,5,186.0,0.0,2319.2,18.491619723539632,2505.2,18.491619723539632,0.5269882944528945,0.0037036926313521405,0.45838,0.011415051467251485,,,,,,,,,2.792417945002671,0.11649836715359384,0.0,0.0,0.0,0.0,183.0,0.0,0.4365591397849462,0.011949521919834874,0.0,0.0,0.5940104603767395,0.004939154486312769
mnist,MaxLoss,0.3,0.0,184,5,188.0,0.0,2300.4,29.17978752492896,2488.4,29.17978752492896,0.5236175339203328,0.005850129012749622,0.45382,0.01052432420633268,,,,,,,,,2.8217012716108,0.11650916487467321,0.0,0.0,0.0,0.0,185.0,0.0,0.4382978723404255,0.011605012887910339,0.0,0.0,0.5884837985038758,0.0047180216073660014
mnist,MaxLoss,0.3,0.0,186,5,190.0,0.0,2290.8,18.64242473499625,2480.8,18.64242473499625,0.5220984402578324,0.003737232668065891,0.44996,0.007754585740063752,,,,,,,,,2.85136062821839,0.11692753302672741,0.0,0.0,0.0,0.0,187.0,0.0,0.4378947368421052,0.011458705819514336,0.0,0.0,0.590400755405426,0.0057583324827064014
mnist,MaxLoss,0.3,0.0,188,5,192.0,0.0,2277.4,18.018324006410804,2469.4,18.018324006410804,0.5198131931363605,0.0036129482635671975,0.45616,0.007998849917331867,,,,,,,,,2.8809650605893693,0.11735286620167647,0.0,0.0,0.0,0.0,189.0,0.0,0.4395833333333333,0.012926743381240474,0.0,0.0,0.5831918716430664,0.0048889190655092745
mnist,MaxLoss,0.3,0.0,190,5,194.0,0.0,2282.8,20.426453436659042,2476.8,20.426453436659042,0.5212960084085353,0.004094168736459979,0.46018,0.007962876364731527,,,,,,,,,2.910996377596166,0.11768002840117145,0.0,0.0,0.0,0.0,191.0,0.0,0.44020618556701036,0.013302564845942208,0.0,0.0,0.5826206922531127,0.008266473523268997
mnist,MaxLoss,0.3,0.0,192,5,196.0,0.0,2306.6,31.66480696293599,2502.6,31.66480696293599,0.5264618223300204,0.006345687082693194,0.47844,0.012293599960955278,,,,,,,,,2.9409766600001603,0.11845372895530891,0.0,0.0,0.0,0.0,193.0,0.0,0.4408163265306122,0.0144847648638555,0.0,0.0,0.58049076795578,0.007471765087727041
mnist,MaxLoss,0.3,0.0,194,5,198.0,0.0,2300.6,16.026852467031695,2498.6,16.026852467031695,0.5256666031433269,0.0032112703994002178,0.4765,0.008366719787347973,,,,,,,,,2.9707940279855394,0.11899698785151656,0.0,0.0,0.0,0.0,195.0,0.0,0.44141414141414137,0.014069079067862747,0.0,0.0,0.5807143211364746,0.006455386041538009
mnist,MaxLoss,0.3,0.0,196,5,200.0,0.0,2290.4,30.635926622186574,2490.4,30.635926622186574,0.5240176308434457,0.0061361100126350095,0.47028,0.006292964325339846,,,,,,,,,3.000539553607814,0.11954584227199794,0.0,0.0,0.0,0.0,197.0,0.0,0.441,0.014439529078193646,0.0,0.0,0.581245756149292,0.003908363749927522
mnist,MaxLoss,0.3,0.0,198,5,202.0,0.0,2302.6,29.862350878656557,2504.6,29.862350878656557,0.5268634662264958,0.005982616176252963,0.47438,0.009677107005711985,,,,,,,,,3.0303510732017456,0.12009851262877971,0.0,0.0,0.0,0.0,199.0,0.0,0.44158415841584164,0.012756533392797148,0.0,0.0,0.5815172791481018,0.0026913612919256574
mnist,MaxLoss,0.3,0.0,2,5,6.0,0.0,2455.2,39.097826026519684,2461.2,39.097826026519684,0.5181588366511278,0.007836723987516782,0.49898,0.03183057335330296,,,,,,,,,0.15305804300587625,0.09216426679669436,0.0,0.0,0.0,0.0,3.0,0.0,0.4,0.06666666666666667,0.0,0.0,0.6656312346458435,0.006341426121039522
mnist,MaxLoss,0.3,0.0,20,5,24.0,0.0,2490.0,31.123945765278542,2514.0,31.123945765278542,0.5287459479179233,0.006231411487168671,0.48274,0.006094390863736898,,,,,,,,,0.4167966450098902,0.09442217705693658,0.0,0.0,0.0,0.0,21.0,0.0,0.425,0.015590239111558083,0.0,0.0,0.6763799905776977,0.009298788518259347
mnist,MaxLoss,0.3,0.0,200,5,204.0,0.0,2286.0,27.613402542968153,2490.0,27.613402542968153,0.5239389485330321,0.0055344923466288136,0.4652,0.010029307054826858,,,,,,,,,3.0604829462012275,0.12095519594234572,0.0,0.0,0.0,0.0,201.0,0.0,0.4401960784313726,0.01328060508249419,0.0,0.0,0.581015694141388,0.0033824479193277205
mnist,MaxLoss,0.3,0.0,202,5,206.0,0.0,2297.6,20.607280266934787,2503.6,20.607280266934787,0.526667034754064,0.004129385659296281,0.4683,0.00679308471903597,,,,,,,,,3.090430030389689,0.1215614033060759,0.0,0.0,0.0,0.0,203.0,0.0,0.4427184466019417,0.013151667169071912,0.0,0.0,0.5813349962234498,0.0031001345578010393
mnist,MaxLoss,0.3,0.0,204,5,208.0,0.0,2295.8,20.734994574390416,2503.8,20.734994574390416,0.5267070615664124,0.00415479560241934,0.46904,0.007842996876194717,,,,,,,,,3.119817299814895,0.12170473816712665,0.0,0.0,0.0,0.0,205.0,0.0,0.44134615384615383,0.013716675593929903,0.0,0.0,0.5841611742973327,0.005541173567961626
mnist,MaxLoss,0.3,0.0,206,5,210.0,0.0,2303.8,22.736314565030103,2513.8,22.736314565030103,0.5287096856744029,0.00455374669042128,0.46524,0.007468373316860904,,,,,,,,,3.1496826733928174,0.122230652403537,0.0,0.0,0.0,0.0,207.0,0.0,0.440952380952381,0.012830660557435692,0.0,0.0,0.5839607238769531,0.005160045283554878
mnist,MaxLoss,0.3,0.0,208,5,212.0,0.0,2303.0,19.06829829848484,2515.0,19.06829829848484,0.5289513489231468,0.0038192991508787036,0.47780000000000006,0.0038292296875481456,,,,,,,,,3.179420387407299,0.12263055292580782,0.0,0.0,0.0,0.0,209.0,0.0,0.4405660377358491,0.012709616589912712,0.0,0.0,0.5834985852241517,0.0031103027387840753
mnist,MaxLoss,0.3,0.0,210,5,214.0,0.0,2294.4,11.6,2508.4,11.6,0.5276311378809624,0.002323807411287385,0.47736,0.003979899496218469,,,,,,,,,3.2089522231952285,0.12276562513062177,0.0,0.0,0.0,0.0,211.0,0.0,0.44112149532710276,0.012677252304907044,0.0,0.0,0.5861598491668701,0.0025939965288910754
mnist,MaxLoss,0.3,0.0,212,5,216.0,0.0,2260.8,28.16274134383938,2476.8,28.16274134383938,0.5212928553693927,0.005648110120218153,0.45705999999999997,0.011059638330433788,,,,,,,,,3.2388434521853924,0.12328322224325321,0.0,0.0,0.0,0.0,213.0,0.0,0.43888888888888894,0.011839548011615204,0.0,0.0,0.5861335754394531,0.004118422377273437
mnist,MaxLoss,0.3,0.0,214,5,218.0,0.0,2274.8,29.995666353658486,2492.8,29.995666353658486,0.5244989412138239,0.006012418184317309,0.46803999999999996,0.006070798958950954,,,,,,,,,3.268893404002301,0.12381460426990068,0.0,0.0,0.0,0.0,215.0,0.0,0.44036697247706424,0.011784617044646907,0.0,0.0,0.5854426145553588,0.0033894671770356914
mnist,MaxLoss,0.3,0.0,216,5,220.0,0.0,2278.2,16.04805284138858,2498.2,16.04805284138858,0.5255864458740689,0.003215764620854511,0.46606,0.0037469454226075807,,,,,,,,,3.2991634095902556,0.12459355461072304,0.0,0.0,0.0,0.0,217.0,0.0,0.4418181818181818,0.012314742894676422,0.0,0.0,0.5848555445671082,0.0039626402422901505
mnist,MaxLoss,0.3,0.0,218,5,222.0,0.0,2298.8,12.733420593069248,2520.8,12.733420593069248,0.5301147662918083,0.0025496354468286615,0.47343999999999997,0.007620078739750662,,,,,,,,,3.328949687804561,0.12477655136526587,0.0,0.0,0.0,0.0,219.0,0.0,0.4423423423423423,0.011694373861033485,0.0,0.0,0.5879318237304687,0.004345617908762049
mnist,MaxLoss,0.3,0.0,22,5,26.0,0.0,2476.8,41.14899755765625,2502.8,41.14899755765625,0.5264960811473429,0.008240309878063361,0.47818000000000005,0.006521916896128023,,,,,,,,,0.44641829140018674,0.09480893472480806,0.0,0.0,0.0,0.0,23.0,0.0,0.4384615384615385,0.015384615384615387,0.0,0.0,0.6600804924964905,0.013113791216786354
mnist,MaxLoss,0.3,0.0,220,5,224.0,0.0,2283.2,33.63688451685144,2507.2,33.63688451685144,0.5273823563009501,0.006739551024775545,0.4687,0.010009445539089572,,,,,,,,,3.3597415348165667,0.1251434947615028,0.0,0.0,0.0,0.0,221.0,0.0,0.44107142857142856,0.012420024770753177,0.0,0.0,0.5895173788070679,0.0044870045359719285
mnist,MaxLoss,0.3,0.0,222,5,226.0,0.0,2276.8,19.622436138257655,2502.8,19.622436138257655,0.5265070806606673,0.003933188627184448,0.46792,0.006482237268104277,,,,,,,,,3.391066070785746,0.12538049159977316,0.0,0.0,0.0,0.0,223.0,0.0,0.44159292035398234,0.011905861988560801,0.0,0.0,0.5970748543739319,0.00720130565997907
mnist,MaxLoss,0.3,0.0,224,5,228.0,0.0,2279.2,18.76006396577581,2507.2,18.76006396577581,0.5273889034753665,0.0037572939369824986,0.46746,0.00936154901712318,,,,,,,,,3.422258341999259,0.12560088355476245,0.0,0.0,0.0,0.0,225.0,0.0,0.4421052631578948,0.011801424602696236,0.0,0.0,0.5932252049446106,0.007701684697103716
mnist,MaxLoss,0.3,0.0,226,5,230.0,0.0,2281.0,20.35927307150233,2511.0,20.35927307150233,0.5281496497220359,0.004078497070166802,0.46798,0.009587929912134325,,,,,,,,,3.4535000611911526,0.12580194613362247,0.0,0.0,0.0,0.0,227.0,0.0,0.44260869565217387,0.0124806087777455,0.0,0.0,0.5906363964080811,0.006353326482882392
mnist,MaxLoss,0.3,0.0,228,5,232.0,0.0,2275.2,12.13836891843381,2507.2,12.13836891843381,0.5273906227666885,0.0024318917551579425,0.4686199999999999,0.006262539421033607,,,,,,,,,3.484056301601231,0.1256474842291217,0.0,0.0,0.0,0.0,229.0,0.0,0.4431034482758621,0.011835801911849984,0.0,0.0,0.5910865306854248,0.004704523165697195
mnist,MaxLoss,0.3,0.0,230,5,234.0,0.0,2283.8,20.350429970887593,2517.8,20.350429970887593,0.5295117755536921,0.004076692027162483,0.47825999999999996,0.010793312744472835,,,,,,,,,3.514636990404688,0.12552836027836559,0.0,0.0,0.0,0.0,231.0,0.0,0.4435897435897436,0.01058932623364433,0.0,0.0,0.5900779247283936,0.003972188230095326
mnist,MaxLoss,0.3,0.0,232,5,236.0,0.0,2285.4,17.70480160860324,2521.4,17.70480160860324,0.5302336658816784,0.0035460666175892675,0.4728,0.010165480805156247,,,,,,,,,3.5455179810058324,0.1258035805880411,0.0,0.0,0.0,0.0,233.0,0.0,0.44491525423728817,0.009754969858662152,0.0,0.0,0.5912370562553406,0.004065036264088115
mnist,MaxLoss,0.3,0.0,234,5,238.0,0.0,2283.4,15.108275877809485,2521.4,15.108275877809485,0.5302343821502291,0.00302662099642258,0.47226,0.008775625333843733,,,,,,,,,3.575930682395119,0.12571331100691635,0.0,0.0,0.0,0.0,235.0,0.0,0.446218487394958,0.00961808667416773,0.0,0.0,0.590536093711853,0.0042861097335904425
mnist,MaxLoss,0.3,0.0,236,5,240.0,0.0,2276.2,17.23484841824842,2516.2,17.23484841824842,0.529192277812399,0.003453578526906712,0.47081999999999996,0.008100271600384767,,,,,,,,,3.6065473814029247,0.12603273442299506,0.0,0.0,0.0,0.0,237.0,0.0,0.445,0.009807168579949852,0.0,0.0,0.5901354789733887,0.0061788897460103975
mnist,MaxLoss,0.3,0.0,238,5,242.0,0.0,2250.2,22.23825532725083,2492.2,22.23825532725083,0.5243821002775804,0.004457498871080809,0.46419999999999995,0.008473783098474958,,,,,,,,,3.6368250985979103,0.12594952748133517,0.0,0.0,0.0,0.0,239.0,0.0,0.4446280991735538,0.009566807357677867,0.0,0.0,0.5831969976425171,0.004434361666676794
mnist,MaxLoss,0.3,0.0,24,5,28.0,0.0,2488.0,35.55699649857957,2516.0,35.55699649857957,0.5291440900065936,0.007122990142304254,0.48807999999999996,0.0066886022456115616,,,,,,,,,0.47585442098788916,0.09511448861490075,0.0,0.0,0.0,0.0,25.0,0.0,0.43571428571428567,0.020824828195876076,0.0,0.0,0.6663187861442565,0.009395717253586382
mnist,MaxLoss,0.3,0.0,240,5,244.0,0.0,2268.8,15.941769036088811,2512.8,15.941769036088811,0.5285115776117891,0.003193758485796846,0.47214,0.008214657631331935,,,,,,,,,3.6674840461811984,0.12631571213341747,0.0,0.0,0.0,0.0,241.0,0.0,0.44590163934426225,0.008828139028089349,0.0,0.0,0.5819350838661194,0.0041026597110561365
mnist,MaxLoss,0.3,0.0,242,5,246.0,0.0,2248.0,27.88189376638538,2494.0,27.88189376638538,0.5247404476976953,0.005588367983714085,0.4608,0.01259432411842732,,,,,,,,,3.697809280618094,0.1263042884521083,0.0,0.0,0.0,0.0,243.0,0.0,0.4455284552845528,0.009498635321583671,0.0,0.0,0.5814316987991333,0.0034532570356721045
mnist,MaxLoss,0.3,0.0,244,5,248.0,0.0,2244.0,11.827933040053955,2492.0,11.827933040053955,0.5243449955713004,0.0023703054994800746,0.46318000000000004,0.005637322059276033,,,,,,,,,3.7280737146153116,0.12622347982884202,0.0,0.0,0.0,0.0,245.0,0.0,0.4443548387096774,0.008496494961978006,0.0,0.0,0.5831805109977722,0.00610426114601891
mnist,MaxLoss,0.3,0.0,246,5,250.0,0.0,2244.4,17.92930561957155,2494.4,17.92930561957155,0.524824433401227,0.0035917195118883843,0.45892,0.009127946099753224,,,,,,,,,3.7583948442013932,0.1261612975278019,0.0,0.0,0.0,0.0,247.0,0.0,0.44400000000000006,0.009715966241192895,0.0,0.0,0.5810537695884704,0.006196315854699537
mnist,MaxLoss,0.3,0.0,248,5,252.0,0.0,2252.8,25.607420799447958,2504.8,25.607420799447958,0.5269055206561462,0.005131940340695191,0.46327999999999997,0.014179823694249513,,,,,,,,,3.7887046304065732,0.12611116974393594,0.0,0.0,0.0,0.0,249.0,0.0,0.4436507936507937,0.009083748525602859,0.0,0.0,0.5771749258041382,0.004072252396180299
mnist,MaxLoss,0.3,0.0,250,5,254.0,0.0,2253.4,32.35830650698519,2507.4,32.35830650698519,0.5274231327697635,0.0064823367154397725,0.46514,0.01846593079159563,,,,,,,,,3.819479946407955,0.1264491669840373,0.0,0.0,0.0,0.0,251.0,0.0,0.4448818897637795,0.008714938433534908,0.0,0.0,0.5771651864051819,0.004389428733463616
mnist,MaxLoss,0.3,0.0,252,5,256.0,0.0,2262.0,27.86754384584332,2518.0,27.86754384584332,0.5295487886411138,0.005581867288737471,0.47314,0.015079210854683344,,,,,,,,,3.849738532002084,0.1263697667922563,0.0,0.0,0.0,0.0,253.0,0.0,0.4484375,0.008682074519880026,0.0,0.0,0.5750338435173035,0.0034724670184651495
mnist,MaxLoss,0.3,0.0,254,5,258.0,0.0,2239.6,32.21583461591519,2497.6,32.21583461591519,0.5254596635582857,0.006454625906491435,0.46046,0.019258104787335643,,,,,,,,,3.88056816321332,0.12671004374860542,0.0,0.0,0.0,0.0,255.0,0.0,0.44651162790697674,0.008438581805068693,0.0,0.0,0.5749035716056824,0.0026711886732490517
mnist,MaxLoss,0.3,0.0,256,5,260.0,0.0,2225.8,23.363218956299665,2485.8,23.363218956299665,0.5230989887844771,0.004681990926785963,0.45502000000000004,0.013203310191008932,,,,,,,,,3.9112932860036382,0.12699763125739302,0.0,0.0,0.0,0.0,257.0,0.0,0.4461538461538462,0.008513824469684093,0.0,0.0,0.5793943643569947,0.00340382071015978
mnist,MaxLoss,0.3,0.0,258,5,262.0,0.0,2222.2,30.422688901541886,2484.2,30.422688901541886,0.5227751050377265,0.006097843699824753,0.45188000000000006,0.015128529340289505,,,,,,,,,3.9422625033999794,0.12744203007233898,0.0,0.0,0.0,0.0,259.0,0.0,0.4458015267175573,0.008483248385836974,0.0,0.0,0.5783484101295471,0.0035544697797512403
mnist,MaxLoss,0.3,0.0,26,5,30.0,0.0,2491.0,38.06704611603059,2521.0,38.06704611603059,0.5301440080162138,0.007624286471131202,0.491,0.010266888525741364,,,,,,,,,0.5053153326036408,0.0954001204764485,0.0,0.0,0.0,0.0,27.0,0.0,0.44000000000000006,0.026666666666666665,0.0,0.0,0.660380220413208,0.010620797380921417
mnist,MaxLoss,0.3,0.0,260,5,264.0,0.0,2247.6,34.937944988221616,2511.6,34.937944988221616,0.5282630751375109,0.007000825923815719,0.4683999999999999,0.017888068649242146,,,,,,,,,3.9731264563975857,0.1278647979810704,0.0,0.0,0.0,0.0,261.0,0.0,0.44621212121212117,0.008418981352610934,0.0,0.0,0.5841635227203369,0.004309626356605305
mnist,MaxLoss,0.3,0.0,262,5,266.0,0.0,2264.0,33.634803403617504,2530.0,33.634803403617504,0.5319490675115958,0.006736130234184344,0.47836,0.015670915735846447,,,,,,,,,4.004062969016377,0.1282715594392234,0.0,0.0,0.0,0.0,263.0,0.0,0.4458646616541353,0.008456557803911274,0.0,0.0,0.5844021439552307,0.004052352367573353
mnist,MaxLoss,0.3,0.0,264,5,268.0,0.0,2259.4,32.84904869246596,2527.4,32.84904869246596,0.5314288524328731,0.006578985044501935,0.46936,0.012560915571724845,,,,,,,,,4.035004982992541,0.12814484790084724,0.0,0.0,0.0,0.0,265.0,0.0,0.44477611940298506,0.008293324914512267,0.0,0.0,0.582227373123169,0.001110914930086327
mnist,MaxLoss,0.3,0.0,266,5,270.0,0.0,2252.2,32.235694501592484,2522.2,32.235694501592484,0.5303877883125097,0.006454555808416167,0.47258000000000006,0.013185954648792022,,,,,,,,,4.066407523001544,0.12846900029723418,0.0,0.0,0.0,0.0,267.0,0.0,0.44296296296296295,0.008733204535223405,0.0,0.0,0.5844329714775085,0.0018422538210692103
mnist,MaxLoss,0.3,0.0,268,5,272.0,0.0,2256.0,35.71834262672331,2528.0,35.71834262672331,0.5315473531722091,0.007154403615355474,0.47164,0.01501750978025317,,,,,,,,,4.097260094806552,0.1288554150704351,0.0,0.0,0.0,0.0,269.0,0.0,0.44338235294117645,0.008668989795993816,0.0,0.0,0.5827080011367798,0.0015406529654995369
mnist,MaxLoss,0.3,0.0,270,5,274.0,0.0,2277.2,27.183450847896406,2551.2,27.183450847896406,0.536196642043069,0.005440089103794192,0.47672,0.011690141145426767,,,,,,,,,4.128161573794205,0.12871757729374134,0.0,0.0,0.0,0.0,271.0,0.0,0.4423357664233577,0.007861554462970077,0.0,0.0,0.5844266414642334,0.00116684207064657
mnist,MaxLoss,0.3,0.0,272,5,276.0,0.0,2269.6,32.17234837558489,2545.6,32.17234837558489,0.5350732087157667,0.006441482276005991,0.4769,0.012891237333941218,,,,,,,,,4.159061711595859,0.1286161886811457,0.0,0.0,0.0,0.0,273.0,0.0,0.44275362318840583,0.00709997026893675,0.0,0.0,0.5880010247230529,0.001072530675562745
mnist,MaxLoss,0.3,0.0,274,5,278.0,0.0,2288.8,27.758602270287312,2566.8,27.758602270287312,0.5393183201202192,0.005555301651127386,0.48458000000000007,0.00989461469689447,,,,,,,,,4.190418768604286,0.1283785541769018,0.0,0.0,0.0,0.0,275.0,0.0,0.44316546762589926,0.006573980892984552,0.0,0.0,0.5907529711723327,0.0036952154544742885
mnist,MaxLoss,0.3,0.0,276,5,280.0,0.0,2295.6,22.953431116066284,2575.6,22.953431116066284,0.5410810148459859,0.004592475948033785,0.49277999999999994,0.009825141220359134,,,,,,,,,4.221727889997419,0.128658982424353,0.0,0.0,0.0,0.0,277.0,0.0,0.445,0.006832545167753214,0.0,0.0,0.5904415607452392,0.002868339310181143
mnist,MaxLoss,0.3,0.0,278,5,282.0,0.0,2257.8,28.079173777018443,2539.8,28.079173777018443,0.5339141616597771,0.00562165350360854,0.47752,0.011342944943884723,,,,,,,,,4.253193140798248,0.1289906035552246,0.0,0.0,0.0,0.0,279.0,0.0,0.44468085106382976,0.007319066468280248,0.0,0.0,0.5891899466514587,0.003430165103214058
mnist,MaxLoss,0.3,0.0,28,5,32.0,0.0,2478.8,35.49281617454439,2510.8,35.49281617454439,0.5281024835305288,0.007110749003910118,0.4893599999999999,0.013715451140957766,,,,,,,,,0.5347770005930215,0.09569614931507626,0.0,0.0,0.0,0.0,29.0,0.0,0.4375,0.02795084971874737,0.0,0.0,0.6563110947608948,0.006469628027327035
mnist,MaxLoss,0.3,0.0,280,5,284.0,0.0,2262.0,30.438462510448847,2546.0,30.438462510448847,0.535154193174094,0.0060940928580196915,0.47494000000000003,0.012580405398873272,,,,,,,,,4.2845794058055615,0.12924138085163733,0.0,0.0,0.0,0.0,281.0,0.0,0.4429577464788732,0.007335446005633679,0.0,0.0,0.5887641429901123,0.0033167728268164356
mnist,MaxLoss,0.3,0.0,282,5,286.0,0.0,2238.2,27.527077578268273,2524.2,27.527077578268273,0.5307907089358196,0.005513974633335781,0.46682000000000007,0.010714401523183644,,,,,,,,,4.3152592643979,0.129193261878868,0.0,0.0,0.0,0.0,283.0,0.0,0.4426573426573427,0.007300913642594791,0.0,0.0,0.5844963312149047,0.0012894157868425305
mnist,MaxLoss,0.3,0.0,284,5,288.0,0.0,2223.8,27.88440424323245,2511.8,27.88440424323245,0.5283068611752242,0.0055870394858285165,0.46542000000000006,0.014219507727062835,,,,,,,,,4.346163392195012,0.12956315695858295,0.0,0.0,0.0,0.0,285.0,0.0,0.4423611111111111,0.007332886139563499,0.0,0.0,0.578980314731598,0.005176938569136394
mnist,MaxLoss,0.3,0.0,286,5,290.0,0.0,2230.4,32.256162201973126,2520.4,32.256162201973126,0.5300272751250305,0.006462702148091012,0.47074,0.01604037406047627,,,,,,,,,4.376674242399167,0.1295006959969469,0.0,0.0,0.0,0.0,287.0,0.0,0.4413793103448276,0.0073957277894921404,0.0,0.0,0.5768175601959229,0.005247270862321483
mnist,MaxLoss,0.3,0.0,288,5,292.0,0.0,2213.4,41.66605332881913,2505.4,41.66605332881913,0.527016647788696,0.008344504436584776,0.46068,0.015946266020608085,,,,,,,,,4.4074005038128234,0.12962312151776964,0.0,0.0,0.0,0.0,289.0,0.0,0.4404109589041096,0.0071508948691168086,0.0,0.0,0.5753611207008362,0.005181615238764477
mnist,MaxLoss,0.3,0.0,290,5,294.0,0.0,2199.0,26.703932294701467,2493.0,26.703932294701467,0.5245405858964659,0.005350154512720919,0.44849999999999995,0.012311458077742045,,,,,,,,,4.438623842201196,0.13017425677066044,0.0,0.0,0.0,0.0,291.0,0.0,0.4387755102040816,0.006630472343407459,0.0,0.0,0.576016640663147,0.004159104736860728
mnist,MaxLoss,0.3,0.0,292,5,296.0,0.0,2175.0,17.977764043395386,2471.0,17.977764043395386,0.5201340013416484,0.003603894398156574,0.44448,0.008528387889865232,,,,,,,,,4.469746447203216,0.13070672957528287,0.0,0.0,0.0,0.0,293.0,0.0,0.4378378378378379,0.0060998209747526325,0.0,0.0,0.5738479018211364,0.0021354701875074566
mnist,MaxLoss,0.3,0.0,294,5,298.0,0.0,2181.4,31.636371473353257,2479.4,31.636371473353257,0.5218123193015345,0.006343121219319592,0.45241999999999993,0.01536116532037852,,,,,,,,,4.500599373388104,0.13081928840590468,0.0,0.0,0.0,0.0,295.0,0.0,0.4389261744966443,0.005133241121066567,0.0,0.0,0.5744656443595886,0.0018685997841750173
mnist,MaxLoss,0.3,0.0,296,5,300.0,0.0,2195.6,15.33166657607711,2495.6,15.33166657607711,0.5250656316406094,0.003071846042707588,0.4606,0.004777970280359644,,,,,,,,,4.531658138800412,0.13115131493785592,0.0,0.0,0.0,0.0,297.0,0.0,0.44066666666666665,0.0061824123303304696,0.0,0.0,0.5759791135787964,0.0027175462780116397
mnist,MaxLoss,0.3,0.0,298,5,302.0,0.0,2211.4,24.214871463627468,2513.4,24.214871463627468,0.5286289752344601,0.004849112006225696,0.47131999999999996,0.005151155210241681,,,,,,,,,4.56327913220739,0.13139949887685098,0.0,0.0,0.0,0.0,299.0,0.0,0.4410596026490066,0.006737413890521786,0.0,0.0,0.5801901340484619,0.004169085848727937
mnist,MaxLoss,0.3,0.0,30,5,34.0,0.0,2419.0,34.54272716506327,2453.0,34.54272716506327,0.5165171244763769,0.006928496338180696,0.46806000000000003,0.015641950006313153,,,,,,,,,0.5642998097930103,0.09602012524330904,0.0,0.0,0.0,0.0,31.0,0.0,0.4352941176470588,0.03140317132950385,0.0,0.0,0.6492507457733154,0.003699038179845753
mnist,MaxLoss,0.3,0.0,300,5,304.0,0.0,2213.0,15.805062480104278,2517.0,15.805062480104278,0.5293529152986594,0.003164995341801436,0.47056,0.0029776836635210307,,,,,,,,,4.594309640605934,0.13174390756759494,0.0,0.0,0.0,0.0,301.0,0.0,0.4407894736842105,0.005975625698876624,0.0,0.0,0.5786438941955566,0.0030116119518167066
mnist,MaxLoss,0.3,0.0,302,5,306.0,0.0,2202.2,14.143549766589715,2508.2,14.143549766589715,0.527590520621743,0.0028337494579861564,0.45808,0.008901314509666537,,,,,,,,,4.625434766209219,0.13209576473727988,0.0,0.0,0.0,0.0,303.0,0.0,0.4405228758169935,0.005208293284480138,0.0,0.0,0.5788994073867798,0.0054463679340887566
mnist,MaxLoss,0.3,0.0,304,5,308.0,0.0,2218.0,16.208022704821214,2526.0,16.208022704821214,0.5311553484993056,0.003245996462563,0.46541999999999994,0.008431156504299972,,,,,,,,,4.656094944581855,0.13203833914402605,0.0,0.0,0.0,0.0,305.0,0.0,0.4409090909090909,0.0054715258267378965,0.0,0.0,0.5786020398139954,0.004813194219491695
mnist,MaxLoss,0.3,0.0,306,5,310.0,0.0,2225.2,21.380832537579074,2535.2,21.380832537579074,0.5329959596623667,0.0042815192172922754,0.47232,0.00599077624352638,,,,,,,,,4.686836549604777,0.1319778956406385,0.0,0.0,0.0,0.0,307.0,0.0,0.44064516129032255,0.005455333717834764,0.0,0.0,0.581660807132721,0.005008107597473543
mnist,MaxLoss,0.3,0.0,308,5,312.0,0.0,2217.0,27.400729917285048,2529.0,27.400729917285048,0.5317520173732191,0.005487376133114301,0.4778999999999999,0.010979845171950288,,,,,,,,,4.717870260216296,0.13181477251800963,0.0,0.0,0.0,0.0,309.0,0.0,0.4403846153846153,0.005514311068617075,0.0,0.0,0.5825083136558533,0.0023026559662465756
mnist,MaxLoss,0.3,0.0,310,5,314.0,0.0,2191.6,29.40850217199101,2505.6,29.40850217199101,0.5270640427828767,0.005891699438930532,0.46335999999999994,0.01125427030064589,,,,,,,,,4.749406628194265,0.13207843989622234,0.0,0.0,0.0,0.0,311.0,0.0,0.4407643312101911,0.005194110328121047,0.0,0.0,0.5801659226417542,0.0019898693242475893
mnist,MaxLoss,0.3,0.0,312,5,316.0,0.0,2193.0,30.566321335744675,2509.0,30.566321335744675,0.5277446232619696,0.006124507730575838,0.46858000000000005,0.011794168050354383,,,,,,,,,4.780608615395613,0.1324190330337901,0.0,0.0,0.0,0.0,313.0,0.0,0.440506329113924,0.004629347733648033,0.0,0.0,0.5801475524902344,0.0015180496947072265
mnist,MaxLoss,0.3,0.0,314,5,318.0,0.0,2182.8,23.33752343330371,2500.8,23.33752343330371,0.5261050085071475,0.004675583996740352,0.46426000000000006,0.010565065073155015,,,,,,,,,4.811493338819128,0.13235251117751085,0.0,0.0,0.0,0.0,315.0,0.0,0.4402515723270441,0.005262012745497329,0.0,0.0,0.5813269734382629,0.0026113177945987164
mnist,MaxLoss,0.3,0.0,316,5,320.0,0.0,2165.8,25.409447062067283,2485.8,25.409447062067283,0.5230981488130055,0.0050903293460824285,0.46299999999999997,0.01035340523692567,,,,,,,,,4.84255602620542,0.13220030575276048,0.0,0.0,0.0,0.0,317.0,0.0,0.43937499999999996,0.005812836011793206,0.0,0.0,0.5808173894882203,0.003320775727469421
mnist,MaxLoss,0.3,0.0,318,5,322.0,0.0,2173.0,33.44547802020477,2495.0,33.44547802020477,0.5249379732413217,0.006698939807603644,0.4614,0.012752607576491949,,,,,,,,,4.874137973797042,0.13247142563862893,0.0,0.0,0.0,0.0,319.0,0.0,0.4403726708074534,0.00616442026126683,0.0,0.0,0.5832181572914124,0.0023758646917174764
mnist,MaxLoss,0.3,0.0,32,5,36.0,0.0,2445.8,38.5803058567451,2481.8,38.5803058567451,0.5222893161699176,0.007738462646586194,0.47359999999999997,0.018595295103869685,,,,,,,,,0.5933869514032267,0.09643169452863577,0.0,0.0,0.0,0.0,33.0,0.0,0.42777777777777776,0.035789163129792016,0.0,0.0,0.6452531099319458,0.0018321792557947985
mnist,MaxLoss,0.3,0.0,320,5,324.0,0.0,2177.0,34.81091782760115,2501.0,34.81091782760115,0.5261394758243114,0.006973439420256432,0.46647999999999995,0.009805580044036172,,,,,,,,,4.904905705607962,0.13241369833527436,0.0,0.0,0.0,0.0,321.0,0.0,0.4401234567901235,0.006218963481361076,0.0,0.0,0.5796662330627441,0.003486581402118458
mnist,MaxLoss,0.3,0.0,322,5,326.0,0.0,2180.2,30.900485433080167,2506.2,30.900485433080167,0.5271834957180545,0.006191205778945048,0.46374000000000004,0.007379607035608342,,,,,,,,,4.9362004466005605,0.13227463858726707,0.0,0.0,0.0,0.0,323.0,0.0,0.43987730061349695,0.006550354755847429,0.0,0.0,0.5774082183837891,0.0032114377471420064
mnist,MaxLoss,0.3,0.0,324,5,328.0,0.0,2162.6,38.98153408987388,2490.6,38.98153408987388,0.5240528436028399,0.007816918315395901,0.45743999999999996,0.010347057552753815,,,,,,,,,4.967015441006515,0.1322173285325234,0.0,0.0,0.0,0.0,325.0,0.0,0.4396341463414634,0.006912063444362587,0.0,0.0,0.5743917465209961,0.0028293938087812476
mnist,MaxLoss,0.3,0.0,326,5,330.0,0.0,2154.4,41.71282776317137,2484.4,41.71282776317137,0.5228083584341221,0.008369356925789825,0.46364,0.010812335547882338,,,,,,,,,4.997969859594013,0.1321561454731199,0.0,0.0,0.0,0.0,327.0,0.0,0.44000000000000006,0.006527472493496372,0.0,0.0,0.5755903482437134,0.0023030106285804185
mnist,MaxLoss,0.3,0.0,328,5,332.0,0.0,2124.8,42.217768770980776,2456.8,42.217768770980776,0.5172743121976964,0.008472692124084453,0.45275999999999994,0.011501852024782789,,,,,,,,,5.028920828201808,0.1320881873331792,0.0,0.0,0.0,0.0,329.0,0.0,0.4409638554216867,0.0063610578560068885,0.0,0.0,0.5735318303108216,0.0015834608836441404
mnist,MaxLoss,0.3,0.0,330,5,334.0,0.0,2135.4,33.09017981214366,2469.4,33.09017981214366,0.5198067295830697,0.006638767831347357,0.45514,0.00973496789927937,,,,,,,,,5.059960454993416,0.13202557964834835,0.0,0.0,0.0,0.0,331.0,0.0,0.44011976047904194,0.006694814303891594,0.0,0.0,0.5757019758224488,0.001376022040274969
mnist,MaxLoss,0.3,0.0,332,5,336.0,0.0,2113.4,23.320806161022823,2449.4,23.320806161022823,0.5158004942233674,0.004680713614684956,0.45204000000000005,0.003920025510121078,,,,,,,,,5.0908391491975635,0.13197264890129654,0.0,0.0,0.0,0.0,333.0,0.0,0.4398809523809524,0.007130445565899369,0.0,0.0,0.578368604183197,0.0022860873040999514
mnist,MaxLoss,0.3,0.0,334,5,338.0,0.0,2132.6,25.10497958573159,2470.6,25.10497958573159,0.5200512270093895,0.005034477065675795,0.45644,0.008895481999307293,,,,,,,,,5.122211291803978,0.1323240890500862,0.0,0.0,0.0,0.0,335.0,0.0,0.4390532544378699,0.0075196834480111465,0.0,0.0,0.5821242570877075,0.003296291922731677
mnist,MaxLoss,0.3,0.0,336,5,340.0,0.0,2130.2,25.761211151652006,2470.2,25.761211151652006,0.5199707483290694,0.00516674858385754,0.45316,0.00654893884533976,,,,,,,,,5.153209483192768,0.13227510101781245,0.0,0.0,0.0,0.0,337.0,0.0,0.44000000000000006,0.007180326832784523,0.0,0.0,0.5856577038764954,0.003891335527864547
mnist,MaxLoss,0.3,0.0,338,5,342.0,0.0,2138.2,34.000588230205665,2480.2,34.000588230205665,0.5219713832950219,0.0068205192331983805,0.4506,0.008254998485766067,,,,,,,,,5.184682832797989,0.13263283035459109,0.0,0.0,0.0,0.0,339.0,0.0,0.4403508771929824,0.006243905410544622,0.0,0.0,0.5811918616294861,0.003900687293699945
mnist,MaxLoss,0.3,0.0,34,5,38.0,0.0,2436.0,37.48332962798262,2474.0,37.48332962798262,0.5207263829302974,0.007514290599137462,0.46929999999999994,0.023451844277156533,,,,,,,,,0.6224778466159477,0.09683057126778934,0.0,0.0,0.0,0.0,35.0,0.0,0.43157894736842095,0.03390552296506612,0.0,0.0,0.6434840798377991,0.0033432721052513606
mnist,MaxLoss,0.3,0.0,340,5,344.0,0.0,2125.6,28.56151256498857,2469.6,28.56151256498857,0.5198491714312695,0.005726312496720908,0.4465,0.013316793908445087,,,,,,,,,5.216122865793295,0.13298929812255533,0.0,0.0,0.0,0.0,341.0,0.0,0.44011627906976736,0.006139160488936876,0.0,0.0,0.5795090079307557,0.0043767531342848295
mnist,MaxLoss,0.3,0.0,342,5,346.0,0.0,2124.8,15.844241856270687,2470.8,15.844241856270687,0.520094508503098,0.0031780870233502337,0.4514,0.007690838705888968,,,,,,,,,5.247666996601038,0.13336110984555868,0.0,0.0,0.0,0.0,343.0,0.0,0.4404624277456647,0.0069364161849710965,0.0,0.0,0.5789470195770263,0.003191087411763181
mnist,MaxLoss,0.3,0.0,344,5,348.0,0.0,2106.4,18.594622878671135,2454.4,18.594622878671135,0.5168050283915363,0.0037288155244243,0.43908,0.00918462846281765,,,,,,,,,5.278819866408594,0.13332097382779026,0.0,0.0,0.0,0.0,345.0,0.0,0.44080459770114944,0.006590428127114778,0.0,0.0,0.57926105260849,0.002138002778772487
mnist,MaxLoss,0.3,0.0,346,5,350.0,0.0,2105.0,15.770225109363532,2455.0,15.770225109363532,0.5169261805829592,0.0031636902038926565,0.4342600000000001,0.004089816621805924,,,,,,,,,5.310429151996504,0.13369089326320643,0.0,0.0,0.0,0.0,347.0,0.0,0.44114285714285717,0.00748331477354788,0.0,0.0,0.5814773917198182,0.0030085238005868376
mnist,MaxLoss,0.3,0.0,348,5,352.0,0.0,2106.2,24.467120795058825,2458.2,24.467120795058825,0.5175650198943913,0.004907436543552529,0.43495999999999996,0.006100868790590408,,,,,,,,,5.341555337794125,0.1336473398152053,0.0,0.0,0.0,0.0,349.0,0.0,0.4420454545454546,0.008311783430868067,0.0,0.0,0.5792205095291137,0.0026849354348272574
mnist,MaxLoss,0.3,0.0,350,5,354.0,0.0,2098.8,15.768322675541619,2452.8,15.768322675541619,0.516484935709741,0.003162819918339667,0.4359400000000001,0.009183441620656168,,,,,,,,,5.3726753812050445,0.1336174926133923,0.0,0.0,0.0,0.0,351.0,0.0,0.44124293785310736,0.00785899872499636,0.0,0.0,0.5808520197868348,0.0027061816899807186
mnist,MaxLoss,0.3,0.0,352,5,356.0,0.0,2084.4,27.605434247625954,2440.4,27.605434247625954,0.5139932284364477,0.005541741549144802,0.4345800000000001,0.004672943397902452,,,,,,,,,5.403770462202374,0.13357202011081656,0.0,0.0,0.0,0.0,353.0,0.0,0.4415730337078652,0.007292558980756834,0.0,0.0,0.576157808303833,0.0024251798946031576
mnist,MaxLoss,0.3,0.0,354,5,358.0,0.0,2112.0,19.05780679931455,2470.0,19.05780679931455,0.5199331696261652,0.003821230753481258,0.44543999999999995,0.006035445302543967,,,,,,,,,5.435007798206061,0.13350578621987427,0.0,0.0,0.0,0.0,355.0,0.0,0.44245810055865925,0.007629329767456798,0.0,0.0,0.580025589466095,0.0031813687920409952
mnist,MaxLoss,0.3,0.0,356,5,360.0,0.0,2088.8,24.181397809059757,2448.8,24.181397809059757,0.5156797993928194,0.004851613562368422,0.43557999999999997,0.0037169073165738186,,,,,,,,,5.466172703995835,0.1334501009508187,0.0,0.0,0.0,0.0,357.0,0.0,0.4416666666666666,0.0072435582280029435,0.0,0.0,0.5804840683937073,0.0021154952638427786
mnist,MaxLoss,0.3,0.0,358,5,362.0,0.0,2085.8,18.59139585937538,2447.8,18.59139585937538,0.5154812160762958,0.003730009660237413,0.43666,0.005518931055920164,,,,,,,,,5.497815900598653,0.13380633806725617,0.0,0.0,0.0,0.0,359.0,0.0,0.44143646408839776,0.0076853191951621845,0.0,0.0,0.5765154123306274,0.0024447514119125473
mnist,MaxLoss,0.3,0.0,36,5,40.0,0.0,2455.0,40.256676464904544,2495.0,40.256676464904544,0.5249337644083425,0.008071278610162833,0.47142000000000006,0.019875019496845794,,,,,,,,,0.6519339421996847,0.09714967593097001,0.0,0.0,0.0,0.0,37.0,0.0,0.44000000000000006,0.028062430400804556,0.0,0.0,0.6383235812187195,0.005476693222595715
mnist,MaxLoss,0.3,0.0,360,5,364.0,0.0,2084.0,15.770225109363532,2448.0,15.770225109363532,0.5155221475637518,0.0031644713218572556,0.42951999999999996,0.0037889840326926685,,,,,,,,,5.529430571000558,0.13417344008956253,0.0,0.0,0.0,0.0,361.0,0.0,0.44120879120879125,0.007603490386317608,0.0,0.0,0.5773035883903503,0.0035765228948560737
mnist,MaxLoss,0.3,0.0,362,5,366.0,0.0,2075.2,26.443146560120258,2441.2,26.443146560120258,0.5141542525729165,0.00530754896614778,0.43244,0.007613185929688051,,,,,,,,,5.560777950205375,0.13414627405850316,0.0,0.0,0.0,0.0,363.0,0.0,0.4415300546448087,0.0074625684610642945,0.0,0.0,0.5769395470619202,0.0032695162285622404
mnist,MaxLoss,0.3,0.0,364,5,368.0,0.0,2090.2,18.895502110290693,2458.2,18.895502110290693,0.5175670468714089,0.003789885167728812,0.43310000000000004,0.0073784822287513725,,,,,,,,,5.592331714194733,0.1345344064102203,0.0,0.0,0.0,0.0,365.0,0.0,0.43967391304347825,0.007461701205296727,0.0,0.0,0.5786564230918885,0.0039007899699427966
mnist,MaxLoss,0.3,0.0,366,5,370.0,0.0,2088.8,23.18275220934736,2458.8,23.18275220934736,0.5176858613733202,0.004650586236423804,0.43612,0.006157873009408355,,,,,,,,,5.624018915602937,0.13489832391948017,0.0,0.0,0.0,0.0,367.0,0.0,0.4383783783783784,0.0064752154328167185,0.0,0.0,0.5772635221481324,0.002577627437233817
mnist,MaxLoss,0.3,0.0,368,5,372.0,0.0,2091.2,19.45610444050915,2463.2,19.45610444050915,0.5185695539694279,0.0039017091095892575,0.4403600000000001,0.0048162848752954755,,,,,,,,,5.655301966599654,0.13485423368688895,0.0,0.0,0.0,0.0,369.0,0.0,0.4397849462365591,0.006885079825196605,0.0,0.0,0.5771202325820923,0.002400618602631943
mnist,MaxLoss,0.3,0.0,370,5,374.0,0.0,2085.0,12.012493496356198,2459.0,12.012493496356198,0.517729268653784,0.00240924534681064,0.43599999999999994,0.004005371393516465,,,,,,,,,5.68716923838947,0.13519713669938038,0.0,0.0,0.0,0.0,371.0,0.0,0.439572192513369,0.00663618911550313,0.0,0.0,0.5781340956687927,0.001379768321496343
mnist,MaxLoss,0.3,0.0,372,5,376.0,0.0,2083.0,13.011533345459327,2459.0,13.011533345459327,0.5177290587569587,0.0026088333197431457,0.4386,0.0046313065111262194,,,,,,,,,5.7184545820113275,0.1351598521223385,0.0,0.0,0.0,0.0,373.0,0.0,0.43989361702127655,0.0066008902372291746,0.0,0.0,0.579088294506073,0.003506991403588254
mnist,MaxLoss,0.3,0.0,374,5,378.0,0.0,2091.2,13.286835590162166,2469.2,13.286835590162166,0.5197743356111459,0.0026639445318216858,0.446,0.005000299991000544,,,,,,,,,5.749862507008947,0.13512869708462305,0.0,0.0,0.0,0.0,375.0,0.0,0.44021164021164016,0.005771805351659104,0.0,0.0,0.5794037342071533,0.004279166694582758
mnist,MaxLoss,0.3,0.0,376,5,380.0,0.0,2082.8,23.850366873488547,2462.8,23.850366873488547,0.5184877461055294,0.004782633546689332,0.43285999999999997,0.009788850800783516,,,,,,,,,5.781667236797512,0.1355092079746206,0.0,0.0,0.0,0.0,377.0,0.0,0.43947368421052635,0.005263157894736847,0.0,0.0,0.5786259412765503,0.0024028245927138416
mnist,MaxLoss,0.3,0.0,378,5,382.0,0.0,2092.8,17.967748885155313,2474.8,17.967748885155313,0.5208958526840434,0.0036020709742308186,0.43878000000000006,0.011490056570791989,,,,,,,,,5.813593828584999,0.13589880822652034,0.0,0.0,0.0,0.0,379.0,0.0,0.4408376963350785,0.0051431630116200245,0.0,0.0,0.5805227518081665,0.001979349525279084
mnist,MaxLoss,0.3,0.0,38,5,42.0,0.0,2449.2,43.21620066595396,2491.2,43.21620066595396,0.5241701683960855,0.008670496680228432,0.47603999999999996,0.02002814519619827,,,,,,,,,0.6813986071967519,0.0974729238102625,0.0,0.0,0.0,0.0,39.0,0.0,0.43809523809523804,0.03067642553982173,0.0,0.0,0.6310990333557129,0.008524112589960808
mnist,MaxLoss,0.3,0.0,380,5,384.0,0.0,2070.8,21.03901138361781,2454.8,21.03901138361781,0.5168844404513948,0.004217845146032709,0.43082000000000004,0.01448372880165877,,,,,,,,,5.845281614200212,0.13629415499782122,0.0,0.0,0.0,0.0,381.0,0.0,0.4411458333333333,0.005915529526875282,0.0,0.0,0.5788365244865418,0.0030591285207037583
mnist,MaxLoss,0.3,0.0,382,5,386.0,0.0,2077.0,10.222524150130436,2463.0,10.222524150130436,0.5185317476512864,0.0020498189509013222,0.43879999999999997,0.010879522048325463,,,,,,,,,5.876674462587107,0.13626639963641163,0.0,0.0,0.0,0.0,383.0,0.0,0.4409326424870466,0.006314019485468366,0.0,0.0,0.5769992113113404,0.002614824791914588
mnist,MaxLoss,0.3,0.0,384,5,388.0,0.0,2074.8,8.345058418010026,2462.8,8.345058418010026,0.5184919344261288,0.0016732565271296417,0.43838,0.00808259859203709,,,,,,,,,5.908553115592804,0.13666927027645734,0.0,0.0,0.0,0.0,385.0,0.0,0.4412371134020619,0.006691110817395443,0.0,0.0,0.5782249450683594,0.0036422249468221635
mnist,MaxLoss,0.3,0.0,386,5,390.0,0.0,2086.8,8.598837130682265,2476.8,8.598837130682265,0.521298889699392,0.0017236830007743053,0.44564000000000004,0.009743746712635752,,,,,,,,,5.9401903380057774,0.13667812439524024,0.0,0.0,0.0,0.0,387.0,0.0,0.4425641025641026,0.006415382565741949,0.0,0.0,0.5796761274337768,0.002711427646785645
mnist,MaxLoss,0.3,0.0,388,5,392.0,0.0,2060.4,7.325298628724975,2452.4,7.325298628724975,0.5164063426782377,0.0014692942962215114,0.43342,0.008796556144310127,,,,,,,,,5.973427050793544,0.13857234536683932,0.0,0.0,0.0,0.0,389.0,0.0,0.4408163265306122,0.0067203774858772885,0.0,0.0,0.5817835092544555,0.0039159565227007585
mnist,MaxLoss,0.3,0.0,390,5,394.0,0.0,2045.2,10.061808982484212,2439.2,10.061808982484212,0.513758022908587,0.0020187648623894933,0.42712000000000006,0.008211297096074415,,,,,,,,,6.005355233000591,0.1393285613585012,0.0,0.0,0.0,0.0,391.0,0.0,0.43908629441624364,0.007042861383508422,0.0,0.0,0.5781776070594787,0.0019076519473124208
mnist,MaxLoss,0.3,0.0,392,5,396.0,0.0,2041.2,13.66528448295168,2437.2,13.665284482951682,0.513356041838415,0.0027421079108283977,0.42869999999999997,0.013243564474868547,,,,,,,,,6.036848514014855,0.13959296869758028,0.0,0.0,0.0,0.0,393.0,0.0,0.4398989898989899,0.007070707070707068,0.0,0.0,0.5776546478271485,0.001792692374623924
mnist,MaxLoss,0.3,0.0,394,5,398.0,0.0,2040.4,8.417838202293984,2438.4,8.417838202293984,0.5135977741912938,0.0016886085474081666,0.42766000000000004,0.008713242794734923,,,,,,,,,6.068428547994699,0.13983785764715836,0.0,0.0,0.0,0.0,395.0,0.0,0.4391959798994975,0.006899261415952759,0.0,0.0,0.5769491314888,0.003264307556013704
mnist,MaxLoss,0.3,0.0,396,5,400.0,0.0,2046.6,12.387897319561539,2446.6,12.387897319561539,0.5152421152452007,0.002485204204228971,0.43084,0.005808579860860988,,,,,,,,,6.099785694398451,0.1400720391254854,0.0,0.0,0.0,0.0,397.0,0.0,0.44000000000000006,0.006800735254367728,0.0,0.0,0.5767096400260925,0.005877782114192948
mnist,MaxLoss,0.3,0.0,398,5,402.0,0.0,2057.4,14.797297050475128,2459.4,14.797297050475128,0.517808859795332,0.0029674905065558074,0.43583999999999995,0.004977107593773709,,,,,,,,,6.131616237596608,0.1406838153526156,0.0,0.0,0.0,0.0,399.0,0.0,0.43980099502487563,0.006739411534400036,0.0,0.0,0.5778143882751465,0.006321786650650278
mnist,MaxLoss,0.3,0.0,4,5,8.0,0.0,2449.0,62.03627970792575,2457.0,62.03627970792575,0.5172970679122955,0.012453850565693678,0.48217999999999994,0.032430408569735905,,,,,,,,,0.18324823980219662,0.09247844117392019,0.0,0.0,0.0,0.0,5.0,0.0,0.375,0.08838834764831845,0.0,0.0,0.6669923186302185,0.005744715991005759
mnist,MaxLoss,0.3,0.0,40,5,44.0,0.0,2449.8,30.063931878581677,2493.8,30.063931878581677,0.524699308979325,0.0060285220228014835,0.47972000000000004,0.012711545932733753,,,,,,,,,0.7103907746146433,0.09786527259555347,0.0,0.0,0.0,0.0,41.0,0.0,0.43636363636363634,0.03165542790269117,0.0,0.0,0.6236661672592163,0.005384172249649739
mnist,MaxLoss,0.3,0.0,400,5,404.0,0.0,2065.4,17.61135997020105,2469.4,17.61135997020105,0.5198133148136549,0.0035313801993843595,0.4429,0.006360974768068178,,,,,,,,,6.163062170811463,0.14087203625237846,0.0,0.0,0.0,0.0,401.0,0.0,0.4400990099009901,0.006841720277764983,0.0,0.0,0.5799281239509583,0.005727296895552027
mnist,MaxLoss,0.3,0.0,402,5,406.0,0.0,2072.2,28.434837787474716,2478.2,28.434837787474716,0.521573379507754,0.005702499099819784,0.44172,0.008259685224026387,,,,,,,,,6.195055982004851,0.14143821233345208,0.0,0.0,0.0,0.0,403.0,0.0,0.4403940886699508,0.006346846663411392,0.0,0.0,0.5813364863395691,0.004994644248539765
mnist,MaxLoss,0.3,0.0,404,5,408.0,0.0,2070.0,16.241921068642096,2478.0,16.241921068642096,0.5215378574794158,0.0032558500672358326,0.44816,0.012198426127988809,,,,,,,,,6.226503488596063,0.1416129252268818,0.0,0.0,0.0,0.0,405.0,0.0,0.4397058823529411,0.006325239166943102,0.0,0.0,0.5803764820098877,0.00481318638788723
mnist,MaxLoss,0.3,0.0,406,5,410.0,0.0,2084.4,20.704105872990507,2494.4,20.704105872990507,0.5248235335107893,0.004148046439501592,0.44530000000000003,0.007590059288305995,,,,,,,,,6.258123569190502,0.1417722755925255,0.0,0.0,0.0,0.0,407.0,0.0,0.4395121951219513,0.006471463005571517,0.0,0.0,0.5818937182426452,0.006353366245747183
mnist,MaxLoss,0.3,0.0,408,5,412.0,0.0,2075.2,20.040958060931118,2487.2,20.040958060931118,0.5233807997778058,0.004015758991266042,0.44444,0.007762705713860343,,,,,,,,,6.290131110791117,0.1418196406896532,0.0,0.0,0.0,0.0,409.0,0.0,0.4388349514563107,0.0063479110828262315,0.0,0.0,0.5837819933891296,0.006411818917746723
mnist,MaxLoss,0.3,0.0,410,5,414.0,0.0,2064.8,20.536309308149793,2478.8,20.536309308149793,0.5216969021013937,0.0041156609048185145,0.44086,0.00825818381970274,,,,,,,,,6.322227031202056,0.14238062443043717,0.0,0.0,0.0,0.0,411.0,0.0,0.4400966183574879,0.006408936792957294,0.0,0.0,0.5818776845932007,0.0052996256142297535
mnist,MaxLoss,0.3,0.0,412,5,416.0,0.0,2063.4,25.846856675425734,2479.4,25.846856675425734,0.5218151109409519,0.005180406183005813,0.44514,0.0048313145209145794,,,,,,,,,6.354024596407544,0.1429379146992438,0.0,0.0,0.0,0.0,413.0,0.0,0.4394230769230769,0.006773559040194885,0.0,0.0,0.5807423710823059,0.0058954900098598375
mnist,MaxLoss,0.3,0.0,414,5,418.0,0.0,2050.6,27.976061195243336,2468.6,27.976061195243336,0.5196489481837488,0.005610340840255804,0.44064000000000003,0.005669003439759058,,,,,,,,,6.38566319718957,0.14309621222002852,0.0,0.0,0.0,0.0,415.0,0.0,0.43971291866028706,0.006950162223126291,0.0,0.0,0.5764412760734559,0.003992101533201242
mnist,MaxLoss,0.3,0.0,416,5,420.0,0.0,2049.6,15.791136754521503,2469.6,15.791136754521503,0.5198539251461625,0.003166402646183634,0.43804,0.009653838614768748,,,,,,,,,6.417290451796726,0.14325417681552724,0.0,0.0,0.0,0.0,417.0,0.0,0.4404761904761905,0.006649638116080443,0.0,0.0,0.5750636339187623,0.004124692617211282
mnist,MaxLoss,0.3,0.0,418,5,422.0,0.0,2038.0,19.297668252926307,2460.0,19.297668252926307,0.5179278974886984,0.003870419686258162,0.4307,0.007474690629049464,,,,,,,,,6.449466559593565,0.14382086968900418,0.0,0.0,0.0,0.0,419.0,0.0,0.4407582938388625,0.006618123243492387,0.0,0.0,0.5758536577224731,0.004789551133829591
mnist,MaxLoss,0.3,0.0,42,5,46.0,0.0,2405.8,15.143975699927678,2451.8,15.143975699927678,0.5162845248472877,0.0030377802753647266,0.45546,0.008702735202222351,,,,,,,,,0.7394190502120181,0.09825971458522076,0.0,0.0,0.0,0.0,43.0,0.0,0.4304347826086957,0.03180160617027781,0.0,0.0,0.6228016495704651,0.006981660376470979
mnist,MaxLoss,0.3,0.0,420,5,424.0,0.0,2069.2,12.7216351150314,2493.2,12.7216351150314,0.524585295910947,0.0025494847936187994,0.45068,0.004221303116337429,,,,,,,,,6.481098153605126,0.14397003386631652,0.0,0.0,0.0,0.0,421.0,0.0,0.44150943396226416,0.006645756039436499,0.0,0.0,0.5773537516593933,0.004623787038768356
mnist,MaxLoss,0.3,0.0,422,5,426.0,0.0,2060.8,15.99187293596344,2486.8,15.99187293596344,0.5233018547063694,0.0032062182670502645,0.44209999999999994,0.0028361946336596844,,,,,,,,,6.512884705595207,0.14413451730628002,0.0,0.0,0.0,0.0,423.0,0.0,0.4403755868544601,0.006411502480632702,0.0,0.0,0.5764012813568116,0.004201623940881335
mnist,MaxLoss,0.3,0.0,424,5,428.0,0.0,2054.6,12.363656417096037,2482.6,12.363656417096037,0.5224608827615157,0.0024777112715429423,0.44156000000000006,0.006689962630687848,,,,,,,,,6.5447065501939505,0.14426741620927905,0.0,0.0,0.0,0.0,425.0,0.0,0.4397196261682243,0.0058830272486047495,0.0,0.0,0.5750649213790894,0.003951722372553465
mnist,MaxLoss,0.3,0.0,426,5,430.0,0.0,2025.2,15.422062118925599,2455.2,15.422062118925602,0.5169663837994449,0.0030926192089988642,0.43235999999999997,0.011360088027827949,,,,,,,,,6.576637564005796,0.14441612510581334,0.0,0.0,0.0,0.0,427.0,0.0,0.4395348837209303,0.006453226476982142,0.0,0.0,0.5742451786994934,0.003387975951088099
mnist,MaxLoss,0.3,0.0,428,5,432.0,0.0,2052.6,27.931344400153744,2484.6,27.931344400153744,0.52285649869591,0.005596591365727388,0.4478,0.014009603848788863,,,,,,,,,6.608251181594096,0.14454954375140464,0.0,0.0,0.0,0.0,429.0,0.0,0.43888888888888894,0.007268665957457217,0.0,0.0,0.5740091800689697,0.0027907051864229852
mnist,MaxLoss,0.3,0.0,430,5,434.0,0.0,2077.0,20.56696380120313,2511.0,20.56696380120313,0.5281495783710852,0.00412013218695912,0.45542000000000005,0.016513521732204797,,,,,,,,,6.64004498119466,0.14469776757249245,0.0,0.0,0.0,0.0,431.0,0.0,0.4391705069124424,0.006780617036664588,0.0,0.0,0.5786834836006165,0.003307650546533186
mnist,MaxLoss,0.3,0.0,432,5,436.0,0.0,2054.0,11.941524190822543,2490.0,11.941524190822543,0.5239441521698609,0.0023934615313510633,0.44952,0.012793177869474011,,,,,,,,,6.671858031593729,0.14483346884538714,0.0,0.0,0.0,0.0,433.0,0.0,0.4394495412844037,0.006749513288789987,0.0,0.0,0.5784303188323975,0.0019465748936341725
mnist,MaxLoss,0.3,0.0,434,5,438.0,0.0,2041.8,14.745846872933406,2479.8,14.74584687293341,0.5218990766559728,0.0029558948058389573,0.44750000000000006,0.011557119018163645,,,,,,,,,6.703733283001929,0.14496197952649698,0.0,0.0,0.0,0.0,435.0,0.0,0.43881278538812785,0.006864518894234205,0.0,0.0,0.5766970634460449,0.0013369885480910466
mnist,MaxLoss,0.3,0.0,436,5,440.0,0.0,2035.4,18.800531907369002,2475.4,18.800531907369002,0.5210158814676106,0.003767854710163918,0.44555999999999996,0.012240694424745688,,,,,,,,,6.735469626798294,0.14504326374330825,0.0,0.0,0.0,0.0,437.0,0.0,0.43863636363636366,0.007150969419341946,0.0,0.0,0.5767964959144593,0.001598376465527484
mnist,MaxLoss,0.3,0.0,438,5,442.0,0.0,2027.2,19.001052602421794,2469.2,19.001052602421794,0.5197727873688563,0.0038095404625367183,0.43942000000000003,0.01396285787365896,,,,,,,,,6.76776255160803,0.14549681131779257,0.0,0.0,0.0,0.0,439.0,0.0,0.4384615384615385,0.007483183442778838,0.0,0.0,0.5743061184883118,0.0010804941804405594
mnist,MaxLoss,0.3,0.0,44,5,48.0,0.0,2432.6,18.00444389588304,2480.6,18.00444389588304,0.522058545879554,0.0036093704019970496,0.47398000000000007,0.008927788079922151,,,,,,,,,0.7684351111995056,0.09866338884208403,0.0,0.0,0.0,0.0,45.0,0.0,0.4416666666666666,0.0344853028275976,0.0,0.0,0.6270725846290588,0.007028419490265277
mnist,MaxLoss,0.3,0.0,440,5,444.0,0.0,2034.0,30.783112253311877,2478.0,30.783112253311877,0.5215321158990264,0.006169140817445293,0.4447,0.014572027998875104,,,,,,,,,6.799637647997588,0.14556557749471802,0.0,0.0,0.0,0.0,441.0,0.0,0.43918918918918914,0.007802030664724665,0.0,0.0,0.5751369833946228,0.0016673747768402938
mnist,MaxLoss,0.3,0.0,442,5,446.0,0.0,2009.8,28.610138063280992,2455.8,28.610138063280992,0.5170818452839739,0.005734729628045283,0.43509999999999993,0.008502646646780045,,,,,,,,,6.83163680860307,0.14560989971416413,0.0,0.0,0.0,0.0,443.0,0.0,0.43811659192825114,0.007786437378558453,0.0,0.0,0.5755484461784363,0.0022469057081571323
mnist,MaxLoss,0.3,0.0,444,5,448.0,0.0,2013.4,44.022267092915605,2461.4,44.022267092915605,0.5181955105159431,0.008830474580472267,0.43558,0.009437340727132834,,,,,,,,,6.863790370407514,0.14552135490357018,0.0,0.0,0.0,0.0,445.0,0.0,0.43794642857142857,0.008091325428746373,0.0,0.0,0.5773763656616211,0.0024107574733214033
mnist,MaxLoss,0.3,0.0,446,5,450.0,0.0,2037.6,42.70316147546924,2487.6,42.70316147546924,0.5234490283881315,0.0085576018094587,0.45586000000000004,0.01295135514145141,,,,,,,,,6.896027647599112,0.14590708960539361,0.0,0.0,0.0,0.0,447.0,0.0,0.43866666666666665,0.00818309006200976,0.0,0.0,0.5824077606201172,0.004848405543299341
mnist,MaxLoss,0.3,0.0,448,5,452.0,0.0,2034.4,36.02443615103504,2486.4,36.02443615103504,0.5232129351701588,0.007220704193285534,0.45342000000000005,0.006357468049467506,,,,,,,,,6.927838846796658,0.14592946249464417,0.0,0.0,0.0,0.0,449.0,0.0,0.4371681415929204,0.008086578266591623,0.0,0.0,0.5842055320739746,0.0049928015642931355
mnist,MaxLoss,0.3,0.0,450,5,454.0,0.0,2038.2,29.47269923166183,2492.2,29.47269923166183,0.5243789547705091,0.005903273748387922,0.44489999999999996,0.007507196547313788,,,,,,,,,6.959797812800389,0.14591548993723727,0.0,0.0,0.0,0.0,451.0,0.0,0.43700440528634366,0.008404750673277053,0.0,0.0,0.5862772464752197,0.00422665837770853
mnist,MaxLoss,0.3,0.0,452,5,456.0,0.0,2027.2,39.67291267351062,2483.2,39.67291267351062,0.5225692135514691,0.007947734681692482,0.44558,0.010018902135463734,,,,,,,,,6.991646694205701,0.14589261382546956,0.0,0.0,0.0,0.0,453.0,0.0,0.43728070175438594,0.008566677624835354,0.0,0.0,0.5885823845863343,0.005229984703565471
mnist,MaxLoss,0.3,0.0,454,5,458.0,0.0,2012.2,38.34501271351986,2470.2,38.34501271351986,0.5199639769620262,0.0076915743291663796,0.44058,0.010064760305143895,,,,,,,,,7.024047201813664,0.14578415005620898,0.0,0.0,0.0,0.0,455.0,0.0,0.43711790393013106,0.008879781400726094,0.0,0.0,0.5819449543952941,0.0024616655399441905
mnist,MaxLoss,0.3,0.0,456,5,460.0,0.0,1999.0,35.8678128689219,2459.0,35.8678128689219,0.5177196832839399,0.007195235690858575,0.43488000000000004,0.008852479878542508,,,,,,,,,7.056541926809587,0.14570458518706028,0.0,0.0,0.0,0.0,457.0,0.0,0.43652173913043485,0.008920993273340522,0.0,0.0,0.5817739963531494,0.0014661942724036156
mnist,MaxLoss,0.3,0.0,458,5,462.0,0.0,2000.4,31.267555069112774,2462.4,31.267555069112774,0.5184041035943665,0.006272402154354333,0.4382,0.009844947942980707,,,,,,,,,7.089135168981739,0.14611303586541768,0.0,0.0,0.0,0.0,459.0,0.0,0.43722943722943725,0.008521653543302823,0.0,0.0,0.5791462421417236,0.004778897879572609
mnist,MaxLoss,0.3,0.0,46,5,50.0,0.0,2424.2,28.378512998393695,2474.2,28.378512998393695,0.5207715128432028,0.005686266924381727,0.46814,0.011146730462337362,,,,,,,,,0.7974900416098535,0.09906787808857985,0.0,0.0,0.0,0.0,47.0,0.0,0.43600000000000005,0.0354400902933387,0.0,0.0,0.6251506328582763,0.007818658353656135
mnist,MaxLoss,0.3,0.0,460,5,464.0,0.0,2005.2,33.46251634291719,2469.2,33.46251634291718,0.5197664199164137,0.006711485461017677,0.43596,0.010358986436905894,,,,,,,,,7.120960884797387,0.1460896897511444,0.0,0.0,0.0,0.0,461.0,0.0,0.4370689655172414,0.008550359665895419,0.0,0.0,0.5791358828544617,0.005321219153939989
mnist,MaxLoss,0.3,0.0,462,5,466.0,0.0,1999.4,30.803571221532092,2465.4,30.803571221532092,0.5190059156506323,0.0061746646945709145,0.4366,0.013420469440373532,,,,,,,,,7.153361430205405,0.14598056002046164,0.0,0.0,0.0,0.0,463.0,0.0,0.43648068669527895,0.008272246895878277,0.0,0.0,0.5776533126831055,0.0034514607155194895
mnist,MaxLoss,0.3,0.0,464,5,468.0,0.0,1980.4,15.8385605406552,2448.4,15.8385605406552,0.5156023653573356,0.003176717518622501,0.43045999999999995,0.008803783277659672,,,,,,,,,7.185446607589256,0.14596045294697732,0.0,0.0,0.0,0.0,465.0,0.0,0.4363247863247864,0.007977843889997636,0.0,0.0,0.5740650653839111,0.003519389715040851
mnist,MaxLoss,0.3,0.0,466,5,470.0,0.0,1974.0,23.058620947489466,2444.0,23.058620947489466,0.5147173760808073,0.004623723195987747,0.4274,0.007355338197527027,,,,,,,,,7.218105015007313,0.14635844362783443,0.0,0.0,0.0,0.0,467.0,0.0,0.4365957446808511,0.008251369970070347,0.0,0.0,0.5698089718818664,0.002566249433294881
mnist,MaxLoss,0.3,0.0,468,5,472.0,0.0,1970.2,20.550912388504795,2442.2,20.550912388504795,0.514357193466276,0.004122792682743826,0.4227200000000001,0.006198096481985412,,,,,,,,,7.250195594201796,0.14637061583207717,0.0,0.0,0.0,0.0,469.0,0.0,0.43559322033898307,0.007830389242617088,0.0,0.0,0.570525050163269,0.0028145357694367612
mnist,MaxLoss,0.3,0.0,470,5,474.0,0.0,1952.8,22.046314884805575,2426.8,22.046314884805575,0.5112666880711914,0.004424867171846645,0.4205400000000001,0.008403546870220935,,,,,,,,,7.282900167396292,0.146264436998318,0.0,0.0,0.0,0.0,471.0,0.0,0.43586497890295356,0.007476812298172719,0.0,0.0,0.5701928615570069,0.001985892630635705
mnist,MaxLoss,0.3,0.0,472,5,476.0,0.0,1955.4,21.722338732282026,2431.4,21.722338732282026,0.512189889815636,0.00435692034208144,0.42223999999999995,0.013709908825371523,,,,,,,,,7.315610958391335,0.14616014902387728,0.0,0.0,0.0,0.0,473.0,0.0,0.43613445378151267,0.007173685327295748,0.0,0.0,0.571800696849823,0.0018419977874217339
mnist,MaxLoss,0.3,0.0,474,5,478.0,0.0,1937.8,19.00894526269146,2415.8,19.00894526269146,0.509060003736522,0.0038141438480902585,0.41689999999999994,0.014203168660548948,,,,,,,,,7.348881574010011,0.14593887741992653,0.0,0.0,0.0,0.0,475.0,0.0,0.43640167364016735,0.006925918559517507,0.0,0.0,0.5736904621124268,0.002507662729128286
mnist,MaxLoss,0.3,0.0,476,5,480.0,0.0,1951.6,16.076691201861156,2431.6,16.076691201861156,0.5122318120207637,0.0032267164426363023,0.41756000000000004,0.009359252106872636,,,,,,,,,7.38140345698921,0.14584587492647846,0.0,0.0,0.0,0.0,477.0,0.0,0.43583333333333335,0.007318403362604287,0.0,0.0,0.5744849801063537,0.002032668329955909
mnist,MaxLoss,0.3,0.0,478,5,482.0,0.0,1950.6,14.874810923168063,2432.6,14.874810923168063,0.5124327817349694,0.0029841616663465412,0.42494,0.0041277839090727644,,,,,,,,,7.4136717826244425,0.14584702541854921,0.0,0.0,0.0,0.0,479.0,0.0,0.4360995850622406,0.007405215061234332,0.0,0.0,0.5747855424880981,0.0030516623232242734
mnist,MaxLoss,0.3,0.0,48,5,52.0,0.0,2393.8,25.154323684011064,2445.8,25.154323684011064,0.5150776152382605,0.005044530778448801,0.4511,0.014401979030674923,,,,,,,,,0.8265213271952234,0.09946552204920396,0.0,0.0,0.0,0.0,49.0,0.0,0.44230769230769235,0.029164905554044433,0.0,0.0,0.6238330602645874,0.007968852684893973
mnist,MaxLoss,0.3,0.0,480,5,484.0,0.0,1961.4,11.885285019720813,2445.4,11.885285019720813,0.515001498546917,0.0023843769263487027,0.42122000000000004,0.005866464011651307,,,,,,,,,7.445946501393337,0.14585822814587837,0.0,0.0,0.0,0.0,481.0,0.0,0.43636363636363634,0.006895999697635797,0.0,0.0,0.5755291223526001,0.003365576496445585
mnist,MaxLoss,0.3,0.0,482,5,486.0,0.0,1962.6,8.298192574289898,2448.6,8.298192574289898,0.5156440098886378,0.0016643891732372354,0.42198,0.00695811756152482,,,,,,,,,7.4783899648115035,0.14584922051344482,0.0,0.0,0.0,0.0,483.0,0.0,0.4366255144032922,0.006867621098057053,0.0,0.0,0.5766626119613647,0.004415048084742559
mnist,MaxLoss,0.3,0.0,484,5,488.0,0.0,1947.8,24.364728605096342,2435.8,24.364728605096342,0.5130717334919609,0.0048899519022695,0.42308,0.006652172577436641,,,,,,,,,7.510709790606052,0.1458625964980512,0.0,0.0,0.0,0.0,485.0,0.0,0.43688524590163935,0.006870104350098447,0.0,0.0,0.5770910024642945,0.0031047320036478414
mnist,MaxLoss,0.3,0.0,486,5,490.0,0.0,1962.0,12.794530081249563,2452.0,12.794530081249563,0.5163251903257333,0.002566158670029698,0.42864,0.007344562614614988,,,,,,,,,7.54315348562086,0.14583568279528547,0.0,0.0,0.0,0.0,487.0,0.0,0.43714285714285717,0.0061698842685024395,0.0,0.0,0.5763888955116272,0.0022245371462509943
mnist,MaxLoss,0.3,0.0,488,5,492.0,0.0,1958.4,11.885285019720813,2450.4,11.885285019720813,0.5160044547053986,0.0023836598207953204,0.43004,0.008491560516183121,,,,,,,,,7.57557488840539,0.1458159825560994,0.0,0.0,0.0,0.0,489.0,0.0,0.43617886178861787,0.005981276003887056,0.0,0.0,0.5762931942939759,0.0022120715087014194
mnist,MaxLoss,0.3,0.0,490,5,494.0,0.0,1956.6,24.18387892791394,2450.6,24.18387892791394,0.5160408492200077,0.004852968284000028,0.43624,0.004656672631826288,,,,,,,,,7.608196581806988,0.1457746525113353,0.0,0.0,0.0,0.0,491.0,0.0,0.4364372469635628,0.006420547176985307,0.0,0.0,0.5770124912261962,0.0021541596891344263
mnist,MaxLoss,0.3,0.0,492,5,496.0,0.0,1974.2,29.557401780264787,2470.2,29.557401780264787,0.5199689856963232,0.005926553716368667,0.4405,0.009929098649927897,,,,,,,,,7.640590340399649,0.14573776204789862,0.0,0.0,0.0,0.0,493.0,0.0,0.4370967741935484,0.0064516129032258,0.0,0.0,0.5781207084655762,0.0013596795545946783
mnist,MaxLoss,0.3,0.0,494,5,498.0,0.0,1952.2,18.461852561430554,2450.2,18.461852561430554,0.5159626639913768,0.0037022227180555116,0.43138000000000004,0.005453200894887328,,,,,,,,,7.673547883005813,0.1460844744197585,0.0,0.0,0.0,0.0,495.0,0.0,0.43775100401606426,0.006156509926407989,0.0,0.0,0.5758543729782104,0.0025296333319126075
mnist,MaxLoss,0.3,0.0,496,5,500.0,0.0,1969.0,9.782637681116478,2469.0,9.782637681116478,0.5197349134832621,0.001961850376708143,0.43784,0.009655547628177285,,,,,,,,,7.706095419998746,0.1460349313590346,0.0,0.0,0.0,0.0,497.0,0.0,0.4384,0.005810335618533584,0.0,0.0,0.5754822492599487,0.002629518840941247
mnist,MaxLoss,0.3,0.0,498,5,502.0,0.0,1972.0,26.09789263523015,2474.0,26.09789263523015,0.5207324623246677,0.0052332116433269436,0.44139999999999996,0.007291639047566741,,,,,,,,,7.739196881803219,0.14592762180512628,0.0,0.0,0.0,0.0,499.0,0.0,0.4394422310756972,0.006223306514666651,0.0,0.0,0.5742338418960571,0.00384578500882462
mnist,MaxLoss,0.3,0.0,50,5,54.0,0.0,2377.2,49.23555625764778,2431.2,49.23555625764778,0.5121333583025262,0.009889463999645994,0.44352,0.023903627339799293,,,,,,,,,0.8551411317894235,0.09945366926208962,0.0,0.0,0.0,0.0,51.0,0.0,0.437037037037037,0.02904516137288541,0.0,0.0,0.6241943717002869,0.006256381184123438
mnist,MaxLoss,0.3,0.0,500,5,504.0,0.0,1964.0,26.37612556839992,2468.0,26.37612556839992,0.5195293735014275,0.0052880951524104935,0.43545999999999996,0.006520935515706303,,,,,,,,,7.771772214199882,0.1458969332643482,0.0,0.0,0.0,0.0,501.0,0.0,0.43809523809523815,0.0065023688921325125,0.0,0.0,0.5755213975906373,0.003294648928827018
mnist,MaxLoss,0.3,0.0,502,5,506.0,0.0,1980.2,27.42881696318673,2486.2,27.428816963186726,0.5231774265295825,0.005495879025459762,0.44576000000000005,0.006292265092953421,,,,,,,,,7.804537879605777,0.14587283011156876,0.0,0.0,0.0,0.0,503.0,0.0,0.43754940711462453,0.006452501074037346,0.0,0.0,0.5780286192893982,0.0038664448597965466
mnist,MaxLoss,0.3,0.0,504,5,508.0,0.0,1975.6,23.438429981549532,2483.6,23.438429981549532,0.522657999349758,0.004699215776019073,0.44037999999999994,0.006047429205869227,,,,,,,,,7.83725915219402,0.14584923274441525,0.0,0.0,0.0,0.0,505.0,0.0,0.4389763779527559,0.006587874224677766,0.0,0.0,0.5745602369308471,0.003115696962769018
mnist,MaxLoss,0.3,0.0,506,5,510.0,0.0,1955.2,23.540178419034973,2465.2,23.540178419034973,0.5189691265579313,0.004720951618604168,0.43078000000000005,0.006809214345282434,,,,,,,,,7.870171876600944,0.14582524111406467,0.0,0.0,0.0,0.0,507.0,0.0,0.43843137254901965,0.006156987634551987,0.0,0.0,0.5749566912651062,0.0026688440671131354
mnist,MaxLoss,0.3,0.0,508,5,512.0,0.0,1961.6,24.340501227378205,2473.6,24.340501227378205,0.5206530128140002,0.004879221020674142,0.43416,0.005571409157475343,,,,,,,,,7.902726291201543,0.14583106279536256,0.0,0.0,0.0,0.0,509.0,0.0,0.4390625,0.0060955025524715755,0.0,0.0,0.5755244374275208,0.0025952744255678213
mnist,MaxLoss,0.3,0.0,510,5,514.0,0.0,1942.4,25.89710408520613,2456.4,25.89710408520613,0.5172034223447554,0.005196341586619099,0.42776,0.006559695114866233,,,,,,,,,7.9360945004038514,0.14585065947519657,0.0,0.0,0.0,0.0,511.0,0.0,0.4389105058365759,0.0063817974579209015,0.0,0.0,0.5760786771774292,0.0012687933690649588
mnist,MaxLoss,0.3,0.0,512,5,516.0,0.0,1939.0,23.96038397021216,2455.0,23.96038397021216,0.5169234504573978,0.004807354016533126,0.43278,0.0035584266186054576,,,,,,,,,7.969380292005371,0.14580375024590864,0.0,0.0,0.0,0.0,513.0,0.0,0.4387596899224806,0.0059606808136549155,0.0,0.0,0.5743046164512634,0.0019665929344669184
mnist,MaxLoss,0.3,0.0,514,5,518.0,0.0,1944.8,23.921538412067065,2462.8,23.92153841206706,0.5184877172112465,0.004796807251685261,0.43456,0.0026483202223296326,,,,,,,,,8.003263384790625,0.14568794735388674,0.0,0.0,0.0,0.0,515.0,0.0,0.4393822393822394,0.005778621446755119,0.0,0.0,0.57586669921875,0.0027375392567889952
mnist,MaxLoss,0.3,0.0,516,5,520.0,0.0,1966.8,12.764795337176384,2486.8,12.764795337176386,0.5233026329893619,0.002558052176174573,0.44394,0.0045716080321917315,,,,,,,,,8.036619081394747,0.14564134441348264,0.0,0.0,0.0,0.0,517.0,0.0,0.4396153846153846,0.005756395979652217,0.0,0.0,0.5777703046798706,0.003379943950067389
mnist,MaxLoss,0.3,0.0,518,5,522.0,0.0,1966.2,16.73140759171206,2488.2,16.73140759171206,0.5235822457238101,0.0033524134552802226,0.44597999999999993,0.0038389321431877474,,,,,,,,,8.070535514806398,0.14598658595771097,0.0,0.0,0.0,0.0,519.0,0.0,0.4402298850574713,0.005398085365366042,0.0,0.0,0.575967013835907,0.0020529669448611045
mnist,MaxLoss,0.3,0.0,52,5,56.0,0.0,2389.0,40.37697363597227,2445.0,40.37697363597227,0.5149087592726573,0.008105472939018804,0.45668,0.015803524923256814,,,,,,,,,0.8846282778074965,0.09975570695344689,0.0,0.0,0.0,0.0,53.0,0.0,0.4357142857142858,0.023007319154866295,0.0,0.0,0.6270692229270936,0.005389276104513306
mnist,MaxLoss,0.3,0.0,520,5,524.0,0.0,1958.2,12.431411826498225,2482.2,12.431411826498227,0.5223806902300566,0.002491784399738439,0.43868,0.006788696487544564,,,,,,,,,8.104060460394248,0.14594820343946646,0.0,0.0,0.0,0.0,521.0,0.0,0.44122137404580153,0.005170311902345063,0.0,0.0,0.574444055557251,0.0025357060746276612
mnist,MaxLoss,0.3,0.0,522,5,526.0,0.0,1954.8,24.94473892427018,2480.8,24.94473892427018,0.5220961340120993,0.004999166131754924,0.4401,0.0024592681838303005,,,,,,,,,8.137776614399627,0.14590628496945013,0.0,0.0,0.0,0.0,523.0,0.0,0.4406844106463878,0.005620435550986497,0.0,0.0,0.5745897412300109,0.002713560602060876
mnist,MaxLoss,0.3,0.0,524,5,528.0,0.0,1945.8,26.945129430010166,2473.8,26.945129430010166,0.5206919884076342,0.005402015576608769,0.43844000000000005,0.00422191899495952,,,,,,,,,8.171557498397306,0.14626778820307665,0.0,0.0,0.0,0.0,525.0,0.0,0.4401515151515151,0.00566917785874839,0.0,0.0,0.5728505373001098,0.0019581497067977668
mnist,MaxLoss,0.3,0.0,526,5,530.0,0.0,1941.6,15.803797012110726,2471.6,15.803797012110726,0.5202549137407914,0.003168766470132111,0.43915999999999994,0.004118203491815331,,,,,,,,,8.205039628210944,0.1462285962837299,0.0,0.0,0.0,0.0,527.0,0.0,0.44075471698113206,0.005894528057288039,0.0,0.0,0.5757647752761841,0.0016804765294132068
mnist,MaxLoss,0.3,0.0,528,5,532.0,0.0,1948.0,23.926972228010797,2480.0,23.926972228010797,0.5219361879746429,0.004795729994982178,0.4402800000000001,0.0066526235426334025,,,,,,,,,8.239060269796756,0.14669756153427965,0.0,0.0,0.0,0.0,529.0,0.0,0.4417293233082707,0.006119857366954777,0.0,0.0,0.5768083572387696,0.0019835476407342764
mnist,MaxLoss,0.3,0.0,530,5,534.0,0.0,1938.8,19.97848843131031,2472.8,19.97848843131031,0.5204942472861148,0.004005556731232186,0.4395200000000001,0.006484473764308099,,,,,,,,,8.273170154402033,0.14713795291499918,0.0,0.0,0.0,0.0,531.0,0.0,0.44119850187265913,0.005850374289068659,0.0,0.0,0.5770882487297058,0.00203938785636285
mnist,MaxLoss,0.3,0.0,532,5,536.0,0.0,1963.0,23.99166521940484,2499.0,23.99166521940484,0.5257440790184773,0.004808415275368331,0.44954,0.005915031698985221,,,,,,,,,8.30711825240869,0.1475305420396741,0.0,0.0,0.0,0.0,533.0,0.0,0.44179104477611936,0.005515576678766605,0.0,0.0,0.577089250087738,0.0023238473170263865
mnist,MaxLoss,0.3,0.0,534,5,538.0,0.0,1945.8,27.644891028904418,2483.8,27.644891028904414,0.5226962841115892,0.005542221361990704,0.43868,0.007816994307276932,,,,,,,,,8.34082927859854,0.1475568901801549,0.0,0.0,0.0,0.0,535.0,0.0,0.44237918215613387,0.005482483718867147,0.0,0.0,0.577610993385315,0.002032181698863751
mnist,MaxLoss,0.3,0.0,536,5,540.0,0.0,1950.6,24.774180107523236,2490.6,24.774180107523236,0.5240604460355826,0.00496611582321352,0.44514,0.007839298437998143,,,,,,,,,8.374618608411401,0.14752915635818595,0.0,0.0,0.0,0.0,537.0,0.0,0.44296296296296295,0.005719794522770558,0.0,0.0,0.579145860671997,0.0022280189099462434
mnist,MaxLoss,0.3,0.0,538,5,542.0,0.0,1957.4,18.007220773900674,2499.4,18.007220773900674,0.525826338713523,0.0036079345712655407,0.44482,0.0032473681651454213,,,,,,,,,8.408554478595033,0.1475392432296622,0.0,0.0,0.0,0.0,539.0,0.0,0.44243542435424354,0.005454518634352205,0.0,0.0,0.5815017223358154,0.0026382535972069047
mnist,MaxLoss,0.3,0.0,54,5,58.0,0.0,2413.4,24.38975194625808,2471.4,24.38975194625808,0.5202119183726609,0.004888796206723714,0.4636,0.01301026517792776,,,,,,,,,0.9135897801839746,0.10015468813590277,0.0,0.0,0.0,0.0,55.0,0.0,0.4379310344827586,0.027586206896551734,0.0,0.0,0.6213754415512085,0.009542241625849891
mnist,MaxLoss,0.3,0.0,540,5,544.0,0.0,1979.6,18.535371590556256,2523.6,18.535371590556256,0.5306740251835436,0.003712710089857893,0.4586,0.006527556970260772,,,,,,,,,8.442239212000278,0.1475142239317767,0.0,0.0,0.0,0.0,541.0,0.0,0.44375,0.005772175907392493,0.0,0.0,0.5757464051246644,0.002222777688376952
mnist,MaxLoss,0.3,0.0,542,5,546.0,0.0,1954.4,12.0523856559604,2500.4,12.0523856559604,0.5260282148839905,0.0024151718344833806,0.45465999999999995,0.005052484537334076,,,,,,,,,8.476093427999876,0.14752612118841119,0.0,0.0,0.0,0.0,543.0,0.0,0.4435897435897436,0.006057815167963818,0.0,0.0,0.5713255167007446,0.002207575959639704
mnist,MaxLoss,0.3,0.0,544,5,548.0,0.0,1934.4,21.86229631122952,2482.4,21.86229631122952,0.5224180646939203,0.004381403364815041,0.45221999999999996,0.009292975842000232,,,,,,,,,8.509927208221052,0.14750754743773506,0.0,0.0,0.0,0.0,545.0,0.0,0.4434306569343066,0.005856498735723075,0.0,0.0,0.5695670247077942,0.002246583003329695
mnist,MaxLoss,0.3,0.0,546,5,550.0,0.0,1936.4,23.406409378629604,2486.4,23.406409378629604,0.5232192303752526,0.0046908539552795595,0.44946,0.0075307768523572485,,,,,,,,,8.543992813793011,0.14752263273930388,0.0,0.0,0.0,0.0,547.0,0.0,0.44363636363636366,0.005300865358950271,0.0,0.0,0.5678016424179078,0.0021569727124681032
mnist,MaxLoss,0.3,0.0,548,5,552.0,0.0,1902.6,14.905032707109367,2454.6,14.905032707109367,0.5168461780296638,0.0029883579944468674,0.43283999999999995,0.005579121794691354,,,,,,,,,8.577947251987643,0.14752378635065003,0.0,0.0,0.0,0.0,549.0,0.0,0.4427536231884058,0.0052065608199999645,0.0,0.0,0.5693311333656311,0.0013661683997138164
mnist,MaxLoss,0.3,0.0,550,5,554.0,0.0,1899.0,16.0,2453.0,16.0,0.5165249880054035,0.0032092543504265453,0.4306,0.005744997824194552,,,,,,,,,8.611948071606458,0.1475312941909408,0.0,0.0,0.0,0.0,551.0,0.0,0.4422382671480144,0.00556355054419583,0.0,0.0,0.5686766386032105,0.0014879947761001688
mnist,MaxLoss,0.3,0.0,552,5,556.0,0.0,1883.6,11.779643458101777,2439.6,11.779643458101777,0.5138379589072428,0.0023637043532515056,0.4232,0.009256781298053874,,,,,,,,,8.646016188187058,0.14753691401203844,0.0,0.0,0.0,0.0,553.0,0.0,0.44208633093525185,0.0051314182078011136,0.0,0.0,0.5689992547035218,0.0013880400394116813
mnist,MaxLoss,0.3,0.0,554,5,558.0,0.0,1864.2,24.83827691286173,2422.2,24.83827691286173,0.5103424171451479,0.004988326178454238,0.41403999999999996,0.013238224956541571,,,,,,,,,8.680216559011024,0.14754869321988232,0.0,0.0,0.0,0.0,555.0,0.0,0.44121863799283156,0.0052371466653055405,0.0,0.0,0.5703207612037658,0.0017036572787619308
mnist,MaxLoss,0.3,0.0,556,5,560.0,0.0,1875.0,20.837466256721328,2435.0,20.837466256721328,0.5129125558189116,0.0041831834665397,0.4225,0.012905076520501534,,,,,,,,,8.714047440397554,0.1475657631630115,0.0,0.0,0.0,0.0,557.0,0.0,0.4425,0.004903403649194997,0.0,0.0,0.5718119502067566,0.001372484777039241
mnist,MaxLoss,0.3,0.0,558,5,562.0,0.0,1882.0,17.288724649319857,2444.0,17.288724649319857,0.5147193295531907,0.0034689195054178417,0.42946,0.006935675886314185,,,,,,,,,8.748031805001665,0.1475781297681647,0.0,0.0,0.0,0.0,559.0,0.0,0.44234875444839855,0.004794374941390559,0.0,0.0,0.5716506481170655,0.001092705274215508
mnist,MaxLoss,0.3,0.0,56,5,60.0,0.0,2405.0,22.785960589801782,2465.0,22.785960589801782,0.5189293145667762,0.004566959277542618,0.46304,0.010063031352430545,,,,,,,,,0.9425705163972452,0.10058244559986991,0.0,0.0,0.0,0.0,57.0,0.0,0.43666666666666665,0.025495097567963924,0.0,0.0,0.620311188697815,0.00859841619882931
mnist,MaxLoss,0.3,0.0,560,5,564.0,0.0,1873.0,11.502173707608488,2437.0,11.502173707608488,0.5133163711754605,0.0023082843830491335,0.42557999999999996,0.00829224939325875,,,,,,,,,8.781996035203338,0.14760732642905047,0.0,0.0,0.0,0.0,561.0,0.0,0.4418439716312057,0.004603104604874882,0.0,0.0,0.5724123001098633,0.0016418689457555343
mnist,MaxLoss,0.3,0.0,562,5,566.0,0.0,1875.4,18.08203528367313,2441.4,18.08203528367313,0.5141975001548417,0.00362926985377965,0.4276,0.008507937470386117,,,,,,,,,8.816061300598085,0.14761727198883642,0.0,0.0,0.0,0.0,563.0,0.0,0.441696113074205,0.0047077429662453155,0.0,0.0,0.5720413565635681,0.0011174284650128678
mnist,MaxLoss,0.3,0.0,564,5,568.0,0.0,1875.2,19.071968959706286,2443.2,19.071968959706282,0.5145582981524057,0.003827695571583206,0.42976000000000003,0.011711985314198438,,,,,,,,,8.850359481398481,0.14803028836834117,0.0,0.0,0.0,0.0,565.0,0.0,0.4422535211267606,0.004570688375263094,0.0,0.0,0.5740302562713623,0.001294618584491237
mnist,MaxLoss,0.3,0.0,566,5,570.0,0.0,1872.2,22.712111306525422,2442.2,22.712111306525422,0.5143564090947621,0.0045564959879408696,0.42610000000000003,0.011980066777777154,,,,,,,,,8.884426361194347,0.14803027187639564,0.0,0.0,0.0,0.0,567.0,0.0,0.4428070175438597,0.004527539614232966,0.0,0.0,0.5735031247138977,0.002492497476508413
mnist,MaxLoss,0.3,0.0,568,5,572.0,0.0,1877.2,23.029112010670318,2449.2,23.029112010670318,0.515760490600951,0.0046189974940781045,0.42812,0.012132205075747774,,,,,,,,,8.918548351200297,0.14803545087924153,0.0,0.0,0.0,0.0,569.0,0.0,0.4426573426573427,0.004331997095581772,0.0,0.0,0.5731663703918457,0.0009315562607362287
mnist,MaxLoss,0.3,0.0,570,5,574.0,0.0,1887.0,21.77383751202346,2461.0,21.77383751202346,0.5181275821756571,0.004365855653883808,0.42916,0.013101015227836348,,,,,,,,,8.952841128990986,0.148016569266803,0.0,0.0,0.0,0.0,571.0,0.0,0.44181184668989537,0.004694144106378917,0.0,0.0,0.5746850609779358,0.000740870644934767
mnist,MaxLoss,0.3,0.0,572,5,576.0,0.0,1898.8,18.84781154404935,2474.8,18.84781154404935,0.5208955806680023,0.003777980067890727,0.4377,0.01293858570323665,,,,,,,,,8.986765590601134,0.14802186637787576,0.0,0.0,0.0,0.0,573.0,0.0,0.44236111111111115,0.005073485832014744,0.0,0.0,0.5731304526329041,0.0003285747445098678
mnist,MaxLoss,0.3,0.0,574,5,578.0,0.0,1903.8,22.251741504880012,2481.8,22.251741504880012,0.522297651739791,0.004459179133694087,0.43285999999999997,0.015780228135233033,,,,,,,,,9.02118859461043,0.14842087845831325,0.0,0.0,0.0,0.0,575.0,0.0,0.44186851211072664,0.004881223522375736,0.0,0.0,0.5720077753067017,0.0014389325077830226
mnist,MaxLoss,0.3,0.0,576,5,580.0,0.0,1887.4,17.778076386381063,2467.4,17.778076386381063,0.5194122541346587,0.0035630227194730917,0.42922000000000005,0.01451600496004323,,,,,,,,,9.05563678399194,0.1488002078760545,0.0,0.0,0.0,0.0,577.0,0.0,0.4413793103448276,0.004937179676991846,0.0,0.0,0.5724531531333923,0.0009481708273583119
mnist,MaxLoss,0.3,0.0,578,5,582.0,0.0,1872.2,20.293841430345314,2454.2,20.293841430345314,0.5167643607128412,0.0040682790179648876,0.42446,0.015875440151378477,,,,,,,,,9.089951299794484,0.14888976067997087,0.0,0.0,0.0,0.0,579.0,0.0,0.4405498281786942,0.004847675594386904,0.0,0.0,0.5716140389442443,0.0011192880966079258
mnist,MaxLoss,0.3,0.0,58,5,62.0,0.0,2369.6,31.96654501193396,2431.6,31.96654501193396,0.5122254057321698,0.006413629091607019,0.44745999999999997,0.014025177360732367,,,,,,,,,0.9710955546121113,0.10061006281104762,0.0,0.0,0.0,0.0,59.0,0.0,0.432258064516129,0.02246514238255503,0.0,0.0,0.615010929107666,0.010266578461197839
mnist,MaxLoss,0.3,0.0,580,5,584.0,0.0,1867.0,12.973048986263791,2451.0,12.973048986263791,0.5161245755385607,0.002601532940760184,0.41933999999999994,0.01039064964282792,,,,,,,,,9.124079176597297,0.1489682248945706,0.0,0.0,0.0,0.0,581.0,0.0,0.44075342465753425,0.004831073965639003,0.0,0.0,0.5705363988876343,0.001312041340735599
mnist,MaxLoss,0.3,0.0,582,5,586.0,0.0,1862.2,17.853291013143764,2448.2,17.853291013143764,0.5155616781092249,0.0035812550617725387,0.42479999999999996,0.012122664723566353,,,,,,,,,9.1584186127875,0.1490755248296969,0.0,0.0,0.0,0.0,583.0,0.0,0.44095563139931737,0.004814585658589042,0.0,0.0,0.5724050402641296,0.0023767485681744404
mnist,MaxLoss,0.3,0.0,584,5,588.0,0.0,1861.8,14.62668793678186,2449.8,14.62668793678186,0.5158834958565421,0.002934007587851873,0.42333999999999994,0.013903474385922399,,,,,,,,,9.192825969203842,0.14918312178413612,0.0,0.0,0.0,0.0,585.0,0.0,0.4408163265306122,0.004382346505688823,0.0,0.0,0.5724040865898132,0.001978361748860046
mnist,MaxLoss,0.3,0.0,586,5,590.0,0.0,1862.2,10.292715870944848,2452.2,10.29271587094485,0.5163657895987853,0.002064900196785056,0.42994000000000004,0.009101736098129849,,,,,,,,,9.227411764394493,0.14927700800936533,0.0,0.0,0.0,0.0,587.0,0.0,0.44101694915254236,0.004497118359803936,0.0,0.0,0.5710073590278626,0.0021927954186826467
mnist,MaxLoss,0.3,0.0,588,5,592.0,0.0,1874.4,16.693112352104983,2466.4,16.693112352104983,0.5192120571737178,0.003347417003238642,0.433,0.009197173478846642,,,,,,,,,9.261651528987567,0.14934737648874433,0.0,0.0,0.0,0.0,589.0,0.0,0.44054054054054054,0.004669011811177452,0.0,0.0,0.5724696636199951,0.0026808135921760684
mnist,MaxLoss,0.3,0.0,590,5,594.0,0.0,1878.8,22.448607974660696,2472.8,22.448607974660696,0.5204933676170185,0.004500145809449714,0.4349,0.009180250541243409,,,,,,,,,9.296060246007983,0.14943679475272773,0.0,0.0,0.0,0.0,591.0,0.0,0.4404040404040404,0.0047198133901939976,0.0,0.0,0.5733060002326965,0.0029081847110586667
mnist,MaxLoss,0.3,0.0,592,5,596.0,0.0,1884.2,12.768711759609893,2480.2,12.768711759609895,0.5219797160942108,0.0025605016592934065,0.43881999999999993,0.009029750827126964,,,,,,,,,9.33045592000708,0.14955646474925136,0.0,0.0,0.0,0.0,593.0,0.0,0.4402684563758389,0.004458164515297461,0.0,0.0,0.5730020403862,0.003142495199774608
mnist,MaxLoss,0.3,0.0,594,5,598.0,0.0,1868.8,17.633490862560368,2466.8,17.633490862560368,0.5192919908091426,0.003534351900999185,0.42962,0.010044869337129288,,,,,,,,,9.365014776203315,0.14963567795778598,0.0,0.0,0.0,0.0,595.0,0.0,0.44013377926421404,0.004436956241278124,0.0,0.0,0.5727812290191651,0.0029736252784344336
mnist,MaxLoss,0.3,0.0,596,5,600.0,0.0,1885.4,8.634813257969162,2485.4,8.634813257969162,0.5230227714520879,0.0017305399323459837,0.43576,0.004143742269977709,,,,,,,,,9.399467836599797,0.14973690856080243,0.0,0.0,0.0,0.0,597.0,0.0,0.4406666666666667,0.004428443418528801,0.0,0.0,0.5727368712425231,0.0028713244037239156
mnist,MaxLoss,0.3,0.0,598,5,602.0,0.0,1861.0,16.82260384126072,2463.0,16.82260384126072,0.5185302501311526,0.00337341502321015,0.42916,0.0061410585406752125,,,,,,,,,9.434205115609803,0.14983543153757153,0.0,0.0,0.0,0.0,599.0,0.0,0.44053156146179406,0.004280431470672798,0.0,0.0,0.5724653363227844,0.0019575294900069998
mnist,MaxLoss,0.3,0.0,6,5,10.0,0.0,2430.0,44.303498733170045,2440.0,44.303498733170045,0.5139028958161361,0.008897118728739016,0.4665,0.019806766520560605,,,,,,,,,0.21314160679467023,0.09270069624008237,0.0,0.0,0.0,0.0,7.0,0.0,0.38,0.066332495807108,0.0,0.0,0.6851172566413879,0.007337035911050653
mnist,MaxLoss,0.3,0.0,60,5,64.0,0.0,2346.0,39.119049068196944,2410.0,39.119049068196944,0.5078859115368687,0.007849964689977333,0.44000000000000006,0.017689403607809972,,,,,,,,,1.0000948189990595,0.10052535394127865,0.0,0.0,0.0,0.0,61.0,0.0,0.434375,0.02390165396996618,0.0,0.0,0.6080894351005555,0.014541403232564335
mnist,MaxLoss,0.3,0.0,600,5,604.0,0.0,1863.6,12.671227249165725,2467.6,12.671227249165725,0.5194536613766104,0.0025410438879702973,0.42532,0.009261554945040287,,,,,,,,,9.46893905979814,0.1499500990452041,0.0,0.0,0.0,0.0,601.0,0.0,0.44072847682119204,0.004266257856531493,0.0,0.0,0.573142409324646,0.0020802949457538597
mnist,MaxLoss,0.3,0.0,602,5,606.0,0.0,1836.0,11.83215956619923,2442.0,11.83215956619923,0.5143194389762357,0.0023736318839191507,0.41628,0.009612148563146525,,,,,,,,,9.503868006414269,0.15003151106324505,0.0,0.0,0.0,0.0,603.0,0.0,0.44026402640264023,0.004347174875352965,0.0,0.0,0.5726787209510803,0.0019370159396106773
mnist,MaxLoss,0.3,0.0,604,5,608.0,0.0,1844.4,8.749857141690944,2452.4,8.749857141690944,0.5164061505813151,0.0017549698897227771,0.4227,0.009406380813043866,,,,,,,,,9.53843895700993,0.15013046072876954,0.0,0.0,0.0,0.0,605.0,0.0,0.44046052631578947,0.004206155214652767,0.0,0.0,0.5735572934150696,0.0017891727015304263
mnist,MaxLoss,0.3,0.0,606,5,610.0,0.0,1863.2,10.185283501208987,2473.2,10.185283501208987,0.5205769203836098,0.002041725303058703,0.43316,0.006215432406518468,,,,,,,,,9.573579787591006,0.1506374094656932,0.0,0.0,0.0,0.0,607.0,0.0,0.44131147540983606,0.0037166505077883974,0.0,0.0,0.573755943775177,0.00140149741725999
mnist,MaxLoss,0.3,0.0,608,5,612.0,0.0,1876.6,19.006840873748587,2488.6,19.006840873748587,0.523661732126493,0.003809372252527595,0.43805999999999995,0.004976605268654538,,,,,,,,,9.608798521198333,0.15116168781709421,0.0,0.0,0.0,0.0,609.0,0.0,0.44117647058823534,0.004197788424400366,0.0,0.0,0.576217532157898,0.0027374412054349444
mnist,MaxLoss,0.3,0.0,610,5,614.0,0.0,1860.8,19.13217185789423,2474.8,19.13217185789423,0.520895490644034,0.003836763961361234,0.42894000000000004,0.011623622499031872,,,,,,,,,9.644220677798149,0.15163882587771357,0.0,0.0,0.0,0.0,611.0,0.0,0.4410423452768729,0.004228258953012098,0.0,0.0,0.5741483688354492,0.0021528257229518543
mnist,MaxLoss,0.3,0.0,612,5,616.0,0.0,1830.6,15.513220168617472,2446.6,15.513220168617472,0.515241383772809,0.00311186175177561,0.41617999999999994,0.00845443079101129,,,,,,,,,9.679533238615841,0.15212136646101385,0.0,0.0,0.0,0.0,613.0,0.0,0.44058441558441563,0.004374088826398535,0.0,0.0,0.5711374759674073,0.0017350984061200666
mnist,MaxLoss,0.3,0.0,614,5,618.0,0.0,1836.0,16.140012391568973,2454.0,16.140012391568973,0.5167255179956556,0.003237573186270749,0.41956,0.014264066741290864,,,,,,,,,9.7150099834078,0.15262310019528627,0.0,0.0,0.0,0.0,615.0,0.0,0.4407766990291263,0.004048542395856574,0.0,0.0,0.5721177458763123,0.002498645341906978
mnist,MaxLoss,0.3,0.0,616,5,620.0,0.0,1840.2,14.901006677402705,2460.2,14.901006677402705,0.5179692669771612,0.002987939279500661,0.42010000000000003,0.015448818725067608,,,,,,,,,9.750459284207318,0.15312703870436187,0.0,0.0,0.0,0.0,617.0,0.0,0.44064516129032255,0.0040930895291772665,0.0,0.0,0.5702148079872131,0.0027572317772153504
mnist,MaxLoss,0.3,0.0,618,5,622.0,0.0,1818.2,10.89219904335208,2440.2,10.892199043352083,0.5139585025724955,0.002185479688101995,0.42074,0.01338146479276465,,,,,,,,,9.785712539404631,0.15320216056514874,0.0,0.0,0.0,0.0,619.0,0.0,0.4405144694533762,0.004035337748556635,0.0,0.0,0.5725998997688293,0.0032561855133332244
mnist,MaxLoss,0.3,0.0,62,5,66.0,0.0,2340.8,43.66623409454953,2406.8,43.66623409454953,0.507240328635089,0.008762132709000385,0.43972,0.0218723889870311,,,,,,,,,1.0299555424018763,0.10077586062792795,0.0,0.0,0.0,0.0,63.0,0.0,0.4303030303030303,0.02010075630518424,0.0,0.0,0.6026543259620667,0.011424146005706763
mnist,MaxLoss,0.3,0.0,620,5,624.0,0.0,1845.4,14.804053498957641,2469.4,14.804053498957641,0.5198140786029398,0.0029695155775448377,0.42614,0.009789770170948866,,,,,,,,,9.820503114594612,0.15326714111115622,0.0,0.0,0.0,0.0,621.0,0.0,0.44006410256410255,0.0038793969349071185,0.0,0.0,0.5731331467628479,0.003906612859054403
mnist,MaxLoss,0.3,0.0,622,5,626.0,0.0,1856.0,10.709808588392232,2482.0,10.709808588392232,0.522340935014654,0.0021466573316987194,0.4284,0.006395779858625533,,,,,,,,,9.855547775607556,0.1533422366849836,0.0,0.0,0.0,0.0,623.0,0.0,0.4396166134185303,0.004085211454487033,0.0,0.0,0.5720178008079528,0.002117189990283844
mnist,MaxLoss,0.3,0.0,624,5,628.0,0.0,1826.6,23.813021647829572,2454.6,23.813021647829572,0.5168432845384814,0.00477759582619112,0.41918000000000005,0.010471695182729484,,,,,,,,,9.890640018403065,0.15353599529864248,0.0,0.0,0.0,0.0,625.0,0.0,0.43917197452229295,0.003945704360943906,0.0,0.0,0.5732961416244506,0.0028035306899788894
mnist,MaxLoss,0.3,0.0,626,5,630.0,0.0,1836.8,15.275470532851024,2466.8,15.275470532851026,0.5192926421877928,0.003062022236829904,0.42607999999999996,0.004834604430560997,,,,,,,,,9.925861913792323,0.1536766543635526,0.0,0.0,0.0,0.0,627.0,0.0,0.44000000000000006,0.0038685897164933087,0.0,0.0,0.574733829498291,0.0034507657577290416
mnist,MaxLoss,0.3,0.0,628,5,632.0,0.0,1813.2,12.212288892750612,2445.2,12.212288892750612,0.5149613120011054,0.0024496871962506393,0.41818,0.005684575621803275,,,,,,,,,9.96129786061356,0.15418828720315997,0.0,0.0,0.0,0.0,629.0,0.0,0.439873417721519,0.003319015342310605,0.0,0.0,0.5719648361206054,0.001642964202455531
mnist,MaxLoss,0.3,0.0,630,5,634.0,0.0,1842.2,13.44767637921139,2476.2,13.44767637921139,0.5211777098360472,0.0026955090486902385,0.42699999999999994,0.009130169768410664,,,,,,,,,9.99662184921326,0.1542712870695065,0.0,0.0,0.0,0.0,631.0,0.0,0.4400630914826499,0.0036311875183663578,0.0,0.0,0.5719180941581726,0.0014911725243762933
mnist,MaxLoss,0.3,0.0,632,5,636.0,0.0,1825.4,16.758878244083043,2461.4,16.758878244083043,0.5182094182353467,0.003361265333244008,0.42284,0.0051749975845404965,,,,,,,,,10.031988474586978,0.1543495811693476,0.0,0.0,0.0,0.0,633.0,0.0,0.440566037735849,0.0035647119650171794,0.0,0.0,0.571873152256012,0.0011986342358435336
mnist,MaxLoss,0.3,0.0,634,5,638.0,0.0,1821.8,10.974515934655159,2459.8,10.974515934655159,0.5178899032296613,0.00220141431410164,0.4223800000000001,0.007369287618216567,,,,,,,,,10.067532917996868,0.15441141784899187,0.0,0.0,0.0,0.0,635.0,0.0,0.4407523510971787,0.0033762788759464026,0.0,0.0,0.5697710514068604,0.0017466136409512807
mnist,MaxLoss,0.3,0.0,636,5,640.0,0.0,1810.6,10.814804667676619,2450.6,10.814804667676619,0.5160447746515274,0.002169244447959682,0.41845999999999994,0.009605081988197695,,,,,,,,,10.10274548700545,0.1544690503442821,0.0,0.0,0.0,0.0,637.0,0.0,0.440625,0.0033874192794810538,0.0,0.0,0.5705288290977478,0.0018185038932872438
mnist,MaxLoss,0.3,0.0,638,5,642.0,0.0,1826.4,9.244457799135652,2468.4,9.244457799135652,0.5196146969334222,0.0018536207199019172,0.42778,0.009108369777298224,,,,,,,,,10.13810695259599,0.15449714279550544,0.0,0.0,0.0,0.0,639.0,0.0,0.440809968847352,0.003376866571445296,0.0,0.0,0.5713351964950562,0.002434111394564977
mnist,MaxLoss,0.3,0.0,64,5,68.0,0.0,2364.2,38.64246368957342,2432.2,38.64246368957342,0.5123418443370611,0.007757737812389586,0.44214000000000003,0.020252792400061774,,,,,,,,,1.059404600795824,0.10112558468658864,0.0,0.0,0.0,0.0,65.0,0.0,0.43235294117647055,0.017149858514250885,0.0,0.0,0.6024046301841736,0.009634450675681798
mnist,MaxLoss,0.3,0.0,640,5,644.0,0.0,1810.2,15.73340395464376,2454.2,15.73340395464376,0.5167657397221774,0.0031553697260529767,0.42378,0.010178624661514937,,,,,,,,,10.17343820061069,0.1545107154197181,0.0,0.0,0.0,0.0,641.0,0.0,0.4409937888198757,0.0033663794081799387,0.0,0.0,0.5716339707374573,0.0018764850597040399
mnist,MaxLoss,0.3,0.0,642,5,646.0,0.0,1799.8,15.856859714331836,2445.8,15.85685971433184,0.515080814587418,0.0031803739717931765,0.41662,0.009604446886729087,,,,,,,,,10.208945356600452,0.15452550857539957,0.0,0.0,0.0,0.0,643.0,0.0,0.4405572755417957,0.0033416459976660863,0.0,0.0,0.5754323482513428,0.002747038644837838
mnist,MaxLoss,0.3,0.0,644,5,648.0,0.0,1817.0,13.042239071570494,2465.0,13.042239071570494,0.5189322446123696,0.0026147448910618888,0.4204800000000001,0.010623812874858076,,,,,,,,,10.244327908998821,0.15453142895010036,0.0,0.0,0.0,0.0,645.0,0.0,0.4404320987654321,0.003070948879958708,0.0,0.0,0.5725807428359986,0.003217452948653137
mnist,MaxLoss,0.3,0.0,646,5,650.0,0.0,1813.4,14.579437574886075,2463.4,14.579437574886075,0.5186110515962354,0.0029224124766053542,0.41896000000000005,0.010878676390076135,,,,,,,,,10.279894036613404,0.1545165680656435,0.0,0.0,0.0,0.0,647.0,0.0,0.44061538461538463,0.003061499806481909,0.0,0.0,0.5725385904312134,0.002604721787428421
mnist,MaxLoss,0.3,0.0,648,5,652.0,0.0,1796.2,9.718024490605073,2448.2,9.718024490605075,0.5155635596602224,0.001949395044272334,0.4159400000000001,0.009151863198278267,,,,,,,,,10.315448463591746,0.1545044601956643,0.0,0.0,0.0,0.0,649.0,0.0,0.4395705521472393,0.003310894654129281,0.0,0.0,0.5716387867927551,0.0022080458800543463
mnist,MaxLoss,0.3,0.0,650,5,654.0,0.0,1794.0,13.179529581893277,2448.0,13.179529581893277,0.515522776718717,0.0026437624533601177,0.42042,0.004964413359098943,,,,,,,,,10.351180082408245,0.15447842734914125,0.0,0.0,0.0,0.0,651.0,0.0,0.43975535168195723,0.00300411050525818,0.0,0.0,0.572347617149353,0.0018117094098416748
mnist,MaxLoss,0.3,0.0,652,5,656.0,0.0,1798.4,12.70669115072842,2454.4,12.70669115072842,0.5168065746547654,0.002548008979272139,0.42752,0.007158379704933234,,,,,,,,,10.38653109939769,0.1544496908439836,0.0,0.0,0.0,0.0,653.0,0.0,0.4399390243902439,0.0029949516317665423,0.0,0.0,0.5719829559326172,0.0012792693802192647
mnist,MaxLoss,0.3,0.0,654,5,658.0,0.0,1790.6,11.178550889985695,2448.6,11.178550889985695,0.5156435393146239,0.002242485126042065,0.41701999999999995,0.009900777747227746,,,,,,,,,10.422048984200227,0.15443674946973818,0.0,0.0,0.0,0.0,655.0,0.0,0.4398176291793313,0.003024277924336232,0.0,0.0,0.573211419582367,0.001781480170737446
mnist,MaxLoss,0.3,0.0,656,5,660.0,0.0,1782.2,11.110355529864918,2442.2,11.11035552986492,0.5143597010057419,0.0022290088078286132,0.4127599999999999,0.008953859503029961,,,,,,,,,10.457585153391118,0.15443229307566453,0.0,0.0,0.0,0.0,657.0,0.0,0.44000000000000006,0.0030529457090318034,0.0,0.0,0.5698391556739807,0.00101484435974371
mnist,MaxLoss,0.3,0.0,658,5,662.0,0.0,1779.8,14.189432687743368,2441.8,14.189432687743368,0.5142788011580706,0.002846919859080983,0.41365999999999997,0.009650678732607358,,,,,,,,,10.493309996800964,0.15441575955275683,0.0,0.0,0.0,0.0,659.0,0.0,0.43957703927492453,0.003204411395105202,0.0,0.0,0.5682989001274109,0.0011959668541084803
mnist,MaxLoss,0.3,0.0,66,5,70.0,0.0,2382.8,34.37208169430533,2452.8,34.37208169430533,0.5164771081646904,0.006895086274112792,0.46718000000000004,0.011076615006399752,,,,,,,,,1.0879926718072965,0.10114051455848865,0.0,0.0,0.0,0.0,67.0,0.0,0.4342857142857143,0.018952141659173707,0.0,0.0,0.6030162572860718,0.007611177413599591
mnist,MaxLoss,0.3,0.0,660,5,664.0,0.0,1782.8,12.23682965477578,2446.8,12.236829654775782,0.5152822656789795,0.00245445180669106,0.41528,0.009989264237169821,,,,,,,,,10.528871295007411,0.15437904942487182,0.0,0.0,0.0,0.0,661.0,0.0,0.43975903614457834,0.0031947595535536735,0.0,0.0,0.5691859364509583,0.0012852136167893068
mnist,MaxLoss,0.3,0.0,662,5,666.0,0.0,1768.6,7.215261603018978,2434.6,7.215261603018978,0.5128355034743436,0.0014477685672983894,0.41181999999999996,0.012467092684343048,,,,,,,,,10.564610073203221,0.15437152968598467,0.0,0.0,0.0,0.0,663.0,0.0,0.4402402402402402,0.0032690001587202993,0.0,0.0,0.5688565850257874,0.0009492848815820344
mnist,MaxLoss,0.3,0.0,664,5,668.0,0.0,1777.8,11.871815362445627,2445.8,11.871815362445627,0.5150817415909842,0.002381640906922295,0.41198000000000007,0.0109284216609719,,,,,,,,,10.600368083803914,0.15435146872125347,0.0,0.0,0.0,0.0,665.0,0.0,0.44041916167664674,0.003523533621538868,0.0,0.0,0.5702776551246643,0.0013197179918512387
mnist,MaxLoss,0.3,0.0,666,5,670.0,0.0,1789.2,20.29137747911659,2459.2,20.29137747911659,0.5177671338664368,0.004070313300206892,0.41712,0.013564453545941317,,,,,,,,,10.63639204960782,0.15433813642911343,0.0,0.0,0.0,0.0,667.0,0.0,0.44000000000000006,0.003637629136404167,0.0,0.0,0.5726787924766541,0.0018589693870234181
mnist,MaxLoss,0.3,0.0,668,5,672.0,0.0,1760.4,24.350770008359078,2432.4,24.350770008359078,0.5123895314522088,0.004888130187488806,0.41142,0.014552298787476839,,,,,,,,,10.672000682610086,0.1543361266663298,0.0,0.0,0.0,0.0,669.0,0.0,0.4395833333333334,0.0038403237799297402,0.0,0.0,0.5711363196372986,0.0014346818841476472
mnist,MaxLoss,0.3,0.0,670,5,674.0,0.0,1760.4,11.595688854052613,2434.4,11.595688854052613,0.5127946827793494,0.002327152767974022,0.41212,0.014364031467523321,,,,,,,,,10.707820553600323,0.15433521266916903,0.0,0.0,0.0,0.0,671.0,0.0,0.4400593471810089,0.0038859943186079562,0.0,0.0,0.5709295511245728,0.0016364541459737757
mnist,MaxLoss,0.3,0.0,672,5,676.0,0.0,1776.2,25.078676201107584,2452.2,25.078676201107584,0.5163614019867964,0.005030855032355952,0.41654,0.014753325048950832,,,,,,,,,10.744015443196986,0.154352890353343,0.0,0.0,0.0,0.0,673.0,0.0,0.4396449704142012,0.003811863528616893,0.0,0.0,0.5731129884719849,0.00159337980101898
mnist,MaxLoss,0.3,0.0,674,5,678.0,0.0,1774.6,21.38130024109853,2452.6,21.38130024109853,0.5164430720964447,0.0042895300951640535,0.41459999999999997,0.018036518511065264,,,,,,,,,10.779971504595597,0.15439179475225498,0.0,0.0,0.0,0.0,675.0,0.0,0.4392330383480826,0.003594707258688474,0.0,0.0,0.5723005771636963,0.002150030079306755
mnist,MaxLoss,0.3,0.0,676,5,680.0,0.0,1779.8,16.713467623446665,2459.8,16.713467623446665,0.5178885700646788,0.0033514755996511803,0.42083999999999994,0.014688178920478863,,,,,,,,,10.815784572414122,0.15441631163312095,0.0,0.0,0.0,0.0,677.0,0.0,0.4394117647058824,0.0031334229048033094,0.0,0.0,0.5702543616294861,0.0013149932257241895
mnist,MaxLoss,0.3,0.0,678,5,682.0,0.0,1758.0,18.796276226955165,2440.0,18.796276226955165,0.5139164092368447,0.003770940684900921,0.41091999999999995,0.015870582850040494,,,,,,,,,10.851802698010578,0.15445442991617714,0.0,0.0,0.0,0.0,679.0,0.0,0.43929618768328443,0.003165254126821537,0.0,0.0,0.5700536966323853,0.0016407315985035936
mnist,MaxLoss,0.3,0.0,68,5,72.0,0.0,2401.8,13.131641176943573,2473.8,13.131641176943573,0.5206966343335807,0.00263267928287149,0.47178,0.005080787340560503,,,,,,,,,1.1166077552130447,0.10115246645323214,0.0,0.0,0.0,0.0,69.0,0.0,0.4305555555555555,0.018108895570007354,0.0,0.0,0.6026823878288269,0.010111262074822302
mnist,MaxLoss,0.3,0.0,680,5,684.0,0.0,1770.8,29.74457933809117,2454.8,29.744579338091164,0.5168807307141833,0.00596643187371782,0.42081999999999997,0.018849652516691115,,,,,,,,,10.888271790801081,0.1543922891582628,0.0,0.0,0.0,0.0,681.0,0.0,0.4394736842105263,0.0034781804834416183,0.0,0.0,0.5717813849449158,0.0017713788199996007
mnist,MaxLoss,0.3,0.0,682,5,686.0,0.0,1752.8,27.661164111439707,2438.8,27.661164111439707,0.5136722010327504,0.0055502059421343305,0.41486,0.015584594957842183,,,,,,,,,10.9244492199854,0.15443024092520222,0.0,0.0,0.0,0.0,683.0,0.0,0.439067055393586,0.00361210253450841,0.0,0.0,0.5716896057128906,0.0015665671319585698
mnist,MaxLoss,0.3,0.0,684,5,688.0,0.0,1748.2,8.039900496896712,2436.2,8.039900496896712,0.5131564278271981,0.0016128436742906724,0.4189,0.011468129751620372,,,,,,,,,10.960302845004481,0.15446604883229217,0.0,0.0,0.0,0.0,685.0,0.0,0.4395348837209302,0.003518522801427391,0.0,0.0,0.5715199828147888,0.0019729707943563096
mnist,MaxLoss,0.3,0.0,686,5,690.0,0.0,1750.6,19.53100099841275,2440.6,19.53100099841275,0.514036546763964,0.0039200166607926195,0.41852,0.011469019138531428,,,,,,,,,10.996357910195366,0.15449200409693709,0.0,0.0,0.0,0.0,687.0,0.0,0.4405797101449275,0.0035499851344683773,0.0,0.0,0.5706543326377869,0.0015118314060454138
mnist,MaxLoss,0.3,0.0,688,5,692.0,0.0,1743.2,19.39690696992693,2435.2,19.39690696992693,0.512953171459958,0.0038925154859109803,0.41788,0.009512644217040825,,,,,,,,,11.032375880808104,0.15452581250012237,0.0,0.0,0.0,0.0,689.0,0.0,0.4398843930635838,0.0037293317631687762,0.0,0.0,0.5710042357444763,0.0014315201766353142
mnist,MaxLoss,0.3,0.0,690,5,694.0,0.0,1763.2,13.51073647141413,2457.2,13.510736471414132,0.517367960663978,0.0027101873165455525,0.4222,0.011055632048869925,,,,,,,,,11.068717201810795,0.15454842413361244,0.0,0.0,0.0,0.0,691.0,0.0,0.4394812680115274,0.003529524125047811,0.0,0.0,0.5709278583526611,0.001692682066987851
mnist,MaxLoss,0.3,0.0,692,5,696.0,0.0,1754.0,13.1224997618594,2450.0,13.1224997618594,0.5159239625907504,0.002633073657235835,0.41557999999999995,0.012296885784620423,,,,,,,,,11.104825640399941,0.15456334489584028,0.0,0.0,0.0,0.0,693.0,0.0,0.43965517241379304,0.003934788487824472,0.0,0.0,0.5699780821800232,0.001052073786354197
mnist,MaxLoss,0.3,0.0,694,5,698.0,0.0,1753.4,16.596987678491537,2451.4,16.596987678491537,0.5162039076094516,0.003329317398660673,0.41452,0.006957398939258854,,,,,,,,,11.1415410886053,0.15500981467712113,0.0,0.0,0.0,0.0,695.0,0.0,0.43982808022922637,0.003538420926999554,0.0,0.0,0.5696132183074951,0.0011124187536654083
mnist,MaxLoss,0.3,0.0,696,5,700.0,0.0,1773.0,20.452383724153034,2473.0,20.452383724153034,0.5205341835389845,0.004099936267703904,0.4269,0.005328039038896014,,,,,,,,,11.177827058010735,0.15502196069416319,0.0,0.0,0.0,0.0,697.0,0.0,0.44057142857142856,0.0033073819722257746,0.0,0.0,0.5701457977294921,0.0009679758197060522
mnist,MaxLoss,0.3,0.0,698,5,702.0,0.0,1769.8,22.929020912372163,2471.8,22.929020912372163,0.5202926958212629,0.004596604714574995,0.42892,0.004806911690472366,,,,,,,,,11.21434563519433,0.15504753937630106,0.0,0.0,0.0,0.0,699.0,0.0,0.4404558404558404,0.002933227960395165,0.0,0.0,0.570664381980896,0.0014459590511470637
mnist,MaxLoss,0.3,0.0,70,5,74.0,0.0,2391.6,33.225893516954514,2465.6,33.225893516954514,0.51904472009046,0.006666909226699801,0.4622,0.021384246538047574,,,,,,,,,1.145661292807199,0.10156508453372651,0.0,0.0,0.0,0.0,71.0,0.0,0.4378378378378378,0.016328440504857534,0.0,0.0,0.6044995546340942,0.010941089618036496
mnist,MaxLoss,0.3,0.0,700,5,704.0,0.0,1755.6,15.068510211696442,2459.6,15.068510211696442,0.5178489001933485,0.0030212132483199905,0.42168,0.004535019294336026,,,,,,,,,11.250418232206721,0.15504133618949517,0.0,0.0,0.0,0.0,701.0,0.0,0.4400568181818182,0.0031250000000000036,0.0,0.0,0.5703462481498718,0.001636113239995375
mnist,MaxLoss,0.3,0.0,702,5,706.0,0.0,1736.6,11.838918869558993,2442.6,11.838918869558993,0.5144398064818233,0.0023750743323788983,0.41376,0.00746328345971127,,,,,,,,,11.286832804000005,0.15500339969344448,0.0,0.0,0.0,0.0,703.0,0.0,0.43966005665722374,0.003186181835467985,0.0,0.0,0.5714024424552917,0.0016422284881034994
mnist,MaxLoss,0.3,0.0,704,5,708.0,0.0,1740.0,12.457929201917949,2448.0,12.457929201917949,0.5155229319352657,0.0024992106448450202,0.41547999999999996,0.007825432895373907,,,,,,,,,11.323132997995708,0.15498791785075713,0.0,0.0,0.0,0.0,705.0,0.0,0.4398305084745763,0.0031771813218084742,0.0,0.0,0.57100590467453,0.0012448251037209925
mnist,MaxLoss,0.3,0.0,706,5,710.0,0.0,1737.0,8.938679992034618,2447.0,8.938679992034618,0.5153229706338607,0.0017932711172795217,0.41290000000000004,0.006835715032094307,,,,,,,,,11.359620538610034,0.1550072622937417,0.0,0.0,0.0,0.0,707.0,0.0,0.43915492957746477,0.00340367492213932,0.0,0.0,0.569759476184845,0.0011426586857005917
mnist,MaxLoss,0.3,0.0,708,5,712.0,0.0,1733.0,8.780660567406075,2445.0,8.780660567406075,0.5149217956815846,0.0017614120224267802,0.4133800000000001,0.0067208184025459175,,,,,,,,,11.395966506400146,0.15505328510739974,0.0,0.0,0.0,0.0,709.0,0.0,0.4393258426966292,0.0031216447711928208,0.0,0.0,0.5711224436759949,0.001572974047597005
mnist,MaxLoss,0.3,0.0,710,5,714.0,0.0,1739.4,8.016233529532432,2453.4,8.016233529532432,0.5166068240418099,0.0016077126565472724,0.41129999999999994,0.0079096776166921,,,,,,,,,11.432512071204837,0.15508138633973692,0.0,0.0,0.0,0.0,711.0,0.0,0.4397759103641457,0.0031317478676467633,0.0,0.0,0.5699454426765442,0.0016160414616363493
mnist,MaxLoss,0.3,0.0,712,5,716.0,0.0,1738.0,6.870225614927067,2454.0,6.870225614927067,0.5167273072875105,0.001377925029874535,0.41480000000000006,0.005720314676658962,,,,,,,,,11.46902806761209,0.15506556300262478,0.0,0.0,0.0,0.0,713.0,0.0,0.4393854748603352,0.0031416820891625686,0.0,0.0,0.5681317687034607,0.0011269510883881173
mnist,MaxLoss,0.3,0.0,714,5,718.0,0.0,1719.2,9.430800602281865,2437.2,9.430800602281867,0.5133568622288294,0.0018923492164420938,0.40722,0.00850831358143316,,,,,,,,,11.505788380198647,0.15506223194102572,0.0,0.0,0.0,0.0,715.0,0.0,0.43927576601671314,0.0029741165047440904,0.0,0.0,0.5671561241149903,0.0011159431638021085
mnist,MaxLoss,0.3,0.0,716,5,720.0,0.0,1737.2,12.322337440599489,2457.2,12.32233744059949,0.5173682181630284,0.0024714494201214052,0.41601999999999995,0.008598337048522803,,,,,,,,,11.54214476159541,0.1550767679426718,0.0,0.0,0.0,0.0,717.0,0.0,0.43972222222222224,0.0030301978096210305,0.0,0.0,0.5666218996047974,0.001334692071725286
mnist,MaxLoss,0.3,0.0,718,5,722.0,0.0,1728.6,13.155227098001767,2450.6,13.155227098001767,0.5160443040775136,0.002639327762503788,0.41322000000000003,0.009664957320133387,,,,,,,,,11.578632849606219,0.15508458095922842,0.0,0.0,0.0,0.0,719.0,0.0,0.4393351800554017,0.003047091412742375,0.0,0.0,0.5674412727355957,0.001971131743360822
mnist,MaxLoss,0.3,0.0,72,5,76.0,0.0,2415.2,25.41928401824095,2491.2,25.41928401824095,0.5241804211051203,0.0050965376236056775,0.46412,0.01607648593443231,,,,,,,,,1.1743618875974788,0.10156925246803152,0.0,0.0,0.0,0.0,73.0,0.0,0.44210526315789467,0.01695276148253306,0.0,0.0,0.6065035939216614,0.009121231771594301
mnist,MaxLoss,0.3,0.0,720,5,724.0,0.0,1710.2,18.001111076819672,2434.2,18.001111076819672,0.5127529626712203,0.0036127177547171105,0.40675999999999995,0.008189603164989127,,,,,,,,,11.615328821598087,0.15525269622961957,0.0,0.0,0.0,0.0,721.0,0.0,0.4392265193370166,0.0030884916816295467,0.0,0.0,0.5690605521202088,0.0023514659676959265
mnist,MaxLoss,0.3,0.0,722,5,726.0,0.0,1718.4,11.630133275246676,2444.4,11.630133275246676,0.5148009450407699,0.0023331978058348736,0.40931999999999996,0.005650610586476464,,,,,,,,,11.652161568996963,0.15540931888154516,0.0,0.0,0.0,0.0,723.0,0.0,0.43884297520661164,0.0030051548525167194,0.0,0.0,0.5684441924095154,0.001995239879156837
mnist,MaxLoss,0.3,0.0,724,5,728.0,0.0,1727.6,16.693112352104983,2455.6,16.693112352104983,0.5170462653273716,0.003348146775723651,0.40948,0.0069306132484795325,,,,,,,,,11.688868881587405,0.15551174865599887,0.0,0.0,0.0,0.0,725.0,0.0,0.4384615384615385,0.00320381972244247,0.0,0.0,0.5686906099319458,0.0019376238727458063
mnist,MaxLoss,0.3,0.0,726,5,730.0,0.0,1735.6,15.480956042828879,2465.6,15.480956042828879,0.5190519721596502,0.0031046041201292602,0.41492000000000007,0.006153649323775283,,,,,,,,,11.726231040619314,0.15602548122087234,0.0,0.0,0.0,0.0,727.0,0.0,0.4389041095890411,0.0035085612259905976,0.0,0.0,0.5691803216934204,0.002128859696416937
mnist,MaxLoss,0.3,0.0,728,5,732.0,0.0,1734.6,17.443050191981904,2466.6,17.443050191981904,0.5192519449046813,0.003497442893009989,0.41446000000000005,0.0066780685830560346,,,,,,,,,11.763178741000592,0.1560944174798483,0.0,0.0,0.0,0.0,729.0,0.0,0.4382513661202186,0.003751237764411474,0.0,0.0,0.5692614555358887,0.0023054772319562196
mnist,MaxLoss,0.3,0.0,730,5,734.0,0.0,1714.8,10.565983153497832,2448.8,10.565983153497832,0.5156837686197833,0.002119243841537583,0.4098,0.007080324851304499,,,,,,,,,11.800273016816936,0.1561785439454884,0.0,0.0,0.0,0.0,731.0,0.0,0.4386920980926431,0.004064423403317798,0.0,0.0,0.5688592314720153,0.0020223851003830337
mnist,MaxLoss,0.3,0.0,732,5,736.0,0.0,1720.8,12.51958465764739,2456.8,12.519584657647393,0.5172879557474517,0.0025105858776658554,0.41486,0.007836172535109223,,,,,,,,,11.837065986194649,0.1562599059202482,0.0,0.0,0.0,0.0,733.0,0.0,0.4391304347826087,0.004283663796313714,0.0,0.0,0.5698440194129943,0.0023227381688599173
mnist,MaxLoss,0.3,0.0,734,5,738.0,0.0,1740.2,18.68261223705079,2478.2,18.682612237050794,0.5215772342635319,0.0037437317578723293,0.4248,0.010904723747074026,,,,,,,,,11.874217168590985,0.15630139083685227,0.0,0.0,0.0,0.0,735.0,0.0,0.43956639566395667,0.004506311422307827,0.0,0.0,0.5696975588798523,0.00217905007410364
mnist,MaxLoss,0.3,0.0,736,5,740.0,0.0,1740.2,17.237749273034456,2480.2,17.23774927303446,0.5219785905443132,0.003455486160139201,0.42202,0.00943299528251762,,,,,,,,,11.911678882804699,0.15676986414316882,0.0,0.0,0.0,0.0,737.0,0.0,0.4391891891891892,0.004336974739427356,0.0,0.0,0.5710245013237,0.00241230374190931
mnist,MaxLoss,0.3,0.0,738,5,742.0,0.0,1734.8,14.440914098491133,2476.8,14.440914098491133,0.5212977603077888,0.0028950405739253796,0.4226,0.00819695065252927,,,,,,,,,11.948928356985562,0.1568447117416566,0.0,0.0,0.0,0.0,739.0,0.0,0.4393530997304582,0.004325284780560972,0.0,0.0,0.5722844362258911,0.0027422578904379015
mnist,MaxLoss,0.3,0.0,74,5,78.0,0.0,2409.0,39.196938655971586,2487.0,39.196938655971586,0.5233311887132004,0.00785780149749826,0.46608,0.021667150251013623,,,,,,,,,1.2037738049868494,0.10188072485217105,0.0,0.0,0.0,0.0,75.0,0.0,0.4461538461538462,0.015909838007680584,0.0,0.0,0.6020910501480102,0.007511158726947084
mnist,MaxLoss,0.3,0.0,740,5,744.0,0.0,1732.6,11.630133275246676,2476.6,11.630133275246676,0.5212582810781896,0.0023313250690697777,0.41828000000000004,0.01035627346104766,,,,,,,,,11.985931205190719,0.15690604032423588,0.0,0.0,0.0,0.0,741.0,0.0,0.439516129032258,0.004518208686551504,0.0,0.0,0.5716536045074463,0.0031840307071724855
mnist,MaxLoss,0.3,0.0,742,5,746.0,0.0,1716.6,15.325142739955147,2462.6,15.325142739955147,0.5184504426084459,0.0030737601990159613,0.41212,0.007100802771518161,,,,,,,,,12.02316684720572,0.15695964035394797,0.0,0.0,0.0,0.0,743.0,0.0,0.4386058981233244,0.004494116518563062,0.0,0.0,0.5696353793144227,0.0008720591214437087
mnist,MaxLoss,0.3,0.0,744,5,748.0,0.0,1691.0,13.149144458861192,2439.0,13.149144458861192,0.513717296172399,0.0026381908446857618,0.4064399999999999,0.006811651782056973,,,,,,,,,12.060445187811274,0.15699450374261395,0.0,0.0,0.0,0.0,745.0,0.0,0.43877005347593584,0.004521800675210629,0.0,0.0,0.5675682067871094,0.0009142505676554308
mnist,MaxLoss,0.3,0.0,746,5,750.0,0.0,1704.4,6.705221845696084,2454.4,6.705221845696084,0.5168075519963168,0.0013448025122655804,0.4091,0.006349724403468237,,,,,,,,,12.098391760198865,0.15747030090613337,0.0,0.0,0.0,0.0,747.0,0.0,0.4391999999999999,0.004493946545694058,0.0,0.0,0.5682333469390869,0.001044055106518125
mnist,MaxLoss,0.3,0.0,748,5,752.0,0.0,1702.6,7.723988606931006,2454.6,7.723988606931006,0.5168475414277054,0.0015492373400215868,0.4103199999999999,0.007419797840911847,,,,,,,,,12.135501442395617,0.15753718338216338,0.0,0.0,0.0,0.0,749.0,0.0,0.43936170212765957,0.004422417326679752,0.0,0.0,0.5687789678573608,0.0011243480570269006
mnist,MaxLoss,0.3,0.0,750,5,754.0,0.0,1711.8,6.1106464469808754,2465.8,6.1106464469808754,0.5190937728038989,0.0012253968316083147,0.41502,0.008248721112996862,,,,,,,,,12.172773874201813,0.15760866969565748,0.0,0.0,0.0,0.0,751.0,0.0,0.43978779840848803,0.004450387728265927,0.0,0.0,0.5676682710647583,0.0006811165473782625
mnist,MaxLoss,0.3,0.0,752,5,756.0,0.0,1697.8,14.7763324272297,2453.8,14.7763324272297,0.5166857585078105,0.0029642161045090702,0.41391999999999995,0.008214219378614144,,,,,,,,,12.21010539601557,0.15764477250797343,0.0,0.0,0.0,0.0,753.0,0.0,0.43968253968253973,0.004278032176930216,0.0,0.0,0.5676228284835816,0.0008822695724273723
mnist,MaxLoss,0.3,0.0,754,5,758.0,0.0,1702.2,10.767543823918247,2460.2,10.767543823918249,0.5179701571003534,0.0021591235898510133,0.4170999999999999,0.006974166616879744,,,,,,,,,12.24777146880515,0.15766191010150873,0.0,0.0,0.0,0.0,755.0,0.0,0.44010554089709764,0.004446517030699924,0.0,0.0,0.5687000513076782,0.001856280153863464
mnist,MaxLoss,0.3,0.0,756,5,760.0,0.0,1711.4,7.43370701601832,2471.4,7.43370701601832,0.5202164472080767,0.0014905955212330157,0.42724,0.007393618870350291,,,,,,,,,12.285198415606283,0.15767173331408849,0.0,0.0,0.0,0.0,757.0,0.0,0.43999999999999995,0.004644569103874413,0.0,0.0,0.5690110206604004,0.0018974783625628129
mnist,MaxLoss,0.3,0.0,758,5,762.0,0.0,1712.4,13.013838787997951,2474.4,13.013838787997951,0.5208169491728768,0.0026099134872712634,0.42124000000000006,0.005853938844914586,,,,,,,,,12.322907250002027,0.15766394390591884,0.0,0.0,0.0,0.0,759.0,0.0,0.43989501312335955,0.004399751867254645,0.0,0.0,0.5701659679412842,0.002050744426134528
mnist,MaxLoss,0.3,0.0,76,5,80.0,0.0,2425.2,21.48580927030676,2505.2,21.48580927030676,0.5269872907781974,0.0043054872424390525,0.47924,0.014095055870765467,,,,,,,,,1.232818602200132,0.10228318704390202,0.0,0.0,0.0,0.0,77.0,0.0,0.445,0.014577379737113247,0.0,0.0,0.6081281423568725,0.009013089736645719
mnist,MaxLoss,0.3,0.0,760,5,764.0,0.0,1694.6,13.789851340750559,2458.6,13.789851340750559,0.5176486657466739,0.0027659681477475084,0.41534000000000004,0.006835100584483001,,,,,,,,,12.360603941394947,0.15763687028821408,0.0,0.0,0.0,0.0,761.0,0.0,0.43979057591623033,0.004261471360235521,0.0,0.0,0.5711763262748718,0.0024602859433978694
mnist,MaxLoss,0.3,0.0,762,5,766.0,0.0,1691.6,19.14836807667953,2457.6,19.14836807667953,0.5174466362572275,0.003839935924979146,0.41298,0.009193715244665774,,,,,,,,,12.398462816805113,0.1576075358274093,0.0,0.0,0.0,0.0,763.0,0.0,0.4391644908616188,0.004120034944663054,0.0,0.0,0.571702492237091,0.0024934957569888974
mnist,MaxLoss,0.3,0.0,764,5,768.0,0.0,1707.8,9.764220398987314,2475.8,9.764220398987314,0.5210982380551286,0.0019574376736205827,0.41655999999999993,0.00836424533356118,,,,,,,,,12.435838508012239,0.15760079730447574,0.0,0.0,0.0,0.0,765.0,0.0,0.4390625,0.00428699938363394,0.0,0.0,0.5708448410034179,0.001445363853236035
mnist,MaxLoss,0.3,0.0,766,5,770.0,0.0,1702.0,13.367871932360812,2472.0,13.367871932360812,0.5203357064165175,0.00268033247573357,0.41784,0.007449201299468294,,,,,,,,,12.473629447200802,0.15767804910238717,0.0,0.0,0.0,0.0,767.0,0.0,0.43948051948051947,0.004639109376491366,0.0,0.0,0.569027042388916,0.0011721857481757519
mnist,MaxLoss,0.3,0.0,768,5,772.0,0.0,1679.2,13.417898494175606,2451.2,13.417898494175606,0.5161645926651545,0.0026910777965957295,0.40831999999999996,0.007510552576209024,,,,,,,,,12.511960217205342,0.15815189921978481,0.0,0.0,0.0,0.0,769.0,0.0,0.4393782383419689,0.0044193580593865295,0.0,0.0,0.5688766956329345,0.000907527016568866
mnist,MaxLoss,0.3,0.0,770,5,774.0,0.0,1685.2,9.805100713404222,2459.2,9.805100713404222,0.5177697814186104,0.00196605119163426,0.40972,0.00777170508961837,,,,,,,,,12.550138351798523,0.15811809750831263,0.0,0.0,0.0,0.0,771.0,0.0,0.43979328165374676,0.004296715542200491,0.0,0.0,0.5681723117828369,0.0015914650117814246
mnist,MaxLoss,0.3,0.0,772,5,776.0,0.0,1692.2,11.363978176677389,2468.2,11.36397817667739,0.5195742293959483,0.002278954723376991,0.41180000000000005,0.0077254773315310376,,,,,,,,,12.58802948059747,0.1580377974301344,0.0,0.0,0.0,0.0,773.0,0.0,0.44020618556701036,0.0042856415330711,0.0,0.0,0.5676605582237244,0.001847357314300945
mnist,MaxLoss,0.3,0.0,774,5,778.0,0.0,1691.0,16.507574019219177,2469.0,16.507574019219177,0.5197334301890806,0.0033104198745700837,0.41566000000000003,0.007728492737914674,,,,,,,,,12.626081270992291,0.1579938570937204,0.0,0.0,0.0,0.0,775.0,0.0,0.44035989717223656,0.004785221200253544,0.0,0.0,0.5669830560684204,0.0022882513883198687
mnist,MaxLoss,0.3,0.0,776,5,780.0,0.0,1678.6,10.303397497913005,2458.6,10.303397497913005,0.5176493703038432,0.002066007005231985,0.40812,0.005537002799349127,,,,,,,,,12.664114983612672,0.1579397035640071,0.0,0.0,0.0,0.0,777.0,0.0,0.44000000000000006,0.004558048419136198,0.0,0.0,0.5671512603759765,0.0014166000464278183
mnist,MaxLoss,0.3,0.0,778,5,782.0,0.0,1676.8,10.096534058774822,2458.8,10.096534058774823,0.5176895149401389,0.0020248335407704143,0.41037999999999997,0.0066301131212069125,,,,,,,,,12.702242064394522,0.15788090115930845,0.0,0.0,0.0,0.0,779.0,0.0,0.4398976982097187,0.004663576094324929,0.0,0.0,0.5681340336799622,0.0016317320803101389
mnist,MaxLoss,0.3,0.0,78,5,82.0,0.0,2417.2,25.310867231290196,2499.2,25.310867231290196,0.5257836039876566,0.005069025317016989,0.47128000000000003,0.009103482849986596,,,,,,,,,1.2618874468025751,0.10269819435834723,0.0,0.0,0.0,0.0,79.0,0.0,0.4463414634146342,0.016631928898763238,0.0,0.0,0.6108213305473328,0.007459245772680073
mnist,MaxLoss,0.3,0.0,780,5,784.0,0.0,1674.4,18.486752013266145,2458.4,18.486752013266145,0.5176072846283205,0.003708314756471523,0.40606,0.010238876891534526,,,,,,,,,12.740050561993849,0.1578322926163801,0.0,0.0,0.0,0.0,781.0,0.0,0.4395408163265306,0.0047485996094352775,0.0,0.0,0.5688713431358338,0.0014389051817753934
mnist,MaxLoss,0.3,0.0,782,5,786.0,0.0,1676.0,10.47377677822093,2462.0,10.47377677822093,0.5183311740402132,0.002100328881843709,0.40818000000000004,0.007192593412671119,,,,,,,,,12.778195208997932,0.15774232079603703,0.0,0.0,0.0,0.0,783.0,0.0,0.4394402035623409,0.00452683126581608,0.0,0.0,0.5665619015693665,0.0009873752263928474
mnist,MaxLoss,0.3,0.0,784,5,788.0,0.0,1669.8,18.336848147923348,2457.8,18.336848147923348,0.5174870016635396,0.0036774117440057427,0.40868000000000004,0.01272330145834798,,,,,,,,,12.81681513119256,0.15807122250498018,0.0,0.0,0.0,0.0,785.0,0.0,0.43984771573604065,0.004533139872967443,0.0,0.0,0.567101526260376,0.0011740159880697645
mnist,MaxLoss,0.3,0.0,786,5,790.0,0.0,1666.4,19.714461696937096,2456.4,19.714461696937096,0.5172057883697562,0.003955400630997012,0.40549999999999997,0.010995862858366325,,,,,,,,,12.855657905398402,0.15838222698954466,0.0,0.0,0.0,0.0,787.0,0.0,0.439493670886076,0.004300072848471644,0.0,0.0,0.5675393581390381,0.0012993049907613623
mnist,MaxLoss,0.3,0.0,788,5,792.0,0.0,1668.6,14.20774436706967,2460.6,14.20774436706967,0.518049651850015,0.0028494617010427358,0.40520000000000006,0.0074039854132757505,,,,,,,,,12.893845542194322,0.15826721099227112,0.0,0.0,0.0,0.0,789.0,0.0,0.43989898989898996,0.004141722087590079,0.0,0.0,0.5672316074371337,0.0011674027797322786
mnist,MaxLoss,0.3,0.0,790,5,794.0,0.0,1662.0,8.276472678623424,2456.0,8.276472678623424,0.5171282515628264,0.0016601181032534365,0.40252,0.004068095377446305,,,,,,,,,12.932171262009069,0.15817841347563225,0.0,0.0,0.0,0.0,791.0,0.0,0.44005037783375317,0.004131289538251064,0.0,0.0,0.5665139079093933,0.0007644082050145167
mnist,MaxLoss,0.3,0.0,792,5,796.0,0.0,1659.8,17.94825896849051,2455.8,17.948258968490507,0.5170860123471357,0.0036004961880015535,0.40540000000000004,0.009726510165521864,,,,,,,,,12.970794596802444,0.158530979984577,0.0,0.0,0.0,0.0,793.0,0.0,0.4402010050251256,0.0043264259692770285,0.0,0.0,0.5675394296646118,0.0004092924344155882
mnist,MaxLoss,0.3,0.0,794,5,798.0,0.0,1650.6,20.076354250709958,2448.6,20.076354250709958,0.5156412062700838,0.004027521782972879,0.4001,0.010192301015962984,,,,,,,,,13.009243883390445,0.15846357679845718,0.0,0.0,0.0,0.0,795.0,0.0,0.44010025062656644,0.004472824134730512,0.0,0.0,0.5673346757888794,0.0008895812321505483
mnist,MaxLoss,0.3,0.0,796,5,800.0,0.0,1659.4,18.707217858356167,2459.4,18.707217858356167,0.5178077607648447,0.0037517280370387416,0.40722,0.007256541876128065,,,,,,,,,13.047698042402043,0.1587750879980975,0.0,0.0,1.0,0.0,797.0,0.0,0.44049999999999995,0.004304793839430641,0.0,0.0,0.5675450682640075,0.001648243608248456
mnist,MaxLoss,0.3,0.0,8,5,12.0,0.0,2458.2,28.471740375326547,2470.2,28.471740375326547,0.5199695148854516,0.005711115924370007,0.4683999999999999,0.012337665905672743,,,,,,,,,0.2424037254182622,0.09306597780706208,0.0,0.0,0.0,0.0,9.0,0.0,0.4,0.0485912657903775,0.0,0.0,0.6989421248435974,0.005180331910663824
mnist,MaxLoss,0.3,0.0,80,5,84.0,0.0,2393.2,23.195689254686958,2477.2,23.195689254686958,0.5213751806295477,0.004647172927930688,0.46316000000000007,0.005534040115503316,,,,,,,,,1.290939945797436,0.10311633473043504,0.0,0.0,0.0,0.0,81.0,0.0,0.45,0.018210783977117083,0.0,0.0,0.6095808029174805,0.008542173064306817
mnist,MaxLoss,0.3,0.0,82,5,86.0,0.0,2422.4,20.14348529922267,2508.4,20.14348529922267,0.5276288605411537,0.0040357292740278,0.46562000000000003,0.011007924418345173,,,,,,,,,1.320000575191807,0.10353863369602319,0.0,0.0,0.0,0.0,83.0,0.0,0.44651162790697674,0.017480577184154546,0.0,0.0,0.6057011485099792,0.0072793057658641315
mnist,MaxLoss,0.3,0.0,84,5,88.0,0.0,2415.4,15.888989898668827,2503.4,15.888989898668827,0.5266284086159431,0.003183455875933441,0.46844,0.003944439123627093,,,,,,,,,1.3494769565877505,0.10387536082563975,0.0,0.0,0.0,0.0,85.0,0.0,0.4454545454545455,0.0154143863252847,0.0,0.0,0.5976642370223999,0.007723140261870697
mnist,MaxLoss,0.3,0.0,86,5,90.0,0.0,2420.6,7.311634564172365,2510.6,7.311634564172365,0.5280725511256605,0.0014647929587133968,0.483,0.007893224942949495,,,,,,,,,1.378527067799587,0.104299114408138,0.0,0.0,0.0,0.0,87.0,0.0,0.4488888888888889,0.015153535218873176,0.0,0.0,0.5909089684486389,0.011074959128456494
mnist,MaxLoss,0.3,0.0,88,5,92.0,0.0,2415.8,18.11739495622922,2507.8,18.11739495622922,0.5275093092350289,0.0036310971689598797,0.47568,0.010046063905828984,,,,,,,,,1.40758108519949,0.10471404211771969,0.0,0.0,0.0,0.0,89.0,0.0,0.4478260869565217,0.015900803085138904,0.0,0.0,0.5864930152893066,0.012412479807307005
mnist,MaxLoss,0.3,0.0,90,5,94.0,0.0,2386.0,9.85393322486001,2480.0,9.85393322486001,0.5219401780050248,0.0019755121841226802,0.46858000000000005,0.005364550307341706,,,,,,,,,1.436257463588845,0.10473596856286825,0.0,0.0,0.0,0.0,91.0,0.0,0.44468085106382976,0.0194421988111671,0.0,0.0,0.5852721929550171,0.011934531788303634
mnist,MaxLoss,0.3,0.0,92,5,96.0,0.0,2400.6,31.65217212135685,2496.6,31.65217212135685,0.5252595843514427,0.006345505079070566,0.47412,0.01788430596920104,,,,,,,,,1.4653094489942304,0.1051475035733597,0.0,0.0,0.0,0.0,93.0,0.0,0.44375,0.01698906919822926,0.0,0.0,0.5807774186134338,0.01313141630587211
mnist,MaxLoss,0.3,0.0,94,5,98.0,0.0,2365.2,16.417673403987543,2463.2,16.417673403987543,0.5185704684467055,0.0032919844934075977,0.46342,0.01359269656837819,,,,,,,,,1.4944402884109877,0.10557115596873211,0.0,0.0,0.0,0.0,95.0,0.0,0.4408163265306122,0.018648639676017414,0.0,0.0,0.5866934299468994,0.012682365705428175
mnist,MaxLoss,0.3,0.0,96,5,100.0,0.0,2388.4,15.095032295427522,2488.4,15.095032295427522,0.5236227678251453,0.0030255625906849626,0.47409999999999997,0.010049029803916388,,,,,,,,,1.5232231728034094,0.10560607112400101,0.0,0.0,0.0,0.0,97.0,0.0,0.44000000000000006,0.021213203435596423,0.0,0.0,0.5886050701141358,0.0131850558373455
mnist,MaxLoss,0.3,0.0,98,5,102.0,0.0,2376.2,26.09482707357916,2478.2,26.09482707357916,0.5215744487941265,0.00523013798118262,0.47054,0.008660577347960116,,,,,,,,,1.552421928604599,0.10601902443780824,0.0,0.0,0.0,0.0,99.0,0.0,0.4431372549019608,0.020658144613436746,0.0,0.0,0.5851381421089172,0.010444007637657224
mnist,PU-R,0.3,0.0,0,5,4.0,0.0,2578.8,47.8627203572885,2582.8,47.8627203572885,0.5425064421375282,0.009580201129034686,0.53028,0.022952524915573008,,,,,,,,,0.028037176409270614,0.0006155939921334781,0.0,0.0,0.0,0.0,1.0,0.0,0.4,0.06123724356957944,0.0,0.0,0.6787188649177551,0.012598971760766494
mnist,PU-R,0.3,0.0,10,5,14.0,0.0,2474.2,30.095514615968938,2488.2,30.095514615968938,0.5235769938793965,0.006033733324796804,0.48231999999999997,0.014179999999999983,,,,,,,,,0.27597616460407154,0.0033377822919832788,0.0,0.0,0.0,0.0,11.0,0.0,0.34285714285714286,0.026726124191242435,0.0,0.0,0.6408980488777161,0.011676175006854058
mnist,PU-R,0.3,0.0,100,5,104.0,0.0,2240.6,59.617614846620626,2344.6,59.617614846620626,0.4947307559894398,0.011997105157110175,0.39112,0.02680597694545005,,,,,,,,,2.7987878226209433,0.024708501079500865,0.0,0.0,0.0,0.0,101.0,0.0,0.32884615384615384,0.01956441341286135,0.0,0.0,0.5861364364624023,0.0020815976035025103
mnist,PU-R,0.3,0.0,102,5,106.0,0.0,2220.6,63.682493669767666,2326.6,63.682493669767666,0.49110739105381074,0.012815442708767258,0.3931,0.026348415512132798,,,,,,,,,2.862097361404449,0.02508519126349353,0.0,0.0,0.0,0.0,103.0,0.0,0.3283018867924528,0.019425717247145285,0.0,0.0,0.5860781192779541,0.002372839722218972
mnist,PU-R,0.3,0.0,104,5,108.0,0.0,2236.2,62.13807206536102,2344.2,62.13807206536102,0.4946477921446785,0.012498470220848166,0.39526,0.026508990927607938,,,,,,,,,2.9259504566085526,0.02559386073478691,0.0,0.0,0.0,0.0,105.0,0.0,0.3277777777777778,0.01998799365270639,0.0,0.0,0.5841660380363465,0.0030685269531842384
mnist,PU-R,0.3,0.0,106,5,110.0,0.0,2241.0,61.31149973699876,2351.0,61.31149973699876,0.4960155542590655,0.012329854032548172,0.39758,0.025591783837786677,,,,,,,,,2.9897103098221125,0.025831548507044392,0.0,0.0,0.0,0.0,107.0,0.0,0.3290909090909091,0.021969174497444684,0.0,0.0,0.5834578752517701,0.002363899629193574
mnist,PU-R,0.3,0.0,108,5,112.0,0.0,2239.8,66.49616530297067,2351.8,66.49616530297067,0.4961707701557316,0.013372603946792462,0.39974,0.02864745363902349,,,,,,,,,3.0541164042195303,0.026178149103492483,0.0,0.0,0.0,0.0,109.0,0.0,0.33035714285714285,0.02293791531904487,0.0,0.0,0.584177041053772,0.003055423389790588
mnist,PU-R,0.3,0.0,110,5,114.0,0.0,2226.8,67.01671433306768,2340.8,67.01671433306768,0.4939589769113809,0.013477849880915741,0.39698,0.02881057791853541,,,,,,,,,3.119484042620752,0.026257587940109073,0.0,0.0,0.0,0.0,111.0,0.0,0.3280701754385965,0.022295201801997948,0.0,0.0,0.5859306693077088,0.003363631109039416
mnist,PU-R,0.3,0.0,112,5,116.0,0.0,2214.2,62.915339941861546,2330.2,62.915339941861546,0.49183217328973117,0.012657598608144492,0.38856,0.028207899602770845,,,,,,,,,3.1844551088055595,0.026727111522153485,0.0,0.0,0.0,0.0,113.0,0.0,0.32413793103448274,0.022413793103448272,0.0,0.0,0.5850184679031372,0.0037052406422021333
mnist,PU-R,0.3,0.0,114,5,118.0,0.0,2210.0,67.34909056550057,2328.0,67.34909056550057,0.4913848925498314,0.013551538850815868,0.38556,0.029533414973551577,,,,,,,,,3.249894821795169,0.027200978996084226,0.0,0.0,0.0,0.0,115.0,0.0,0.32372881355932204,0.021506063627880545,0.0,0.0,0.5829156041145325,0.0026570700401114
mnist,PU-R,0.3,0.0,116,5,120.0,0.0,2220.8,66.56680854600135,2340.8,66.56680854600135,0.493959468556568,0.013390771033532622,0.39222,0.030447880057567215,,,,,,,,,3.3157392766093836,0.027212537080352997,0.0,0.0,0.0,0.0,117.0,0.0,0.325,0.020581815058714106,0.0,0.0,0.584667444229126,0.0018487122812495937
mnist,PU-R,0.3,0.0,118,5,122.0,0.0,2203.2,56.406914469770456,2325.2,56.406914469770456,0.4908332312130369,0.011349749280449855,0.38760000000000006,0.02718935453444969,,,,,,,,,3.381887794600334,0.027711639923787116,0.0,0.0,0.0,0.0,119.0,0.0,0.3278688524590164,0.01795811663951364,0.0,0.0,0.5836628675460815,0.00275956954861201
mnist,PU-R,0.3,0.0,12,5,16.0,0.0,2481.6,30.89433605048019,2497.6,30.89433605048019,0.525460367067717,0.006192634469651788,0.49112,0.007842792869890158,,,,,,,,,0.3255580306169577,0.0041339583670951495,0.0,0.0,0.0,0.0,13.0,0.0,0.35,0.024999999999999994,0.0,0.0,0.6443851232528687,0.011235821944614954
mnist,PU-R,0.3,0.0,120,5,124.0,0.0,2192.4,56.92855171177288,2316.4,56.92855171177288,0.4890628228778951,0.01145570437305408,0.38375999999999993,0.025511616961690218,,,,,,,,,3.4494464095914736,0.027943774822897494,0.0,0.0,0.0,0.0,121.0,0.0,0.3258064516129032,0.01703121942092168,0.0,0.0,0.5838012933731079,0.003225862330857804
mnist,PU-R,0.3,0.0,122,5,126.0,0.0,2193.0,51.06760225426684,2319.0,51.06760225426684,0.4895911290426739,0.010274727524894112,0.3854,0.02269365550104258,,,,,,,,,3.5162383422022687,0.028137186822469268,0.0,0.0,0.0,0.0,123.0,0.0,0.3253968253968254,0.015266177826723286,0.0,0.0,0.585487711429596,0.003863010651967501
mnist,PU-R,0.3,0.0,124,5,128.0,0.0,2182.8,55.61061049835724,2310.8,55.61061049835724,0.4879375955089927,0.011192029143028661,0.38409999999999994,0.02311341601754272,,,,,,,,,3.58440631441772,0.02834665020250671,0.0,0.0,0.0,0.0,125.0,0.0,0.325,0.013887803777055608,0.0,0.0,0.5860168933868408,0.0031623073817300456
mnist,PU-R,0.3,0.0,126,5,130.0,0.0,2201.4,55.84854519143717,2331.4,55.84854519143717,0.4920805502217263,0.01123552380988108,0.38898,0.02316748583683607,,,,,,,,,3.6521320007974283,0.028780745795114252,0.0,0.0,0.0,0.0,127.0,0.0,0.3261538461538461,0.012545774177153919,0.0,0.0,0.5859207272529602,0.0037251228594630333
mnist,PU-R,0.3,0.0,128,5,132.0,0.0,2201.0,61.182513841783255,2333.0,61.182513841783255,0.49239701965125277,0.012306921619073027,0.38996000000000003,0.02428696358131251,,,,,,,,,3.720148245000746,0.029238298373992742,0.0,0.0,0.0,0.0,129.0,0.0,0.3242424242424242,0.012073770795840323,0.0,0.0,0.5824525356292725,0.002957694682295128
mnist,PU-R,0.3,0.0,130,5,134.0,0.0,2193.8,68.03484401393156,2327.8,68.03484401393156,0.49134388798847795,0.013690043358393533,0.38966,0.02577697810062305,,,,,,,,,3.7889375850209035,0.02983168195939904,0.0,0.0,0.0,0.0,131.0,0.0,0.32686567164179103,0.013638557374997811,0.0,0.0,0.5805051684379577,0.004180364829534471
mnist,PU-R,0.3,0.0,132,5,136.0,0.0,2201.4,68.35832063472596,2337.4,68.35832063472596,0.49327387533849104,0.013749119392659843,0.3922800000000001,0.025993545352644767,,,,,,,,,3.857069841015618,0.030157121659801535,0.0,0.0,0.0,0.0,133.0,0.0,0.3308823529411765,0.01315334104411641,0.0,0.0,0.5831748247146606,0.0038432761762521865
mnist,PU-R,0.3,0.0,134,5,138.0,0.0,2193.4,71.27874858609681,2331.4,71.27874858609681,0.4920640087570064,0.01434017337161841,0.38702,0.02577445246751131,,,,,,,,,3.925217570026871,0.030366880508306594,0.0,0.0,0.0,0.0,135.0,0.0,0.33043478260869563,0.013863135122977523,0.0,0.0,0.5823568820953369,0.002201533125514101
mnist,PU-R,0.3,0.0,136,5,140.0,0.0,2213.8,64.79614186045337,2353.8,64.79614186045337,0.4965746470028535,0.013025522230369195,0.397,0.02491800553816456,,,,,,,,,3.99441946799634,0.03067877713178886,0.0,0.0,0.0,0.0,137.0,0.0,0.33285714285714285,0.014033487645991783,0.0,0.0,0.5833308458328247,0.002168773298199466
mnist,PU-R,0.3,0.0,138,5,142.0,0.0,2216.2,63.119252213567925,2358.2,63.119252213567925,0.4974607670563273,0.012684845949646122,0.3945,0.02699846291921078,,,,,,,,,4.064018463005778,0.03047312912095002,0.0,0.0,0.0,0.0,139.0,0.0,0.33380281690140845,0.015683843275577525,0.0,0.0,0.5823423027992248,0.0027173237798373
mnist,PU-R,0.3,0.0,14,5,18.0,0.0,2482.4,35.181813483673636,2500.4,35.181813483673636,0.5260190402972512,0.0070495008972832505,0.48963999999999996,0.006877615865981461,,,,,,,,,0.3751558676129207,0.004947915438883497,0.0,0.0,0.0,0.0,15.0,0.0,0.3555555555555555,0.0376796110173626,0.0,0.0,0.6467769742012024,0.0019515189071404623
mnist,PU-R,0.3,0.0,140,5,144.0,0.0,2216.2,62.159794079453,2360.2,62.159794079453,0.4978637000545859,0.012493611395364096,0.39663999999999994,0.0260607482624732,,,,,,,,,4.134050578612369,0.030859404712456944,0.0,0.0,0.0,0.0,141.0,0.0,0.3319444444444445,0.014796719272682304,0.0,0.0,0.5819276690483093,0.002295237527741286
mnist,PU-R,0.3,0.0,142,5,146.0,0.0,2204.4,60.476110986074495,2350.4,60.476110986074495,0.49589582313783465,0.012157672802781891,0.39144,0.024186909682718877,,,,,,,,,4.204361796216108,0.031120660859436124,0.0,0.0,0.0,0.0,143.0,0.0,0.33424657534246577,0.014912014422655648,0.0,0.0,0.5836002230644226,0.0016477371176192926
mnist,PU-R,0.3,0.0,144,5,148.0,0.0,2219.2,66.78203351201579,2367.2,66.78203351201579,0.49926531153032555,0.013419269420369419,0.39754000000000006,0.028463899943612783,,,,,,,,,4.275972284004093,0.03101443224868198,0.0,0.0,0.0,0.0,145.0,0.0,0.3364864864864865,0.01439680794098818,0.0,0.0,0.5860668659210205,0.0012215826327586024
mnist,PU-R,0.3,0.0,146,5,150.0,0.0,2215.6,69.17774208515337,2365.6,69.17774208515337,0.49894107299624013,0.013901440799976026,0.39762,0.027559433956451277,,,,,,,,,4.34776294620242,0.03133806228070561,0.0,0.0,0.0,0.0,147.0,0.0,0.33333333333333337,0.01429840705968481,0.0,0.0,0.5854438424110413,0.0030363517565551532
mnist,PU-R,0.3,0.0,148,5,152.0,0.0,2219.0,63.605817344013424,2371.0,63.605817344013424,0.5000323001295328,0.01278116078719095,0.40358,0.025912379280953732,,,,,,,,,4.420261094009038,0.03167271409678134,0.0,0.0,0.0,0.0,149.0,0.0,0.3368421052631579,0.01576203756672492,0.0,0.0,0.5866498231887818,0.002590133323580562
mnist,PU-R,0.3,0.0,150,5,154.0,0.0,2231.6,62.9718984944872,2385.6,62.9718984944872,0.5029658795334399,0.012651727560590968,0.40662000000000004,0.025870473517119873,,,,,,,,,4.493302507814951,0.03205469802800056,0.0,0.0,0.0,0.0,151.0,0.0,0.33896103896103896,0.016732595748993672,0.0,0.0,0.5872710466384887,0.004308290711754837
mnist,PU-R,0.3,0.0,152,5,156.0,0.0,2225.6,67.85396082764808,2381.6,67.85396082764808,0.5021570594515652,0.01363486105792365,0.40634,0.027382943596333833,,,,,,,,,4.567648452206049,0.03254214709538277,0.0,0.0,0.0,0.0,153.0,0.0,0.3358974358974359,0.016911417895221693,0.0,0.0,0.5832820415496827,0.0021287215220642205
mnist,PU-R,0.3,0.0,154,5,158.0,0.0,2218.6,64.76465085214309,2376.6,64.76465085214309,0.5011561072315089,0.013011798586774394,0.40413999999999994,0.02683591995814565,,,,,,,,,4.641878893808462,0.03293152345556939,0.0,0.0,0.0,0.0,155.0,0.0,0.3329113924050633,0.016086411426758013,0.0,0.0,0.5836764931678772,0.0021295308062450956
mnist,PU-R,0.3,0.0,156,5,160.0,0.0,2215.2,58.32529468421055,2375.2,58.32529468421055,0.5008815229055472,0.011718004816737165,0.40082000000000007,0.02522237895203385,,,,,,,,,4.716133598401211,0.03338527591852168,0.0,0.0,0.0,0.0,157.0,0.0,0.33375000000000005,0.015385667031363964,0.0,0.0,0.5845062136650085,0.003398526170581977
mnist,PU-R,0.3,0.0,158,5,162.0,0.0,2216.6,61.63975989570368,2378.6,61.63975989570368,0.5015612188726664,0.012378083183839738,0.39856,0.025565066008129134,,,,,,,,,4.790804668015335,0.03387339875466158,0.0,0.0,0.0,0.0,159.0,0.0,0.3345679012345679,0.01452913863696274,0.0,0.0,0.5829091906547547,0.0029706364856197866
mnist,PU-R,0.3,0.0,16,5,20.0,0.0,2472.2,16.63550420035413,2492.2,16.63550420035413,0.5243839282076805,0.0033339726592320016,0.49178,0.0037839661732103104,,,,,,,,,0.4250229936093092,0.005797222530342442,0.0,0.0,0.0,0.0,17.0,0.0,0.34,0.024494897427831782,0.0,0.0,0.6476282358169556,0.0042907500552911825
mnist,PU-R,0.3,0.0,160,5,164.0,0.0,2211.2,62.126805808765035,2375.2,62.126805808765035,0.5008776867529378,0.012476653298624536,0.3989,0.02518338738136711,,,,,,,,,4.866482717602048,0.03430251632624033,0.0,0.0,0.0,0.0,161.0,0.0,0.3353658536585366,0.012790351806953065,0.0,0.0,0.5857791662216186,0.0025299216654055333
mnist,PU-R,0.3,0.0,162,5,166.0,0.0,2228.8,58.8085027865869,2394.8,58.8085027865869,0.5048178307595663,0.011805914305267208,0.40656,0.023813958091841867,,,,,,,,,4.942781453218776,0.03428557009450117,0.0,0.0,0.0,0.0,163.0,0.0,0.3409638554216868,0.014076290898250509,0.0,0.0,0.5858009457588196,0.002196980081700688
mnist,PU-R,0.3,0.0,164,5,168.0,0.0,2231.4,62.95283949116196,2399.4,62.95283949116196,0.5057372930576094,0.012635602930047219,0.40635999999999994,0.023936658079188912,,,,,,,,,5.019683794595767,0.03424522692261403,0.0,0.0,0.0,0.0,165.0,0.0,0.3404761904761905,0.013363062095621223,0.0,0.0,0.5877305150032044,0.002936570590414523
mnist,PU-R,0.3,0.0,166,5,170.0,0.0,2216.2,62.84138763585667,2386.2,62.84138763585667,0.5030865450855344,0.012618327002120294,0.40224000000000004,0.02649659600778938,,,,,,,,,5.096720332815312,0.03454923622528675,0.0,0.0,0.0,0.0,167.0,0.0,0.3411764705882353,0.013021143306575677,0.0,0.0,0.5845568180084229,0.003990104618107752
mnist,PU-R,0.3,0.0,168,5,172.0,0.0,2202.2,61.01016308780038,2374.2,61.01016308780038,0.500677936791908,0.012254745459521255,0.39762000000000003,0.02552225303534153,,,,,,,,,5.1745498406118715,0.034887159963298636,0.0,0.0,0.0,0.0,169.0,0.0,0.34069767441860466,0.014074091205709544,0.0,0.0,0.5845352172851562,0.004712915001895469
mnist,PU-R,0.3,0.0,170,5,174.0,0.0,2192.6,64.55664179617771,2366.6,64.55664179617771,0.49914721443783494,0.012970153538242962,0.39459999999999995,0.026103658747386356,,,,,,,,,5.25182845601812,0.03520578946770337,0.0,0.0,0.0,0.0,171.0,0.0,0.3413793103448276,0.014379305750800916,0.0,0.0,0.5825437068939209,0.00444159533835335
mnist,PU-R,0.3,0.0,172,5,176.0,0.0,2204.2,54.333599181353705,2380.2,54.333599181353705,0.5018897428293713,0.010911824821496094,0.39913999999999994,0.024425040429853953,,,,,,,,,5.329582717607264,0.03550830103495861,0.0,0.0,0.0,0.0,173.0,0.0,0.34204545454545454,0.014193177269087266,0.0,0.0,0.5845995903015136,0.0049747949262524726
mnist,PU-R,0.3,0.0,174,5,178.0,0.0,2181.8,60.74405320687779,2359.8,60.74405320687779,0.49778480239911005,0.012202492330643218,0.38944,0.026849722531154755,,,,,,,,,5.40713889481267,0.03582462498320648,0.0,0.0,0.0,0.0,175.0,0.0,0.3382022471910112,0.014033703367187407,0.0,0.0,0.5841665983200073,0.0035997701733742754
mnist,PU-R,0.3,0.0,176,5,180.0,0.0,2188.8,63.86736255709954,2368.8,63.86736255709954,0.4995900103240274,0.012829259758760998,0.39146000000000003,0.028725922091379405,,,,,,,,,5.485883085418027,0.0360114759281441,0.0,0.0,0.0,0.0,177.0,0.0,0.33999999999999997,0.014207457613938249,0.0,0.0,0.5850120425224304,0.003377839070338068
mnist,PU-R,0.3,0.0,178,5,182.0,0.0,2188.2,70.57010698589028,2370.2,70.57010698589028,0.4998637096490711,0.01417846128525703,0.39075999999999994,0.030042546496593794,,,,,,,,,5.5647393298218955,0.03645865787933775,0.0,0.0,0.0,0.0,179.0,0.0,0.3395604395604396,0.014158350249148499,0.0,0.0,0.5826385974884033,0.002506225379293247
mnist,PU-R,0.3,0.0,18,5,22.0,0.0,2433.4,11.24544352171136,2455.4,11.24544352171136,0.5170074302586727,0.0022554550307041644,0.47264,0.007693282784351551,,,,,,,,,0.47508596021216365,0.006499478058046874,0.0,0.0,0.0,0.0,19.0,0.0,0.33636363636363636,0.023177361425421754,0.0,0.0,0.6429736852645874,0.00466276586068217
mnist,PU-R,0.3,0.0,180,5,184.0,0.0,2179.0,63.17990186760343,2363.0,63.17990186760343,0.49842530929017814,0.012694030001214862,0.38426000000000005,0.02881972588349861,,,,,,,,,5.644224779610522,0.036908072297323825,0.0,0.0,0.0,0.0,181.0,0.0,0.33913043478260874,0.012699262440812964,0.0,0.0,0.5811944842338562,0.0019183255723110618
mnist,PU-R,0.3,0.0,182,5,186.0,0.0,2170.6,57.49660859563806,2356.6,57.49660859563806,0.4971449159318581,0.011555719018052552,0.38708,0.02560147261389471,,,,,,,,,5.722991652402561,0.03722246456254322,0.0,0.0,0.0,0.0,183.0,0.0,0.33870967741935487,0.013059094410205504,0.0,0.0,0.5797395467758178,0.0021644657522776277
mnist,PU-R,0.3,0.0,184,5,188.0,0.0,2180.4,58.09182386532549,2368.4,58.09182386532549,0.4995155519922264,0.011673688574631417,0.38768,0.026016329487458457,,,,,,,,,5.803119528410025,0.03761921463642678,0.0,0.0,0.0,0.0,185.0,0.0,0.34042553191489366,0.012245600460873767,0.0,0.0,0.5801380753517151,0.0013706218605224441
mnist,PU-R,0.3,0.0,186,5,190.0,0.0,2176.8,62.78009238604224,2366.8,62.78009238604224,0.49918930276762696,0.012614651600924426,0.38514000000000004,0.027307043047536273,,,,,,,,,5.883082397014368,0.03798989213996943,0.0,0.0,0.0,0.0,187.0,0.0,0.3410526315789474,0.012827429059951517,0.0,0.0,0.5809903860092163,0.001773083434184604
mnist,PU-R,0.3,0.0,188,5,192.0,0.0,2171.6,58.38715612187323,2363.6,58.38715612187323,0.49855076329549775,0.011736401700786249,0.3844600000000001,0.02791541867857259,,,,,,,,,5.963855957612395,0.038412138765864905,0.0,0.0,0.0,0.0,189.0,0.0,0.340625,0.01393655016693714,0.0,0.0,0.5786778330802917,0.0017055852552104627
mnist,PU-R,0.3,0.0,190,5,194.0,0.0,2168.0,63.86939799309212,2362.0,63.86939799309212,0.49822360791731624,0.012837725471961988,0.38567999999999997,0.029965103036699203,,,,,,,,,6.0447926270077,0.03889279014473323,0.0,0.0,0.0,0.0,191.0,0.0,0.3422680412371134,0.014078866271904805,0.0,0.0,0.5829730868339539,0.0014490449143864618
mnist,PU-R,0.3,0.0,192,5,196.0,0.0,2160.6,62.17523622793886,2356.6,62.17523622793886,0.4971401970018633,0.012498319364822392,0.38262,0.030012054244919664,,,,,,,,,6.126909004210029,0.039244925854050476,0.0,0.0,0.0,0.0,193.0,0.0,0.3448979591836735,0.012765302044078367,0.0,0.0,0.5795244455337525,0.002044970985556047
mnist,PU-R,0.3,0.0,194,5,198.0,0.0,2163.6,65.374765773959,2361.6,65.374765773959,0.4981415883172303,0.013140565620713748,0.38137999999999994,0.03079792850176778,,,,,,,,,6.209535551199224,0.03971106437922368,0.0,0.0,0.0,0.0,195.0,0.0,0.34545454545454546,0.012225978219101208,0.0,0.0,0.579806101322174,0.002066701704846178
mnist,PU-R,0.3,0.0,196,5,200.0,0.0,2174.8,72.25053633018928,2374.8,72.25053633018928,0.5007858639582992,0.014517649338312686,0.38137999999999994,0.031857328827131756,,,,,,,,,6.293851821217686,0.039987861116825514,0.0,0.0,0.0,0.0,197.0,0.0,0.34600000000000003,0.01258967831201417,0.0,0.0,0.5800268769264221,0.0023395202373509556
mnist,PU-R,0.3,0.0,198,5,202.0,0.0,2174.6,73.1857909706522,2376.6,73.1857909706522,0.5011463341768831,0.014704117541075649,0.38204000000000005,0.03285210191144549,,,,,,,,,6.377232478011865,0.04049692566763101,0.0,0.0,0.0,0.0,199.0,0.0,0.3465346534653465,0.01160993999956294,0.0,0.0,0.5811176657676697,0.0007273269205438368
mnist,PU-R,0.3,0.0,2,5,6.0,0.0,2529.2,49.15424701895045,2535.2,49.15424701895045,0.5329795022495091,0.009852278136251521,0.5259199999999999,0.030382945874289406,,,,,,,,,0.07899159140652046,0.0011459187005178157,0.0,0.0,0.0,0.0,3.0,0.0,0.4333333333333333,0.08498365855987973,0.0,0.0,0.595843243598938,0.013274413804868719
mnist,PU-R,0.3,0.0,20,5,24.0,0.0,2414.6,20.03397114902585,2438.6,20.03397114902585,0.513635127840098,0.004020418385364329,0.46112000000000003,0.009504230636932154,,,,,,,,,0.5251391410129145,0.0072532925437706845,0.0,0.0,0.0,0.0,21.0,0.0,0.3416666666666667,0.027638539919628335,0.0,0.0,0.6241198778152466,0.008510829896539392
mnist,PU-R,0.3,0.0,200,5,204.0,0.0,2153.8,70.51553020434577,2357.8,70.51553020434577,0.497372060327325,0.014171054477600817,0.37902,0.032332080044438834,,,,,,,,,6.462487046606839,0.040762756062436886,0.0,0.0,0.0,0.0,201.0,0.0,0.3480392156862745,0.012497596847041135,0.0,0.0,0.5780482769012452,0.0008884185198770703
mnist,PU-R,0.3,0.0,202,5,206.0,0.0,2161.2,74.28485713791204,2367.2,74.28485713791204,0.4992564138141461,0.014924033858032173,0.37820000000000004,0.032795853396428036,,,,,,,,,6.547755565610714,0.04113937707448257,0.0,0.0,0.0,0.0,203.0,0.0,0.34660194174757286,0.011751182948456503,0.0,0.0,0.5794928193092346,0.001535308060811081
mnist,PU-R,0.3,0.0,204,5,208.0,0.0,2144.6,71.9684653164148,2352.6,71.9684653164148,0.4963252313202247,0.014460299772359632,0.3724,0.03246898520126553,,,,,,,,,6.635168607812375,0.041413223724406714,0.0,0.0,0.0,0.0,205.0,0.0,0.3451923076923077,0.012105459915398237,0.0,0.0,0.57801593542099,0.0014357817046111417
mnist,PU-R,0.3,0.0,206,5,210.0,0.0,2146.2,71.67942522090979,2356.2,71.67942522090979,0.4970491210115142,0.014402639389653693,0.37229999999999996,0.03235926451574572,,,,,,,,,6.718598785193171,0.0417143910821642,0.0,0.0,0.0,0.0,207.0,0.0,0.3466666666666667,0.012634761106115812,0.0,0.0,0.5790663599967957,0.0015390844182024265
mnist,PU-R,0.3,0.0,208,5,212.0,0.0,2157.0,72.10131760238504,2369.0,72.10131760238504,0.49962077516829595,0.014484460866994146,0.38130000000000003,0.032008311420629494,,,,,,,,,6.803792095603422,0.04197733901920349,0.0,0.0,0.0,0.0,209.0,0.0,0.34905660377358494,0.01165008399549856,0.0,0.0,0.5802488088607788,0.0011420952991751086
mnist,PU-R,0.3,0.0,210,5,214.0,0.0,2167.0,67.59733722566297,2381.0,67.59733722566297,0.5020368431461975,0.013576979275729834,0.38502,0.029619004034572124,,,,,,,,,6.889717783615924,0.042524523282574514,0.0,0.0,0.0,0.0,211.0,0.0,0.34859813084112146,0.01241619650054806,0.0,0.0,0.5810646891593934,0.0022171760899300412
mnist,PU-R,0.3,0.0,212,5,216.0,0.0,2164.4,65.71879487635177,2380.4,65.71879487635177,0.5019184224074706,0.01320045780476187,0.38502,0.029689078800124464,,,,,,,,,6.97744238320738,0.04248885928853034,0.0,0.0,0.0,0.0,213.0,0.0,0.3472222222222222,0.01143434169928562,0.0,0.0,0.5831212878227234,0.0014774111397652797
mnist,PU-R,0.3,0.0,214,5,218.0,0.0,2152.2,66.76106649837163,2370.2,66.76106649837163,0.49986812483984977,0.013409014903277531,0.37883999999999995,0.029793985970326297,,,,,,,,,7.06424184141215,0.04296394447274354,0.0,0.0,0.0,0.0,215.0,0.0,0.3467889908256881,0.011658958740494349,0.0,0.0,0.5801206111907959,0.00105618819431158
mnist,PU-R,0.3,0.0,216,5,220.0,0.0,2152.4,67.87680016029041,2372.4,67.87680016029041,0.5003088734811172,0.01363188385800525,0.37616,0.029054717345037107,,,,,,,,,7.152781704021618,0.043289913876669285,0.0,0.0,0.0,0.0,217.0,0.0,0.34545454545454546,0.010852123987557567,0.0,0.0,0.5792826414108276,0.0011422473086264693
mnist,PU-R,0.3,0.0,218,5,222.0,0.0,2150.6,62.81608074370765,2372.6,62.81608074370765,0.5003546123043634,0.012616787959901335,0.37622,0.027594735005069364,,,,,,,,,7.242201391211711,0.04365306665126422,0.0,0.0,0.0,0.0,219.0,0.0,0.3441441441441441,0.010132632323605398,0.0,0.0,0.5787022113800049,0.0014263155253658188
mnist,PU-R,0.3,0.0,22,5,26.0,0.0,2404.4,32.55549108829415,2430.4,32.55549108829415,0.5119842931511812,0.006532896225265903,0.45337999999999995,0.012229243639735042,,,,,,,,,0.575061715207994,0.007945990924780946,0.0,0.0,0.0,0.0,23.0,0.0,0.34615384615384615,0.024325212770525996,0.0,0.0,0.6060602545738221,0.007171741750660694
mnist,PU-R,0.3,0.0,220,5,224.0,0.0,2151.2,62.79761141954366,2375.2,62.79761141954366,0.5008769727661274,0.012613859871928673,0.37782,0.028336661765282076,,,,,,,,,7.332597438816447,0.04406446555931915,0.0,0.0,0.0,0.0,221.0,0.0,0.34375000000000006,0.010469678035320151,0.0,0.0,0.5796858906745911,0.0009931888405275535
mnist,PU-R,0.3,0.0,222,5,226.0,0.0,2143.0,66.04543890383347,2369.0,66.04543890383347,0.49962780621135605,0.013268656273971903,0.37282000000000004,0.027681517299454523,,,,,,,,,7.42005560300313,0.04454768579535553,0.0,0.0,0.0,0.0,223.0,0.0,0.3415929203539823,0.010601016416558348,0.0,0.0,0.5798567771911621,0.002288174296263072
mnist,PU-R,0.3,0.0,224,5,228.0,0.0,2150.2,58.452031615676106,2378.2,58.452031615676106,0.5014840686460957,0.01174231199393691,0.37744,0.02518540450340237,,,,,,,,,7.509300796804018,0.04477124689301769,0.0,0.0,0.0,0.0,225.0,0.0,0.3447368421052632,0.010617296874482636,0.0,0.0,0.5809701800346374,0.002256470760619391
mnist,PU-R,0.3,0.0,226,5,230.0,0.0,2143.0,59.999166660879546,2373.0,59.999166660879546,0.5004378843586892,0.012050534137494455,0.37476000000000004,0.023366291960856777,,,,,,,,,7.598818269197364,0.04493427592643136,0.0,0.0,0.0,0.0,227.0,0.0,0.3452173913043478,0.011875217638041443,0.0,0.0,0.5812278389930725,0.0028836049948370787
mnist,PU-R,0.3,0.0,228,5,232.0,0.0,2150.6,58.89023688184655,2382.6,58.89023688184655,0.5023674923111685,0.011826692921842168,0.37378,0.023353958979153835,,,,,,,,,7.690221267216839,0.0447693631325147,0.0,0.0,0.0,0.0,229.0,0.0,0.3456896551724138,0.011023027459090024,0.0,0.0,0.5770399451255799,0.0008926361185072591
mnist,PU-R,0.3,0.0,230,5,234.0,0.0,2151.4,57.17219603968348,2385.4,57.17219603968348,0.5029315748717635,0.011482053043397231,0.37571999999999994,0.025009826068967376,,,,,,,,,7.780027408199385,0.0447367704515199,0.0,0.0,0.0,0.0,231.0,0.0,0.3452991452991453,0.010149010330801633,0.0,0.0,0.5785056233406067,0.0018837132513711808
mnist,PU-R,0.3,0.0,232,5,236.0,0.0,2140.4,56.84417296434174,2376.4,56.84417296434174,0.501124021364376,0.011421820429653853,0.37208,0.02621410688923046,,,,,,,,,7.8719263506005515,0.04485238825999026,0.0,0.0,0.0,0.0,233.0,0.0,0.3449152542372881,0.010344538657401443,0.0,0.0,0.5766931176185608,0.0022845657677045667
mnist,PU-R,0.3,0.0,234,5,238.0,0.0,2139.8,51.35309143566724,2377.8,51.35309143566724,0.5014102578046732,0.010319403692851893,0.36888,0.024369456292662746,,,,,,,,,7.963751746609342,0.04495314665827225,0.0,0.0,0.0,0.0,235.0,0.0,0.34285714285714286,0.009996115338966655,0.0,0.0,0.5764286398887635,0.002302876095343253
mnist,PU-R,0.3,0.0,236,5,240.0,0.0,2136.8,58.694463111949496,2376.8,58.694463111949496,0.5012025705422275,0.011795156190712646,0.3686,0.02565692888870372,,,,,,,,,8.056984697398729,0.04497947366565761,0.0,0.0,0.0,0.0,237.0,0.0,0.3441666666666667,0.010590220855949028,0.0,0.0,0.5764500379562378,0.0025085538946052885
mnist,PU-R,0.3,0.0,238,5,242.0,0.0,2132.6,61.522841286793636,2374.6,61.522841286793636,0.5007577485055663,0.012362739094635554,0.36941999999999997,0.027176890918572717,,,,,,,,,8.147868545202073,0.04528640764229203,0.0,0.0,0.0,0.0,239.0,0.0,0.34297520661157027,0.01190484321560986,0.0,0.0,0.579535710811615,0.003123683310545267
mnist,PU-R,0.3,0.0,24,5,28.0,0.0,2370.0,27.11457172813172,2398.0,27.11457172813172,0.5054832790396177,0.005445192958646331,0.43545999999999996,0.007094617678212116,,,,,,,,,0.6250817030086182,0.008593354408404115,0.0,0.0,0.0,0.0,25.0,0.0,0.34285714285714286,0.024222607082590237,0.0,0.0,0.5894654750823974,0.009861792586031645
mnist,PU-R,0.3,0.0,240,5,244.0,0.0,2123.0,64.32728814430156,2367.0,64.32728814430156,0.49922781413188205,0.012929057254535543,0.36473999999999995,0.0284478399883014,,,,,,,,,8.24047528600786,0.04526442135393168,0.0,0.0,0.0,0.0,241.0,0.0,0.3418032786885246,0.012671823634213363,0.0,0.0,0.5780730962753295,0.0023137603712142982
mnist,PU-R,0.3,0.0,242,5,246.0,0.0,2129.8,61.10924643619818,2375.8,61.10924643619818,0.5009992268751375,0.01228610808738355,0.36807999999999996,0.028930043207710563,,,,,,,,,8.33314948179759,0.045339577718906836,0.0,0.0,0.0,0.0,243.0,0.0,0.3439024390243902,0.012764486559437058,0.0,0.0,0.5793964028358459,0.0030772952831245423
mnist,PU-R,0.3,0.0,244,5,248.0,0.0,2127.4,57.91165685766554,2375.4,57.91165685766554,0.5009220713051036,0.011643920353889725,0.37182000000000004,0.026561219851505308,,,,,,,,,8.427212676405906,0.045457843872587916,0.0,0.0,0.0,0.0,245.0,0.0,0.3435483870967742,0.012519495722790342,0.0,0.0,0.579045569896698,0.0035196743064200464
mnist,PU-R,0.3,0.0,246,5,250.0,0.0,2119.8,57.23932214832737,2369.8,57.23932214832737,0.4997976428479888,0.011508308121022897,0.36562,0.026699052417642092,,,,,,,,,8.52022750499891,0.0456097407883768,0.0,0.0,0.0,0.0,247.0,0.0,0.3424,0.01217209924376235,0.0,0.0,0.5789696574211121,0.0017850031630369896
mnist,PU-R,0.3,0.0,248,5,252.0,0.0,2117.6,59.16637558613846,2369.6,59.16637558613846,0.4997555615962483,0.01189791652732843,0.36239999999999994,0.027336111647416134,,,,,,,,,8.615847739821765,0.045606491350921374,0.0,0.0,0.0,0.0,249.0,0.0,0.3412698412698413,0.012548720873684041,0.0,0.0,0.5783860921859741,0.00150306695214691
mnist,PU-R,0.3,0.0,250,5,254.0,0.0,2109.8,53.61100633265523,2363.8,53.61100633265523,0.4985954390023835,0.010778556243535761,0.36152,0.02504404919337126,,,,,,,,,8.711255722201894,0.045701839184981594,0.0,0.0,0.0,0.0,251.0,0.0,0.3401574803149606,0.012610722344918869,0.0,0.0,0.5768304347991944,0.0016689666192059621
mnist,PU-R,0.3,0.0,252,5,256.0,0.0,2104.2,50.45929052216251,2360.2,50.45929052216251,0.4978747731191106,0.010145025514843751,0.35971999999999993,0.02346493980388614,,,,,,,,,8.809080600820016,0.045906662302412846,0.0,0.0,0.0,0.0,253.0,0.0,0.33984375,0.012777677526403223,0.0,0.0,0.5764774322509766,0.0014596367617510074
mnist,PU-R,0.3,0.0,254,5,258.0,0.0,2106.8,52.22394087006457,2364.8,52.22394087006457,0.49879761253250765,0.01050079094969867,0.36256000000000005,0.023625867179851823,,,,,,,,,8.907229462394024,0.045980678410242226,0.0,0.0,0.0,0.0,255.0,0.0,0.34108527131782945,0.013029252956567136,0.0,0.0,0.5747836470603943,0.0021253934164661313
mnist,PU-R,0.3,0.0,256,5,260.0,0.0,2104.0,54.28535714168232,2364.0,54.28535714168232,0.4986350123188458,0.01091496896598158,0.36344,0.025110308640078488,,,,,,,,,9.006067765003536,0.046107589278564315,0.0,0.0,0.0,0.0,257.0,0.0,0.34076923076923077,0.012906124411971165,0.0,0.0,0.5753729820251465,0.0021883027768003598
mnist,PU-R,0.3,0.0,258,5,262.0,0.0,2095.2,57.55032580272678,2357.2,57.55032580272678,0.4972654273849912,0.011569920339771706,0.36301999999999995,0.025677721861567093,,,,,,,,,9.105613685015124,0.04639523050072557,0.0,0.0,0.0,0.0,259.0,0.0,0.34045801526717556,0.011911821781929193,0.0,0.0,0.5750105857849122,0.002384233687813779
mnist,PU-R,0.3,0.0,26,5,30.0,0.0,2352.0,44.901002215986225,2382.0,44.901002215986225,0.5022591665387154,0.009020532299840602,0.41762,0.021887768273627182,,,,,,,,,0.6759515260113403,0.00887677249121508,0.0,0.0,0.0,0.0,27.0,0.0,0.3333333333333333,0.01825741858350554,0.0,0.0,0.578374695777893,0.010176868587280582
mnist,PU-R,0.3,0.0,260,5,264.0,0.0,2096.0,52.33832247980441,2360.0,52.33832247980441,0.49783295691013335,0.010522222663574918,0.36124,0.023065810196045578,,,,,,,,,9.205851988610812,0.04664802996919157,0.0,0.0,0.0,0.0,261.0,0.0,0.34090909090909094,0.011797281441210181,0.0,0.0,0.5755821704864502,0.0017139373895111222
mnist,PU-R,0.3,0.0,262,5,266.0,0.0,2118.6,51.75770474045386,2384.6,51.75770474045386,0.5027758246054873,0.010404048528501847,0.36834,0.024114199136608287,,,,,,,,,9.305164868209976,0.04699293957176925,0.0,0.0,0.0,0.0,263.0,0.0,0.3390977443609023,0.012088673075799647,0.0,0.0,0.5781347751617432,0.002186916631813602
mnist,PU-R,0.3,0.0,264,5,268.0,0.0,2107.2,56.78503323940208,2375.2,56.78503323940208,0.5008829877595418,0.01141458513224768,0.36463999999999996,0.02396945139130221,,,,,,,,,9.406852802401408,0.046955875275625995,0.0,0.0,0.0,0.0,265.0,0.0,0.33955223880597013,0.011440081878176044,0.0,0.0,0.5772237539291382,0.0025629459675291003
mnist,PU-R,0.3,0.0,266,5,270.0,0.0,2091.2,51.268313801021385,2361.2,51.268313801021385,0.4980750358314253,0.010308104876340846,0.36063999999999996,0.021024476212262683,,,,,,,,,9.50855374020757,0.047082384540977254,0.0,0.0,0.0,0.0,267.0,0.0,0.34,0.010949441110440347,0.0,0.0,0.5754641890525818,0.0021883604831379284
mnist,PU-R,0.3,0.0,268,5,272.0,0.0,2094.8,49.724641778498516,2366.8,49.724641778498516,0.49920163981150834,0.009995502939294219,0.3601,0.022349317662962328,,,,,,,,,9.611834656796418,0.04729369462512268,0.0,0.0,0.0,0.0,269.0,0.0,0.3382352941176471,0.010591809037417592,0.0,0.0,0.5752395510673523,0.001966860944881885
mnist,PU-R,0.3,0.0,270,5,274.0,0.0,2086.0,47.05847426340977,2360.0,47.05847426340977,0.49783738267142325,0.009457587075926716,0.35946,0.02168535450482653,,,,,,,,,9.713018120417837,0.047410112711200866,0.0,0.0,0.0,0.0,271.0,0.0,0.34014598540145985,0.010153596892878508,0.0,0.0,0.5758469581604004,0.0023800821440102633
mnist,PU-R,0.3,0.0,272,5,276.0,0.0,2078.6,44.64818025407082,2354.6,44.64818025407082,0.4967539853882045,0.008976281137686403,0.35533999999999993,0.02060091260114463,,,,,,,,,9.814802802412306,0.04745963116587699,0.0,0.0,0.0,0.0,273.0,0.0,0.33985507246376817,0.009265733226481465,0.0,0.0,0.5757182478904724,0.0021686813776629374
mnist,PU-R,0.3,0.0,274,5,278.0,0.0,2091.6,47.77509811606879,2369.6,47.77509811606879,0.49976581763476136,0.009607675171025185,0.36206,0.023957203509591865,,,,,,,,,9.917440899799113,0.047566266013461964,0.0,0.0,0.0,0.0,275.0,0.0,0.3410071942446043,0.00940769556159858,0.0,0.0,0.575110387802124,0.0019861235932006876
mnist,PU-R,0.3,0.0,276,5,280.0,0.0,2078.4,49.64433502425025,2358.4,49.64433502425025,0.49751370574813336,0.009986470700229197,0.35814,0.024773929845706765,,,,,,,,,10.022427985002286,0.047715651932281444,0.0,0.0,0.0,0.0,277.0,0.0,0.3414285714285714,0.009819805060619661,0.0,0.0,0.5737218022346496,0.002226383756126006
mnist,PU-R,0.3,0.0,278,5,282.0,0.0,2078.2,50.74682256062935,2360.2,50.74682256062935,0.49787449614377693,0.01021173364860513,0.35754,0.02437540974014591,,,,,,,,,10.126083713606931,0.04772191819249126,0.0,0.0,0.0,0.0,279.0,0.0,0.34042553191489355,0.009711392863566778,0.0,0.0,0.5751018285751343,0.002438357725457006
mnist,PU-R,0.3,0.0,28,5,32.0,0.0,2338.2,41.27880812232834,2370.2,41.27880812232834,0.4998912359587848,0.008302826392821153,0.40796,0.02190631415825126,,,,,,,,,0.7266467772074975,0.009056611296189749,0.0,0.0,0.0,0.0,29.0,0.0,0.33125,0.02119478119726646,0.0,0.0,0.576861572265625,0.004996769468177934
mnist,PU-R,0.3,0.0,280,5,284.0,0.0,2078.6,45.679973730290165,2362.6,45.679973730290165,0.49836091764736923,0.009188285719885055,0.35485999999999995,0.022390145153616127,,,,,,,,,10.232172528409865,0.04786098885241347,0.0,0.0,0.0,0.0,281.0,0.0,0.3401408450704225,0.010180867813240112,0.0,0.0,0.5768028378486634,0.0022282947311632302
mnist,PU-R,0.3,0.0,282,5,286.0,0.0,2073.0,50.431141172890385,2359.0,50.431141172890385,0.49763362042140213,0.010145532199959484,0.35472000000000004,0.021703442123313058,,,,,,,,,10.338274249015376,0.04793322636532455,0.0,0.0,0.0,0.0,283.0,0.0,0.33986013986013985,0.00991429851661387,0.0,0.0,0.5773120999336243,0.0021616998604742756
mnist,PU-R,0.3,0.0,284,5,288.0,0.0,2068.4,43.37003573897535,2356.4,43.37003573897535,0.49711668184027075,0.008724264067657327,0.35196,0.021248872911286368,,,,,,,,,10.446722868003416,0.04803982273012276,0.0,0.0,0.0,0.0,285.0,0.0,0.33819444444444446,0.009672491859155636,0.0,0.0,0.5798258781433105,0.0024224769443953152
mnist,PU-R,0.3,0.0,286,5,290.0,0.0,2072.4,46.88987097444393,2362.4,46.88987097444393,0.4983197798021138,0.009433259913357412,0.35575999999999997,0.022757912909579372,,,,,,,,,10.553013599803672,0.04832559823357,0.0,0.0,0.0,0.0,287.0,0.0,0.33793103448275863,0.010287195786328482,0.0,0.0,0.578739321231842,0.002198970214198164
mnist,PU-R,0.3,0.0,288,5,292.0,0.0,2064.2,40.79754894598449,2356.2,40.79754894598449,0.49707830902189015,0.008207177649352233,0.3519,0.02163804519821511,,,,,,,,,10.660732852795627,0.04853063348602281,0.0,0.0,0.0,0.0,289.0,0.0,0.336986301369863,0.009842539632328704,0.0,0.0,0.5761774778366089,0.0018417685464331838
mnist,PU-R,0.3,0.0,290,5,294.0,0.0,2058.4,43.264997399745674,2352.4,43.264997399745674,0.4963128225295804,0.00870308272761188,0.34968000000000005,0.021315379424256094,,,,,,,,,10.769016261410433,0.04881900169404044,0.0,0.0,0.0,0.0,291.0,0.0,0.336734693877551,0.009438392466334426,0.0,0.0,0.5747742772102356,0.002056565055581828
mnist,PU-R,0.3,0.0,292,5,296.0,0.0,2045.6,39.53428891481419,2341.6,39.53428891481419,0.4941444562282413,0.007955068832757477,0.34576,0.020951410453714087,,,,,,,,,10.879593119421042,0.04854608667781433,0.0,0.0,0.0,0.0,293.0,0.0,0.3358108108108108,0.010168862799521906,0.0,0.0,0.5751716494560242,0.0022450043832878673
mnist,PU-R,0.3,0.0,294,5,298.0,0.0,2043.2,42.29113382258745,2341.2,42.29113382258745,0.4940621419344097,0.008508997004966021,0.34215999999999996,0.01978268434768143,,,,,,,,,10.988565756194294,0.04847919401496164,0.0,0.0,0.0,0.0,295.0,0.0,0.3342281879194631,0.00970257200993353,0.0,0.0,0.576150631904602,0.0018041977542501708
mnist,PU-R,0.3,0.0,296,5,300.0,0.0,2047.2,38.49077811632287,2347.2,38.49077811632288,0.495270893862471,0.007742805790265969,0.34190000000000004,0.0185346971920234,,,,,,,,,11.099291445012204,0.04847117463582799,0.0,0.0,0.0,0.0,297.0,0.0,0.33533333333333337,0.009809292646374774,0.0,0.0,0.575110912322998,0.0018059712831450863
mnist,PU-R,0.3,0.0,298,5,302.0,0.0,2061.6,38.65953957304717,2363.6,38.65953957304717,0.49856685153208674,0.00777619478773371,0.3496,0.018300355187809873,,,,,,,,,11.210938868601806,0.04840330724403668,0.0,0.0,0.0,0.0,299.0,0.0,0.3370860927152318,0.009389037668051537,0.0,0.0,0.5760324478149415,0.00144736065447368
mnist,PU-R,0.3,0.0,30,5,34.0,0.0,2304.4,44.82253897315501,2338.4,44.82253897315501,0.493497388868127,0.009009322751277152,0.39688,0.025269139280949014,,,,,,,,,0.7788035486242734,0.009494617810306806,0.0,0.0,0.0,0.0,31.0,0.0,0.3235294117647059,0.016109486985446054,0.0,0.0,0.576834785938263,0.00475771431870122
mnist,PU-R,0.3,0.0,300,5,304.0,0.0,2052.6,39.543140998155415,2356.6,39.543140998155415,0.49715954568237064,0.007955657872380601,0.3479,0.018677713992884686,,,,,,,,,11.324495950806886,0.04857780702205756,0.0,0.0,0.0,0.0,301.0,0.0,0.3375,0.009511073878158527,0.0,0.0,0.5752264738082886,0.0016987552161730835
mnist,PU-R,0.3,0.0,302,5,306.0,0.0,2048.8,34.795689388198646,2354.8,34.795689388198646,0.49680076334625484,0.006998044595531426,0.34565999999999997,0.016903449352129278,,,,,,,,,11.436467231216374,0.04864953753832871,0.0,0.0,0.0,0.0,303.0,0.0,0.3359477124183007,0.009208498564447954,0.0,0.0,0.5769345879554748,0.001249509109331865
mnist,PU-R,0.3,0.0,304,5,308.0,0.0,2048.8,32.982419559516856,2356.8,32.982419559516856,0.4972037529805675,0.006633532229919993,0.3473,0.017452220489095355,,,,,,,,,11.551380944205448,0.04883453109678243,0.0,0.0,0.0,0.0,305.0,0.0,0.33766233766233766,0.009009374626955583,0.0,0.0,0.5761160969734191,0.001926598071633126
mnist,PU-R,0.3,0.0,306,5,310.0,0.0,2043.6,35.41835682241626,2353.6,35.41835682241626,0.4965592128573917,0.007123700967716666,0.34398,0.017288128875040224,,,,,,,,,11.666280538414139,0.048848353918893785,0.0,0.0,0.0,0.0,307.0,0.0,0.33612903225806445,0.008559031717046202,0.0,0.0,0.5790348768234252,0.0033292747318173234
mnist,PU-R,0.3,0.0,308,5,312.0,0.0,2058.2,34.367717410383825,2370.2,34.367717410383825,0.4998956403927878,0.006910953548505284,0.3489,0.019991723287400707,,,,,,,,,11.782925511617213,0.04901664885501836,0.0,0.0,0.0,0.0,309.0,0.0,0.3352564102564103,0.008019228207177442,0.0,0.0,0.5797466278076172,0.0020279914444273025
mnist,PU-R,0.3,0.0,310,5,314.0,0.0,2057.8,41.12225674741113,2371.8,41.12225674741113,0.5002128113876096,0.00826966365972334,0.34988,0.020533786791529705,,,,,,,,,11.89876259440789,0.04920924452440696,0.0,0.0,0.0,0.0,311.0,0.0,0.33439490445859865,0.007865661805878004,0.0,0.0,0.5766453146934509,0.0015946657055889068
mnist,PU-R,0.3,0.0,312,5,316.0,0.0,2052.6,36.995405120095654,2368.6,36.995405120095654,0.4995725919492543,0.007438219906943502,0.34965999999999997,0.02030395527969859,,,,,,,,,12.018225019006058,0.04899735996110207,0.0,0.0,0.0,0.0,313.0,0.0,0.33354430379746836,0.007528719780614127,0.0,0.0,0.5738189339637756,0.0024252776349959347
mnist,PU-R,0.3,0.0,314,5,318.0,0.0,2050.8,39.52897671329223,2368.8,39.52897671329223,0.49961114951875063,0.007946255930119356,0.34788,0.01957420241031547,,,,,,,,,12.13734542381717,0.048897376477688416,0.0,0.0,0.0,0.0,315.0,0.0,0.3333333333333333,0.0068174476065027655,0.0,0.0,0.5739712238311767,0.0022096088369960897
mnist,PU-R,0.3,0.0,316,5,320.0,0.0,2054.0,43.70354676682431,2374.0,43.70354676682431,0.5006529735284857,0.008784595487581962,0.3484,0.020733330653804744,,,,,,,,,12.258412243204656,0.048791408074240365,0.0,0.0,0.0,0.0,317.0,0.0,0.335,0.006510208329999891,0.0,0.0,0.5745343089103698,0.0017707343607783303
mnist,PU-R,0.3,0.0,318,5,322.0,0.0,2047.6,34.518980286213555,2369.6,34.518980286213555,0.4997750054812059,0.0069394243501737915,0.34628000000000003,0.019042331789988338,,,,,,,,,12.37843414080562,0.04876231037312602,0.0,0.0,0.0,0.0,319.0,0.0,0.3347826086956522,0.006394801329805592,0.0,0.0,0.5747264623641968,0.0015269289805203857
mnist,PU-R,0.3,0.0,32,5,36.0,0.0,2255.2,58.27812625676979,2291.2,58.27812625676979,0.4839913391275331,0.011727531527164367,0.37593999999999994,0.028800548605885955,,,,,,,,,0.8311981914099306,0.01037761870508928,0.0,0.0,0.0,0.0,33.0,0.0,0.3111111111111111,0.016197088596792492,0.0,0.0,0.5671327233314514,0.005231155759603553
mnist,PU-R,0.3,0.0,320,5,324.0,0.0,2047.2,34.251131368175265,2371.2,34.251131368175265,0.5000966289662756,0.0068844571521550196,0.34402,0.017684496034662663,,,,,,,,,12.499894581199623,0.04878683720585786,0.0,0.0,0.0,0.0,321.0,0.0,0.33395061728395065,0.0062799351695604294,0.0,0.0,0.5734474420547485,0.0017944258870589444
mnist,PU-R,0.3,0.0,322,5,326.0,0.0,2040.4,32.28560050548851,2366.4,32.28560050548851,0.4991332976380363,0.006488810272462708,0.3447,0.01850697165935043,,,,,,,,,12.621147322002798,0.048742946711987735,0.0,0.0,0.0,0.0,323.0,0.0,0.3337423312883436,0.006954468741567261,0.0,0.0,0.5724584102630615,0.0021188012996452145
mnist,PU-R,0.3,0.0,324,5,328.0,0.0,2045.4,39.35428820344741,2373.4,39.35428820344741,0.5005354702239856,0.007909944177157504,0.34306000000000003,0.019028678356627932,,,,,,,,,12.744327657611574,0.04854987988571402,0.0,0.0,0.0,0.0,325.0,0.0,0.33292682926829265,0.007430522931069471,0.0,0.0,0.5719148874282837,0.002016459397167359
mnist,PU-R,0.3,0.0,326,5,330.0,0.0,2042.4,41.796650583509674,2372.4,41.796650583509674,0.5003328913939186,0.008403431323983636,0.34464000000000006,0.019684704722194836,,,,,,,,,12.867106109205633,0.048806347745532615,0.0,0.0,0.0,0.0,327.0,0.0,0.333939393939394,0.0073854894587599695,0.0,0.0,0.5735758543014526,0.0019504421511863446
mnist,PU-R,0.3,0.0,328,5,332.0,0.0,2035.0,44.24703379888871,2367.0,44.24703379888871,0.49924616134958344,0.00889245985966907,0.34284000000000003,0.022159007197977063,,,,,,,,,12.992246995819732,0.048810165242567545,0.0,0.0,0.0,0.0,329.0,0.0,0.3349397590361446,0.006557693089481095,0.0,0.0,0.5734456300735473,0.001590924192659213
mnist,PU-R,0.3,0.0,330,5,334.0,0.0,2033.0,47.04147106543331,2367.0,47.04147106543331,0.49924400488380344,0.00945778849895506,0.34219999999999995,0.023309483048750766,,,,,,,,,13.117983394209295,0.0485369386141149,0.0,0.0,0.0,0.0,331.0,0.0,0.33592814371257484,0.006518425466190794,0.0,0.0,0.5735201239585876,0.0013193871040649066
mnist,PU-R,0.3,0.0,332,5,336.0,0.0,2028.0,45.211724143191,2364.0,45.211724143191,0.49864261493785306,0.00908957087614,0.33940000000000003,0.023839735736790376,,,,,,,,,13.245359461999033,0.04850830454636982,0.0,0.0,0.0,0.0,333.0,0.0,0.33630952380952384,0.006979785356880099,0.0,0.0,0.575989031791687,0.0014879432353938264
mnist,PU-R,0.3,0.0,334,5,338.0,0.0,2029.6,50.52682455884201,2367.6,50.52682455884201,0.4993616981199011,0.010158962048100207,0.34086,0.025672506694906134,,,,,,,,,13.370353938406334,0.04854357653533792,0.0,0.0,0.0,0.0,335.0,0.0,0.3343195266272189,0.00693848485180981,0.0,0.0,0.5756890058517456,0.0009428812124059351
mnist,PU-R,0.3,0.0,336,5,340.0,0.0,2031.2,49.91632999329978,2371.2,49.91632999329978,0.5000855347374454,0.010034758092015142,0.34193999999999997,0.025844895047184853,,,,,,,,,13.497824876208323,0.04853323337626582,0.0,0.0,0.0,0.0,337.0,0.0,0.33705882352941174,0.006483943436779005,0.0,0.0,0.5763211488723755,0.0022835802617820374
mnist,PU-R,0.3,0.0,338,5,342.0,0.0,2036.8,51.71498815623958,2378.8,51.71498815623958,0.5016108229290694,0.01039378794313604,0.34679999999999994,0.027043723856007697,,,,,,,,,13.626782308216207,0.048382865308104955,0.0,0.0,0.0,0.0,339.0,0.0,0.33742690058479535,0.006577322736375437,0.0,0.0,0.5767323493957519,0.002270637939585959
mnist,PU-R,0.3,0.0,34,5,38.0,0.0,2231.0,51.434424270132546,2269.0,51.434424270132546,0.4795288827852346,0.01035151511522973,0.37472,0.025863650167754743,,,,,,,,,0.8836099820211529,0.011124601362841808,0.0,0.0,0.0,0.0,35.0,0.0,0.32105263157894737,0.022637698071164808,0.0,0.0,0.570085346698761,0.006331647228812098
mnist,PU-R,0.3,0.0,340,5,344.0,0.0,2035.8,52.46751375851537,2379.8,52.46751375851537,0.5018110481905751,0.010542181618633762,0.34362000000000004,0.027215701350507212,,,,,,,,,13.757807303208391,0.04840018154297864,0.0,0.0,0.0,0.0,341.0,0.0,0.3377906976744186,0.007025026728834056,0.0,0.0,0.5732799530029297,0.003375626484893763
mnist,PU-R,0.3,0.0,342,5,346.0,0.0,2027.8,46.986593832709346,2373.8,46.986593832709346,0.5006102945888415,0.009441785598455222,0.34224,0.024162752326670072,,,,,,,,,13.886979322007392,0.04802916294405914,0.0,0.0,0.0,0.0,343.0,0.0,0.338150289017341,0.006778057456392243,0.0,0.0,0.5727164626121521,0.0024821672645619157
mnist,PU-R,0.3,0.0,344,5,348.0,0.0,2022.4,42.41532741828123,2370.4,42.41532741828123,0.4999306348268874,0.008525396517594598,0.34152000000000005,0.023116301607307335,,,,,,,,,14.019136464595794,0.04783128667586138,0.0,0.0,0.0,0.0,345.0,0.0,0.33735632183908043,0.007303600590309677,0.0,0.0,0.573017954826355,0.0024695274642947255
mnist,PU-R,0.3,0.0,346,5,350.0,0.0,2018.2,46.929095452608074,2368.2,46.929095452608074,0.49948521580081434,0.00943301984129604,0.34248,0.024193788459023945,,,,,,,,,14.151344473205972,0.04773229694386688,0.0,0.0,0.0,0.0,347.0,0.0,0.3365714285714286,0.007580856663669482,0.0,0.0,0.5743085145950317,0.00249448337069513
mnist,PU-R,0.3,0.0,348,5,352.0,0.0,2024.6,47.13024506619926,2376.6,47.13024506619926,0.5011726891971193,0.009471937650597902,0.34551999999999994,0.02423432276751302,,,,,,,,,14.28550898040412,0.04754966870458881,0.0,0.0,0.0,0.0,349.0,0.0,0.3380681818181818,0.00735351085542317,0.0,0.0,0.5734544515609741,0.0026363722218067853
mnist,PU-R,0.3,0.0,350,5,354.0,0.0,2024.8,47.15124600686603,2378.8,47.15124600686603,0.5016146256704814,0.009474476282119233,0.34322,0.023487217800327056,,,,,,,,,14.419414128607604,0.047441905285203756,0.0,0.0,0.0,0.0,351.0,0.0,0.3378531073446328,0.006779661016949158,0.0,0.0,0.5730631113052368,0.0029178397705651596
mnist,PU-R,0.3,0.0,352,5,356.0,0.0,2031.4,49.39291447161222,2387.4,49.39291447161222,0.5033402372384443,0.009921200917976497,0.34396000000000004,0.023530631100758866,,,,,,,,,14.554635598196182,0.04733408072591895,0.0,0.0,0.0,0.0,353.0,0.0,0.3382022471910112,0.006682796209758607,0.0,0.0,0.5742448210716248,0.002668145098667513
mnist,PU-R,0.3,0.0,354,5,358.0,0.0,1996.4,39.050736228655154,2354.4,39.050736228655154,0.4967177371494472,0.007849273131588999,0.33741999999999994,0.019935129796417178,,,,,,,,,14.690394469024614,0.04716568957868297,0.0,0.0,0.0,0.0,355.0,0.0,0.33798882681564246,0.006842150119506086,0.0,0.0,0.5731216549873352,0.0010807536515108282
mnist,PU-R,0.3,0.0,356,5,360.0,0.0,1998.8,41.273962736815086,2358.8,41.273962736815086,0.4976005200180225,0.008297244125853946,0.33662000000000003,0.02051785563844331,,,,,,,,,14.827896260609851,0.047082600368684654,0.0,0.0,0.0,0.0,357.0,0.0,0.3377777777777778,0.007484551991837488,0.0,0.0,0.5700363516807556,0.0009100903054733902
mnist,PU-R,0.3,0.0,358,5,362.0,0.0,2006.8,43.641035734730224,2368.8,43.641035734730224,0.49960827860049906,0.008770481796733934,0.3362,0.020217319307959704,,,,,,,,,14.964606753212866,0.04687848554272722,0.0,0.0,0.0,0.0,359.0,0.0,0.33646408839779,0.007277314846585355,0.0,0.0,0.5688586473464966,0.0019515677442271794
mnist,PU-R,0.3,0.0,36,5,40.0,0.0,2235.0,54.240206489282464,2275.0,54.240206489282464,0.4807343616266735,0.010916477618593616,0.37550000000000006,0.0258053482828657,,,,,,,,,0.9358147708117031,0.011864805435341366,0.0,0.0,0.0,0.0,37.0,0.0,0.31500000000000006,0.030207614933986424,0.0,0.0,0.5805629134178162,0.006221146969278048
mnist,PU-R,0.3,0.0,360,5,364.0,0.0,1997.0,40.245496642481626,2361.0,40.245496642481626,0.49804334146901963,0.008089381654822156,0.33422,0.01879974467911732,,,,,,,,,15.104176310217008,0.04666035817125507,0.0,0.0,0.0,0.0,361.0,0.0,0.33571428571428574,0.006695636047776895,0.0,0.0,0.5705494165420533,0.0011581119861681364
mnist,PU-R,0.3,0.0,362,5,366.0,0.0,1997.2,44.991554763088594,2363.2,44.99155476308859,0.49848203132860364,0.009043349826565532,0.33318000000000003,0.019306770833052326,,,,,,,,,15.243865320202895,0.046529129843732864,0.0,0.0,0.0,0.0,363.0,0.0,0.33497267759562843,0.006500206149382687,0.0,0.0,0.5703595519065857,0.0016103953197631686
mnist,PU-R,0.3,0.0,364,5,368.0,0.0,1998.0,40.586943713465296,2366.0,40.586943713465296,0.49904783352976667,0.0081592596187361,0.33714000000000005,0.01872545326554207,,,,,,,,,15.386035675008316,0.046307820207763306,0.0,0.0,0.0,0.0,365.0,0.0,0.33478260869565213,0.007362074556600036,0.0,0.0,0.5714619278907775,0.0010787253435348065
mnist,PU-R,0.3,0.0,366,5,370.0,0.0,1983.4,44.76784560373661,2353.4,44.76784560373661,0.4965127073228359,0.0090027672176603,0.33414,0.020161512840062387,,,,,,,,,15.52664837600896,0.045932552691044355,0.0,0.0,0.0,0.0,367.0,0.0,0.3345945945945946,0.008303941349047146,0.0,0.0,0.5709386229515075,0.0015692870294082262
mnist,PU-R,0.3,0.0,368,5,372.0,0.0,1981.0,37.206182281981036,2353.0,37.206182281981036,0.4964375348878093,0.007480118134434366,0.32832000000000006,0.019065345525324212,,,,,,,,,15.66850494100945,0.04586538180937516,0.0,0.0,0.0,0.0,369.0,0.0,0.3344086021505376,0.007439974464031215,0.0,0.0,0.5729092836380005,0.0019993751826558877
mnist,PU-R,0.3,0.0,370,5,374.0,0.0,1983.8,38.796133827998894,2357.8,38.79613382799889,0.49740122113144025,0.007799199569224579,0.33276000000000006,0.018426681741431358,,,,,,,,,15.810964466212317,0.04591608672153569,0.0,0.0,0.0,0.0,371.0,0.0,0.3342245989304813,0.007749399329513066,0.0,0.0,0.5730198383331299,0.0020141969374762037
mnist,PU-R,0.3,0.0,372,5,376.0,0.0,1986.8,35.79580981064683,2362.8,35.79580981064683,0.498407900868915,0.007194999642982325,0.3339,0.0182339518481321,,,,,,,,,15.955672795011196,0.04557920706013603,0.0,0.0,0.0,0.0,373.0,0.0,0.3351063829787234,0.006728250340783785,0.0,0.0,0.5722020149230957,0.0021302709306458474
mnist,PU-R,0.3,0.0,374,5,378.0,0.0,1990.8,38.15809219549636,2368.8,38.15809219549635,0.499612051458098,0.0076675092375734916,0.33598,0.01870952698493471,,,,,,,,,16.098754769400692,0.04542480925520099,0.0,0.0,0.0,0.0,375.0,0.0,0.33544973544973544,0.006447649527488855,0.0,0.0,0.572162389755249,0.003156700135678756
mnist,PU-R,0.3,0.0,376,5,380.0,0.0,1993.8,42.8665370656413,2373.8,42.8665370656413,0.5006134113878943,0.008611866046679241,0.33586,0.019119351453435865,,,,,,,,,16.245530209003483,0.044955340312380875,0.0,0.0,0.0,0.0,377.0,0.0,0.3357894736842105,0.006092545738310642,0.0,0.0,0.5722855210304261,0.0026962503839999628
mnist,PU-R,0.3,0.0,378,5,382.0,0.0,1986.2,37.6555440805202,2368.2,37.655544080520194,0.4994918157113716,0.007567143327162026,0.33282,0.01748317476890281,,,,,,,,,16.391899134009144,0.04466063658815898,0.0,0.0,0.0,0.0,379.0,0.0,0.33560209424083765,0.006105708790413922,0.0,0.0,0.5723058462142945,0.0022996496715343975
mnist,PU-R,0.3,0.0,38,5,42.0,0.0,2247.4,31.535059854073527,2289.4,31.535059854073527,0.48364935426507144,0.006345824194269458,0.38164,0.01688939312112783,,,,,,,,,0.9882901384145952,0.012125868693197926,0.0,0.0,0.0,0.0,39.0,0.0,0.319047619047619,0.024513405097588096,0.0,0.0,0.5763678789138794,0.0019644018793297377
mnist,PU-R,0.3,0.0,380,5,384.0,0.0,1975.0,34.071982625024916,2359.0,34.071982625024916,0.49764528205851094,0.006846749398308364,0.33164,0.016603270762111894,,,,,,,,,16.54117221761262,0.04445319504562778,0.0,0.0,0.0,0.0,381.0,0.0,0.33541666666666664,0.006184553170332243,0.0,0.0,0.5717919349670411,0.0012283933052492015
mnist,PU-R,0.3,0.0,382,5,386.0,0.0,1972.4,35.861678711404466,2358.4,35.861678711404466,0.4975236514233984,0.007206393825651637,0.33308000000000004,0.017397367616970093,,,,,,,,,16.69074044361478,0.044869782824243115,0.0,0.0,0.0,0.0,383.0,0.0,0.3362694300518135,0.006260645582173354,0.0,0.0,0.5715162277221679,0.0022416174546726936
mnist,PU-R,0.3,0.0,384,5,388.0,0.0,1976.4,29.539126595077246,2364.4,29.539126595077246,0.4987328546354547,0.005933666470278565,0.33166,0.014828135418858305,,,,,,,,,16.839524872996844,0.044802177802878,0.0,0.0,0.0,0.0,385.0,0.0,0.3365979381443299,0.006131637759469236,0.0,0.0,0.571087908744812,0.0019669125175587722
mnist,PU-R,0.3,0.0,386,5,390.0,0.0,1979.6,33.23642580061821,2369.6,33.23642580061821,0.499775745451916,0.006676112079227614,0.33586,0.015614179453304606,,,,,,,,,16.989534448413178,0.04456097284494297,0.0,0.0,0.0,0.0,387.0,0.0,0.33794871794871795,0.005641025641025642,0.0,0.0,0.5710785865783692,0.0014416868278714417
mnist,PU-R,0.3,0.0,388,5,392.0,0.0,1981.8,38.8708116714843,2373.8,38.8708116714843,0.5006161614554003,0.007805389024737192,0.33324,0.015653389409326014,,,,,,,,,17.14136779521359,0.04401607123367499,0.0,0.0,0.0,0.0,389.0,0.0,0.33724489795918366,0.005612244897959193,0.0,0.0,0.5707529306411743,0.0019189516340067066
mnist,PU-R,0.3,0.0,390,5,394.0,0.0,1972.2,35.5505274222479,2366.2,35.550527422247896,0.4990912537439726,0.00714288297035865,0.33128,0.014581063061382047,,,,,,,,,17.29181087760953,0.04401987974839269,0.0,0.0,0.0,0.0,391.0,0.0,0.3375634517766498,0.005843078392498145,0.0,0.0,0.5723278403282166,0.0025789595469391993
mnist,PU-R,0.3,0.0,392,5,396.0,0.0,1957.0,39.221167754160504,2353.0,39.221167754160504,0.496436245390214,0.007882875025952025,0.32999999999999996,0.015092812859106158,,,,,,,,,17.444884091010316,0.043994705846177484,0.0,0.0,0.0,0.0,393.0,0.0,0.3368686868686869,0.005451270996192655,0.0,0.0,0.5705251932144165,0.0011292965927630933
mnist,PU-R,0.3,0.0,394,5,398.0,0.0,1967.8,42.31240952722971,2365.8,42.31240952722971,0.4990064518759027,0.008503443639021875,0.33218000000000003,0.015902370892417254,,,,,,,,,17.59878400519956,0.04385951171645892,0.0,0.0,0.0,0.0,395.0,0.0,0.33668341708542715,0.005945808827235796,0.0,0.0,0.5714669585227966,0.0012159922986753836
mnist,PU-R,0.3,0.0,396,5,400.0,0.0,1966.4,43.37579970444349,2366.4,43.37579970444349,0.49912624872522426,0.008716126689568544,0.32880000000000004,0.01660521002577202,,,,,,,,,17.75569358980283,0.043672510074699133,0.0,0.0,0.0,0.0,397.0,0.0,0.33649999999999997,0.005159941860137565,0.0,0.0,0.5709723234176636,0.0016342883205252056
mnist,PU-R,0.3,0.0,398,5,402.0,0.0,1975.8,37.70994563772268,2377.8,37.709945637722676,0.5014204810140654,0.0075748138393048935,0.33149999999999996,0.0147647891959215,,,,,,,,,17.91113479300402,0.043247822932485684,0.0,0.0,0.0,0.0,399.0,0.0,0.33681592039800995,0.005483932259962336,0.0,0.0,0.5703489661216736,0.0020604140985323862
mnist,PU-R,0.3,0.0,4,5,8.0,0.0,2431.8,58.080461430673914,2439.8,58.080461430673914,0.513850927259773,0.011643961623469092,0.47021999999999997,0.036503306699530655,,,,,,,,,0.12846480500884355,0.0014752920961429376,0.0,0.0,0.0,0.0,5.0,0.0,0.35,0.06123724356957944,0.0,0.0,0.5780596137046814,0.012218416423188046
mnist,PU-R,0.3,0.0,40,5,44.0,0.0,2250.6,35.92714850917061,2294.6,35.92714850917061,0.4846933319233358,0.007230890889432408,0.38098,0.015400402592140242,,,,,,,,,1.040959707426373,0.013014961421086322,0.0,0.0,0.0,0.0,41.0,0.0,0.3227272727272727,0.028203803740888315,0.0,0.0,0.5776671171188354,0.007298718512681472
mnist,PU-R,0.3,0.0,400,5,404.0,0.0,1975.4,32.975142152839915,2379.4,32.975142152839915,0.5017447046702728,0.006622770809752602,0.33116,0.01391975574498346,,,,,,,,,18.068224069604184,0.04310025880273286,0.0,0.0,0.0,0.0,401.0,0.0,0.33712871287128715,0.0055015125670526835,0.0,0.0,0.5724537372589111,0.0018409194205860177
mnist,PU-R,0.3,0.0,402,5,406.0,0.0,1977.0,33.22499059443057,2383.0,33.22499059443057,0.5024677007459104,0.006672894048738839,0.33194,0.013329538626674214,,,,,,,,,18.226808258611708,0.04344488894508597,0.0,0.0,0.0,0.0,403.0,0.0,0.3359605911330049,0.005648938394669815,0.0,0.0,0.5720664143562317,0.001182114084360889
mnist,PU-R,0.3,0.0,404,5,408.0,0.0,1966.2,32.99302956686457,2374.2,32.99302956686457,0.5007000664831139,0.006627754265476666,0.32863999999999993,0.01362088837044046,,,,,,,,,18.38682648499962,0.04345358002525707,0.0,0.0,0.0,0.0,405.0,0.0,0.3348039215686275,0.005403286197315827,0.0,0.0,0.5690628528594971,0.001763839947750282
mnist,PU-R,0.3,0.0,406,5,410.0,0.0,1972.0,36.15936946352909,2382.0,36.15936946352909,0.502265126851853,0.007261120305074857,0.32824,0.012905719662227273,,,,,,,,,18.54736337120412,0.0428418563613738,0.0,0.0,0.0,0.0,407.0,0.0,0.3341463414634146,0.00539901063931186,0.0,0.0,0.5694583415985107,0.0012322363034612896
mnist,PU-R,0.3,0.0,408,5,412.0,0.0,1968.6,39.11342480530182,2380.6,39.11342480530182,0.5019820416462608,0.007852697267422812,0.32999999999999996,0.013335891421273649,,,,,,,,,18.710012797208037,0.04274148179095741,0.0,0.0,0.0,0.0,409.0,0.0,0.3339805825242718,0.004830036102459318,0.0,0.0,0.570343554019928,0.0017706432783113457
mnist,PU-R,0.3,0.0,410,5,414.0,0.0,1954.4,40.87737760669096,2368.4,40.87737760669096,0.4995298835681751,0.008209048217997993,0.32792000000000004,0.013747778002280947,,,,,,,,,18.873485497408545,0.042808234198551814,0.0,0.0,0.0,0.0,411.0,0.0,0.3333333333333333,0.005123962182511216,0.0,0.0,0.5691318511962891,0.0022818946616942146
mnist,PU-R,0.3,0.0,412,5,416.0,0.0,1953.4,39.54819844190125,2369.4,39.54819844190125,0.49973170408047735,0.007942176556589228,0.32888,0.013662371682837493,,,,,,,,,19.037852656014728,0.04263606699185808,0.0,0.0,0.0,0.0,413.0,0.0,0.3341346153846154,0.005321140293552561,0.0,0.0,0.5675454497337341,0.0019762581468440537
mnist,PU-R,0.3,0.0,414,5,418.0,0.0,1956.6,36.91287038418985,2374.6,36.91287038418985,0.5007781276246532,0.007413001539080796,0.32755999999999996,0.012659091594581336,,,,,,,,,19.198157851200087,0.04298128543407986,0.0,0.0,0.0,0.0,415.0,0.0,0.33301435406698565,0.005317251380596381,0.0,0.0,0.5694268107414245,0.0019108895827409525
mnist,PU-R,0.3,0.0,416,5,420.0,0.0,1954.4,36.509724731912186,2374.4,36.509724731912186,0.5007381964358502,0.007332176233257327,0.32624,0.012258939595250486,,,,,,,,,19.359789495018777,0.04285252910894379,0.0,0.0,0.0,0.0,417.0,0.0,0.33238095238095233,0.0054606404481808155,0.0,0.0,0.5694265484809875,0.002219830542948169
mnist,PU-R,0.3,0.0,418,5,422.0,0.0,1944.2,41.45527710678098,2366.2,41.45527710678098,0.49908743413398043,0.008327960400336416,0.32368,0.013415118337159755,,,,,,,,,19.52305617739912,0.04239125354111476,0.0,0.0,0.0,0.0,419.0,0.0,0.33175355450236965,0.004913848661925999,0.0,0.0,0.57117201089859,0.0019233091914692257
mnist,PU-R,0.3,0.0,42,5,46.0,0.0,2253.6,23.290770704294005,2299.6,23.290770704294005,0.4857057721586898,0.004686018311913395,0.37706,0.01762105558699592,,,,,,,,,1.0942487130174414,0.013434683559173736,0.0,0.0,0.0,0.0,43.0,0.0,0.32173913043478264,0.03180160617027781,0.0,0.0,0.5768427968025207,0.0048791788054290556
mnist,PU-R,0.3,0.0,420,5,424.0,0.0,1943.0,40.24301181571777,2367.0,40.24301181571777,0.49924900899641217,0.00808560534287892,0.32288000000000006,0.01520346670993165,,,,,,,,,19.687744191207457,0.04204409678480068,0.0,0.0,0.0,0.0,421.0,0.0,0.33160377358490567,0.005145618921997982,0.0,0.0,0.5719133377075195,0.002090616060068017
mnist,PU-R,0.3,0.0,422,5,426.0,0.0,1929.8,42.26393261399133,2355.8,42.26393261399133,0.4969969175173901,0.008491897967935709,0.31906,0.0150821948004924,,,,,,,,,19.85226676419843,0.042139563038375016,0.0,0.0,0.0,0.0,423.0,0.0,0.331924882629108,0.004787811749852376,0.0,0.0,0.5680464625358581,0.0018627002471785575
mnist,PU-R,0.3,0.0,424,5,428.0,0.0,1926.8,40.46652937922895,2354.8,40.46652937922895,0.49679719186387955,0.008129098638275914,0.31688,0.015015238925837974,,,,,,,,,20.019824693212286,0.04202713033900822,0.0,0.0,0.0,0.0,425.0,0.0,0.33084112149532713,0.004878647901360069,0.0,0.0,0.5677156448364258,0.002157209336321981
mnist,PU-R,0.3,0.0,426,5,430.0,0.0,1924.6,39.659299035661235,2354.6,39.659299035661235,0.4967575382208452,0.007967666225868062,0.31676000000000004,0.013202295254992596,,,,,,,,,20.186836916196626,0.041913653320861416,0.0,0.0,0.0,0.0,427.0,0.0,0.32976744186046514,0.004955180407595932,0.0,0.0,0.5690354466438293,0.0022301817304490037
mnist,PU-R,0.3,0.0,428,5,432.0,0.0,1925.8,41.39734290990184,2357.8,41.39734290990183,0.4973994811880402,0.008314334708669604,0.31478,0.015961184166596157,,,,,,,,,20.35651467840653,0.0412200658657769,0.0,0.0,0.0,0.0,429.0,0.0,0.3300925925925926,0.004664222611020805,0.0,0.0,0.5702595114707947,0.0016864215063971514
mnist,PU-R,0.3,0.0,430,5,434.0,0.0,1916.2,41.702997494185,2350.2,41.702997494185,0.49587177686626094,0.008377027206874714,0.3114199999999999,0.01566050446186202,,,,,,,,,20.524256717204118,0.040797804953378015,0.0,0.0,0.0,0.0,431.0,0.0,0.32903225806451614,0.004515188465959778,0.0,0.0,0.5700150012969971,0.0016216033678066676
mnist,PU-R,0.3,0.0,432,5,436.0,0.0,1911.0,40.300124069287925,2347.0,40.300124069287925,0.4952295158058405,0.008096479749422075,0.31236,0.015935011766547266,,,,,,,,,20.69466321481159,0.04027300354187131,0.0,0.0,0.0,0.0,433.0,0.0,0.3293577981651376,0.004621431577892176,0.0,0.0,0.5704214930534363,0.002603904565376934
mnist,PU-R,0.3,0.0,434,5,438.0,0.0,1911.8,37.71524890544937,2349.8,37.71524890544937,0.49579403635580094,0.007576849103970667,0.31327999999999995,0.014800587826164214,,,,,,,,,20.864760533394293,0.03993121264816977,0.0,0.0,0.0,0.0,435.0,0.0,0.32922374429223744,0.005074454513902476,0.0,0.0,0.5698251008987427,0.0017399333824345486
mnist,PU-R,0.3,0.0,436,5,440.0,0.0,1912.0,38.358832099009476,2352.0,38.358832099009476,0.4962358233635314,0.007705040235091878,0.31073999999999996,0.014720855953374443,,,,,,,,,21.037579503806775,0.040152153188988154,0.0,0.0,0.0,0.0,437.0,0.0,0.3290909090909091,0.005585548057929325,0.0,0.0,0.5712666034698486,0.002442633071691973
mnist,PU-R,0.3,0.0,438,5,442.0,0.0,1911.6,34.719735022030335,2353.6,34.719735022030335,0.4965596424182877,0.00697450731548879,0.3107,0.013824688061580256,,,,,,,,,21.21067695001839,0.03987548147387268,0.0,0.0,0.0,0.0,439.0,0.0,0.32895927601809954,0.005838682307947482,0.0,0.0,0.5705455541610718,0.0014405452760501926
mnist,PU-R,0.3,0.0,44,5,48.0,0.0,2225.8,38.8322031309067,2273.8,38.8322031309067,0.4805048879352398,0.007815853570538546,0.37332,0.023246879360464708,,,,,,,,,1.147848753607832,0.013810511799520774,0.0,0.0,0.0,0.0,45.0,0.0,0.3208333333333333,0.029166666666666667,0.0,0.0,0.5785929560661316,0.004251568968794767
mnist,PU-R,0.3,0.0,440,5,444.0,0.0,1906.0,35.54433850840384,2350.0,35.54433850840384,0.49583557578735055,0.007139654120711333,0.31124,0.013809800867499864,,,,,,,,,21.38505676840432,0.03990421237050575,0.0,0.0,0.0,0.0,441.0,0.0,0.3288288288288288,0.006001311979492893,0.0,0.0,0.5712774991989136,0.0024406746642122684
mnist,PU-R,0.3,0.0,442,5,446.0,0.0,1904.8,34.06816695978814,2350.8,34.06816695978814,0.49599724016152325,0.006842750259129169,0.31121999999999994,0.01351511746156873,,,,,,,,,21.56004867182346,0.040048129100805775,0.0,0.0,0.0,0.0,443.0,0.0,0.3286995515695067,0.006286029492769592,0.0,0.0,0.5708905816078186,0.00205882516716043
mnist,PU-R,0.3,0.0,444,5,448.0,0.0,1908.2,36.03803546254984,2356.2,36.03803546254984,0.4970814142609015,0.007236830625868134,0.31052,0.012934890799693684,,,,,,,,,21.736842639604582,0.039741748733881956,0.0,0.0,0.0,0.0,445.0,0.0,0.32901785714285714,0.006337084627936779,0.0,0.0,0.5703258991241456,0.0025650220448681926
mnist,PU-R,0.3,0.0,446,5,450.0,0.0,1910.4,34.526221918999475,2360.4,34.526221918999475,0.4979263730812818,0.00693320331287699,0.31106,0.012094362322999909,,,,,,,,,21.914735051023307,0.03968367814683669,0.0,0.0,0.0,0.0,447.0,0.0,0.3288888888888889,0.005921294486432987,0.0,0.0,0.570140826702118,0.0020348992053681745
mnist,PU-R,0.3,0.0,448,5,452.0,0.0,1906.6,32.62453064796488,2358.6,32.62453064796488,0.4975657122442499,0.006552494162841948,0.312,0.012282711427042485,,,,,,,,,22.092835276399274,0.03967621307552267,0.0,0.0,0.0,0.0,449.0,0.0,0.32964601769911506,0.005726627922807428,0.0,0.0,0.5690580248832703,0.0026576963486698328
mnist,PU-R,0.3,0.0,450,5,454.0,0.0,1904.8,33.785203862045876,2358.8,33.785203862045876,0.49760525732999666,0.006786031766766818,0.30984000000000006,0.01085696090073092,,,,,,,,,22.27227458701236,0.03959161651875735,0.0,0.0,0.0,0.0,451.0,0.0,0.3295154185022026,0.005684355903332136,0.0,0.0,0.5684146285057068,0.0017693176470505896
mnist,PU-R,0.3,0.0,452,5,456.0,0.0,1902.8,37.547836156029014,2358.8,37.547836156029014,0.4976030002697371,0.007543376565476785,0.3105,0.0117688996936842,,,,,,,,,22.45453780081589,0.03903898491105899,0.0,0.0,0.0,0.0,453.0,0.0,0.3285087719298246,0.005859819831529553,0.0,0.0,0.5688233375549316,0.0009090179309993913
mnist,PU-R,0.3,0.0,454,5,458.0,0.0,1897.2,32.014684130879694,2355.2,32.014684130879694,0.4968827326199971,0.006431640418195363,0.30842,0.01177906617690893,,,,,,,,,22.6360609308118,0.03866050745478543,0.0,0.0,0.0,0.0,455.0,0.0,0.32707423580786027,0.005834231098640782,0.0,0.0,0.5689846754074097,0.001700690850989706
mnist,PU-R,0.3,0.0,456,5,460.0,0.0,1896.4,39.66686274461341,2356.4,39.66686274461341,0.4971192976925522,0.007967876314138372,0.31028,0.013160562298017516,,,,,,,,,22.81976805741433,0.0387411703512537,0.0,0.0,0.0,0.0,457.0,0.0,0.32652173913043475,0.005726930379269342,0.0,0.0,0.569228982925415,0.0023008612147850504
mnist,PU-R,0.3,0.0,458,5,462.0,0.0,1896.0,36.05967276612476,2358.0,36.05967276612476,0.49744314916897564,0.00724270136165053,0.31264000000000003,0.012917840376781257,,,,,,,,,23.004259355005342,0.038592515676880705,0.0,0.0,0.0,0.0,459.0,0.0,0.32727272727272727,0.0062132900841590085,0.0,0.0,0.5696786046028137,0.002450232384374916
mnist,PU-R,0.3,0.0,46,5,50.0,0.0,2226.8,30.736623106645915,2276.8,30.736623106645915,0.48111358731985093,0.006188174541159495,0.36663999999999997,0.018012651109706207,,,,,,,,,1.2030690240091644,0.014105407561784064,0.0,0.0,0.0,0.0,47.0,0.0,0.316,0.029257477676655583,0.0,0.0,0.565298056602478,0.0034437624648394963
mnist,PU-R,0.3,0.0,460,5,464.0,0.0,1893.6,37.68899043487368,2357.6,37.68899043487368,0.49736175179714337,0.007569910552996729,0.31185999999999997,0.01245522380368976,,,,,,,,,23.189714946807364,0.0383941425508365,0.0,0.0,0.0,0.0,461.0,0.0,0.3280172413793103,0.006110968482223199,0.0,0.0,0.5675169348716735,0.0019910401788822193
mnist,PU-R,0.3,0.0,462,5,466.0,0.0,1887.4,38.86592337768395,2353.4,38.86592337768395,0.49651688140584155,0.007807348921390527,0.31408,0.013953186016103989,,,,,,,,,23.37474905840354,0.03821084220283367,0.0,0.0,0.0,0.0,463.0,0.0,0.32875536480686696,0.00585329686565917,0.0,0.0,0.5671840906143188,0.002318545539620217
mnist,PU-R,0.3,0.0,464,5,468.0,0.0,1883.6,41.231783856631765,2351.6,41.231783856631765,0.4961535007692873,0.00828379417343499,0.31204,0.015338989536472076,,,,,,,,,23.561216831009368,0.038232935964982964,0.0,0.0,0.0,0.0,465.0,0.0,0.32863247863247863,0.006424485631783295,0.0,0.0,0.5694042801856994,0.002621983149400173
mnist,PU-R,0.3,0.0,466,5,470.0,0.0,1888.0,42.02261296016705,2358.0,42.02261296016705,0.4974392354604788,0.008441452040472777,0.30867999999999995,0.013995906544415038,,,,,,,,,23.7483935726108,0.038060593702362894,0.0,0.0,0.0,0.0,467.0,0.0,0.3280851063829787,0.006361666547968529,0.0,0.0,0.5712011098861695,0.002621955111018485
mnist,PU-R,0.3,0.0,468,5,472.0,0.0,1878.6,43.49781603712996,2350.6,43.49781603712996,0.49595089178765195,0.008737959761161675,0.30734000000000006,0.01442849957549294,,,,,,,,,23.936483220406807,0.03774096867041484,0.0,0.0,0.0,0.0,469.0,0.0,0.3271186440677966,0.006618855657548014,0.0,0.0,0.5687544941902161,0.0024069660865889773
mnist,PU-R,0.3,0.0,470,5,474.0,0.0,1887.0,42.457037108116715,2361.0,42.457037108116715,0.4980418164283037,0.008526803079219457,0.3099,0.015485089602582216,,,,,,,,,24.12531813120004,0.037501110746133555,0.0,0.0,0.0,0.0,471.0,0.0,0.32742616033755273,0.006307981598196647,0.0,0.0,0.568477463722229,0.0020059573165576174
mnist,PU-R,0.3,0.0,472,5,476.0,0.0,1881.0,41.10231137053,2357.0,41.10231137053,0.4972389074624516,0.008256449709659299,0.30706,0.013866383811217698,,,,,,,,,24.31609477321617,0.037471235751855805,0.0,0.0,0.0,0.0,473.0,0.0,0.3277310924369748,0.0058295953468536195,0.0,0.0,0.5676562786102295,0.0017658566974448424
mnist,PU-R,0.3,0.0,474,5,478.0,0.0,1882.6,43.075050783487185,2360.6,43.075050783487185,0.49796099110972136,0.008649958547926497,0.30785999999999997,0.01490880947627946,,,,,,,,,24.507537702005358,0.03730526161221591,0.0,0.0,0.0,0.0,475.0,0.0,0.32803347280334727,0.005390836287332687,0.0,0.0,0.567951214313507,0.0017255376922866044
mnist,PU-R,0.3,0.0,476,5,480.0,0.0,1886.2,41.32965037355143,2366.2,41.32965037355143,0.49908752500778064,0.008300158974574865,0.30929999999999996,0.014898959695227053,,,,,,,,,24.70172692501219,0.037423385693478625,0.0,0.0,0.0,0.0,477.0,0.0,0.3279166666666667,0.005613413993878116,0.0,0.0,0.5685201406478881,0.001362088646898079
mnist,PU-R,0.3,0.0,478,5,482.0,0.0,1879.2,41.46251318962709,2361.2,41.46251318962708,0.4980827088234946,0.008327214430533006,0.30901999999999996,0.01435159921402488,,,,,,,,,24.895248960214666,0.037060173292225655,0.0,0.0,0.0,0.0,479.0,0.0,0.32863070539419087,0.005926496621197389,0.0,0.0,0.5689306735992432,0.0012388886395249964
mnist,PU-R,0.3,0.0,48,5,52.0,0.0,2227.0,31.26819470324438,2279.0,31.26819470324438,0.4815561638213694,0.006300033879179091,0.36472,0.01664900597633386,,,,,,,,,1.2584273668122479,0.014349775733068925,0.0,0.0,0.0,0.0,49.0,0.0,0.31153846153846154,0.03183258722547471,0.0,0.0,0.5707975506782532,0.004452734722374548
mnist,PU-R,0.3,0.0,480,5,484.0,0.0,1879.6,40.81984811338719,2363.6,40.81984811338719,0.4985654368530959,0.008195535601953687,0.30927999999999994,0.013417801608311247,,,,,,,,,25.089211208210326,0.03652880487485678,0.0,0.0,0.0,0.0,481.0,0.0,0.32851239669421484,0.0065336315292735085,0.0,0.0,0.5664604187011719,0.0017683506540746164
mnist,PU-R,0.3,0.0,482,5,486.0,0.0,1877.4,42.35870630696835,2363.4,42.35870630696835,0.4985241736052558,0.00850356949158802,0.3064,0.012142240320468055,,,,,,,,,25.28383734881645,0.036412030484497045,0.0,0.0,0.0,0.0,483.0,0.0,0.3279835390946502,0.00646103640662863,0.0,0.0,0.5668530344963074,0.0018182495473434367
mnist,PU-R,0.3,0.0,484,5,488.0,0.0,1876.8,42.812848538727245,2364.8,42.812848538727245,0.49880516962148247,0.00859392929162597,0.30504,0.013306036224210411,,,,,,,,,25.48073448201176,0.036320473130440206,0.0,0.0,0.0,0.0,485.0,0.0,0.3282786885245902,0.006023335433073383,0.0,0.0,0.5684438824653626,0.0018231653383529044
mnist,PU-R,0.3,0.0,486,5,490.0,0.0,1875.2,42.69004567812033,2365.2,42.69004567812033,0.4988856342504732,0.008568827339748297,0.30787999999999993,0.013134625993913943,,,,,,,,,25.677669711608907,0.03603939209652238,0.0,0.0,0.0,0.0,487.0,0.0,0.32897959183673475,0.005603889884794282,0.0,0.0,0.5683573365211487,0.00177080979804861
mnist,PU-R,0.3,0.0,488,5,492.0,0.0,1872.2,42.00404742402808,2364.2,42.00404742402807,0.4986851814668626,0.008431531982906929,0.30579999999999996,0.011891299340273954,,,,,,,,,25.87674977920251,0.03570896822089061,0.0,0.0,0.0,0.0,489.0,0.0,0.3284552845528455,0.005841507261463375,0.0,0.0,0.568032968044281,0.0015399209933183132
mnist,PU-R,0.3,0.0,490,5,494.0,0.0,1875.6,36.50013698604431,2369.6,36.50013698604431,0.49977383837103845,0.007327033333988025,0.30462000000000006,0.01196956139547311,,,,,,,,,26.076719555421732,0.03570462429292928,0.0,0.0,0.0,0.0,491.0,0.0,0.33076923076923076,0.005528947483298644,0.0,0.0,0.5661528468132019,0.001731890997513288
mnist,PU-R,0.3,0.0,492,5,496.0,0.0,1869.6,39.096802938347786,2365.6,39.096802938347786,0.49896847559139135,0.007849405744519105,0.30272,0.010169827923814644,,,,,,,,,26.27889120382024,0.0356252940079832,0.0,0.0,0.0,0.0,493.0,0.0,0.3306451612903226,0.00614836721047456,0.0,0.0,0.5670637130737305,0.0015152632711266793
mnist,PU-R,0.3,0.0,494,5,498.0,0.0,1866.4,38.96357273146291,2364.4,38.96357273146291,0.4987274338840507,0.007824216062310282,0.30473999999999996,0.011816327686722302,,,,,,,,,26.480648128606845,0.0359930613425539,0.0,0.0,0.0,0.0,495.0,0.0,0.3301204819277109,0.005874995517400724,0.0,0.0,0.5666483998298645,0.0011339084168187593
mnist,PU-R,0.3,0.0,496,5,500.0,0.0,1865.2,35.86000557724441,2365.2,35.86000557724441,0.49889013754436745,0.007200426569752706,0.30572,0.010920915712521538,,,,,,,,,26.684069087612443,0.03590462306714637,0.0,0.0,0.0,0.0,497.0,0.0,0.3312,0.005462600113499062,0.0,0.0,0.5691172361373902,0.001430640955792077
mnist,PU-R,0.3,0.0,498,5,502.0,0.0,1866.2,34.961979349001396,2368.2,34.96197934900139,0.4994934680406004,0.007019787773506027,0.30365999999999993,0.010552042456320958,,,,,,,,,26.889358775201252,0.03581832408763275,0.0,0.0,0.0,0.0,499.0,0.0,0.3302788844621514,0.0052477848096890425,0.0,0.0,0.5676028966903687,0.0016838287719143387
mnist,PU-R,0.3,0.0,50,5,54.0,0.0,2243.4,29.337007345671783,2297.4,29.337007345671783,0.4852603976265527,0.005906195428595865,0.37496,0.016063486545579087,,,,,,,,,1.3137491866131312,0.014675331160711663,0.0,0.0,0.0,0.0,51.0,0.0,0.3148148148148148,0.03562108159568767,0.0,0.0,0.5718785643577575,0.005389982929396096
mnist,PU-R,0.3,0.0,500,5,504.0,0.0,1860.6,34.29081509675732,2364.6,34.29081509675732,0.4987704977858812,0.00688591861397379,0.30057999999999996,0.009910671016636565,,,,,,,,,27.096175827016122,0.03559462374137398,0.0,0.0,0.0,0.0,501.0,0.0,0.33095238095238094,0.005520011009223632,0.0,0.0,0.5661255478858948,0.0013444402924616943
mnist,PU-R,0.3,0.0,502,5,506.0,0.0,1854.2,40.4022276613555,2360.2,40.402227661355504,0.4978824845631607,0.008111716886585966,0.30106,0.012022254364302895,,,,,,,,,27.303891154623123,0.03642391866845289,0.0,0.0,0.0,0.0,503.0,0.0,0.33162055335968377,0.00465162146084578,0.0,0.0,0.5673532485961914,0.0008895152457999372
mnist,PU-R,0.3,0.0,504,5,508.0,0.0,1851.2,35.81535983345693,2359.2,35.815359833456924,0.4976844587596133,0.007191768800799181,0.29935999999999996,0.009971489357162251,,,,,,,,,27.51466782321222,0.036761469148348457,0.0,0.0,0.0,0.0,505.0,0.0,0.33110236220472444,0.005072479813671312,0.0,0.0,0.5667132019996644,0.0011672690498794127
mnist,PU-R,0.3,0.0,506,5,510.0,0.0,1852.0,34.017642481512446,2362.0,34.017642481512446,0.4982481937040575,0.00683159118449263,0.29904000000000003,0.00985030963980321,,,,,,,,,27.727734991000034,0.03720379870587663,0.0,0.0,0.0,0.0,507.0,0.0,0.33019607843137255,0.005209933433563304,0.0,0.0,0.5670352697372436,0.0024591287912305256
mnist,PU-R,0.3,0.0,508,5,512.0,0.0,1860.6,33.1550901069504,2372.6,33.1550901069504,0.5003785343607887,0.006657289919636979,0.29966,0.008636121814796272,,,,,,,,,27.94366644480033,0.03717236948106556,0.0,0.0,0.0,0.0,509.0,0.0,0.330859375,0.005613323384062467,0.0,0.0,0.5679521322250366,0.001479611406300838
mnist,PU-R,0.3,0.0,510,5,514.0,0.0,1854.6,36.85593574988973,2368.6,36.85593574988973,0.49957269728183745,0.0073986892784801105,0.30116,0.010405267896599292,,,,,,,,,28.175665457407014,0.037537269737173765,0.0,0.0,0.0,0.0,511.0,0.0,0.33073929961089493,0.0057713606903468185,0.0,0.0,0.568039071559906,0.0020157801104473514
mnist,PU-R,0.3,0.0,512,5,516.0,0.0,1845.6,37.200268816233034,2361.6,37.200268816233034,0.49816591045819225,0.007469310691940602,0.2985,0.011587277505954542,,,,,,,,,28.394779362005647,0.037564531914775996,0.0,0.0,0.0,0.0,513.0,0.0,0.3302325581395349,0.0057685566147818645,0.0,0.0,0.5663758277893066,0.0015391288328183957
mnist,PU-R,0.3,0.0,514,5,518.0,0.0,1847.0,35.625833323586974,2365.0,35.625833323586974,0.4988500913255848,0.00715269682130689,0.30072,0.01159428307399816,,,,,,,,,28.613933147012723,0.03773221396937878,0.0,0.0,0.0,0.0,515.0,0.0,0.3316602316602316,0.005931386677890818,0.0,0.0,0.5670479536056519,0.001448771886821448
mnist,PU-R,0.3,0.0,516,5,520.0,0.0,1847.2,35.45617012594564,2367.2,35.45617012594564,0.49929224856896326,0.0071185327594340785,0.3032,0.010622946860452624,,,,,,,,,28.83385062700836,0.03767528105930544,0.0,0.0,0.0,0.0,517.0,0.0,0.3315384615384615,0.005914829422780657,0.0,0.0,0.5670511245727539,0.001000832638644912
mnist,PU-R,0.3,0.0,518,5,522.0,0.0,1837.6,27.645252757028643,2359.6,27.645252757028643,0.4977691979147494,0.005551665771231454,0.29756,0.009551104648154589,,,,,,,,,29.05231699041324,0.03757081841483454,0.0,0.0,0.0,0.0,519.0,0.0,0.3314176245210728,0.005778966716091328,0.0,0.0,0.5663728356361389,0.002071741254080281
mnist,PU-R,0.3,0.0,52,5,56.0,0.0,2240.4,41.724812761712904,2296.4,41.724812761712904,0.4850517241051421,0.0084031767037597,0.37016,0.018597273993787373,,,,,,,,,1.3693561744177714,0.014902791361421452,0.0,0.0,0.0,0.0,53.0,0.0,0.3142857142857143,0.03642156795423418,0.0,0.0,0.5713182091712952,0.003800490271655334
mnist,PU-R,0.3,0.0,520,5,524.0,0.0,1836.2,32.1875752426305,2360.2,32.1875752426305,0.49788749176077546,0.006463771219678033,0.29775999999999997,0.007729139667517979,,,,,,,,,29.272095129813533,0.03792101217571816,0.0,0.0,0.0,0.0,521.0,0.0,0.33244274809160307,0.006398112448183286,0.0,0.0,0.566785991191864,0.0021894237639830737
mnist,PU-R,0.3,0.0,522,5,526.0,0.0,1837.4,30.923453882126424,2363.4,30.923453882126424,0.49853121023625135,0.006209666286058173,0.29896,0.007827490019156847,,,,,,,,,29.493803933821617,0.03799063259341494,0.0,0.0,0.0,0.0,523.0,0.0,0.3334600760456274,0.00654721496491352,0.0,0.0,0.5657645463943481,0.0011488392925824054
mnist,PU-R,0.3,0.0,524,5,528.0,0.0,1838.0,27.607969863791144,2366.0,27.607969863791144,0.49905528433155266,0.005544574860278396,0.29968000000000006,0.00675510177569517,,,,,,,,,29.71660372019978,0.038072482203431374,0.0,0.0,0.0,0.0,525.0,0.0,0.33295454545454545,0.006516913081092906,0.0,0.0,0.5674560904502869,0.0013223159920560034
mnist,PU-R,0.3,0.0,526,5,530.0,0.0,1832.8,34.42876704153084,2362.8,34.42876704153083,0.4984087178716436,0.00691361448258436,0.29707999999999996,0.008010580503309366,,,,,,,,,29.93876931699924,0.038132058572763396,0.0,0.0,0.0,0.0,527.0,0.0,0.3320754716981132,0.006314415294596795,0.0,0.0,0.5663943648338318,0.001909026299073026
mnist,PU-R,0.3,0.0,528,5,532.0,0.0,1830.6,33.44936471743521,2362.6,33.44936471743521,0.4983690846245736,0.006718551397052362,0.29496,0.007038934578471382,,,,,,,,,30.162232229614165,0.038698006021313375,0.0,0.0,0.0,0.0,529.0,0.0,0.3319548872180451,0.006635098719820601,0.0,0.0,0.5664557814598083,0.0021689985305872474
mnist,PU-R,0.3,0.0,530,5,534.0,0.0,1837.0,34.62946722085109,2371.0,34.62946722085109,0.5000562357483431,0.006955028467069103,0.29594,0.008102629202919244,,,,,,,,,30.387698584410828,0.03884470312719978,0.0,0.0,0.0,0.0,531.0,0.0,0.3325842696629214,0.006610248162817527,0.0,0.0,0.5671815037727356,0.001875465797607966
mnist,PU-R,0.3,0.0,532,5,536.0,0.0,1830.0,34.419471233591025,2366.0,34.419471233591025,0.4990517363883555,0.006911906940024209,0.29588000000000003,0.00878495304483751,,,,,,,,,30.613762596598825,0.03887759838310095,0.0,0.0,0.0,0.0,533.0,0.0,0.3328358208955224,0.006690455625761609,0.0,0.0,0.5657883405685424,0.0016130914145456325
mnist,PU-R,0.3,0.0,534,5,538.0,0.0,1838.8,33.73781261433527,2376.8,33.73781261433527,0.5012219797237776,0.006774416882115657,0.29940000000000005,0.009450026454989435,,,,,,,,,30.840272383613048,0.03870823195214877,0.0,0.0,0.0,0.0,535.0,0.0,0.3330855018587361,0.006839542562443911,0.0,0.0,0.567614209651947,0.0014517432037375589
mnist,PU-R,0.3,0.0,536,5,540.0,0.0,1831.6,38.00736770680127,2371.6,38.00736770680127,0.5001747249392793,0.007631275713270411,0.29823999999999995,0.00981613977080604,,,,,,,,,31.068639270402493,0.038512916593718576,0.0,0.0,0.0,0.0,537.0,0.0,0.3325925925925926,0.006457628064504696,0.0,0.0,0.5673710465431213,0.0008643750749652352
mnist,PU-R,0.3,0.0,538,5,542.0,0.0,1832.4,34.94653058602527,2374.4,34.94653058602527,0.5007391351857222,0.007017245365801569,0.2988799999999999,0.009107271819815183,,,,,,,,,31.29782784441486,0.038995369417398895,0.0,0.0,0.0,0.0,539.0,0.0,0.3324723247232472,0.006321712804063401,0.0,0.0,0.5688968777656556,0.0005882005237219168
mnist,PU-R,0.3,0.0,54,5,58.0,0.0,2252.4,49.597983829990504,2310.4,49.597983829990504,0.48786243284121156,0.009987255577566162,0.3819,0.025112805498390654,,,,,,,,,1.4252056982018986,0.015238528479670563,0.0,0.0,0.0,0.0,55.0,0.0,0.32068965517241377,0.03600105692727776,0.0,0.0,0.5754705429077148,0.004058564932884045
mnist,PU-R,0.3,0.0,540,5,544.0,0.0,1832.8,35.4251323215595,2376.8,35.4251323215595,0.5012210007058456,0.007112098195099962,0.2979,0.008806645218242872,,,,,,,,,31.528931748017204,0.03868401954804619,0.0,0.0,0.0,0.0,541.0,0.0,0.3330882352941177,0.006298471212871987,0.0,0.0,0.5670516490936279,0.0007859335003942359
mnist,PU-R,0.3,0.0,542,5,546.0,0.0,1833.4,40.537143461275114,2379.4,40.537143461275114,0.5017400404787622,0.008135965090407114,0.2968,0.01077979591643551,,,,,,,,,31.761023245204704,0.03860155438368545,0.0,0.0,0.0,0.0,543.0,0.0,0.332967032967033,0.005803289200642798,0.0,0.0,0.565306282043457,0.0013278149152417763
mnist,PU-R,0.3,0.0,544,5,548.0,0.0,1830.6,37.7393693641004,2378.6,37.7393693641004,0.5015811737743207,0.00757602694443791,0.29734000000000005,0.012001483241666418,,,,,,,,,31.994059539423326,0.03878736219041434,0.0,0.0,0.0,0.0,545.0,0.0,0.3335766423357664,0.005753241887019872,0.0,0.0,0.5653937458992004,0.0015425106745648905
mnist,PU-R,0.3,0.0,546,5,550.0,0.0,1827.8,38.48428250597898,2377.8,38.48428250597898,0.5014199896948413,0.007725795026164735,0.29799999999999993,0.010567686596412664,,,,,,,,,32.22747878079535,0.03865561608754094,0.0,0.0,0.0,0.0,547.0,0.0,0.33345454545454545,0.005680181582477576,0.0,0.0,0.5672528266906738,0.0015651122074808533
mnist,PU-R,0.3,0.0,548,5,552.0,0.0,1819.6,34.3053931620088,2371.6,34.3053931620088,0.5001769732916728,0.006887782214010975,0.29668,0.00920855037451607,,,,,,,,,32.46309367259964,0.038306653043052814,0.0,0.0,0.0,0.0,549.0,0.0,0.3326086956521739,0.00585904406840443,0.0,0.0,0.5648238778114318,0.0020367855509613175
mnist,PU-R,0.3,0.0,550,5,554.0,0.0,1821.4,32.81249761904753,2375.4,32.81249761904753,0.5009412480401807,0.006587663987236113,0.29748,0.00796658019478871,,,,,,,,,32.69874834100483,0.03889668522820952,0.0,0.0,0.0,0.0,551.0,0.0,0.33176895306859205,0.005690932408099079,0.0,0.0,0.5655242919921875,0.002510711664039977
mnist,PU-R,0.3,0.0,552,5,556.0,0.0,1815.6,31.455683111323463,2371.6,31.455683111323463,0.5001785461558029,0.006316384663318216,0.29628,0.009089741470470987,,,,,,,,,32.936406372406054,0.03877353468937851,0.0,0.0,0.0,0.0,553.0,0.0,0.33201438848920867,0.0058168926722288634,0.0,0.0,0.5650883197784424,0.0020536767487908717
mnist,PU-R,0.3,0.0,554,5,558.0,0.0,1819.2,32.67016988018275,2377.2,32.67016988018275,0.5013029298977927,0.006560629964653401,0.29576,0.008564087808984685,,,,,,,,,33.175269316602495,0.039284812148357176,0.0,0.0,0.0,0.0,555.0,0.0,0.33225806451612905,0.005655818579949646,0.0,0.0,0.5649908542633056,0.0024326706769628934
mnist,PU-R,0.3,0.0,556,5,560.0,0.0,1810.8,37.16369195868462,2370.8,37.16369195868462,0.5000145271071232,0.007461446004501144,0.29359999999999997,0.009493313436308737,,,,,,,,,33.41556789780734,0.03916756508888129,0.0,0.0,0.0,0.0,557.0,0.0,0.33214285714285713,0.005895562149721127,0.0,0.0,0.5635204553604126,0.0013287409446593587
mnist,PU-R,0.3,0.0,558,5,562.0,0.0,1801.4,38.35048891474527,2363.4,38.35048891474527,0.49852688630344344,0.007702511943813774,0.29081999999999997,0.009247724044325731,,,,,,,,,33.65475593421142,0.03931899483892425,0.0,0.0,0.0,0.0,559.0,0.0,0.3320284697508896,0.0061278204120009064,0.0,0.0,0.5639264106750488,0.0012287123393902835
mnist,PU-R,0.3,0.0,56,5,60.0,0.0,2253.8,48.507112880483824,2313.8,48.507112880483824,0.4885473129688762,0.009761908054186317,0.38802000000000003,0.02567406083968799,,,,,,,,,1.481540795613546,0.015582589056992367,0.0,0.0,0.0,0.0,57.0,0.0,0.32,0.03628590176179541,0.0,0.0,0.5813345193862915,0.007132515123127665
mnist,PU-R,0.3,0.0,560,5,564.0,0.0,1804.4,38.023150842611656,2368.4,38.023150842611656,0.49953177514253183,0.007635765513955224,0.29316000000000003,0.008367233712524116,,,,,,,,,33.89578712399816,0.039123348088644476,0.0,0.0,0.0,0.0,561.0,0.0,0.3322695035460993,0.006233473699023738,0.0,0.0,0.5642729520797729,0.001172635890147812
mnist,PU-R,0.3,0.0,562,5,566.0,0.0,1803.4,38.68927499966883,2369.4,38.68927499966883,0.49973226877627897,0.007769233834486465,0.29059999999999997,0.009141936337559999,,,,,,,,,34.13877356001176,0.03973450766108937,0.0,0.0,0.0,0.0,563.0,0.0,0.33180212014134275,0.005923340853088414,0.0,0.0,0.5641692996025085,0.001276556446988993
mnist,PU-R,0.3,0.0,564,5,568.0,0.0,1804.2,33.8221820703514,2372.2,33.8221820703514,0.5002977926051244,0.006793169641227368,0.29379999999999995,0.008756369110538913,,,,,,,,,34.38300666400464,0.0394644568843184,0.0,0.0,0.0,0.0,565.0,0.0,0.33204225352112676,0.005694000573519791,0.0,0.0,0.5626258611679077,0.0010307996028908726
mnist,PU-R,0.3,0.0,566,5,570.0,0.0,1800.0,37.49666651850534,2370.0,37.49666651850534,0.4998535829363391,0.0075306276981680804,0.2915,0.0099801803590917,,,,,,,,,34.62756104820873,0.03925156895082443,0.0,0.0,0.0,0.0,567.0,0.0,0.3329824561403508,0.006261953788622716,0.0,0.0,0.5640316605567932,0.0007264514735757892
mnist,PU-R,0.3,0.0,568,5,572.0,0.0,1806.8,38.18952736025938,2378.8,38.18952736025938,0.5016210602363571,0.007669270067142258,0.29458,0.010757109277124585,,,,,,,,,34.87374832060887,0.03905486364809543,0.0,0.0,0.0,0.0,569.0,0.0,0.3339160839160839,0.006131355914947616,0.0,0.0,0.5647493600845337,0.0006897342974779456
mnist,PU-R,0.3,0.0,570,5,574.0,0.0,1802.2,35.42372086610891,2376.2,35.42372086610891,0.5011004635249264,0.007115014138321577,0.29433999999999994,0.009291910460179877,,,,,,,,,35.12113039320102,0.038776835540077485,0.0,0.0,0.0,0.0,571.0,0.0,0.33379790940766546,0.006024953472400899,0.0,0.0,0.5662299394607544,0.0014209019922904122
mnist,PU-R,0.3,0.0,572,5,576.0,0.0,1811.2,38.02551774795446,2387.2,38.02551774795446,0.5033084211405366,0.007634505630885839,0.29735999999999996,0.010352613196676477,,,,,,,,,35.370101112814154,0.03855054630011148,0.0,0.0,0.0,0.0,573.0,0.0,0.33368055555555554,0.006293253111247165,0.0,0.0,0.566344928741455,0.0014871191728346392
mnist,PU-R,0.3,0.0,574,5,578.0,0.0,1806.4,36.45216042980169,2384.4,36.45216042980169,0.5027470198692754,0.007318920280771726,0.29467999999999994,0.01023950194101256,,,,,,,,,35.619887785997705,0.03863533814656411,0.0,0.0,0.0,0.0,575.0,0.0,0.3332179930795848,0.005983258292661102,0.0,0.0,0.5673141002655029,0.002193070067101439
mnist,PU-R,0.3,0.0,576,5,580.0,0.0,1802.4,35.27406979638158,2382.4,35.27406979638158,0.5023460057098419,0.007082311129263374,0.29546,0.01058322257159887,,,,,,,,,35.86945390101755,0.0385817569962955,0.0,0.0,0.0,0.0,577.0,0.0,0.333103448275862,0.006249851365652369,0.0,0.0,0.5645684719085693,0.0016407611031877807
mnist,PU-R,0.3,0.0,578,5,582.0,0.0,1801.8,36.70749242320973,2383.8,36.70749242320973,0.5026263482170179,0.007369856840431608,0.29481999999999997,0.009752456100900938,,,,,,,,,36.12068651281297,0.038502686193636254,0.0,0.0,0.0,0.0,579.0,0.0,0.33333333333333337,0.006026006156958817,0.0,0.0,0.563258171081543,0.0023157874845282527
mnist,PU-R,0.3,0.0,58,5,62.0,0.0,2277.8,29.952295404526176,2339.8,29.952295404526176,0.4937882031546906,0.006021939844931285,0.39288,0.013152543480255062,,,,,,,,,1.5379560578148812,0.015909521869391145,0.0,0.0,0.0,0.0,59.0,0.0,0.3193548387096774,0.032817725724799685,0.0,0.0,0.5876893162727356,0.006542250322146052
mnist,PU-R,0.3,0.0,580,5,584.0,0.0,1795.8,35.29504214475455,2379.8,35.29504214475455,0.5018237264943309,0.007087332340816894,0.29124,0.009803550377286793,,,,,,,,,36.37409504201496,0.038328527070402595,0.0,0.0,0.0,0.0,581.0,0.0,0.3332191780821918,0.006282169975289087,0.0,0.0,0.5627579808235168,0.001347402476733405
mnist,PU-R,0.3,0.0,582,5,586.0,0.0,1800.2,32.73133055651725,2386.2,32.73133055651725,0.5031107178423554,0.006572663873891306,0.29240000000000005,0.008941588225813134,,,,,,,,,36.629661412199496,0.038312342511360786,0.0,0.0,0.0,0.0,583.0,0.0,0.3341296928327645,0.006138602644575065,0.0,0.0,0.5633363127708435,0.0014585617361645717
mnist,PU-R,0.3,0.0,584,5,588.0,0.0,1778.8,34.76550014022522,2366.8,34.76550014022522,0.4992122803349048,0.006983267601666353,0.28815999999999997,0.010823243506454052,,,,,,,,,36.88658945820062,0.03826436516419265,0.0,0.0,0.0,0.0,585.0,0.0,0.33401360544217695,0.006075024183500589,0.0,0.0,0.5644516587257385,0.0022463995071758344
mnist,PU-R,0.3,0.0,586,5,590.0,0.0,1780.4,33.92727516320755,2370.4,33.92727516320755,0.49993609128287064,0.006813894089701247,0.2887799999999999,0.010740409675612933,,,,,,,,,37.14327647781465,0.03821195612250254,0.0,0.0,0.0,0.0,587.0,0.0,0.33355932203389826,0.006096984999527107,0.0,0.0,0.5647523641586304,0.002062794924869163
mnist,PU-R,0.3,0.0,588,5,592.0,0.0,1783.8,36.47108443685216,2375.8,36.47108443685216,0.5010194758302532,0.007323671870345103,0.29041999999999996,0.01304060581414836,,,,,,,,,37.400878385012035,0.0386708565587147,0.0,0.0,0.0,0.0,589.0,0.0,0.33378378378378376,0.006288685969252125,0.0,0.0,0.56683189868927,0.002526461958103342
mnist,PU-R,0.3,0.0,590,5,594.0,0.0,1777.2,35.22981691692422,2371.2,35.22981691692422,0.5000960677280091,0.0070741169134449985,0.28856000000000004,0.01283439129838265,,,,,,,,,37.65951719220029,0.03885752019201393,0.0,0.0,0.0,0.0,591.0,0.0,0.33333333333333337,0.006023078727272165,0.0,0.0,0.5659386992454529,0.002858491276554589
mnist,PU-R,0.3,0.0,592,5,596.0,0.0,1782.8,37.94654134437024,2378.8,37.94654134437024,0.5016212173621171,0.007619032207491117,0.28934,0.013129760089201924,,,,,,,,,37.918587458401454,0.0393016699742655,0.0,0.0,0.0,0.0,593.0,0.0,0.3322147651006711,0.006002867053690706,0.0,0.0,0.566515302658081,0.0023218681697174245
mnist,PU-R,0.3,0.0,594,5,598.0,0.0,1775.2,37.045107639201156,2373.2,37.045107639201156,0.5004967845627106,0.00743783969926721,0.28846,0.012312172838292999,,,,,,,,,38.179306575609374,0.039589754786350476,0.0,0.0,0.0,0.0,595.0,0.0,0.331438127090301,0.0058265054816670015,0.0,0.0,0.5645235657691956,0.0021810787334145053
mnist,PU-R,0.3,0.0,596,5,600.0,0.0,1773.2,38.55567403119805,2373.2,38.55567403119805,0.5004958265926689,0.007740210250615243,0.28634000000000004,0.012969988434844487,,,,,,,,,38.44128839221084,0.039718203851310155,0.0,0.0,0.0,0.0,597.0,0.0,0.33133333333333337,0.005461989869391314,0.0,0.0,0.5655167579650879,0.0012718696960459137
mnist,PU-R,0.3,0.0,598,5,602.0,0.0,1772.2,35.94634891056392,2374.2,35.94634891056392,0.5006983618135564,0.007216299789636169,0.28709999999999997,0.012791676981537653,,,,,,,,,38.69999715660233,0.03977426893857624,0.0,0.0,0.0,0.0,599.0,0.0,0.3315614617940199,0.005524348554257769,0.0,0.0,0.5642405271530151,0.0018988856854720375
mnist,PU-R,0.3,0.0,6,5,10.0,0.0,2391.6,35.030843552503846,2401.6,35.030843552503846,0.5062020051525906,0.007032640069671108,0.45372,0.018595440301321188,,,,,,,,,0.17779496221337468,0.0020085129416438524,0.0,0.0,0.0,0.0,7.0,0.0,0.33999999999999997,0.04000000000000001,0.0,0.0,0.5945657134056092,0.008645365522956614
mnist,PU-R,0.3,0.0,60,5,64.0,0.0,2257.4,37.27948497498322,2321.4,37.27948497498322,0.490084109059535,0.007497671416137798,0.39147999999999994,0.01732233817935674,,,,,,,,,1.5950252142036334,0.01633103800448453,0.0,0.0,0.0,0.0,61.0,0.0,0.321875,0.031093357409581874,0.0,0.0,0.5781084537506104,0.004967230302832874
mnist,PU-R,0.3,0.0,600,5,604.0,0.0,1776.2,36.80543438135189,2380.2,36.805434381351894,0.5019031650735997,0.007388222367053152,0.29029999999999995,0.011660274439308876,,,,,,,,,38.95967654581182,0.03959159546296467,0.0,0.0,0.0,0.0,601.0,0.0,0.3321192052980132,0.0055556164687293064,0.0,0.0,0.5637651920318604,0.0019279640104080534
mnist,PU-R,0.3,0.0,602,5,606.0,0.0,1773.0,36.71648131289272,2379.0,36.71648131289272,0.5016621657181531,0.007371089517746831,0.2888,0.01193838347516111,,,,,,,,,39.22156991220545,0.03977873084081605,0.0,0.0,0.0,0.0,603.0,0.0,0.33168316831683164,0.00519212301074332,0.0,0.0,0.5631929516792298,0.001930082775892626
mnist,PU-R,0.3,0.0,604,5,608.0,0.0,1770.2,39.20255093740712,2378.2,39.202550937407125,0.5014998768805526,0.007868286120607993,0.28758,0.013049306494982777,,,,,,,,,39.48394479140406,0.03981241961770631,0.0,0.0,0.0,0.0,605.0,0.0,0.33125,0.0049506305734514505,0.0,0.0,0.5632391333580017,0.0012694965912304005
mnist,PU-R,0.3,0.0,606,5,610.0,0.0,1766.6,34.915039739344415,2376.6,34.915039739344415,0.5011811247095466,0.007009044705765652,0.28866,0.012489219351104362,,,,,,,,,39.74560213541845,0.04006963088368803,0.0,0.0,0.0,0.0,607.0,0.0,0.33114754098360655,0.004548995713282496,0.0,0.0,0.5626521110534668,0.0013258542376887042
mnist,PU-R,0.3,0.0,608,5,612.0,0.0,1769.2,33.558009476129534,2381.2,33.558009476129534,0.5021059571416118,0.006735683632490707,0.29074,0.012789315853477085,,,,,,,,,40.00718277121196,0.040489078601217005,0.0,0.0,0.0,0.0,609.0,0.0,0.33235294117647063,0.004551760874896767,0.0,0.0,0.5636434197425843,0.002321823773228156
mnist,PU-R,0.3,0.0,610,5,614.0,0.0,1763.4,36.63413708551082,2377.4,36.63413708551082,0.5013408040744253,0.007352823136756151,0.28890000000000005,0.01423154945886075,,,,,,,,,40.27037029040512,0.04098305117878304,0.0,0.0,0.0,0.0,611.0,0.0,0.3328990228013029,0.0043274691386275006,0.0,0.0,0.5643983721733093,0.0020035603146080876
mnist,PU-R,0.3,0.0,612,5,616.0,0.0,1766.2,36.38048927653392,2382.2,36.38048927653392,0.5023051693802699,0.007301438679330727,0.28648000000000007,0.013974598384211254,,,,,,,,,40.535675638401884,0.041090165042026644,0.0,0.0,0.0,0.0,613.0,0.0,0.33279220779220775,0.004295050829650303,0.0,0.0,0.564380693435669,0.0016764657253710254
mnist,PU-R,0.3,0.0,614,5,618.0,0.0,1766.0,35.93187999534675,2384.0,35.93187999534675,0.502666995616164,0.007211019405199045,0.28862000000000004,0.01394913617397149,,,,,,,,,40.79969957560534,0.041976350236653345,0.0,0.0,0.0,0.0,615.0,0.0,0.3333333333333333,0.004188407477522579,0.0,0.0,0.5630843281745911,0.002014743101042157
mnist,PU-R,0.3,0.0,616,5,620.0,0.0,1752.6,35.41835682241626,2372.6,35.41835682241626,0.5003772329422645,0.007109394560512039,0.28769999999999996,0.014406942770761615,,,,,,,,,41.06639203222003,0.04217701472819095,0.0,0.0,0.0,0.0,617.0,0.0,0.3335483870967742,0.00448723475588502,0.0,0.0,0.5624431371688843,0.0017281483728213123
mnist,PU-R,0.3,0.0,618,5,622.0,0.0,1762.0,37.62844668598479,2384.0,37.62844668598479,0.5026659478899091,0.007551614833783759,0.28788,0.014607135242750369,,,,,,,,,41.3340386194177,0.04220639506241557,0.0,0.0,0.0,0.0,619.0,0.0,0.33344051446945333,0.004149031479281007,0.0,0.0,0.5638622641563416,0.0012054774412005784
mnist,PU-R,0.3,0.0,62,5,66.0,0.0,2249.6,30.874908906748214,2315.6,30.874908906748214,0.48892119178781285,0.006214302802315076,0.39126,0.01455117177412183,,,,,,,,,1.6520650882041081,0.0167392420206219,0.0,0.0,0.0,0.0,63.0,0.0,0.3333333333333333,0.026676995244937895,0.0,0.0,0.5742117762565613,0.0036280913201627335
mnist,PU-R,0.3,0.0,620,5,624.0,0.0,1752.2,37.631635627487675,2376.2,37.631635627487675,0.5010991149698384,0.00755248718340723,0.28926,0.014565939722517053,,,,,,,,,41.602262844413055,0.042340993506748276,0.0,0.0,0.0,0.0,621.0,0.0,0.3336538461538462,0.004221775600102396,0.0,0.0,0.5619200468063354,0.001543118293202298
mnist,PU-R,0.3,0.0,622,5,626.0,0.0,1754.2,40.96510710348504,2380.2,40.96510710348503,0.5019004494301044,0.008221304830886888,0.28765999999999997,0.016360855723341606,,,,,,,,,41.86902892881771,0.043403141460897014,0.0,0.0,0.0,0.0,623.0,0.0,0.33386581469648563,0.0036427329875371906,0.0,0.0,0.5629650473594665,0.0020601603506395913
mnist,PU-R,0.3,0.0,624,5,628.0,0.0,1749.6,41.105474088009245,2377.6,41.105474088009245,0.5013780627516098,0.008249372657837921,0.2876,0.016549833836023847,,,,,,,,,42.13753482539905,0.043566168579770075,0.0,0.0,0.0,0.0,625.0,0.0,0.3347133757961783,0.003679687900729726,0.0,0.0,0.5634890675544739,0.0018079882185988055
mnist,PU-R,0.3,0.0,626,5,630.0,0.0,1752.6,39.80904419852353,2382.6,39.80904419852353,0.5023833231069148,0.007988100212522178,0.28712,0.01614804632145945,,,,,,,,,42.406415865418964,0.044314861082659515,0.0,0.0,0.0,0.0,627.0,0.0,0.3346031746031747,0.003598661602779249,0.0,0.0,0.563397741317749,0.002331635665060573
mnist,PU-R,0.3,0.0,628,5,632.0,0.0,1753.4,38.894215508221784,2385.4,38.894215508221784,0.5029463338665664,0.00780436449664748,0.28859999999999997,0.015411975862945028,,,,,,,,,42.677178020204884,0.04452492009271052,0.0,0.0,0.0,0.0,629.0,0.0,0.33449367088607596,0.003265785987428837,0.0,0.0,0.5629905700683594,0.0030964392637170225
mnist,PU-R,0.3,0.0,630,5,634.0,0.0,1748.0,36.36756796927724,2382.0,36.36756796927724,0.5022650036378764,0.007298614301829979,0.28822000000000003,0.014267354344797081,,,,,,,,,42.94754598241998,0.045406256129232304,0.0,0.0,0.0,0.0,631.0,0.0,0.33438485804416407,0.003308545262366401,0.0,0.0,0.5620339870452881,0.0027438304892259914
mnist,PU-R,0.3,0.0,632,5,636.0,0.0,1743.8,38.46998830257165,2379.8,38.46998830257165,0.501821763429325,0.007720420728058878,0.28436000000000006,0.014866795216185629,,,,,,,,,43.21868106900947,0.045792107735989344,0.0,0.0,0.0,0.0,633.0,0.0,0.33459119496855344,0.0034946715048573686,0.0,0.0,0.5620374202728271,0.0023245301887844655
mnist,PU-R,0.3,0.0,634,5,638.0,0.0,1743.4,37.56274750334432,2381.4,37.56274750334432,0.5021437398274429,0.007538909829853525,0.28281999999999996,0.014008261847923881,,,,,,,,,43.49236807400594,0.04552502798587363,0.0,0.0,0.0,0.0,635.0,0.0,0.3335423197492163,0.0034837164217700394,0.0,0.0,0.561919629573822,0.0023213907780718275
mnist,PU-R,0.3,0.0,636,5,640.0,0.0,1744.6,38.67634936236873,2384.6,38.67634936236873,0.502785790769849,0.00776175731713682,0.28534,0.014584635751365194,,,,,,,,,43.76617138580186,0.04565816265134866,0.0,0.0,0.0,0.0,637.0,0.0,0.33468749999999997,0.0037759518667483064,0.0,0.0,0.5624212384223938,0.00248426494491185
mnist,PU-R,0.3,0.0,638,5,642.0,0.0,1742.6,39.85172518223019,2384.6,39.85172518223019,0.5027850156882778,0.007997740154511455,0.28544,0.014758949827138785,,,,,,,,,44.040775203017986,0.04592152741461156,0.0,0.0,0.0,0.0,639.0,0.0,0.3348909657320872,0.00394053290986714,0.0,0.0,0.5617299914360047,0.0024011878974227988
mnist,PU-R,0.3,0.0,64,5,68.0,0.0,2277.2,31.766963972026034,2345.2,31.766963972026034,0.4948728363378905,0.0063899086101832205,0.39932,0.01530256187701916,,,,,,,,,1.7093908016104251,0.017196696544730924,0.0,0.0,0.0,0.0,65.0,0.0,0.3411764705882353,0.025640582020827488,0.0,0.0,0.5798153281211853,0.0020537603512060547
mnist,PU-R,0.3,0.0,640,5,644.0,0.0,1746.4,39.7700892631636,2390.4,39.7700892631636,0.5039499697159044,0.007980924469912004,0.28484,0.015136036469300677,,,,,,,,,44.313992181408686,0.046389735735989195,0.0,0.0,0.0,0.0,641.0,0.0,0.33478260869565213,0.003946666157496533,0.0,0.0,0.5627435445785522,0.002809246576842506
mnist,PU-R,0.3,0.0,642,5,646.0,0.0,1744.2,40.102867727882,2390.2,40.102867727882,0.5039095804095268,0.008046757490662975,0.28368,0.015774327243974633,,,,,,,,,44.58901582340477,0.046793726548225986,0.0,0.0,0.0,0.0,643.0,0.0,0.33436532507739936,0.0038232473793277026,0.0,0.0,0.5623758912086487,0.002487297626824219
mnist,PU-R,0.3,0.0,644,5,648.0,0.0,1738.2,39.72706885739243,2386.2,39.72706885739243,0.5031064663664437,0.007970472303828554,0.28272,0.016494920430241544,,,,,,,,,44.86546837640926,0.04704748875443699,0.0,0.0,0.0,0.0,645.0,0.0,0.3348765432098766,0.0035527359361794283,0.0,0.0,0.5617161512374877,0.002102236060632206
mnist,PU-R,0.3,0.0,646,5,650.0,0.0,1731.4,37.446762209835974,2381.4,37.446762209835974,0.5021438140305691,0.007514744256618472,0.28237999999999996,0.015501174149076584,,,,,,,,,45.14012680799933,0.04749708423773997,0.0,0.0,0.0,0.0,647.0,0.0,0.3350769230769231,0.0038737471729274322,0.0,0.0,0.5611830711364746,0.0022011964958480127
mnist,PU-R,0.3,0.0,648,5,652.0,0.0,1735.6,37.82671013979408,2387.6,37.82671013979408,0.5033888887614012,0.007590536520786993,0.28175999999999995,0.016476820081556997,,,,,,,,,45.41709070521174,0.04786183863586476,0.0,0.0,0.0,0.0,649.0,0.0,0.33496932515337424,0.003837422086870187,0.0,0.0,0.5624893426895141,0.002979978605230285
mnist,PU-R,0.3,0.0,650,5,654.0,0.0,1728.6,39.300890575151094,2382.6,39.300890575151094,0.5023836602573283,0.007886567787041558,0.27956000000000003,0.016113863596294947,,,,,,,,,45.695955650205725,0.04823602022051039,0.0,0.0,0.0,0.0,651.0,0.0,0.3345565749235474,0.0037266231213926404,0.0,0.0,0.5629293322563171,0.0032624972043103365
mnist,PU-R,0.3,0.0,652,5,656.0,0.0,1730.4,44.29063106346533,2386.4,44.29063106346533,0.5031434168806299,0.008885017139488164,0.28308000000000005,0.017897469094818968,,,,,,,,,45.975457714009096,0.04873714779802111,0.0,0.0,0.0,0.0,653.0,0.0,0.33475609756097563,0.003529218567923852,0.0,0.0,0.5631610870361328,0.0019998346020799413
mnist,PU-R,0.3,0.0,654,5,658.0,0.0,1728.6,43.98022282799395,2386.6,43.98022282799395,0.5031838161288761,0.008823485536774926,0.2838,0.017650240791558625,,,,,,,,,46.25413007261231,0.04969274374809862,0.0,0.0,0.0,0.0,655.0,0.0,0.33465045592705167,0.0035770827647233438,0.0,0.0,0.5639852523803711,0.0017369569964486406
mnist,PU-R,0.3,0.0,656,5,660.0,0.0,1723.0,42.68723462582227,2383.0,42.68723462582227,0.5024616755079478,0.00856476738776857,0.28188,0.01693958086848667,,,,,,,,,46.53310365062207,0.050332215755352225,0.0,0.0,0.0,0.0,657.0,0.0,0.3342424242424242,0.003850989402163283,0.0,0.0,0.5621664762496948,0.0014478323986272768
mnist,PU-R,0.3,0.0,658,5,662.0,0.0,1726.2,43.41704734318077,2388.2,43.41704734318077,0.5035055804648436,0.008711985893603884,0.28126,0.017660594553978077,,,,,,,,,46.81334189199843,0.05115100408126507,0.0,0.0,0.0,0.0,659.0,0.0,0.33474320241691846,0.003927492447129903,0.0,0.0,0.5632151007652283,0.0013566683477779721
mnist,PU-R,0.3,0.0,66,5,70.0,0.0,2287.6,38.09803144520724,2357.6,38.09803144520724,0.49736147817457094,0.00765920509782348,0.40531999999999996,0.018040687348324615,,,,,,,,,1.7671165196108631,0.01764719588900862,0.0,0.0,0.0,0.0,67.0,0.0,0.33999999999999997,0.02531435020952764,0.0,0.0,0.5790706872940063,0.00252966287828278
mnist,PU-R,0.3,0.0,660,5,664.0,0.0,1726.8,42.55161571550486,2390.8,42.55161571550486,0.5040283800335601,0.008537582317714424,0.28037999999999996,0.017759881756363123,,,,,,,,,47.095772126014346,0.05174072066013058,0.0,0.0,0.0,0.0,661.0,0.0,0.33463855421686745,0.004052296399720998,0.0,0.0,0.5641001224517822,0.0014138898400080553
mnist,PU-R,0.3,0.0,662,5,666.0,0.0,1725.2,45.63704635490776,2391.2,45.63704635490776,0.5041064275312237,0.009155265915802806,0.2801,0.017773463365365796,,,,,,,,,47.377461122209205,0.05300759751934823,0.0,0.0,0.0,0.0,663.0,0.0,0.33423423423423426,0.004236257050950715,0.0,0.0,0.5659093141555787,0.0015602343795294228
mnist,PU-R,0.3,0.0,664,5,668.0,0.0,1725.4,42.77920055354003,2393.4,42.77920055354003,0.5045503635774367,0.008581945558612076,0.28296,0.01641979293413896,,,,,,,,,47.66053060060367,0.053801987333068374,0.0,0.0,0.0,0.0,665.0,0.0,0.33473053892215565,0.004579957646939628,0.0,0.0,0.5666829824447632,0.0023399731778168784
mnist,PU-R,0.3,0.0,666,5,670.0,0.0,1720.4,43.29387947504819,2390.4,43.29387947504819,0.503947513224557,0.008685245506808293,0.28096,0.017336856693184032,,,,,,,,,47.943692588212436,0.05417243123876036,0.0,0.0,0.0,0.0,667.0,0.0,0.33462686567164174,0.004799383639048812,0.0,0.0,0.5638861894607544,0.0022511094089212617
mnist,PU-R,0.3,0.0,668,5,672.0,0.0,1715.0,43.67035607823687,2387.0,43.67035607823687,0.5032643837854266,0.008760938218883685,0.27816,0.017608651282821172,,,,,,,,,48.22848583260784,0.05467858627024516,0.0,0.0,0.0,0.0,669.0,0.0,0.3342261904761905,0.004696349356565324,0.0,0.0,0.5618333339691162,0.0017877196299588454
mnist,PU-R,0.3,0.0,670,5,674.0,0.0,1718.8,42.4115550292606,2392.8,42.4115550292606,0.5044301336398348,0.008509134820225339,0.28118,0.01819685137599358,,,,,,,,,48.51319844722748,0.05592355542621177,0.0,0.0,0.0,0.0,671.0,0.0,0.3347181008902077,0.0047291921218128264,0.0,0.0,0.5622615337371826,0.001849736169197978
mnist,PU-R,0.3,0.0,672,5,676.0,0.0,1718.0,43.264303993014835,2394.0,43.264303993014835,0.5046705051558092,0.008677812603443342,0.27826,0.018857242640428627,,,,,,,,,48.7985988196102,0.05674551619545874,0.0,0.0,0.0,0.0,673.0,0.0,0.33402366863905325,0.004779732077338317,0.0,0.0,0.5615754008293152,0.0012140473850235781
mnist,PU-R,0.3,0.0,674,5,678.0,0.0,1715.4,43.738541356565605,2393.4,43.738541356565605,0.504549667716492,0.008772911266803162,0.2796600000000001,0.017519549080955252,,,,,,,,,49.084720829606525,0.05778791762655168,0.0,0.0,0.0,0.0,675.0,0.0,0.3345132743362832,0.004788402088716206,0.0,0.0,0.5619217753410339,0.001180974925438844
mnist,PU-R,0.3,0.0,676,5,680.0,0.0,1717.8,48.79180259018926,2397.8,48.79180259018927,0.5054293078603223,0.009783571139969714,0.2803,0.020237737027642193,,,,,,,,,49.373843594198114,0.05832855350514181,0.0,0.0,0.0,0.0,677.0,0.0,0.3344117647058824,0.005149159235297522,0.0,0.0,0.5616489171981811,0.0006971828711354279
mnist,PU-R,0.3,0.0,678,5,682.0,0.0,1715.6,48.123383089720534,2397.6,48.123383089720534,0.5053896914934739,0.009650186368341898,0.2813,0.0201804608470669,,,,,,,,,49.66209502061829,0.05973539099918509,0.0,0.0,0.0,0.0,679.0,0.0,0.33489736070381226,0.004876331128538387,0.0,0.0,0.562061858177185,0.0010548994291407561
mnist,PU-R,0.3,0.0,68,5,72.0,0.0,2270.6,34.95654445164739,2342.6,34.95654445164739,0.49434837258886544,0.007031033610615923,0.39561999999999997,0.01723738379221162,,,,,,,,,1.8253794500138611,0.018069606398699405,0.0,0.0,0.0,0.0,69.0,0.0,0.3388888888888889,0.025077041785094154,0.0,0.0,0.5780924439430237,0.0032631284296129855
mnist,PU-R,0.3,0.0,680,5,684.0,0.0,1714.6,48.87187330152181,2398.6,48.87187330152181,0.5055898814578541,0.009800603035640192,0.28282,0.01889429543539531,,,,,,,,,49.95417822560994,0.06075274277935366,0.0,0.0,0.0,0.0,681.0,0.0,0.3347953216374269,0.004646271515225345,0.0,0.0,0.5632253766059876,0.0009850333597067106
mnist,PU-R,0.3,0.0,682,5,686.0,0.0,1715.6,45.62082857642987,2401.6,45.62082857642987,0.5061948367743753,0.009149854443245434,0.28114000000000006,0.01888577771763715,,,,,,,,,50.24542683879845,0.061827461343654064,0.0,0.0,0.0,0.0,683.0,0.0,0.33527696793002915,0.004097221376838257,0.0,0.0,0.5624702095985412,0.0007977964633639175
mnist,PU-R,0.3,0.0,684,5,688.0,0.0,1714.0,45.26477659284314,2402.0,45.26477659284314,0.5062754222890362,0.009077936756202583,0.2819,0.01883249850657102,,,,,,,,,50.53744941221085,0.06269049102073099,0.0,0.0,0.0,0.0,685.0,0.0,0.33517441860465114,0.004126473711214642,0.0,0.0,0.562436318397522,0.001362858876653744
mnist,PU-R,0.3,0.0,686,5,690.0,0.0,1708.0,42.96626583728216,2398.0,42.96626583728216,0.5054739562561735,0.00861885550409001,0.28054000000000007,0.017693066438579822,,,,,,,,,50.82820836259052,0.0639398088010699,0.0,0.0,0.0,0.0,687.0,0.0,0.3350724637681159,0.004134881918170176,0.0,0.0,0.5615066885948181,0.0015644709008988992
mnist,PU-R,0.3,0.0,688,5,692.0,0.0,1709.0,43.080157845578974,2401.0,43.080157845578974,0.5060762568609789,0.008641505894703024,0.28132,0.017798325763958813,,,,,,,,,51.11975839921506,0.06506571822994923,0.0,0.0,0.0,0.0,689.0,0.0,0.3355491329479769,0.003861384166441438,0.0,0.0,0.5620979309082031,0.0013550809346207639
mnist,PU-R,0.3,0.0,690,5,694.0,0.0,1701.0,40.76886066595435,2395.0,40.76886066595435,0.5048730807262473,0.008178802177033307,0.27965999999999996,0.01699422254767779,,,,,,,,,51.41311032540398,0.06639660829789011,0.0,0.0,0.0,0.0,691.0,0.0,0.3351585014409222,0.0037185844093844196,0.0,0.0,0.5649724483489991,0.0022547827270630594
mnist,PU-R,0.3,0.0,692,5,696.0,0.0,1702.8,42.272213095602176,2398.8,42.272213095602176,0.5056350925238803,0.008479024005970169,0.28037999999999996,0.017038409550189818,,,,,,,,,51.707699471025265,0.06733736996464655,0.0,0.0,0.0,0.0,693.0,0.0,0.3362068965517241,0.0037190169843519475,0.0,0.0,0.5633692026138306,0.0014814785261753882
mnist,PU-R,0.3,0.0,694,5,698.0,0.0,1698.4,41.824155699786694,2396.4,41.824155699786694,0.5051534826867282,0.00839108717995075,0.27936,0.01718195565120572,,,,,,,,,51.99937195960665,0.06826206748248476,0.0,0.0,0.0,0.0,695.0,0.0,0.33581661891117476,0.0037523784681113945,0.0,0.0,0.5617810010910034,0.0009198183322998684
mnist,PU-R,0.3,0.0,696,5,700.0,0.0,1701.8,42.50341162777407,2401.8,42.50341162777407,0.5062373002409004,0.008527114068850128,0.27918000000000004,0.016128899528486132,,,,,,,,,52.294983207609036,0.06928417719100123,0.0,0.0,0.0,0.0,697.0,0.0,0.3362857142857143,0.0035742845723419456,0.0,0.0,0.5615602016448975,0.0011833983820104443
mnist,PU-R,0.3,0.0,698,5,702.0,0.0,1695.6,45.03398716525109,2397.6,45.03398716525109,0.5053921072860248,0.009035419972570017,0.27793999999999996,0.017152276816796066,,,,,,,,,52.59256028721575,0.07082822833601908,0.0,0.0,0.0,0.0,699.0,0.0,0.3361823361823362,0.003631780280336743,0.0,0.0,0.5619675517082214,0.0013123457313625351
mnist,PU-R,0.3,0.0,70,5,74.0,0.0,2271.8,44.2169650699819,2345.8,44.2169650699819,0.4949854833772406,0.008893089497388025,0.39536000000000004,0.022705585215977146,,,,,,,,,1.8835097838193178,0.018504719354882623,0.0,0.0,0.0,0.0,71.0,0.0,0.33783783783783783,0.02261243314956961,0.0,0.0,0.5812364101409913,0.004571111664784728
mnist,PU-R,0.3,0.0,700,5,704.0,0.0,1697.6,41.20024271773165,2401.6,41.20024271773165,0.5061980595695786,0.008265050109764919,0.27972,0.01680994943478415,,,,,,,,,52.891403706208806,0.07190440344647503,0.0,0.0,0.0,0.0,701.0,0.0,0.33693181818181817,0.003742028372818033,0.0,0.0,0.562751305103302,0.002043854977603255
mnist,PU-R,0.3,0.0,702,5,706.0,0.0,1697.4,43.18865591796067,2403.4,43.18865591796067,0.5065580574213527,0.008663243744853347,0.27821999999999997,0.01696851201490573,,,,,,,,,53.188381555408704,0.07274137853829458,0.0,0.0,0.0,0.0,703.0,0.0,0.3371104815864023,0.003260868111394144,0.0,0.0,0.5626587867736816,0.0017465115740171473
mnist,PU-R,0.3,0.0,704,5,708.0,0.0,1687.8,42.04806773206112,2395.8,42.04806773206113,0.5050328399403952,0.008436081451543235,0.27654,0.01666900116983618,,,,,,,,,53.487096104607915,0.07337894149260975,0.0,0.0,0.0,0.0,705.0,0.0,0.3370056497175141,0.003270010424517019,0.0,0.0,0.5611727476119995,0.0015531152463440301
mnist,PU-R,0.3,0.0,706,5,710.0,0.0,1692.4,46.203463073670136,2402.4,46.203463073670136,0.5063550141756423,0.009267112572647063,0.27798,0.017742671726659436,,,,,,,,,53.78592295740964,0.07435102639096003,0.0,0.0,0.0,0.0,707.0,0.0,0.33774647887323944,0.0027599884425725915,0.0,0.0,0.5620115756988525,0.0018886234534246753
mnist,PU-R,0.3,0.0,708,5,712.0,0.0,1693.4,42.28072847054554,2405.4,42.28072847054554,0.5069602569914423,0.008479562878046071,0.27915999999999996,0.01768503887470988,,,,,,,,,54.08707057801075,0.07502741313959028,0.0,0.0,0.0,0.0,709.0,0.0,0.33792134831460674,0.002535880629953342,0.0,0.0,0.5628932237625122,0.0013146296032858248
mnist,PU-R,0.3,0.0,710,5,714.0,0.0,1691.6,43.37925771610205,2405.6,43.37925771610205,0.5069996207370423,0.008701207956244525,0.27984,0.016714771909900537,,,,,,,,,54.38704041860765,0.07663211285539671,0.0,0.0,0.0,0.0,711.0,0.0,0.33865546218487397,0.0028839300114809536,0.0,0.0,0.5631378054618835,0.0005202795089531939
mnist,PU-R,0.3,0.0,712,5,716.0,0.0,1691.4,45.080594494749064,2407.4,45.080594494749064,0.5073597337584943,0.009041328169571792,0.2808,0.018436241482471416,,,,,,,,,54.6887893464067,0.07735730303220499,0.0,0.0,0.0,0.0,713.0,0.0,0.3388268156424581,0.003047126289004389,0.0,0.0,0.5630762219429016,0.0010960102296210068
mnist,PU-R,0.3,0.0,714,5,718.0,0.0,1689.0,43.59816509900388,2407.0,43.59816509900388,0.5072805326897651,0.008745469462766673,0.27968000000000004,0.017354521024793523,,,,,,,,,54.99169052181533,0.07869228926870792,0.0,0.0,0.0,0.0,715.0,0.0,0.3389972144846797,0.003132930885571586,0.0,0.0,0.5612047672271728,0.0006549495844470882
mnist,PU-R,0.3,0.0,716,5,720.0,0.0,1692.2,43.53779966879355,2412.2,43.537799668793554,0.5083244864013977,0.008732347630947879,0.27978,0.017567054391673064,,,,,,,,,55.29653296939796,0.07983234123517241,0.0,0.0,0.0,0.0,717.0,0.0,0.3397222222222222,0.0031853735947721417,0.0,0.0,0.5610424995422363,0.0009498254964768895
mnist,PU-R,0.3,0.0,718,5,722.0,0.0,1690.6,44.90167034754943,2412.6,44.90167034754943,0.508403769065626,0.009004213244989595,0.27837999999999996,0.01708289788062903,,,,,,,,,55.59814046500251,0.08096664803874398,0.0,0.0,0.0,0.0,719.0,0.0,0.3398891966759003,0.003437582727421298,0.0,0.0,0.5618740320205688,0.0011353572776297315
mnist,PU-R,0.3,0.0,72,5,76.0,0.0,2282.2,40.73008715924875,2358.2,40.73008715924875,0.4974803141900338,0.008187674489094608,0.39880000000000004,0.017088036750896807,,,,,,,,,1.942227595008444,0.018860269069263573,0.0,0.0,0.0,0.0,73.0,0.0,0.3368421052631579,0.023016915374389338,0.0,0.0,0.5802746415138245,0.0056275126015531045
mnist,PU-R,0.3,0.0,720,5,724.0,0.0,1684.6,42.9937204717154,2408.6,42.9937204717154,0.5076021869201213,0.008623620511866239,0.277,0.017020370148736485,,,,,,,,,55.90196521100588,0.08166623352244445,0.0,0.0,0.0,0.0,721.0,0.0,0.33895027624309393,0.0034280866425389104,0.0,0.0,0.560264241695404,0.0012211695901262868
mnist,PU-R,0.3,0.0,722,5,726.0,0.0,1690.2,42.103919057493925,2416.2,42.103919057493925,0.509128447715193,0.008444840014887402,0.28066,0.01585612184615141,,,,,,,,,56.20660864000674,0.08294509604551314,0.0,0.0,0.0,0.0,723.0,0.0,0.3396694214876033,0.0035546798624143086,0.0,0.0,0.5611532807350159,0.001115563998049578
mnist,PU-R,0.3,0.0,724,5,728.0,0.0,1685.4,42.055439600603385,2413.4,42.055439600603385,0.5085664375219494,0.008435572145428557,0.28152000000000005,0.016722631371886426,,,,,,,,,56.5134790952201,0.08383222858678056,0.0,0.0,0.0,0.0,725.0,0.0,0.3403846153846154,0.00353958756228713,0.0,0.0,0.5605646371841431,0.0019474946528275226
mnist,PU-R,0.3,0.0,726,5,730.0,0.0,1682.0,39.85599076675926,2412.0,39.85599076675926,0.5082869159523398,0.007996185314972622,0.28203999999999996,0.014986080207979676,,,,,,,,,56.8186496916227,0.08542195087939332,0.0,0.0,0.0,0.0,727.0,0.0,0.3408219178082192,0.003956035363888665,0.0,0.0,0.5608216881752014,0.0018327779192014873
mnist,PU-R,0.3,0.0,728,5,732.0,0.0,1684.2,42.53633740697475,2416.2,42.53633740697475,0.5091281398897991,0.008533147191959276,0.28102,0.015586128448078438,,,,,,,,,57.12625396720832,0.08632942337471292,0.0,0.0,0.0,0.0,729.0,0.0,0.3404371584699454,0.0037760314101325868,0.0,0.0,0.5614527106285095,0.001860431791808948
mnist,PU-R,0.3,0.0,730,5,734.0,0.0,1688.0,37.271973384837025,2422.0,37.271973384837025,0.5102957975352183,0.007477078972067652,0.28372,0.01538269807283495,,,,,,,,,57.4341632656171,0.08691823288520398,0.0,0.0,0.0,0.0,731.0,0.0,0.3408719346049046,0.003563132651395642,0.0,0.0,0.562590217590332,0.0015792500920822057
mnist,PU-R,0.3,0.0,732,5,736.0,0.0,1678.8,40.73990672547006,2414.8,40.73990672547005,0.5088483784697019,0.008172967833886692,0.28138,0.015594883776418478,,,,,,,,,57.745213748211974,0.08785808951879197,0.0,0.0,0.0,0.0,733.0,0.0,0.341304347826087,0.003900190243045468,0.0,0.0,0.5609497785568237,0.0010928165339215612
mnist,PU-R,0.3,0.0,734,5,738.0,0.0,1669.0,44.87872547209869,2407.0,44.87872547209869,0.5072795812855475,0.009002516564567188,0.27724,0.017308887890329642,,,,,,,,,58.05507574920775,0.08923636774810682,0.0,0.0,0.0,0.0,735.0,0.0,0.34092140921409214,0.004010473871801828,0.0,0.0,0.5611009359359741,0.0008569258849696578
mnist,PU-R,0.3,0.0,736,5,740.0,0.0,1667.8,45.26963662323787,2407.8,45.26963662323787,0.5074398945551366,0.009081962379188383,0.27714,0.01789487636168522,,,,,,,,,58.36496639401885,0.08972068581806272,0.0,0.0,0.0,0.0,737.0,0.0,0.34027027027027024,0.004217428793061413,0.0,0.0,0.5624367356300354,0.0009648621171964915
mnist,PU-R,0.3,0.0,738,5,742.0,0.0,1663.8,43.683406460577224,2405.8,43.683406460577224,0.5070395518327132,0.008764258557400624,0.27568000000000004,0.017915228159306268,,,,,,,,,58.67596613541245,0.09051115554347414,0.0,0.0,0.0,0.0,739.0,0.0,0.339622641509434,0.004065526449864783,0.0,0.0,0.562162971496582,0.0013920922601599538
mnist,PU-R,0.3,0.0,74,5,78.0,0.0,2277.2,41.85498775534405,2355.2,41.85498775534405,0.49687660901108754,0.00841397551454272,0.39828,0.01985168506701634,,,,,,,,,2.000763501203619,0.019577628094684565,0.0,0.0,0.0,0.0,75.0,0.0,0.3333333333333333,0.021066252211737153,0.0,0.0,0.5839838981628418,0.00641348915847843
mnist,PU-R,0.3,0.0,740,5,744.0,0.0,1659.4,42.69964871049877,2403.4,42.69964871049877,0.5065584104391746,0.008567554065096317,0.2758,0.017766597873537862,,,,,,,,,58.98798731639981,0.09094371750938143,0.0,0.0,0.0,0.0,741.0,0.0,0.339247311827957,0.004263105249234873,0.0,0.0,0.5616323709487915,0.0008031790890103262
mnist,PU-R,0.3,0.0,742,5,746.0,0.0,1662.2,43.43892263857381,2408.2,43.43892263857381,0.5075215614167974,0.008713942047215298,0.27534,0.019430558406798304,,,,,,,,,59.30024542720057,0.09239516422238801,0.0,0.0,0.0,0.0,743.0,0.0,0.3396782841823056,0.00461640090019372,0.0,0.0,0.5620022058486939,0.0010749985020736552
mnist,PU-R,0.3,0.0,744,5,748.0,0.0,1661.4,43.20486083764187,2409.4,43.20486083764187,0.5077626387472265,0.008667706268727898,0.27496,0.018125633782022636,,,,,,,,,59.6136836900143,0.0931120666599512,0.0,0.0,0.0,0.0,745.0,0.0,0.33957219251336895,0.004764312748985415,0.0,0.0,0.5615672826766968,0.0010715410273878258
mnist,PU-R,0.3,0.0,746,5,750.0,0.0,1661.2,45.44821228607347,2411.2,45.44821228607347,0.5081223172950559,0.009116691887684904,0.27455999999999997,0.018341444872201313,,,,,,,,,59.92744766959222,0.09364864424553802,0.0,0.0,0.0,0.0,747.0,0.0,0.33920000000000006,0.004744119166575254,0.0,0.0,0.5608574867248535,0.0015862024233530413
mnist,PU-R,0.3,0.0,748,5,752.0,0.0,1658.4,45.03176656539247,2410.4,45.03176656539247,0.507962035748642,0.009033555165005397,0.27454,0.018918261019448896,,,,,,,,,60.24372876280686,0.0944005376025045,0.0,0.0,0.0,0.0,749.0,0.0,0.3393617021276596,0.0048750805265487624,0.0,0.0,0.5621652126312255,0.001970125840965345
mnist,PU-R,0.3,0.0,750,5,754.0,0.0,1658.6,45.513294760981644,2412.6,45.513294760981644,0.508403306780383,0.00913003452941178,0.27318,0.018737192959458995,,,,,,,,,60.55851766681299,0.09585742719130848,0.0,0.0,0.0,0.0,751.0,0.0,0.3389920424403183,0.0047929206895471225,0.0,0.0,0.5616778016090394,0.002031825149137231
mnist,PU-R,0.3,0.0,752,5,756.0,0.0,1655.0,47.23875527572673,2411.0,47.23875527572673,0.508080773963593,0.009474784676491209,0.27394,0.018623227432429643,,,,,,,,,60.87571357761044,0.09692516155163199,0.0,0.0,0.0,0.0,753.0,0.0,0.33862433862433866,0.004895967069661838,0.0,0.0,0.5610000133514405,0.0016589314348323155
mnist,PU-R,0.3,0.0,754,5,758.0,0.0,1651.8,47.7026204730935,2409.8,47.70262047309351,0.5078395058284514,0.009568111136170619,0.27086,0.018055320545479103,,,,,,,,,61.19332259881776,0.0977334258108024,0.0,0.0,0.0,0.0,755.0,0.0,0.33825857519788916,0.0047858462129860375,0.0,0.0,0.5608425259590148,0.0021330813521976103
mnist,PU-R,0.3,0.0,756,5,760.0,0.0,1657.2,46.95678864658443,2417.2,46.95678864658443,0.5093255418352782,0.00941719278145901,0.27298000000000006,0.01832090063288375,,,,,,,,,61.51290775001981,0.09865701716749965,0.0,0.0,0.0,0.0,757.0,0.0,0.3378947368421053,0.005051672058013802,0.0,0.0,0.56121666431427,0.0021558975760093205
mnist,PU-R,0.3,0.0,758,5,762.0,0.0,1656.0,47.061661679120505,2418.0,47.061661679120505,0.5094860339304432,0.009438211328371443,0.27237999999999996,0.017374302863712273,,,,,,,,,61.83189846001333,0.10020863146751571,0.0,0.0,0.0,0.0,759.0,0.0,0.33805774278215217,0.004796762961285322,0.0,0.0,0.5601590394973754,0.0017993659448580167
mnist,PU-R,0.3,0.0,76,5,80.0,0.0,2270.8,35.235493468944064,2350.8,35.235493468944064,0.49599654553458095,0.0070846322091655525,0.39742,0.017435779305783834,,,,,,,,,2.0601079408079386,0.01985122428205046,0.0,0.0,0.0,0.0,77.0,0.0,0.32749999999999996,0.02284458360312133,0.0,0.0,0.5810463309288025,0.005912678036529253
mnist,PU-R,0.3,0.0,760,5,764.0,0.0,1651.0,48.6024690730831,2415.0,48.6024690730831,0.5088826269260608,0.009747656310621144,0.2721,0.01817932892050749,,,,,,,,,62.153356155194345,0.10082573391670338,0.0,0.0,0.0,0.0,761.0,0.0,0.33848167539267016,0.005146492997732327,0.0,0.0,0.5614293456077576,0.0019445637609386373
mnist,PU-R,0.3,0.0,762,5,766.0,0.0,1653.8,47.26245867493565,2419.8,47.26245867493565,0.5098471570410765,0.009477294062177252,0.27294,0.019778715832935174,,,,,,,,,62.47625015261583,0.10202280035055596,0.0,0.0,0.0,0.0,763.0,0.0,0.3381201044386423,0.005334939097050273,0.0,0.0,0.562316107749939,0.002130587671292467
mnist,PU-R,0.3,0.0,764,5,768.0,0.0,1655.4,48.60925837739144,2423.4,48.60925837739144,0.5105685981106944,0.009747281916770809,0.27382,0.020916581938739423,,,,,,,,,62.801377889409196,0.10297204906692066,0.0,0.0,0.0,0.0,765.0,0.0,0.33828125,0.005247250437398412,0.0,0.0,0.5620763301849365,0.0017574953195259849
mnist,PU-R,0.3,0.0,766,5,770.0,0.0,1646.8,47.37129932775751,2416.8,47.37129932775751,0.5092449244693853,0.00949928698965861,0.27108,0.021335121279242825,,,,,,,,,63.12728177680401,0.104063565541301,0.0,0.0,0.0,0.0,767.0,0.0,0.33844155844155843,0.005364123747548933,0.0,0.0,0.5609854102134705,0.0017561732797878812
mnist,PU-R,0.3,0.0,768,5,772.0,0.0,1640.6,45.854770744165755,2412.6,45.854770744165755,0.5084030440310017,0.009196297354057897,0.27037999999999995,0.020814475732047633,,,,,,,,,63.451879104610995,0.10459450352255177,0.0,0.0,0.0,0.0,769.0,0.0,0.3380829015544041,0.005434242736632907,0.0,0.0,0.5607488989830017,0.0011657907907210517
mnist,PU-R,0.3,0.0,770,5,774.0,0.0,1641.2,47.404008269343635,2415.2,47.40400826934364,0.5089237389154733,0.009506646964430205,0.27058,0.02058532001208628,,,,,,,,,63.776146226213314,0.10554859386681273,0.0,0.0,0.0,0.0,771.0,0.0,0.3382428940568475,0.00575479520705946,0.0,0.0,0.5606718778610229,0.0010776982649912414
mnist,PU-R,0.3,0.0,772,5,776.0,0.0,1642.8,45.65347741410286,2418.8,45.65347741410286,0.5096477027283981,0.009156528505398115,0.27096,0.019931648200788618,,,,,,,,,64.10167683740147,0.10521241101092724,0.0,0.0,0.0,0.0,773.0,0.0,0.33814432989690724,0.005997461999082522,0.0,0.0,0.5607493758201599,0.00138872092141748
mnist,PU-R,0.3,0.0,774,5,778.0,0.0,1637.4,46.037593334143786,2415.4,46.037593334143786,0.5089649572386407,0.00923365115263025,0.26592000000000005,0.020675889340001797,,,,,,,,,64.42541642260039,0.10636674380260389,0.0,0.0,0.0,0.0,775.0,0.0,0.3383033419023136,0.0057826333569161925,0.0,0.0,0.5605569124221802,0.001092174794865973
mnist,PU-R,0.3,0.0,776,5,780.0,0.0,1633.6,47.65459054487825,2413.6,47.65459054487825,0.5086023684591054,0.009558645729126037,0.26546000000000003,0.020511157939034075,,,,,,,,,64.75242007939377,0.10722456035381653,0.0,0.0,0.0,0.0,777.0,0.0,0.33820512820512827,0.00572490091327336,0.0,0.0,0.5599754214286804,0.0008716260895481683
mnist,PU-R,0.3,0.0,778,5,782.0,0.0,1632.2,48.069116904723764,2414.2,48.069116904723764,0.508722475473769,0.00964215029491593,0.26586,0.021360397936368125,,,,,,,,,65.07966452221153,0.10819726865017477,0.0,0.0,0.0,0.0,779.0,0.0,0.33861892583120207,0.006084591945457964,0.0,0.0,0.559709370136261,0.0012823140829037413
mnist,PU-R,0.3,0.0,78,5,82.0,0.0,2253.2,38.69030886410704,2335.2,38.69030886410704,0.49285830404842274,0.007778874218518885,0.39196,0.015615940573657415,,,,,,,,,2.1198765976121647,0.020198429873102552,0.0,0.0,0.0,0.0,79.0,0.0,0.32926829268292684,0.024693239916239732,0.0,0.0,0.5845161437988281,0.004128092847259975
mnist,PU-R,0.3,0.0,780,5,784.0,0.0,1638.6,48.89437595470465,2422.6,48.89437595470465,0.5104078087024391,0.009805226556074551,0.2671200000000001,0.021282232025800304,,,,,,,,,65.40802742360393,0.1087826896998293,0.0,0.0,0.0,0.0,781.0,0.0,0.33928571428571425,0.00646622033450845,0.0,0.0,0.5598876595497131,0.0015541566060634597
mnist,PU-R,0.3,0.0,782,5,786.0,0.0,1632.0,46.89136381040756,2418.0,46.89136381040756,0.5094861679943279,0.009405193736861404,0.26496,0.0203442768364963,,,,,,,,,65.73459190680879,0.11006004188639502,0.0,0.0,0.0,0.0,783.0,0.0,0.33893129770992364,0.00639431647487484,0.0,0.0,0.5605133056640625,0.0014391576807310914
mnist,PU-R,0.3,0.0,784,5,788.0,0.0,1635.0,49.63567265586314,2423.0,49.63567265586314,0.5104874736745841,0.009953765339975787,0.26778,0.02024903454488634,,,,,,,,,66.06350362660596,0.1110583147516245,0.0,0.0,0.0,0.0,785.0,0.0,0.33908629441624366,0.0067318716801395145,0.0,0.0,0.5605337381362915,0.0014570823537266857
mnist,PU-R,0.3,0.0,786,5,790.0,0.0,1627.6,49.19003964218773,2417.6,49.19003964218773,0.5094040266238153,0.009866086566787915,0.26746,0.021248496417393875,,,,,,,,,66.39217248380882,0.11208123114168361,0.0,0.0,0.0,0.0,787.0,0.0,0.3389873417721519,0.0065944386215853685,0.0,0.0,0.5605101346969604,0.0007093274307073626
mnist,PU-R,0.3,0.0,788,5,792.0,0.0,1628.4,48.13584942638906,2420.4,48.13584942638906,0.5099668830982409,0.009654271390861438,0.26522,0.02064001937983586,,,,,,,,,66.72312992480583,0.11305906056488284,0.0,0.0,0.0,0.0,789.0,0.0,0.3393939393939394,0.006553504683010594,0.0,0.0,0.5603309392929077,0.0006972957920905662
mnist,PU-R,0.3,0.0,790,5,794.0,0.0,1625.8,46.89712144684362,2419.8,46.89712144684362,0.5098474467056804,0.009405308172763121,0.26555999999999996,0.021034129409129344,,,,,,,,,67.05316277741221,0.11482279602446145,0.0,0.0,0.0,0.0,791.0,0.0,0.3397984886649874,0.00701682029077285,0.0,0.0,0.5601861357688904,0.0008303794971224493
mnist,PU-R,0.3,0.0,792,5,796.0,0.0,1629.0,45.79628805918663,2425.0,45.79628805918663,0.5108919327612966,0.009183663827005807,0.26814,0.01997392299975145,,,,,,,,,67.3865581026068,0.1163288639405046,0.0,0.0,0.0,0.0,793.0,0.0,0.3399497487437186,0.006607132558947092,0.0,0.0,0.5616512775421143,0.0012070746342524416
mnist,PU-R,0.3,0.0,794,5,798.0,0.0,1626.4,50.67208304382206,2424.4,50.67208304382206,0.5107675696141086,0.010161090780762178,0.26796,0.020213698325640458,,,,,,,,,67.7211672426085,0.11719814205363044,0.0,0.0,0.0,0.0,795.0,0.0,0.33984962406015035,0.0067296850035576715,0.0,0.0,0.5612362384796142,0.0015110042175865077
mnist,PU-R,0.3,0.0,796,5,800.0,0.0,1628.4,47.74473792995413,2428.4,47.74473792995413,0.5115727141383104,0.009571991224611737,0.26724000000000003,0.019494604381725737,,,,,,,,,68.05560274281306,0.11815708968269703,0.0,0.0,1.0,0.0,797.0,0.0,0.33925,0.006633249580710805,0.0,0.0,0.5611986994743348,0.00172740105493632
mnist,PU-R,0.3,0.0,8,5,12.0,0.0,2439.8,43.365193415918256,2451.8,43.365193415918256,0.5162706676288508,0.008697634748163124,0.46858000000000005,0.019492342086060363,,,,,,,,,0.22709199421806261,0.0024373328853417005,0.0,0.0,0.0,0.0,9.0,0.0,0.33333333333333337,0.045643546458763846,0.0,0.0,0.6231714844703674,0.0133900513469162
mnist,PU-R,0.3,0.0,80,5,84.0,0.0,2249.8,49.32686894583924,2333.8,49.32686894583924,0.49256893853889777,0.009912576663579089,0.38662,0.02359591913869854,,,,,,,,,2.1793087580124846,0.020883533246393582,0.0,0.0,0.0,0.0,81.0,0.0,0.3261904761904762,0.024571151714940818,0.0,0.0,0.5791557908058167,0.0013882465817413184
mnist,PU-R,0.3,0.0,82,5,86.0,0.0,2258.6,54.91320424087452,2344.6,54.91320424087452,0.4947353595169261,0.011032385236742744,0.39136,0.026848865897836353,,,,,,,,,2.2395949788158758,0.021285273136561103,0.0,0.0,0.0,0.0,83.0,0.0,0.32558139534883723,0.024939082080845602,0.0,0.0,0.578233277797699,0.0021064210661990144
mnist,PU-R,0.3,0.0,84,5,88.0,0.0,2264.4,55.23006427662383,2352.4,55.23006427662383,0.4963029095088132,0.011103689169527864,0.39322,0.027654590938938156,,,,,,,,,2.3005628674058243,0.021583539087656606,0.0,0.0,0.0,0.0,85.0,0.0,0.32727272727272727,0.022840626411638382,0.0,0.0,0.5768094539642334,0.00244136052500944
mnist,PU-R,0.3,0.0,86,5,90.0,0.0,2264.6,51.37372869473268,2354.6,51.37372869473268,0.49674853255273776,0.010332701824541235,0.39698,0.025378148080583033,,,,,,,,,2.361428760015406,0.021923945144134344,0.0,0.0,0.0,0.0,87.0,0.0,0.3288888888888889,0.020667861375264752,0.0,0.0,0.5791243076324463,0.0028140755153493405
mnist,PU-R,0.3,0.0,88,5,92.0,0.0,2263.6,45.887471056923594,2355.6,45.887471056923594,0.4969539949321188,0.009234245424356222,0.40144,0.022693272130743954,,,,,,,,,2.4229298302088864,0.022116180926561833,0.0,0.0,0.0,0.0,89.0,0.0,0.3326086956521739,0.019625510962247596,0.0,0.0,0.5816605567932129,0.004071092213404917
mnist,PU-R,0.3,0.0,90,5,94.0,0.0,2250.0,45.23604757270467,2344.0,45.23604757270467,0.4946228495799005,0.009105265557603673,0.39966,0.018978582665731398,,,,,,,,,2.4845088778063653,0.02232132436214368,0.0,0.0,0.0,0.0,91.0,0.0,0.3297872340425532,0.01990243290837202,0.0,0.0,0.5812048196792603,0.0030350675036117975
mnist,PU-R,0.3,0.0,92,5,96.0,0.0,2254.0,45.54228804089667,2350.0,45.54228804089667,0.49582871212624013,0.009165092620893189,0.39936000000000005,0.020312301691339657,,,,,,,,,2.546006314991973,0.02287595472827456,0.0,0.0,0.0,0.0,93.0,0.0,0.33333333333333337,0.02160045974304971,0.0,0.0,0.5846746563911438,0.004060366799977129
mnist,PU-R,0.3,0.0,94,5,98.0,0.0,2251.4,58.243969644934054,2349.4,58.243969644934054,0.4956969748483971,0.011724508097301217,0.39844,0.02671111379182829,,,,,,,,,2.6087017918122,0.023357073786176318,0.0,0.0,0.0,0.0,95.0,0.0,0.33265306122448973,0.02154970620606416,0.0,0.0,0.5847893238067627,0.0020856539208688944
mnist,PU-R,0.3,0.0,96,5,100.0,0.0,2222.6,58.22422176379861,2322.6,58.22422176379861,0.49030851311981677,0.01172573244609876,0.38288,0.02441625278375042,,,,,,,,,2.672180952213239,0.023863131504303255,0.0,0.0,0.0,0.0,97.0,0.0,0.32999999999999996,0.021213203435596423,0.0,0.0,0.5827620983123779,0.0015498143643072032
mnist,PU-R,0.3,0.0,98,5,102.0,0.0,2211.8,52.38167618547539,2313.8,52.38167618547539,0.4885439981240779,0.010545490558523402,0.38436000000000003,0.02351473155279472,,,,,,,,,2.7353706394089388,0.02427386137742772,0.0,0.0,0.0,0.0,99.0,0.0,0.32941176470588235,0.01999615495526582,0.0,0.0,0.5846565008163452,0.0016439887851478078
