method,dataset,seed,noise_rate,pretrain_fraction,es_budget,step,n_cert,n_pretrain,compression_size,remaining_bad,effective_compression_size,certified_bound,test_error,test_inappropriate_risk,pac_bayes_bound,pac_bayes_empirical_risk,pac_bayes_mc_upper,pac_bayes_kl,runtime_sec,stop_reached,hit_limit,train_calls,noise_hit_rate,duplicate_hit_rate,pairwise_feature_cosine,mean_support_redundancy,max_support_redundancy,mean_selected_residual_novelty,local_redundancy_hit_rate,residual_redundancy_hit_rate,strong_redundancy_hit_rate,mode_entropy,minority_mode_fraction,spectral_entropy,dynamic_mu
MaxLoss,fashion_mnist,0,0.0,0.0,100,100,5000,0,120,2418,2538,0.533560415264219,0.38949999999999996,0.5053,,,,,1.7753306850790977,0,1,101,0.0,0.0,0.7231389284133911,0.7231389284133911,0.9919418096542358,0.03137210161746049,0.8991596638655462,0.9495798319327731,0.8991596638655462,0.0,0.0,0.248157142384998,1.375921428807501
Marginal,fashion_mnist,0,0.0,0.0,100,100,5000,0,120,1263,1383,0.2994005130021833,0.2548,0.2741,,,,,1.669311624020338,0,1,101,0.0,0.0,0.6512371301651001,0.6512371301651001,0.9954284429550171,0.025304617000227216,0.9159663865546218,0.9411764705882353,0.9159663865546218,0.0,0.0,0.2671010313997902,1.366449484300105
EL2N,fashion_mnist,0,0.0,0.0,100,100,5000,0,120,2288,2408,0.5074972455622628,0.4071,0.4887,,,,,1.8239428978413343,0,1,101,0.0,0.0,0.6950085759162903,0.6950085759162903,0.9928174018859863,0.0320752400810979,0.9159663865546218,0.9327731092436975,0.907563025210084,0.0,0.0,0.2604306532044737,1.369784673397763
GraNdLast,fashion_mnist,0,0.0,0.0,100,100,5000,0,120,2129,2249,0.47552350821206346,0.381,0.4498,,,,,1.972491198219359,0,1,101,0.0,0.0,0.6388754844665527,0.6388754844665527,0.9980978965759277,0.03157268765092898,0.9243697478991597,0.9327731092436975,0.9243697478991597,0.0,0.0,0.26823453628512234,1.3658827318574387
RHO-PretrainRef,fashion_mnist,0,0.0,0.0,100,100,5000,0,120,2423,2543,0.5345614280086011,0.40349999999999997,0.5028,,,,,2.1335518723353744,0,1,101,0.0,0.0,0.7202273011207581,0.7202273011207581,0.9899014234542847,0.034287952074483666,0.9159663865546218,0.9411764705882353,0.9159663865546218,0.0,0.0,0.25381256533601454,1.3730937173319928
PU-R,fashion_mnist,0,0.0,0.0,100,100,5000,0,120,1580,1700,0.3642826547729783,0.31899999999999995,0.3432,,,,,2.7133421525359154,0,1,101,0.0,0.0,0.6807056665420532,0.6807056665420532,0.9931050539016724,0.031023417576020507,0.9411764705882353,0.9495798319327731,0.9411764705882353,0.0,0.0,0.2661988987607237,1.366900550619638
GREATS,fashion_mnist,0,0.0,0.0,100,100,5000,0,120,1979,2099,,0.34140000000000004,0.4157,,,,,3.057626028545201,0,1,101,0.0,0.0,0.7065066695213318,0.7065066695213318,0.9881339073181152,0.03382095293838437,0.907563025210084,0.9327731092436975,0.8991596638655462,0.0,0.0,0.25971405162512806,1.370142974187436
MaxLoss,fashion_mnist,0,0.0,0.1,100,100,4500,500,120,1896,2016,0.47500216035405174,0.34119999999999995,0.4456,,,,,1.2118948874995112,0,1,101,0.0,0.0,0.7231448292732239,0.7231448292732239,0.9850753545761108,0.03244351689555064,0.8991596638655462,0.9495798319327731,0.8991596638655462,0.0,0.0,0.24955197440383833,1.3752240127980808
Marginal,fashion_mnist,0,0.0,0.1,100,100,4500,500,120,1114,1234,0.29811173578491434,0.25539999999999996,0.27,,,,,1.5654944805428386,0,1,101,0.0,0.0,0.6262384653091431,0.6262384653091431,0.9958865642547607,0.024237273370518404,0.9243697478991597,0.9411764705882353,0.9243697478991597,0.0,0.0,0.27146328966747035,1.3642683551662649
EL2N,fashion_mnist,0,0.0,0.1,100,100,4500,500,120,2101,2221,0.5207901727990247,0.39349999999999996,0.4862,,,,,1.744105421938002,0,1,101,0.0,0.0,0.6795052886009216,0.6795052886009216,0.9926742315292358,0.030395080061519846,0.8991596638655462,0.9411764705882353,0.8991596638655462,0.0,0.0,0.2588412762695686,1.3705793618652158
GraNdLast,fashion_mnist,0,0.0,0.1,100,100,4500,500,120,1748,1868,0.4418020573211834,0.34640000000000004,0.4113,,,,,1.849689381197095,0,1,101,0.0,0.0,0.6321181058883667,0.6321181058883667,0.9977633953094482,0.032132262943171654,0.8907563025210085,0.9327731092436975,0.8907563025210085,0.0,0.0,0.27420902983059087,1.3628954850847046
RHO-PretrainRef,fashion_mnist,0,0.0,0.1,100,100,4500,500,120,2002,2122,0.4987065136083402,0.36360000000000003,0.4717,,,,,1.9101018887013197,0,1,101,0.0,0.0,0.7081778645515442,0.7081778645515442,0.9902149438858032,0.03321820522556786,0.9243697478991597,0.9411764705882353,0.907563025210084,0.0,0.0,0.25312283102461125,1.3734385844876944
PU-R,fashion_mnist,0,0.0,0.1,100,100,4500,500,120,1384,1504,0.35961360740475357,0.30269999999999997,0.3293,,,,,2.4549336219206452,0,1,101,0.0,0.0,0.6884570717811584,0.6884570717811584,0.9950511455535889,0.028671493925968138,0.9411764705882353,0.9495798319327731,0.9411764705882353,0.0,0.0,0.2585561943875738,1.370721902806213
GREATS,fashion_mnist,0,0.0,0.1,100,100,4500,500,120,1688,1808,,0.33309999999999995,0.3935,,,,,2.733030308969319,0,1,101,0.0,0.0,0.6953226327896118,0.6953226327896118,0.9897270202636719,0.03371299339943573,0.9159663865546218,0.9243697478991597,0.8991596638655462,0.0,0.0,0.2658412329250199,1.3670793835374901
MaxLoss,fashion_mnist,0,0.0,0.2,100,100,4000,1000,120,1542,1662,0.44370149972382933,0.34119999999999995,0.425,,,,,1.2031309260055423,0,1,101,0.0,0.0,0.7015106081962585,0.7015106081962585,0.989983081817627,0.03189690536310693,0.907563025210084,0.9411764705882353,0.8991596638655462,0.0,0.0,0.2563051705168345,1.3718474147415827
Marginal,fashion_mnist,0,0.0,0.2,100,100,4000,1000,120,1077,1197,0.3252241703448817,0.27359999999999995,0.2895,,,,,1.4989752974361181,0,1,101,0.0,0.0,0.6241982579231262,0.6241982579231262,0.9968857765197754,0.02618690367255892,0.907563025210084,0.9495798319327731,0.907563025210084,0.0,0.0,0.2810351086991638,1.3594824456504182
EL2N,fashion_mnist,0,0.0,0.2,100,100,4000,1000,120,1374,1494,0.4010978613514453,0.32220000000000004,0.4004,,,,,1.6032661404460669,0,1,101,0.0,0.0,0.6683152914047241,0.6683152914047241,0.9954993724822998,0.03175268053006725,0.907563025210084,0.9327731092436975,0.8991596638655462,0.0,0.0,0.2663270100615241,1.366836494969238
GraNdLast,fashion_mnist,0,0.0,0.2,100,100,4000,1000,120,1469,1589,0.4252157917362638,0.35129999999999995,0.4094,,,,,1.6856040442362428,0,1,101,0.0,0.0,0.6273953318595886,0.6273953318595886,0.9988774657249451,0.030347640273951683,0.9327731092436975,0.9243697478991597,0.9159663865546218,0.0,0.0,0.27516576851098973,1.362417115744505
RHO-PretrainRef,fashion_mnist,0,0.0,0.2,100,100,4000,1000,120,1721,1841,0.48886119382223114,0.36739999999999995,0.4711,,,,,1.8305553430691361,0,1,101,0.0,0.0,0.721510648727417,0.721510648727417,0.9940205812454224,0.03155764837224944,0.907563025210084,0.9243697478991597,0.8823529411764706,0.0,0.0,0.24581976477447723,1.3770901176127615
PU-R,fashion_mnist,0,0.0,0.2,100,100,4000,1000,120,1393,1513,0.40592706750612706,0.35229999999999995,0.3746,,,,,2.3099233619868755,0,1,101,0.0,0.0,0.6795964241027832,0.6795964241027832,0.9935593605041504,0.027983032855666987,0.9495798319327731,0.957983193277311,0.9411764705882353,0.0,0.0,0.26173243334166374,1.3691337833291681
GREATS,fashion_mnist,0,0.0,0.2,100,100,4000,1000,120,1338,1458,,0.31689999999999996,0.3714,,,,,2.4389657052233815,0,1,101,0.0,0.0,0.6944150328636169,0.6944150328636169,0.9877405166625977,0.030542064364216907,0.907563025210084,0.9327731092436975,0.8907563025210085,0.0,0.0,0.2660346075337693,1.3669826962331153
MaxLoss,fashion_mnist,0,0.0,0.3,100,100,3500,1500,120,1648,1768,0.5357658307184465,0.4213,0.5042,,,,,1.1236335476860404,0,1,101,0.0,0.0,0.6980401277542114,0.6980401277542114,0.9890950322151184,0.03570331645612957,0.9159663865546218,0.9327731092436975,0.8991596638655462,0.0,0.0,0.26238850264263314,1.3688057486786835
Marginal,fashion_mnist,0,0.0,0.3,100,100,3500,1500,120,990,1110,0.3452861928381026,0.28459999999999996,0.3019,,,,,1.3754696380347013,0,1,101,0.0,0.0,0.651676595211029,0.651676595211029,0.9964959621429443,0.031162664169023017,0.9243697478991597,0.9327731092436975,0.9243697478991597,0.0,0.0,0.2693846744744262,1.365307662762787
EL2N,fashion_mnist,0,0.0,0.3,100,100,3500,1500,120,1649,1769,0.5360518968082033,0.4175,0.5015,,,,,1.4497220581397414,0,1,101,0.0,0.0,0.7162731289863586,0.7162731289863586,0.9901325106620789,0.030470348706766338,0.907563025210084,0.9411764705882353,0.8991596638655462,0.0,0.0,0.24534969963618586,1.377325150181907
GraNdLast,fashion_mnist,0,0.0,0.3,100,100,3500,1500,120,1551,1671,0.5079693357693031,0.41379999999999995,0.4781,,,,,1.5175142250955105,0,1,101,0.0,0.0,0.6490252614021301,0.6490252614021301,0.9969927072525024,0.03350002086963974,0.907563025210084,0.9327731092436975,0.907563025210084,0.0,0.0,0.26874100545096863,1.3656294972745155
RHO-PretrainRef,fashion_mnist,0,0.0,0.3,100,100,3500,1500,120,1500,1620,0.49331650405656546,0.36140000000000005,0.4683,,,,,1.6204527327790856,0,1,101,0.0,0.0,0.7067899703979492,0.7067899703979492,0.9910658597946167,0.033559291177437084,0.9159663865546218,0.9327731092436975,0.907563025210084,0.0,0.0,0.2547730888400716,1.3726134555799643
PU-R,fashion_mnist,0,0.0,0.3,100,100,3500,1500,120,1143,1263,0.389993978664279,0.34519999999999995,0.3688,,,,,2.139556646347046,0,1,101,0.0,0.0,0.6698716878890991,0.6698716878890991,0.9946791529655457,0.02845806284111087,0.865546218487395,0.9411764705882353,0.865546218487395,0.0,0.0,0.2683568956499684,1.3658215521750159
GREATS,fashion_mnist,0,0.0,0.3,100,100,3500,1500,120,1268,1388,,0.33409999999999995,0.4002,,,,,2.161005041562021,0,1,101,0.0,0.0,0.7002866864204407,0.7002866864204407,0.9900062084197998,0.03449376678767325,0.9159663865546218,0.9411764705882353,0.9159663865546218,0.0,0.0,0.25882521566917677,1.3705873921654117
MaxLoss,fashion_mnist,0,0.0,0.4,100,100,3000,2000,120,1230,1350,0.4826200506067835,0.35819999999999996,0.4456,,,,,1.073640065267682,0,1,101,0.0,0.0,0.7106589078903198,0.7106589078903198,0.986249566078186,0.03271266705348712,0.907563025210084,0.9411764705882353,0.8991596638655462,0.0,0.0,0.2501406887837845,1.3749296556081076
Marginal,fashion_mnist,0,0.0,0.4,100,100,3000,2000,120,801,921,0.3369659338495694,0.2784,0.2963,,,,,1.2967862095683813,0,1,101,0.0,0.0,0.6287167072296143,0.6287167072296143,0.9965272545814514,0.03020055454318263,0.907563025210084,0.9327731092436975,0.907563025210084,0.0,0.0,0.2786947928702768,1.3606526035648616
EL2N,fashion_mnist,0,0.0,0.4,100,100,3000,2000,120,1012,1132,0.40897346631390974,0.31989999999999996,0.3831,,,,,1.3877062490209937,0,1,101,0.0,0.0,0.6585014462471008,0.6585014462471008,0.993836522102356,0.03472425644638158,0.907563025210084,0.9327731092436975,0.907563025210084,0.0,0.0,0.2710264164366555,1.3644867917816723
GraNdLast,fashion_mnist,0,0.0,0.4,100,100,3000,2000,120,1097,1217,0.4377756325993687,0.33799999999999997,0.4065,,,,,1.4317438174039125,0,1,101,0.0,0.0,0.6387953162193298,0.6387953162193298,0.9954687356948853,0.036077908357652295,0.907563025210084,0.9243697478991597,0.907563025210084,0.0,0.0,0.2745864663898779,1.362706766805061
RHO-PretrainRef,fashion_mnist,0,0.0,0.4,100,100,3000,2000,120,1352,1472,0.5235229954123497,0.41590000000000005,0.4951,,,,,1.5686421701684594,0,1,101,0.0,0.0,0.7046849131584167,0.7046849131584167,0.9860671758651733,0.03421597909025785,0.9159663865546218,0.9327731092436975,0.8991596638655462,0.0,0.0,0.25707244391292045,1.3714637780435397
PU-R,fashion_mnist,0,0.0,0.4,100,100,3000,2000,120,892,1012,0.3681140858097933,0.3065,0.3326,,,,,2.0113037824630737,0,1,101,0.0,0.0,0.6805709600448608,0.6805709600448608,0.9946074485778809,0.029953338518863965,0.9159663865546218,0.9411764705882353,0.9159663865546218,0.0,0.0,0.25939550393394456,1.3703022480330276
GREATS,fashion_mnist,0,0.0,0.4,100,100,3000,2000,120,1046,1166,,0.3306,0.3804,,,,,2.0393911004066467,0,1,101,0.0,0.0,0.6986281871795654,0.6986281871795654,0.99165940284729,0.030151890606439413,0.8991596638655462,0.9411764705882353,0.8907563025210085,0.0,0.0,0.25178917868819395,1.374105410655903
MaxLoss,fashion_mnist,0,0.0,0.5,100,100,2500,2500,120,871,991,0.43120477499905974,0.3153,0.41,,,,,1.0499302987009287,0,1,101,0.0,0.0,0.7032245993614197,0.7032245993614197,0.9954417943954468,0.031664949505269026,0.9159663865546218,0.9243697478991597,0.8991596638655462,0.0,0.0,0.2553281880098952,1.3723359059950524
Marginal,fashion_mnist,0,0.0,0.5,100,100,2500,2500,120,614,734,0.32580627367133275,0.26959999999999995,0.2814,,,,,1.2329164268448949,0,1,101,0.0,0.0,0.6390203237533569,0.6390203237533569,0.9953688979148865,0.03177088574201119,0.9159663865546218,0.9327731092436975,0.9159663865546218,0.0,0.0,0.27554228376451784,1.362228858117741
EL2N,fashion_mnist,0,0.0,0.5,100,100,2500,2500,120,949,1069,0.4628623650642112,0.3447,0.4337,,,,,1.3234183248132467,0,1,101,0.0,0.0,0.6982750296592712,0.6982750296592712,0.9960442185401917,0.03340225385016754,0.907563025210084,0.9327731092436975,0.8991596638655462,0.0,0.0,0.26096954237297154,1.3695152288135142
GraNdLast,fashion_mnist,0,0.0,0.5,100,100,2500,2500,120,857,977,0.4255070735816844,0.33230000000000004,0.3904,,,,,1.3435636181384325,0,1,101,0.0,0.0,0.6212502121925354,0.6212502121925354,0.9956226348876953,0.03357774945868164,0.8991596638655462,0.9159663865546218,0.8991596638655462,0.0,0.0,0.27862430052964204,1.360687849735179
RHO-PretrainRef,fashion_mnist,0,0.0,0.5,100,100,2500,2500,120,1083,1203,0.5169130438589491,0.3799,0.4806,,,,,1.4580630203709006,0,1,101,0.0,0.0,0.6947610378265381,0.6947610378265381,0.9909039735794067,0.034380151945001935,0.8571428571428571,0.9243697478991597,0.8487394957983193,0.0,0.0,0.26153502490769964,1.3692324875461501
PU-R,fashion_mnist,0,0.0,0.5,100,100,2500,2500,120,805,925,0.4043017747462727,0.3489,0.3679,,,,,1.8951919553801417,0,1,101,0.0,0.0,0.6602272391319275,0.6602272391319275,0.9958968162536621,0.031217858445744553,0.9243697478991597,0.9411764705882353,0.9243697478991597,0.0,0.0,0.27386212086212625,1.3630689395689368
GREATS,fashion_mnist,0,0.0,0.5,100,100,2500,2500,120,778,898,,0.31720000000000004,0.363,,,,,1.8709733663126826,0,1,101,0.0,0.0,0.6771849393844604,0.6771849393844604,0.9921760559082031,0.03282543328128943,0.8991596638655462,0.9243697478991597,0.8907563025210085,0.0,0.0,0.26706109155013347,1.3664694542249332
MaxLoss,fashion_mnist,0,0.0,0.6,100,100,2000,3000,120,683,803,0.4402129251975566,0.33440000000000003,0.4154,,,,,1.031419930048287,0,1,101,0.0,0.0,0.7048782110214233,0.7048782110214233,0.9936403036117554,0.03121435855116163,0.8991596638655462,0.9327731092436975,0.8823529411764706,0.0,0.0,0.2515648033856649,1.3742175983071676
Marginal,fashion_mnist,0,0.0,0.6,100,100,2000,3000,120,443,563,0.316806957765948,0.25460000000000005,0.2636,,,,,1.1692651752382517,0,1,101,0.0,0.0,0.6573633551597595,0.6573633551597595,0.9955494403839111,0.028041684264395416,0.9159663865546218,0.9327731092436975,0.907563025210084,0.0,0.0,0.2618848969946862,1.3690575515026568
EL2N,fashion_mnist,0,0.0,0.6,100,100,2000,3000,120,653,773,0.42492904723621905,0.3337,0.4061,,,,,1.2278101546689868,0,1,101,0.0,0.0,0.6624003052711487,0.6624003052711487,0.9980376958847046,0.031839402032499554,0.9243697478991597,0.9243697478991597,0.907563025210084,0.0,0.0,0.2656130229985213,1.3671934885007393
GraNdLast,fashion_mnist,0,0.0,0.6,100,100,2000,3000,120,628,748,0.4121630929876119,0.32620000000000005,0.3761,,,,,1.2492910465225577,0,1,101,0.0,0.0,0.6202384233474731,0.6202384233474731,0.9975958466529846,0.029896108167512075,0.907563025210084,0.9327731092436975,0.907563025210084,0.0,0.0,0.2718702080110426,1.3640648959944786
RHO-PretrainRef,fashion_mnist,0,0.0,0.6,100,100,2000,3000,120,800,920,0.4994629898574203,0.3882,0.4626,,,,,1.3349801348522305,0,1,101,0.0,0.0,0.7160463333129883,0.7160463333129883,0.9903602600097656,0.03130536119477088,0.9159663865546218,0.9327731092436975,0.8991596638655462,0.0,0.0,0.24766680852001052,1.3761665957399947
PU-R,fashion_mnist,0,0.0,0.6,100,100,2000,3000,120,546,666,0.37009686295641586,0.3013,0.3334,,,,,1.750466549769044,0,1,101,0.0,0.0,0.6660904288291931,0.6660904288291931,0.9928722381591797,0.03254405202484932,0.9243697478991597,0.9495798319327731,0.9243697478991597,0.0,0.0,0.2725848424780922,1.3637075787609538
GREATS,fashion_mnist,0,0.0,0.6,100,100,2000,3000,120,586,706,,0.3133,0.3472,,,,,1.6459768284112215,0,1,101,0.0,0.0,0.6851804852485657,0.6851804852485657,0.9878690838813782,0.032826511048469224,0.8991596638655462,0.9327731092436975,0.8991596638655462,0.0,0.0,0.26745132678942274,1.3662743366052887
MaxLoss,fashion_mnist,0,0.0,0.7,100,100,1500,3500,120,519,639,0.4706872256938368,0.31679999999999997,0.4177,,,,,0.9756130296736956,0,1,101,0.0,0.0,0.6993927359580994,0.6993927359580994,0.9906907081604004,0.035421762771967076,0.8991596638655462,0.9327731092436975,0.8823529411764706,0.0,0.0,0.2528254235655715,1.3735872882172142
Marginal,fashion_mnist,0,0.0,0.7,100,100,1500,3500,120,351,471,0.35578703932696953,0.27070000000000005,0.2843,,,,,1.0993776833638549,0,1,101,0.0,0.0,0.6271480321884155,0.6271480321884155,0.99717777967453,0.030971061907896474,0.907563025210084,0.9327731092436975,0.8991596638655462,0.0,0.0,0.2791622434922253,1.3604188782538873
EL2N,fashion_mnist,0,0.0,0.7,100,100,1500,3500,120,468,588,0.43607055360917,0.33220000000000005,0.3961,,,,,1.1190907564014196,0,1,101,0.0,0.0,0.6832420229911804,0.6832420229911804,0.9939212203025818,0.03528724385409796,0.9159663865546218,0.9243697478991597,0.8991596638655462,0.0,0.0,0.26279718889725634,1.3686014055513718
GraNdLast,fashion_mnist,0,0.0,0.7,100,100,1500,3500,120,431,551,0.4108162928605452,0.3045,0.3591,,,,,1.1460204888135195,0,1,101,0.0,0.0,0.6580522656440735,0.6580522656440735,0.9938968420028687,0.034270759264962015,0.907563025210084,0.9243697478991597,0.8991596638655462,0.0,0.0,0.2659444689703296,1.3670277655148353
RHO-PretrainRef,fashion_mnist,0,0.0,0.7,100,100,1500,3500,120,442,562,0.41833689104532823,0.2993,0.3686,,,,,1.1873065736144781,0,1,101,0.0,0.0,0.6977826356887817,0.6977826356887817,0.9903179407119751,0.035171710267788224,0.9159663865546218,0.9327731092436975,0.907563025210084,0.0,0.0,0.25419353771740333,1.3729032311412983
PU-R,fashion_mnist,0,0.0,0.7,100,100,1500,3500,120,430,550,0.4101320680929348,0.32110000000000005,0.35,,,,,1.6068648444488645,0,1,101,0.0,0.0,0.6505629420280457,0.6505629420280457,0.9958059191703796,0.034042105078697205,0.907563025210084,0.9327731092436975,0.8991596638655462,0.0,0.0,0.27835029921690985,1.3608248503915452
GREATS,fashion_mnist,0,0.0,0.7,100,100,1500,3500,120,382,502,,0.2942,0.3321,,,,,1.4841225622221828,0,1,101,0.0,0.0,0.6778573393821716,0.6778573393821716,0.9890124797821045,0.03364721140941652,0.9243697478991597,0.9327731092436975,0.907563025210084,0.0,0.0,0.2640089798719405,1.3679955100640298
MaxLoss,fashion_mnist,0,0.0,0.8,100,100,1000,4000,120,276,396,0.44933867442887276,0.30810000000000004,0.3635,,,,,0.9314839132130146,0,1,101,0.0,0.0,0.676398754119873,0.676398754119873,0.9928019046783447,0.03277427934798874,0.9159663865546218,0.9495798319327731,0.9159663865546218,0.0,0.0,0.2634686962947265,1.3682656518526368
Marginal,fashion_mnist,0,0.0,0.8,100,100,1000,4000,120,232,352,0.4040691434056498,0.27149999999999996,0.2832,,,,,1.029919452033937,0,1,101,0.0,0.0,0.6401438117027283,0.6401438117027283,0.9964346885681152,0.024950814597746906,0.9243697478991597,0.957983193277311,0.9243697478991597,0.0,0.0,0.268806243858762,1.365596878070619
EL2N,fashion_mnist,0,0.0,0.8,100,100,1000,4000,120,245,365,0.4174928482971154,0.28580000000000005,0.3454,,,,,1.0408126460388303,0,1,101,0.0,0.0,0.6667171120643616,0.6667171120643616,0.9947541952133179,0.030130050262483228,0.907563025210084,0.9411764705882353,0.907563025210084,0.0,0.0,0.2600579974750708,1.3699710012624646
GraNdLast,fashion_mnist,0,0.0,0.8,100,100,1000,4000,120,301,421,0.47485690930625424,0.32789999999999997,0.3769,,,,,1.0635658064857125,0,1,101,0.0,0.0,0.6247827410697937,0.6247827410697937,0.9969500303268433,0.03319783671563413,0.907563025210084,0.9411764705882353,0.907563025210084,0.0,0.0,0.27756816042790305,1.3612159197860485
RHO-PretrainRef,fashion_mnist,0,0.0,0.8,100,100,1000,4000,120,259,379,0.4319031703635119,0.2843,0.3628,,,,,1.0930030848830938,0,1,101,0.0,0.0,0.6880185604095459,0.6880185604095459,0.9914987087249756,0.03207661173924679,0.8991596638655462,0.9411764705882353,0.8991596638655462,0.0,0.0,0.25955528823272705,1.3702223558836364
PU-R,fashion_mnist,0,0.0,0.8,100,100,1000,4000,120,239,359,0.4113024548860267,0.30800000000000005,0.3344,,,,,1.480286993086338,0,1,101,0.0,0.0,0.6741239428520203,0.6741239428520203,0.9893419146537781,0.02970506563907912,0.9243697478991597,0.9495798319327731,0.9243697478991597,0.0,0.0,0.2649791646363884,1.3675104176818058
GREATS,fashion_mnist,0,0.0,0.8,100,100,1000,4000,120,232,352,,0.2973,0.3346,,,,,1.3171755550429225,0,1,101,0.0,0.0,0.6747788190841675,0.6747788190841675,0.988921582698822,0.03169364288073628,0.9159663865546218,0.9411764705882353,0.8991596638655462,0.0,0.0,0.2674338966804703,1.3662830516597648
MaxLoss,fashion_mnist,1,0.0,0.0,100,100,5000,0,120,2416,2536,0.5331599807250313,0.3748,0.5084,,,,,1.2304612919688225,0,1,101,0.0,0.0,0.7214208245277405,0.7214208245277405,0.9899125099182129,0.03571430186764533,0.8823529411764706,0.9327731092436975,0.8823529411764706,0.0,0.0,0.2527908123492231,1.3736045938253885
Marginal,fashion_mnist,1,0.0,0.0,100,100,5000,0,120,1367,1487,0.3207447267486714,0.26959999999999995,0.2885,,,,,1.613011959940195,0,1,101,0.0,0.0,0.6635267734527588,0.6635267734527588,0.9967827796936035,0.034616873294365504,0.9159663865546218,0.9327731092436975,0.907563025210084,0.0,0.0,0.26757338735240105,1.3662133063237993
EL2N,fashion_mnist,1,0.0,0.0,100,100,5000,0,120,2271,2391,0.5040837432607077,0.36970000000000003,0.4756,,,,,1.8104869034141302,0,1,101,0.0,0.0,0.6558763980865479,0.6558763980865479,0.993710994720459,0.03717871836754454,0.8907563025210085,0.9159663865546218,0.8907563025210085,0.0,0.0,0.27852437620503334,1.3607378118974833
GraNdLast,fashion_mnist,1,0.0,0.0,100,100,5000,0,120,2093,2213,0.4682693650247529,0.3567,0.4312,,,,,1.8476039581000805,0,1,101,0.0,0.0,0.6667376756668091,0.6667376756668091,0.9951326847076416,0.034654930359175225,0.8907563025210085,0.9243697478991597,0.8907563025210085,0.0,0.0,0.26811865096074433,1.3659406745196279
RHO-PretrainRef,fashion_mnist,1,0.0,0.0,100,100,5000,0,120,2353,2473,0.5205376937519759,0.3853,0.5011,,,,,2.0183603456243873,0,1,101,0.0,0.0,0.732099175453186,0.732099175453186,0.9937127828598022,0.0336893249710067,0.907563025210084,0.9327731092436975,0.907563025210084,0.0,0.0,0.24612441817881006,1.376937790910595
PU-R,fashion_mnist,1,0.0,0.0,100,100,5000,0,120,1654,1774,0.3793562806677073,0.3235,0.3556,,,,,2.6888742186129093,0,1,101,0.0,0.0,0.6929450631141663,0.6929450631141663,0.9971828460693359,0.0341925794462196,0.9327731092436975,0.9327731092436975,0.9159663865546218,0.0,0.0,0.2606195706853624,1.3696902146573189
GREATS,fashion_mnist,1,0.0,0.0,100,100,5000,0,120,2026,2146,,0.362,0.4258,,,,,2.896255695261061,0,1,101,0.0,0.0,0.7218480706214905,0.7218480706214905,0.9959325790405273,0.03811846022345439,0.8823529411764706,0.9327731092436975,0.8823529411764706,0.0,0.0,0.2534631912521409,1.3732684043739296
MaxLoss,fashion_mnist,1,0.0,0.1,100,100,4500,500,120,2182,2302,0.5388189522782341,0.38270000000000004,0.5001,,,,,1.2081643976271152,0,1,101,0.0,0.0,0.7162608504295349,0.7162608504295349,0.9918378591537476,0.033824318972956235,0.8991596638655462,0.9495798319327731,0.8907563025210085,0.0,0.0,0.2550898935203598,1.37245505323982
Marginal,fashion_mnist,1,0.0,0.1,100,100,4500,500,120,1307,1427,0.342124096932821,0.30289999999999995,0.3169,,,,,1.5848324708640575,0,1,101,0.0,0.0,0.6514466404914856,0.6514466404914856,0.998464822769165,0.02904216550728854,0.9159663865546218,0.9495798319327731,0.9159663865546218,0.0,0.0,0.2603294340717714,1.3698352829641143
EL2N,fashion_mnist,1,0.0,0.1,100,100,4500,500,120,1797,1917,0.4528074521222152,0.33620000000000005,0.4104,,,,,1.700980518013239,0,1,101,0.0,0.0,0.665562629699707,0.665562629699707,0.997458815574646,0.032378109563298584,0.907563025210084,0.9411764705882353,0.907563025210084,0.0,0.0,0.2666487449726303,1.3666756275136849
GraNdLast,fashion_mnist,1,0.0,0.1,100,100,4500,500,120,1830,1950,0.46021170972380787,0.3629,0.424,,,,,1.7939928164705634,0,1,101,0.0,0.0,0.6167710423469543,0.6167710423469543,0.9977658987045288,0.03417026451906236,0.907563025210084,0.9327731092436975,0.907563025210084,0.0,0.0,0.28188729162600373,1.3590563541869982
RHO-PretrainRef,fashion_mnist,1,0.0,0.1,100,100,4500,500,120,2094,2214,0.5192304535303265,0.3719,0.4955,,,,,1.8966204272583127,0,1,101,0.0,0.0,0.7019709944725037,0.7019709944725037,0.9966357350349426,0.0326639314909943,0.865546218487395,0.9411764705882353,0.865546218487395,0.0,0.0,0.2562242948112952,1.3718878525943525
PU-R,fashion_mnist,1,0.0,0.1,100,100,4500,500,120,1332,1452,0.3478067035903223,0.30379999999999996,0.3233,,,,,2.5328415846452117,0,1,101,0.0,0.0,0.6756769418716431,0.6756769418716431,0.9971269369125366,0.03630952781238476,0.8991596638655462,0.9411764705882353,0.8991596638655462,0.0,0.0,0.2679025674100455,1.3660487162949773
GREATS,fashion_mnist,1,0.0,0.1,100,100,4500,500,120,1688,1808,,0.33699999999999997,0.4159,,,,,2.7115512220188975,0,1,101,0.0,0.0,0.7118730545043945,0.7118730545043945,0.9943207502365112,0.03479056298231878,0.8991596638655462,0.9327731092436975,0.8991596638655462,0.0,0.0,0.2581498487475814,1.3709250756262092
MaxLoss,fashion_mnist,1,0.0,0.2,100,100,4000,1000,120,1678,1798,0.47803432669024915,0.38380000000000003,0.4545,,,,,1.156462261453271,0,1,101,0.0,0.0,0.7072855234146118,0.7072855234146118,0.9921969175338745,0.035057461937936414,0.8739495798319328,0.9327731092436975,0.8739495798319328,0.0,0.0,0.2557445186123018,1.3721277406938492
Marginal,fashion_mnist,1,0.0,0.2,100,100,4000,1000,120,1167,1287,0.3482955612707883,0.3006,0.3175,,,,,1.459498343989253,0,1,101,0.0,0.0,0.6535835862159729,0.6535835862159729,0.9950838088989258,0.03467607372949103,0.8991596638655462,0.9243697478991597,0.8991596638655462,0.0,0.0,0.2705612317288708,1.3647193841355647
EL2N,fashion_mnist,1,0.0,0.2,100,100,4000,1000,120,1654,1774,0.47198552900226787,0.35119999999999996,0.4412,,,,,1.552758052945137,0,1,101,0.0,0.0,0.6671806573867798,0.6671806573867798,0.9964666962623596,0.03400290168884421,0.9159663865546218,0.9243697478991597,0.907563025210084,0.0,0.0,0.26266098504587093,1.3686695074770645
GraNdLast,fashion_mnist,1,0.0,0.2,100,100,4000,1000,120,1671,1791,0.47627053112955764,0.36619999999999997,0.4378,,,,,1.6455837674438953,0,1,101,0.0,0.0,0.6362351179122925,0.6362351179122925,0.995014488697052,0.03258231495107923,0.8991596638655462,0.9243697478991597,0.8991596638655462,0.0,0.0,0.2708794806181865,1.3645602596909068
RHO-PretrainRef,fashion_mnist,1,0.0,0.2,100,100,4000,1000,120,1694,1814,0.482064509880729,0.37360000000000004,0.4704,,,,,1.72506064735353,0,1,101,0.0,0.0,0.7043201327323914,0.7043201327323914,0.9937828779220581,0.038790653984085856,0.8571428571428571,0.9243697478991597,0.8571428571428571,0.0,0.0,0.2647366122202375,1.3676316938898814
PU-R,fashion_mnist,1,0.0,0.2,100,100,4000,1000,120,1320,1440,0.3873571357689798,0.33930000000000005,0.3747,,,,,2.292723085731268,0,1,101,0.0,0.0,0.6725665330886841,0.6725665330886841,0.9950379133224487,0.033828198283660314,0.9159663865546218,0.9411764705882353,0.907563025210084,0.0,0.0,0.26789557046630885,1.3660522147668455
GREATS,fashion_mnist,1,0.0,0.2,100,100,4000,1000,120,1699,1819,,0.37570000000000003,0.4606,,,,,2.47420415841043,0,1,101,0.0,0.0,0.7121632695198059,0.7121632695198059,0.9975210428237915,0.03496061753825981,0.8823529411764706,0.9243697478991597,0.8739495798319328,0.0,0.0,0.25337130967780597,1.373314345161097
MaxLoss,fashion_mnist,1,0.0,0.3,100,100,3500,1500,120,1583,1703,0.517149830062408,0.40659999999999996,0.4936,,,,,1.1385860675945878,0,1,101,0.0,0.0,0.7156649827957153,0.7156649827957153,0.9895396828651428,0.03354922988835503,0.865546218487395,0.9411764705882353,0.865546218487395,0.0,0.0,0.2526026418730038,1.373698679063498
Marginal,fashion_mnist,1,0.0,0.3,100,100,3500,1500,120,925,1045,0.3262077594990842,0.27480000000000004,0.2926,,,,,1.4066901672631502,0,1,101,0.0,0.0,0.6589565873146057,0.6589565873146057,0.9960020184516907,0.029439921514326783,0.907563025210084,0.9411764705882353,0.907563025210084,0.0,0.0,0.2636827131325067,1.3681586434337467
EL2N,fashion_mnist,1,0.0,0.3,100,100,3500,1500,120,1363,1483,0.45382382214302197,0.3417,0.4177,,,,,1.4958933042362332,0,1,101,0.0,0.0,0.6462870240211487,0.6462870240211487,0.9956193566322327,0.04121015239663485,0.8991596638655462,0.9327731092436975,0.8991596638655462,0.0,0.0,0.28364200559440045,1.3581789972027998
GraNdLast,fashion_mnist,1,0.0,0.3,100,100,3500,1500,120,1413,1533,0.4682594919577241,0.3688,0.4345,,,,,1.583293640986085,0,1,101,0.0,0.0,0.629255473613739,0.629255473613739,0.9960463047027588,0.03272512580166344,0.907563025210084,0.9327731092436975,0.907563025210084,0.0,0.0,0.2763289543818523,1.361835522809074
RHO-PretrainRef,fashion_mnist,1,0.0,0.3,100,100,3500,1500,120,1437,1557,0.475179486151319,0.3669,0.45,,,,,1.6246548937633634,0,1,101,0.0,0.0,0.7115978002548218,0.7115978002548218,0.9918428659439087,0.033209324383936006,0.8907563025210085,0.9327731092436975,0.8907563025210085,0.0,0.0,0.25222246629659567,1.3738887668517021
PU-R,fashion_mnist,1,0.0,0.3,100,100,3500,1500,120,1156,1276,0.39378031907835975,0.3228,0.3547,,,,,2.176552682183683,0,1,101,0.0,0.0,0.6847597360610962,0.6847597360610962,0.9935024976730347,0.03216011546740011,0.907563025210084,0.9411764705882353,0.907563025210084,0.0,0.0,0.2552589157768871,1.3723705421115564
GREATS,fashion_mnist,1,0.0,0.3,100,100,3500,1500,120,1221,1341,,0.3345,0.3835,,,,,2.265812191180885,0,1,101,0.0,0.0,0.701500415802002,0.701500415802002,0.988296627998352,0.03677092955893829,0.8823529411764706,0.9411764705882353,0.8739495798319328,0.0,0.0,0.26409127488635165,1.3679543625568242
MaxLoss,fashion_mnist,1,0.0,0.4,100,100,3000,2000,120,1452,1572,0.5568856404861435,0.45099999999999996,0.5224,,,,,1.0938892289996147,0,1,101,0.0,0.0,0.7059058547019958,0.7059058547019958,0.9912691116333008,0.03367791055631237,0.8991596638655462,0.9411764705882353,0.8907563025210085,0.0,0.0,0.254111964807506,1.372944017596247
Marginal,fashion_mnist,1,0.0,0.4,100,100,3000,2000,120,751,871,0.31978777644690126,0.2621,0.2748,,,,,1.3177315555512905,0,1,101,0.0,0.0,0.6506329774856567,0.6506329774856567,0.9986374378204346,0.029942996831250793,0.8991596638655462,0.9495798319327731,0.8991596638655462,0.0,0.0,0.268316930900156,1.365841534549922
EL2N,fashion_mnist,1,0.0,0.4,100,100,3000,2000,120,1206,1326,0.47454753471538424,0.3659,0.4371,,,,,1.408496887423098,0,1,101,0.0,0.0,0.6360801458358765,0.6360801458358765,0.9963576793670654,0.0356525970356805,0.8823529411764706,0.9411764705882353,0.8823529411764706,0.0,0.0,0.27908450520629746,1.3604577473968513
GraNdLast,fashion_mnist,1,0.0,0.4,100,100,3000,2000,120,1102,1222,0.4394663770799525,0.33230000000000004,0.3894,,,,,1.4652756862342358,0,1,101,0.0,0.0,0.6332967877388,0.6332967877388,0.9940422773361206,0.034370801028083355,0.907563025210084,0.9327731092436975,0.907563025210084,0.0,0.0,0.27315575324675123,1.3634221233766244
RHO-PretrainRef,fashion_mnist,1,0.0,0.4,100,100,3000,2000,120,1281,1401,0.4997456590645015,0.37960000000000005,0.4715,,,,,1.528943132609129,0,1,101,0.0,0.0,0.7070742249488831,0.7070742249488831,0.99256432056427,0.03353444906342931,0.907563025210084,0.9411764705882353,0.8991596638655462,0.0,0.0,0.25356371318048515,1.3732181434097575
PU-R,fashion_mnist,1,0.0,0.4,100,100,3000,2000,120,1127,1247,0.4479143447242677,0.3942,0.4184,,,,,2.0602505626156926,0,1,101,0.0,0.0,0.6756448745727539,0.6756448745727539,0.9961022734642029,0.0340099636496616,0.8991596638655462,0.9495798319327731,0.8991596638655462,0.0,0.0,0.26626695088610514,1.3668665245569476
GREATS,fashion_mnist,1,0.0,0.4,100,100,3000,2000,120,926,1046,,0.2932,0.3376,,,,,2.04899759311229,0,1,101,0.0,0.0,0.678373396396637,0.678373396396637,0.9948220252990723,0.034196869540615245,0.8907563025210085,0.9495798319327731,0.8907563025210085,0.0,0.0,0.2697920908211114,1.3651039545894443
MaxLoss,fashion_mnist,1,0.0,0.5,100,100,2500,2500,120,927,1047,0.45394805824616924,0.35519999999999996,0.4333,,,,,1.0650498447939754,0,1,101,0.0,0.0,0.7029799222946167,0.7029799222946167,0.9904730916023254,0.033798849131880686,0.8991596638655462,0.9243697478991597,0.8823529411764706,0.0,0.0,0.2572422131741171,1.3713788934129414
Marginal,fashion_mnist,1,0.0,0.5,100,100,2500,2500,120,628,748,0.3315943129709922,0.2682,0.2814,,,,,1.250065391883254,0,1,101,0.0,0.0,0.6493856310844421,0.6493856310844421,0.9941099882125854,0.031135304510092533,0.8739495798319328,0.9327731092436975,0.8739495798319328,0.0,0.0,0.2729607352277292,1.3635196323861354
EL2N,fashion_mnist,1,0.0,0.5,100,100,2500,2500,120,906,1026,0.44542817724868655,0.3337,0.4038,,,,,1.322676496580243,0,1,101,0.0,0.0,0.6695942878723145,0.6695942878723145,0.9944744110107422,0.03313421326525071,0.907563025210084,0.9327731092436975,0.907563025210084,0.0,0.0,0.26707197291815093,1.3664640135409245
GraNdLast,fashion_mnist,1,0.0,0.5,100,100,2500,2500,120,888,1008,0.4381169883417897,0.34850000000000003,0.4127,,,,,1.378423866815865,0,1,101,0.0,0.0,0.6506980657577515,0.6506980657577515,0.9953476190567017,0.034200466981455055,0.8907563025210085,0.9243697478991597,0.8823529411764706,0.0,0.0,0.2722333518809886,1.3638833240595056
RHO-PretrainRef,fashion_mnist,1,0.0,0.5,100,100,2500,2500,120,904,1024,0.4446162084932439,0.3436,0.4136,,,,,1.432544701732695,0,1,101,0.0,0.0,0.6954272389411926,0.6954272389411926,0.991744339466095,0.03394742773360565,0.8991596638655462,0.9243697478991597,0.8907563025210085,0.0,0.0,0.2625886998940296,1.368705650052985
PU-R,fashion_mnist,1,0.0,0.5,100,100,2500,2500,120,669,789,0.3485123323625885,0.29279999999999995,0.3143,,,,,1.8990006148815155,0,1,101,0.0,0.0,0.6693321466445923,0.6693321466445923,0.992337703704834,0.032116579408405205,0.8991596638655462,0.9243697478991597,0.8907563025210085,0.0,0.0,0.26922177765618793,1.365389111171906
GREATS,fashion_mnist,1,0.0,0.5,100,100,2500,2500,120,778,898,,0.31310000000000004,0.3605,,,,,1.9167300378903747,0,1,101,0.0,0.0,0.6825897693634033,0.6825897693634033,0.9823242425918579,0.03423015460246751,0.907563025210084,0.9327731092436975,0.8907563025210085,0.0,0.0,0.268979648542683,1.3655101757286585
MaxLoss,fashion_mnist,1,0.0,0.6,100,100,2000,3000,120,797,917,0.4979507314856164,0.3437,0.4512,,,,,1.0370904067531228,0,1,101,0.0,0.0,0.7030816674232483,0.7030816674232483,0.9965788125991821,0.0329246470908157,0.8991596638655462,0.9495798319327731,0.8907563025210085,0.0,0.0,0.2557442447105897,1.3721278776447052
Marginal,fashion_mnist,1,0.0,0.6,100,100,2000,3000,120,479,599,0.33549288427457213,0.245,0.2639,,,,,1.1719284057617188,0,1,101,0.0,0.0,0.6546314358711243,0.6546314358711243,0.9958466291427612,0.02977798691316813,0.8907563025210085,0.9411764705882353,0.8907563025210085,0.0,0.0,0.2671653734019803,1.3664173132990098
EL2N,fashion_mnist,1,0.0,0.6,100,100,2000,3000,120,748,868,0.4731988873681985,0.33830000000000005,0.4293,,,,,1.2252029618248343,0,1,101,0.0,0.0,0.6690025925636292,0.6690025925636292,0.9947734475135803,0.03159401446831327,0.9243697478991597,0.9327731092436975,0.9243697478991597,0.0,0.0,0.2643387575333205,1.3678306212333398
GraNdLast,fashion_mnist,1,0.0,0.6,100,100,2000,3000,120,671,791,0.43410395010141656,0.3278,0.3835,,,,,1.2551937466487288,0,1,101,0.0,0.0,0.6527617573738098,0.6527617573738098,0.9958235025405884,0.032358503391762744,0.9159663865546218,0.9411764705882353,0.9159663865546218,0.0,0.0,0.264836412044068,1.367581793977966
RHO-PretrainRef,fashion_mnist,1,0.0,0.6,100,100,2000,3000,120,702,822,0.4498731030616909,0.3195,0.403,,,,,1.3121018996462226,0,1,101,0.0,0.0,0.7011712193489075,0.7011712193489075,0.9971385598182678,0.03236906368191503,0.8991596638655462,0.9327731092436975,0.8991596638655462,0.0,0.0,0.25777218808689356,1.3711139059565531
PU-R,fashion_mnist,1,0.0,0.6,100,100,2000,3000,120,578,698,0.3865490449825302,0.32330000000000003,0.3441,,,,,1.7581840259954333,0,1,101,0.0,0.0,0.6688100695610046,0.6688100695610046,0.9971222877502441,0.03181550958577324,0.907563025210084,0.9327731092436975,0.8991596638655462,0.0,0.0,0.2675311317882692,1.3662344341058654
GREATS,fashion_mnist,1,0.0,0.6,100,100,2000,3000,120,616,736,,0.2853,0.3456,,,,,1.678889462724328,0,1,101,0.0,0.0,0.7025211453437805,0.7025211453437805,0.99600750207901,0.031256445816584995,0.8907563025210085,0.9411764705882353,0.8907563025210085,0.0,0.0,0.2559212599170794,1.3720393700414601
MaxLoss,fashion_mnist,1,0.0,0.7,100,100,1500,3500,120,455,575,0.42721109866397455,0.32989999999999997,0.3991,,,,,0.9968471145257354,0,1,101,0.0,0.0,0.6934750080108643,0.6934750080108643,0.9887955188751221,0.03314848306800137,0.8907563025210085,0.9495798319327731,0.8823529411764706,0.0,0.0,0.257926693552679,1.3710366532236606
Marginal,fashion_mnist,1,0.0,0.7,100,100,1500,3500,120,340,460,0.34817250550258905,0.26470000000000005,0.2812,,,,,1.1300620408728719,0,1,101,0.0,0.0,0.6476235389709473,0.6476235389709473,0.9960193634033203,0.0304433156211837,0.9159663865546218,0.9327731092436975,0.9159663865546218,0.0,0.0,0.2679986820108403,1.36600065899458
EL2N,fashion_mnist,1,0.0,0.7,100,100,1500,3500,120,437,557,0.4149197692167945,0.30310000000000004,0.3682,,,,,1.1554402709007263,0,1,101,0.0,0.0,0.7032557725906372,0.7032557725906372,0.9929221868515015,0.03182528099092115,0.9243697478991597,0.9411764705882353,0.9243697478991597,0.0,0.0,0.24733239942968036,1.3763338002851597
GraNdLast,fashion_mnist,1,0.0,0.7,100,100,1500,3500,120,422,542,0.4046550440834835,0.29479999999999995,0.3522,,,,,1.1786479614675045,0,1,101,0.0,0.0,0.6407299637794495,0.6407299637794495,0.9965539574623108,0.03351681197390837,0.9159663865546218,0.9243697478991597,0.9159663865546218,0.0,0.0,0.27129424251078743,1.3643528787446062
RHO-PretrainRef,fashion_mnist,1,0.0,0.7,100,100,1500,3500,120,443,563,0.41902005003066733,0.3104,0.3754,,,,,1.222406517714262,0,1,101,0.0,0.0,0.700151801109314,0.700151801109314,0.9921483993530273,0.032399412213253376,0.907563025210084,0.9327731092436975,0.8907563025210085,0.0,0.0,0.2525524680593765,1.3737237659703116
PU-R,fashion_mnist,1,0.0,0.7,100,100,1500,3500,120,415,535,0.3998579164617695,0.31079999999999997,0.3302,,,,,1.646141104400158,0,1,101,0.0,0.0,0.6722845435142517,0.6722845435142517,0.991458535194397,0.029889870341084583,0.9243697478991597,0.9411764705882353,0.9159663865546218,0.0,0.0,0.2603037371111444,1.3698481314444277
GREATS,fashion_mnist,1,0.0,0.7,100,100,1500,3500,120,415,535,,0.31489999999999996,0.3626,,,,,1.524783980101347,0,1,101,0.0,0.0,0.6811522245407104,0.6811522245407104,0.9866818189620972,0.034298380257702675,0.8991596638655462,0.9327731092436975,0.8991596638655462,0.0,0.0,0.2663225031333521,1.366838748433324
MaxLoss,fashion_mnist,1,0.0,0.8,100,100,1000,4000,120,297,417,0.47078364074695855,0.31399999999999995,0.3919,,,,,0.949647887609899,0,1,101,0.0,0.0,0.7105281352996826,0.7105281352996826,0.9906206727027893,0.037276647296272405,0.8907563025210085,0.9243697478991597,0.8907563025210085,0.0,0.0,0.257704708665092,1.371147645667454
Marginal,fashion_mnist,1,0.0,0.8,100,100,1000,4000,120,226,346,0.3978594695799984,0.28859999999999997,0.3034,,,,,1.037724046036601,0,1,101,0.0,0.0,0.6485232710838318,0.6485232710838318,0.995223343372345,0.029558885372987315,0.9159663865546218,0.9327731092436975,0.9159663865546218,0.0,0.0,0.26751153536577554,1.3662442323171122
EL2N,fashion_mnist,1,0.0,0.8,100,100,1000,4000,120,246,366,0.41852372663561255,0.2885,0.3421,,,,,1.0423170207068324,0,1,101,0.0,0.0,0.6927081346511841,0.6927081346511841,0.9938470721244812,0.03449305616507009,0.865546218487395,0.9243697478991597,0.865546218487395,0.0,0.0,0.2580431017803256,1.3709784491098373
GraNdLast,fashion_mnist,1,0.0,0.8,100,100,1000,4000,120,274,394,0.4472909655305557,0.30410000000000004,0.3585,,,,,1.067263568751514,0,1,101,0.0,0.0,0.6481131911277771,0.6481131911277771,0.9966004490852356,0.03313962464072123,0.8991596638655462,0.9327731092436975,0.8991596638655462,0.0,0.0,0.2680486317230668,1.3659756841384665
RHO-PretrainRef,fashion_mnist,1,0.0,0.8,100,100,1000,4000,120,264,384,0.43703834275947884,0.29590000000000005,0.3636,,,,,1.1007097251713276,0,1,101,0.0,0.0,0.7070968747138977,0.7070968747138977,0.9943510293960571,0.033872481905111745,0.8487394957983193,0.9327731092436975,0.8487394957983193,0.0,0.0,0.2535653067904465,1.3732173466047768
PU-R,fashion_mnist,1,0.0,0.8,100,100,1000,4000,120,258,378,0.4308754220837727,0.3356,0.365,,,,,1.4895961778238416,0,1,101,0.0,0.0,0.6794382929801941,0.6794382929801941,0.990565836429596,0.03334930820875809,0.907563025210084,0.9327731092436975,0.8991596638655462,0.0,0.0,0.2668412729760877,1.3665793635119563
GREATS,fashion_mnist,1,0.0,0.8,100,100,1000,4000,120,272,392,,0.32489999999999997,0.3574,,,,,1.3603021334856749,0,1,101,0.0,0.0,0.683979332447052,0.683979332447052,0.9933711290359497,0.03512525627342593,0.8991596638655462,0.9327731092436975,0.8907563025210085,0.0,0.0,0.26878595023191026,1.3656070248840448
MaxLoss,fashion_mnist,2,0.0,0.0,100,100,5000,0,120,2372,2492,0.5243461698410101,0.38239999999999996,0.5016,,,,,1.232342330738902,0,1,101,0.0,0.0,0.7238062620162964,0.7238062620162964,0.9911651611328125,0.03310214120800756,0.8739495798319328,0.9411764705882353,0.8739495798319328,0.0,0.0,0.24997191552881365,1.3750140422355932
Marginal,fashion_mnist,2,0.0,0.0,100,100,5000,0,120,1365,1485,0.32033481512917206,0.2782,0.2944,,,,,1.6644787732511759,0,1,101,0.0,0.0,0.668002724647522,0.668002724647522,0.995484471321106,0.02776202659647004,0.8991596638655462,0.9495798319327731,0.8991596638655462,0.0,0.0,0.26438185970274425,1.3678090701486278
EL2N,fashion_mnist,2,0.0,0.0,100,100,5000,0,120,2243,2363,0.4984588603838347,0.38380000000000003,0.487,,,,,1.8197086174041033,0,1,101,0.0,0.0,0.6814531683921814,0.6814531683921814,0.994239091873169,0.038630145187137505,0.8991596638655462,0.9243697478991597,0.8823529411764706,0.0,0.0,0.2730457443591057,1.3634771278204472
GraNdLast,fashion_mnist,2,0.0,0.0,100,100,5000,0,120,2004,2124,0.4503118396969512,0.3619,0.4276,,,,,1.9447155175730586,0,1,101,0.0,0.0,0.6502406001091003,0.6502406001091003,0.9953010082244873,0.03563502130388212,0.8907563025210085,0.9411764705882353,0.8907563025210085,0.0,0.0,0.278950417868142,1.360524791065929
RHO-PretrainRef,fashion_mnist,2,0.0,0.0,100,100,5000,0,120,2612,2732,0.5723222838714719,0.4232,0.553,,,,,2.046115940436721,0,1,101,0.0,0.0,0.7164992094039917,0.7164992094039917,0.9946465492248535,0.03487094009623808,0.8907563025210085,0.9411764705882353,0.8823529411764706,0.0,0.0,0.25897394429885223,1.370513027850574
PU-R,fashion_mnist,2,0.0,0.0,100,100,5000,0,120,1692,1812,0.3870867725345306,0.33140000000000003,0.3576,,,,,2.639018795453012,0,1,101,0.0,0.0,0.6800577640533447,0.6800577640533447,0.9963951110839844,0.0334887624788685,0.8823529411764706,0.9495798319327731,0.8823529411764706,0.0,0.0,0.27012640031081897,1.3649367998445905
GREATS,fashion_mnist,2,0.0,0.0,100,100,5000,0,120,1859,1979,,0.33299999999999996,0.4027,,,,,2.912516625598073,0,1,101,0.0,0.0,0.7051225304603577,0.7051225304603577,0.986854076385498,0.03450402316926908,0.8487394957983193,0.9327731092436975,0.8487394957983193,0.0,0.0,0.2644208284463308,1.3677895857768347
MaxLoss,fashion_mnist,2,0.0,0.1,100,100,4500,500,120,2187,2307,0.5399306681356393,0.399,0.5183,,,,,1.185597033239901,0,1,101,0.0,0.0,0.7064911723136902,0.7064911723136902,0.9890132546424866,0.03539209405915076,0.907563025210084,0.9411764705882353,0.907563025210084,0.0,0.0,0.25790913894294837,1.3710454305285258
Marginal,fashion_mnist,2,0.0,0.1,100,100,4500,500,120,1162,1282,0.3090822215890512,0.26139999999999997,0.2732,,,,,1.4689363772049546,0,1,101,0.0,0.0,0.6405084133148193,0.6405084133148193,0.99751216173172,0.027636658995091413,0.907563025210084,0.9411764705882353,0.907563025210084,0.0,0.0,0.26631015265615154,1.3668449236719242
EL2N,fashion_mnist,2,0.0,0.1,100,100,4500,500,120,2008,2128,0.5000464355107397,0.399,0.4829,,,,,1.5760458689182997,0,1,101,0.0,0.0,0.6845425367355347,0.6845425367355347,0.9947085380554199,0.03572097570956254,0.907563025210084,0.9411764705882353,0.907563025210084,0.0,0.0,0.2616713532598633,1.3691643233700683
GraNdLast,fashion_mnist,2,0.0,0.1,100,100,4500,500,120,1543,1663,0.3956110313301906,0.31479999999999997,0.3765,,,,,1.6802489617839456,0,1,101,0.0,0.0,0.6512932181358337,0.6512932181358337,0.9955719709396362,0.03632820554140235,0.907563025210084,0.9327731092436975,0.907563025210084,0.0,0.0,0.27283419263673453,1.3635829036816327
RHO-PretrainRef,fashion_mnist,2,0.0,0.1,100,100,4500,500,120,2204,2324,0.5437094809603877,0.4121,0.5225,,,,,1.8318686774000525,0,1,101,0.0,0.0,0.7064010500907898,0.7064010500907898,0.9872106313705444,0.03603688132863085,0.9243697478991597,0.9411764705882353,0.9159663865546218,0.0,0.0,0.2569205280633222,1.371539735968339
PU-R,fashion_mnist,2,0.0,0.1,100,100,4500,500,120,1422,1542,0.36823089607059956,0.32709999999999995,0.3504,,,,,2.3313897233456373,0,1,101,0.0,0.0,0.6797456741333008,0.6797456741333008,0.9947456121444702,0.03365570807657322,0.9327731092436975,0.9495798319327731,0.9327731092436975,0.0,0.0,0.2633067456824028,1.3683466271587985
GREATS,fashion_mnist,2,0.0,0.1,100,100,4500,500,120,2003,2123,,0.41369999999999996,0.4794,,,,,2.56570001039654,0,1,101,0.0,0.0,0.7019839286804199,0.7019839286804199,0.9924373626708984,0.034815421124466325,0.8991596638655462,0.9327731092436975,0.8991596638655462,0.0,0.0,0.26150213180209086,1.3692489340989544
MaxLoss,fashion_mnist,2,0.0,0.2,100,100,4000,1000,120,1744,1864,0.4946467602276243,0.3748,0.4679,,,,,1.144548318348825,0,1,101,0.0,0.0,0.7021071314811707,0.7021071314811707,0.9947792291641235,0.03511473736843141,0.8991596638655462,0.9327731092436975,0.8991596638655462,0.0,0.0,0.2601781407260643,1.3699109296369678
Marginal,fashion_mnist,2,0.0,0.2,100,100,4000,1000,120,1015,1135,0.3092875186703168,0.26680000000000004,0.278,,,,,1.392660009674728,0,1,101,0.0,0.0,0.6298513412475586,0.6298513412475586,0.9978857040405273,0.02867299668929156,0.9327731092436975,0.9411764705882353,0.9327731092436975,0.0,0.0,0.27273875034014217,1.3636306248299288
EL2N,fashion_mnist,2,0.0,0.2,100,100,4000,1000,120,1664,1784,0.47450637572910637,0.34840000000000004,0.4399,,,,,1.4850781420245767,0,1,101,0.0,0.0,0.6740431785583496,0.6740431785583496,0.9948145151138306,0.03531803879417291,0.9159663865546218,0.9327731092436975,0.907563025210084,0.0,0.0,0.26763685784914354,1.3661815710754284
GraNdLast,fashion_mnist,2,0.0,0.2,100,100,4000,1000,120,1649,1769,0.47072482970543206,0.3749,0.4466,,,,,1.5647660186514258,0,1,101,0.0,0.0,0.6440491676330566,0.6440491676330566,0.9949371814727783,0.03560104440240299,0.8907563025210085,0.9243697478991597,0.8907563025210085,0.0,0.0,0.27765555997422164,1.361172220012889
RHO-PretrainRef,fashion_mnist,2,0.0,0.2,100,100,4000,1000,120,1717,1837,0.48785461409715936,0.3772,0.4813,,,,,1.6643608091399074,0,1,101,0.0,0.0,0.713146448135376,0.713146448135376,0.9924731254577637,0.03255760093696979,0.8991596638655462,0.9327731092436975,0.8907563025210085,0.0,0.0,0.25414727322821246,1.372926363385894
PU-R,fashion_mnist,2,0.0,0.2,100,100,4000,1000,120,1084,1204,0.32702122401678935,0.2815,0.3041,,,,,2.160193528048694,0,1,101,0.0,0.0,0.6672474145889282,0.6672474145889282,0.995400071144104,0.0321183452586166,0.907563025210084,0.9495798319327731,0.907563025210084,0.0,0.0,0.27387743445784873,1.3630612827710755
GREATS,fashion_mnist,2,0.0,0.2,100,100,4000,1000,120,1544,1664,,0.36019999999999996,0.4199,,,,,2.2866424499079585,0,1,101,0.0,0.0,0.7039828300476074,0.7039828300476074,0.9929300546646118,0.03272548217733367,0.9159663865546218,0.9411764705882353,0.9159663865546218,0.0,0.0,0.25639055315054576,1.3718047234247273
MaxLoss,fashion_mnist,2,0.0,0.3,100,100,3500,1500,120,1701,1821,0.5509133580490015,0.40580000000000005,0.5213,,,,,1.110573754645884,0,1,101,0.0,0.0,0.7040720582008362,0.7040720582008362,0.9943342804908752,0.03669748386415113,0.8823529411764706,0.9495798319327731,0.8739495798319328,0.0,0.0,0.2595161949883623,1.3702419025058188
Marginal,fashion_mnist,2,0.0,0.3,100,100,3500,1500,120,873,993,0.31090623239288107,0.2669,0.279,,,,,1.3153338395059109,0,1,101,0.0,0.0,0.5989772081375122,0.5989772081375122,0.9965813755989075,0.02881255032134657,0.9159663865546218,0.9495798319327731,0.9159663865546218,0.0,0.0,0.27834997551488644,1.360825012242557
EL2N,fashion_mnist,2,0.0,0.3,100,100,3500,1500,120,1494,1614,0.49159090826287866,0.38139999999999996,0.4669,,,,,1.4341252474114299,0,1,101,0.0,0.0,0.655284583568573,0.655284583568573,0.9960016012191772,0.035118976811400984,0.8907563025210085,0.9411764705882353,0.8907563025210085,0.0,0.0,0.2716708075646268,1.3641645962176865
GraNdLast,fashion_mnist,2,0.0,0.3,100,100,3500,1500,120,1303,1423,0.4364667828194797,0.35840000000000005,0.4312,,,,,1.4953889651224017,0,1,101,0.0,0.0,0.6299729347229004,0.6299729347229004,0.9968550205230713,0.03631115786167754,0.8991596638655462,0.9411764705882353,0.8991596638655462,0.0,0.0,0.2828284926092793,1.3585857536953605
RHO-PretrainRef,fashion_mnist,2,0.0,0.3,100,100,3500,1500,120,1522,1642,0.4996405647834763,0.373,0.4766,,,,,1.610135237686336,0,1,101,0.0,0.0,0.7148032188415527,0.7148032188415527,0.9947295188903809,0.033788851579698194,0.907563025210084,0.9495798319327731,0.8991596638655462,0.0,0.0,0.2509559198796452,1.3745220400601774
PU-R,fashion_mnist,2,0.0,0.3,100,100,3500,1500,120,1000,1120,0.34821670345263556,0.29769999999999996,0.3178,,,,,2.0642361221835017,0,1,101,0.0,0.0,0.6835179328918457,0.6835179328918457,0.9949238300323486,0.033270270258438685,0.9159663865546218,0.9495798319327731,0.907563025210084,0.0,0.0,0.2684809980257097,1.3657595009871453
GREATS,fashion_mnist,2,0.0,0.3,100,100,3500,1500,120,1380,1500,,0.34919999999999995,0.4208,,,,,2.189583650790155,0,1,101,0.0,0.0,0.7120978832244873,0.7120978832244873,0.9907041788101196,0.032807900124237316,0.907563025210084,0.957983193277311,0.907563025210084,0.0,0.0,0.25457172128135974,1.37271413935932
MaxLoss,fashion_mnist,2,0.0,0.4,100,100,3000,2000,120,1224,1344,0.48060272820293903,0.3419,0.4501,,,,,1.070219255052507,0,1,101,0.0,0.0,0.706604540348053,0.706604540348053,0.990746259689331,0.035799023483981604,0.907563025210084,0.9327731092436975,0.8991596638655462,0.0,0.0,0.25993581241131425,1.3700320937943429
Marginal,fashion_mnist,2,0.0,0.4,100,100,3000,2000,120,767,887,0.32528988405829296,0.2704,0.2838,,,,,1.2562664560973644,0,1,101,0.0,0.0,0.6404011249542236,0.6404011249542236,0.9984552264213562,0.03211996435117321,0.9159663865546218,0.9495798319327731,0.9159663865546218,0.0,0.0,0.27340644801379843,1.3632967759931007
EL2N,fashion_mnist,2,0.0,0.4,100,100,3000,2000,120,1097,1217,0.4377756325993687,0.3389,0.4245,,,,,1.3334081508219242,0,1,101,0.0,0.0,0.6586214303970337,0.6586214303970337,0.9963570237159729,0.036849306786761564,0.907563025210084,0.9327731092436975,0.907563025210084,0.0,0.0,0.2717919966221575,1.3641040016889212
GraNdLast,fashion_mnist,2,0.0,0.4,100,100,3000,2000,120,1141,1261,0.45264103618683293,0.3708,0.4292,,,,,1.3992574093863368,0,1,101,0.0,0.0,0.630401074886322,0.630401074886322,0.9952285289764404,0.03690753639245234,0.907563025210084,0.9411764705882353,0.907563025210084,0.0,0.0,0.28069407616743175,1.359652961916284
RHO-PretrainRef,fashion_mnist,2,0.0,0.4,100,100,3000,2000,120,1325,1445,0.5144896974670701,0.3669,0.4809,,,,,1.469976237975061,0,1,101,0.0,0.0,0.7089362144470215,0.7089362144470215,0.9923872947692871,0.03709752419415642,0.8907563025210085,0.9327731092436975,0.8823529411764706,0.0,0.0,0.25685018512362134,1.3715749074381893
PU-R,fashion_mnist,2,0.0,0.4,100,100,3000,2000,120,878,998,0.3633314942708239,0.3146,0.3389,,,,,1.954941258765757,0,1,101,0.0,0.0,0.6616736650466919,0.6616736650466919,0.9918268322944641,0.03530574489791854,0.8991596638655462,0.9495798319327731,0.8991596638655462,0.0,0.0,0.2711786310881215,1.3644106844559394
GREATS,fashion_mnist,2,0.0,0.4,100,100,3000,2000,120,959,1079,,0.29969999999999997,0.3595,,,,,1.9578952621668577,0,1,101,0.0,0.0,0.696455180644989,0.696455180644989,0.9895890951156616,0.03228792823663279,0.8991596638655462,0.9495798319327731,0.8907563025210085,0.0,0.0,0.261169316321722,1.369415341839139
MaxLoss,fashion_mnist,2,0.0,0.5,100,100,2500,2500,120,989,1109,0.4790408656699583,0.34919999999999995,0.4399,,,,,1.0446815378963947,0,1,101,0.0,0.0,0.6976834535598755,0.6976834535598755,0.9908437728881836,0.03437596058645168,0.8907563025210085,0.9327731092436975,0.8907563025210085,0.0,0.0,0.2588015605213127,1.3705992197393435
Marginal,fashion_mnist,2,0.0,0.5,100,100,2500,2500,120,666,786,0.34727605077205226,0.28790000000000004,0.3018,,,,,1.210616072639823,0,1,101,0.0,0.0,0.6405298113822937,0.6405298113822937,0.9950913190841675,0.03061895936477084,0.9243697478991597,0.9327731092436975,0.9243697478991597,0.0,0.0,0.27382551763332613,1.363087241183337
EL2N,fashion_mnist,2,0.0,0.5,100,100,2500,2500,120,973,1093,0.4725739879067987,0.35119999999999996,0.4331,,,,,1.2922030379995704,0,1,101,0.0,0.0,0.658782422542572,0.658782422542572,0.9985219240188599,0.0333465866181029,0.8991596638655462,0.9243697478991597,0.8907563025210085,0.0,0.0,0.26795829395838194,1.366020853020809
GraNdLast,fashion_mnist,2,0.0,0.5,100,100,2500,2500,120,928,1048,0.454353503882885,0.3468,0.4024,,,,,1.3403113400563598,0,1,101,0.0,0.0,0.6350153684616089,0.6350153684616089,0.9965640306472778,0.03348298759019675,0.9159663865546218,0.9159663865546218,0.907563025210084,0.0,0.0,0.2766453606596502,1.361677319670175
RHO-PretrainRef,fashion_mnist,2,0.0,0.5,100,100,2500,2500,120,1045,1165,0.5016277731629089,0.3671,0.4605,,,,,1.4096553018316627,0,1,101,0.0,0.0,0.6979851722717285,0.6979851722717285,0.9900990724563599,0.03529769607952663,0.8907563025210085,0.9243697478991597,0.8907563025210085,0.0,0.0,0.25736494604129784,1.3713175269793512
PU-R,fashion_mnist,2,0.0,0.5,100,100,2500,2500,120,808,928,0.4055269943200983,0.3435,0.3647,,,,,1.8299346156418324,0,1,101,0.0,0.0,0.6656999588012695,0.6656999588012695,0.9898980855941772,0.032745572073119025,0.9243697478991597,0.9411764705882353,0.9243697478991597,0.0,0.0,0.26722194655560877,1.3663890267221956
GREATS,fashion_mnist,2,0.0,0.5,100,100,2500,2500,120,901,1021,,0.32589999999999997,0.3842,,,,,1.8645172147080302,0,1,101,0.0,0.0,0.6966400146484375,0.6966400146484375,0.9905793070793152,0.03351990302570728,0.8739495798319328,0.9243697478991597,0.8739495798319328,0.0,0.0,0.26170509297076405,1.369147453514618
MaxLoss,fashion_mnist,2,0.0,0.6,100,100,2000,3000,120,914,1034,0.5566603494226001,0.4122,0.5203,,,,,1.0020595863461494,0,1,101,0.0,0.0,0.6969504952430725,0.6969504952430725,0.9939857721328735,0.03280819589350404,0.907563025210084,0.9327731092436975,0.907563025210084,0.0,0.0,0.2528565487601294,1.3735717256199353
Marginal,fashion_mnist,2,0.0,0.6,100,100,2000,3000,120,498,618,0.34532822854816914,0.2781,0.292,,,,,1.1364253386855125,0,1,101,0.0,0.0,0.6316487789154053,0.6316487789154053,0.9943962693214417,0.030668902547419573,0.907563025210084,0.9327731092436975,0.907563025210084,0.0,0.0,0.27573115144509525,1.3621344242774525
EL2N,fashion_mnist,2,0.0,0.6,100,100,2000,3000,120,752,872,0.4752231072052382,0.37,0.4513,,,,,1.17261244636029,0,1,101,0.0,0.0,0.6935167908668518,0.6935167908668518,0.9957333207130432,0.03294077715953859,0.9327731092436975,0.9243697478991597,0.9243697478991597,0.0,0.0,0.24967495627257555,1.3751625218637122
GraNdLast,fashion_mnist,2,0.0,0.6,100,100,2000,3000,120,705,825,0.45139701664447784,0.3315,0.4043,,,,,1.2387842489406466,0,1,101,0.0,0.0,0.6296414732933044,0.6296414732933044,0.9974266290664673,0.03472586689876909,0.9243697478991597,0.9327731092436975,0.9243697478991597,0.0,0.0,0.2724366367516853,1.3637816816241575
RHO-PretrainRef,fashion_mnist,2,0.0,0.6,100,100,2000,3000,120,799,919,0.4989589441101998,0.3768,0.4645,,,,,1.2760225031524897,0,1,101,0.0,0.0,0.7032591104507446,0.7032591104507446,0.995339035987854,0.03398537660847191,0.8907563025210085,0.9327731092436975,0.8907563025210085,0.0,0.0,0.25256718405136347,1.3737164079743183
PU-R,fashion_mnist,2,0.0,0.6,100,100,2000,3000,120,588,708,0.39168076595524326,0.33030000000000004,0.3602,,,,,1.7248464561998844,0,1,101,0.0,0.0,0.6588348746299744,0.6588348746299744,0.9941949844360352,0.03157501135553632,0.9411764705882353,0.9495798319327731,0.9327731092436975,0.0,0.0,0.270384291222848,1.364807854388576
GREATS,fashion_mnist,2,0.0,0.6,100,100,2000,3000,120,596,716,,0.3147,0.3716,,,,,1.6516741486266255,0,1,101,0.0,0.0,0.6784313321113586,0.6784313321113586,0.988377571105957,0.03444437344535058,0.907563025210084,0.9243697478991597,0.8991596638655462,0.0,0.0,0.26806583773061843,1.365967081134691
MaxLoss,fashion_mnist,2,0.0,0.7,100,100,1500,3500,120,466,586,0.43470851419260725,0.3155,0.3839,,,,,0.9766554487869143,0,1,101,0.0,0.0,0.6901191473007202,0.6901191473007202,0.9930294752120972,0.03558959955928706,0.8907563025210085,0.9243697478991597,0.8823529411764706,0.0,0.0,0.2650711209111903,1.3674644395444049
Marginal,fashion_mnist,2,0.0,0.7,100,100,1500,3500,120,348,468,0.3537115469807759,0.25960000000000005,0.2747,,,,,1.0897096758708358,0,1,101,0.0,0.0,0.6411764025688171,0.6411764025688171,0.9973876476287842,0.03064897606352798,0.9159663865546218,0.9243697478991597,0.9159663865546218,0.0,0.0,0.2689680201699962,1.3655159899150018
EL2N,fashion_mnist,2,0.0,0.7,100,100,1500,3500,120,486,606,0.44831343012629077,0.32199999999999995,0.3856,,,,,1.1120781330391765,0,1,101,0.0,0.0,0.6587972044944763,0.6587972044944763,0.9962918758392334,0.03624520031343989,0.8991596638655462,0.9243697478991597,0.8907563025210085,0.0,0.0,0.2796786478201745,1.3601606760899128
GraNdLast,fashion_mnist,2,0.0,0.7,100,100,1500,3500,120,411,531,0.3971147040138021,0.29769999999999996,0.3432,,,,,1.1341290576383471,0,1,101,0.0,0.0,0.6349067687988281,0.6349067687988281,0.9968485832214355,0.03574586603320947,0.907563025210084,0.9243697478991597,0.907563025210084,0.0,0.0,0.2807792595998978,1.359610370200051
RHO-PretrainRef,fashion_mnist,2,0.0,0.7,100,100,1500,3500,120,421,541,0.4039700113935396,0.31079999999999997,0.3787,,,,,1.178187282755971,0,1,101,0.0,0.0,0.7006801962852478,0.7006801962852478,0.9938116073608398,0.03239896743237471,0.907563025210084,0.9327731092436975,0.907563025210084,0.0,0.0,0.25588286387707276,1.3720585680614636
PU-R,fashion_mnist,2,0.0,0.7,100,100,1500,3500,120,399,519,0.3888762764399871,0.2963,0.329,,,,,1.5839909510686994,0,1,101,0.0,0.0,0.6799429655075073,0.6799429655075073,0.995795726776123,0.033238106665491055,0.8907563025210085,0.9243697478991597,0.8907563025210085,0.0,0.0,0.27169941784346446,1.3641502910782677
GREATS,fashion_mnist,2,0.0,0.7,100,100,1500,3500,120,371,491,,0.2946,0.3232,,,,,1.4509569741785526,0,1,101,0.0,0.0,0.6865425109863281,0.6865425109863281,0.9939268827438354,0.031041225214966207,0.907563025210084,0.9243697478991597,0.907563025210084,0.0,0.0,0.2636647103199744,1.3681676448400129
MaxLoss,fashion_mnist,2,0.0,0.8,100,100,1000,4000,120,218,338,0.3895658088149503,0.272,0.3339,,,,,0.9335687579587102,0,1,101,0.0,0.0,0.6647133827209473,0.6647133827209473,0.9970872402191162,0.0362630787015963,0.907563025210084,0.9411764705882353,0.907563025210084,0.0,0.0,0.2693457057308397,1.3653271471345803
Marginal,fashion_mnist,2,0.0,0.8,100,100,1000,4000,120,220,340,0.39164074568543583,0.2812,0.2939,,,,,1.0258433986455202,0,1,101,0.0,0.0,0.6229613423347473,0.6229613423347473,0.9976974725723267,0.027798562991518935,0.907563025210084,0.9327731092436975,0.907563025210084,0.0,0.0,0.2663455108771693,1.3668272445614154
EL2N,fashion_mnist,2,0.0,0.8,100,100,1000,4000,120,243,363,0.41543036128859967,0.29190000000000005,0.3575,,,,,1.0374835282564163,0,1,101,0.0,0.0,0.6589906215667725,0.6589906215667725,0.9962506294250488,0.03400049139471615,0.8991596638655462,0.9411764705882353,0.8991596638655462,0.0,0.0,0.2705611570284039,1.364719421485798
GraNdLast,fashion_mnist,2,0.0,0.8,100,100,1000,4000,120,263,383,0.4360117830801755,0.3056,0.3612,,,,,1.0535026658326387,0,1,101,0.0,0.0,0.627684473991394,0.627684473991394,0.9951026439666748,0.035626615796770365,0.8823529411764706,0.9411764705882353,0.8823529411764706,0.0,0.0,0.28017929034959954,1.3599103548252003
RHO-PretrainRef,fashion_mnist,2,0.0,0.8,100,100,1000,4000,120,263,383,0.4360117830801755,0.33630000000000004,0.3868,,,,,1.0888969330117106,0,1,101,0.0,0.0,0.67194664478302,0.67194664478302,0.9931861758232117,0.036399076340579185,0.907563025210084,0.9495798319327731,0.907563025210084,0.0,0.0,0.26482752268850224,1.367586238655749
PU-R,fashion_mnist,2,0.0,0.8,100,100,1000,4000,120,237,357,0.4092370291473344,0.3347,0.361,,,,,1.478342805057764,0,1,101,0.0,0.0,0.6579025387763977,0.6579025387763977,0.9941973090171814,0.03409117428945894,0.8991596638655462,0.9495798319327731,0.8991596638655462,0.0,0.0,0.2739552972445548,1.3630223513777227
GREATS,fashion_mnist,2,0.0,0.8,100,100,1000,4000,120,203,323,,0.2823,0.3193,,,,,1.313001036643982,0,1,101,0.0,0.0,0.6594056487083435,0.6594056487083435,0.9942556619644165,0.03390731355723213,0.907563025210084,0.9411764705882353,0.8991596638655462,0.0,0.0,0.2673890764003069,1.3663054617998465
MaxLoss,fashion_mnist,3,0.0,0.0,100,100,5000,0,120,2005,2125,0.4505137978703715,0.33430000000000004,0.4302,,,,,1.1955164959654212,0,1,101,0.0,0.0,0.7229239344596863,0.7229239344596863,0.9975701570510864,0.03554607113870252,0.8823529411764706,0.9327731092436975,0.8823529411764706,0.0,0.0,0.25115738703897966,1.3744213064805102
Marginal,fashion_mnist,3,0.0,0.0,100,100,5000,0,120,1257,1377,0.2981672851019539,0.268,0.282,,,,,1.572119789198041,0,1,101,0.0,0.0,0.655645489692688,0.655645489692688,0.9984838962554932,0.030169004527460627,0.9243697478991597,0.9411764705882353,0.9243697478991597,0.0,0.0,0.26477216964250044,1.3676139151787496
EL2N,fashion_mnist,3,0.0,0.0,100,100,5000,0,120,1958,2078,0.4410171076306142,0.32789999999999997,0.4212,,,,,1.6973804412409663,0,1,101,0.0,0.0,0.6477078795433044,0.6477078795433044,0.9944514036178589,0.039412978504385264,0.8823529411764706,0.9327731092436975,0.8823529411764706,0.0,0.0,0.2817411526125155,1.3591294236937421
GraNdLast,fashion_mnist,3,0.0,0.0,100,100,5000,0,120,2209,2329,0.49162421841174364,0.3809,0.4698,,,,,1.806838403455913,0,1,101,0.0,0.0,0.6699467897415161,0.6699467897415161,0.9968899488449097,0.0337777070137633,0.8907563025210085,0.9327731092436975,0.8907563025210085,0.0,0.0,0.26060313658263584,1.3696984317086822
RHO-PretrainRef,fashion_mnist,3,0.0,0.0,100,100,5000,0,120,2172,2292,0.48418099439004436,0.3601,0.4619,,,,,1.9131591878831387,0,1,101,0.0,0.0,0.710160493850708,0.710160493850708,0.9963339567184448,0.03662834685890615,0.8739495798319328,0.9327731092436975,0.8739495798319328,0.0,0.0,0.2589441886128549,1.3705279056935726
PU-R,fashion_mnist,3,0.0,0.0,100,100,5000,0,120,1516,1636,0.35122475057141855,0.3086,0.3308,,,,,2.5829012161120772,0,1,101,0.0,0.0,0.6858803033828735,0.6858803033828735,0.9956896305084229,0.03450097394089739,0.8991596638655462,0.9411764705882353,0.8991596638655462,0.0,0.0,0.2656340138297312,1.3671829930851345
GREATS,fashion_mnist,3,0.0,0.0,100,100,5000,0,120,1931,2051,,0.34130000000000005,0.4038,,,,,2.774244193919003,0,1,101,0.0,0.0,0.707476019859314,0.707476019859314,0.9948623776435852,0.036540404212575,0.8823529411764706,0.9411764705882353,0.8823529411764706,0.0,0.0,0.2599042390139547,1.3700478804930225
MaxLoss,fashion_mnist,3,0.0,0.1,100,100,4500,500,120,1674,1794,0.42515605449443683,0.31799999999999995,0.4048,,,,,1.2090604221448302,0,1,101,0.0,0.0,0.7005475163459778,0.7005475163459778,0.9963403940200806,0.03652507417342242,0.8907563025210085,0.9327731092436975,0.8907563025210085,0.0,0.0,0.2625538894764361,1.368723055261782
Marginal,fashion_mnist,3,0.0,0.1,100,100,4500,500,120,1209,1329,0.3198081779992208,0.28380000000000005,0.2971,,,,,1.5000961339101195,0,1,101,0.0,0.0,0.6554396748542786,0.6554396748542786,0.9969477653503418,0.030641608628906122,0.8991596638655462,0.9327731092436975,0.8991596638655462,0.0,0.0,0.2671048660237597,1.3664475669881202
EL2N,fashion_mnist,3,0.0,0.1,100,100,4500,500,120,1951,2071,0.4873092537163757,0.37129999999999996,0.4663,,,,,1.6283834632486105,0,1,101,0.0,0.0,0.6716504096984863,0.6716504096984863,0.9977186322212219,0.035438432663428686,0.9243697478991597,0.9327731092436975,0.9243697478991597,0.0,0.0,0.25984627145161004,1.370076864274195
GraNdLast,fashion_mnist,3,0.0,0.1,100,100,4500,500,120,1648,1768,0.41930006293114275,0.3254,0.3927,,,,,1.698892492800951,0,1,101,0.0,0.0,0.6531244516372681,0.6531244516372681,0.9953200221061707,0.03614240709473105,0.8991596638655462,0.9327731092436975,0.8991596638655462,0.0,0.0,0.27299972887147134,1.3635001355642644
RHO-PretrainRef,fashion_mnist,3,0.0,0.1,100,100,4500,500,120,1868,1988,0.4687303558457643,0.34650000000000003,0.4347,,,,,1.7996912328526378,0,1,101,0.0,0.0,0.7043901681900024,0.7043901681900024,0.994143009185791,0.03686646591214573,0.907563025210084,0.9411764705882353,0.907563025210084,0.0,0.0,0.2599234121338024,1.3700382939330988
PU-R,fashion_mnist,3,0.0,0.1,100,100,4500,500,120,1511,1631,0.38837861048523337,0.3319,0.3693,,,,,2.3286297572776675,0,1,101,0.0,0.0,0.683921754360199,0.683921754360199,0.9974089860916138,0.0311391458791845,0.907563025210084,0.9411764705882353,0.907563025210084,0.0,0.0,0.2604676797359198,1.3697661601320401
GREATS,fashion_mnist,3,0.0,0.1,100,100,4500,500,120,1697,1817,,0.34340000000000004,0.4072,,,,,2.4877357110381126,0,1,101,0.0,0.0,0.6929334402084351,0.6929334402084351,0.9963368773460388,0.03350535191658164,0.8739495798319328,0.9495798319327731,0.8739495798319328,0.0,0.0,0.26365295744650935,1.3681735212767454
MaxLoss,fashion_mnist,3,0.0,0.2,100,100,4000,1000,120,1703,1823,0.48433066374855116,0.3479,0.474,,,,,1.1323918094858527,0,1,101,0.0,0.0,0.7177265882492065,0.7177265882492065,0.9922579526901245,0.0345949179985944,0.907563025210084,0.9411764705882353,0.907563025210084,0.0,0.0,0.2509050737618154,1.3745474631190921
Marginal,fashion_mnist,3,0.0,0.2,100,100,4000,1000,120,1037,1157,0.314946596394293,0.27759999999999996,0.2903,,,,,1.4122875882312655,0,1,101,0.0,0.0,0.6747052669525146,0.6747052669525146,0.9952510595321655,0.030117364240293744,0.907563025210084,0.9327731092436975,0.907563025210084,0.0,0.0,0.25544678745123867,1.3722766062743808
EL2N,fashion_mnist,3,0.0,0.2,100,100,4000,1000,120,1559,1679,0.4480006216908805,0.3571,0.4324,,,,,1.5087494645267725,0,1,101,0.0,0.0,0.6350780725479126,0.6350780725479126,0.9976857900619507,0.038444073135111514,0.8739495798319328,0.9327731092436975,0.8739495798319328,0.0,0.0,0.2852212481659575,1.3573893759170212
GraNdLast,fashion_mnist,3,0.0,0.2,100,100,4000,1000,120,1551,1671,0.4459777752053924,0.3577,0.4225,,,,,1.5937328785657883,0,1,101,0.0,0.0,0.6345357298851013,0.6345357298851013,0.9984312653541565,0.03605031528893639,0.8823529411764706,0.9327731092436975,0.8823529411764706,0.0,0.0,0.2786488520831093,1.3606755739584453
RHO-PretrainRef,fashion_mnist,3,0.0,0.2,100,100,4000,1000,120,1631,1751,0.46618478692835197,0.3548,0.4418,,,,,1.7084045270457864,0,1,101,0.0,0.0,0.6981942057609558,0.6981942057609558,0.9940534830093384,0.03396226140130468,0.8823529411764706,0.9411764705882353,0.8823529411764706,0.0,0.0,0.25720568464578397,1.371397157677108
PU-R,fashion_mnist,3,0.0,0.2,100,100,4000,1000,120,1366,1486,0.3990636607632041,0.3538,0.374,,,,,2.2424981389194727,0,1,101,0.0,0.0,0.6845290660858154,0.6845290660858154,0.9901255369186401,0.032805471986281774,0.907563025210084,0.9327731092436975,0.907563025210084,0.0,0.0,0.25958305190627273,1.3702084740468636
GREATS,fashion_mnist,3,0.0,0.2,100,100,4000,1000,120,1485,1605,,0.36029999999999995,0.4109,,,,,2.35337436478585,0,1,101,0.0,0.0,0.7017069458961487,0.7017069458961487,0.9895951747894287,0.03493728369724851,0.8823529411764706,0.9411764705882353,0.8823529411764706,0.0,0.0,0.2597407943922922,1.3701296028038539
MaxLoss,fashion_mnist,3,0.0,0.3,100,100,3500,1500,120,1388,1508,0.4610448788735084,0.3419,0.4302,,,,,1.107009475119412,0,1,101,0.0,0.0,0.7077122926712036,0.7077122926712036,0.9940909147262573,0.03648218237051443,0.8739495798319328,0.9327731092436975,0.8739495798319328,0.0,0.0,0.26019183581166977,1.3699040820941653
Marginal,fashion_mnist,3,0.0,0.3,100,100,3500,1500,120,900,1020,0.3188556596869603,0.26160000000000005,0.2758,,,,,1.329610899090767,0,1,101,0.0,0.0,0.6474506855010986,0.6474506855010986,0.9980283975601196,0.028890278910388464,0.9159663865546218,0.9243697478991597,0.9159663865546218,0.0,0.0,0.2678295850538461,1.366085207473077
EL2N,fashion_mnist,3,0.0,0.3,100,100,3500,1500,120,1333,1453,0.44515000021783635,0.32920000000000005,0.4002,,,,,1.4257678389549255,0,1,101,0.0,0.0,0.6637943983078003,0.6637943983078003,0.9940579533576965,0.03522188598368348,0.9159663865546218,0.9243697478991597,0.907563025210084,0.0,0.0,0.27082248416191207,1.3645887579190439
GraNdLast,fashion_mnist,3,0.0,0.3,100,100,3500,1500,120,1251,1371,0.4213933836435899,0.31299999999999994,0.3814,,,,,1.4823682084679604,0,1,101,0.0,0.0,0.6355921626091003,0.6355921626091003,0.9961346387863159,0.037721809218911564,0.8823529411764706,0.9243697478991597,0.8823529411764706,0.0,0.0,0.2744738180857339,1.362763090957133
RHO-PretrainRef,fashion_mnist,3,0.0,0.3,100,100,3500,1500,120,1330,1450,0.4442821025149897,0.32820000000000005,0.4137,,,,,1.5539861107245088,0,1,101,0.0,0.0,0.7057605385780334,0.7057605385780334,0.9965502023696899,0.03732538749189938,0.8907563025210085,0.9243697478991597,0.8907563025210085,0.0,0.0,0.25963992386176893,1.3701800380691156
PU-R,fashion_mnist,3,0.0,0.3,100,100,3500,1500,120,985,1105,0.34382048062980175,0.29179999999999995,0.3171,,,,,2.095954134128988,0,1,101,0.0,0.0,0.6620204448699951,0.6620204448699951,0.9967107772827148,0.031146158691213913,0.907563025210084,0.9327731092436975,0.907563025210084,0.0,0.0,0.27187478963968154,1.3640626051801592
GREATS,fashion_mnist,3,0.0,0.3,100,100,3500,1500,120,1250,1370,,0.33530000000000004,0.3923,,,,,2.1184046352282166,0,1,101,0.0,0.0,0.7058122158050537,0.7058122158050537,0.991629958152771,0.034629179149114786,0.8739495798319328,0.9327731092436975,0.8739495798319328,0.0,0.0,0.26091595723802063,1.3695420213809897
MaxLoss,fashion_mnist,3,0.0,0.4,100,100,3000,2000,120,1177,1297,0.46478173352079466,0.35329999999999995,0.4364,,,,,1.0644193263724446,0,1,101,0.0,0.0,0.7091603875160217,0.7091603875160217,0.9875952005386353,0.035901933908462524,0.8991596638655462,0.9327731092436975,0.8907563025210085,0.0,0.0,0.2540808396129481,1.372959580193526
Marginal,fashion_mnist,3,0.0,0.4,100,100,3000,2000,120,796,916,0.3352502082125284,0.27869999999999995,0.2936,,,,,1.249261511489749,0,1,101,0.0,0.0,0.6596397161483765,0.6596397161483765,0.9970243573188782,0.027548803501770275,0.9243697478991597,0.9411764705882353,0.9243697478991597,0.0,0.0,0.26100609580146034,1.36949695209927
EL2N,fashion_mnist,3,0.0,0.4,100,100,3000,2000,120,1188,1308,0.46848748985212296,0.3345,0.4277,,,,,1.337197563610971,0,1,101,0.0,0.0,0.6710032820701599,0.6710032820701599,0.9941550493240356,0.0352609498160226,0.907563025210084,0.9327731092436975,0.907563025210084,0.0,0.0,0.26772049747195953,1.3661397512640203
GraNdLast,fashion_mnist,3,0.0,0.4,100,100,3000,2000,120,1224,1344,0.48060272820293903,0.3671,0.4326,,,,,1.4030844615772367,0,1,101,0.0,0.0,0.6306884288787842,0.6306884288787842,0.9936733245849609,0.03552178011721924,0.8907563025210085,0.9243697478991597,0.8907563025210085,0.0,0.0,0.28143214168094455,1.3592839291595278
RHO-PretrainRef,fashion_mnist,3,0.0,0.4,100,100,3000,2000,120,1078,1198,0.43134728563018143,0.32830000000000004,0.3975,,,,,1.471139377914369,0,1,101,0.0,0.0,0.7001298666000366,0.7001298666000366,0.9915467500686646,0.03429529171030061,0.8739495798319328,0.9327731092436975,0.8739495798319328,0.0,0.0,0.2583359027105708,1.3708320486447145
PU-R,fashion_mnist,3,0.0,0.4,100,100,3000,2000,120,837,957,0.34930578083731234,0.2793,0.3102,,,,,1.9447568207979202,0,1,101,0.0,0.0,0.6827101707458496,0.6827101707458496,0.9917771220207214,0.03294175437518528,0.9159663865546218,0.9411764705882353,0.9159663865546218,0.0,0.0,0.26052704170698066,1.3697364791465096
GREATS,fashion_mnist,3,0.0,0.4,100,100,3000,2000,120,1029,1149,,0.31499999999999995,0.3799,,,,,1.9941580025479198,0,1,101,0.0,0.0,0.7015374898910522,0.7015374898910522,0.9897582530975342,0.032845524930152574,0.907563025210084,0.9327731092436975,0.907563025210084,0.0,0.0,0.25734231179981537,1.3713288441000924
MaxLoss,fashion_mnist,3,0.0,0.5,100,100,2500,2500,120,854,974,0.4242855126503855,0.3276,0.4008,,,,,1.0450246259570122,0,1,101,0.0,0.0,0.7041942477226257,0.7041942477226257,0.990745484828949,0.036000794973693975,0.8907563025210085,0.9243697478991597,0.8907563025210085,0.0,0.0,0.2618954297605246,1.3690522851197378
Marginal,fashion_mnist,3,0.0,0.5,100,100,2500,2500,120,661,781,0.34521501848939806,0.27459999999999996,0.2875,,,,,1.199353801086545,0,1,101,0.0,0.0,0.638160765171051,0.638160765171051,0.995512068271637,0.027536733060323892,0.907563025210084,0.9411764705882353,0.907563025210084,0.0,0.0,0.271324894602388,1.364337552698806
EL2N,fashion_mnist,3,0.0,0.5,100,100,2500,2500,120,904,1024,0.4446162084932439,0.31379999999999997,0.3983,,,,,1.2754077529534698,0,1,101,0.0,0.0,0.6913861036300659,0.6913861036300659,0.9919261336326599,0.03307706443201594,0.907563025210084,0.9243697478991597,0.8991596638655462,0.0,0.0,0.25765423604959686,1.3711728819752016
GraNdLast,fashion_mnist,3,0.0,0.5,100,100,2500,2500,120,951,1071,0.46367218683008105,0.36029999999999995,0.4138,,,,,1.3286501010879874,0,1,101,0.0,0.0,0.6518852710723877,0.6518852710723877,0.9946691989898682,0.03451606856674707,0.9159663865546218,0.9159663865546218,0.907563025210084,0.0,0.0,0.27109362195674497,1.3644531890216274
RHO-PretrainRef,fashion_mnist,3,0.0,0.5,100,100,2500,2500,120,860,980,0.4267284136149101,0.31989999999999996,0.3932,,,,,1.3734098747372627,0,1,101,0.0,0.0,0.6953180432319641,0.6953180432319641,0.9853222966194153,0.035261044231783445,0.8823529411764706,0.9159663865546218,0.8739495798319328,0.0,0.0,0.26609023448148317,1.3669548827592584
PU-R,fashion_mnist,3,0.0,0.5,100,100,2500,2500,120,792,912,0.39898985804757103,0.3315,0.369,,,,,1.8025601906701922,0,1,101,0.0,0.0,0.6729934215545654,0.6729934215545654,0.986831545829773,0.03510086952137346,0.9159663865546218,0.9243697478991597,0.9159663865546218,0.0,0.0,0.2688631158142582,1.3655684420928709
GREATS,fashion_mnist,3,0.0,0.5,100,100,2500,2500,120,839,959,,0.32609999999999995,0.3751,,,,,1.7766159968450665,0,1,101,0.0,0.0,0.6879191994667053,0.6879191994667053,0.9900341033935547,0.03403497493567587,0.8907563025210085,0.9243697478991597,0.8739495798319328,0.0,0.0,0.26584825476891216,1.3670758726155439
MaxLoss,fashion_mnist,3,0.0,0.6,100,100,2000,3000,120,767,887,0.4828081192099489,0.368,0.451,,,,,1.001368504948914,0,1,101,0.0,0.0,0.7109456658363342,0.7109456658363342,0.9897996187210083,0.033302955016368575,0.8991596638655462,0.9411764705882353,0.8991596638655462,0.0,0.0,0.2488739182654332,1.3755630408672834
Marginal,fashion_mnist,3,0.0,0.6,100,100,2000,3000,120,521,641,0.35721034347079694,0.27470000000000006,0.2884,,,,,1.1464392272755504,0,1,101,0.0,0.0,0.6521739959716797,0.6521739959716797,0.9968289732933044,0.030863958622227197,0.9159663865546218,0.9243697478991597,0.9159663865546218,0.0,0.0,0.2629864549803241,1.3685067725098379
EL2N,fashion_mnist,3,0.0,0.6,100,100,2000,3000,120,738,858,0.46813547395868227,0.3417,0.4089,,,,,1.1876216353848577,0,1,101,0.0,0.0,0.692471444606781,0.692471444606781,0.9947760105133057,0.03325303387241203,0.9159663865546218,0.9243697478991597,0.9159663865546218,0.0,0.0,0.25628470258889324,1.3718576487055534
GraNdLast,fashion_mnist,3,0.0,0.6,100,100,2000,3000,120,682,802,0.43970407568849623,0.3244,0.3822,,,,,1.2204291699454188,0,1,101,0.0,0.0,0.6436537504196167,0.6436537504196167,0.9978584051132202,0.03284011393034158,0.907563025210084,0.9243697478991597,0.907563025210084,0.0,0.0,0.2690005397732703,1.365499730113365
RHO-PretrainRef,fashion_mnist,3,0.0,0.6,100,100,2000,3000,120,685,805,0.4412304980796762,0.31299999999999994,0.414,,,,,1.2721483893692493,0,1,101,0.0,0.0,0.72072833776474,0.72072833776474,0.9921592473983765,0.03303647254194532,0.907563025210084,0.9327731092436975,0.907563025210084,0.0,0.0,0.2439559383240383,1.378022030837981
PU-R,fashion_mnist,3,0.0,0.6,100,100,2000,3000,120,572,692,0.38346783915767446,0.3095,0.3376,,,,,1.69872244913131,0,1,101,0.0,0.0,0.6712847948074341,0.6712847948074341,0.9897797107696533,0.031065844688094965,0.907563025210084,0.9327731092436975,0.8907563025210085,0.0,0.0,0.2652774685010314,1.3673612657494842
GREATS,fashion_mnist,3,0.0,0.6,100,100,2000,3000,120,597,717,,0.3077,0.3571,,,,,1.6205326365306973,0,1,101,0.0,0.0,0.7077042460441589,0.7077042460441589,0.9906193017959595,0.033896107884014356,0.8991596638655462,0.9327731092436975,0.8991596638655462,0.0,0.0,0.2524689529373387,1.3737655235313306
MaxLoss,fashion_mnist,3,0.0,0.7,100,100,1500,3500,120,409,529,0.395742550608702,0.28669999999999995,0.3465,,,,,0.9763377718627453,0,1,101,0.0,0.0,0.6810553073883057,0.6810553073883057,0.9929170608520508,0.033814764573794454,0.8991596638655462,0.9411764705882353,0.8907563025210085,0.0,0.0,0.26510936755026304,1.3674453162248685
Marginal,fashion_mnist,3,0.0,0.7,100,100,1500,3500,120,321,441,0.33499122131615877,0.25270000000000004,0.2677,,,,,1.0924026248976588,0,1,101,0.0,0.0,0.6491066217422485,0.6491066217422485,0.995692253112793,0.02658854888266876,0.8823529411764706,0.9411764705882353,0.8823529411764706,0.0,0.0,0.26821558726667544,1.3658922063666623
EL2N,fashion_mnist,3,0.0,0.7,100,100,1500,3500,120,460,580,0.43062031810404733,0.3207,0.3906,,,,,1.1128687765449286,0,1,101,0.0,0.0,0.679929792881012,0.679929792881012,0.994605302810669,0.034219138011211105,0.9159663865546218,0.9411764705882353,0.9159663865546218,0.0,0.0,0.25947471132905553,1.3702626443354722
GraNdLast,fashion_mnist,3,0.0,0.7,100,100,1500,3500,120,404,524,0.3923105639987625,0.3033,0.3469,,,,,1.1378587577491999,0,1,101,0.0,0.0,0.6402080655097961,0.6402080655097961,0.9969331622123718,0.03276450568888368,0.907563025210084,0.9411764705882353,0.907563025210084,0.0,0.0,0.27182491462792197,1.364087542686039
RHO-PretrainRef,fashion_mnist,3,0.0,0.7,100,100,1500,3500,120,405,525,0.39299714495427907,0.28790000000000004,0.3523,,,,,1.1787062138319016,0,1,101,0.0,0.0,0.6833170056343079,0.6833170056343079,0.995346188545227,0.032615790597530975,0.8991596638655462,0.9495798319327731,0.8991596638655462,0.0,0.0,0.2581681254618258,1.3709159372690871
PU-R,fashion_mnist,3,0.0,0.7,100,100,1500,3500,120,361,481,0.362698927114252,0.28,0.2994,,,,,1.5636694617569447,0,1,101,0.0,0.0,0.6464757323265076,0.6464757323265076,0.9979697465896606,0.03399566191585124,0.9159663865546218,0.9411764705882353,0.907563025210084,0.0,0.0,0.28279408059417604,1.3586029597029121
GREATS,fashion_mnist,3,0.0,0.7,100,100,1500,3500,120,382,502,,0.27690000000000003,0.3119,,,,,1.454635275527835,0,1,101,0.0,0.0,0.6815971732139587,0.6815971732139587,0.9957558512687683,0.029667154831044814,0.9159663865546218,0.957983193277311,0.9159663865546218,0.0,0.0,0.2627700477276018,1.368614976136199
MaxLoss,fashion_mnist,3,0.0,0.8,100,100,1000,4000,120,238,358,0.4102698650676757,0.2815,0.3416,,,,,0.9344129953533411,0,1,101,0.0,0.0,0.6847718358039856,0.6847718358039856,0.995307981967926,0.034294012965274456,0.907563025210084,0.9327731092436975,0.907563025210084,0.0,0.0,0.2604296820984035,1.369785158950798
Marginal,fashion_mnist,3,0.0,0.8,100,100,1000,4000,120,224,344,0.39578757219715044,0.2814,0.2926,,,,,1.0259470213204622,0,1,101,0.0,0.0,0.6377374529838562,0.6377374529838562,0.9965838193893433,0.028944336691824328,0.9159663865546218,0.9327731092436975,0.9159663865546218,0.0,0.0,0.26943786120688673,1.3652810693965567
EL2N,fashion_mnist,3,0.0,0.8,100,100,1000,4000,120,262,382,0.4349849863210693,0.2976,0.3558,,,,,1.039965158328414,0,1,101,0.0,0.0,0.6599351167678833,0.6599351167678833,0.9952428340911865,0.03579915246041883,0.8991596638655462,0.9327731092436975,0.8991596638655462,0.0,0.0,0.2673425131092483,1.366328743445376
GraNdLast,fashion_mnist,3,0.0,0.8,100,100,1000,4000,120,276,396,0.44933867442887276,0.3135,0.3673,,,,,1.0565919820219278,0,1,101,0.0,0.0,0.659369707107544,0.659369707107544,0.9976632595062256,0.032732440894391354,0.907563025210084,0.9327731092436975,0.907563025210084,0.0,0.0,0.26653666937206616,1.366731665313967
RHO-PretrainRef,fashion_mnist,3,0.0,0.8,100,100,1000,4000,120,245,365,0.4174928482971154,0.2963,0.3482,,,,,1.0913909673690796,0,1,101,0.0,0.0,0.6792623996734619,0.6792623996734619,0.9970345497131348,0.033691096205671296,0.8907563025210085,0.9327731092436975,0.8907563025210085,0.0,0.0,0.26105407840139083,1.3694729607993046
PU-R,fashion_mnist,3,0.0,0.8,100,100,1000,4000,120,198,318,0.3687595728551969,0.2692,0.2953,,,,,1.463023705407977,0,1,101,0.0,0.0,0.6758403182029724,0.6758403182029724,0.9962387084960938,0.029499120822473735,0.9327731092436975,0.9411764705882353,0.9327731092436975,0.0,0.0,0.2614804686666785,1.3692597656666607
GREATS,fashion_mnist,3,0.0,0.8,100,100,1000,4000,120,247,367,,0.31679999999999997,0.3482,,,,,1.3228914262726903,0,1,101,0.0,0.0,0.685196578502655,0.685196578502655,0.9955129623413086,0.03202599161813239,0.907563025210084,0.9411764705882353,0.907563025210084,0.0,0.0,0.2593209777680951,1.3703395111159524
MaxLoss,fashion_mnist,4,0.0,0.0,100,100,5000,0,120,2371,2491,0.5241457615047693,0.3929,0.5054,,,,,1.1979128196835518,0,1,101,0.0,0.0,0.721796452999115,0.721796452999115,0.9920348525047302,0.03539310007536111,0.9243697478991597,0.9411764705882353,0.9243697478991597,0.0,0.0,0.25127982110429264,1.3743600894478538
Marginal,fashion_mnist,4,0.0,0.0,100,100,5000,0,120,1515,1635,0.35102056147297844,0.3084,0.323,,,,,1.5889740698039532,0,1,101,0.0,0.0,0.6504542827606201,0.6504542827606201,0.9963086843490601,0.027893712791074225,0.9243697478991597,0.9411764705882353,0.9159663865546218,0.0,0.0,0.2599412904455564,1.3700293547772218
EL2N,fashion_mnist,4,0.0,0.0,100,100,5000,0,120,2205,2325,0.49081982334610075,0.3629,0.4552,,,,,1.703999551013112,0,1,101,0.0,0.0,0.680523157119751,0.680523157119751,0.9952800869941711,0.03584199217187256,0.8991596638655462,0.9495798319327731,0.8991596638655462,0.0,0.0,0.26763954706595333,1.3661802264670233
GraNdLast,fashion_mnist,4,0.0,0.0,100,100,5000,0,120,1944,2064,0.43818646104773507,0.3416,0.4099,,,,,1.7751945471391082,0,1,101,0.0,0.0,0.641570508480072,0.641570508480072,0.9981058835983276,0.036417414911654816,0.907563025210084,0.9411764705882353,0.907563025210084,0.0,0.0,0.27292228938741125,1.3635388553062944
RHO-PretrainRef,fashion_mnist,4,0.0,0.0,100,100,5000,0,120,2595,2715,0.5689320131205022,0.41859999999999997,0.5315,,,,,1.950463242828846,0,1,101,0.0,0.0,0.720378577709198,0.720378577709198,0.9876962900161743,0.03627303843738652,0.865546218487395,0.9495798319327731,0.865546218487395,0.0,0.0,0.25533994088336026,1.3723300295583198
PU-R,fashion_mnist,4,0.0,0.0,100,100,5000,0,120,1811,1931,0.411252542049624,0.35440000000000005,0.3865,,,,,2.6086724177002907,0,1,101,0.0,0.0,0.6810686588287354,0.6810686588287354,0.9918771386146545,0.0348076199283119,0.8907563025210085,0.9495798319327731,0.8907563025210085,0.0,0.0,0.26589636186962085,1.3670518190651895
GREATS,fashion_mnist,4,0.0,0.0,100,100,5000,0,120,1956,2076,,0.35529999999999995,0.4139,,,,,2.8786573223769665,0,1,101,0.0,0.0,0.7126205563545227,0.7126205563545227,0.9885965585708618,0.03388940661895175,0.8907563025210085,0.9495798319327731,0.8823529411764706,0.0,0.0,0.2603718141366814,1.3698140929316593
MaxLoss,fashion_mnist,4,0.0,0.1,100,100,4500,500,120,1891,2011,0.4738825114327483,0.3538,0.4521,,,,,1.182532837614417,0,1,101,0.0,0.0,0.6991811990737915,0.6991811990737915,0.990333616733551,0.036944203517016244,0.8991596638655462,0.9327731092436975,0.8991596638655462,0.0,0.0,0.26343557908771686,1.3682822104561416
Marginal,fashion_mnist,4,0.0,0.1,100,100,4500,500,120,1138,1258,0.3035990726784803,0.26759999999999995,0.2824,,,,,1.4893999807536602,0,1,101,0.0,0.0,0.6423502564430237,0.6423502564430237,0.9968565702438354,0.026797282720814233,0.9159663865546218,0.9495798319327731,0.9159663865546218,0.0,0.0,0.262859240085127,1.3685703799574365
EL2N,fashion_mnist,4,0.0,0.1,100,100,4500,500,120,1799,1919,0.4532563672401011,0.3328,0.4266,,,,,1.6040723687037826,0,1,101,0.0,0.0,0.689688503742218,0.689688503742218,0.994884729385376,0.032504983559376054,0.8907563025210085,0.9411764705882353,0.8907563025210085,0.0,0.0,0.2607905351540301,1.369604732422985
GraNdLast,fashion_mnist,4,0.0,0.1,100,100,4500,500,120,1711,1831,0.43348293111193925,0.35250000000000004,0.4017,,,,,1.6474323384463787,0,1,101,0.0,0.0,0.6366557478904724,0.6366557478904724,0.9957118034362793,0.03345300745563347,0.907563025210084,0.9327731092436975,0.8991596638655462,0.0,0.0,0.2658647884722613,1.3670676057638693
RHO-PretrainRef,fashion_mnist,4,0.0,0.1,100,100,4500,500,120,1889,2009,0.4734346133773215,0.33999999999999997,0.4472,,,,,1.8053556680679321,0,1,101,0.0,0.0,0.716926097869873,0.716926097869873,0.9884240627288818,0.03432295602910659,0.9159663865546218,0.9411764705882353,0.9159663865546218,0.0,0.0,0.25286850083483964,1.3735657495825802
PU-R,fashion_mnist,4,0.0,0.1,100,100,4500,500,120,1559,1679,0.3992249591392465,0.3379,0.3583,,,,,2.350506720133126,0,1,101,0.0,0.0,0.6623870730400085,0.6623870730400085,0.9913663268089294,0.03430473554034193,0.907563025210084,0.9495798319327731,0.907563025210084,0.0,0.0,0.27613450906641007,1.3619327454667949
GREATS,fashion_mnist,4,0.0,0.1,100,100,4500,500,120,1896,2016,,0.3842,0.4524,,,,,2.5676007522270083,0,1,101,0.0,0.0,0.7054362893104553,0.7054362893104553,0.9871257543563843,0.03631187111389737,0.8907563025210085,0.9495798319327731,0.8907563025210085,0.0,0.0,0.2622813323727314,1.3688593338136343
MaxLoss,fashion_mnist,4,0.0,0.2,100,100,4000,1000,120,1827,1947,0.5154930561548099,0.38549999999999995,0.4886,,,,,1.1345742642879486,0,1,101,0.0,0.0,0.7201904058456421,0.7201904058456421,0.9936769604682922,0.03394655470086747,0.8991596638655462,0.9411764705882353,0.8991596638655462,0.0,0.0,0.2517529240615729,1.3741235379692136
Marginal,fashion_mnist,4,0.0,0.2,100,100,4000,1000,120,1021,1141,0.3108313608681783,0.26890000000000003,0.2846,,,,,1.4042206229642034,0,1,101,0.0,0.0,0.6429051756858826,0.6429051756858826,0.9978581070899963,0.026382901713627727,0.9159663865546218,0.9495798319327731,0.9159663865546218,0.0,0.0,0.25927424017594697,1.3703628799120264
EL2N,fashion_mnist,4,0.0,0.2,100,100,4000,1000,120,1783,1903,0.5044482532539405,0.37649999999999995,0.4591,,,,,1.5165638122707605,0,1,101,0.0,0.0,0.6743890047073364,0.6743890047073364,0.9964966773986816,0.03291386766593997,0.9243697478991597,0.9327731092436975,0.9159663865546218,0.0,0.0,0.26534467402112083,1.3673276629894395
GraNdLast,fashion_mnist,4,0.0,0.2,100,100,4000,1000,120,1518,1638,0.4376284552854486,0.33109999999999995,0.4044,,,,,1.5567682636901736,0,1,101,0.0,0.0,0.6260854601860046,0.6260854601860046,0.9963628649711609,0.031740682966568894,0.9159663865546218,0.9411764705882353,0.9159663865546218,0.0,0.0,0.2691244180476108,1.3654377909761946
RHO-PretrainRef,fashion_mnist,4,0.0,0.2,100,100,4000,1000,120,1637,1757,0.467698400025256,0.33809999999999996,0.4337,,,,,1.7025471357628703,0,1,101,0.0,0.0,0.708243727684021,0.708243727684021,0.9930933713912964,0.033244287767330134,0.9159663865546218,0.9327731092436975,0.9159663865546218,0.0,0.0,0.2544115634802426,1.3727942182598787
PU-R,fashion_mnist,4,0.0,0.2,100,100,4000,1000,120,1521,1641,0.4383878231747076,0.38239999999999996,0.408,,,,,2.244274515658617,0,1,101,0.0,0.0,0.6837543845176697,0.6837543845176697,0.9948302507400513,0.029179208669341913,0.8991596638655462,0.9495798319327731,0.8991596638655462,0.0,0.0,0.2623768742699463,1.3688115628650268
GREATS,fashion_mnist,4,0.0,0.2,100,100,4000,1000,120,1767,1887,,0.38649999999999995,0.4675,,,,,2.35057545080781,0,1,101,0.0,0.0,0.7140113711357117,0.7140113711357117,0.9888917207717896,0.03407596740402093,0.8823529411764706,0.9327731092436975,0.8823529411764706,0.0,0.0,0.25636948761886896,1.3718152561905654
MaxLoss,fashion_mnist,4,0.0,0.3,100,100,3500,1500,120,1458,1578,0.48122965020593256,0.37539999999999996,0.453,,,,,1.1087624169886112,0,1,101,0.0,0.0,0.710028886795044,0.710028886795044,0.991864800453186,0.034806067953590585,0.907563025210084,0.9411764705882353,0.8991596638655462,0.0,0.0,0.2527753742527224,1.3736123128736388
Marginal,fashion_mnist,4,0.0,0.3,100,100,3500,1500,120,914,1034,0.322973829228431,0.27769999999999995,0.2926,,,,,1.3460000297054648,0,1,101,0.0,0.0,0.6471729874610901,0.6471729874610901,0.995872437953949,0.02869840379522628,0.8991596638655462,0.9411764705882353,0.8991596638655462,0.0,0.0,0.26427526213642233,1.3678623689317888
EL2N,fashion_mnist,4,0.0,0.3,100,100,3500,1500,120,1383,1503,0.4596011840621941,0.33299999999999996,0.4233,,,,,1.4239982888102531,0,1,101,0.0,0.0,0.6955016851425171,0.6955016851425171,0.9942585229873657,0.034822775035345255,0.9243697478991597,0.9411764705882353,0.9159663865546218,0.0,0.0,0.2557936715195476,1.3721031642402262
GraNdLast,fashion_mnist,4,0.0,0.3,100,100,3500,1500,120,1176,1296,0.39960179501213133,0.3133,0.3734,,,,,1.4899337710812688,0,1,101,0.0,0.0,0.6392602920532227,0.6392602920532227,0.9953610897064209,0.03405345863654834,0.907563025210084,0.9411764705882353,0.8991596638655462,0.0,0.0,0.2637563677929085,1.3681218161035458
RHO-PretrainRef,fashion_mnist,4,0.0,0.3,100,100,3500,1500,120,1558,1678,0.5099784537451342,0.3961,0.4875,,,,,1.585949125699699,0,1,101,0.0,0.0,0.7100089192390442,0.7100089192390442,0.9882644414901733,0.034996059261450246,0.907563025210084,0.9495798319327731,0.907563025210084,0.0,0.0,0.24957836856882346,1.3752108157155882
PU-R,fashion_mnist,4,0.0,0.3,100,100,3500,1500,120,1179,1299,0.40047463547671214,0.3599,0.3806,,,,,2.0901972325518727,0,1,101,0.0,0.0,0.6668685674667358,0.6668685674667358,0.996324360370636,0.0329786005641232,0.9411764705882353,0.9495798319327731,0.9411764705882353,0.0,0.0,0.26819977566784003,1.3659001121660799
GREATS,fashion_mnist,4,0.0,0.3,100,100,3500,1500,120,1204,1324,,0.33099999999999996,0.3825,,,,,2.164847952313721,0,1,101,0.0,0.0,0.6997979879379272,0.6997979879379272,0.9932644367218018,0.033319184259206304,0.8823529411764706,0.9411764705882353,0.8823529411764706,0.0,0.0,0.2565532258673832,1.3717233870663084
MaxLoss,fashion_mnist,4,0.0,0.4,100,100,3000,2000,120,1109,1229,0.4418327735620551,0.31679999999999997,0.403,,,,,1.0700483107939363,0,1,101,0.0,0.0,0.693204402923584,0.693204402923584,0.9905751943588257,0.034299451513450686,0.8991596638655462,0.9411764705882353,0.8823529411764706,0.0,0.0,0.26435683504631974,1.3678215824768403
Marginal,fashion_mnist,4,0.0,0.4,100,100,3000,2000,120,782,902,0.33044372813310474,0.27759999999999996,0.2935,,,,,1.26121730171144,0,1,101,0.0,0.0,0.6585904955863953,0.6585904955863953,0.9963809251785278,0.026829040351034214,0.8991596638655462,0.9411764705882353,0.8991596638655462,0.0,0.0,0.2653556300896052,1.3673221849551975
EL2N,fashion_mnist,4,0.0,0.4,100,100,3000,2000,120,1128,1248,0.4482520645833574,0.33130000000000004,0.4201,,,,,1.3422409389168024,0,1,101,0.0,0.0,0.6834688782691956,0.6834688782691956,0.9917915463447571,0.03256628743740691,0.8823529411764706,0.9327731092436975,0.8739495798319328,0.0,0.0,0.2615212053213159,1.3692393973393422
GraNdLast,fashion_mnist,4,0.0,0.4,100,100,3000,2000,120,1042,1162,0.4191518725710921,0.33240000000000003,0.3801,,,,,1.3777787797152996,0,1,101,0.0,0.0,0.6416109800338745,0.6416109800338745,0.9954988956451416,0.031217585341269227,0.9243697478991597,0.9411764705882353,0.9243697478991597,0.0,0.0,0.2676784660092285,1.3661607669953857
RHO-PretrainRef,fashion_mnist,4,0.0,0.4,100,100,3000,2000,120,1130,1250,0.44892745855031535,0.32410000000000005,0.4129,,,,,1.471154309809208,0,1,101,0.0,0.0,0.7012119293212891,0.7012119293212891,0.9931166172027588,0.03244076656694172,0.8991596638655462,0.9411764705882353,0.8991596638655462,0.0,0.0,0.25379075279966834,1.3731046236001658
PU-R,fashion_mnist,4,0.0,0.4,100,100,3000,2000,120,1034,1154,0.41643902281066403,0.3378,0.366,,,,,1.9719931818544865,0,1,101,0.0,0.0,0.6768581867218018,0.6768581867218018,0.9944104552268982,0.03475558306990551,0.8991596638655462,0.9327731092436975,0.8991596638655462,0.0,0.0,0.27504194003696053,1.3624790299815197
GREATS,fashion_mnist,4,0.0,0.4,100,100,3000,2000,120,966,1086,,0.3133,0.3653,,,,,1.946096763946116,0,1,101,0.0,0.0,0.7022224068641663,0.7022224068641663,0.9927935600280762,0.030667102136531798,0.9159663865546218,0.9327731092436975,0.907563025210084,0.0,0.0,0.2593116651098834,1.3703441674450583
MaxLoss,fashion_mnist,4,0.0,0.5,100,100,2500,2500,120,1087,1207,0.5185200708801858,0.3607,0.47,,,,,1.0464420607313514,0,1,101,0.0,0.0,0.7038711905479431,0.7038711905479431,0.9921363592147827,0.03575544585199917,0.8907563025210085,0.9159663865546218,0.8823529411764706,0.0,0.0,0.26209238999168705,1.3689538050041565
Marginal,fashion_mnist,4,0.0,0.5,100,100,2500,2500,120,637,757,0.33531216316623613,0.2763,0.2898,,,,,1.2110658697783947,0,1,101,0.0,0.0,0.6490516662597656,0.6490516662597656,0.9981222748756409,0.02940090626728635,0.8991596638655462,0.957983193277311,0.8907563025210085,0.0,0.0,0.2704056804565482,1.3647971597717259
EL2N,fashion_mnist,4,0.0,0.5,100,100,2500,2500,120,1155,1275,0.5457827599020675,0.40569999999999995,0.4904,,,,,1.2991861840710044,0,1,101,0.0,0.0,0.6820076107978821,0.6820076107978821,0.9962283372879028,0.03214294394525159,0.907563025210084,0.9495798319327731,0.907563025210084,0.0,0.0,0.2662113488385469,1.3668943255807267
GraNdLast,fashion_mnist,4,0.0,0.5,100,100,2500,2500,120,890,1010,0.43892972893081605,0.3405,0.3883,,,,,1.317784458398819,0,1,101,0.0,0.0,0.6539333462715149,0.6539333462715149,0.995592474937439,0.03112047234503161,0.8823529411764706,0.9495798319327731,0.8823529411764706,0.0,0.0,0.26420932652427087,1.3678953367378646
RHO-PretrainRef,fashion_mnist,4,0.0,0.5,100,100,2500,2500,120,990,1110,0.47944484592881054,0.3245,0.4317,,,,,1.4127142494544387,0,1,101,0.0,0.0,0.6851141452789307,0.6851141452789307,0.9922592639923096,0.034459215878438545,0.8907563025210085,0.957983193277311,0.8907563025210085,0.0,0.0,0.26291172961322945,1.3685441351933854
PU-R,fashion_mnist,4,0.0,0.5,100,100,2500,2500,120,790,910,0.39817225909791887,0.32399999999999995,0.3509,,,,,1.832881816662848,0,1,101,0.0,0.0,0.6719958186149597,0.6719958186149597,0.9933486580848694,0.034018623603492226,0.8991596638655462,0.9411764705882353,0.8907563025210085,0.0,0.0,0.27503038636474064,1.3624848068176296
GREATS,fashion_mnist,4,0.0,0.5,100,100,2500,2500,120,815,935,,0.3054,0.3558,,,,,1.8261536275967956,0,1,101,0.0,0.0,0.6928885579109192,0.6928885579109192,0.9954770803451538,0.0349728219649371,0.8571428571428571,0.9243697478991597,0.8571428571428571,0.0,0.0,0.2671058122296743,1.3664470938851627
MaxLoss,fashion_mnist,4,0.0,0.6,100,100,2000,3000,120,693,813,0.44529911171412095,0.3234,0.4011,,,,,1.0044387644156814,0,1,101,0.0,0.0,0.7137956619262695,0.7137956619262695,0.992429256439209,0.03195630239338434,0.8907563025210085,0.9411764705882353,0.8907563025210085,0.0,0.0,0.2514542715947508,1.3742728642026245
Marginal,fashion_mnist,4,0.0,0.6,100,100,2000,3000,120,496,616,0.3442937765503302,0.26139999999999997,0.2744,,,,,1.137477028183639,0,1,101,0.0,0.0,0.6361924409866333,0.6361924409866333,0.99749755859375,0.029769066752505905,0.8991596638655462,0.9411764705882353,0.8991596638655462,0.0,0.0,0.2688610740014952,1.3655694629992525
EL2N,fashion_mnist,4,0.0,0.6,100,100,2000,3000,120,650,770,0.42339855327736586,0.30179999999999996,0.3618,,,,,1.176269618794322,0,1,101,0.0,0.0,0.6942796111106873,0.6942796111106873,0.9908682107925415,0.030593194881407153,0.8991596638655462,0.9495798319327731,0.8991596638655462,0.0,0.0,0.2567036477076427,1.3716481761461785
GraNdLast,fashion_mnist,4,0.0,0.6,100,100,2000,3000,120,627,747,0.41165189229650423,0.3087,0.3592,,,,,1.2058538692072034,0,1,101,0.0,0.0,0.6445054411888123,0.6445054411888123,0.9954344034194946,0.03316059908947023,0.907563025210084,0.9327731092436975,0.907563025210084,0.0,0.0,0.2756648174304534,1.3621675912847733
RHO-PretrainRef,fashion_mnist,4,0.0,0.6,100,100,2000,3000,120,736,856,0.4671222994220443,0.34930000000000005,0.4272,,,,,1.2704264530912042,0,1,101,0.0,0.0,0.7186574935913086,0.7186574935913086,0.9947279095649719,0.03057391753717631,0.8991596638655462,0.9411764705882353,0.8991596638655462,0.0,0.0,0.24440824965135385,1.3777958751743231
PU-R,fashion_mnist,4,0.0,0.6,100,100,2000,3000,120,680,800,0.4386862504761666,0.36150000000000004,0.3877,,,,,1.7147044651210308,0,1,101,0.0,0.0,0.6886056661605835,0.6886056661605835,0.9935783743858337,0.03194324647178169,0.9243697478991597,0.9495798319327731,0.9243697478991597,0.0,0.0,0.2552717642572006,1.3723641178713997
GREATS,fashion_mnist,4,0.0,0.6,100,100,2000,3000,120,634,754,,0.31689999999999996,0.3745,,,,,1.6296184752136469,0,1,101,0.0,0.0,0.705380380153656,0.705380380153656,0.9931159019470215,0.0335203327802049,0.8907563025210085,0.9411764705882353,0.8907563025210085,0.0,0.0,0.2562739706218097,1.371863014689095
MaxLoss,fashion_mnist,4,0.0,0.7,100,100,1500,3500,120,531,651,0.478800505050458,0.35419999999999996,0.4366,,,,,1.0070138135924935,0,1,101,0.0,0.0,0.7039467096328735,0.7039467096328735,0.9935460090637207,0.0316759463117904,0.9159663865546218,0.9495798319327731,0.9159663865546218,0.0,0.0,0.2513428184980779,1.374328590750961
Marginal,fashion_mnist,4,0.0,0.7,100,100,1500,3500,120,358,478,0.3606263924157247,0.26849999999999996,0.2792,,,,,1.0970891872420907,0,1,101,0.0,0.0,0.6429094076156616,0.6429094076156616,0.9988949298858643,0.028230942597910137,0.8991596638655462,0.9411764705882353,0.8991596638655462,0.0,0.0,0.26355305802205625,1.3682234709889718
EL2N,fashion_mnist,4,0.0,0.7,100,100,1500,3500,120,469,589,0.43675144377630204,0.31989999999999996,0.3907,,,,,1.1202912628650665,0,1,101,0.0,0.0,0.6698797345161438,0.6698797345161438,0.9960669875144958,0.032068279610962425,0.8823529411764706,0.9327731092436975,0.8823529411764706,0.0,0.0,0.2643054411250657,1.3678472794374672
GraNdLast,fashion_mnist,4,0.0,0.7,100,100,1500,3500,120,507,627,0.46256191440625116,0.34750000000000003,0.3948,,,,,1.1425982834771276,0,1,101,0.0,0.0,0.616257905960083,0.616257905960083,0.9980565309524536,0.030463100982313397,0.8991596638655462,0.9327731092436975,0.8991596638655462,0.0,0.0,0.2776284188045672,1.3611857905977165
RHO-PretrainRef,fashion_mnist,4,0.0,0.7,100,100,1500,3500,120,517,637,0.4693338446668349,0.34019999999999995,0.4201,,,,,1.1965810172259808,0,1,101,0.0,0.0,0.7023478746414185,0.7023478746414185,0.9946390390396118,0.031936385927080105,0.8823529411764706,0.9411764705882353,0.8739495798319328,0.0,0.0,0.25374862173631474,1.3731256891318426
PU-R,fashion_mnist,4,0.0,0.7,100,100,1500,3500,120,453,573,0.4258468003827147,0.3418,0.368,,,,,1.5919813569635153,0,1,101,0.0,0.0,0.6749709248542786,0.6749709248542786,0.995112419128418,0.032112961055851784,0.9243697478991597,0.9411764705882353,0.9243697478991597,0.0,0.0,0.2665694130767411,1.3667152934616293
GREATS,fashion_mnist,4,0.0,0.7,100,100,1500,3500,120,444,564,,0.3319,0.3703,,,,,1.4806253928691149,0,1,101,0.0,0.0,0.6915233135223389,0.6915233135223389,0.9933376908302307,0.03191655473548825,0.8991596638655462,0.9327731092436975,0.8991596638655462,0.0,0.0,0.25817397699840267,1.3709130115007988
MaxLoss,fashion_mnist,4,0.0,0.8,100,100,1000,4000,120,262,382,0.4349849863210693,0.29300000000000004,0.3593,,,,,0.9376692268997431,0,1,101,0.0,0.0,0.6848623752593994,0.6848623752593994,0.9928381443023682,0.03564043731248679,0.8907563025210085,0.9411764705882353,0.8907563025210085,0.0,0.0,0.2667951578878307,1.3666024210560845
Marginal,fashion_mnist,4,0.0,0.8,100,100,1000,4000,120,216,336,0.3874898507492617,0.2662,0.282,,,,,1.0296162068843842,0,1,101,0.0,0.0,0.6363283395767212,0.6363283395767212,0.9963397979736328,0.03542442582234615,0.9243697478991597,0.9159663865546218,0.9159663865546218,0.0,0.0,0.2771401267523427,1.3614299366238287
EL2N,fashion_mnist,4,0.0,0.8,100,100,1000,4000,120,299,419,0.4728207313455641,0.3198,0.3821,,,,,1.0478187650442123,0,1,101,0.0,0.0,0.6861370801925659,0.6861370801925659,0.9972695112228394,0.032077970624971794,0.8991596638655462,0.9327731092436975,0.8991596638655462,0.0,0.0,0.255804204285386,1.3720978978573068
GraNdLast,fashion_mnist,4,0.0,0.8,100,100,1000,4000,120,294,414,0.46772629040060565,0.30610000000000004,0.3575,,,,,1.0596108315512538,0,1,101,0.0,0.0,0.641832172870636,0.641832172870636,0.9947123527526855,0.03404541776961639,0.8991596638655462,0.9159663865546218,0.8991596638655462,0.0,0.0,0.27528063292898625,1.362359683535507
RHO-PretrainRef,fashion_mnist,4,0.0,0.8,100,100,1000,4000,120,302,422,0.4758746565785259,0.32289999999999996,0.3792,,,,,1.1050528855994344,0,1,101,0.0,0.0,0.6511576771736145,0.6511576771736145,0.995669960975647,0.03745422368290044,0.8991596638655462,0.9243697478991597,0.8991596638655462,0.0,0.0,0.28100522851238824,1.359497385743806
PU-R,fashion_mnist,4,0.0,0.8,100,100,1000,4000,120,310,430,0.4840084559400566,0.352,0.3758,,,,,1.4919027676805854,0,1,101,0.0,0.0,0.6583034992218018,0.6583034992218018,0.995189368724823,0.034895786217280796,0.8739495798319328,0.9327731092436975,0.8739495798319328,0.0,0.0,0.28015610830469284,1.3599219458476535
GREATS,fashion_mnist,4,0.0,0.8,100,100,1000,4000,120,284,404,,0.3126,0.3499,,,,,1.3343488071113825,0,1,101,0.0,0.0,0.6907550692558289,0.6907550692558289,0.9958575963973999,0.0345463301955151,0.8907563025210085,0.9243697478991597,0.8907563025210085,0.0,0.0,0.2632447940951547,1.3683776029524226
