method,dataset,seed,noise_rate,pretrain_fraction,es_budget,step,n_cert,n_pretrain,compression_size,remaining_bad,effective_compression_size,certified_bound,test_error,test_inappropriate_risk,pac_bayes_bound,pac_bayes_empirical_risk,pac_bayes_mc_upper,pac_bayes_kl,runtime_sec,stop_reached,hit_limit,train_calls,noise_hit_rate,duplicate_hit_rate,pairwise_feature_cosine,mean_support_redundancy,max_support_redundancy,mean_selected_residual_novelty,local_redundancy_hit_rate,residual_redundancy_hit_rate,strong_redundancy_hit_rate,mode_entropy,minority_mode_fraction,spectral_entropy,dynamic_mu
MaxLoss,boundary_duplicate_fashion_mnist,0,0.3,0.0,200,200,5000,0,204,2258,2462,0.5183320943033323,0.43025,0.43025,,,,,4.668050459586084,0,1,201,0.37254901960784315,0.6421568627450981,0.6301727890968323,0.6301727890968323,0.9999872446060181,0.031363343884204996,0.9605911330049262,0.9753694581280788,0.9458128078817734,0.9408782537379308,0.35784313725490197,0.21278807315653575,1.3936059634217322
Marginal,boundary_duplicate_fashion_mnist,0,0.3,0.0,200,200,5000,0,204,1881,2085,0.4424321125843562,0.31325000000000003,0.31325,,,,,4.658199267461896,0,1,201,0.29411764705882354,0.696078431372549,0.5856817960739136,0.5856817960739136,0.9985447525978088,0.017736553171766565,0.9950738916256158,0.9950738916256158,0.9950738916256158,0.8860318997477157,0.30392156862745096,0.18019548029582427,1.4099022598520878
EL2N,boundary_duplicate_fashion_mnist,0,0.3,0.0,200,200,5000,0,204,2260,2464,0.5187331501510926,0.48150000000000004,0.4815,,,,,4.731330027803779,0,1,201,0.4117647058823529,0.6911764705882353,0.6418256163597107,0.6418256163597107,0.9999971985816956,0.03177903001678401,0.9408866995073891,0.9852216748768473,0.9408866995073891,0.8918107543797082,0.3088235294117647,0.2130495634032559,1.393475218298372
GraNdLast,boundary_duplicate_fashion_mnist,0,0.3,0.0,200,200,5000,0,204,2252,2456,0.5171288261772133,0.44575,0.44575,,,,,5.114101996645331,0,1,201,0.4166666666666667,0.6568627450980392,0.6328784227371216,0.6328784227371216,0.9999939203262329,0.03241636594436292,0.9408866995073891,0.9802955665024631,0.9408866995073891,0.9277892502681174,0.3431372549019608,0.21715971869849918,1.3914201406507505
RHO-PretrainRef,boundary_duplicate_fashion_mnist,0,0.3,0.0,200,200,5000,0,204,2225,2429,0.5117122510564514,0.44499999999999995,0.445,,,,,5.521661282517016,0,1,201,0.4068627450980392,0.6666666666666666,0.632900595664978,0.632900595664978,0.9999971985816956,0.033652808948470454,0.9408866995073891,0.9655172413793104,0.9408866995073891,0.9182958340544894,0.3333333333333333,0.2208022513703866,1.3895988743148067
PU-R,boundary_duplicate_fashion_mnist,0,0.3,0.0,200,200,5000,0,204,2236,2440,0.5139193729264662,0.485,0.485,,,,,7.610691454261541,0,1,201,0.35294117647058826,0.6813725490196079,0.5962055325508118,0.5962055325508118,0.9900839328765869,0.02610468409331561,0.9901477832512315,0.9802955665024631,0.9802955665024631,0.9028826117978824,0.31862745098039214,0.19436817665537384,1.4028159116723131
GREATS,boundary_duplicate_fashion_mnist,0,0.3,0.0,200,200,5000,0,204,2175,2379,,0.47050000000000003,0.4705,,,,,6.942795616574585,0,1,201,0.4362745098039216,0.7990196078431373,0.6613529920578003,0.6613529920578003,0.9999374151229858,0.028767369467343016,0.9901477832512315,0.9950738916256158,0.9901477832512315,0.7238845511430295,0.20098039215686275,0.19915645785216646,1.4004217710739169
MaxLoss,boundary_duplicate_fashion_mnist,0,0.3,0.1,200,200,4500,500,204,1993,2197,0.5154414543067105,0.42400000000000004,0.424,,,,,3.6003059335052967,0,1,201,0.4068627450980392,0.6911764705882353,0.6270606517791748,0.6270606517791748,0.9999881982803345,0.031513387039120266,0.9408866995073891,0.9852216748768473,0.9359605911330049,0.8918107543797082,0.3088235294117647,0.21344177060085287,1.3932791146995736
Marginal,boundary_duplicate_fashion_mnist,0,0.3,0.1,200,200,4500,500,204,1688,1892,0.44719413202255964,0.33199999999999996,0.332,,,,,4.618341003544629,0,1,201,0.3137254901960784,0.803921568627451,0.5849837064743042,0.5849837064743042,0.9983524084091187,0.015906313707647165,0.9950738916256158,0.9950738916256158,0.9950738916256158,0.7140152804378671,0.19607843137254902,0.17394180747577595,1.413029096262112
EL2N,boundary_duplicate_fashion_mnist,0,0.3,0.1,200,200,4500,500,204,2009,2213,0.5190076147555374,0.4645,0.4645,,,,,4.6225047735497355,0,1,201,0.39705882352941174,0.7009803921568627,0.6259286403656006,0.6259286403656006,0.9994269609451294,0.030688307472857935,0.9408866995073891,0.9901477832512315,0.9408866995073891,0.8800891716251928,0.29901960784313725,0.21207369666339285,1.3939631516683035
GraNdLast,boundary_duplicate_fashion_mnist,0,0.3,0.1,200,200,4500,500,204,1952,2156,0.5062968126730993,0.46499999999999997,0.465,,,,,4.834879377856851,0,1,201,0.43137254901960786,0.6323529411764706,0.6388986110687256,0.6388986110687256,0.9999921321868896,0.0314518156566937,0.9310344827586207,0.9901477832512315,0.9310344827586207,0.9488482942421287,0.36764705882352944,0.21482170243438242,1.3925891487828088
RHO-PretrainRef,boundary_duplicate_fashion_mnist,0,0.3,0.1,200,200,4500,500,204,1952,2156,0.5062968126730993,0.44525000000000003,0.44525,,,,,5.047073013149202,0,1,201,0.4264705882352941,0.7156862745098039,0.6499004364013672,0.6499004364013672,0.9997064471244812,0.03305402510051657,0.9359605911330049,0.9655172413793104,0.9310344827586207,0.8612621884720756,0.28431372549019607,0.21309531381134275,1.3934523430943286
PU-R,boundary_duplicate_fashion_mnist,0,0.3,0.1,200,200,4500,500,204,2125,2329,0.5448205959401093,0.49375,0.49375,,,,,7.261900212615728,0,1,201,0.3480392156862745,0.7107843137254902,0.5985904335975647,0.5985904335975647,0.9984106421470642,0.028888466726676585,0.9802955665024631,0.9852216748768473,0.9802955665024631,0.8677059401846615,0.28921568627450983,0.20114351844759312,1.3994282407762033
GREATS,boundary_duplicate_fashion_mnist,0,0.3,0.1,200,200,4500,500,204,1849,2053,,0.4495,0.4495,,,,,6.635756461881101,0,1,201,0.4215686274509804,0.8088235294117647,0.6541343331336975,0.6541343331336975,0.9981364011764526,0.028855514790624235,0.9753694581280788,0.9852216748768473,0.9704433497536946,0.7039260680195971,0.19117647058823528,0.19868779076138762,1.4006561046193062
MaxLoss,boundary_duplicate_fashion_mnist,0,0.3,0.2,200,200,4000,1000,204,1709,1913,0.5069596725516021,0.45725000000000005,0.45725,,,,,3.212251535616815,0,1,201,0.4019607843137255,0.7794117647058824,0.6382383704185486,0.6382383704185486,0.9999891519546509,0.029929382552213855,0.9458128078817734,0.9802955665024631,0.9408866995073891,0.7612401496918493,0.22058823529411764,0.20746272351557962,1.3962686382422103
Marginal,boundary_duplicate_fashion_mnist,0,0.3,0.2,200,200,4000,1000,204,1658,1862,0.49414382071699947,0.4305,0.4305,,,,,4.206449697725475,0,1,201,0.3088235294117647,0.8333333333333334,0.6015291810035706,0.6015291810035706,0.9980025291442871,0.015259004237297738,0.9901477832512315,0.9950738916256158,0.9901477832512315,0.6500224216483541,0.16666666666666666,0.17282942922917657,1.4135852853854116
EL2N,boundary_duplicate_fashion_mnist,0,0.3,0.2,200,200,4000,1000,204,1743,1947,0.5154930561548099,0.44699999999999995,0.447,,,,,4.208553545176983,0,1,201,0.38235294117647056,0.7352941176470589,0.624298095703125,0.624298095703125,0.9999770522117615,0.030241342729388786,0.9605911330049262,0.9950738916256158,0.9605911330049262,0.833764907210665,0.2647058823529412,0.20941622783422725,1.3952918860828865
GraNdLast,boundary_duplicate_fashion_mnist,0,0.3,0.2,200,200,4000,1000,204,1854,2058,0.5432934862328693,0.47224999999999995,0.47225,,,,,4.404862920753658,0,1,201,0.3872549019607843,0.6372549019607843,0.6170576810836792,0.6170576810836792,0.9999936819076538,0.03006941135146935,0.9704433497536946,0.9852216748768473,0.9605911330049262,0.9449382598624693,0.3627450980392157,0.20852047474380192,1.3957397626280992
RHO-PretrainRef,boundary_duplicate_fashion_mnist,0,0.3,0.2,200,200,4000,1000,204,1715,1919,0.508466174826026,0.43700000000000006,0.437,,,,,4.6686139581725,0,1,201,0.39705882352941174,0.7352941176470589,0.6487604379653931,0.6487604379653931,0.9999879002571106,0.02900611177967687,0.9704433497536946,0.9901477832512315,0.9655172413793104,0.833764907210665,0.2647058823529412,0.20381582645860755,1.3980920867706963
PU-R,boundary_duplicate_fashion_mnist,0,0.3,0.2,200,200,4000,1000,204,1652,1856,0.4926348272128962,0.43799999999999994,0.438,,,,,6.909378564916551,0,1,201,0.3235294117647059,0.7352941176470589,0.6094475388526917,0.6094475388526917,0.9994686841964722,0.02639166017985109,0.9901477832512315,0.9852216748768473,0.9852216748768473,0.833764907210665,0.2647058823529412,0.19461784252762823,1.402691078736186
GREATS,boundary_duplicate_fashion_mnist,0,0.3,0.2,200,200,4000,1000,204,1889,2093,,0.50275,0.50275,,,,,6.1226251078769565,0,1,201,0.39705882352941174,0.8137254901960784,0.6396185159683228,0.6396185159683228,0.9999983310699463,0.02988600062912908,0.9704433497536946,0.9852216748768473,0.9655172413793104,0.6936126404300949,0.18627450980392157,0.20734719786416525,1.3963264010679173
MaxLoss,boundary_duplicate_fashion_mnist,0,0.3,0.3,200,200,3500,1500,204,1573,1777,0.5383400607970543,0.5017499999999999,0.50175,,,,,3.297226019203663,0,1,201,0.3627450980392157,0.6764705882352942,0.6220319271087646,0.6220319271087646,0.9999842643737793,0.02931051226011638,0.9704433497536946,0.9753694581280788,0.9605911330049262,0.9081783472997053,0.3235294117647059,0.2044954027065099,1.397752298646745
Marginal,boundary_duplicate_fashion_mnist,0,0.3,0.3,200,200,3500,1500,204,1601,1805,0.5463435245328583,0.50525,0.50525,,,,,4.032984689809382,0,1,201,0.35784313725490197,0.8333333333333334,0.6036232709884644,0.6036232709884644,0.9992175102233887,0.016333055063127884,0.9950738916256158,0.9950738916256158,0.9950738916256158,0.6500224216483541,0.16666666666666666,0.1711318783817389,1.4144340608091306
EL2N,boundary_duplicate_fashion_mnist,0,0.3,0.3,200,200,3500,1500,204,1576,1780,0.5391979551059194,0.4635,0.4635,,,,,4.124497720040381,0,1,201,0.39215686274509803,0.6372549019607843,0.6494773626327515,0.6494773626327515,0.9999631643295288,0.028539426319686503,0.9753694581280788,0.9802955665024631,0.9753694581280788,0.9449382598624693,0.3627450980392157,0.1999026086772456,1.4000486956613771
GraNdLast,boundary_duplicate_fashion_mnist,0,0.3,0.3,200,200,3500,1500,204,1499,1703,0.517149830062408,0.49875,0.49875,,,,,4.139940718188882,0,1,201,0.4166666666666667,0.6715686274509803,0.6242664456367493,0.6242664456367493,0.9999009370803833,0.029638439416885376,0.9704433497536946,0.9852216748768473,0.9655172413793104,0.913315679587854,0.3284313725490196,0.20804548643054366,1.3959772567847282
RHO-PretrainRef,boundary_duplicate_fashion_mnist,0,0.3,0.3,200,200,3500,1500,204,1642,1846,0.5580485064419918,0.49224999999999997,0.49225,,,,,4.6255209762603045,0,1,201,0.4264705882352941,0.6617647058823529,0.6403907537460327,0.6403907537460327,0.9999831914901733,0.027069779360676047,0.9852216748768473,0.9901477832512315,0.9802955665024631,0.9231199835423004,0.3382352941176471,0.19845697647815871,1.4007715117609205
PU-R,boundary_duplicate_fashion_mnist,0,0.3,0.3,200,200,3500,1500,204,1587,1791,0.5423427869100124,0.44025000000000003,0.44025,,,,,6.583367050625384,0,1,201,0.35784313725490197,0.6911764705882353,0.5985572934150696,0.5985572934150696,0.9900611042976379,0.0249046787592064,0.9950738916256158,0.9852216748768473,0.9852216748768473,0.8918107543797082,0.3088235294117647,0.1914074236412916,1.4042962881793541
GREATS,boundary_duplicate_fashion_mnist,0,0.3,0.3,200,200,3500,1500,204,1519,1723,,0.47324999999999995,0.47325,,,,,5.633460926823318,0,1,201,0.37745098039215685,0.7794117647058824,0.6381216049194336,0.6381216049194336,0.999687671661377,0.02823518541425907,0.9852216748768473,0.9901477832512315,0.9852216748768473,0.7612401496918493,0.22058823529411764,0.19831304538049796,1.400843477309751
MaxLoss,boundary_duplicate_fashion_mnist,0,0.3,0.4,200,200,3000,2000,204,1253,1457,0.5185058274073526,0.44999999999999996,0.45,,,,,3.0165834175422788,0,1,201,0.4264705882352941,0.7254901960784313,0.6252636313438416,0.6252636313438416,0.9996801614761353,0.02943862983819299,0.9802955665024631,0.9753694581280788,0.9655172413793104,0.8478617451660525,0.27450980392156865,0.20756491661233017,1.396217541693835
Marginal,boundary_duplicate_fashion_mnist,0,0.3,0.4,200,200,3000,2000,204,1184,1388,0.4953839772497304,0.35650000000000004,0.3565,,,,,3.7261686148121953,0,1,201,0.29901960784313725,0.7450980392156863,0.5754746794700623,0.5754746794700623,0.9975632429122925,0.015434124394608983,0.9950738916256158,0.9950738916256158,0.9950738916256158,0.8189555018403104,0.2549019607843137,0.17178073393670493,1.4141096330316476
EL2N,boundary_duplicate_fashion_mnist,0,0.3,0.4,200,200,3000,2000,204,1267,1471,0.5231886210967787,0.40575000000000006,0.40575,,,,,3.6723827086389065,0,1,201,0.37254901960784315,0.7696078431372549,0.629368245601654,0.629368245601654,0.9992884397506714,0.028883470029666507,0.9753694581280788,0.9753694581280788,0.9605911330049262,0.7786942948889739,0.23039215686274508,0.205451790218236,1.397274104890882
GraNdLast,boundary_duplicate_fashion_mnist,0,0.3,0.4,200,200,3000,2000,204,1320,1524,0.5408900743932463,0.47650000000000003,0.4765,,,,,3.864958963356912,0,1,201,0.39705882352941174,0.6911764705882353,0.6271216869354248,0.6271216869354248,0.9992685914039612,0.027217725099160754,0.9802955665024631,0.9950738916256158,0.9802955665024631,0.8918107543797082,0.3088235294117647,0.20018439622259576,1.3999078018887021
RHO-PretrainRef,boundary_duplicate_fashion_mnist,0,0.3,0.4,200,200,3000,2000,204,1283,1487,0.5285368361510336,0.44599999999999995,0.446,,,,,4.277384077198803,0,1,201,0.43137254901960786,0.6813725490196079,0.6241647601127625,0.6241647601127625,0.9999284744262695,0.027452754361435697,0.9802955665024631,0.9901477832512315,0.9802955665024631,0.9028826117978824,0.31862745098039214,0.20125907129114415,1.399370464354428
PU-R,boundary_duplicate_fashion_mnist,0,0.3,0.4,200,200,3000,2000,204,1212,1416,0.5047752558020875,0.37949999999999995,0.3795,,,,,6.071887892670929,0,1,201,0.3284313725490196,0.7941176470588235,0.6044301390647888,0.6044301390647888,0.9999825358390808,0.026956669986248016,0.9852216748768473,0.9852216748768473,0.9802955665024631,0.7335379291086666,0.20588235294117646,0.19595868141078865,1.4020206592946056
GREATS,boundary_duplicate_fashion_mnist,0,0.3,0.4,200,200,3000,2000,204,1248,1452,,0.522,0.522,,,,,5.427245620638132,0,1,201,0.3872549019607843,0.8186274509803921,0.6503655910491943,0.6503655910491943,0.999957799911499,0.028995767712886696,0.9655172413793104,0.9901477832512315,0.9655172413793104,0.6830704823075845,0.18137254901960784,0.20004223596385654,1.3999788820180719
MaxLoss,boundary_duplicate_fashion_mnist,0,0.3,0.5,200,200,2500,2500,204,1120,1324,0.5653612819151022,0.45375,0.45375,,,,,2.9782672822475433,0,1,201,0.4264705882352941,0.7843137254901961,0.6342974305152893,0.6342974305152893,0.9999748468399048,0.028662740532767596,0.9556650246305419,0.9852216748768473,0.9507389162561576,0.7522121733341474,0.21568627450980393,0.2071382789263347,1.3964308605368325
Marginal,boundary_duplicate_fashion_mnist,0,0.3,0.5,200,200,2500,2500,204,1014,1218,0.522937482513953,0.46099999999999997,0.461,,,,,3.566350830718875,0,1,201,0.3480392156862745,0.7009803921568627,0.5850618481636047,0.5850618481636047,0.9970645904541016,0.016065136177391914,0.9950738916256158,0.9950738916256158,0.9950738916256158,0.8800891716251928,0.29901960784313725,0.17514131548045153,1.4124293422597742
EL2N,boundary_duplicate_fashion_mnist,0,0.3,0.5,200,200,2500,2500,204,1010,1214,0.5213314755819738,0.4625,0.4625,,,,,3.5919536873698235,0,1,201,0.4019607843137255,0.7401960784313726,0.6286230087280273,0.6286230087280273,0.9994430541992188,0.02867713651339996,0.9704433497536946,0.9852216748768473,0.9605911330049262,0.8264503432953365,0.25980392156862747,0.20437852733768835,1.3978107363311558
GraNdLast,boundary_duplicate_fashion_mnist,0,0.3,0.5,200,200,2500,2500,204,1036,1240,0.5317638901760802,0.4455,0.4455,,,,,3.7255551237612963,0,1,201,0.4166666666666667,0.7352941176470589,0.6355650424957275,0.6355650424957275,0.9997293949127197,0.03036550658163179,0.9605911330049262,0.9852216748768473,0.9605911330049262,0.833764907210665,0.2647058823529412,0.20787243736124902,1.3960637813193755
RHO-PretrainRef,boundary_duplicate_fashion_mnist,0,0.3,0.5,200,200,2500,2500,204,1055,1259,0.5393776629352942,0.42774999999999996,0.42775,,,,,4.067611237987876,0,1,201,0.39215686274509803,0.7401960784313726,0.6442800760269165,0.6442800760269165,0.9997378587722778,0.027008562624050773,0.9704433497536946,0.9852216748768473,0.9704433497536946,0.8264503432953365,0.25980392156862747,0.19820166185390145,1.4008991690730492
PU-R,boundary_duplicate_fashion_mnist,0,0.3,0.5,200,200,2500,2500,204,997,1201,0.5161093911738135,0.387,0.387,,,,,5.697195766493678,0,1,201,0.3480392156862745,0.7156862745098039,0.598797082901001,0.598797082901001,0.9957596659660339,0.02531879425525959,0.9802955665024631,0.9802955665024631,0.9753694581280788,0.8612621884720756,0.28431372549019607,0.19074454707688984,1.404627726461555
GREATS,boundary_duplicate_fashion_mnist,0,0.3,0.5,200,200,2500,2500,204,1020,1224,,0.492,0.492,,,,,5.04656673502177,0,1,201,0.4166666666666667,0.8137254901960784,0.6283164024353027,0.6283164024353027,0.9986297488212585,0.026889160257108104,0.9901477832512315,0.9901477832512315,0.9852216748768473,0.6936126404300949,0.18627450980392157,0.19500653046306468,1.4024967347684676
MaxLoss,boundary_duplicate_fashion_mnist,0,0.3,0.6,200,200,2000,3000,204,830,1034,0.5566603494226001,0.5145,0.5145,,,,,2.7571492278948426,0,1,201,0.4068627450980392,0.7892156862745098,0.6182687282562256,0.6182687282562256,0.9952163696289062,0.030045355023274867,0.9802955665024631,0.9802955665024631,0.9704433497536946,0.7429792545761841,0.2107843137254902,0.2054233671327612,1.3972883164336194
Marginal,boundary_duplicate_fashion_mnist,0,0.3,0.6,200,200,2000,3000,204,848,1052,0.565643647336401,0.4145,0.4145,,,,,3.122371641919017,0,1,201,0.28921568627450983,0.803921568627451,0.572719395160675,0.572719395160675,0.9975360631942749,0.020403663126873358,0.9901477832512315,0.9950738916256158,0.9901477832512315,0.7140152804378671,0.19607843137254902,0.1877220164416967,1.4061389917791516
EL2N,boundary_duplicate_fashion_mnist,0,0.3,0.6,200,200,2000,3000,204,799,1003,0.5411584430839866,0.48824999999999996,0.48825,,,,,3.1850065356120467,0,1,201,0.4117647058823529,0.7205882352941176,0.6222879886627197,0.6222879886627197,0.9999768733978271,0.027533166697753474,0.9802955665024631,0.9802955665024631,0.9704433497536946,0.8546480601169081,0.27941176470588236,0.20016998293871538,1.3999150085306424
GraNdLast,boundary_duplicate_fashion_mnist,0,0.3,0.6,200,200,2000,3000,204,751,955,0.5170791969285347,0.45075,0.45075,,,,,3.4161858903244138,0,1,201,0.4068627450980392,0.6862745098039216,0.6107804775238037,0.6107804775238037,0.9991754293441772,0.028526495536559907,0.9753694581280788,0.9852216748768473,0.9753694581280788,0.8974271930876951,0.3137254901960784,0.20526688325287182,1.3973665583735642
RHO-PretrainRef,boundary_duplicate_fashion_mnist,0,0.3,0.6,200,200,2000,3000,204,783,987,0.5331423191237263,0.4685,0.4685,,,,,3.53660021815449,0,1,201,0.4068627450980392,0.7303921568627451,0.6050108671188354,0.6050108671188354,0.9999059438705444,0.028138510098341358,0.9753694581280788,0.9901477832512315,0.9704433497536946,0.8409013527915038,0.2696078431372549,0.2015835831274367,1.3992082084362816
PU-R,boundary_duplicate_fashion_mnist,0,0.3,0.6,200,200,2000,3000,204,806,1010,0.54466225852957,0.47324999999999995,0.47325,,,,,5.258107139728963,0,1,201,0.3235294117647059,0.7156862745098039,0.5977573990821838,0.5977573990821838,0.9925857782363892,0.024821312501659535,0.9950738916256158,0.9950738916256158,0.9950738916256158,0.8612621884720756,0.28431372549019607,0.19126499439436176,1.404367502802819
GREATS,boundary_duplicate_fashion_mnist,0,0.3,0.6,200,200,2000,3000,204,756,960,,0.49275,0.49275,,,,,4.52633548527956,0,1,201,0.4117647058823529,0.8137254901960784,0.635514497756958,0.635514497756958,0.9999039769172668,0.026744969152464656,0.9852216748768473,0.9950738916256158,0.9852216748768473,0.6936126404300949,0.18627450980392157,0.1957259169631778,1.4021370415184111
MaxLoss,boundary_duplicate_fashion_mnist,0,0.3,0.7,200,200,1500,3500,204,604,808,0.5838583498843946,0.42474999999999996,0.42475,,,,,2.6611990379169583,0,1,201,0.4068627450980392,0.7303921568627451,0.6190853118896484,0.6190853118896484,0.9999983310699463,0.026218117311083037,0.9852216748768473,0.9950738916256158,0.9852216748768473,0.8409013527915038,0.2696078431372549,0.19856116541137558,1.4007194172943123
Marginal,boundary_duplicate_fashion_mnist,0,0.3,0.7,200,200,1500,3500,204,542,746,0.542611803044565,0.384,0.384,,,,,3.0526504078879952,0,1,201,0.27941176470588236,0.9509803921568627,0.5939826965332031,0.5939826965332031,0.9976379871368408,0.016294454953867225,0.9950738916256158,0.9950738916256158,0.9950738916256158,0.28221763445592507,0.049019607843137254,0.17425850744669946,1.4128707462766503
EL2N,boundary_duplicate_fashion_mnist,0,0.3,0.7,200,200,1500,3500,204,532,736,0.5359296199167147,0.44925000000000004,0.44925,,,,,3.1174727100878954,0,1,201,0.3872549019607843,0.7401960784313726,0.6425432562828064,0.6425432562828064,0.9999796152114868,0.030618754660554706,0.9753694581280788,0.9802955665024631,0.9704433497536946,0.8264503432953365,0.25980392156862747,0.20698979744511609,1.3965051012774419
GraNdLast,boundary_duplicate_fashion_mnist,0,0.3,0.7,200,200,1500,3500,204,541,745,0.5419439524994232,0.41274999999999995,0.41275,,,,,3.2365573653951287,0,1,201,0.4019607843137255,0.6911764705882353,0.6110230684280396,0.6110230684280396,0.999989926815033,0.027293376734691302,0.9605911330049262,0.9901477832512315,0.9605911330049262,0.8918107543797082,0.3088235294117647,0.20372829321824543,1.3981358533908774
RHO-PretrainRef,boundary_duplicate_fashion_mnist,0,0.3,0.7,200,200,1500,3500,204,582,786,0.5692586757359095,0.47224999999999995,0.47225,,,,,3.2917371029034257,0,1,201,0.3872549019607843,0.6862745098039216,0.6263270974159241,0.6263270974159241,0.9999969005584717,0.028282497133233865,0.9655172413793104,0.9802955665024631,0.9605911330049262,0.8974271930876951,0.3137254901960784,0.2050265098080212,1.3974867450959894
PU-R,boundary_duplicate_fashion_mnist,0,0.3,0.7,200,200,1500,3500,204,614,818,0.5904813024098985,0.47575,0.47575,,,,,5.016920233145356,0,1,201,0.3333333333333333,0.7254901960784313,0.610113263130188,0.610113263130188,0.9931086897850037,0.022960718923014375,0.9950738916256158,0.9901477832512315,0.9901477832512315,0.8478617451660525,0.27450980392156865,0.19069724998670698,1.4046513750066465
GREATS,boundary_duplicate_fashion_mnist,0,0.3,0.7,200,200,1500,3500,204,543,747,,0.44599999999999995,0.446,,,,,4.119021514430642,0,1,201,0.39215686274509803,0.7941176470588235,0.6342800259590149,0.6342800259590149,0.9989427328109741,0.02488925697492995,0.9852216748768473,0.9950738916256158,0.9852216748768473,0.7335379291086666,0.20588235294117646,0.18891065284033498,1.4055446735798325
MaxLoss,boundary_duplicate_fashion_mnist,0,0.3,0.8,200,200,1000,4000,204,312,516,0.5705422965111211,0.38375000000000004,0.38375,,,,,2.534236842766404,0,1,201,0.37254901960784315,0.7794117647058824,0.6407580971717834,0.6407580971717834,0.999923586845398,0.0242209869340576,0.9852216748768473,0.9950738916256158,0.9852216748768473,0.7612401496918493,0.22058823529411764,0.19180106544257183,1.4040994672787142
Marginal,boundary_duplicate_fashion_mnist,0,0.3,0.8,200,200,1000,4000,204,335,539,0.5934058632701635,0.3365,0.3365,,,,,2.824329455383122,0,1,201,0.3235294117647059,0.8480392156862745,0.6270816922187805,0.6270816922187805,0.9984668493270874,0.015903261086440145,0.9950738916256158,0.9950738916256158,0.9950738916256158,0.6147254939168559,0.15196078431372548,0.16648809988251212,1.4167559500587439
EL2N,boundary_duplicate_fashion_mnist,0,0.3,0.8,200,200,1000,4000,204,316,520,0.5745270781335421,0.48024999999999995,0.48025,,,,,2.8152502961456776,0,1,201,0.3872549019607843,0.7794117647058824,0.6265962719917297,0.6265962719917297,0.9923351407051086,0.022814857631261124,0.9901477832512315,0.9950738916256158,0.9901477832512315,0.7612401496918493,0.22058823529411764,0.18755647662605665,1.4062217616869717
GraNdLast,boundary_duplicate_fashion_mnist,0,0.3,0.8,200,200,1000,4000,204,306,510,0.5645584334270097,0.43400000000000005,0.434,,,,,2.798852746374905,0,1,201,0.38235294117647056,0.7401960784313726,0.6227403283119202,0.6227403283119202,0.9935629367828369,0.024202460641032222,0.9852216748768473,0.9901477832512315,0.9852216748768473,0.8264503432953365,0.25980392156862747,0.19194977108061595,1.404025114459692
RHO-PretrainRef,boundary_duplicate_fashion_mnist,0,0.3,0.8,200,200,1000,4000,204,309,513,0.5675513677997515,0.49675,0.49675,,,,,2.8815829381346703,0,1,201,0.4166666666666667,0.7647058823529411,0.6181913018226624,0.6181913018226624,0.9998264908790588,0.024958907777966537,0.9852216748768473,0.9950738916256158,0.9852216748768473,0.787126586201269,0.23529411764705882,0.19361548045098975,1.4031922597745052
PU-R,boundary_duplicate_fashion_mnist,0,0.3,0.8,200,200,1000,4000,204,350,554,0.6082526663085446,0.40774999999999995,0.40775,,,,,4.578217587433755,0,1,201,0.3431372549019608,0.7450980392156863,0.594423234462738,0.594423234462738,0.990563154220581,0.022994785780646825,0.9950738916256158,0.9950738916256158,0.9950738916256158,0.8189555018403104,0.2549019607843137,0.1868269246139066,1.4065865376930466
GREATS,boundary_duplicate_fashion_mnist,0,0.3,0.8,200,200,1000,4000,204,352,556,,0.47024999999999995,0.47025,,,,,3.7534241611137986,0,1,201,0.4166666666666667,0.8235294117647058,0.6413416862487793,0.6413416862487793,0.997502326965332,0.025321507716340383,0.9901477832512315,0.9950738916256158,0.9901477832512315,0.672294817075638,0.17647058823529413,0.18971784156900084,1.4051410792154995
MaxLoss,boundary_duplicate_fashion_mnist,1,0.3,0.0,200,200,5000,0,204,2203,2407,0.5072964848368429,0.43000000000000005,0.43,,,,,3.490082435309887,0,1,201,0.39705882352941174,0.6715686274509803,0.6401369571685791,0.6401369571685791,0.9998801946640015,0.0345726874955182,0.9556650246305419,0.9605911330049262,0.9458128078817734,0.913315679587854,0.3284313725490196,0.22255845285121928,1.3887207735743905
Marginal,boundary_duplicate_fashion_mnist,1,0.3,0.0,200,200,5000,0,204,2000,2204,0.4664549701847136,0.36175,0.36175,,,,,4.613789306022227,0,1,201,0.22549019607843138,0.9411764705882353,0.6348097920417786,0.6348097920417786,0.9998706579208374,0.016716989500475635,0.9901477832512315,0.9950738916256158,0.9901477832512315,0.3227569588973983,0.058823529411764705,0.16293132507723682,1.4185343374613817
EL2N,boundary_duplicate_fashion_mnist,1,0.3,0.0,200,200,5000,0,204,2254,2458,0.5175299323163927,0.50675,0.50675,,,,,4.962476562708616,0,1,201,0.36764705882352944,0.7254901960784313,0.6509084701538086,0.6509084701538086,0.9999147653579712,0.03142940454882354,0.9507389162561576,0.9655172413793104,0.9359605911330049,0.8478617451660525,0.27450980392156865,0.2134653743145792,1.3932673128427104
GraNdLast,boundary_duplicate_fashion_mnist,1,0.3,0.0,200,200,5000,0,204,2305,2509,0.5277524695848115,0.46275,0.46275,,,,,5.200620056129992,0,1,201,0.38235294117647056,0.6666666666666666,0.6345938444137573,0.6345938444137573,0.9999514818191528,0.03280934074829365,0.9261083743842364,0.9753694581280788,0.9261083743842364,0.9182958340544894,0.3333333333333333,0.2194375622009918,1.3902812188995042
RHO-PretrainRef,boundary_duplicate_fashion_mnist,1,0.3,0.0,200,200,5000,0,204,2194,2398,0.5054894498898648,0.45975,0.45975,,,,,5.463664576411247,0,1,201,0.37254901960784315,0.6764705882352942,0.6512171030044556,0.6512171030044556,0.9999679327011108,0.03358038305649029,0.9605911330049262,0.9655172413793104,0.9507389162561576,0.9081783472997053,0.3235294117647059,0.22276149410376733,1.3886192529481163
PU-R,boundary_duplicate_fashion_mnist,1,0.3,0.0,200,200,5000,0,204,2339,2543,0.5345614280086011,0.5065,0.5065,,,,,8.094253355637193,0,1,201,0.35784313725490197,0.7058823529411765,0.6098403334617615,0.6098403334617615,0.9984842538833618,0.0271252643298633,0.9753694581280788,0.9704433497536946,0.9704433497536946,0.8739810481273579,0.29411764705882354,0.20024319255792736,1.3998784037210363
GREATS,boundary_duplicate_fashion_mnist,1,0.3,0.0,200,200,5000,0,204,2309,2513,,0.49575,0.49575,,,,,7.235087966546416,0,1,201,0.45588235294117646,0.8480392156862745,0.6441771984100342,0.6441771984100342,0.9997636079788208,0.028852087670359117,0.9605911330049262,0.9802955665024631,0.9507389162561576,0.6147254939168559,0.15196078431372548,0.20502362826582704,1.3974881858670865
MaxLoss,boundary_duplicate_fashion_mnist,1,0.3,0.1,200,200,4500,500,204,2084,2288,0.5357054221676663,0.45775,0.45775,,,,,3.613260650075972,0,1,201,0.38235294117647056,0.7205882352941176,0.6446439027786255,0.6446439027786255,0.9999406337738037,0.031070492831357006,0.9605911330049262,0.9852216748768473,0.9605911330049262,0.8546480601169081,0.27941176470588236,0.21630618101133042,1.3918469094943346
Marginal,boundary_duplicate_fashion_mnist,1,0.3,0.1,200,200,4500,500,204,1842,2046,0.4817171738250181,0.4095,0.4095,,,,,4.622052446939051,0,1,201,0.28921568627450983,0.8921568627450981,0.5912747383117676,0.5912747383117676,0.9997742176055908,0.015656642468985665,0.9950738916256158,0.9950738916256158,0.9950738916256158,0.4933757335098129,0.10784313725490197,0.17286214491785995,1.4135689275410699
EL2N,boundary_duplicate_fashion_mnist,1,0.3,0.1,200,200,4500,500,204,1992,2196,0.5152185230399482,0.47675,0.47675,,,,,4.782856062985957,0,1,201,0.4068627450980392,0.7843137254901961,0.6689615249633789,0.6689615249633789,0.9999792575836182,0.03312945013563034,0.9655172413793104,0.9655172413793104,0.9507389162561576,0.7522121733341474,0.21568627450980393,0.21192416164509434,1.3940379191774528
GraNdLast,boundary_duplicate_fashion_mnist,1,0.3,0.1,200,200,4500,500,204,1878,2082,0.48976868664612994,0.4105,0.4105,,,,,4.840540003962815,0,1,201,0.4068627450980392,0.6078431372549019,0.62213134765625,0.62213134765625,0.9995660185813904,0.030889181814757475,0.9458128078817734,0.9753694581280788,0.9408866995073891,0.9661773513883509,0.39215686274509803,0.21737635052768603,1.391311824736157
RHO-PretrainRef,boundary_duplicate_fashion_mnist,1,0.3,0.1,200,200,4500,500,204,2049,2253,0.5279169229906984,0.45525000000000004,0.45525,,,,,4.568998847156763,0,1,201,0.4019607843137255,0.7696078431372549,0.6460296511650085,0.6460296511650085,0.9999563694000244,0.03400327566222017,0.9211822660098522,0.9704433497536946,0.916256157635468,0.7786942948889739,0.23039215686274508,0.22409814125429067,1.3879509293728547
PU-R,boundary_duplicate_fashion_mnist,1,0.3,0.1,200,200,4500,500,204,1908,2112,0.4964728746563196,0.41925,0.41925,,,,,6.944964004680514,0,1,201,0.38235294117647056,0.7352941176470589,0.6050501465797424,0.6050501465797424,0.9998272657394409,0.02736064982531693,0.9802955665024631,0.9704433497536946,0.9704433497536946,0.833764907210665,0.2647058823529412,0.2028313745123274,1.3985843127438362
GREATS,boundary_duplicate_fashion_mnist,1,0.3,0.1,200,200,4500,500,204,2030,2234,,0.46950000000000003,0.4695,,,,,6.107393314130604,0,1,201,0.4117647058823529,0.8480392156862745,0.6587514281272888,0.6587514281272888,0.9992558360099792,0.028885584306247127,0.9556650246305419,0.9802955665024631,0.9556650246305419,0.6147254939168559,0.15196078431372548,0.20659606598110564,1.3967019670094472
MaxLoss,boundary_duplicate_fashion_mnist,1,0.3,0.2,200,200,4000,1000,204,1793,1997,0.5280268755159341,0.45925000000000005,0.45925,,,,,2.9623563503846526,0,1,201,0.4166666666666667,0.803921568627451,0.6457986235618591,0.6457986235618591,0.9999933242797852,0.03152691466467721,0.9458128078817734,0.9753694581280788,0.9458128078817734,0.7140152804378671,0.19607843137254902,0.21431894109044333,1.3928405294547783
Marginal,boundary_duplicate_fashion_mnist,1,0.3,0.2,200,200,4000,1000,204,1557,1761,0.468707327847369,0.37150000000000005,0.3715,,,,,3.617800115607679,0,1,201,0.28921568627450983,0.9411764705882353,0.5859997272491455,0.5859997272491455,0.998651385307312,0.01595240844278298,0.9950738916256158,0.9950738916256158,0.9950738916256158,0.3227569588973983,0.058823529411764705,0.17477423626299438,1.4126128818685029
EL2N,boundary_duplicate_fashion_mnist,1,0.3,0.2,200,200,4000,1000,204,1747,1951,0.5164964308496565,0.43999999999999995,0.44,,,,,3.80979367159307,0,1,201,0.39705882352941174,0.7205882352941176,0.6343199610710144,0.6343199610710144,0.9999815225601196,0.031073714711983214,0.9310344827586207,0.9802955665024631,0.9310344827586207,0.8546480601169081,0.27941176470588236,0.2174108930944973,1.3912945534527514
GraNdLast,boundary_duplicate_fashion_mnist,1,0.3,0.2,200,200,4000,1000,204,1706,1910,0.5062063231598586,0.4205,0.4205,,,,,3.8622378250584006,0,1,201,0.4068627450980392,0.7058823529411765,0.6292176246643066,0.6292176246643066,0.9999817609786987,0.031642966963387475,0.9359605911330049,0.9753694581280788,0.9310344827586207,0.8739810481273579,0.29411764705882354,0.21906779310162852,1.3904661034491856
RHO-PretrainRef,boundary_duplicate_fashion_mnist,1,0.3,0.2,200,200,4000,1000,204,1718,1922,0.5092193277087063,0.40974999999999995,0.40975,,,,,4.210358124226332,0,1,201,0.39215686274509803,0.7303921568627451,0.6302720904350281,0.6302720904350281,0.9998252987861633,0.028502479709427934,0.9753694581280788,0.9901477832512315,0.9753694581280788,0.8409013527915038,0.2696078431372549,0.2094382176188099,1.3952808911905952
PU-R,boundary_duplicate_fashion_mnist,1,0.3,0.2,200,200,4000,1000,204,1705,1909,0.5059551921440288,0.38549999999999995,0.3855,,,,,6.434733374975622,0,1,201,0.3333333333333333,0.7254901960784313,0.6014189124107361,0.6014189124107361,0.9982531070709229,0.02678080248128017,0.9802955665024631,0.9802955665024631,0.9802955665024631,0.8478617451660525,0.27450980392156865,0.19902057398454157,1.4004897130077292
GREATS,boundary_duplicate_fashion_mnist,1,0.3,0.2,200,200,4000,1000,204,1858,2062,,0.47150000000000003,0.4715,,,,,5.543984359130263,0,1,201,0.4166666666666667,0.8088235294117647,0.6721673011779785,0.6721673011779785,0.9999812245368958,0.029507753884263813,0.9458128078817734,0.9704433497536946,0.9310344827586207,0.7039260680195971,0.19117647058823528,0.20515868275319757,1.3974206586234013
MaxLoss,boundary_duplicate_fashion_mnist,1,0.3,0.3,200,200,3500,1500,204,1545,1749,0.530328651308082,0.46799999999999997,0.468,,,,,2.847270459868014,0,1,201,0.3872549019607843,0.7254901960784313,0.6501430869102478,0.6501430869102478,0.9990221261978149,0.03399451627519918,0.9310344827586207,0.9655172413793104,0.9211822660098522,0.8478617451660525,0.27450980392156865,0.2191458893396366,1.3904270553301816
Marginal,boundary_duplicate_fashion_mnist,1,0.3,0.3,200,200,3500,1500,204,1383,1587,0.48382120090536773,0.353,0.353,,,,,3.3641539001837373,0,1,201,0.3137254901960784,0.8235294117647058,0.575206995010376,0.575206995010376,0.999097466468811,0.021247174425665382,0.9852216748768473,0.9950738916256158,0.9852216748768473,0.672294817075638,0.17647058823529413,0.19070303323280516,1.4046484833835975
EL2N,boundary_duplicate_fashion_mnist,1,0.3,0.3,200,200,3500,1500,204,1597,1801,0.5452006596606225,0.50425,0.50425,,,,,3.3106150636449456,0,1,201,0.39215686274509803,0.7009803921568627,0.6451214551925659,0.6451214551925659,0.9999425411224365,0.029028958434541823,0.9605911330049262,0.9802955665024631,0.9556650246305419,0.8800891716251928,0.29901960784313725,0.20617126638107935,1.3969143668094604
GraNdLast,boundary_duplicate_fashion_mnist,1,0.3,0.3,200,200,3500,1500,204,1548,1752,0.5311873962637037,0.476,0.476,,,,,3.5644182432442904,0,1,201,0.4166666666666667,0.6764705882352942,0.6283169984817505,0.6283169984817505,0.9992688894271851,0.031699540139419106,0.9655172413793104,0.9753694581280788,0.9556650246305419,0.9081783472997053,0.3235294117647059,0.21660132830348103,1.3916993358482594
RHO-PretrainRef,boundary_duplicate_fashion_mnist,1,0.3,0.3,200,200,3500,1500,204,1559,1763,0.5343353484058753,0.509,0.509,,,,,3.749411136843264,0,1,201,0.3872549019607843,0.7598039215686274,0.6354612112045288,0.6354612112045288,0.9996601343154907,0.030184897332649514,0.9605911330049262,0.9901477832512315,0.9556650246305419,0.7953661989364367,0.24019607843137256,0.20858982886561508,1.3957050855671924
PU-R,boundary_duplicate_fashion_mnist,1,0.3,0.3,200,200,3500,1500,204,1352,1556,0.474891270743683,0.41225,0.41225,,,,,5.703583386726677,0,1,201,0.37745098039215685,0.6911764705882353,0.599984884262085,0.599984884262085,0.9880081415176392,0.024702317755797815,0.9852216748768473,0.9852216748768473,0.9802955665024631,0.8918107543797082,0.3088235294117647,0.1933865266694126,1.4033067366652938
GREATS,boundary_duplicate_fashion_mnist,1,0.3,0.3,200,200,3500,1500,204,1491,1695,,0.47124999999999995,0.47125,,,,,5.148396519944072,0,1,201,0.4166666666666667,0.8774509803921569,0.6565678715705872,0.6565678715705872,0.9999709129333496,0.029690652938899147,0.9458128078817734,0.9655172413793104,0.9359605911330049,0.5366438278799759,0.12254901960784313,0.2071363960090004,1.3964318019954998
MaxLoss,boundary_duplicate_fashion_mnist,1,0.3,0.4,200,200,3000,2000,204,1313,1517,0.5385545302415267,0.48775,0.48775,,,,,2.7874291855841875,0,1,201,0.35784313725490197,0.7254901960784313,0.6357122659683228,0.6357122659683228,0.9999637603759766,0.026218238282086227,0.9655172413793104,0.9802955665024631,0.9655172413793104,0.8478617451660525,0.27450980392156865,0.20210582369951274,1.3989470881502437
Marginal,boundary_duplicate_fashion_mnist,1,0.3,0.4,200,200,3000,2000,204,1098,1302,0.46646639390382916,0.31174999999999997,0.31175,,,,,3.246910337358713,0,1,201,0.28921568627450983,0.8333333333333334,0.5913044214248657,0.5913044214248657,0.9990890026092529,0.01611999107588982,0.9950738916256158,0.9950738916256158,0.9950738916256158,0.6500224216483541,0.16666666666666666,0.17526394047184746,1.4123680297640764
EL2N,boundary_duplicate_fashion_mnist,1,0.3,0.4,200,200,3000,2000,204,1284,1488,0.5288709739106707,0.43374999999999997,0.43375,,,,,3.2827861988916993,0,1,201,0.4068627450980392,0.7107843137254902,0.6295792460441589,0.6295792460441589,0.9996805191040039,0.026298171046919422,0.9704433497536946,0.9852216748768473,0.9704433497536946,0.8677059401846615,0.28921568627450983,0.19721806170355827,1.401390969148221
GraNdLast,boundary_duplicate_fashion_mnist,1,0.3,0.4,200,200,3000,2000,204,1258,1462,0.5201785864192061,0.45875,0.45875,,,,,3.377778603695333,0,1,201,0.3872549019607843,0.6862745098039216,0.6256616711616516,0.6256616711616516,0.9999504089355469,0.02672383482820295,0.9556650246305419,0.9852216748768473,0.9556650246305419,0.8974271930876951,0.3137254901960784,0.20342474004513814,1.398287629977431
RHO-PretrainRef,boundary_duplicate_fashion_mnist,1,0.3,0.4,200,200,3000,2000,204,1228,1432,0.5101364866131917,0.44799999999999995,0.448,,,,,3.499328506179154,0,1,201,0.4019607843137255,0.7450980392156863,0.6371526718139648,0.6371526718139648,0.9999685287475586,0.029305973076468032,0.9704433497536946,0.9753694581280788,0.9655172413793104,0.8189555018403104,0.2549019607843137,0.2085991762052389,1.3957004118973806
PU-R,boundary_duplicate_fashion_mnist,1,0.3,0.4,200,200,3000,2000,204,1332,1536,0.5448921742499806,0.40425,0.40425,,,,,5.487214566208422,0,1,201,0.35294117647058826,0.7254901960784313,0.6085483431816101,0.6085483431816101,0.9968219995498657,0.02520556145994534,0.9852216748768473,0.9852216748768473,0.9802955665024631,0.8478617451660525,0.27450980392156865,0.192571783855727,1.4037141080721365
GREATS,boundary_duplicate_fashion_mnist,1,0.3,0.4,200,200,3000,2000,204,1346,1550,,0.51625,0.51625,,,,,4.682093281298876,0,1,201,0.47549019607843135,0.7794117647058824,0.6357465982437134,0.6357465982437134,0.9999662637710571,0.02862677095558843,0.9655172413793104,0.9802955665024631,0.9655172413793104,0.7612401496918493,0.22058823529411764,0.20533877034681325,1.3973306148265934
MaxLoss,boundary_duplicate_fashion_mnist,1,0.3,0.5,200,200,2500,2500,204,937,1141,0.49195662821875885,0.43025,0.43025,,,,,2.6042992370203137,0,1,201,0.37254901960784315,0.7941176470588235,0.6278359293937683,0.6278359293937683,0.9999983310699463,0.03132144493862913,0.9605911330049262,0.9753694581280788,0.9507389162561576,0.7335379291086666,0.20588235294117646,0.2122979272540808,1.3938510363729595
Marginal,boundary_duplicate_fashion_mnist,1,0.3,0.5,200,200,2500,2500,204,1115,1319,0.5633660427993163,0.49050000000000005,0.4905,,,,,3.2834744416177273,0,1,201,0.31862745098039214,0.8676470588235294,0.596167802810669,0.596167802810669,0.9975903034210205,0.014604057714382068,0.9950738916256158,0.9950738916256158,0.9950738916256158,0.5638560041131417,0.1323529411764706,0.16842817720731162,1.4157859113963442
EL2N,boundary_duplicate_fashion_mnist,1,0.3,0.5,200,200,2500,2500,204,1000,1204,0.5173148353933357,0.46725000000000005,0.46725,,,,,3.2361678816378117,0,1,201,0.39215686274509803,0.803921568627451,0.6384895443916321,0.6384895443916321,0.9998965263366699,0.02892117694093676,0.9901477832512315,0.9852216748768473,0.9852216748768473,0.7140152804378671,0.19607843137254902,0.20253373907941363,1.3987331304602932
GraNdLast,boundary_duplicate_fashion_mnist,1,0.3,0.5,200,200,2500,2500,204,1034,1238,0.5309619532199576,0.42925,0.42925,,,,,3.226112000644207,0,1,201,0.37745098039215685,0.7254901960784313,0.6378535032272339,0.6378535032272339,0.9999180436134338,0.029989090018671723,0.9704433497536946,0.9753694581280788,0.9556650246305419,0.8478617451660525,0.27450980392156865,0.20883644620504252,1.3955817768974788
RHO-PretrainRef,boundary_duplicate_fashion_mnist,1,0.3,0.5,200,200,2500,2500,204,979,1183,0.50887234241236,0.38475000000000004,0.38475,,,,,3.598497156985104,0,1,201,0.3872549019607843,0.7941176470588235,0.6172239780426025,0.6172239780426025,0.9999966621398926,0.029313336525644575,0.9655172413793104,0.9852216748768473,0.9556650246305419,0.7335379291086666,0.20588235294117646,0.20753813174816652,1.3962309341259167
PU-R,boundary_duplicate_fashion_mnist,1,0.3,0.5,200,200,2500,2500,204,961,1165,0.5016277731629089,0.39975000000000005,0.39975,,,,,5.033620854839683,0,1,201,0.35294117647058826,0.7450980392156863,0.60190349817276,0.60190349817276,0.99526447057724,0.02512468389588697,0.9901477832512315,0.9901477832512315,0.9852216748768473,0.8189555018403104,0.2549019607843137,0.19257297188690223,1.4037135140565489
GREATS,boundary_duplicate_fashion_mnist,1,0.3,0.5,200,200,2500,2500,204,1013,1217,,0.42725,0.42725,,,,,4.498134434223175,0,1,201,0.4068627450980392,0.7745098039215687,0.6349814534187317,0.6349814534187317,0.999972939491272,0.027822701820158606,0.9704433497536946,0.9852216748768473,0.9605911330049262,0.7700664782920602,0.22549019607843138,0.19982330199237974,1.40008834900381
MaxLoss,boundary_duplicate_fashion_mnist,1,0.3,0.6,200,200,2000,3000,204,826,1030,0.5546622814727016,0.50025,0.50025,,,,,2.492242024280131,0,1,201,0.3627450980392157,0.7647058823529411,0.6405871510505676,0.6405871510505676,0.9989985823631287,0.02777751663635517,0.9704433497536946,0.9852216748768473,0.9704433497536946,0.787126586201269,0.23529411764705882,0.20169532530495407,1.399152337347523
Marginal,boundary_duplicate_fashion_mnist,1,0.3,0.6,200,200,2000,3000,204,744,948,0.5135599011555314,0.32325000000000004,0.32325,,,,,2.678090318106115,0,1,201,0.28921568627450983,0.9411764705882353,0.5974763631820679,0.5974763631820679,0.997613787651062,0.015863989675394603,0.9950738916256158,0.9950738916256158,0.9950738916256158,0.3227569588973983,0.058823529411764705,0.17105398388487378,1.4144730080575632
EL2N,boundary_duplicate_fashion_mnist,1,0.3,0.6,200,200,2000,3000,204,900,1104,0.5915213463595137,0.5740000000000001,0.574,,,,,2.6551786176860332,0,1,201,0.37745098039215685,0.8088235294117647,0.6343232989311218,0.6343232989311218,0.999336302280426,0.026911129945604673,0.9802955665024631,0.9802955665024631,0.9753694581280788,0.7039260680195971,0.19117647058823528,0.20070522460667106,1.3996473876966644
GraNdLast,boundary_duplicate_fashion_mnist,1,0.3,0.6,200,200,2000,3000,204,740,944,0.5115479899686761,0.40075000000000005,0.40075,,,,,2.712894215248525,0,1,201,0.3480392156862745,0.7549019607843137,0.6311632990837097,0.6311632990837097,0.9997513294219971,0.026821761002094286,0.9901477832512315,0.9901477832512315,0.9901477832512315,0.8034158480707552,0.24509803921568626,0.2025096422206712,1.3987451788896643
RHO-PretrainRef,boundary_duplicate_fashion_mnist,1,0.3,0.6,200,200,2000,3000,204,787,991,0.5351473152986728,0.42725,0.42725,,,,,2.7929892437532544,0,1,201,0.39215686274509803,0.7794117647058824,0.640967607498169,0.640967607498169,0.9999560117721558,0.028719720582069435,0.9753694581280788,0.9753694581280788,0.9704433497536946,0.7612401496918493,0.22058823529411764,0.2041818073076197,1.3979090963461902
PU-R,boundary_duplicate_fashion_mnist,1,0.3,0.6,200,200,2000,3000,204,851,1055,0.5671395874815062,0.5425,0.5425,,,,,4.380863872356713,0,1,201,0.37254901960784315,0.7352941176470589,0.584719717502594,0.584719717502594,0.9919799566268921,0.024684732183447026,0.9901477832512315,0.9852216748768473,0.9852216748768473,0.833764907210665,0.2647058823529412,0.19518529553140987,1.402407352234295
GREATS,boundary_duplicate_fashion_mnist,1,0.3,0.6,200,200,2000,3000,204,803,1007,,0.524,0.524,,,,,3.586120451800525,0,1,201,0.4019607843137255,0.7745098039215687,0.6319062113761902,0.6319062113761902,0.9997192621231079,0.02766979680272746,0.9802955665024631,0.9753694581280788,0.9704433497536946,0.7700664782920602,0.22549019607843138,0.19979095616245848,1.4001045219187707
MaxLoss,boundary_duplicate_fashion_mnist,1,0.3,0.7,200,200,1500,3500,204,535,739,0.5379351328592747,0.44075,0.44075,,,,,2.3194592967629433,0,1,201,0.39215686274509803,0.7794117647058824,0.6536981463432312,0.6536981463432312,0.9996417760848999,0.0250855357629325,0.9655172413793104,0.9901477832512315,0.9655172413793104,0.7612401496918493,0.22058823529411764,0.1954860243285157,1.402256987835742
Marginal,boundary_duplicate_fashion_mnist,1,0.3,0.7,200,200,1500,3500,204,532,736,0.5359296199167147,0.38749999999999996,0.3875,,,,,2.5391401015222073,0,1,201,0.3431372549019608,0.9411764705882353,0.5988202095031738,0.5988202095031738,0.9981504082679749,0.016035644213664414,0.9901477832512315,0.9950738916256158,0.9901477832512315,0.3227569588973983,0.058823529411764705,0.17555295707482033,1.4122235214625898
EL2N,boundary_duplicate_fashion_mnist,1,0.3,0.7,200,200,1500,3500,204,561,765,0.5552854220732115,0.44099999999999995,0.441,,,,,2.5591605361551046,0,1,201,0.4019607843137255,0.7303921568627451,0.6317867636680603,0.6317867636680603,0.9999837875366211,0.026699545348219098,0.9704433497536946,0.9852216748768473,0.9655172413793104,0.8409013527915038,0.2696078431372549,0.2007213414824253,1.3996393292587874
GraNdLast,boundary_duplicate_fashion_mnist,1,0.3,0.7,200,200,1500,3500,204,596,800,0.5785540086217225,0.46775,0.46775,,,,,2.610648849979043,0,1,201,0.38235294117647056,0.7745098039215687,0.6268182396888733,0.6268182396888733,0.9957181215286255,0.02707693155102542,0.9704433497536946,0.9950738916256158,0.9704433497536946,0.7700664782920602,0.22549019607843138,0.20338024491527418,1.398309877542363
RHO-PretrainRef,boundary_duplicate_fashion_mnist,1,0.3,0.7,200,200,1500,3500,204,578,782,0.5665998978656717,0.48150000000000004,0.4815,,,,,2.6750749070197344,0,1,201,0.37745098039215685,0.7598039215686274,0.6254206299781799,0.6254206299781799,0.9999873042106628,0.026886673066122777,0.9605911330049262,0.9852216748768473,0.9605911330049262,0.7953661989364367,0.24019607843137256,0.20427534795090554,1.3978623260245473
PU-R,boundary_duplicate_fashion_mnist,1,0.3,0.7,200,200,1500,3500,204,576,780,0.5652700152131729,0.44525000000000003,0.44525,,,,,4.153248135000467,0,1,201,0.3382352941176471,0.7352941176470589,0.6250144839286804,0.6250144839286804,0.992545485496521,0.026668325103268834,0.9802955665024631,0.9753694581280788,0.9704433497536946,0.833764907210665,0.2647058823529412,0.19322963930723733,1.4033851803463813
GREATS,boundary_duplicate_fashion_mnist,1,0.3,0.7,200,200,1500,3500,204,584,788,,0.46175,0.46175,,,,,3.3025411861017346,0,1,201,0.4117647058823529,0.8529411764705882,0.6284908652305603,0.6284908652305603,0.9992170333862305,0.026596908425462657,0.9852216748768473,0.9950738916256158,0.9852216748768473,0.6024308020404453,0.14705882352941177,0.19629789793483476,1.4018510510325826
MaxLoss,boundary_duplicate_fashion_mnist,1,0.3,0.8,200,200,1000,4000,204,308,512,0.5665539457695559,0.46175,0.46175,,,,,2.23541272059083,0,1,201,0.39705882352941174,0.7696078431372549,0.6175079941749573,0.6175079941749573,0.999887228012085,0.025133988200663933,0.9901477832512315,0.9950738916256158,0.9901477832512315,0.7786942948889739,0.23039215686274508,0.19499063774413591,1.402504681127932
Marginal,boundary_duplicate_fashion_mnist,1,0.3,0.8,200,200,1000,4000,204,318,522,0.5765181288588792,0.33725000000000005,0.33725,,,,,2.420431202277541,0,1,201,0.28921568627450983,0.8676470588235294,0.5798077583312988,0.5798077583312988,0.9968632459640503,0.01761645037598284,0.9950738916256158,0.9950738916256158,0.9950738916256158,0.5638560041131417,0.1323529411764706,0.180790392510731,1.4096048037446345
EL2N,boundary_duplicate_fashion_mnist,1,0.3,0.8,200,200,1000,4000,204,306,510,0.5645584334270097,0.4655,0.4655,,,,,2.428735200315714,0,1,201,0.36764705882352944,0.7892156862745098,0.6324937343597412,0.6324937343597412,0.9995274543762207,0.027199824088312723,0.9901477832512315,0.9901477832512315,0.9852216748768473,0.7429792545761841,0.2107843137254902,0.19919611119459937,1.4004019444027003
GraNdLast,boundary_duplicate_fashion_mnist,1,0.3,0.8,200,200,1000,4000,204,303,507,0.5615634953137487,0.4185,0.4185,,,,,2.4598358049988747,0,1,201,0.35784313725490197,0.8137254901960784,0.6268965005874634,0.6268965005874634,0.9995194673538208,0.027766118716136576,0.9852216748768473,0.9901477832512315,0.9802955665024631,0.6936126404300949,0.18627450980392157,0.2027297642233232,1.3986351178883383
RHO-PretrainRef,boundary_duplicate_fashion_mnist,1,0.3,0.8,200,200,1000,4000,204,317,521,0.5755227152258158,0.43899999999999995,0.439,,,,,2.5322691770270467,0,1,201,0.37254901960784315,0.7745098039215687,0.6197537183761597,0.6197537183761597,0.9994291067123413,0.02661921222478592,0.9901477832512315,0.9901477832512315,0.9852216748768473,0.7700664782920602,0.22549019607843138,0.200378740190314,1.399810629904843
PU-R,boundary_duplicate_fashion_mnist,1,0.3,0.8,200,200,1000,4000,204,365,569,0.6230481379316188,0.41725,0.41725,,,,,3.8616354083642364,0,1,201,0.36764705882352944,0.7549019607843137,0.5940923094749451,0.5940923094749451,0.9928915500640869,0.02467196174952307,0.9950738916256158,0.9901477832512315,0.9901477832512315,0.8034158480707552,0.24509803921568626,0.19056250931889218,1.4047187453405539
GREATS,boundary_duplicate_fashion_mnist,1,0.3,0.8,200,200,1000,4000,204,331,535,,0.44175,0.44175,,,,,3.0048521189019084,0,1,201,0.39705882352941174,0.7696078431372549,0.643424928188324,0.643424928188324,0.9885734915733337,0.02598897428274742,0.9802955665024631,0.9950738916256158,0.9802955665024631,0.7786942948889739,0.23039215686274508,0.19354294330225433,1.4032285283488728
MaxLoss,boundary_duplicate_fashion_mnist,2,0.3,0.0,200,200,5000,0,204,2326,2530,0.5319585762917995,0.47775,0.47775,,,,,2.80140389688313,0,1,201,0.4117647058823529,0.7450980392156863,0.6574440002441406,0.6574440002441406,0.9999966621398926,0.02872245153182833,0.9704433497536946,0.9704433497536946,0.9605911330049262,0.8189555018403104,0.2549019607843137,0.20743858137879947,1.3962807093106002
Marginal,boundary_duplicate_fashion_mnist,2,0.3,0.0,200,200,5000,0,204,1900,2104,0.4462717729038559,0.375,0.375,,,,,3.4731350960209966,0,1,201,0.27450980392156865,0.8676470588235294,0.581818163394928,0.581818163394928,0.9991633892059326,0.02306589635153269,0.9852216748768473,0.9901477832512315,0.9802955665024631,0.5638560041131417,0.1323529411764706,0.19928238915673865,1.4003588054216307
EL2N,boundary_duplicate_fashion_mnist,2,0.3,0.0,200,200,5000,0,204,2392,2596,0.5451656950172037,0.50425,0.50425,,,,,3.630132356658578,0,1,201,0.43137254901960786,0.6568627450980392,0.6472518444061279,0.6472518444061279,0.9999973773956299,0.03350965862203702,0.916256157635468,0.9605911330049262,0.9064039408866995,0.9277892502681174,0.3431372549019608,0.22256573794804838,1.3887171310259758
GraNdLast,boundary_duplicate_fashion_mnist,2,0.3,0.0,200,200,5000,0,204,2331,2535,0.5329597571399063,0.40674999999999994,0.40675,,,,,3.81558183580637,0,1,201,0.4117647058823529,0.7352941176470589,0.676443874835968,0.676443874835968,0.9999986290931702,0.032522741943744604,0.9310344827586207,0.9753694581280788,0.9310344827586207,0.833764907210665,0.2647058823529412,0.21692043425215118,1.3915397828739244
RHO-PretrainRef,boundary_duplicate_fashion_mnist,2,0.3,0.0,200,200,5000,0,204,2381,2585,0.5429657824570313,0.48924999999999996,0.48925,,,,,4.049180556088686,0,1,201,0.4166666666666667,0.6078431372549019,0.6744157075881958,0.6744157075881958,0.9999980330467224,0.029986495161291413,0.9556650246305419,0.9556650246305419,0.9408866995073891,0.9661773513883509,0.39215686274509803,0.21109524053436077,1.3944523797328197
PU-R,boundary_duplicate_fashion_mnist,2,0.3,0.0,200,200,5000,0,204,2184,2388,0.5034812346566468,0.38925,0.38925,,,,,6.353272274136543,0,1,201,0.37745098039215685,0.7058823529411765,0.5900564789772034,0.5900564789772034,0.9999988079071045,0.027504366900533293,0.9704433497536946,0.9704433497536946,0.9655172413793104,0.8739810481273579,0.29411764705882354,0.19917518275608329,1.4004124086219583
GREATS,boundary_duplicate_fashion_mnist,2,0.3,0.0,200,200,5000,0,204,2403,2607,,0.46924999999999994,0.46925,,,,,5.584526529535651,0,1,201,0.4362745098039216,0.8333333333333334,0.6755199432373047,0.6755199432373047,0.9999992847442627,0.028718602187527812,0.9605911330049262,0.9753694581280788,0.9507389162561576,0.6500224216483541,0.16666666666666666,0.20469161072543002,1.3976541946372851
MaxLoss,boundary_duplicate_fashion_mnist,2,0.3,0.1,200,200,4500,500,204,2000,2204,0.5170018208445981,0.43000000000000005,0.43,,,,,2.7503661438822746,0,1,201,0.4117647058823529,0.7745098039215687,0.6626870036125183,0.6626870036125183,0.9999966621398926,0.03168217771746255,0.9310344827586207,0.9605911330049262,0.9211822660098522,0.7700664782920602,0.22549019607843138,0.2157471220666873,1.3921264389666563
Marginal,boundary_duplicate_fashion_mnist,2,0.3,0.1,200,200,4500,500,204,2053,2257,0.5288073748815805,0.42325,0.42325,,,,,3.4970956007018685,0,1,201,0.28431372549019607,0.9019607843137255,0.6114240884780884,0.6114240884780884,0.9999983310699463,0.017590942641197167,0.9901477832512315,0.9901477832512315,0.9901477832512315,0.4627490585781739,0.09803921568627451,0.17331174101940353,1.4133441294902982
EL2N,boundary_duplicate_fashion_mnist,2,0.3,0.1,200,200,4500,500,204,2022,2226,0.5219040947849862,0.43725,0.43725,,,,,3.4801300317049026,0,1,201,0.4117647058823529,0.6274509803921569,0.6456751227378845,0.6456751227378845,0.9999958276748657,0.02994774891237907,0.9458128078817734,0.9556650246305419,0.9359605911330049,0.9526092095121206,0.37254901960784315,0.2118655775543506,1.3940672112228247
GraNdLast,boundary_duplicate_fashion_mnist,2,0.3,0.1,200,200,4500,500,204,2009,2213,0.5190076147555374,0.4535,0.4535,,,,,3.7383522763848305,0,1,201,0.4215686274509804,0.7303921568627451,0.6509628891944885,0.6509628891944885,0.999993085861206,0.031301257351936375,0.9556650246305419,0.9605911330049262,0.9408866995073891,0.8409013527915038,0.2696078431372549,0.21257214510722575,1.3937139274463872
RHO-PretrainRef,boundary_duplicate_fashion_mnist,2,0.3,0.1,200,200,4500,500,204,2033,2237,0.524354244407732,0.469,0.469,,,,,3.7732541793957353,0,1,201,0.43137254901960786,0.7696078431372549,0.6925088167190552,0.6925088167190552,0.999995231628418,0.033291695740422594,0.9261083743842364,0.9507389162561576,0.9261083743842364,0.7786942948889739,0.23039215686274508,0.21392358007419773,1.393038209962901
PU-R,boundary_duplicate_fashion_mnist,2,0.3,0.1,200,200,4500,500,204,1996,2200,0.5161102154524997,0.4445,0.4445,,,,,6.011510472744703,0,1,201,0.3872549019607843,0.7254901960784313,0.6079791784286499,0.6079791784286499,0.9999986290931702,0.02471197047844309,0.9852216748768473,0.9852216748768473,0.9852216748768473,0.8478617451660525,0.27450980392156865,0.19552219799419554,1.4022389010029022
GREATS,boundary_duplicate_fashion_mnist,2,0.3,0.1,200,200,4500,500,204,2161,2365,,0.55775,0.55775,,,,,5.389511835761368,0,1,201,0.4362745098039216,0.803921568627451,0.6628025770187378,0.6628025770187378,0.9999989867210388,0.02830326351626166,0.9605911330049262,0.9753694581280788,0.9556650246305419,0.7140152804378671,0.19607843137254902,0.2042295520516167,1.3978852239741917
MaxLoss,boundary_duplicate_fashion_mnist,2,0.3,0.2,200,200,4000,1000,204,1763,1967,0.5205087660579011,0.389,0.389,,,,,2.6592955105006695,0,1,201,0.43137254901960786,0.8186274509803921,0.6599874496459961,0.6599874496459961,0.9999982118606567,0.030469119842416546,0.9556650246305419,0.9605911330049262,0.9408866995073891,0.6830704823075845,0.18137254901960784,0.2110317743633232,1.3944841128183385
Marginal,boundary_duplicate_fashion_mnist,2,0.3,0.2,200,200,4000,1000,204,1412,1616,0.4320576784084551,0.26225,0.26225,,,,,3.098503615707159,0,1,201,0.25,0.7696078431372549,0.5858700275421143,0.5858700275421143,0.9995748400688171,0.016306917655644158,0.9950738916256158,0.9950738916256158,0.9950738916256158,0.7786942948889739,0.23039215686274508,0.17563162491273349,1.4121841875436334
EL2N,boundary_duplicate_fashion_mnist,2,0.3,0.2,200,200,4000,1000,204,1685,1889,0.5009310434106737,0.4505,0.4505,,,,,3.16965766903013,0,1,201,0.4166666666666667,0.6666666666666666,0.6379294991493225,0.6379294991493225,0.9999919533729553,0.029445923901543828,0.9408866995073891,0.9605911330049262,0.9359605911330049,0.9182958340544894,0.3333333333333333,0.20977416721390674,1.3951129163930467
GraNdLast,boundary_duplicate_fashion_mnist,2,0.3,0.2,200,200,4000,1000,204,1790,1994,0.5272753592580557,0.4605,0.4605,,,,,3.286453585140407,0,1,201,0.4166666666666667,0.6323529411764706,0.6423279643058777,0.6423279643058777,0.9999983310699463,0.026951683859519772,0.9655172413793104,0.9753694581280788,0.9605911330049262,0.9488482942421287,0.36764705882352944,0.20611014769700198,1.396944926151499
RHO-PretrainRef,boundary_duplicate_fashion_mnist,2,0.3,0.2,200,200,4000,1000,204,1754,1958,0.5182520566158928,0.4465,0.4465,,,,,3.4313222700729966,0,1,201,0.4166666666666667,0.7401960784313726,0.6748096346855164,0.6748096346855164,0.9999984502792358,0.03064829360675342,0.9458128078817734,0.9704433497536946,0.9408866995073891,0.8264503432953365,0.25980392156862747,0.2072496892084814,1.3963751553957593
PU-R,boundary_duplicate_fashion_mnist,2,0.3,0.2,200,200,4000,1000,204,1781,1985,0.5250204175245017,0.42200000000000004,0.422,,,,,5.443158036097884,0,1,201,0.37745098039215685,0.7696078431372549,0.6004586219787598,0.6004586219787598,0.9999927878379822,0.02627428323764519,0.9753694581280788,0.9704433497536946,0.9704433497536946,0.7786942948889739,0.23039215686274508,0.20052987100309994,1.39973506449845
GREATS,boundary_duplicate_fashion_mnist,2,0.3,0.2,200,200,4000,1000,204,1804,2008,,0.45875,0.45875,,,,,4.728154731914401,0,1,201,0.4068627450980392,0.8186274509803921,0.6532869338989258,0.6532869338989258,0.9999977350234985,0.026889732318558717,0.9605911330049262,0.9802955665024631,0.9507389162561576,0.6830704823075845,0.18137254901960784,0.20085107784075512,1.3995744610796224
MaxLoss,boundary_duplicate_fashion_mnist,2,0.3,0.3,200,200,3500,1500,204,1467,1671,0.5079693357693031,0.41425,0.41425,,,,,2.599817025475204,0,1,201,0.4215686274509804,0.7058823529411765,0.6458397507667542,0.6458397507667542,0.9999977946281433,0.02629301994304939,0.9704433497536946,0.9655172413793104,0.9655172413793104,0.8739810481273579,0.29411764705882354,0.19913282280626018,1.40043358859687
Marginal,boundary_duplicate_fashion_mnist,2,0.3,0.3,200,200,3500,1500,204,1611,1815,0.5491999755031429,0.44725000000000004,0.44725,,,,,3.0707622235640883,0,1,201,0.3333333333333333,0.9509803921568627,0.6197065711021423,0.6197065711021423,0.9999992251396179,0.015714479494625427,0.9901477832512315,0.9950738916256158,0.9901477832512315,0.28221763445592507,0.049019607843137254,0.17481228839449212,1.412593855802754
EL2N,boundary_duplicate_fashion_mnist,2,0.3,0.3,200,200,3500,1500,204,1563,1767,0.5354797545005567,0.471,0.471,,,,,3.073354685679078,0,1,201,0.38235294117647056,0.6911764705882353,0.6692203879356384,0.6692203879356384,0.9999988079071045,0.029825138928267755,0.9605911330049262,0.9605911330049262,0.9408866995073891,0.8918107543797082,0.3088235294117647,0.20644318925873473,1.3967784053706327
GraNdLast,boundary_duplicate_fashion_mnist,2,0.3,0.3,200,200,3500,1500,204,1516,1720,0.5220227565150708,0.43925000000000003,0.43925,,,,,3.202086058445275,0,1,201,0.4264705882352941,0.5637254901960784,0.6414334177970886,0.6414334177970886,0.9999978542327881,0.029056152686696923,0.9507389162561576,0.9753694581280788,0.9458128078817734,0.9882506791547675,0.4362745098039216,0.2091056353405142,1.395447182329743
RHO-PretrainRef,boundary_duplicate_fashion_mnist,2,0.3,0.3,200,200,3500,1500,204,1546,1750,0.5306149097741581,0.46275,0.46275,,,,,3.32713754568249,0,1,201,0.43137254901960786,0.7647058823529411,0.6640770435333252,0.6640770435333252,0.9999948740005493,0.02956754996858794,0.9507389162561576,0.9655172413793104,0.9458128078817734,0.787126586201269,0.23529411764705882,0.20721280374369905,1.3963935981281503
PU-R,boundary_duplicate_fashion_mnist,2,0.3,0.3,200,200,3500,1500,204,1563,1767,0.5354797545005567,0.40475000000000005,0.40475,,,,,5.216453390195966,0,1,201,0.3382352941176471,0.7156862745098039,0.5888547897338867,0.5888547897338867,0.9999969005584717,0.02420610864761428,0.9753694581280788,0.9802955665024631,0.9704433497536946,0.8612621884720756,0.28431372549019607,0.19423652415695417,1.4028817379215228
GREATS,boundary_duplicate_fashion_mnist,2,0.3,0.3,200,200,3500,1500,204,1392,1596,,0.35850000000000004,0.3585,,,,,4.49290919303894,0,1,201,0.4117647058823529,0.8823529411764706,0.6355799436569214,0.6355799436569214,0.9999992847442627,0.025980565348282237,0.9852216748768473,0.9852216748768473,0.9802955665024631,0.5225593745369408,0.11764705882352941,0.19978570415979743,1.4001071479201013
MaxLoss,boundary_duplicate_fashion_mnist,2,0.3,0.4,200,200,3000,2000,204,1195,1399,0.4990747942356393,0.40725,0.40725,,,,,2.508769822306931,0,1,201,0.37254901960784315,0.7352941176470589,0.6428974866867065,0.6428974866867065,0.9990584850311279,0.02749470470867721,0.9704433497536946,0.9950738916256158,0.9704433497536946,0.833764907210665,0.2647058823529412,0.20153265469668058,1.3992336726516597
Marginal,boundary_duplicate_fashion_mnist,2,0.3,0.4,200,200,3000,2000,204,1195,1399,0.4990747942356393,0.37725,0.37725,,,,,2.92933302000165,0,1,201,0.3627450980392157,0.9019607843137255,0.5938892960548401,0.5938892960548401,0.9986422061920166,0.015463934384924107,0.9950738916256158,0.9950738916256158,0.9950738916256158,0.4627490585781739,0.09803921568627451,0.17107535723818626,1.4144623213809069
EL2N,boundary_duplicate_fashion_mnist,2,0.3,0.4,200,200,3000,2000,204,1289,1493,0.5305414405884221,0.4125,0.4125,,,,,2.9562927735969424,0,1,201,0.39705882352941174,0.7794117647058824,0.6391614079475403,0.6391614079475403,0.9999226331710815,0.026092551905533362,0.9507389162561576,0.9802955665024631,0.9507389162561576,0.7612401496918493,0.22058823529411764,0.20545692340954022,1.3972715382952299
GraNdLast,boundary_duplicate_fashion_mnist,2,0.3,0.4,200,200,3000,2000,204,1212,1416,0.5047752558020875,0.40525,0.40525,,,,,3.0590354409068823,0,1,201,0.4117647058823529,0.6323529411764706,0.6306066513061523,0.6306066513061523,0.9999988675117493,0.027448605580870155,0.9802955665024631,0.9852216748768473,0.9753694581280788,0.9488482942421287,0.36764705882352944,0.20498989358020803,1.397505053209896
RHO-PretrainRef,boundary_duplicate_fashion_mnist,2,0.3,0.4,200,200,3000,2000,204,1244,1448,0.5154939295607619,0.50425,0.50425,,,,,3.18261846434325,0,1,201,0.39705882352941174,0.8431372549019608,0.6623815298080444,0.6623815298080444,0.9998416900634766,0.025895695380976635,0.9507389162561576,0.9852216748768473,0.9507389162561576,0.6267511370265895,0.1568627450980392,0.20052119185292636,1.3997394040735367
PU-R,boundary_duplicate_fashion_mnist,2,0.3,0.4,200,200,3000,2000,204,1370,1574,0.5575513786170632,0.46025000000000005,0.46025,,,,,4.977963784709573,0,1,201,0.3431372549019608,0.8480392156862745,0.6054530143737793,0.6054530143737793,0.9918134212493896,0.020937551712167674,0.9852216748768473,0.9901477832512315,0.9852216748768473,0.6147254939168559,0.15196078431372548,0.18660728454842945,1.4066963577257852
GREATS,boundary_duplicate_fashion_mnist,2,0.3,0.4,200,200,3000,2000,204,1253,1457,,0.44775,0.44775,,,,,4.194458341225982,0,1,201,0.4166666666666667,0.8627450980392157,0.6549534797668457,0.6549534797668457,0.9999893307685852,0.03033156707662667,0.9556650246305419,0.9852216748768473,0.9507389162561576,0.5770042503157248,0.13725490196078433,0.20723751315298852,1.3963812434235057
MaxLoss,boundary_duplicate_fashion_mnist,2,0.3,0.5,200,200,2500,2500,204,1069,1273,0.5449824481038377,0.54525,0.54525,,,,,2.460641101002693,0,1,201,0.37745098039215685,0.7745098039215687,0.6375194787979126,0.6375194787979126,0.9999517202377319,0.029105050810452164,0.9655172413793104,0.9704433497536946,0.9605911330049262,0.7700664782920602,0.22549019607843138,0.20506617323130907,1.3974669133843456
Marginal,boundary_duplicate_fashion_mnist,2,0.3,0.5,200,200,2500,2500,204,883,1087,0.4701473565073684,0.36024999999999996,0.36025,,,,,2.7572426851838827,0,1,201,0.28921568627450983,0.8970588235294118,0.6050171256065369,0.6050171256065369,0.9999701380729675,0.016441515486302048,0.9950738916256158,0.9950738916256158,0.9950738916256158,0.4782501641071145,0.10294117647058823,0.1727465472429438,1.413626726378528
EL2N,boundary_duplicate_fashion_mnist,2,0.3,0.5,200,200,2500,2500,204,1059,1263,0.5409794947481714,0.42525,0.42525,,,,,2.866734080016613,0,1,201,0.36764705882352944,0.7647058823529411,0.6453219652175903,0.6453219652175903,0.9999426603317261,0.027728003087302146,0.9704433497536946,0.9802955665024631,0.9605911330049262,0.787126586201269,0.23529411764705882,0.20186279286929348,1.3990686035653532
GraNdLast,boundary_duplicate_fashion_mnist,2,0.3,0.5,200,200,2500,2500,204,1092,1296,0.5541804133099504,0.49124999999999996,0.49125,,,,,2.9757397463545203,0,1,201,0.4117647058823529,0.75,0.6200520992279053,0.6200520992279053,0.9999489784240723,0.028344302048236864,0.9605911330049262,0.9802955665024631,0.9605911330049262,0.8112781244591328,0.25,0.20763579500055682,1.3961821024997216
RHO-PretrainRef,boundary_duplicate_fashion_mnist,2,0.3,0.5,200,200,2500,2500,204,1071,1275,0.5457827599020675,0.49524999999999997,0.49525,,,,,3.0492450008168817,0,1,201,0.37254901960784315,0.7794117647058824,0.6461012959480286,0.6461012959480286,0.9999246597290039,0.026522348079775354,0.9901477832512315,0.9802955665024631,0.9802955665024631,0.7612401496918493,0.22058823529411764,0.19868610958519628,1.4006569452074018
PU-R,boundary_duplicate_fashion_mnist,2,0.3,0.5,200,200,2500,2500,204,964,1168,0.5028357240371406,0.39949999999999997,0.3995,,,,,4.803736815229058,0,1,201,0.31862745098039214,0.7254901960784313,0.5916116833686829,0.5916116833686829,0.9905813932418823,0.022630519320812132,0.9802955665024631,0.9852216748768473,0.9753694581280788,0.8478617451660525,0.27450980392156865,0.18737376639758246,1.4063131168012086
GREATS,boundary_duplicate_fashion_mnist,2,0.3,0.5,200,200,2500,2500,204,1148,1352,,0.49350000000000005,0.4935,,,,,4.012388187460601,0,1,201,0.35784313725490197,0.7843137254901961,0.6453716158866882,0.6453716158866882,0.9999903440475464,0.026526690703894705,0.9802955665024631,0.9901477832512315,0.9802955665024631,0.7522121733341474,0.21568627450980393,0.19992657104189276,1.4000367144790538
MaxLoss,boundary_duplicate_fashion_mnist,2,0.3,0.6,200,200,2000,3000,204,807,1011,0.5451626425492577,0.4115,0.4115,,,,,2.3802078887820244,0,1,201,0.39705882352941174,0.7107843137254902,0.6242921948432922,0.6242921948432922,0.9984750151634216,0.026799060441003057,0.9753694581280788,0.9852216748768473,0.9704433497536946,0.8677059401846615,0.28921568627450983,0.201898321726137,1.3990508391369314
Marginal,boundary_duplicate_fashion_mnist,2,0.3,0.6,200,200,2000,3000,204,764,968,0.5236098044551909,0.3205,0.3205,,,,,2.637560172006488,0,1,201,0.3431372549019608,0.7892156862745098,0.6360121965408325,0.6360121965408325,0.9988136291503906,0.019000125342401964,0.9802955665024631,0.9852216748768473,0.9802955665024631,0.7429792545761841,0.2107843137254902,0.18460695386893253,1.4076965230655336
EL2N,boundary_duplicate_fashion_mnist,2,0.3,0.6,200,200,2000,3000,204,816,1020,0.5496642859652638,0.46175,0.46175,,,,,2.6698746010661125,0,1,201,0.39215686274509803,0.7549019607843137,0.626428484916687,0.626428484916687,0.9945241212844849,0.02459312160614089,0.9704433497536946,0.9852216748768473,0.9655172413793104,0.8034158480707552,0.24509803921568626,0.1985793885205704,1.4007103057397148
GraNdLast,boundary_duplicate_fashion_mnist,2,0.3,0.6,200,200,2000,3000,204,745,949,0.5140627783839591,0.477,0.477,,,,,2.729568830691278,0,1,201,0.37254901960784315,0.6666666666666666,0.6297741532325745,0.6297741532325745,0.9956812858581543,0.031604951146641386,0.9655172413793104,0.9802955665024631,0.9605911330049262,0.9182958340544894,0.3333333333333333,0.20839617978405595,1.3958019101079722
RHO-PretrainRef,boundary_duplicate_fashion_mnist,2,0.3,0.6,200,200,2000,3000,204,817,1021,0.5501642670133151,0.47450000000000003,0.4745,,,,,2.811211450956762,0,1,201,0.3872549019607843,0.7549019607843137,0.6662130951881409,0.6662130951881409,0.9998900890350342,0.031593866682992196,0.9458128078817734,0.9704433497536946,0.9458128078817734,0.8034158480707552,0.24509803921568626,0.20636410849806663,1.3968179457509666
PU-R,boundary_duplicate_fashion_mnist,2,0.3,0.6,200,200,2000,3000,204,857,1061,0.5701303716632538,0.35324999999999995,0.35325,,,,,4.400995261967182,0,1,201,0.3284313725490196,0.7303921568627451,0.6009436249732971,0.6009436249732971,0.990310788154602,0.02354265516394465,0.9950738916256158,0.9901477832512315,0.9901477832512315,0.8409013527915038,0.2696078431372549,0.18874423881307545,1.4056278805934623
GREATS,boundary_duplicate_fashion_mnist,2,0.3,0.6,200,200,2000,3000,204,807,1011,,0.45225000000000004,0.45225,,,,,3.590583140961826,0,1,201,0.37745098039215685,0.8186274509803921,0.6452245712280273,0.6452245712280273,0.9998202323913574,0.026869538969594268,0.9852216748768473,0.9901477832512315,0.9852216748768473,0.6830704823075845,0.18137254901960784,0.19899663403557696,1.4005016829822114
MaxLoss,boundary_duplicate_fashion_mnist,2,0.3,0.7,200,200,1500,3500,204,539,743,0.5406080061802641,0.45975,0.45975,,,,,2.3303334088996053,0,1,201,0.3627450980392157,0.7401960784313726,0.6042585372924805,0.6042585372924805,0.9982929229736328,0.029161543498191927,0.9605911330049262,0.9901477832512315,0.9605911330049262,0.8264503432953365,0.25980392156862747,0.2068232713394438,1.396588364330278
Marginal,boundary_duplicate_fashion_mnist,2,0.3,0.7,200,200,1500,3500,204,493,697,0.5097910240292549,0.28274999999999995,0.28275,,,,,2.5378077877685428,0,1,201,0.2696078431372549,0.8088235294117647,0.6020253300666809,0.6020253300666809,0.9988541603088379,0.01654252692543227,0.9950738916256158,0.9950738916256158,0.9950738916256158,0.7039260680195971,0.19117647058823528,0.1727483404975479,1.413625829751226
EL2N,boundary_duplicate_fashion_mnist,2,0.3,0.7,200,200,1500,3500,204,567,771,0.5592814752599224,0.48350000000000004,0.4835,,,,,2.5591741194948554,0,1,201,0.4264705882352941,0.7156862745098039,0.6282579898834229,0.6282579898834229,0.9963183403015137,0.028701792870249068,0.9655172413793104,0.9802955665024631,0.9655172413793104,0.8612621884720756,0.28431372549019607,0.20523209411355248,1.3973839529432237
GraNdLast,boundary_duplicate_fashion_mnist,2,0.3,0.7,200,200,1500,3500,204,544,748,0.5439472589059733,0.44025000000000003,0.44025,,,,,2.606561857275665,0,1,201,0.35294117647058826,0.6470588235294118,0.610270619392395,0.610270619392395,0.9915698766708374,0.027150431106536848,0.9852216748768473,0.9901477832512315,0.9852216748768473,0.9366673818775625,0.35294117647058826,0.2002362436963365,1.3998818781518318
RHO-PretrainRef,boundary_duplicate_fashion_mnist,2,0.3,0.7,200,200,1500,3500,204,539,743,0.5406080061802641,0.45425000000000004,0.45425,,,,,2.688016938045621,0,1,201,0.37745098039215685,0.7892156862745098,0.6410845518112183,0.6410845518112183,0.9986510276794434,0.029062215330565504,0.9605911330049262,0.9901477832512315,0.9605911330049262,0.7429792545761841,0.2107843137254902,0.2041759343987913,1.3979120328006043
PU-R,boundary_duplicate_fashion_mnist,2,0.3,0.7,200,200,1500,3500,204,652,856,0.6155720957322046,0.524,0.524,,,,,4.133396745659411,0,1,201,0.35784313725490197,0.7450980392156863,0.5999405384063721,0.5999405384063721,0.9896630644798279,0.026487090684510217,0.9901477832512315,0.9901477832512315,0.9901477832512315,0.8189555018403104,0.2549019607843137,0.198274243834002,1.400862878082999
GREATS,boundary_duplicate_fashion_mnist,2,0.3,0.7,200,200,1500,3500,204,556,760,,0.44925000000000004,0.44925,,,,,3.345285383053124,0,1,201,0.35294117647058826,0.7794117647058824,0.6451662182807922,0.6451662182807922,0.9997038841247559,0.02498083058836425,0.9802955665024631,0.9852216748768473,0.9704433497536946,0.7612401496918493,0.22058823529411764,0.19350075698769312,1.4032496215061534
MaxLoss,boundary_duplicate_fashion_mnist,2,0.3,0.8,200,200,1000,4000,204,304,508,0.5625620305654593,0.4315,0.4315,,,,,2.2601396571844816,0,1,201,0.38235294117647056,0.7745098039215687,0.614372730255127,0.614372730255127,0.9999805688858032,0.02350243896686385,0.9802955665024631,0.9852216748768473,0.9753694581280788,0.7700664782920602,0.22549019607843138,0.19510580952108358,1.402447095239458
Marginal,boundary_duplicate_fashion_mnist,2,0.3,0.8,200,200,1000,4000,204,293,497,0.551565914938692,0.3355,0.3355,,,,,2.4506227085366845,0,1,201,0.27941176470588236,0.803921568627451,0.597778856754303,0.597778856754303,0.9985963106155396,0.01615745091599784,0.9950738916256158,0.9950738916256158,0.9950738916256158,0.7140152804378671,0.19607843137254902,0.17078474912175226,1.4146076254391238
EL2N,boundary_duplicate_fashion_mnist,2,0.3,0.8,200,200,1000,4000,204,287,491,0.5455567055032589,0.395,0.395,,,,,2.458459666930139,0,1,201,0.39215686274509803,0.7794117647058824,0.6298109292984009,0.6298109292984009,0.9999934434890747,0.02328909823459945,0.9605911330049262,0.9802955665024631,0.9556650246305419,0.7612401496918493,0.22058823529411764,0.19611106411869578,1.401944467940652
GraNdLast,boundary_duplicate_fashion_mnist,2,0.3,0.8,200,200,1000,4000,204,347,551,0.6052873922744766,0.47424999999999995,0.47425,,,,,2.4986900249496102,0,1,201,0.36764705882352944,0.7549019607843137,0.6293492317199707,0.6293492317199707,0.999997079372406,0.023608588085973204,0.9655172413793104,0.9901477832512315,0.9655172413793104,0.8034158480707552,0.24509803921568626,0.19545219638219977,1.4022739018089
RHO-PretrainRef,boundary_duplicate_fashion_mnist,2,0.3,0.8,200,200,1000,4000,204,313,517,0.5715388267417438,0.47224999999999995,0.47225,,,,,2.5648701824247837,0,1,201,0.37745098039215685,0.8088235294117647,0.6247511506080627,0.6247511506080627,0.9999967813491821,0.024916997977665493,0.9556650246305419,0.9852216748768473,0.9556650246305419,0.7039260680195971,0.19117647058823528,0.1982259429482895,1.4008870285258552
PU-R,boundary_duplicate_fashion_mnist,2,0.3,0.8,200,200,1000,4000,204,290,494,0.5485623091226444,0.391,0.391,,,,,3.876385943032801,0,1,201,0.35784313725490197,0.7892156862745098,0.6123544573783875,0.6123544573783875,0.9999955892562866,0.023254347552219636,0.9802955665024631,0.9802955665024631,0.9802955665024631,0.7429792545761841,0.2107843137254902,0.1901362694799589,1.4049318652600205
GREATS,boundary_duplicate_fashion_mnist,2,0.3,0.8,200,200,1000,4000,204,307,511,,0.4325,0.4325,,,,,3.0249754041433334,0,1,201,0.4019607843137255,0.8186274509803921,0.6429420709609985,0.6429420709609985,0.9999986886978149,0.02291330034509668,0.9753694581280788,0.9852216748768473,0.9753694581280788,0.6830704823075845,0.18137254901960784,0.1910129499245494,1.4044935250377253
MaxLoss,boundary_duplicate_fashion_mnist,3,0.3,0.0,200,200,5000,0,204,2105,2309,0.4876015699119307,0.45525000000000004,0.45525,,,,,2.9144473737105727,0,1,201,0.39705882352941174,0.6666666666666666,0.6484786868095398,0.6484786868095398,0.9999814033508301,0.03355077107258031,0.9113300492610837,0.9556650246305419,0.9064039408866995,0.9182958340544894,0.3333333333333333,0.22092578419692582,1.389537107901537
Marginal,boundary_duplicate_fashion_mnist,3,0.3,0.0,200,200,5000,0,204,2232,2436,0.5131168419029564,0.4325,0.4325,,,,,3.651671988889575,0,1,201,0.3137254901960784,0.8676470588235294,0.5980226397514343,0.5980226397514343,0.9990831613540649,0.01569584320331442,0.9950738916256158,0.9950738916256158,0.9950738916256158,0.5638560041131417,0.1323529411764706,0.17429135762947814,1.4128543211852609
EL2N,boundary_duplicate_fashion_mnist,3,0.3,0.0,200,200,5000,0,204,2274,2478,0.5215400711167604,0.499,0.499,,,,,3.661883228458464,0,1,201,0.43137254901960786,0.6421568627450981,0.6565991044044495,0.6565991044044495,0.9999808669090271,0.029726756764162938,0.9556650246305419,0.9852216748768473,0.9507389162561576,0.9408782537379308,0.35784313725490197,0.21082545696485114,1.3945872715175744
GraNdLast,boundary_duplicate_fashion_mnist,3,0.3,0.0,200,200,5000,0,204,2118,2322,0.4902164828963578,0.40125,0.40125,,,,,3.8183163879439235,0,1,201,0.39705882352941174,0.6029411764705882,0.6528210639953613,0.6528210639953613,0.9999929666519165,0.03322573248388732,0.9507389162561576,0.9507389162561576,0.9408866995073891,0.9692040949598236,0.39705882352941174,0.22337146430655888,1.3883142678467206
RHO-PretrainRef,boundary_duplicate_fashion_mnist,3,0.3,0.0,200,200,5000,0,204,2241,2445,0.5149224423803389,0.42600000000000005,0.426,,,,,4.0613841488957405,0,1,201,0.4117647058823529,0.6421568627450981,0.6560106873512268,0.6560106873512268,0.9999983310699463,0.030175720529603253,0.9408866995073891,0.9704433497536946,0.9408866995073891,0.9408782537379308,0.35784313725490197,0.21361988077292382,1.393190059613538
PU-R,boundary_duplicate_fashion_mnist,3,0.3,0.0,200,200,5000,0,204,2374,2578,0.5415655725519173,0.44399999999999995,0.444,,,,,6.373499506153166,0,1,201,0.3872549019607843,0.6519607843137255,0.6037865281105042,0.6037865281105042,0.9914606809616089,0.0234696648537819,0.9950738916256158,0.9950738916256158,0.9950738916256158,0.9323047076259532,0.3480392156862745,0.18949538833536353,1.4052523058323183
GREATS,boundary_duplicate_fashion_mnist,3,0.3,0.0,200,200,5000,0,204,2345,2549,,0.53125,0.53125,,,,,5.733765043318272,0,1,201,0.43137254901960786,0.7401960784313726,0.6682732701301575,0.6682732701301575,0.9999551773071289,0.028852380848870488,0.9408866995073891,0.9753694581280788,0.9408866995073891,0.8264503432953365,0.25980392156862747,0.2062799151944046,1.3968600424027977
MaxLoss,boundary_duplicate_fashion_mnist,3,0.3,0.1,200,200,4500,500,204,2077,2281,0.534148256352637,0.48850000000000005,0.4885,,,,,2.791768178343773,0,1,201,0.39705882352941174,0.6568627450980392,0.6524520516395569,0.6524520516395569,0.9998533725738525,0.028718773073750762,0.9556650246305419,0.9753694581280788,0.9556650246305419,0.9277892502681174,0.3431372549019608,0.20557915612649147,1.3972104219367543
Marginal,boundary_duplicate_fashion_mnist,3,0.3,0.1,200,200,4500,500,204,1925,2129,0.5002697367453948,0.39825,0.39825,,,,,3.426358912140131,0,1,201,0.29901960784313725,0.8333333333333334,0.588966429233551,0.588966429233551,0.9984852075576782,0.014512117860352464,0.9901477832512315,0.9901477832512315,0.9901477832512315,0.6500224216483541,0.16666666666666666,0.17525063676425334,1.4123746816178733
EL2N,boundary_duplicate_fashion_mnist,3,0.3,0.1,200,200,4500,500,204,1987,2191,0.5141037852154113,0.46275,0.46275,,,,,3.502096594311297,0,1,201,0.39215686274509803,0.6372549019607843,0.6220371723175049,0.6220371723175049,0.9998327493667603,0.030915884989235788,0.9507389162561576,0.9753694581280788,0.9507389162561576,0.9449382598624693,0.3627450980392157,0.21440340338229597,1.392798298308852
GraNdLast,boundary_duplicate_fashion_mnist,3,0.3,0.1,200,200,4500,500,204,2058,2262,0.5299203172326088,0.46199999999999997,0.462,,,,,3.631529183126986,0,1,201,0.4019607843137255,0.5882352941176471,0.6481016278266907,0.6481016278266907,0.9999733567237854,0.03429010437039906,0.9261083743842364,0.9556650246305419,0.916256157635468,0.9774178175281716,0.4117647058823529,0.22676181922752292,1.3866190903862385
RHO-PretrainRef,boundary_duplicate_fashion_mnist,3,0.3,0.1,200,200,4500,500,204,2013,2217,0.5198989373166114,0.45775,0.45775,,,,,3.80898145865649,0,1,201,0.3872549019607843,0.6470588235294118,0.6393734812736511,0.6393734812736511,0.9999836683273315,0.030649547946864163,0.9458128078817734,0.9753694581280788,0.9408866995073891,0.9366673818775625,0.35294117647058826,0.21118471310909795,1.394407643445451
PU-R,boundary_duplicate_fashion_mnist,3,0.3,0.1,200,200,4500,500,204,1835,2039,0.4801507786032744,0.37849999999999995,0.3785,,,,,5.8382900189608335,0,1,201,0.3872549019607843,0.6715686274509803,0.6018818616867065,0.6018818616867065,0.9967849254608154,0.02553454555314163,0.9852216748768473,0.9802955665024631,0.9802955665024631,0.913315679587854,0.3284313725490196,0.19664847920993428,1.4016757603950327
GREATS,boundary_duplicate_fashion_mnist,3,0.3,0.1,200,200,4500,500,204,2035,2239,,0.5185,0.5185,,,,,5.199601624161005,0,1,201,0.4362745098039216,0.7647058823529411,0.6627777218818665,0.6627777218818665,0.9999850988388062,0.0276034668161364,0.9556650246305419,0.9704433497536946,0.9359605911330049,0.787126586201269,0.23529411764705882,0.20346871961430343,1.3982656401928484
MaxLoss,boundary_duplicate_fashion_mnist,3,0.3,0.2,200,200,4000,1000,204,1685,1889,0.5009310434106737,0.45775,0.45775,,,,,2.6556475311517715,0,1,201,0.43137254901960786,0.7107843137254902,0.6495113372802734,0.6495113372802734,0.9999698996543884,0.03185646483683821,0.9211822660098522,0.9753694581280788,0.916256157635468,0.8677059401846615,0.28921568627450983,0.21831437959540279,1.3908428102022987
Marginal,boundary_duplicate_fashion_mnist,3,0.3,0.2,200,200,4000,1000,204,1642,1846,0.4901192541583441,0.43174999999999997,0.43175,,,,,3.228152833878994,0,1,201,0.31862745098039214,0.8333333333333334,0.589033842086792,0.589033842086792,0.9966115355491638,0.016280041489144557,0.9950738916256158,0.9950738916256158,0.9950738916256158,0.6500224216483541,0.16666666666666666,0.17551851537858051,1.4122407423107097
EL2N,boundary_duplicate_fashion_mnist,3,0.3,0.2,200,200,4000,1000,204,1676,1880,0.49866922613000497,0.37625,0.37625,,,,,3.2427351847290993,0,1,201,0.45098039215686275,0.6862745098039216,0.6446738839149475,0.6446738839149475,0.9999852180480957,0.03163540906506806,0.9458128078817734,0.9655172413793104,0.9310344827586207,0.8974271930876951,0.3137254901960784,0.21471437614632766,1.3926428119268361
GraNdLast,boundary_duplicate_fashion_mnist,3,0.3,0.2,200,200,4000,1000,204,1737,1941,0.5139877758920193,0.477,0.477,,,,,3.385838456451893,0,1,201,0.4215686274509804,0.6666666666666666,0.6390294432640076,0.6390294432640076,0.999971866607666,0.033817312473734026,0.9458128078817734,0.9605911330049262,0.9408866995073891,0.9182958340544894,0.3333333333333333,0.22274813435696686,1.3886259328215167
RHO-PretrainRef,boundary_duplicate_fashion_mnist,3,0.3,0.2,200,200,4000,1000,204,1711,1915,0.5074618690996431,0.39875000000000005,0.39875,,,,,3.5455712508410215,0,1,201,0.38235294117647056,0.6911764705882353,0.6629538536071777,0.6629538536071777,0.999991774559021,0.029483138193637865,0.9359605911330049,0.9704433497536946,0.9359605911330049,0.8918107543797082,0.3088235294117647,0.20690656801580376,1.3965467159920981
PU-R,boundary_duplicate_fashion_mnist,3,0.3,0.2,200,200,4000,1000,204,1700,1904,0.5046994279837236,0.41825,0.41825,,,,,5.545362220145762,0,1,201,0.35784313725490197,0.6764705882352942,0.6056593656539917,0.6056593656539917,0.9999799132347107,0.02576376886790609,0.9802955665024631,0.9802955665024631,0.9753694581280788,0.9081783472997053,0.3235294117647059,0.19485379000216133,1.4025731049989194
GREATS,boundary_duplicate_fashion_mnist,3,0.3,0.2,200,200,4000,1000,204,1805,2009,,0.45399999999999996,0.454,,,,,4.877389527857304,0,1,201,0.39705882352941174,0.8382352941176471,0.6443610787391663,0.6443610787391663,0.99993896484375,0.028264535948854363,0.9704433497536946,0.9704433497536946,0.9507389162561576,0.6385146263620961,0.16176470588235295,0.1998483627254719,1.400075818637264
MaxLoss,boundary_duplicate_fashion_mnist,3,0.3,0.3,200,200,3500,1500,204,1551,1755,0.532046050124336,0.45425000000000004,0.45425,,,,,2.6048351945355535,0,1,201,0.4215686274509804,0.6568627450980392,0.6492098569869995,0.6492098569869995,0.9999597072601318,0.03424223765657453,0.9261083743842364,0.9655172413793104,0.9211822660098522,0.9277892502681174,0.3431372549019608,0.21866440047843855,1.3906677997607808
Marginal,boundary_duplicate_fashion_mnist,3,0.3,0.3,200,200,3500,1500,204,1394,1598,0.48698753194184974,0.35575,0.35575,,,,,3.0683202585205436,0,1,201,0.3235294117647059,0.7990196078431373,0.5688586235046387,0.5688586235046387,0.9980190992355347,0.016231407379281932,0.9950738916256158,0.9950738916256158,0.9950738916256158,0.7238845511430295,0.20098039215686275,0.17563516659057657,1.4121824167047117
EL2N,boundary_duplicate_fashion_mnist,3,0.3,0.3,200,200,3500,1500,204,1574,1778,0.5386260357336141,0.42800000000000005,0.428,,,,,3.0963184870779514,0,1,201,0.4019607843137255,0.7058823529411765,0.6383314728736877,0.6383314728736877,0.9999969005584717,0.030359748310496655,0.9408866995073891,0.9802955665024631,0.9359605911330049,0.8739810481273579,0.29411764705882354,0.2118677538865184,1.3940661230567408
GraNdLast,boundary_duplicate_fashion_mnist,3,0.3,0.3,200,200,3500,1500,204,1501,1705,0.5177232671994716,0.481,0.481,,,,,3.187901514582336,0,1,201,0.39705882352941174,0.6666666666666666,0.6662724614143372,0.6662724614143372,0.9998570680618286,0.03185535637028699,0.9359605911330049,0.9753694581280788,0.9310344827586207,0.9182958340544894,0.3333333333333333,0.21311862612119592,1.393440686939402
RHO-PretrainRef,boundary_duplicate_fashion_mnist,3,0.3,0.3,200,200,3500,1500,204,1505,1709,0.5188700201106258,0.47124999999999995,0.47125,,,,,3.3355398438870907,0,1,201,0.39215686274509803,0.6911764705882353,0.6431018710136414,0.6431018710136414,0.9998055696487427,0.030607992278531268,0.9556650246305419,0.9802955665024631,0.9556650246305419,0.8918107543797082,0.3088235294117647,0.21145450826428325,1.3942727458678583
PU-R,boundary_duplicate_fashion_mnist,3,0.3,0.3,200,200,3500,1500,204,1472,1676,0.5094044706202112,0.45575,0.45575,,,,,5.2266347091645,0,1,201,0.3235294117647059,0.6911764705882353,0.6009790897369385,0.6009790897369385,0.991447925567627,0.02290519293893147,0.9852216748768473,0.9852216748768473,0.9852216748768473,0.8918107543797082,0.3088235294117647,0.1903338917725533,1.4048330541137233
GREATS,boundary_duplicate_fashion_mnist,3,0.3,0.3,200,200,3500,1500,204,1488,1692,,0.42874999999999996,0.42875,,,,,4.442696493119001,0,1,201,0.4215686274509804,0.8480392156862745,0.6550758481025696,0.6550758481025696,0.9999793767929077,0.030917865008556197,0.9359605911330049,0.9704433497536946,0.9211822660098522,0.6147254939168559,0.15196078431372548,0.21034065058263549,1.3948296747086824
MaxLoss,boundary_duplicate_fashion_mnist,3,0.3,0.4,200,200,3000,2000,204,1154,1358,0.4853089788230136,0.40625,0.40625,,,,,2.51218746881932,0,1,201,0.4117647058823529,0.7303921568627451,0.6350558400154114,0.6350558400154114,0.9998737573623657,0.02923732584920423,0.9507389162561576,0.9802955665024631,0.9458128078817734,0.8409013527915038,0.2696078431372549,0.2090378286970818,1.395481085651459
Marginal,boundary_duplicate_fashion_mnist,3,0.3,0.4,200,200,3000,2000,204,1356,1560,0.5528899602359161,0.49724999999999997,0.49725,,,,,2.958875265903771,0,1,201,0.31862745098039214,0.9264705882352942,0.5938887596130371,0.5938887596130371,0.9995274543762207,0.015120829267454852,0.9950738916256158,0.9852216748768473,0.9852216748768473,0.378958787501346,0.07352941176470588,0.177487833961268,1.411256083019366
EL2N,boundary_duplicate_fashion_mnist,3,0.3,0.4,200,200,3000,2000,204,1370,1574,0.5575513786170632,0.48824999999999996,0.48825,,,,,2.961054587736726,0,1,201,0.4117647058823529,0.696078431372549,0.6293468475341797,0.6293468475341797,0.9990016222000122,0.02833150165715241,0.9704433497536946,0.9852216748768473,0.9704433497536946,0.8860318997477157,0.30392156862745096,0.20502802173960707,1.3974859891301965
GraNdLast,boundary_duplicate_fashion_mnist,3,0.3,0.4,200,200,3000,2000,204,1277,1481,0.5265316991717555,0.47675,0.47675,,,,,3.0584072628989816,0,1,201,0.43137254901960786,0.6617647058823529,0.6351140141487122,0.6351140141487122,0.9999773502349854,0.03031214601887858,0.9605911330049262,0.9753694581280788,0.9605911330049262,0.9231199835423004,0.3382352941176471,0.21261727696525753,1.3936913615173712
RHO-PretrainRef,boundary_duplicate_fashion_mnist,3,0.3,0.4,200,200,3000,2000,204,1258,1462,0.5201785864192061,0.4565,0.4565,,,,,3.1769969072192907,0,1,201,0.4362745098039216,0.7009803921568627,0.6397890448570251,0.6397890448570251,0.999982476234436,0.030290876703309308,0.9507389162561576,0.9704433497536946,0.9408866995073891,0.8800891716251928,0.29901960784313725,0.20919193651462076,1.3954040317426897
PU-R,boundary_duplicate_fashion_mnist,3,0.3,0.4,200,200,3000,2000,204,1405,1609,0.5691921247635037,0.473,0.473,,,,,5.008695235475898,0,1,201,0.38235294117647056,0.6911764705882353,0.5987668633460999,0.5987668633460999,0.9895015954971313,0.023887801346520486,0.9852216748768473,0.9852216748768473,0.9852216748768473,0.8918107543797082,0.3088235294117647,0.19399305020788085,1.4030034748960596
GREATS,boundary_duplicate_fashion_mnist,3,0.3,0.4,200,200,3000,2000,204,1358,1562,,0.53225,0.53225,,,,,4.209793094545603,0,1,201,0.38235294117647056,0.7990196078431373,0.6474366188049316,0.6474366188049316,0.9999401569366455,0.028640794636580744,0.9704433497536946,0.9753694581280788,0.9605911330049262,0.7238845511430295,0.20098039215686275,0.20391313293656196,1.398043433531719
MaxLoss,boundary_duplicate_fashion_mnist,3,0.3,0.5,200,200,2500,2500,204,1022,1226,0.5261483836802654,0.48650000000000004,0.4865,,,,,2.461454736068845,0,1,201,0.4068627450980392,0.7254901960784313,0.6370916366577148,0.6370916366577148,0.9999971389770508,0.027318404446094496,0.9704433497536946,0.9852216748768473,0.9704433497536946,0.8478617451660525,0.27450980392156865,0.20533844327327025,1.3973307783633648
Marginal,boundary_duplicate_fashion_mnist,3,0.3,0.5,200,200,2500,2500,204,1112,1316,0.5621686183731072,0.489,0.489,,,,,2.8775903340429068,0,1,201,0.3137254901960784,0.8872549019607843,0.5962350368499756,0.5962350368499756,0.9988666772842407,0.01709706134396821,0.9950738916256158,0.9950738916256158,0.9950738916256158,0.5081408784843807,0.11274509803921569,0.17688999649978832,1.4115550017501057
EL2N,boundary_duplicate_fashion_mnist,3,0.3,0.5,200,200,2500,2500,204,1061,1265,0.5417802713345736,0.44525000000000003,0.44525,,,,,2.872357577085495,0,1,201,0.4019607843137255,0.6813725490196079,0.6339355707168579,0.6339355707168579,0.9999821186065674,0.02935998457405955,0.9556650246305419,0.9753694581280788,0.9556650246305419,0.9028826117978824,0.31862745098039214,0.2142741545567062,1.392862922721647
GraNdLast,boundary_duplicate_fashion_mnist,3,0.3,0.5,200,200,2500,2500,204,1044,1248,0.5349707101704553,0.4625,0.4625,,,,,2.9754722137004137,0,1,201,0.39705882352941174,0.6764705882352942,0.6318230628967285,0.6318230628967285,0.9951528310775757,0.027937427823766698,0.9556650246305419,0.9802955665024631,0.9507389162561576,0.9081783472997053,0.3235294117647059,0.20811405600346755,1.3959429719982661
RHO-PretrainRef,boundary_duplicate_fashion_mnist,3,0.3,0.5,200,200,2500,2500,204,1025,1229,0.5273520890623331,0.48350000000000004,0.4835,,,,,3.0733400341123343,0,1,201,0.37745098039215685,0.6813725490196079,0.6442927122116089,0.6442927122116089,0.999727725982666,0.03140876065994718,0.9359605911330049,0.9753694581280788,0.9359605911330049,0.9028826117978824,0.31862745098039214,0.21313877781980936,1.3934306110900954
PU-R,boundary_duplicate_fashion_mnist,3,0.3,0.5,200,200,2500,2500,204,1026,1230,0.5277532778563909,0.49375,0.49375,,,,,4.749564193189144,0,1,201,0.36764705882352944,0.7352941176470589,0.5885950326919556,0.5885950326919556,0.9910868406295776,0.023363990002665026,0.9901477832512315,0.9852216748768473,0.9852216748768473,0.833764907210665,0.2647058823529412,0.19209069847681487,1.4039546507615925
GREATS,boundary_duplicate_fashion_mnist,3,0.3,0.5,200,200,2500,2500,204,998,1202,,0.43200000000000005,0.432,,,,,3.996603226289153,0,1,201,0.4117647058823529,0.7696078431372549,0.6335097551345825,0.6335097551345825,0.9999957084655762,0.027003800927711825,0.9704433497536946,0.9802955665024631,0.9655172413793104,0.7786942948889739,0.23039215686274508,0.2016295469674423,1.3991852265162787
MaxLoss,boundary_duplicate_fashion_mnist,3,0.3,0.6,200,200,2000,3000,204,804,1008,0.5436613696510904,0.43425,0.43425,,,,,2.386484894901514,0,1,201,0.39705882352941174,0.7745098039215687,0.6324957609176636,0.6324957609176636,0.9996253252029419,0.02667088021198517,0.9704433497536946,0.9901477832512315,0.9704433497536946,0.7700664782920602,0.22549019607843138,0.2043413173046535,1.3978293413476732
Marginal,boundary_duplicate_fashion_mnist,3,0.3,0.6,200,200,2000,3000,204,802,1006,0.5426603197702207,0.36150000000000004,0.3615,,,,,2.6872643111273646,0,1,201,0.31862745098039214,0.8480392156862745,0.5838927626609802,0.5838927626609802,0.9990763664245605,0.012889608080163964,0.9901477832512315,0.9901477832512315,0.9901477832512315,0.6147254939168559,0.15196078431372548,0.17289191294428782,1.413554043527856
EL2N,boundary_duplicate_fashion_mnist,3,0.3,0.6,200,200,2000,3000,204,768,972,0.5256178554263897,0.4315,0.4315,,,,,2.695381563156843,0,1,201,0.38235294117647056,0.7794117647058824,0.6544516086578369,0.6544516086578369,0.9986132979393005,0.02561899858155274,0.9802955665024631,0.9901477832512315,0.9802955665024631,0.7612401496918493,0.22058823529411764,0.19701463938440683,1.4014926803077965
GraNdLast,boundary_duplicate_fashion_mnist,3,0.3,0.6,200,200,2000,3000,204,799,1003,0.5411584430839866,0.492,0.492,,,,,2.7747293058782816,0,1,201,0.3627450980392157,0.7254901960784313,0.6156856417655945,0.6156856417655945,0.9992784261703491,0.024951999117000936,0.9753694581280788,0.9852216748768473,0.9704433497536946,0.8478617451660525,0.27450980392156865,0.2007010777053991,1.3996494611473005
RHO-PretrainRef,boundary_duplicate_fashion_mnist,3,0.3,0.6,200,200,2000,3000,204,809,1013,0.5461632898077369,0.42174999999999996,0.42175,,,,,2.8464353010058403,0,1,201,0.37254901960784315,0.7107843137254902,0.6535924673080444,0.6535924673080444,0.9999988079071045,0.02728807151758025,0.9802955665024631,0.9852216748768473,0.9802955665024631,0.8677059401846615,0.28921568627450983,0.19682018942277846,1.4015899052886107
PU-R,boundary_duplicate_fashion_mnist,3,0.3,0.6,200,200,2000,3000,204,802,1006,0.5426603197702207,0.40674999999999994,0.40675,,,,,4.391314337030053,0,1,201,0.3333333333333333,0.7009803921568627,0.5888665318489075,0.5888665318489075,0.9916082620620728,0.021408622194393514,0.9852216748768473,0.9852216748768473,0.9802955665024631,0.8800891716251928,0.29901960784313725,0.18877604666661552,1.4056119766666924
GREATS,boundary_duplicate_fashion_mnist,3,0.3,0.6,200,200,2000,3000,204,788,992,,0.41425,0.41425,,,,,3.657132704742253,0,1,201,0.37745098039215685,0.803921568627451,0.6390462517738342,0.6390462517738342,0.9996875524520874,0.024569371210530475,0.9852216748768473,0.9802955665024631,0.9753694581280788,0.7140152804378671,0.19607843137254902,0.1924675509318643,1.4037662245340679
MaxLoss,boundary_duplicate_fashion_mnist,3,0.3,0.7,200,200,1500,3500,204,539,743,0.5406080061802641,0.46225000000000005,0.46225,,,,,2.3547842986881733,0,1,201,0.4117647058823529,0.7107843137254902,0.6255105137825012,0.6255105137825012,0.9999979734420776,0.028866468740654697,0.9753694581280788,0.9753694581280788,0.9704433497536946,0.8677059401846615,0.28921568627450983,0.20516413477211798,1.397417932613941
Marginal,boundary_duplicate_fashion_mnist,3,0.3,0.7,200,200,1500,3500,204,552,756,0.5492858113721013,0.34450000000000003,0.3445,,,,,2.585716321133077,0,1,201,0.3088235294117647,0.8137254901960784,0.5873267650604248,0.5873267650604248,0.9989393353462219,0.01616558160063962,0.9950738916256158,0.9950738916256158,0.9950738916256158,0.6936126404300949,0.18627450980392157,0.17551952408429533,1.4122402379578523
EL2N,boundary_duplicate_fashion_mnist,3,0.3,0.7,200,200,1500,3500,204,602,806,0.582532761967741,0.46275,0.46275,,,,,2.5995517671108246,0,1,201,0.37745098039215685,0.7156862745098039,0.649910569190979,0.649910569190979,0.9995601773262024,0.029639623068236365,0.9704433497536946,0.9802955665024631,0.9655172413793104,0.8612621884720756,0.28431372549019607,0.20340073284912588,1.3982996335754372
GraNdLast,boundary_duplicate_fashion_mnist,3,0.3,0.7,200,200,1500,3500,204,561,765,0.5552854220732115,0.45225000000000004,0.45225,,,,,2.6485778838396072,0,1,201,0.39705882352941174,0.6764705882352942,0.6063961386680603,0.6063961386680603,0.9901875853538513,0.028618285515038252,0.9655172413793104,0.9802955665024631,0.9556650246305419,0.9081783472997053,0.3235294117647059,0.21087217124728766,1.3945639143763562
RHO-PretrainRef,boundary_duplicate_fashion_mnist,3,0.3,0.7,200,200,1500,3500,204,542,746,0.542611803044565,0.47924999999999995,0.47925,,,,,2.7264134073629975,0,1,201,0.39215686274509803,0.7205882352941176,0.6202864050865173,0.6202864050865173,0.9999977946281433,0.03038473854878266,0.9704433497536946,0.9802955665024631,0.9655172413793104,0.8546480601169081,0.27941176470588236,0.2119977280334067,1.3940011359832967
PU-R,boundary_duplicate_fashion_mnist,3,0.3,0.7,200,200,1500,3500,204,527,731,0.5325854644761421,0.37849999999999995,0.3785,,,,,4.121587011963129,0,1,201,0.3480392156862745,0.7450980392156863,0.6055579781532288,0.6055579781532288,0.9917471408843994,0.023574437230384996,0.9852216748768473,0.9901477832512315,0.9852216748768473,0.8189555018403104,0.2549019607843137,0.18692466819767076,1.4065376659011646
GREATS,boundary_duplicate_fashion_mnist,3,0.3,0.7,200,200,1500,3500,204,508,712,,0.5077499999999999,0.50775,,,,,3.337749811820686,0,1,201,0.4117647058823529,0.7843137254901961,0.6370356678962708,0.6370356678962708,0.9999923706054688,0.028282975695403337,0.9655172413793104,0.9704433497536946,0.9458128078817734,0.7522121733341474,0.21568627450980393,0.19972779163539595,1.4001361041823022
MaxLoss,boundary_duplicate_fashion_mnist,3,0.3,0.8,200,200,1000,4000,204,320,524,0.5785082851652987,0.50325,0.50325,,,,,2.2604049257934093,0,1,201,0.38235294117647056,0.7647058823529411,0.6396428942680359,0.6396428942680359,0.9995501637458801,0.02404124172303477,0.9901477832512315,0.9901477832512315,0.9852216748768473,0.787126586201269,0.23529411764705882,0.19224225090654298,1.4038788745467286
Marginal,boundary_duplicate_fashion_mnist,3,0.3,0.8,200,200,1000,4000,204,358,562,0.6161500138114206,0.398,0.398,,,,,2.4631639840081334,0,1,201,0.25980392156862747,0.9852941176470589,0.662144124507904,0.662144124507904,0.9995945692062378,0.015658177620630362,0.9901477832512315,0.9950738916256158,0.9901477832512315,0.1105808447698871,0.014705882352941176,0.1611601050890949,1.4194199474554525
EL2N,boundary_duplicate_fashion_mnist,3,0.3,0.8,200,200,1000,4000,204,301,505,0.5595657574012876,0.43025,0.43025,,,,,2.464922579936683,0,1,201,0.37745098039215685,0.7254901960784313,0.636430561542511,0.636430561542511,0.9998306632041931,0.0255526329202605,0.9950738916256158,0.9901477832512315,0.9901477832512315,0.8478617451660525,0.27450980392156865,0.19314629779951226,1.403426851100244
GraNdLast,boundary_duplicate_fashion_mnist,3,0.3,0.8,200,200,1000,4000,204,310,514,0.5685485669528134,0.45775,0.45775,,,,,2.492052424699068,0,1,201,0.37745098039215685,0.6715686274509803,0.6259836554527283,0.6259836554527283,0.9997478723526001,0.02447364449941466,0.9802955665024631,0.9950738916256158,0.9802955665024631,0.913315679587854,0.3284313725490196,0.19480425134372337,1.4025978743281384
RHO-PretrainRef,boundary_duplicate_fashion_mnist,3,0.3,0.8,200,200,1000,4000,204,278,482,0.5365279107354581,0.4345,0.4345,,,,,2.5703041180968285,0,1,201,0.4215686274509804,0.7598039215686274,0.6412611603736877,0.6412611603736877,0.999882698059082,0.021986384109910485,0.9901477832512315,0.9852216748768473,0.9852216748768473,0.7953661989364367,0.24019607843137256,0.18840199617188494,1.4057990019140576
PU-R,boundary_duplicate_fashion_mnist,3,0.3,0.8,200,200,1000,4000,204,326,530,0.5844733799458481,0.42800000000000005,0.428,,,,,3.8876184625551105,0,1,201,0.31862745098039214,0.7156862745098039,0.6010222434997559,0.6010222434997559,0.9961830377578735,0.02129544383786582,0.9852216748768473,0.9852216748768473,0.9802955665024631,0.8612621884720756,0.28431372549019607,0.18573997695916147,1.4071300115204193
GREATS,boundary_duplicate_fashion_mnist,3,0.3,0.8,200,200,1000,4000,204,309,513,,0.46299999999999997,0.463,,,,,3.0273403730243444,0,1,201,0.3284313725490196,0.7401960784313726,0.6405121088027954,0.6405121088027954,0.9999175071716309,0.025596120674621883,0.9852216748768473,0.9753694581280788,0.9704433497536946,0.8264503432953365,0.25980392156862747,0.1949870288192452,1.4025064855903775
MaxLoss,boundary_duplicate_fashion_mnist,4,0.3,0.0,200,200,5000,0,204,2300,2504,0.5267507426906377,0.43925000000000003,0.43925,,,,,2.7958343578502536,0,1,201,0.4166666666666667,0.7941176470588235,0.6559154391288757,0.6559154391288757,0.9999734163284302,0.03233154991577412,0.9211822660098522,0.9753694581280788,0.916256157635468,0.7335379291086666,0.20588235294117646,0.22201724861170502,1.3889913756941474
Marginal,boundary_duplicate_fashion_mnist,4,0.3,0.0,200,200,5000,0,204,2229,2433,0.5125148995430209,0.41925,0.41925,,,,,3.6178030436858535,0,1,201,0.3088235294117647,0.8333333333333334,0.5800185799598694,0.5800185799598694,0.9991874694824219,0.01613071449376239,0.9901477832512315,0.9950738916256158,0.9901477832512315,0.6500224216483541,0.16666666666666666,0.1753741583829513,1.4123129208085243
EL2N,boundary_duplicate_fashion_mnist,4,0.3,0.0,200,200,5000,0,204,2353,2557,0.5373637044685893,0.45775,0.45775,,,,,3.63446525298059,0,1,201,0.4362745098039216,0.7745098039215687,0.6517661809921265,0.6517661809921265,0.9999802112579346,0.030760244929731773,0.916256157635468,0.9802955665024631,0.9064039408866995,0.7700664782920602,0.22549019607843138,0.214798053889291,1.3926009730553546
GraNdLast,boundary_duplicate_fashion_mnist,4,0.3,0.0,200,200,5000,0,204,2305,2509,0.5277524695848115,0.4605,0.4605,,,,,3.8271211283281446,0,1,201,0.43137254901960786,0.7401960784313726,0.6600011587142944,0.6600011587142944,0.9999864101409912,0.03138155361701702,0.9408866995073891,0.9704433497536946,0.9359605911330049,0.8264503432953365,0.25980392156862747,0.217647845323685,1.3911760773381574
RHO-PretrainRef,boundary_duplicate_fashion_mnist,4,0.3,0.0,200,200,5000,0,204,2314,2518,0.5295553135802038,0.5025,0.5025,,,,,4.020564344711602,0,1,201,0.4019607843137255,0.7352941176470589,0.6741727590560913,0.6741727590560913,0.9999923706054688,0.03401497226630525,0.9211822660098522,0.9655172413793104,0.9211822660098522,0.833764907210665,0.2647058823529412,0.21889223615898015,1.3905538819205099
PU-R,boundary_duplicate_fashion_mnist,4,0.3,0.0,200,200,5000,0,204,2330,2534,0.5327595293638296,0.4595,0.4595,,,,,6.363710765726864,0,1,201,0.43137254901960786,0.7058823529411765,0.5917485356330872,0.5917485356330872,0.9983283281326294,0.02704094842149706,0.9802955665024631,0.9753694581280788,0.9704433497536946,0.8739810481273579,0.29411764705882354,0.20173782543907098,1.3991310872804645
GREATS,boundary_duplicate_fashion_mnist,4,0.3,0.0,200,200,5000,0,204,2268,2472,,0.485,0.485,,,,,5.769541692920029,0,1,201,0.4117647058823529,0.8186274509803921,0.6590656638145447,0.6590656638145447,0.9999957084655762,0.03066404273944535,0.9704433497536946,0.9753694581280788,0.9605911330049262,0.6830704823075845,0.18137254901960784,0.2092858162245799,1.39535709188771
MaxLoss,boundary_duplicate_fashion_mnist,4,0.3,0.1,200,200,4500,500,204,2123,2327,0.5443761663627811,0.48850000000000005,0.4885,,,,,2.7524667605757713,0,1,201,0.4019607843137255,0.6764705882352942,0.6514929533004761,0.6514929533004761,0.9999805688858032,0.036139196509798174,0.9408866995073891,0.9655172413793104,0.9310344827586207,0.9081783472997053,0.3235294117647059,0.2246976038527553,1.3876511980736224
Marginal,boundary_duplicate_fashion_mnist,4,0.3,0.1,200,200,4500,500,204,1858,2062,0.48529649869306013,0.37849999999999995,0.3785,,,,,3.393833183683455,0,1,201,0.3235294117647059,0.9215686274509803,0.5912037491798401,0.5912037491798401,0.9999950528144836,0.016928788035961206,0.9950738916256158,0.9950738916256158,0.9950738916256158,0.39662777277837885,0.0784313725490196,0.17703856764373715,1.4114807161781315
EL2N,boundary_duplicate_fashion_mnist,4,0.3,0.1,200,200,4500,500,204,1990,2194,0.5147726442082785,0.45925000000000005,0.45925,,,,,3.499136535450816,0,1,201,0.4411764705882353,0.7156862745098039,0.6532918214797974,0.6532918214797974,0.999721348285675,0.03443159786938446,0.9113300492610837,0.9605911330049262,0.9064039408866995,0.8612621884720756,0.28431372549019607,0.2244727073097199,1.3877636463451402
GraNdLast,boundary_duplicate_fashion_mnist,4,0.3,0.1,200,200,4500,500,204,1979,2183,0.5123199218069203,0.45799999999999996,0.458,,,,,3.6845948174595833,0,1,201,0.4117647058823529,0.7254901960784313,0.6550924181938171,0.6550924181938171,0.9999890327453613,0.02999213646198141,0.9458128078817734,0.9655172413793104,0.9408866995073891,0.8478617451660525,0.27450980392156865,0.2149082045533472,1.3925458977233265
RHO-PretrainRef,boundary_duplicate_fashion_mnist,4,0.3,0.1,200,200,4500,500,204,1970,2174,0.5103126593749039,0.48150000000000004,0.4815,,,,,3.802235840819776,0,1,201,0.4264705882352941,0.8137254901960784,0.6981297135353088,0.6981297135353088,0.9999123811721802,0.03176368002233834,0.9359605911330049,0.9704433497536946,0.9261083743842364,0.6936126404300949,0.18627450980392157,0.2140161948819079,1.392991902559046
PU-R,boundary_duplicate_fashion_mnist,4,0.3,0.1,200,200,4500,500,204,2170,2374,0.5548144730273634,0.5589999999999999,0.559,,,,,6.2661657854914665,0,1,201,0.36764705882352944,0.8284313725490197,0.597344696521759,0.597344696521759,0.9996823072433472,0.02679953845263702,0.9753694581280788,0.9704433497536946,0.9704433497536946,0.6612805854775594,0.1715686274509804,0.20142848901986551,1.3992857554900673
GREATS,boundary_duplicate_fashion_mnist,4,0.3,0.1,200,200,4500,500,204,2114,2318,,0.515,0.515,,,,,5.470190366730094,0,1,201,0.39705882352941174,0.8578431372549019,0.6452837586402893,0.6452837586402893,0.9996325969696045,0.027949308380117558,0.9704433497536946,0.9802955665024631,0.9655172413793104,0.5898596879060195,0.14215686274509803,0.20358635711633172,1.3982068214418342
MaxLoss,boundary_duplicate_fashion_mnist,4,0.3,0.2,200,200,4000,1000,204,1777,1981,0.5240180320106447,0.48024999999999995,0.48025,,,,,2.67045038100332,0,1,201,0.4019607843137255,0.6764705882352942,0.6489414572715759,0.6489414572715759,0.9999884366989136,0.03299787097376556,0.9359605911330049,0.9704433497536946,0.9211822660098522,0.9081783472997053,0.3235294117647059,0.21925873498332335,1.3903706325083383
Marginal,boundary_duplicate_fashion_mnist,4,0.3,0.2,200,200,4000,1000,204,1676,1880,0.49866922613000497,0.45125000000000004,0.45125,,,,,3.2575492411851883,0,1,201,0.3333333333333333,0.9656862745098039,0.5826299786567688,0.5826299786567688,0.9966707825660706,0.01710099213999774,0.9901477832512315,0.9950738916256158,0.9901477832512315,0.21558371017095954,0.03431372549019608,0.179712926689705,1.4101435366551476
EL2N,boundary_duplicate_fashion_mnist,4,0.3,0.2,200,200,4000,1000,204,1872,2076,0.5477931997156702,0.50825,0.50825,,,,,3.280847948975861,0,1,201,0.43137254901960786,0.7892156862745098,0.626031756401062,0.626031756401062,0.9999921321868896,0.03460559685682428,0.9359605911330049,0.9753694581280788,0.9261083743842364,0.7429792545761841,0.2107843137254902,0.22465667281641694,1.3876716635917914
GraNdLast,boundary_duplicate_fashion_mnist,4,0.3,0.2,200,200,4000,1000,204,1787,1991,0.5265237775165588,0.498,0.498,,,,,3.4258302683010697,0,1,201,0.4215686274509804,0.6911764705882353,0.6253630518913269,0.6253630518913269,0.9999843835830688,0.03088388375460808,0.9507389162561576,0.9802955665024631,0.9458128078817734,0.8918107543797082,0.3088235294117647,0.21478070415099643,1.3926096479245018
RHO-PretrainRef,boundary_duplicate_fashion_mnist,4,0.3,0.2,200,200,4000,1000,204,1758,1962,0.5192551113432273,0.44299999999999995,0.443,,,,,3.5504902713000774,0,1,201,0.4068627450980392,0.7696078431372549,0.6914575695991516,0.6914575695991516,0.9999908804893494,0.030808854719688153,0.9655172413793104,0.9605911330049262,0.9556650246305419,0.7786942948889739,0.23039215686274508,0.20894305519125564,1.3955284724043722
PU-R,boundary_duplicate_fashion_mnist,4,0.3,0.2,200,200,4000,1000,204,1836,2040,0.5387914062594064,0.49824999999999997,0.49825,,,,,5.680315840058029,0,1,201,0.3872549019607843,0.7450980392156863,0.6050770878791809,0.6050770878791809,0.9916156530380249,0.026481145277178934,0.9901477832512315,0.9901477832512315,0.9852216748768473,0.8189555018403104,0.2549019607843137,0.19556544309179433,1.4022172784541027
GREATS,boundary_duplicate_fashion_mnist,4,0.3,0.2,200,200,4000,1000,204,1904,2108,,0.49875,0.49875,,,,,4.9315719828009605,0,1,201,0.3872549019607843,0.8480392156862745,0.6701221466064453,0.6701221466064453,0.9999963045120239,0.03225608327852681,0.9359605911330049,0.9655172413793104,0.9359605911330049,0.6147254939168559,0.15196078431372548,0.20994788299297476,1.3950260585035126
MaxLoss,boundary_duplicate_fashion_mnist,4,0.3,0.3,200,200,3500,1500,204,1548,1752,0.5311873962637037,0.47075,0.47075,,,,,2.597288591787219,0,1,201,0.43137254901960786,0.696078431372549,0.6379712820053101,0.6379712820053101,0.9999781847000122,0.03644036688828116,0.9261083743842364,0.9704433497536946,0.9261083743842364,0.8860318997477157,0.30392156862745096,0.22867163538087842,1.3856641823095608
Marginal,boundary_duplicate_fashion_mnist,4,0.3,0.3,200,200,3500,1500,204,1557,1761,0.5337630845606327,0.49050000000000005,0.4905,,,,,3.065484758466482,0,1,201,0.3333333333333333,0.9068627450980392,0.5897844433784485,0.5897844433784485,0.999567985534668,0.014723792361334113,0.9901477832512315,0.9950738916256158,0.9901477832512315,0.4468557686825453,0.09313725490196079,0.1732235753833142,1.4133882123083428
EL2N,boundary_duplicate_fashion_mnist,4,0.3,0.3,200,200,3500,1500,204,1493,1697,0.5154292760416865,0.396,0.396,,,,,3.0731480913236737,0,1,201,0.37254901960784315,0.6813725490196079,0.6395684480667114,0.6395684480667114,0.9999785423278809,0.02941692903124053,0.9261083743842364,0.9556650246305419,0.916256157635468,0.9028826117978824,0.31862745098039214,0.2147050512223864,1.3926474743888069
GraNdLast,boundary_duplicate_fashion_mnist,4,0.3,0.3,200,200,3500,1500,204,1495,1699,0.5160028344835155,0.5055000000000001,0.5055,,,,,3.1929259775206447,0,1,201,0.4019607843137255,0.7156862745098039,0.6295742988586426,0.6295742988586426,0.9999830722808838,0.03448775131714168,0.916256157635468,0.9605911330049262,0.9064039408866995,0.8612621884720756,0.28431372549019607,0.22387806408300376,1.388060967958498
RHO-PretrainRef,boundary_duplicate_fashion_mnist,4,0.3,0.3,200,200,3500,1500,204,1414,1618,0.4927413460682146,0.40674999999999994,0.40675,,,,,3.3198021044954658,0,1,201,0.4019607843137255,0.7990196078431373,0.6714252233505249,0.6714252233505249,0.999733030796051,0.03439018189026217,0.9359605911330049,0.9507389162561576,0.9261083743842364,0.7238845511430295,0.20098039215686275,0.21726669300864596,1.391366653495677
PU-R,boundary_duplicate_fashion_mnist,4,0.3,0.3,200,200,3500,1500,204,1633,1837,0.5554805867723189,0.53025,0.53025,,,,,5.220133533701301,0,1,201,0.3627450980392157,0.7107843137254902,0.6024267673492432,0.6024267673492432,0.9988529086112976,0.0280328792304241,0.9802955665024631,0.9802955665024631,0.9802955665024631,0.8677059401846615,0.28921568627450983,0.20133497079226223,1.3993325146038689
GREATS,boundary_duplicate_fashion_mnist,4,0.3,0.3,200,200,3500,1500,204,1504,1708,,0.47950000000000004,0.4795,,,,,4.446341026574373,0,1,201,0.4117647058823529,0.8725490196078431,0.6662322282791138,0.6662322282791138,0.9999973177909851,0.0290907621383667,0.9704433497536946,0.9655172413793104,0.9556650246305419,0.5504058155808721,0.12745098039215685,0.20357960789904858,1.3982101960504756
MaxLoss,boundary_duplicate_fashion_mnist,4,0.3,0.4,200,200,3000,2000,204,1350,1554,0.5508913163212128,0.46699999999999997,0.467,,,,,2.509446756914258,0,1,201,0.4362745098039216,0.7843137254901961,0.6398778557777405,0.6398778557777405,0.9996205568313599,0.028573348898018523,0.9507389162561576,0.9753694581280788,0.9458128078817734,0.7522121733341474,0.21568627450980393,0.21022234061013068,1.3948888296949347
Marginal,boundary_duplicate_fashion_mnist,4,0.3,0.4,200,200,3000,2000,204,1259,1463,0.5205130938556977,0.34175,0.34175,,,,,2.937605016864836,0,1,201,0.28921568627450983,0.8627450980392157,0.5902706980705261,0.5902706980705261,0.998173713684082,0.015029129058379552,0.9950738916256158,0.9950738916256158,0.9950738916256158,0.5770042503157248,0.13725490196078433,0.17131414029656208,1.414342929851719
EL2N,boundary_duplicate_fashion_mnist,4,0.3,0.4,200,200,3000,2000,204,1296,1500,0.5328794725355692,0.4395,0.4395,,,,,2.9578103609383106,0,1,201,0.4411764705882353,0.7254901960784313,0.6453811526298523,0.6453811526298523,0.9998297691345215,0.02727741964638527,0.9655172413793104,0.9852216748768473,0.9605911330049262,0.8478617451660525,0.27450980392156865,0.20167929809193,1.399160350954035
GraNdLast,boundary_duplicate_fashion_mnist,4,0.3,0.4,200,200,3000,2000,204,1200,1404,0.5007518451311626,0.43025,0.43025,,,,,3.0526497457176447,0,1,201,0.4215686274509804,0.696078431372549,0.635364294052124,0.635364294052124,0.9993863105773926,0.028374622167624864,0.9556650246305419,0.9802955665024631,0.9507389162561576,0.8860318997477157,0.30392156862745096,0.20907882698046779,1.395460586509766
RHO-PretrainRef,boundary_duplicate_fashion_mnist,4,0.3,0.4,200,200,3000,2000,204,1319,1523,0.5405564696993679,0.499,0.499,,,,,3.1937657361850142,0,1,201,0.4068627450980392,0.8186274509803921,0.6312275528907776,0.6312275528907776,0.9963976144790649,0.027286197017566325,0.9605911330049262,0.9802955665024631,0.9556650246305419,0.6830704823075845,0.18137254901960784,0.20652276669916347,1.3967386166504183
PU-R,boundary_duplicate_fashion_mnist,4,0.3,0.4,200,200,3000,2000,204,1308,1512,0.5368858398869634,0.45025000000000004,0.45025,,,,,4.954139861278236,0,1,201,0.37745098039215685,0.7205882352941176,0.6014359593391418,0.6014359593391418,0.9922367334365845,0.024334790377781308,0.9901477832512315,0.9852216748768473,0.9802955665024631,0.8546480601169081,0.27941176470588236,0.19041375884948294,1.4047931205752584
GREATS,boundary_duplicate_fashion_mnist,4,0.3,0.4,200,200,3000,2000,204,1319,1523,,0.41525,0.41525,,,,,4.211813199333847,0,1,201,0.39705882352941174,0.8235294117647058,0.6348463892936707,0.6348463892936707,0.9999706745147705,0.02720556353113334,0.9556650246305419,0.9802955665024631,0.9556650246305419,0.672294817075638,0.17647058823529413,0.19944041971872406,1.400279790140638
MaxLoss,boundary_duplicate_fashion_mnist,4,0.3,0.5,200,200,2500,2500,204,1039,1243,0.5329666216275655,0.43674999999999997,0.43675,,,,,2.4985388414934278,0,1,201,0.45098039215686275,0.8235294117647058,0.6388131976127625,0.6388131976127625,0.9999602437019348,0.029433677349184534,0.9458128078817734,0.9802955665024631,0.9408866995073891,0.672294817075638,0.17647058823529413,0.21327307017397312,1.3933634649130133
Marginal,boundary_duplicate_fashion_mnist,4,0.3,0.5,200,200,2500,2500,204,1015,1219,0.5233389263157733,0.41325,0.41325,,,,,2.8938633538782597,0,1,201,0.29411764705882354,0.9166666666666666,0.5964280366897583,0.5964280366897583,0.9991546273231506,0.013592964909934058,0.9901477832512315,0.9950738916256158,0.9901477832512315,0.4138168503036338,0.08333333333333333,0.1744611452169616,1.4127694273915192
EL2N,boundary_duplicate_fashion_mnist,4,0.3,0.5,200,200,2500,2500,204,1099,1303,0.5569773475290276,0.47550000000000003,0.4755,,,,,2.9173098197206855,0,1,201,0.4166666666666667,0.7549019607843137,0.6284804344177246,0.6284804344177246,0.9987839460372925,0.028132973339757308,0.9704433497536946,0.9802955665024631,0.9605911330049262,0.8034158480707552,0.24509803921568626,0.2073033704283237,1.3963483147858382
GraNdLast,boundary_duplicate_fashion_mnist,4,0.3,0.5,200,200,2500,2500,204,1007,1211,0.5201267269439995,0.42674999999999996,0.42675,,,,,3.017425127327442,0,1,201,0.4264705882352941,0.7009803921568627,0.631625235080719,0.631625235080719,0.9997590780258179,0.029244905768944125,0.9556650246305419,0.9852216748768473,0.9507389162561576,0.8800891716251928,0.29901960784313725,0.21189307109339592,1.394053464453302
RHO-PretrainRef,boundary_duplicate_fashion_mnist,4,0.3,0.5,200,200,2500,2500,204,1061,1265,0.5417802713345736,0.47375,0.47375,,,,,3.1263848301023245,0,1,201,0.43137254901960786,0.7892156862745098,0.624596118927002,0.624596118927002,0.9999821186065674,0.03185241093189258,0.9655172413793104,0.9753694581280788,0.9605911330049262,0.7429792545761841,0.2107843137254902,0.2194450490389639,1.390277475480518
PU-R,boundary_duplicate_fashion_mnist,4,0.3,0.5,200,200,2500,2500,204,1131,1335,0.5697487451252528,0.44399999999999995,0.444,,,,,4.829092049971223,0,1,201,0.39705882352941174,0.7549019607843137,0.570516049861908,0.570516049861908,0.9907165765762329,0.024188610133279134,0.9901477832512315,0.9852216748768473,0.9852216748768473,0.8034158480707552,0.24509803921568626,0.19535637202064002,1.40232181398968
GREATS,boundary_duplicate_fashion_mnist,4,0.3,0.5,200,200,2500,2500,204,1059,1263,,0.49350000000000005,0.4935,,,,,4.025782837532461,0,1,201,0.39215686274509803,0.8284313725490197,0.649320125579834,0.649320125579834,0.9999972581863403,0.028782517011529705,0.9655172413793104,0.9802955665024631,0.9605911330049262,0.6612805854775594,0.1715686274509804,0.20480420981710645,1.3975978950914467
MaxLoss,boundary_duplicate_fashion_mnist,4,0.3,0.6,200,200,2000,3000,204,821,1025,0.5521637880592607,0.49775,0.49775,,,,,2.4103433210402727,0,1,201,0.4117647058823529,0.7107843137254902,0.6405782103538513,0.6405782103538513,0.9999960660934448,0.026894426257739513,0.9556650246305419,0.9852216748768473,0.9556650246305419,0.8677059401846615,0.28921568627450983,0.20148871359612905,1.3992556432019354
Marginal,boundary_duplicate_fashion_mnist,4,0.3,0.6,200,200,2000,3000,204,771,975,0.5271234716637991,0.37024999999999997,0.37025,,,,,2.679459994658828,0,1,201,0.27450980392156865,0.9656862745098039,0.595931887626648,0.595931887626648,0.9992681741714478,0.014400738169937486,0.9950738916256158,0.9950738916256158,0.9950738916256158,0.21558371017095954,0.03431372549019608,0.16965579447790632,1.4151721027610469
EL2N,boundary_duplicate_fashion_mnist,4,0.3,0.6,200,200,2000,3000,204,745,949,0.5140627783839591,0.42400000000000004,0.424,,,,,2.695472993887961,0,1,201,0.4068627450980392,0.7107843137254902,0.618542492389679,0.618542492389679,0.9999922513961792,0.029495793023132925,0.9753694581280788,0.9852216748768473,0.9753694581280788,0.8677059401846615,0.28921568627450983,0.20933833333736213,1.395330833331319
GraNdLast,boundary_duplicate_fashion_mnist,4,0.3,0.6,200,200,2000,3000,204,829,1033,0.5561608930001967,0.49124999999999996,0.49125,,,,,2.7745374403893948,0,1,201,0.39215686274509803,0.696078431372549,0.6219246983528137,0.6219246983528137,0.9958652257919312,0.031705208379646826,0.9704433497536946,0.9802955665024631,0.9655172413793104,0.8860318997477157,0.30392156862745096,0.2120975245339447,1.3939512377330276
RHO-PretrainRef,boundary_duplicate_fashion_mnist,4,0.3,0.6,200,200,2000,3000,204,807,1011,0.5451626425492577,0.48950000000000005,0.4895,,,,,2.8501260550692677,0,1,201,0.4019607843137255,0.7009803921568627,0.6379526257514954,0.6379526257514954,0.9999504089355469,0.02743839160562149,0.9704433497536946,0.9753694581280788,0.9704433497536946,0.8800891716251928,0.29901960784313725,0.20288913972626166,1.3985554301368692
PU-R,boundary_duplicate_fashion_mnist,4,0.3,0.6,200,200,2000,3000,204,877,1081,0.5800890701357275,0.43274999999999997,0.43275,,,,,4.454352352768183,0,1,201,0.3480392156862745,0.7450980392156863,0.5958749055862427,0.5958749055862427,0.9910633563995361,0.02363044403383297,0.9950738916256158,0.9901477832512315,0.9901477832512315,0.8189555018403104,0.2549019607843137,0.18951430717143666,1.4052428464142817
GREATS,boundary_duplicate_fashion_mnist,4,0.3,0.6,200,200,2000,3000,204,842,1046,,0.46375,0.46375,,,,,3.6818041438236833,0,1,201,0.38235294117647056,0.8284313725490197,0.6377660632133484,0.6377660632133484,0.9949762225151062,0.029634218351007095,0.9753694581280788,0.9802955665024631,0.9704433497536946,0.6612805854775594,0.1715686274509804,0.20490211285071744,1.3975489435746413
MaxLoss,boundary_duplicate_fashion_mnist,4,0.3,0.7,200,200,1500,3500,204,580,784,0.5679294514120556,0.44775,0.44775,,,,,2.3432873906567693,0,1,201,0.4019607843137255,0.7794117647058824,0.6231785416603088,0.6231785416603088,0.9948059320449829,0.025761255930209982,0.9704433497536946,0.9802955665024631,0.9704433497536946,0.7612401496918493,0.22058823529411764,0.19977400990644983,1.4001129950467752
Marginal,boundary_duplicate_fashion_mnist,4,0.3,0.7,200,200,1500,3500,204,521,725,0.5285697820945643,0.32575,0.32575,,,,,2.5494436426088214,0,1,201,0.3088235294117647,0.8382352941176471,0.5915200114250183,0.5915200114250183,0.9983346462249756,0.016566194112187828,0.9901477832512315,0.9901477832512315,0.9852216748768473,0.6385146263620961,0.16176470588235295,0.17627643443699903,1.4118617827815005
EL2N,boundary_duplicate_fashion_mnist,4,0.3,0.7,200,200,1500,3500,204,536,740,0.5386034737457521,0.37675000000000003,0.37675,,,,,2.5600078469142318,0,1,201,0.4117647058823529,0.803921568627451,0.6290615797042847,0.6290615797042847,0.9988210201263428,0.025642815335043544,0.9605911330049262,0.9753694581280788,0.9556650246305419,0.7140152804378671,0.19607843137254902,0.19865329302594142,1.4006733534870293
GraNdLast,boundary_duplicate_fashion_mnist,4,0.3,0.7,200,200,1500,3500,204,594,798,0.5772270951420069,0.44899999999999995,0.449,,,,,2.612150352448225,0,1,201,0.44607843137254904,0.7745098039215687,0.6272481083869934,0.6272481083869934,0.9994688034057617,0.02555118787464837,0.9655172413793104,0.9802955665024631,0.9605911330049262,0.7700664782920602,0.22549019607843138,0.20150589037171454,1.3992470548141427
RHO-PretrainRef,boundary_duplicate_fashion_mnist,4,0.3,0.7,200,200,1500,3500,204,554,758,0.5506196313654073,0.44725000000000004,0.44725,,,,,2.6851855888962746,0,1,201,0.39215686274509803,0.8088235294117647,0.6300527453422546,0.6300527453422546,0.9999277591705322,0.026115355380062988,0.9605911330049262,0.9802955665024631,0.9556650246305419,0.7039260680195971,0.19117647058823528,0.20338625231819787,1.398306873840901
PU-R,boundary_duplicate_fashion_mnist,4,0.3,0.7,200,200,1500,3500,204,583,787,0.5699231643229723,0.44925000000000004,0.44925,,,,,4.113947882317007,0,1,201,0.39705882352941174,0.7647058823529411,0.5928133130073547,0.5928133130073547,0.9944565296173096,0.02423830243203734,0.9950738916256158,0.9901477832512315,0.9901477832512315,0.787126586201269,0.23529411764705882,0.19249014593987585,1.4037549270300622
GREATS,boundary_duplicate_fashion_mnist,4,0.3,0.7,200,200,1500,3500,204,583,787,,0.41900000000000004,0.419,,,,,3.317066729068756,0,1,201,0.38235294117647056,0.8333333333333334,0.6524844169616699,0.6524844169616699,0.9997559785842896,0.025214221383550485,0.9852216748768473,0.9802955665024631,0.9753694581280788,0.6500224216483541,0.16666666666666666,0.19850214407849923,1.4007489279607503
MaxLoss,boundary_duplicate_fashion_mnist,4,0.3,0.8,200,200,1000,4000,204,305,509,0.5635603432892822,0.4375,0.4375,,,,,2.235989175736904,0,1,201,0.3872549019607843,0.7254901960784313,0.6231281757354736,0.6231281757354736,0.9996147155761719,0.024035046253298303,0.9852216748768473,0.9901477832512315,0.9852216748768473,0.8478617451660525,0.27450980392156865,0.1942333239091463,1.4028833380454269
Marginal,boundary_duplicate_fashion_mnist,4,0.3,0.8,200,200,1000,4000,204,296,500,0.5545675221947022,0.3395,0.3395,,,,,2.418447549454868,0,1,201,0.28921568627450983,0.7156862745098039,0.5911000967025757,0.5911000967025757,0.9998135566711426,0.017597714680323853,0.9901477832512315,0.9950738916256158,0.9901477832512315,0.8612621884720756,0.28431372549019607,0.17895435757649253,1.4105228212117538
EL2N,boundary_duplicate_fashion_mnist,4,0.3,0.8,200,200,1000,4000,204,347,551,0.6052873922744766,0.502,0.502,,,,,2.438041321001947,0,1,201,0.3872549019607843,0.7205882352941176,0.6257848143577576,0.6257848143577576,0.9902252554893494,0.024964910385937525,0.9901477832512315,0.9901477832512315,0.9852216748768473,0.8546480601169081,0.27941176470588236,0.1940120587066842,1.4029939706466579
GraNdLast,boundary_duplicate_fashion_mnist,4,0.3,0.8,200,200,1000,4000,204,342,546,0.6003407204407267,0.4475,0.4475,,,,,2.4691443061456084,0,1,201,0.4019607843137255,0.7303921568627451,0.6358442902565002,0.6358442902565002,0.994219183921814,0.022753301108705586,0.9950738916256158,0.9901477832512315,0.9901477832512315,0.8409013527915038,0.2696078431372549,0.1872661711213371,1.4063669144393316
RHO-PretrainRef,boundary_duplicate_fashion_mnist,4,0.3,0.8,200,200,1000,4000,204,318,522,0.5765181288588792,0.47650000000000003,0.4765,,,,,2.5406532026827335,0,1,201,0.39705882352941174,0.7352941176470589,0.6201668977737427,0.6201668977737427,0.9892833232879639,0.025254167414504317,0.9802955665024631,0.9950738916256158,0.9802955665024631,0.833764907210665,0.2647058823529412,0.19481568334182442,1.402592158329088
PU-R,boundary_duplicate_fashion_mnist,4,0.3,0.8,200,200,1000,4000,204,323,527,0.5814918410615064,0.475,0.475,,,,,3.846588213928044,0,1,201,0.3872549019607843,0.7401960784313726,0.5939944982528687,0.5939944982528687,0.9909409284591675,0.025802822827173423,0.9901477832512315,0.9852216748768473,0.9852216748768473,0.8264503432953365,0.25980392156862747,0.19688236444167267,1.4015588177791636
GREATS,boundary_duplicate_fashion_mnist,4,0.3,0.8,200,200,1000,4000,204,309,513,,0.40874999999999995,0.40875,,,,,2.9968872172757983,0,1,201,0.4019607843137255,0.7990196078431373,0.6353638172149658,0.6353638172149658,0.9999881386756897,0.024808155060768715,0.9753694581280788,0.9852216748768473,0.9655172413793104,0.7238845511430295,0.20098039215686275,0.1919412789944009,1.4040293605027996
