method,dataset,seed,noise_rate,pretrain_fraction,es_budget,step,n_cert,n_pretrain,compression_size,remaining_bad,effective_compression_size,certified_bound,test_error,test_inappropriate_risk,pac_bayes_bound,pac_bayes_empirical_risk,pac_bayes_mc_upper,pac_bayes_kl,runtime_sec,stop_reached,hit_limit,train_calls,noise_hit_rate,duplicate_hit_rate,pairwise_feature_cosine,mean_support_redundancy,max_support_redundancy,mean_selected_residual_novelty,local_redundancy_hit_rate,residual_redundancy_hit_rate,strong_redundancy_hit_rate,mode_entropy,minority_mode_fraction,spectral_entropy,dynamic_mu
MaxLoss,boundary_duplicate_fashion_mnist,0,0.3,0.0,100,100,5000,0,104,2271,2375,0.5008699274621904,0.47524999999999995,0.47525,,,,,2.0278521049767733,0,1,101,0.36538461538461536,0.5865384615384616,0.6856171488761902,0.6856171488761902,0.9978446960449219,0.051157482764095936,0.9223300970873787,0.9320388349514563,0.9029126213592233,0.9782823907994933,0.41346153846153844,0.2404518504890702,1.3797740747554648
Marginal,boundary_duplicate_fashion_mnist,0,0.3,0.0,100,100,5000,0,104,1946,2050,0.43535496370168403,0.32125000000000004,0.32125,,,,,1.9941321518272161,0,1,101,0.28846153846153844,0.75,0.597317636013031,0.597317636013031,0.9969769716262817,0.026928305980812722,0.9902912621359223,0.9805825242718447,0.9805825242718447,0.8112781244591328,0.25,0.20108951738410036,1.3994552413079497
EL2N,boundary_duplicate_fashion_mnist,0,0.3,0.0,100,100,5000,0,104,2415,2519,0.5297556085279211,0.48450000000000004,0.4845,,,,,2.1340237725526094,0,1,101,0.4230769230769231,0.6442307692307693,0.6817936301231384,0.6817936301231384,0.9999961853027344,0.05409845160049142,0.883495145631068,0.9223300970873787,0.8543689320388349,0.9391151961320353,0.3557692307692308,0.24461396818677955,1.37769301590661
GraNdLast,boundary_duplicate_fashion_mnist,0,0.3,0.0,100,100,5000,0,104,2335,2439,0.5137187464861199,0.45599999999999996,0.456,,,,,2.062546438537538,0,1,101,0.41346153846153844,0.5961538461538461,0.6819664239883423,0.6819664239883423,0.9989437460899353,0.05288495796108709,0.9320388349514563,0.9320388349514563,0.9029126213592233,0.9731560354421095,0.40384615384615385,0.24714928811147513,1.3764253559442623
RHO-PretrainRef,boundary_duplicate_fashion_mnist,0,0.3,0.0,100,100,5000,0,104,2639,2743,0.574515329382848,0.5700000000000001,0.57,,,,,2.454853592440486,0,1,101,0.4230769230769231,0.6057692307692307,0.6923707723617554,0.6923707723617554,0.9999970197677612,0.05701322188076464,0.8349514563106796,0.8932038834951457,0.8349514563106796,0.9674756088157445,0.3942307692307692,0.2536327112209203,1.37318364438954
PU-R,boundary_duplicate_fashion_mnist,0,0.3,0.0,100,100,5000,0,104,2152,2256,0.47693339869147167,0.44399999999999995,0.444,,,,,3.0773414857685566,0,1,101,0.36538461538461536,0.7019230769230769,0.6064637899398804,0.6064637899398804,0.9896643161773682,0.04692306904827507,0.970873786407767,0.9320388349514563,0.9320388349514563,0.8789274256388384,0.2980769230769231,0.23478064556721176,1.382609677216394
GREATS,boundary_duplicate_fashion_mnist,0,0.3,0.0,100,100,5000,0,104,2332,2436,,0.4305,0.4305,,,,,3.206883816048503,0,1,101,0.4326923076923077,0.8653846153846154,0.693724513053894,0.693724513053894,0.9999845623970032,0.05084491181142122,0.912621359223301,0.9514563106796117,0.883495145631068,0.56996137604035,0.1346153846153846,0.24019171171612141,1.3799041441419393
MaxLoss,boundary_duplicate_fashion_mnist,0,0.3,0.1,100,100,4500,500,104,2083,2187,0.5132118969922885,0.44575,0.44575,,,,,1.496301731094718,0,1,101,0.3557692307692308,0.6826923076923077,0.6720910668373108,0.6720910668373108,0.9998396635055542,0.05464121409990255,0.8737864077669902,0.9223300970873787,0.8349514563106796,0.9014296082981941,0.3173076923076923,0.24849146044263104,1.3757542697786844
Marginal,boundary_duplicate_fashion_mnist,0,0.3,0.1,100,100,4500,500,104,1732,1836,0.43460758886067197,0.32925000000000004,0.32925,,,,,1.865739711560309,0,1,101,0.3269230769230769,0.7884615384615384,0.61066734790802,0.61066734790802,0.9981892108917236,0.025420376330216245,0.9902912621359223,0.9902912621359223,0.9902912621359223,0.7444131797881749,0.21153846153846154,0.19448036267334393,1.402759818663328
EL2N,boundary_duplicate_fashion_mnist,0,0.3,0.1,100,100,4500,500,104,2195,2299,0.5381518572685309,0.44825000000000004,0.44825,,,,,2.086214518174529,0,1,101,0.3942307692307692,0.6346153846153846,0.6692735552787781,0.6692735552787781,0.9969033002853394,0.051270763561563584,0.941747572815534,0.9514563106796117,0.9223300970873787,0.9470622432515329,0.36538461538461536,0.23799751110987571,1.3810012444450621
GraNdLast,boundary_duplicate_fashion_mnist,0,0.3,0.1,100,100,4500,500,104,2048,2152,0.5054041629191488,0.41725,0.41725,,,,,2.2309376569464803,0,1,101,0.4326923076923077,0.6442307692307693,0.6829726696014404,0.6829726696014404,0.9997886419296265,0.05397958850976333,0.8543689320388349,0.9223300970873787,0.8349514563106796,0.9391151961320353,0.3557692307692308,0.24676119750989786,1.376619401245051
RHO-PretrainRef,boundary_duplicate_fashion_mnist,0,0.3,0.1,100,100,4500,500,104,2047,2151,0.5051809868891723,0.41974999999999996,0.41975,,,,,2.374887552112341,0,1,101,0.4326923076923077,0.6923076923076923,0.6841880679130554,0.6841880679130554,0.9999088048934937,0.06103743894875628,0.8446601941747572,0.8932038834951457,0.8058252427184466,0.8904916402194913,0.3076923076923077,0.2582167491110058,1.3708916254444972
PU-R,boundary_duplicate_fashion_mnist,0,0.3,0.1,100,100,4500,500,104,2078,2182,0.5120969144045375,0.518,0.518,,,,,3.085158959031105,0,1,101,0.375,0.6923076923076923,0.6457346081733704,0.6457346081733704,0.9992995262145996,0.05267083435093315,0.9223300970873787,0.9320388349514563,0.9029126213592233,0.8904916402194913,0.3076923076923077,0.2422031093286877,1.378898445335656
GREATS,boundary_duplicate_fashion_mnist,0,0.3,0.1,100,100,4500,500,104,2052,2156,,0.49224999999999997,0.49225,,,,,3.1347683323547244,0,1,101,0.41346153846153844,0.7884615384615384,0.7022969126701355,0.7022969126701355,0.999773383140564,0.05035081968724149,0.9029126213592233,0.9223300970873787,0.883495145631068,0.7444131797881749,0.21153846153846154,0.23817582231418505,1.3809120888429076
MaxLoss,boundary_duplicate_fashion_mnist,0,0.3,0.2,100,100,4000,1000,104,2009,2113,0.5570351624628529,0.5095000000000001,0.5095,,,,,1.4152814969420433,0,1,101,0.40384615384615385,0.7403846153846154,0.6726009845733643,0.6726009845733643,0.999650239944458,0.05252097619390025,0.9223300970873787,0.941747572815534,0.883495145631068,0.826165427834159,0.25961538461538464,0.24532141217888753,1.3773392939105562
Marginal,boundary_duplicate_fashion_mnist,0,0.3,0.2,100,100,4000,1000,104,1755,1859,0.4933893568231724,0.44575,0.44575,,,,,1.7600848954170942,0,1,101,0.3173076923076923,0.8461538461538461,0.6270318627357483,0.6270318627357483,0.9977993369102478,0.023563742402543143,0.9805825242718447,0.9902912621359223,0.9805825242718447,0.6193821946787638,0.15384615384615385,0.18610733361168197,1.406946333194159
EL2N,boundary_duplicate_fashion_mnist,0,0.3,0.2,100,100,4000,1000,104,1945,2049,0.5410427418537438,0.44975,0.44975,,,,,1.8430100586265326,0,1,101,0.36538461538461536,0.7403846153846154,0.6591652631759644,0.6591652631759644,0.999870777130127,0.047113452721567986,0.9514563106796117,0.9611650485436893,0.9223300970873787,0.826165427834159,0.25961538461538464,0.2369861398153023,1.3815069300923488
GraNdLast,boundary_duplicate_fashion_mnist,0,0.3,0.2,100,100,4000,1000,104,1961,2065,0.5450436561950482,0.523,0.523,,,,,1.965616449713707,0,1,101,0.38461538461538464,0.625,0.6650620102882385,0.6650620102882385,0.9994422197341919,0.04868277737382546,0.9514563106796117,0.9611650485436893,0.9320388349514563,0.954434002924965,0.375,0.2377251546698402,1.3811374226650799
RHO-PretrainRef,boundary_duplicate_fashion_mnist,0,0.3,0.2,100,100,4000,1000,104,1893,1997,0.5280268755159341,0.45175,0.45175,,,,,1.9360264474526048,0,1,101,0.4326923076923077,0.7403846153846154,0.6915757656097412,0.6915757656097412,0.9999927282333374,0.05327162155610265,0.9223300970873787,0.912621359223301,0.8737864077669902,0.826165427834159,0.25961538461538464,0.2442665346958437,1.3778667326520782
PU-R,boundary_duplicate_fashion_mnist,0,0.3,0.2,100,100,4000,1000,104,1955,2059,0.5435435324325226,0.487,0.487,,,,,2.620017072185874,0,1,101,0.3173076923076923,0.7307692307692307,0.6323153376579285,0.6323153376579285,0.9998593330383301,0.04669843715371438,0.9514563106796117,0.941747572815534,0.9320388349514563,0.8403586716091171,0.2692307692307692,0.22991957977614588,1.385040210111927
GREATS,boundary_duplicate_fashion_mnist,0,0.3,0.2,100,100,4000,1000,104,1942,2046,,0.532,0.532,,,,,2.677240298129618,0,1,101,0.4230769230769231,0.8173076923076923,0.6909986734390259,0.6909986734390259,0.9999898076057434,0.0485451912995681,0.9320388349514563,0.9320388349514563,0.9223300970873787,0.6859315226878925,0.18269230769230768,0.23495146190011498,1.3825242690499424
MaxLoss,boundary_duplicate_fashion_mnist,0,0.3,0.3,100,100,3500,1500,104,1724,1828,0.552911841426976,0.49950000000000006,0.4995,,,,,1.2925712261348963,0,1,101,0.38461538461538464,0.7211538461538461,0.67328280210495,0.67328280210495,0.9998501539230347,0.0495054912798613,0.9223300970873787,0.941747572815534,0.8932038834951457,0.8538738465459897,0.27884615384615385,0.23927140824260598,1.380364295878697
Marginal,boundary_duplicate_fashion_mnist,0,0.3,0.3,100,100,3500,1500,104,1700,1804,0.5460578235797584,0.51925,0.51925,,,,,1.7618220914155245,0,1,101,0.4230769230769231,0.8461538461538461,0.6328065991401672,0.6328065991401672,0.9987146258354187,0.026149084050099827,0.9902912621359223,0.9902912621359223,0.9902912621359223,0.6193821946787638,0.15384615384615385,0.1929555926874512,1.4035222036562744
EL2N,boundary_duplicate_fashion_mnist,0,0.3,0.3,100,100,3500,1500,104,1647,1751,0.5309011580538936,0.48524999999999996,0.48525,,,,,1.7475786413997412,0,1,101,0.4230769230769231,0.625,0.6815231442451477,0.6815231442451477,0.9990890622138977,0.050326183004286686,0.941747572815534,0.941747572815534,0.9223300970873787,0.954434002924965,0.375,0.23867584830686542,1.3806620758465673
GraNdLast,boundary_duplicate_fashion_mnist,0,0.3,0.3,100,100,3500,1500,104,1704,1808,0.5472005665069446,0.47224999999999995,0.47225,,,,,1.8629560684785247,0,1,101,0.3942307692307692,0.6057692307692307,0.6607667207717896,0.6607667207717896,0.9937437772750854,0.050049727402844475,0.9320388349514563,0.941747572815534,0.9223300970873787,0.9674756088157445,0.3942307692307692,0.2422214358293177,1.3788892820853411
RHO-PretrainRef,boundary_duplicate_fashion_mnist,0,0.3,0.3,100,100,3500,1500,104,1697,1801,0.5452006596606225,0.5589999999999999,0.559,,,,,1.9175764061510563,0,1,101,0.4326923076923077,0.5769230769230769,0.6641249656677246,0.6641249656677246,0.9870162010192871,0.04620995245946264,0.9611650485436893,0.970873786407767,0.941747572815534,0.9828586897127057,0.4230769230769231,0.23169375957523483,1.3841531202123827
PU-R,boundary_duplicate_fashion_mnist,0,0.3,0.3,100,100,3500,1500,104,1646,1750,0.5306149097741581,0.56025,0.56025,,,,,2.4046918340027332,0,1,101,0.33653846153846156,0.6538461538461539,0.6216195821762085,0.6216195821762085,0.9872641563415527,0.0418550459469117,0.9902912621359223,0.970873786407767,0.970873786407767,0.930586129131993,0.34615384615384615,0.22160653535310074,1.3891967323234495
GREATS,boundary_duplicate_fashion_mnist,0,0.3,0.3,100,100,3500,1500,104,1819,1923,,0.558,0.558,,,,,2.520133544690907,0,1,101,0.3942307692307692,0.7596153846153846,0.6689728498458862,0.6689728498458862,0.980228841304779,0.04706933936194598,0.970873786407767,0.9611650485436893,0.9514563106796117,0.7956792965030225,0.2403846153846154,0.22632437723167975,1.3868378113841602
MaxLoss,boundary_duplicate_fashion_mnist,0,0.3,0.4,100,100,3000,2000,104,1446,1550,0.5495585896424018,0.5035000000000001,0.5035,,,,,1.2405651602894068,0,1,101,0.4230769230769231,0.6923076923076923,0.6562516689300537,0.6562516689300537,0.9955021142959595,0.05203089899229772,0.9223300970873787,0.9611650485436893,0.912621359223301,0.8904916402194913,0.3076923076923077,0.24889910957849418,1.375550445210753
Marginal,boundary_duplicate_fashion_mnist,0,0.3,0.4,100,100,3000,2000,104,1251,1355,0.4843007425079122,0.37925,0.37925,,,,,1.5921711046248674,0,1,101,0.27884615384615385,0.75,0.5988067388534546,0.5988067388534546,0.9982651472091675,0.026841399594418055,0.9805825242718447,0.9805825242718447,0.970873786407767,0.8112781244591328,0.25,0.19962121560743182,1.400189392196284
EL2N,boundary_duplicate_fashion_mnist,0,0.3,0.4,100,100,3000,2000,104,1427,1531,0.5432248922297731,0.534,0.534,,,,,1.6987530551850796,0,1,101,0.3557692307692308,0.8076923076923077,0.6616401076316833,0.6616401076316833,0.9997870922088623,0.04753064082085508,0.941747572815534,0.941747572815534,0.9223300970873787,0.7062740891876007,0.19230769230769232,0.23855208025919308,1.3807239598704035
GraNdLast,boundary_duplicate_fashion_mnist,0,0.3,0.4,100,100,3000,2000,104,1388,1492,0.5302073768689297,0.47450000000000003,0.4745,,,,,1.8081801030784845,0,1,101,0.3557692307692308,0.6153846153846154,0.6500307321548462,0.6500307321548462,0.9985231161117554,0.049174892978326785,0.9611650485436893,0.9611650485436893,0.9320388349514563,0.961236604722876,0.38461538461538464,0.23930038670088513,1.3803498066495574
RHO-PretrainRef,boundary_duplicate_fashion_mnist,0,0.3,0.4,100,100,3000,2000,104,1317,1421,0.5064510474912822,0.4545,0.4545,,,,,1.9344030562788248,0,1,101,0.41346153846153844,0.5769230769230769,0.6565207839012146,0.6565207839012146,0.9999545216560364,0.04951950712400733,0.941747572815534,0.970873786407767,0.941747572815534,0.9828586897127057,0.4230769230769231,0.23857625891968817,1.380711870540156
PU-R,boundary_duplicate_fashion_mnist,0,0.3,0.4,100,100,3000,2000,104,1498,1602,0.5668654417386279,0.49875,0.49875,,,,,2.3807493839412928,0,1,101,0.3942307692307692,0.7692307692307693,0.6391968727111816,0.6391968727111816,0.9999857544898987,0.046997266631681946,0.941747572815534,0.9514563106796117,0.9223300970873787,0.7793498372920851,0.23076923076923078,0.23340651736310852,1.3832967413184458
GREATS,boundary_duplicate_fashion_mnist,0,0.3,0.4,100,100,3000,2000,104,1454,1558,,0.525,0.525,,,,,2.431913702748716,0,1,101,0.3557692307692308,0.8269230769230769,0.6806146502494812,0.6806146502494812,0.9999856948852539,0.051138512790203094,0.941747572815534,0.941747572815534,0.9223300970873787,0.6646953053493418,0.17307692307692307,0.23509935727354675,1.3824503213632267
MaxLoss,boundary_duplicate_fashion_mnist,0,0.3,0.5,100,100,2500,2500,104,1139,1243,0.5329666216275655,0.46175,0.46175,,,,,1.1841617310419679,0,1,101,0.4230769230769231,0.8076923076923077,0.6674553155899048,0.6674553155899048,0.999613881111145,0.04983188530195107,0.9611650485436893,0.9611650485436893,0.9320388349514563,0.7062740891876007,0.19230769230769232,0.24431391665685637,1.377843041671572
Marginal,boundary_duplicate_fashion_mnist,0,0.3,0.5,100,100,2500,2500,104,1104,1208,0.5189217696897686,0.506,0.506,,,,,1.5448041511699557,0,1,101,0.40384615384615385,0.7884615384615384,0.6189633011817932,0.6189633011817932,0.9965910315513611,0.024901071599530943,0.9902912621359223,0.9902912621359223,0.9902912621359223,0.7444131797881749,0.21153846153846154,0.19261946567204408,1.403690267163978
EL2N,boundary_duplicate_fashion_mnist,0,0.3,0.5,100,100,2500,2500,104,1172,1276,0.5461828808765858,0.47150000000000003,0.4715,,,,,1.6706838849931955,0,1,101,0.38461538461538464,0.75,0.6752117276191711,0.6752117276191711,0.9989504814147949,0.04915714799200447,0.9514563106796117,0.9514563106796117,0.912621359223301,0.8112781244591328,0.25,0.23621873685194533,1.3818906315740274
GraNdLast,boundary_duplicate_fashion_mnist,0,0.3,0.5,100,100,2500,2500,104,1144,1248,0.5349707101704553,0.4595,0.4595,,,,,1.722473468631506,0,1,101,0.38461538461538464,0.7596153846153846,0.6600662469863892,0.6600662469863892,0.9998478293418884,0.05141632533767848,0.912621359223301,0.941747572815534,0.883495145631068,0.7956792965030225,0.2403846153846154,0.24739369278794462,1.3763031536060277
RHO-PretrainRef,boundary_duplicate_fashion_mnist,0,0.3,0.5,100,100,2500,2500,104,1122,1226,0.5261483836802654,0.48575,0.48575,,,,,1.8060812912881374,0,1,101,0.46153846153846156,0.7403846153846154,0.6829426288604736,0.6829426288604736,0.999932587146759,0.04915129820119987,0.8932038834951457,0.9514563106796117,0.883495145631068,0.826165427834159,0.25961538461538464,0.2355822117971494,1.3822088941014252
PU-R,boundary_duplicate_fashion_mnist,0,0.3,0.5,100,100,2500,2500,104,1081,1185,0.5096768301445991,0.469,0.469,,,,,2.3081250973045826,0,1,101,0.3173076923076923,0.75,0.6220616698265076,0.6220616698265076,0.9987157583236694,0.0520157506779849,0.8932038834951457,0.9514563106796117,0.883495145631068,0.8112781244591328,0.25,0.2434480280031388,1.3782759859984306
GREATS,boundary_duplicate_fashion_mnist,0,0.3,0.5,100,100,2500,2500,104,1102,1206,,0.48175,0.48175,,,,,2.3771239034831524,0,1,101,0.40384615384615385,0.7692307692307693,0.667137861251831,0.667137861251831,0.9824718832969666,0.04791601421763596,0.9611650485436893,0.9514563106796117,0.941747572815534,0.7793498372920851,0.23076923076923078,0.22965171512548052,1.3851741424372597
MaxLoss,boundary_duplicate_fashion_mnist,0,0.3,0.6,100,100,2000,3000,104,914,1018,0.5486642028554343,0.4245,0.4245,,,,,1.1636253977194428,0,1,101,0.4230769230769231,0.7884615384615384,0.6511295437812805,0.6511295437812805,0.9980730414390564,0.054242883402022345,0.9223300970873787,0.941747572815534,0.9029126213592233,0.7444131797881749,0.21153846153846154,0.24422207881476354,1.3778889605926183
Marginal,boundary_duplicate_fashion_mnist,0,0.3,0.6,100,100,2000,3000,104,922,1026,0.5526635674177669,0.45499999999999996,0.455,,,,,1.3672204026952386,0,1,101,0.28846153846153844,0.7980769230769231,0.6283227205276489,0.6283227205276489,0.9975394010543823,0.02656016891564523,0.9902912621359223,0.9902912621359223,0.9902912621359223,0.7257576154473544,0.20192307692307693,0.19345812124849487,1.4032709393757525
EL2N,boundary_duplicate_fashion_mnist,0,0.3,0.6,100,100,2000,3000,104,943,1047,0.5631496026762761,0.56175,0.56175,,,,,1.4328052327036858,0,1,101,0.4519230769230769,0.6730769230769231,0.6600162982940674,0.6600162982940674,0.9766680002212524,0.045615568540049986,0.941747572815534,0.9611650485436893,0.9320388349514563,0.9117517586347538,0.3269230769230769,0.23002188990431302,1.3849890550478434
GraNdLast,boundary_duplicate_fashion_mnist,0,0.3,0.6,100,100,2000,3000,104,853,957,0.518084348004777,0.47224999999999995,0.47225,,,,,1.52350839599967,0,1,101,0.4230769230769231,0.625,0.6511012315750122,0.6511012315750122,0.9996922016143799,0.051087894630663606,0.9223300970873787,0.9223300970873787,0.883495145631068,0.954434002924965,0.375,0.24474589845742156,1.3776270507712893
RHO-PretrainRef,boundary_duplicate_fashion_mnist,0,0.3,0.6,100,100,2000,3000,104,899,1003,0.5411584430839866,0.523,0.523,,,,,1.5357070984318852,0,1,101,0.40384615384615385,0.6923076923076923,0.651789665222168,0.651789665222168,0.9888928532600403,0.044923104707477166,0.970873786407767,0.9514563106796117,0.941747572815534,0.8904916402194913,0.3076923076923077,0.22864519496342686,1.3856774025182865
PU-R,boundary_duplicate_fashion_mnist,0,0.3,0.6,100,100,2000,3000,104,854,958,0.5185868632397614,0.5197499999999999,0.51975,,,,,2.1373883076012135,0,1,101,0.38461538461538464,0.6826923076923077,0.6332067847251892,0.6332067847251892,0.9859359264373779,0.041103263466971594,0.9902912621359223,0.970873786407767,0.970873786407767,0.9014296082981941,0.3173076923076923,0.22025360839482439,1.3898731958025878
GREATS,boundary_duplicate_fashion_mnist,0,0.3,0.6,100,100,2000,3000,104,790,894,,0.4105,0.4105,,,,,2.4168085269629955,0,1,101,0.3942307692307692,0.7692307692307693,0.6537927389144897,0.6537927389144897,0.9920892119407654,0.046488024402879975,0.9514563106796117,0.941747572815534,0.912621359223301,0.7793498372920851,0.23076923076923078,0.23368033684311026,1.3831598315784448
MaxLoss,boundary_duplicate_fashion_mnist,0,0.3,0.7,100,100,1500,3500,104,685,789,0.571251894289162,0.50075,0.50075,,,,,1.1183966407552361,0,1,101,0.36538461538461536,0.6826923076923077,0.6378883123397827,0.6378883123397827,0.9837645888328552,0.044999724308263905,0.9611650485436893,0.9805825242718447,0.9514563106796117,0.9014296082981941,0.3173076923076923,0.23236886268387805,1.3838155686580609
Marginal,boundary_duplicate_fashion_mnist,0,0.3,0.7,100,100,1500,3500,104,624,728,0.5305779909249395,0.39649999999999996,0.3965,,,,,1.171998086385429,0,1,101,0.3076923076923077,0.9326923076923077,0.5966505408287048,0.5966505408287048,0.9962977170944214,0.025098756823724915,0.9902912621359223,0.9902912621359223,0.9902912621359223,0.3557951975011439,0.0673076923076923,0.19855971594348806,1.400720142028256
EL2N,boundary_duplicate_fashion_mnist,0,0.3,0.7,100,100,1500,3500,104,665,769,0.5579497855505906,0.43074999999999997,0.43075,,,,,1.3173039928078651,0,1,101,0.40384615384615385,0.6826923076923077,0.6732074618339539,0.6732074618339539,0.9999873638153076,0.05583094356997499,0.8737864077669902,0.9223300970873787,0.8543689320388349,0.9014296082981941,0.3173076923076923,0.24734187037229752,1.3763290648138513
GraNdLast,boundary_duplicate_fashion_mnist,0,0.3,0.7,100,100,1500,3500,104,592,696,0.5091191675746813,0.40825,0.40825,,,,,1.3473729956895113,0,1,101,0.3942307692307692,0.6346153846153846,0.6371066570281982,0.6371066570281982,0.9993889927864075,0.04932349732199919,0.912621359223301,0.9611650485436893,0.912621359223301,0.9470622432515329,0.36538461538461536,0.24080192771889247,1.379599036140554
RHO-PretrainRef,boundary_duplicate_fashion_mnist,0,0.3,0.7,100,100,1500,3500,104,623,727,0.5299086696468294,0.52225,0.52225,,,,,1.3475449895486236,0,1,101,0.375,0.5865384615384616,0.6456804871559143,0.6456804871559143,0.9999978542327881,0.04990688863309842,0.9320388349514563,0.9320388349514563,0.9029126213592233,0.9782823907994933,0.41346153846153844,0.24374602614363566,1.3781269869281823
PU-R,boundary_duplicate_fashion_mnist,0,0.3,0.7,100,100,1500,3500,104,670,774,0.5612783944234252,0.40725,0.40725,,,,,1.8129375651478767,0,1,101,0.36538461538461536,0.6826923076923077,0.6315978169441223,0.6315978169441223,0.9807616472244263,0.03856514727027671,0.9902912621359223,0.9514563106796117,0.9514563106796117,0.9014296082981941,0.3173076923076923,0.2197911850960138,1.390104407451993
GREATS,boundary_duplicate_fashion_mnist,0,0.3,0.7,100,100,1500,3500,104,693,797,,0.47475,0.47475,,,,,1.7862124973908067,0,1,101,0.41346153846153844,0.7692307692307693,0.6588525176048279,0.6588525176048279,0.9991769790649414,0.044991226595582315,0.9902912621359223,0.970873786407767,0.970873786407767,0.7793498372920851,0.23076923076923078,0.22882432752350673,1.3855878362382468
MaxLoss,boundary_duplicate_fashion_mnist,0,0.3,0.8,100,100,1000,4000,104,381,485,0.5395395061932504,0.44299999999999995,0.443,,,,,0.9143515080213547,0,1,101,0.375,0.75,0.6735709309577942,0.6735709309577942,0.9845125079154968,0.04170254552827298,0.970873786407767,0.970873786407767,0.9514563106796117,0.8112781244591328,0.25,0.2215332293505806,1.3892333853247096
Marginal,boundary_duplicate_fashion_mnist,0,0.3,0.8,100,100,1000,4000,104,411,515,0.5695455432287417,0.36,0.36,,,,,1.1428532423451543,0,1,101,0.34615384615384615,0.8557692307692307,0.6027503609657288,0.6027503609657288,0.9970777034759521,0.028193844866586253,0.9902912621359223,0.9805825242718447,0.9805825242718447,0.5952124653513117,0.14423076923076922,0.19658327728590513,1.4017083613570476
EL2N,boundary_duplicate_fashion_mnist,0,0.3,0.8,100,100,1000,4000,104,425,529,0.5834797579445876,0.5145,0.5145,,,,,1.2325700409710407,0,1,101,0.38461538461538464,0.7019230769230769,0.6656566858291626,0.6656566858291626,0.9973794221878052,0.04193837951543262,0.9514563106796117,0.970873786407767,0.9320388349514563,0.8789274256388384,0.2980769230769231,0.22169362473214516,1.3891531876339274
GraNdLast,boundary_duplicate_fashion_mnist,0,0.3,0.8,100,100,1000,4000,104,371,475,0.5294930860982276,0.43799999999999994,0.438,,,,,1.2365937680006027,0,1,101,0.3557692307692308,0.6923076923076923,0.6218516826629639,0.6218516826629639,0.9932008981704712,0.044687357324275,0.941747572815534,0.9514563106796117,0.9223300970873787,0.8904916402194913,0.3076923076923077,0.2346549267995844,1.3826725366002077
RHO-PretrainRef,boundary_duplicate_fashion_mnist,0,0.3,0.8,100,100,1000,4000,104,436,540,0.5943972351960838,0.45199999999999996,0.452,,,,,1.222344782203436,0,1,101,0.3942307692307692,0.7211538461538461,0.6460267901420593,0.6460267901420593,0.9999496936798096,0.04238173056357694,0.9611650485436893,0.9805825242718447,0.9514563106796117,0.8538738465459897,0.27884615384615385,0.22387683970496,1.38806158014752
PU-R,boundary_duplicate_fashion_mnist,0,0.3,0.8,100,100,1000,4000,104,495,599,0.6524820905178785,0.5505,0.5505,,,,,1.6153049441054463,0,1,101,0.40384615384615385,0.7211538461538461,0.620211660861969,0.620211660861969,0.9860378503799438,0.04084379775720893,0.9902912621359223,0.970873786407767,0.970873786407767,0.8538738465459897,0.27884615384615385,0.22194157150537508,1.3890292142473124
GREATS,boundary_duplicate_fashion_mnist,0,0.3,0.8,100,100,1000,4000,104,392,496,,0.43125,0.43125,,,,,1.6256161108613014,0,1,101,0.38461538461538464,0.7884615384615384,0.6598219275474548,0.6598219275474548,0.9946889877319336,0.04335320033856387,0.9514563106796117,0.9902912621359223,0.9514563106796117,0.7444131797881749,0.21153846153846154,0.22206395351518465,1.3889680232424078
MaxLoss,boundary_duplicate_fashion_mnist,1,0.3,0.0,100,100,5000,0,104,2325,2429,0.5117122510564514,0.4385,0.4385,,,,,1.5199813768267632,0,1,101,0.41346153846153844,0.625,0.6999414563179016,0.6999414563179016,0.9999144077301025,0.057725443712715964,0.8446601941747572,0.8932038834951457,0.8349514563106796,0.954434002924965,0.375,0.257297703338514,1.371351148330743
Marginal,boundary_duplicate_fashion_mnist,1,0.3,0.0,100,100,5000,0,104,2288,2392,0.5042845710995607,0.42174999999999996,0.42175,,,,,1.8286248547956347,0,1,101,0.23076923076923078,0.9326923076923077,0.6435302495956421,0.6435302495956421,0.9996120929718018,0.03083175854775512,0.970873786407767,0.970873786407767,0.970873786407767,0.3557951975011439,0.0673076923076923,0.20873224566260243,1.3956338771686987
EL2N,boundary_duplicate_fashion_mnist,1,0.3,0.0,100,100,5000,0,104,2340,2444,0.5147218368947506,0.4525,0.4525,,,,,2.0172676565125585,0,1,101,0.34615384615384615,0.7403846153846154,0.6880849003791809,0.6880849003791809,0.999840497970581,0.05842027588955407,0.8155339805825242,0.8932038834951457,0.7961165048543689,0.826165427834159,0.25961538461538464,0.2574087147043752,1.3712956426478125
GraNdLast,boundary_duplicate_fashion_mnist,1,0.3,0.0,100,100,5000,0,104,2417,2521,0.5301561859669164,0.54775,0.54775,,,,,2.155999258160591,0,1,101,0.4326923076923077,0.6346153846153846,0.6540560126304626,0.6540560126304626,0.9974493980407715,0.061588470796936925,0.7961165048543689,0.883495145631068,0.7669902912621359,0.9470622432515329,0.36538461538461536,0.2752741524060977,1.362362923796951
RHO-PretrainRef,boundary_duplicate_fashion_mnist,1,0.3,0.0,100,100,5000,0,104,2369,2473,0.5205376937519759,0.46275,0.46275,,,,,2.2349955243989825,0,1,101,0.375,0.6730769230769231,0.6738080978393555,0.6738080978393555,0.9998421669006348,0.0563766021751663,0.883495145631068,0.912621359223301,0.8446601941747572,0.9117517586347538,0.3269230769230769,0.25453271180648285,1.3727336440967586
PU-R,boundary_duplicate_fashion_mnist,1,0.3,0.0,100,100,5000,0,104,2380,2484,0.5227427855716087,0.4485,0.4485,,,,,3.0893154246732593,0,1,101,0.33653846153846156,0.7403846153846154,0.644306480884552,0.644306480884552,0.9996660947799683,0.05033232228269855,0.912621359223301,0.912621359223301,0.883495145631068,0.826165427834159,0.25961538461538464,0.24817962759087428,1.3759101862045628
GREATS,boundary_duplicate_fashion_mnist,1,0.3,0.0,100,100,5000,0,104,2384,2488,,0.53775,0.53775,,,,,3.23922829143703,0,1,101,0.46153846153846156,0.8653846153846154,0.6644366383552551,0.6644366383552551,0.9977517127990723,0.05198361051892771,0.8932038834951457,0.9320388349514563,0.8737864077669902,0.56996137604035,0.1346153846153846,0.2538091743747459,1.373095412812627
MaxLoss,boundary_duplicate_fashion_mnist,1,0.3,0.1,100,100,4500,500,104,2173,2277,0.5332583273411728,0.51325,0.51325,,,,,1.3388790534809232,0,1,101,0.41346153846153844,0.7115384615384616,0.7078416347503662,0.7078416347503662,0.9998610019683838,0.0452925776972354,0.9223300970873787,0.9514563106796117,0.912621359223301,0.8667256130949591,0.28846153846153844,0.22526816504550878,1.3873659174772457
Marginal,boundary_duplicate_fashion_mnist,1,0.3,0.1,100,100,4500,500,104,1911,2015,0.474778241594322,0.40475000000000005,0.40475,,,,,2.0971937337890267,0,1,101,0.2692307692307692,0.875,0.5713390707969666,0.5713390707969666,0.9994125962257385,0.052199487474936884,0.9320388349514563,0.941747572815534,0.912621359223301,0.5435644431995964,0.125,0.26066667370293367,1.369666663148533
EL2N,boundary_duplicate_fashion_mnist,1,0.3,0.1,100,100,4500,500,104,2134,2238,0.5245769526227377,0.5297499999999999,0.52975,,,,,1.8635744312778115,0,1,101,0.4423076923076923,0.7596153846153846,0.6608633995056152,0.6608633995056152,0.9999765753746033,0.06978760876701874,0.7864077669902912,0.7669902912621359,0.6990291262135923,0.7956792965030225,0.2403846153846154,0.2838311908277271,1.3580844045861364
GraNdLast,boundary_duplicate_fashion_mnist,1,0.3,0.1,100,100,4500,500,104,2193,2297,0.5377070999820717,0.49050000000000005,0.4905,,,,,2.1696137925609946,0,1,101,0.40384615384615385,0.5576923076923077,0.6491909623146057,0.6491909623146057,0.9991058111190796,0.05559780383572995,0.8737864077669902,0.912621359223301,0.8446601941747572,0.990374836448575,0.4423076923076923,0.26553849412111996,1.36723075293944
RHO-PretrainRef,boundary_duplicate_fashion_mnist,1,0.3,0.1,100,100,4500,500,104,2226,2330,0.545042802579701,0.52275,0.52275,,,,,2.05254275072366,0,1,101,0.4326923076923077,0.7788461538461539,0.6868378520011902,0.6868378520011902,0.9998031854629517,0.05507452221750056,0.8737864077669902,0.9320388349514563,0.8640776699029126,0.7622688025356509,0.22115384615384615,0.2561020660102949,1.3719489669948526
PU-R,boundary_duplicate_fashion_mnist,1,0.3,0.1,100,100,4500,500,104,2246,2350,0.5494857857120223,0.48,0.48,,,,,3.0149899534881115,0,1,101,0.40384615384615385,0.7596153846153846,0.6454746127128601,0.6454746127128601,0.9999721646308899,0.050375845825787885,0.941747572815534,0.912621359223301,0.8932038834951457,0.7956792965030225,0.2403846153846154,0.24551314741657157,1.3772434262917141
GREATS,boundary_duplicate_fashion_mnist,1,0.3,0.1,100,100,4500,500,104,2056,2160,,0.46699999999999997,0.467,,,,,2.8654393162578344,0,1,101,0.41346153846153844,0.875,0.6762792468070984,0.6762792468070984,0.9980530738830566,0.04882974821386985,0.9320388349514563,0.9223300970873787,0.8737864077669902,0.5435644431995964,0.125,0.24364831047430993,1.3781758447628452
MaxLoss,boundary_duplicate_fashion_mnist,1,0.3,0.2,100,100,4000,1000,104,1840,1944,0.51474044873612,0.5055000000000001,0.5055,,,,,1.3575217379257083,0,1,101,0.40384615384615385,0.7884615384615384,0.7133937478065491,0.7133937478065491,0.9999935030937195,0.04865550821267285,0.9029126213592233,0.9611650485436893,0.8932038834951457,0.7444131797881749,0.21153846153846154,0.23742292141365157,1.3812885392931742
Marginal,boundary_duplicate_fashion_mnist,1,0.3,0.2,100,100,4000,1000,104,1608,1712,0.45633981173159555,0.38,0.38,,,,,1.6557050058618188,0,1,101,0.25,0.9230769230769231,0.6220828294754028,0.6220828294754028,0.9968484044075012,0.025237401707766994,0.9902912621359223,0.9902912621359223,0.9902912621359223,0.3912435636292556,0.07692307692307693,0.19520039650937213,1.4023998017453139
EL2N,boundary_duplicate_fashion_mnist,1,0.3,0.2,100,100,4000,1000,104,1839,1943,0.5144895651028492,0.50025,0.50025,,,,,1.8617696184664965,0,1,101,0.3942307692307692,0.6634615384615384,0.6993790864944458,0.6993790864944458,0.9999707937240601,0.04504717380097769,0.941747572815534,0.970873786407767,0.9320388349514563,0.9214676689990972,0.33653846153846156,0.2305186818086469,1.3847406590956766
GraNdLast,boundary_duplicate_fashion_mnist,1,0.3,0.2,100,100,4000,1000,104,2023,2127,0.5605295015848242,0.5765,0.5765,,,,,1.9843323668465018,0,1,101,0.36538461538461536,0.6730769230769231,0.6874480247497559,0.6874480247497559,0.9999746084213257,0.04548608620189926,0.9611650485436893,0.9611650485436893,0.9514563106796117,0.9117517586347538,0.3269230769230769,0.23367812944947694,1.3831609352752614
RHO-PretrainRef,boundary_duplicate_fashion_mnist,1,0.3,0.2,100,100,4000,1000,104,1875,1979,0.5235167955979705,0.46725000000000005,0.46725,,,,,1.8905638363212347,0,1,101,0.40384615384615385,0.7692307692307693,0.6958562731742859,0.6958562731742859,0.9998859167098999,0.050139444545634744,0.883495145631068,0.9320388349514563,0.8640776699029126,0.7793498372920851,0.23076923076923078,0.24390572850626885,1.3780471357468655
PU-R,boundary_duplicate_fashion_mnist,1,0.3,0.2,100,100,4000,1000,104,1860,1964,0.5197565950220451,0.46399999999999997,0.464,,,,,2.6318704346194863,0,1,101,0.38461538461538464,0.7596153846153846,0.6228152513504028,0.6228152513504028,0.9981484413146973,0.047895516585377815,0.9514563106796117,0.941747572815534,0.9320388349514563,0.7956792965030225,0.2403846153846154,0.24307751954852452,1.3784612402257377
GREATS,boundary_duplicate_fashion_mnist,1,0.3,0.2,100,100,4000,1000,104,1969,2073,,0.52475,0.52475,,,,,2.6035947846248746,0,1,101,0.40384615384615385,0.7980769230769231,0.6855767965316772,0.6855767965316772,0.9997434616088867,0.04863102661753164,0.912621359223301,0.9320388349514563,0.8932038834951457,0.7257576154473544,0.20192307692307693,0.24047846754950908,1.3797607662252456
MaxLoss,boundary_duplicate_fashion_mnist,1,0.3,0.3,100,100,3500,1500,104,1613,1717,0.5211630406556651,0.49,0.49,,,,,1.1924694180488586,0,1,101,0.41346153846153844,0.7115384615384616,0.7137888669967651,0.7137888669967651,0.9998122453689575,0.05108723565212731,0.8932038834951457,0.8932038834951457,0.8543689320388349,0.8667256130949591,0.28846153846153844,0.23690426091192723,1.3815478695440364
Marginal,boundary_duplicate_fashion_mnist,1,0.3,0.3,100,100,3500,1500,104,1457,1561,0.4763322454527952,0.35275,0.35275,,,,,1.6525230947881937,0,1,101,0.3269230769230769,0.8365384615384616,0.6154243350028992,0.6154243350028992,0.9978858232498169,0.024780959469600787,0.9902912621359223,0.9902912621359223,0.9902912621359223,0.6425267139094082,0.16346153846153846,0.19341475623054746,1.4032926218847264
EL2N,boundary_duplicate_fashion_mnist,1,0.3,0.3,100,100,3500,1500,104,1571,1675,0.5091174638946541,0.43300000000000005,0.433,,,,,1.6501563536003232,0,1,101,0.3942307692307692,0.6442307692307693,0.6787872314453125,0.6787872314453125,0.9999618530273438,0.050135294789249454,0.9320388349514563,0.941747572815534,0.9223300970873787,0.9391151961320353,0.3557692307692308,0.24323706790695074,1.3783814660465246
GraNdLast,boundary_duplicate_fashion_mnist,1,0.3,0.3,100,100,3500,1500,104,1600,1704,0.5174365536659025,0.46599999999999997,0.466,,,,,1.7281393306329846,0,1,101,0.4423076923076923,0.6634615384615384,0.6644209623336792,0.6644209623336792,0.9998000860214233,0.052402800147973216,0.8737864077669902,0.9223300970873787,0.8543689320388349,0.9214676689990972,0.33653846153846156,0.2521090449318442,1.373945477534078
RHO-PretrainRef,boundary_duplicate_fashion_mnist,1,0.3,0.3,100,100,3500,1500,104,1575,1679,0.5102654301445,0.45275,0.45275,,,,,1.731640494428575,0,1,101,0.33653846153846156,0.7115384615384616,0.6726900339126587,0.6726900339126587,0.9954147338867188,0.04876878655072555,0.9223300970873787,0.941747572815534,0.8932038834951457,0.8667256130949591,0.28846153846153844,0.23969255841394727,1.3801537207930263
PU-R,boundary_duplicate_fashion_mnist,1,0.3,0.3,100,100,3500,1500,104,1431,1535,0.4688363836030476,0.40049999999999997,0.4005,,,,,2.5003720857203007,0,1,101,0.375,0.7596153846153846,0.6283498406410217,0.6283498406410217,0.985765814781189,0.04364713100553716,0.970873786407767,0.9611650485436893,0.9514563106796117,0.7956792965030225,0.2403846153846154,0.22966069870422073,1.3851696506478897
GREATS,boundary_duplicate_fashion_mnist,1,0.3,0.3,100,100,3500,1500,104,1629,1733,,0.512,0.512,,,,,2.4857073640450835,0,1,101,0.375,0.8557692307692307,0.6974730491638184,0.6974730491638184,0.9999856948852539,0.05038139484461072,0.912621359223301,0.9223300970873787,0.883495145631068,0.5952124653513117,0.14423076923076922,0.23881473443418913,1.3805926327829054
MaxLoss,boundary_duplicate_fashion_mnist,1,0.3,0.4,100,100,3000,2000,104,1350,1454,0.517501994560007,0.46699999999999997,0.467,,,,,1.1986872609704733,0,1,101,0.3269230769230769,0.7307692307692307,0.6756062507629395,0.6756062507629395,0.9942595958709717,0.044706920975620304,0.941747572815534,0.9611650485436893,0.9320388349514563,0.8403586716091171,0.2692307692307692,0.22996922046552754,1.3850153897672364
Marginal,boundary_duplicate_fashion_mnist,1,0.3,0.4,100,100,3000,2000,104,1159,1263,0.4533160343999043,0.30625,0.30625,,,,,1.4758833590894938,0,1,101,0.3076923076923077,0.8557692307692307,0.6215422749519348,0.6215422749519348,0.9983783960342407,0.024897349546256574,0.9902912621359223,0.970873786407767,0.970873786407767,0.5952124653513117,0.14423076923076922,0.18981297000623315,1.4050935149968833
EL2N,boundary_duplicate_fashion_mnist,1,0.3,0.4,100,100,3000,2000,104,1268,1372,0.4900123098632321,0.42274999999999996,0.42275,,,,,1.6202412694692612,0,1,101,0.4230769230769231,0.6826923076923077,0.642722487449646,0.642722487449646,0.9899144768714905,0.04875578058576121,0.9320388349514563,0.9223300970873787,0.912621359223301,0.9014296082981941,0.3173076923076923,0.2445549075734046,1.3777225462132976
GraNdLast,boundary_duplicate_fashion_mnist,1,0.3,0.4,100,100,3000,2000,104,1340,1444,0.5141549238469452,0.47450000000000003,0.4745,,,,,1.6446375781670213,0,1,101,0.3942307692307692,0.6538461538461539,0.6844125390052795,0.6844125390052795,0.9987771511077881,0.051792902419868024,0.912621359223301,0.9029126213592233,0.9029126213592233,0.930586129131993,0.34615384615384615,0.24351938328570394,1.3782403083571482
RHO-PretrainRef,boundary_duplicate_fashion_mnist,1,0.3,0.4,100,100,3000,2000,104,1332,1436,0.5114762024022639,0.47975,0.47975,,,,,1.8281164299696684,0,1,101,0.3557692307692308,0.7307692307692307,0.6675657033920288,0.6675657033920288,0.9998643398284912,0.048790960057267865,0.941747572815534,0.9611650485436893,0.9320388349514563,0.8403586716091171,0.2692307692307692,0.24504374259371142,1.3774781287031443
PU-R,boundary_duplicate_fashion_mnist,1,0.3,0.4,100,100,3000,2000,104,1378,1482,0.5268659256980754,0.398,0.398,,,,,2.3220662362873554,0,1,101,0.40384615384615385,0.7307692307692307,0.6203001141548157,0.6203001141548157,0.9991457462310791,0.043458473913877915,0.9514563106796117,0.9514563106796117,0.9514563106796117,0.8403586716091171,0.2692307692307692,0.23554707317059123,1.3822264634147043
GREATS,boundary_duplicate_fashion_mnist,1,0.3,0.4,100,100,3000,2000,104,1475,1579,,0.5425,0.5425,,,,,2.377398183569312,0,1,101,0.49038461538461536,0.8269230769230769,0.6749131679534912,0.6749131679534912,0.9999687671661377,0.04701506252427703,0.912621359223301,0.941747572815534,0.9029126213592233,0.6646953053493418,0.17307692307692307,0.23783644837674756,1.3810817758116263
MaxLoss,boundary_duplicate_fashion_mnist,1,0.3,0.5,100,100,2500,2500,104,1185,1289,0.5513823365909047,0.51075,0.51075,,,,,1.227636618539691,0,1,101,0.38461538461538464,0.7884615384615384,0.6649982333183289,0.6649982333183289,0.9999046921730042,0.054009607622345676,0.9029126213592233,0.9320388349514563,0.883495145631068,0.7444131797881749,0.21153846153846154,0.2508295009781915,1.374585249510904
Marginal,boundary_duplicate_fashion_mnist,1,0.3,0.5,100,100,2500,2500,104,1179,1283,0.5489830765291117,0.50025,0.50025,,,,,1.3784252936020494,0,1,101,0.3557692307692308,0.8846153846153846,0.608493983745575,0.608493983745575,0.9962564706802368,0.022802329570782886,0.9902912621359223,0.9902912621359223,0.9902912621359223,0.5159469300074474,0.11538461538461539,0.1873635074269262,1.406318246286537
EL2N,boundary_duplicate_fashion_mnist,1,0.3,0.5,100,100,2500,2500,104,1212,1316,0.5621686183731072,0.50325,0.50325,,,,,1.5153251700103283,0,1,101,0.375,0.7692307692307693,0.6725968718528748,0.6725968718528748,0.9999693632125854,0.05113657567541576,0.912621359223301,0.941747572815534,0.9029126213592233,0.7793498372920851,0.23076923076923078,0.2426193827001414,1.3786903086499294
GraNdLast,boundary_duplicate_fashion_mnist,1,0.3,0.5,100,100,2500,2500,104,1154,1258,0.5389771469635889,0.43899999999999995,0.439,,,,,1.6137741478160024,0,1,101,0.38461538461538464,0.6826923076923077,0.6678235530853271,0.6678235530853271,0.999970555305481,0.049763795096897386,0.9320388349514563,0.9611650485436893,0.9223300970873787,0.9014296082981941,0.3173076923076923,0.2417941768244331,1.3791029115877835
RHO-PretrainRef,boundary_duplicate_fashion_mnist,1,0.3,0.5,100,100,2500,2500,104,1148,1252,0.5365735634113662,0.44125000000000003,0.44125,,,,,1.6309438413009048,0,1,101,0.4423076923076923,0.8269230769230769,0.6637351512908936,0.6637351512908936,0.9942914247512817,0.05219564789417878,0.9029126213592233,0.941747572815534,0.883495145631068,0.6646953053493418,0.17307692307692307,0.2447322177503686,1.3776338911248156
PU-R,boundary_duplicate_fashion_mnist,1,0.3,0.5,100,100,2500,2500,104,1088,1192,0.5124918063520454,0.41600000000000004,0.416,,,,,2.0204590568318963,0,1,101,0.3557692307692308,0.7596153846153846,0.6329939961433411,0.6329939961433411,0.9817062616348267,0.04454107871912058,0.970873786407767,0.9514563106796117,0.941747572815534,0.7956792965030225,0.2403846153846154,0.23072828153434002,1.38463585923283
GREATS,boundary_duplicate_fashion_mnist,1,0.3,0.5,100,100,2500,2500,104,1133,1237,,0.47775,0.47775,,,,,2.14100188203156,0,1,101,0.3942307692307692,0.8173076923076923,0.6612446308135986,0.6612446308135986,0.9999792575836182,0.04846830394806214,0.9320388349514563,0.941747572815534,0.912621359223301,0.6859315226878925,0.18269230769230768,0.2333376518152228,1.3833311740923886
MaxLoss,boundary_duplicate_fashion_mnist,1,0.3,0.6,100,100,2000,3000,104,869,973,0.5261197676882148,0.473,0.473,,,,,1.071501293219626,0,1,101,0.34615384615384615,0.7788461538461539,0.7045989632606506,0.7045989632606506,0.9992060661315918,0.05371984636899337,0.8252427184466019,0.9223300970873787,0.8155339805825242,0.7622688025356509,0.22115384615384615,0.24175015728860605,1.379124921355697
Marginal,boundary_duplicate_fashion_mnist,1,0.3,0.6,100,100,2000,3000,104,808,912,0.4954294929630123,0.3395,0.3395,,,,,1.272279553115368,0,1,101,0.3269230769230769,0.9615384615384616,0.5904327034950256,0.5904327034950256,0.997359037399292,0.02626225281759952,0.9805825242718447,0.9902912621359223,0.9805825242718447,0.2351933818192415,0.038461538461538464,0.19732170179098296,1.4013391491045084
EL2N,boundary_duplicate_fashion_mnist,1,0.3,0.6,100,100,2000,3000,104,996,1100,0.5895346856559627,0.52275,0.52275,,,,,1.2921566953882575,0,1,101,0.40384615384615385,0.7884615384615384,0.6836116909980774,0.6836116909980774,0.9999241232872009,0.04443721053669754,0.9514563106796117,0.970873786407767,0.9514563106796117,0.7444131797881749,0.21153846153846154,0.2293051029903152,1.3853474485048425
GraNdLast,boundary_duplicate_fashion_mnist,1,0.3,0.6,100,100,2000,3000,104,849,953,0.5160738849663176,0.41000000000000003,0.41,,,,,1.430282300338149,0,1,101,0.34615384615384615,0.7403846153846154,0.6482277512550354,0.6482277512550354,0.9992278814315796,0.04805507098586814,0.941747572815534,0.9514563106796117,0.9223300970873787,0.826165427834159,0.25961538461538464,0.24214846350257935,1.3789257682487104
RHO-PretrainRef,boundary_duplicate_fashion_mnist,1,0.3,0.6,100,100,2000,3000,104,889,993,0.5361495721153915,0.43775,0.43775,,,,,1.5124141070991755,0,1,101,0.3942307692307692,0.75,0.6886444091796875,0.6886444091796875,0.9999611377716064,0.05228937135159391,0.9029126213592233,0.9223300970873787,0.8640776699029126,0.8112781244591328,0.25,0.24461281315522723,1.3776935934223864
PU-R,boundary_duplicate_fashion_mnist,1,0.3,0.6,100,100,2000,3000,104,953,1057,0.5681366779608652,0.513,0.513,,,,,1.9303903002291918,0,1,101,0.4326923076923077,0.7884615384615384,0.6238592267036438,0.6238592267036438,0.9781879186630249,0.04365197200219608,0.9611650485436893,0.9611650485436893,0.9514563106796117,0.7444131797881749,0.21153846153846154,0.2323698637112234,1.3838150681443884
GREATS,boundary_duplicate_fashion_mnist,1,0.3,0.6,100,100,2000,3000,104,907,1011,,0.504,0.504,,,,,2.0062374798581004,0,1,101,0.40384615384615385,0.7980769230769231,0.6588864326477051,0.6588864326477051,0.9999723434448242,0.0463891084333068,0.9514563106796117,0.941747572815534,0.9320388349514563,0.7257576154473544,0.20192307692307693,0.23301878610468085,1.3834906069476596
MaxLoss,boundary_duplicate_fashion_mnist,1,0.3,0.7,100,100,1500,3500,104,642,746,0.542611803044565,0.5037499999999999,0.50375,,,,,1.0384706556797028,0,1,101,0.3942307692307692,0.7692307692307693,0.6821520328521729,0.6821520328521729,0.9997824430465698,0.0440279100705119,0.9611650485436893,0.9514563106796117,0.941747572815534,0.7793498372920851,0.23076923076923078,0.22565651232076436,1.3871717438396178
Marginal,boundary_duplicate_fashion_mnist,1,0.3,0.7,100,100,1500,3500,104,579,683,0.5003775702789426,0.39925,0.39925,,,,,1.281400129199028,0,1,101,0.28846153846153844,0.9230769230769231,0.597143828868866,0.597143828868866,0.9958927035331726,0.028355189644306607,0.9902912621359223,0.9805825242718447,0.9805825242718447,0.3912435636292556,0.07692307692307693,0.2041111440933716,1.3979444279533142
EL2N,boundary_duplicate_fashion_mnist,1,0.3,0.7,100,100,1500,3500,104,643,747,0.543279571866151,0.4485,0.4485,,,,,1.2874386655166745,0,1,101,0.41346153846153844,0.6826923076923077,0.658825159072876,0.658825159072876,0.9921750426292419,0.046468164590955936,0.9611650485436893,0.9611650485436893,0.9514563106796117,0.9014296082981941,0.3173076923076923,0.23102042751497182,1.384489786242514
GraNdLast,boundary_duplicate_fashion_mnist,1,0.3,0.7,100,100,1500,3500,104,685,789,0.571251894289162,0.536,0.536,,,,,1.1414022902026772,0,1,101,0.38461538461538464,0.8173076923076923,0.6273703575134277,0.6273703575134277,0.9992779493331909,0.054020196922774454,0.8640776699029126,0.941747572815534,0.8543689320388349,0.6859315226878925,0.18269230769230768,0.2576063277692921,1.371196836115354
RHO-PretrainRef,boundary_duplicate_fashion_mnist,1,0.3,0.7,100,100,1500,3500,104,609,713,0.5205295931664295,0.45425000000000004,0.45425,,,,,1.371812490746379,0,1,101,0.3942307692307692,0.8076923076923077,0.6714364290237427,0.6714364290237427,0.9999815225601196,0.049350813465210995,0.912621359223301,0.9320388349514563,0.883495145631068,0.7062740891876007,0.19230769230769232,0.23917833836685737,1.3804108308165715
PU-R,boundary_duplicate_fashion_mnist,1,0.3,0.7,100,100,1500,3500,104,706,810,0.585183605668135,0.5547500000000001,0.55475,,,,,1.8242255179211497,0,1,101,0.36538461538461536,0.7692307692307693,0.6263576745986938,0.6263576745986938,0.9929872751235962,0.04645179241027647,0.9611650485436893,0.9514563106796117,0.941747572815534,0.7793498372920851,0.23076923076923078,0.23594073359098744,1.3820296332045063
GREATS,boundary_duplicate_fashion_mnist,1,0.3,0.7,100,100,1500,3500,104,673,777,,0.43799999999999994,0.438,,,,,1.667426336556673,0,1,101,0.375,0.8269230769230769,0.6590280532836914,0.6590280532836914,0.9957937598228455,0.04778684559956338,0.9514563106796117,0.9611650485436893,0.9320388349514563,0.6646953053493418,0.17307692307692307,0.23394707212959115,1.3830264639352046
MaxLoss,boundary_duplicate_fashion_mnist,1,0.3,0.8,100,100,1000,4000,104,395,499,0.5535672085243277,0.392,0.392,,,,,1.0060636335983872,0,1,101,0.4230769230769231,0.7884615384615384,0.6526771783828735,0.6526771783828735,0.987188994884491,0.04446424565558295,0.9611650485436893,0.9611650485436893,0.941747572815534,0.7444131797881749,0.21153846153846154,0.2283725305149774,1.3858137347425112
Marginal,boundary_duplicate_fashion_mnist,1,0.3,0.8,100,100,1000,4000,104,368,472,0.5264748305198736,0.36650000000000005,0.3665,,,,,1.2075854325667024,0,1,101,0.3076923076923077,0.9230769230769231,0.6205845475196838,0.6205845475196838,0.9940629005432129,0.026840755602941642,0.9902912621359223,0.9902912621359223,0.9902912621359223,0.3912435636292556,0.07692307692307693,0.19882179260270794,1.400589103698646
EL2N,boundary_duplicate_fashion_mnist,1,0.3,0.8,100,100,1000,4000,104,407,511,0.565556300978642,0.42074999999999996,0.42075,,,,,1.1188243879005313,0,1,101,0.41346153846153844,0.8076923076923077,0.6562556624412537,0.6562556624412537,0.9823881387710571,0.04904628563129786,0.9611650485436893,0.9514563106796117,0.9320388349514563,0.7062740891876007,0.19230769230769232,0.2372938402208386,1.3813530798895806
GraNdLast,boundary_duplicate_fashion_mnist,1,0.3,0.8,100,100,1000,4000,104,400,504,0.5585665549151599,0.40449999999999997,0.4045,,,,,1.1829172214493155,0,1,101,0.3173076923076923,0.75,0.6454005241394043,0.6454005241394043,0.9779335260391235,0.045357631410933234,0.9805825242718447,0.9902912621359223,0.9805825242718447,0.8112781244591328,0.25,0.23478090224089004,1.3826095488795551
RHO-PretrainRef,boundary_duplicate_fashion_mnist,1,0.3,0.8,100,100,1000,4000,104,405,509,0.5635603432892822,0.44125000000000003,0.44125,,,,,1.2499225288629532,0,1,101,0.3557692307692308,0.7307692307692307,0.6390102505683899,0.6390102505683899,0.9804266095161438,0.047092523100306684,0.941747572815534,0.970873786407767,0.9320388349514563,0.8403586716091171,0.2692307692307692,0.24012030509882062,1.3799398474505897
PU-R,boundary_duplicate_fashion_mnist,1,0.3,0.8,100,100,1000,4000,104,407,511,0.565556300978642,0.4205,0.4205,,,,,1.603935050778091,0,1,101,0.33653846153846156,0.7403846153846154,0.6257206201553345,0.6257206201553345,0.9864388704299927,0.040416613953567826,0.9902912621359223,0.970873786407767,0.970873786407767,0.826165427834159,0.25961538461538464,0.22022966074063977,1.3898851696296801
GREATS,boundary_duplicate_fashion_mnist,1,0.3,0.8,100,100,1000,4000,104,390,494,,0.43325,0.43325,,,,,1.4960621623322368,0,1,101,0.375,0.6923076923076923,0.6633912920951843,0.6633912920951843,0.9857557415962219,0.043419714619233774,0.9805825242718447,0.9514563106796117,0.9514563106796117,0.8904916402194913,0.3076923076923077,0.22293692636242307,1.3885315368187885
MaxLoss,boundary_duplicate_fashion_mnist,2,0.3,0.0,100,100,5000,0,104,2431,2535,0.5329597571399063,0.46499999999999997,0.465,,,,,1.3522794842720032,0,1,101,0.41346153846153844,0.7692307692307693,0.7382732033729553,0.7382732033729553,0.9999973773956299,0.05250657241321304,0.8543689320388349,0.9029126213592233,0.8349514563106796,0.7793498372920851,0.23076923076923078,0.23927156224681295,1.3803642188765934
Marginal,boundary_duplicate_fashion_mnist,2,0.3,0.0,100,100,5000,0,104,1957,2061,0.4375797833199613,0.37975000000000003,0.37975,,,,,1.9831491680815816,0,1,101,0.25,0.9038461538461539,0.6146650314331055,0.6146650314331055,0.9961893558502197,0.026396832980432557,0.9902912621359223,0.9805825242718447,0.9805825242718447,0.4566836315394428,0.09615384615384616,0.19955686751628407,1.400221566241858
EL2N,boundary_duplicate_fashion_mnist,2,0.3,0.0,100,100,5000,0,104,2238,2342,0.4942380375578068,0.45799999999999996,0.458,,,,,2.083770465105772,0,1,101,0.4423076923076923,0.6730769230769231,0.7057986855506897,0.7057986855506897,0.9999980926513672,0.05460767780692832,0.8349514563106796,0.8737864077669902,0.8058252427184466,0.9117517586347538,0.3269230769230769,0.2557237546758605,1.3721381226620697
GraNdLast,boundary_duplicate_fashion_mnist,2,0.3,0.0,100,100,5000,0,104,2397,2501,0.5261496561579406,0.43674999999999997,0.43675,,,,,2.1824433002620935,0,1,101,0.38461538461538464,0.7692307692307693,0.7414249181747437,0.7414249181747437,0.9999984502792358,0.05013965316189146,0.8640776699029126,0.9223300970873787,0.8543689320388349,0.7793498372920851,0.23076923076923078,0.23844895606159414,1.3807755219692028
RHO-PretrainRef,boundary_duplicate_fashion_mnist,2,0.3,0.0,100,100,5000,0,104,2269,2373,0.5004681249265559,0.48075,0.48075,,,,,2.548486444167793,0,1,101,0.4423076923076923,0.6057692307692307,0.7035706043243408,0.7035706043243408,0.9999988079071045,0.05567599210924315,0.8252427184466019,0.8932038834951457,0.7961165048543689,0.9674756088157445,0.3942307692307692,0.2533282770544603,1.37333586147277
PU-R,boundary_duplicate_fashion_mnist,2,0.3,0.0,100,100,5000,0,104,2310,2414,0.5087017215555534,0.48250000000000004,0.4825,,,,,3.169539462774992,0,1,101,0.4230769230769231,0.75,0.6484511494636536,0.6484511494636536,0.9999990463256836,0.04708250402246864,0.912621359223301,0.941747572815534,0.9029126213592233,0.8112781244591328,0.25,0.24206657154862876,1.3789667142256856
GREATS,boundary_duplicate_fashion_mnist,2,0.3,0.0,100,100,5000,0,104,2195,2299,,0.385,0.385,,,,,3.234289682470262,0,1,101,0.41346153846153844,0.8461538461538461,0.702434778213501,0.702434778213501,0.9999994039535522,0.04193420086092162,0.941747572815534,0.941747572815534,0.9320388349514563,0.6193821946787638,0.15384615384615385,0.22802760159463176,1.385986199202684
MaxLoss,boundary_duplicate_fashion_mnist,2,0.3,0.1,100,100,4500,500,104,2157,2261,0.5296977396938019,0.47,0.47,,,,,1.435248806141317,0,1,101,0.4423076923076923,0.7788461538461539,0.7330753207206726,0.7330753207206726,0.9999980926513672,0.05205181964392801,0.8446601941747572,0.8932038834951457,0.8058252427184466,0.7622688025356509,0.22115384615384615,0.2464364197748497,1.3767817901125752
Marginal,boundary_duplicate_fashion_mnist,2,0.3,0.1,100,100,4500,500,104,2153,2257,0.5288073748815805,0.45775,0.45775,,,,,2.109377956017852,0,1,101,0.3173076923076923,0.9134615384615384,0.6190000772476196,0.6190000772476196,0.9999985694885254,0.025480369051683296,0.9805825242718447,0.9805825242718447,0.9805825242718447,0.42480887386781474,0.08653846153846154,0.1933914984560464,1.4033042507719768
EL2N,boundary_duplicate_fashion_mnist,2,0.3,0.1,100,100,4500,500,104,1999,2103,0.4944621336180717,0.46399999999999997,0.464,,,,,2.0430626878514886,0,1,101,0.41346153846153844,0.5961538461538461,0.7115513682365417,0.7115513682365417,0.9999961256980896,0.04763330186454995,0.9223300970873787,0.9320388349514563,0.912621359223301,0.9731560354421095,0.40384615384615385,0.23489608001942489,1.3825519599902876
GraNdLast,boundary_duplicate_fashion_mnist,2,0.3,0.1,100,100,4500,500,104,2037,2141,0.5029489270527847,0.476,0.476,,,,,2.284453086555004,0,1,101,0.4423076923076923,0.7403846153846154,0.7054141163825989,0.7054141163825989,0.9999979138374329,0.05367882101281175,0.8640776699029126,0.912621359223301,0.8543689320388349,0.826165427834159,0.25961538461538464,0.2546908919017513,1.3726545540491244
RHO-PretrainRef,boundary_duplicate_fashion_mnist,2,0.3,0.1,100,100,4500,500,104,2106,2210,0.5183390657184646,0.47075,0.47075,,,,,2.2685297587886453,0,1,101,0.4519230769230769,0.8653846153846154,0.776616096496582,0.776616096496582,0.999998152256012,0.05261392037845352,0.8058252427184466,0.8932038834951457,0.7864077669902912,0.56996137604035,0.1346153846153846,0.23796247515278887,1.3810187624236057
PU-R,boundary_duplicate_fashion_mnist,2,0.3,0.1,100,100,4500,500,104,2058,2162,0.5076356240897439,0.476,0.476,,,,,2.9274506121873856,0,1,101,0.3942307692307692,0.7884615384615384,0.6291949152946472,0.6291949152946472,0.9999988079071045,0.04517900422938819,0.970873786407767,0.9514563106796117,0.9514563106796117,0.7444131797881749,0.21153846153846154,0.23711339957584399,1.381443300212078
GREATS,boundary_duplicate_fashion_mnist,2,0.3,0.1,100,100,4500,500,104,1964,2068,,0.42074999999999996,0.42075,,,,,2.911488781683147,0,1,101,0.41346153846153844,0.875,0.6875478625297546,0.6875478625297546,0.9999990463256836,0.0498351153818149,0.8932038834951457,0.941747572815534,0.8932038834951457,0.5435644431995964,0.125,0.24449765730539588,1.377751171347302
MaxLoss,boundary_duplicate_fashion_mnist,2,0.3,0.2,100,100,4000,1000,104,2021,2125,0.5600303984829225,0.5315,0.5315,,,,,1.3749625599011779,0,1,101,0.47115384615384615,0.8846153846153846,0.7100151777267456,0.7100151777267456,0.9999979734420776,0.05375064981793894,0.9029126213592233,0.912621359223301,0.8737864077669902,0.5159469300074474,0.11538461538461539,0.2516151638300616,1.3741924180849692
Marginal,boundary_duplicate_fashion_mnist,2,0.3,0.2,100,100,4000,1000,104,1477,1581,0.42318749730475247,0.27475000000000005,0.27475,,,,,1.7882585702463984,0,1,101,0.2692307692307692,0.8076923076923077,0.6097407341003418,0.6097407341003418,0.9997996091842651,0.025292804139187035,0.9902912621359223,0.9902912621359223,0.9902912621359223,0.7062740891876007,0.19230769230769232,0.19511968547123326,1.4024401572643834
EL2N,boundary_duplicate_fashion_mnist,2,0.3,0.2,100,100,4000,1000,104,1965,2069,0.5460435925633647,0.48750000000000004,0.4875,,,,,1.8390818433836102,0,1,101,0.46153846153846156,0.625,0.7189481258392334,0.7189481258392334,0.9999984502792358,0.05824200331586078,0.8252427184466019,0.883495145631068,0.7961165048543689,0.954434002924965,0.375,0.2573951880015292,1.3713024059992354
GraNdLast,boundary_duplicate_fashion_mnist,2,0.3,0.2,100,100,4000,1000,104,1725,1829,0.48584110371302813,0.4365,0.4365,,,,,1.9033058229833841,0,1,101,0.40384615384615385,0.6346153846153846,0.6818055510520935,0.6818055510520935,0.9999982118606567,0.052878610717440114,0.8640776699029126,0.9029126213592233,0.8446601941747572,0.9470622432515329,0.36538461538461536,0.25631395429218085,1.3718430228539096
RHO-PretrainRef,boundary_duplicate_fashion_mnist,2,0.3,0.2,100,100,4000,1000,104,1772,1876,0.4976637845975347,0.494,0.494,,,,,2.1859758682549,0,1,101,0.4423076923076923,0.7596153846153846,0.7046782970428467,0.7046782970428467,0.9999974370002747,0.04934173880271541,0.8932038834951457,0.9029126213592233,0.8640776699029126,0.7956792965030225,0.2403846153846154,0.2455493324828509,1.3772253337585745
PU-R,boundary_duplicate_fashion_mnist,2,0.3,0.2,100,100,4000,1000,104,1779,1883,0.4994232307653874,0.44099999999999995,0.441,,,,,2.657898638397455,0,1,101,0.34615384615384615,0.7019230769230769,0.6146442890167236,0.6146442890167236,0.9999948740005493,0.04996089854286712,0.9223300970873787,0.9223300970873787,0.8932038834951457,0.8789274256388384,0.2980769230769231,0.2519710635911271,1.3740144682044364
GREATS,boundary_duplicate_fashion_mnist,2,0.3,0.2,100,100,4000,1000,104,1857,1961,,0.4415,0.4415,,,,,2.78218078520149,0,1,101,0.4230769230769231,0.8269230769230769,0.6832917332649231,0.6832917332649231,0.9999986886978149,0.04461071792158108,0.912621359223301,0.9514563106796117,0.8932038834951457,0.6646953053493418,0.17307692307692307,0.23210814282918066,1.3839459285854097
MaxLoss,boundary_duplicate_fashion_mnist,2,0.3,0.3,100,100,3500,1500,104,1618,1722,0.5225958499358967,0.469,0.469,,,,,1.4057140704244375,0,1,101,0.3942307692307692,0.6923076923076923,0.6942248940467834,0.6942248940467834,0.9999992847442627,0.05053589355598376,0.9029126213592233,0.9514563106796117,0.8932038834951457,0.8904916402194913,0.3076923076923077,0.24312969251589908,1.3784351537420505
Marginal,boundary_duplicate_fashion_mnist,2,0.3,0.3,100,100,3500,1500,104,1692,1796,0.5437718501780182,0.48575,0.48575,,,,,1.6635271301493049,0,1,101,0.3557692307692308,0.9423076923076923,0.6008639931678772,0.6008639931678772,0.9999984502792358,0.025106875449690282,0.9805825242718447,0.9805825242718447,0.970873786407767,0.3182152976832331,0.057692307692307696,0.19727091387933923,1.4013645430603303
EL2N,boundary_duplicate_fashion_mnist,2,0.3,0.3,100,100,3500,1500,104,1536,1640,0.4990658528986387,0.475,0.475,,,,,1.7889753561466932,0,1,101,0.41346153846153844,0.7307692307692307,0.6854355335235596,0.6854355335235596,0.9999991655349731,0.060779406607729715,0.7572815533980582,0.9029126213592233,0.7378640776699029,0.8403586716091171,0.2692307692307692,0.26542701702761523,1.3672864914861924
GraNdLast,boundary_duplicate_fashion_mnist,2,0.3,0.3,100,100,3500,1500,104,1669,1773,0.5371960598859005,0.43500000000000005,0.435,,,,,1.7441528532654047,0,1,101,0.40384615384615385,0.6057692307692307,0.6544053554534912,0.6544053554534912,0.999998927116394,0.0521662923896197,0.883495145631068,0.9320388349514563,0.8737864077669902,0.9674756088157445,0.3942307692307692,0.253931483038164,1.373034258480918
RHO-PretrainRef,boundary_duplicate_fashion_mnist,2,0.3,0.3,100,100,3500,1500,104,1642,1746,0.5294698153156787,0.479,0.479,,,,,1.899920992553234,0,1,101,0.4230769230769231,0.8076923076923077,0.7064438462257385,0.7064438462257385,0.9999983906745911,0.051736393889177196,0.883495145631068,0.9029126213592233,0.8737864077669902,0.7062740891876007,0.19230769230769232,0.24378716954794039,1.3781064152260298
PU-R,boundary_duplicate_fashion_mnist,2,0.3,0.3,100,100,3500,1500,104,1525,1629,0.495904212933965,0.42974999999999997,0.42975,,,,,2.4762290064245462,0,1,101,0.3557692307692308,0.7307692307692307,0.6328631043434143,0.6328631043434143,0.9999983310699463,0.04241129611302348,0.9611650485436893,0.970873786407767,0.9611650485436893,0.8403586716091171,0.2692307692307692,0.2301962586751358,1.384901870662432
GREATS,boundary_duplicate_fashion_mnist,2,0.3,0.3,100,100,3500,1500,104,1671,1775,,0.52075,0.52075,,,,,2.3804499013349414,0,1,101,0.41346153846153844,0.9326923076923077,0.6757632493972778,0.6757632493972778,0.9999985098838806,0.046132407142120656,0.941747572815534,0.941747572815534,0.9223300970873787,0.3557951975011439,0.0673076923076923,0.23459784646232765,1.3827010767688361
MaxLoss,boundary_duplicate_fashion_mnist,2,0.3,0.4,100,100,3000,2000,104,1329,1433,0.5104714377666824,0.4415,0.4415,,,,,1.2223345395177603,0,1,101,0.375,0.7403846153846154,0.6561213731765747,0.6561213731765747,0.9982194900512695,0.052813935120707575,0.8932038834951457,0.9514563106796117,0.8737864077669902,0.826165427834159,0.25961538461538464,0.24998861234073957,1.3750056938296302
Marginal,boundary_duplicate_fashion_mnist,2,0.3,0.4,100,100,3000,2000,104,1278,1382,0.4933700475958176,0.41025,0.41025,,,,,1.540148800238967,0,1,101,0.38461538461538464,0.9134615384615384,0.6069402694702148,0.6069402694702148,0.9969234466552734,0.025640339256056303,0.9902912621359223,0.9902912621359223,0.9902912621359223,0.42480887386781474,0.08653846153846154,0.1955594701516185,1.4022202649241908
EL2N,boundary_duplicate_fashion_mnist,2,0.3,0.4,100,100,3000,2000,104,1347,1451,0.5164980285917409,0.53125,0.53125,,,,,1.5001559425145388,0,1,101,0.40384615384615385,0.7884615384615384,0.6805386543273926,0.6805386543273926,0.9999649524688721,0.046115701493707674,0.9320388349514563,0.970873786407767,0.9223300970873787,0.7444131797881749,0.21153846153846154,0.22987556024031883,1.3850622198798406
GraNdLast,boundary_duplicate_fashion_mnist,2,0.3,0.4,100,100,3000,2000,104,1431,1535,0.5445587475551292,0.47624999999999995,0.47625,,,,,1.6446710964664817,0,1,101,0.4230769230769231,0.6057692307692307,0.7009227275848389,0.7009227275848389,0.9998875856399536,0.046305658169163086,0.9320388349514563,0.9514563106796117,0.9223300970873787,0.9674756088157445,0.3942307692307692,0.2268918313996474,1.3865540843001762
RHO-PretrainRef,boundary_duplicate_fashion_mnist,2,0.3,0.4,100,100,3000,2000,104,1328,1432,0.5101364866131917,0.51125,0.51125,,,,,1.5737340785562992,0,1,101,0.3942307692307692,0.8365384615384616,0.6860910058021545,0.6860910058021545,0.9998674392700195,0.05016835887455246,0.8737864077669902,0.941747572815534,0.8640776699029126,0.6425267139094082,0.16346153846153846,0.24339461421068628,1.378302692894657
PU-R,boundary_duplicate_fashion_mnist,2,0.3,0.4,100,100,3000,2000,104,1355,1459,0.5191749753430486,0.44125000000000003,0.44125,,,,,2.242317348718643,0,1,101,0.375,0.8269230769230769,0.6196514368057251,0.6196514368057251,0.9846688508987427,0.04206010200155592,0.9611650485436893,0.9805825242718447,0.9514563106796117,0.6646953053493418,0.17307692307692307,0.2240209106405852,1.3879895446797073
GREATS,boundary_duplicate_fashion_mnist,2,0.3,0.4,100,100,3000,2000,104,1438,1542,,0.42825,0.42825,,,,,2.271709334105253,0,1,101,0.41346153846153844,0.8653846153846154,0.6888077855110168,0.6888077855110168,0.9999937415122986,0.04535707281631173,0.941747572815534,0.941747572815534,0.912621359223301,0.56996137604035,0.1346153846153846,0.2356509233408281,1.3821745383295858
MaxLoss,boundary_duplicate_fashion_mnist,2,0.3,0.5,100,100,2500,2500,104,1165,1269,0.5433815456344746,0.492,0.492,,,,,1.1236951649188995,0,1,101,0.36538461538461536,0.7596153846153846,0.6750537753105164,0.6750537753105164,0.99958336353302,0.05156499957575381,0.8932038834951457,0.9223300970873787,0.8737864077669902,0.7956792965030225,0.2403846153846154,0.24500796228295754,1.3774960188585212
Marginal,boundary_duplicate_fashion_mnist,2,0.3,0.5,100,100,2500,2500,104,945,1049,0.45475892565445974,0.36650000000000005,0.3665,,,,,1.525501529686153,0,1,101,0.3269230769230769,0.8461538461538461,0.6212940216064453,0.6212940216064453,0.99801105260849,0.024810176089550686,0.9805825242718447,0.9805825242718447,0.9805825242718447,0.6193821946787638,0.15384615384615385,0.19064932835326323,1.4046753358233683
EL2N,boundary_duplicate_fashion_mnist,2,0.3,0.5,100,100,2500,2500,104,1134,1238,0.5309619532199576,0.41074999999999995,0.41075,,,,,1.602203874848783,0,1,101,0.3942307692307692,0.7980769230769231,0.6824864745140076,0.6824864745140076,0.9999717473983765,0.04442815583886452,0.941747572815534,0.9611650485436893,0.941747572815534,0.7257576154473544,0.20192307692307693,0.23343500814139892,1.3832824959293006
GraNdLast,boundary_duplicate_fashion_mnist,2,0.3,0.5,100,100,2500,2500,104,1069,1173,0.5048485107836314,0.4685,0.4685,,,,,1.656485273502767,0,1,101,0.41346153846153844,0.7884615384615384,0.6663522720336914,0.6663522720336914,0.9995470643043518,0.05537906404837821,0.883495145631068,0.9223300970873787,0.8640776699029126,0.7444131797881749,0.21153846153846154,0.25325878900638477,1.3733706054968076
RHO-PretrainRef,boundary_duplicate_fashion_mnist,2,0.3,0.5,100,100,2500,2500,104,1071,1175,0.5056534628965892,0.46924999999999994,0.46925,,,,,1.7582726357504725,0,1,101,0.3942307692307692,0.8269230769230769,0.6970048546791077,0.6970048546791077,0.9999740719795227,0.05093996038714659,0.9223300970873787,0.9223300970873787,0.8932038834951457,0.6646953053493418,0.17307692307692307,0.24550929731139717,1.3772453513443015
PU-R,boundary_duplicate_fashion_mnist,2,0.3,0.5,100,100,2500,2500,104,1226,1330,0.5677547956001945,0.53725,0.53725,,,,,2.220726034604013,0,1,101,0.27884615384615385,0.8076923076923077,0.6163621544837952,0.6163621544837952,0.9978225231170654,0.039617025157780324,0.9514563106796117,0.9514563106796117,0.941747572815534,0.7062740891876007,0.19230769230769232,0.22534911992364204,1.387325440038179
GREATS,boundary_duplicate_fashion_mnist,2,0.3,0.5,100,100,2500,2500,104,978,1082,,0.387,0.387,,,,,2.2444921396672726,0,1,101,0.33653846153846156,0.7884615384615384,0.6785156726837158,0.6785156726837158,0.9982190132141113,0.04312047420196163,0.9611650485436893,0.970873786407767,0.9611650485436893,0.7444131797881749,0.21153846153846154,0.22396811286496057,1.3880159435675197
MaxLoss,boundary_duplicate_fashion_mnist,2,0.3,0.6,100,100,2000,3000,104,911,1015,0.547163775889203,0.49624999999999997,0.49625,,,,,0.9884811965748668,0,1,101,0.46153846153846156,0.6826923076923077,0.6613801121711731,0.6613801121711731,0.9992606043815613,0.048166769222148416,0.941747572815534,0.9611650485436893,0.941747572815534,0.9014296082981941,0.3173076923076923,0.24213788854703372,1.3789310557264831
Marginal,boundary_duplicate_fashion_mnist,2,0.3,0.6,100,100,2000,3000,104,792,896,0.4873547329916619,0.30674999999999997,0.30675,,,,,1.3214678391814232,0,1,101,0.2692307692307692,0.8846153846153846,0.6050795912742615,0.6050795912742615,0.9976887106895447,0.024897293703069964,0.9902912621359223,0.9902912621359223,0.9902912621359223,0.5159469300074474,0.11538461538461539,0.1962112159555372,1.4018943920222315
EL2N,boundary_duplicate_fashion_mnist,2,0.3,0.6,100,100,2000,3000,104,898,1002,0.540657737001311,0.46525000000000005,0.46525,,,,,1.3084872607141733,0,1,101,0.40384615384615385,0.7403846153846154,0.6740224361419678,0.6740224361419678,0.9926242828369141,0.04809342310266587,0.9029126213592233,0.9611650485436893,0.883495145631068,0.826165427834159,0.25961538461538464,0.2332083652834672,1.3833958173582663
GraNdLast,boundary_duplicate_fashion_mnist,2,0.3,0.6,100,100,2000,3000,104,937,1041,0.5601554123568349,0.47275,0.47275,,,,,1.3212184002622962,0,1,101,0.3942307692307692,0.7211538461538461,0.6495664715766907,0.6495664715766907,0.9997114539146423,0.05043788384465338,0.9029126213592233,0.912621359223301,0.8737864077669902,0.8538738465459897,0.27884615384615385,0.248143308265396,1.375928345867302
RHO-PretrainRef,boundary_duplicate_fashion_mnist,2,0.3,0.6,100,100,2000,3000,104,933,1037,0.5581584761384875,0.43300000000000005,0.433,,,,,1.3495319606736302,0,1,101,0.3942307692307692,0.7884615384615384,0.697719156742096,0.697719156742096,0.9998877048492432,0.046635301946436315,0.883495145631068,0.941747572815534,0.883495145631068,0.7444131797881749,0.21153846153846154,0.2402369119508686,1.3798815440245658
PU-R,boundary_duplicate_fashion_mnist,2,0.3,0.6,100,100,2000,3000,104,894,998,0.538654510397464,0.39949999999999997,0.3995,,,,,1.9584478745236993,0,1,101,0.3269230769230769,0.7211538461538461,0.6068580150604248,0.6068580150604248,0.9880348443984985,0.04246685617757075,0.9611650485436893,0.9805825242718447,0.9611650485436893,0.8538738465459897,0.27884615384615385,0.2285057441540109,1.3857471279229945
GREATS,boundary_duplicate_fashion_mnist,2,0.3,0.6,100,100,2000,3000,104,888,992,,0.46399999999999997,0.464,,,,,1.9493944477289915,0,1,101,0.3269230769230769,0.8269230769230769,0.6584359407424927,0.6584359407424927,0.9990438222885132,0.04392047530239068,0.9514563106796117,0.970873786407767,0.9514563106796117,0.6646953053493418,0.17307692307692307,0.23231470453775846,1.3838426477311208
MaxLoss,boundary_duplicate_fashion_mnist,2,0.3,0.7,100,100,1500,3500,104,683,787,0.5699231643229723,0.47,0.47,,,,,1.0249769948422909,0,1,101,0.3557692307692308,0.7403846153846154,0.6585149765014648,0.6585149765014648,0.996107280254364,0.047776704708349355,0.9320388349514563,0.9514563106796117,0.9029126213592233,0.826165427834159,0.25961538461538464,0.24130780587143788,1.379346097064281
Marginal,boundary_duplicate_fashion_mnist,2,0.3,0.7,100,100,1500,3500,104,551,655,0.48150226956931874,0.28225,0.28225,,,,,1.304130120202899,0,1,101,0.2403846153846154,0.7884615384615384,0.571210503578186,0.571210503578186,0.9975199699401855,0.028388993052801896,0.9902912621359223,0.9902912621359223,0.9902912621359223,0.7444131797881749,0.21153846153846154,0.2027410071649658,1.398629496417517
EL2N,boundary_duplicate_fashion_mnist,2,0.3,0.7,100,100,1500,3500,104,682,786,0.5692586757359095,0.4525,0.4525,,,,,1.2709981072694063,0,1,101,0.40384615384615385,0.75,0.6667003631591797,0.6667003631591797,0.9996886253356934,0.056230172659586936,0.8640776699029126,0.8932038834951457,0.8640776699029126,0.8112781244591328,0.25,0.25829585593865534,1.3708520720306723
GraNdLast,boundary_duplicate_fashion_mnist,2,0.3,0.7,100,100,1500,3500,104,657,761,0.552619747351855,0.45975,0.45975,,,,,1.2375439368188381,0,1,101,0.3269230769230769,0.625,0.6423011422157288,0.6423011422157288,0.9961508512496948,0.05105251119047114,0.9223300970873787,0.970873786407767,0.912621359223301,0.954434002924965,0.375,0.2432742342555674,1.3783628828722163
RHO-PretrainRef,boundary_duplicate_fashion_mnist,2,0.3,0.7,100,100,1500,3500,104,715,819,0.5911431396380067,0.49824999999999997,0.49825,,,,,1.4533586092293262,0,1,101,0.34615384615384615,0.7596153846153846,0.648419976234436,0.648419976234436,0.9773433208465576,0.04671906990912354,0.9320388349514563,0.9611650485436893,0.9223300970873787,0.7956792965030225,0.2403846153846154,0.23414648191025608,1.382926759044872
PU-R,boundary_duplicate_fashion_mnist,2,0.3,0.7,100,100,1500,3500,104,643,747,0.543279571866151,0.50825,0.50825,,,,,1.6984809804707766,0,1,101,0.36538461538461536,0.7211538461538461,0.6333016753196716,0.6333016753196716,0.9937422871589661,0.04491970666403909,0.9805825242718447,0.970873786407767,0.970873786407767,0.8538738465459897,0.27884615384615385,0.23570985561736393,1.382145072191318
GREATS,boundary_duplicate_fashion_mnist,2,0.3,0.7,100,100,1500,3500,104,673,777,,0.50925,0.50925,,,,,1.8237519524991512,0,1,101,0.3076923076923077,0.75,0.6673227548599243,0.6673227548599243,0.9999206066131592,0.04266803661017742,0.9611650485436893,0.9805825242718447,0.9611650485436893,0.8112781244591328,0.25,0.22507974089827476,1.3874601295508626
MaxLoss,boundary_duplicate_fashion_mnist,2,0.3,0.8,100,100,1000,4000,104,387,491,0.5455567055032589,0.41674999999999995,0.41675,,,,,0.9568844260647893,0,1,101,0.34615384615384615,0.7692307692307693,0.6768147945404053,0.6768147945404053,0.9999950528144836,0.04003500128255307,0.970873786407767,0.970873786407767,0.970873786407767,0.7793498372920851,0.23076923076923078,0.22320997582138993,1.3883950120893052
Marginal,boundary_duplicate_fashion_mnist,2,0.3,0.8,100,100,1000,4000,104,343,447,0.5012447913177311,0.38,0.38,,,,,1.1148401023820043,0,1,101,0.3076923076923077,0.7884615384615384,0.6199055910110474,0.6199055910110474,0.9974600076675415,0.026398150666246137,0.9902912621359223,0.9902912621359223,0.9902912621359223,0.7444131797881749,0.21153846153846154,0.19320075455127164,1.4033996227243641
EL2N,boundary_duplicate_fashion_mnist,2,0.3,0.8,100,100,1000,4000,104,398,502,0.556567482999526,0.45425000000000004,0.45425,,,,,1.0999389998614788,0,1,101,0.40384615384615385,0.75,0.6943176984786987,0.6943176984786987,0.9999963641166687,0.043732202168807244,0.9320388349514563,0.970873786407767,0.9223300970873787,0.8112781244591328,0.25,0.22723567145908716,1.3863821642704564
GraNdLast,boundary_duplicate_fashion_mnist,2,0.3,0.8,100,100,1000,4000,104,397,501,0.5555676136864349,0.40375000000000005,0.40375,,,,,1.1212608851492405,0,1,101,0.36538461538461536,0.7692307692307693,0.6636807918548584,0.6636807918548584,0.9999980926513672,0.03564943619144773,0.970873786407767,0.9611650485436893,0.9611650485436893,0.7793498372920851,0.23076923076923078,0.21791096518842967,1.3910445174057853
RHO-PretrainRef,boundary_duplicate_fashion_mnist,2,0.3,0.8,100,100,1000,4000,104,405,509,0.5635603432892822,0.41974999999999996,0.41975,,,,,1.1176347890868783,0,1,101,0.375,0.7980769230769231,0.6701288819313049,0.6701288819313049,0.999997615814209,0.0404848323285001,0.9805825242718447,0.970873786407767,0.970873786407767,0.7257576154473544,0.20192307692307693,0.22341834351342726,1.3882908282432864
PU-R,boundary_duplicate_fashion_mnist,2,0.3,0.8,100,100,1000,4000,104,403,507,0.5615634953137487,0.45425000000000004,0.45425,,,,,1.5765608390793204,0,1,101,0.375,0.8269230769230769,0.629906177520752,0.629906177520752,0.9999978542327881,0.04276433500271399,0.9514563106796117,0.941747572815534,0.9320388349514563,0.6646953053493418,0.17307692307692307,0.2332554996653163,1.3833722501673418
GREATS,boundary_duplicate_fashion_mnist,2,0.3,0.8,100,100,1000,4000,104,377,481,,0.47924999999999995,0.47925,,,,,1.6146142948418856,0,1,101,0.4326923076923077,0.8173076923076923,0.6736962199211121,0.6736962199211121,0.9999948143959045,0.04218800380391982,0.941747572815534,0.970873786407767,0.9320388349514563,0.6859315226878925,0.18269230769230768,0.2284697191534706,1.3857651404232647
MaxLoss,boundary_duplicate_fashion_mnist,3,0.3,0.0,100,100,5000,0,104,2143,2247,0.4751206442597322,0.41225,0.41225,,,,,1.3217672482132912,0,1,101,0.3557692307692308,0.7211538461538461,0.7277581691741943,0.7277581691741943,0.9999357461929321,0.05074445946702679,0.8932038834951457,0.9320388349514563,0.883495145631068,0.8538738465459897,0.27884615384615385,0.23957564355348532,1.3802121782232573
Marginal,boundary_duplicate_fashion_mnist,3,0.3,0.0,100,100,5000,0,104,2343,2447,0.5153236408368684,0.4565,0.4565,,,,,2.0981175610795617,0,1,101,0.3076923076923077,0.9230769230769231,0.6437870860099792,0.6437870860099792,0.9990083575248718,0.02472929569702704,0.9902912621359223,0.9902912621359223,0.9902912621359223,0.3912435636292556,0.07692307692307693,0.1896712476347643,1.4051643761826178
EL2N,boundary_duplicate_fashion_mnist,3,0.3,0.0,100,100,5000,0,104,2300,2404,0.5066941776312888,0.4515,0.4515,,,,,2.223078614100814,0,1,101,0.3942307692307692,0.6442307692307693,0.6920289993286133,0.6920289993286133,0.9999852180480957,0.05168453177202095,0.8932038834951457,0.9029126213592233,0.8640776699029126,0.9391151961320353,0.3557692307692308,0.2432265699535086,1.3783867150232458
GraNdLast,boundary_duplicate_fashion_mnist,3,0.3,0.0,100,100,5000,0,104,2369,2473,0.5205376937519759,0.45825000000000005,0.45825,,,,,2.349826253950596,0,1,101,0.3942307692307692,0.625,0.7371979355812073,0.7371979355812073,0.9997261166572571,0.05552750768013371,0.8543689320388349,0.8543689320388349,0.8058252427184466,0.954434002924965,0.375,0.24491378871039227,1.3775431056448038
RHO-PretrainRef,boundary_duplicate_fashion_mnist,3,0.3,0.0,100,100,5000,0,104,2429,2533,0.5325592973968014,0.44025000000000003,0.44025,,,,,2.406708282418549,0,1,101,0.4519230769230769,0.6730769230769231,0.6966832876205444,0.6966832876205444,0.9996908903121948,0.05543749627557773,0.9029126213592233,0.912621359223301,0.8737864077669902,0.9117517586347538,0.3269230769230769,0.25351954379616143,1.3732402281019191
PU-R,boundary_duplicate_fashion_mnist,3,0.3,0.0,100,100,5000,0,104,2397,2501,0.5261496561579406,0.5055000000000001,0.5055,,,,,3.094425435177982,0,1,101,0.3942307692307692,0.6442307692307693,0.6207221746444702,0.6207221746444702,0.9796550273895264,0.04378455877304077,0.970873786407767,0.970873786407767,0.9611650485436893,0.9391151961320353,0.3557692307692308,0.2321245093421442,1.3839377453289279
GREATS,boundary_duplicate_fashion_mnist,3,0.3,0.0,100,100,5000,0,104,2459,2563,,0.5197499999999999,0.51975,,,,,3.2449848977848887,0,1,101,0.41346153846153844,0.7019230769230769,0.6770366430282593,0.6770366430282593,0.9998704195022583,0.05231710024250364,0.8640776699029126,0.912621359223301,0.8349514563106796,0.8789274256388384,0.2980769230769231,0.24729130565767402,1.376354347171163
MaxLoss,boundary_duplicate_fashion_mnist,3,0.3,0.1,100,100,4500,500,104,2084,2188,0.5134348772116937,0.4165,0.4165,,,,,1.4056215798482299,0,1,101,0.38461538461538464,0.6730769230769231,0.6874839663505554,0.6874839663505554,0.9998986721038818,0.05540864965290699,0.8155339805825242,0.8737864077669902,0.7961165048543689,0.9117517586347538,0.3269230769230769,0.2622389796540461,1.368880510172977
Marginal,boundary_duplicate_fashion_mnist,3,0.3,0.1,100,100,4500,500,104,2006,2110,0.4960260814987123,0.41325,0.41325,,,,,1.9584890687838197,0,1,101,0.2692307692307692,0.8461538461538461,0.591191291809082,0.591191291809082,0.9984264969825745,0.02326566299188484,0.9902912621359223,0.9902912621359223,0.9902912621359223,0.6193821946787638,0.15384615384615385,0.19236190646956214,1.403819046765219
EL2N,boundary_duplicate_fashion_mnist,3,0.3,0.1,100,100,4500,500,104,2081,2185,0.5127659202553332,0.44525000000000003,0.44525,,,,,2.1341161001473665,0,1,101,0.3557692307692308,0.6826923076923077,0.6797564029693604,0.6797564029693604,0.9993271827697754,0.05285146282714547,0.8932038834951457,0.912621359223301,0.8640776699029126,0.9014296082981941,0.3173076923076923,0.24915863233461505,1.3754206838326923
GraNdLast,boundary_duplicate_fashion_mnist,3,0.3,0.1,100,100,4500,500,104,2165,2269,0.5314782078494318,0.50525,0.50525,,,,,2.135171802714467,0,1,101,0.375,0.6538461538461539,0.7006418108940125,0.7006418108940125,0.9999867081642151,0.06253823504141233,0.8252427184466019,0.9029126213592233,0.8155339805825242,0.930586129131993,0.34615384615384615,0.2577334839095179,1.371133258045241
RHO-PretrainRef,boundary_duplicate_fashion_mnist,3,0.3,0.1,100,100,4500,500,104,2112,2216,0.5196761148399673,0.45899999999999996,0.459,,,,,2.281207994557917,0,1,101,0.4326923076923077,0.5384615384615384,0.679268479347229,0.679268479347229,0.9982729554176331,0.05129856392017846,0.9029126213592233,0.9223300970873787,0.8737864077669902,0.9957274520849256,0.46153846153846156,0.24426517432534875,1.3778674128373256
PU-R,boundary_duplicate_fashion_mnist,3,0.3,0.1,100,100,4500,500,104,2020,2124,0.4991531760315411,0.402,0.402,,,,,2.9943981086835265,0,1,101,0.36538461538461536,0.7115384615384616,0.6018430590629578,0.6018430590629578,0.9981909990310669,0.05301845999597346,0.9320388349514563,0.9320388349514563,0.912621359223301,0.8667256130949591,0.28846153846153844,0.252240410520394,1.373879794739803
GREATS,boundary_duplicate_fashion_mnist,3,0.3,0.1,100,100,4500,500,104,2094,2198,,0.49250000000000005,0.4925,,,,,3.0089026652276516,0,1,101,0.4423076923076923,0.7980769230769231,0.6923989057540894,0.6923989057540894,0.9999780654907227,0.047385086133642104,0.9223300970873787,0.9320388349514563,0.912621359223301,0.7257576154473544,0.20192307692307693,0.23742340909364032,1.3812882954531798
MaxLoss,boundary_duplicate_fashion_mnist,3,0.3,0.2,100,100,4000,1000,104,1849,1953,0.5169980745995417,0.47275,0.47275,,,,,1.4147000834345818,0,1,101,0.41346153846153844,0.7115384615384616,0.6859710216522217,0.6859710216522217,0.99998939037323,0.05244443891117874,0.8932038834951457,0.912621359223301,0.8543689320388349,0.8667256130949591,0.28846153846153844,0.25693656347315735,1.3715317182634212
Marginal,boundary_duplicate_fashion_mnist,3,0.3,0.2,100,100,4000,1000,104,1710,1814,0.482064509880729,0.43975,0.43975,,,,,1.7605811869725585,0,1,101,0.40384615384615385,0.8653846153846154,0.6137874126434326,0.6137874126434326,0.9962888956069946,0.02573790516053299,0.9902912621359223,0.9805825242718447,0.9805825242718447,0.56996137604035,0.1346153846153846,0.1943960838710768,1.4028019580644617
EL2N,boundary_duplicate_fashion_mnist,3,0.3,0.2,100,100,4000,1000,104,1856,1960,0.5187535985023715,0.49224999999999997,0.49225,,,,,1.8267172891646624,0,1,101,0.4519230769230769,0.6634615384615384,0.6923903822898865,0.6923903822898865,0.99998939037323,0.04970576404367836,0.8640776699029126,0.9320388349514563,0.8640776699029126,0.9214676689990972,0.33653846153846156,0.240834756282346,1.379582621858827
GraNdLast,boundary_duplicate_fashion_mnist,3,0.3,0.2,100,100,4000,1000,104,1826,1930,0.5112274154089391,0.45325000000000004,0.45325,,,,,1.9210073044523597,0,1,101,0.3942307692307692,0.6057692307692307,0.680379331111908,0.680379331111908,0.9999823570251465,0.0514211469483607,0.8932038834951457,0.912621359223301,0.8640776699029126,0.9674756088157445,0.3942307692307692,0.2534100211376343,1.3732949894311828
RHO-PretrainRef,boundary_duplicate_fashion_mnist,3,0.3,0.2,100,100,4000,1000,104,1914,2018,0.5332856547902338,0.4485,0.4485,,,,,1.8735869145020843,0,1,101,0.41346153846153844,0.6538461538461539,0.7072839736938477,0.7072839736938477,0.9999875426292419,0.05219943908233087,0.8737864077669902,0.912621359223301,0.8349514563106796,0.930586129131993,0.34615384615384615,0.24301987064038016,1.37849006467981
PU-R,boundary_duplicate_fashion_mnist,3,0.3,0.2,100,100,4000,1000,104,1740,1844,0.48961605195654556,0.45825000000000005,0.45825,,,,,2.6605374310165644,0,1,101,0.40384615384615385,0.6826923076923077,0.6147512197494507,0.6147512197494507,0.9999909400939941,0.05258364092956469,0.9223300970873787,0.9514563106796117,0.9223300970873787,0.9014296082981941,0.3173076923076923,0.25122598480904895,1.3743870075954754
GREATS,boundary_duplicate_fashion_mnist,3,0.3,0.2,100,100,4000,1000,104,1960,2064,,0.563,0.563,,,,,2.6672103395685554,0,1,101,0.36538461538461536,0.7980769230769231,0.6841000914573669,0.6841000914573669,0.9847428202629089,0.046052932449914874,0.941747572815534,0.941747572815534,0.912621359223301,0.7257576154473544,0.20192307692307693,0.2330227902140622,1.3834886048929689
MaxLoss,boundary_duplicate_fashion_mnist,3,0.3,0.3,100,100,3500,1500,104,1526,1630,0.4961916854372248,0.4225,0.4225,,,,,1.3396739233285189,0,1,101,0.38461538461538464,0.6730769230769231,0.6987593770027161,0.6987593770027161,0.9999481439590454,0.049244452448724545,0.9320388349514563,0.9320388349514563,0.912621359223301,0.9117517586347538,0.3269230769230769,0.24326971679882947,1.3783651416005853
Marginal,boundary_duplicate_fashion_mnist,3,0.3,0.3,100,100,3500,1500,104,1484,1588,0.484109100070782,0.403,0.403,,,,,1.6390549670904875,0,1,101,0.34615384615384615,0.875,0.6076105833053589,0.6076105833053589,0.9959886074066162,0.02372865219718044,0.9902912621359223,0.9902912621359223,0.9902912621359223,0.5435644431995964,0.125,0.19024619667413806,1.404876901662931
EL2N,boundary_duplicate_fashion_mnist,3,0.3,0.3,100,100,3500,1500,104,1734,1838,0.5557659519836307,0.47950000000000004,0.4795,,,,,1.6571386540308595,0,1,101,0.38461538461538464,0.6826923076923077,0.675248384475708,0.675248384475708,0.9968798756599426,0.05481209280421433,0.8737864077669902,0.9223300970873787,0.8640776699029126,0.9014296082981941,0.3173076923076923,0.2584807636564968,1.3707596181717516
GraNdLast,boundary_duplicate_fashion_mnist,3,0.3,0.3,100,100,3500,1500,104,1633,1737,0.5268927610013634,0.48324999999999996,0.48325,,,,,1.6942588845267892,0,1,101,0.38461538461538464,0.6923076923076923,0.7199121117591858,0.7199121117591858,0.9997325539588928,0.05345400039432118,0.883495145631068,0.912621359223301,0.8737864077669902,0.8904916402194913,0.3076923076923077,0.24823796951795002,1.375881015241025
RHO-PretrainRef,boundary_duplicate_fashion_mnist,3,0.3,0.3,100,100,3500,1500,104,1569,1673,0.5085434200591408,0.43999999999999995,0.44,,,,,1.6386854723095894,0,1,101,0.3942307692307692,0.7019230769230769,0.6789836287498474,0.6789836287498474,0.9997012615203857,0.05036756425227934,0.9223300970873787,0.941747572815534,0.9029126213592233,0.8789274256388384,0.2980769230769231,0.2470681792291349,1.3764659103854324
PU-R,boundary_duplicate_fashion_mnist,3,0.3,0.3,100,100,3500,1500,104,1628,1732,0.5254607101087458,0.46675,0.46675,,,,,2.4211655305698514,0,1,101,0.34615384615384615,0.6634615384615384,0.6406471133232117,0.6406471133232117,0.9979182481765747,0.04280449522351756,0.970873786407767,0.9611650485436893,0.9611650485436893,0.9214676689990972,0.33653846153846156,0.23440543998428473,1.3827972800078576
GREATS,boundary_duplicate_fashion_mnist,3,0.3,0.3,100,100,3500,1500,104,1584,1688,,0.4275,0.4275,,,,,2.5482981093227863,0,1,101,0.3942307692307692,0.8269230769230769,0.6935176253318787,0.6935176253318787,0.9990150928497314,0.04775775809889858,0.9029126213592233,0.9029126213592233,0.8640776699029126,0.6646953053493418,0.17307692307692307,0.23782210031813106,1.3810889498409344
MaxLoss,boundary_duplicate_fashion_mnist,3,0.3,0.4,100,100,3000,2000,104,1371,1475,0.5245260297670029,0.48175,0.48175,,,,,1.1987169468775392,0,1,101,0.41346153846153844,0.7019230769230769,0.6739363670349121,0.6739363670349121,0.9998325109481812,0.062428746987315056,0.8349514563106796,0.8640776699029126,0.7864077669902912,0.8789274256388384,0.2980769230769231,0.2644992480650841,1.367750375967458
Marginal,boundary_duplicate_fashion_mnist,3,0.3,0.4,100,100,3000,2000,104,1415,1519,0.5392219026689418,0.503,0.503,,,,,1.475739598274231,0,1,101,0.33653846153846156,0.9423076923076923,0.6245387196540833,0.6245387196540833,0.9996581077575684,0.022120140709923308,0.9902912621359223,0.9805825242718447,0.9805825242718447,0.3182152976832331,0.057692307692307696,0.18977903774596297,1.4051104811270185
EL2N,boundary_duplicate_fashion_mnist,3,0.3,0.4,100,100,3000,2000,104,1436,1540,0.5462257327744737,0.49575,0.49575,,,,,1.6499594766646624,0,1,101,0.36538461538461536,0.6730769230769231,0.6807938814163208,0.6807938814163208,0.9976903200149536,0.04891156050765399,0.941747572815534,0.9611650485436893,0.9320388349514563,0.9117517586347538,0.3269230769230769,0.24134332950851348,1.3793283352457433
GraNdLast,boundary_duplicate_fashion_mnist,3,0.3,0.4,100,100,3000,2000,104,1299,1403,0.5004164645797573,0.49424999999999997,0.49425,,,,,1.5026148622855544,0,1,101,0.40384615384615385,0.6538461538461539,0.6500036120414734,0.6500036120414734,0.999984860420227,0.04918558881120774,0.9029126213592233,0.941747572815534,0.883495145631068,0.930586129131993,0.34615384615384615,0.24779112631141173,1.376104436844294
RHO-PretrainRef,boundary_duplicate_fashion_mnist,3,0.3,0.4,100,100,3000,2000,104,1397,1501,0.533213417918887,0.4625,0.4625,,,,,1.7732506217435002,0,1,101,0.41346153846153844,0.6442307692307693,0.7030318975448608,0.7030318975448608,0.999940037727356,0.046391823338073436,0.941747572815534,0.9611650485436893,0.9223300970873787,0.9391151961320353,0.3557692307692308,0.23058054016511523,1.3847097299174425
PU-R,boundary_duplicate_fashion_mnist,3,0.3,0.4,100,100,3000,2000,104,1412,1516,0.5382208217633888,0.49375,0.49375,,,,,2.2823104904964566,0,1,101,0.4230769230769231,0.6826923076923077,0.6141284108161926,0.6141284108161926,0.9994537830352783,0.04421685419036347,0.970873786407767,0.9514563106796117,0.941747572815534,0.9014296082981941,0.3173076923076923,0.2339109838104233,1.3830445080947884
GREATS,boundary_duplicate_fashion_mnist,3,0.3,0.4,100,100,3000,2000,104,1306,1410,,0.46299999999999997,0.463,,,,,2.2957487432286143,0,1,101,0.3269230769230769,0.7884615384615384,0.6585162878036499,0.6585162878036499,0.9982343316078186,0.048331406220649055,0.912621359223301,0.9514563106796117,0.912621359223301,0.7444131797881749,0.21153846153846154,0.2406291606660342,1.3796854196669828
MaxLoss,boundary_duplicate_fashion_mnist,3,0.3,0.5,100,100,2500,2500,104,1176,1280,0.5477831322932616,0.51275,0.51275,,,,,1.2299366053193808,0,1,101,0.3942307692307692,0.6730769230769231,0.6699894070625305,0.6699894070625305,0.9999792575836182,0.04679958970801344,0.9611650485436893,0.9611650485436893,0.9514563106796117,0.9117517586347538,0.3269230769230769,0.2383170441719812,1.3808414779140095
Marginal,boundary_duplicate_fashion_mnist,3,0.3,0.5,100,100,2500,2500,104,1191,1295,0.5537807579967193,0.50875,0.50875,,,,,1.4661702290177345,0,1,101,0.36538461538461536,0.9038461538461539,0.6142997741699219,0.6142997741699219,0.9981933832168579,0.024706239694530525,0.9902912621359223,0.9902912621359223,0.9902912621359223,0.4566836315394428,0.09615384615384616,0.19468752399909328,1.4026562380004535
EL2N,boundary_duplicate_fashion_mnist,3,0.3,0.5,100,100,2500,2500,104,1135,1239,0.5313629332813434,0.54325,0.54325,,,,,1.5545983435586095,0,1,101,0.38461538461538464,0.6634615384615384,0.6745259165763855,0.6745259165763855,0.9999686479568481,0.05726067389099343,0.8737864077669902,0.9029126213592233,0.8446601941747572,0.9214676689990972,0.33653846153846156,0.25727768279160723,1.3713611586041963
GraNdLast,boundary_duplicate_fashion_mnist,3,0.3,0.5,100,100,2500,2500,104,1131,1235,0.5297588738612831,0.42525,0.42525,,,,,1.7278114324435592,0,1,101,0.4326923076923077,0.7019230769230769,0.6561896800994873,0.6561896800994873,0.999352216720581,0.049466776037679135,0.8932038834951457,0.9223300970873787,0.8543689320388349,0.8789274256388384,0.2980769230769231,0.24820881138809606,1.3758955943059519
RHO-PretrainRef,boundary_duplicate_fashion_mnist,3,0.3,0.5,100,100,2500,2500,104,1079,1183,0.50887234241236,0.45475,0.45475,,,,,1.4048507753759623,0,1,101,0.3557692307692308,0.6346153846153846,0.6748559474945068,0.6748559474945068,0.999927818775177,0.047429201093692225,0.9320388349514563,0.941747572815534,0.9029126213592233,0.9470622432515329,0.36538461538461536,0.2439610160165729,1.3780194919917135
PU-R,boundary_duplicate_fashion_mnist,3,0.3,0.5,100,100,2500,2500,104,1182,1286,0.5501828113337979,0.5487500000000001,0.54875,,,,,2.047286589629948,0,1,101,0.4230769230769231,0.7403846153846154,0.5841379165649414,0.5841379165649414,0.9869695901870728,0.04514268474671447,0.970873786407767,0.941747572815534,0.9320388349514563,0.826165427834159,0.25961538461538464,0.23805320929806503,1.3809733953509675
GREATS,boundary_duplicate_fashion_mnist,3,0.3,0.5,100,100,2500,2500,104,1144,1248,,0.524,0.524,,,,,2.0131791830062866,0,1,101,0.4423076923076923,0.7596153846153846,0.6553651094436646,0.6553651094436646,0.9999873638153076,0.04692657335290631,0.9320388349514563,0.9514563106796117,0.9223300970873787,0.7956792965030225,0.2403846153846154,0.23788693608926756,1.3810565319553663
MaxLoss,boundary_duplicate_fashion_mnist,3,0.3,0.6,100,100,2000,3000,104,899,1003,0.5411584430839866,0.44999999999999996,0.45,,,,,0.9640424232929945,0,1,101,0.38461538461538464,0.7596153846153846,0.6736003756523132,0.6736003756523132,0.9991786479949951,0.05235393070480199,0.883495145631068,0.9320388349514563,0.8543689320388349,0.7956792965030225,0.2403846153846154,0.24463095998428247,1.377684520007859
Marginal,boundary_duplicate_fashion_mnist,3,0.3,0.6,100,100,2000,3000,104,868,972,0.5256178554263897,0.366,0.366,,,,,1.1906583085656166,0,1,101,0.3269230769230769,0.8653846153846154,0.5874267816543579,0.5874267816543579,0.998038649559021,0.021939208495964126,0.9805825242718447,0.9805825242718447,0.970873786407767,0.56996137604035,0.1346153846153846,0.1947312611938742,1.402634369403063
EL2N,boundary_duplicate_fashion_mnist,3,0.3,0.6,100,100,2000,3000,104,904,1008,0.5436613696510904,0.44699999999999995,0.447,,,,,1.187330367974937,0,1,101,0.375,0.7884615384615384,0.6766537427902222,0.6766537427902222,0.9857640862464905,0.050192306342634184,0.9223300970873787,0.941747572815534,0.9029126213592233,0.7444131797881749,0.21153846153846154,0.23987751746652436,1.3800612412667377
GraNdLast,boundary_duplicate_fashion_mnist,3,0.3,0.6,100,100,2000,3000,104,890,994,0.5366506401915103,0.46575,0.46575,,,,,1.2214968837797642,0,1,101,0.41346153846153844,0.7692307692307693,0.6631999611854553,0.6631999611854553,0.9998763799667358,0.04731886392658197,0.8932038834951457,0.9514563106796117,0.8640776699029126,0.7793498372920851,0.23076923076923078,0.24426727904951073,1.3778663604752446
RHO-PretrainRef,boundary_duplicate_fashion_mnist,3,0.3,0.6,100,100,2000,3000,104,928,1032,0.5556613962398842,0.46175,0.46175,,,,,1.2511589108034968,0,1,101,0.40384615384615385,0.7211538461538461,0.6899906396865845,0.6899906396865845,0.9999994039535522,0.0471110760586933,0.8932038834951457,0.941747572815534,0.883495145631068,0.8538738465459897,0.27884615384615385,0.2407936968376648,1.3796031515811675
PU-R,boundary_duplicate_fashion_mnist,3,0.3,0.6,100,100,2000,3000,104,830,934,0.5065153940813616,0.45899999999999996,0.459,,,,,1.589551778510213,0,1,101,0.3269230769230769,0.7019230769230769,0.6240934729576111,0.6240934729576111,0.985807478427887,0.03826249079796874,0.9805825242718447,0.970873786407767,0.9611650485436893,0.8789274256388384,0.2980769230769231,0.223162029178285,1.3884189854108575
GREATS,boundary_duplicate_fashion_mnist,3,0.3,0.6,100,100,2000,3000,104,949,1053,,0.47750000000000004,0.4775,,,,,1.7125052139163017,0,1,101,0.3557692307692308,0.7884615384615384,0.7014858722686768,0.7014858722686768,0.9950262308120728,0.03891224710686693,0.970873786407767,0.9514563106796117,0.941747572815534,0.7444131797881749,0.21153846153846154,0.21771184596080367,1.3911440770195982
MaxLoss,boundary_duplicate_fashion_mnist,3,0.3,0.7,100,100,1500,3500,104,634,738,0.5372667102492414,0.4215,0.4215,,,,,0.9542872561141849,0,1,101,0.4326923076923077,0.7307692307692307,0.6646239161491394,0.6646239161491394,0.9970360994338989,0.046359903459410066,0.941747572815534,0.9320388349514563,0.9223300970873787,0.8403586716091171,0.2692307692307692,0.23464714958713218,1.3826764252064339
Marginal,boundary_duplicate_fashion_mnist,3,0.3,0.7,100,100,1500,3500,104,625,729,0.5312472304212861,0.38875000000000004,0.38875,,,,,1.1138598648831248,0,1,101,0.3173076923076923,0.875,0.601399838924408,0.601399838924408,0.9980565309524536,0.025306869406723283,0.9902912621359223,0.970873786407767,0.970873786407767,0.5435644431995964,0.125,0.1962950584125512,1.4018524707937243
EL2N,boundary_duplicate_fashion_mnist,3,0.3,0.7,100,100,1500,3500,104,651,755,0.5486187786445953,0.5065,0.5065,,,,,1.102205022238195,0,1,101,0.38461538461538464,0.7019230769230769,0.6714608073234558,0.6714608073234558,0.9964098930358887,0.0423562030479746,0.970873786407767,0.9611650485436893,0.9514563106796117,0.8789274256388384,0.2980769230769231,0.22526631699502508,1.3873668415024873
GraNdLast,boundary_duplicate_fashion_mnist,3,0.3,0.7,100,100,1500,3500,104,698,802,0.5798805911326781,0.5265,0.5265,,,,,1.0553194154053926,0,1,101,0.41346153846153844,0.6826923076923077,0.6830518841743469,0.6830518841743469,0.9990408420562744,0.046323902760315866,0.941747572815534,0.9611650485436893,0.9223300970873787,0.9014296082981941,0.3173076923076923,0.23173890847524636,1.384130545762377
RHO-PretrainRef,boundary_duplicate_fashion_mnist,3,0.3,0.7,100,100,1500,3500,104,649,753,0.5472844676696695,0.47924999999999995,0.47925,,,,,1.2583596287295222,0,1,101,0.38461538461538464,0.7019230769230769,0.6948400735855103,0.6948400735855103,0.9987363815307617,0.049876880153868965,0.9320388349514563,0.941747572815534,0.912621359223301,0.8789274256388384,0.2980769230769231,0.23368285224515753,1.3831585738774212
PU-R,boundary_duplicate_fashion_mnist,3,0.3,0.7,100,100,1500,3500,104,581,685,0.5017233343678527,0.43300000000000005,0.433,,,,,1.5425403490662575,0,1,101,0.3557692307692308,0.7596153846153846,0.622412383556366,0.622412383556366,0.9865785241127014,0.03873917619580204,0.970873786407767,0.970873786407767,0.9611650485436893,0.7956792965030225,0.2403846153846154,0.22056112912878587,1.389719435435607
GREATS,boundary_duplicate_fashion_mnist,3,0.3,0.7,100,100,1500,3500,104,666,770,,0.49024999999999996,0.49025,,,,,1.5283328872174025,0,1,101,0.4326923076923077,0.7884615384615384,0.6829303503036499,0.6829303503036499,0.9999991655349731,0.05016781823727691,0.8932038834951457,0.9514563106796117,0.8737864077669902,0.7444131797881749,0.21153846153846154,0.23796807856409613,1.381015960717952
MaxLoss,boundary_duplicate_fashion_mnist,3,0.3,0.8,100,100,1000,4000,104,429,533,0.5874528988497332,0.60225,0.60225,,,,,0.9121081875637174,0,1,101,0.36538461538461536,0.7980769230769231,0.6832902431488037,0.6832902431488037,0.9999412894248962,0.04788260610358229,0.941747572815534,0.941747572815534,0.912621359223301,0.7257576154473544,0.20192307692307693,0.23462761672021415,1.382686191639893
Marginal,boundary_duplicate_fashion_mnist,3,0.3,0.8,100,100,1000,4000,104,425,529,0.5834797579445876,0.475,0.475,,,,,0.9548070840537548,0,1,101,0.2692307692307692,0.9807692307692307,0.6056198477745056,0.6056198477745056,0.9977940320968628,0.02625068769003581,0.9805825242718447,0.9805825242718447,0.970873786407767,0.1370994788998177,0.019230769230769232,0.1960501147213573,1.4019749426393213
EL2N,boundary_duplicate_fashion_mnist,3,0.3,0.8,100,100,1000,4000,104,404,508,0.5625620305654593,0.4435,0.4435,,,,,1.0417540483176708,0,1,101,0.33653846153846156,0.6923076923076923,0.6721858978271484,0.6721858978271484,0.9993208646774292,0.047143112687231266,0.9611650485436893,0.9514563106796117,0.9320388349514563,0.8904916402194913,0.3076923076923077,0.235755671868939,1.3821221640655306
GraNdLast,boundary_duplicate_fashion_mnist,3,0.3,0.8,100,100,1000,4000,104,362,466,0.5204323190264404,0.38625,0.38625,,,,,1.0789646254852414,0,1,101,0.36538461538461536,0.5769230769230769,0.6552520990371704,0.6552520990371704,0.9858246445655823,0.04293300312699624,0.970873786407767,0.9611650485436893,0.941747572815534,0.9828586897127057,0.4230769230769231,0.23089486275155144,1.3845525686242244
RHO-PretrainRef,boundary_duplicate_fashion_mnist,3,0.3,0.8,100,100,1000,4000,104,426,530,0.5844733799458481,0.49350000000000005,0.4935,,,,,1.1314032105728984,0,1,101,0.46153846153846156,0.7980769230769231,0.6840146780014038,0.6840146780014038,0.9999095797538757,0.043088684961633775,0.9611650485436893,0.9611650485436893,0.941747572815534,0.7257576154473544,0.20192307692307693,0.22855959429171652,1.3857202028541418
PU-R,boundary_duplicate_fashion_mnist,3,0.3,0.8,100,100,1000,4000,104,380,484,0.538535862986464,0.41425,0.41425,,,,,1.393067209981382,0,1,101,0.3173076923076923,0.6923076923076923,0.6263343691825867,0.6263343691825867,0.9889544248580933,0.03848957031675913,0.970873786407767,0.9514563106796117,0.941747572815534,0.8904916402194913,0.3076923076923077,0.22212350180854837,1.3889382490957258
GREATS,boundary_duplicate_fashion_mnist,3,0.3,0.8,100,100,1000,4000,104,388,492,,0.43225,0.43225,,,,,1.371544148772955,0,1,101,0.375,0.7980769230769231,0.6664435267448425,0.6664435267448425,0.9996651411056519,0.04377893192096821,0.9223300970873787,0.941747572815534,0.9029126213592233,0.7257576154473544,0.20192307692307693,0.22858998445522627,1.385705007772387
MaxLoss,boundary_duplicate_fashion_mnist,4,0.3,0.0,100,100,5000,0,104,2333,2437,0.5133174809161574,0.4595,0.4595,,,,,1.230480964295566,0,1,101,0.4230769230769231,0.8269230769230769,0.736068606376648,0.736068606376648,0.999970555305481,0.05013321267748342,0.912621359223301,0.9320388349514563,0.883495145631068,0.6646953053493418,0.17307692307692307,0.23301714339313978,1.38349142830343
Marginal,boundary_duplicate_fashion_mnist,4,0.3,0.0,100,100,5000,0,104,2287,2391,0.5040837432607077,0.41625,0.41625,,,,,1.888064794242382,0,1,101,0.27884615384615385,0.8846153846153846,0.5921643376350403,0.5921643376350403,0.9987000226974487,0.025744966981769764,0.9902912621359223,0.9902912621359223,0.9902912621359223,0.5159469300074474,0.11538461538461539,0.19823368903732175,1.4008831554813392
EL2N,boundary_duplicate_fashion_mnist,4,0.3,0.0,100,100,5000,0,104,2400,2504,0.5267507426906377,0.4405,0.4405,,,,,1.941769097931683,0,1,101,0.4326923076923077,0.7788461538461539,0.7010580897331238,0.7010580897331238,0.999974250793457,0.057107488507206,0.8058252427184466,0.8932038834951457,0.7669902912621359,0.7622688025356509,0.22115384615384615,0.2532554009138313,1.3733722995430844
GraNdLast,boundary_duplicate_fashion_mnist,4,0.3,0.0,100,100,5000,0,104,2467,2571,0.54016515618423,0.49450000000000005,0.4945,,,,,1.9034864008426666,0,1,101,0.4519230769230769,0.8173076923076923,0.703925371170044,0.703925371170044,0.9999056458473206,0.05540477535099659,0.7766990291262136,0.883495145631068,0.7572815533980582,0.6859315226878925,0.18269230769230768,0.2600127975074852,1.3699936012462575
RHO-PretrainRef,boundary_duplicate_fashion_mnist,4,0.3,0.0,100,100,5000,0,104,2405,2509,0.5277524695848115,0.42725,0.42725,,,,,2.087718289345503,0,1,101,0.4230769230769231,0.6923076923076923,0.7090927362442017,0.7090927362442017,0.9996618032455444,0.053397279341244004,0.8349514563106796,0.9029126213592233,0.8349514563106796,0.8904916402194913,0.3076923076923077,0.24867872955831277,1.3756606352208436
PU-R,boundary_duplicate_fashion_mnist,4,0.3,0.0,100,100,5000,0,104,2319,2423,0.5105081524816342,0.44299999999999995,0.443,,,,,2.636672766879201,0,1,101,0.46153846153846156,0.75,0.6562439799308777,0.6562439799308777,0.9994980096817017,0.05028564316555134,0.9320388349514563,0.9223300970873787,0.883495145631068,0.8112781244591328,0.25,0.2469970292855124,1.376501485357244
GREATS,boundary_duplicate_fashion_mnist,4,0.3,0.0,100,100,5000,0,104,2411,2515,,0.50725,0.50725,,,,,2.8101444905623794,0,1,101,0.40384615384615385,0.7884615384615384,0.678005039691925,0.678005039691925,0.9999936819076538,0.05190334042299141,0.883495145631068,0.941747572815534,0.883495145631068,0.7444131797881749,0.21153846153846154,0.24995806817302285,1.3750209659134884
MaxLoss,boundary_duplicate_fashion_mnist,4,0.3,0.1,100,100,4500,500,104,1995,2099,0.4935683291987516,0.39449999999999996,0.3945,,,,,1.2191651351749897,0,1,101,0.3942307692307692,0.7596153846153846,0.7136343717575073,0.7136343717575073,0.9998601078987122,0.05158100892039179,0.8737864077669902,0.9223300970873787,0.8640776699029126,0.7956792965030225,0.2403846153846154,0.24853766170472358,1.3757311691476382
Marginal,boundary_duplicate_fashion_mnist,4,0.3,0.1,100,100,4500,500,104,1951,2055,0.4837307163979858,0.40674999999999994,0.40675,,,,,1.5691908914595842,0,1,101,0.33653846153846156,0.9519230769230769,0.6033124327659607,0.6033124327659607,0.9999909400939941,0.027480394371504922,0.9902912621359223,0.9902912621359223,0.9902912621359223,0.2781710079264945,0.04807692307692308,0.19971650571049768,1.400141747144751
EL2N,boundary_duplicate_fashion_mnist,4,0.3,0.1,100,100,4500,500,104,1977,2081,0.48954512912314385,0.42025,0.42025,,,,,1.7576169753447175,0,1,101,0.41346153846153844,0.7692307692307693,0.7318521738052368,0.7318521738052368,0.9998438358306885,0.05179906933053026,0.8737864077669902,0.941747572815534,0.8640776699029126,0.7793498372920851,0.23076923076923078,0.24351229909218308,1.3782438504539085
GraNdLast,boundary_duplicate_fashion_mnist,4,0.3,0.1,100,100,4500,500,104,2122,2226,0.5219040947849862,0.47875,0.47875,,,,,1.7863088063895702,0,1,101,0.4230769230769231,0.75,0.7262463569641113,0.7262463569641113,0.9999623894691467,0.053669123394975385,0.8252427184466019,0.8932038834951457,0.8155339805825242,0.8112781244591328,0.25,0.2470849656876952,1.3764575171561524
RHO-PretrainRef,boundary_duplicate_fashion_mnist,4,0.3,0.1,100,100,4500,500,104,2045,2149,0.5047346184728667,0.40725,0.40725,,,,,2.131909823976457,0,1,101,0.375,0.8557692307692307,0.7737493515014648,0.7737493515014648,0.9999347925186157,0.05364786594816782,0.8349514563106796,0.912621359223301,0.8349514563106796,0.5952124653513117,0.14423076923076922,0.2387984356556176,1.3806007821721913
PU-R,boundary_duplicate_fashion_mnist,4,0.3,0.1,100,100,4500,500,104,2192,2296,0.5374847131315619,0.53375,0.53375,,,,,2.6511047994717956,0,1,101,0.34615384615384615,0.8365384615384616,0.6871514320373535,0.6871514320373535,0.9999444484710693,0.05314823435348214,0.912621359223301,0.9029126213592233,0.8640776699029126,0.6425267139094082,0.16346153846153846,0.24948155348927403,1.3752592232553629
GREATS,boundary_duplicate_fashion_mnist,4,0.3,0.1,100,100,4500,500,104,2149,2253,,0.48475,0.48475,,,,,2.7110022995620966,0,1,101,0.40384615384615385,0.8365384615384616,0.691483199596405,0.691483199596405,0.9992597103118896,0.04585921012082146,0.8737864077669902,0.9320388349514563,0.8640776699029126,0.6425267139094082,0.16346153846153846,0.24097649148749875,1.3795117542562507
MaxLoss,boundary_duplicate_fashion_mnist,4,0.3,0.2,100,100,4000,1000,104,2020,2124,0.5597808359307237,0.56675,0.56675,,,,,1.220219498500228,0,1,101,0.3942307692307692,0.6634615384615384,0.7236404418945312,0.7236404418945312,0.9999756217002869,0.057580724213887186,0.8252427184466019,0.9029126213592233,0.8058252427184466,0.9214676689990972,0.33653846153846156,0.25552193216261965,1.37223903391869
Marginal,boundary_duplicate_fashion_mnist,4,0.3,0.2,100,100,4000,1000,104,1718,1822,0.48407889815280214,0.4465,0.4465,,,,,1.3862544782459736,0,1,101,0.3173076923076923,0.9423076923076923,0.6448404788970947,0.6448404788970947,0.9976181983947754,0.023228893002260078,0.9805825242718447,0.9902912621359223,0.9805825242718447,0.3182152976832331,0.057692307692307696,0.18806457307812866,1.4059677134609356
EL2N,boundary_duplicate_fashion_mnist,4,0.3,0.2,100,100,4000,1000,104,1920,2024,0.5347875732695684,0.5057499999999999,0.50575,,,,,1.6069622905924916,0,1,101,0.40384615384615385,0.7692307692307693,0.684490978717804,0.684490978717804,0.9999979734420776,0.05535503035610162,0.8640776699029126,0.941747572815534,0.8543689320388349,0.7793498372920851,0.23076923076923078,0.2520754903476441,1.373962254826178
GraNdLast,boundary_duplicate_fashion_mnist,4,0.3,0.2,100,100,4000,1000,104,1777,1881,0.4989205683232285,0.46525000000000005,0.46525,,,,,1.5136101385578513,0,1,101,0.4423076923076923,0.7403846153846154,0.6654069423675537,0.6654069423675537,0.9996628761291504,0.06310770053018644,0.7961165048543689,0.912621359223301,0.7766990291262136,0.826165427834159,0.25961538461538464,0.2677663959813254,1.3661168020093373
RHO-PretrainRef,boundary_duplicate_fashion_mnist,4,0.3,0.2,100,100,4000,1000,104,1953,2057,0.5430434327572584,0.554,0.554,,,,,1.6784887313842773,0,1,101,0.40384615384615385,0.9134615384615384,0.7378821969032288,0.7378821969032288,0.9999952912330627,0.050598847634584,0.8932038834951457,0.9223300970873787,0.883495145631068,0.42480887386781474,0.08653846153846154,0.23708778259190588,1.3814561087040471
PU-R,boundary_duplicate_fashion_mnist,4,0.3,0.2,100,100,4000,1000,104,2060,2164,0.5697575911763124,0.56975,0.56975,,,,,2.2046008855104446,0,1,101,0.375,0.7019230769230769,0.6147890686988831,0.6147890686988831,0.9867825508117676,0.046910265117015654,0.9611650485436893,0.941747572815534,0.9320388349514563,0.8789274256388384,0.2980769230769231,0.23592207341457563,1.3820389632927121
GREATS,boundary_duplicate_fashion_mnist,4,0.3,0.2,100,100,4000,1000,104,1865,1969,,0.43000000000000005,0.43,,,,,2.1539980620145798,0,1,101,0.375,0.8653846153846154,0.6764580607414246,0.6764580607414246,0.9999867081642151,0.051770391973476965,0.912621359223301,0.9223300970873787,0.9029126213592233,0.56996137604035,0.1346153846153846,0.25387572985952706,1.3730621350702363
MaxLoss,boundary_duplicate_fashion_mnist,4,0.3,0.3,100,100,3500,1500,104,1547,1651,0.5022262668935582,0.42225,0.42225,,,,,1.1299692038446665,0,1,101,0.4519230769230769,0.6538461538461539,0.7090058922767639,0.7090058922767639,0.9999017715454102,0.05048024249308317,0.8932038834951457,0.9223300970873787,0.8737864077669902,0.930586129131993,0.34615384615384615,0.2402863216339398,1.3798568391830301
Marginal,boundary_duplicate_fashion_mnist,4,0.3,0.3,100,100,3500,1500,104,1616,1720,0.5220227565150708,0.49424999999999997,0.49425,,,,,1.4375633811578155,0,1,101,0.3269230769230769,0.9230769230769231,0.609450101852417,0.609450101852417,0.997617781162262,0.022173793932187904,0.9902912621359223,0.9805825242718447,0.9805825242718447,0.3912435636292556,0.07692307692307693,0.18835230427149383,1.405823847864253
EL2N,boundary_duplicate_fashion_mnist,4,0.3,0.3,100,100,3500,1500,104,1549,1653,0.5028007559594698,0.45925000000000005,0.45925,,,,,1.4274853318929672,0,1,101,0.375,0.6826923076923077,0.7104470133781433,0.7104470133781433,0.9999330043792725,0.05140493477432473,0.9223300970873787,0.9223300970873787,0.8932038834951457,0.9014296082981941,0.3173076923076923,0.24318722187862646,1.3784063890606868
GraNdLast,boundary_duplicate_fashion_mnist,4,0.3,0.3,100,100,3500,1500,104,1721,1825,0.5520554096437991,0.52475,0.52475,,,,,1.41372184548527,0,1,101,0.4423076923076923,0.7403846153846154,0.6699256300926208,0.6699256300926208,0.9998338222503662,0.054552927830265566,0.8932038834951457,0.9029126213592233,0.8446601941747572,0.826165427834159,0.25961538461538464,0.25332460013749875,1.3733376999312505
RHO-PretrainRef,boundary_duplicate_fashion_mnist,4,0.3,0.3,100,100,3500,1500,104,1677,1781,0.5394838995998725,0.4605,0.4605,,,,,1.6532939421012998,0,1,101,0.41346153846153844,0.7884615384615384,0.7278534173965454,0.7278534173965454,0.9996484518051147,0.05148704653804742,0.8737864077669902,0.9029126213592233,0.8543689320388349,0.7444131797881749,0.21153846153846154,0.24282151322179624,1.3785892433891018
PU-R,boundary_duplicate_fashion_mnist,4,0.3,0.3,100,100,3500,1500,104,1620,1724,0.5231689028441906,0.57325,0.57325,,,,,2.108040905557573,0,1,101,0.40384615384615385,0.6634615384615384,0.6157678961753845,0.6157678961753845,0.9998553395271301,0.05089881524298955,0.941747572815534,0.941747572815534,0.9223300970873787,0.9214676689990972,0.33653846153846156,0.24913222061311882,1.3754338896934406
GREATS,boundary_duplicate_fashion_mnist,4,0.3,0.3,100,100,3500,1500,104,1626,1730,,0.47150000000000003,0.4715,,,,,2.067003550939262,0,1,101,0.38461538461538464,0.8076923076923077,0.6727248430252075,0.6727248430252075,0.9999971389770508,0.047763880016734296,0.9223300970873787,0.9320388349514563,0.9029126213592233,0.7062740891876007,0.19230769230769232,0.2417557527747928,1.3791221236126037
MaxLoss,boundary_duplicate_fashion_mnist,4,0.3,0.4,100,100,3000,2000,104,1369,1473,0.5238573550013825,0.44775,0.44775,,,,,1.0862485179677606,0,1,101,0.4519230769230769,0.7692307692307693,0.670405387878418,0.670405387878418,0.9997626543045044,0.05079343828182776,0.9029126213592233,0.9223300970873787,0.883495145631068,0.7793498372920851,0.23076923076923078,0.24544225414662735,1.3772788729266863
Marginal,boundary_duplicate_fashion_mnist,4,0.3,0.4,100,100,3000,2000,104,1328,1432,0.5101364866131917,0.36275,0.36275,,,,,1.2917805397883058,0,1,101,0.3269230769230769,0.8846153846153846,0.6166008710861206,0.6166008710861206,0.997429370880127,0.02278933290717671,0.9902912621359223,0.9902912621359223,0.9902912621359223,0.5159469300074474,0.11538461538461539,0.18980206137490577,1.405098969312547
EL2N,boundary_duplicate_fashion_mnist,4,0.3,0.4,100,100,3000,2000,104,1343,1447,0.5151592003530823,0.42800000000000005,0.428,,,,,1.3079262068495154,0,1,101,0.4807692307692308,0.6538461538461539,0.6714475154876709,0.6714475154876709,0.9882494807243347,0.046292671300832505,0.9611650485436893,0.9611650485436893,0.9514563106796117,0.930586129131993,0.34615384615384615,0.23628850075770508,1.3818557496211474
GraNdLast,boundary_duplicate_fashion_mnist,4,0.3,0.4,100,100,3000,2000,104,1297,1401,0.4997456590645015,0.39549999999999996,0.3955,,,,,1.4011167213320732,0,1,101,0.41346153846153844,0.7211538461538461,0.677700400352478,0.677700400352478,0.9999496936798096,0.04574597055472217,0.9029126213592233,0.9320388349514563,0.8932038834951457,0.8538738465459897,0.27884615384615385,0.24128819600241638,1.3793559019987918
RHO-PretrainRef,boundary_duplicate_fashion_mnist,4,0.3,0.4,100,100,3000,2000,104,1464,1568,0.5555539853521623,0.43925000000000003,0.43925,,,,,1.3587811216711998,0,1,101,0.375,0.8269230769230769,0.6786234974861145,0.6786234974861145,0.9996767640113831,0.046119397994384026,0.9320388349514563,0.970873786407767,0.9320388349514563,0.6646953053493418,0.17307692307692307,0.23371496212231183,1.3831425189388442
PU-R,boundary_duplicate_fashion_mnist,4,0.3,0.4,100,100,3000,2000,104,1331,1435,0.5111412956612185,0.43074999999999997,0.43075,,,,,2.001371801830828,0,1,101,0.375,0.6730769230769231,0.5959573984146118,0.5959573984146118,0.9899683594703674,0.04438952971430658,0.9514563106796117,0.9514563106796117,0.941747572815534,0.9117517586347538,0.3269230769230769,0.23714720254843047,1.3814263987257847
GREATS,boundary_duplicate_fashion_mnist,4,0.3,0.4,100,100,3000,2000,104,1410,1514,,0.43925000000000003,0.43925,,,,,1.8733278084546328,0,1,101,0.38461538461538464,0.8365384615384616,0.6590988039970398,0.6590988039970398,0.9999723434448242,0.04776440893562095,0.9320388349514563,0.941747572815534,0.912621359223301,0.6425267139094082,0.16346153846153846,0.2440938959798246,1.3779530520100878
MaxLoss,boundary_duplicate_fashion_mnist,4,0.3,0.5,100,100,2500,2500,104,1153,1257,0.5385766077088192,0.516,0.516,,,,,1.0132814003154635,0,1,101,0.4423076923076923,0.8365384615384616,0.676530122756958,0.676530122756958,0.9998456239700317,0.056789906279554644,0.8155339805825242,0.912621359223301,0.7961165048543689,0.6425267139094082,0.16346153846153846,0.2602387986812212,1.3698806006593895
Marginal,boundary_duplicate_fashion_mnist,4,0.3,0.5,100,100,2500,2500,104,1097,1201,0.5161093911738135,0.43975,0.43975,,,,,1.2677996642887592,0,1,101,0.2980769230769231,0.875,0.5940133333206177,0.5940133333206177,0.9975904226303101,0.022208958864212036,0.9902912621359223,0.9902912621359223,0.9902912621359223,0.5435644431995964,0.125,0.20123553903968058,1.3993822304801598
EL2N,boundary_duplicate_fashion_mnist,4,0.3,0.5,100,100,2500,2500,104,1117,1221,0.5241417443030514,0.4265,0.4265,,,,,1.274912885390222,0,1,101,0.4519230769230769,0.7788461538461539,0.6769742965698242,0.6769742965698242,0.9982889294624329,0.048994463045620225,0.941747572815534,0.9514563106796117,0.9223300970873787,0.7622688025356509,0.22115384615384615,0.24337359263643418,1.378313203681783
GraNdLast,boundary_duplicate_fashion_mnist,4,0.3,0.5,100,100,2500,2500,104,1193,1297,0.5545800453401171,0.5275000000000001,0.5275,,,,,1.2787446109578013,0,1,101,0.4423076923076923,0.6634615384615384,0.6773130893707275,0.6773130893707275,0.9994195699691772,0.05025508913021643,0.912621359223301,0.941747572815534,0.9029126213592233,0.9214676689990972,0.33653846153846156,0.24819233293794973,1.3759038335310252
RHO-PretrainRef,boundary_duplicate_fashion_mnist,4,0.3,0.5,100,100,2500,2500,104,1150,1254,0.5373748507699929,0.47775,0.47775,,,,,1.4529674677178264,0,1,101,0.4326923076923077,0.8365384615384616,0.6996370553970337,0.6996370553970337,0.9999653100967407,0.051178998160130766,0.883495145631068,0.9320388349514563,0.8737864077669902,0.6425267139094082,0.16346153846153846,0.24449913238311177,1.377750433808444
PU-R,boundary_duplicate_fashion_mnist,4,0.3,0.5,100,100,2500,2500,104,1119,1223,0.5249444696237333,0.42725,0.42725,,,,,1.9582400014624,0,1,101,0.38461538461538464,0.7692307692307693,0.6171515583992004,0.6171515583992004,0.9791897535324097,0.0432491290916517,0.941747572815534,0.9514563106796117,0.9320388349514563,0.7793498372920851,0.23076923076923078,0.23623136519691731,1.3818843174015414
GREATS,boundary_duplicate_fashion_mnist,4,0.3,0.5,100,100,2500,2500,104,1145,1249,,0.5775,0.5775,,,,,1.7788432575762272,0,1,101,0.3942307692307692,0.8076923076923077,0.6860628128051758,0.6860628128051758,0.9999977946281433,0.04957338205529648,0.883495145631068,0.9223300970873787,0.8737864077669902,0.7062740891876007,0.19230769230769232,0.23873175183399736,1.3806341240830013
MaxLoss,boundary_duplicate_fashion_mnist,4,0.3,0.6,100,100,2000,3000,104,907,1011,0.5451626425492577,0.47975,0.47975,,,,,1.0211269091814756,0,1,101,0.4230769230769231,0.7019230769230769,0.6785123348236084,0.6785123348236084,0.9999942779541016,0.048225944337335604,0.941747572815534,0.9611650485436893,0.9320388349514563,0.8789274256388384,0.2980769230769231,0.23870279904308606,1.380648600478457
Marginal,boundary_duplicate_fashion_mnist,4,0.3,0.6,100,100,2000,3000,104,831,935,0.5070188349345699,0.39249999999999996,0.3925,,,,,1.1343821678310633,0,1,101,0.27884615384615385,0.9711538461538461,0.6241148114204407,0.6241148114204407,0.9987397789955139,0.02437850668488378,0.9805825242718447,0.9902912621359223,0.9805825242718447,0.18857195602479665,0.028846153846153848,0.19403450766046706,1.4029827461697666
EL2N,boundary_duplicate_fashion_mnist,4,0.3,0.6,100,100,2000,3000,104,877,981,0.5301336189149879,0.49224999999999997,0.49225,,,,,1.2149204909801483,0,1,101,0.4230769230769231,0.6538461538461539,0.6327388286590576,0.6327388286590576,0.9993385672569275,0.05552560901178897,0.9029126213592233,0.9223300970873787,0.8640776699029126,0.930586129131993,0.34615384615384615,0.26097601682001104,1.3695119915899945
GraNdLast,boundary_duplicate_fashion_mnist,4,0.3,0.6,100,100,2000,3000,104,838,942,0.5105417929007672,0.477,0.477,,,,,1.203800749965012,0,1,101,0.40384615384615385,0.6634615384615384,0.6593406200408936,0.6593406200408936,0.9991096258163452,0.054672107823844095,0.8737864077669902,0.9320388349514563,0.8543689320388349,0.9214676689990972,0.33653846153846156,0.25555930385017894,1.3722203480749107
RHO-PretrainRef,boundary_duplicate_fashion_mnist,4,0.3,0.6,100,100,2000,3000,104,874,978,0.528628726140596,0.40249999999999997,0.4025,,,,,1.239309724420309,0,1,101,0.375,0.6826923076923077,0.6608671545982361,0.6608671545982361,0.9999603629112244,0.049570477703242626,0.9029126213592233,0.9223300970873787,0.883495145631068,0.9014296082981941,0.3173076923076923,0.2436444860365034,1.3781777569817484
PU-R,boundary_duplicate_fashion_mnist,4,0.3,0.6,100,100,2000,3000,104,927,1031,0.5551618590252474,0.49350000000000005,0.4935,,,,,1.7791980113834143,0,1,101,0.34615384615384615,0.75,0.62086421251297,0.62086421251297,0.9851932525634766,0.0393167867967226,0.970873786407767,0.970873786407767,0.9611650485436893,0.8112781244591328,0.25,0.21966988111565305,1.3901650594421735
GREATS,boundary_duplicate_fashion_mnist,4,0.3,0.6,100,100,2000,3000,104,974,1078,,0.501,0.501,,,,,1.6941595263779163,0,1,101,0.36538461538461536,0.8557692307692307,0.6797218918800354,0.6797218918800354,0.9993468523025513,0.05216295568688402,0.8640776699029126,0.941747572815534,0.8446601941747572,0.5952124653513117,0.14423076923076922,0.24882398119285815,1.3755880094035708
MaxLoss,boundary_duplicate_fashion_mnist,4,0.3,0.7,100,100,1500,3500,104,663,767,0.5566177677828819,0.4615,0.4615,,,,,0.9911226639524102,0,1,101,0.46153846153846156,0.7596153846153846,0.6594461798667908,0.6594461798667908,0.9994325041770935,0.04601192242890886,0.9514563106796117,0.9514563106796117,0.941747572815534,0.7956792965030225,0.2403846153846154,0.2394824196735297,1.3802587901632353
Marginal,boundary_duplicate_fashion_mnist,4,0.3,0.7,100,100,1500,3500,104,586,690,0.5050863073556684,0.35550000000000004,0.3555,,,,,1.0333728417754173,0,1,101,0.2980769230769231,0.9038461538461539,0.6261900067329407,0.6261900067329407,0.9974408149719238,0.02733583172367325,0.9805825242718447,0.9805825242718447,0.970873786407767,0.4566836315394428,0.09615384615384616,0.19599482721105324,1.4020025863944734
EL2N,boundary_duplicate_fashion_mnist,4,0.3,0.7,100,100,1500,3500,104,682,786,0.5692586757359095,0.42825,0.42825,,,,,1.139601663686335,0,1,101,0.47115384615384615,0.8365384615384616,0.6681609153747559,0.6681609153747559,0.999337375164032,0.04335124949807102,0.9320388349514563,0.941747572815534,0.912621359223301,0.6425267139094082,0.16346153846153846,0.2298216074331419,1.385089196283429
GraNdLast,boundary_duplicate_fashion_mnist,4,0.3,0.7,100,100,1500,3500,104,614,718,0.5238811020390131,0.42425,0.42425,,,,,1.1490078708156943,0,1,101,0.4423076923076923,0.6730769230769231,0.6622958183288574,0.6622958183288574,0.9911419153213501,0.043612244493753005,0.9514563106796117,0.9514563106796117,0.941747572815534,0.9117517586347538,0.3269230769230769,0.22414763043555788,1.387926184782221
RHO-PretrainRef,boundary_duplicate_fashion_mnist,4,0.3,0.7,100,100,1500,3500,104,680,784,0.5679294514120556,0.49475,0.49475,,,,,1.1284615779295564,0,1,101,0.41346153846153844,0.8173076923076923,0.688636839389801,0.688636839389801,0.999987006187439,0.044249803225681617,0.9805825242718447,0.9611650485436893,0.9514563106796117,0.6859315226878925,0.18269230769230768,0.22172422023459756,1.3891378898827011
PU-R,boundary_duplicate_fashion_mnist,4,0.3,0.7,100,100,1500,3500,104,586,690,0.5050863073556684,0.39775000000000005,0.39775,,,,,1.6028238851577044,0,1,101,0.38461538461538464,0.7307692307692307,0.6204664707183838,0.6204664707183838,0.9883311986923218,0.0404500541756454,0.9805825242718447,0.9611650485436893,0.9611650485436893,0.8403586716091171,0.2692307692307692,0.22616049108809042,1.3869197544559548
GREATS,boundary_duplicate_fashion_mnist,4,0.3,0.7,100,100,1500,3500,104,718,822,,0.534,0.534,,,,,1.4832968655973673,0,1,101,0.3942307692307692,0.7884615384615384,0.6686817407608032,0.6686817407608032,0.9998638033866882,0.047395619373877075,0.9514563106796117,0.941747572815534,0.912621359223301,0.7444131797881749,0.21153846153846154,0.23587546147459781,1.3820622692627011
MaxLoss,boundary_duplicate_fashion_mnist,4,0.3,0.8,100,100,1000,4000,104,388,492,0.5465587953221984,0.42000000000000004,0.42,,,,,0.8672632239758968,0,1,101,0.40384615384615385,0.6346153846153846,0.6557865142822266,0.6557865142822266,0.9889451265335083,0.04543702020445495,0.9611650485436893,0.9611650485436893,0.9514563106796117,0.9470622432515329,0.36538461538461536,0.22995790115631487,1.3850210494218427
Marginal,boundary_duplicate_fashion_mnist,4,0.3,0.8,100,100,1000,4000,104,358,462,0.5163995292969048,0.37350000000000005,0.3735,,,,,0.9346586111932993,0,1,101,0.33653846153846156,0.7019230769230769,0.6238254308700562,0.6238254308700562,0.9972710013389587,0.02485340361955838,0.9902912621359223,0.9902912621359223,0.9902912621359223,0.8789274256388384,0.2980769230769231,0.19173770175132418,1.4041311491243378
EL2N,boundary_duplicate_fashion_mnist,4,0.3,0.8,100,100,1000,4000,104,402,506,0.5605647375923581,0.45099999999999996,0.451,,,,,1.0461493181064725,0,1,101,0.41346153846153844,0.6826923076923077,0.6461179256439209,0.6461179256439209,0.9956229329109192,0.04581853106292417,0.9611650485436893,0.970873786407767,0.9611650485436893,0.9014296082981941,0.3173076923076923,0.23155933956991337,1.3842203302150433
GraNdLast,boundary_duplicate_fashion_mnist,4,0.3,0.8,100,100,1000,4000,104,434,538,0.5924142657895572,0.5165,0.5165,,,,,1.0721744690090418,0,1,101,0.40384615384615385,0.6730769230769231,0.6563727855682373,0.6563727855682373,0.9916292428970337,0.044017104052224205,0.941747572815534,0.9514563106796117,0.941747572815534,0.9117517586347538,0.3269230769230769,0.23046211092995136,1.3847689445350242
RHO-PretrainRef,boundary_duplicate_fashion_mnist,4,0.3,0.8,100,100,1000,4000,104,373,477,0.5315041459980421,0.4335,0.4335,,,,,1.1359571237117052,0,1,101,0.375,0.6442307692307693,0.6197433471679688,0.6197433471679688,0.983397364616394,0.04896251622189596,0.941747572815534,0.9611650485436893,0.9320388349514563,0.9391151961320353,0.3557692307692308,0.24264404904062525,1.3786779754796874
PU-R,boundary_duplicate_fashion_mnist,4,0.3,0.8,100,100,1000,4000,104,401,505,0.5595657574012876,0.51725,0.51725,,,,,1.3394600953906775,0,1,101,0.38461538461538464,0.6923076923076923,0.613421618938446,0.613421618938446,0.9828498363494873,0.04349210908980045,0.9805825242718447,0.9611650485436893,0.9514563106796117,0.8904916402194913,0.3076923076923077,0.23121211141792017,1.3843939442910398
GREATS,boundary_duplicate_fashion_mnist,4,0.3,0.8,100,100,1000,4000,104,385,489,,0.43125,0.43125,,,,,1.3692834842950106,0,1,101,0.3942307692307692,0.7788461538461539,0.6592442989349365,0.6592442989349365,0.999994158744812,0.042485390183995074,0.9514563106796117,0.9611650485436893,0.9320388349514563,0.7622688025356509,0.22115384615384615,0.226435789442856,1.386782105278572
