dataset,method,noise_rate,pretrain_fraction,step,n,compression_size_mean,compression_size_se,remaining_bad_mean,remaining_bad_se,effective_compression_size_mean,effective_compression_size_se,certified_bound_mean,certified_bound_se,test_error_mean,test_error_se,pac_bayes_bound_mean,pac_bayes_bound_se,pac_bayes_empirical_risk_mean,pac_bayes_empirical_risk_se,pac_bayes_mc_upper_mean,pac_bayes_mc_upper_se,pac_bayes_kl_mean,pac_bayes_kl_se,runtime_sec_mean,runtime_sec_se,stop_reached_mean,stop_reached_se,hit_limit_mean,hit_limit_se,train_calls_mean,train_calls_se,noise_hit_rate_mean,noise_hit_rate_se,duplicate_hit_rate_mean,duplicate_hit_rate_se,pairwise_feature_cosine_mean,pairwise_feature_cosine_se
synthetic_redundancy_hard,GREATS,0.0,0.0,0,10,4.0,0.0,720.3,111.03793646017262,724.3,111.03793646017262,,,0.22077999999999998,0.04298119433736883,,,,,,,,,0.007967491389717907,0.0008011834170494999,0.0,0.0,0.0,0.0,1.0,0.0,0.0,0.0,0.2,0.049999999999999996,0.4999189555644989,0.025935534550606047
synthetic_redundancy_hard,GREATS,0.0,0.0,10,10,14.0,0.0,273.5,28.330293954626654,287.5,28.330293954626654,,,0.06797,0.0057595148329621535,,,,,,,,,0.0791673622035887,0.0033923077982098357,0.0,0.0,0.0,0.0,11.0,0.0,0.0,0.0,0.12857142857142856,0.02332847374079217,0.6771650969982147,0.013047453978502524
synthetic_redundancy_hard,GREATS,0.0,0.0,100,10,104.0,0.0,37.8,6.950299753727652,141.8,6.950299753727651,,,0.014279999999999982,0.001981009843488924,,,,,,,,,0.490788779000286,0.00885648708272883,0.0,0.0,0.0,0.0,101.0,0.0,0.0,0.0,0.19807692307692307,0.01584513730039522,0.6894036889076233,0.00697057418187429
synthetic_redundancy_hard,GREATS,0.0,0.0,103,1,107.0,0.0,0.0,0.0,107.0,0.0,,,0.0046000000000000485,0.0,,,,,,,,,0.5224148329580203,0.0,1.0,0.0,0.0,0.0,104.0,0.0,0.0,0.0,0.1588785046728972,0.0,0.683379590511322,0.0
synthetic_redundancy_hard,GREATS,0.0,0.0,105,9,109.0,0.0,35.44444444444444,9.20312614627212,144.44444444444446,9.20312614627212,,,0.013533333333333323,0.002524271071902628,,,,,,,,,0.5025527079964781,0.00956755055233177,0.0,0.0,0.0,0.0,106.0,0.0,0.0,0.0,0.2069317023445464,0.016617574298574012,0.6842375728819106,0.009619033492912911
synthetic_redundancy_hard,GREATS,0.0,0.0,110,9,114.0,0.0,29.11111111111111,6.998897620428132,143.11111111111111,6.998897620428132,,,0.012477777777777773,0.0018614344661053532,,,,,,,,,0.516754416431973,0.009586914701868903,0.0,0.0,0.0,0.0,111.0,0.0,0.0,0.0,0.21052631578947367,0.016733220968215785,0.6909760501649644,0.006297063391327515
synthetic_redundancy_hard,GREATS,0.0,0.0,115,9,119.0,0.0,29.555555555555557,8.733891698294116,148.55555555555554,8.733891698294114,,,0.012344444444444443,0.0024280828692104174,,,,,,,,,0.5311557915540308,0.009587038415006032,0.0,0.0,0.0,0.0,116.0,0.0,0.0,0.0,0.21101774042950514,0.01762951222082092,0.6831016076935662,0.009721931751962468
synthetic_redundancy_hard,GREATS,0.0,0.0,120,9,124.0,0.0,23.555555555555557,6.326994878892417,147.55555555555554,6.326994878892417,,,0.011388888888888893,0.001740405799139673,,,,,,,,,0.5454832637850713,0.00959274718087853,0.0,0.0,0.0,0.0,121.0,0.0,0.0,0.0,0.2114695340501792,0.017870672648009973,0.6903447839948866,0.006463616040370224
synthetic_redundancy_hard,GREATS,0.0,0.0,121,1,125.0,0.0,0.0,0.0,125.0,0.0,,,0.0043999999999999595,0.0,,,,,,,,,0.6061515420442447,0.0,1.0,0.0,0.0,0.0,122.0,0.0,0.0,0.0,0.152,0.0,0.6658801436424255,0.0
synthetic_redundancy_hard,GREATS,0.0,0.0,125,8,129.0,0.0,56.125,14.89899025821165,185.125,14.89899025821165,,,0.027074999999999988,0.0055986206847248145,,,,,,,,,0.5532463332565385,0.007598909966242096,0.0,0.0,0.0,0.0,126.0,0.0,0.0,0.0,0.21996124031007752,0.019760247751762536,0.7241038307547569,0.02353007787149273
synthetic_redundancy_hard,GREATS,0.0,0.0,126,1,130.0,0.0,0.0,0.0,130.0,0.0,,,0.0040999999999999925,0.0,,,,,,,,,0.5817186660133302,0.0,1.0,0.0,0.0,0.0,127.0,0.0,0.0,0.0,0.18461538461538463,0.0,0.7134413719177246,0.0
synthetic_redundancy_hard,GREATS,0.0,0.0,130,7,134.0,0.0,19.428571428571427,6.774803257931071,153.42857142857142,6.774803257931072,,,0.010900000000000005,0.0026273288988737506,,,,,,,,,0.570179374705601,0.008084920512431497,0.14285714285714285,0.14285714285714285,0.0,0.0,131.0,0.0,0.0,0.0,0.22388059701492538,0.02059897192066729,0.663077073437827,0.0059935189025944954
synthetic_redundancy_hard,GREATS,0.0,0.0,135,6,139.0,0.0,17.0,9.139657178107576,156.0,9.139657178107576,,,0.011183333333333304,0.0025933783200896687,,,,,,,,,0.5922038678351479,0.009304841924099305,0.0,0.0,0.0,0.0,136.0,0.0,0.0,0.0,0.20983213429256595,0.01925198017882619,0.6563769479592642,0.00670207078952524
synthetic_redundancy_hard,GREATS,0.0,0.0,139,1,143.0,0.0,0.0,0.0,143.0,0.0,,,0.0038000000000000256,0.0,,,,,,,,,0.6215855000191368,0.0,1.0,0.0,0.0,0.0,140.0,0.0,0.0,0.0,0.13986013986013987,0.0,0.6122891306877136,0.0
synthetic_redundancy_hard,GREATS,0.0,0.0,140,5,144.0,0.0,9.8,4.862098312457287,153.8,4.862098312457287,,,0.006100000000000017,0.0017285832349065516,,,,,,,,,0.6097371329902671,0.010996732844865803,0.0,0.0,0.0,0.0,141.0,0.0,0.0,0.0,0.21944444444444447,0.014829275350043483,0.6293107390403747,0.013318020880506156
synthetic_redundancy_hard,GREATS,0.0,0.0,141,2,145.0,0.0,0.0,0.0,145.0,0.0,,,0.003249999999999975,0.0011499999999999844,,,,,,,,,0.608241062000161,0.01325910401646979,1.0,0.0,0.0,0.0,142.0,0.0,0.0,0.0,0.1896551724137931,0.0034482758620689585,0.6425314843654633,0.017635434865951538
synthetic_redundancy_hard,GREATS,0.0,0.0,145,3,149.0,0.0,20.333333333333332,9.06151814604546,169.33333333333334,9.06151814604546,,,0.010133333333333328,0.002423037579384844,,,,,,,,,0.6496199026587419,0.016247409919487848,0.0,0.0,0.0,0.0,146.0,0.0,0.0,0.0,0.23713646532438482,0.01988410384186932,0.6472439567248026,0.025366984860697633
synthetic_redundancy_hard,GREATS,0.0,0.0,15,10,19.0,0.0,239.8,24.120438544013986,258.8,24.120438544013986,,,0.06269,0.005555006750670964,,,,,,,,,0.11011659150244668,0.0037310521359079363,0.0,0.0,0.0,0.0,16.0,0.0,0.0,0.0,0.1526315789473684,0.01992599419579043,0.7136600315570831,0.006514701881168385
synthetic_redundancy_hard,GREATS,0.0,0.0,150,3,154.0,0.0,5.333333333333333,0.8819171036881969,159.33333333333334,0.8819171036881969,,,0.006333333333333339,0.00041766546953808344,,,,,,,,,0.6807033469861684,0.01653699430383763,0.0,0.0,0.0,0.0,151.0,0.0,0.0,0.0,0.23376623376623376,0.023412670619896027,0.5973152120908102,0.008315210402894698
synthetic_redundancy_hard,GREATS,0.0,0.0,155,3,159.0,0.0,16.333333333333332,11.836853936376471,175.33333333333334,11.83685393637647,,,0.00946666666666666,0.0026244576159233208,,,,,,,,,0.711391471986038,0.016703775038470876,0.0,0.0,0.0,0.0,156.0,0.0,0.0,0.0,0.23060796645702308,0.02188743502916258,0.6239888270696005,0.010539230865271493
synthetic_redundancy_hard,GREATS,0.0,0.0,160,3,164.0,0.0,4.0,3.0550504633038935,168.0,3.0550504633038935,,,0.00826666666666668,0.00044095855184408483,,,,,,,,,0.742490041651763,0.01663996001261387,0.3333333333333333,0.33333333333333337,0.0,0.0,161.0,0.0,0.0,0.0,0.22560975609756095,0.021122570824010704,0.5960497856140137,0.007134688135150418
synthetic_redundancy_hard,GREATS,0.0,0.0,163,1,167.0,0.0,0.0,0.0,167.0,0.0,,,0.0040999999999999925,0.0,,,,,,,,,0.7489917500060983,0.0,1.0,0.0,0.0,0.0,164.0,0.0,0.0,0.0,0.25748502994011974,0.0,0.5964497923851013,0.0
synthetic_redundancy_hard,GREATS,0.0,0.0,165,1,169.0,0.0,33.0,0.0,202.0,0.0,,,0.011099999999999999,0.0,,,,,,,,,0.807115082978271,0.0,0.0,0.0,0.0,0.0,166.0,0.0,0.0,0.0,0.23076923076923078,0.0,0.6286348700523376,0.0
synthetic_redundancy_hard,GREATS,0.0,0.0,170,1,174.0,0.0,1.0,0.0,175.0,0.0,,,0.0044999999999999485,0.0,,,,,,,,,0.8391183749772608,0.0,0.0,0.0,0.0,0.0,171.0,0.0,0.0,0.0,0.22413793103448276,0.0,0.592096745967865,0.0
synthetic_redundancy_hard,GREATS,0.0,0.0,172,1,176.0,0.0,0.0,0.0,176.0,0.0,,,0.005499999999999949,0.0,,,,,,,,,0.8579469170072116,0.0,1.0,0.0,0.0,0.0,173.0,0.0,0.0,0.0,0.2215909090909091,0.0,0.5920453667640686,0.0
synthetic_redundancy_hard,GREATS,0.0,0.0,20,10,24.0,0.0,209.6,28.68340596543196,233.6,28.68340596543196,,,0.05437000000000001,0.005374963565767983,,,,,,,,,0.13964741238742134,0.0038469457139890828,0.0,0.0,0.0,0.0,21.0,0.0,0.0,0.0,0.1625,0.02007893374277911,0.7196272850036621,0.00860808919838245
synthetic_redundancy_hard,GREATS,0.0,0.0,25,10,29.0,0.0,151.6,26.102447735371058,180.6,26.102447735371058,,,0.042120000000000005,0.005758390978968575,,,,,,,,,0.1685233038966544,0.004050240886932445,0.0,0.0,0.0,0.0,26.0,0.0,0.0,0.0,0.18275862068965518,0.016295915952595198,0.712635749578476,0.0076169604383025365
synthetic_redundancy_hard,GREATS,0.0,0.0,30,10,34.0,0.0,146.6,19.338619966849294,180.6,19.338619966849294,,,0.03980999999999999,0.003906503125132072,,,,,,,,,0.19704869140405207,0.004403898242525414,0.0,0.0,0.0,0.0,31.0,0.0,0.0,0.0,0.17352941176470588,0.013478163808693646,0.7150460541248321,0.008012905255095654
synthetic_redundancy_hard,GREATS,0.0,0.0,35,10,39.0,0.0,124.1,21.05835806620365,163.1,21.05835806620365,,,0.03467,0.004858052879269405,,,,,,,,,0.22624592470820062,0.005315144230515471,0.0,0.0,0.0,0.0,36.0,0.0,0.0,0.0,0.17435897435897435,0.015193494730453996,0.7116690874099731,0.008478258977191948
synthetic_redundancy_hard,GREATS,0.0,0.0,40,10,44.0,0.0,116.6,16.207131489289246,160.6,16.207131489289246,,,0.03302999999999999,0.003370395624651011,,,,,,,,,0.25446033319458367,0.005573335994973187,0.0,0.0,0.0,0.0,41.0,0.0,0.0,0.0,0.17954545454545454,0.017424242424242425,0.7073120951652527,0.0069133035258247405
synthetic_redundancy_hard,GREATS,0.0,0.0,45,10,49.0,0.0,107.6,18.533573139935356,156.6,18.533573139935356,,,0.03061999999999998,0.004470813994987693,,,,,,,,,0.2834566623962019,0.005622387906853434,0.0,0.0,0.0,0.0,46.0,0.0,0.0,0.0,0.19183673469387758,0.019527483121642618,0.70660200715065,0.00852182556464549
synthetic_redundancy_hard,GREATS,0.0,0.0,5,10,9.0,0.0,345.3,21.36614663953756,354.3,21.36614663953756,,,0.08881,0.005548782649274422,,,,,,,,,0.04481787490658462,0.0013205098273679154,0.0,0.0,0.0,0.0,6.0,0.0,0.0,0.0,0.14444444444444443,0.033333333333333326,0.6115855515003205,0.010337473550110363
synthetic_redundancy_hard,GREATS,0.0,0.0,50,10,54.0,0.0,90.4,14.287679229944159,144.4,14.287679229944159,,,0.027070000000000004,0.0031573564892168927,,,,,,,,,0.3105736622819677,0.0055599239381652205,0.0,0.0,0.0,0.0,51.0,0.0,0.0,0.0,0.1907407407407407,0.021213383058567382,0.7031477332115174,0.008271354335541747
synthetic_redundancy_hard,GREATS,0.0,0.0,55,10,59.0,0.0,87.0,15.198684153570664,146.0,15.198684153570664,,,0.026000000000000023,0.0038680744563671455,,,,,,,,,0.33729279979597776,0.005536464388781985,0.0,0.0,0.0,0.0,56.0,0.0,0.0,0.0,0.20169491525423727,0.01964445045278385,0.7029813230037689,0.008457708070603455
synthetic_redundancy_hard,GREATS,0.0,0.0,60,10,64.0,0.0,76.6,12.953935480943406,140.6,12.953935480943406,,,0.02366999999999999,0.0028832870901879444,,,,,,,,,0.36178529558819716,0.005922069904009042,0.0,0.0,0.0,0.0,61.0,0.0,0.0,0.0,0.203125,0.01711632992203644,0.7007384896278381,0.007713515171893405
synthetic_redundancy_hard,GREATS,0.0,0.0,65,10,69.0,0.0,70.9,12.650384271721636,139.9,12.650384271721636,,,0.02122999999999998,0.0033122013492204454,,,,,,,,,0.3828398331999779,0.007105732369730249,0.0,0.0,0.0,0.0,66.0,0.0,0.0,0.0,0.19855072463768117,0.018082093982814396,0.6969513595104218,0.009079437661155742
synthetic_redundancy_hard,GREATS,0.0,0.0,70,10,74.0,0.0,63.2,10.165081843688663,137.2,10.165081843688663,,,0.020450000000000024,0.0026262457361539244,,,,,,,,,0.4008830248902086,0.007822507248009508,0.0,0.0,0.0,0.0,71.0,0.0,0.0,0.0,0.1972972972972973,0.01687837296864432,0.6982540786266327,0.008034384764980218
synthetic_redundancy_hard,GREATS,0.0,0.0,75,10,79.0,0.0,57.7,10.954501865037546,136.7,10.954501865037546,,,0.01805000000000001,0.0030371861977824175,,,,,,,,,0.4170450455043465,0.008237135673502469,0.0,0.0,0.0,0.0,76.0,0.0,0.0,0.0,0.19493670886075948,0.016793036913191894,0.6911952435970307,0.009392457317322588
synthetic_redundancy_hard,GREATS,0.0,0.0,80,10,84.0,0.0,52.6,8.948246258966677,136.6,8.948246258966675,,,0.017740000000000013,0.002455117105149977,,,,,,,,,0.43276629569591024,0.008561713760901717,0.0,0.0,0.0,0.0,81.0,0.0,0.0,0.0,0.19404761904761905,0.017927550790597647,0.6940493822097779,0.00793648320240296
synthetic_redundancy_hard,GREATS,0.0,0.0,85,10,89.0,0.0,45.1,9.481502459467533,134.1,9.481502459467533,,,0.01591,0.0027815842807851618,,,,,,,,,0.44768337900168265,0.00868762968416703,0.0,0.0,0.0,0.0,86.0,0.0,0.0,0.0,0.19213483146067417,0.018834892824989,0.6873711466789245,0.009180215640083885
synthetic_redundancy_hard,GREATS,0.0,0.0,90,10,94.0,0.0,45.2,7.483017810720187,139.2,7.483017810720187,,,0.016090000000000014,0.002312932241885948,,,,,,,,,0.4622540332027711,0.008807998043223427,0.0,0.0,0.0,0.0,91.0,0.0,0.0,0.0,0.19255319148936173,0.01892766829089719,0.6921597421169281,0.007091836408344372
synthetic_redundancy_hard,GREATS,0.0,0.0,95,10,99.0,0.0,37.6,9.239047569960876,136.6,9.239047569960878,,,0.01402,0.0026412875648062187,,,,,,,,,0.47653011659858746,0.008822809928353815,0.0,0.0,0.0,0.0,96.0,0.0,0.0,0.0,0.19595959595959597,0.017049143301241965,0.6856788158416748,0.008680522105314213
synthetic_redundancy_hard,GREATS,0.4,0.0,0,10,4.0,0.0,579.0,53.636223249259864,583.0,53.636223249259864,,,0.14039000000000001,0.02016309858242141,,,,,,,,,0.013296849903417752,0.0005933741060272357,0.0,0.0,0.0,0.0,1.0,0.0,0.0,0.0,0.15,0.040824829046386304,0.6169486522674561,0.03515715772202808
synthetic_redundancy_hard,GREATS,0.4,0.0,10,10,14.0,0.0,395.5,36.70944474291777,409.5,36.70944474291777,,,0.08269,0.011503018444448971,,,,,,,,,0.0871968707011547,0.0028911035429939314,0.0,0.0,0.0,0.0,11.0,0.0,0.19999999999999996,0.017817416127494958,0.2857142857142857,0.02817180849095055,0.6791021049022674,0.011301804633146758
synthetic_redundancy_hard,GREATS,0.4,0.0,100,10,104.0,0.0,243.1,18.834631223714823,347.1,18.834631223714823,,,0.036129999999999995,0.006056420835223825,,,,,,,,,0.6466571291093715,0.011726338792063026,0.0,0.0,0.0,0.0,101.0,0.0,0.14807692307692308,0.022581942248472483,0.2634615384615385,0.022987719329539878,0.6746100604534149,0.007615531854599434
synthetic_redundancy_hard,GREATS,0.4,0.0,105,10,109.0,0.0,225.1,18.202838606473808,334.1,18.202838606473808,,,0.03123999999999999,0.006726831844684888,,,,,,,,,0.6776592999114655,0.012602983946228748,0.0,0.0,0.0,0.0,106.0,0.0,0.14678899082568808,0.0229663404960472,0.2596330275229358,0.023808080885812745,0.6762923538684845,0.016585446914329564
synthetic_redundancy_hard,GREATS,0.4,0.0,110,10,114.0,0.0,235.4,18.23135272606567,349.4,18.23135272606567,,,0.034360000000000016,0.005919031452301409,,,,,,,,,0.7093258915061597,0.013958539864506406,0.0,0.0,0.0,0.0,111.0,0.0,0.14649122807017542,0.0232837415808403,0.26052631578947366,0.02429013383150893,0.6759796500205993,0.009044192551360549
synthetic_redundancy_hard,GREATS,0.4,0.0,115,10,119.0,0.0,216.4,17.525346723468203,335.4,17.525346723468203,,,0.028759999999999997,0.006668753006872178,,,,,,,,,0.7420147292024921,0.014465927514452451,0.0,0.0,0.0,0.0,116.0,0.0,0.14453781512605043,0.023893409649452232,0.26050420168067234,0.026954872210015482,0.6767935991287232,0.01741348711703975
synthetic_redundancy_hard,GREATS,0.4,0.0,120,10,124.0,0.0,224.7,15.680880077342596,348.7,15.680880077342596,,,0.03194999999999999,0.005622064666215704,,,,,,,,,0.7732834082096816,0.015031686530091147,0.0,0.0,0.0,0.0,121.0,0.0,0.1411290322580645,0.02387030174407563,0.2604838709677419,0.02725679197894898,0.677870261669159,0.011158295401136054
synthetic_redundancy_hard,GREATS,0.4,0.0,125,10,129.0,0.0,226.4,24.703665944776517,355.4,24.703665944776517,,,0.039339999999999986,0.009940938922791284,,,,,,,,,0.8068442541058175,0.015248918349852548,0.0,0.0,0.0,0.0,126.0,0.0,0.137984496124031,0.024040730438476498,0.2589147286821706,0.02884813589034183,0.7076091170310974,0.02358516544491871
synthetic_redundancy_hard,GREATS,0.4,0.0,130,10,134.0,0.0,209.2,9.083318042800586,343.2,9.083318042800586,,,0.029949999999999997,0.0040251501007208855,,,,,,,,,0.8438020164088812,0.016224114723752774,0.0,0.0,0.0,0.0,131.0,0.0,0.13582089552238807,0.024291652966634235,0.2552238805970149,0.028553920104043267,0.6620449542999267,0.01085224839910459
synthetic_redundancy_hard,GREATS,0.4,0.0,135,10,139.0,0.0,213.7,13.821119105677852,352.7,13.821119105677852,,,0.028649999999999988,0.005398338221671144,,,,,,,,,0.8842833915085067,0.021185679541619092,0.0,0.0,0.0,0.0,136.0,0.0,0.13381294964028775,0.024530862067231502,0.258273381294964,0.030094728973982073,0.6527593970298767,0.017414424644099695
synthetic_redundancy_hard,GREATS,0.4,0.0,140,10,144.0,0.0,209.5,10.752002397486505,353.5,10.752002397486505,,,0.028979999999999995,0.005130492720544059,,,,,,,,,0.9194864081102423,0.02149135910950938,0.0,0.0,0.0,0.0,141.0,0.0,0.13194444444444445,0.02389983240581538,0.2576388888888889,0.028790378396315288,0.632057273387909,0.02050670304791876
synthetic_redundancy_hard,GREATS,0.4,0.0,145,10,149.0,0.0,193.9,13.45482152323925,342.9,13.45482152323925,,,0.02312000000000001,0.005882682683568399,,,,,,,,,0.956989795708796,0.02217662502831884,0.0,0.0,0.0,0.0,146.0,0.0,0.13288590604026845,0.02375581915428776,0.25838926174496646,0.02900091732707002,0.6307979106903077,0.021312488757831732
synthetic_redundancy_hard,GREATS,0.4,0.0,15,10,19.0,0.0,376.0,36.224607965059086,395.0,36.224607965059086,,,0.07805999999999999,0.012420280905751598,,,,,,,,,0.1198371707170736,0.004047759714349531,0.0,0.0,0.0,0.0,16.0,0.0,0.18421052631578946,0.01176877882894626,0.25789473684210523,0.01992599419579043,0.6954259395599365,0.009258041370600984
synthetic_redundancy_hard,GREATS,0.4,0.0,150,10,154.0,0.0,195.5,8.0156097709407,349.5,8.0156097709407,,,0.024659999999999994,0.0038926483415678698,,,,,,,,,0.9940543708100449,0.022686571445326528,0.0,0.0,0.0,0.0,151.0,0.0,0.13116883116883116,0.024098988155353728,0.2551948051948052,0.028813906145888038,0.5974152088165283,0.015236743540426447
synthetic_redundancy_hard,GREATS,0.4,0.0,155,10,159.0,0.0,188.5,12.491997438360288,347.5,12.491997438360288,,,0.02138,0.005953519967212679,,,,,,,,,1.0370065873139538,0.023296263748898014,0.0,0.0,0.0,0.0,156.0,0.0,0.13144654088050314,0.02456411225973602,0.25283018867924534,0.029181907993803463,0.6068555414676666,0.016770741722053315
synthetic_redundancy_hard,GREATS,0.4,0.0,160,10,164.0,0.0,181.6,6.166576575918493,345.6,6.166576575918493,,,0.02185,0.0036714589894360954,,,,,,,,,1.0794279833149631,0.02326993401767092,0.0,0.0,0.0,0.0,161.0,0.0,0.12987804878048784,0.02472751229902929,0.24756097560975604,0.0290899035167721,0.5749842286109924,0.010648217753173804
synthetic_redundancy_hard,GREATS,0.4,0.0,165,10,169.0,0.0,274.1,91.01653695895048,443.1,91.01653695895048,,,0.054859999999999985,0.0362634808649755,,,,,,,,,1.1259079748997465,0.025670857576107247,0.0,0.0,0.0,0.0,166.0,0.0,0.12958579881656807,0.02590442768748013,0.2467455621301775,0.030146559518905058,0.5863467335700989,0.011383523809937728
synthetic_redundancy_hard,GREATS,0.4,0.0,170,10,174.0,0.0,184.2,11.890986315506193,358.2,11.890986315506193,,,0.022009999999999995,0.005334217635021818,,,,,,,,,1.1604661542049144,0.026277811636068536,0.0,0.0,0.0,0.0,171.0,0.0,0.12758620689655173,0.025281550477124323,0.2425287356321839,0.02940222995088072,0.5577695310115814,0.012621578601339722
synthetic_redundancy_hard,GREATS,0.4,0.0,175,10,179.0,0.0,177.7,9.726310251637623,356.7,9.726310251637623,,,0.020079999999999997,0.005103175481991577,,,,,,,,,1.1969824000087101,0.027272953855479277,0.0,0.0,0.0,0.0,176.0,0.0,0.12737430167597766,0.02563888086330833,0.24245810055865918,0.030098548469593818,0.5855224967002869,0.01545750405164677
synthetic_redundancy_hard,GREATS,0.4,0.0,180,10,184.0,0.0,168.0,6.133695641472784,352.0,6.133695641472784,,,0.017569999999999985,0.0037557378325259413,,,,,,,,,1.234286608203547,0.027550915308071557,0.0,0.0,0.0,0.0,181.0,0.0,0.12663043478260871,0.02524624057767865,0.24239130434782608,0.030153113437048087,0.5632034748792648,0.016627247206022554
synthetic_redundancy_hard,GREATS,0.4,0.0,185,10,189.0,0.0,169.6,9.506956517320473,358.6,9.506956517320473,,,0.016620000000000003,0.004837901289700825,,,,,,,,,1.2718174123030621,0.027761601759011694,0.0,0.0,0.0,0.0,186.0,0.0,0.12857142857142856,0.024955129271592373,0.24285714285714288,0.02947437699611566,0.5727339088916779,0.012860147434895358
synthetic_redundancy_hard,GREATS,0.4,0.0,190,10,194.0,0.0,160.5,5.950256763834276,354.5,5.950256763834276,,,0.014849999999999985,0.003845177354672852,,,,,,,,,1.3086612623999827,0.027723030563249967,0.0,0.0,0.0,0.0,191.0,0.0,0.13195876288659794,0.024723169413889964,0.2463917525773196,0.029449189396052986,0.5504403054714203,0.014354128020641982
synthetic_redundancy_hard,GREATS,0.4,0.0,195,10,199.0,0.0,162.4,8.330932987633764,361.4,8.330932987633764,,,0.015339999999999975,0.004782658488981023,,,,,,,,,1.3463762123079506,0.02774031909996655,0.0,0.0,0.0,0.0,196.0,0.0,0.1321608040201005,0.023854501834187178,0.24723618090452262,0.029308925263784796,0.5715085625648498,0.012661387317582713
synthetic_redundancy_hard,GREATS,0.4,0.0,20,10,24.0,0.0,378.6,34.21766924980263,402.6,34.21766924980263,,,0.07547000000000001,0.010948902025114457,,,,,,,,,0.15429800389101728,0.0045745399783929525,0.0,0.0,0.0,0.0,21.0,0.0,0.1625,0.014500425706820209,0.25,0.01643355495305449,0.7024531960487366,0.006232532465215517
synthetic_redundancy_hard,GREATS,0.4,0.0,200,10,204.0,0.0,164.0,5.647024782032472,368.0,5.647024782032472,,,0.016249999999999997,0.003183682354339599,,,,,,,,,1.387527733197203,0.029504430526272014,0.0,0.0,0.0,0.0,201.0,0.0,0.13480392156862744,0.024468920150117545,0.24901960784313726,0.029940776264173484,0.5587983131408691,0.017904284948419148
synthetic_redundancy_hard,GREATS,0.4,0.0,205,10,209.0,0.0,167.3,12.388211242054995,376.3,12.388211242054995,,,0.018779999999999984,0.005397629109155242,,,,,,,,,1.4244992414081934,0.02935875951312814,0.0,0.0,0.0,0.0,206.0,0.0,0.13684210526315793,0.025269923215742722,0.2511961722488038,0.03073849786628076,0.556850278377533,0.010889265477533805
synthetic_redundancy_hard,GREATS,0.4,0.0,210,10,214.0,0.0,161.7,11.948082133408132,375.7,11.948082133408132,,,0.017910000000000002,0.004775177716297292,,,,,,,,,1.4612498083035461,0.02934175022810484,0.0,0.0,0.0,0.0,211.0,0.0,0.1383177570093458,0.024982403721920007,0.2532710280373832,0.02978949056169949,0.5388263821601867,0.009034888009224949
synthetic_redundancy_hard,GREATS,0.4,0.0,215,10,219.0,0.0,160.0,8.957926347344257,379.0,8.957926347344257,,,0.01703,0.00467953107812215,,,,,,,,,1.498373599810293,0.029303507475737983,0.0,0.0,0.0,0.0,216.0,0.0,0.1415525114155251,0.024740076436260406,0.2552511415525114,0.02934438884537117,0.5638057589530945,0.01621028512782976
synthetic_redundancy_hard,GREATS,0.4,0.0,220,10,224.0,0.0,146.4,6.162971866090436,370.4,6.162971866090436,,,0.013360000000000006,0.0034941284082490895,,,,,,,,,1.5375616375065875,0.030227747186206026,0.0,0.0,0.0,0.0,221.0,0.0,0.1450892857142857,0.02516817372272797,0.25803571428571426,0.030269481274026476,0.5436452567577362,0.013666457115283902
synthetic_redundancy_hard,GREATS,0.4,0.0,225,10,229.0,0.0,159.7,13.98971844685311,388.7,13.98971844685311,,,0.017780000000000008,0.0048102159803669635,,,,,,,,,1.5750838414183819,0.030528086937551283,0.0,0.0,0.0,0.0,226.0,0.0,0.1497816593886463,0.024006878703370454,0.2620087336244542,0.029344053958321167,0.5438974142074585,0.01184007331920019
synthetic_redundancy_hard,GREATS,0.4,0.0,230,10,234.0,0.0,147.5,6.215124920528773,381.5,6.215124920528773,,,0.015350000000000008,0.003886936811652307,,,,,,,,,1.6122809750027955,0.030475591709960788,0.0,0.0,0.0,0.0,231.0,0.0,0.15256410256410258,0.0230843961027932,0.2645299145299146,0.028343283042990695,0.5386990666389465,0.014159761026114517
synthetic_redundancy_hard,GREATS,0.4,0.0,235,10,239.0,0.0,145.8,8.84156848830191,384.8,8.84156848830191,,,0.013340000000000008,0.004641053520244916,,,,,,,,,1.6482635832973755,0.0304341542395294,0.0,0.0,0.0,0.0,236.0,0.0,0.1594142259414226,0.02164662682071703,0.27196652719665276,0.026842090317923367,0.53203464448452,0.01218471748688882
synthetic_redundancy_hard,GREATS,0.4,0.0,240,10,244.0,0.0,138.7,6.079199508707266,382.7,6.079199508707266,,,0.015699999999999992,0.003298956063834607,,,,,,,,,1.6853999748069328,0.0301231833867199,0.0,0.0,0.0,0.0,241.0,0.0,0.1668032786885246,0.020628415300546446,0.2790983606557377,0.0255683550615758,0.5328385770320893,0.01882261788835739
synthetic_redundancy_hard,GREATS,0.4,0.0,245,10,249.0,0.0,150.8,9.234957739180208,399.8,9.234957739180208,,,0.017289999999999993,0.0046382096641795845,,,,,,,,,1.7239241916046013,0.03031538821437364,0.0,0.0,0.0,0.0,246.0,0.0,0.1706827309236948,0.019374012719842074,0.28393574297188756,0.02480766376333982,0.5211661994457245,0.012389360011665067
synthetic_redundancy_hard,GREATS,0.4,0.0,25,10,29.0,0.0,341.4,28.273348266914233,370.4,28.273348266914233,,,0.06702,0.008900384511044699,,,,,,,,,0.18465734570636413,0.005161108504085593,0.0,0.0,0.0,0.0,26.0,0.0,0.15517241379310345,0.02195973928108368,0.2517241379310345,0.018569533817705187,0.7042683303356171,0.012358459960307275
synthetic_redundancy_hard,GREATS,0.4,0.0,250,10,254.0,0.0,146.3,8.825531145489204,400.3,8.825531145489204,,,0.017959999999999997,0.003949717289460944,,,,,,,,,1.761536562407855,0.03097986116980183,0.0,0.0,0.0,0.0,251.0,0.0,0.17244094488188977,0.01897948156408496,0.28740157480314965,0.023933496542202615,0.5248432517051697,0.01605653139124574
synthetic_redundancy_hard,GREATS,0.4,0.0,255,10,259.0,0.0,183.4,42.59295716430123,442.4,42.59295716430123,,,0.03225,0.014672273549491606,,,,,,,,,1.7994871709146536,0.03082891738326161,0.0,0.0,0.0,0.0,256.0,0.0,0.1749034749034749,0.01849927251369158,0.28996138996139,0.02354508970787634,0.5393007129430771,0.021398947436582015
synthetic_redundancy_hard,GREATS,0.4,0.0,260,10,264.0,0.0,139.8,9.077199763999664,403.8,9.077199763999664,,,0.016949999999999986,0.003718459956009265,,,,,,,,,1.8413951250026002,0.03129317848966114,0.0,0.0,0.0,0.0,261.0,0.0,0.17575757575757575,0.018298935368174056,0.28977272727272724,0.02335858585858586,0.5250660628080368,0.015248474284949784
synthetic_redundancy_hard,GREATS,0.4,0.0,265,10,269.0,0.0,140.5,8.199254708677966,409.5,8.199254708677966,,,0.01572,0.004321311529308361,,,,,,,,,1.8820741374103818,0.03154470884276865,0.0,0.0,0.0,0.0,266.0,0.0,0.17695167286245356,0.01803559395158389,0.29182156133828996,0.023243699008549976,0.5241211205720901,0.013352703522476401
synthetic_redundancy_hard,GREATS,0.4,0.0,270,10,274.0,0.0,136.5,12.126417442921879,410.5,12.126417442921879,,,0.02024999999999999,0.005832576141332785,,,,,,,,,1.9270063165051396,0.030771949859125024,0.0,0.0,0.0,0.0,271.0,0.0,0.17846715328467153,0.018389155332860257,0.2930656934306569,0.023476797262588445,0.5186358839273453,0.01739842001411806
synthetic_redundancy_hard,GREATS,0.4,0.0,275,10,279.0,0.0,118.4,4.308131845707603,397.4,4.308131845707603,,,0.01049,0.0021441107973029557,,,,,,,,,1.9675568249076605,0.03136614579636842,0.0,0.0,0.0,0.0,276.0,0.0,0.17849462365591395,0.018022810010163037,0.2939068100358423,0.022999968938271234,0.5077106714248657,0.015644296436447335
synthetic_redundancy_hard,GREATS,0.4,0.0,280,10,284.0,0.0,119.6,4.17186342590987,403.6,4.17186342590987,,,0.01109,0.0024409674766825997,,,,,,,,,2.009274899715092,0.03243167094450093,0.0,0.0,0.0,0.0,281.0,0.0,0.1795774647887324,0.01744054048920818,0.2971830985915493,0.022412616454985938,0.5091033071279526,0.013579255634454755
synthetic_redundancy_hard,GREATS,0.4,0.0,285,10,289.0,0.0,123.3,5.7832132552375715,412.3,5.7832132552375715,,,0.015749999999999986,0.0034635322368292624,,,,,,,,,2.0485065790184307,0.03271475324379115,0.0,0.0,0.0,0.0,286.0,0.0,0.18269896193771626,0.016855469676707324,0.30103806228373703,0.021688875245293022,0.49945440888404846,0.016145017589286152
synthetic_redundancy_hard,GREATS,0.4,0.0,290,10,294.0,0.0,119.2,5.662351298022953,413.2,5.662351298022953,,,0.011560000000000004,0.0022924610744302315,,,,,,,,,2.0873315540025943,0.03301007416206736,0.0,0.0,0.0,0.0,291.0,0.0,0.18503401360544217,0.016163522346663704,0.30476190476190473,0.020560029555645194,0.4974760949611664,0.01547157287262695
synthetic_redundancy_hard,GREATS,0.4,0.0,295,10,299.0,0.0,116.0,5.434457961318068,415.0,5.434457961318068,,,0.015890000000000005,0.0035099683442700418,,,,,,,,,2.126316658209544,0.03318833777206844,0.0,0.0,0.0,0.0,296.0,0.0,0.18862876254180602,0.015214021948032978,0.3080267558528428,0.01997034872183687,0.5032385617494584,0.01789830282474434
synthetic_redundancy_hard,GREATS,0.4,0.0,30,10,34.0,0.0,323.8,24.609754163745723,357.8,24.609754163745723,,,0.05982000000000002,0.007984370844204183,,,,,,,,,0.21588576260837727,0.0058023847699968005,0.0,0.0,0.0,0.0,31.0,0.0,0.15294117647058822,0.026956327617387293,0.26176470588235295,0.018832718345390728,0.6880977571010589,0.006230904910834531
synthetic_redundancy_hard,GREATS,0.4,0.0,300,10,304.0,0.0,112.3,2.5431826080283297,416.3,2.5431826080283297,,,0.011210000000000008,0.003444365769710811,,,,,,,,,2.1673122457112184,0.0344164577940174,0.0,0.0,0.0,0.0,301.0,0.0,0.19177631578947368,0.014497339122872948,0.31184210526315786,0.018977852751157837,0.4851937979459763,0.018297269623097606
synthetic_redundancy_hard,GREATS,0.4,0.0,305,10,309.0,0.0,112.6,3.6123245824384176,421.6,3.612324582438418,,,0.013430000000000008,0.003058977679625082,,,,,,,,,2.212713645712938,0.03696582346955918,0.0,0.0,0.0,0.0,306.0,0.0,0.1935275080906149,0.013753939547365028,0.312621359223301,0.01819347259131336,0.4866053879261017,0.016747677993940842
synthetic_redundancy_hard,GREATS,0.4,0.0,310,10,314.0,0.0,107.3,4.432330713694044,421.3,4.432330713694045,,,0.014090000000000002,0.0025166754966732545,,,,,,,,,2.2571968082047533,0.03668193082951359,0.0,0.0,0.0,0.0,311.0,0.0,0.19522292993630574,0.013628274637359047,0.3143312101910828,0.018059505891339856,0.4878561109304428,0.017972754694694632
synthetic_redundancy_hard,GREATS,0.4,0.0,315,10,319.0,0.0,107.7,3.2422557305404247,426.7,3.2422557305404243,,,0.013500000000000012,0.004215052391924289,,,,,,,,,2.3048049750097563,0.04014144606652144,0.0,0.0,0.0,0.0,316.0,0.0,0.19686520376175548,0.012641519025986717,0.3181818181818182,0.01680522392100622,0.48491514623165133,0.016707129092867094
synthetic_redundancy_hard,GREATS,0.4,0.0,320,10,324.0,0.0,104.9,6.680735155820968,428.9,6.680735155820968,,,0.01398999999999998,0.0021537280340016094,,,,,,,,,2.3504699624085332,0.04170503066591268,0.0,0.0,0.0,0.0,321.0,0.0,0.20092592592592595,0.011797231391121227,0.32253086419753085,0.01573266960023279,0.48966593742370607,0.019638629589349834
synthetic_redundancy_hard,GREATS,0.4,0.0,325,10,329.0,0.0,105.7,6.066391935171277,434.7,6.066391935171276,,,0.01623,0.0028161459084674193,,,,,,,,,2.3929493247997016,0.04282114877072236,0.0,0.0,0.0,0.0,326.0,0.0,0.20364741641337383,0.011200011027708593,0.3264437689969605,0.014802012050860933,0.478389635682106,0.017262503604415443
synthetic_redundancy_hard,GREATS,0.4,0.0,330,10,334.0,0.0,99.1,4.874992877487674,433.1,4.874992877487675,,,0.014619999999999989,0.0023015839956188585,,,,,,,,,2.436088895710418,0.043353336694670626,0.0,0.0,0.0,0.0,331.0,0.0,0.20359281437125748,0.011158023839819311,0.32844311377245505,0.014782928868001451,0.47671603262424467,0.019084870394072466
synthetic_redundancy_hard,GREATS,0.4,0.0,335,10,339.0,0.0,94.5,5.12564359102564,433.5,5.12564359102564,,,0.010940000000000005,0.002301892940844802,,,,,,,,,2.4822867415030485,0.04394302431319086,0.0,0.0,0.0,0.0,336.0,0.0,0.2056047197640118,0.011107629913841954,0.3315634218289086,0.014526006145619965,0.4769032597541809,0.021272783835665353
synthetic_redundancy_hard,GREATS,0.4,0.0,340,10,344.0,0.0,92.3,3.867384990748486,436.3,3.867384990748486,,,0.011620000000000009,0.0021125971378061375,,,,,,,,,2.5229778748005627,0.04373218316263241,0.0,0.0,0.0,0.0,341.0,0.0,0.2078488372093023,0.010748827956840993,0.33517441860465114,0.014195323035491871,0.4729114890098572,0.01833060954400229
synthetic_redundancy_hard,GREATS,0.4,0.0,345,10,349.0,0.0,88.0,3.9553058597843536,437.0,3.9553058597843536,,,0.011260000000000003,0.0016672132437093872,,,,,,,,,2.564420374808833,0.043412477012940924,0.0,0.0,0.0,0.0,346.0,0.0,0.21117478510028653,0.010506642345810412,0.33868194842406874,0.013970746516314457,0.47627105116844176,0.02117862239321666
synthetic_redundancy_hard,GREATS,0.4,0.0,35,10,39.0,0.0,327.7,24.721133559051136,366.7,24.721133559051136,,,0.06266999999999999,0.007028008252698631,,,,,,,,,0.24555954151437617,0.006085013476966932,0.0,0.0,0.0,0.0,36.0,0.0,0.15384615384615385,0.03197997766473454,0.2512820512820513,0.022222222222222223,0.6985860407352448,0.012340772096576167
synthetic_redundancy_hard,GREATS,0.4,0.0,350,10,354.0,0.0,87.2,4.5845149991877845,441.2,4.584514999187785,,,0.0113,0.0022288512237872175,,,,,,,,,2.6065599707129876,0.044299999135266055,0.0,0.0,0.0,0.0,351.0,0.0,0.2132768361581921,0.010546559717207655,0.3409604519774011,0.014011160216387101,0.47879750430583956,0.021993278454324545
synthetic_redundancy_hard,GREATS,0.4,0.0,355,10,359.0,0.0,88.5,4.65772953749404,447.5,4.65772953749404,,,0.015439999999999999,0.0025923477133028817,,,,,,,,,2.648313437314937,0.04420905794031636,0.0,0.0,0.0,0.0,356.0,0.0,0.21532033426183844,0.010180159800393813,0.34345403899721444,0.0138347260909935,0.4788385808467865,0.021058235990715574
synthetic_redundancy_hard,GREATS,0.4,0.0,360,10,364.0,0.0,86.3,4.3920382511995495,450.3,4.3920382511995495,,,0.014159999999999996,0.0031040546959671183,,,,,,,,,2.6893258415046146,0.04391265924314212,0.0,0.0,0.0,0.0,361.0,0.0,0.21730769230769229,0.010192846597063286,0.3464285714285714,0.014348095695897043,0.473948010802269,0.023944222563282058
synthetic_redundancy_hard,GREATS,0.4,0.0,365,10,369.0,0.0,80.0,3.7830029224296284,449.0,3.7830029224296284,,,0.013440000000000007,0.0022196696450898622,,,,,,,,,2.7309649039059876,0.04405423734274906,0.0,0.0,0.0,0.0,366.0,0.0,0.2211382113821138,0.010403743486097898,0.35067750677506776,0.014146468369180452,0.4753866344690323,0.020588125632878925
synthetic_redundancy_hard,GREATS,0.4,0.0,370,10,374.0,0.0,79.5,5.285725010714129,453.5,5.285725010714129,,,0.009250000000000013,0.0015517910798672466,,,,,,,,,2.7738548415130935,0.04458823293494078,0.0,0.0,0.0,0.0,371.0,0.0,0.22299465240641708,0.01025691435352285,0.3524064171122995,0.01378324308179915,0.469424968957901,0.021390898100133383
synthetic_redundancy_hard,GREATS,0.4,0.0,375,10,379.0,0.0,76.7,5.654987965406194,455.7,5.654987965406194,,,0.014770000000000005,0.0026842358730600046,,,,,,,,,2.8137322333059274,0.04434275764090871,0.0,0.0,0.0,0.0,376.0,0.0,0.22612137203166224,0.010043728923838672,0.35646437994722957,0.013259577915179184,0.47187336087226867,0.02145768748773433
synthetic_redundancy_hard,GREATS,0.4,0.0,380,10,384.0,0.0,78.9,8.158771694045345,462.9,8.158771694045345,,,0.01692,0.001606224005410065,,,,,,,,,2.853857716609491,0.044438019950406756,0.0,0.0,0.0,0.0,381.0,0.0,0.22890625,0.010096721316667636,0.35859375,0.013119131275375083,0.4684617221355438,0.022974791853253386
synthetic_redundancy_hard,GREATS,0.4,0.0,385,10,389.0,0.0,70.8,5.312040829829697,459.8,5.312040829829697,,,0.012690000000000012,0.002591029396462602,,,,,,,,,2.9028763165988494,0.043124963325415266,0.0,0.0,0.0,0.0,386.0,0.0,0.22853470437017998,0.010018380349029618,0.3588688946015424,0.012658910240013286,0.4660827934741974,0.02458427087636992
synthetic_redundancy_hard,GREATS,0.4,0.0,390,10,394.0,0.0,83.8,12.344859478971621,477.8,12.344859478971623,,,0.018979999999999997,0.0048471939190514015,,,,,,,,,2.9481637665070592,0.04304012039266349,0.0,0.0,0.0,0.0,391.0,0.0,0.2299492385786802,0.010300664132131588,0.3601522842639594,0.012459548008541075,0.45750612616539,0.028130580191069225
synthetic_redundancy_hard,GREATS,0.4,0.0,395,10,399.0,0.0,76.3,6.554133555754465,475.3,6.554133555754465,,,0.02086,0.004514967700142862,,,,,,,,,2.995371487410739,0.04391217249046205,0.0,0.0,0.0,0.0,396.0,0.0,0.23308270676691728,0.00982819794142205,0.362907268170426,0.01171856023064259,0.45619076639413836,0.02645969947684104
synthetic_redundancy_hard,GREATS,0.4,0.0,40,10,44.0,0.0,306.0,23.676054476106348,350.0,23.676054476106348,,,0.05478999999999999,0.00723816198277497,,,,,,,,,0.2758328625001013,0.005593642610409431,0.0,0.0,0.0,0.0,41.0,0.0,0.15227272727272725,0.03250520901958323,0.25,0.025125945381480302,0.6797173857688904,0.005604003674827957
synthetic_redundancy_hard,GREATS,0.4,0.0,400,10,404.0,0.0,64.6,5.4389541478323045,468.6,5.4389541478323045,,,0.013020000000000009,0.002309198995322833,,,,,,,,,3.041076570696896,0.04431478754391544,0.0,0.0,0.0,0.0,401.0,0.0,0.23514851485148514,0.009254174846739245,0.36435643564356435,0.011068413424246866,0.4634190946817398,0.025993685415376038
synthetic_redundancy_hard,GREATS,0.4,0.0,405,10,409.0,0.0,70.3,6.744627491566899,479.3,6.744627491566899,,,0.01724,0.0030999713260322645,,,,,,,,,3.087196520611178,0.04428349580976479,0.0,0.0,0.0,0.0,406.0,0.0,0.23765281173594133,0.009467993956940575,0.3660146699266503,0.010867597075728626,0.45250224471092226,0.023493418135280757
synthetic_redundancy_hard,GREATS,0.4,0.0,410,10,414.0,0.0,64.3,6.3123336061678135,478.3,6.3123336061678135,,,0.01629999999999999,0.0031499559079806523,,,,,,,,,3.134439458110137,0.04381204430595423,0.0,0.0,0.0,0.0,411.0,0.0,0.23985507246376817,0.009688971555619118,0.3676328502415459,0.010588909644298615,0.45436573922634127,0.024635541943919474
synthetic_redundancy_hard,GREATS,0.4,0.0,415,10,419.0,0.0,61.6,5.950163396449247,480.6,5.950163396449247,,,0.016959999999999986,0.0038190516565707157,,,,,,,,,3.1794678832055068,0.04367198993080919,0.0,0.0,0.0,0.0,416.0,0.0,0.24272076372315038,0.008916138994549737,0.37016706443914077,0.009791668572916279,0.44445505142211916,0.023826938380285653
synthetic_redundancy_hard,GREATS,0.4,0.0,420,10,424.0,0.0,55.3,4.3,479.3,4.299999999999999,,,0.014610000000000001,0.002827619729265821,,,,,,,,,3.230331120709889,0.04271184078025734,0.0,0.0,0.0,0.0,421.0,0.0,0.24575471698113213,0.009003546102025415,0.37193396226415093,0.00958378154569668,0.4512080490589142,0.023307875238304784
synthetic_redundancy_hard,GREATS,0.4,0.0,425,10,429.0,0.0,55.4,5.609911863043046,484.4,5.609911863043046,,,0.015969999999999984,0.0020466802388257902,,,,,,,,,3.2747465749038382,0.04295838375907622,0.0,0.0,0.0,0.0,426.0,0.0,0.2477855477855478,0.008934157527616225,0.37389277389277387,0.009344706373502973,0.44176181256771085,0.02015796410800918
synthetic_redundancy_hard,GREATS,0.4,0.0,430,10,434.0,0.0,50.2,5.008437325598118,484.2,5.00843732559812,,,0.015959999999999995,0.0022097863144556608,,,,,,,,,3.3201678165060002,0.04295405337151444,0.0,0.0,0.0,0.0,431.0,0.0,0.25023041474654373,0.008951645028776321,0.376036866359447,0.009542373266050602,0.43702059984207153,0.025345292793030445
synthetic_redundancy_hard,GREATS,0.4,0.0,435,10,439.0,0.0,47.8,3.5238867430406695,486.8,3.5238867430406695,,,0.013139999999999985,0.002649955974477055,,,,,,,,,3.3662893583008553,0.043855043925217205,0.0,0.0,0.0,0.0,436.0,0.0,0.2517084282460137,0.009087858165213228,0.3772209567198178,0.009509170663297354,0.44347022473812103,0.022923832646148022
synthetic_redundancy_hard,GREATS,0.4,0.0,440,10,444.0,0.0,50.4,8.642530493630515,494.4,8.642530493630515,,,0.019709999999999995,0.0029465026349517814,,,,,,,,,3.4103170333022716,0.04389087553423668,0.0,0.0,0.0,0.0,441.0,0.0,0.2524774774774775,0.009011823884568717,0.37905405405405407,0.0096145937712604,0.4343459755182266,0.023732024888975148
synthetic_redundancy_hard,GREATS,0.4,0.0,445,10,449.0,0.0,43.0,4.805089893944637,492.0,4.805089893944637,,,0.01393000000000002,0.0030230246075375893,,,,,,,,,3.458787783200387,0.042387129356288834,0.0,0.0,0.0,0.0,446.0,0.0,0.255456570155902,0.008952195163111376,0.3812917594654789,0.009735227894750115,0.43192815184593203,0.02463129489538826
synthetic_redundancy_hard,GREATS,0.4,0.0,45,10,49.0,0.0,306.5,21.818570072303086,355.5,21.818570072303086,,,0.05612,0.006534486292824484,,,,,,,,,0.30754921651096084,0.005847551201722907,0.0,0.0,0.0,0.0,46.0,0.0,0.14489795918367346,0.03109223097150051,0.2489795918367347,0.02332847374079217,0.6951656818389893,0.010080629503676395
synthetic_redundancy_hard,GREATS,0.4,0.0,450,10,454.0,0.0,41.5,5.502019831136763,495.5,5.502019831136763,,,0.016710000000000013,0.0025167637950352056,,,,,,,,,3.50421094550984,0.042290620073975896,0.0,0.0,0.0,0.0,451.0,0.0,0.2590308370044053,0.008645043189154197,0.38458149779735684,0.009758148443956621,0.4287103205919266,0.024371198806933524
synthetic_redundancy_hard,GREATS,0.4,0.0,455,10,459.0,0.0,37.4,5.592057860136205,496.4,5.5920578601362045,,,0.01655000000000001,0.0017610760599386112,,,,,,,,,3.5477883582061622,0.04226312319932787,0.0,0.0,0.0,0.0,456.0,0.0,0.2623093681917211,0.008127137158191884,0.3884531590413943,0.00928336389950267,0.42680070698261263,0.025122740121971014
synthetic_redundancy_hard,GREATS,0.4,0.0,460,10,464.0,0.0,37.4,3.9782743327561843,501.4,3.9782743327561847,,,0.01978000000000001,0.0024973675028806728,,,,,,,,,3.592212341510458,0.042516501616438426,0.0,0.0,0.0,0.0,461.0,0.0,0.2650862068965517,0.007816937073985885,0.3918103448275862,0.00921558489127849,0.4222584545612335,0.02341775177915168
synthetic_redundancy_hard,GREATS,0.4,0.0,461,1,465.0,0.0,0.0,0.0,465.0,0.0,,,0.020399999999999974,0.0,,,,,,,,,3.552554042020347,0.0,1.0,0.0,0.0,0.0,462.0,0.0,0.2946236559139785,0.0,0.38924731182795697,0.0,0.43870967626571655,0.0
synthetic_redundancy_hard,GREATS,0.4,0.0,465,9,469.0,0.0,37.22222222222222,4.254989808637023,506.22222222222223,4.254989808637024,,,0.01775555555555555,0.0023443259580380165,,,,,,,,,3.643281495127465,0.047608831501793965,0.0,0.0,0.0,0.0,466.0,0.0,0.26439232409381663,0.0077123434307785,0.3946932006633499,0.0100036921728109,0.419241554207272,0.023802630907648604
synthetic_redundancy_hard,GREATS,0.4,0.0,470,9,474.0,0.0,31.444444444444443,4.186987484759283,505.44444444444446,4.186987484759283,,,0.012755555555555544,0.0018404491534459112,,,,,,,,,3.688652018557251,0.04766802151340243,0.0,0.0,0.0,0.0,471.0,0.0,0.26629160806375995,0.00748191826934113,0.3959212376933896,0.01005035578618597,0.4215463399887085,0.02414089139222739
synthetic_redundancy_hard,GREATS,0.4,0.0,475,9,479.0,0.0,41.77777777777778,10.152692278101764,520.7777777777778,10.152692278101762,,,0.02034444444444446,0.004202284798875983,,,,,,,,,3.7333346064551733,0.047344865390024506,0.0,0.0,0.0,0.0,476.0,0.0,0.26954302945952213,0.007822578858231153,0.3985154256553004,0.00997246072494362,0.4223702715502845,0.026518375327319575
synthetic_redundancy_hard,GREATS,0.4,0.0,480,9,484.0,0.0,30.22222222222222,5.746442807361055,514.2222222222222,5.746442807361056,,,0.019077777777777798,0.003498760803555136,,,,,,,,,3.7788859720070227,0.04729294321485152,0.0,0.0,0.0,0.0,481.0,0.0,0.2718089990817264,0.008156950415261651,0.40128558310376494,0.010335041378626827,0.41831831137339276,0.027707453323182713
synthetic_redundancy_hard,GREATS,0.4,0.0,485,9,489.0,0.0,31.444444444444443,8.885242307568069,520.4444444444445,8.885242307568069,,,0.02120000000000002,0.002766465856166198,,,,,,,,,3.827180610788572,0.0489596471171718,0.0,0.0,0.0,0.0,486.0,0.0,0.27243808225403315,0.00807834075647861,0.40240854351283795,0.0103647440767613,0.4135148608022266,0.029761358943385757
synthetic_redundancy_hard,GREATS,0.4,0.0,490,9,494.0,0.0,25.88888888888889,5.316234163297582,519.8888888888889,5.316234163297582,,,0.017100000000000004,0.002361143790623519,,,,,,,,,3.8727370600099675,0.049872813506999375,0.1111111111111111,0.1111111111111111,0.0,0.0,491.0,0.0,0.27417903733693205,0.008428547873392594,0.40463337831758883,0.010788017951012543,0.417055865128835,0.025413233302634144
synthetic_redundancy_hard,GREATS,0.4,0.0,492,1,496.0,0.0,0.0,0.0,496.0,0.0,,,0.012599999999999945,0.0,,,,,,,,,3.784563999972306,0.0,1.0,0.0,0.0,0.0,493.0,0.0,0.28830645161290325,0.0,0.4415322580645161,0.0,0.361672967672348,0.0
synthetic_redundancy_hard,GREATS,0.4,0.0,495,7,499.0,0.0,38.142857142857146,10.368056647195548,537.1428571428571,10.368056647195548,,,0.022328571428571444,0.0029301969936795596,,,,,,,,,3.8985165295806445,0.0501662170728794,0.0,0.0,0.0,0.0,496.0,0.0,0.26767821356999716,0.007289547828788137,0.39478957915831664,0.01067610746899284,0.41930835587637766,0.031200088441726614
synthetic_redundancy_hard,GREATS,0.4,0.0,5,10,9.0,0.0,442.2,22.48248701149902,451.2,22.48248701149902,,,0.10349,0.007497547006262183,,,,,,,,,0.05266172899864614,0.0019412531335540305,0.0,0.0,0.0,0.0,6.0,0.0,0.16666666666666669,0.03795166950355407,0.24444444444444446,0.0398901096824778,0.6132623970508575,0.013947520899139774
synthetic_redundancy_hard,GREATS,0.4,0.0,50,10,54.0,0.0,290.2,20.96070397460713,344.2,20.96070397460713,,,0.049399999999999986,0.0068127494857476946,,,,,,,,,0.3386810916068498,0.005876958228840632,0.0,0.0,0.0,0.0,51.0,0.0,0.14444444444444446,0.031451207908288877,0.24814814814814815,0.02548119437104974,0.6739023625850677,0.003289049516912178
synthetic_redundancy_hard,GREATS,0.4,0.0,500,7,504.0,0.0,30.571428571428573,5.793498584649877,534.5714285714286,5.7934985846498765,,,0.019485714285714297,0.0016683936630681579,,,,,,,,,3.9478558394309533,0.05240439236505962,0.0,0.0,0.0,0.0,501.0,0.0,0.268140589569161,0.007237610734015707,0.3945578231292517,0.010706134145287451,0.4157583458083017,0.03439436391530724
synthetic_redundancy_hard,GREATS,0.4,0.0,505,7,509.0,0.0,32.57142857142857,7.906769681906833,541.5714285714286,7.906769681906833,,,0.021057142857142868,0.0028591421576324287,,,,,,,,,3.9937719881501317,0.05312147324392985,0.0,0.0,0.0,0.0,506.0,0.0,0.2699971933763682,0.0071848103175325174,0.3976985686219478,0.009859201835672352,0.418102034500667,0.030465179425003472
synthetic_redundancy_hard,GREATS,0.4,0.0,510,7,514.0,0.0,27.714285714285715,4.518292375045528,541.7142857142857,4.518292375045528,,,0.01955714285714286,0.004013895930915214,,,,,,,,,4.042426624875849,0.05407764450872299,0.0,0.0,0.0,0.0,511.0,0.0,0.27098387993329626,0.007100428481141273,0.4005002779321845,0.009610453947927275,0.4229577439171927,0.029831314971035916
synthetic_redundancy_hard,GREATS,0.4,0.0,512,1,516.0,0.0,0.0,0.0,516.0,0.0,,,0.01859999999999995,0.0,,,,,,,,,4.002334958000574,0.0,1.0,0.0,0.0,0.0,513.0,0.0,0.3003875968992248,0.0,0.4437984496124031,0.0,0.48385217785835266,0.0
synthetic_redundancy_hard,GREATS,0.4,0.0,515,6,519.0,0.0,19.666666666666668,4.348690735280116,538.6666666666666,4.348690735280116,,,0.019699999999999995,0.0037072901154347328,,,,,,,,,4.105246576179828,0.06271384026046489,0.0,0.0,0.0,0.0,516.0,0.0,0.2671804752729608,0.006106545574311994,0.3940269749518304,0.007798907616950015,0.40581998725732166,0.03487403271829999
synthetic_redundancy_hard,GREATS,0.4,0.0,520,6,524.0,0.0,25.333333333333332,8.804039476916897,549.3333333333334,8.804039476916897,,,0.024300000000000006,0.004908496035786652,,,,,,,,,4.155705555516761,0.0626191735772421,0.0,0.0,0.0,0.0,521.0,0.0,0.2697201017811705,0.006342210473595174,0.39758269720101785,0.008740745057159122,0.4060707936684291,0.036191064096081145
synthetic_redundancy_hard,GREATS,0.4,0.0,524,1,528.0,0.0,0.0,0.0,528.0,0.0,,,0.023399999999999976,0.0,,,,,,,,,4.003160500025842,0.0,1.0,0.0,0.0,0.0,525.0,0.0,0.30113636363636365,0.0,0.42045454545454547,0.0,0.26475003361701965,0.0
synthetic_redundancy_hard,GREATS,0.4,0.0,525,5,529.0,0.0,17.2,2.3748684174075834,546.2,2.3748684174075834,,,0.020840000000000015,0.0019236943624183216,,,,,,,,,4.243535991397221,0.05866348079929181,0.0,0.0,0.0,0.0,526.0,0.0,0.2654064272211721,0.004252257799320228,0.3947069943289225,0.00995629042137141,0.43410483598709104,0.026076092723976506
synthetic_redundancy_hard,GREATS,0.4,0.0,530,5,534.0,0.0,12.8,2.596150997149434,546.8,2.596150997149434,,,0.015879999999999984,0.003949607575443406,,,,,,,,,4.291051066410728,0.059327841794869864,0.0,0.0,0.0,0.0,531.0,0.0,0.26816479400749066,0.004897639262405244,0.39662921348314606,0.009683658032844862,0.4368401825428009,0.02468274583802043
synthetic_redundancy_hard,GREATS,0.4,0.0,535,5,539.0,0.0,15.6,1.5684387141358123,554.6,1.5684387141358123,,,0.01874,0.0044485503256679005,,,,,,,,,4.340538766398095,0.05905020248123087,0.0,0.0,0.0,0.0,536.0,0.0,0.26975881261595547,0.005706328942200265,0.39925788497217074,0.009911473387156281,0.4346197545528412,0.022858748600957
synthetic_redundancy_hard,GREATS,0.4,0.0,540,5,544.0,0.0,24.6,13.283824750424856,568.6,13.283824750424856,,,0.02779999999999998,0.00663113866541788,,,,,,,,,4.391498966596555,0.05971687582351511,0.0,0.0,0.0,0.0,541.0,0.0,0.2713235294117647,0.005087629596727217,0.400735294117647,0.008719515607081929,0.43241286277770996,0.02261747672158468
synthetic_redundancy_hard,GREATS,0.4,0.0,545,5,549.0,0.0,12.0,2.8809720581775866,561.0,2.8809720581775866,,,0.02128000000000001,0.003003231592801325,,,,,,,,,4.447666141402442,0.062351133213456846,0.0,0.0,0.0,0.0,546.0,0.0,0.2721311475409836,0.004941588330145914,0.4029143897996357,0.008551325751770852,0.4288941562175751,0.022534116643481386
synthetic_redundancy_hard,GREATS,0.4,0.0,549,1,553.0,0.0,0.0,0.0,553.0,0.0,,,0.014399999999999968,0.0,,,,,,,,,4.602262958011124,0.0,1.0,0.0,0.0,0.0,550.0,0.0,0.2820976491862568,0.0,0.40867992766726946,0.0,0.41208916902542114,0.0
synthetic_redundancy_hard,GREATS,0.4,0.0,55,10,59.0,0.0,286.1,19.638652363812202,345.1,19.638652363812202,,,0.04901,0.006782091614440682,,,,,,,,,0.3706662665004842,0.006411650954795604,0.0,0.0,0.0,0.0,56.0,0.0,0.13898305084745763,0.030192969979406528,0.2440677966101695,0.024781595705605994,0.6874725639820098,0.011038337859712151
synthetic_redundancy_hard,GREATS,0.4,0.0,550,4,554.0,0.0,17.25,13.028014686308373,571.25,13.028014686308373,,,0.019775000000000015,0.0046465713165730945,,,,,,,,,4.467144239504705,0.0708922712284745,0.0,0.0,0.0,0.0,551.0,0.0,0.2689530685920578,0.005563550544195825,0.40252707581227437,0.011053654073931314,0.4385518208146095,0.030733946522505714
synthetic_redundancy_hard,GREATS,0.4,0.0,553,1,557.0,0.0,0.0,0.0,557.0,0.0,,,0.01649999999999996,0.0,,,,,,,,,4.4159249169752,0.0,1.0,0.0,0.0,0.0,554.0,0.0,0.2872531418312388,0.0,0.4254937163375224,0.0,0.4533787667751312,0.0
synthetic_redundancy_hard,GREATS,0.4,0.0,555,3,559.0,0.0,7.0,4.725815626252609,566.0,4.725815626252609,,,0.013400000000000004,0.004763402145525843,,,,,,,,,4.544678805357155,0.09174026647611529,0.3333333333333333,0.33333333333333337,0.0,0.0,556.0,0.0,0.2671437090041741,0.004880949774521433,0.39892665474060823,0.011361096531459553,0.4315974215666453,0.04316842303185205
synthetic_redundancy_hard,GREATS,0.4,0.0,560,2,564.0,0.0,35.5,31.499999999999996,599.5,31.499999999999996,,,0.031100000000000017,0.010199999999999987,,,,,,,,,4.502103437524056,0.01797522950801067,0.0,0.0,0.0,0.0,561.0,0.0,0.2677304964539007,0.007092198581560266,0.4122340425531915,0.00975177304964539,0.38656172156333923,0.053425520658493035
synthetic_redundancy_hard,GREATS,0.4,0.0,565,2,569.0,0.0,18.0,18.0,587.0,18.0,,,0.028249999999999997,0.0023499999999999632,,,,,,,,,4.555570958502358,0.018891875486588102,0.5,0.5,0.0,0.0,566.0,0.0,0.2680140597539543,0.009666080843585223,0.4147627416520211,0.010544815465729327,0.3776095360517502,0.05818326771259308
synthetic_redundancy_hard,GREATS,0.4,0.0,570,1,574.0,0.0,12.0,0.0,586.0,0.0,,,0.011900000000000022,0.0,,,,,,,,,4.626470541988965,0.0,0.0,0.0,0.0,0.0,571.0,0.0,0.2578397212543554,0.0,0.4268292682926829,0.0,0.44076189398765564,0.0
synthetic_redundancy_hard,GREATS,0.4,0.0,575,1,579.0,0.0,4.0,0.0,583.0,0.0,,,0.011099999999999999,0.0,,,,,,,,,4.674546458991244,0.0,0.0,0.0,0.0,0.0,576.0,0.0,0.2607944732297064,0.0,0.4317789291882556,0.0,0.4346868395805359,0.0
synthetic_redundancy_hard,GREATS,0.4,0.0,580,1,584.0,0.0,25.0,0.0,609.0,0.0,,,0.023299999999999987,0.0,,,,,,,,,4.720451999979559,0.0,0.0,0.0,0.0,0.0,581.0,0.0,0.261986301369863,0.0,0.4332191780821918,0.0,0.4336360692977905,0.0
synthetic_redundancy_hard,GREATS,0.4,0.0,585,1,589.0,0.0,11.0,0.0,600.0,0.0,,,0.021399999999999975,0.0,,,,,,,,,4.767334292002488,0.0,0.0,0.0,0.0,0.0,586.0,0.0,0.2597623089983022,0.0,0.432937181663837,0.0,0.4296363294124603,0.0
synthetic_redundancy_hard,GREATS,0.4,0.0,590,1,594.0,0.0,4.0,0.0,598.0,0.0,,,0.008600000000000052,0.0,,,,,,,,,4.81545516703045,0.0,0.0,0.0,0.0,0.0,591.0,0.0,0.25925925925925924,0.0,0.43434343434343436,0.0,0.4329683482646942,0.0
synthetic_redundancy_hard,GREATS,0.4,0.0,595,1,599.0,0.0,37.0,0.0,636.0,0.0,,,0.04069999999999996,0.0,,,,,,,,,4.862730166991241,0.0,0.0,0.0,0.0,0.0,596.0,0.0,0.2570951585976628,0.0,0.4340567612687813,0.0,0.4313783645629883,0.0
synthetic_redundancy_hard,GREATS,0.4,0.0,596,1,600.0,0.0,31.0,0.0,631.0,0.0,,,0.030399999999999983,0.0,,,,,,,,,4.8788285839837044,0.0,0.0,0.0,1.0,0.0,597.0,0.0,0.25666666666666665,0.0,0.435,0.0,0.43043068051338196,0.0
synthetic_redundancy_hard,GREATS,0.4,0.0,60,10,64.0,0.0,276.6,19.972870488629205,340.6,19.972870488629205,,,0.04532000000000001,0.006576909101799514,,,,,,,,,0.40254602091154085,0.006668733038368493,0.0,0.0,0.0,0.0,61.0,0.0,0.1390625,0.029687499999999995,0.24375,0.024228548645027097,0.6732807338237763,0.004341888731495189
synthetic_redundancy_hard,GREATS,0.4,0.0,65,10,69.0,0.0,270.3,18.701782446244707,339.3,18.701782446244707,,,0.04414,0.006703219790187068,,,,,,,,,0.4331897665048018,0.006745481242497888,0.0,0.0,0.0,0.0,66.0,0.0,0.13913043478260873,0.026565656202642552,0.24057971014492754,0.021299910806810242,0.6820518612861634,0.0126713905337346
synthetic_redundancy_hard,GREATS,0.4,0.0,70,10,74.0,0.0,265.1,19.58596436226718,339.1,19.58596436226718,,,0.04186000000000002,0.006503865517264847,,,,,,,,,0.4630015458038542,0.007061357336781462,0.0,0.0,0.0,0.0,71.0,0.0,0.14189189189189189,0.02573881914803901,0.24864864864864863,0.021051029631617875,0.6709216058254241,0.005583007606320067
synthetic_redundancy_hard,GREATS,0.4,0.0,75,10,79.0,0.0,253.5,19.835013934398376,332.5,19.835013934398376,,,0.03982,0.006684057317395043,,,,,,,,,0.4940646375063807,0.008374431567224007,0.0,0.0,0.0,0.0,76.0,0.0,0.14303797468354432,0.024822896337692364,0.249367088607595,0.018589359301190454,0.6799243867397309,0.01386011873508264
synthetic_redundancy_hard,GREATS,0.4,0.0,80,10,84.0,0.0,256.2,19.368818010170656,340.2,19.368818010170656,,,0.03985000000000001,0.006402278240334973,,,,,,,,,0.5253961957059801,0.009462059870916615,0.0,0.0,0.0,0.0,81.0,0.0,0.14285714285714285,0.0237432941296057,0.24761904761904757,0.018680321104666383,0.6715927004814148,0.005749759371366533
synthetic_redundancy_hard,GREATS,0.4,0.0,85,10,89.0,0.0,244.4,19.51478072299729,333.4,19.51478072299729,,,0.03774000000000002,0.006650884652936524,,,,,,,,,0.5556483540916816,0.01009209160767929,0.0,0.0,0.0,0.0,86.0,0.0,0.14719101123595507,0.02293223897354552,0.25280898876404495,0.018745308998115655,0.6788903534412384,0.01528984191425046
synthetic_redundancy_hard,GREATS,0.4,0.0,90,10,94.0,0.0,250.0,19.527758021169078,344.0,19.527758021169078,,,0.03786000000000002,0.006227969171407321,,,,,,,,,0.5861859707103576,0.01059877231661222,0.0,0.0,0.0,0.0,91.0,0.0,0.14361702127659576,0.0228853940429256,0.2542553191489362,0.020521469923730898,0.6720143318176269,0.006934067466071726
synthetic_redundancy_hard,GREATS,0.4,0.0,95,10,99.0,0.0,233.5,18.70843541174824,332.5,18.70843541174824,,,0.03445,0.006762712309257119,,,,,,,,,0.6164852207002696,0.011279437804578138,0.0,0.0,0.0,0.0,96.0,0.0,0.14646464646464646,0.021988877935697905,0.2575757575757576,0.021833660386361583,0.6762389898300171,0.01653664691167573
synthetic_redundancy_hard,MaxLoss,0.0,0.0,0,10,4.0,0.0,701.4,110.85598264815881,705.4,110.85598264815881,0.261341939115664,0.03820204060733712,0.20927,0.04242289751223191,,,,,,,,,0.08040942489751615,0.06546716163425871,0.0,0.0,0.0,0.0,1.0,0.0,0.0,0.0,0.2,0.049999999999999996,0.5595517098903656,0.040638132262339095
synthetic_redundancy_hard,MaxLoss,0.0,0.0,10,10,14.0,0.0,260.8,31.886534949898692,274.8,31.886534949898692,0.10968926748610101,0.01159567711283324,0.07092999999999998,0.006668450594653407,,,,,,,,,0.13181623729760758,0.06262878036755878,0.0,0.0,0.0,0.0,11.0,0.0,0.0,0.0,0.0857142857142857,0.020756661635907968,0.6840691685676574,0.017593494588802456
synthetic_redundancy_hard,MaxLoss,0.0,0.0,100,7,104.0,0.0,15.571428571428571,3.3654911398256417,119.57142857142857,3.3654911398256417,0.05233623505669779,0.0012855937097656807,0.022714285714285718,0.0014983210558470338,,,,,,,,,0.36882623186102137,0.0067793345085210835,0.0,0.0,0.0,0.0,101.0,0.0,0.0,0.0,0.14835164835164832,0.03032366426703012,0.8496144073350089,0.010671378426365046
synthetic_redundancy_hard,MaxLoss,0.0,0.0,105,7,109.0,0.0,40.714285714285715,8.849843382295331,149.71428571428572,8.849843382295331,0.06375126911526811,0.003323577607107143,0.02412857142857142,0.0021836747409240374,,,,,,,,,0.3809775654392849,0.006990393338394224,0.0,0.0,0.0,0.0,106.0,0.0,0.0,0.0,0.14809960681520315,0.02897222303466886,0.8628136345318386,0.013727680274466027
synthetic_redundancy_hard,MaxLoss,0.0,0.0,108,2,112.0,0.0,0.0,0.0,112.0,0.0,0.04944029700709507,0.0,0.02024999999999999,0.0006500000000000394,,,,,,,,,0.3929254789836705,0.004292270983569324,1.0,0.0,0.0,0.0,109.0,0.0,0.0,0.0,0.10714285714285714,0.04464285714285713,0.870275616645813,0.00118333101272583
synthetic_redundancy_hard,MaxLoss,0.0,0.0,110,5,114.0,0.0,9.2,3.337663853655727,123.2,3.337663853655727,0.05372573563363403,0.0012730285056105758,0.02090000000000001,0.0021196697856034007,,,,,,,,,0.3915327832219191,0.010133669398896325,0.0,0.0,0.0,0.0,111.0,0.0,0.0,0.0,0.17192982456140352,0.03392820983476091,0.8361069560050964,0.0122768509671125
synthetic_redundancy_hard,MaxLoss,0.0,0.0,114,1,118.0,0.0,0.0,0.0,118.0,0.0,0.05174200655892491,0.0,0.018900000000000028,0.0,,,,,,,,,0.43846558302175254,0.0,1.0,0.0,0.0,0.0,115.0,0.0,0.0,0.0,0.17796610169491525,0.0,0.81413334608078,0.0
synthetic_redundancy_hard,MaxLoss,0.0,0.0,115,4,119.0,0.0,14.25,5.344389581607987,133.25,5.344389581607987,0.05754939634061884,0.002029080663079305,0.020125000000000004,0.0021772976369803,,,,,,,,,0.39447531251062173,0.006373780111823938,0.0,0.0,0.0,0.0,116.0,0.0,0.0,0.0,0.1722689075630252,0.04066451299988229,0.8634635806083679,0.013139850681123059
synthetic_redundancy_hard,MaxLoss,0.0,0.0,116,1,120.0,0.0,0.0,0.0,120.0,0.0,0.05250743729993701,0.0,0.01529999999999998,0.0,,,,,,,,,0.41789816704113036,0.0,1.0,0.0,0.0,0.0,117.0,0.0,0.0,0.0,0.08333333333333333,0.0,0.8049110770225525,0.0
synthetic_redundancy_hard,MaxLoss,0.0,0.0,119,1,123.0,0.0,0.0,0.0,123.0,0.0,0.053653962444514036,0.0,0.015100000000000002,0.0,,,,,,,,,0.3932416660245508,0.0,1.0,0.0,0.0,0.0,120.0,0.0,0.0,0.0,0.22764227642276422,0.0,0.8646236658096313,0.0
synthetic_redundancy_hard,MaxLoss,0.0,0.0,120,2,124.0,0.0,1.5,1.4999999999999998,125.5,1.4999999999999998,0.054607726546237245,0.0005720115441363305,0.023299999999999987,0.0021999999999999797,,,,,,,,,0.4028150829835795,0.0007500000065192579,0.5,0.5,0.0,0.0,121.0,0.0,0.0,0.0,0.18951612903225806,0.06048387096774194,0.8583801984786987,0.001232147216796875
synthetic_redundancy_hard,MaxLoss,0.0,0.0,125,1,129.0,0.0,144.0,0.0,273.0,0.0,0.10935921070631593,0.0,0.053100000000000036,0.0,,,,,,,,,0.4168652920052409,0.0,0.0,0.0,0.0,0.0,126.0,0.0,0.0,0.0,0.24031007751937986,0.0,0.9150989055633545,0.0
synthetic_redundancy_hard,MaxLoss,0.0,0.0,130,1,134.0,0.0,20.0,0.0,154.0,0.0,0.06540102750295773,0.0,0.020399999999999974,0.0,,,,,,,,,0.4336035830201581,0.0,0.0,0.0,0.0,0.0,131.0,0.0,0.0,0.0,0.23134328358208955,0.0,0.8036133646965027,0.0
synthetic_redundancy_hard,MaxLoss,0.0,0.0,131,1,135.0,0.0,0.0,0.0,135.0,0.0,0.058221797517035156,0.0,0.006800000000000028,0.0,,,,,,,,,0.4404708330403082,0.0,1.0,0.0,0.0,0.0,132.0,0.0,0.0,0.0,0.22962962962962963,0.0,0.8129353523254395,0.0
synthetic_redundancy_hard,MaxLoss,0.0,0.0,15,10,19.0,0.0,356.1,32.477154363576176,375.1,32.477154363576176,0.14596312139183282,0.011680452054004779,0.08818,0.007045988614492327,,,,,,,,,0.15557134990231133,0.06134825254126301,0.0,0.0,0.0,0.0,16.0,0.0,0.0,0.0,0.0894736842105263,0.03143240853889283,0.7684675753116608,0.017178938400795467
synthetic_redundancy_hard,MaxLoss,0.0,0.0,20,10,24.0,0.0,198.4,24.6964684834807,222.4,24.6964684834807,0.0905562098894734,0.009139503795048484,0.056920000000000005,0.00639598485162545,,,,,,,,,0.17951822059694678,0.060028735536303536,0.0,0.0,0.0,0.0,21.0,0.0,0.0,0.0,0.09166666666666666,0.0376796110173626,0.7676795959472656,0.019125835056924154
synthetic_redundancy_hard,MaxLoss,0.0,0.0,25,10,29.0,0.0,268.5,25.42887684853143,297.5,25.42887684853143,0.11806345466757193,0.00923734567983846,0.06831999999999999,0.005168769464560964,,,,,,,,,0.20393111239536665,0.058704440634776596,0.0,0.0,0.0,0.0,26.0,0.0,0.0,0.0,0.1,0.0440546388430731,0.8197092890739441,0.014459951491290762
synthetic_redundancy_hard,MaxLoss,0.0,0.0,30,10,34.0,0.0,160.7,29.498794702307563,194.7,29.498794702307563,0.08019980529788881,0.010865652768084415,0.04846000000000002,0.007474671304553203,,,,,,,,,0.22905375000555067,0.05736098971711663,0.0,0.0,0.0,0.0,31.0,0.0,0.0,0.0,0.10588235294117646,0.04432413551159731,0.8148769915103913,0.019138065196736602
synthetic_redundancy_hard,MaxLoss,0.0,0.0,35,10,39.0,0.0,212.0,26.354421935522613,251.0,26.354421935522613,0.10107256228220649,0.009656979489915379,0.05653999999999999,0.0052184118486587674,,,,,,,,,0.25292655400116926,0.056094118377957705,0.0,0.0,0.0,0.0,36.0,0.0,0.0,0.0,0.10256410256410256,0.0422191078127469,0.8468104481697083,0.011124869416648862
synthetic_redundancy_hard,MaxLoss,0.0,0.0,40,10,44.0,0.0,108.0,17.044386498525288,152.0,17.044386498525288,0.06442469437606632,0.006453848460321917,0.03742000000000002,0.004897001350032709,,,,,,,,,0.2754737290146295,0.05484346860517495,0.0,0.0,0.0,0.0,41.0,0.0,0.0,0.0,0.11136363636363636,0.04384132210978874,0.8334239721298218,0.014888608898641438
synthetic_redundancy_hard,MaxLoss,0.0,0.0,45,10,49.0,0.0,153.7,24.20975469149207,202.7,24.20975469149207,0.08326440090313554,0.008997270836264996,0.046230000000000014,0.005095118578927613,,,,,,,,,0.292141150002135,0.05410277248896219,0.0,0.0,0.0,0.0,46.0,0.0,0.0,0.0,0.11224489795918366,0.041518896652155454,0.859366488456726,0.008896995263531547
synthetic_redundancy_hard,MaxLoss,0.0,0.0,5,10,9.0,0.0,396.9,30.675161866819145,405.9,30.675161866819145,0.1570275169739034,0.010960071142702017,0.09862000000000001,0.007948260466570305,,,,,,,,,0.10668099980684928,0.0640386502436787,0.0,0.0,0.0,0.0,6.0,0.0,0.0,0.0,0.11111111111111112,0.023424278964210215,0.6364927232265473,0.021562448105707153
synthetic_redundancy_hard,MaxLoss,0.0,0.0,50,10,54.0,0.0,85.9,13.749707067586726,139.9,13.749707067586726,0.05991451505105942,0.00523858173708994,0.03478000000000001,0.004124743763085306,,,,,,,,,0.3064725082949735,0.05365036583044214,0.0,0.0,0.0,0.0,51.0,0.0,0.0,0.0,0.11111111111111112,0.03795166950355407,0.8462794542312622,0.012670502684101885
synthetic_redundancy_hard,MaxLoss,0.0,0.0,55,10,59.0,0.0,124.4,20.101520119411642,183.4,20.101520119411642,0.07614729861961678,0.007550886549889787,0.04125000000000002,0.0043083704060300505,,,,,,,,,0.3182045499153901,0.05360046609337589,0.0,0.0,0.0,0.0,56.0,0.0,0.0,0.0,0.1152542372881356,0.03606980723053642,0.8589447438716888,0.009339823926763127
synthetic_redundancy_hard,MaxLoss,0.0,0.0,60,10,64.0,0.0,68.5,11.674521165531562,132.5,11.674521165531562,0.05714459295850247,0.004464290269206632,0.031400000000000004,0.0035814646290154664,,,,,,,,,0.3294303749979008,0.05347916288510755,0.0,0.0,0.0,0.0,61.0,0.0,0.0,0.0,0.1171875,0.03480242473393357,0.8466521561145782,0.011873062785187216
synthetic_redundancy_hard,MaxLoss,0.0,0.0,65,10,69.0,0.0,100.9,18.629397318336533,169.9,18.629397318336533,0.07113135501276702,0.007012041819625046,0.03578,0.003959708182289316,,,,,,,,,0.3403692789026536,0.05337669252747503,0.1,0.09999999999999999,0.0,0.0,66.0,0.0,0.0,0.0,0.12608695652173912,0.03490651574782633,0.8565998315811157,0.0111479318604416
synthetic_redundancy_hard,MaxLoss,0.0,0.0,70,9,74.0,0.0,53.333333333333336,9.130230616534892,127.33333333333333,9.130230616534892,0.055237118426399924,0.0034877231261647135,0.02971111111111111,0.0026878556325134976,,,,,,,,,0.29851342112265733,0.005661046143734667,0.0,0.0,0.0,0.0,71.0,0.0,0.0,0.0,0.14564564564564567,0.03644042372225705,0.8495343923568726,0.012663935977218719
synthetic_redundancy_hard,MaxLoss,0.0,0.0,75,9,79.0,0.0,92.0,14.655298624653739,171.0,14.655298624653739,0.07165558948569621,0.005497817272128523,0.03456666666666667,0.002786724481058959,,,,,,,,,0.3098934628974853,0.005774387781907995,0.0,0.0,0.0,0.0,76.0,0.0,0.0,0.0,0.14767932489451474,0.03375527426160337,0.8604030741585625,0.01189258071841081
synthetic_redundancy_hard,MaxLoss,0.0,0.0,80,9,84.0,0.0,41.22222222222222,7.697001179712384,125.22222222222223,7.697001179712384,0.05445411437863691,0.002932092579090832,0.02712222222222222,0.002293818854720579,,,,,,,,,0.3210051851023713,0.005903328500062403,0.0,0.0,0.0,0.0,81.0,0.0,0.0,0.0,0.15608465608465608,0.03164943416403545,0.8473070197635226,0.012286204014675029
synthetic_redundancy_hard,MaxLoss,0.0,0.0,85,9,89.0,0.0,74.88888888888889,13.656952283690982,163.88888888888889,13.656952283690982,0.06900345365930763,0.005136230681843115,0.03083333333333333,0.0025664502073226834,,,,,,,,,0.3319569675562282,0.006000074779326444,0.0,0.0,0.0,0.0,86.0,0.0,0.0,0.0,0.15480649188514356,0.029118361522323596,0.8602973818778992,0.011659486275795687
synthetic_redundancy_hard,MaxLoss,0.0,0.0,88,1,92.0,0.0,0.0,0.0,92.0,0.0,0.041701713809743524,0.0,0.013000000000000012,0.0,,,,,,,,,0.34988366602919996,0.0,1.0,0.0,0.0,0.0,89.0,0.0,0.0,0.0,0.21739130434782608,0.0,0.8276789784431458,0.0
synthetic_redundancy_hard,MaxLoss,0.0,0.0,90,8,94.0,0.0,31.75,6.396846321207259,125.75,6.396846321207259,0.05467590009357082,0.0024280303363288162,0.026212500000000014,0.001548552031046146,,,,,,,,,0.3415937761310488,0.0066592282450021615,0.0,0.0,0.0,0.0,91.0,0.0,0.0,0.0,0.14361702127659573,0.029887477871272248,0.850312665104866,0.011453763855406758
synthetic_redundancy_hard,MaxLoss,0.0,0.0,91,1,95.0,0.0,0.0,0.0,95.0,0.0,0.04286969528766349,0.0,0.01870000000000005,0.0,,,,,,,,,0.32266491698101163,0.0,1.0,0.0,0.0,0.0,92.0,0.0,0.0,0.0,0.14736842105263157,0.0,0.8514805436134338,0.0
synthetic_redundancy_hard,MaxLoss,0.0,0.0,95,7,99.0,0.0,57.42857142857143,10.877799897600841,156.42857142857142,10.877799897600841,0.06626516619663951,0.004066515204064306,0.027385714285714267,0.002458457566329376,,,,,,,,,0.3570524878616977,0.006843862349245265,0.0,0.0,0.0,0.0,96.0,0.0,0.0,0.0,0.14862914862914864,0.03207230991470832,0.8642882278987339,0.013911955081864451
synthetic_redundancy_hard,MaxLoss,0.4,0.0,0,10,4.0,0.0,536.8,35.404268418119045,540.8,35.404268418119045,0.20481814265949652,0.012465176717645472,0.13502,0.01379183172106672,,,,,,,,,0.00944451239774935,0.0007375690845362219,0.0,0.0,0.0,0.0,1.0,0.0,0.0,0.0,0.15,0.040824829046386304,0.5929334819316864,0.027509018005306796
synthetic_redundancy_hard,MaxLoss,0.4,0.0,10,10,14.0,0.0,533.1,54.3708357281528,547.1,54.3708357281528,0.20683302966644987,0.019021853637281396,0.13406999999999997,0.020706853669471104,,,,,,,,,0.04574251240119338,0.0036460377293186293,0.0,0.0,0.0,0.0,11.0,0.0,0.3642857142857142,0.04447986117207,0.40714285714285714,0.043967107887189015,0.6738925695419311,0.01268221677889383
synthetic_redundancy_hard,MaxLoss,0.4,0.0,100,10,104.0,0.0,443.7,20.81508534159247,547.7,20.81508534159247,0.20736242880811914,0.0073262012087413845,0.11943000000000001,0.006597323531385876,,,,,,,,,0.31070681230048647,0.013504704698048991,0.0,0.0,0.0,0.0,101.0,0.0,0.3355769230769231,0.018437150023422635,0.40865384615384615,0.02382382812070273,0.7491392135620117,0.02168541185201111
synthetic_redundancy_hard,MaxLoss,0.4,0.0,105,10,109.0,0.0,469.4,22.25418812019187,578.4,22.25418812019187,0.21814263552660124,0.007791530637727085,0.12644000000000002,0.006836311546115747,,,,,,,,,0.32239547070930713,0.013518069980374569,0.0,0.0,0.0,0.0,106.0,0.0,0.33302752293577986,0.016184854583974607,0.4055045871559633,0.021916174761062893,0.7566809773445129,0.013624503331468083
synthetic_redundancy_hard,MaxLoss,0.4,0.0,110,10,114.0,0.0,429.4,17.23575095872272,543.4,17.23575095872272,0.20586867051315494,0.006067056550905042,0.11698,0.006232670196454949,,,,,,,,,0.3342455583042465,0.01352513352716681,0.0,0.0,0.0,0.0,111.0,0.0,0.3315789473684211,0.015626186217412148,0.40614035087719297,0.020842436710171622,0.7509520769119262,0.020441645465985887
synthetic_redundancy_hard,MaxLoss,0.4,0.0,115,10,119.0,0.0,458.3,22.37113715879856,577.3,22.37113715879856,0.21775619374238886,0.007831627671401989,0.1244,0.006743622501626586,,,,,,,,,0.3462267331953626,0.013530883095294372,0.0,0.0,0.0,0.0,116.0,0.0,0.3319327731092437,0.015507686874696256,0.40756302521008403,0.01909082264581371,0.7559884250164032,0.013454233747690792
synthetic_redundancy_hard,MaxLoss,0.4,0.0,120,10,124.0,0.0,416.1,20.036328117807525,540.1,20.036328117807525,0.2046920142194722,0.007059577207535927,0.11384999999999998,0.006555459980470903,,,,,,,,,0.358140941610327,0.013485174975680013,0.0,0.0,0.0,0.0,121.0,0.0,0.3314516129032258,0.015969190043310905,0.4088709677419355,0.020225703554813634,0.7476077318191529,0.020135007087004164
synthetic_redundancy_hard,MaxLoss,0.4,0.0,125,10,129.0,0.0,483.3,17.530956746408464,612.3,17.530956746408464,0.23004010833683425,0.006154823664900692,0.13561,0.006874824442202946,,,,,,,,,0.3705240999115631,0.013468263871244958,0.0,0.0,0.0,0.0,126.0,0.0,0.32945736434108525,0.015600474261626437,0.410077519379845,0.02068636440271363,0.7776392281055451,0.015529860172457765
synthetic_redundancy_hard,MaxLoss,0.4,0.0,130,10,134.0,0.0,392.3,24.87749987438448,526.3,24.877499874384483,0.19980002753436565,0.008772123289566522,0.10189,0.007585533746693253,,,,,,,,,0.38740719569614157,0.013525863890449309,0.0,0.0,0.0,0.0,131.0,0.0,0.3246268656716418,0.01481092104139721,0.4074626865671641,0.02048881620096915,0.7050056099891663,0.01979073043583349
synthetic_redundancy_hard,MaxLoss,0.4,0.0,135,10,139.0,0.0,406.1,30.119558060797935,545.1,30.119558060797935,0.20637467837659643,0.010635863001273739,0.11101000000000001,0.00921539111125151,,,,,,,,,0.4045109830913134,0.013516348796885515,0.0,0.0,0.0,0.0,136.0,0.0,0.32374100719424465,0.01505261853858534,0.4071942446043165,0.02043863381550361,0.6768353909254075,0.030628980034679964
synthetic_redundancy_hard,MaxLoss,0.4,0.0,140,10,144.0,0.0,407.2,26.210176140829983,551.2,26.210176140829983,0.20855543834040874,0.009240590068638747,0.11181999999999999,0.007634509370832772,,,,,,,,,0.4217113165010232,0.01347365082884204,0.0,0.0,0.0,0.0,141.0,0.0,0.3222222222222222,0.01570666245711794,0.40347222222222223,0.020767643349404518,0.6387647330760956,0.02366997335909225
synthetic_redundancy_hard,MaxLoss,0.4,0.0,145,10,149.0,0.0,396.6,22.373198251479376,545.6,22.373198251479376,0.20661509771016426,0.007869685134456307,0.11021,0.007173120349998011,,,,,,,,,0.4479275706922635,0.013414859281063082,0.0,0.0,0.0,0.0,146.0,0.0,0.31879194630872487,0.015921434763899855,0.4020134228187919,0.020901368572029334,0.6195461690425873,0.025948907050505194
synthetic_redundancy_hard,MaxLoss,0.4,0.0,15,10,19.0,0.0,619.0,101.48716393931029,638.0,101.48716393931029,0.23812307413900272,0.03469848519795035,0.16773,0.03571332166635364,,,,,,,,,0.06492039999575354,0.005577078138814606,0.0,0.0,0.0,0.0,16.0,0.0,0.3894736842105263,0.03779063022550529,0.42105263157894735,0.03762738699917055,0.7087582468986511,0.014432519169824415
synthetic_redundancy_hard,MaxLoss,0.4,0.0,150,10,154.0,0.0,367.1,34.34286275519591,521.1,34.34286275519591,0.19788667036918922,0.012102753263718137,0.10133999999999999,0.00900644460619419,,,,,,,,,0.4744844708009623,0.013114314621988622,0.0,0.0,0.0,0.0,151.0,0.0,0.3155844155844156,0.015463697921637883,0.39805194805194805,0.019117590880304364,0.5834172636270523,0.025965998737712513
synthetic_redundancy_hard,MaxLoss,0.4,0.0,155,10,159.0,0.0,384.2,24.54736917336221,543.2,24.54736917336221,0.20575430090539157,0.008649644054406078,0.11061000000000001,0.007587056961255352,,,,,,,,,0.5005902833072469,0.013052883135391186,0.0,0.0,0.0,0.0,156.0,0.0,0.31446540880503143,0.014645072701528705,0.3987421383647799,0.019172936461507212,0.57444167137146,0.026436211479063006
synthetic_redundancy_hard,MaxLoss,0.4,0.0,160,10,164.0,0.0,347.7,46.296160147947944,511.7,46.296160147947944,0.1944131180352997,0.016362586937108372,0.09372,0.01340416021655632,,,,,,,,,0.5277202916098759,0.012898412566819908,0.0,0.0,0.0,0.0,161.0,0.0,0.31158536585365854,0.013279996930015966,0.3969512195121951,0.017257282558640126,0.5403425127267838,0.02113736755000228
synthetic_redundancy_hard,MaxLoss,0.4,0.0,165,10,169.0,0.0,333.3,26.187804625648003,502.3,26.187804625648003,0.19132154700928367,0.009243595878473305,0.09647000000000001,0.008682294243650893,,,,,,,,,0.5556402833084576,0.012819880938169244,0.0,0.0,0.0,0.0,166.0,0.0,0.30650887573964497,0.012897658954060602,0.39230769230769236,0.016145884805331603,0.5408155113458634,0.01791274846244803
synthetic_redundancy_hard,MaxLoss,0.4,0.0,170,10,174.0,0.0,298.2,29.161923423837763,472.2,29.161923423837763,0.18065151241607963,0.01028379244624723,0.08025999999999998,0.008332029231292401,,,,,,,,,0.5830227209022268,0.012631020246731496,0.0,0.0,0.0,0.0,171.0,0.0,0.30344827586206896,0.01252703657032323,0.3896551724137931,0.01600046974545678,0.5142764657735824,0.025559322125704224
synthetic_redundancy_hard,MaxLoss,0.4,0.0,175,10,179.0,0.0,320.6,19.156200040717888,499.6,19.156200040717888,0.1904166997759603,0.006755509885756038,0.09516999999999999,0.006198800063094652,,,,,,,,,0.6095782416057773,0.012741037153995004,0.0,0.0,0.0,0.0,176.0,0.0,0.30446927374301674,0.012609427945795306,0.3905027932960894,0.015568014754954835,0.5137068063020707,0.019948908475515593
synthetic_redundancy_hard,MaxLoss,0.4,0.0,180,10,184.0,0.0,328.8,25.621518733717213,512.8,25.621518733717217,0.19503236032905988,0.009045408261141703,0.08871,0.007561752442390592,,,,,,,,,0.6356672750029247,0.01274102888515408,0.0,0.0,0.0,0.0,181.0,0.0,0.3048913043478261,0.012191638665500893,0.38967391304347826,0.014917903533362448,0.4765770465135574,0.010088420524131328
synthetic_redundancy_hard,MaxLoss,0.4,0.0,185,10,189.0,0.0,286.2,13.37559967503015,475.2,13.37559967503015,0.18181412990088575,0.004734520457194789,0.08489000000000001,0.005771836796029499,,,,,,,,,0.6645670540980063,0.012023131900545454,0.0,0.0,0.0,0.0,186.0,0.0,0.3042328042328042,0.011652230447378432,0.3894179894179894,0.01471791608114643,0.4754874676465988,0.010971050510170863
synthetic_redundancy_hard,MaxLoss,0.4,0.0,190,10,194.0,0.0,306.7,22.21313425280938,500.7,22.21313425280938,0.1907862481486518,0.007835729307258482,0.08593999999999999,0.005948206078773292,,,,,,,,,0.6928249165997841,0.011675855943741442,0.0,0.0,0.0,0.0,191.0,0.0,0.30051546391752576,0.011083473142866075,0.3865979381443299,0.014640143233086458,0.496271425485611,0.011822763065389165
synthetic_redundancy_hard,MaxLoss,0.4,0.0,195,10,199.0,0.0,290.9,29.79875090596174,489.9,29.79875090596174,0.18691206878283992,0.010501630352095117,0.07922,0.008606351659610998,,,,,,,,,0.7216623791900929,0.011442124845573148,0.0,0.0,0.0,0.0,196.0,0.0,0.3015075376884422,0.011211524643672704,0.39045226130653266,0.014622837360956393,0.45955878794193267,0.010606352535403913
synthetic_redundancy_hard,MaxLoss,0.4,0.0,20,10,24.0,0.0,610.8,88.45611592447659,634.8,88.45611592447659,0.2372050623758696,0.030348293264039695,0.16368,0.03300629838884289,,,,,,,,,0.0827317291055806,0.006947149724406171,0.0,0.0,0.0,0.0,21.0,0.0,0.39166666666666666,0.03413390479845696,0.4166666666666667,0.03344887382997859,0.7048184096813201,0.014243634469056318
synthetic_redundancy_hard,MaxLoss,0.4,0.0,200,10,204.0,0.0,213.5,21.99709576790132,417.5,21.99709576790132,0.1612634674354922,0.007822539449785611,0.053770000000000005,0.008871039648454086,,,,,,,,,0.7506048748968169,0.010805863447507046,0.0,0.0,0.0,0.0,201.0,0.0,0.30049019607843136,0.010691070459448095,0.3897058823529412,0.01450939909934009,0.4835271924734116,0.01662311584532613
synthetic_redundancy_hard,MaxLoss,0.4,0.0,205,10,209.0,0.0,233.8,30.72378738227289,442.8,30.72378738227289,0.17019766377634368,0.010868352478381669,0.06351,0.009565707849744665,,,,,,,,,0.7780117415997665,0.010934860996558672,0.0,0.0,0.0,0.0,206.0,0.0,0.3028708133971292,0.01003771545617835,0.3933014354066986,0.013716108452950557,0.46851702630519865,0.010129284796283994
synthetic_redundancy_hard,MaxLoss,0.4,0.0,210,10,214.0,0.0,218.7,13.860455339642424,432.7,13.860455339642424,0.1667277761560399,0.004930770440935232,0.058679999999999996,0.005771920535373535,,,,,,,,,0.8098990500031504,0.011888800073836183,0.0,0.0,0.0,0.0,211.0,0.0,0.3060747663551401,0.010220015390856232,0.39766355140186915,0.01393972219428684,0.4719605356454849,0.021140628339809838
synthetic_redundancy_hard,MaxLoss,0.4,0.0,215,10,219.0,0.0,237.2,30.959041041708996,456.2,30.959041041708996,0.17495623952709138,0.01094318116983121,0.06662,0.00885886624298567,,,,,,,,,0.8390850540949032,0.01192582412464063,0.0,0.0,0.0,0.0,216.0,0.0,0.30730593607305934,0.009309545621536089,0.40228310502283104,0.013484715711892189,0.4718040883541107,0.013266554559232651
synthetic_redundancy_hard,MaxLoss,0.4,0.0,220,10,224.0,0.0,217.4,21.8226182358274,441.4,21.8226182358274,0.16977529401192443,0.007730590319257315,0.056330000000000005,0.0052934771181143295,,,,,,,,,0.8656703999033197,0.011521418224147059,0.0,0.0,0.0,0.0,221.0,0.0,0.30714285714285716,0.00916840583377938,0.4040178571428571,0.012857177303745745,0.4547896146774292,0.023460513721552643
synthetic_redundancy_hard,MaxLoss,0.4,0.0,225,10,229.0,0.0,242.3,33.40859836096756,471.3,33.40859836096756,0.18028273584204726,0.011820686844731615,0.06506,0.009496258912505138,,,,,,,,,0.8938464957987889,0.01187929691352163,0.0,0.0,0.0,0.0,226.0,0.0,0.3096069868995633,0.008498783450943233,0.40829694323144106,0.01232115327732721,0.45445944368839264,0.020052223287555588
synthetic_redundancy_hard,MaxLoss,0.4,0.0,230,10,234.0,0.0,205.5,26.150525807333203,439.5,26.150525807333203,0.16906199118238874,0.009279178326899467,0.057700000000000015,0.007854906463832375,,,,,,,,,0.9217052040970884,0.011984883093699333,0.0,0.0,0.0,0.0,231.0,0.0,0.3102564102564103,0.008335463725542903,0.40854700854700854,0.012791991065893819,0.45272783637046815,0.02059842730677366
synthetic_redundancy_hard,MaxLoss,0.4,0.0,235,10,239.0,0.0,189.0,24.72066162365221,428.0,24.72066162365221,0.1649831899732817,0.008774953840491663,0.05405000000000002,0.009167493902067482,,,,,,,,,0.9506768458057195,0.012047616753414078,0.0,0.0,0.0,0.0,236.0,0.0,0.3104602510460251,0.008127644231148378,0.4087866108786611,0.011884449312564955,0.46376103162765503,0.019257845362569033
synthetic_redundancy_hard,MaxLoss,0.4,0.0,240,10,244.0,0.0,205.7,33.112619279597254,449.7,33.112619279597254,0.17262530671432613,0.011709453722415868,0.05642000000000001,0.009836008675609565,,,,,,,,,0.9783072874939535,0.012239028702241566,0.0,0.0,0.0,0.0,241.0,0.0,0.31434426229508194,0.008036921355236462,0.41188524590163933,0.01173989381346657,0.4557863861322403,0.021162382917225896
synthetic_redundancy_hard,MaxLoss,0.4,0.0,245,10,249.0,0.0,187.2,33.33593323194124,436.2,33.33593323194124,0.1678251625271514,0.011786293250733663,0.05581000000000001,0.00956828615792818,,,,,,,,,1.006451683299383,0.012571738696238913,0.0,0.0,0.0,0.0,246.0,0.0,0.31445783132530114,0.007621121995978733,0.41365461847389556,0.010608627981878956,0.45783660709857943,0.021817814083667345
synthetic_redundancy_hard,MaxLoss,0.4,0.0,25,10,29.0,0.0,548.4,35.432627775979455,577.4,35.432627775979455,0.21769248334458097,0.012421879269149439,0.14335,0.012080464027143623,,,,,,,,,0.10075640400755219,0.008399250838811706,0.0,0.0,0.0,0.0,26.0,0.0,0.40344827586206894,0.038484296650076334,0.4275862068965517,0.03853575773388554,0.7238025307655335,0.015012285666393654
synthetic_redundancy_hard,MaxLoss,0.4,0.0,250,10,254.0,0.0,204.7,26.49152904441552,458.7,26.49152904441552,0.17588325431570412,0.009369428359829955,0.057469999999999986,0.008108638055253862,,,,,,,,,1.035096174897626,0.013113601164572287,0.0,0.0,0.0,0.0,251.0,0.0,0.3177165354330708,0.00679506218687644,0.4153543307086614,0.010649345526860027,0.4637619942426682,0.02538702910462969
synthetic_redundancy_hard,MaxLoss,0.4,0.0,255,10,259.0,0.0,198.4,26.40462922376386,457.4,26.404629223763855,0.17541936903144234,0.009354918005891857,0.06280000000000002,0.00777091443210586,,,,,,,,,1.067805800010683,0.012848264090247776,0.0,0.0,0.0,0.0,256.0,0.0,0.3193050193050193,0.00718994992198889,0.4177606177606178,0.01030887227516128,0.4596580296754837,0.02555835659680001
synthetic_redundancy_hard,MaxLoss,0.4,0.0,260,10,264.0,0.0,193.5,27.16871157947849,457.5,27.16871157947849,0.1754465807345696,0.009634325659253868,0.057719999999999994,0.008786198773581715,,,,,,,,,1.1007587667030747,0.013356714987233462,0.0,0.0,0.0,0.0,261.0,0.0,0.32121212121212117,0.007444142915648322,0.41969696969696973,0.010887909665308131,0.4532398521900177,0.022835869998394872
synthetic_redundancy_hard,MaxLoss,0.4,0.0,265,10,269.0,0.0,194.4,19.465182591831326,463.4,19.465182591831326,0.17760165382060222,0.006886472518233131,0.06281,0.0041356297384235585,,,,,,,,,1.1332293581042905,0.013983180079698171,0.0,0.0,0.0,0.0,266.0,0.0,0.320817843866171,0.0074771622510758804,0.41933085501858736,0.010048641850167678,0.443939670920372,0.02513262007343976
synthetic_redundancy_hard,MaxLoss,0.4,0.0,270,10,274.0,0.0,180.1,30.536117049232768,454.1,30.536117049232768,0.17421773012029007,0.010780862130750026,0.057289999999999994,0.00938235282029217,,,,,,,,,1.1664364749973175,0.014558216702531983,0.0,0.0,0.0,0.0,271.0,0.0,0.32007299270072986,0.007218736593258782,0.41897810218978104,0.009789975444637812,0.4471648007631302,0.02594721812125428
synthetic_redundancy_hard,MaxLoss,0.4,0.0,275,10,279.0,0.0,164.3,25.85732219529143,443.3,25.85732219529143,0.1704154820588883,0.009173353776501188,0.04923999999999997,0.008263442919805814,,,,,,,,,1.1979083666927182,0.014223335298564076,0.0,0.0,0.0,0.0,276.0,0.0,0.3197132616487456,0.006754262377587849,0.4193548387096774,0.00979397922672363,0.4612951546907425,0.029409892978346695
synthetic_redundancy_hard,MaxLoss,0.4,0.0,280,10,284.0,0.0,182.6,25.073757862221875,466.6,25.073757862221875,0.17869469338911587,0.008876183692596587,0.05500000000000001,0.007334984662560649,,,,,,,,,1.2306755665980744,0.014740153881729992,0.0,0.0,0.0,0.0,281.0,0.0,0.3207746478873239,0.006690140845070421,0.421830985915493,0.010188983293056671,0.45554045140743255,0.03065301157085673
synthetic_redundancy_hard,MaxLoss,0.4,0.0,285,10,289.0,0.0,164.6,18.553945372585556,453.6,18.55394537258555,0.174127435189439,0.0065899069838652475,0.048160000000000015,0.006549150920369584,,,,,,,,,1.2628966582007706,0.015116059239863375,0.0,0.0,0.0,0.0,286.0,0.0,0.3217993079584775,0.007331141214334808,0.42179930795847753,0.010813110342107735,0.461918318271637,0.0258316048596602
synthetic_redundancy_hard,MaxLoss,0.4,0.0,290,10,294.0,0.0,144.4,16.501986412415796,438.4,16.501986412415796,0.16874142410815693,0.005860240949672021,0.04754999999999998,0.00516017333903512,,,,,,,,,1.2938425123982598,0.01492058597365038,0.0,0.0,0.0,0.0,291.0,0.0,0.3248299319727891,0.007507860830450479,0.42517006802721086,0.011050787239012434,0.46245611011981963,0.029271494217975626
synthetic_redundancy_hard,MaxLoss,0.4,0.0,295,10,299.0,0.0,137.5,17.748395858655947,436.5,17.748395858655947,0.16805693148053252,0.006313621801511156,0.045340000000000005,0.006360960793954177,,,,,,,,,1.3275608499068767,0.015233068725262422,0.0,0.0,0.0,0.0,296.0,0.0,0.325418060200669,0.007512479638274892,0.42608695652173917,0.01062542034108705,0.4496654123067856,0.03059803737886091
synthetic_redundancy_hard,MaxLoss,0.4,0.0,30,10,34.0,0.0,525.9,28.182125935106846,559.9,28.182125935106846,0.2116051410266664,0.009896638430199022,0.13694,0.009500692372430314,,,,,,,,,0.11892163729644381,0.009912790288400336,0.0,0.0,0.0,0.0,31.0,0.0,0.3882352941176471,0.03740938044772336,0.4088235294117647,0.037830943885440664,0.7341458320617675,0.020820302207967618
synthetic_redundancy_hard,MaxLoss,0.4,0.0,300,10,304.0,0.0,140.6,22.459444932292218,444.6,22.459444932292218,0.17090711261844263,0.007959260543312396,0.04827999999999999,0.006783358722311216,,,,,,,,,1.3606642583035864,0.015497437260712756,0.0,0.0,0.0,0.0,301.0,0.0,0.32532894736842105,0.007028671276551467,0.4273026315789473,0.010681085339320816,0.46231938898563385,0.02989639724937755
synthetic_redundancy_hard,MaxLoss,0.4,0.0,305,10,309.0,0.0,122.4,18.167247697130374,431.4,18.167247697130374,0.1662409880955238,0.0064583801757658035,0.04479999999999999,0.006853109594272592,,,,,,,,,1.3947792914055754,0.015785895122920293,0.0,0.0,0.0,0.0,306.0,0.0,0.3262135922330097,0.007360829389096859,0.429126213592233,0.010017852656952661,0.46622311472892763,0.02882887754895841
synthetic_redundancy_hard,MaxLoss,0.4,0.0,310,10,314.0,0.0,130.9,17.455626281771988,444.9,17.455626281771984,0.17104395413189194,0.006209714829274929,0.04476,0.004920460683039068,,,,,,,,,1.4275808583013714,0.01597772695164036,0.0,0.0,0.0,0.0,311.0,0.0,0.32834394904458597,0.007032858630595278,0.4305732484076433,0.009587109897983552,0.4624247193336487,0.029996902585258802
synthetic_redundancy_hard,MaxLoss,0.4,0.0,315,10,319.0,0.0,129.9,22.815418763049983,448.9,22.81541876304998,0.172430658392841,0.008090700933869004,0.046620000000000016,0.00763539710092991,,,,,,,,,1.4610972708032932,0.016410201612321033,0.0,0.0,0.0,0.0,316.0,0.0,0.32946708463949836,0.006795272931197117,0.43103448275862066,0.008955378834301288,0.46543078422546386,0.030147782775916808
synthetic_redundancy_hard,MaxLoss,0.4,0.0,320,10,324.0,0.0,128.9,20.301313586399605,452.9,20.30131358639961,0.17386760587687605,0.00720855714726398,0.05052000000000002,0.00638619692079027,,,,,,,,,1.4939917040988804,0.016702891719464506,0.0,0.0,0.0,0.0,321.0,0.0,0.3271604938271605,0.0069167639152146534,0.4280864197530865,0.008957709691786105,0.45811891555786133,0.02815494694683855
synthetic_redundancy_hard,MaxLoss,0.4,0.0,325,10,329.0,0.0,112.2,16.39566338327845,441.2,16.39566338327845,0.1697373856091872,0.005821121823501084,0.039369999999999995,0.005791488966098825,,,,,,,,,1.525800591596635,0.017000696307465306,0.0,0.0,0.0,0.0,326.0,0.0,0.32826747720364746,0.006659240820731503,0.43009118541033436,0.008564144056334004,0.46467716693878175,0.024996703658132967
synthetic_redundancy_hard,MaxLoss,0.4,0.0,330,10,334.0,0.0,131.4,29.88466719462228,465.4,29.88466719462228,0.17823081358801574,0.010559367862485472,0.047840000000000014,0.007336668938361002,,,,,,,,,1.5584967289003544,0.017429083500877084,0.0,0.0,0.0,0.0,331.0,0.0,0.32784431137724557,0.00617231381080488,0.4293413173652695,0.008883917398909334,0.4467088669538498,0.021250693437311643
synthetic_redundancy_hard,MaxLoss,0.4,0.0,335,10,339.0,0.0,121.1,24.499637185522197,460.1,24.4996371855222,0.17639788143569604,0.008655196722371727,0.04238000000000001,0.0054536389482416,,,,,,,,,1.5921132998191752,0.017721034927466732,0.0,0.0,0.0,0.0,336.0,0.0,0.3271386430678466,0.006084455655616515,0.4294985250737463,0.008917037599806988,0.46012765169143677,0.02976803601991146
synthetic_redundancy_hard,MaxLoss,0.4,0.0,340,10,344.0,0.0,98.5,21.351684815125115,442.5,21.351684815125115,0.17016885774210094,0.007568705759277793,0.03737,0.007550541555264617,,,,,,,,,1.6261910167057068,0.017547284023347556,0.0,0.0,0.0,0.0,341.0,0.0,0.3284883720930233,0.006485736639799033,0.4311046511627906,0.009100792526692684,0.46372644007205965,0.03255064226993328
synthetic_redundancy_hard,MaxLoss,0.4,0.0,345,10,349.0,0.0,105.9,23.20414235049902,454.9,23.20414235049902,0.17456372994347474,0.008193247827089137,0.04042,0.007081114162176579,,,,,,,,,1.667113979102578,0.01684197596068025,0.0,0.0,0.0,0.0,346.0,0.0,0.3297994269340975,0.006313124305505532,0.433810888252149,0.0085981107430196,0.4603320509195328,0.028323616377898098
synthetic_redundancy_hard,MaxLoss,0.4,0.0,35,10,39.0,0.0,546.7,35.70560180139805,585.7,35.70560180139805,0.2205981237872038,0.012534852744887049,0.14159,0.012001226326227389,,,,,,,,,0.13693575411452913,0.011372523588414918,0.0,0.0,0.0,0.0,36.0,0.0,0.3564102564102565,0.03139208149095206,0.37435897435897436,0.03202563076101743,0.733495008945465,0.016516812986383834
synthetic_redundancy_hard,MaxLoss,0.4,0.0,350,10,354.0,0.0,98.5,18.834513237375923,452.5,18.834513237375923,0.1737382895371411,0.006668972375624171,0.03841999999999999,0.007174225471164892,,,,,,,,,1.7004909625975415,0.016711946934915293,0.0,0.0,0.0,0.0,351.0,0.0,0.32909604519774016,0.0057004937354671594,0.43531073446327684,0.008320955408706355,0.4890649527311325,0.03506627256970265
synthetic_redundancy_hard,MaxLoss,0.4,0.0,355,10,359.0,0.0,87.3,18.25257972634736,446.3,18.252579726347356,0.17153856880031526,0.006477261500178622,0.03635000000000001,0.004540343844052149,,,,,,,,,1.7365768457064406,0.016645478886495757,0.0,0.0,0.0,0.0,356.0,0.0,0.3292479108635098,0.005898748439839769,0.4370473537604457,0.008267867453847257,0.4914544880390167,0.03335207196094462
synthetic_redundancy_hard,MaxLoss,0.4,0.0,360,10,364.0,0.0,80.4,15.929148683397292,444.4,15.929148683397292,0.17087769564823246,0.005649340978973125,0.033920000000000027,0.006332838577166202,,,,,,,,,1.771516274905298,0.0162404397978098,0.0,0.0,0.0,0.0,361.0,0.0,0.33021978021978027,0.00642071360547916,0.44038461538461543,0.007941730694422644,0.49156792759895324,0.03437952772897592
synthetic_redundancy_hard,MaxLoss,0.4,0.0,365,10,369.0,0.0,68.4,13.01554625993256,437.4,13.01554625993256,0.16840426809503697,0.004619085125570705,0.030230000000000014,0.003214966735615022,,,,,,,,,1.8063941332045943,0.016110900898219132,0.0,0.0,0.0,0.0,366.0,0.0,0.3327913279132791,0.006499044534274596,0.44281842818428185,0.008152133096786614,0.4855681300163269,0.033238047807444035
synthetic_redundancy_hard,MaxLoss,0.4,0.0,370,10,374.0,0.0,79.6,14.316424134538623,453.6,14.316424134538623,0.17415241135749965,0.005077266343463822,0.032450000000000014,0.005225051833873679,,,,,,,,,1.8407416165922768,0.016690624873200118,0.0,0.0,0.0,0.0,371.0,0.0,0.33475935828877007,0.0066313993717427,0.44625668449197864,0.0074935245404135105,0.5179724782705307,0.038850949652093014
synthetic_redundancy_hard,MaxLoss,0.4,0.0,375,10,379.0,0.0,74.5,17.374470415590288,453.5,17.374470415590288,0.17410233803093433,0.006148698885523465,0.033599999999999984,0.005557797325479863,,,,,,,,,1.874655083293328,0.017297930959305423,0.0,0.0,0.0,0.0,376.0,0.0,0.33430079155672826,0.006756197594409367,0.4467018469656992,0.007253137702733222,0.5058203727006912,0.04168273554832215
synthetic_redundancy_hard,MaxLoss,0.4,0.0,380,10,384.0,0.0,69.7,14.69546415281486,453.7,14.69546415281486,0.17418649028404615,0.0052078546212148275,0.03498000000000001,0.004714676847651145,,,,,,,,,1.9086644957016687,0.01760401779135122,0.0,0.0,0.0,0.0,381.0,0.0,0.3348958333333333,0.006770833333333331,0.4486979166666666,0.006679516876114803,0.5011123836040496,0.04339564444835498
synthetic_redundancy_hard,MaxLoss,0.4,0.0,383,1,387.0,0.0,0.0,0.0,387.0,0.0,0.15046584833180532,0.0,0.026100000000000012,0.0,,,,,,,,,1.8983995000016876,0.0,1.0,0.0,0.0,0.0,384.0,0.0,0.35400516795865633,0.0,0.4134366925064599,0.0,0.43995118141174316,0.0
synthetic_redundancy_hard,MaxLoss,0.4,0.0,385,9,389.0,0.0,128.88888888888889,28.019063175534043,517.8888888888889,28.019063175534043,0.1968278549482218,0.009851551984302332,0.059088888888888885,0.00963456515256461,,,,,,,,,1.9489452871105943,0.019302737083101946,0.0,0.0,0.0,0.0,386.0,0.0,0.33333333333333326,0.0073338657963254875,0.45301342473578976,0.006452074834662389,0.5057964887883928,0.0517947736887562
synthetic_redundancy_hard,MaxLoss,0.4,0.0,390,9,394.0,0.0,80.33333333333333,19.122412679017955,474.3333333333333,19.12241267901796,0.18148529532158542,0.006756774798937695,0.03179999999999999,0.00786610167462611,,,,,,,,,1.9863175135558575,0.019182582921905448,0.0,0.0,0.0,0.0,391.0,0.0,0.3333333333333333,0.006675014313899959,0.4531866892272984,0.005786318253999769,0.4969879322581821,0.049865400208585244
synthetic_redundancy_hard,MaxLoss,0.4,0.0,395,9,399.0,0.0,90.22222222222223,21.127771204019194,489.22222222222223,21.127771204019194,0.18674422615569913,0.007453930481062688,0.044966666666666676,0.006496280987354732,,,,,,,,,2.02465204633255,0.019443727483604848,0.0,0.0,0.0,0.0,396.0,0.0,0.3333333333333333,0.0067998415188386405,0.45419103313840153,0.00579968409904164,0.5048202077547709,0.04877006615664164
synthetic_redundancy_hard,MaxLoss,0.4,0.0,40,10,44.0,0.0,506.4,20.004555036846536,550.4,20.004555036846536,0.20831799139268697,0.007029010514968575,0.13098,0.00851669993470345,,,,,,,,,0.15411571650765837,0.012608463874018885,0.0,0.0,0.0,0.0,41.0,0.0,0.3590909090909091,0.02910511017014931,0.375,0.029389643547380034,0.7336744904518128,0.025569444793815232
synthetic_redundancy_hard,MaxLoss,0.4,0.0,400,9,404.0,0.0,84.88888888888889,21.45372568294403,488.8888888888889,21.45372568294403,0.18662283533356255,0.007581625278862377,0.04087777777777778,0.005330201626835145,,,,,,,,,2.0650320462171092,0.020785919101485164,0.0,0.0,0.0,0.0,401.0,0.0,0.3341584158415841,0.006091098622208497,0.45379537953795374,0.0056715045729651475,0.506655646695031,0.053134403889533804
synthetic_redundancy_hard,MaxLoss,0.4,0.0,405,9,409.0,0.0,79.0,21.509687739868905,488.0,21.509687739868905,0.186309364093985,0.007592283968941845,0.03888888888888889,0.007207258001572764,,,,,,,,,2.1035985045600682,0.020906695341589936,0.0,0.0,0.0,0.0,406.0,0.0,0.3333333333333333,0.005587330562674036,0.45340939961966853,0.005392402401868841,0.5097992155287001,0.05349212045744955
synthetic_redundancy_hard,MaxLoss,0.4,0.0,410,9,414.0,0.0,94.11111111111111,19.674041304078017,508.1111111111111,19.674041304078017,0.19342439339703155,0.00694699231183355,0.04604444444444443,0.005449008857660648,,,,,,,,,2.139041092673627,0.021245034696641466,0.0,0.0,0.0,0.0,411.0,0.0,0.3333333333333333,0.005092234557437004,0.45356951154052605,0.004860646880374349,0.502695620059967,0.056257811722802094
synthetic_redundancy_hard,MaxLoss,0.4,0.0,415,9,419.0,0.0,72.88888888888889,13.296244712579194,491.8888888888889,13.296244712579194,0.18772259098477662,0.004695756959362966,0.0386888888888889,0.005003205762432172,,,,,,,,,2.1746231481148346,0.021043296902823593,0.0,0.0,0.0,0.0,416.0,0.0,0.3325377883850438,0.004920173777586706,0.45346062052505964,0.005366244058564853,0.5018988384140862,0.05315690632655198
synthetic_redundancy_hard,MaxLoss,0.4,0.0,420,9,424.0,0.0,76.11111111111111,22.6589720054922,500.1111111111111,22.6589720054922,0.19058418808142757,0.007990020966215265,0.040455555555555564,0.007387435111787054,,,,,,,,,2.211452509127816,0.020988567896049873,0.0,0.0,0.0,0.0,421.0,0.0,0.3312368972746331,0.0052312538725568965,0.4528301886792453,0.005614330525584001,0.500354121128718,0.04955694599800606
synthetic_redundancy_hard,MaxLoss,0.4,0.0,425,9,429.0,0.0,70.22222222222223,18.17719708390599,499.22222222222223,18.17719708390599,0.19029418701150766,0.006410275352637152,0.039977777777777765,0.006512696526737812,,,,,,,,,2.2504388656687095,0.021940728658563755,0.0,0.0,0.0,0.0,426.0,0.0,0.3315203315203315,0.00513611292801138,0.4527324527324528,0.005952781628884331,0.4982100824515025,0.05358743849144066
synthetic_redundancy_hard,MaxLoss,0.4,0.0,430,9,434.0,0.0,58.111111111111114,16.843597897226612,492.1111111111111,16.843597897226612,0.18778715628690812,0.005943839873268916,0.03471111111111111,0.006527430250796427,,,,,,,,,2.287681018558538,0.022249991791744236,0.0,0.0,0.0,0.0,431.0,0.0,0.33000512032770096,0.005091444393587135,0.45289298515104964,0.006461561425562708,0.501400500535965,0.05324996334108733
synthetic_redundancy_hard,MaxLoss,0.4,0.0,435,9,439.0,0.0,61.22222222222222,20.423827164598283,500.22222222222223,20.423827164598283,0.19063688094805306,0.007195449808407099,0.0408888888888889,0.007544027152589808,,,,,,,,,2.32460931011398,0.021785925245355414,0.0,0.0,0.0,0.0,436.0,0.0,0.3287775246772969,0.005149832940869603,0.45304986079473547,0.006963713739406536,0.5035374263922373,0.05192174516488072
synthetic_redundancy_hard,MaxLoss,0.4,0.0,436,1,440.0,0.0,0.0,0.0,440.0,0.0,0.16935760364867747,0.0,0.016700000000000048,0.0,,,,,,,,,2.325603500008583,0.0,1.0,0.0,0.0,0.0,437.0,0.0,0.31363636363636366,0.0,0.4431818181818182,0.0,0.45571717619895935,0.0
synthetic_redundancy_hard,MaxLoss,0.4,0.0,440,8,444.0,0.0,43.875,16.09507189439408,487.875,16.09507189439408,0.18629781477648066,0.005671161975178981,0.03373749999999999,0.0065414321689847505,,,,,,,,,2.363826088498172,0.024857017630713147,0.0,0.0,0.0,0.0,441.0,0.0,0.3310810810810811,0.004963722207381444,0.45579954954954954,0.007696094343258869,0.5166387893259525,0.06206085227112627
synthetic_redundancy_hard,MaxLoss,0.4,0.0,445,8,449.0,0.0,52.125,17.560545773327856,501.125,17.560545773327856,0.1909741596027743,0.006193844719721102,0.0358875,0.005619304656399103,,,,,,,,,2.405011885377462,0.027864786739214293,0.0,0.0,0.0,0.0,446.0,0.0,0.33101336302895323,0.004372812147279485,0.4557349665924276,0.007325734280531322,0.5156607963144779,0.06186036396066323
synthetic_redundancy_hard,MaxLoss,0.4,0.0,447,1,451.0,0.0,0.0,0.0,451.0,0.0,0.17326421377947554,0.0,0.023399999999999976,0.0,,,,,,,,,2.5249727920163423,0.0,1.0,0.0,0.0,0.0,448.0,0.0,0.3259423503325942,0.0,0.4789356984478936,0.0,0.5715302228927612,0.0
synthetic_redundancy_hard,MaxLoss,0.4,0.0,45,10,49.0,0.0,516.6,36.969116239850194,565.6,36.969116239850194,0.21352681634016335,0.01300228807379429,0.13212000000000002,0.012536575821703998,,,,,,,,,0.1709865833981894,0.013709490984631064,0.0,0.0,0.0,0.0,46.0,0.0,0.3551020408163265,0.030755522599883848,0.37346938775510197,0.03132946650250192,0.7397670924663544,0.016161321702913636
synthetic_redundancy_hard,MaxLoss,0.4,0.0,450,7,454.0,0.0,33.714285714285715,10.441935338118226,487.7142857142857,10.441935338118226,0.18625937615953653,0.0036912299939628503,0.027085714285714286,0.005319435548798686,,,,,,,,,2.428099975996052,0.027751996801549585,0.0,0.0,0.0,0.0,451.0,0.0,0.3332284455632473,0.004628154284227018,0.4534298300818125,0.007168524701003471,0.5031883248261043,0.06820982991876925
synthetic_redundancy_hard,MaxLoss,0.4,0.0,455,7,459.0,0.0,68.85714285714286,17.721964541519778,527.8571428571429,17.721964541519778,0.20040890479659929,0.006238552186927183,0.038799999999999994,0.004904565414464559,,,,,,,,,2.464434589142911,0.028180416897207558,0.0,0.0,0.0,0.0,456.0,0.0,0.3330220977279801,0.004445333600088922,0.453781512605042,0.007126774352358373,0.5060228620256696,0.0665265587299766
synthetic_redundancy_hard,MaxLoss,0.4,0.0,460,7,464.0,0.0,70.0,23.255311733226105,534.0,23.255311733226105,0.20255236108953664,0.008174919680335454,0.04212857142857142,0.0074745827813398405,,,,,,,,,2.5083539761503095,0.03373059777358433,0.0,0.0,0.0,0.0,461.0,0.0,0.33097290640394084,0.0040142871953218265,0.45197044334975367,0.006955221212995659,0.49764985697610037,0.06678853948703418
synthetic_redundancy_hard,MaxLoss,0.4,0.0,465,7,469.0,0.0,15.0,3.585685828003181,484.0,3.585685828003181,0.18495566618262924,0.001268160759702798,0.025342857142857143,0.0031952984168601775,,,,,,,,,2.546836809280129,0.03535081758880246,0.0,0.0,0.0,0.0,466.0,0.0,0.3286628084069449,0.0038488966232155244,0.44928419128845576,0.007051987147602942,0.4972962268761226,0.06814780073948437
synthetic_redundancy_hard,MaxLoss,0.4,0.0,469,1,473.0,0.0,0.0,0.0,473.0,0.0,0.1810637908638455,0.0,0.02629999999999999,0.0,,,,,,,,,2.5247476660297252,0.0,1.0,0.0,0.0,0.0,470.0,0.0,0.3361522198731501,0.0,0.4312896405919662,0.0,0.30506786704063416,0.0
synthetic_redundancy_hard,MaxLoss,0.4,0.0,470,6,474.0,0.0,48.833333333333336,24.179077273084218,522.8333333333334,24.17907727308422,0.19862358437967487,0.008496345399455197,0.03705000000000003,0.008229408646231317,,,,,,,,,2.5919831943368385,0.040557590872200525,0.0,0.0,0.0,0.0,471.0,0.0,0.3263009845288326,0.003990509411845597,0.4525316455696202,0.00841681378592533,0.5248130808273951,0.0686849833323696
synthetic_redundancy_hard,MaxLoss,0.4,0.0,474,1,478.0,0.0,0.0,0.0,478.0,0.0,0.18283396633341908,0.0,0.012199999999999989,0.0,,,,,,,,,2.6287954580038786,0.0,1.0,0.0,0.0,0.0,475.0,0.0,0.33472803347280333,0.0,0.4497907949790795,0.0,0.39305809140205383,0.0
synthetic_redundancy_hard,MaxLoss,0.4,0.0,475,5,479.0,0.0,74.2,32.33017166672642,553.2,32.33017166672642,0.2092943038442172,0.01135323129217776,0.04480000000000002,0.007500000000000003,,,,,,,,,2.6285046334029176,0.049093741532196894,0.0,0.0,0.0,0.0,476.0,0.0,0.3231732776617954,0.004640106632754252,0.4526096033402923,0.010734831008085546,0.5685430705547333,0.07044301979394393
synthetic_redundancy_hard,MaxLoss,0.4,0.0,480,5,484.0,0.0,47.4,21.65548429382266,531.4,21.65548429382266,0.20165790979517623,0.0076080676392718885,0.03527999999999998,0.00763022935435102,,,,,,,,,2.6678872582037,0.04994539389187315,0.0,0.0,0.0,0.0,481.0,0.0,0.32148760330578513,0.00446013081506672,0.4524793388429752,0.010676041886581666,0.5773837327957153,0.0730199982117056
synthetic_redundancy_hard,MaxLoss,0.4,0.0,481,1,485.0,0.0,0.0,0.0,485.0,0.0,0.18531072669429705,0.0,0.023399999999999976,0.0,,,,,,,,,2.6012066249968484,0.0,1.0,0.0,0.0,0.0,482.0,0.0,0.31752577319587627,0.0,0.43917525773195876,0.0,0.5478906631469727,0.0
synthetic_redundancy_hard,MaxLoss,0.4,0.0,483,1,487.0,0.0,0.0,0.0,487.0,0.0,0.18601805780781433,0.0,0.012499999999999956,0.0,,,,,,,,,2.6176352499751374,0.0,1.0,0.0,0.0,0.0,484.0,0.0,0.32854209445585214,0.0,0.4722792607802875,0.0,0.7661473751068115,0.0
synthetic_redundancy_hard,MaxLoss,0.4,0.0,485,3,489.0,0.0,74.33333333333333,33.33833295838958,563.3333333333334,33.33833295838958,0.21288448529473195,0.01169308761802079,0.045966666666666676,0.014633788907107325,,,,,,,,,2.7643016250027963,0.06910154451116154,0.0,0.0,0.0,0.0,486.0,0.0,0.31901840490797545,0.0051464447411525205,0.4498977505112474,0.017150300784470527,0.5460755527019501,0.1129190740461528
synthetic_redundancy_hard,MaxLoss,0.4,0.0,490,3,494.0,0.0,34.666666666666664,10.203485243342644,528.6666666666666,10.203485243342646,0.20072027631492043,0.0035926630801877578,0.0312666666666667,0.006726646845031908,,,,,,,,,2.81438913900638,0.08341032302587664,0.0,0.0,0.0,0.0,491.0,0.0,0.3164642375168691,0.005523180008011104,0.4473684210526316,0.016976714744141867,0.5416380862394968,0.11671294991828135
synthetic_redundancy_hard,MaxLoss,0.4,0.0,495,3,499.0,0.0,87.33333333333333,18.976593769987048,586.3333333333334,18.976593769987044,0.22097620948140198,0.006655425632530021,0.05319999999999999,0.007921068951431593,,,,,,,,,2.852949541663596,0.08457467576309735,0.0,0.0,0.0,0.0,496.0,0.0,0.3139612558450234,0.004817035772162965,0.44422177688710757,0.017406565425244318,0.544460286696752,0.1141574922114555
synthetic_redundancy_hard,MaxLoss,0.4,0.0,5,10,9.0,0.0,482.0,21.15550887016324,491.0,21.15550887016324,0.1873608530673664,0.007492038719311236,0.11857,0.007199722988498318,,,,,,,,,0.02733864149195142,0.0021554216397039164,0.0,0.0,0.0,0.0,6.0,0.0,0.3333333333333333,0.05493480360811601,0.3999999999999999,0.044444444444444446,0.6607694029808044,0.01618030867192875
synthetic_redundancy_hard,MaxLoss,0.4,0.0,50,10,54.0,0.0,502.0,24.0762677063258,556.0,24.0762677063258,0.21025883976253681,0.008483571570928276,0.13369999999999999,0.008977527499261695,,,,,,,,,0.1873554748017341,0.014672325077179839,0.0,0.0,0.0,0.0,51.0,0.0,0.36296296296296293,0.02831443195353016,0.37962962962962965,0.028854310845728995,0.7319355964660644,0.02831362880415166
synthetic_redundancy_hard,MaxLoss,0.4,0.0,500,3,504.0,0.0,64.0,27.513632984395212,568.0,27.513632984395212,0.2145334286033176,0.009648591978340738,0.04399999999999996,0.0091358269102109,,,,,,,,,2.887912430684082,0.08435215034192645,0.0,0.0,0.0,0.0,501.0,0.0,0.31084656084656087,0.004769247718867712,0.4417989417989418,0.016613567046402745,0.534361849228541,0.10353188100042937
synthetic_redundancy_hard,MaxLoss,0.4,0.0,504,1,508.0,0.0,0.0,0.0,508.0,0.0,0.19343678752193227,0.0,0.012499999999999956,0.0,,,,,,,,,3.089214042003732,0.0,1.0,0.0,0.0,0.0,505.0,0.0,0.3031496062992126,0.0,0.44291338582677164,0.0,0.4003150761127472,0.0
synthetic_redundancy_hard,MaxLoss,0.4,0.0,505,2,509.0,0.0,28.0,20.0,537.0,20.0,0.20365169760771096,0.007039952441118657,0.029400000000000037,0.010699999999999987,,,,,,,,,2.8403218959865626,0.007781271036947145,0.0,0.0,0.0,0.0,506.0,0.0,0.31237721021611,0.0019646365422396894,0.4390962671905697,0.030451866404715113,0.6111629456281662,0.14924122393131256
synthetic_redundancy_hard,MaxLoss,0.4,0.0,507,1,511.0,0.0,0.0,0.0,511.0,0.0,0.1944954011705704,0.0,0.010499999999999954,0.0,,,,,,,,,2.870068625023123,0.0,1.0,0.0,0.0,0.0,508.0,0.0,0.3131115459882583,0.0,0.46771037181996084,0.0,0.4859618842601776,0.0
synthetic_redundancy_hard,MaxLoss,0.4,0.0,510,1,514.0,0.0,280.0,0.0,794.0,0.0,0.29323898116126657,0.0,0.10950000000000004,0.0,,,,,,,,,2.8674807499628514,0.0,0.0,0.0,0.0,0.0,511.0,0.0,0.30739299610894943,0.0,0.4046692607003891,0.0,0.7653203010559082,0.0
synthetic_redundancy_hard,MaxLoss,0.4,0.0,515,1,519.0,0.0,95.0,0.0,614.0,0.0,0.23067405057372525,0.0,0.05069999999999997,0.0,,,,,,,,,2.9052977910032496,0.0,0.0,0.0,0.0,0.0,516.0,0.0,0.3044315992292871,0.0,0.4007707129094412,0.0,0.7461916208267212,0.0
synthetic_redundancy_hard,MaxLoss,0.4,0.0,520,1,524.0,0.0,83.0,0.0,607.0,0.0,0.2282249380950816,0.0,0.047599999999999976,0.0,,,,,,,,,2.9435581249999814,0.0,0.0,0.0,0.0,0.0,521.0,0.0,0.3015267175572519,0.0,0.40076335877862596,0.0,0.7658432126045227,0.0
synthetic_redundancy_hard,MaxLoss,0.4,0.0,525,1,529.0,0.0,103.0,0.0,632.0,0.0,0.2369657856761478,0.0,0.061899999999999955,0.0,,,,,,,,,2.9819832499488257,0.0,0.0,0.0,0.0,0.0,526.0,0.0,0.3005671077504726,0.0,0.4007561436672968,0.0,0.785257875919342,0.0
synthetic_redundancy_hard,MaxLoss,0.4,0.0,530,1,534.0,0.0,94.0,0.0,628.0,0.0,0.2355683579808101,0.0,0.05379999999999996,0.0,,,,,,,,,3.0205360829713754,0.0,0.0,0.0,0.0,0.0,531.0,0.0,0.299625468164794,0.0,0.398876404494382,0.0,0.7794924974441528,0.0
synthetic_redundancy_hard,MaxLoss,0.4,0.0,535,1,539.0,0.0,102.0,0.0,641.0,0.0,0.24010848422767594,0.0,0.06230000000000002,0.0,,,,,,,,,3.0587103329598904,0.0,0.0,0.0,0.0,0.0,536.0,0.0,0.29684601113172543,0.0,0.4007421150278293,0.0,0.767425537109375,0.0
synthetic_redundancy_hard,MaxLoss,0.4,0.0,540,1,544.0,0.0,99.0,0.0,643.0,0.0,0.2408065793570131,0.0,0.06659999999999999,0.0,,,,,,,,,3.102378040959593,0.0,0.0,0.0,0.0,0.0,541.0,0.0,0.29411764705882354,0.0,0.4007352941176471,0.0,0.767593264579773,0.0
synthetic_redundancy_hard,MaxLoss,0.4,0.0,545,1,549.0,0.0,82.0,0.0,631.0,0.0,0.23661646782420576,0.0,0.05669999999999997,0.0,,,,,,,,,3.1430228329845704,0.0,0.0,0.0,0.0,0.0,546.0,0.0,0.29143897996357016,0.0,0.4007285974499089,0.0,0.7219920754432678,0.0
synthetic_redundancy_hard,MaxLoss,0.4,0.0,55,10,59.0,0.0,526.5,29.059039519188822,585.5,29.059039519188822,0.22058469328912905,0.010199673726474432,0.13662999999999995,0.009450620790896931,,,,,,,,,0.2018561373988632,0.014987871018273145,0.0,0.0,0.0,0.0,56.0,0.0,0.35254237288135587,0.027769956446202275,0.37457627118644066,0.02749851643759991,0.7446737945079803,0.017465507743921988
synthetic_redundancy_hard,MaxLoss,0.4,0.0,550,1,554.0,0.0,12.0,0.0,566.0,0.0,0.2138529270887375,0.0,0.02290000000000003,0.0,,,,,,,,,3.185016415955033,0.0,0.0,0.0,0.0,0.0,551.0,0.0,0.2888086642599278,0.0,0.40252707581227437,0.0,0.7039058208465576,0.0
synthetic_redundancy_hard,MaxLoss,0.4,0.0,555,1,559.0,0.0,77.0,0.0,636.0,0.0,0.23836279823444784,0.0,0.04630000000000001,0.0,,,,,,,,,3.226474540948402,0.0,0.0,0.0,0.0,0.0,556.0,0.0,0.28622540250447226,0.0,0.39892665474060823,0.0,0.7072728276252747,0.0
synthetic_redundancy_hard,MaxLoss,0.4,0.0,560,1,564.0,0.0,81.0,0.0,645.0,0.0,0.24150457250652835,0.0,0.04830000000000001,0.0,,,,,,,,,3.3138496250030585,0.0,0.0,0.0,0.0,0.0,561.0,0.0,0.28368794326241137,0.0,0.3953900709219858,0.0,0.6874078512191772,0.0
synthetic_redundancy_hard,MaxLoss,0.4,0.0,563,1,567.0,0.0,0.0,0.0,567.0,0.0,0.2142040331964381,0.0,0.021299999999999986,0.0,,,,,,,,,3.3404022909817286,0.0,1.0,0.0,0.0,0.0,564.0,0.0,0.2821869488536155,0.0,0.3950617283950617,0.0,0.7300264239311218,0.0
synthetic_redundancy_hard,MaxLoss,0.4,0.0,60,10,64.0,0.0,500.9,21.980016176315956,564.9,21.980016176315956,0.21340047648409383,0.0077359815546134535,0.13349,0.008173268759940682,,,,,,,,,0.21439265420194714,0.0147007822500577,0.0,0.0,0.0,0.0,61.0,0.0,0.3453125,0.02959598467744869,0.375,0.029092166757851957,0.7431295394897461,0.02732894891353246
synthetic_redundancy_hard,MaxLoss,0.4,0.0,65,10,69.0,0.0,538.4,22.124496227786366,607.4,22.124496227786366,0.22830597368301825,0.007735942533903275,0.14128000000000002,0.007001060237167259,,,,,,,,,0.2270422333967872,0.014453870280939835,0.0,0.0,0.0,0.0,66.0,0.0,0.34782608695652173,0.02970130656799884,0.3869565217391304,0.028006827131663272,0.758499926328659,0.015360143023559565
synthetic_redundancy_hard,MaxLoss,0.4,0.0,70,10,74.0,0.0,497.1,19.342210605592918,571.1,19.342210605592918,0.21559322026441805,0.006799399938222332,0.13183999999999998,0.007718566360838427,,,,,,,,,0.23950688730110414,0.014108405811134508,0.0,0.0,0.0,0.0,71.0,0.0,0.3513513513513514,0.030015011259383204,0.3959459459459459,0.027255044157488004,0.7520758807659149,0.026067453583618477
synthetic_redundancy_hard,MaxLoss,0.4,0.0,75,10,79.0,0.0,531.5,19.277073314057702,610.5,19.277073314057702,0.2294056542334147,0.006733699079092858,0.14090999999999995,0.006025011756558379,,,,,,,,,0.252184620895423,0.01380286981652925,0.0,0.0,0.0,0.0,76.0,0.0,0.35443037974683544,0.03218941961647367,0.4075949367088608,0.028852862442664568,0.7657319664955139,0.015194134774817568
synthetic_redundancy_hard,MaxLoss,0.4,0.0,80,10,84.0,0.0,486.5,19.791271925888047,570.5,19.791271925888047,0.21537993719102816,0.006959922607862692,0.12958,0.007407725696865403,,,,,,,,,0.26451700840261766,0.013614596159168003,0.0,0.0,0.0,0.0,81.0,0.0,0.3488095238095238,0.031499539083279585,0.405952380952381,0.027403947096221497,0.7538529813289643,0.024404066045333014
synthetic_redundancy_hard,MaxLoss,0.4,0.0,85,10,89.0,0.0,521.2,16.524594464682703,610.2,16.524594464682703,0.22931259927572684,0.005769340266165019,0.13881,0.00518987154625879,,,,,,,,,0.27583003329928035,0.01353557755606618,0.0,0.0,0.0,0.0,86.0,0.0,0.3438202247191012,0.026227927191028608,0.4078651685393259,0.025404745890803927,0.764720356464386,0.014950814669099262
synthetic_redundancy_hard,MaxLoss,0.4,0.0,90,10,94.0,0.0,470.0,19.289029697386713,564.0,19.289029697386713,0.21310021432582288,0.006784318724470293,0.12584999999999996,0.007039243172702899,,,,,,,,,0.28708925818209535,0.013474510118884704,0.0,0.0,0.0,0.0,91.0,0.0,0.3425531914893617,0.02247231137270193,0.4085106382978723,0.025971394927092977,0.7523780703544617,0.021768936898515088
synthetic_redundancy_hard,MaxLoss,0.4,0.0,95,10,99.0,0.0,491.8,21.12491946072747,590.8,21.124919460727472,0.22249702548142522,0.007391136243389838,0.13151000000000002,0.0067812724141974685,,,,,,,,,0.298887470603222,0.013487831981559688,0.0,0.0,0.0,0.0,96.0,0.0,0.3353535353535354,0.01996493882878599,0.4070707070707071,0.026082869234834084,0.7606857359409332,0.013510526883504488
synthetic_redundancy_hard,PU-C,0.0,0.0,0,10,4.0,0.0,657.7,98.55827943123015,661.7,98.55827943123015,0.24630147875868716,0.03410475156129518,0.19464,0.03663718269129812,,,,,,,,,0.007124516600742936,0.00044010769216940824,0.0,0.0,0.0,0.0,1.0,0.0,0.0,0.0,0.2,0.049999999999999996,0.5554959207773209,0.02468425409525466
synthetic_redundancy_hard,PU-C,0.0,0.0,10,10,14.0,0.0,324.3,55.56078753141563,338.3,55.56078753141563,0.13213020623661578,0.020118936799206965,0.08207,0.012054174472863008,,,,,,,,,0.03729432070977055,0.0010271577771327131,0.0,0.0,0.0,0.0,11.0,0.0,0.0,0.0,0.07857142857142856,0.016666666666666666,0.6845294415950776,0.008711705977350234
synthetic_redundancy_hard,PU-C,0.0,0.0,100,9,104.0,0.0,29.444444444444443,15.297159423231264,133.44444444444446,15.297159423231264,0.057487901119101376,0.00572581939694445,0.022977777777777778,0.0037203560827850954,,,,,,,,,0.3109900277793511,0.021316057203429425,0.1111111111111111,0.1111111111111111,0.0,0.0,101.0,0.0,0.0,0.0,0.15170940170940173,0.026948714221430425,0.8227249052789476,0.012802427770561965
synthetic_redundancy_hard,PU-C,0.0,0.0,102,2,106.0,0.0,0.0,0.0,106.0,0.0,0.04712998168542981,0.0,0.017799999999999983,0.002400000000000013,,,,,,,,,0.2880983125360217,0.003261604491854086,1.0,0.0,0.0,0.0,103.0,0.0,0.0,0.0,0.18867924528301888,0.05660377358490566,0.847139298915863,0.0063950419425964355
synthetic_redundancy_hard,PU-C,0.0,0.0,103,2,107.0,0.0,0.0,0.0,107.0,0.0,0.04751565994229168,0.0,0.016400000000000026,0.0016999999999999793,,,,,,,,,0.3944308334903326,0.09062204146175645,1.0,0.0,0.0,0.0,104.0,0.0,0.0,0.0,0.2009345794392523,0.05140186915887849,0.8054879009723663,0.008233219385147095
synthetic_redundancy_hard,PU-C,0.0,0.0,104,1,108.0,0.0,0.0,0.0,108.0,0.0,0.04790108359884471,0.0,0.014900000000000024,0.0,,,,,,,,,0.2949908329755999,0.0,1.0,0.0,0.0,0.0,105.0,0.0,0.0,0.0,0.16666666666666666,0.0,0.8295556902885437,0.0
synthetic_redundancy_hard,PU-C,0.0,0.0,105,3,109.0,0.0,14.0,9.018499505645789,123.0,9.018499505645789,0.05363740956333155,0.0034362215848340294,0.020633333333333354,0.0031991318266749265,,,,,,,,,0.3240889720036648,0.02921840498058677,0.0,0.0,0.0,0.0,106.0,0.0,0.0,0.0,0.11009174311926606,0.057293559618333934,0.8393932183583578,0.01476317994362169
synthetic_redundancy_hard,PU-C,0.0,0.0,108,1,112.0,0.0,0.0,0.0,112.0,0.0,0.04944029700709507,0.0,0.017800000000000038,0.0,,,,,,,,,0.40401887497864664,0.0,1.0,0.0,0.0,0.0,109.0,0.0,0.0,0.0,0.026785714285714284,0.0,0.8402699828147888,0.0
synthetic_redundancy_hard,PU-C,0.0,0.0,110,2,114.0,0.0,10.5,9.5,124.5,9.5,0.05421719668083824,0.0036250087723601605,0.01815,0.00165000000000004,,,,,,,,,0.30871343702892773,0.010753729002317414,0.0,0.0,0.0,0.0,111.0,0.0,0.0,0.0,0.15789473684210525,0.05263157894736841,0.8346221446990967,0.021939456462860104
synthetic_redundancy_hard,PU-C,0.0,0.0,111,1,115.0,0.0,0.0,0.0,115.0,0.0,0.05059218790847808,0.0,0.01739999999999997,0.0,,,,,,,,,0.30330362502718344,0.0,1.0,0.0,0.0,0.0,112.0,0.0,0.0,0.0,0.21739130434782608,0.0,0.8623723387718201,0.0
synthetic_redundancy_hard,PU-C,0.0,0.0,112,1,116.0,0.0,0.0,0.0,116.0,0.0,0.050975687336176634,0.0,0.01629999999999998,0.0,,,,,,,,,0.32686050003394485,0.0,1.0,0.0,0.0,0.0,113.0,0.0,0.0,0.0,0.10344827586206896,0.0,0.8112581968307495,0.0
synthetic_redundancy_hard,PU-C,0.0,0.0,15,10,19.0,0.0,312.3,48.60796688244062,331.3,48.60796688244062,0.12989259460591712,0.01747843414168565,0.07986,0.009749384026126417,,,,,,,,,0.05171012909268029,0.001457099750510111,0.0,0.0,0.0,0.0,16.0,0.0,0.0,0.0,0.06842105263157894,0.015789473684210523,0.7333612203598022,0.011237127193046582
synthetic_redundancy_hard,PU-C,0.0,0.0,20,10,24.0,0.0,281.9,45.02232779410678,305.9,45.02232779410678,0.12072467168909498,0.016286583527139235,0.07239999999999999,0.009192581550117221,,,,,,,,,0.06594869150430896,0.0018755983099620476,0.0,0.0,0.0,0.0,21.0,0.0,0.0,0.0,0.06666666666666667,0.0198373011903968,0.7673750758171082,0.00746433693720439
synthetic_redundancy_hard,PU-C,0.0,0.0,25,10,29.0,0.0,235.9,42.6943790211311,264.9,42.6943790211311,0.10581615401315503,0.01552048102989057,0.06329000000000001,0.008367124157478877,,,,,,,,,0.08022662900038995,0.002313953675346505,0.0,0.0,0.0,0.0,26.0,0.0,0.0,0.0,0.07586206896551724,0.03160397031004028,0.7849820375442504,0.01180952040373722
synthetic_redundancy_hard,PU-C,0.0,0.0,30,10,34.0,0.0,218.5,37.606515392947536,252.5,37.606515392947536,0.10142751396633684,0.013636281388782586,0.05922999999999999,0.00732573924976555,,,,,,,,,0.09473332079942338,0.002697798563602491,0.0,0.0,0.0,0.0,31.0,0.0,0.0,0.0,0.0911764705882353,0.04192824466733941,0.8012650907039642,0.010409560525830766
synthetic_redundancy_hard,PU-C,0.0,0.0,35,10,39.0,0.0,186.2,33.40086492559403,225.2,33.40086492559403,0.09140044032828883,0.012284137687686613,0.05353000000000001,0.006502974533071599,,,,,,,,,0.10888994979904965,0.0032142406428874986,0.0,0.0,0.0,0.0,36.0,0.0,0.0,0.0,0.08717948717948718,0.039204598089503294,0.8061174333095551,0.01533091463432142
synthetic_redundancy_hard,PU-C,0.0,0.0,40,10,44.0,0.0,167.7,31.502751202606625,211.7,31.502751202606625,0.08653978687361814,0.011446672354394706,0.049980000000000004,0.006263204717501523,,,,,,,,,0.12279315011110156,0.0036229684696378545,0.0,0.0,0.0,0.0,41.0,0.0,0.0,0.0,0.09545454545454546,0.03769653122613554,0.8160570502281189,0.013142371199305359
synthetic_redundancy_hard,PU-C,0.0,0.0,45,10,49.0,0.0,150.7,26.662103776292255,199.7,26.662103776292255,0.08211331677739508,0.009860510973535677,0.04626999999999999,0.005202073304622566,,,,,,,,,0.1366512664943002,0.00402438714678167,0.0,0.0,0.0,0.0,46.0,0.0,0.0,0.0,0.09183673469387756,0.03431836260035221,0.8133378267288208,0.015492003148066327
synthetic_redundancy_hard,PU-C,0.0,0.0,5,10,9.0,0.0,435.3,47.145413350611314,444.3,47.145413350611314,0.17046631636330858,0.016811168124647752,0.10769000000000002,0.011449089726067991,,,,,,,,,0.02267253740574233,0.0006586116575204539,0.0,0.0,0.0,0.0,6.0,0.0,0.0,0.0,0.1,0.02592592592592592,0.6065796911716461,0.0211347758580042
synthetic_redundancy_hard,PU-C,0.0,0.0,50,10,54.0,0.0,129.7,29.138767609111017,183.7,29.138767609111017,0.07616599296452478,0.010640380360857182,0.04272,0.005954509029112115,,,,,,,,,0.150653808406787,0.00437067090291573,0.0,0.0,0.0,0.0,51.0,0.0,0.0,0.0,0.09629629629629628,0.03193214112685818,0.8219438195228577,0.011787721170330716
synthetic_redundancy_hard,PU-C,0.0,0.0,55,10,59.0,0.0,117.9,20.958928089639187,176.9,20.958928089639187,0.07373284746427089,0.007804226998100413,0.03963,0.004171411964524457,,,,,,,,,0.16541337070520967,0.005454442067338947,0.0,0.0,0.0,0.0,56.0,0.0,0.0,0.0,0.09491525423728814,0.030654598793786517,0.8129157423973083,0.014829157762590554
synthetic_redundancy_hard,PU-C,0.0,0.0,60,10,64.0,0.0,103.3,25.016461247213467,167.3,25.016461247213467,0.07009846054716036,0.009190194483489454,0.03789,0.0051894861659577286,,,,,,,,,0.1803655707044527,0.0068315494484165575,0.0,0.0,0.0,0.0,61.0,0.0,0.0,0.0,0.0984375,0.029467385749615906,0.8237201273441315,0.012243746598336288
synthetic_redundancy_hard,PU-C,0.0,0.0,65,10,69.0,0.0,87.8,17.92130947596557,156.8,17.92130947596557,0.06625682564917952,0.0066871683087986,0.033579999999999985,0.0035654141102791663,,,,,,,,,0.19564834980410523,0.008238743018209623,0.0,0.0,0.0,0.0,66.0,0.0,0.0,0.0,0.10579710144927537,0.028989532731743956,0.8125325202941894,0.013902433400586339
synthetic_redundancy_hard,PU-C,0.0,0.0,70,10,74.0,0.0,80.2,22.669509625632987,154.2,22.669509625632987,0.06520925025106408,0.008362310460007537,0.033470000000000014,0.004732090212345678,,,,,,,,,0.21018767919740639,0.009533255743404146,0.0,0.0,0.0,0.0,71.0,0.0,0.0,0.0,0.11621621621621621,0.029067145594417438,0.8238934278488159,0.01293212308601785
synthetic_redundancy_hard,PU-C,0.0,0.0,75,10,79.0,0.0,66.6,15.068141520734693,145.6,15.068141520734693,0.06208279964048415,0.005642999310249492,0.029930000000000002,0.0032149321748504915,,,,,,,,,0.22489868330885657,0.010728065207393415,0.0,0.0,0.0,0.0,76.0,0.0,0.0,0.0,0.1278481012658228,0.030040890314476893,0.8147682249546051,0.01247837614977202
synthetic_redundancy_hard,PU-C,0.0,0.0,80,10,84.0,0.0,58.7,17.989533994334966,142.7,17.989533994334966,0.060947160358773546,0.006678560122387038,0.02941999999999998,0.004028393669386788,,,,,,,,,0.23981359990430065,0.012219549516383203,0.0,0.0,0.0,0.0,81.0,0.0,0.0,0.0,0.13214285714285717,0.029238788920299432,0.8248493611812592,0.011827977649615153
synthetic_redundancy_hard,PU-C,0.0,0.0,85,10,89.0,0.0,49.2,12.270832625919617,138.2,12.270832625919617,0.05932776974514127,0.00460942873333789,0.026349999999999995,0.002891183917436676,,,,,,,,,0.2560580291959923,0.015108898233796337,0.0,0.0,0.0,0.0,86.0,0.0,0.0,0.0,0.13595505617977527,0.028594714601687474,0.8163712739944458,0.011253655978943521
synthetic_redundancy_hard,PU-C,0.0,0.0,90,10,94.0,0.0,40.6,15.502114551104166,134.6,15.502114551104166,0.05791082862997428,0.0057882498937421,0.025670000000000016,0.003561430736219492,,,,,,,,,0.2713284333003685,0.016818549911488158,0.0,0.0,0.0,0.0,91.0,0.0,0.0,0.0,0.14042553191489357,0.0280478296926031,0.8244112193584442,0.011326021342928785
synthetic_redundancy_hard,PU-C,0.0,0.0,95,10,99.0,0.0,33.6,10.654367909714567,132.6,10.654367909714567,0.05722428198787384,0.004014360765954395,0.02337999999999999,0.002669240424623543,,,,,,,,,0.2889053497987334,0.017770493552164455,0.0,0.0,0.0,0.0,96.0,0.0,0.0,0.0,0.13838383838383841,0.027355736830908552,0.8175450265407562,0.010026203320054375
synthetic_redundancy_hard,PU-C,0.0,0.0,98,1,102.0,0.0,0.0,0.0,102.0,0.0,0.0455846541444771,0.0,0.019399999999999973,0.0,,,,,,,,,0.2770613339962438,0.0,1.0,0.0,0.0,0.0,99.0,0.0,0.0,0.0,0.049019607843137254,0.0,0.8123669028282166,0.0
synthetic_redundancy_hard,PU-C,0.4,0.0,0,10,4.0,0.0,522.0,23.258451271646514,526.0,23.258451271646514,0.19970385972992516,0.008212804830152994,0.131,0.009070354642092745,,,,,,,,,0.012655141792492941,0.0007095438062312606,0.0,0.0,0.0,0.0,1.0,0.0,0.0,0.0,0.15,0.040824829046386304,0.6019481837749481,0.01928984015042655
synthetic_redundancy_hard,PU-C,0.4,0.0,10,10,14.0,0.0,524.8,51.18307011763427,538.8,51.18307011763427,0.20391652650432662,0.018026788738734263,0.1303,0.017230077061799676,,,,,,,,,0.07399897099239752,0.002092093178425831,0.0,0.0,0.0,0.0,11.0,0.0,0.42857142857142855,0.02608202654786505,0.4714285714285714,0.03229680944345366,0.6619940459728241,0.011247838449950238
synthetic_redundancy_hard,PU-C,0.4,0.0,100,10,104.0,0.0,489.7,17.994474460542357,593.7,17.994474460542357,0.2235265138966497,0.006313631697030489,0.13884000000000002,0.00512703509729443,,,,,,,,,0.6439711293962318,0.013715710110282036,0.0,0.0,0.0,0.0,101.0,0.0,0.3134615384615384,0.015583648437363101,0.3769230769230769,0.018512216766914936,0.7954995930194855,0.01631855279452433
synthetic_redundancy_hard,PU-C,0.4,0.0,105,10,109.0,0.0,468.6,35.60936206486528,577.6,35.60936206486528,0.2177555785048753,0.012511354300451806,0.12054999999999998,0.010248742470284946,,,,,,,,,0.6804146000067703,0.015600462488584705,0.0,0.0,0.0,0.0,106.0,0.0,0.31009174311926613,0.013662573641399802,0.3779816513761468,0.01755681968734841,0.7822703659534455,0.01907322989974081
synthetic_redundancy_hard,PU-C,0.4,0.0,110,10,114.0,0.0,484.9,19.555306185278713,598.9,19.555306185278713,0.22534089357359335,0.006857816131591031,0.13878000000000001,0.005419118419488952,,,,,,,,,0.7124121917877346,0.01583128665088692,0.0,0.0,0.0,0.0,111.0,0.0,0.31140350877192985,0.01193111448134688,0.38245614035087716,0.016499106408965947,0.7938399136066436,0.01604754251499801
synthetic_redundancy_hard,PU-C,0.4,0.0,115,10,119.0,0.0,456.7,35.59183739130208,575.7,35.59183739130208,0.21708779741893522,0.012510939802067259,0.11804999999999999,0.01050221405228441,,,,,,,,,0.7440662541950587,0.015805208325524126,0.0,0.0,0.0,0.0,116.0,0.0,0.3109243697478991,0.012775074791026755,0.3831932773109244,0.016581118864928558,0.7830067038536072,0.01844011078092286
synthetic_redundancy_hard,PU-C,0.4,0.0,120,10,124.0,0.0,476.6,18.930398833622075,600.6,18.930398833622075,0.22593961419188419,0.006635379697466566,0.13673000000000002,0.0050974950275165095,,,,,,,,,0.7767355875868815,0.016537070454535056,0.0,0.0,0.0,0.0,121.0,0.0,0.31451612903225806,0.013654220536774507,0.3879032258064516,0.01772767429440596,0.7923659324645996,0.014995738046664691
synthetic_redundancy_hard,PU-C,0.4,0.0,125,10,129.0,0.0,487.8,25.517227296257893,616.8,25.517227296257893,0.23157465235562996,0.008926261952109849,0.13233,0.007198148681740634,,,,,,,,,0.812681604293175,0.01749146070657214,0.0,0.0,0.0,0.0,126.0,0.0,0.3147286821705426,0.013236432532160926,0.389922480620155,0.018919599491457863,0.7760900855064392,0.018619070086077827
synthetic_redundancy_hard,PU-C,0.4,0.0,130,10,134.0,0.0,451.6,28.166252462437697,585.6,28.166252462437697,0.2206193455029279,0.009927209285062412,0.12482000000000001,0.00889956053846356,,,,,,,,,0.8470446374965832,0.017386747993215032,0.0,0.0,0.0,0.0,131.0,0.0,0.3111940298507462,0.011617208386901112,0.3888059701492538,0.017214577389846723,0.7375996887683869,0.0199557472921866
synthetic_redundancy_hard,PU-C,0.4,0.0,135,10,139.0,0.0,410.9,30.300146680979758,549.9,30.300146680979758,0.20806884111952967,0.01066385190874245,0.10418999999999998,0.007948758812963608,,,,,,,,,0.8829325625963975,0.016576403891197137,0.0,0.0,0.0,0.0,136.0,0.0,0.30719424460431655,0.010289418682458005,0.3841726618705036,0.01637733436831067,0.693072783946991,0.019901274016041512
synthetic_redundancy_hard,PU-C,0.4,0.0,140,10,144.0,0.0,419.7,19.067161998227913,563.7,19.067161998227913,0.2129977397620678,0.006691076319089208,0.11931,0.006161717834067597,,,,,,,,,0.9223662667965982,0.01781898371445721,0.0,0.0,0.0,0.0,141.0,0.0,0.30555555555555564,0.01095570330203633,0.38333333333333336,0.01706695239922848,0.6627817630767823,0.013721784882592342
synthetic_redundancy_hard,PU-C,0.4,0.0,145,10,149.0,0.0,390.4,24.480922277470583,539.4,24.480922277470583,0.20441884948522784,0.008617288556420436,0.10643999999999998,0.008455704189086399,,,,,,,,,0.9577100414899178,0.017759412380849094,0.0,0.0,0.0,0.0,146.0,0.0,0.30134228187919465,0.0110257015931558,0.3778523489932886,0.01610272117487974,0.668415367603302,0.022254060833980256
synthetic_redundancy_hard,PU-C,0.4,0.0,15,10,19.0,0.0,514.5,33.41997074272275,533.5,33.41997074272275,0.20226628935779445,0.011775152816943005,0.12250000000000001,0.010662092769349844,,,,,,,,,0.10414870828972198,0.002999247587551921,0.0,0.0,0.0,0.0,16.0,0.0,0.4473684210526315,0.02631578947368421,0.4789473684210527,0.02877406924009952,0.6898952662944794,0.015532366487533165
synthetic_redundancy_hard,PU-C,0.4,0.0,150,10,154.0,0.0,418.6,28.202915530924177,572.6,28.202915530924177,0.21606751615763642,0.009887481968055294,0.11648,0.008848864333913138,,,,,,,,,1.0004995791008695,0.01748438052063772,0.0,0.0,0.0,0.0,151.0,0.0,0.2987012987012987,0.010647942749999001,0.3746753246753246,0.015995363451811528,0.6516783237457275,0.016341078894028176
synthetic_redundancy_hard,PU-C,0.4,0.0,155,10,159.0,0.0,352.2,24.91353938011306,511.2,24.91353938011306,0.1944728194794152,0.008797491828973773,0.09565,0.007175393910983405,,,,,,,,,1.0356400916934945,0.01793554576329308,0.0,0.0,0.0,0.0,156.0,0.0,0.30188679245283023,0.011211523653770174,0.37672955974842764,0.016678199667252668,0.6431352138519287,0.026682462460005378
synthetic_redundancy_hard,PU-C,0.4,0.0,160,10,164.0,0.0,363.6,26.249317451443694,527.6,26.249317451443694,0.20025108043919318,0.009237395082058333,0.09938000000000001,0.007830237686189496,,,,,,,,,1.0718634917866439,0.01839186976097645,0.0,0.0,0.0,0.0,161.0,0.0,0.3030487804878049,0.01008302175188005,0.37865853658536586,0.016648066162378235,0.5954754471778869,0.012531860238626067
synthetic_redundancy_hard,PU-C,0.4,0.0,165,10,169.0,0.0,356.2,26.96573958027317,525.2,26.96573958027317,0.19939793483936227,0.00950114008020849,0.10294999999999999,0.008693985788399293,,,,,,,,,1.1083752498903778,0.018442988743103073,0.0,0.0,0.0,0.0,166.0,0.0,0.3005917159763313,0.009115755430604614,0.37455621301775144,0.015581854043392506,0.5750657141208648,0.024587851505100296
synthetic_redundancy_hard,PU-C,0.4,0.0,170,10,174.0,0.0,346.8,24.354237596132812,520.8,24.35423759613281,0.19786798977293074,0.008569769728011937,0.09345,0.006499918802911657,,,,,,,,,1.1448188417998608,0.018443988966866883,0.0,0.0,0.0,0.0,171.0,0.0,0.3,0.00868642455843267,0.3735632183908046,0.015035568483025733,0.5650378316640854,0.016049266026192544
synthetic_redundancy_hard,PU-C,0.4,0.0,175,10,179.0,0.0,307.0,19.75123062270073,486.0,19.75123062270073,0.18560179734486154,0.006995347627704982,0.08604999999999999,0.0063547226532713495,,,,,,,,,1.179599525296362,0.01838590332821732,0.0,0.0,0.0,0.0,176.0,0.0,0.30055865921787706,0.00856610800744879,0.37206703910614525,0.013840524525930757,0.5184151291847229,0.023513716486154912
synthetic_redundancy_hard,PU-C,0.4,0.0,180,10,184.0,0.0,288.5,24.536707195546835,472.5,24.536707195546835,0.18078709968249312,0.00869884992140103,0.07941000000000001,0.00776225124847454,,,,,,,,,1.2143619666923768,0.01883005780168478,0.0,0.0,0.0,0.0,181.0,0.0,0.3016304347826087,0.008994341729932177,0.3722826086956522,0.014633600019387237,0.5105044573545456,0.014095715614197634
synthetic_redundancy_hard,PU-C,0.4,0.0,185,10,189.0,0.0,269.3,25.31009899449449,458.3,25.31009899449449,0.17574538703192957,0.008981736758910248,0.07381000000000001,0.00864161057519565,,,,,,,,,1.2534505791845731,0.021136664985236493,0.0,0.0,0.0,0.0,186.0,0.0,0.3015873015873015,0.008923534843508654,0.37195767195767193,0.013820905254649076,0.48861627876758573,0.01752951612285928
synthetic_redundancy_hard,PU-C,0.4,0.0,190,10,194.0,0.0,270.3,16.339488636089225,464.3,16.339488636089225,0.17793785210815258,0.005788103396905671,0.07332,0.005554793725543138,,,,,,,,,1.2886373543879017,0.021546584916242884,0.0,0.0,0.0,0.0,191.0,0.0,0.29999999999999993,0.008480386721136126,0.37371134020618557,0.013858003471772656,0.49172999560832975,0.011170768174303819
synthetic_redundancy_hard,PU-C,0.4,0.0,195,10,199.0,0.0,253.4,24.671711195888566,452.4,24.671711195888566,0.17365437023690902,0.008768790159225152,0.06853000000000001,0.00801006380887332,,,,,,,,,1.3237177999923007,0.02199804418811565,0.0,0.0,0.0,0.0,196.0,0.0,0.30301507537688444,0.007567408373920611,0.3783919597989949,0.012823646261590086,0.4587801396846771,0.016527037004631037
synthetic_redundancy_hard,PU-C,0.4,0.0,20,10,24.0,0.0,523.7,27.888289059507876,547.7,27.888289059507876,0.2073072533181403,0.009854180327685768,0.13711,0.008693080901242984,,,,,,,,,0.13437261269427836,0.0037128425319969535,0.0,0.0,0.0,0.0,21.0,0.0,0.4375,0.027251967875484142,0.4708333333333333,0.029820709102199836,0.7270139157772064,0.01865018020567389
synthetic_redundancy_hard,PU-C,0.4,0.0,200,10,204.0,0.0,291.9,15.708773203390376,495.9,15.708773203390376,0.18912416184321046,0.005568783107324618,0.08557999999999996,0.004890848597125042,,,,,,,,,1.3616117666882928,0.023042198934004922,0.0,0.0,0.0,0.0,201.0,0.0,0.3024509803921569,0.007381932678481382,0.3779411764705882,0.012666297370119935,0.4470448136329651,0.02292533138595794
synthetic_redundancy_hard,PU-C,0.4,0.0,205,10,209.0,0.0,230.2,13.898680992573839,439.2,13.898680992573839,0.16903860514285043,0.004944853633283434,0.059539999999999996,0.005202290094008812,,,,,,,,,1.3998086707899347,0.02530151453089513,0.0,0.0,0.0,0.0,206.0,0.0,0.3033492822966507,0.008107346109817438,0.3799043062200957,0.013834289277321495,0.4379398047924042,0.020332339095846298
synthetic_redundancy_hard,PU-C,0.4,0.0,210,10,214.0,0.0,236.3,24.18036393439933,450.3,24.18036393439933,0.17291533632669598,0.008583564925866462,0.06866999999999998,0.007654251541899229,,,,,,,,,1.4342798498866614,0.02561134535234003,0.0,0.0,0.0,0.0,211.0,0.0,0.30186915887850463,0.007007614878007472,0.3822429906542056,0.013139624117734046,0.4417886584997177,0.01977849889476589
synthetic_redundancy_hard,PU-C,0.4,0.0,215,10,219.0,0.0,229.9,17.93039009304842,448.9,17.93039009304842,0.17246138512273318,0.006379652853365785,0.06324,0.005805882074815741,,,,,,,,,1.4700176333892159,0.02732739997304885,0.0,0.0,0.0,0.0,216.0,0.0,0.3009132420091324,0.005713340754679895,0.38173515981735157,0.012218345351835297,0.439019450545311,0.015382471536516994
synthetic_redundancy_hard,PU-C,0.4,0.0,220,10,224.0,0.0,233.2,26.398568984784845,457.2,26.398568984784845,0.1753486596920993,0.009352198763657794,0.06706,0.00750993712061263,,,,,,,,,1.5069385708949994,0.02716173640541382,0.0,0.0,0.0,0.0,221.0,0.0,0.3013392857142857,0.0062870923137731,0.3830357142857143,0.012446740277575289,0.41645331084728243,0.02071391560418846
synthetic_redundancy_hard,PU-C,0.4,0.0,225,10,229.0,0.0,208.4,13.756776108118096,437.4,13.756776108118096,0.1683980312431231,0.0049065174529906,0.05714999999999999,0.0053603741577534555,,,,,,,,,1.5511072500958107,0.025030876629281995,0.0,0.0,0.0,0.0,226.0,0.0,0.3021834061135371,0.006535646090434831,0.38471615720524016,0.012613462346951924,0.41641232669353484,0.016932282628971104
synthetic_redundancy_hard,PU-C,0.4,0.0,230,10,234.0,0.0,208.8,19.93924104205908,442.8,19.93924104205908,0.17028370753396302,0.007078207181887902,0.05571999999999999,0.005541937086133928,,,,,,,,,1.5864292249898426,0.025184763461456185,0.0,0.0,0.0,0.0,231.0,0.0,0.3004273504273504,0.006560443840267494,0.3833333333333333,0.012710033634583682,0.40606559813022614,0.023008478547743995
synthetic_redundancy_hard,PU-C,0.4,0.0,235,10,239.0,0.0,199.9,13.262687845564672,438.9,13.26268784556467,0.16893598402966745,0.004710240988510094,0.05491,0.005112369531070912,,,,,,,,,1.6198308417864609,0.02534777969859793,0.0,0.0,0.0,0.0,236.0,0.0,0.302092050209205,0.00702353043905951,0.3866108786610879,0.012145908539513101,0.4317256808280945,0.013609492673390754
synthetic_redundancy_hard,PU-C,0.4,0.0,240,10,244.0,0.0,219.2,19.54527507552088,463.2,19.54527507552088,0.17752702665748074,0.006935840500159289,0.06596,0.007145724440375358,,,,,,,,,1.6608993041911162,0.027195011135013065,0.0,0.0,0.0,0.0,241.0,0.0,0.30450819672131146,0.007230119465791936,0.39016393442622943,0.012108480768393626,0.4139701336622238,0.014674725678954536
synthetic_redundancy_hard,PU-C,0.4,0.0,245,10,249.0,0.0,203.6,19.590360441355386,452.6,19.59036044135539,0.17376545432489365,0.006959430953058378,0.059519999999999997,0.007661937671952758,,,,,,,,,1.698587729188148,0.028200098041339973,0.0,0.0,0.0,0.0,246.0,0.0,0.30642570281124504,0.006694778982623822,0.39357429718875503,0.011406376655497078,0.4054438561201096,0.012378753824225914
synthetic_redundancy_hard,PU-C,0.4,0.0,25,10,29.0,0.0,567.5,25.008109795735376,596.5,25.008109795735376,0.22446818451862782,0.008778334166408362,0.13952,0.00675387625326704,,,,,,,,,0.16442318329936825,0.0044475046307695335,0.0,0.0,0.0,0.0,26.0,0.0,0.4275862068965517,0.03049769922165885,0.45517241379310347,0.029885057471264364,0.7329658448696137,0.016478613690113542
synthetic_redundancy_hard,PU-C,0.4,0.0,250,10,254.0,0.0,232.0,19.540271805228866,486.0,19.540271805228866,0.18560527537483723,0.006905870462595295,0.06692000000000001,0.005468897918634473,,,,,,,,,1.7330784209014383,0.028894371322572304,0.0,0.0,0.0,0.0,251.0,0.0,0.30669291338582677,0.006467832824331549,0.3937007874015748,0.011619917911379873,0.41288011968135835,0.010492041964753503
synthetic_redundancy_hard,PU-C,0.4,0.0,255,10,259.0,0.0,189.6,27.795763066417955,448.6,27.795763066417955,0.1722836598404683,0.00984556135411517,0.05390999999999999,0.008664261845843148,,,,,,,,,1.7715687043033541,0.03079717542877351,0.0,0.0,0.0,0.0,256.0,0.0,0.3088803088803088,0.00653715577822409,0.3969111969111969,0.01228799821084171,0.41907373666763303,0.01172565241672728
synthetic_redundancy_hard,PU-C,0.4,0.0,260,10,264.0,0.0,191.2,25.056292179366398,455.2,25.056292179366398,0.1746562535292469,0.008845993953800682,0.05839000000000001,0.007253956008811865,,,,,,,,,1.8128578874922823,0.03259936521837824,0.0,0.0,0.0,0.0,261.0,0.0,0.30946969696969695,0.007210248250135977,0.39772727272727265,0.011208253040996034,0.4075506806373596,0.01798968945689029
synthetic_redundancy_hard,PU-C,0.4,0.0,265,10,269.0,0.0,186.3,22.053999385347065,455.3,22.053999385347065,0.17470837311120704,0.007820001283661367,0.05130999999999999,0.006541702972298401,,,,,,,,,1.8525632126897107,0.033365947893878665,0.0,0.0,0.0,0.0,266.0,0.0,0.3118959107806692,0.0074648304742646965,0.4014869888475836,0.01127565121792052,0.418091407418251,0.01951910198856945
synthetic_redundancy_hard,PU-C,0.4,0.0,270,10,274.0,0.0,175.2,19.76011695871819,449.2,19.76011695871819,0.1725618497177493,0.0069903796939991296,0.051550000000000006,0.005044121991651936,,,,,,,,,1.8902957250946202,0.03380282616060263,0.0,0.0,0.0,0.0,271.0,0.0,0.3116788321167884,0.006971556584863454,0.4032846715328467,0.011192875258162012,0.42511778473854067,0.018927339680002698
synthetic_redundancy_hard,PU-C,0.4,0.0,275,10,279.0,0.0,168.6,17.355242563687906,447.6,17.355242563687906,0.17200469610397703,0.00616597783692626,0.04901999999999999,0.005599083258296247,,,,,,,,,1.9285144667024725,0.033903119083462725,0.0,0.0,0.0,0.0,276.0,0.0,0.31146953405017924,0.007217079240400936,0.4043010752688172,0.011369536203938177,0.42151730358600614,0.018923403952853014
synthetic_redundancy_hard,PU-C,0.4,0.0,280,10,284.0,0.0,150.8,18.291953300715466,434.8,18.291953300715466,0.16744812490069308,0.006512470809922832,0.04542999999999999,0.005104704801564058,,,,,,,,,1.966021666600136,0.03399108316105993,0.0,0.0,0.0,0.0,281.0,0.0,0.31443661971830983,0.0064511296167423906,0.4080985915492958,0.011189700357009471,0.42711267471313474,0.021683736618875148
synthetic_redundancy_hard,PU-C,0.4,0.0,285,10,289.0,0.0,161.3,20.3928364328697,450.3,20.3928364328697,0.17294112832751124,0.007258486970285191,0.05112000000000001,0.00591028858103487,,,,,,,,,2.007737383595668,0.036786994436594375,0.0,0.0,0.0,0.0,286.0,0.0,0.3141868512110727,0.006479617949337087,0.40899653979238754,0.010951859257641723,0.4247687220573425,0.019457963227638406
synthetic_redundancy_hard,PU-C,0.4,0.0,290,10,294.0,0.0,181.8,19.858835145429182,475.8,19.858835145429182,0.18199065592489205,0.007038255675261401,0.05726000000000001,0.00608734935930428,,,,,,,,,2.047224541794276,0.036537230325146476,0.0,0.0,0.0,0.0,291.0,0.0,0.3129251700680272,0.006373455475081721,0.40986394557823125,0.01061469146362634,0.420582976937294,0.01292198847243993
synthetic_redundancy_hard,PU-C,0.4,0.0,295,10,299.0,0.0,156.9,26.33985151396601,455.9,26.339851513966014,0.17489066008129156,0.009318411794050274,0.04626,0.008824161275850648,,,,,,,,,2.0889464710024184,0.03710966334732447,0.0,0.0,0.0,0.0,296.0,0.0,0.31170568561872913,0.006183021013985305,0.4107023411371237,0.010299941549566196,0.42864002883434293,0.015507846300513032
synthetic_redundancy_hard,PU-C,0.4,0.0,30,10,34.0,0.0,526.4,30.523288012779865,560.4,30.523288012779865,0.2117494235513732,0.01078679215534944,0.14150999999999997,0.009671578637085737,,,,,,,,,0.1974138751917053,0.006439787762511849,0.0,0.0,0.0,0.0,31.0,0.0,0.4176470588235294,0.034467442806366565,0.44117647058823534,0.033390953658679216,0.7509865283966064,0.01693005105876077
synthetic_redundancy_hard,PU-C,0.4,0.0,300,10,304.0,0.0,165.0,16.845045430498413,469.0,16.845045430498413,0.17960073867579923,0.005967203911792659,0.05641999999999999,0.005651839425256954,,,,,,,,,2.126861845899839,0.038009844128026826,0.0,0.0,0.0,0.0,301.0,0.0,0.31184210526315786,0.006237483619880652,0.4111842105263158,0.010664751241919145,0.4274291396141052,0.014821342431760497
synthetic_redundancy_hard,PU-C,0.4,0.0,305,10,309.0,0.0,127.1,19.18764069800025,436.1,19.18764069800025,0.16790667886962182,0.0068156914785313365,0.04091999999999999,0.0060352998636724305,,,,,,,,,2.1671550084953197,0.03848379978704933,0.0,0.0,0.0,0.0,306.0,0.0,0.3100323624595469,0.006504773864803163,0.41035598705501625,0.010400837793479134,0.40585675537586213,0.022256096582029514
synthetic_redundancy_hard,PU-C,0.4,0.0,310,10,314.0,0.0,141.9,19.62846572370512,455.9,19.62846572370512,0.17493689905386417,0.0069696897319385855,0.04958999999999999,0.005649689273658234,,,,,,,,,2.207621950097382,0.03958925554802488,0.0,0.0,0.0,0.0,311.0,0.0,0.31178343949044585,0.006586020114329552,0.4127388535031848,0.010807190312207568,0.42233454883098603,0.02182838766211856
synthetic_redundancy_hard,PU-C,0.4,0.0,315,10,319.0,0.0,159.1,23.36543030490415,478.1,23.365430304904148,0.18278240507352167,0.008268213649209448,0.05176000000000001,0.006959121911403602,,,,,,,,,2.2454607168096117,0.03927870308802056,0.0,0.0,0.0,0.0,316.0,0.0,0.3122257053291536,0.007257577995479763,0.41410658307210035,0.011489027025203281,0.42044827044010163,0.020516469387033005
synthetic_redundancy_hard,PU-C,0.4,0.0,320,10,324.0,0.0,120.6,17.75399798480456,444.6,17.75399798480456,0.17093622702523134,0.006311260364618787,0.041000000000000016,0.00588255424492154,,,,,,,,,2.2861850790912284,0.0402490410977323,0.0,0.0,0.0,0.0,321.0,0.0,0.31265432098765433,0.007822313541263523,0.4138888888888889,0.011607291154526243,0.43343318700790406,0.025019909603868032
synthetic_redundancy_hard,PU-C,0.4,0.0,325,10,329.0,0.0,113.7,23.964812167472175,442.7,23.964812167472168,0.17022175325546413,0.008484670666714215,0.03862000000000002,0.008239333845780381,,,,,,,,,2.3251841877005064,0.04098809179128768,0.0,0.0,0.0,0.0,326.0,0.0,0.31398176291793317,0.008379973447518627,0.4158054711246201,0.012669097493285172,0.413767446577549,0.03183395611221512
synthetic_redundancy_hard,PU-C,0.4,0.0,330,10,334.0,0.0,109.7,16.501885414164715,443.7,16.501885414164715,0.17062323457212186,0.005872355111427368,0.041600000000000005,0.0048181370304760315,,,,,,,,,2.364547516789753,0.04239122262202394,0.0,0.0,0.0,0.0,331.0,0.0,0.31826347305389224,0.008746638169503187,0.4203592814371257,0.012727583686171544,0.4385705590248108,0.021771207382603026
synthetic_redundancy_hard,PU-C,0.4,0.0,335,10,339.0,0.0,119.1,17.90682675530325,458.1,17.906826755303253,0.17572792411083354,0.006361993653240174,0.04552000000000002,0.0050646443332402185,,,,,,,,,2.408259437594097,0.04446382085234477,0.0,0.0,0.0,0.0,336.0,0.0,0.31946902654867254,0.008132776590659672,0.4227138643067847,0.0117834208283886,0.43771329522132874,0.01928893284910186
synthetic_redundancy_hard,PU-C,0.4,0.0,340,10,344.0,0.0,101.4,18.466305652307515,445.4,18.46630565230751,0.17121908491826615,0.006542181768887944,0.0382,0.005205339139341026,,,,,,,,,2.4454869376029817,0.04424992307912465,0.0,0.0,0.0,0.0,341.0,0.0,0.3194767441860465,0.007586039738779002,0.42470930232558135,0.011370288982527274,0.4451135843992233,0.021071656176696214
synthetic_redundancy_hard,PU-C,0.4,0.0,345,10,349.0,0.0,120.4,22.97206032456722,469.4,22.972060324567227,0.17970152819762006,0.008143343698038864,0.04612000000000003,0.0071590160714382475,,,,,,,,,2.484558687492972,0.04477171147153067,0.0,0.0,0.0,0.0,346.0,0.0,0.3214899713467049,0.0076145678808002834,0.42550143266475643,0.011124057303123719,0.45717198848724366,0.025270028172529706
synthetic_redundancy_hard,PU-C,0.4,0.0,35,10,39.0,0.0,557.5,23.247580519271246,596.5,23.247580519271246,0.22448048139922322,0.008149969630415206,0.13811,0.0066002600958851125,,,,,,,,,0.227417845785385,0.007182642570685163,0.0,0.0,0.0,0.0,36.0,0.0,0.382051282051282,0.03470759060555035,0.4025641025641026,0.03419871627990181,0.7508146166801453,0.01922997094682705
synthetic_redundancy_hard,PU-C,0.4,0.0,350,10,354.0,0.0,112.8,19.9715352995763,466.8,19.9715352995763,0.17880218021455221,0.007075517799326381,0.043120000000000006,0.005642847980703833,,,,,,,,,2.5261026875930837,0.04445522496562515,0.0,0.0,0.0,0.0,351.0,0.0,0.32118644067796615,0.007306506868009921,0.4257062146892655,0.010703444130682025,0.4625128507614136,0.01774644019204617
synthetic_redundancy_hard,PU-C,0.4,0.0,355,10,359.0,0.0,108.3,17.296788398107,467.3,17.296788398106997,0.1789958234759979,0.006127446975289751,0.04431,0.0038431887801668044,,,,,,,,,2.5685746375878806,0.04684306061972873,0.0,0.0,0.0,0.0,356.0,0.0,0.32033426183844005,0.007404791843036909,0.42534818941504177,0.010043747508522532,0.4799651116132736,0.022387565211270406
synthetic_redundancy_hard,PU-C,0.4,0.0,360,10,364.0,0.0,105.7,21.902841013084224,469.7,21.902841013084224,0.1798179495614022,0.007751227655029438,0.04180999999999999,0.006301348180261819,,,,,,,,,2.6141831083921714,0.05027022650250615,0.0,0.0,0.0,0.0,361.0,0.0,0.3208791208791209,0.0073465828278870245,0.4277472527472527,0.009194522269211162,0.46310941874980927,0.026758768746558664
synthetic_redundancy_hard,PU-C,0.4,0.0,365,10,369.0,0.0,92.6,16.743290530172906,461.6,16.743290530172906,0.17697746819467283,0.005938549654009365,0.03985,0.004558880223134716,,,,,,,,,2.658892779186135,0.04986068311521494,0.0,0.0,0.0,0.0,366.0,0.0,0.3205962059620596,0.007090518320936008,0.4284552845528455,0.009225155870731083,0.4857137084007263,0.024071138382067765
synthetic_redundancy_hard,PU-C,0.4,0.0,370,10,374.0,0.0,97.1,16.49542023983896,471.1,16.49542023983896,0.18034731430816464,0.005837547049677388,0.04229999999999999,0.004709682697497901,,,,,,,,,2.7026704957941545,0.0493984039767963,0.0,0.0,0.0,0.0,371.0,0.0,0.32005347593582895,0.007252186048641126,0.4294117647058823,0.009160545566866022,0.4859639436006546,0.023759605681875892
synthetic_redundancy_hard,PU-C,0.4,0.0,375,10,379.0,0.0,100.1,19.36689615469311,479.1,19.36689615469311,0.1831644292571582,0.0068476695065449195,0.04305999999999999,0.0070338104103600165,,,,,,,,,2.743038804095704,0.05026371510469923,0.0,0.0,0.0,0.0,376.0,0.0,0.3216358839050132,0.0072999120492524185,0.4311345646437995,0.008779229349845404,0.5089682966470719,0.015310806444376998
synthetic_redundancy_hard,PU-C,0.4,0.0,380,10,384.0,0.0,97.9,22.737853900489377,481.9,22.737853900489377,0.18413261463283562,0.008042314210169143,0.04627,0.007092876708360298,,,,,,,,,2.7821339334943334,0.050670901908849535,0.0,0.0,0.0,0.0,381.0,0.0,0.32291666666666663,0.007179192058380324,0.4330729166666666,0.008996423248674446,0.5080970913171768,0.0115669156483473
synthetic_redundancy_hard,PU-C,0.4,0.0,385,10,389.0,0.0,86.6,16.736653057154395,475.6,16.736653057154395,0.18193971947184764,0.0059225462220372045,0.03882,0.005177876012420538,,,,,,,,,2.8249479083984625,0.05071108637556995,0.0,0.0,0.0,0.0,386.0,0.0,0.32313624678663244,0.007271525800711835,0.43444730077120824,0.009292505029460812,0.5090771794319153,0.01866928609399866
synthetic_redundancy_hard,PU-C,0.4,0.0,390,10,394.0,0.0,83.8,16.71645895517349,477.8,16.716458955173486,0.1827190491836518,0.005912413292418913,0.03528999999999999,0.0050727255439698745,,,,,,,,,2.868013787496602,0.050650617184028184,0.0,0.0,0.0,0.0,391.0,0.0,0.3225888324873097,0.007408868598623156,0.4352791878172589,0.009082449472751221,0.4922236531972885,0.029806593467822377
synthetic_redundancy_hard,PU-C,0.4,0.0,393,1,397.0,0.0,0.0,0.0,397.0,0.0,0.15403954300563782,0.0,0.015499999999999958,0.0,,,,,,,,,2.9071669160039164,0.0,1.0,0.0,0.0,0.0,394.0,0.0,0.3602015113350126,0.0,0.4156171284634761,0.0,0.4416947662830353,0.0
synthetic_redundancy_hard,PU-C,0.4,0.0,395,9,399.0,0.0,116.66666666666667,23.607908279501032,515.6666666666666,23.607908279501032,0.1960701129412175,0.00831760563123903,0.0508888888888889,0.007690568618705142,,,,,,,,,2.912105546436376,0.056080644134832575,0.0,0.0,0.0,0.0,396.0,0.0,0.31885268727373994,0.006911541991640689,0.4377610693400167,0.009769436561007936,0.5182623002264235,0.03602590198952157
synthetic_redundancy_hard,PU-C,0.4,0.0,40,10,44.0,0.0,570.6,37.511835169420564,614.6,37.511835169420564,0.23071296786656603,0.013115182216414134,0.15742,0.012347692541973623,,,,,,,,,0.2578969376860186,0.007641929846809575,0.0,0.0,0.0,0.0,41.0,0.0,0.36590909090909085,0.03462543903644375,0.3840909090909091,0.034124562513803657,0.7690267205238343,0.01696519586094568
synthetic_redundancy_hard,PU-C,0.4,0.0,400,9,404.0,0.0,88.44444444444444,14.077277900447221,492.44444444444446,14.077277900447221,0.18791570070122057,0.004975546401129971,0.039111111111111124,0.006180085500227608,,,,,,,,,2.95576969455255,0.0563710794203121,0.0,0.0,0.0,0.0,401.0,0.0,0.31848184818481845,0.006828772837148042,0.4383938393839384,0.009818520367367347,0.4973888330989414,0.03525868607469319
synthetic_redundancy_hard,PU-C,0.4,0.0,405,9,409.0,0.0,85.66666666666667,22.582564562560695,494.6666666666667,22.582564562560695,0.18866156873991713,0.007958046804104411,0.04108888888888892,0.006872761139382948,,,,,,,,,3.0012805324384115,0.056145463823798064,0.0,0.0,0.0,0.0,406.0,0.0,0.3192067372996468,0.0072679990337798156,0.4398261342026623,0.010723039584890277,0.4669515788555145,0.04097454439578554
synthetic_redundancy_hard,PU-C,0.4,0.0,410,9,414.0,0.0,90.0,24.099331479893333,504.0,24.099331479893333,0.19194970517289928,0.008491185186707512,0.04136666666666666,0.007251896303726357,,,,,,,,,3.0428970001068794,0.05591592386340343,0.0,0.0,0.0,0.0,411.0,0.0,0.31910896403650024,0.006849060738150752,0.440150295222759,0.010261972246003842,0.4675825900501675,0.039343837561231325
synthetic_redundancy_hard,PU-C,0.4,0.0,415,9,419.0,0.0,84.22222222222223,22.01437521369577,503.22222222222223,22.01437521369577,0.19168760017621228,0.007755679084662054,0.039555555555555566,0.006836078942540233,,,,,,,,,3.085780620659029,0.05653207085098887,0.0,0.0,0.0,0.0,416.0,0.0,0.3192787059135508,0.0073859159253277405,0.4407319013524264,0.010739856801909307,0.5037318070729574,0.03976089464783227
synthetic_redundancy_hard,PU-C,0.4,0.0,420,9,424.0,0.0,86.22222222222223,18.21459867628907,510.22222222222223,18.21459867628907,0.19417693994991067,0.006430394387706143,0.04296666666666666,0.005640330959556658,,,,,,,,,3.130778634332172,0.057486419180239945,0.0,0.0,0.0,0.0,421.0,0.0,0.3176100628930818,0.007427061174406911,0.4407756813417191,0.0105653799793603,0.4991540809472402,0.02937597383890588
synthetic_redundancy_hard,PU-C,0.4,0.0,425,9,429.0,0.0,85.44444444444444,17.80380039884674,514.4444444444445,17.803800398846743,0.19566867814864963,0.006284216509652384,0.041244444444444445,0.006825200670861683,,,,,,,,,3.1740816203334057,0.057703467157799365,0.0,0.0,0.0,0.0,426.0,0.0,0.3188293188293188,0.00792176754321529,0.4418544418544419,0.01100979606673519,0.5334000488122305,0.025509808274802887
synthetic_redundancy_hard,PU-C,0.4,0.0,426,1,430.0,0.0,0.0,0.0,430.0,0.0,0.16580204077763483,0.0,0.008299999999999974,0.0,,,,,,,,,3.4582748750108294,0.0,1.0,0.0,0.0,0.0,427.0,0.0,0.3558139534883721,0.0,0.5046511627906977,0.0,0.5351815819740295,0.0
synthetic_redundancy_hard,PU-C,0.4,0.0,430,8,434.0,0.0,87.5,18.923719054592382,521.5,18.923719054592382,0.19815819115319755,0.006668619827963809,0.041762499999999994,0.005853385391012128,,,,,,,,,3.185257838740654,0.05379582614869216,0.0,0.0,0.0,0.0,431.0,0.0,0.31394009216589863,0.007762007078032844,0.434331797235023,0.008945146966228567,0.5287738181650639,0.03337695377965386
synthetic_redundancy_hard,PU-C,0.4,0.0,435,8,439.0,0.0,91.125,22.228069047297573,530.125,22.228069047297573,0.20118363954679808,0.00782087448354489,0.04390000000000001,0.006156935694227865,,,,,,,,,3.232616234497982,0.053311284434030604,0.0,0.0,0.0,0.0,436.0,0.0,0.313496583143508,0.007467833361923646,0.4345102505694761,0.00874580933253303,0.524939525872469,0.039495835494197024
synthetic_redundancy_hard,PU-C,0.4,0.0,440,8,444.0,0.0,69.0,19.133926488234003,513.0,19.133926488234003,0.1951601645341725,0.0067387648072211115,0.04148750000000001,0.0073376825238919,,,,,,,,,3.2754460522482987,0.05297512904767252,0.0,0.0,0.0,0.0,441.0,0.0,0.3147522522522523,0.0070165365297756984,0.43581081081081086,0.008253381813629768,0.5287576653063297,0.0398523823496276
synthetic_redundancy_hard,PU-C,0.4,0.0,445,8,449.0,0.0,81.625,19.467865005108873,530.625,19.467865005108873,0.20137178494042018,0.0068544872196409055,0.03960000000000001,0.006748941715981423,,,,,,,,,3.318239489744883,0.05334267920052178,0.0,0.0,0.0,0.0,446.0,0.0,0.31486636971046766,0.006560273147702982,0.43569042316258355,0.008459247466098354,0.5562247149646282,0.041418553097026876
synthetic_redundancy_hard,PU-C,0.4,0.0,45,10,49.0,0.0,560.6,26.129676614914317,609.6,26.129676614914317,0.2290518446068745,0.00914137141107558,0.14109,0.007985186980347492,,,,,,,,,0.28867973340093156,0.007246678240731141,0.0,0.0,0.0,0.0,46.0,0.0,0.35102040816326535,0.02768297952296028,0.3714285714285714,0.027176849463181187,0.7650311768054963,0.01794557359995583
synthetic_redundancy_hard,PU-C,0.4,0.0,450,8,454.0,0.0,56.75,12.763997918252057,510.75,12.763997918252057,0.19438835234177532,0.004505385621015896,0.03536249999999999,0.003723810332556852,,,,,,,,,3.3619046979947598,0.05326923406591306,0.0,0.0,0.0,0.0,451.0,0.0,0.3138766519823789,0.006568478837365671,0.43447136563876654,0.00861920475908509,0.5115867927670479,0.04167479449066898
synthetic_redundancy_hard,PU-C,0.4,0.0,455,8,459.0,0.0,53.125,17.365233637521673,512.125,17.365233637521673,0.19485840117704356,0.006118830565710482,0.033625,0.005702842336439418,,,,,,,,,3.4057165467529558,0.05379078265957117,0.0,0.0,0.0,0.0,456.0,0.0,0.31181917211328974,0.006397505405860566,0.43300653594771243,0.008914129503104265,0.5494755990803242,0.03980800764898099
synthetic_redundancy_hard,PU-C,0.4,0.0,460,8,464.0,0.0,53.75,12.379057776283759,517.75,12.379057776283759,0.1968588290255866,0.004365592108922503,0.03661249999999999,0.004942000661241787,,,,,,,,,3.449499218746496,0.05416079116530055,0.0,0.0,0.0,0.0,461.0,0.0,0.31061422413793105,0.006771758820948181,0.43211206896551724,0.009560460317256304,0.543838482350111,0.037364627374654874
synthetic_redundancy_hard,PU-C,0.4,0.0,465,8,469.0,0.0,62.25,16.55699032346847,531.25,16.55699032346847,0.20160377187130507,0.005824851033267356,0.036150000000000015,0.0057878258933237335,,,,,,,,,3.4940754062481574,0.0545146287664077,0.0,0.0,0.0,0.0,466.0,0.0,0.3094349680170576,0.006771881049260527,0.43230277185501065,0.009876317234793154,0.544931273907423,0.036969956985512455
synthetic_redundancy_hard,PU-C,0.4,0.0,470,8,474.0,0.0,43.25,14.204815581847084,517.25,14.204815581847084,0.19667738958378322,0.005004185096536829,0.029462500000000003,0.004925876916129469,,,,,,,,,3.5356612397517893,0.054212122603054066,0.0,0.0,0.0,0.0,471.0,0.0,0.30880801687763715,0.006823860313136637,0.432753164556962,0.009874788515785294,0.5508432947099209,0.040249998450150704
synthetic_redundancy_hard,PU-C,0.4,0.0,472,1,476.0,0.0,0.0,0.0,476.0,0.0,0.18212600302649662,0.0,0.022399999999999975,0.0,,,,,,,,,3.551800249959342,0.0,1.0,0.0,0.0,0.0,473.0,0.0,0.3172268907563025,0.0,0.4096638655462185,0.0,0.3744997978210449,0.0
synthetic_redundancy_hard,PU-C,0.4,0.0,475,7,479.0,0.0,60.142857142857146,16.085232167349993,539.1428571428571,16.085232167349993,0.2043883046301614,0.005658280793828761,0.04008571428571428,0.006921410142980034,,,,,,,,,3.579888791718986,0.06243180229333369,0.0,0.0,0.0,0.0,476.0,0.0,0.3077840739636146,0.006816168492463241,0.4366239188786162,0.010531728949006607,0.5935030707291195,0.03612935805211572
synthetic_redundancy_hard,PU-C,0.4,0.0,479,1,483.0,0.0,0.0,0.0,483.0,0.0,0.1846032562898472,0.0,0.010399999999999965,0.0,,,,,,,,,3.4284695420064963,0.0,1.0,0.0,0.0,0.0,480.0,0.0,0.33126293995859213,0.0,0.4616977225672878,0.0,0.5146923065185547,0.0
synthetic_redundancy_hard,PU-C,0.4,0.0,480,6,484.0,0.0,43.333333333333336,16.065836769714522,527.3333333333334,16.065836769714522,0.20023372296903594,0.005654465339197356,0.03255,0.005315747046903807,,,,,,,,,3.653560895996634,0.06438531617919264,0.0,0.0,0.0,0.0,481.0,0.0,0.3040633608815427,0.007399976699564354,0.4335399449035813,0.01105473807339623,0.5939121047655741,0.03718682564931517
synthetic_redundancy_hard,PU-C,0.4,0.0,485,6,489.0,0.0,71.33333333333333,22.50283932702222,560.3333333333334,22.50283932702222,0.21182516076563238,0.007907098551632304,0.04684999999999998,0.007967883449616136,,,,,,,,,3.6956886528253867,0.06462071031270443,0.0,0.0,0.0,0.0,486.0,0.0,0.3033401499659168,0.007516863668488197,0.4335378323108385,0.010238573063677483,0.5904093136390051,0.04381468219850773
synthetic_redundancy_hard,PU-C,0.4,0.0,487,1,491.0,0.0,0.0,0.0,491.0,0.0,0.18743230478139594,0.0,0.019000000000000017,0.0,,,,,,,,,3.990812707983423,0.0,1.0,0.0,0.0,0.0,488.0,0.0,0.3258655804480652,0.0,0.4419551934826884,0.0,0.5562363862991333,0.0
synthetic_redundancy_hard,PU-C,0.4,0.0,490,5,494.0,0.0,74.8,25.513525824550396,568.8,25.513525824550396,0.21479902372229845,0.008941432595114662,0.04803999999999999,0.00962920557470865,,,,,,,,,3.687041450187098,0.04275859903970358,0.0,0.0,0.0,0.0,491.0,0.0,0.2983805668016194,0.00667095427258465,0.43198380566801625,0.011317943925906368,0.5975695848464966,0.059347422118554476
synthetic_redundancy_hard,PU-C,0.4,0.0,495,5,499.0,0.0,55.8,7.525955088890711,554.8,7.5259550888907105,0.2099151288275607,0.002645728710999653,0.03860000000000004,0.0024625190354594234,,,,,,,,,3.7286069583962673,0.04375696725708317,0.0,0.0,0.0,0.0,496.0,0.0,0.2981963927855712,0.006444062200726862,0.4320641282565131,0.010539634302448662,0.6061892211437225,0.05064586582192557
synthetic_redundancy_hard,PU-C,0.4,0.0,5,10,9.0,0.0,408.8,27.207760330872922,417.8,27.207760330872922,0.16131447930820286,0.009711412364496637,0.09342999999999999,0.011163283567123063,,,,,,,,,0.04516139168990776,0.0016056618858280045,0.0,0.0,0.0,0.0,6.0,0.0,0.2777777777777778,0.018518518518518517,0.34444444444444444,0.030765273566363233,0.6106743335723877,0.009439818845469435
synthetic_redundancy_hard,PU-C,0.4,0.0,50,10,54.0,0.0,587.6,64.95335078175549,641.6,64.95335078175549,0.23989029093645514,0.022429539544196204,0.16734,0.025346107305768983,,,,,,,,,0.3186228583857883,0.007254847978506643,0.0,0.0,0.0,0.0,51.0,0.0,0.3388888888888889,0.0227726749946873,0.3592592592592593,0.022119102305146812,0.7819618582725525,0.01689172199230236
synthetic_redundancy_hard,PU-C,0.4,0.0,500,5,504.0,0.0,69.6,31.45250387489047,573.6,31.452503874890464,0.21646444196812809,0.011025017587260641,0.041359999999999994,0.013365500364745046,,,,,,,,,3.775523274997249,0.04453534066020485,0.0,0.0,0.0,0.0,501.0,0.0,0.2972222222222222,0.006410910484683931,0.4317460317460317,0.010491511163811343,0.6041327655315399,0.06230247891278516
synthetic_redundancy_hard,PU-C,0.4,0.0,501,1,505.0,0.0,0.0,0.0,505.0,0.0,0.19237787678139284,0.0,0.01859999999999995,0.0,,,,,,,,,3.658720166014973,0.0,1.0,0.0,0.0,0.0,502.0,0.0,0.31683168316831684,0.0,0.4297029702970297,0.0,0.5996277332305908,0.0
synthetic_redundancy_hard,PU-C,0.4,0.0,505,4,509.0,0.0,30.5,12.264447262990153,539.5,12.264447262990153,0.20453087925852742,0.004313989839788543,0.02722499999999997,0.005337192614099655,,,,,,,,,3.8508592812577263,0.039670531086081234,0.0,0.0,0.0,0.0,506.0,0.0,0.2922396856581533,0.0037939195239870506,0.4322200392927308,0.01305658286665153,0.5951413512229919,0.0714782732161711
synthetic_redundancy_hard,PU-C,0.4,0.0,510,4,514.0,0.0,29.25,7.318640584152224,543.25,7.318640584152224,0.2058547865744913,0.002575272005315518,0.027000000000000024,0.006487038358655407,,,,,,,,,3.8958682814845815,0.0404524048441264,0.0,0.0,0.0,0.0,511.0,0.0,0.2913424124513619,0.0038400516479659584,0.4323929961089494,0.013856889223632691,0.6012179106473923,0.058807366899041015
synthetic_redundancy_hard,PU-C,0.4,0.0,515,4,519.0,0.0,34.25,14.868170701199256,553.25,14.868170701199256,0.20936394124873914,0.005221393232405786,0.03587499999999999,0.009540997065296684,,,,,,,,,3.9486529479909223,0.043545829749089715,0.0,0.0,0.0,0.0,516.0,0.0,0.29190751445086704,0.004620261583152913,0.43256262042389215,0.015140880197978523,0.6072646901011467,0.0668068046798624
synthetic_redundancy_hard,PU-C,0.4,0.0,520,4,524.0,0.0,58.25,30.665874083960713,582.25,30.665874083960713,0.21951489681669045,0.010751739768464672,0.035849999999999965,0.012758689849144642,,,,,,,,,4.000325979257468,0.04511207902565885,0.0,0.0,0.0,0.0,521.0,0.0,0.2924618320610687,0.0026276577038578807,0.43225190839694655,0.01337013330596927,0.5801792740821838,0.056708258747993824
synthetic_redundancy_hard,PU-C,0.4,0.0,525,4,529.0,0.0,51.0,19.782146833277054,580.0,19.782146833277054,0.21874913718784228,0.006936061255250859,0.037275,0.013447017946989838,,,,,,,,,4.058464979490964,0.03507733577391044,0.0,0.0,0.0,0.0,526.0,0.0,0.29017013232514177,0.0029386827514457543,0.43005671077504726,0.013243761535591491,0.5919171646237373,0.04963760130529528
synthetic_redundancy_hard,PU-C,0.4,0.0,526,1,530.0,0.0,0.0,0.0,530.0,0.0,0.2011931817396544,0.0,0.00990000000000002,0.0,,,,,,,,,4.083887499989942,0.0,1.0,0.0,0.0,0.0,527.0,0.0,0.28867924528301886,0.0,0.44150943396226416,0.0,0.4683622419834137,0.0
synthetic_redundancy_hard,PU-C,0.4,0.0,530,3,534.0,0.0,33.0,11.590225767142474,567.0,11.590225767142474,0.21420010615838692,0.004069776837008086,0.03856666666666667,0.0029756418541962296,,,,,,,,,4.10359402798349,0.05130746226130735,0.0,0.0,0.0,0.0,531.0,0.0,0.28901373283395754,0.00330306031343893,0.4238451935081149,0.017343875142883648,0.657197912534078,0.060968200177708466
synthetic_redundancy_hard,PU-C,0.4,0.0,535,3,539.0,0.0,22.333333333333332,6.960204339273701,561.3333333333334,6.960204339273701,0.2122126174508594,0.0024446326115178697,0.03146666666666664,0.00553483915253592,,,,,,,,,4.154505610989872,0.05537045356248582,0.0,0.0,0.0,0.0,536.0,0.0,0.2894248608534323,0.0018552875695732793,0.42300556586270877,0.015779036267375476,0.6269207696119944,0.07186845878454694
synthetic_redundancy_hard,PU-C,0.4,0.0,539,2,543.0,0.0,0.0,0.0,543.0,0.0,0.2057693019742146,0.0,0.020350000000000035,0.0016499999999999846,,,,,,,,,4.187784646026557,0.09539739598403685,1.0,0.0,0.0,0.0,540.0,0.0,0.2937384898710865,0.0009208103130755317,0.4281767955801105,0.024861878453038663,0.5259515643119812,0.03194183111190796
synthetic_redundancy_hard,PU-C,0.4,0.0,540,1,544.0,0.0,206.0,0.0,750.0,0.0,0.2780136712244712,0.0,0.09830000000000005,0.0,,,,,,,,,4.21041833399795,0.0,0.0,0.0,0.0,0.0,541.0,0.0,0.2849264705882353,0.0,0.41360294117647056,0.0,0.8112059831619263,0.0
synthetic_redundancy_hard,PU-C,0.4,0.0,545,1,549.0,0.0,90.0,0.0,639.0,0.0,0.23941028682747856,0.0,0.055300000000000016,0.0,,,,,,,,,4.256413791968953,0.0,0.0,0.0,0.0,0.0,546.0,0.0,0.28233151183970856,0.0,0.4098360655737705,0.0,0.7620034217834473,0.0
synthetic_redundancy_hard,PU-C,0.4,0.0,55,10,59.0,0.0,533.0,23.55372110257268,592.0,23.55372110257268,0.22290320770116523,0.00824889068253196,0.13394,0.00681992505661006,,,,,,,,,0.34938920839340426,0.007678880469198244,0.0,0.0,0.0,0.0,56.0,0.0,0.34067796610169493,0.024813775430505933,0.3610169491525424,0.024372491084884734,0.7698649048805237,0.01999587951216753
synthetic_redundancy_hard,PU-C,0.4,0.0,550,1,554.0,0.0,58.0,0.0,612.0,0.0,0.22997443861095235,0.0,0.04569999999999996,0.0,,,,,,,,,4.300497874966823,0.0,0.0,0.0,0.0,0.0,551.0,0.0,0.2851985559566787,0.0,0.4151624548736462,0.0,0.780699610710144,0.0
synthetic_redundancy_hard,PU-C,0.4,0.0,555,1,559.0,0.0,79.0,0.0,638.0,0.0,0.239061149652116,0.0,0.05249999999999999,0.0,,,,,,,,,4.344255958974827,0.0,0.0,0.0,0.0,0.0,556.0,0.0,0.2844364937388193,0.0,0.41681574239713776,0.0,0.816068172454834,0.0
synthetic_redundancy_hard,PU-C,0.4,0.0,560,1,564.0,0.0,44.0,0.0,608.0,0.0,0.22857489221496508,0.0,0.03990000000000005,0.0,,,,,,,,,4.389573208987713,0.0,0.0,0.0,0.0,0.0,561.0,0.0,0.28191489361702127,0.0,0.41312056737588654,0.0,0.808354377746582,0.0
synthetic_redundancy_hard,PU-C,0.4,0.0,565,1,569.0,0.0,40.0,0.0,609.0,0.0,0.22892481921007857,0.0,0.03610000000000002,0.0,,,,,,,,,4.439818374987226,0.0,0.0,0.0,0.0,0.0,566.0,0.0,0.27943760984182775,0.0,0.4112478031634446,0.0,0.7925834059715271,0.0
synthetic_redundancy_hard,PU-C,0.4,0.0,570,1,574.0,0.0,42.0,0.0,616.0,0.0,0.23137355543440208,0.0,0.037900000000000045,0.0,,,,,,,,,4.489432666974608,0.0,0.0,0.0,0.0,0.0,571.0,0.0,0.2787456445993031,0.0,0.41114982578397213,0.0,0.8092517852783203,0.0
synthetic_redundancy_hard,PU-C,0.4,0.0,575,1,579.0,0.0,4.0,0.0,583.0,0.0,0.21981780178612098,0.0,0.022499999999999964,0.0,,,,,,,,,4.5383523749769665,0.0,0.0,0.0,0.0,0.0,576.0,0.0,0.2763385146804836,0.0,0.40932642487046633,0.0,0.7858244180679321,0.0
synthetic_redundancy_hard,PU-C,0.4,0.0,580,1,584.0,0.0,79.0,0.0,663.0,0.0,0.2477819771738723,0.0,0.057599999999999985,0.0,,,,,,,,,4.58899829199072,0.0,0.0,0.0,0.0,0.0,581.0,0.0,0.273972602739726,0.0,0.4075342465753425,0.0,0.8443715572357178,0.0
synthetic_redundancy_hard,PU-C,0.4,0.0,585,1,589.0,0.0,6.0,0.0,595.0,0.0,0.224023362621665,0.0,0.02859999999999996,0.0,,,,,,,,,4.659321459010243,0.0,0.0,0.0,0.0,0.0,586.0,0.0,0.27164685908319186,0.0,0.4057724957555178,0.0,0.8481588959693909,0.0
synthetic_redundancy_hard,PU-C,0.4,0.0,590,1,594.0,0.0,72.0,0.0,666.0,0.0,0.24882742739282548,0.0,0.055499999999999994,0.0,,,,,,,,,4.70778108399827,0.0,0.0,0.0,0.0,0.0,591.0,0.0,0.26936026936026936,0.0,0.40235690235690236,0.0,0.8311643600463867,0.0
synthetic_redundancy_hard,PU-C,0.4,0.0,595,1,599.0,0.0,2.0,0.0,601.0,0.0,0.22612464317353442,0.0,0.02100000000000002,0.0,,,,,,,,,4.778720541973598,0.0,0.0,0.0,0.0,0.0,596.0,0.0,0.2671118530884808,0.0,0.4056761268781302,0.0,0.8309123516082764,0.0
synthetic_redundancy_hard,PU-C,0.4,0.0,596,1,600.0,0.0,58.0,0.0,658.0,0.0,0.2460390658234246,0.0,0.05230000000000001,0.0,,,,,,,,,4.799406167003326,0.0,0.0,0.0,1.0,0.0,597.0,0.0,0.26666666666666666,0.0,0.405,0.0,0.8460070490837097,0.0
synthetic_redundancy_hard,PU-C,0.4,0.0,60,10,64.0,0.0,533.3,30.973842010459226,597.3,30.973842010459226,0.22470325374160893,0.0108809964635985,0.14815,0.010151674738682281,,,,,,,,,0.3869571166986134,0.011270068637467044,0.0,0.0,0.0,0.0,61.0,0.0,0.3421875,0.023918671881677154,0.36875,0.022606806681469485,0.7886283278465271,0.01616415384147337
synthetic_redundancy_hard,PU-C,0.4,0.0,65,10,69.0,0.0,527.5,27.44823410632377,596.5,27.44823410632377,0.22445366824395024,0.009621849177321014,0.13410000000000002,0.007975281255925152,,,,,,,,,0.4220993000897579,0.013333399274718253,0.0,0.0,0.0,0.0,66.0,0.0,0.33768115942028987,0.025475935987314412,0.3753623188405797,0.023612269391014375,0.7751294314861298,0.021302417367867876
synthetic_redundancy_hard,PU-C,0.4,0.0,70,10,74.0,0.0,518.7,26.17507295967758,592.7,26.17507295967758,0.22312454622006045,0.009216863029338706,0.14431999999999998,0.007271814690219275,,,,,,,,,0.4543753125879448,0.013960458004439374,0.0,0.0,0.0,0.0,71.0,0.0,0.34594594594594597,0.024523707367236393,0.3878378378378379,0.023669017397152527,0.7929084777832032,0.01702926042670965
synthetic_redundancy_hard,PU-C,0.4,0.0,75,10,79.0,0.0,512.2,31.647643408843777,591.2,31.647643408843777,0.22256308723590337,0.011105124098188372,0.12974,0.009487362354439954,,,,,,,,,0.48601638329564595,0.013948697296873303,0.0,0.0,0.0,0.0,76.0,0.0,0.3379746835443038,0.023797617978402658,0.38987341772151896,0.02458869583853749,0.7789886891841888,0.019975694608813255
synthetic_redundancy_hard,PU-C,0.4,0.0,80,10,84.0,0.0,506.3,23.54808319635002,590.3,23.54808319635002,0.22230128317023629,0.008291945429380757,0.14142000000000002,0.007183295436868325,,,,,,,,,0.5175723623891827,0.013643322680782574,0.0,0.0,0.0,0.0,81.0,0.0,0.33095238095238094,0.025334745554781535,0.386904761904762,0.026397092650099343,0.7935131609439849,0.01575656125886318
synthetic_redundancy_hard,PU-C,0.4,0.0,85,10,89.0,0.0,498.3,33.55064165639095,587.3,33.550641656390944,0.22117784323054365,0.011783101189174956,0.12650999999999998,0.009959757359828937,,,,,,,,,0.548595362593187,0.013416693897007214,0.0,0.0,0.0,0.0,86.0,0.0,0.3258426966292135,0.022596409182020008,0.38651685393258434,0.025135523199344593,0.7841719686985016,0.0196445153926892
synthetic_redundancy_hard,PU-C,0.4,0.0,90,10,94.0,0.0,498.1,19.637520775857176,592.1,19.637520775857176,0.22295723296119832,0.006896522318665174,0.14016,0.005510357923442401,,,,,,,,,0.5800362958922051,0.013121505580531349,0.0,0.0,0.0,0.0,91.0,0.0,0.32553191489361705,0.020321345789921137,0.3893617021276596,0.022937534225242872,0.7947459697723389,0.015793257808340875
synthetic_redundancy_hard,PU-C,0.4,0.0,95,10,99.0,0.0,478.8,35.45413312373545,577.8,35.45413312373545,0.21782599175348877,0.012463053758419695,0.12264,0.010184467476396487,,,,,,,,,0.610092904191697,0.013011912936365413,0.0,0.0,0.0,0.0,96.0,0.0,0.3171717171717171,0.018392592974744326,0.3808080808080808,0.020316733793327397,0.7832205653190613,0.018783255331798088
synthetic_redundancy_hard,PU-F,0.0,0.0,0,10,4.0,0.0,617.8,60.35888961499835,621.8,60.35888961499835,0.23299395609647036,0.020993510266342375,0.17533000000000004,0.02322925382644336,,,,,,,,,0.007896220812108367,0.0015814234843312253,0.0,0.0,0.0,0.0,1.0,0.0,0.0,0.0,0.2,0.049999999999999996,0.533412617444992,0.03190108634337865
synthetic_redundancy_hard,PU-F,0.0,0.0,10,10,14.0,0.0,361.7,34.907831022088246,375.7,34.907831022088246,0.14609578666859308,0.01265703643089233,0.08996,0.008345061080929512,,,,,,,,,0.07650559590547346,0.006779817380379343,0.0,0.0,0.0,0.0,11.0,0.0,0.0,0.0,0.07857142857142856,0.02246185983823001,0.6829944968223571,0.014772337675222201
synthetic_redundancy_hard,PU-F,0.0,0.0,100,9,104.0,0.0,33.666666666666664,6.649979114420002,137.66666666666666,6.649979114420002,0.0592026897550871,0.002512920289331809,0.020088888888888885,0.0016260419261750344,,,,,,,,,0.4136722268885933,0.007460730325991058,0.0,0.0,0.0,0.0,101.0,0.0,0.0,0.0,0.13461538461538464,0.01909675526893107,0.7903899550437927,0.014719648893807294
synthetic_redundancy_hard,PU-F,0.0,0.0,105,9,109.0,0.0,32.111111111111114,9.101960174179277,141.11111111111111,9.101960174179277,0.06048487580846995,0.0034230590052962764,0.022600000000000016,0.0021618536285121477,,,,,,,,,0.42853198155838373,0.007640401999695957,0.0,0.0,0.0,0.0,106.0,0.0,0.0,0.0,0.13863404689092762,0.018940778976617785,0.8051096002260844,0.008679334141652518
synthetic_redundancy_hard,PU-F,0.0,0.0,110,9,114.0,0.0,24.22222222222222,5.960000414284516,138.22222222222223,5.960000414284516,0.05941937249412553,0.0022515695620805086,0.017833333333333343,0.0012452130562901893,,,,,,,,,0.44324416210616213,0.007818411198588731,0.0,0.0,0.0,0.0,111.0,0.0,0.0,0.0,0.13840155945419103,0.018993348216281753,0.788981729083591,0.013544116546309602
synthetic_redundancy_hard,PU-F,0.0,0.0,115,9,119.0,0.0,22.22222222222222,8.480005532260018,141.22222222222223,8.480005532260016,0.0605337975689003,0.003189783837014026,0.020611111111111097,0.0019424672487189307,,,,,,,,,0.45825971766478485,0.00804691179828002,0.0,0.0,0.0,0.0,116.0,0.0,0.0,0.0,0.13912231559290383,0.01710238943418693,0.8063087264696757,0.007329125118051019
synthetic_redundancy_hard,PU-F,0.0,0.0,117,1,121.0,0.0,0.0,0.0,121.0,0.0,0.05288982600905001,0.0,0.019100000000000006,0.0,,,,,,,,,0.41204525000648573,0.0,1.0,0.0,0.0,0.0,118.0,0.0,0.0,0.0,0.19008264462809918,0.0,0.8384005427360535,0.0
synthetic_redundancy_hard,PU-F,0.0,0.0,119,1,123.0,0.0,0.0,0.0,123.0,0.0,0.053653962444514036,0.0,0.0131,0.0,,,,,,,,,0.45639325003139675,0.0,1.0,0.0,0.0,0.0,120.0,0.0,0.0,0.0,0.08130081300813008,0.0,0.826909065246582,0.0
synthetic_redundancy_hard,PU-F,0.0,0.0,120,7,124.0,0.0,16.571428571428573,7.050353394915554,140.57142857142858,7.050353394915554,0.06030824773811868,0.002661908895408271,0.015842857142857127,0.0011667735616724027,,,,,,,,,0.48256778586489546,0.004746232231828897,0.14285714285714285,0.14285714285714288,0.0,0.0,121.0,0.0,0.0,0.0,0.14400921658986174,0.019865617751732047,0.7715126020567757,0.013195405656160373
synthetic_redundancy_hard,PU-F,0.0,0.0,122,1,126.0,0.0,0.0,0.0,126.0,0.0,0.05479860055493191,0.0,0.011600000000000055,0.0,,,,,,,,,0.4705441249534488,0.0,1.0,0.0,0.0,0.0,123.0,0.0,0.0,0.0,0.0873015873015873,0.0,0.832744836807251,0.0
synthetic_redundancy_hard,PU-F,0.0,0.0,123,1,127.0,0.0,0.0,0.0,127.0,0.0,0.055179738090373576,0.0,0.012399999999999967,0.0,,,,,,,,,0.48995429201750085,0.0,1.0,0.0,0.0,0.0,124.0,0.0,0.0,0.0,0.2125984251968504,0.0,0.8002996444702148,0.0
synthetic_redundancy_hard,PU-F,0.0,0.0,124,1,128.0,0.0,0.0,0.0,128.0,0.0,0.05556067515863106,0.0,0.016800000000000037,0.0,,,,,,,,,0.49133829202037305,0.0,1.0,0.0,0.0,0.0,125.0,0.0,0.0,0.0,0.1171875,0.0,0.768386721611023,0.0
synthetic_redundancy_hard,PU-F,0.0,0.0,125,3,129.0,0.0,78.66666666666667,42.24663037187437,207.66666666666666,42.24663037187437,0.08523276727646589,0.015545961325193477,0.0309,0.011750035460939398,,,,,,,,,0.5036330553314959,0.008241289729474157,0.0,0.0,0.0,0.0,126.0,0.0,0.0,0.0,0.1550387596899225,0.04316096405294591,0.7800766030947367,0.050652817732743854
synthetic_redundancy_hard,PU-F,0.0,0.0,128,1,132.0,0.0,0.0,0.0,132.0,0.0,0.057082461076788604,0.0,0.009000000000000008,0.0,,,,,,,,,0.529839291004464,0.0,1.0,0.0,0.0,0.0,129.0,0.0,0.0,0.0,0.11363636363636363,0.0,0.7961007356643677,0.0
synthetic_redundancy_hard,PU-F,0.0,0.0,130,2,134.0,0.0,5.0,5.0,139.0,5.0,0.059736129391239956,0.001893923938041553,0.009200000000000041,0.0025000000000000022,,,,,,,,,0.5257952915271744,0.016708124487195164,0.5,0.5,0.0,0.0,131.0,0.0,0.0,0.0,0.18656716417910446,0.05970149253731342,0.7458004653453827,0.03679874539375305
synthetic_redundancy_hard,PU-F,0.0,0.0,135,1,139.0,0.0,8.0,0.0,147.0,0.0,0.06276304461061954,0.0,0.013700000000000045,0.0,,,,,,,,,0.5774729159893468,0.0,0.0,0.0,0.0,0.0,136.0,0.0,0.0,0.0,0.1223021582733813,0.0,0.7872321605682373,0.0
synthetic_redundancy_hard,PU-F,0.0,0.0,140,1,144.0,0.0,2.0,0.0,146.0,0.0,0.062385546683799475,0.0,0.008600000000000052,0.0,,,,,,,,,0.6139773749746382,0.0,0.0,0.0,0.0,0.0,141.0,0.0,0.0,0.0,0.11805555555555555,0.0,0.6741434931755066,0.0
synthetic_redundancy_hard,PU-F,0.0,0.0,141,1,145.0,0.0,0.0,0.0,145.0,0.0,0.06200788344722241,0.0,0.007900000000000018,0.0,,,,,,,,,0.6260250830091536,0.0,1.0,0.0,0.0,0.0,142.0,0.0,0.0,0.0,0.11724137931034483,0.0,0.7150580286979675,0.0
synthetic_redundancy_hard,PU-F,0.0,0.0,15,10,19.0,0.0,270.4,23.71600490995245,289.4,23.71600490995245,0.11516201597405598,0.00857496103754573,0.07013000000000001,0.004691340722840086,,,,,,,,,0.10397561240824871,0.006595997491186765,0.0,0.0,0.0,0.0,16.0,0.0,0.0,0.0,0.07894736842105261,0.021125604524197008,0.723816329240799,0.014695805189147093
synthetic_redundancy_hard,PU-F,0.0,0.0,20,10,24.0,0.0,236.0,29.99036882437797,260.0,29.99036882437797,0.10430190781480633,0.010958495889930952,0.06457,0.005828951687720343,,,,,,,,,0.1294569042045623,0.006751810645157621,0.0,0.0,0.0,0.0,21.0,0.0,0.0,0.0,0.06666666666666665,0.019837301190396808,0.7445435345172882,0.01825486018209885
synthetic_redundancy_hard,PU-F,0.0,0.0,25,10,29.0,0.0,219.4,14.145435070485929,248.4,14.145435070485929,0.1003048213373404,0.005190830995329198,0.060899999999999996,0.0030017402360038446,,,,,,,,,0.15407769980374725,0.006829498804457118,0.0,0.0,0.0,0.0,26.0,0.0,0.0,0.0,0.07241379310344827,0.022079738749768443,0.7710751593112946,0.015715522821052662
synthetic_redundancy_hard,PU-F,0.0,0.0,30,10,34.0,0.0,177.8,23.56211648671089,211.8,23.56211648671089,0.086677787755616,0.008699909987776184,0.05133,0.004680124642214848,,,,,,,,,0.17713478320511059,0.007445257325638426,0.0,0.0,0.0,0.0,31.0,0.0,0.0,0.0,0.07941176470588236,0.029752923344104936,0.776573532819748,0.021969003590406412
synthetic_redundancy_hard,PU-F,0.0,0.0,35,10,39.0,0.0,156.3,12.909987520434626,195.3,12.909987520434626,0.08073486133362166,0.004811439040808356,0.04834000000000001,0.0021982417216190493,,,,,,,,,0.19877004590816796,0.007802838144668949,0.0,0.0,0.0,0.0,36.0,0.0,0.0,0.0,0.10256410256410257,0.028603761590908564,0.7924260139465332,0.016999564510049834
synthetic_redundancy_hard,PU-F,0.0,0.0,40,10,44.0,0.0,136.3,20.002805358804604,180.3,20.002805358804604,0.07501236496609635,0.007476298896861903,0.04331999999999999,0.004162579328573409,,,,,,,,,0.21907787499949335,0.00823966767036782,0.0,0.0,0.0,0.0,41.0,0.0,0.0,0.0,0.10227272727272727,0.027783516395291284,0.7909201622009278,0.022225122011508166
synthetic_redundancy_hard,PU-F,0.0,0.0,45,10,49.0,0.0,120.5,11.502898185529883,169.5,11.502898185529883,0.07112690171343275,0.004330910635672917,0.04122,0.0019697038694517816,,,,,,,,,0.23835488320910372,0.008428883992731187,0.0,0.0,0.0,0.0,46.0,0.0,0.0,0.0,0.10408163265306122,0.030491067797299282,0.8002429783344269,0.016860052916793336
synthetic_redundancy_hard,PU-F,0.0,0.0,5,10,9.0,0.0,389.0,27.88229226986587,398.0,27.88229226986587,0.15424019165802746,0.009958731289162344,0.0994,0.006189776517236565,,,,,,,,,0.04735341260675341,0.006713204858057188,0.0,0.0,0.0,0.0,6.0,0.0,0.0,0.0,0.11111111111111109,0.028688765527462346,0.6275712192058563,0.014995846146664008
synthetic_redundancy_hard,PU-F,0.0,0.0,50,10,54.0,0.0,107.8,15.398268300905356,161.8,15.398268300905354,0.06817225401173346,0.00578814302126157,0.0371,0.0034229941409369725,,,,,,,,,0.2573840667086188,0.008757492524542337,0.0,0.0,0.0,0.0,51.0,0.0,0.0,0.0,0.1037037037037037,0.03174064230168504,0.7934432923793793,0.023462709501993532
synthetic_redundancy_hard,PU-F,0.0,0.0,55,10,59.0,0.0,100.8,9.802267311415479,159.8,9.802267311415479,0.06751232987153344,0.0036998490095126566,0.03588000000000001,0.0017786261864458997,,,,,,,,,0.27586135840974746,0.008976086591075119,0.0,0.0,0.0,0.0,56.0,0.0,0.0,0.0,0.10508474576271187,0.029874133483394995,0.798876690864563,0.015879378576966075
synthetic_redundancy_hard,PU-F,0.0,0.0,60,10,64.0,0.0,82.1,13.672722235653488,146.1,13.672722235653488,0.06227977706585079,0.00517073079890734,0.03221,0.0030157162407037637,,,,,,,,,0.29346797499456445,0.009328955044593197,0.0,0.0,0.0,0.0,61.0,0.0,0.0,0.0,0.1078125,0.028853414550967793,0.7923987090587616,0.02259735474974574
synthetic_redundancy_hard,PU-F,0.0,0.0,65,10,69.0,0.0,76.4,8.89968788466452,145.4,8.89968788466452,0.06209664259222336,0.0033715975739026546,0.030230000000000014,0.0021571096917454634,,,,,,,,,0.31037545820581725,0.00959403306100734,0.0,0.0,0.0,0.0,66.0,0.0,0.0,0.0,0.10724637681159421,0.02594342334704841,0.7987167775630951,0.015486324379499643
synthetic_redundancy_hard,PU-F,0.0,0.0,70,10,74.0,0.0,63.3,11.197271493041905,137.3,11.197271493041905,0.05898798100533895,0.004255618837936848,0.02805000000000001,0.0028980932428830553,,,,,,,,,0.32699788330937735,0.009709927101372532,0.0,0.0,0.0,0.0,71.0,0.0,0.0,0.0,0.10675675675675678,0.023008275295715558,0.7963841676712036,0.019875214238052188
synthetic_redundancy_hard,PU-F,0.0,0.0,75,10,79.0,0.0,72.6,9.284634857895298,151.6,9.284634857895298,0.06443735961802304,0.003493078552966315,0.030389999999999993,0.002106996282230547,,,,,,,,,0.3436262084986083,0.009901688234968597,0.0,0.0,0.0,0.0,76.0,0.0,0.0,0.0,0.10632911392405062,0.020773896413655984,0.8077795207500458,0.01415764599963457
synthetic_redundancy_hard,PU-F,0.0,0.0,80,10,84.0,0.0,52.5,8.357631243360764,136.5,8.357631243360764,0.05873268010909669,0.0031726555124067662,0.025629999999999976,0.001889388496018992,,,,,,,,,0.3599965666071512,0.010108742449962039,0.0,0.0,0.0,0.0,81.0,0.0,0.0,0.0,0.11071428571428572,0.01836148460517345,0.803512054681778,0.016887012801588958
synthetic_redundancy_hard,PU-F,0.0,0.0,85,10,89.0,0.0,59.2,8.702234706607774,148.2,8.702234706607774,0.0631618568149861,0.003276503836663936,0.027850000000000007,0.0020335109212066393,,,,,,,,,0.3755923582008108,0.010185151584005538,0.0,0.0,0.0,0.0,86.0,0.0,0.0,0.0,0.1101123595505618,0.01786795571816713,0.8105965673923492,0.01216987840573709
synthetic_redundancy_hard,PU-F,0.0,0.0,90,10,94.0,0.0,40.7,7.147726911403373,134.7,7.147726911403372,0.05806571179418825,0.002711033346697786,0.022319999999999996,0.0015850552040859646,,,,,,,,,0.39130329581093976,0.010398548057780984,0.0,0.0,0.0,0.0,91.0,0.0,0.0,0.0,0.11914893617021279,0.01947451094715742,0.7997863709926605,0.016043085517672452
synthetic_redundancy_hard,PU-F,0.0,0.0,95,10,99.0,0.0,44.9,8.859959869485238,143.9,8.859959869485238,0.06153606300940737,0.0033338991273503833,0.02461000000000002,0.002053693150291823,,,,,,,,,0.4068296083016321,0.0105836885786485,0.0,0.0,0.0,0.0,96.0,0.0,0.0,0.0,0.1202020202020202,0.020780167170652487,0.8089706301689148,0.011479726625619475
synthetic_redundancy_hard,PU-F,0.0,0.0,98,1,102.0,0.0,0.0,0.0,102.0,0.0,0.0455846541444771,0.0,0.015199999999999991,0.0,,,,,,,,,0.4942606250406243,0.0,1.0,0.0,0.0,0.0,99.0,0.0,0.0,0.0,0.049019607843137254,0.0,0.8635322451591492,0.0
synthetic_redundancy_hard,PU-F,0.4,0.0,0,10,4.0,0.0,536.2,21.91184357576717,540.2,21.91184357576717,0.20471701789065264,0.00771378431419001,0.13312000000000004,0.009437217103927763,,,,,,,,,0.014024649903876706,0.0018228449207538912,0.0,0.0,0.0,0.0,1.0,0.0,0.0,0.0,0.15,0.040824829046386304,0.599220135807991,0.03671433984802707
synthetic_redundancy_hard,PU-F,0.4,0.0,10,10,14.0,0.0,593.4,103.31216987579172,607.4,103.31216987579172,0.22732034162036144,0.03546718210164699,0.15273,0.03876227275185097,,,,,,,,,0.180118049797602,0.00558107155636029,0.0,0.0,0.0,0.0,11.0,0.0,0.42142857142857143,0.032732683535398856,0.46428571428571425,0.03409005015065798,0.6636013984680176,0.016870396732945686
synthetic_redundancy_hard,PU-F,0.4,0.0,100,10,104.0,0.0,392.2,29.653105514712394,496.2,29.653105514712394,0.18913277349201962,0.01048857249192573,0.09498999999999999,0.007328459744190608,,,,,,,,,1.3906243289005942,0.05115178842981123,0.0,0.0,0.0,0.0,101.0,0.0,0.2759615384615385,0.016471365586576404,0.3615384615384615,0.016292647470690813,0.6891339600086213,0.01765482565155075
synthetic_redundancy_hard,PU-F,0.4,0.0,105,10,109.0,0.0,379.3,20.978322144537678,488.3,20.978322144537678,0.1864097318612039,0.007413135419902125,0.09529,0.0066299061498301445,,,,,,,,,1.4625815538864118,0.0531023982760063,0.0,0.0,0.0,0.0,106.0,0.0,0.26972477064220185,0.016422901017856335,0.3623853211009175,0.016875082154521583,0.6810187935829163,0.021899730264070782
synthetic_redundancy_hard,PU-F,0.4,0.0,110,10,114.0,0.0,386.3,30.827494942736493,500.3,30.827494942736493,0.19057161967502906,0.010898591881209722,0.09312,0.007543058619242812,,,,,,,,,1.532041579100769,0.05409304018010171,0.0,0.0,0.0,0.0,111.0,0.0,0.26929824561403504,0.01638731727392053,0.3649122807017543,0.01634291065787382,0.6891692817211151,0.017642448203212632
synthetic_redundancy_hard,PU-F,0.4,0.0,115,10,119.0,0.0,370.7,20.597761474921924,489.7,20.597761474921924,0.18690726275090128,0.007278549207550626,0.09403999999999998,0.006795720875832248,,,,,,,,,1.6040715332026594,0.055752630229459095,0.0,0.0,0.0,0.0,116.0,0.0,0.26890756302521013,0.018066684029800672,0.36638655462184877,0.01700167048234568,0.6808523297309875,0.021968929426186935
synthetic_redundancy_hard,PU-F,0.4,0.0,120,10,124.0,0.0,378.0,32.19316697686016,502.0,32.19316697686016,0.1911594396806322,0.01137914448819975,0.09197000000000001,0.007980365488706223,,,,,,,,,1.6782568705966696,0.05631557515590888,0.0,0.0,0.0,0.0,121.0,0.0,0.2701612903225806,0.018979713019466507,0.367741935483871,0.017717480702456,0.6869961440563201,0.018241000142650007
synthetic_redundancy_hard,PU-F,0.4,0.0,125,10,129.0,0.0,441.8,21.98878502024763,570.8,21.98878502024763,0.21547001018188894,0.007752681227113115,0.12166999999999999,0.009020692878044348,,,,,,,,,1.750045620801393,0.059359465987997476,0.0,0.0,0.0,0.0,126.0,0.0,0.2674418604651163,0.019653536816337382,0.36666666666666664,0.018346253229974158,0.6968843758106231,0.025355107429798497
synthetic_redundancy_hard,PU-F,0.4,0.0,130,10,134.0,0.0,358.5,17.10506747526397,492.5,17.10506747526397,0.18791647136677056,0.0060529523432726355,0.09115999999999999,0.004052220241903065,,,,,,,,,1.826367237395607,0.06123042361609588,0.0,0.0,0.0,0.0,131.0,0.0,0.2664179104477612,0.0184163622078404,0.3634328358208955,0.017520986719343615,0.6356985986232757,0.01730029548785406
synthetic_redundancy_hard,PU-F,0.4,0.0,135,10,139.0,0.0,382.7,37.104671763359754,521.7,37.104671763359754,0.19806426214636302,0.013094508440709314,0.09883,0.012223820552056905,,,,,,,,,1.8974419038917403,0.06124972228226202,0.0,0.0,0.0,0.0,136.0,0.0,0.2705035971223021,0.01775876122932721,0.36690647482014394,0.01722617265809877,0.6328425228595733,0.03102623295434336
synthetic_redundancy_hard,PU-F,0.4,0.0,140,10,144.0,0.0,355.7,19.54712255039089,499.7,19.54712255039089,0.19044783980352803,0.006908535303002741,0.08735000000000001,0.0048367861230366556,,,,,,,,,1.9663949163921643,0.0609588484486616,0.0,0.0,0.0,0.0,141.0,0.0,0.27361111111111114,0.01673084351814134,0.3680555555555556,0.016724436914989302,0.5943411350250244,0.016606991162646342
synthetic_redundancy_hard,PU-F,0.4,0.0,145,10,149.0,0.0,387.3,35.873558817354905,536.3,35.873558817354905,0.20321553135290743,0.01268929930049614,0.09773000000000001,0.011344710465920034,,,,,,,,,2.036778745701304,0.06262587478208585,0.0,0.0,0.0,0.0,146.0,0.0,0.27114093959731544,0.015343559910051225,0.36644295302013424,0.015179593247147535,0.612816134095192,0.029665668185684453
synthetic_redundancy_hard,PU-F,0.4,0.0,15,10,19.0,0.0,522.7,20.207836763658467,541.7,20.207836763658467,0.20525395378354006,0.007121232012235572,0.13196,0.007891629883757991,,,,,,,,,0.26072537479340097,0.006488513855053098,0.0,0.0,0.0,0.0,16.0,0.0,0.43684210526315786,0.03766826412909454,0.46842105263157896,0.0387953410306947,0.6844500303268433,0.017282580556295456
synthetic_redundancy_hard,PU-F,0.4,0.0,150,10,154.0,0.0,301.5,27.90111507130534,455.5,27.90111507130534,0.17472216300084256,0.009928827679163251,0.07160999999999998,0.008513498432228409,,,,,,,,,2.111150324798655,0.06530316426188607,0.0,0.0,0.0,0.0,151.0,0.0,0.2707792207792208,0.016314374187195908,0.36493506493506495,0.016133891907865124,0.5632880866527558,0.014060569634457462
synthetic_redundancy_hard,PU-F,0.4,0.0,155,10,159.0,0.0,353.3,34.715686496004786,512.3,34.715686496004786,0.19476450392394326,0.012291775598706617,0.08806,0.011266353052834407,,,,,,,,,2.1807934497948738,0.06698446603409051,0.0,0.0,0.0,0.0,156.0,0.0,0.2679245283018868,0.01731813536944518,0.360377358490566,0.016401849051629894,0.5802578389644623,0.026197121493024757
synthetic_redundancy_hard,PU-F,0.4,0.0,160,10,164.0,0.0,324.4,23.968590557922536,488.4,23.968590557922536,0.1864255731285084,0.008462623254020536,0.07791,0.00650480933190547,,,,,,,,,2.259398537303787,0.07171618682490391,0.0,0.0,0.0,0.0,161.0,0.0,0.26707317073170733,0.018445611877298256,0.3585365853658537,0.01687848739189162,0.5480150431394577,0.00961666448900702
synthetic_redundancy_hard,PU-F,0.4,0.0,165,10,169.0,0.0,321.1,29.07249559291393,490.1,29.07249559291393,0.18698341655544937,0.010273773623430595,0.08177,0.009467559230222846,,,,,,,,,2.3280412083899136,0.07420962600971412,0.0,0.0,0.0,0.0,166.0,0.0,0.2644970414201184,0.018795716182566376,0.3556213017751479,0.017023193189209647,0.553608626127243,0.030386253036493352
synthetic_redundancy_hard,PU-F,0.4,0.0,170,10,174.0,0.0,294.0,26.197540172907665,468.0,26.197540172907665,0.1791780576284509,0.009291814287527305,0.07454,0.008554299763536721,,,,,,,,,2.397683703905204,0.07600755991307091,0.0,0.0,0.0,0.0,171.0,0.0,0.26264367816091955,0.01884905610180543,0.3522988505747126,0.01627901673001293,0.5550166726112366,0.023679828922771883
synthetic_redundancy_hard,PU-F,0.4,0.0,175,10,179.0,0.0,307.3,30.078803906479465,486.3,30.078803906479465,0.1856279170315247,0.010640115949719744,0.0755,0.009828914261278075,,,,,,,,,2.465794099896448,0.07776744212851074,0.0,0.0,0.0,0.0,176.0,0.0,0.2664804469273743,0.018151410280234637,0.3541899441340782,0.01610989106434426,0.5358010828495026,0.023794904549187496
synthetic_redundancy_hard,PU-F,0.4,0.0,180,10,184.0,0.0,276.4,17.236395601555834,460.4,17.236395601555834,0.17654962832457385,0.006109701655444554,0.06715,0.0052430112212989415,,,,,,,,,2.532369554002071,0.07875489515043703,0.0,0.0,0.0,0.0,181.0,0.0,0.26576086956521733,0.0171375279583801,0.3527173913043478,0.01609058746071497,0.5250683218240738,0.022767917179900867
synthetic_redundancy_hard,PU-F,0.4,0.0,185,10,189.0,0.0,280.1,25.371221667253014,469.1,25.371221667253014,0.1795794887584634,0.008975601074412727,0.06982000000000001,0.008174564888182804,,,,,,,,,2.598116320895497,0.07901110768297931,0.0,0.0,0.0,0.0,186.0,0.0,0.264021164021164,0.01739606584420486,0.35238095238095235,0.01645418524118603,0.5165486663579941,0.02305735436909981
synthetic_redundancy_hard,PU-F,0.4,0.0,190,10,194.0,0.0,273.8,20.120636172845032,467.8,20.120636172845032,0.17915454283938742,0.007135207153759647,0.07074,0.005872273835576812,,,,,,,,,2.6638447583012748,0.07991551326042058,0.0,0.0,0.0,0.0,191.0,0.0,0.26391752577319594,0.017686748085852605,0.3530927835051546,0.01683936458900566,0.5123524099588395,0.021277646100665938
synthetic_redundancy_hard,PU-F,0.4,0.0,195,10,199.0,0.0,253.1,29.026596998844578,452.1,29.026596998844578,0.1735160839103628,0.010276232157464402,0.06123000000000001,0.007975268020574609,,,,,,,,,2.7316716290893965,0.08034887915634477,0.0,0.0,0.0,0.0,196.0,0.0,0.264321608040201,0.016970083942263237,0.3537688442211055,0.017216301718632622,0.527900105714798,0.022706878226462692
synthetic_redundancy_hard,PU-F,0.4,0.0,20,10,24.0,0.0,603.2,52.23000414831817,627.2,52.23000414831817,0.23499220830271952,0.018135760418427252,0.15239,0.016479100905894915,,,,,,,,,0.3088843789941166,0.007778786627047567,0.0,0.0,0.0,0.0,21.0,0.0,0.425,0.0376796110173626,0.4583333333333333,0.0367465459870082,0.7043457329273224,0.01553828356995335
synthetic_redundancy_hard,PU-F,0.4,0.0,200,10,204.0,0.0,246.3,18.250753409106153,450.3,18.250753409106153,0.1729580300336238,0.0064819503464646515,0.06510000000000002,0.00682037796280789,,,,,,,,,2.7946979791042397,0.08124421639105107,0.0,0.0,0.0,0.0,201.0,0.0,0.2617647058823529,0.016618538738681205,0.35196078431372546,0.017180966572673092,0.5117483139038086,0.02316106809710848
synthetic_redundancy_hard,PU-F,0.4,0.0,205,10,209.0,0.0,247.0,20.61229406608266,456.0,20.61229406608266,0.1749678525258787,0.007304578800038644,0.06021,0.006313784742749609,,,,,,,,,2.8601836664020084,0.08208331973923998,0.0,0.0,0.0,0.0,206.0,0.0,0.2655502392344498,0.016547770011789097,0.355023923444976,0.018321187216299047,0.5245895832777023,0.020510413011927967
synthetic_redundancy_hard,PU-F,0.4,0.0,210,10,214.0,0.0,212.1,21.42607445769445,426.1,21.42607445769445,0.16433383869589308,0.0076045099811008045,0.05431999999999999,0.006394855571299304,,,,,,,,,2.92172686230042,0.08307627230117164,0.0,0.0,0.0,0.0,211.0,0.0,0.2672897196261682,0.014773714269631618,0.3560747663551402,0.017370220385608287,0.4999838709831238,0.020288963887882042
synthetic_redundancy_hard,PU-F,0.4,0.0,215,10,219.0,0.0,224.2,18.108806942725103,443.2,18.108806942725103,0.17043756810599006,0.006430940218787069,0.06300999999999998,0.005285335057181014,,,,,,,,,2.9809971748967654,0.08579119926138681,0.0,0.0,0.0,0.0,216.0,0.0,0.26986301369863014,0.015303428145237236,0.35844748858447484,0.018012590963804,0.5125524222850799,0.028922653700882397
synthetic_redundancy_hard,PU-F,0.4,0.0,220,10,224.0,0.0,230.2,24.246328473491495,454.2,24.246328473491495,0.17430223099072464,0.008590584460275382,0.057640000000000004,0.00862714321197927,,,,,,,,,3.041171320801368,0.08722638451868482,0.0,0.0,0.0,0.0,221.0,0.0,0.27142857142857146,0.01459244127634674,0.3589285714285714,0.01795854147803046,0.5073871225118637,0.025150256082591062
synthetic_redundancy_hard,PU-F,0.4,0.0,225,10,229.0,0.0,227.1,21.079452870825023,456.1,21.079452870825023,0.17499874021741563,0.007478372774809429,0.05928,0.007610778905969847,,,,,,,,,3.101485145598417,0.08724017761939602,0.0,0.0,0.0,0.0,226.0,0.0,0.2733624454148472,0.013438939024842842,0.36113537117903927,0.017492097802914323,0.5290758222341537,0.025158403603960714
synthetic_redundancy_hard,PU-F,0.4,0.0,230,10,234.0,0.0,187.0,15.197221968358413,421.0,15.197221968358413,0.16255692565464414,0.005402730908639242,0.041649999999999986,0.005136173456745579,,,,,,,,,3.160920491599245,0.0891412033443995,0.0,0.0,0.0,0.0,231.0,0.0,0.27435897435897433,0.013314326433672845,0.36324786324786323,0.01775776870911387,0.4984427899122238,0.020848170953489027
synthetic_redundancy_hard,PU-F,0.4,0.0,235,10,239.0,0.0,215.2,14.8801135001645,454.2,14.8801135001645,0.17436284291907214,0.005274585656502929,0.057909999999999996,0.004554642320387706,,,,,,,,,3.219887216592906,0.09145958001451455,0.0,0.0,0.0,0.0,236.0,0.0,0.2732217573221757,0.01320258836768632,0.36276150627615067,0.017915790547056724,0.5318597286939621,0.025821387763353937
synthetic_redundancy_hard,PU-F,0.4,0.0,240,10,244.0,0.0,222.6,24.06528158525841,466.6,24.06528158525841,0.17870633018319496,0.008499582821764275,0.057210000000000004,0.008431494529441384,,,,,,,,,3.2816501957015136,0.09293255886229769,0.0,0.0,0.0,0.0,241.0,0.0,0.2766393442622951,0.012934929496789847,0.3663934426229508,0.01760334827086843,0.5344940692186355,0.02415673525225429
synthetic_redundancy_hard,PU-F,0.4,0.0,245,10,249.0,0.0,194.8,22.978153876139732,443.8,22.978153876139732,0.17061794385081158,0.008148778100535275,0.053860000000000005,0.006625375461058787,,,,,,,,,3.3444577705988197,0.09360869172311694,0.0,0.0,0.0,0.0,246.0,0.0,0.27751004016064257,0.012874393763774191,0.3686746987951808,0.01783823850614717,0.5276927560567856,0.025683567227286
synthetic_redundancy_hard,PU-F,0.4,0.0,25,10,29.0,0.0,510.2,19.59750551019752,539.2,19.59750551019752,0.20437992512015626,0.006887681091942053,0.13269999999999998,0.007332045341437056,,,,,,,,,0.3553561331005767,0.01133769089660758,0.0,0.0,0.0,0.0,26.0,0.0,0.4310344827586207,0.028735632183908046,0.46206896551724136,0.028712634475394933,0.7002156555652619,0.019910498247283394
synthetic_redundancy_hard,PU-F,0.4,0.0,250,10,254.0,0.0,188.6,19.132984898104926,442.6,19.132984898104926,0.17021888156887144,0.006787192256170647,0.05384,0.006300144619151392,,,,,,,,,3.4063266955956353,0.09753580062824405,0.0,0.0,0.0,0.0,251.0,0.0,0.27755905511811024,0.012244171849657003,0.3700787401574804,0.01753822978717912,0.522309210896492,0.02608735713207978
synthetic_redundancy_hard,PU-F,0.4,0.0,255,10,259.0,0.0,220.8,18.084861686565983,479.8,18.084861686565983,0.18341781444032676,0.006408670604406396,0.06327999999999999,0.007235111916511347,,,,,,,,,3.465405841602478,0.09923631088627544,0.0,0.0,0.0,0.0,256.0,0.0,0.27606177606177607,0.011686226815600395,0.36911196911196914,0.017007905829273397,0.5275905042886734,0.02604815433764341
synthetic_redundancy_hard,PU-F,0.4,0.0,260,10,264.0,0.0,174.2,24.26327815169802,438.2,24.26327815169802,0.16861847559921445,0.008597069241698816,0.05155,0.007837746983526434,,,,,,,,,3.5266212873975746,0.10020728006330665,0.0,0.0,0.0,0.0,261.0,0.0,0.2761363636363637,0.011411934398230628,0.3700757575757575,0.0157808079514986,0.5062959641218185,0.022358458365724792
synthetic_redundancy_hard,PU-F,0.4,0.0,265,10,269.0,0.0,215.1,24.047845826370576,484.1,24.047845826370576,0.18490076358430088,0.008507931072011535,0.06254000000000001,0.009148031968073176,,,,,,,,,3.5867439499998,0.10141709016238973,0.0,0.0,0.0,0.0,266.0,0.0,0.27657992565055756,0.011072271575558203,0.37174721189591076,0.015377538594784206,0.49802765250205994,0.02737214674374779
synthetic_redundancy_hard,PU-F,0.4,0.0,270,10,274.0,0.0,177.0,17.842520997761373,451.0,17.842520997761373,0.1732118993124459,0.006317127556458066,0.05411999999999999,0.006573766043905121,,,,,,,,,3.6455719038844108,0.10301298888059758,0.0,0.0,0.0,0.0,271.0,0.0,0.27773722627737224,0.009754385053723162,0.37262773722627734,0.013822114391567384,0.49521791338920595,0.031116224587066192
synthetic_redundancy_hard,PU-F,0.4,0.0,275,10,279.0,0.0,175.8,16.75231327309754,454.8,16.75231327309754,0.1745655168837402,0.005940869824486116,0.052079999999999994,0.005971632942504084,,,,,,,,,3.702981733198976,0.10367443777247173,0.0,0.0,0.0,0.0,276.0,0.0,0.27706093189964165,0.009270621617474953,0.37240143369175627,0.012950155817109683,0.5079034864902496,0.03705323270672455
synthetic_redundancy_hard,PU-F,0.4,0.0,280,10,284.0,0.0,158.8,14.232045218840161,442.8,14.232045218840161,0.17031682649394497,0.005057931864899499,0.04723999999999999,0.006324330443260818,,,,,,,,,3.760031137400074,0.10410606617547097,0.0,0.0,0.0,0.0,281.0,0.0,0.27816901408450706,0.008923275966548457,0.372887323943662,0.012808493519017708,0.5095249861478806,0.030882430760761935
synthetic_redundancy_hard,PU-F,0.4,0.0,285,10,289.0,0.0,162.2,19.721280102693356,451.2,19.721280102693356,0.1732710358046461,0.006984238425654097,0.05201999999999999,0.006633463985312986,,,,,,,,,3.8240791749965863,0.10609750691892553,0.0,0.0,0.0,0.0,286.0,0.0,0.2799307958477509,0.008482803233308833,0.37612456747404843,0.013080317073657992,0.5149871855974197,0.03232287282028169
synthetic_redundancy_hard,PU-F,0.4,0.0,290,10,294.0,0.0,143.7,15.1055913121231,437.7,15.1055913121231,0.1685016008617822,0.005353822730224566,0.04546999999999999,0.006301640879785025,,,,,,,,,3.8843474955996498,0.10679304879434688,0.0,0.0,0.0,0.0,291.0,0.0,0.2802721088435374,0.008799822182282202,0.3761904761904762,0.012968856433404808,0.5153531640768051,0.03022361033369512
synthetic_redundancy_hard,PU-F,0.4,0.0,295,10,299.0,0.0,160.8,19.536177267373017,459.8,19.536177267373017,0.17632506167865358,0.006908554983561218,0.051030000000000006,0.005511887154142398,,,,,,,,,3.940374270698521,0.10852665324343053,0.0,0.0,0.0,0.0,296.0,0.0,0.2819397993311037,0.008578376188722692,0.3785953177257525,0.012669852972285728,0.5175561755895615,0.030846590712762217
synthetic_redundancy_hard,PU-F,0.4,0.0,30,10,34.0,0.0,519.3,25.329846251233167,553.3,25.329846251233167,0.20930064817657695,0.008927638654981425,0.12805,0.00723736063001484,,,,,,,,,0.3986344664997887,0.012035112456389602,0.0,0.0,0.0,0.0,31.0,0.0,0.4235294117647058,0.028817526385684446,0.45294117647058824,0.027450980392156866,0.7125536620616912,0.0177518815855875
synthetic_redundancy_hard,PU-F,0.4,0.0,300,10,304.0,0.0,155.0,16.91350545175856,459.0,16.91350545175856,0.17605621028342283,0.0059853786174523275,0.046650000000000004,0.005626825629666041,,,,,,,,,3.995208154094871,0.1093192895195381,0.0,0.0,0.0,0.0,301.0,0.0,0.2825657894736842,0.008598197333383921,0.37894736842105264,0.012586267414282228,0.5369760394096375,0.02972924640821576
synthetic_redundancy_hard,PU-F,0.4,0.0,305,10,309.0,0.0,138.1,15.652795277521518,447.1,15.652795277521518,0.17183709220262244,0.005559980655436193,0.04352999999999999,0.0042239015666140235,,,,,,,,,4.051687987393234,0.11091258330851012,0.0,0.0,0.0,0.0,306.0,0.0,0.2857605177993528,0.008603654533588096,0.3818770226537217,0.012280689942401474,0.5099766582250596,0.030449756081152822
synthetic_redundancy_hard,PU-F,0.4,0.0,310,10,314.0,0.0,129.6,20.749939758948695,443.6,20.749939758948695,0.17056556803290732,0.007345577265712512,0.04171999999999999,0.006186397264249291,,,,,,,,,4.106517537194304,0.11135316841912211,0.0,0.0,0.0,0.0,311.0,0.0,0.28503184713375795,0.00768814991868361,0.3818471337579618,0.011555532063307694,0.5171063989400864,0.03318697514052257
synthetic_redundancy_hard,PU-F,0.4,0.0,315,10,319.0,0.0,131.8,16.1167959319187,450.8,16.1167959319187,0.17314973055617883,0.005712680566663398,0.04343999999999999,0.0058975927292413185,,,,,,,,,4.162269008194562,0.11190820198967438,0.0,0.0,0.0,0.0,316.0,0.0,0.2871473354231975,0.007074738089785059,0.3852664576802508,0.010495717268202635,0.5358653157949448,0.03448160447479998
synthetic_redundancy_hard,PU-F,0.4,0.0,320,10,324.0,0.0,103.9,10.564563407921787,427.9,10.564563407921787,0.1650349145696964,0.003755208055117387,0.033830000000000006,0.0034556571975047916,,,,,,,,,4.216473295702599,0.11298707111362129,0.0,0.0,0.0,0.0,321.0,0.0,0.28981481481481486,0.006999666128878207,0.3876543209876543,0.009955531196216411,0.5275415986776352,0.027705868927741226
synthetic_redundancy_hard,PU-F,0.4,0.0,325,10,329.0,0.0,106.5,15.281252130197533,435.5,15.281252130197533,0.16771775579545647,0.005422606514855467,0.03762000000000001,0.005201106719834842,,,,,,,,,4.266829504090128,0.11427814869887253,0.0,0.0,0.0,0.0,326.0,0.0,0.29118541033434653,0.00710376824435992,0.3884498480243161,0.009523809523809518,0.5286051005125045,0.033302928172720146
synthetic_redundancy_hard,PU-F,0.4,0.0,330,10,334.0,0.0,98.2,13.417898494175605,432.2,13.417898494175606,0.16655199775705115,0.004774196095741489,0.036299999999999985,0.005570657252265866,,,,,,,,,4.31834916639491,0.11455472500774486,0.0,0.0,0.0,0.0,331.0,0.0,0.2940119760479042,0.00724910969953488,0.3916167664670659,0.009549599771581384,0.5148060917854309,0.03444292674637243
synthetic_redundancy_hard,PU-F,0.4,0.0,335,10,339.0,0.0,92.2,13.017765638627168,431.2,13.017765638627168,0.16619908016291446,0.004623769714662298,0.02954,0.0049821726630501694,,,,,,,,,4.372012370702578,0.11525427842104838,0.0,0.0,0.0,0.0,336.0,0.0,0.29646017699115046,0.00683011012264002,0.3935103244837758,0.009565692434230333,0.5154501795768738,0.03909838412157893
synthetic_redundancy_hard,PU-F,0.4,0.0,340,10,344.0,0.0,93.1,11.462450775369888,437.1,11.462450775369888,0.16830341893364675,0.004076377065053129,0.036,0.003827328630317034,,,,,,,,,4.422120041603921,0.11712453497122052,0.0,0.0,0.0,0.0,341.0,0.0,0.3,0.005696487773914367,0.39680232558139533,0.008702068319041457,0.5371432691812515,0.03838745525105267
synthetic_redundancy_hard,PU-F,0.4,0.0,345,10,349.0,0.0,81.2,14.101851730259476,430.2,14.10185173025948,0.1658382621826604,0.005007760055162306,0.035239999999999994,0.004172747562724378,,,,,,,,,4.475610712298658,0.1194560876434868,0.0,0.0,0.0,0.0,346.0,0.0,0.30171919770773636,0.005950111987458461,0.4,0.009153122101784863,0.5310026869177819,0.04321039997194641
synthetic_redundancy_hard,PU-F,0.4,0.0,35,10,39.0,0.0,495.1,20.509320374459566,534.1,20.509320374459566,0.2025772778724786,0.007225058409383153,0.12875999999999999,0.007604489901805817,,,,,,,,,0.4475389371917117,0.013843709347484117,0.0,0.0,0.0,0.0,36.0,0.0,0.39230769230769236,0.023266081348403758,0.4282051282051282,0.02060165947554521,0.7042060196399689,0.020400511301918427
synthetic_redundancy_hard,PU-F,0.4,0.0,350,10,354.0,0.0,87.2,16.24794004037298,441.2,16.24794004037298,0.16974024822120554,0.005752711222836437,0.034580000000000014,0.0059962358563055585,,,,,,,,,4.524935120600276,0.12048351116874371,0.0,0.0,0.0,0.0,351.0,0.0,0.30282485875706217,0.005952346753024147,0.4019774011299435,0.009482347668761113,0.5208259224891663,0.036017966497312426
synthetic_redundancy_hard,PU-F,0.4,0.0,355,10,359.0,0.0,88.6,11.033484389701096,447.6,11.033484389701098,0.17203684067353606,0.003910469563732621,0.036160000000000005,0.004360586097201969,,,,,,,,,4.5716566997056365,0.12171012088752053,0.0,0.0,0.0,0.0,356.0,0.0,0.3041782729805013,0.005750738186518858,0.40445682451253484,0.009067079380303584,0.5174998685717582,0.04065769347349228
synthetic_redundancy_hard,PU-F,0.4,0.0,360,10,364.0,0.0,92.1,9.829038610159184,456.1,9.829038610159184,0.17505758773186245,0.003487093870816835,0.03922999999999999,0.002797937732608703,,,,,,,,,4.628549933101749,0.11848101189794655,0.0,0.0,0.0,0.0,361.0,0.0,0.3032967032967033,0.005451602954629015,0.4043956043956044,0.008724179753710296,0.5092745050787926,0.03960737477080271
synthetic_redundancy_hard,PU-F,0.4,0.0,365,10,369.0,0.0,80.2,14.705101155721437,449.2,14.705101155721437,0.17258938233135268,0.005209348521319203,0.037439999999999994,0.004390727603585637,,,,,,,,,4.681284833099926,0.12084262074789391,0.0,0.0,0.0,0.0,366.0,0.0,0.30298102981029806,0.005462047500571261,0.40487804878048783,0.00869464095068904,0.5295719236135483,0.03981628770027742
synthetic_redundancy_hard,PU-F,0.4,0.0,370,10,374.0,0.0,73.3,12.675479390452173,447.3,12.675479390452171,0.17192355006700383,0.004494952043555417,0.031110000000000006,0.0029362655798744696,,,,,,,,,4.729812570702052,0.1221258904146438,0.0,0.0,0.0,0.0,371.0,0.0,0.303475935828877,0.005765737607713323,0.40668449197860956,0.008791060012178394,0.5262530118227005,0.03826699379827932
synthetic_redundancy_hard,PU-F,0.4,0.0,375,10,379.0,0.0,72.6,15.09245580487888,451.6,15.09245580487888,0.1734392062469851,0.0053488272804824285,0.034019999999999995,0.004661397024736489,,,,,,,,,4.7774496998928955,0.12347713368097551,0.0,0.0,0.0,0.0,376.0,0.0,0.30422163588390505,0.005464990811928226,0.40844327176781,0.008766885343449153,0.5412614643573761,0.03282972806849989
synthetic_redundancy_hard,PU-F,0.4,0.0,380,10,384.0,0.0,64.7,10.879185018495946,448.7,10.879185018495946,0.17242824739660137,0.0038525411156872884,0.027139999999999997,0.003995002433596806,,,,,,,,,4.824672203807859,0.12470761060006445,0.0,0.0,0.0,0.0,381.0,0.0,0.3052083333333333,0.005884878908568855,0.41015625,0.008533917696688787,0.5437534004449844,0.03553002050463695
synthetic_redundancy_hard,PU-F,0.4,0.0,385,10,389.0,0.0,96.2,20.330491604702747,485.2,20.330491604702747,0.18531834382447415,0.007178364491591426,0.041170000000000005,0.007423656631187747,,,,,,,,,4.877836154104443,0.12537963170830607,0.0,0.0,0.0,0.0,386.0,0.0,0.30565552699228793,0.005479459221507511,0.4113110539845758,0.008730272923359062,0.5335541486740112,0.04864506719739663
synthetic_redundancy_hard,PU-F,0.4,0.0,390,10,394.0,0.0,87.7,16.224843775998444,481.7,16.224843775998444,0.18410269615706057,0.005731577281187647,0.041420000000000026,0.004095629106471657,,,,,,,,,4.934385199891404,0.1254550776509833,0.0,0.0,0.0,0.0,391.0,0.0,0.3065989847715736,0.005834497343338972,0.41218274111675124,0.008520932867691488,0.5412384897470475,0.04586476043014432
synthetic_redundancy_hard,PU-F,0.4,0.0,395,10,399.0,0.0,78.3,15.847923102623469,477.3,15.847923102623469,0.18254695811774582,0.00560161873207257,0.035140000000000005,0.004887380575409373,,,,,,,,,4.991745554003865,0.12731129969667007,0.0,0.0,0.0,0.0,396.0,0.0,0.30651629072681696,0.006229917522974822,0.41203007518796986,0.008819143338610958,0.5313232123851777,0.04028001086759272
synthetic_redundancy_hard,PU-F,0.4,0.0,40,10,44.0,0.0,498.0,29.038671533740047,542.0,29.038671533740047,0.20529978537233545,0.010221150796360217,0.12280000000000002,0.007577290632761377,,,,,,,,,0.5118002373026684,0.016509982219974385,0.0,0.0,0.0,0.0,41.0,0.0,0.3568181818181818,0.021706892093779396,0.39318181818181813,0.01947721232148855,0.7147551476955414,0.017221229900692202
synthetic_redundancy_hard,PU-F,0.4,0.0,400,10,404.0,0.0,56.4,13.863781751183346,460.4,13.863781751183348,0.17656805764418096,0.00490461181676715,0.03155,0.0035602512395740958,,,,,,,,,5.043804570595967,0.12854195947965172,0.0,0.0,0.0,0.0,401.0,0.0,0.30767326732673267,0.0060072579700552456,0.4141089108910891,0.008985826587378643,0.5417964220046997,0.04284189221341738
synthetic_redundancy_hard,PU-F,0.4,0.0,405,10,409.0,0.0,58.2,14.879366772667295,467.2,14.879366772667295,0.17897412059246562,0.005261826949273823,0.03540000000000001,0.0038595624392179775,,,,,,,,,5.094821783201769,0.1295453253145094,0.0,0.0,0.0,0.0,406.0,0.0,0.3097799511002445,0.006344940871769168,0.41613691931540336,0.009460975948447563,0.5453061640262604,0.04622056297797372
synthetic_redundancy_hard,PU-F,0.4,0.0,408,1,412.0,0.0,0.0,0.0,412.0,0.0,0.15939182799775153,0.0,0.01429999999999998,0.0,,,,,,,,,4.807544040959328,0.0,1.0,0.0,0.0,0.0,409.0,0.0,0.3325242718446602,0.0,0.41262135922330095,0.0,0.5490671396255493,0.0
synthetic_redundancy_hard,PU-F,0.4,0.0,410,9,414.0,0.0,88.0,22.684429314693663,502.0,22.684429314693663,0.1912514751828793,0.007996868819815402,0.040066666666666646,0.007302263728156875,,,,,,,,,5.182280648105209,0.14024570634257078,0.0,0.0,0.0,0.0,411.0,0.0,0.3064949006977992,0.006111270819503865,0.41680085882984436,0.011077154634186228,0.5367766072352728,0.053397162980998246
synthetic_redundancy_hard,PU-F,0.4,0.0,415,9,419.0,0.0,67.0,24.635678733630755,486.0,24.635678733630755,0.1855838231082695,0.008686884881969496,0.03364444444444444,0.005838714449239061,,,,,,,,,5.235435559886456,0.14184297505298657,0.0,0.0,0.0,0.0,416.0,0.0,0.30654998674091755,0.006112135015442114,0.4158048263060196,0.011213923380792294,0.5350517051087486,0.0647323151777105
synthetic_redundancy_hard,PU-F,0.4,0.0,416,1,420.0,0.0,0.0,0.0,420.0,0.0,0.1622424612287432,0.0,0.025599999999999956,0.0,,,,,,,,,4.831024624989368,0.0,1.0,0.0,0.0,0.0,417.0,0.0,0.3047619047619048,0.0,0.42142857142857143,0.0,0.4919857680797577,0.0
synthetic_redundancy_hard,PU-F,0.4,0.0,420,8,424.0,0.0,62.875,13.58102339400722,486.875,13.58102339400722,0.1859517542688991,0.004798765269924842,0.031812499999999994,0.0031834638311571506,,,,,,,,,5.346379947870446,0.1522724044320421,0.0,0.0,0.0,0.0,421.0,0.0,0.3074882075471698,0.006669887986745661,0.41568396226415094,0.012557321020784678,0.5567673426121473,0.0677747288841857
synthetic_redundancy_hard,PU-F,0.4,0.0,425,8,429.0,0.0,53.625,17.750188630788443,482.625,17.750188630788443,0.18443382556870347,0.006260005635291328,0.030562500000000006,0.005409216258915354,,,,,,,,,5.406329124998592,0.1521448531537136,0.0,0.0,0.0,0.0,426.0,0.0,0.30623543123543123,0.006397946282442311,0.4149184149184149,0.012622206201374601,0.5455082021653652,0.06590565407359095
synthetic_redundancy_hard,PU-F,0.4,0.0,430,8,434.0,0.0,68.125,16.790130498088963,502.125,16.790130498088963,0.19133049616357312,0.00592064127187732,0.03172499999999999,0.005245125287894875,,,,,,,,,5.457981755134824,0.15377592037908452,0.0,0.0,0.0,0.0,431.0,0.0,0.30731566820276496,0.0066743261671984265,0.415610599078341,0.013200009449497192,0.5431096497923136,0.07167928436232616
synthetic_redundancy_hard,PU-F,0.4,0.0,435,8,439.0,0.0,47.5,15.011900041538473,486.5,15.011900041538473,0.18581415170774562,0.005305293200892765,0.031337500000000004,0.003192901585660652,,,,,,,,,5.51042792161752,0.15588984093088182,0.0,0.0,0.0,0.0,436.0,0.0,0.30723234624145784,0.0061551231248189705,0.4174259681093394,0.013126216333625677,0.559095598757267,0.06557949122071205
synthetic_redundancy_hard,PU-F,0.4,0.0,440,8,444.0,0.0,59.5,21.473405478804306,503.5,21.473405478804306,0.19179617024201434,0.007565917085833143,0.033725000000000005,0.007112558059014856,,,,,,,,,5.561096322751837,0.158324883076052,0.0,0.0,0.0,0.0,441.0,0.0,0.3074324324324324,0.005789270983090922,0.41807432432432434,0.012611589146514866,0.5603253673762083,0.06889983482349557
synthetic_redundancy_hard,PU-F,0.4,0.0,442,1,446.0,0.0,0.0,0.0,446.0,0.0,0.17148905905196443,0.0,0.025000000000000022,0.0,,,,,,,,,5.233282916015014,0.0,1.0,0.0,0.0,0.0,443.0,0.0,0.31614349775784756,0.0,0.452914798206278,0.0,0.6466699242591858,0.0
synthetic_redundancy_hard,PU-F,0.4,0.0,443,1,447.0,0.0,0.0,0.0,447.0,0.0,0.17184416647069156,0.0,0.02310000000000001,0.0,,,,,,,,,4.935224915971048,0.0,1.0,0.0,0.0,0.0,444.0,0.0,0.33557046979865773,0.0,0.45861297539149887,0.0,0.6077864170074463,0.0
synthetic_redundancy_hard,PU-F,0.4,0.0,445,6,449.0,0.0,55.333333333333336,16.700632057233978,504.3333333333333,16.700632057233978,0.19211939596182978,0.005894477223251653,0.033900000000000007,0.0064228757837384125,,,,,,,,,5.778046229165436,0.1535585536463004,0.0,0.0,0.0,0.0,446.0,0.0,0.3040089086859688,0.004698223409739192,0.40682999257609503,0.01243587183784908,0.5266589199503263,0.08276141267399663
synthetic_redundancy_hard,PU-F,0.4,0.0,45,10,49.0,0.0,464.8,18.307739711207752,513.8,18.307739711207752,0.19543496653204784,0.006449124850431443,0.11729,0.006931016439808003,,,,,,,,,0.5779279415961355,0.021129200491004967,0.0,0.0,0.0,0.0,46.0,0.0,0.3428571428571428,0.022106226951390365,0.3857142857142857,0.021393449242879437,0.7004689693450927,0.020401597867531755
synthetic_redundancy_hard,PU-F,0.4,0.0,450,6,454.0,0.0,68.16666666666667,20.05894092695602,522.1666666666666,20.05894092695602,0.1984010155623158,0.0070698399686117035,0.03586666666666668,0.007043562861065255,,,,,,,,,5.8277019790063305,0.1553251775760209,0.0,0.0,0.0,0.0,451.0,0.0,0.3054331864904552,0.004243225631952979,0.408590308370044,0.012127879450568698,0.514025591313839,0.09688428049110104
synthetic_redundancy_hard,PU-F,0.4,0.0,455,6,459.0,0.0,52.166666666666664,14.09353673773116,511.1666666666667,14.09353673773116,0.1945377842639573,0.004975005493383777,0.029833333333333323,0.005338955370149157,,,,,,,,,5.879769333337511,0.15680275649091602,0.0,0.0,0.0,0.0,456.0,0.0,0.30573710965867834,0.0039643700984622185,0.4099491648511257,0.012495354806253382,0.5210592349370321,0.09893012533052956
synthetic_redundancy_hard,PU-F,0.4,0.0,460,6,464.0,0.0,50.5,20.621590627301284,514.5,20.621590627301284,0.19569679536895515,0.007255367233467041,0.03471666666666664,0.004197413224567927,,,,,,,,,5.930376590171363,0.1576630974969387,0.0,0.0,0.0,0.0,461.0,0.0,0.3060344827586207,0.003475111098404544,0.41199712643678166,0.01248533457312328,0.520924319823583,0.09715963610268415
synthetic_redundancy_hard,PU-F,0.4,0.0,465,6,469.0,0.0,54.666666666666664,23.188598731081427,523.6666666666666,23.188598731081427,0.19891932920048325,0.008167511693603151,0.03683333333333333,0.008463004457309733,,,,,,,,,5.979356173513224,0.15918047645706343,0.16666666666666666,0.16666666666666669,0.0,0.0,466.0,0.0,0.30383795309168443,0.0032916947198036797,0.4118692253020611,0.012352228660829849,0.5243005802234014,0.09741806442280988
synthetic_redundancy_hard,PU-F,0.4,0.0,470,5,474.0,0.0,70.6,24.557279979672014,544.6,24.557279979672014,0.20629520697984843,0.008640051431838918,0.03635999999999997,0.005567099783549781,,,,,,,,,6.119722216599621,0.16979124075940588,0.0,0.0,0.0,0.0,471.0,0.0,0.3037974683544304,0.0045248123606597525,0.41054852320675106,0.012946781428325959,0.6168073296546936,0.07848283750074768
synthetic_redundancy_hard,PU-F,0.4,0.0,475,5,479.0,0.0,44.0,19.125898671696447,523.0,19.125898671696447,0.19870403894456104,0.006731571667376018,0.026939999999999985,0.004389715252724264,,,,,,,,,6.171522174798883,0.17144647406024893,0.0,0.0,0.0,0.0,476.0,0.0,0.3014613778705636,0.004154436063075656,0.41210855949895614,0.011765346808856261,0.6081866800785065,0.07906023038239193
synthetic_redundancy_hard,PU-F,0.4,0.0,480,5,484.0,0.0,40.0,14.969969939849577,524.0,14.969969939849577,0.1990651840576902,0.005272448669102148,0.03253999999999999,0.003293417677732352,,,,,,,,,6.218380541412626,0.17295454614973949,0.0,0.0,0.0,0.0,481.0,0.0,0.30247933884297523,0.004059273286030681,0.4152892561983471,0.012065125058393744,0.6214862167835236,0.06936792113364859
synthetic_redundancy_hard,PU-F,0.4,0.0,485,5,489.0,0.0,27.2,13.654303350958626,516.2,13.654303350958626,0.1963178082369268,0.004808576166731395,0.02407999999999999,0.002951338679311474,,,,,,,,,6.267352433199994,0.17214398579066706,0.0,0.0,0.0,0.0,486.0,0.0,0.30184049079754605,0.004690120630339346,0.4151329243353783,0.012201581914254639,0.6379410862922669,0.0704395817151606
synthetic_redundancy_hard,PU-F,0.4,0.0,490,5,494.0,0.0,64.4,22.204954402114854,558.4,22.204954402114858,0.21115513724507765,0.007786742775514231,0.043600000000000014,0.007262644146590145,,,,,,,,,6.322135558200534,0.17613089596402845,0.0,0.0,0.0,0.0,491.0,0.0,0.3020242914979757,0.00436045733371215,0.41578947368421054,0.012323264174270787,0.6380334913730621,0.07805203306741755
synthetic_redundancy_hard,PU-F,0.4,0.0,491,1,495.0,0.0,0.0,0.0,495.0,0.0,0.18884600239107385,0.0,0.030100000000000016,0.0,,,,,,,,,5.747752374969423,0.0,1.0,0.0,0.0,0.0,492.0,0.0,0.28888888888888886,0.0,0.4080808080808081,0.0,0.368094801902771,0.0
synthetic_redundancy_hard,PU-F,0.4,0.0,495,4,499.0,0.0,47.75,12.618603990405067,546.75,12.618603990405067,0.20708110068517271,0.004438396851550001,0.032399999999999984,0.007535029307618299,,,,,,,,,6.526128406258067,0.1258477065509764,0.0,0.0,0.0,0.0,496.0,0.0,0.30410821643286573,0.0038699499753695496,0.41733466933867736,0.014757606285982213,0.7074787020683289,0.03726462963436421
synthetic_redundancy_hard,PU-F,0.4,0.0,5,10,9.0,0.0,444.9,31.49583746747779,453.9,31.49583746747779,0.17412715139216745,0.011162474962833138,0.10107000000000002,0.009578738608675646,,,,,,,,,0.1017166705976706,0.00466379974088104,0.0,0.0,0.0,0.0,6.0,0.0,0.2333333333333333,0.030765273566363233,0.3,0.037221761559707,0.6131364107131958,0.01736249686841807
synthetic_redundancy_hard,PU-F,0.4,0.0,50,10,54.0,0.0,470.3,27.002489597154636,524.3,27.002489597154636,0.19907518601394258,0.009541743332401867,0.11542999999999999,0.007322917603129385,,,,,,,,,0.6534067373082507,0.026187278736999987,0.0,0.0,0.0,0.0,51.0,0.0,0.34259259259259256,0.02548867015069454,0.3833333333333333,0.02500571493892481,0.7120809972286224,0.0167701357594242
synthetic_redundancy_hard,PU-F,0.4,0.0,500,4,504.0,0.0,44.75,17.216150363345847,548.75,17.216150363345847,0.20777823065873235,0.00605417920008055,0.03872500000000001,0.00704714776818727,,,,,,,,,6.576318354011164,0.12685757872723943,0.0,0.0,0.0,0.0,501.0,0.0,0.3035714285714286,0.00405008224666531,0.41865079365079366,0.014330653888902405,0.690124049782753,0.054433996056526
synthetic_redundancy_hard,PU-F,0.4,0.0,505,4,509.0,0.0,58.75,28.43230263860691,567.75,28.43230263860691,0.21443228423595428,0.0099763770763845,0.0408,0.010369345848863067,,,,,,,,,6.626599052018719,0.12800134379139302,0.0,0.0,0.0,0.0,506.0,0.0,0.3020628683693517,0.0037081701548481115,0.41895874263261296,0.012716501132371568,0.7214239984750748,0.03806073226622303
synthetic_redundancy_hard,PU-F,0.4,0.0,509,1,513.0,0.0,0.0,0.0,513.0,0.0,0.19520097953500226,0.0,0.01970000000000005,0.0,,,,,,,,,6.48953675001394,0.0,1.0,0.0,0.0,0.0,510.0,0.0,0.3060428849902534,0.0,0.4074074074074074,0.0,0.7367973923683167,0.0
synthetic_redundancy_hard,PU-F,0.4,0.0,510,3,514.0,0.0,39.0,15.716233645501712,553.0,15.716233645501712,0.20927838705635318,0.005527717435423212,0.03096666666666666,0.006013965229179305,,,,,,,,,6.735735277684095,0.16128199627923462,0.0,0.0,0.0,0.0,511.0,0.0,0.29961089494163423,0.0033697486528577424,0.42347600518806744,0.016251574690196714,0.7139272093772888,0.05021367933872777
synthetic_redundancy_hard,PU-F,0.4,0.0,515,3,519.0,0.0,42.333333333333336,20.85132556404455,561.3333333333334,20.85132556404455,0.2122011159081012,0.007327837601415304,0.03380000000000002,0.00958488393252626,,,,,,,,,6.788218638665664,0.1652343546694032,0.0,0.0,0.0,0.0,516.0,0.0,0.2999357739242133,0.002799549738947119,0.42324983943481054,0.015185087241537429,0.7062307198842367,0.06440401075922082
synthetic_redundancy_hard,PU-F,0.4,0.0,520,3,524.0,0.0,33.0,22.546248764114473,557.0,22.546248764114473,0.2106767335984235,0.007915342736211847,0.03553333333333334,0.008461153060376059,,,,,,,,,6.841653264011256,0.16933192850019887,0.0,0.0,0.0,0.0,521.0,0.0,0.2989821882951654,0.002544529262086518,0.4217557251908397,0.013539310848468674,0.7390016317367554,0.0658760131151585
synthetic_redundancy_hard,PU-F,0.4,0.0,524,1,528.0,0.0,0.0,0.0,528.0,0.0,0.20048869505990297,0.0,0.01529999999999998,0.0,,,,,,,,,6.58557054202538,0.0,1.0,0.0,0.0,0.0,525.0,0.0,0.30113636363636365,0.0,0.3958333333333333,0.0,0.6986564993858337,0.0
synthetic_redundancy_hard,PU-F,0.4,0.0,525,2,529.0,0.0,50.5,19.499999999999996,579.5,19.499999999999996,0.21858500051894225,0.0068393257970456025,0.040700000000000014,0.0004000000000000114,,,,,,,,,7.04870110398042,0.15579985399381255,0.0,0.0,0.0,0.0,526.0,0.0,0.29773156899810965,0.0047258979206049045,0.4338374291115312,0.0028355387523629483,0.7171757817268372,0.11492127180099486
synthetic_redundancy_hard,PU-F,0.4,0.0,529,1,533.0,0.0,0.0,0.0,533.0,0.0,0.202249675989151,0.0,0.0046000000000000485,0.0,,,,,,,,,6.935524958011229,0.0,1.0,0.0,0.0,0.0,530.0,0.0,0.300187617260788,0.0,0.4277673545966229,0.0,0.6469821929931641,0.0
synthetic_redundancy_hard,PU-F,0.4,0.0,530,1,534.0,0.0,70.0,0.0,604.0,0.0,0.22717491316143423,0.0,0.03369999999999995,0.0,,,,,,,,,7.260274000000209,0.0,0.0,0.0,0.0,0.0,531.0,0.0,0.29213483146067415,0.0,0.4344569288389513,0.0,0.8307579159736633,0.0
synthetic_redundancy_hard,PU-F,0.4,0.0,535,1,539.0,0.0,117.0,0.0,656.0,0.0,0.24534172733547166,0.0,0.07340000000000002,0.0,,,,,,,,,7.324391749978531,0.0,0.0,0.0,0.0,0.0,536.0,0.0,0.2894248608534323,0.0,0.4322820037105751,0.0,0.8479391932487488,0.0
synthetic_redundancy_hard,PU-F,0.4,0.0,540,1,544.0,0.0,114.0,0.0,658.0,0.0,0.2460390658234246,0.0,0.0827,0.0,,,,,,,,,7.3759855419630185,0.0,0.0,0.0,0.0,0.0,541.0,0.0,0.28860294117647056,0.0,0.4319852941176471,0.0,0.8508285284042358,0.0
synthetic_redundancy_hard,PU-F,0.4,0.0,545,1,549.0,0.0,19.0,0.0,568.0,0.0,0.2145551101421006,0.0,0.021499999999999964,0.0,,,,,,,,,7.429182332998607,0.0,0.0,0.0,0.0,0.0,546.0,0.0,0.2859744990892532,0.0,0.42987249544626593,0.0,0.8288120627403259,0.0
synthetic_redundancy_hard,PU-F,0.4,0.0,55,10,59.0,0.0,439.9,19.240264493446492,498.9,19.240264493446492,0.1901688015961554,0.006786593229357151,0.10944999999999998,0.007349727886119317,,,,,,,,,0.7271185373945628,0.029422559708013454,0.0,0.0,0.0,0.0,56.0,0.0,0.3440677966101695,0.028813559322033895,0.3847457627118644,0.026982946748609158,0.6947718024253845,0.020277565175176992
synthetic_redundancy_hard,PU-F,0.4,0.0,550,1,554.0,0.0,89.0,0.0,643.0,0.0,0.2408065793570131,0.0,0.07789999999999997,0.0,,,,,,,,,7.487334291974548,0.0,0.0,0.0,0.0,0.0,551.0,0.0,0.2851985559566787,0.0,0.4296028880866426,0.0,0.8654488921165466,0.0
synthetic_redundancy_hard,PU-F,0.4,0.0,555,1,559.0,0.0,52.0,0.0,611.0,0.0,0.2296245924080722,0.0,0.04369999999999996,0.0,,,,,,,,,7.536863624991383,0.0,0.0,0.0,0.0,0.0,556.0,0.0,0.2844364937388193,0.0,0.4293381037567084,0.0,0.8483287692070007,0.0
synthetic_redundancy_hard,PU-F,0.4,0.0,560,1,564.0,0.0,45.0,0.0,609.0,0.0,0.22892481921007857,0.0,0.048699999999999966,0.0,,,,,,,,,7.590145999973174,0.0,0.0,0.0,0.0,0.0,561.0,0.0,0.28368794326241137,0.0,0.42730496453900707,0.0,0.8391668200492859,0.0
synthetic_redundancy_hard,PU-F,0.4,0.0,565,1,569.0,0.0,64.0,0.0,633.0,0.0,0.23731507768388838,0.0,0.03759999999999997,0.0,,,,,,,,,7.639601457980461,0.0,0.0,0.0,0.0,0.0,566.0,0.0,0.281195079086116,0.0,0.4253075571177504,0.0,0.8004516363143921,0.0
synthetic_redundancy_hard,PU-F,0.4,0.0,570,1,574.0,0.0,88.0,0.0,662.0,0.0,0.24743344442686066,0.0,0.04510000000000003,0.0,,,,,,,,,7.70092404197203,0.0,0.0,0.0,0.0,0.0,571.0,0.0,0.2787456445993031,0.0,0.42334494773519166,0.0,0.8347927331924438,0.0
synthetic_redundancy_hard,PU-F,0.4,0.0,573,1,577.0,0.0,0.0,0.0,577.0,0.0,0.21771349920891225,0.0,0.024499999999999966,0.0,,,,,,,,,7.735277874977328,0.0,1.0,0.0,0.0,0.0,574.0,0.0,0.2772963604852686,0.0,0.42114384748700173,0.0,0.8533671498298645,0.0
synthetic_redundancy_hard,PU-F,0.4,0.0,60,10,64.0,0.0,450.8,29.832793291201465,514.8,29.832793291201476,0.19570076674572193,0.010541079406711486,0.10987,0.007750025806408637,,,,,,,,,0.8011537539947312,0.03138352327692204,0.0,0.0,0.0,0.0,61.0,0.0,0.321875,0.027775607554111216,0.36875,0.02224391302506523,0.7066664516925811,0.0189154497115003
synthetic_redundancy_hard,PU-F,0.4,0.0,65,10,69.0,0.0,436.8,24.987908186872218,505.8,24.987908186872218,0.19256732279318384,0.00881711898788282,0.10956999999999999,0.008026401573695535,,,,,,,,,0.8712387207022403,0.03242134765609401,0.0,0.0,0.0,0.0,66.0,0.0,0.3101449275362319,0.022472856714228027,0.3652173913043478,0.019299501792693893,0.6878084003925323,0.021414821299648706
synthetic_redundancy_hard,PU-F,0.4,0.0,70,10,74.0,0.0,435.6,31.14132659701931,509.6,31.14132659701931,0.19385151437018067,0.011013161774142891,0.10613999999999998,0.00836516852456927,,,,,,,,,0.9520716082013678,0.03728926106351726,0.0,0.0,0.0,0.0,71.0,0.0,0.31351351351351353,0.01865974340289007,0.37162162162162166,0.016884382715307487,0.6996396541595459,0.018522889524136433
synthetic_redundancy_hard,PU-F,0.4,0.0,75,10,79.0,0.0,418.7,25.098494864123712,497.7,25.098494864123712,0.18970353665063158,0.008867373443741378,0.10525000000000002,0.007451014099510957,,,,,,,,,1.0267425625119357,0.03951844706850369,0.0,0.0,0.0,0.0,76.0,0.0,0.30886075949367087,0.018216905607529876,0.36835443037974686,0.015497356685406713,0.6838524341583252,0.021007080559662484
synthetic_redundancy_hard,PU-F,0.4,0.0,80,10,84.0,0.0,417.0,30.583219799970916,501.0,30.583219799970916,0.1908205636544153,0.01081467843243188,0.10131000000000001,0.007951232608847511,,,,,,,,,1.1048495873052162,0.042664385680916586,0.0,0.0,0.0,0.0,81.0,0.0,0.30238095238095236,0.018202134827269387,0.36666666666666664,0.013723505131579826,0.694633960723877,0.017609564283963205
synthetic_redundancy_hard,PU-F,0.4,0.0,85,10,89.0,0.0,395.0,22.838077366052026,484.0,22.838077366052026,0.1848737293854356,0.008084078718623593,0.09852,0.0070352888276807,,,,,,,,,1.175103774899617,0.04420681000349401,0.0,0.0,0.0,0.0,86.0,0.0,0.2921348314606742,0.01827162684292205,0.36404494382022473,0.014906178833057974,0.6829452753067017,0.021024498015580578
synthetic_redundancy_hard,PU-F,0.4,0.0,90,10,94.0,0.0,404.8,29.484760658874457,498.8,29.484760658874457,0.190053076663753,0.010428906297257177,0.09822,0.007588863185250111,,,,,,,,,1.2457337038998957,0.04591919125269689,0.0,0.0,0.0,0.0,91.0,0.0,0.28617021276595744,0.01674194558030195,0.36276595744680856,0.01422423483697275,0.6926744163036347,0.017445351779422292
synthetic_redundancy_hard,PU-F,0.4,0.0,95,10,99.0,0.0,385.1,21.3741536544595,484.1,21.3741536544595,0.18492061217548325,0.007558859530979225,0.09652999999999999,0.006817771711571982,,,,,,,,,1.3189085707010235,0.04920875860201653,0.0,0.0,0.0,0.0,96.0,0.0,0.28181818181818186,0.017198104766494453,0.3616161616161616,0.01504263158497554,0.6810539126396179,0.021547773661184967
synthetic_redundancy_hard,PU-G,0.0,0.0,0,10,4.0,0.0,726.7,99.17101391031554,730.7,99.17101391031554,0.27015231970581227,0.03464930052434471,0.21934,0.03480134480160214,,,,,,,,,0.007906216487754136,0.000550388664708861,0.0,0.0,0.0,0.0,1.0,0.0,0.0,0.0,0.2,0.049999999999999996,0.5647990643978119,0.02844191925958873
synthetic_redundancy_hard,PU-G,0.0,0.0,10,10,14.0,0.0,290.7,23.72577126717322,304.7,23.72577126717322,0.12069675397360698,0.008623834966103888,0.07326999999999999,0.005637021475133047,,,,,,,,,0.08486186669324525,0.0062232978202798606,0.0,0.0,0.0,0.0,11.0,0.0,0.0,0.0,0.09285714285714285,0.021428571428571425,0.6458450555801392,0.013285182294307703
synthetic_redundancy_hard,PU-G,0.0,0.0,100,8,104.0,0.0,33.5,10.150650929162833,137.5,10.150650929162833,0.05910689110169187,0.003839583086786021,0.015687499999999993,0.0020040528133189067,,,,,,,,,0.43380302610603394,0.01697832644538976,0.0,0.0,0.0,0.0,101.0,0.0,0.0,0.0,0.16826923076923078,0.023056882323618844,0.7351597398519516,0.010289457118420702
synthetic_redundancy_hard,PU-G,0.0,0.0,104,1,108.0,0.0,0.0,0.0,108.0,0.0,0.04790108359884471,0.0,0.00770000000000004,0.0,,,,,,,,,0.4470079159946181,0.0,1.0,0.0,0.0,0.0,105.0,0.0,0.0,0.0,0.1111111111111111,0.0,0.7427894473075867,0.0
synthetic_redundancy_hard,PU-G,0.0,0.0,105,7,109.0,0.0,30.142857142857142,4.216907981586753,139.14285714285714,4.216907981586753,0.05978267398729388,0.0016012296064686518,0.015057142857142864,0.0011573486001689103,,,,,,,,,0.4491512977069111,0.019775746839354923,0.0,0.0,0.0,0.0,106.0,0.0,0.0,0.0,0.1782437745740498,0.022459639902187772,0.7332569871629987,0.007994706398460822
synthetic_redundancy_hard,PU-G,0.0,0.0,110,7,114.0,0.0,29.428571428571427,9.785453594024975,143.42857142857142,9.785453594024977,0.061365982733799944,0.0036953690337124478,0.0148142857142857,0.0018471894444093734,,,,,,,,,0.463992874986226,0.019856061581029295,0.0,0.0,0.0,0.0,111.0,0.0,0.0,0.0,0.17919799498746866,0.023117951715992836,0.729647730078016,0.01258151663121998
synthetic_redundancy_hard,PU-G,0.0,0.0,115,7,119.0,0.0,24.428571428571427,4.444671196029727,143.42857142857142,4.444671196029727,0.06140372765782688,0.0016835967030066135,0.013542857142857126,0.0011659570242135479,,,,,,,,,0.4791215118436542,0.020023409635500998,0.0,0.0,0.0,0.0,116.0,0.0,0.0,0.0,0.1788715486194478,0.023959531620524534,0.7278176886694772,0.008195205329361814
synthetic_redundancy_hard,PU-G,0.0,0.0,116,1,120.0,0.0,0.0,0.0,120.0,0.0,0.05250743729993701,0.0,0.00880000000000003,0.0,,,,,,,,,0.5583839169703424,0.0,1.0,0.0,0.0,0.0,117.0,0.0,0.0,0.0,0.175,0.0,0.7180986404418945,0.0
synthetic_redundancy_hard,PU-G,0.0,0.0,120,6,124.0,0.0,28.0,9.518403227432636,152.0,9.518403227432636,0.06461247194480772,0.0035858188944536975,0.014466666666666664,0.0018730842064478767,,,,,,,,,0.481777444142305,0.018903579565284694,0.0,0.0,0.0,0.0,121.0,0.0,0.0,0.0,0.1787634408602151,0.02773511002140029,0.7262459099292755,0.0165017702300065
synthetic_redundancy_hard,PU-G,0.0,0.0,123,1,127.0,0.0,0.0,0.0,127.0,0.0,0.055179738090373576,0.0,0.010199999999999987,0.0,,,,,,,,,0.4675208749831654,0.0,1.0,0.0,0.0,0.0,124.0,0.0,0.0,0.0,0.18110236220472442,0.0,0.7429669499397278,0.0
synthetic_redundancy_hard,PU-G,0.0,0.0,124,1,128.0,0.0,0.0,0.0,128.0,0.0,0.05556067515863106,0.0,0.012199999999999989,0.0,,,,,,,,,0.46470395801588893,0.0,1.0,0.0,0.0,0.0,125.0,0.0,0.0,0.0,0.0703125,0.0,0.7428838610649109,0.0
synthetic_redundancy_hard,PU-G,0.0,0.0,125,4,129.0,0.0,59.25,15.450862974820101,188.25,15.450862974820101,0.07816273711796384,0.005768417848326399,0.029474999999999973,0.007706531320899184,,,,,,,,,0.5110332812328124,0.02683539321539422,0.0,0.0,0.0,0.0,126.0,0.0,0.0,0.0,0.20155038759689925,0.026288100709787866,0.7569575011730194,0.019678024663405878
synthetic_redundancy_hard,PU-G,0.0,0.0,130,4,134.0,0.0,19.25,14.974283510961941,153.25,14.974283510961941,0.06507047670311294,0.005607375855720611,0.007400000000000018,0.0038589722293204945,,,,,,,,,0.5316392392269336,0.026941289822863496,0.0,0.0,0.0,0.0,131.0,0.0,0.0,0.0,0.19776119402985076,0.02330223133730746,0.67787204682827,0.010904419521996245
synthetic_redundancy_hard,PU-G,0.0,0.0,135,4,139.0,0.0,27.75,6.115213269652444,166.75,6.115213269652444,0.07017900959181134,0.002292736521239478,0.016150000000000025,0.0025513068546661783,,,,,,,,,0.5513476249761879,0.02722152469383174,0.0,0.0,0.0,0.0,136.0,0.0,0.0,0.0,0.19244604316546762,0.02300940175347181,0.7049283385276794,0.01234640572666649
synthetic_redundancy_hard,PU-G,0.0,0.0,136,1,140.0,0.0,0.0,0.0,140.0,0.0,0.06011703115655109,0.0,0.005800000000000027,0.0,,,,,,,,,0.4832795409602113,0.0,1.0,0.0,0.0,0.0,137.0,0.0,0.0,0.0,0.16428571428571428,0.0,0.6788807511329651,0.0
synthetic_redundancy_hard,PU-G,0.0,0.0,140,3,144.0,0.0,4.666666666666667,0.8819171036881969,148.66666666666666,0.8819171036881969,0.06339171895524487,0.00033264491173808764,0.007099999999999995,0.001504437879519594,,,,,,,,,0.5968509999802336,0.015333964234406116,0.0,0.0,0.0,0.0,141.0,0.0,0.0,0.0,0.20601851851851852,0.03638017047569841,0.6562531987826029,0.008454981197374384
synthetic_redundancy_hard,PU-G,0.0,0.0,145,3,149.0,0.0,15.333333333333334,3.8441875315569325,164.33333333333334,3.844187531556932,0.0692795015250643,0.0014397734945664773,0.009566666666666687,0.00289386323872507,,,,,,,,,0.628035430641224,0.016096235205867393,0.0,0.0,0.0,0.0,146.0,0.0,0.0,0.0,0.2058165548098434,0.03763446049499043,0.6427351236343384,0.01244459662801971
synthetic_redundancy_hard,PU-G,0.0,0.0,146,1,150.0,0.0,0.0,0.0,150.0,0.0,0.06389456166652963,0.0,0.0034999999999999476,0.0,,,,,,,,,0.6210257089696825,0.0,1.0,0.0,0.0,0.0,147.0,0.0,0.0,0.0,0.13333333333333333,0.0,0.611723005771637,0.0
synthetic_redundancy_hard,PU-G,0.0,0.0,148,1,152.0,0.0,0.0,0.0,152.0,0.0,0.06464810745092109,0.0,0.0047000000000000375,0.0,,,,,,,,,0.634587999957148,0.0,1.0,0.0,0.0,0.0,149.0,0.0,0.0,0.0,0.2631578947368421,0.0,0.6426711678504944,0.0
synthetic_redundancy_hard,PU-G,0.0,0.0,15,10,19.0,0.0,258.9,45.33099258662763,277.9,45.33099258662763,0.110527878155699,0.01641416963550835,0.06475,0.009675205998381177,,,,,,,,,0.1143714582780376,0.007948768197644325,0.0,0.0,0.0,0.0,16.0,0.0,0.0,0.0,0.10526315789473681,0.024810764252159556,0.6886742591857911,0.007540545382547403
synthetic_redundancy_hard,PU-G,0.0,0.0,150,1,154.0,0.0,21.0,0.0,175.0,0.0,0.07327152288053185,0.0,0.008600000000000052,0.0,,,,,,,,,0.6921187079860829,0.0,0.0,0.0,0.0,0.0,151.0,0.0,0.0,0.0,0.21428571428571427,0.0,0.6315451860427856,0.0
synthetic_redundancy_hard,PU-G,0.0,0.0,155,1,159.0,0.0,16.0,0.0,175.0,0.0,0.07327152288053185,0.0,0.00539999999999996,0.0,,,,,,,,,0.7257103329757228,0.0,0.0,0.0,0.0,0.0,156.0,0.0,0.0,0.0,0.22641509433962265,0.0,0.6138490438461304,0.0
synthetic_redundancy_hard,PU-G,0.0,0.0,160,1,164.0,0.0,11.0,0.0,175.0,0.0,0.07327152288053185,0.0,0.006299999999999972,0.0,,,,,,,,,0.7603589999489486,0.0,0.0,0.0,0.0,0.0,161.0,0.0,0.0,0.0,0.21951219512195122,0.0,0.6160292029380798,0.0
synthetic_redundancy_hard,PU-G,0.0,0.0,165,1,169.0,0.0,1.0,0.0,170.0,0.0,0.07140313135460019,0.0,0.005299999999999971,0.0,,,,,,,,,0.7930873750010505,0.0,0.0,0.0,0.0,0.0,166.0,0.0,0.0,0.0,0.21301775147928995,0.0,0.6128653883934021,0.0
synthetic_redundancy_hard,PU-G,0.0,0.0,167,1,171.0,0.0,0.0,0.0,171.0,0.0,0.07177707378286868,0.0,0.0031999999999999806,0.0,,,,,,,,,0.8089663329883479,0.0,1.0,0.0,0.0,0.0,168.0,0.0,0.0,0.0,0.21052631578947367,0.0,0.6130948662757874,0.0
synthetic_redundancy_hard,PU-G,0.0,0.0,20,10,24.0,0.0,175.1,21.314809666312083,199.1,21.314809666312083,0.08201756094931625,0.007880039966254403,0.04741999999999998,0.004474490660026757,,,,,,,,,0.14100747488555498,0.00983684887550223,0.0,0.0,0.0,0.0,21.0,0.0,0.0,0.0,0.10416666666666666,0.019885862587883822,0.7072934091091156,0.010806108162682234
synthetic_redundancy_hard,PU-G,0.0,0.0,25,10,29.0,0.0,182.7,24.09059290815954,211.7,24.09059290815954,0.08665932494332082,0.008829810056723507,0.05047,0.005037703400911527,,,,,,,,,0.16678461668780073,0.011862936247346963,0.0,0.0,0.0,0.0,26.0,0.0,0.0,0.0,0.11379310344827587,0.017843878961218414,0.7183422148227692,0.006901580287398037
synthetic_redundancy_hard,PU-G,0.0,0.0,30,10,34.0,0.0,126.0,19.411336893681487,160.0,19.411336893681487,0.06741349659860134,0.00726934570454674,0.03725999999999998,0.004318132312315897,,,,,,,,,0.18890462079434656,0.011955518954312757,0.0,0.0,0.0,0.0,31.0,0.0,0.0,0.0,0.12352941176470586,0.017970885078258194,0.7306320190429687,0.008634013521401092
synthetic_redundancy_hard,PU-G,0.0,0.0,35,10,39.0,0.0,139.1,17.27068807739479,178.1,17.27068807739479,0.07428215438849292,0.006376597390231969,0.04054,0.003912634804209449,,,,,,,,,0.20988358739414253,0.011978886276757108,0.0,0.0,0.0,0.0,36.0,0.0,0.0,0.0,0.13846153846153847,0.02135042050734495,0.7237506628036499,0.007884687006402382
synthetic_redundancy_hard,PU-G,0.0,0.0,40,10,44.0,0.0,112.5,17.14529413894994,156.5,17.14529413894994,0.06615550106507725,0.006412106752695777,0.03474999999999999,0.003882989970513839,,,,,,,,,0.23071317069116049,0.012138302166069101,0.0,0.0,0.0,0.0,41.0,0.0,0.0,0.0,0.1340909090909091,0.01929960485281363,0.7347796738147736,0.009955447847953403
synthetic_redundancy_hard,PU-G,0.0,0.0,45,10,49.0,0.0,115.2,16.208913871351434,164.2,16.20891387135143,0.0690840900526382,0.006022255001027584,0.034050000000000004,0.0037274432703038323,,,,,,,,,0.2508835124957841,0.012392362897863302,0.0,0.0,0.0,0.0,46.0,0.0,0.0,0.0,0.14081632653061224,0.018367346938775512,0.7246730983257293,0.007842269712961817
synthetic_redundancy_hard,PU-G,0.0,0.0,5,10,9.0,0.0,406.8,33.4822672801921,415.8,33.4822672801921,0.16054260544478893,0.011896307723416774,0.10441000000000003,0.009398303038314949,,,,,,,,,0.05011774158338085,0.0028485917445534043,0.0,0.0,0.0,0.0,6.0,0.0,0.0,0.0,0.1222222222222222,0.030765273566363237,0.5893572837114334,0.013741543745023002
synthetic_redundancy_hard,PU-G,0.0,0.0,50,10,54.0,0.0,91.9,15.04175669409808,145.9,15.04175669409808,0.06219367273151875,0.00564121177896324,0.02954,0.003291173380759851,,,,,,,,,0.2693261582928244,0.01249303782047534,0.0,0.0,0.0,0.0,51.0,0.0,0.0,0.0,0.14999999999999997,0.01901595284043131,0.7397681772708893,0.007623821866461407
synthetic_redundancy_hard,PU-G,0.0,0.0,55,10,59.0,0.0,96.9,15.899301172623208,155.9,15.899301172623208,0.06595799956703559,0.005939823728615828,0.030180000000000005,0.0035142819718653427,,,,,,,,,0.2873226706928108,0.012630966567892378,0.0,0.0,0.0,0.0,56.0,0.0,0.0,0.0,0.1576271186440678,0.019250536765424656,0.7279591977596283,0.0072676593523607145
synthetic_redundancy_hard,PU-G,0.0,0.0,60,10,64.0,0.0,74.0,13.32916601542147,138.0,13.32916601542147,0.05922472304664552,0.005027275091518806,0.025560000000000017,0.003126204656697242,,,,,,,,,0.3049665081896819,0.012781949003100139,0.0,0.0,0.0,0.0,61.0,0.0,0.0,0.0,0.1609375,0.022103224139503067,0.7421959042549133,0.00828038092838544
synthetic_redundancy_hard,PU-G,0.0,0.0,65,10,69.0,0.0,79.8,12.712898087288268,148.8,12.712898087288272,0.06333674984052777,0.004756865831714419,0.026060000000000007,0.0028950609281633106,,,,,,,,,0.32144026649184526,0.012992957475553638,0.0,0.0,0.0,0.0,66.0,0.0,0.0,0.0,0.16086956521739132,0.021436432591626847,0.7308867692947387,0.006259871822650263
synthetic_redundancy_hard,PU-G,0.0,0.0,70,10,74.0,0.0,57.9,10.705606008068855,131.9,10.705606008068855,0.05695052960072644,0.004054829629106746,0.02185999999999999,0.002807695773326514,,,,,,,,,0.33780846249428576,0.013267975166660452,0.0,0.0,0.0,0.0,71.0,0.0,0.0,0.0,0.16486486486486487,0.0226841050666922,0.7416935682296752,0.00869068773119709
synthetic_redundancy_hard,PU-G,0.0,0.0,75,10,79.0,0.0,66.3,13.123388789993738,145.3,13.12338878999374,0.06200043087592348,0.004929881211836628,0.023249999999999993,0.0028419574631268203,,,,,,,,,0.3539168499875814,0.013400883867085323,0.0,0.0,0.0,0.0,76.0,0.0,0.0,0.0,0.16835443037974684,0.025037137044973498,0.7355225324630738,0.007221735240852117
synthetic_redundancy_hard,PU-G,0.0,0.0,80,10,84.0,0.0,50.3,10.034440691936945,134.3,10.034440691936943,0.0578727109299507,0.0038058884262010704,0.01965000000000001,0.002319782077887678,,,,,,,,,0.3698114832921419,0.013561620944057155,0.0,0.0,0.0,0.0,81.0,0.0,0.0,0.0,0.17023809523809522,0.026622814472570644,0.7415477097034454,0.009436947802436585
synthetic_redundancy_hard,PU-G,0.0,0.0,85,10,89.0,0.0,56.6,11.764541828921534,145.6,11.764541828921535,0.062135945440968496,0.004425050863266106,0.02072999999999998,0.0026903965011375788,,,,,,,,,0.3853362832975108,0.013696313614896519,0.0,0.0,0.0,0.0,86.0,0.0,0.0,0.0,0.1719101123595506,0.02562465690351659,0.7353282749652863,0.007976518878263771
synthetic_redundancy_hard,PU-G,0.0,0.0,89,1,93.0,0.0,0.0,0.0,93.0,0.0,0.04209134931443259,0.0,0.009700000000000042,0.0,,,,,,,,,0.3636242499924265,0.0,1.0,0.0,0.0,0.0,90.0,0.0,0.0,0.0,0.0967741935483871,0.0,0.7814072370529175,0.0
synthetic_redundancy_hard,PU-G,0.0,0.0,90,9,94.0,0.0,37.0,10.056783227697059,131.0,10.056783227697059,0.056627377214479364,0.0038130606374876725,0.01662222222222223,0.002279545384609356,,,,,,,,,0.40481335643239114,0.014858607176167027,0.0,0.0,0.0,0.0,91.0,0.0,0.0,0.0,0.18321513002364065,0.028245397506734094,0.7354723678694831,0.00908883864056945
synthetic_redundancy_hard,PU-G,0.0,0.0,92,1,96.0,0.0,0.0,0.0,96.0,0.0,0.04325841483660042,0.0,0.007299999999999973,0.0,,,,,,,,,0.427882916003,0.0,1.0,0.0,0.0,0.0,93.0,0.0,0.0,0.0,0.3229166666666667,0.0,0.7172532081604004,0.0
synthetic_redundancy_hard,PU-G,0.0,0.0,95,8,99.0,0.0,43.875,6.280461482134209,142.875,6.280461482134209,0.06118178860924672,0.00237061171337663,0.017712499999999992,0.0016969970851898547,,,,,,,,,0.41845100536738755,0.016871645293676615,0.0,0.0,0.0,0.0,96.0,0.0,0.0,0.0,0.16540404040404041,0.02313940103219722,0.7326314076781273,0.007815530567252003
synthetic_redundancy_hard,PU-G,0.4,0.0,0,10,4.0,0.0,670.6,88.10299528266775,674.6,88.10299528266775,0.25105715916724874,0.030377555988633634,0.18706,0.03185280451633035,,,,,,,,,0.014696070802165196,0.0014609417654596682,0.0,0.0,0.0,0.0,1.0,0.0,0.0,0.0,0.15,0.040824829046386304,0.6161279082298279,0.039349087257906167
synthetic_redundancy_hard,PU-G,0.4,0.0,10,10,14.0,0.0,401.1,33.26741816118454,415.1,33.26741816118454,0.16029166771913878,0.011837508326856679,0.08816,0.011455219091944262,,,,,,,,,0.17697095409384928,0.004244230598282481,0.0,0.0,0.0,0.0,11.0,0.0,0.22857142857142856,0.03657688451366004,0.2857142857142857,0.04517539514526256,0.6607532322406768,0.015612982814772376
synthetic_redundancy_hard,PU-G,0.4,0.0,100,10,104.0,0.0,410.4,27.465614866592734,514.4,27.465614866592734,0.19559277668595315,0.009636200983210937,0.10207000000000002,0.007641524716965844,,,,,,,,,1.2997822915902362,0.04940661992119344,0.0,0.0,0.0,0.0,101.0,0.0,0.30865384615384617,0.02034436034943378,0.3798076923076923,0.020028845897394867,0.772246652841568,0.013272639863816191
synthetic_redundancy_hard,PU-G,0.4,0.0,105,10,109.0,0.0,386.3,30.612288745244484,495.3,30.612288745244484,0.1888018448255025,0.010840164723616996,0.09874000000000001,0.01130966351793407,,,,,,,,,1.3813486916886177,0.05105230398636111,0.0,0.0,0.0,0.0,106.0,0.0,0.30642201834862387,0.020704967437077375,0.3862385321100918,0.02035190597183466,0.7763300836086273,0.019628371306918375
synthetic_redundancy_hard,PU-G,0.4,0.0,110,10,114.0,0.0,398.9,23.97612238132856,512.9,23.97612238132856,0.19508627345785498,0.008423247123119924,0.10067,0.006299983245127623,,,,,,,,,1.4576890748983715,0.051328057874590764,0.0,0.0,0.0,0.0,111.0,0.0,0.29824561403508765,0.020257904182092133,0.38684210526315793,0.01790323919864518,0.7706418812274933,0.012640831955182473
synthetic_redundancy_hard,PU-G,0.4,0.0,115,10,119.0,0.0,376.6,31.12990702059855,495.6,31.12990702059855,0.18889937611529603,0.011037124326581714,0.096,0.011556066228032208,,,,,,,,,1.530060004198458,0.05271940310634527,0.0,0.0,0.0,0.0,116.0,0.0,0.29327731092436976,0.020828360162488856,0.3840336134453781,0.019649815022179926,0.7747166633605957,0.01914896092210509
synthetic_redundancy_hard,PU-G,0.4,0.0,120,10,124.0,0.0,387.9,19.826161168180455,511.9,19.826161168180455,0.1947569255833514,0.006978647797251604,0.09759,0.005518624023351391,,,,,,,,,1.6002293665020262,0.053773704166819654,0.0,0.0,0.0,0.0,121.0,0.0,0.2887096774193548,0.019746631905598878,0.38145161290322577,0.019572034031470315,0.7675738573074341,0.012420922835612212
synthetic_redundancy_hard,PU-G,0.4,0.0,125,10,129.0,0.0,468.3,30.75965972937065,597.3,30.75965972937065,0.22470835538697428,0.010788811691090387,0.12791999999999998,0.01049405969531757,,,,,,,,,1.6782009041984565,0.051324081384871614,0.0,0.0,0.0,0.0,126.0,0.0,0.28449612403100777,0.01748916925996663,0.3806201550387597,0.01889841292323157,0.7941064357757568,0.02606181261172217
synthetic_redundancy_hard,PU-G,0.4,0.0,130,10,134.0,0.0,385.5,21.664743504392362,519.5,21.664743504392362,0.19742387518053875,0.0076461334921298545,0.09679,0.006445884992251516,,,,,,,,,1.7639827666920609,0.049286997400859664,0.0,0.0,0.0,0.0,131.0,0.0,0.27910447761194035,0.01605200577602157,0.3738805970149254,0.01739337921036153,0.74539155960083,0.014750561160552901
synthetic_redundancy_hard,PU-G,0.4,0.0,135,10,139.0,0.0,419.5,26.098211943860573,558.5,26.098211943860573,0.21112484455225058,0.00918572872225039,0.10894000000000001,0.009476992021616233,,,,,,,,,1.8458018249017187,0.049554293065707376,0.0,0.0,0.0,0.0,136.0,0.0,0.27841726618705037,0.015872691360549557,0.37194244604316545,0.017558477225885348,0.7089161157608033,0.0234315091438797
synthetic_redundancy_hard,PU-G,0.4,0.0,140,10,144.0,0.0,382.9,22.692852521345912,526.9,22.692852521345912,0.20002838577493093,0.007989224410857672,0.09537,0.006731287643039278,,,,,,,,,1.9210818749910685,0.05003020700951484,0.0,0.0,0.0,0.0,141.0,0.0,0.27430555555555564,0.01529355246218419,0.3694444444444444,0.01725430106813354,0.6725848197937012,0.021922651813462868
synthetic_redundancy_hard,PU-G,0.4,0.0,145,10,149.0,0.0,391.4,20.385833861341606,540.4,20.385833861341606,0.20479529681615533,0.007185015836718519,0.10289999999999999,0.00791003581955649,,,,,,,,,1.9959203207923566,0.05047696941892378,0.0,0.0,0.0,0.0,146.0,0.0,0.2724832214765101,0.015570212654411917,0.3684563758389262,0.017109341212526972,0.67903733253479,0.029530715635928347
synthetic_redundancy_hard,PU-G,0.4,0.0,15,10,19.0,0.0,429.4,32.3065868756753,448.4,32.3065868756753,0.1721804438275285,0.011387155843784299,0.09674,0.010653316645794188,,,,,,,,,0.2494807790906634,0.005203618925816923,0.0,0.0,0.0,0.0,16.0,0.0,0.26842105263157895,0.03277463454784106,0.31052631578947365,0.03548026037922225,0.69387446641922,0.01005657001329188
synthetic_redundancy_hard,PU-G,0.4,0.0,150,10,154.0,0.0,342.9,17.723462164913236,496.9,17.723462164913236,0.1894694129470736,0.00626123506638073,0.08252999999999999,0.004172823451280387,,,,,,,,,2.070833837596001,0.05171389645727564,0.0,0.0,0.0,0.0,151.0,0.0,0.27142857142857146,0.014832763375767805,0.3675324675324675,0.015311462496820256,0.6517671346664429,0.021475017344511432
synthetic_redundancy_hard,PU-G,0.4,0.0,155,10,159.0,0.0,367.1,25.184849943302552,526.1,25.184849943302552,0.19973088706028647,0.00885815119761219,0.09595999999999998,0.009872050333024938,,,,,,,,,2.1436871373967734,0.0531409152245617,0.0,0.0,0.0,0.0,156.0,0.0,0.2685534591194968,0.014646573144409697,0.36666666666666664,0.015119068957738195,0.6541162073612213,0.0325406411369245
synthetic_redundancy_hard,PU-G,0.4,0.0,160,10,164.0,0.0,346.0,24.518473760728977,510.0,24.518473760728977,0.19404645577888005,0.008689944699313014,0.08041999999999998,0.007280885172071375,,,,,,,,,2.21674253330566,0.055710154453853473,0.0,0.0,0.0,0.0,161.0,0.0,0.2628048780487805,0.014556308349425916,0.3628048780487804,0.015107793442396853,0.6113791584968566,0.018969338060447337
synthetic_redundancy_hard,PU-G,0.4,0.0,165,10,169.0,0.0,328.5,27.10852674385353,497.5,27.10852674385353,0.18961810772307217,0.009570839528242846,0.08098000000000001,0.010003408308060697,,,,,,,,,2.288095203996636,0.05718964446226588,0.0,0.0,0.0,0.0,166.0,0.0,0.25798816568047334,0.013980311752796331,0.35857988165680477,0.014552952067610819,0.6184552907943726,0.03359638820096869
synthetic_redundancy_hard,PU-G,0.4,0.0,170,10,174.0,0.0,305.8,21.117028410476905,479.8,21.117028410476905,0.18339727610582485,0.007490065770526143,0.07255999999999999,0.006133663034616612,,,,,,,,,2.365046724892454,0.05803181359116971,0.0,0.0,0.0,0.0,171.0,0.0,0.2551724137931034,0.013846215325358352,0.35574712643678164,0.015854154280613472,0.5951561272144318,0.02603669271180249
synthetic_redundancy_hard,PU-G,0.4,0.0,175,10,179.0,0.0,338.8,26.296514344427223,517.8,26.29651434442722,0.19679148275172337,0.009279745615286146,0.08449000000000001,0.00867150441900879,,,,,,,,,2.436399583297316,0.061831030147343154,0.0,0.0,0.0,0.0,176.0,0.0,0.2519553072625698,0.013871808243175932,0.353072625698324,0.016101278451558503,0.6070445656776429,0.03438459683388418
synthetic_redundancy_hard,PU-G,0.4,0.0,180,10,184.0,0.0,295.0,24.434038189014565,479.0,24.434038189014565,0.18308690116391518,0.008678322753377989,0.07082000000000001,0.007564519519146967,,,,,,,,,2.5055755457957276,0.06204921045886694,0.0,0.0,0.0,0.0,181.0,0.0,0.25,0.014401889068370864,0.3505434782608695,0.01636963578841663,0.5894668459892273,0.03284110873319079
synthetic_redundancy_hard,PU-G,0.4,0.0,185,10,189.0,0.0,309.1,29.954947652915184,498.1,29.954947652915184,0.18980165507528,0.010592977565833939,0.07641999999999999,0.00962761998973093,,,,,,,,,2.5735829124983867,0.062358255775520226,0.0,0.0,0.0,0.0,186.0,0.0,0.24708994708994708,0.01406629233269165,0.3513227513227513,0.015679795958301844,0.5866252660751343,0.02638823007390478
synthetic_redundancy_hard,PU-G,0.4,0.0,190,10,194.0,0.0,245.3,25.371922363992137,439.3,25.371922363992137,0.16899547707289458,0.009014124052573923,0.05724999999999999,0.007118258994382763,,,,,,,,,2.639259983203374,0.06309904957782893,0.0,0.0,0.0,0.0,191.0,0.0,0.24432989690721646,0.01433858834709626,0.35051546391752575,0.016245974781543385,0.5746663212776184,0.030839528854791024
synthetic_redundancy_hard,PU-G,0.4,0.0,195,10,199.0,0.0,302.1,29.74650306245163,501.1,29.74650306245163,0.19086637417785823,0.010505162012752886,0.07775000000000001,0.009082807324219138,,,,,,,,,2.7052536665985825,0.06443717294364208,0.0,0.0,0.0,0.0,196.0,0.0,0.24472361809045226,0.014095255937294087,0.3512562814070352,0.016808108361703426,0.5791584342718125,0.03262072171687941
synthetic_redundancy_hard,PU-G,0.4,0.0,20,10,24.0,0.0,473.8,45.77015038938222,497.8,45.77015038938222,0.18956003847997635,0.01600706671511478,0.10867,0.017686153089666257,,,,,,,,,0.2932728416984901,0.00426783230565682,0.0,0.0,0.0,0.0,21.0,0.0,0.29999999999999993,0.035026445035884694,0.35416666666666663,0.033592740617910614,0.7157634139060974,0.015240426442976057
synthetic_redundancy_hard,PU-G,0.4,0.0,200,10,204.0,0.0,286.7,23.544780030118496,490.7,23.544780030118496,0.18723685351433234,0.008342457348552204,0.07000999999999999,0.00703935682036679,,,,,,,,,2.7762538750946986,0.06671382331681706,0.0,0.0,0.0,0.0,201.0,0.0,0.24607843137254903,0.013330769970177217,0.3529411764705882,0.016518630007974003,0.5660423129796982,0.02527907624213449
synthetic_redundancy_hard,PU-G,0.4,0.0,205,10,209.0,0.0,262.2,27.68866595237521,471.2,27.68866595237521,0.1802953580743633,0.009835309153496218,0.06418999999999998,0.009239004876668866,,,,,,,,,2.843155141599709,0.0679555594296764,0.0,0.0,0.0,0.0,206.0,0.0,0.24545454545454545,0.013229951073295367,0.354066985645933,0.017177559193411497,0.5782603412866593,0.03028519051868686
synthetic_redundancy_hard,PU-G,0.4,0.0,210,10,214.0,0.0,272.0,28.40618086105753,486.0,28.40618086105753,0.18553272376884705,0.010068625750859905,0.06733999999999998,0.008805732981037599,,,,,,,,,2.9064222414919643,0.06901393608655622,0.0,0.0,0.0,0.0,211.0,0.0,0.24345794392523362,0.014164181001631452,0.35233644859813085,0.01832718514652053,0.5795727550983429,0.030784163160358907
synthetic_redundancy_hard,PU-G,0.4,0.0,215,10,219.0,0.0,241.4,23.77683279534467,460.4,23.77683279534467,0.17649993230588734,0.008454604317953281,0.05952,0.006832435713402492,,,,,,,,,2.9694558915973177,0.07008910860525695,0.0,0.0,0.0,0.0,216.0,0.0,0.24520547945205484,0.014230337179461311,0.35388127853881274,0.019243805144194992,0.5725304633378983,0.024445485162286087
synthetic_redundancy_hard,PU-G,0.4,0.0,220,10,224.0,0.0,246.6,26.48152395748989,470.6,26.481523957489888,0.1800996813341044,0.00937816815430763,0.061130000000000004,0.00788689560107285,,,,,,,,,3.0346399581991137,0.07180516330111981,0.0,0.0,0.0,0.0,221.0,0.0,0.24464285714285716,0.014683209980409537,0.35491071428571425,0.019665954133581392,0.5675660133361816,0.03218028797292388
synthetic_redundancy_hard,PU-G,0.4,0.0,225,10,229.0,0.0,243.8,25.8610818713285,472.8,25.8610818713285,0.18087798929191196,0.009191336142247233,0.06044999999999998,0.008922222568147219,,,,,,,,,3.100207499793032,0.07444235043337061,0.0,0.0,0.0,0.0,226.0,0.0,0.24541484716157208,0.014509386660118907,0.3563318777292576,0.019907215135113544,0.5644229710102081,0.028429989662232192
synthetic_redundancy_hard,PU-G,0.4,0.0,230,10,234.0,0.0,235.7,28.167771181499848,469.7,28.167771181499848,0.17976653057849035,0.009972239088247669,0.05534999999999999,0.009308004321251928,,,,,,,,,3.161363791610347,0.07635020928237535,0.0,0.0,0.0,0.0,231.0,0.0,0.2448717948717949,0.014015964793650195,0.3576923076923077,0.020115755793391348,0.5624673724174499,0.02770889653902522
synthetic_redundancy_hard,PU-G,0.4,0.0,235,10,239.0,0.0,240.1,25.486140024204,479.1,25.486140024204,0.18311499133706094,0.009043866389234082,0.05791,0.009147124016748533,,,,,,,,,3.2238670790975448,0.07789884243916856,0.0,0.0,0.0,0.0,236.0,0.0,0.24560669456066941,0.013835678451817884,0.35899581589958157,0.019761478665616193,0.5627806603908538,0.025176878272934092
synthetic_redundancy_hard,PU-G,0.4,0.0,240,10,244.0,0.0,218.2,22.319796892743746,462.2,22.319796892743746,0.1771510915190447,0.007930543113210918,0.052080000000000015,0.006083343378987136,,,,,,,,,3.2848460166947917,0.08041227872533142,0.0,0.0,0.0,0.0,241.0,0.0,0.2434426229508197,0.013554225961543676,0.3561475409836065,0.019285534173611875,0.5533522754907608,0.028593220822411745
synthetic_redundancy_hard,PU-G,0.4,0.0,245,10,249.0,0.0,217.3,21.885078630579937,466.3,21.885078630579937,0.1786091120506171,0.00776958093818675,0.052759999999999994,0.007626215021592004,,,,,,,,,3.3499885999946857,0.0806140242897508,0.0,0.0,0.0,0.0,246.0,0.0,0.24457831325301208,0.013244896302148049,0.3578313253012048,0.01947733660026031,0.5619448751211167,0.029275324269718177
synthetic_redundancy_hard,PU-G,0.4,0.0,25,10,29.0,0.0,427.7,33.7477735891158,456.7,33.7477735891158,0.1751088161196094,0.01191214245526021,0.09727,0.01043530386077313,,,,,,,,,0.3268872542015743,0.005866747734678866,0.0,0.0,0.0,0.0,26.0,0.0,0.3448275862068965,0.04080055022827321,0.3896551724137931,0.038484296650076334,0.7282786130905151,0.013950814749679678
synthetic_redundancy_hard,PU-G,0.4,0.0,250,10,254.0,0.0,239.9,22.91600605108432,493.9,22.91600605108432,0.18837521189707332,0.00810571351002189,0.06085999999999999,0.00854574878066411,,,,,,,,,3.4114959291997367,0.08216394822595706,0.0,0.0,0.0,0.0,251.0,0.0,0.24527559055118112,0.01250581116084141,0.35826771653543305,0.018990367416178197,0.5617990970611573,0.034232160992028374
synthetic_redundancy_hard,PU-G,0.4,0.0,255,10,259.0,0.0,226.0,27.275141307302757,485.0,27.275141307302757,0.1851889760233462,0.009670298831484504,0.06030999999999999,0.009512803652621728,,,,,,,,,3.4727406168996824,0.08363157542946364,0.0,0.0,0.0,0.0,256.0,0.0,0.24478764478764478,0.0125335689306974,0.3571428571428571,0.01868812730430353,0.5485722422599792,0.029521935677136596
synthetic_redundancy_hard,PU-G,0.4,0.0,260,10,264.0,0.0,222.3,21.51591142490702,486.3,21.51591142490702,0.18569726845016704,0.007613379690322737,0.05258999999999999,0.007007178065701234,,,,,,,,,3.5355526415980423,0.08501387220941373,0.0,0.0,0.0,0.0,261.0,0.0,0.24545454545454545,0.012407190400543682,0.3568181818181818,0.018085110373529167,0.5424212127923965,0.029888318473362128
synthetic_redundancy_hard,PU-G,0.4,0.0,265,10,269.0,0.0,202.1,20.434964589589523,471.1,20.434964589589523,0.18032145217293874,0.00724763517275877,0.050390000000000004,0.006935183246797934,,,,,,,,,3.6013940872973764,0.08704697374656609,0.0,0.0,0.0,0.0,266.0,0.0,0.2453531598513011,0.012292041405340515,0.3553903345724907,0.01737650373527445,0.5239374160766601,0.026658039910487374
synthetic_redundancy_hard,PU-G,0.4,0.0,270,10,274.0,0.0,190.9,24.05939409969512,464.9,24.05939409969512,0.17810156083432957,0.00850977066059086,0.04256999999999998,0.00792076104648761,,,,,,,,,3.6637830915977245,0.08914900261513432,0.0,0.0,0.0,0.0,271.0,0.0,0.2452554744525548,0.012499074977169171,0.354014598540146,0.01740127206417394,0.5326235711574554,0.03329477935131493
synthetic_redundancy_hard,PU-G,0.4,0.0,275,10,279.0,0.0,185.5,25.997542618913467,464.5,25.997542618913467,0.1779437235556543,0.009197826396531907,0.043620000000000006,0.007675383450428461,,,,,,,,,3.722589474898996,0.09040786871765964,0.0,0.0,0.0,0.0,276.0,0.0,0.24587813620071688,0.012151189615379804,0.3534050179211469,0.017199322258473697,0.5131898760795593,0.030032062473959283
synthetic_redundancy_hard,PU-G,0.4,0.0,280,10,284.0,0.0,195.6,24.594127573693502,479.6,24.594127573693502,0.18330549008678645,0.008693944329978056,0.047149999999999984,0.006191019481654228,,,,,,,,,3.784036199998809,0.09283807235470976,0.0,0.0,0.0,0.0,281.0,0.0,0.2447183098591549,0.01224544640682388,0.35352112676056335,0.017552345017774758,0.5103875428438187,0.03461410828787588
synthetic_redundancy_hard,PU-G,0.4,0.0,285,10,289.0,0.0,177.6,22.086295398831474,466.6,22.086295398831474,0.1787166851805523,0.007824616599020468,0.03874000000000001,0.0074081366678058,,,,,,,,,3.8446637627028393,0.09471122895628799,0.0,0.0,0.0,0.0,286.0,0.0,0.24463667820069207,0.012529689468001995,0.35467128027681666,0.018114296095470925,0.5161781817674637,0.03132050983424738
synthetic_redundancy_hard,PU-G,0.4,0.0,290,10,294.0,0.0,183.4,23.988978950991456,477.4,23.988978950991456,0.18252922703395597,0.008491811234462578,0.043269999999999996,0.007008234046066418,,,,,,,,,3.906907475006301,0.09739086593240417,0.0,0.0,0.0,0.0,291.0,0.0,0.24591836734693878,0.012574815569233348,0.3557823129251701,0.01792817818743035,0.517360270023346,0.03782002643777853
synthetic_redundancy_hard,PU-G,0.4,0.0,295,10,299.0,0.0,176.2,22.484463771927295,475.2,22.484463771927295,0.18176185021875427,0.007957202583518777,0.04026999999999999,0.007221204116273741,,,,,,,,,3.9658178164914717,0.09883772455832977,0.0,0.0,0.0,0.0,296.0,0.0,0.24682274247491637,0.012281328297810843,0.3568561872909699,0.01750704703571349,0.5126657396554947,0.03486999875750459
synthetic_redundancy_hard,PU-G,0.4,0.0,30,10,34.0,0.0,476.9,31.625745489676248,510.9,31.625745489676248,0.1943146317731589,0.01114516848456896,0.11278999999999999,0.009561141842548582,,,,,,,,,0.3619333209062461,0.007172902565015593,0.0,0.0,0.0,0.0,31.0,0.0,0.37058823529411766,0.04277926319464986,0.4235294117647059,0.03567334391894167,0.750927746295929,0.019225112228626853
synthetic_redundancy_hard,PU-G,0.4,0.0,300,10,304.0,0.0,167.8,21.274293303316927,471.8,21.274293303316927,0.18056427163537592,0.007541205511269978,0.03895000000000002,0.006538488612311973,,,,,,,,,4.0280843290966,0.09706178825183677,0.0,0.0,0.0,0.0,301.0,0.0,0.2463815789473684,0.011915484964234667,0.3575657894736842,0.017253978468952574,0.5034629434347153,0.034523219429240824
synthetic_redundancy_hard,PU-G,0.4,0.0,305,10,309.0,0.0,172.6,27.65710678208325,481.6,27.65710678208325,0.18398946126108057,0.00977070563225674,0.04182,0.007353031121018511,,,,,,,,,4.090265895792982,0.10046851624613228,0.0,0.0,0.0,0.0,306.0,0.0,0.2475728155339806,0.011223652668114786,0.359546925566343,0.016441276111172215,0.4985328823328018,0.03385947795748053
synthetic_redundancy_hard,PU-G,0.4,0.0,310,10,314.0,0.0,156.7,23.158415796902478,470.7,23.158415796902478,0.18016306094359608,0.008195731983218314,0.03771000000000001,0.006786644564469579,,,,,,,,,4.150883953995072,0.10343701173494739,0.0,0.0,0.0,0.0,311.0,0.0,0.2484076433121019,0.011214533032903824,0.3614649681528663,0.016474886167292126,0.49508335888385774,0.03322774270542303
synthetic_redundancy_hard,PU-G,0.4,0.0,315,10,319.0,0.0,160.3,21.17076075891254,479.3,21.17076075891254,0.18322191096376628,0.007497010626543156,0.04061999999999999,0.00725641172420027,,,,,,,,,4.206770425097784,0.10442309585360617,0.0,0.0,0.0,0.0,316.0,0.0,0.24921630094043884,0.010961830582409736,0.3623824451410659,0.016443658919114125,0.49981072545051575,0.04065750187167994
synthetic_redundancy_hard,PU-G,0.4,0.0,320,10,324.0,0.0,144.2,20.06423019538336,468.2,20.06423019538336,0.17929759898688644,0.007108944546629215,0.03532999999999999,0.005934738597631933,,,,,,,,,4.264274545788067,0.10623121485069628,0.0,0.0,0.0,0.0,321.0,0.0,0.2496913580246914,0.010626630810966816,0.36203703703703705,0.016678411245779606,0.48942723870277405,0.03830893107167857
synthetic_redundancy_hard,PU-G,0.4,0.0,325,10,329.0,0.0,144.7,18.064114210838632,473.7,18.064114210838632,0.18125809833290987,0.006402840013167257,0.03600000000000001,0.004731314123299497,,,,,,,,,4.321177004103083,0.10798305801647314,0.0,0.0,0.0,0.0,326.0,0.0,0.2516717325227963,0.010370043835399377,0.36352583586626136,0.016205672967077776,0.4789554178714752,0.03792914578589988
synthetic_redundancy_hard,PU-G,0.4,0.0,330,10,334.0,0.0,134.1,21.128416883429765,468.1,21.128416883429765,0.1792569815297611,0.007472752484743995,0.03525999999999999,0.005719755239518556,,,,,,,,,4.380669462500373,0.11023588104427605,0.0,0.0,0.0,0.0,331.0,0.0,0.2523952095808383,0.010314263827855304,0.36437125748502996,0.016215952629825676,0.4814861238002777,0.038665958869692436
synthetic_redundancy_hard,PU-G,0.4,0.0,335,10,339.0,0.0,128.4,19.62266263504749,467.4,19.622662635047487,0.17901817689999006,0.006944231329470557,0.03261000000000001,0.0062526341115831585,,,,,,,,,4.435499308403815,0.11280734495384945,0.0,0.0,0.0,0.0,336.0,0.0,0.2513274336283186,0.010348335981846896,0.3640117994100295,0.015935272039239248,0.48118757009506224,0.03896049044599351
synthetic_redundancy_hard,PU-G,0.4,0.0,340,10,344.0,0.0,117.4,15.43747244711891,461.4,15.43747244711891,0.17691400008043273,0.005472124554626085,0.030890000000000018,0.0038351430510767466,,,,,,,,,4.488861962495139,0.11450108723393512,0.0,0.0,0.0,0.0,341.0,0.0,0.25,0.010190555678399153,0.3625,0.015732626892714895,0.46977731585502625,0.035845900606818075
synthetic_redundancy_hard,PU-G,0.4,0.0,345,10,349.0,0.0,117.1,12.723076147955206,466.1,12.723076147955203,0.17859248257009314,0.0045127610572354045,0.029969999999999986,0.004760836761186703,,,,,,,,,4.540336025005672,0.11545830239725971,0.0,0.0,0.0,0.0,346.0,0.0,0.25100286532951294,0.010190623624335544,0.363323782234957,0.015593758649060974,0.4753886580467224,0.04102822735747502
synthetic_redundancy_hard,PU-G,0.4,0.0,35,10,39.0,0.0,397.9,31.926112614389286,436.9,31.926112614389286,0.16807815881329588,0.011331662497519759,0.09230000000000002,0.010202690277024432,,,,,,,,,0.40608139999676496,0.009870358665445868,0.0,0.0,0.0,0.0,36.0,0.0,0.37948717948717947,0.03894285726459664,0.4282051282051282,0.031762229360789825,0.7422563672065735,0.01737604381491841
synthetic_redundancy_hard,PU-G,0.4,0.0,350,10,354.0,0.0,112.6,15.670354175959137,466.6,15.670354175959137,0.1787560476339422,0.005555349966968848,0.028969999999999985,0.004869543670155916,,,,,,,,,4.597665416495874,0.11707696102778785,0.0,0.0,0.0,0.0,351.0,0.0,0.25,0.009824030450672264,0.36242937853107343,0.015230096449599452,0.46881344020366666,0.03893221063285326
synthetic_redundancy_hard,PU-G,0.4,0.0,355,10,359.0,0.0,116.4,16.683458207990864,475.4,16.683458207990864,0.18186897217528894,0.005905759277108212,0.028100000000000014,0.0045359061326756345,,,,,,,,,4.652915033389581,0.11767490383586399,0.0,0.0,0.0,0.0,356.0,0.0,0.24958217270194988,0.009615296910677525,0.36295264623955437,0.01495469821958043,0.4676351875066757,0.03841479361677537
synthetic_redundancy_hard,PU-G,0.4,0.0,360,10,364.0,0.0,109.0,15.749426797329622,473.0,15.749426797329622,0.18102339999750255,0.005579887124926936,0.02792,0.003380788862578281,,,,,,,,,4.708490620693192,0.11817950239227847,0.0,0.0,0.0,0.0,361.0,0.0,0.2508241758241758,0.009665836590788485,0.36456043956043954,0.015219383499411583,0.46152278780937195,0.03718437931374133
synthetic_redundancy_hard,PU-G,0.4,0.0,365,10,369.0,0.0,98.6,15.779170517559603,467.6,15.779170517559603,0.1791105647571385,0.005587948438670392,0.027269999999999996,0.003951653662287053,,,,,,,,,4.766406362398993,0.11931922168413839,0.0,0.0,0.0,0.0,366.0,0.0,0.25257452574525746,0.00995153702180337,0.36612466124661247,0.015606922440114801,0.4563129246234894,0.034111593389766354
synthetic_redundancy_hard,PU-G,0.4,0.0,370,10,374.0,0.0,98.4,13.928547822527818,472.4,13.92854782252782,0.1808199567720294,0.0049324833757553,0.029819999999999992,0.0038396701247199174,,,,,,,,,4.816611337498761,0.1208300725476507,0.0,0.0,0.0,0.0,371.0,0.0,0.253475935828877,0.009866918005774007,0.36684491978609624,0.015270581760019507,0.4602024793624878,0.03841447801769642
synthetic_redundancy_hard,PU-G,0.4,0.0,375,10,379.0,0.0,98.6,12.772539989280824,477.6,12.772539989280824,0.1826661773957312,0.004522580839550472,0.028500000000000015,0.0034428347493179407,,,,,,,,,4.8660473374999125,0.12161565896179283,0.0,0.0,0.0,0.0,376.0,0.0,0.25435356200527703,0.010090982944072797,0.3678100263852243,0.01519894781159398,0.4600295960903168,0.03806704186902766
synthetic_redundancy_hard,PU-G,0.4,0.0,380,10,384.0,0.0,91.2,17.496539340363537,475.2,17.496539340363533,0.1817941648361739,0.00618988105161556,0.026250000000000006,0.00396838198206215,,,,,,,,,4.915423483302584,0.12236658159126522,0.0,0.0,0.0,0.0,381.0,0.0,0.25520833333333337,0.010307588617220411,0.3703125,0.015429916415906205,0.45730310380458833,0.0401448658556126
synthetic_redundancy_hard,PU-G,0.4,0.0,385,10,389.0,0.0,95.1,16.22443287829261,484.1,16.22443287829261,0.18495190425310284,0.0057309938376574445,0.03332,0.005156825035275529,,,,,,,,,4.9735548499971625,0.1233776932129853,0.0,0.0,0.0,0.0,386.0,0.0,0.25424164524421594,0.01079453463235841,0.37120822622107974,0.015571985181286097,0.4572203665971756,0.044275610868307474
synthetic_redundancy_hard,PU-G,0.4,0.0,390,10,394.0,0.0,102.5,12.959981138532227,496.5,12.959981138532227,0.18935032634763047,0.004579185315408236,0.03497,0.005270505984564791,,,,,,,,,5.0314520498970525,0.12346729716581024,0.0,0.0,0.0,0.0,391.0,0.0,0.2532994923857868,0.010813228635309953,0.3708121827411167,0.015784407955530058,0.45304199755191804,0.043361856923968156
synthetic_redundancy_hard,PU-G,0.4,0.0,395,10,399.0,0.0,92.5,16.044556016848137,491.5,16.044556016848137,0.1875696433824487,0.005668045760373113,0.030359999999999988,0.00499787065770125,,,,,,,,,5.08544946249458,0.12418583826526612,0.0,0.0,0.0,0.0,396.0,0.0,0.2533834586466165,0.011016487685752674,0.37067669172932327,0.016054235278434338,0.449784979224205,0.04395143305541606
synthetic_redundancy_hard,PU-G,0.4,0.0,40,10,44.0,0.0,479.0,32.96496456677739,523.0,32.96496456677739,0.19857619309914298,0.011587978741171944,0.11712,0.009612686062351843,,,,,,,,,0.45400144150480626,0.01407966650798795,0.0,0.0,0.0,0.0,41.0,0.0,0.3795454545454545,0.03788636287893935,0.42727272727272736,0.031198879215112125,0.7599358081817627,0.01644954563179309
synthetic_redundancy_hard,PU-G,0.4,0.0,400,10,404.0,0.0,89.6,16.167319574444683,493.6,16.167319574444683,0.18831135290674866,0.0057111699482187105,0.028759999999999997,0.004138389380745444,,,,,,,,,5.140496741695097,0.1251041460417858,0.0,0.0,0.0,0.0,401.0,0.0,0.2537128712871287,0.01184359886242752,0.3712871287128713,0.016514021765028707,0.4453799158334732,0.04102108094605265
synthetic_redundancy_hard,PU-G,0.4,0.0,405,10,409.0,0.0,84.7,15.249080117975785,493.7,15.249080117975785,0.18835120733710936,0.005385884688787803,0.027279999999999992,0.003968789348011417,,,,,,,,,5.1949773041997105,0.12518043611825727,0.0,0.0,0.0,0.0,406.0,0.0,0.2537897310513447,0.012299689962453775,0.37188264058679704,0.01685465957672843,0.44376564025878906,0.03832047045552723
synthetic_redundancy_hard,PU-G,0.4,0.0,410,10,414.0,0.0,78.4,14.892354488871874,492.4,14.892354488871872,0.18789305561804212,0.005262855845188217,0.026129999999999997,0.003407411855874718,,,,,,,,,5.25176084159757,0.12586129304977478,0.0,0.0,0.0,0.0,411.0,0.0,0.25386473429951695,0.012202517749285931,0.3714975845410628,0.016792024690793828,0.4374550133943558,0.038432569337170604
synthetic_redundancy_hard,PU-G,0.4,0.0,415,10,419.0,0.0,78.7,13.954728390206828,497.7,13.954728390206828,0.18977065451908856,0.004925921060128681,0.0245,0.0039018229357855503,,,,,,,,,5.302776983188233,0.1271329728188225,0.0,0.0,0.0,0.0,416.0,0.0,0.25656324582338896,0.012489042213973324,0.373508353221957,0.017288236922912276,0.44177929013967515,0.041279510831659635
synthetic_redundancy_hard,PU-G,0.4,0.0,420,10,424.0,0.0,73.4,12.084149397730345,497.4,12.084149397730345,0.1896719102980569,0.0042667282564713286,0.026249999999999996,0.0038034852438257193,,,,,,,,,5.356964649795555,0.12799363008877812,0.0,0.0,0.0,0.0,421.0,0.0,0.25966981132075473,0.012819287590585109,0.377122641509434,0.017842448338141834,0.4474129766225815,0.04141024702510892
synthetic_redundancy_hard,PU-G,0.4,0.0,425,10,429.0,0.0,62.6,11.979797809460539,491.6,11.979797809460539,0.18762216130853632,0.004235437826487477,0.02579,0.0021103685828678218,,,,,,,,,5.408911570796045,0.12938245124987113,0.0,0.0,0.0,0.0,426.0,0.0,0.26456876456876455,0.013127634505858356,0.38181818181818183,0.01824148955385907,0.4458470746874809,0.03895911710014027
synthetic_redundancy_hard,PU-G,0.4,0.0,430,10,434.0,0.0,76.3,20.847621766842693,510.3,20.847621766842693,0.19418645317200572,0.0073382879708960465,0.03323,0.004438419388325836,,,,,,,,,5.461392516701016,0.13083980381844518,0.0,0.0,0.0,0.0,431.0,0.0,0.26474654377880186,0.012990933350050428,0.3836405529953917,0.01797382718733308,0.44939193576574327,0.039336812051855595
synthetic_redundancy_hard,PU-G,0.4,0.0,435,10,439.0,0.0,71.7,17.298073110417047,510.7,17.298073110417047,0.1943468220764771,0.006089857753081063,0.029799999999999993,0.004075209606061176,,,,,,,,,5.5142386415915094,0.13255173882521387,0.0,0.0,0.0,0.0,436.0,0.0,0.2644646924829157,0.013056673486728164,0.3842824601366743,0.01817270265466231,0.44789996445178987,0.03944625837854459
synthetic_redundancy_hard,PU-G,0.4,0.0,440,10,444.0,0.0,66.4,17.22801336325359,510.4,17.22801336325359,0.194240849459311,0.006069401342103736,0.02951,0.004475748230432786,,,,,,,,,5.566335404396523,0.13382362912114062,0.0,0.0,0.0,0.0,441.0,0.0,0.2648648648648649,0.012657221270695252,0.3860360360360361,0.01788993514547325,0.44576407223939896,0.03799838010874116
synthetic_redundancy_hard,PU-G,0.4,0.0,445,10,449.0,0.0,60.7,18.01113852900785,509.7,18.01113852900785,0.19399046662729233,0.006339710828656832,0.02741,0.00464517551396667,,,,,,,,,5.6172915500006635,0.134984778921542,0.0,0.0,0.0,0.0,446.0,0.0,0.26570155902004455,0.012668801936276999,0.3879732739420935,0.017633298101622594,0.44758825600147245,0.039661168258378086
synthetic_redundancy_hard,PU-G,0.4,0.0,448,1,452.0,0.0,0.0,0.0,452.0,0.0,0.17361913050990552,0.0,0.02080000000000004,0.0,,,,,,,,,4.814992374973372,0.0,1.0,0.0,0.0,0.0,449.0,0.0,0.32964601769911506,0.0,0.43805309734513276,0.0,0.3718424439430237,0.0
synthetic_redundancy_hard,PU-G,0.4,0.0,45,10,49.0,0.0,415.5,28.284369456566562,464.5,28.284369456566562,0.17791874420945533,0.010028646706883512,0.09765999999999998,0.009824325817977422,,,,,,,,,0.5142265291942749,0.020450417969734125,0.0,0.0,0.0,0.0,46.0,0.0,0.3714285714285714,0.030392255651277112,0.4204081632653061,0.02602874349620271,0.752470338344574,0.01937019396098352
synthetic_redundancy_hard,PU-G,0.4,0.0,450,9,454.0,0.0,62.666666666666664,18.844392033470093,516.6666666666666,18.844392033470093,0.19645039728170055,0.006624051429788005,0.027377777777777786,0.0052188168565984365,,,,,,,,,5.768119236105122,0.11250770698437057,0.0,0.0,0.0,0.0,451.0,0.0,0.2596671561429271,0.011640508067020536,0.3847283406754773,0.017988252569750368,0.45834164486991036,0.04349991162687485
synthetic_redundancy_hard,PU-G,0.4,0.0,451,1,455.0,0.0,0.0,0.0,455.0,0.0,0.1746836540987715,0.0,0.02180000000000004,0.0,,,,,,,,,5.272724875016138,0.0,1.0,0.0,0.0,0.0,452.0,0.0,0.3076923076923077,0.0,0.3934065934065934,0.0,0.6329975128173828,0.0
synthetic_redundancy_hard,PU-G,0.4,0.0,455,8,459.0,0.0,76.625,16.85435244761932,535.625,16.85435244761932,0.20314395357854664,0.005920756087103666,0.031525,0.00554548561573157,,,,,,,,,5.885289093741449,0.10680216648290529,0.0,0.0,0.0,0.0,456.0,0.0,0.2540849673202614,0.011245001537071123,0.3848039215686274,0.01965075318243334,0.4311787560582161,0.0388109502565476
synthetic_redundancy_hard,PU-G,0.4,0.0,460,8,464.0,0.0,71.125,19.7424827466051,535.125,19.7424827466051,0.20295651985361474,0.0069378995312675855,0.03405000000000001,0.005954530088212551,,,,,,,,,5.935360026123817,0.1062180488823582,0.0,0.0,0.0,0.0,461.0,0.0,0.2535021551724138,0.01174757845684606,0.38442887931034486,0.019142326426175124,0.424100898206234,0.03935332093045625
synthetic_redundancy_hard,PU-G,0.4,0.0,463,1,467.0,0.0,0.0,0.0,467.0,0.0,0.17893839586758986,0.0,0.024599999999999955,0.0,,,,,,,,,5.908406500006095,0.0,1.0,0.0,0.0,0.0,464.0,0.0,0.2762312633832976,0.0,0.4132762312633833,0.0,0.23815685510635376,0.0
synthetic_redundancy_hard,PU-G,0.4,0.0,465,7,469.0,0.0,74.42857142857143,22.27838707384906,543.4285714285714,22.27838707384906,0.2058766336579408,0.007813170356361879,0.028757142857142846,0.008007819307903194,,,,,,,,,5.996047863146357,0.1243531542449085,0.0,0.0,0.0,0.0,466.0,0.0,0.24977155041120927,0.013424279906650549,0.38074931465123363,0.021311080292064334,0.453614205121994,0.034810456266098265
synthetic_redundancy_hard,PU-G,0.4,0.0,470,7,474.0,0.0,63.0,21.773728162518196,537.0,21.773728162518196,0.2036162887982625,0.007635462560843932,0.026557142857142866,0.006214072245923047,,,,,,,,,6.046208357130776,0.12616883695720174,0.0,0.0,0.0,0.0,471.0,0.0,0.2510548523206751,0.01289872665159088,0.38366485834840264,0.020389109561480198,0.4451473525592259,0.03833854525291214
synthetic_redundancy_hard,PU-G,0.4,0.0,475,7,479.0,0.0,60.57142857142857,18.44665041585127,539.5714285714286,18.44665041585127,0.20453270167178875,0.006474476670174074,0.02788571428571429,0.005079530751266426,,,,,,,,,6.0982183452828655,0.1287936307398704,0.0,0.0,0.0,0.0,476.0,0.0,0.25290784372203995,0.012661466317455398,0.3865195347450045,0.019586470178173894,0.4555586448737553,0.03668363700115766
synthetic_redundancy_hard,PU-G,0.4,0.0,480,7,484.0,0.0,50.142857142857146,13.673799366512815,534.1428571428571,13.673799366512815,0.20263519987098075,0.004803279454807164,0.019971428571428546,0.004340875174306624,,,,,,,,,6.159786363140613,0.1313785475072323,0.0,0.0,0.0,0.0,481.0,0.0,0.2535419126328217,0.011340933689418378,0.38813459268004724,0.01865740434242705,0.4436040392943791,0.03303304111713862
synthetic_redundancy_hard,PU-G,0.4,0.0,485,7,489.0,0.0,56.142857142857146,16.30721221018563,545.1428571428571,16.307212210185625,0.2064996256626078,0.005723002079690717,0.0232,0.004716788657348895,,,,,,,,,6.20941895841887,0.13265185675489946,0.0,0.0,0.0,0.0,486.0,0.0,0.2573765702600058,0.011115458669595507,0.3917616126205084,0.01834995281078537,0.44926670619419645,0.03507946225585269
synthetic_redundancy_hard,PU-G,0.4,0.0,490,7,494.0,0.0,47.0,14.229412864773813,541.0,14.229412864773813,0.2050473479903303,0.00499993226371304,0.026042857142857145,0.005026447062093393,,,,,,,,,6.260823482281661,0.1341374306247456,0.0,0.0,0.0,0.0,491.0,0.0,0.2567958357432042,0.011029523609321612,0.3938692886061307,0.01832997877107522,0.4493028223514557,0.035647856828662915
synthetic_redundancy_hard,PU-G,0.4,0.0,491,1,495.0,0.0,0.0,0.0,495.0,0.0,0.18884600239107385,0.0,0.026699999999999946,0.0,,,,,,,,,5.797046667023096,0.0,1.0,0.0,0.0,0.0,492.0,0.0,0.2868686868686869,0.0,0.43636363636363634,0.0,0.6268119215965271,0.0
synthetic_redundancy_hard,PU-G,0.4,0.0,495,6,499.0,0.0,51.833333333333336,13.29766061297166,550.8333333333334,13.29766061297166,0.20851107158038454,0.004670746776244605,0.022933333333333344,0.004395351079391854,,,,,,,,,6.392752187491472,0.1275840968224293,0.0,0.0,0.0,0.0,496.0,0.0,0.25384101536406145,0.011379597565812869,0.3897795591182365,0.01967435146160224,0.4162848542133967,0.028497553360399823
synthetic_redundancy_hard,PU-G,0.4,0.0,5,10,9.0,0.0,506.4,51.17512416529473,515.4,51.17512416529473,0.19567552839871497,0.01798983873463016,0.12618000000000001,0.019877333825239235,,,,,,,,,0.09877635820303113,0.0031565328192767693,0.0,0.0,0.0,0.0,6.0,0.0,0.13333333333333336,0.0398901096824778,0.22222222222222224,0.04969039949999532,0.6188025414943695,0.02291720610942278
synthetic_redundancy_hard,PU-G,0.4,0.0,50,10,54.0,0.0,479.1,32.62086925744179,533.1,32.62086925744179,0.20213820796343498,0.011467393528830526,0.11722999999999999,0.01016227282102232,,,,,,,,,0.5768675042956601,0.02487316419042916,0.0,0.0,0.0,0.0,51.0,0.0,0.3462962962962963,0.026485725867808563,0.3907407407407407,0.025066593215119694,0.7690103769302368,0.013057115859544152
synthetic_redundancy_hard,PU-G,0.4,0.0,500,6,504.0,0.0,51.666666666666664,19.118344884197253,555.6666666666666,19.11834488419725,0.2101965838810429,0.006706617474942001,0.024683333333333318,0.006402781513616648,,,,,,,,,6.442698069489173,0.12851276955628618,0.0,0.0,0.0,0.0,501.0,0.0,0.2546296296296296,0.010457267394736708,0.3912037037037037,0.018951038397169953,0.41865041851997375,0.02712416766407623
synthetic_redundancy_hard,PU-G,0.4,0.0,505,6,509.0,0.0,35.333333333333336,6.636598861197237,544.3333333333334,6.6365988611972355,0.20623500489940247,0.0023339588426796016,0.018766666666666636,0.0020206709556756424,,,,,,,,,6.4972190069772,0.12992877173366146,0.0,0.0,0.0,0.0,506.0,0.0,0.256385068762279,0.009806797073917446,0.3925998690242305,0.018404892035483712,0.41376560429732007,0.02661459114265243
synthetic_redundancy_hard,PU-G,0.4,0.0,510,6,514.0,0.0,33.0,8.52447456836295,547.0,8.52447456836295,0.20717082614040314,0.0029962120093995747,0.018983333333333335,0.002188974899607381,,,,,,,,,6.5511669719902175,0.1299270836673063,0.0,0.0,0.0,0.0,511.0,0.0,0.25810635538262,0.009903299179673706,0.3946173800259403,0.018301845490336473,0.4199237922827403,0.027078225151851352
synthetic_redundancy_hard,PU-G,0.4,0.0,515,6,519.0,0.0,32.666666666666664,7.675357393054159,551.6666666666666,7.675357393054157,0.20881274424997778,0.002697970567923248,0.022566666666666662,0.00326870684590168,,,,,,,,,6.605139673823335,0.13098663258710333,0.0,0.0,0.0,0.0,516.0,0.0,0.2594733461785485,0.00947416257653733,0.39627488760436735,0.01757261114316974,0.41946086287498474,0.027030432456824405
synthetic_redundancy_hard,PU-G,0.4,0.0,520,6,524.0,0.0,39.5,8.709190547921203,563.5,8.709190547921203,0.21296947824885137,0.0030580968031344944,0.030016666666666674,0.00432661658933526,,,,,,,,,6.656948124989867,0.1328776522462663,0.0,0.0,0.0,0.0,521.0,0.0,0.2608142493638677,0.009626428721642209,0.3982188295165394,0.017137834330077702,0.42126695315043133,0.024259681947343056
synthetic_redundancy_hard,PU-G,0.4,0.0,525,6,529.0,0.0,32.333333333333336,11.502656697959438,561.3333333333334,11.50265669795944,0.21220445380701372,0.0040358833366926595,0.025733333333333348,0.005809513270872566,,,,,,,,,6.711933006813827,0.13384642882014972,0.0,0.0,0.0,0.0,526.0,0.0,0.26118462507876494,0.009507293485327393,0.40044108380592314,0.01707903445656972,0.4070572505394618,0.024407333057797142
synthetic_redundancy_hard,PU-G,0.4,0.0,530,6,534.0,0.0,22.0,6.577740240133132,556.0,6.577740240133132,0.21033702964390008,0.002311289466316237,0.019416666666666638,0.003032096817568849,,,,,,,,,6.773774868003481,0.1369472473662832,0.0,0.0,0.0,0.0,531.0,0.0,0.26186017478152307,0.010135644651481363,0.40199750312109866,0.01683774133259553,0.41236676772435504,0.023875809124925387
synthetic_redundancy_hard,PU-G,0.4,0.0,535,6,539.0,0.0,32.5,12.953120602130337,571.5,12.953120602130337,0.21577174354266995,0.004540484004898851,0.02331666666666667,0.004581805806059931,,,,,,,,,6.8263883680047,0.13809822458705795,0.16666666666666666,0.16666666666666669,0.0,0.0,536.0,0.0,0.26221397649969075,0.010772035309735561,0.4029066171923315,0.017958421268684726,0.4149080812931061,0.024013495064460978
synthetic_redundancy_hard,PU-G,0.4,0.0,540,5,544.0,0.0,19.2,3.760319135392633,563.2,3.760319135392633,0.21286883995635436,0.001320969737763535,0.020720000000000006,0.003330525484064027,,,,,,,,,6.889565974986181,0.1708447264859127,0.0,0.0,0.0,0.0,541.0,0.0,0.25882352941176473,0.010645906055566368,0.3981617647058823,0.018984619184248454,0.41363694667816164,0.030599789735237293
synthetic_redundancy_hard,PU-G,0.4,0.0,545,5,549.0,0.0,17.8,5.276362383309166,566.8,5.276362383309166,0.2141321967705153,0.0018519807917905479,0.019099999999999985,0.0027151427218472424,,,,,,,,,6.9418060833937485,0.17118846349768332,0.0,0.0,0.0,0.0,546.0,0.0,0.2612021857923497,0.009836065573770491,0.40072859744990896,0.017967351979100463,0.41921364665031435,0.025402259954154516
synthetic_redundancy_hard,PU-G,0.4,0.0,546,1,550.0,0.0,0.0,0.0,550.0,0.0,0.20823121524881572,0.0,0.025499999999999967,0.0,,,,,,,,,6.633103624975774,0.0,1.0,0.0,0.0,0.0,547.0,0.0,0.2781818181818182,0.0,0.3981818181818182,0.0,0.3489803373813629,0.0
synthetic_redundancy_hard,PU-G,0.4,0.0,55,10,59.0,0.0,413.9,26.97259926501543,472.9,26.97259926501543,0.18090807267581113,0.009561504600580356,0.0996,0.009323494814475716,,,,,,,,,0.6440303749986924,0.03004266019460558,0.0,0.0,0.0,0.0,56.0,0.0,0.3338983050847458,0.022746691682708917,0.37966101694915255,0.02131973137187933,0.7634610056877136,0.019659483620880602
synthetic_redundancy_hard,PU-G,0.4,0.0,550,4,554.0,0.0,24.25,4.6075119822596955,578.25,4.6075119822596955,0.2181510706723202,0.0016162119632340943,0.021650000000000003,0.006354722653271336,,,,,,,,,7.076128781249281,0.19431675688064629,0.0,0.0,0.0,0.0,551.0,0.0,0.25902527075812276,0.011236371478329177,0.40388086642599275,0.022765339811605487,0.44395599514245987,0.03459400627350649
synthetic_redundancy_hard,PU-G,0.4,0.0,555,4,559.0,0.0,19.25,4.7849590733185305,578.25,4.7849590733185305,0.21815099618106615,0.0016787962329380046,0.023700000000000027,0.0033007574888198007,,,,,,,,,7.128433426987613,0.1966718924058692,0.0,0.0,0.0,0.0,556.0,0.0,0.26073345259391767,0.00983560954275891,0.40474060822898034,0.02171854842625741,0.4399089515209198,0.03125535284491076
synthetic_redundancy_hard,PU-G,0.4,0.0,556,1,560.0,0.0,0.0,0.0,560.0,0.0,0.21174567472189665,0.0,0.02310000000000001,0.0,,,,,,,,,6.6434780830168165,0.0,1.0,0.0,0.0,0.0,557.0,0.0,0.2714285714285714,0.0,0.4357142857142857,0.0,0.42006272077560425,0.0
synthetic_redundancy_hard,PU-G,0.4,0.0,560,3,564.0,0.0,27.0,9.539392014169456,591.0,9.539392014169456,0.2226194332082135,0.003341472384557973,0.02066666666666665,0.005917582088807722,,,,,,,,,7.346463458321523,0.14988468872367613,0.0,0.0,0.0,0.0,561.0,0.0,0.258274231678487,0.011864574408915328,0.39420803782505914,0.027321334116610453,0.4534619947274526,0.03740008644354603
synthetic_redundancy_hard,PU-G,0.4,0.0,565,3,569.0,0.0,18.333333333333332,2.3333333333333335,587.3333333333334,2.3333333333333335,0.22133678890531883,0.0008178883818798887,0.020133333333333298,0.0054443650787866045,,,,,,,,,7.400503625006725,0.15209133796444504,0.0,0.0,0.0,0.0,566.0,0.0,0.2583479789103691,0.01069026806730794,0.39367311072056244,0.02701781501488039,0.4517945448557536,0.04245670555213839
synthetic_redundancy_hard,PU-G,0.4,0.0,570,3,574.0,0.0,24.666666666666668,14.666666666666666,598.6666666666666,14.666666666666666,0.22530173238677284,0.005133312797018638,0.023233333333333328,0.006349365672604183,,,,,,,,,7.455110667001766,0.15225618106082028,0.0,0.0,0.0,0.0,571.0,0.0,0.2607433217189315,0.008554541151368316,0.39663182346109177,0.026177532333529947,0.4511387348175049,0.03687539103256074
synthetic_redundancy_hard,PU-G,0.4,0.0,575,3,579.0,0.0,39.0,17.578395831246947,618.0,17.578395831246947,0.2320647794792118,0.006144785243436119,0.033299999999999996,0.007492885514495305,,,,,,,,,7.508663833335352,0.15160367680390702,0.0,0.0,0.0,0.0,576.0,0.0,0.2625215889464594,0.0075283228731272385,0.3978123200921128,0.026426061986248715,0.4473668833573659,0.03749803677022941
synthetic_redundancy_hard,PU-G,0.4,0.0,580,3,584.0,0.0,28.666666666666668,22.73274681550335,612.6666666666666,22.73274681550335,0.23019396146992221,0.007945769159456901,0.025400000000000016,0.010850960018972216,,,,,,,,,7.558674138990075,0.1511594739866718,0.0,0.0,0.0,0.0,581.0,0.0,0.2631278538812785,0.006432321729214974,0.398972602739726,0.024715336865994256,0.4348316192626953,0.03866824261220554
synthetic_redundancy_hard,PU-G,0.4,0.0,585,3,589.0,0.0,6.666666666666667,3.48010216963685,595.6666666666666,3.48010216963685,0.22425655267822245,0.0012189557448019429,0.019199999999999957,0.002300724523564992,,,,,,,,,7.609458138991613,0.15168439004714623,0.0,0.0,0.0,0.0,586.0,0.0,0.26202603282399545,0.005398637246275869,0.3989813242784381,0.022545086912328347,0.4303370515505473,0.042166763946562096
synthetic_redundancy_hard,PU-G,0.4,0.0,590,3,594.0,0.0,7.0,5.000000000000001,601.0,5.000000000000001,0.22612396074691787,0.001750315830577165,0.017166666666666663,0.00476806506294164,,,,,,,,,7.656982888991479,0.15000543083838738,0.0,0.0,0.0,0.0,591.0,0.0,0.26487093153759816,0.0029694178575360203,0.40179573512906847,0.02191428079659555,0.4480886558691661,0.03758947909593566
synthetic_redundancy_hard,PU-G,0.4,0.0,592,1,596.0,0.0,0.0,0.0,596.0,0.0,0.2243736449163407,0.0,0.026000000000000023,0.0,,,,,,,,,7.569690125004854,0.0,1.0,0.0,0.0,0.0,593.0,0.0,0.26174496644295303,0.0,0.3674496644295302,0.0,0.4469587206840515,0.0
synthetic_redundancy_hard,PU-G,0.4,0.0,595,2,599.0,0.0,11.5,1.4999999999999998,610.5,1.4999999999999998,0.22944962891051546,0.0005248097004368901,0.0232,0.0011999999999999789,,,,,,,,,7.760757166979602,0.24421220799558793,0.0,0.0,0.0,0.0,596.0,0.0,0.2671118530884808,0.0,0.41986644407345575,0.020868113522537562,0.44512566924095154,0.06650778651237488
synthetic_redundancy_hard,PU-G,0.4,0.0,596,2,600.0,0.0,17.0,16.999999999999996,617.0,16.999999999999996,0.23171942110639066,0.0059449226246215394,0.027900000000000036,0.01400000000000001,,,,,,,,,7.777214312489377,0.24436581248301079,0.5,0.5,0.5,0.5,597.0,0.0,0.26666666666666666,0.0,0.42083333333333334,0.02083333333333331,0.4514690339565277,0.0687902271747589
synthetic_redundancy_hard,PU-G,0.4,0.0,60,10,64.0,0.0,451.8,31.34389892786154,515.8,31.34389892786154,0.19604825979331508,0.011033966602798397,0.10967,0.008998704227708439,,,,,,,,,0.7124217958014925,0.03404790600591064,0.0,0.0,0.0,0.0,61.0,0.0,0.325,0.018604761561970575,0.36875,0.020728904939721248,0.7722029209136962,0.010893014256327823
synthetic_redundancy_hard,PU-G,0.4,0.0,65,10,69.0,0.0,418.8,25.661817723787394,487.8,25.661817723787394,0.18619454521103762,0.00909131470138191,0.10096999999999996,0.008907288526195215,,,,,,,,,0.7831659665971529,0.037003215550303385,0.0,0.0,0.0,0.0,66.0,0.0,0.3231884057971014,0.022143317171721428,0.36811594202898545,0.02436622263365892,0.7697196960449219,0.01974222940122347
synthetic_redundancy_hard,PU-G,0.4,0.0,70,10,74.0,0.0,437.2,30.98343643518796,511.2,30.98343643518796,0.19442910448415204,0.01090308906119893,0.1081,0.009346859246708366,,,,,,,,,0.8591535540879705,0.03977852899883641,0.0,0.0,0.0,0.0,71.0,0.0,0.32027027027027033,0.022616919298438183,0.37027027027027026,0.025257379763740876,0.7701490759849549,0.010339551288065463
synthetic_redundancy_hard,PU-G,0.4,0.0,75,10,79.0,0.0,429.4,22.47922497675477,508.4,22.47922497675477,0.19350184621289374,0.007939208931612077,0.10619999999999999,0.007072513304649525,,,,,,,,,0.9369446791009978,0.04336192264687937,0.0,0.0,0.0,0.0,76.0,0.0,0.31518987341772153,0.01937715190414352,0.3658227848101266,0.021469289845077726,0.7783168196678162,0.019408513192864497
synthetic_redundancy_hard,PU-G,0.4,0.0,80,10,84.0,0.0,423.1,30.708106059765026,507.1,30.708106059765026,0.19298479197896085,0.01080316243177436,0.10463999999999998,0.009398583817670498,,,,,,,,,1.01284302919521,0.046349285686594695,0.0,0.0,0.0,0.0,81.0,0.0,0.31785714285714284,0.018447046506618183,0.3726190476190476,0.021001775591109904,0.7715914726257325,0.011681656733218563
synthetic_redundancy_hard,PU-G,0.4,0.0,85,10,89.0,0.0,410.4,24.21257708070103,499.4,24.21257708070103,0.19030953111941926,0.008561937076045661,0.10363,0.00784899215044694,,,,,,,,,1.0845327833027114,0.047470220675853304,0.0,0.0,0.0,0.0,86.0,0.0,0.31797752808988766,0.01895367929420224,0.3775280898876405,0.020663841534282728,0.7771465480327606,0.020439047717705723
synthetic_redundancy_hard,PU-G,0.4,0.0,90,10,94.0,0.0,414.3,26.267872222757422,508.3,26.267872222757422,0.19344766107969918,0.009223830613376805,0.10155,0.007403366351419687,,,,,,,,,1.1576652833085972,0.04758757169771469,0.0,0.0,0.0,0.0,91.0,0.0,0.3170212765957447,0.020047225567521372,0.3776595744680851,0.021172915231954866,0.7710349678993225,0.012041033787585732
synthetic_redundancy_hard,PU-G,0.4,0.0,95,10,99.0,0.0,402.0,26.571496842376877,501.0,26.571496842376877,0.19085717122070492,0.009389183706437139,0.10264,0.00936343004578035,,,,,,,,,1.2301389000960625,0.04855523050425425,0.0,0.0,0.0,0.0,96.0,0.0,0.31919191919191914,0.020766523831797,0.3868686868686869,0.020538720538720537,0.7784626960754395,0.019299090905441345
