method,dataset,seed,noise_rate,pretrain_fraction,step,n_cert,n_pretrain,compression_size,remaining_bad,effective_compression_size,certified_bound,test_error,pac_bayes_bound,pac_bayes_empirical_risk,pac_bayes_mc_upper,pac_bayes_kl,runtime_sec,stop_reached,hit_limit,train_calls,noise_hit_rate,duplicate_hit_rate,pairwise_feature_cosine
MaxLoss,mnist,0,0.0,0.0,0,1000,0,4,458,462,0.5163995292969048,0.44389999999999996,0.745139764607027,0.46285999999999994,0.6857177935501789,1.3795685736809613,0.7058223327621818,0,0,1,0.0,0.0,0.6923000812530518
MaxLoss,mnist,0,0.0,0.0,10,1000,0,14,456,470,0.5244615492410958,0.4476,0.7935277941592617,0.45438,0.6780693448926595,28.873673150359014,0.8146004201844335,0,0,11,0.0,0.0,0.7237535119056702
MaxLoss,mnist,0,0.0,0.0,20,1000,0,24,435,459,0.5133725987398066,0.43510000000000004,0.8030958211427022,0.42896,0.6547773047634884,52.64193795637969,0.9213268365710974,0,0,21,0.0,0.0,0.6030408143997192
MaxLoss,mnist,0,0.0,0.0,30,1000,0,34,328,362,0.4143987518036738,0.3267,0.7568333091600763,0.3263399999999999,0.5549224037754116,89.35002461470982,1.0277692573145032,0,0,31,0.0,0.0,0.6057181358337402
MaxLoss,mnist,0,0.0,0.0,40,1000,0,44,261,305,0.35517862695269287,0.27049999999999996,0.7131536201710204,0.24946,0.47320600336248736,118.62599257665227,1.1335419872775674,0,0,41,0.0,0.0,0.5742307305335999
MaxLoss,mnist,0,0.0,0.0,50,1000,0,54,243,297,0.34679810295347124,0.25070000000000003,0.7201659100094282,0.23399999999999999,0.45592635713301316,145.8215725051057,1.2392118219286203,0,0,51,0.0,0.0,0.5844973921775818
MaxLoss,mnist,0,0.0,0.0,60,1000,0,64,263,327,0.3781352913356386,0.2902,0.7636876958609606,0.26422,0.48941969899779403,168.08671951515487,1.3444636268541217,0,0,61,0.0,0.0,0.6193827986717224
MaxLoss,mnist,0,0.0,0.0,70,1000,0,74,110,184,0.22625036828685552,0.15839999999999999,0.6126099442288345,0.11318,0.30722449655226586,183.16200768955764,1.449754393659532,0,0,71,0.0,0.0,0.5689271688461304
MaxLoss,mnist,0,0.0,0.0,80,1000,0,84,161,245,0.2918662169831805,0.18689999999999996,0.6784829124888465,0.15432000000000004,0.3611391026775774,203.43258749174208,1.554663416929543,0,0,81,0.0,0.0,0.5928479433059692
MaxLoss,mnist,0,0.0,0.0,90,1000,0,94,210,304,0.3541320319636725,0.249,0.741897399286232,0.20406,0.4215223316478721,221.05410575851914,1.6596262715756893,0,0,91,0.0,0.0,0.6195681095123291
MaxLoss,mnist,0,0.0,0.0,100,1000,0,104,99,203,0.24684361089020967,0.14629999999999999,0.6245862588637183,0.09697999999999997,0.284661972607544,230.01424273319455,1.7647616686299443,0,0,101,0.0,0.0,0.5762940645217896
MaxLoss,mnist,0,0.0,0.0,110,1000,0,114,79,193,0.23602420464158058,0.12719999999999998,0.6133837689175865,0.08053999999999997,0.2607551814380925,248.62426211956094,1.8700233697891235,0,0,111,0.0,0.0,0.5897955894470215
MaxLoss,mnist,0,0.0,0.0,120,1000,0,124,61,185,0.2273381107370369,0.11809999999999998,0.5916004637021959,0.062320000000000014,0.23273891541389,259.1955307961367,1.975370087660849,0,0,121,0.0,0.0,0.585228681564331
MaxLoss,mnist,0,0.0,0.0,130,1000,0,134,25,159,0.19890321127604693,0.09999999999999998,0.5305829566703019,0.027020000000000027,0.17100421312565434,270.3438979534515,2.081091574393213,0,0,131,0.0,0.0,0.5831419825553894
MaxLoss,mnist,0,0.0,0.0,140,1000,0,144,26,170,0.2109735436970368,0.0998,0.5400580373689685,0.02724000000000002,0.17143810241121113,283.4674428026625,2.1863476438447833,0,0,141,0.0,0.0,0.5872160792350769
MaxLoss,mnist,0,0.0,0.0,150,1000,0,154,19,173,0.21425495366565883,0.09440000000000004,0.5338172453266808,0.021260000000000015,0.15928467715489333,295.6170867913098,2.291700316593051,0,0,151,0.0,0.0,0.587754487991333
MaxLoss,mnist,0,0.0,0.0,160,1000,0,164,11,175,0.21644014958292246,0.09030000000000005,0.5155674844053415,0.01174000000000001,0.1378217733445048,307.7032019898442,2.397103956900537,0,0,161,0.0,0.0,0.5879632830619812
MaxLoss,mnist,0,0.0,0.0,165,1000,0,169,0,169,0.20987876318395138,0.08579999999999999,0.4798234122589319,0.0015000000000000013,0.10778514478709018,312.93172812790505,2.4718678537756205,1,0,166,0.0,0.0,0.5919675230979919
PU-C,mnist,0,0.0,0.0,0,1000,0,4,495,499,0.5535672085243277,0.4831,0.7634711988705979,0.4859399999999999,0.7062292874382928,1.1290796661585434,0.05745612923055887,0,0,1,0.0,0.0,0.6863324046134949
PU-C,mnist,0,0.0,0.0,10,1000,0,14,424,438,0.4921277747489512,0.44489999999999996,0.7574380193342349,0.40656000000000003,0.6337926098521147,30.40250118510654,0.18126923497766256,0,0,11,0.0,0.0,0.6341921091079712
PU-C,mnist,0,0.0,0.0,20,1000,0,24,324,348,0.3999303614255041,0.35119999999999996,0.7315879584485403,0.32093999999999995,0.5493917435358964,68.6005443898645,0.30366278905421495,0,0,21,0.0,0.0,0.5708280205726624
PU-C,mnist,0,0.0,0.0,30,1000,0,34,336,370,0.42264481441816315,0.382,0.7743074177637116,0.3339399999999999,0.5626566709232704,102.16682619687285,0.4254564344882965,0,0,31,0.0,0.0,0.6122137904167175
PU-C,mnist,0,0.0,0.0,40,1000,0,44,267,311,0.36145244317594916,0.28879999999999995,0.7319318686190347,0.26854000000000006,0.4941149924039125,119.62480663489272,0.5478623704984784,0,0,41,0.0,0.0,0.5372434258460999
PU-C,mnist,0,0.0,0.0,50,1000,0,54,191,245,0.2918662169831805,0.21689999999999998,0.6719982604610922,0.19343999999999995,0.4089937034630945,137.40138758765698,0.6679189456626773,0,0,51,0.0,0.0,0.5583739876747131
PU-C,mnist,0,0.0,0.0,60,1000,0,64,164,228,0.27371984749333933,0.18030000000000002,0.6529215154912297,0.16432000000000002,0.3736487134835044,153.7249805711922,0.7878515226766467,0,0,61,0.0,0.0,0.5630427598953247
PU-C,mnist,0,0.0,0.0,70,1000,0,74,143,217,0.2619234274025075,0.17010000000000003,0.6412489872376784,0.14554000000000003,0.3499806151805846,166.9276476333791,0.9074884532019496,0,0,71,0.0,0.0,0.562722384929657
PU-C,mnist,0,0.0,0.0,80,1000,0,84,138,222,0.26729094103211537,0.16659999999999997,0.6420919934451176,0.1382,0.3405178284461453,179.58395463216922,1.0268442770466208,0,0,81,0.0,0.0,0.5710517764091492
PU-C,mnist,0,0.0,0.0,90,1000,0,94,126,220,0.26514505001250654,0.15549999999999997,0.6348199239825423,0.12382000000000001,0.3215922504132481,193.97673860601876,1.1466039083898067,0,0,91,0.0,0.0,0.5781461596488953
PU-C,mnist,0,0.0,0.0,100,1000,0,104,107,211,0.2554699764586985,0.13390000000000002,0.618572281868764,0.10557999999999997,0.29675001466897355,204.77262441390508,1.2664892384782434,0,0,101,0.0,0.0,0.5712441802024841
PU-C,mnist,0,0.0,0.0,110,1000,0,114,100,214,0.2586984192603268,0.12949999999999995,0.6148658706153833,0.09681999999999996,0.2844345517613224,216.5091863928312,1.3860053466632962,0,0,111,0.0,0.0,0.5761696696281433
PU-C,mnist,0,0.0,0.0,120,1000,0,124,113,237,0.2833391620661132,0.14359999999999995,0.6393119831874176,0.10841999999999999,0.30068599155173226,228.69165109174764,1.5057558985427022,0,0,121,0.0,0.0,0.5890445709228516
PU-C,mnist,0,0.0,0.0,130,1000,0,134,103,237,0.2833391620661132,0.12460000000000004,0.6379041900563537,0.10191999999999998,0.29163748460906314,239.58738828564003,1.6251121191307902,0,0,131,0.0,0.0,0.589599609375
PU-C,mnist,0,0.0,0.0,140,1000,0,144,86,230,0.2758599375956692,0.11240000000000006,0.6204219079961069,0.08405999999999997,0.2659711683579501,251.30301595127764,1.7450163504108787,0,0,141,0.0,0.0,0.583621621131897
PU-C,mnist,0,0.0,0.0,150,1000,0,154,78,232,0.27799860923551023,0.10940000000000005,0.6152355234010497,0.07589999999999997,0.25378969024827003,262.04185266517686,1.8648000732064247,0,0,151,0.0,0.0,0.5891847014427185
PU-C,mnist,0,0.0,0.0,160,1000,0,164,66,230,0.2758599375956692,0.10429999999999995,0.606386268465019,0.06579999999999998,0.23823639176974293,272.89410785893307,1.983695488423109,0,0,161,0.0,0.0,0.5830453634262085
PU-C,mnist,0,0.0,0.0,170,1000,0,174,38,212,0.2565465088118799,0.10509999999999997,0.564749577589105,0.03872000000000003,0.19299524724146253,283.5295173611039,2.10414959769696,0,0,171,0.0,0.0,0.5892302393913269
PU-C,mnist,0,0.0,0.0,180,1000,0,184,23,207,0.2511599550489336,0.0897,0.540460254868144,0.024640000000000026,0.1662494296659712,293.17641078416216,2.225271785631776,0,0,181,0.0,0.0,0.5771408081054688
PU-C,mnist,0,0.0,0.0,190,1000,0,194,20,214,0.2586984192603268,0.0857,0.5365483877924718,0.020600000000000018,0.1578921087285142,302.2718860327156,2.3472666572779417,0,0,191,0.0,0.0,0.5793900489807129
PU-C,mnist,0,0.0,0.0,200,1000,0,204,12,216,0.26084880327107385,0.0826,0.5219586784908039,0.013100000000000011,0.14110639580096804,311.1898121939961,2.469035201705992,0,0,201,0.0,0.0,0.5829719305038452
PU-C,mnist,0,0.0,0.0,210,1000,0,214,4,218,0.26299767539603636,0.07899999999999996,0.4971804698211734,0.003940000000000003,0.11637768647451592,321.69195414932125,2.5903370790183544,0,0,211,0.0,0.0,0.5784153342247009
PU-C,mnist,0,0.0,0.0,220,1000,0,224,0,224,0.26943536213366315,0.07779999999999998,0.48607646410611877,0.00040000000000000034,0.10293762757606324,332.42579145928056,2.7202867353335023,1,0,221,0.0,0.0,0.5748867988586426
PU-F,mnist,0,0.0,0.0,0,1000,0,4,493,497,0.551565914938692,0.46519999999999995,0.7509318099708415,0.47063999999999995,0.6926817596882343,1.1556630181441172,0.057826983742415905,0,0,1,0.0,0.0,0.6145005822181702
PU-F,mnist,0,0.0,0.0,10,1000,0,14,417,431,0.48502416105475277,0.43479999999999996,0.7583382485588384,0.40618000000000004,0.6334328477615531,31.225683327265823,0.24987053964287043,0,0,11,0.0,0.0,0.6520307064056396
PU-F,mnist,0,0.0,0.0,20,1000,0,24,317,341,0.39267783251125365,0.34030000000000005,0.7261301833576198,0.32266,0.5511565680551438,62.27916767724982,0.43915542867034674,0,0,21,0.0,0.0,0.596832275390625
PU-F,mnist,0,0.0,0.0,30,1000,0,34,331,365,0.4174928482971154,0.3428,0.7629396120585988,0.32494,0.5534913610282136,97.57126313695846,0.6106893718242645,0,0,31,0.0,0.0,0.6306745409965515
PU-F,mnist,0,0.0,0.0,40,1000,0,44,233,277,0.3257671970059164,0.23950000000000005,0.697286212301462,0.22665999999999997,0.447610575891055,126.330360787139,0.7717480603605509,0,0,41,0.0,0.0,0.622947633266449
PU-F,mnist,0,0.0,0.0,50,1000,0,54,212,266,0.31414983980357647,0.23140000000000005,0.6985130555446096,0.21504,0.4342910145876608,142.13922024560077,0.9336744714528322,0,0,51,0.0,0.0,0.6096494793891907
PU-F,mnist,0,0.0,0.0,60,1000,0,64,170,234,0.28013587463647127,0.1946,0.670018781512113,0.17388000000000006,0.3854225059600641,161.58049102070837,1.093577434308827,0,0,61,0.0,0.0,0.6230131983757019
PU-F,mnist,0,0.0,0.0,70,1000,0,74,202,276,0.3247125825146213,0.21699999999999997,0.7108663433363699,0.19697999999999993,0.41319005270398174,183.66433124557582,1.2450955379754305,0,0,71,0.0,0.0,0.6157466173171997
PU-F,mnist,0,0.0,0.0,80,1000,0,84,182,266,0.31414983980357647,0.2138,0.6989620998993367,0.17626000000000006,0.388326840821675,197.91476723516877,1.3955053547397256,0,0,81,0.0,0.0,0.6218684911727905
PU-F,mnist,0,0.0,0.0,90,1000,0,94,112,206,0.2500814668019302,0.15980000000000005,0.6340388388672934,0.11606,0.3111463898332637,206.7130262070553,1.5418819189071655,0,0,91,0.0,0.0,0.6280276775360107
PU-F,mnist,0,0.0,0.0,100,1000,0,104,90,194,0.23710802366258577,0.1402,0.6117328586585775,0.09169999999999998,0.27710539035259407,222.39090638930077,1.6839642953127623,0,0,101,0.0,0.0,0.6280184984207153
PU-F,mnist,0,0.0,0.0,110,1000,0,114,70,184,0.22625036828685552,0.12780000000000002,0.588070981468476,0.06965999999999997,0.24424792517209024,236.52620771334506,1.8174402164295316,0,0,111,0.0,0.0,0.6153302192687988
PU-F,mnist,0,0.0,0.0,120,1000,0,124,53,177,0.2186234460095875,0.10740000000000005,0.5657712308564192,0.05112000000000003,0.2144764049320341,250.10246043783368,1.9487092047929764,0,0,121,0.0,0.0,0.6125321388244629
PU-F,mnist,0,0.0,0.0,130,1000,0,134,41,175,0.21644014958292246,0.10250000000000004,0.5572720569589877,0.04222000000000003,0.19921818233783303,262.143983047336,2.0780325857922435,0,0,131,0.0,0.0,0.6099335551261902
PU-F,mnist,0,0.0,0.0,140,1000,0,144,40,184,0.22625036828685552,0.1049,0.562598786370258,0.040240000000000026,0.19571492632523663,275.7360555500632,2.2085045613348484,0,0,141,0.0,0.0,0.5999305248260498
PU-F,mnist,0,0.0,0.0,150,1000,0,154,44,198,0.24143908743280917,0.13870000000000005,0.5760858370482247,0.04350000000000005,0.20146028940127397,286.5116504101047,2.3359590070322156,0,0,151,0.0,0.0,0.6188257336616516
PU-F,mnist,0,0.0,0.0,160,1000,0,164,49,213,0.2576226557721384,0.10850000000000004,0.5856415237114373,0.045220000000000045,0.20444650179147578,296.28556390438115,2.462521663866937,0,0,161,0.0,0.0,0.6048921942710876
PU-F,mnist,0,0.0,0.0,170,1000,0,174,29,203,0.24684361089020967,0.09709999999999996,0.5643373671657492,0.03072000000000003,0.17818604205880292,308.6442504921326,2.5904918797314167,0,0,171,0.0,0.0,0.5920466780662537
PU-F,mnist,0,0.0,0.0,180,1000,0,184,2,186,0.22842540696728975,0.08450000000000002,0.4880243741842488,0.002480000000000002,0.11145831180454085,317.765512648871,2.71270851790905,0,0,181,0.0,0.0,0.5889262557029724
PU-F,mnist,0,0.0,0.0,190,1000,0,194,4,198,0.24143908743280917,0.08740000000000003,0.5038386188767429,0.004500000000000004,0.11814463757807021,328.32858439404356,2.831751269288361,0,0,191,0.0,0.0,0.5940811634063721
PU-F,mnist,0,0.0,0.0,194,1000,0,198,0,198,0.24143908743280917,0.0837,0.4899119325264926,0.0010000000000000009,0.10572182718557993,332.46292475326317,2.9055301742628217,1,0,195,0.0,0.0,0.5906401872634888
PU-G,mnist,0,0.0,0.0,0,1000,0,4,474,478,0.5325093429419212,0.4547,0.7508630456134917,0.47113999999999995,0.6931275810342109,1.0052023657436406,0.05626447405666113,0,0,1,0.0,0.0,0.6937195658683777
PU-G,mnist,0,0.0,0.0,10,1000,0,14,456,470,0.5244615492410958,0.4385,0.8150718562167044,0.4557199999999999,0.6792819716926051,45.293985820056925,0.25239385198801756,0,0,11,0.0,0.0,0.5520064234733582
PU-G,mnist,0,0.0,0.0,20,1000,0,24,346,370,0.42264481441816315,0.35319999999999996,0.7624276567218563,0.34735999999999995,0.5761747893219994,76.44677054071732,0.4434831961989403,0,0,21,0.0,0.0,0.6206192970275879
PU-G,mnist,0,0.0,0.0,30,1000,0,34,386,420,0.4738389343256131,0.3842,0.8126576545004927,0.389,0.6170343752006928,96.401754529976,0.6259664818644524,0,0,31,0.0,0.0,0.6212175488471985
PU-G,mnist,0,0.0,0.0,40,1000,0,44,381,425,0.47892653348390013,0.3761,0.8191637524962512,0.37427999999999995,0.602773352468772,120.18786405776088,0.8017335245385766,0,0,41,0.0,0.0,0.6761044263839722
PU-G,mnist,0,0.0,0.0,50,1000,0,54,385,439,0.49314167525153607,0.37749999999999995,0.8383011111732178,0.3813,0.6095989935961985,142.4114489113897,0.9751858217641711,0,0,51,0.0,0.0,0.6548033952713013
PU-G,mnist,0,0.0,0.0,60,1000,0,64,371,435,0.4890847221831791,0.3782,0.840340646753468,0.36727999999999994,0.5959221309828243,162.89632657132907,1.1482452554628253,0,0,61,0.0,0.0,0.6403952240943909
PU-G,mnist,0,0.0,0.0,70,1000,0,74,290,364,0.41646172665059566,0.3083,0.7895470893589539,0.28606000000000004,0.5129336465692702,179.98172525029813,1.3190580187365413,0,0,71,0.0,0.0,0.6239304542541504
PU-G,mnist,0,0.0,0.0,80,1000,0,84,251,335,0.38645148754585534,0.27349999999999997,0.7693632799167015,0.25296,0.477075161682348,192.57458163473441,1.4864288186654449,0,0,81,0.0,0.0,0.6174358129501343
PU-G,mnist,0,0.0,0.0,90,1000,0,94,225,319,0.3698023773613386,0.2572,0.7531836452288008,0.22496,0.4456739415950219,207.15581274008898,1.6486477870494127,0,0,91,0.0,0.0,0.6186019778251648
PU-G,mnist,0,0.0,0.0,100,1000,0,104,206,310,0.3604074886534363,0.23650000000000004,0.7371081291369707,0.20334,0.4206785958720506,214.2867717922544,1.8065151972696185,0,0,101,0.0,0.0,0.6198316216468811
PU-G,mnist,0,0.0,0.0,110,1000,0,114,201,315,0.36562955763656646,0.24470000000000003,0.740769642443866,0.19851999999999992,0.41500923361980646,228.16050210758263,1.9628519276157022,0,0,111,0.0,0.0,0.6107521653175354
PU-G,mnist,0,0.0,0.0,120,1000,0,124,185,309,0.3593622624175623,0.23299999999999998,0.7336921949034922,0.18436,0.39813466747656945,239.87064029927888,2.1198699213564396,0,0,121,0.0,0.0,0.6074687838554382
PU-G,mnist,0,0.0,0.0,130,1000,0,134,167,301,0.3509905891260132,0.21599999999999997,0.7217051265559529,0.16620000000000004,0.3759779842359493,251.23109237794287,2.2709361827000976,0,0,131,0.0,0.0,0.6060717105865479
PU-G,mnist,0,0.0,0.0,140,1000,0,144,135,279,0.3278755331411958,0.18779999999999997,0.6940896017214362,0.13664,0.3384901149114564,259.6067713917358,2.4192579491063952,0,0,141,0.0,0.0,0.6084862947463989
PU-G,mnist,0,0.0,0.0,150,1000,0,154,120,274,0.32260245591169223,0.1733,0.6823979997251021,0.12151999999999999,0.31851413472094203,270.1083611306068,2.5647432850673795,0,0,151,0.0,0.0,0.6012421250343323
PU-G,mnist,0,0.0,0.0,160,1000,0,164,105,269,0.3173218587762676,0.1642,0.6685152247698355,0.10617999999999997,0.29758378739363417,279.1225681603416,2.7066483544185758,0,0,161,0.0,0.0,0.6064725518226624
PU-G,mnist,0,0.0,0.0,170,1000,0,174,105,279,0.3278755331411958,0.15490000000000004,0.6738562861589565,0.10496,0.2958871785234251,290.859551654731,2.846962785348296,0,0,171,0.0,0.0,0.5999008417129517
PU-G,mnist,0,0.0,0.0,180,1000,0,184,94,278,0.3268215135904029,0.14390000000000003,0.6619409218597785,0.09243999999999997,0.27817100639802733,298.89900657225934,2.985164108686149,0,0,181,0.0,0.0,0.5994376540184021
PU-G,mnist,0,0.0,0.0,190,1000,0,194,73,267,0.31520748691400513,0.12409999999999999,0.6382081869335133,0.07237999999999994,0.24843290222293132,307.5705271892151,3.122150373645127,0,0,191,0.0,0.0,0.6039890646934509
PU-G,mnist,0,0.0,0.0,200,1000,0,204,63,267,0.31520748691400513,0.11909999999999998,0.6278361237005909,0.06258,0.2331523147807379,315.93839558408894,3.2560783671215177,0,0,201,0.0,0.0,0.6003673672676086
PU-G,mnist,0,0.0,0.0,210,1000,0,214,54,268,0.3162648262223229,0.11160000000000003,0.6189400590302826,0.054100000000000044,0.219427894346595,324.6823635610053,3.3887949073687196,0,0,211,0.0,0.0,0.6120721101760864
PU-G,mnist,0,0.0,0.0,220,1000,0,224,47,271,0.319435007753782,0.1099,0.6119738361676975,0.047300000000000036,0.20801889605306187,333.08618206296535,3.520723764784634,0,0,221,0.0,0.0,0.6015320420265198
PU-G,mnist,0,0.0,0.0,230,1000,0,234,44,278,0.3268215135904029,0.09770000000000001,0.609238285565018,0.04330000000000003,0.20111109548200806,340.90326877212465,3.6521246787160635,0,0,231,0.0,0.0,0.6097221970558167
PU-G,mnist,0,0.0,0.0,240,1000,0,244,36,280,0.3289292565896176,0.09519999999999995,0.6003441170985682,0.036300000000000034,0.18860730162552203,348.7105904283446,3.7831836827099323,0,0,241,0.0,0.0,0.6004452705383301
PU-G,mnist,0,0.0,0.0,250,1000,0,254,29,283,0.33208865963388234,0.09089999999999998,0.5911446691997478,0.029660000000000023,0.17615274281239665,356.4377722850208,3.913046876899898,0,0,251,0.0,0.0,0.607159435749054
PU-G,mnist,0,0.0,0.0,260,1000,0,264,27,291,0.3405009273556061,0.09260000000000002,0.5891817713479246,0.026640000000000025,0.17025259584732128,364.42814221503085,4.042808648198843,0,0,261,0.0,0.0,0.5978221893310547
PU-G,mnist,0,0.0,0.0,270,1000,0,274,18,292,0.34155116631882265,0.08940000000000003,0.5723441162288014,0.017880000000000017,0.1520245926925333,371.4288090381846,4.171729044988751,0,0,271,0.0,0.0,0.6129302978515625
PU-G,mnist,0,0.0,0.0,280,1000,0,284,10,294,0.3436507902224548,0.0867,0.5552622250240588,0.01046000000000001,0.13464016459462463,377.77363655694285,4.299243081361055,0,0,281,0.0,0.0,0.6063686609268188
PU-G,mnist,0,0.0,0.0,290,1000,0,294,5,299,0.34889490506611764,0.07979999999999998,0.539876096062583,0.0050200000000000045,0.11973899647940661,383.21585769464144,4.425844399258494,0,0,291,0.0,0.0,0.598589301109314
PU-G,mnist,0,0.0,0.0,296,1000,0,300,4,304,0.3541320319636725,0.08499999999999996,0.5396610810841673,0.004660000000000004,0.11863968310583312,385.22584697219605,4.518855572678149,0,1,297,0.0,0.0,0.610392689704895
GREATS,mnist,0,0.0,0.0,0,1000,0,4,442,446,,0.43489999999999995,0.7461777993650109,0.465,0.6876383921970924,1.1435809734455185,0.05619311332702637,0,0,1,0.0,0.0,0.6747267246246338
GREATS,mnist,0,0.0,0.0,10,1000,0,14,416,430,,0.39080000000000004,0.7615380174999576,0.40498000000000006,0.6322959236918692,34.14562429475916,0.19143827818334103,0,0,11,0.0,0.0,0.6271558403968811
GREATS,mnist,0,0.0,0.0,20,1000,0,24,375,399,,0.3941,0.7767350636543099,0.35903999999999997,0.5877989504519074,81.41450161214183,0.3239443339407444,0,0,21,0.0,0.0,0.6522846817970276
GREATS,mnist,0,0.0,0.0,30,1000,0,34,231,265,,0.24780000000000002,0.6945574642103922,0.2311,0.4526496615273978,117.98015064663628,0.4553874311968684,0,0,31,0.0,0.0,0.6436921954154968
GREATS,mnist,0,0.0,0.0,40,1000,0,44,214,258,,0.24139999999999995,0.6982375094992747,0.21572,0.4350758476070319,140.92913329875788,0.5857922034338117,0,0,41,0.0,0.0,0.6565650105476379
GREATS,mnist,0,0.0,0.0,50,1000,0,54,205,259,,0.25960000000000005,0.7038314164997118,0.20245999999999997,0.419646262607957,165.89943509258995,0.7140533113852143,0,0,51,0.0,0.0,0.6519948840141296
GREATS,mnist,0,0.0,0.0,60,1000,0,64,161,225,,0.21220000000000006,0.6707325733744633,0.16136000000000003,0.3699671367841581,181.21568459373387,0.8425120832398534,0,0,61,0.0,0.0,0.6346749067306519
GREATS,mnist,0,0.0,0.0,70,1000,0,74,185,259,,0.21440000000000003,0.697568018811898,0.17216,0.3833170391951352,202.38002362146977,0.9691620329394937,0,0,71,0.0,0.0,0.6530175805091858
GREATS,mnist,0,0.0,0.0,80,1000,0,84,133,217,,0.18120000000000003,0.658927067175601,0.12764,0.32667243926489714,221.24329054417956,1.0960619524121284,0,0,81,0.0,0.0,0.6382785439491272
GREATS,mnist,0,0.0,0.0,90,1000,0,94,85,179,,0.1492,0.6118284647016035,0.08827999999999996,0.2721516680501705,229.59102635256224,1.2220099298283458,0,0,91,0.0,0.0,0.6321350932121277
GREATS,mnist,0,0.0,0.0,100,1000,0,104,66,170,,0.14339999999999997,0.5935041673798483,0.06997999999999999,0.24474241351113574,243.56933774822554,1.3475579908117652,0,0,101,0.0,0.0,0.6401084661483765
GREATS,mnist,0,0.0,0.0,110,1000,0,114,82,196,,0.14939999999999998,0.6188258000890725,0.07869999999999995,0.25800558160480513,261.0178207043285,1.4735533921048045,0,0,111,0.0,0.0,0.6378272771835327
GREATS,mnist,0,0.0,0.0,120,1000,0,124,71,195,,0.12139999999999995,0.6184373234116205,0.07347999999999995,0.2501138982299006,272.7352952103882,1.6010380433872342,0,0,121,0.0,0.0,0.639348566532135
GREATS,mnist,0,0.0,0.0,130,1000,0,134,53,187,,0.11680000000000001,0.6005499198990066,0.05810000000000002,0.22596559697861748,283.67261476372613,1.7272609621286392,0,0,131,0.0,0.0,0.6317440271377563
GREATS,mnist,0,0.0,0.0,140,1000,0,144,39,183,,0.11670000000000003,0.5810754794773663,0.04346000000000003,0.20139048384461072,294.3481410918097,1.853141681291163,0,0,141,0.0,0.0,0.6291261911392212
GREATS,mnist,0,0.0,0.0,150,1000,0,154,28,182,,0.11140000000000005,0.5564832740563067,0.02820000000000003,0.1733209020823828,305.080496224789,1.978903123177588,0,0,151,0.0,0.0,0.6225400567054749
GREATS,mnist,0,0.0,0.0,160,1000,0,164,29,193,,0.10729999999999995,0.5618998368318707,0.02766000000000002,0.17226391592365262,315.4780768636656,2.104691358283162,0,0,161,0.0,0.0,0.6176264882087708
GREATS,mnist,0,0.0,0.0,170,1000,0,174,26,200,,0.09819999999999995,0.563838102213219,0.025820000000000023,0.168621097118239,325.2552290477172,2.2300397949293256,0,0,171,0.0,0.0,0.618194043636322
GREATS,mnist,0,0.0,0.0,180,1000,0,184,14,198,,0.09019999999999995,0.5439797620000171,0.015480000000000015,0.14665199620710528,334.99552540635875,2.3562296452000737,0,0,181,0.0,0.0,0.6138070225715637
GREATS,mnist,0,0.0,0.0,190,1000,0,194,24,218,,0.10040000000000004,0.5710231744272024,0.02408000000000002,0.16511359544047094,343.5730876517636,2.4809070844203234,0,0,191,0.0,0.0,0.6206058859825134
GREATS,mnist,0,0.0,0.0,200,1000,0,204,3,207,,0.08330000000000004,0.5141724478461355,0.003480000000000003,0.11488179350582434,351.28601608078975,2.6049884017556906,0,0,201,0.0,0.0,0.6124498844146729
GREATS,mnist,0,0.0,0.0,210,1000,0,214,2,216,,0.08150000000000002,0.5110245658236565,0.0017200000000000015,0.10864581173165895,359.4770471867462,2.728852815926075,0,0,211,0.0,0.0,0.6080790758132935
GREATS,mnist,0,0.0,0.0,213,1000,0,217,0,217,,0.08109999999999995,0.5056128825933698,0.0005000000000000004,0.10343714009526457,362.04441238440825,2.7966798674315214,1,0,214,0.0,0.0,0.6082536578178406
MaxLoss,mnist,0,0.4,0.0,0,1000,0,4,508,512,0.5665539457695559,0.44389999999999996,0.7714868503448283,0.49544,0.7145429219850169,1.2254819905876135,0.05917091574519873,0,0,1,0.0,0.0,0.6923000812530518
MaxLoss,mnist,0,0.4,0.0,10,1000,0,14,510,524,0.5785082851652987,0.48040000000000005,0.822726922685005,0.51008,0.7272076016348814,20.333074100062817,0.16366406716406345,0,0,11,0.5,0.0,0.7599294185638428
MaxLoss,mnist,0,0.4,0.0,20,1000,0,24,495,519,0.5735312176402658,0.49460000000000004,0.8444945084818655,0.49402,0.7133050290307437,47.45607286200141,0.26792222633957863,0,0,21,0.375,0.0,0.6568120121955872
MaxLoss,mnist,0,0.4,0.0,30,1000,0,34,480,514,0.5685485669528134,0.45289999999999997,0.8691372042581941,0.48035999999999995,0.7013110637749557,88.52867344583807,0.37133867386728525,0,0,31,0.38235294117647056,0.0,0.6283685564994812
MaxLoss,mnist,0,0.4,0.0,40,1000,0,44,483,527,0.5814918410615064,0.5165,0.8874851285696649,0.48583999999999994,0.7061413756737752,113.2015969528594,0.47446655575186014,0,0,41,0.45454545454545453,0.0,0.5958760380744934
MaxLoss,mnist,0,0.4,0.0,50,1000,0,54,459,513,0.5675513677997515,0.4898,0.8860934442435664,0.45608,0.6796074940907407,143.53575044238346,0.5775287142023444,0,0,51,0.42592592592592593,0.0,0.6135295629501343
MaxLoss,mnist,0,0.4,0.0,60,1000,0,64,455,519,0.5735312176402658,0.47950000000000004,0.8961486066351928,0.4554199999999999,0.679010619593435,166.31536603038768,0.6801066100597382,0,0,61,0.40625,0.0,0.5927233099937439
MaxLoss,mnist,0,0.4,0.0,70,1000,0,74,442,516,0.5705422965111211,0.49629999999999996,0.9025777053329384,0.44965999999999995,0.6737859328912207,189.75370244580884,0.7831357698887587,0,0,71,0.43243243243243246,0.0,0.5762048959732056
MaxLoss,mnist,0,0.4,0.0,80,1000,0,84,440,524,0.5785082851652987,0.4215,0.9050843312393606,0.4391,0.6641343846292966,211.36289118488213,0.8856443772092462,0,0,81,0.40476190476190477,0.0,0.6061969995498657
MaxLoss,mnist,0,0.4,0.0,90,1000,0,94,449,543,0.5973699957830831,0.47240000000000004,0.9131293442881575,0.44107999999999997,0.6659512641716148,232.20477880355224,0.9885919066146016,0,0,91,0.425531914893617,0.0,0.58510822057724
MaxLoss,mnist,0,0.4,0.0,100,1000,0,104,431,535,0.5894381209509447,0.4676,0.9123314372413086,0.4303,0.6560188893181492,246.3667304881268,1.0920263836160302,0,0,101,0.4326923076923077,0.0,0.5890988111495972
MaxLoss,mnist,0,0.4,0.0,110,1000,0,114,396,510,0.5645584334270097,0.4253,0.9028357653366138,0.40140000000000015,0.6288965645313034,262.41560955100186,1.1957067558541894,0,0,111,0.4473684210526316,0.0,0.586987316608429
MaxLoss,mnist,0,0.4,0.0,120,1000,0,124,381,505,0.5595657574012876,0.4203,0.8969430909206116,0.3830800000000001,0.6113225832133216,274.0962568844881,1.2993406606838107,0,0,121,0.4274193548387097,0.0,0.5668702125549316
MaxLoss,mnist,0,0.4,0.0,130,1000,0,134,382,516,0.5705422965111211,0.4988,0.9021236125364738,0.38394000000000006,0.6121543004553704,289.15283844926626,1.4023996759206057,0,0,131,0.44776119402985076,0.0,0.5777013301849365
MaxLoss,mnist,0,0.4,0.0,140,1000,0,144,372,516,0.5705422965111211,0.4799,0.8999260771411532,0.37172,0.6002730041479059,303.00417095855494,1.5052185114473104,0,0,141,0.4583333333333333,0.0,0.5816278457641602
MaxLoss,mnist,0,0.4,0.0,150,1000,0,154,365,519,0.5735312176402658,0.43300000000000005,0.8984247319515618,0.35958000000000007,0.5883332417976737,319.5223057714799,1.6080389684066176,0,0,151,0.45454545454545453,0.0,0.6083267331123352
MaxLoss,mnist,0,0.4,0.0,160,1000,0,164,372,536,0.5904303944553249,0.499,0.9091562550562224,0.37444000000000005,0.6029294243276624,330.53572321375657,1.711713750846684,0,0,161,0.4695121951219512,0.0,0.5779032111167908
MaxLoss,mnist,0,0.4,0.0,170,1000,0,174,355,529,0.5834797579445876,0.47940000000000005,0.9021101908933938,0.35401999999999995,0.5828188474319457,342.6685527741745,1.8151268167421222,0,0,171,0.47126436781609193,0.0,0.5810758471488953
MaxLoss,mnist,0,0.4,0.0,180,1000,0,184,337,521,0.5755227152258158,0.47040000000000004,0.896217834942116,0.33577999999999997,0.5645205499171018,356.1197439557495,1.9185544680804014,0,0,181,0.47282608695652173,0.0,0.593325674533844
MaxLoss,mnist,0,0.4,0.0,190,1000,0,194,338,532,0.5864599505439401,0.4769,0.9015246860672586,0.33864,0.5674110486742497,370.01120000829366,2.0217849472537637,0,0,191,0.4742268041237113,0.0,0.5913022756576538
MaxLoss,mnist,0,0.4,0.0,200,1000,0,204,322,526,0.5804975463543087,0.48040000000000005,0.8976450904669385,0.32419999999999993,0.5527341538638797,384.0671115096246,2.1249757977202535,0,0,201,0.46078431372549017,0.0,0.5898356437683105
MaxLoss,mnist,0,0.4,0.0,210,1000,0,214,300,514,0.5685485669528134,0.4598,0.8893500927811839,0.30390000000000006,0.5317427319276774,394.53847468739,2.2281609689816833,0,0,211,0.45794392523364486,0.0,0.5785739421844482
MaxLoss,mnist,0,0.4,0.0,220,1000,0,224,311,535,0.5894381209509447,0.4767,0.8972663824706404,0.31208,0.5402528093188423,407.37023152200527,2.3314001131802797,0,0,221,0.45535714285714285,0.0,0.597655713558197
MaxLoss,mnist,0,0.4,0.0,230,1000,0,234,305,539,0.5934058632701635,0.4757,0.8983502835140132,0.30784,0.5358505104988149,420.5157431651983,2.435600407421589,0,0,231,0.452991452991453,0.0,0.6020092368125916
MaxLoss,mnist,0,0.4,0.0,240,1000,0,244,302,546,0.6003407204407267,0.46020000000000005,0.8993084165704113,0.30418,0.5320351984066408,432.17534048617017,2.5396777344867587,0,0,241,0.45901639344262296,0.0,0.5949352979660034
MaxLoss,mnist,0,0.4,0.0,250,1000,0,254,287,541,0.5953883813344873,0.47430000000000005,0.8910773390386095,0.28354000000000007,0.5102484619747647,444.24393516079033,2.6442595152184367,0,0,251,0.4566929133858268,0.0,0.5690465569496155
MaxLoss,mnist,0,0.4,0.0,260,1000,0,264,260,524,0.5785082851652987,0.44789999999999996,0.8809357079521797,0.261,0.4859053897714098,455.38974317216844,2.748734535649419,0,0,261,0.45454545454545453,0.0,0.5716471672058105
MaxLoss,mnist,0,0.4,0.0,270,1000,0,274,253,527,0.5814918410615064,0.43700000000000006,0.881871697614562,0.25706,0.48158810434507704,467.8908333786006,2.8531667701900005,0,0,271,0.45255474452554745,0.0,0.5849743485450745
MaxLoss,mnist,0,0.4,0.0,280,1000,0,284,237,521,0.5755227152258158,0.42900000000000005,0.8744551567782191,0.24026,0.4629609308854751,478.6134906390234,2.9575515491887927,0,0,281,0.45422535211267606,0.0,0.5888604521751404
MaxLoss,mnist,0,0.4,0.0,290,1000,0,294,232,526,0.5804975463543087,0.4355,0.8748608670574203,0.23636,0.4585845139014707,489.3357180015722,3.0621798001229763,0,0,291,0.4557823129251701,0.0,0.5921214818954468
MaxLoss,mnist,0,0.4,0.0,296,1000,0,300,239,539,0.5934058632701635,0.4536,0.8775433830707545,0.23802,0.4604497651613316,495.6878016097816,3.142596666701138,0,1,297,0.46,0.0,0.5787522792816162
PU-C,mnist,0,0.4,0.0,0,1000,0,4,513,517,0.5715388267417438,0.4831,0.7776759418487246,0.50514,0.7229540722049485,0.7139890329564593,0.05630688928067684,0,0,1,0.0,0.0,0.6863324046134949
PU-C,mnist,0,0.4,0.0,10,1000,0,14,481,495,0.5495637331041507,0.5121,0.8098468077207028,0.4833999999999999,0.7039937456044674,24.88593354297406,0.18048110138624907,0,0,11,0.5,0.0,0.6776719689369202
PU-C,mnist,0,0.4,0.0,20,1000,0,24,473,497,0.551565914938692,0.5097,0.842698753321072,0.47474000000000005,0.6963313208296981,59.39723437661214,0.30486718099564314,0,0,21,0.4166666666666667,0.0,0.6304527521133423
PU-C,mnist,0,0.4,0.0,30,1000,0,34,464,498,0.5525666727917269,0.4576,0.8621331895575789,0.46401999999999993,0.6867593427906089,93.38524496006033,0.4295914312824607,0,0,31,0.38235294117647056,0.0,0.5747963786125183
PU-C,mnist,0,0.4,0.0,40,1000,0,44,444,488,0.5425491044879891,0.42689999999999995,0.8672258836672131,0.44598,0.6704332541862373,119.5664707947345,0.5546340215951204,0,0,41,0.38636363636363635,0.0,0.57051020860672
PU-C,mnist,0,0.4,0.0,50,1000,0,54,435,489,0.5435518600861542,0.4102,0.873475571521355,0.43808,0.663197113377318,139.60189626485132,0.6802339246496558,0,0,51,0.3888888888888889,0.0,0.5739063024520874
PU-C,mnist,0,0.4,0.0,60,1000,0,64,431,495,0.5495637331041507,0.3719,0.8759266385529618,0.42846000000000006,0.6543136319918923,155.85080910533847,0.8061904860660434,0,0,61,0.40625,0.0,0.5750707983970642
PU-C,mnist,0,0.4,0.0,70,1000,0,74,429,503,0.5575671300757676,0.41990000000000005,0.881612149631423,0.42864,0.6544805789289456,167.6039492616542,0.9330962644889951,0,0,71,0.4189189189189189,0.0,0.5736744999885559
PU-C,mnist,0,0.4,0.0,80,1000,0,84,428,512,0.5665539457695559,0.41690000000000005,0.8851246173660037,0.42554000000000003,0.6516014899426424,179.46592394613702,1.0597265027463436,0,0,81,0.4523809523809524,0.0,0.5756738781929016
PU-C,mnist,0,0.4,0.0,90,1000,0,94,433,527,0.5814918410615064,0.4423,0.8961939874175905,0.43496000000000007,0.6603246573742694,193.49443167660934,1.1867892416194081,0,0,91,0.46808510638297873,0.0,0.580895185470581
PU-C,mnist,0,0.4,0.0,100,1000,0,104,432,536,0.5904303944553249,0.47,0.8990405523322987,0.43158,0.6572034421238361,205.6168014311906,1.3151196651160717,0,0,101,0.4423076923076923,0.0,0.5797459483146667
PU-C,mnist,0,0.4,0.0,110,1000,0,114,429,543,0.5973699957830831,0.48929999999999996,0.8995194686436486,0.42475999999999997,0.6508757714312443,216.7365806942239,1.4440167108550668,0,0,111,0.45614035087719296,0.0,0.5782656073570251
PU-C,mnist,0,0.4,0.0,120,1000,0,124,420,544,0.5983604637440294,0.44889999999999997,0.8987027690203634,0.41558,0.6422951101557505,228.04886258484572,1.5736764008179307,0,0,121,0.43548387096774194,0.0,0.5846498608589172
PU-C,mnist,0,0.4,0.0,130,1000,0,134,404,538,0.5924142657895572,0.4377,0.8962091896109451,0.40422,0.631575216538146,238.21882198058412,1.703762037679553,0,0,131,0.41044776119402987,0.0,0.574039101600647
PU-C,mnist,0,0.4,0.0,140,1000,0,144,401,545,0.5993507053353824,0.4145,0.897725750121656,0.4003,0.6278497964308625,248.68824255685564,1.833495988510549,0,0,141,0.4027777777777778,0.0,0.5804321765899658
PU-C,mnist,0,0.4,0.0,150,1000,0,154,387,541,0.5953883813344873,0.41459999999999997,0.8935060979189718,0.3867600000000001,0.6148768714391464,257.7682425393305,1.9633043799549341,0,0,151,0.4025974025974026,0.0,0.5852838158607483
PU-C,mnist,0,0.4,0.0,160,1000,0,164,383,547,0.6013305088272318,0.42210000000000003,0.8961234681502063,0.38542000000000004,0.6135840623713135,267.73790194125314,2.0941468877717853,0,0,161,0.40853658536585363,0.0,0.5898969173431396
PU-C,mnist,0,0.4,0.0,170,1000,0,174,376,550,0.6042985122767277,0.4172,0.8940309232476591,0.37473999999999996,0.6032219957727984,278.997880469685,2.2250488717108965,0,0,171,0.41379310344827586,0.0,0.5833086967468262
PU-C,mnist,0,0.4,0.0,180,1000,0,184,370,554,0.6082526663085446,0.41269999999999996,0.8944136799277015,0.36961999999999995,0.5982174303753015,288.82416993889126,2.3560919389128685,0,0,181,0.4076086956521739,0.0,0.5775680541992188
PU-C,mnist,0,0.4,0.0,190,1000,0,194,359,553,0.6072644694359042,0.3982,0.8922654841903926,0.36032,0.5890649734949976,298.05022494869223,2.487494452856481,0,0,191,0.4072164948453608,0.0,0.573440670967102
PU-C,mnist,0,0.4,0.0,200,1000,0,204,352,556,0.610228375531733,0.4075,0.8905211219323842,0.3520399999999999,0.5808480124564644,307.00629726635054,2.619803478009999,0,0,201,0.4166666666666667,0.0,0.5777753591537476
PU-C,mnist,0,0.4,0.0,210,1000,0,214,341,555,0.6092406350653619,0.37260000000000004,0.8886855046424696,0.3435399999999999,0.572344708341669,316.27383001736564,2.752856927923858,0,0,211,0.397196261682243,0.0,0.5815879106521606
PU-C,mnist,0,0.4,0.0,220,1000,0,224,340,564,0.6181220580474474,0.3718,0.8901368545813104,0.3414399999999999,0.5702331467818942,324.76385862089563,2.8869090788066387,0,0,221,0.39732142857142855,0.0,0.5747278332710266
PU-C,mnist,0,0.4,0.0,230,1000,0,234,336,570,0.624032661144156,0.38880000000000003,0.8906212942959247,0.3377800000000001,0.5665427221688634,333.0761520391775,3.020478315651417,0,0,231,0.405982905982906,0.0,0.5793381929397583
PU-C,mnist,0,0.4,0.0,240,1000,0,244,337,581,0.6348470857483335,0.3972,0.8927971897551918,0.33738,0.5661386022117133,341.15220817907715,3.155439278110862,0,0,241,0.4098360655737705,0.0,0.5766406059265137
PU-C,mnist,0,0.4,0.0,250,1000,0,254,331,585,0.6387725943350233,0.3762,0.8917700632902746,0.33181999999999995,0.5605050049160281,348.1131379296016,3.28995191026479,0,0,251,0.4094488188976378,0.0,0.5791462063789368
PU-C,mnist,0,0.4,0.0,260,1000,0,264,323,587,0.640733937441837,0.3699,0.8891512336753233,0.32303999999999994,0.5515460658054332,355.8909500767573,3.4252458326518536,0,0,261,0.4128787878787879,0.0,0.5792494416236877
PU-C,mnist,0,0.4,0.0,270,1000,0,274,313,587,0.640733937441837,0.3577,0.8858862207323754,0.31334,0.541557421794775,363.5069550392792,3.560469307936728,0,0,271,0.4051094890510949,0.0,0.5779385566711426
PU-C,mnist,0,0.4,0.0,280,1000,0,284,302,586,0.6397533837007359,0.3497,0.8822034599202278,0.30304000000000003,0.5308439202054168,371.2186480951988,3.6955342749133706,0,0,281,0.4014084507042254,0.0,0.5771039128303528
PU-C,mnist,0,0.4,0.0,290,1000,0,294,298,592,0.6456331607187167,0.35929999999999995,0.8813903018496871,0.29796000000000006,0.5255185085030238,378.5607084403588,3.8309616073966026,0,0,291,0.4013605442176871,0.0,0.5702171325683594
PU-C,mnist,0,0.4,0.0,296,1000,0,300,294,594,0.6475911899469793,0.361,0.8805006166148701,0.29442,0.5217910163584384,382.6371748804829,3.930364780128002,0,1,297,0.4,0.0,0.5749120116233826
PU-F,mnist,0,0.4,0.0,0,1000,0,4,499,503,0.5575671300757676,0.46519999999999995,0.7727445020181928,0.49761999999999995,0.7164400833926078,1.0646879748491358,0.05612124316394329,0,0,1,0.0,0.0,0.6145005822181702
PU-F,mnist,0,0.4,0.0,10,1000,0,14,513,527,0.5814918410615064,0.46430000000000005,0.8286870302414391,0.51134,0.7282892595406767,23.771668623047375,0.2571256337687373,0,0,11,0.35714285714285715,0.0,0.6666236519813538
PU-F,mnist,0,0.4,0.0,20,1000,0,24,460,484,0.538535862986464,0.45699999999999996,0.8333738289337382,0.45588,0.6794266617971648,63.50902489397608,0.4551104009151459,0,0,21,0.4166666666666667,0.0,0.6206979155540466
PU-F,mnist,0,0.4,0.0,30,1000,0,34,476,510,0.5645584334270097,0.5384,0.8735641602047253,0.47542,0.696935254970358,100.01319485244218,0.6532492460682988,0,0,31,0.47058823529411764,0.0,0.6379597187042236
PU-F,mnist,0,0.4,0.0,40,1000,0,44,476,520,0.5745270781335421,0.5628,0.8893748665304991,0.47489999999999993,0.696473457748184,128.57631621545664,0.854662487283349,0,0,41,0.4772727272727273,0.0,0.6223652958869934
PU-F,mnist,0,0.4,0.0,50,1000,0,54,446,500,0.5545675221947022,0.5233,0.8846880160006318,0.44989999999999997,0.6740041877235151,147.961205240797,1.0562194343656301,0,0,51,0.4444444444444444,0.0,0.6372284293174744
PU-F,mnist,0,0.4,0.0,60,1000,0,64,430,494,0.5485623091226444,0.47350000000000003,0.8817346716243665,0.42951999999999996,0.6552963633803501,166.75448011264785,1.2551052430644631,0,0,61,0.453125,0.0,0.6342605352401733
PU-F,mnist,0,0.4,0.0,70,1000,0,74,434,508,0.5625620305654593,0.47230000000000005,0.889947612709328,0.43008,0.6558151528074457,184.73819663929567,1.453596011735499,0,0,71,0.4189189189189189,0.0,0.6367953419685364
PU-F,mnist,0,0.4,0.0,80,1000,0,84,421,505,0.5595657574012876,0.47450000000000003,0.8922911048520178,0.42312,0.6493481907046469,200.01846557527602,1.6501095732674003,0,0,81,0.39285714285714285,0.0,0.6351115703582764
PU-F,mnist,0,0.4,0.0,90,1000,0,94,418,512,0.5665539457695559,0.4464,0.8956527398302631,0.41804,0.6446016641981713,216.02398739450143,1.8434203630313277,0,0,91,0.3617021276595745,0.0,0.6293199062347412
PU-F,mnist,0,0.4,0.0,100,1000,0,104,424,528,0.5824859116110019,0.45299999999999996,0.9042806691954254,0.42475999999999997,0.6508757714312443,230.2483374006854,2.039389551617205,0,0,101,0.36538461538461536,0.0,0.6269059777259827
PU-F,mnist,0,0.4,0.0,110,1000,0,114,408,522,0.5765181288588792,0.44630000000000003,0.8990498298033868,0.40784000000000004,0.6350035072599646,240.82046012050094,2.2361590722575784,0,0,111,0.3684210526315789,0.0,0.6166779398918152
PU-F,mnist,0,0.4,0.0,120,1000,0,124,388,512,0.5665539457695559,0.3964,0.8899386838963075,0.38358000000000003,0.6118062211845411,252.5396148720587,2.4255447136238217,0,0,121,0.3629032258064516,0.0,0.6160719394683838
PU-F,mnist,0,0.4,0.0,130,1000,0,134,376,510,0.5645584334270097,0.37460000000000004,0.8886069338292131,0.37379999999999997,0.6023049959330545,264.3842906509907,2.61617015581578,0,0,131,0.3582089552238806,0.0,0.6237955093383789
PU-F,mnist,0,0.4,0.0,140,1000,0,144,367,511,0.565556300978642,0.3821,0.8877683922742705,0.36462000000000006,0.5933067720366736,277.0136468559539,2.805074378848076,0,0,141,0.3680555555555556,0.0,0.6181730031967163
PU-F,mnist,0,0.4,0.0,150,1000,0,154,366,520,0.5745270781335421,0.41659999999999997,0.8896639408781483,0.36202,0.5907440319643369,287.07075428081527,2.9930615462362766,0,0,151,0.37662337662337664,0.0,0.6188595294952393
PU-F,mnist,0,0.4,0.0,160,1000,0,164,352,516,0.5705422965111211,0.3891,0.8865551158264502,0.35068,0.5794921427979007,297.03232019636096,3.179934186860919,0,0,161,0.3719512195121951,0.0,0.6173157691955566
PU-F,mnist,0,0.4,0.0,170,1000,0,174,349,523,0.5775133188581094,0.3944,0.8899330881278275,0.34991999999999995,0.5787336810671637,308.8830840384809,3.366773554123938,0,0,171,0.3735632183908046,0.0,0.623439610004425
PU-F,mnist,0,0.4,0.0,180,1000,0,184,341,525,0.5795030277222395,0.4215,0.8872486341364089,0.3403,0.5690850734920229,317.5112228479218,3.5527713065966964,0,0,181,0.391304347826087,0.0,0.6166008710861206
PU-F,mnist,0,0.4,0.0,190,1000,0,194,327,521,0.5755227152258158,0.3963,0.8828434209405649,0.3274799999999999,0.5560862244190161,326.80987733053286,3.736824826337397,0,0,191,0.3865979381443299,0.0,0.6093686819076538
PU-F,mnist,0,0.4,0.0,200,1000,0,204,334,538,0.5924142657895572,0.37060000000000004,0.8899240311849345,0.3352399999999999,0.5639738883855215,335.45982701987066,3.9201587280258536,0,0,201,0.38235294117647056,0.0,0.6102709174156189
PU-F,mnist,0,0.4,0.0,210,1000,0,214,311,525,0.5795030277222395,0.39649999999999996,0.8795564518472972,0.3123,0.5404807177917702,344.604933361337,4.104019543156028,0,0,211,0.397196261682243,0.0,0.6060509085655212
PU-F,mnist,0,0.4,0.0,220,1000,0,224,318,542,0.5963793015689589,0.3961,0.8854887048765113,0.3175999999999999,0.5459560788512724,353.9303649870776,4.28748085629195,0,0,221,0.4017857142857143,0.0,0.6107072830200195
PU-F,mnist,0,0.4,0.0,230,1000,0,234,299,533,0.5874528988497332,0.4023,0.8788466934226414,0.3017000000000001,0.5294418735315437,362.669056877778,4.468216764740646,0,0,231,0.405982905982906,0.0,0.6107039451599121
PU-F,mnist,0,0.4,0.0,240,1000,0,244,302,546,0.6003407204407267,0.40790000000000004,0.8808229896683505,0.30016000000000004,0.5278281921904237,372.2617528935727,4.648853528313339,0,0,241,0.4180327868852459,0.0,0.6067403554916382
PU-F,mnist,0,0.4,0.0,250,1000,0,254,309,563,0.6171361508895643,0.40790000000000004,0.8866646852820881,0.3057800000000001,0.5337048383231874,381.1388130094659,4.830654972232878,0,0,251,0.41338582677165353,0.0,0.6060634255409241
PU-F,mnist,0,0.4,0.0,260,1000,0,264,281,545,0.5993507053353824,0.3944,0.875867713354644,0.28340000000000004,0.5100990754830019,389.29896408327807,5.0108477557078,0,0,261,0.4128787878787879,0.0,0.6077511310577393
PU-F,mnist,0,0.4,0.0,270,1000,0,274,280,554,0.6082526663085446,0.3882,0.877936968230749,0.2826,0.5092450136924933,397.98267739843754,5.189166201278567,0,0,271,0.4051094890510949,0.0,0.6060745120048523
PU-F,mnist,0,0.4,0.0,280,1000,0,284,283,567,0.6210783980204724,0.38839999999999997,0.8800580077511577,0.28188,0.5084757389544022,406.8623491874841,5.3686802405864,0,0,281,0.397887323943662,0.0,0.6086745858192444
PU-F,mnist,0,0.4,0.0,290,1000,0,294,265,559,0.6131902254419401,0.35960000000000003,0.8727852463657614,0.26622,0.4915962148678978,414.6509568254917,5.546506351791322,0,0,291,0.4013605442176871,0.0,0.6090372204780579
PU-F,mnist,0,0.4,0.0,296,1000,0,300,256,556,0.610228375531733,0.3801,0.8691382937102183,0.25808,0.4827076031599239,419.6259211670566,5.670454614795744,0,1,297,0.4033333333333333,0.0,0.6031810641288757
PU-G,mnist,0,0.4,0.0,0,1000,0,4,510,514,0.5685485669528134,0.4547,0.7721514630652372,0.49736,0.7162140241502539,0.9422252425352015,0.05541893467307091,0,0,1,0.0,0.0,0.6937195658683777
PU-G,mnist,0,0.4,0.0,10,1000,0,14,472,486,0.5405429275124334,0.36560000000000004,0.8255877521705564,0.47152,0.6934662653289753,44.421165294342444,0.2552631292492151,0,0,11,0.14285714285714285,0.0,0.545129120349884
PU-G,mnist,0,0.4,0.0,20,1000,0,24,467,491,0.5455567055032589,0.40149999999999997,0.8515137741995552,0.46738,0.689769872702806,75.7797015376324,0.4539845548570156,0,0,21,0.25,0.0,0.618753969669342
PU-G,mnist,0,0.4,0.0,30,1000,0,34,457,491,0.5455567055032589,0.34619999999999995,0.8587937003981163,0.45986,0.6830188901456744,92.4023400111078,0.6491744704544544,0,0,31,0.35294117647058826,0.0,0.6280558705329895
PU-G,mnist,0,0.4,0.0,40,1000,0,44,470,514,0.5685485669528134,0.41379999999999995,0.8808598874828617,0.47513999999999995,0.6966866230080847,112.51988118768932,0.8384462706744671,0,0,41,0.4090909090909091,0.0,0.6767027378082275
PU-G,mnist,0,0.4,0.0,50,1000,0,54,492,546,0.6003407204407267,0.45020000000000004,0.9008103389928032,0.4910799999999999,0.7107367322734859,133.66065828518472,1.0225917715579271,0,0,51,0.4444444444444444,0.0,0.7074683308601379
PU-G,mnist,0,0.4,0.0,60,1000,0,64,495,559,0.6131902254419401,0.48219999999999996,0.9085878989604194,0.49306,0.7124671927410324,148.7594717753313,1.2087015071883798,0,0,61,0.484375,0.0,0.7270383834838867
PU-G,mnist,0,0.4,0.0,70,1000,0,74,481,555,0.6092406350653619,0.44610000000000005,0.9109739134132296,0.47844000000000003,0.6996127653742454,173.12553216065825,1.394922043196857,0,0,71,0.44594594594594594,0.0,0.6817053556442261
PU-G,mnist,0,0.4,0.0,80,1000,0,84,465,549,0.6033094049198553,0.4566,0.9109340154242676,0.46679999999999994,0.6892508739452081,188.60724791656074,1.5812140982598066,0,0,81,0.4523809523809524,0.0,0.6530749201774597
PU-G,mnist,0,0.4,0.0,90,1000,0,94,460,554,0.6082526663085446,0.4414,0.9129176055125281,0.4603799999999999,0.6834872420105673,203.1361382632086,1.7677472233772278,0,0,91,0.44680851063829785,0.0,0.631957471370697
PU-G,mnist,0,0.4,0.0,100,1000,0,104,459,563,0.6171361508895643,0.4467,0.9155836723245793,0.45733999999999997,0.6807459626523301,215.42626577706724,1.9545867089182138,0,0,101,0.4423076923076923,0.0,0.6186848878860474
PU-G,mnist,0,0.4,0.0,110,1000,0,114,460,574,0.6279684369219467,0.44730000000000003,0.9200486370245445,0.45799999999999996,0.6813417697502175,228.46000355290826,2.1424811258912086,0,0,111,0.4298245614035088,0.0,0.6091960668563843
PU-G,mnist,0,0.4,0.0,120,1000,0,124,463,587,0.640733937441837,0.46020000000000005,0.9252251309702072,0.46291999999999994,0.6857716944934168,238.23528954486952,2.3292958084493876,0,0,121,0.4274193548387097,0.0,0.629702627658844
PU-G,mnist,0,0.4,0.0,130,1000,0,134,459,593,0.6466122942510992,0.4606,0.9268178621543371,0.46009999999999995,0.6832350807976082,248.29650818880893,2.5165531784296036,0,0,131,0.41044776119402987,0.0,0.6342146396636963
PU-G,mnist,0,0.4,0.0,140,1000,0,144,454,598,0.6515043885447085,0.4558,0.92652625567429,0.4539999999999999,0.6777251900761148,257.05129549264956,2.7039179699495435,0,0,141,0.4027777777777778,0.0,0.6130940914154053
PU-G,mnist,0,0.4,0.0,150,1000,0,154,443,597,0.6505264471634291,0.44310000000000005,0.9247954962427164,0.4437,0.6683502929193245,267.5714439588074,2.8922951510176063,0,0,151,0.4025974025974026,0.0,0.584428071975708
PU-G,mnist,0,0.4,0.0,160,1000,0,164,435,599,0.6524820905178785,0.4286,0.9237242432732404,0.43579999999999997,0.6610988283809133,276.7776447917774,3.0799083644524217,0,0,161,0.38414634146341464,0.0,0.5941159725189209
PU-G,mnist,0,0.4,0.0,170,1000,0,174,431,605,0.6583432560437359,0.42500000000000004,0.9239007716345864,0.43,0.655741056508262,287.29645848135755,3.2672622054815292,0,0,171,0.3793103448275862,0.0,0.5802502632141113
PU-G,mnist,0,0.4,0.0,180,1000,0,184,426,610,0.6632209136150777,0.4253,0.9246819224204479,0.42572000000000004,0.6517688890065165,297.7307664064144,3.4544609393924475,0,0,181,0.3804347826086957,0.0,0.5825961232185364
PU-G,mnist,0,0.4,0.0,190,1000,0,194,417,611,0.6641957156243734,0.4164,0.922891662451347,0.4170400000000001,0.6436646746709612,305.9948448172939,3.6405276944860816,0,0,191,0.37628865979381443,0.0,0.5864624381065369
PU-G,mnist,0,0.4,0.0,200,1000,0,204,411,615,0.6680924793472514,0.42310000000000003,0.9226311798794029,0.41090000000000004,0.6378924890700596,315.94135807358015,3.827225837856531,0,0,201,0.36764705882352944,0.0,0.5866150259971619
PU-G,mnist,0,0.4,0.0,210,1000,0,214,406,620,0.6729579045204446,0.41559999999999997,0.9232749725527997,0.40653999999999996,0.6337736781676208,326.47297602293423,4.013793850317597,0,0,211,0.3644859813084112,0.0,0.5932760834693909
PU-G,mnist,0,0.4,0.0,220,1000,0,224,402,626,0.6787882369244471,0.40190000000000003,0.9233907558981365,0.40186000000000005,0.6293339867830223,335.6059421136422,4.199477511458099,0,0,221,0.35714285714285715,0.0,0.6037920117378235
PU-G,mnist,0,0.4,0.0,230,1000,0,234,396,630,0.6826701256795786,0.4064,0.9229606909180409,0.39668,0.6243974106066886,343.52187989870885,4.384261109866202,0,0,231,0.358974358974359,0.0,0.5904813408851624
PU-G,mnist,0,0.4,0.0,240,1000,0,244,390,634,0.6865479809348471,0.39790000000000003,0.9213238908846718,0.38961999999999997,0.6176307447515264,350.04099878204715,4.569615243002772,0,0,241,0.36065573770491804,0.0,0.5871151089668274
PU-G,mnist,0,0.4,0.0,250,1000,0,254,390,644,0.6962247701594606,0.3912,0.9229944492662212,0.38933999999999996,0.6173614592884457,357.6684039424709,4.754283441230655,0,0,251,0.3661417322834646,0.0,0.5912469625473022
PU-G,mnist,0,0.4,0.0,260,1000,0,264,382,646,0.6981570358620957,0.3889,0.9218514591768254,0.38339999999999996,0.6116321375809276,364.26294883338335,4.939064551144838,0,0,261,0.36742424242424243,0.0,0.5855706930160522
PU-G,mnist,0,0.4,0.0,270,1000,0,274,379,653,0.7049117421265692,0.37450000000000006,0.9214562312561321,0.379,0.6073676229540809,371.1679447732979,5.123718990013003,0,0,271,0.3722627737226277,0.0,0.5954062342643738
PU-G,mnist,0,0.4,0.0,280,1000,0,284,368,652,0.7039475717465393,0.3933,0.9183453077034635,0.36821999999999994,0.5968447838552493,379.0776316858472,5.308213057927787,0,0,281,0.3626760563380282,0.0,0.5566536784172058
PU-G,mnist,0,0.4,0.0,290,1000,0,294,362,656,0.7078026664094068,0.39970000000000006,0.9171145332313491,0.36199999999999993,0.5907242940823993,386.2353775179327,5.491915221326053,0,0,291,0.36394557823129253,0.0,0.5522498488426208
PU-G,mnist,0,0.4,0.0,296,1000,0,300,358,658,0.7097286209464073,0.399,0.9162016862415892,0.35800000000000004,0.586769171268665,390.3816905658903,5.620340791530907,0,1,297,0.36666666666666664,0.0,0.5557032823562622
GREATS,mnist,0,0.4,0.0,0,1000,0,4,502,506,,0.43489999999999995,0.7688285296824904,0.49264,0.7121003981162032,1.098912057313709,0.055826516821980476,0,0,1,0.0,0.0,0.6747267246246338
GREATS,mnist,0,0.4,0.0,10,1000,0,14,477,491,,0.4193,0.8110287236994582,0.48025999999999996,0.7012226866832505,27.35905122586566,0.1923753684386611,0,0,11,0.42857142857142855,0.0,0.6357086300849915
GREATS,mnist,0,0.4,0.0,20,1000,0,24,454,478,,0.4677,0.8395929946586695,0.45882000000000006,0.6820815041688447,68.2676998118355,0.3292462481185794,0,0,21,0.2916666666666667,0.0,0.691186785697937
GREATS,mnist,0,0.4,0.0,30,1000,0,34,467,501,,0.4716,0.869175847954058,0.4614399999999999,0.6844412552951527,106.80493457408245,0.4663256537169218,0,0,31,0.4117647058823529,0.0,0.6639052629470825
GREATS,mnist,0,0.4,0.0,40,1000,0,44,455,499,,0.5241,0.8826905044393463,0.4562799999999999,0.6797882926798123,136.49039574895775,0.6036434387788177,0,0,41,0.4318181818181818,0.0,0.6498855948448181
GREATS,mnist,0,0.4,0.0,50,1000,0,54,438,492,,0.46530000000000005,0.8829439267528628,0.43729999999999997,0.6624797781281702,159.6134826836953,0.7434130441397429,0,0,51,0.46296296296296297,0.0,0.6640344858169556
GREATS,mnist,0,0.4,0.0,60,1000,0,64,452,516,,0.5383,0.8995863335377021,0.45357999999999987,0.6773446667137804,176.9319519255552,0.8842227216809988,0,0,61,0.484375,0.0,0.6407561302185059
GREATS,mnist,0,0.4,0.0,70,1000,0,74,436,510,,0.49239999999999995,0.8993957308711222,0.43799999999999994,0.6631235644060288,197.5282665195623,1.025521413423121,0,0,71,0.5,0.0,0.6364569664001465
GREATS,mnist,0,0.4,0.0,80,1000,0,84,431,515,,0.49629999999999996,0.9020704207148181,0.42690000000000006,0.6528655919997118,220.70109842721072,1.1671757912263274,0,0,81,0.4880952380952381,0.0,0.6437519192695618
GREATS,mnist,0,0.4,0.0,90,1000,0,94,413,507,,0.47740000000000005,0.8954718350819731,0.40440000000000004,0.6317459562927327,235.8558967688193,1.3083428628742695,0,0,91,0.46808510638297873,0.0,0.6354358196258545
GREATS,mnist,0,0.4,0.0,100,1000,0,104,416,520,,0.48429999999999995,0.9025418529256175,0.4083000000000001,0.6354383224201314,250.4815180300298,1.4503171723335981,0,0,101,0.4807692307692308,0.0,0.634909987449646
GREATS,mnist,0,0.4,0.0,110,1000,0,114,397,511,,0.4686,0.9025124934215946,0.39921999999999996,0.6268210188594103,264.9416389886323,1.5925097512081265,0,0,111,0.4649122807017544,0.0,0.6379451155662537
GREATS,mnist,0,0.4,0.0,120,1000,0,124,401,525,,0.4908,0.9089962958594602,0.40202000000000004,0.6294860898431781,281.40203484061783,1.7353715300559998,0,0,121,0.4838709677419355,0.0,0.6378135085105896
GREATS,mnist,0,0.4,0.0,130,1000,0,134,399,533,,0.48119999999999996,0.9123690782920625,0.39583999999999997,0.6235946414754658,303.8184606669865,1.878270760178566,0,0,131,0.4701492537313433,0.0,0.6403420567512512
GREATS,mnist,0,0.4,0.0,140,1000,0,144,376,520,,0.4685,0.9075268745386726,0.38132000000000005,0.6096183757346975,312.1697308587396,2.0214438950642943,0,0,141,0.4722222222222222,0.0,0.6406875848770142
GREATS,mnist,0,0.4,0.0,150,1000,0,154,369,523,,0.4729,0.907524933059669,0.37204,0.6005858773719112,328.93618304738965,2.1651640366762877,0,0,151,0.461038961038961,0.0,0.6353131532669067
GREATS,mnist,0,0.4,0.0,160,1000,0,164,353,517,,0.4908,0.904745818692807,0.3573799999999999,0.586154779255608,345.98336420656307,2.309725372120738,0,0,161,0.4634146341463415,0.0,0.6323415637016296
GREATS,mnist,0,0.4,0.0,170,1000,0,174,349,523,,0.4807,0.9072303945383196,0.35479999999999995,0.5835942136263844,360.27475829627855,2.453058640472591,0,0,171,0.45977011494252873,0.0,0.6321673393249512
GREATS,mnist,0,0.4,0.0,180,1000,0,184,356,540,,0.5139,0.9119743397597508,0.35704,0.5858177005443206,374.650729298257,2.5972791770473123,0,0,181,0.46195652173913043,0.0,0.6302509307861328
GREATS,mnist,0,0.4,0.0,190,1000,0,194,347,541,,0.47140000000000004,0.9090899804892141,0.34512,0.5739305874468099,386.69252756185733,2.741223075427115,0,0,191,0.4587628865979381,0.0,0.6270443797111511
GREATS,mnist,0,0.4,0.0,200,1000,0,204,340,544,,0.4809,0.9101743012487539,0.3411399999999999,0.5699311450365061,399.2238209752517,2.8857658272609115,0,0,201,0.46078431372549017,0.0,0.6260355710983276
GREATS,mnist,0,0.4,0.0,210,1000,0,214,327,541,,0.47030000000000005,0.9047038103370642,0.3248,0.5533481480433922,410.4465568589391,3.0303044402971864,0,0,211,0.45794392523364486,0.0,0.6245629191398621
GREATS,mnist,0,0.4,0.0,220,1000,0,224,293,517,,0.4506,0.8915507499918113,0.29474,0.5221285255123649,421.8482646511507,3.174751936458051,0,0,221,0.44642857142857145,0.0,0.6213902235031128
GREATS,mnist,0,0.4,0.0,230,1000,0,234,291,525,,0.46799999999999997,0.8911030085724144,0.28854,0.5155692673235549,433.4348350425363,3.3182381661608815,0,0,231,0.44871794871794873,0.0,0.6214314699172974
GREATS,mnist,0,0.4,0.0,240,1000,0,244,294,538,,0.4699,0.8973076501523769,0.29250000000000004,0.51976360887535,449.4810611998508,3.462271135300398,0,0,241,0.45491803278688525,0.0,0.6337775588035583
GREATS,mnist,0,0.4,0.0,250,1000,0,254,300,554,,0.5012,0.9030307470768328,0.30130000000000007,0.5290229799845908,453.9582113466823,3.605673155747354,0,0,251,0.4566929133858268,0.0,0.6181731224060059
GREATS,mnist,0,0.4,0.0,260,1000,0,264,264,528,,0.48619999999999997,0.8855430438254623,0.26524000000000003,0.49053032087605336,463.46306678290097,3.750752783380449,0,0,261,0.4583333333333333,0.0,0.6180331110954285
GREATS,mnist,0,0.4,0.0,270,1000,0,274,269,543,,0.44910000000000005,0.8927152466929574,0.27259999999999995,0.498507542409702,475.3982107937149,3.8957301480695605,0,0,271,0.45985401459854014,0.0,0.6176404356956482
GREATS,mnist,0,0.4,0.0,280,1000,0,284,252,536,,0.505,0.886995511400873,0.25828,0.48292696265183216,485.2355235267038,4.040831380523741,0,0,281,0.46830985915492956,0.0,0.6139121055603027
GREATS,mnist,0,0.4,0.0,290,1000,0,294,255,549,,0.4747,0.8895831502080466,0.25748000000000004,0.48204922959667734,497.69950758953297,4.186021036468446,0,0,291,0.46598639455782315,0.0,0.615081787109375
GREATS,mnist,0,0.4,0.0,296,1000,0,300,253,553,,0.48129999999999995,0.8879010820282004,0.25242000000000003,0.4764792119435356,502.7702886560615,4.291373340412974,0,1,297,0.4666666666666667,0.0,0.6109105944633484
MaxLoss,mnist,1,0.0,0.0,0,1000,0,4,461,465,0.5194244554149918,0.4403,0.7390974746759768,0.4583,0.6816124699379258,0.7094943357356,0.06005243398249149,0,0,1,0.0,0.0,0.670060932636261
MaxLoss,mnist,1,0.0,0.0,10,1000,0,14,404,418,0.4718023001914844,0.41500000000000004,0.7511790612971568,0.4003,0.6278497964308625,29.714328744142342,0.16597337182611227,0,0,11,0.0,0.0,0.6328346133232117
MaxLoss,mnist,1,0.0,0.0,20,1000,0,24,382,406,0.4595632587443106,0.39759999999999995,0.776288140586728,0.3703000000000001,0.5988834903826676,71.32537993725381,0.27169653587043285,0,0,21,0.0,0.0,0.5805842280387878
MaxLoss,mnist,1,0.0,0.0,30,1000,0,34,296,330,0.3812558085191995,0.31679999999999997,0.7441340600287376,0.29306,0.5203553533295144,107.76944006812982,0.37644913140684366,0,0,31,0.0,0.0,0.5927971005439758
MaxLoss,mnist,1,0.0,0.0,40,1000,0,44,296,340,0.39164074568543583,0.3144,0.7644590249900173,0.29336,0.5206722177877448,133.09987121341345,0.4810513975098729,0,0,41,0.0,0.0,0.5984302163124084
MaxLoss,mnist,1,0.0,0.0,50,1000,0,54,199,253,0.30037193332100287,0.22209999999999996,0.6863201291774569,0.19729999999999998,0.41356837894259024,149.93974030287794,0.5856783846393228,0,0,51,0.0,0.0,0.5827174186706543
MaxLoss,mnist,1,0.0,0.0,60,1000,0,64,167,231,0.2769294499303214,0.20650000000000002,0.6625600851222401,0.16554000000000005,0.37516105269183686,164.0928447976659,0.690296096727252,0,0,61,0.0,0.0,0.5728158950805664
MaxLoss,mnist,1,0.0,0.0,70,1000,0,74,195,269,0.3173218587762676,0.2338,0.7083045740737733,0.19552,0.41146183337469233,182.1253391975484,0.7941046394407749,0,0,71,0.0,0.0,0.5875145792961121
MaxLoss,mnist,1,0.0,0.0,80,1000,0,84,178,262,0.30991615290986374,0.21189999999999998,0.69899581893346,0.17518,0.3870102001196788,199.67571529703227,0.8985411822795868,0,0,81,0.0,0.0,0.589807391166687
MaxLoss,mnist,1,0.0,0.0,90,1000,0,94,201,295,0.3447001767344773,0.23429999999999995,0.7348272978769474,0.19713999999999995,0.4133792365060113,220.47112300004503,1.0031848419457674,0,0,91,0.0,0.0,0.5994216799736023
MaxLoss,mnist,1,0.0,0.0,100,1000,0,104,134,238,0.284406234160997,0.18179999999999996,0.6679385088651657,0.12991999999999998,0.32968597003362554,230.5700638484932,1.1079920437186956,0,0,101,0.0,0.0,0.5933290719985962
MaxLoss,mnist,1,0.0,0.0,110,1000,0,114,76,190,0.23277018213411793,0.12939999999999996,0.6026700140865661,0.07469999999999997,0.2519707821987069,246.02708056964957,1.213072526268661,0,0,111,0.0,0.0,0.5941927433013916
MaxLoss,mnist,1,0.0,0.0,120,1000,0,124,69,193,0.23602420464158058,0.12519999999999998,0.6030414202305863,0.06829999999999999,0.24213982996830014,261.63824033926863,1.3173715462908149,0,0,121,0.0,0.0,0.5942517518997192
MaxLoss,mnist,1,0.0,0.0,130,1000,0,134,59,193,0.23602420464158058,0.11919999999999997,0.5999085064019739,0.06120000000000001,0.23095303675866793,274.5818906502397,1.4225826505571604,0,0,131,0.0,0.0,0.5919301509857178
MaxLoss,mnist,1,0.0,0.0,140,1000,0,144,19,163,0.2032995848567225,0.09770000000000001,0.5331463333357574,0.023220000000000022,0.1633557842704511,287.3567182110261,1.5277526080608368,0,0,141,0.0,0.0,0.589900016784668
MaxLoss,mnist,1,0.0,0.0,150,1000,0,154,22,176,0.21753203368280083,0.10750000000000004,0.5357186435132524,0.020760000000000015,0.15823075302399253,300.3949959810675,1.6329483911395073,0,0,151,0.0,0.0,0.5902180075645447
MaxLoss,mnist,1,0.0,0.0,160,1000,0,164,25,189,0.23168464459013194,0.11070000000000002,0.5534831346601979,0.024820000000000023,0.16661308780033818,312.52286306476674,1.738058871589601,0,0,161,0.0,0.0,0.5932930707931519
MaxLoss,mnist,1,0.0,0.0,170,1000,0,174,7,181,0.2229844364337623,0.09660000000000002,0.5122367471809193,0.007580000000000007,0.12708622917384602,323.3939924911136,1.842586638405919,0,0,171,0.0,0.0,0.5857470035552979
MaxLoss,mnist,1,0.0,0.0,175,1000,0,179,0,179,0.22080486710183322,0.08340000000000003,0.48270807478312017,0.00026000000000000025,0.10219966907839335,328.83078312029045,1.9176680240780115,1,0,176,0.0,0.0,0.5834261775016785
PU-C,mnist,1,0.0,0.0,0,1000,0,4,515,519,0.5735312176402658,0.4918,0.7721054452997315,0.4982800000000001,0.7170136734482976,0.6936947979649661,0.05649250280112028,0,0,1,0.0,0.0,0.6678690910339355
PU-C,mnist,1,0.0,0.0,10,1000,0,14,398,412,0.46568691154243425,0.42169999999999996,0.7433373049208774,0.3868,0.6149154378804214,32.101416960230594,0.18207852076739073,0,0,11,0.0,0.0,0.6259818077087402
PU-C,mnist,1,0.0,0.0,20,1000,0,24,391,415,0.468745636055246,0.39659999999999995,0.794186334672869,0.39016,0.6181498823992827,73.60526492652632,0.3074838826432824,0,0,21,0.0,0.0,0.5945345759391785
PU-C,mnist,1,0.0,0.0,30,1000,0,34,332,366,0.41852372663561255,0.32789999999999997,0.7661599062882498,0.32731999999999994,0.5559229599267136,98.99555361008699,0.4325617738068104,0,0,31,0.0,0.0,0.5900883078575134
PU-C,mnist,1,0.0,0.0,40,1000,0,44,340,384,0.43703834275947884,0.3418,0.7864251339823449,0.33364000000000005,0.5623524604194,117.88506289249112,0.5574469221755862,0,0,41,0.0,0.0,0.5878742933273315
PU-C,mnist,1,0.0,0.0,50,1000,0,54,294,348,0.3999303614255041,0.30589999999999995,0.7662965352599695,0.29516000000000003,0.5225713367000604,133.5129745721655,0.6816193275153637,0,0,51,0.0,0.0,0.57785964012146
PU-C,mnist,1,0.0,0.0,60,1000,0,64,248,312,0.3624971266835928,0.26359999999999995,0.7371426296070052,0.25145999999999996,0.4754188416296302,146.46848537241334,0.8068222012370825,0,0,61,0.0,0.0,0.5759379863739014
PU-C,mnist,1,0.0,0.0,70,1000,0,74,272,346,0.3978594695799984,0.2804,0.7664240098012298,0.2735,0.4994786432804742,160.10719161805847,0.9312739465385675,0,0,71,0.0,0.0,0.5688309073448181
PU-C,mnist,1,0.0,0.0,80,1000,0,84,233,317,0.3677165018161759,0.25429999999999997,0.7363270153279965,0.23041999999999999,0.4518796724085409,172.9728638293,1.054820653051138,0,0,81,0.0,0.0,0.5855217576026917
PU-C,mnist,1,0.0,0.0,90,1000,0,94,193,287,0.3362971059978008,0.23570000000000002,0.713689481628938,0.19901999999999995,0.4155990573292724,184.75106279849268,1.1782203372567892,0,0,91,0.0,0.0,0.5734876394271851
PU-C,mnist,1,0.0,0.0,100,1000,0,104,161,265,0.3130918839597143,0.1906,0.681332579842461,0.16116000000000003,0.3697177471161194,196.3531025878177,1.3015079060569406,0,0,101,0.0,0.0,0.5759739279747009
PU-C,mnist,1,0.0,0.0,110,1000,0,114,141,255,0.3024951044935733,0.16959999999999997,0.665234217885574,0.14196,0.3453810561116314,205.10841758403467,1.4243782442063093,0,0,111,0.0,0.0,0.574425220489502
PU-C,mnist,1,0.0,0.0,120,1000,0,124,134,258,0.30567745672306046,0.17079999999999995,0.6616828488981754,0.13226000000000002,0.3327647053937125,216.93335106584374,1.5473480522632599,0,0,121,0.0,0.0,0.5918435454368591
PU-C,mnist,1,0.0,0.0,130,1000,0,134,113,247,0.2939946206170134,0.15910000000000002,0.6458618802760395,0.11361999999999998,0.3078253109279711,228.24743746578577,1.670127322897315,0,0,131,0.0,0.0,0.58957439661026
PU-C,mnist,1,0.0,0.0,140,1000,0,144,72,216,0.26084880327107385,0.1149,0.5949158145037318,0.07347999999999995,0.2501138982299006,237.57567296176347,1.791394991800189,0,0,141,0.0,0.0,0.5861339569091797
PU-C,mnist,1,0.0,0.0,150,1000,0,154,63,217,0.2619234274025075,0.10199999999999998,0.587294559452408,0.06443999999999996,0.23609702863152265,247.68935597967302,1.9128011800348759,0,0,151,0.0,0.0,0.5797430872917175
PU-C,mnist,1,0.0,0.0,160,1000,0,164,46,210,0.25439305684994906,0.09619999999999995,0.5655779273647272,0.04818000000000005,0.20951803902221128,257.6443995318501,2.0348357623443007,0,0,161,0.0,0.0,0.584023654460907
PU-C,mnist,1,0.0,0.0,170,1000,0,174,42,216,0.26084880327107385,0.09519999999999995,0.5609860416017506,0.04194000000000003,0.19872539413152474,268.3738043428813,2.1557900300249457,0,0,171,0.0,0.0,0.5831154584884644
PU-C,mnist,1,0.0,0.0,180,1000,0,184,40,224,0.26943536213366315,0.09660000000000002,0.5693266591368564,0.043060000000000036,0.20069151236368662,277.5324856882348,2.2770844399929047,0,0,181,0.0,0.0,0.5742460489273071
PU-C,mnist,1,0.0,0.0,190,1000,0,194,40,234,0.28013587463647127,0.09570000000000001,0.5674663090084673,0.039360000000000034,0.1941436824842858,285.7056378216381,2.3977593444287777,0,0,191,0.0,0.0,0.5783048272132874
PU-C,mnist,1,0.0,0.0,200,1000,0,204,29,233,0.2790674169664271,0.08809999999999996,0.5533773269889313,0.029760000000000026,0.17634536096209769,294.9400494481298,2.518541593104601,0,0,201,0.0,0.0,0.5789669752120972
PU-C,mnist,1,0.0,0.0,210,1000,0,214,18,232,0.27799860923551023,0.08589999999999998,0.5300449798417042,0.017660000000000016,0.15154025208999608,304.01326226919946,2.6383586870506406,0,0,211,0.0,0.0,0.5793663859367371
PU-C,mnist,1,0.0,0.0,220,1000,0,224,19,243,0.289736479986459,0.08550000000000002,0.5404556476901141,0.020180000000000017,0.1569998938938196,309.8972332621701,2.7588947908952832,0,0,221,0.0,0.0,0.5776882171630859
PU-C,mnist,1,0.0,0.0,230,1000,0,234,13,247,0.2939946206170134,0.08499999999999996,0.5270446140144049,0.013440000000000013,0.1419135896810458,317.4657375354714,2.879631175659597,0,0,231,0.0,0.0,0.5741755366325378
PU-C,mnist,1,0.0,0.0,240,1000,0,244,3,247,0.2939946206170134,0.07099999999999995,0.4957598409842471,0.0027000000000000023,0.11223476801313088,327.94450356677146,2.9997111838310957,0,0,241,0.0,0.0,0.5731133818626404
PU-C,mnist,1,0.0,0.0,245,1000,0,249,0,249,0.2961217011907138,0.07099999999999995,0.48636415663391735,0.0003600000000000003,0.10273198008145384,333.3014338863519,3.082762069068849,1,0,246,0.0,0.0,0.5736510753631592
PU-F,mnist,1,0.0,0.0,0,1000,0,4,448,452,0.5063019547960721,0.45209999999999995,0.7601333898754623,0.4841,0.7046103766841031,0.560361473479847,0.05716314632445574,0,0,1,0.0,0.0,0.6715038418769836
PU-F,mnist,1,0.0,0.0,10,1000,0,14,434,448,0.5022566716070287,0.45320000000000005,0.7827167642572881,0.43226,0.6578321646728127,33.533764139988726,0.25759928300976753,0,0,11,0.0,0.0,0.5956535339355469
PU-F,mnist,1,0.0,0.0,20,1000,0,24,267,291,0.3405009273556061,0.2832,0.6819697682648697,0.2625,0.4875440502909135,73.35499490005026,0.44273502845317125,0,0,21,0.0,0.0,0.5843391418457031
PU-F,mnist,1,0.0,0.0,30,1000,0,34,277,311,0.36145244317594916,0.2944,0.7225199844843717,0.27228,0.4981620341707488,104.6273517756247,0.6064813937991858,0,0,31,0.0,0.0,0.6195114254951477
PU-F,mnist,1,0.0,0.0,40,1000,0,44,277,321,0.3718871892779134,0.2831,0.744311025020565,0.2754,0.5015256497385395,127.27279098404298,0.7697008578106761,0,0,41,0.0,0.0,0.6244126558303833
PU-F,mnist,1,0.0,0.0,50,1000,0,54,331,385,0.43806466565001756,0.35209999999999997,0.80868614538831,0.3328999999999999,0.5616016934846381,151.25585936863249,0.9399733226746321,0,0,51,0.0,0.0,0.6241589188575745
PU-F,mnist,1,0.0,0.0,60,1000,0,64,223,287,0.3362971059978008,0.2328,0.7269025925769597,0.22419999999999995,0.4448068392815587,167.93527551512113,1.1053230985999107,0,0,61,0.0,0.0,0.6328977346420288
PU-F,mnist,1,0.0,0.0,70,1000,0,74,247,321,0.3718871892779134,0.26659999999999995,0.7602042105691418,0.24464,0.4678521234923564,189.58187625677266,1.2668739147484303,0,0,71,0.0,0.0,0.625315248966217
PU-F,mnist,1,0.0,0.0,80,1000,0,84,204,288,0.3373484928160906,0.22640000000000005,0.7266536767832517,0.20229999999999992,0.4194584351721228,199.290795736801,1.4281789176166058,0,0,81,0.0,0.0,0.6190924644470215
PU-F,mnist,1,0.0,0.0,90,1000,0,94,162,256,0.303556207974907,0.19230000000000003,0.6954784560505916,0.15848000000000004,0.36636806856371507,221.95156486005874,1.5763169713318348,0,0,91,0.0,0.0,0.6248508095741272
PU-F,mnist,1,0.0,0.0,100,1000,0,104,111,215,0.2597738011390902,0.1492,0.6391730848843824,0.10881999999999997,0.3012382274025588,227.70660075511327,1.71989924646914,0,0,101,0.0,0.0,0.6232755184173584
PU-F,mnist,1,0.0,0.0,110,1000,0,114,99,213,0.2576226557721384,0.1462,0.6333810981591669,0.09797999999999998,0.28608119466260995,240.91277798264915,1.8591759745031595,0,0,111,0.0,0.0,0.6182451844215393
PU-F,mnist,1,0.0,0.0,120,1000,0,124,61,185,0.2273381107370369,0.127,0.5897956344888585,0.06364,0.23483318809222825,253.27688283750973,1.9968913039192557,0,0,121,0.0,0.0,0.6149957776069641
PU-F,mnist,1,0.0,0.0,130,1000,0,134,75,209,0.25331574806477875,0.11780000000000002,0.6116457774201537,0.07237999999999996,0.2484329022229314,264.88399358963585,2.1311403019353747,0,0,131,0.0,0.0,0.6214710474014282
PU-F,mnist,1,0.0,0.0,140,1000,0,144,51,195,0.23819141910644248,0.10980000000000001,0.5805237210158128,0.04926000000000005,0.21134829388807028,276.8392129514532,2.2641972796991467,0,0,141,0.0,0.0,0.6064554452896118
PU-F,mnist,1,0.0,0.0,150,1000,0,154,39,193,0.23602420464158058,0.1159,0.5744685098403016,0.042260000000000034,0.19928851160249636,287.69464257918764,2.394446694292128,0,0,151,0.0,0.0,0.6104158759117126
PU-F,mnist,1,0.0,0.0,160,1000,0,164,48,212,0.2565465088118799,0.1149,0.592800208701674,0.04776000000000005,0.20880342708809535,300.1680624405337,2.523900769650936,0,0,161,0.0,0.0,0.6165470480918884
PU-F,mnist,1,0.0,0.0,170,1000,0,174,30,204,0.24792329681804404,0.0937,0.5624879973121688,0.028800000000000027,0.17448917854847118,312.3751119433037,2.6586951250210404,0,0,171,0.0,0.0,0.5844062566757202
PU-F,mnist,1,0.0,0.0,180,1000,0,184,22,206,0.2500814668019302,0.0947,0.5528916577092824,0.022540000000000022,0.16195387551811122,320.16650363353034,2.7861596001312137,0,0,181,0.0,0.0,0.5905901193618774
PU-F,mnist,1,0.0,0.0,190,1000,0,194,21,215,0.2597738011390902,0.09140000000000004,0.5521932867624826,0.01988000000000002,0.15635964216487025,329.54737935768384,2.9113556211814284,0,0,191,0.0,0.0,0.5973474383354187
PU-F,mnist,1,0.0,0.0,200,1000,0,204,6,210,0.25439305684994906,0.07589999999999997,0.5173685150654909,0.006140000000000006,0.12304506748419114,339.5020857436583,3.035472299903631,0,0,201,0.0,0.0,0.5915275812149048
PU-F,mnist,1,0.0,0.0,210,1000,0,214,1,215,0.2597738011390902,0.07609999999999995,0.5066923428577471,0.002220000000000002,0.11052063305664046,348.561608579997,3.157272355630994,0,0,211,0.0,0.0,0.5901569128036499
PU-F,mnist,1,0.0,0.0,214,1000,0,218,0,218,0.26299767539603636,0.07440000000000002,0.5037219466403094,0.0011800000000000011,0.1064843592426376,352.4328212446658,3.232363852672279,1,0,215,0.0,0.0,0.5918906927108765
PU-G,mnist,1,0.0,0.0,0,1000,0,4,513,517,0.5715388267417438,0.5197,0.755169925347348,0.47816,0.6993648397469431,0.5404933620694357,0.056689903140068054,0,0,1,0.0,0.0,0.7104744911193848
PU-G,mnist,1,0.0,0.0,10,1000,0,14,513,527,0.5814918410615064,0.488,0.8442609344307991,0.50486,0.7227123733967691,40.1145692784763,0.2557197976857424,0,0,11,0.0,0.0,0.5855257511138916
PU-G,mnist,1,0.0,0.0,20,1000,0,24,411,435,0.4890847221831791,0.40769999999999995,0.8186698687305031,0.4136600000000001,0.6404912164139698,81.34963196849584,0.4571995288133621,0,0,21,0.0,0.0,0.5930934548377991
PU-G,mnist,1,0.0,0.0,30,1000,0,34,460,494,0.5485623091226444,0.4424,0.8675595215661671,0.4588799999999999,0.6821356088616539,106.76479085951057,0.6541499737650156,0,0,31,0.0,0.0,0.6080112457275391
PU-G,mnist,1,0.0,0.0,40,1000,0,44,349,393,0.446266760409344,0.3339,0.8021897439982318,0.34665999999999997,0.5754739958496331,125.55188032019113,0.8478167289867997,0,0,41,0.0,0.0,0.6041330695152283
PU-G,mnist,1,0.0,0.0,50,1000,0,54,307,361,0.4133668978465721,0.2903,0.7770630898146624,0.30522000000000005,0.5331207732159234,136.7433829858393,1.0271684797480702,0,0,51,0.0,0.0,0.6150559782981873
PU-G,mnist,1,0.0,0.0,60,1000,0,64,250,314,0.3645856832736172,0.2439,0.7349522477176793,0.24875999999999998,0.4724303124574158,146.8900462879799,1.196837498806417,0,0,61,0.0,0.0,0.6204724907875061
PU-G,mnist,1,0.0,0.0,70,1000,0,74,227,301,0.3509905891260132,0.23070000000000002,0.729027063177522,0.23228,0.4539843183378866,160.02599490312534,1.3595534656196833,0,0,71,0.0,0.0,0.6422743797302246
PU-G,mnist,1,0.0,0.0,80,1000,0,84,250,334,0.38541286753024906,0.2502,0.7577308305334561,0.25306000000000006,0.47718548264335364,173.97614553528254,1.522442146204412,0,0,81,0.0,0.0,0.6512455344200134
PU-G,mnist,1,0.0,0.0,90,1000,0,94,178,272,0.3204911262146197,0.1854,0.6952996566276373,0.18224000000000004,0.3955789340727812,183.3905277106414,1.683649524115026,0,0,91,0.0,0.0,0.6263688802719116
PU-G,mnist,1,0.0,0.0,100,1000,0,104,182,286,0.335245430120267,0.18220000000000003,0.7029932655849085,0.18228000000000003,0.3956272284030082,194.4328052507299,1.8397390181198716,0,0,101,0.0,0.0,0.6240717172622681
PU-G,mnist,1,0.0,0.0,110,1000,0,114,190,304,0.3541320319636725,0.19030000000000002,0.7188664629752257,0.18999999999999997,0.4048960956706195,206.3440670516597,1.9936718959361315,0,0,111,0.0,0.0,0.6164463758468628
PU-G,mnist,1,0.0,0.0,120,1000,0,124,146,270,0.31837858562357724,0.15910000000000002,0.6806383596660978,0.14790000000000003,0.3529966994297654,217.53464412190914,2.1458132518455386,0,0,121,0.0,0.0,0.6078320145606995
PU-G,mnist,1,0.0,0.0,130,1000,0,134,141,275,0.32365766912698746,0.1582,0.6820141313609646,0.1428,0.3464629503555527,228.65309637924062,2.2955073956400156,0,0,131,0.0,0.0,0.6125376224517822
PU-G,mnist,1,0.0,0.0,140,1000,0,144,126,270,0.31837858562357724,0.14959999999999996,0.6684964154877074,0.12602000000000002,0.3245228452821044,238.7676002801188,2.4424030920490623,0,0,141,0.0,0.0,0.6063417792320251
PU-G,mnist,1,0.0,0.0,150,1000,0,154,103,257,0.30461699166335166,0.13339999999999996,0.646409931398954,0.10359999999999996,0.29398993481535507,249.06910891859914,2.5866456013172865,0,0,151,0.0,0.0,0.6034377813339233
PU-G,mnist,1,0.0,0.0,160,1000,0,164,118,282,0.33103581896284595,0.13639999999999997,0.6740508037233556,0.12053999999999998,0.3171980641762485,258.3102676745539,2.729145319201052,0,0,161,0.0,0.0,0.6004236936569214
PU-G,mnist,1,0.0,0.0,170,1000,0,174,105,279,0.3278755331411958,0.13049999999999995,0.6624503555125991,0.10679999999999996,0.29844409061720756,267.7821767392616,2.872003906406462,0,0,171,0.0,0.0,0.596758246421814
PU-G,mnist,1,0.0,0.0,180,1000,0,184,94,278,0.3268215135904029,0.11909999999999998,0.6503045939505322,0.09341999999999999,0.2795788893722123,277.1934944615652,3.013159000314772,0,0,181,0.0,0.0,0.5964905619621277
PU-G,mnist,1,0.0,0.0,190,1000,0,194,83,277,0.3257671970059164,0.10750000000000004,0.6403787228751784,0.08243999999999996,0.26357768762396494,286.3519670279006,3.1517593674361706,0,0,191,0.0,0.0,0.5979092717170715
PU-G,mnist,1,0.0,0.0,200,1000,0,204,66,270,0.31837858562357724,0.10070000000000001,0.6208550661523421,0.06637999999999994,0.2391453188049962,294.3030744538218,3.288361916318536,0,0,201,0.0,0.0,0.6042358875274658
PU-G,mnist,1,0.0,0.0,210,1000,0,214,55,269,0.3173218587762676,0.0928,0.6083873225614402,0.05564000000000005,0.22195912829492945,302.82463098321637,3.4228083584457636,0,0,211,0.0,0.0,0.5947315692901611
PU-G,mnist,1,0.0,0.0,220,1000,0,224,52,276,0.3247125825146213,0.09360000000000002,0.6071570856921915,0.05198000000000005,0.21591279904949395,311.1563657680249,3.5560756968334317,0,0,221,0.0,0.0,0.593613862991333
PU-G,mnist,1,0.0,0.0,230,1000,0,234,44,278,0.3268215135904029,0.09419999999999995,0.597544650531419,0.044100000000000035,0.20250539466443546,318.77639102851765,3.6882119616493583,0,0,231,0.0,0.0,0.5937798023223877
PU-G,mnist,1,0.0,0.0,240,1000,0,244,39,283,0.33208865963388234,0.09150000000000003,0.592364800233172,0.039020000000000034,0.19353418317131793,326.24261154898664,3.8193196887150407,0,0,241,0.0,0.0,0.5987154841423035
PU-G,mnist,1,0.0,0.0,250,1000,0,254,32,286,0.335245430120267,0.08599999999999997,0.5829391101488166,0.032080000000000025,0.18076832491582792,333.9367145894511,3.9497361155226827,0,0,251,0.0,0.0,0.5943242907524109
PU-G,mnist,1,0.0,0.0,260,1000,0,264,25,289,0.33839959144825116,0.08689999999999998,0.5724621073099709,0.025240000000000026,0.16745896827851742,341.4969330059315,4.080430229194462,0,0,261,0.0,0.0,0.5940993428230286
PU-G,mnist,1,0.0,0.0,270,1000,0,274,21,295,0.3447001767344773,0.08299999999999996,0.5667896095427759,0.021000000000000015,0.15873745059524288,348.79898564621317,4.209827495738864,0,0,271,0.0,0.0,0.5940539240837097
PU-G,mnist,1,0.0,0.0,280,1000,0,284,14,298,0.34784664411563426,0.08099999999999996,0.5526078977556307,0.014060000000000012,0.14337215931650177,355.50032063721403,4.339085136540234,0,0,281,0.0,0.0,0.5933506488800049
PU-G,mnist,1,0.0,0.0,290,1000,0,294,7,301,0.3509905891260132,0.0766,0.5338002903544158,0.007160000000000007,0.12592889262457024,360.01623755495547,4.466394414193928,0,0,291,0.0,0.0,0.5984513759613037
PU-G,mnist,1,0.0,0.0,296,1000,0,300,6,306,0.3562249467941001,0.07920000000000005,0.5340576868935895,0.0064000000000000055,0.12379068048909032,364.8935307596184,4.561336245387793,0,1,297,0.0,0.0,0.5984735488891602
GREATS,mnist,1,0.0,0.0,0,1000,0,4,416,420,,0.4263,0.7453069689614736,0.4656,0.6881761880290646,0.7243218101126544,0.0570956040173769,0,0,1,0.0,0.0,0.6635372638702393
GREATS,mnist,1,0.0,0.0,10,1000,0,14,339,353,,0.30989999999999995,0.6890485395524101,0.33448,0.5632040255122577,27.355451287025616,0.19307611230760813,0,0,11,0.0,0.0,0.5924985408782959
GREATS,mnist,1,0.0,0.0,20,1000,0,24,361,385,,0.36539999999999995,0.7656491055330349,0.3464600000000001,0.5752736824569198,80.59551421921353,0.3278971193358302,0,0,21,0.0,0.0,0.62424635887146
GREATS,mnist,1,0.0,0.0,30,1000,0,34,336,370,,0.36719999999999997,0.7798409585899403,0.32628,0.5548611138652003,117.03515233187962,0.4626899790018797,0,0,31,0.0,0.0,0.6301107406616211
GREATS,mnist,1,0.0,0.0,40,1000,0,44,363,407,,0.38870000000000005,0.8252568939912903,0.36477999999999994,0.593464273001933,140.0853141358672,0.5957289738580585,0,0,41,0.0,0.0,0.6340970993041992
GREATS,mnist,1,0.0,0.0,50,1000,0,54,271,325,,0.3114,0.7555176739264633,0.2566,0.4810828127246209,165.8949681144327,0.7282432354986668,0,0,51,0.0,0.0,0.6398801207542419
GREATS,mnist,1,0.0,0.0,60,1000,0,64,187,251,,0.23140000000000005,0.7006601596278474,0.18944000000000003,0.4042271697016463,180.21552410769806,0.85868567135185,0,0,61,0.0,0.0,0.6317644715309143
GREATS,mnist,1,0.0,0.0,70,1000,0,74,117,191,,0.15359999999999996,0.6340478494652646,0.12262,0.31998812266552207,195.0202946249585,0.9880261048674583,0,0,71,0.0,0.0,0.6160743832588196
GREATS,mnist,1,0.0,0.0,80,1000,0,84,137,221,,0.1904,0.6683654822307825,0.13518,0.3365869704949619,221.59599604871585,1.1157107120379806,0,0,81,0.0,0.0,0.6251424551010132
GREATS,mnist,1,0.0,0.0,90,1000,0,94,108,202,,0.15590000000000004,0.6429429727451415,0.10675999999999998,0.29838862571203334,237.36712842534885,1.2436535516753793,0,0,91,0.0,0.0,0.6145784258842468
GREATS,mnist,1,0.0,0.0,100,1000,0,104,73,177,,0.12929999999999997,0.5962421617768497,0.07077999999999998,0.24597611596791696,245.68017157997633,1.3712057480588555,0,0,101,0.0,0.0,0.610316276550293
GREATS,mnist,1,0.0,0.0,110,1000,0,114,80,194,,0.13419999999999999,0.6148919504814905,0.07763999999999997,0.2564141391181619,257.4772252454232,1.4978241063654423,0,0,111,0.0,0.0,0.6160502433776855
GREATS,mnist,1,0.0,0.0,120,1000,0,124,50,174,,0.10609999999999997,0.5807328495848794,0.05146000000000004,0.21504501891795974,271.124948819059,1.6249069841578603,0,0,121,0.0,0.0,0.6084563136100769
GREATS,mnist,1,0.0,0.0,130,1000,0,134,42,176,,0.11629999999999996,0.5756980093466356,0.04418000000000004,0.20264446376331263,283.9292725352401,1.752223365008831,0,0,131,0.0,0.0,0.6123761534690857
GREATS,mnist,1,0.0,0.0,140,1000,0,144,39,183,,0.10450000000000004,0.5746018284441313,0.03988000000000004,0.19507323032472276,295.0849956023926,1.87868791539222,0,0,141,0.0,0.0,0.6076807379722595
GREATS,mnist,1,0.0,0.0,150,1000,0,154,25,179,,0.09830000000000005,0.5512162474837244,0.026220000000000025,0.1694186080416375,303.9214507767078,2.005425537005067,0,0,151,0.0,0.0,0.6057426929473877
GREATS,mnist,1,0.0,0.0,160,1000,0,164,20,184,,0.09219999999999995,0.5476381642567003,0.021980000000000013,0.1607910868173371,314.0617222371275,2.1320842457935214,0,0,161,0.0,0.0,0.6057919859886169
GREATS,mnist,1,0.0,0.0,170,1000,0,174,20,194,,0.09919999999999995,0.5525012907532211,0.02140000000000002,0.15957861629289458,323.9754070925342,2.2585728811100125,0,0,171,0.0,0.0,0.6084471940994263
GREATS,mnist,1,0.0,0.0,180,1000,0,184,15,199,,0.08799999999999997,0.5395452394236927,0.014240000000000013,0.14379248763602498,333.4597323059673,2.384321822784841,0,0,181,0.0,0.0,0.6063700914382935
GREATS,mnist,1,0.0,0.0,190,1000,0,194,7,201,,0.08199999999999996,0.5233594999023885,0.007280000000000006,0.1262612413486574,342.469943740471,2.509133694693446,0,0,191,0.0,0.0,0.6025055050849915
GREATS,mnist,1,0.0,0.0,200,1000,0,204,17,221,,0.0897,0.5567575280773661,0.016480000000000015,0.1489150536681901,351.3618242554851,2.633920635096729,0,0,201,0.0,0.0,0.6092200875282288
GREATS,mnist,1,0.0,0.0,210,1000,0,214,8,222,,0.0826,0.5376691744004377,0.008280000000000008,0.12898033877556533,360.06014759979263,2.759115786291659,0,0,211,0.0,0.0,0.6003104448318481
GREATS,mnist,1,0.0,0.0,220,1000,0,224,1,225,,0.07669999999999999,0.5136152168888635,0.001100000000000001,0.1061485325815314,369.0870641256691,2.8849134547635913,0,0,221,0.0,0.0,0.5894327163696289
GREATS,mnist,1,0.0,0.0,223,1000,0,227,0,227,,0.07479999999999998,0.5122460153552627,0.0006600000000000005,0.10420131225688596,371.1221395570728,2.953519687987864,1,0,224,0.0,0.0,0.5906527042388916
MaxLoss,mnist,1,0.4,0.0,0,1000,0,4,474,478,0.5325093429419212,0.4415,0.7600067073368506,0.48298,0.7036235708391175,0.8038008463152968,0.0596164520829916,0,0,1,0.25,0.0,0.7006037831306458
MaxLoss,mnist,1,0.4,0.0,10,1000,0,14,464,478,0.5325093429419212,0.44020000000000004,0.7952809171526458,0.47162,0.6935553726919772,21.196841716614706,0.16476679500192404,0,0,11,0.5,0.0,0.70111483335495
MaxLoss,mnist,1,0.4,0.0,20,1000,0,24,473,497,0.551565914938692,0.4698,0.8404997282017552,0.47609999999999997,0.6975388027033979,55.99963867013502,0.2697965418919921,0,0,21,0.5,0.0,0.6532827615737915
MaxLoss,mnist,1,0.4,0.0,30,1000,0,34,445,479,0.533514317823574,0.4383,0.8533577015281406,0.44862,0.6728395989276652,95.11681112374467,0.3744052341207862,0,0,31,0.47058823529411764,0.0,0.63807612657547
MaxLoss,mnist,1,0.4,0.0,40,1000,0,44,448,492,0.5465587953221984,0.5101,0.8748001428318116,0.45236,0.6762384926961255,126.00767324611385,0.4789347955957055,0,0,41,0.4772727272727273,0.0,0.6473218202590942
MaxLoss,mnist,1,0.4,0.0,50,1000,0,54,463,517,0.5715388267417438,0.5034000000000001,0.890119265969346,0.4611799999999999,0.6842073394477929,145.86866146664326,0.5827965913340449,0,0,51,0.48148148148148145,0.0,0.5889337658882141
MaxLoss,mnist,1,0.4,0.0,60,1000,0,64,434,498,0.5525666727917269,0.47250000000000003,0.8860948422722009,0.4345800000000001,0.6599742390976416,169.9278054638491,0.6865911083295941,0,0,61,0.46875,0.0,0.5818415880203247
MaxLoss,mnist,1,0.4,0.0,70,1000,0,74,429,503,0.5575671300757676,0.49239999999999995,0.892862462715362,0.4294,0.6551851591996698,192.7632083563269,0.7903675930574536,0,0,71,0.47297297297297297,0.0,0.6045011281967163
MaxLoss,mnist,1,0.4,0.0,80,1000,0,84,408,492,0.5465587953221984,0.48529999999999995,0.8914317795646499,0.41392,0.6407356816147026,210.84632306797863,0.8943998115137219,0,0,81,0.5,0.0,0.6041183471679688
MaxLoss,mnist,1,0.4,0.0,90,1000,0,94,407,501,0.5555676136864349,0.4798,0.8981748284045198,0.4125400000000001,0.6394374618623665,231.13330756095743,0.99900072067976,0,0,91,0.48936170212765956,0.0,0.5805326700210571
MaxLoss,mnist,1,0.4,0.0,100,1000,0,104,408,512,0.5665539457695559,0.4959,0.8980691460142668,0.4052000000000001,0.6325044545731349,242.0522886273409,1.1031744284555316,0,0,101,0.5,0.0,0.5878037214279175
MaxLoss,mnist,1,0.4,0.0,110,1000,0,114,408,522,0.5765181288588792,0.5039,0.9082239298681194,0.41200000000000003,0.6389290106491978,262.3579970862021,1.207672018557787,0,0,111,0.4824561403508772,0.0,0.6016093492507935
MaxLoss,mnist,1,0.4,0.0,120,1000,0,124,401,525,0.5795030277222395,0.4921,0.9074223199827387,0.40032,0.6278688381299885,278.97935940242246,1.3123125089332461,0,0,121,0.47580645161290325,0.0,0.6077731251716614
MaxLoss,mnist,1,0.4,0.0,130,1000,0,134,371,505,0.5595657574012876,0.4858,0.8980093938985617,0.37395999999999996,0.6024611382773842,292.8403975526906,1.4176165712997317,0,0,131,0.48507462686567165,0.0,0.5934392809867859
MaxLoss,mnist,1,0.4,0.0,140,1000,0,144,375,519,0.5735312176402658,0.47340000000000004,0.9030434354791688,0.37794000000000005,0.6063376309937598,302.58759693891653,1.5218474166467786,0,0,141,0.4861111111111111,0.0,0.5790785551071167
MaxLoss,mnist,1,0.4,0.0,150,1000,0,154,360,514,0.5685485669528134,0.4759,0.9003880812039653,0.36538,0.5940546891926165,315.78769429514097,1.626287704333663,0,0,151,0.487012987012987,0.0,0.5910311937332153
MaxLoss,mnist,1,0.4,0.0,160,1000,0,164,353,517,0.5715388267417438,0.47809999999999997,0.8976840831139113,0.35303999999999996,0.5818438500141211,328.8796219231062,1.7308874102309346,0,0,161,0.49390243902439024,0.0,0.5935649871826172
MaxLoss,mnist,1,0.4,0.0,170,1000,0,174,346,520,0.5745270781335421,0.4919,0.8982441353516408,0.34668,0.5754940250689586,342.62606534645255,1.8351537892594934,0,0,171,0.4885057471264368,0.0,0.5981941223144531
MaxLoss,mnist,1,0.4,0.0,180,1000,0,184,333,517,0.5715388267417438,0.48560000000000003,0.8943733968503365,0.33361999999999997,0.56233217655219,353.7278981060201,1.9395786616951227,0,0,181,0.4945652173913043,0.0,0.5914212465286255
MaxLoss,mnist,1,0.4,0.0,190,1000,0,194,323,517,0.5715388267417438,0.46519999999999995,0.8912731524722082,0.32011999999999996,0.5485493133085289,368.94668609606634,2.0436873976141214,0,0,191,0.4845360824742268,0.0,0.5965063571929932
MaxLoss,mnist,1,0.4,0.0,200,1000,0,204,301,505,0.5595657574012876,0.4236,0.8841362845542299,0.30332000000000003,0.5311366430850362,377.2601966978994,2.147970709949732,0,0,201,0.4803921568627451,0.0,0.5899864435195923
MaxLoss,mnist,1,0.4,0.0,210,1000,0,214,296,510,0.5645584334270097,0.4346,0.8848637760417898,0.29902,0.5266320075247617,388.4418949218962,2.252442229539156,0,0,211,0.4766355140186916,0.0,0.5951848030090332
MaxLoss,mnist,1,0.4,0.0,220,1000,0,224,286,510,0.5645584334270097,0.4669,0.8814731224725807,0.28788,0.5148685216510999,399.35073131683873,2.357148432172835,0,0,221,0.4732142857142857,0.0,0.6003017425537109
MaxLoss,mnist,1,0.4,0.0,230,1000,0,234,293,527,0.5814918410615064,0.43889999999999996,0.8888068158867517,0.2942000000000001,0.5215589139367702,412.6514399143313,2.4620364578440785,0,0,231,0.4700854700854701,0.0,0.6092410087585449
MaxLoss,mnist,1,0.4,0.0,240,1000,0,244,280,524,0.5785082851652987,0.43479999999999996,0.8838392455273877,0.28094,0.5074705230385185,422.4352327762852,2.5670780455693603,0,0,241,0.4713114754098361,0.0,0.5795568823814392
MaxLoss,mnist,1,0.4,0.0,250,1000,0,254,271,525,0.5795030277222395,0.4848,0.8821755664256876,0.27338,0.4993492177451348,432.6262870018595,2.672245987690985,0,0,251,0.48031496062992124,0.0,0.594002366065979
MaxLoss,mnist,1,0.4,0.0,260,1000,0,264,280,544,0.5983604637440294,0.4858,0.8920029115915166,0.2867800000000001,0.513699533882857,440.77251755887454,2.777717917226255,0,0,261,0.4772727272727273,0.0,0.5907965898513794
MaxLoss,mnist,1,0.4,0.0,270,1000,0,274,258,532,0.5864599505439401,0.4365,0.876763305291299,0.25682000000000005,0.48132450652744424,449.2781677233774,2.8834110535681248,0,0,271,0.4781021897810219,0.0,0.5945771932601929
MaxLoss,mnist,1,0.4,0.0,280,1000,0,284,248,532,0.5864599505439401,0.4638,0.8765298767864141,0.2517,0.47568404287432664,459.9652495460785,2.989532453007996,0,0,281,0.4788732394366197,0.0,0.5993210673332214
MaxLoss,mnist,1,0.4,0.0,290,1000,0,294,244,538,0.5924142657895572,0.45189999999999997,0.8743880806164318,0.24288,0.4658897197371342,472.26187312706776,3.095560299232602,0,0,291,0.47619047619047616,0.0,0.594163179397583
MaxLoss,mnist,1,0.4,0.0,296,1000,0,300,236,536,0.5904303944553249,0.46809999999999996,0.8722866199063394,0.23718,0.4595063623280488,477.74005313001,3.1774321189150214,0,1,297,0.47333333333333333,0.0,0.5966378450393677
PU-C,mnist,1,0.4,0.0,0,1000,0,4,499,503,0.5575671300757676,0.5589999999999999,0.7643158018996197,0.48828000000000005,0.7082840438630784,0.7942165031892928,0.056563922204077244,0,0,1,0.25,0.0,0.6691649556159973
PU-C,mnist,1,0.4,0.0,10,1000,0,14,503,517,0.5715388267417438,0.4485,0.8243567070617899,0.5034200000000001,0.7214683205989648,24.742559516739167,0.18140018824487925,0,0,11,0.35714285714285715,0.0,0.6691023707389832
PU-C,mnist,1,0.4,0.0,20,1000,0,24,516,540,0.5943972351960838,0.4897,0.8756589176074844,0.5144,0.73091064142671,68.17669334995334,0.3091259924694896,0,0,21,0.375,0.0,0.6529015898704529
PU-C,mnist,1,0.4,0.0,30,1000,0,34,501,535,0.5894381209509447,0.4495,0.8911908644446868,0.5027999999999999,0.7209321554408685,102.49589390360991,0.43591232132166624,0,0,31,0.35294117647058826,0.0,0.57078617811203
PU-C,mnist,1,0.4,0.0,40,1000,0,44,499,543,0.5973699957830831,0.46530000000000005,0.9009086853995593,0.49748,0.7163183661752437,126.64308082394054,0.5630424655973911,0,0,41,0.4090909090909091,0.0,0.5689461827278137
PU-C,mnist,1,0.4,0.0,50,1000,0,54,475,529,0.5834797579445876,0.45289999999999997,0.8996474924387889,0.48018,0.7011519790015847,143.83529759636775,0.6905823983252048,0,0,51,0.3888888888888889,0.0,0.5688126683235168
PU-C,mnist,1,0.4,0.0,60,1000,0,64,483,547,0.6013305088272318,0.48,0.9096669556962086,0.48665999999999987,0.7068620061318314,159.26401221363545,0.8187602888792753,0,0,61,0.375,0.0,0.588144838809967
PU-C,mnist,1,0.4,0.0,70,1000,0,74,471,545,0.5993507053353824,0.4639,0.9092816744816286,0.47464,0.6962424743898132,173.71578460992976,0.9476750129833817,0,0,71,0.3783783783783784,0.0,0.582183301448822
PU-C,mnist,1,0.4,0.0,80,1000,0,84,479,563,0.6171361508895643,0.46340000000000003,0.9171092341185337,0.4798799999999999,0.7008867776276164,187.89752245590134,1.076375269331038,0,0,81,0.35714285714285715,0.0,0.5820981860160828
PU-C,mnist,1,0.4,0.0,90,1000,0,94,472,566,0.620093181845732,0.4527,0.9167614932558188,0.47196000000000005,0.6938582751403831,197.9058221558341,1.2061983197927475,0,0,91,0.35106382978723405,0.0,0.5864843130111694
PU-C,mnist,1,0.4,0.0,100,1000,0,104,445,549,0.6033094049198553,0.4363,0.9067334297112191,0.44418,0.6687891776369103,208.67604498352478,1.3366151694208384,0,0,101,0.33653846153846156,0.0,0.586978554725647
PU-C,mnist,1,0.4,0.0,110,1000,0,114,433,547,0.6013305088272318,0.4324,0.9048235113635895,0.4331399999999999,0.6586452178105977,219.31927479380207,1.4674297785386443,0,0,111,0.34210526315789475,0.0,0.5867180228233337
PU-C,mnist,1,0.4,0.0,120,1000,0,124,423,547,0.6013305088272318,0.4164,0.9061112394319694,0.42847999999999997,0.6543321830261601,230.01695404059367,1.5984324710443616,0,0,121,0.3548387096774194,0.0,0.5948154926300049
PU-C,mnist,1,0.4,0.0,130,1000,0,134,421,555,0.6092406350653619,0.4133,0.9049977258161576,0.41952000000000006,0.6459868167727084,240.38469656054656,1.7300381679087877,0,0,131,0.35074626865671643,0.0,0.5870128870010376
PU-C,mnist,1,0.4,0.0,140,1000,0,144,419,563,0.6171361508895643,0.39580000000000004,0.908620654055668,0.42028,0.6466973737623151,250.36470710441202,1.8618441596627235,0,0,141,0.3611111111111111,0.0,0.5894138216972351
PU-C,mnist,1,0.4,0.0,150,1000,0,154,416,570,0.624032661144156,0.4064,0.9096488940516253,0.41658000000000006,0.6432333679160809,259.5630012260706,1.9944927915930748,0,0,151,0.37662337662337664,0.0,0.5814582705497742
PU-C,mnist,1,0.4,0.0,160,1000,0,164,392,556,0.610228375531733,0.39749999999999996,0.8993801897736482,0.3916799999999999,0.6196097558346224,267.4854678979004,2.1275494042783976,0,0,161,0.3597560975609756,0.0,0.587088406085968
PU-C,mnist,1,0.4,0.0,170,1000,0,174,391,565,0.6191077351104468,0.3944,0.9022407771929696,0.39076000000000005,0.6187263954208048,278.02274744940894,2.2609954066574574,0,0,171,0.3620689655172414,0.0,0.57940673828125
PU-C,mnist,1,0.4,0.0,180,1000,0,184,387,571,0.6250169528648257,0.38339999999999996,0.9028258448577927,0.38606,0.6142017253661856,287.8486811595261,2.394733278080821,0,0,181,0.3695652173913043,0.0,0.5819568634033203
PU-C,mnist,1,0.4,0.0,190,1000,0,194,366,560,0.6141770508838817,0.37029999999999996,0.89614486727408,0.36798000000000003,0.5966092907914617,297.14059126655764,2.5285802418366075,0,0,191,0.37628865979381443,0.0,0.5803413391113281
PU-C,mnist,1,0.4,0.0,200,1000,0,204,359,563,0.6171361508895643,0.36519999999999997,0.8947109858180842,0.36022,0.588966120902169,306.0493341930721,2.662886645644903,0,0,201,0.37745098039215685,0.0,0.5823922157287598
PU-C,mnist,1,0.4,0.0,210,1000,0,214,377,591,0.6446537898154929,0.37060000000000004,0.9059718949996177,0.37636,0.6048004566125036,315.5211858197278,2.7982406988739967,0,0,211,0.37383177570093457,0.0,0.5868915319442749
PU-C,mnist,1,0.4,0.0,220,1000,0,224,366,590,0.6436741816578433,0.35350000000000004,0.9028967561417933,0.36508,0.593759523013113,325.03526236141096,2.9343579774722457,0,0,221,0.36160714285714285,0.0,0.5838672518730164
PU-C,mnist,1,0.4,0.0,230,1000,0,234,347,581,0.6348470857483335,0.33209999999999995,0.8969376680067875,0.34914,0.5779546847966215,333.48524498450666,3.0695487670600414,0,0,231,0.358974358974359,0.0,0.5817700028419495
PU-C,mnist,1,0.4,0.0,240,1000,0,244,339,583,0.6368103096610866,0.33009999999999995,0.8943330591540941,0.34014000000000005,0.5689238389664188,341.24822823181273,3.2056317143142223,0,0,241,0.36065573770491804,0.0,0.5795117020606995
PU-C,mnist,1,0.4,0.0,250,1000,0,254,343,597,0.6505264471634291,0.33999999999999997,0.8976502107197456,0.34199999999999986,0.5707966489535282,349.3516757115036,3.341886831447482,0,0,251,0.3700787401574803,0.0,0.5805957913398743
PU-C,mnist,1,0.4,0.0,260,1000,0,264,339,603,0.6563904977519996,0.34019999999999995,0.8976932698111462,0.33768,0.5664417069016491,357.7602675544532,3.479802006855607,0,0,261,0.3712121212121212,0.0,0.584170937538147
PU-C,mnist,1,0.4,0.0,270,1000,0,274,326,600,0.6534595527919009,0.33120000000000005,0.8931986024555514,0.32564,0.5542071293103517,364.9799172358592,3.617610454559326,0,0,271,0.3686131386861314,0.0,0.5725168585777283
PU-C,mnist,1,0.4,0.0,280,1000,0,284,316,600,0.6534595527919009,0.33420000000000005,0.8901159603986896,0.31606,0.5443681156929245,372.8474031313244,3.7549152793362737,0,0,281,0.36971830985915494,0.0,0.5772289037704468
PU-C,mnist,1,0.4,0.0,290,1000,0,294,310,604,0.6573669976205565,0.349,0.8875533017477754,0.3077000000000001,0.5357048299000654,380.4207653894405,3.893011912703514,0,0,291,0.3741496598639456,0.0,0.5802000761032104
PU-C,mnist,1,0.4,0.0,296,1000,0,300,302,602,0.6554137567291036,0.3516,0.8866310767450316,0.30376000000000003,0.5315964674118282,385.08149524111116,3.994319526478648,0,1,297,0.37666666666666665,0.0,0.5789877772331238
PU-F,mnist,1,0.4,0.0,0,1000,0,4,481,485,0.5395395061932504,0.47650000000000003,0.7698093683020293,0.49578000000000005,0.71483906986322,0.6074201491524415,0.05743429623544216,0,0,1,0.25,0.0,0.6731534600257874
PU-F,mnist,1,0.4,0.0,10,1000,0,14,479,493,0.5475606632535346,0.5096,0.8205545581443996,0.48258,0.7032708866791788,33.26873521008595,0.2615871587768197,0,0,11,0.42857142857142855,0.0,0.6139562726020813
PU-F,mnist,1,0.4,0.0,20,1000,0,24,467,491,0.5455567055032589,0.5005999999999999,0.8494340950102348,0.47052,0.6925747314290319,70.55824903944018,0.4684373028576374,0,0,21,0.375,0.0,0.610697329044342
PU-F,mnist,1,0.4,0.0,30,1000,0,34,483,517,0.5715388267417438,0.49219999999999997,0.8798176763247302,0.48045999999999994,0.7013994325220002,105.29281503652663,0.6732114357873797,0,0,31,0.38235294117647056,0.0,0.6079232096672058
PU-F,mnist,1,0.4,0.0,40,1000,0,44,488,532,0.5864599505439401,0.5274,0.898621449828245,0.48972,0.7095462420093678,130.60670702274598,0.8774809250608087,0,0,41,0.4318181818181818,0.0,0.6238782405853271
PU-F,mnist,1,0.4,0.0,50,1000,0,54,494,548,0.6023200703784823,0.554,0.911086530383209,0.49340000000000006,0.7127640141661801,154.3504664350978,1.0837873658165336,0,0,51,0.46296296296296297,0.0,0.6323499083518982
PU-F,mnist,1,0.4,0.0,60,1000,0,64,474,538,0.5924142657895572,0.5496,0.9085941289745628,0.47373999999999994,0.6954424802583175,173.12417249540914,1.2819208120927215,0,0,61,0.484375,0.0,0.6351085901260376
PU-F,mnist,1,0.4,0.0,70,1000,0,74,466,540,0.5943972351960838,0.5882000000000001,0.9108453866801274,0.46668,0.6891434596855185,188.5293310540846,1.4871313590556383,0,0,71,0.4864864864864865,0.0,0.6244851350784302
PU-F,mnist,1,0.4,0.0,80,1000,0,84,461,545,0.5993507053353824,0.5294,0.915536901658551,0.46452,0.687207938080728,204.8734929484159,1.691842308267951,0,0,81,0.47619047619047616,0.0,0.6242114901542664
PU-F,mnist,1,0.4,0.0,90,1000,0,94,451,545,0.5993507053353824,0.5092,0.9130413452730896,0.4506,0.6746404861334149,217.6647539944497,1.8955617919564247,0,0,91,0.4574468085106383,0.0,0.6121194958686829
PU-F,mnist,1,0.4,0.0,100,1000,0,104,465,569,0.6230481379316188,0.5412,0.9227559652745515,0.4627799999999999,0.6856459209232337,230.07311704807867,2.099273730069399,0,0,101,0.46153846153846156,0.0,0.6202518343925476
PU-F,mnist,1,0.4,0.0,110,1000,0,114,451,565,0.6191077351104468,0.5192,0.9211547545974594,0.45049999999999996,0.6745496117225849,243.7210020833167,2.3044410226866603,0,0,111,0.4649122807017544,0.0,0.6147659420967102
PU-F,mnist,1,0.4,0.0,120,1000,0,124,434,558,0.6122031709528528,0.5149,0.9171795308596792,0.43434000000000006,0.6597528586964574,255.92114385534273,2.5086772637441754,0,0,121,0.4435483870967742,0.0,0.6209980845451355
PU-F,mnist,1,0.4,0.0,130,1000,0,134,433,567,0.6210783980204724,0.49019999999999997,0.9205676609349965,0.4334,0.6588853112059092,269.25322344320284,2.712131893262267,0,0,131,0.44029850746268656,0.0,0.6136571168899536
PU-F,mnist,1,0.4,0.0,140,1000,0,144,419,563,0.6171361508895643,0.47030000000000005,0.9162476875900596,0.41812000000000005,0.6446765858695112,279.373105421867,2.913626982830465,0,0,141,0.4305555555555556,0.0,0.6159917712211609
PU-F,mnist,1,0.4,0.0,150,1000,0,154,419,573,0.6269848410156555,0.48009999999999997,0.9179817145391619,0.41532,0.6420510207101275,290.3803955783801,3.114615796133876,0,0,151,0.42207792207792205,0.0,0.6108301877975464
PU-F,mnist,1,0.4,0.0,160,1000,0,164,389,553,0.6072644694359042,0.497,0.9086923240180825,0.38983999999999996,0.6178422768429817,301.2499264796441,3.3131996151059866,0,0,161,0.42073170731707316,0.0,0.6119319200515747
PU-F,mnist,1,0.4,0.0,170,1000,0,174,391,565,0.6191077351104468,0.49039999999999995,0.9108107937958503,0.38832000000000005,0.6163798955860575,311.4822433807418,3.509890199638903,0,0,171,0.43103448275862066,0.0,0.6069698929786682
PU-F,mnist,1,0.4,0.0,180,1000,0,184,376,560,0.6141770508838817,0.471,0.9064605274246472,0.37445999999999996,0.602948931658731,320.678596835192,3.706193335354328,0,0,181,0.42934782608695654,0.0,0.6061816811561584
PU-F,mnist,1,0.4,0.0,190,1000,0,194,366,560,0.6141770508838817,0.4607,0.9042948573068196,0.36496,0.5936414330708387,330.22858913959686,3.898880616761744,0,0,191,0.4329896907216495,0.0,0.604183554649353
PU-F,mnist,1,0.4,0.0,200,1000,0,204,349,553,0.6072644694359042,0.44079999999999997,0.8988678800140257,0.34902,0.5778347874612303,340.44636670836485,4.091410280205309,0,0,201,0.4264705882352941,0.0,0.605193555355072
PU-F,mnist,1,0.4,0.0,210,1000,0,214,331,545,0.5993507053353824,0.4204,0.893318716570321,0.3339799999999999,0.5626972255957696,349.3589786102562,4.2815468311309814,0,0,211,0.4158878504672897,0.0,0.601314902305603
PU-F,mnist,1,0.4,0.0,220,1000,0,224,333,557,0.6112158875330351,0.4233,0.896527892248536,0.3354,0.5641358921457522,357.95848578362603,4.471256899647415,0,0,221,0.42410714285714285,0.0,0.5984488725662231
PU-F,mnist,1,0.4,0.0,230,1000,0,234,343,577,0.6309178289957345,0.4645,0.9032170505373931,0.34338,0.5721839781606889,367.12701910222387,4.661458296701312,0,0,231,0.4358974358974359,0.0,0.5987063646316528
PU-F,mnist,1,0.4,0.0,240,1000,0,244,336,580,0.6338651222758926,0.46730000000000005,0.9007677338352665,0.3343,0.5630216060127258,375.70588482567797,4.851911376230419,0,0,241,0.4344262295081967,0.0,0.5965171456336975
PU-F,mnist,1,0.4,0.0,250,1000,0,254,315,569,0.6230481379316188,0.45099999999999996,0.8945585697691126,0.31831999999999994,0.5466976668759825,384.3855945776951,5.040386606939137,0,0,251,0.42913385826771655,0.0,0.5977080464363098
PU-F,mnist,1,0.4,0.0,260,1000,0,264,301,565,0.6191077351104468,0.43779999999999997,0.8886259718849291,0.30340000000000006,0.5312202628458278,392.93636801065537,5.22730565071106,0,0,261,0.4393939393939394,0.0,0.5922529101371765
PU-F,mnist,1,0.4,0.0,270,1000,0,274,302,576,0.6299349311739206,0.4335,0.890756559550664,0.3029400000000001,0.5307393560610499,401.66839075207275,5.414288165979087,0,0,271,0.43795620437956206,0.0,0.591472327709198
PU-F,mnist,1,0.4,0.0,280,1000,0,284,305,589,0.6426943367114291,0.4446,0.8946864332747687,0.3058600000000001,0.5337882490832864,410.3949144528439,5.600910388864577,0,0,281,0.43661971830985913,0.0,0.5907734036445618
PU-F,mnist,1,0.4,0.0,290,1000,0,294,311,605,0.6583432560437359,0.47929999999999995,0.8983150704825661,0.30856,0.5365993991944819,418.85313097343675,5.787459924817085,0,0,291,0.445578231292517,0.0,0.5938190221786499
PU-F,mnist,1,0.4,0.0,296,1000,0,300,294,594,0.6475911899469793,0.46220000000000006,0.8914245341737247,0.2934800000000001,0.5207989359554078,424.0514151696794,5.917654003947973,0,1,297,0.44333333333333336,0.0,0.5940895676612854
PU-G,mnist,1,0.4,0.0,0,1000,0,4,481,485,0.5395395061932504,0.5151,0.7633290084502762,0.4882999999999999,0.7083015862212069,0.4854340646004534,0.05677081644535065,0,0,1,0.25,0.0,0.7055285573005676
PU-G,mnist,1,0.4,0.0,10,1000,0,14,459,473,0.5274811378330924,0.38759999999999994,0.8152796991032979,0.45931999999999995,0.6825322840635527,43.11931638771575,0.25860135443508625,0,0,11,0.35714285714285715,0.0,0.5568197965621948
PU-G,mnist,1,0.4,0.0,20,1000,0,24,487,511,0.565556300978642,0.4637,0.8638764008561143,0.48747999999999997,0.7075820762862212,74.87292389516303,0.4604716822504997,0,0,21,0.4583333333333333,0.0,0.5878353714942932
PU-G,mnist,1,0.4,0.0,30,1000,0,34,512,546,0.6003407204407267,0.49219999999999997,0.8904669618321533,0.5075600000000001,0.7250403222247147,96.56360396005796,0.6658294424414635,0,0,31,0.38235294117647056,0.0,0.6100267171859741
PU-G,mnist,1,0.4,0.0,40,1000,0,44,501,545,0.5993507053353824,0.5023,0.8977046743618059,0.5034000000000001,0.7214510299406854,113.83905743425082,0.8630437655374408,0,0,41,0.38636363636363635,0.0,0.705733060836792
PU-G,mnist,1,0.4,0.0,50,1000,0,54,496,550,0.6042985122767277,0.5105999999999999,0.9032876975055666,0.49528,0.7144035249866147,134.16147983122107,1.0508981896564364,0,0,51,0.3888888888888889,0.0,0.6600964665412903
PU-G,mnist,1,0.4,0.0,60,1000,0,64,490,554,0.6082526663085446,0.508,0.9106995802723841,0.4939,0.7132003414487591,152.78969347664972,1.239489670842886,0,0,61,0.375,0.0,0.6343887448310852
PU-G,mnist,1,0.4,0.0,70,1000,0,74,489,563,0.6171361508895643,0.49550000000000005,0.9135674800923325,0.48979999999999996,0.7096163134874892,165.12650478413423,1.4289115881547332,0,0,71,0.3918918918918919,0.0,0.6191568970680237
PU-G,mnist,1,0.4,0.0,80,1000,0,84,484,568,0.6220633834600449,0.49160000000000004,0.9154867141275219,0.48388,0.7044166223682341,177.96578276334216,1.6189219066873193,0,0,81,0.39285714285714285,0.0,0.6102696657180786
PU-G,mnist,1,0.4,0.0,90,1000,0,94,477,571,0.6250169528648257,0.4841,0.9176473712303952,0.47692,0.6982660964517264,193.53731582275574,1.8084238953888416,0,0,91,0.39361702127659576,0.0,0.6199983358383179
PU-G,mnist,1,0.4,0.0,100,1000,0,104,474,578,0.6319004936376587,0.4837,0.9208618039526366,0.47402,0.6956914398866973,207.28301487163324,1.9987094346433878,0,0,101,0.38461538461538464,0.0,0.646510899066925
PU-G,mnist,1,0.4,0.0,110,1000,0,114,469,583,0.6368103096610866,0.4831,0.922349351857685,0.47068,0.6927174330961028,216.8561313816571,2.188450552523136,0,0,111,0.38596491228070173,0.0,0.6665250062942505
PU-G,mnist,1,0.4,0.0,120,1000,0,124,462,586,0.6397533837007359,0.4767,0.921576111567217,0.4614199999999999,0.6844232637852752,228.24766111979793,2.3783251456916332,0,0,121,0.3790322580645161,0.0,0.5758938193321228
PU-G,mnist,1,0.4,0.0,130,1000,0,134,453,587,0.640733937441837,0.4618,0.921257778269629,0.4532399999999999,0.6770365149766404,239.78105203376242,2.5678163981065154,0,0,131,0.3582089552238806,0.0,0.5787456631660461
PU-G,mnist,1,0.4,0.0,140,1000,0,144,447,591,0.6446537898154929,0.4675,0.9214928303790674,0.44702,0.6713819129298496,250.38746845280485,2.756840313784778,0,0,141,0.3611111111111111,0.0,0.5758230090141296
PU-G,mnist,1,0.4,0.0,150,1000,0,154,438,592,0.6456331607187167,0.4597,0.9204517731470221,0.43801999999999985,0.6631419521603603,261.25914468193884,2.945668363943696,0,0,151,0.35714285714285715,0.0,0.577157735824585
PU-G,mnist,1,0.4,0.0,160,1000,0,164,434,598,0.6515043885447085,0.47130000000000005,0.9218336176265796,0.43474,0.660121798677527,271.59442958903446,3.134388744831085,0,0,161,0.35365853658536583,0.0,0.5859687924385071
PU-G,mnist,1,0.4,0.0,170,1000,0,174,429,603,0.6563904977519996,0.46130000000000004,0.9221315764911417,0.43018,0.6559077654596942,280.3368918905948,3.322467368096113,0,0,171,0.3563218390804598,0.0,0.5750306844711304
PU-G,mnist,1,0.4,0.0,180,1000,0,184,418,602,0.6554137567291036,0.4427,0.9192720981910604,0.41820000000000007,0.6447515019888025,290.17965099898447,3.513435677625239,0,0,181,0.3532608695652174,0.0,0.568911075592041
PU-G,mnist,1,0.4,0.0,190,1000,0,194,413,607,0.6602950470987707,0.4333,0.9189261851082481,0.4123400000000001,0.6392491762717153,299.0484389673696,3.7054557260125875,0,0,191,0.3556701030927835,0.0,0.575550377368927
PU-G,mnist,1,0.4,0.0,200,1000,0,204,407,611,0.6641957156243734,0.41469999999999996,0.9189841453494559,0.40748000000000006,0.6346630876899096,307.8257860191603,3.9052538024261594,0,0,201,0.3382352941176471,0.0,0.5804165601730347
PU-G,mnist,1,0.4,0.0,210,1000,0,214,396,610,0.6632209136150777,0.42869999999999997,0.9161402208453245,0.3968,0.6245120406985836,316.07489071864865,4.095556774176657,0,0,211,0.3411214953271028,0.0,0.5750870704650879
PU-G,mnist,1,0.4,0.0,220,1000,0,224,392,616,0.669066057249438,0.4202,0.9154784703675414,0.39084,0.6188032394535588,324.34066202257947,4.290281837806106,0,0,221,0.3482142857142857,0.0,0.5731208324432373
PU-G,mnist,1,0.4,0.0,230,1000,0,234,383,617,0.670039389107842,0.41869999999999996,0.9146618780072848,0.38459999999999994,0.6127921414400918,332.6498261510593,4.478692991659045,0,0,231,0.358974358974359,0.0,0.5745067596435547
PU-G,mnist,1,0.4,0.0,240,1000,0,244,378,622,0.6749023438896984,0.4185,0.9137866770134327,0.3780800000000001,0.6064737263887648,341.38534659643597,4.663427992723882,0,0,241,0.36475409836065575,0.0,0.5722357034683228
PU-G,mnist,1,0.4,0.0,250,1000,0,254,373,627,0.6797590856440365,0.4085,0.9137030921628442,0.37382000000000004,0.6023245150115131,349.0918568995709,4.854086522944272,0,0,251,0.35826771653543305,0.0,0.5720112323760986
PU-G,mnist,1,0.4,0.0,260,1000,0,264,365,629,0.6817000304581597,0.3961,0.9118647798778434,0.3656999999999999,0.5943694407644129,357.33968794222034,5.053140443749726,0,0,261,0.3446969696969697,0.0,0.5717239379882812
PU-G,mnist,1,0.4,0.0,270,1000,0,274,356,630,0.6826701256795786,0.39259999999999995,0.9096709400819112,0.3570399999999999,0.5858177005443205,365.4335332417585,5.249123254790902,0,0,271,0.3467153284671533,0.0,0.5759178996086121
PU-G,mnist,1,0.4,0.0,280,1000,0,284,354,638,0.6904217723058537,0.3891,0.9098644504829385,0.3533800000000001,0.5821822178881353,373.3691242701685,5.446592524647713,0,0,281,0.3485915492957746,0.0,0.5775958895683289
PU-G,mnist,1,0.4,0.0,290,1000,0,294,346,640,0.692357134190388,0.38849999999999996,0.9081686384400725,0.34604,0.5748528988170609,381.14120162799634,5.6432448057457805,0,0,291,0.35374149659863946,0.0,0.5772894620895386
PU-G,mnist,1,0.4,0.0,296,1000,0,300,344,644,0.6962247701594606,0.37329999999999997,0.9085979277031121,0.3443799999999999,0.5731881347796015,386.1884516805203,5.77894037310034,0,1,297,0.35,0.0,0.5815455317497253
GREATS,mnist,1,0.4,0.0,0,1000,0,4,486,490,,0.5118,0.7596104164077652,0.48283999999999994,0.7035001465613012,0.7171245487796067,0.05677542742341757,0,0,1,0.25,0.0,0.6852521896362305
GREATS,mnist,1,0.4,0.0,10,1000,0,14,464,478,,0.49439999999999995,0.7942695947807483,0.46001999999999993,0.6831630226287594,26.371913200232356,0.19470930937677622,0,0,11,0.35714285714285715,0.0,0.6325764060020447
GREATS,mnist,1,0.4,0.0,20,1000,0,24,469,493,,0.46819999999999995,0.8548910185255192,0.47450000000000003,0.6961180753313692,74.09542567263505,0.33273639529943466,0,0,21,0.4583333333333333,0.0,0.6393527984619141
GREATS,mnist,1,0.4,0.0,30,1000,0,34,463,497,,0.47409999999999997,0.8739643146764606,0.46273999999999993,0.6856099825942928,113.45627319293621,0.47175117395818233,0,0,31,0.47058823529411764,0.0,0.6323973536491394
GREATS,mnist,1,0.4,0.0,40,1000,0,44,444,488,,0.48350000000000004,0.8821407232441769,0.44941999999999993,0.6735676293437787,143.34373932804644,0.6111243637278676,0,0,41,0.4090909090909091,0.0,0.6425666213035583
GREATS,mnist,1,0.4,0.0,50,1000,0,54,443,497,,0.4867,0.8907833107616866,0.4399,0.6648688791661754,173.7638559814149,0.7510506557300687,0,0,51,0.4074074074074074,0.0,0.6396480202674866
GREATS,mnist,1,0.4,0.0,60,1000,0,64,440,504,,0.43589999999999995,0.8974804155835006,0.43895999999999996,0.6640057920436827,191.27392892391813,0.8916729940101504,0,0,61,0.421875,0.0,0.6268150806427002
GREATS,mnist,1,0.4,0.0,70,1000,0,74,448,522,,0.4717,0.9051102701632475,0.4428,0.667526856768633,206.12321282008463,1.032646195963025,0,0,71,0.43243243243243246,0.0,0.6328229308128357
GREATS,mnist,1,0.4,0.0,80,1000,0,84,437,521,,0.4547,0.9065290977778147,0.43216,0.6577397303156618,225.7154612221378,1.1737937713041902,0,0,81,0.44047619047619047,0.0,0.6268179416656494
GREATS,mnist,1,0.4,0.0,90,1000,0,94,430,524,,0.48029999999999995,0.9096011936703984,0.4267800000000001,0.6527541176213314,243.23722963696,1.3151410026475787,0,0,91,0.425531914893617,0.0,0.6316195726394653
GREATS,mnist,1,0.4,0.0,100,1000,0,104,403,507,,0.43310000000000004,0.9026022567910728,0.40316,0.630569170107026,258.85176085832074,1.4568387176841497,0,0,101,0.4423076923076923,0.0,0.631269097328186
GREATS,mnist,1,0.4,0.0,110,1000,0,114,427,541,,0.504,0.9197886054582832,0.42314,0.6493668337165627,283.6362624045416,1.5996525613591075,0,0,111,0.4649122807017544,0.0,0.6412824988365173
GREATS,mnist,1,0.4,0.0,120,1000,0,124,389,513,,0.4234,0.9054028558143614,0.38910000000000006,0.6171305871755689,291.23179255812755,1.7423329846933484,0,0,121,0.45161290322580644,0.0,0.6302716732025146
GREATS,mnist,1,0.4,0.0,130,1000,0,134,388,522,,0.4868,0.9129715215807042,0.39421999999999996,0.622044670277933,308.8692692207325,1.885596071369946,0,0,131,0.4626865671641791,0.0,0.635647714138031
GREATS,mnist,1,0.4,0.0,140,1000,0,144,384,528,,0.4266,0.9102280117416314,0.37956,0.6079113563582378,325.13033097375137,2.029122573323548,0,0,141,0.4513888888888889,0.0,0.6370400786399841
GREATS,mnist,1,0.4,0.0,150,1000,0,154,375,529,,0.4427,0.9094989636283572,0.37349999999999994,0.6020121656740696,333.5445088899948,2.174061657860875,0,0,151,0.474025974025974,0.0,0.6277644634246826
GREATS,mnist,1,0.4,0.0,160,1000,0,164,373,537,,0.4706,0.9135995975428258,0.37211999999999995,0.6006640809429675,351.91581939747135,2.3188844760879874,0,0,161,0.4573170731707317,0.0,0.626113772392273
GREATS,mnist,1,0.4,0.0,170,1000,0,174,363,537,,0.4556,0.9115439558232535,0.36028000000000004,0.5890254335849863,366.55801092033505,2.4631107850000262,0,0,171,0.4482758620689655,0.0,0.6247140765190125
GREATS,mnist,1,0.4,0.0,180,1000,0,184,342,526,,0.4838,0.9031128775765636,0.3411999999999999,0.5699915523986515,370.9992632655909,2.6077581653371453,0,0,181,0.45652173913043476,0.0,0.6208306550979614
GREATS,mnist,1,0.4,0.0,190,1000,0,194,316,510,,0.4547,0.892661194036474,0.31528,0.5435628902909901,383.53460993534975,2.7516045924276114,0,0,191,0.4536082474226804,0.0,0.6220563054084778
GREATS,mnist,1,0.4,0.0,200,1000,0,204,339,543,,0.4626,0.9077714409559878,0.3366799999999999,0.5654310141533169,398.44188558612984,2.8947469955310225,0,0,201,0.44607843137254904,0.0,0.6228832006454468
GREATS,mnist,1,0.4,0.0,210,1000,0,214,290,504,,0.42479999999999996,0.8860479236243973,0.29200000000000004,0.5192349745533926,407.1235099769548,3.038340302184224,0,0,211,0.4439252336448598,0.0,0.6210092306137085
GREATS,mnist,1,0.4,0.0,220,1000,0,224,306,530,,0.46530000000000005,0.8978311010485724,0.30602,0.5339550502836,422.315324922645,3.1828548992052674,0,0,221,0.44642857142857145,0.0,0.6198851466178894
GREATS,mnist,1,0.4,0.0,230,1000,0,234,272,506,,0.4082,0.8816279050820173,0.2725600000000001,0.4984643604255758,432.39530015149626,3.326381327584386,0,0,231,0.44871794871794873,0.0,0.6187618374824524
GREATS,mnist,1,0.4,0.0,240,1000,0,244,270,514,,0.39880000000000004,0.8830793038937468,0.26930000000000004,0.4949387204187909,444.93794710205066,3.470482192002237,0,0,241,0.44672131147540983,0.0,0.6152427196502686
GREATS,mnist,1,0.4,0.0,250,1000,0,254,283,537,,0.45589999999999997,0.8944061024116569,0.28376000000000007,0.5104831675009929,457.0503131657925,3.6148828016594052,0,0,251,0.4448818897637795,0.0,0.6119850873947144
GREATS,mnist,1,0.4,0.0,260,1000,0,264,303,567,,0.4568,0.9081677916166226,0.30136,0.5290858249411884,476.45628955889833,3.759894609451294,0,0,261,0.4393939393939394,0.0,0.6226560473442078
GREATS,mnist,1,0.4,0.0,270,1000,0,274,274,548,,0.4263,0.8924087198908672,0.26992000000000005,0.49561020357530017,480.30227416804763,3.9058423610404134,0,0,271,0.43795620437956206,0.0,0.6089115142822266
GREATS,mnist,1,0.4,0.0,280,1000,0,284,261,545,,0.4365,0.8906172641476905,0.26208000000000004,0.4870855002995683,491.140851123619,4.051787410862744,0,0,281,0.44014084507042256,0.0,0.6094638705253601
GREATS,mnist,1,0.4,0.0,290,1000,0,294,250,544,,0.4507,0.8859909409411832,0.24977999999999997,0.4735603976650876,501.2276280406362,4.197299921885133,0,0,291,0.4421768707482993,0.0,0.6085119843482971
GREATS,mnist,1,0.4,0.0,296,1000,0,300,241,541,,0.41890000000000005,0.8800962278095744,0.2375,0.45986586465283946,506.97429207193244,4.302864079363644,0,1,297,0.44,0.0,0.6109355688095093
MaxLoss,mnist,2,0.0,0.0,0,1000,0,4,418,422,0.4758746565785259,0.4141,0.7303878200255075,0.44734,0.6716736235567302,0.9002765842838535,0.060232373885810375,0,0,1,0.0,0.0,0.6636908650398254
MaxLoss,mnist,2,0.0,0.0,10,1000,0,14,436,450,0.5042797606438398,0.4547,0.7772400136029731,0.43016,0.6558892436155894,30.801594340416198,0.1657698741182685,0,0,11,0.0,0.0,0.6792545914649963
MaxLoss,mnist,2,0.0,0.0,20,1000,0,24,423,447,0.5012447913177311,0.44420000000000004,0.797656756200758,0.40428000000000003,0.6316321329598515,65.79110998397498,0.2713046669960022,0,0,21,0.0,0.0,0.6185415983200073
MaxLoss,mnist,2,0.0,0.0,30,1000,0,34,353,387,0.44011660222895443,0.3842,0.7800099274286986,0.34525999999999996,0.5740709919079497,97.92419954734997,0.375924676656723,0,0,31,0.0,0.0,0.5931684970855713
MaxLoss,mnist,2,0.0,0.0,40,1000,0,44,325,369,0.4216149055864662,0.36619999999999997,0.7809074575115568,0.3161,0.544409392382642,129.6401576217135,0.4804994221776724,0,0,41,0.0,0.0,0.580140233039856
MaxLoss,mnist,2,0.0,0.0,50,1000,0,54,212,266,0.31414983980357647,0.24080000000000001,0.701441805454171,0.20831999999999995,0.42649801872076226,154.68501409937778,0.5841235127300024,0,0,51,0.0,0.0,0.5750869512557983
MaxLoss,mnist,2,0.0,0.0,60,1000,0,64,166,230,0.2758599375956692,0.2237,0.6715331458708262,0.16858,0.37891684873272136,171.31469642447053,0.6875416822731495,0,0,61,0.0,0.0,0.5834996104240417
MaxLoss,mnist,2,0.0,0.0,70,1000,0,74,189,263,0.3109750415896997,0.24819999999999998,0.7041178839700902,0.18596000000000004,0.4000583429057406,190.4149612187071,0.7917700288817286,0,0,71,0.0,0.0,0.5927096009254456
MaxLoss,mnist,2,0.0,0.0,80,1000,0,84,94,178,0.2197143894736655,0.1431,0.5985440883217714,0.09323999999999998,0.27932058183597464,201.2863110340916,0.896081168204546,0,0,81,0.0,0.0,0.5799897313117981
MaxLoss,mnist,2,0.0,0.0,90,1000,0,94,103,197,0.24035694869235158,0.17159999999999997,0.6282420809710304,0.10319999999999999,0.29343071565611034,222.85996880004237,1.0004201671108603,0,0,91,0.0,0.0,0.5989248752593994
MaxLoss,mnist,2,0.0,0.0,100,1000,0,104,60,164,0.20439738139975816,0.12749999999999995,0.5658428611669098,0.057180000000000016,0.22447243687587512,234.873771470849,1.1048564249649644,0,0,101,0.0,0.0,0.571593165397644
MaxLoss,mnist,2,0.0,0.0,110,1000,0,114,58,172,0.21316163567826152,0.138,0.5812171330701673,0.059800000000000006,0.228708863456181,250.2274192127102,1.2096239356324077,0,0,111,0.0,0.0,0.5803250670433044
MaxLoss,mnist,2,0.0,0.0,120,1000,0,124,15,139,0.1767886991146952,0.10050000000000003,0.5029598775996245,0.017840000000000016,0.1519366462571236,263.73247841474483,1.3145948890596628,0,0,121,0.0,0.0,0.5801457166671753
MaxLoss,mnist,2,0.0,0.0,130,1000,0,134,12,146,0.18455505277961493,0.0907,0.49554405971519383,0.01200000000000001,0.13845695086250295,277.0907483678775,1.4195630960166454,0,0,131,0.0,0.0,0.5823577046394348
MaxLoss,mnist,2,0.0,0.0,140,1000,0,144,12,156,0.1956003776867874,0.09430000000000005,0.5021610785626895,0.01126000000000001,0.13663958236062465,289.9819711386382,1.5241291113197803,0,0,141,0.0,0.0,0.5866020321846008
MaxLoss,mnist,2,0.0,0.0,148,1000,0,152,0,152,0.19118899083696306,0.08850000000000002,0.47082195778946356,0.0015200000000000014,0.10786442723012842,299.5073376933932,1.6167708253487945,1,0,149,0.0,0.0,0.5825136303901672
PU-C,mnist,2,0.0,0.0,0,1000,0,4,451,455,0.509333570022136,0.46140000000000003,0.7476270408452315,0.46775999999999995,0.690109753497925,0.8784286285002327,0.05703397188335657,0,0,1,0.0,0.0,0.6900437474250793
PU-C,mnist,2,0.0,0.0,10,1000,0,14,445,459,0.5133725987398066,0.4262,0.7894841521473864,0.44389999999999996,0.6685331853210935,31.802611593509976,0.18133663851767778,0,0,11,0.0,0.0,0.6576110124588013
PU-C,mnist,2,0.0,0.0,20,1000,0,24,453,477,0.5315041459980421,0.45089999999999997,0.8387791342606361,0.44892,0.6731126737914017,75.44956104543606,0.3064586976543069,0,0,21,0.0,0.0,0.6298784017562866
PU-C,mnist,2,0.0,0.0,30,1000,0,34,373,407,0.46058444341178983,0.3932,0.8065122871247113,0.37516,0.6036314571714203,101.84310334470044,0.43168204464018345,0,0,31,0.0,0.0,0.6083037257194519
PU-C,mnist,2,0.0,0.0,40,1000,0,44,276,320,0.3708449159748852,0.27980000000000005,0.7307047762006702,0.27126000000000006,0.49705992669302057,115.15184975225394,0.5556915011256933,0,0,41,0.0,0.0,0.5661272406578064
PU-C,mnist,2,0.0,0.0,50,1000,0,54,278,332,0.3833348548505455,0.2985,0.7463424033882585,0.26926,0.4948953833404247,137.0847828489527,0.6788871856406331,0,0,51,0.0,0.0,0.5926787257194519
PU-C,mnist,2,0.0,0.0,60,1000,0,64,253,317,0.3677165018161759,0.28669999999999995,0.7406330050060629,0.25278,0.47687655238672233,149.56634179706262,0.8014798639342189,0,0,61,0.0,0.0,0.5950554013252258
PU-C,mnist,2,0.0,0.0,70,1000,0,74,200,274,0.32260245591169223,0.22970000000000002,0.6958116299512516,0.19843999999999995,0.4149148246482139,160.69746279661257,0.922614281065762,0,0,71,0.0,0.0,0.5833967328071594
PU-C,mnist,2,0.0,0.0,80,1000,0,84,189,273,0.32154694193741307,0.20720000000000005,0.6940186140608117,0.18628,0.40044254758187015,175.58864058277442,1.0430929930880666,0,0,81,0.0,0.0,0.596436083316803
PU-C,mnist,2,0.0,0.0,90,1000,0,94,157,251,0.2982474688324146,0.1854,0.6698609237662609,0.15524000000000004,0.36229864027957037,189.6659290222053,1.163518994115293,0,0,91,0.0,0.0,0.5944005846977234
PU-C,mnist,2,0.0,0.0,100,1000,0,104,119,223,0.26836333447135985,0.14229999999999998,0.6317088651749567,0.11722000000000002,0.3127189894430817,201.39411099708843,1.2835485404357314,0,0,101,0.0,0.0,0.5853740572929382
PU-C,mnist,2,0.0,0.0,110,1000,0,114,88,202,0.24576352158328518,0.13180000000000003,0.6015259713616283,0.08953999999999997,0.27398231646744103,212.60046660053936,1.4033204950392246,0,0,111,0.0,0.0,0.5921117067337036
PU-C,mnist,2,0.0,0.0,120,1000,0,124,85,209,0.25331574806477875,0.1372,0.6006126951578489,0.08315999999999996,0.2646429230855393,224.48749966034876,1.5224302047863603,0,0,121,0.0,0.0,0.5946244597434998
PU-C,mnist,2,0.0,0.0,130,1000,0,134,67,201,0.24468302680179477,0.11660000000000004,0.5820672046752332,0.06673999999999994,0.23970845863550236,234.7844755024419,1.6426314413547516,0,0,131,0.0,0.0,0.5925002098083496
PU-C,mnist,2,0.0,0.0,140,1000,0,144,55,199,0.24252081190934405,0.11360000000000003,0.5714042047387126,0.055700000000000055,0.2220573808813687,246.38212746801815,1.762161030434072,0,0,141,0.0,0.0,0.5919923782348633
PU-C,mnist,2,0.0,0.0,150,1000,0,154,56,210,0.25439305684994906,0.12150000000000005,0.5796422460043367,0.05584000000000004,0.22228653133000695,257.9411885544682,1.8810738315805793,0,0,151,0.0,0.0,0.5935646295547485
PU-C,mnist,2,0.0,0.0,160,1000,0,164,78,242,0.2886711081955582,0.14749999999999996,0.6246618036716433,0.07885999999999997,0.25824532304162007,269.669048465696,2.0010624369606376,0,0,161,0.0,0.0,0.5995355248451233
PU-C,mnist,2,0.0,0.0,170,1000,0,174,53,227,0.27264926669886336,0.12150000000000005,0.5878403428595065,0.052000000000000046,0.21594613050011996,280.4455315948156,2.121157185174525,0,0,171,0.0,0.0,0.5957300662994385
PU-C,mnist,2,0.0,0.0,180,1000,0,184,35,219,0.2640715489978902,0.10389999999999999,0.5598194020309856,0.03434000000000003,0.18499763522190746,289.7042990105131,2.240929326042533,0,0,181,0.0,0.0,0.5938244462013245
PU-C,mnist,2,0.0,0.0,190,1000,0,194,22,216,0.26084880327107385,0.09219999999999995,0.5368816031288219,0.021220000000000017,0.15920060220435545,300.4021641067351,2.3598780166357756,0,0,191,0.0,0.0,0.5926572680473328
PU-C,mnist,2,0.0,0.0,200,1000,0,204,10,214,0.2586984192603268,0.08350000000000002,0.5171562147712448,0.012320000000000011,0.13923389228053223,307.43367664914257,2.4778847256675363,0,0,201,0.0,0.0,0.5896196961402893
PU-C,mnist,2,0.0,0.0,208,1000,0,212,0,212,0.2565465088118799,0.08030000000000004,0.4851552477906781,0.0019600000000000017,0.1095585684124188,317.306414035982,2.580753785558045,1,0,209,0.0,0.0,0.5909666419029236
PU-F,mnist,2,0.0,0.0,0,1000,0,4,501,505,0.5595657574012876,0.4891,0.7592373475759698,0.48128,0.7021237415147247,0.9990280435757898,0.05604092217981815,0,0,1,0.0,0.0,0.7081038951873779
PU-F,mnist,2,0.0,0.0,10,1000,0,14,421,435,0.4890847221831791,0.41059999999999997,0.7760045697394675,0.41838000000000003,0.6449200429598223,36.76117588940708,0.25207698717713356,0,0,11,0.0,0.0,0.6447887420654297
PU-F,mnist,2,0.0,0.0,20,1000,0,24,425,449,0.5032683280296624,0.4474,0.8185192926664429,0.41662,0.6432708801484279,78.60393945583013,0.4382988912984729,0,0,21,0.0,0.0,0.612582802772522
PU-F,mnist,2,0.0,0.0,30,1000,0,34,306,340,0.39164074568543583,0.32530000000000003,0.757324957618427,0.30768,0.5356840167008827,108.2887990331509,0.6176412282511592,0,0,31,0.0,0.0,0.6293116211891174
PU-F,mnist,2,0.0,0.0,40,1000,0,44,256,300,0.3499428865034133,0.27370000000000005,0.7276732091732632,0.2548,0.4791030672510734,130.09339919103934,0.7824466051533818,0,0,41,0.0,0.0,0.6329866647720337
PU-F,mnist,2,0.0,0.0,50,1000,0,54,217,271,0.319435007753782,0.2368,0.7102114802272299,0.22279999999999997,0.443207409592879,147.12582986078434,0.943482231348753,0,0,51,0.0,0.0,0.633102536201477
PU-F,mnist,2,0.0,0.0,60,1000,0,64,182,246,0.29293058486655354,0.2067,0.6808563181380022,0.18030000000000004,0.3932332634256172,166.48528696228797,1.0983284264802933,0,0,61,0.0,0.0,0.634880542755127
PU-F,mnist,2,0.0,0.0,70,1000,0,74,142,216,0.26084880327107385,0.18120000000000003,0.6576789021185875,0.14884000000000003,0.35419453961659897,183.22446860344405,1.2451499225571752,0,0,71,0.0,0.0,0.635259747505188
PU-F,mnist,2,0.0,0.0,80,1000,0,84,132,216,0.26084880327107385,0.1795,0.6520419997529184,0.13262000000000002,0.3332371085958593,202.44464789372856,1.3874179581180215,0,0,81,0.0,0.0,0.624596118927002
PU-F,mnist,2,0.0,0.0,90,1000,0,94,97,191,0.23385528626386076,0.15339999999999998,0.6186901363574632,0.10003999999999998,0.2889932227288886,215.52527190438036,1.5282334173098207,0,0,91,0.0,0.0,0.6281935572624207
PU-F,mnist,2,0.0,0.0,100,1000,0,104,86,190,0.23277018213411793,0.15710000000000002,0.6147691497914962,0.09045999999999997,0.2753148352104865,229.2560778553027,1.6648580795153975,0,0,101,0.0,0.0,0.6232110261917114
PU-F,mnist,2,0.0,0.0,110,1000,0,114,110,224,0.26943536213366315,0.17410000000000003,0.6529500269923983,0.11135999999999997,0.3047329341260042,243.36482308321646,1.8050712356343865,0,0,111,0.0,0.0,0.6189864873886108
PU-F,mnist,2,0.0,0.0,120,1000,0,124,55,179,0.22080486710183322,0.12839999999999996,0.5763998125408402,0.054920000000000024,0.22077796444634687,255.57279964342703,1.9373409133404493,0,0,121,0.0,0.0,0.6154460310935974
PU-F,mnist,2,0.0,0.0,130,1000,0,134,62,196,0.23927439335966483,0.12209999999999999,0.5970994553463541,0.06180000000000002,0.23191078871912815,268.75892151774866,2.0657759085297585,0,0,131,0.0,0.0,0.6199063062667847
PU-F,mnist,2,0.0,0.0,140,1000,0,144,22,166,0.2065914436825551,0.10160000000000002,0.5303401727261524,0.024060000000000022,0.16507290363251456,280.2022031488899,2.1935695447027683,0,0,141,0.0,0.0,0.6149966716766357
PU-F,mnist,2,0.0,0.0,150,1000,0,154,82,236,0.2822717457311228,0.16400000000000003,0.6437080303527561,0.07905999999999996,0.25854482549145563,300.04807284849244,2.319785127416253,0,0,151,0.0,0.0,0.6284648180007935
PU-F,mnist,2,0.0,0.0,160,1000,0,164,95,259,0.306737604259979,0.16849999999999998,0.665079403633972,0.08965999999999996,0.27415632039314713,310.93845258892713,2.454692822881043,0,0,161,0.0,0.0,0.6161798238754272
PU-F,mnist,2,0.0,0.0,170,1000,0,174,28,202,0.24576352158328518,0.11140000000000005,0.5580506621934042,0.026220000000000025,0.1694186080416375,314.5797966175968,2.5787861552089453,0,0,171,0.0,0.0,0.5999839901924133
PU-F,mnist,2,0.0,0.0,180,1000,0,184,21,205,0.2490025814040564,0.1119,0.5553780436940102,0.022260000000000016,0.16137343226498943,325.1976899350825,2.7010586876422167,0,0,181,0.0,0.0,0.603309690952301
PU-F,mnist,2,0.0,0.0,187,1000,0,191,0,191,0.23385528626386076,0.08199999999999996,0.48482781498999905,0.00030000000000000024,0.10241604675681087,331.6127012223826,2.7977619618177414,1,0,188,0.0,0.0,0.5895421504974365
PU-G,mnist,2,0.0,0.0,0,1000,0,4,449,453,0.5073127166251652,0.4487,0.7381107843675276,0.45674,0.6802040015458509,0.8101006186038847,0.056623224169015884,0,0,1,0.0,0.0,0.6559996008872986
PU-G,mnist,2,0.0,0.0,10,1000,0,14,422,436,0.49009929836029187,0.41859999999999997,0.787347597957363,0.41602000000000006,0.6427080506699488,47.44093328665062,0.2415439374744892,0,0,11,0.0,0.0,0.5570887327194214
PU-G,mnist,2,0.0,0.0,20,1000,0,24,417,441,0.4951688015135005,0.43589999999999995,0.8219484822692904,0.4171000000000001,0.6437209185241375,82.29709560724062,0.4344329359009862,0,0,21,0.0,0.0,0.5684829354286194
PU-G,mnist,2,0.0,0.0,30,1000,0,34,387,421,0.47485690930625424,0.40969999999999995,0.8202350939657385,0.39055999999999996,0.6185342602565537,104.93024488466692,0.6240725433453918,0,0,31,0.0,0.0,0.5939002633094788
PU-G,mnist,2,0.0,0.0,40,1000,0,44,371,415,0.468745636055246,0.3944,0.8189136992569388,0.3679,0.5965307812398196,126.72094126267163,0.8031539777293801,0,0,41,0.0,0.0,0.6299658417701721
PU-G,mnist,2,0.0,0.0,50,1000,0,54,347,401,0.4544538675691001,0.37039999999999995,0.8063858623444852,0.33565999999999996,0.5643990944182469,144.33358134595645,0.9730711206793785,0,0,51,0.0,0.0,0.6467053890228271
PU-G,mnist,2,0.0,0.0,60,1000,0,64,327,391,0.44421764730941504,0.351,0.8076288819063182,0.32059999999999994,0.5490425264224583,164.80207018623946,1.1410892186686397,0,0,61,0.0,0.0,0.6196666955947876
PU-G,mnist,2,0.0,0.0,70,1000,0,74,341,415,0.468745636055246,0.36329999999999996,0.8265273842672675,0.33262,0.5613174779742723,182.2912323841643,1.3057733988389373,0,0,71,0.0,0.0,0.6192379593849182
PU-G,mnist,2,0.0,0.0,80,1000,0,84,244,328,0.3791757241706364,0.2973,0.7657327556333298,0.24538000000000004,0.4686760269310227,197.52365053956717,1.467960680834949,0,0,81,0.0,0.0,0.5984575748443604
PU-G,mnist,2,0.0,0.0,90,1000,0,94,266,360,0.41233479900984094,0.30489999999999995,0.7870018662267779,0.25992,0.48472386084693253,212.78355552117728,1.6262680795043707,0,0,91,0.0,0.0,0.5926523208618164
PU-G,mnist,2,0.0,0.0,100,1000,0,104,200,304,0.3541320319636725,0.24250000000000005,0.740080886800185,0.20109999999999995,0.41804844464471785,222.78980103709333,1.7839314294978976,0,0,101,0.0,0.0,0.5938198566436768
PU-G,mnist,2,0.0,0.0,110,1000,0,114,178,292,0.34155116631882265,0.22299999999999998,0.7223556240113601,0.17710000000000004,0.3893494198429663,233.17182504692036,1.935722205787897,0,0,111,0.0,0.0,0.5911341905593872
PU-G,mnist,2,0.0,0.0,120,1000,0,124,117,241,0.2876053990330547,0.16959999999999997,0.656434707533913,0.11556000000000001,0.31046730672755735,240.3937836978319,2.0828799474984407,0,0,121,0.0,0.0,0.5966328382492065
PU-G,mnist,2,0.0,0.0,130,1000,0,134,100,234,0.28013587463647127,0.15810000000000002,0.643043947300707,0.10074,0.2899792564336464,249.8281609752333,2.2237305156886578,0,0,131,0.0,0.0,0.5952779650688171
PU-G,mnist,2,0.0,0.0,140,1000,0,144,89,233,0.2790674169664271,0.13949999999999996,0.6352303774618546,0.09029999999999996,0.2750833417802886,260.1455997665928,2.3620822094380856,0,0,141,0.0,0.0,0.6060765981674194
PU-G,mnist,2,0.0,0.0,150,1000,0,154,87,241,0.2876053990330547,0.1371,0.6386734523077322,0.08847999999999998,0.272442689413326,269.6140447584693,2.4983356576412916,0,0,151,0.0,0.0,0.612103283405304
PU-G,mnist,2,0.0,0.0,160,1000,0,164,85,249,0.2961217011907138,0.14080000000000004,0.6406891205721506,0.08582,0.26855821041886124,278.92599640225745,2.6331108501181006,0,0,161,0.0,0.0,0.6081210374832153
PU-G,mnist,2,0.0,0.0,170,1000,0,174,70,244,0.29080151580274105,0.1311,0.6236082660638741,0.07029999999999995,0.24523632454812225,288.76661572436205,2.768825442530215,0,0,171,0.0,0.0,0.6030083894729614
PU-G,mnist,2,0.0,0.0,180,1000,0,184,64,248,0.29505832568975165,0.12490000000000001,0.6199093356205937,0.06429999999999995,0.23587614769632012,298.18440339530173,2.903438380919397,0,0,181,0.0,0.0,0.5990149974822998
PU-G,mnist,2,0.0,0.0,190,1000,0,194,49,243,0.289736479986459,0.11470000000000002,0.6011272617360313,0.05012000000000004,0.21279833562815748,306.69043097793656,3.035122698172927,0,0,191,0.0,0.0,0.5974273681640625
PU-G,mnist,2,0.0,0.0,200,1000,0,204,46,250,0.2971847485168837,0.1169,0.5976583793412096,0.04526000000000004,0.20451559599799304,315.4248537521544,3.165657125413418,0,0,201,0.0,0.0,0.5970710515975952
PU-G,mnist,2,0.0,0.0,210,1000,0,214,42,256,0.303556207974907,0.12019999999999997,0.5965533053431955,0.04194000000000003,0.19872539413152474,323.8547991613141,3.294805772602558,0,0,211,0.0,0.0,0.5949509739875793
PU-G,mnist,2,0.0,0.0,220,1000,0,224,33,257,0.30461699166335166,0.1078,0.5848559756908687,0.03338000000000003,0.18321022343177948,332.6102961835796,3.4229540657252073,0,0,221,0.0,0.0,0.5937336087226868
PU-G,mnist,2,0.0,0.0,230,1000,0,234,28,262,0.30991615290986374,0.10560000000000003,0.5815495252546145,0.029440000000000025,0.17572838740608074,341.0044453511681,3.5499471947550774,0,0,231,0.0,0.0,0.5939254760742188
PU-G,mnist,2,0.0,0.0,240,1000,0,244,22,266,0.31414983980357647,0.10550000000000004,0.5706307298059814,0.022540000000000022,0.16195387551811122,348.97910705765815,3.6761760795488954,0,0,241,0.0,0.0,0.5954204797744751
PU-G,mnist,2,0.0,0.0,250,1000,0,254,22,276,0.3247125825146213,0.10089999999999999,0.5761308879373566,0.022840000000000023,0.16257370176811756,357.02248893657213,3.80206302087754,0,0,251,0.0,0.0,0.5958118438720703
PU-G,mnist,2,0.0,0.0,260,1000,0,264,15,279,0.3278755331411958,0.09079999999999999,0.5592006497644043,0.014800000000000013,0.14509152236537579,363.04660483049116,3.927796901203692,0,0,261,0.0,0.0,0.5896585583686829
PU-G,mnist,2,0.0,0.0,270,1000,0,274,8,282,0.33103581896284595,0.09409999999999996,0.5444080808587058,0.008440000000000008,0.12940755248518426,370.3517232958954,4.052554282359779,0,0,271,0.0,0.0,0.5949282646179199
PU-G,mnist,2,0.0,0.0,280,1000,0,284,2,286,0.335245430120267,0.09289999999999998,0.5260567683199151,0.003060000000000003,0.11347551498995884,373.60974380522697,4.176021542400122,0,0,281,0.0,0.0,0.6050485372543335
PU-G,mnist,2,0.0,0.0,284,1000,0,288,0,288,0.3373484928160906,0.09060000000000001,0.5161572657143637,0.0008800000000000008,0.1051985383443183,375.3372259315005,4.251446061767638,1,0,285,0.0,0.0,0.598234236240387
GREATS,mnist,2,0.0,0.0,0,1000,0,4,456,460,,0.4234,0.743868435710649,0.46352,0.6863105376731623,0.8179564233199582,0.056228192523121834,0,0,1,0.0,0.0,0.6599255204200745
GREATS,mnist,2,0.0,0.0,10,1000,0,14,280,294,,0.2833,0.6561267479747066,0.2891,0.5161634597595955,33.87481065135102,0.18953683134168386,0,0,11,0.0,0.0,0.6015456318855286
GREATS,mnist,2,0.0,0.0,20,1000,0,24,282,306,,0.30689999999999995,0.7018625417410845,0.27514,0.5012457804728668,80.3990419327446,0.32036341819912195,0,0,21,0.0,0.0,0.6102020144462585
GREATS,mnist,2,0.0,0.0,30,1000,0,34,209,243,,0.25429999999999997,0.6654737197154136,0.20907999999999993,0.42738277667231456,111.03022939345138,0.45029320381581783,0,0,31,0.0,0.0,0.6222673058509827
GREATS,mnist,2,0.0,0.0,40,1000,0,44,293,337,,0.30810000000000004,0.7459521732035519,0.26914,0.4947653607612407,136.70988859595064,0.5796040976420045,0,0,41,0.0,0.0,0.6279857754707336
GREATS,mnist,2,0.0,0.0,50,1000,0,54,226,280,,0.2631,0.7219779489648686,0.22959999999999997,0.45095031177621514,153.88847519861997,0.710357278585434,0,0,51,0.0,0.0,0.625749409198761
GREATS,mnist,2,0.0,0.0,60,1000,0,64,235,299,,0.2781,0.7350903838892164,0.22363999999999998,0.44416740033348023,180.6481839972918,0.8399275504052639,0,0,61,0.0,0.0,0.6372005939483643
GREATS,mnist,2,0.0,0.0,70,1000,0,74,151,225,,0.2098,0.6659625515301321,0.14836,0.35358312250745677,195.40077941103004,0.9672220926731825,0,0,71,0.0,0.0,0.6256758570671082
GREATS,mnist,2,0.0,0.0,80,1000,0,84,108,192,,0.16249999999999998,0.6329807673898876,0.11265999999999998,0.30651367306359617,211.50102324111603,1.0934738526120782,0,0,81,0.0,0.0,0.6272789239883423
GREATS,mnist,2,0.0,0.0,90,1000,0,94,120,214,,0.1844,0.6594822242220841,0.1241,0.3219659723586094,228.63049310755835,1.21931036375463,0,0,91,0.0,0.0,0.6266182065010071
GREATS,mnist,2,0.0,0.0,100,1000,0,104,107,211,,0.15369999999999995,0.6504870642653074,0.10985999999999999,0.3026716223798764,242.59046512955692,1.3464557733386755,0,0,101,0.0,0.0,0.6240576505661011
GREATS,mnist,2,0.0,0.0,110,1000,0,114,71,185,,0.1371,0.6139109790181848,0.07691999999999996,0.2553299991144381,257.65508640214927,1.473489842377603,0,0,111,0.0,0.0,0.6229774951934814
GREATS,mnist,2,0.0,0.0,120,1000,0,124,94,218,,0.15690000000000004,0.644651559238504,0.09097999999999998,0.2760664697234355,273.52899233872876,1.5998572409152985,0,0,121,0.0,0.0,0.6263224482536316
GREATS,mnist,2,0.0,0.0,130,1000,0,134,69,203,,0.13249999999999995,0.6188206210727264,0.06877999999999998,0.2428850778050394,284.91418935353715,1.7259166203439236,0,0,131,0.0,0.0,0.6215668320655823
GREATS,mnist,2,0.0,0.0,140,1000,0,144,34,178,,0.10160000000000002,0.5633795605453924,0.03400000000000004,0.18436609495539463,296.24881023303664,1.851218738593161,0,0,141,0.0,0.0,0.6207898259162903
GREATS,mnist,2,0.0,0.0,150,1000,0,154,29,183,,0.10109999999999997,0.5633113449447512,0.030560000000000028,0.17788031180697556,307.5808672851391,1.9764628438279033,0,0,151,0.0,0.0,0.6172880530357361
GREATS,mnist,2,0.0,0.0,160,1000,0,164,27,191,,0.11009999999999998,0.5686722806973847,0.029700000000000025,0.17622981029733736,319.0432352560468,2.1014367286115885,0,0,161,0.0,0.0,0.6123109459877014
GREATS,mnist,2,0.0,0.0,170,1000,0,174,15,189,,0.09689999999999999,0.5411721226147297,0.015880000000000016,0.14756162823185623,328.76778483312705,2.2258466659113765,0,0,171,0.0,0.0,0.6113747358322144
GREATS,mnist,2,0.0,0.0,180,1000,0,184,13,197,,0.09830000000000005,0.5412231806471813,0.013780000000000013,0.1427155459888802,338.2431646176313,2.3492298051714897,0,0,181,0.0,0.0,0.6118399500846863
GREATS,mnist,2,0.0,0.0,190,1000,0,194,5,199,,0.08509999999999995,0.5227520341620738,0.006200000000000006,0.12321780824880431,347.7104771358764,2.4732946725562215,0,0,191,0.0,0.0,0.6060938239097595
GREATS,mnist,2,0.0,0.0,200,1000,0,204,10,214,,0.08989999999999998,0.5456603150721434,0.011440000000000011,0.13708438507400528,356.6682209491348,2.596251063980162,0,0,201,0.0,0.0,0.6032624244689941
GREATS,mnist,2,0.0,0.0,203,1000,0,207,0,207,,0.08199999999999996,0.5014904953553602,0.00016000000000000015,0.10163255599900796,359.3719283208171,2.6640485543757677,1,0,204,0.0,0.0,0.6046126484870911
MaxLoss,mnist,2,0.4,0.0,0,1000,0,4,475,479,0.533514317823574,0.41459999999999997,0.7632894393355915,0.48818000000000006,0.7081963270741302,0.5032700788662491,0.05872470885515213,0,0,1,0.0,0.0,0.7097784876823425
MaxLoss,mnist,2,0.4,0.0,10,1000,0,14,494,508,0.5625620305654593,0.4727,0.8080186696989343,0.49598,0.7150132295554911,17.648298573489136,0.16254952549934387,0,0,11,0.5,0.0,0.7106524705886841
MaxLoss,mnist,2,0.4,0.0,20,1000,0,24,478,502,0.556567482999526,0.5092,0.8460207072624651,0.4807600000000001,0.7016644886973316,58.546509528830704,0.2665837313979864,0,0,21,0.4583333333333333,0.0,0.6890088319778442
MaxLoss,mnist,2,0.4,0.0,30,1000,0,34,477,511,0.565556300978642,0.4897,0.8740770784107003,0.48029999999999995,0.7012580385213057,96.10481223010355,0.36949433479458094,0,0,31,0.4411764705882353,0.0,0.6628550291061401
MaxLoss,mnist,2,0.4,0.0,40,1000,0,44,473,517,0.5715388267417438,0.492,0.8876648451925951,0.47452000000000005,0.6961358476284998,125.67851133747337,0.4722051117569208,0,0,41,0.45454545454545453,0.0,0.6369672417640686
MaxLoss,mnist,2,0.4,0.0,50,1000,0,54,467,521,0.5755227152258158,0.5154000000000001,0.8956893332744805,0.46529999999999994,0.6879073278606722,152.96529820391737,0.5748367458581924,0,0,51,0.48148148148148145,0.0,0.5980932712554932
MaxLoss,mnist,2,0.4,0.0,60,1000,0,64,439,503,0.5575671300757676,0.46630000000000005,0.8951961553754019,0.44615999999999995,0.670597510720009,176.01096656532414,0.6774064367637038,0,0,61,0.484375,0.0,0.5949282050132751
MaxLoss,mnist,2,0.4,0.0,70,1000,0,74,434,508,0.5625620305654593,0.4386,0.8964277975266057,0.43236,0.6579245904658634,197.6852238943299,0.7797671621665359,0,0,71,0.5,0.0,0.5865803360939026
MaxLoss,mnist,2,0.4,0.0,80,1000,0,84,409,493,0.5475606632535346,0.41479999999999995,0.8936977082575285,0.4117,0.6386464277613885,220.04617591815284,0.8822754947468638,0,0,81,0.4880952380952381,0.0,0.5953230261802673
MaxLoss,mnist,2,0.4,0.0,90,1000,0,94,400,494,0.5485623091226444,0.4485,0.8946518588155418,0.39946000000000004,0.6270497253587941,241.115834252281,0.984931611455977,0,0,91,0.4574468085106383,0.0,0.5936843752861023
MaxLoss,mnist,2,0.4,0.0,100,1000,0,104,405,509,0.5635603432892822,0.40169999999999995,0.9028181107419653,0.40456000000000003,0.631897701013647,257.27351621156527,1.0882715582847595,0,0,101,0.4423076923076923,0.0,0.585679292678833
MaxLoss,mnist,2,0.4,0.0,110,1000,0,114,392,506,0.5605647375923581,0.42079999999999995,0.9015307792997695,0.39328,0.621144231752212,271.5798053061351,1.191691611893475,0,0,111,0.45614035087719296,0.0,0.581438422203064
MaxLoss,mnist,2,0.4,0.0,120,1000,0,124,386,510,0.5645584334270097,0.43420000000000003,0.9055048863778453,0.3898200000000001,0.617823048446779,290.34209223180903,1.294814401306212,0,0,121,0.4435483870967742,0.0,0.5902600884437561
MaxLoss,mnist,2,0.4,0.0,130,1000,0,134,384,518,0.5725351338041946,0.4243,0.9088703254521153,0.39044000000000006,0.6184189619555709,300.82605711291853,1.39906869456172,0,0,131,0.44029850746268656,0.0,0.5877227783203125
MaxLoss,mnist,2,0.4,0.0,140,1000,0,144,371,515,0.5695455432287417,0.4367,0.9048016897949877,0.37503999999999993,0.6035144846981497,313.76683305419743,1.5027094464749098,0,0,141,0.4513888888888889,0.0,0.5773344039916992
MaxLoss,mnist,2,0.4,0.0,150,1000,0,154,377,531,0.5854667774983682,0.47640000000000005,0.9104803308079554,0.37762,0.6060264886485897,329.61825378928364,1.6064699506387115,0,0,151,0.44155844155844154,0.0,0.575106680393219
MaxLoss,mnist,2,0.4,0.0,160,1000,0,164,366,530,0.5844733799458481,0.5156000000000001,0.9096654907551258,0.36851999999999996,0.5971390751356348,343.45469985365537,1.710235284641385,0,0,161,0.4573170731707317,0.0,0.5799435973167419
MaxLoss,mnist,2,0.4,0.0,170,1000,0,174,361,535,0.5894381209509447,0.49160000000000004,0.9109991263574416,0.3630599999999999,0.5917698859938607,359.00670495836306,1.8132156124338508,0,0,171,0.4482758620689655,0.0,0.597047746181488
MaxLoss,mnist,2,0.4,0.0,180,1000,0,184,361,545,0.5993507053353824,0.4609,0.9141848655547594,0.36351999999999995,0.5922233065437237,370.91728237881995,1.916401194408536,0,0,181,0.45108695652173914,0.0,0.6006864309310913
MaxLoss,mnist,2,0.4,0.0,190,1000,0,194,353,547,0.6013305088272318,0.48,0.9146802621651651,0.35734,0.5861151286028234,385.2446982204247,2.0193523885682225,0,0,191,0.44329896907216493,0.0,0.602981448173523
MaxLoss,mnist,2,0.4,0.0,200,1000,0,204,349,553,0.6072644694359042,0.43300000000000005,0.912643698897502,0.3484399999999999,0.5772550889260109,394.6554501528547,2.1223334977403283,0,0,201,0.44607843137254904,0.0,0.5736543536186218
MaxLoss,mnist,2,0.4,0.0,210,1000,0,214,330,544,0.5983604637440294,0.4154,0.9069672579669454,0.33046,0.5591223403746934,407.9563038474478,2.225625494495034,0,0,211,0.43457943925233644,0.0,0.5769478678703308
MaxLoss,mnist,2,0.4,0.0,220,1000,0,224,324,548,0.6023200703784823,0.43889999999999996,0.9066082970210242,0.3242999999999999,0.5528365114924306,419.3534705051663,2.329121544957161,0,0,221,0.4375,0.0,0.5722620487213135
MaxLoss,mnist,2,0.4,0.0,230,1000,0,234,315,549,0.6033094049198553,0.4528,0.9049405774699113,0.31478,0.5430463896423366,432.63418506225514,2.4328373074531555,0,0,231,0.43162393162393164,0.0,0.5862377882003784
MaxLoss,mnist,2,0.4,0.0,240,1000,0,244,295,539,0.5934058632701635,0.46099999999999997,0.8977876851475969,0.2957,0.5231403828680115,444.40580636220506,2.536494269967079,0,0,241,0.4344262295081967,0.0,0.5728634595870972
MaxLoss,mnist,2,0.4,0.0,250,1000,0,254,280,534,0.5884456223575398,0.43310000000000004,0.8934751950177282,0.2825600000000001,0.5092022916080607,455.9589315144747,2.6408520825207233,0,0,251,0.4330708661417323,0.0,0.57718425989151
MaxLoss,mnist,2,0.4,0.0,260,1000,0,264,275,539,0.5934058632701635,0.45130000000000003,0.8936031687212037,0.27714000000000005,0.5033966097595638,468.6846682981253,2.745172902941704,0,0,261,0.4356060606060606,0.0,0.5874704718589783
MaxLoss,mnist,2,0.4,0.0,270,1000,0,274,265,539,0.5934058632701635,0.45809999999999995,0.8895539544399075,0.26544000000000006,0.49074794357776674,478.95780865553206,2.8498449688777328,0,0,271,0.43795620437956206,0.0,0.5804592967033386
MaxLoss,mnist,2,0.4,0.0,280,1000,0,284,260,544,0.5983604637440294,0.4454,0.8898434709216445,0.26044,0.4852929225469302,491.7925573703523,2.9543565325438976,0,0,281,0.44366197183098594,0.0,0.596418559551239
MaxLoss,mnist,2,0.4,0.0,290,1000,0,294,250,544,0.5983604637440294,0.45109999999999995,0.885445942858714,0.24824,0.47185368130267763,502.68529397689946,3.059329690411687,0,0,291,0.445578231292517,0.0,0.5753296613693237
MaxLoss,mnist,2,0.4,0.0,296,1000,0,300,232,532,0.5864599505439401,0.45530000000000004,0.8771713424810961,0.23177999999999999,0.45341901782131167,509.2823014924153,3.1404781118035316,0,1,297,0.44333333333333336,0.0,0.5762217044830322
PU-C,mnist,2,0.4,0.0,0,1000,0,4,489,493,0.5475606632535346,0.46230000000000004,0.7659253322176703,0.49054000000000003,0.7102642219837226,0.7219197686696724,0.05581674538552761,0,0,1,0.0,0.0,0.7058134078979492
PU-C,mnist,2,0.4,0.0,10,1000,0,14,499,513,0.5675513677997515,0.502,0.813338159092156,0.4909799999999999,0.7106492486876773,23.419969767509027,0.17931551206856966,0,0,11,0.5,0.0,0.659163773059845
PU-C,mnist,2,0.4,0.0,20,1000,0,24,486,510,0.5645584334270097,0.4756,0.8674014787190946,0.49378,0.7130956418801623,74.25421950177426,0.30328784603625536,0,0,21,0.4166666666666667,0.0,0.6598928570747375
PU-C,mnist,2,0.4,0.0,30,1000,0,34,482,516,0.5705422965111211,0.5418000000000001,0.8822654563990001,0.48492,0.7053321963779644,104.96324003895126,0.42769020050764084,0,0,31,0.35294117647058826,0.0,0.5741439461708069
PU-C,mnist,2,0.4,0.0,40,1000,0,44,479,523,0.5775133188581094,0.5401,0.8909324286882566,0.48086,0.70175282406789,125.02428023952261,0.5524913212284446,0,0,41,0.3181818181818182,0.0,0.5852146148681641
PU-C,mnist,2,0.4,0.0,50,1000,0,54,487,541,0.5953883813344873,0.5015000000000001,0.9012647849912111,0.48516000000000004,0.7055433546434392,141.5116366725742,0.6781660104170442,0,0,51,0.35185185185185186,0.0,0.5876774787902832
PU-C,mnist,2,0.4,0.0,60,1000,0,64,477,541,0.5953883813344873,0.45309999999999995,0.9022338973035892,0.47542,0.696935254970358,155.44285058729122,0.8050362812355161,0,0,61,0.34375,0.0,0.5849501490592957
PU-C,mnist,2,0.4,0.0,70,1000,0,74,459,533,0.5874528988497332,0.41869999999999996,0.900538982000281,0.46102,0.6840633629964297,169.57414819848265,0.9320731544867158,0,0,71,0.33783783783783783,0.0,0.577584445476532
PU-C,mnist,2,0.4,0.0,80,1000,0,84,457,541,0.5953883813344873,0.38839999999999997,0.905215150831534,0.4588999999999999,0.6821536430861518,184.08811601363905,1.0590649992227554,0,0,81,0.35714285714285715,0.0,0.6073396801948547
PU-C,mnist,2,0.4,0.0,90,1000,0,94,447,541,0.5953883813344873,0.3931,0.9047614996931563,0.44998000000000005,0.6740769285099356,195.07713117122015,1.186453502625227,0,0,91,0.3723404255319149,0.0,0.5747870206832886
PU-C,mnist,2,0.4,0.0,100,1000,0,104,444,548,0.6023200703784823,0.401,0.905858256915698,0.4443999999999999,0.6689902677739454,205.91453640581673,1.3147832546383142,0,0,101,0.40384615384615385,0.0,0.5873753428459167
PU-C,mnist,2,0.4,0.0,110,1000,0,114,431,545,0.5993507053353824,0.3798,0.9036540978629202,0.43152,0.6571479475850576,218.3749997865155,1.4439868833869696,0,0,111,0.37719298245614036,0.0,0.5902044177055359
PU-C,mnist,2,0.4,0.0,120,1000,0,124,422,546,0.6003407204407267,0.39849999999999997,0.9017076051797172,0.41956000000000004,0.6460242269805779,230.62437973298944,1.573255398310721,0,0,121,0.3629032258064516,0.0,0.5886256694793701
PU-C,mnist,2,0.4,0.0,130,1000,0,134,406,540,0.5943972351960838,0.4013,0.8977607189647463,0.4049999999999999,0.6323148828043593,241.46824890863056,1.7029472179710865,0,0,131,0.373134328358209,0.0,0.5828723311424255
PU-C,mnist,2,0.4,0.0,140,1000,0,144,413,557,0.6112158875330351,0.4151,0.9046248887043262,0.41074000000000005,0.6377416342193105,253.00258593430294,1.832376872189343,0,0,141,0.3819444444444444,0.0,0.5938054919242859
PU-C,mnist,2,0.4,0.0,150,1000,0,154,386,540,0.5943972351960838,0.4184,0.8937485187798822,0.38432,0.6125215903194867,262.40473570234883,1.9623887734487653,0,0,151,0.38961038961038963,0.0,0.5794832110404968
PU-C,mnist,2,0.4,0.0,160,1000,0,164,387,551,0.6052873922744766,0.4171,0.8991289034046719,0.3886,0.6166494374991847,271.7600124861711,2.093212773092091,0,0,161,0.3902439024390244,0.0,0.5853422284126282
PU-C,mnist,2,0.4,0.0,170,1000,0,174,366,540,0.5943972351960838,0.39549999999999996,0.8896464914410346,0.36607999999999996,0.5947430845057705,280.17198753031863,2.2233750438317657,0,0,171,0.39655172413793105,0.0,0.5855332612991333
PU-C,mnist,2,0.4,0.0,180,1000,0,184,358,542,0.5963793015689589,0.39990000000000003,0.8887664356559195,0.35897999999999997,0.5877395678077187,289.5112410206667,2.3538903100416064,0,0,181,0.3858695652173913,0.0,0.5858651995658875
PU-C,mnist,2,0.4,0.0,190,1000,0,194,368,562,0.6161500138114206,0.37370000000000003,0.8969783319188097,0.3686,0.5972175387318861,298.75885147550053,2.4854410188272595,0,0,191,0.3865979381443299,0.0,0.5889644622802734
PU-C,mnist,2,0.4,0.0,200,1000,0,204,361,565,0.6191077351104468,0.39349999999999996,0.8953948371539616,0.36053999999999997,0.5892824161421031,307.7125802530285,2.6174517767503858,0,0,201,0.39215686274509803,0.0,0.5849104523658752
PU-C,mnist,2,0.4,0.0,210,1000,0,214,359,573,0.6269848410156555,0.4001,0.897075479191473,0.3584800000000001,0.5872445806044606,316.94505877426343,2.750376404263079,0,0,211,0.397196261682243,0.0,0.5827550292015076
PU-C,mnist,2,0.4,0.0,220,1000,0,224,363,587,0.640733937441837,0.39339999999999997,0.901577135454594,0.3621599999999999,0.5908821866510926,325.7181706913064,2.884415853768587,0,0,221,0.39285714285714285,0.0,0.5874701738357544
PU-C,mnist,2,0.4,0.0,230,1000,0,234,357,591,0.6446537898154929,0.39,0.9003134478193352,0.35530000000000006,0.5840909396269696,333.8718376786731,3.017831150442362,0,0,231,0.39316239316239315,0.0,0.579720139503479
PU-C,mnist,2,0.4,0.0,240,1000,0,244,346,590,0.6436741816578433,0.3923,0.8976167711571266,0.34637999999999997,0.5751935463052508,340.9800359996422,3.151928883045912,0,0,241,0.38934426229508196,0.0,0.5814903378486633
PU-C,mnist,2,0.4,0.0,250,1000,0,254,336,590,0.6436741816578433,0.3789,0.8938839040558494,0.3356799999999999,0.5644193379868528,348.0963360436009,3.286461097188294,0,0,251,0.38976377952755903,0.0,0.5776985883712769
PU-C,mnist,2,0.4,0.0,260,1000,0,264,334,598,0.6515043885447085,0.3849,0.8960308057333033,0.3351599999999999,0.5638928770360134,356.64331305291495,3.421801334246993,0,0,261,0.38636363636363635,0.0,0.5794858932495117
PU-C,mnist,2,0.4,0.0,270,1000,0,274,337,611,0.6641957156243734,0.3941,0.898569810113922,0.33587999999999985,0.5646217519942652,364.42836545320523,3.5576228331774473,0,0,271,0.39416058394160586,0.0,0.5823071002960205
PU-C,mnist,2,0.4,0.0,280,1000,0,284,320,604,0.6573669976205565,0.3899,0.8928615901611516,0.3215799999999999,0.55004877392404,371.7313468409515,3.6938148187473416,0,0,281,0.397887323943662,0.0,0.5727382302284241
PU-C,mnist,2,0.4,0.0,290,1000,0,294,319,613,0.6661445871577598,0.388,0.8935307781593749,0.31923999999999997,0.5476444781212322,378.78190938251066,3.8305516419932246,0,0,291,0.3979591836734694,0.0,0.5763433575630188
PU-C,mnist,2,0.4,0.0,296,1000,0,300,312,612,0.6651702736271545,0.39780000000000004,0.8911996159629186,0.31276,0.5409570909308764,383.29078734360417,3.9308256087824702,0,1,297,0.4066666666666667,0.0,0.5713741183280945
PU-F,mnist,2,0.4,0.0,0,1000,0,4,492,496,0.5505649350234307,0.4565,0.7697547068563088,0.49562000000000006,0.7146997181404767,0.6306435871737797,0.05661876033991575,0,0,1,0.0,0.0,0.7252456545829773
PU-F,mnist,2,0.4,0.0,10,1000,0,14,482,496,0.5505649350234307,0.5275000000000001,0.810763681036132,0.48164000000000007,0.7024415536227042,26.439458346604333,0.2569097923114896,0,0,11,0.35714285714285715,0.0,0.653313934803009
PU-F,mnist,2,0.4,0.0,20,1000,0,24,492,516,0.5705422965111211,0.5464,0.8566259725979091,0.4898799999999999,0.7096863796354115,63.77074967887245,0.4575842162594199,0,0,21,0.4583333333333333,0.0,0.6033563017845154
PU-F,mnist,2,0.4,0.0,30,1000,0,34,473,507,0.5615634953137487,0.5134000000000001,0.8754272498027554,0.47448,0.6961003026998768,103.96177360836275,0.6602777047082782,0,0,31,0.4117647058823529,0.0,0.6362883448600769
PU-F,mnist,2,0.4,0.0,40,1000,0,44,475,519,0.5735312176402658,0.47250000000000003,0.892479534590005,0.47655999999999993,0.697946865925913,132.90017623434866,0.8596022799611092,0,0,41,0.4318181818181818,0.0,0.6247923970222473
PU-F,mnist,2,0.4,0.0,50,1000,0,54,461,515,0.5695455432287417,0.5384,0.8985355810788809,0.46884,0.6910750699007154,155.03499183047455,1.0601970702409744,0,0,51,0.4444444444444444,0.0,0.6372594237327576
PU-F,mnist,2,0.4,0.0,60,1000,0,64,453,517,0.5715388267417438,0.47909999999999997,0.8989471843644321,0.45326,0.677054644249862,175.78510717769606,1.2602296536788344,0,0,61,0.4375,0.0,0.6314609050750732
PU-F,mnist,2,0.4,0.0,70,1000,0,74,461,535,0.5894381209509447,0.49150000000000005,0.9109681480576332,0.46329999999999993,0.6861129969360058,193.52095873891452,1.4600668530911207,0,0,71,0.40540540540540543,0.0,0.6396892070770264
PU-F,mnist,2,0.4,0.0,80,1000,0,84,436,520,0.5745270781335421,0.46030000000000004,0.9036634623336762,0.43811999999999995,0.6632338858169763,208.81948318404224,1.6587648512795568,0,0,81,0.39285714285714285,0.0,0.635385274887085
PU-F,mnist,2,0.4,0.0,90,1000,0,94,434,528,0.5824859116110019,0.43989999999999996,0.9073397088522789,0.43550000000000005,0.6608224079286369,223.11021268874458,1.8569189123809338,0,0,91,0.39361702127659576,0.0,0.6286284327507019
PU-F,mnist,2,0.4,0.0,100,1000,0,104,438,542,0.5963793015689589,0.4749,0.9134594484767679,0.43823999999999996,0.6633441949524995,237.5963110382807,2.0562162352725863,0,0,101,0.41346153846153844,0.0,0.6329609751701355
PU-F,mnist,2,0.4,0.0,110,1000,0,114,425,539,0.5934058632701635,0.4518,0.909253652516616,0.42156000000000005,0.6478929712996521,250.34084413173736,2.253663291223347,0,0,111,0.40350877192982454,0.0,0.6345714926719666
PU-F,mnist,2,0.4,0.0,120,1000,0,124,414,538,0.5924142657895572,0.4485,0.9093216394510968,0.41414,0.6409424907821349,262.4470309042164,2.449466396123171,0,0,121,0.41935483870967744,0.0,0.6273356080055237
PU-F,mnist,2,0.4,0.0,130,1000,0,134,392,526,0.5804975463543087,0.40149999999999997,0.9030057465073217,0.3942400000000001,0.6220638199811453,274.68697612966884,2.6424788758158684,0,0,131,0.40298507462686567,0.0,0.6231588125228882
PU-F,mnist,2,0.4,0.0,140,1000,0,144,393,537,0.5914224428124726,0.3761,0.9052150389832143,0.3917600000000001,0.6196865339844206,286.0667725754076,2.8328964728862047,0,0,141,0.4027777777777778,0.0,0.6307223439216614
PU-F,mnist,2,0.4,0.0,150,1000,0,154,392,546,0.6003407204407267,0.38680000000000003,0.9101407459252172,0.39374000000000003,0.6215849703811371,299.53871939134075,3.01461585983634,0,0,151,0.4025974025974026,0.0,0.6390939950942993
PU-F,mnist,2,0.4,0.0,160,1000,0,164,387,551,0.6052873922744766,0.40669999999999995,0.9088433940551996,0.3843,0.6125022625283483,311.5548307045718,3.1938535291701555,0,0,161,0.4268292682926829,0.0,0.6287402510643005
PU-F,mnist,2,0.4,0.0,170,1000,0,174,381,555,0.6092406350653619,0.4357,0.9103286537840516,0.38055999999999995,0.6088815991107381,323.6817097695151,3.3721631756052375,0,0,171,0.4367816091954023,0.0,0.6397493481636047
PU-F,mnist,2,0.4,0.0,180,1000,0,184,392,576,0.6299349311739206,0.4476,0.9182645677523404,0.39076000000000005,0.6187263954208048,335.3861906479841,3.5523692732676864,0,0,181,0.45108695652173914,0.0,0.6470378041267395
PU-F,mnist,2,0.4,0.0,190,1000,0,194,378,572,0.626001012919005,0.4476,0.9142252985600453,0.37794000000000005,0.6063376309937598,343.3647585653127,3.7391854943707585,0,0,191,0.4587628865979381,0.0,0.6296502947807312
PU-F,mnist,2,0.4,0.0,200,1000,0,204,379,583,0.6368103096610866,0.4373,0.916087825177633,0.37605999999999995,0.6045083303162438,354.3624698978115,3.930356787517667,0,0,201,0.45098039215686275,0.0,0.6225094199180603
PU-F,mnist,2,0.4,0.0,210,1000,0,214,384,598,0.6515043885447085,0.44220000000000004,0.9224586012147611,0.38548000000000004,0.6136419839735358,362.8337882821651,4.125039355829358,0,0,211,0.4532710280373832,0.0,0.6239790320396423
PU-F,mnist,2,0.4,0.0,220,1000,0,224,356,580,0.6338651222758926,0.4467,0.910466375846435,0.3568200000000001,0.5855995325987534,369.01540476674296,4.3203267408534884,0,0,221,0.4642857142857143,0.0,0.6152667999267578
PU-F,mnist,2,0.4,0.0,230,1000,0,234,363,597,0.6505264471634291,0.44989999999999997,0.9160180327779934,0.36275999999999997,0.5914740703939948,380.0479788969126,4.513294639065862,0,0,231,0.452991452991453,0.0,0.620059072971344
PU-F,mnist,2,0.4,0.0,240,1000,0,244,337,581,0.6348470857483335,0.4383,0.9061605956842268,0.33841999999999994,0.5671889876365467,388.4041772223958,4.703610929660499,0,0,241,0.45491803278688525,0.0,0.6126041412353516
PU-F,mnist,2,0.4,0.0,250,1000,0,254,332,586,0.6397533837007359,0.4423,0.9064324325340635,0.3340599999999999,0.5627783301930239,398.35250598012766,4.893112369813025,0,0,251,0.452755905511811,0.0,0.6119294762611389
PU-F,mnist,2,0.4,0.0,260,1000,0,264,329,593,0.6466122942510992,0.4528,0.9061659659182099,0.32976,0.5584099564368906,406.11670953707176,5.082729729823768,0,0,261,0.45454545454545453,0.0,0.6089901328086853
PU-F,mnist,2,0.4,0.0,270,1000,0,274,324,598,0.6515043885447085,0.4354,0.9046482623338741,0.32308,0.551587057049492,413.8116975645613,5.270763588137925,0,0,271,0.4562043795620438,0.0,0.6034688949584961
PU-F,mnist,2,0.4,0.0,280,1000,0,284,318,602,0.6554137567291036,0.4272,0.9033644400036067,0.31633999999999995,0.5446570178845499,422.7496191986363,5.458631229586899,0,0,281,0.45422535211267606,0.0,0.598911464214325
PU-F,mnist,2,0.4,0.0,290,1000,0,294,308,602,0.6554137567291036,0.42869999999999997,0.8999358944188149,0.3063,0.5342468872211185,430.16520238805083,5.646608768031001,0,0,291,0.4489795918367347,0.0,0.597069263458252
PU-F,mnist,2,0.4,0.0,296,1000,0,300,307,607,0.6602950470987707,0.44630000000000003,0.9010858855936323,0.30612000000000006,0.5340592872796729,435.25543528908975,5.776462500914931,0,1,297,0.4533333333333333,0.0,0.597910463809967
PU-G,mnist,2,0.4,0.0,0,1000,0,4,459,463,0.5174080606084317,0.43820000000000003,0.7657983155419642,0.49151999999999996,0.7111215611291135,0.4373525786842571,0.056351251900196075,0,0,1,0.0,0.0,0.6731632351875305
PU-G,mnist,2,0.4,0.0,10,1000,0,14,492,506,0.5605647375923581,0.4617,0.8358191072891252,0.48908,0.7089854782893473,42.395723392642104,0.2561634946614504,0,0,11,0.5,0.0,0.556297242641449
PU-G,mnist,2,0.4,0.0,20,1000,0,24,469,493,0.5475606632535346,0.4183,0.8584727727458281,0.47090000000000004,0.6929136129011236,81.92455470898786,0.4569530710577965,0,0,21,0.4166666666666667,0.0,0.5556221604347229
PU-G,mnist,2,0.4,0.0,30,1000,0,34,460,494,0.5485623091226444,0.4447,0.8672327836253318,0.46069999999999994,0.683775345542925,104.41952455266006,0.6541161667555571,0,0,31,0.38235294117647056,0.0,0.5684258937835693
PU-G,mnist,2,0.4,0.0,40,1000,0,44,457,501,0.5555676136864349,0.44179999999999997,0.87463072653048,0.45513999999999993,0.6787572891897017,122.67768203614915,0.8517723269760609,0,0,41,0.36363636363636365,0.0,0.5918444991111755
PU-G,mnist,2,0.4,0.0,50,1000,0,54,456,510,0.5645584334270097,0.44910000000000005,0.885261209508778,0.4568799999999999,0.6803304862563139,140.90961111398863,1.0498146899044514,0,0,51,0.3888888888888889,0.0,0.6108061671257019
PU-G,mnist,2,0.4,0.0,60,1000,0,64,457,521,0.5755227152258158,0.4607,0.892858978141691,0.4577399999999999,0.6811071016414649,155.938162548935,1.2498068790882826,0,0,61,0.390625,0.0,0.615589439868927
PU-G,mnist,2,0.4,0.0,70,1000,0,74,458,532,0.5864599505439401,0.4535,0.9000731472854528,0.45819999999999994,0.6815222449588554,172.08918585526294,1.4496305594220757,0,0,71,0.3783783783783784,0.0,0.6255618333816528
PU-G,mnist,2,0.4,0.0,80,1000,0,84,443,527,0.5814918410615064,0.44089999999999996,0.8964928457202873,0.44118,0.6660429372615791,185.78296894823913,1.648659841157496,0,0,81,0.39285714285714285,0.0,0.604713499546051
PU-G,mnist,2,0.4,0.0,90,1000,0,94,432,526,0.5804975463543087,0.43700000000000006,0.8965854895288258,0.4318400000000001,0.6574438828137877,198.81507288834254,1.845574215054512,0,0,91,0.40425531914893614,0.0,0.5977088809013367
PU-G,mnist,2,0.4,0.0,100,1000,0,104,429,533,0.5874528988497332,0.4448,0.8998095780610644,0.42866000000000004,0.6544991268704637,211.8683772657628,2.042095759883523,0,0,101,0.38461538461538464,0.0,0.6124179363250732
PU-G,mnist,2,0.4,0.0,110,1000,0,114,420,534,0.5884456223575398,0.42879999999999996,0.9002181859549421,0.42162000000000005,0.647948980163772,223.301075900826,2.238260056823492,0,0,111,0.39473684210526316,0.0,0.5985163450241089
PU-G,mnist,2,0.4,0.0,120,1000,0,124,412,536,0.5904303944553249,0.42390000000000005,0.8979384980637504,0.41126000000000007,0.6382318306778931,232.39979787028238,2.4340566908940673,0,0,121,0.3951612903225806,0.0,0.5894691944122314
PU-G,mnist,2,0.4,0.0,130,1000,0,134,406,540,0.5943972351960838,0.42500000000000004,0.8983296127068763,0.4051800000000001,0.6324854989798179,242.8401522350175,2.6291091283783317,0,0,131,0.41044776119402987,0.0,0.5959316492080688
PU-G,mnist,2,0.4,0.0,140,1000,0,144,400,544,0.5983604637440294,0.4224,0.8992638633427135,0.40036,0.6279069204664759,253.15759303200912,2.8234205152839422,0,0,141,0.4097222222222222,0.0,0.5898626446723938
PU-G,mnist,2,0.4,0.0,150,1000,0,154,395,549,0.6033094049198553,0.4224,0.900135895302276,0.39562,0.6233842886953589,263.4053922111303,3.0175548968836665,0,0,151,0.4155844155844156,0.0,0.5871111154556274
PU-G,mnist,2,0.4,0.0,160,1000,0,164,390,554,0.6082526663085446,0.42700000000000005,0.9005303809075155,0.39004000000000005,0.6180345410755407,273.77401239398273,3.210763145238161,0,0,161,0.4329268292682927,0.0,0.5894014835357666
PU-G,mnist,2,0.4,0.0,170,1000,0,174,384,558,0.6122031709528528,0.4305,0.9009850225001632,0.3845,0.6126955241723849,284.49267464088837,3.403714470565319,0,0,171,0.4425287356321839,0.0,0.5932552218437195
PU-G,mnist,2,0.4,0.0,180,1000,0,184,382,566,0.620093181845732,0.4315,0.9026781387309358,0.38208000000000014,0.6103546280344025,294.17426190335703,3.596980070695281,0,0,181,0.41847826086956524,0.0,0.6038299798965454
PU-G,mnist,2,0.4,0.0,190,1000,0,194,378,572,0.626001012919005,0.4175,0.9026133035713486,0.37752,0.6059292374987493,301.8671937860835,3.789898873306811,0,0,191,0.41237113402061853,0.0,0.5866639614105225
PU-G,mnist,2,0.4,0.0,200,1000,0,204,373,577,0.6309178289957345,0.4254,0.9030155711931896,0.37351999999999996,0.6020316902631981,310.27942473431114,3.9814399871975183,0,0,201,0.4166666666666667,0.0,0.5848423838615417
PU-G,mnist,2,0.4,0.0,210,1000,0,214,365,579,0.6328829248086549,0.4244,0.9010493147775608,0.36532,0.5939956626611975,318.16319481959806,4.173031281679869,0,0,211,0.4205607476635514,0.0,0.5896086692810059
PU-G,mnist,2,0.4,0.0,220,1000,0,224,358,582,0.6358288149931468,0.42969999999999997,0.8999034315372907,0.35806000000000004,0.586828609314723,327.3635359077327,4.366372219286859,0,0,221,0.42410714285714285,0.0,0.5878814458847046
PU-G,mnist,2,0.4,0.0,230,1000,0,234,353,587,0.640733937441837,0.4286,0.8997265143249705,0.35302000000000006,0.5818239425959625,336.0260824729281,4.556261517107487,0,0,231,0.4230769230769231,0.0,0.5819040536880493
PU-G,mnist,2,0.4,0.0,240,1000,0,244,349,593,0.6466122942510992,0.4304,0.9004798687596474,0.34962,0.5784341360973821,345.0630729222596,4.747737745754421,0,0,241,0.42213114754098363,0.0,0.5865558385848999
PU-G,mnist,2,0.4,0.0,250,1000,0,254,342,596,0.6495482667232864,0.4312,0.899107849258491,0.34182,0.5706155565338616,354.92664087002635,4.939339092001319,0,0,251,0.42913385826771655,0.0,0.5838062167167664
PU-G,mnist,2,0.4,0.0,260,1000,0,264,338,602,0.6554137567291036,0.4413,0.899789704658813,0.33818,0.5669466851458125,364.44273809591374,5.130255236290395,0,0,261,0.4318181818181818,0.0,0.5871049165725708
PU-G,mnist,2,0.4,0.0,270,1000,0,274,333,607,0.6602950470987707,0.4386,0.9000780260210549,0.33353999999999995,0.5622510371235112,374.6101630970078,5.3213220573961735,0,0,271,0.43795620437956206,0.0,0.5796895623207092
PU-G,mnist,2,0.4,0.0,280,1000,0,284,327,611,0.6641957156243734,0.42090000000000005,0.8991235476517586,0.32733999999999996,0.5559433693935371,383.34516542616365,5.511217134073377,0,0,281,0.426056338028169,0.0,0.5854929685592651
PU-G,mnist,2,0.4,0.0,290,1000,0,294,328,622,0.6749023438896984,0.4065,0.9018950442776918,0.32832,0.5569429417311109,392.0140828689256,5.700363072566688,0,0,291,0.42857142857142855,0.0,0.5826849341392517
PU-G,mnist,2,0.4,0.0,296,1000,0,300,320,620,0.6729579045204446,0.40680000000000005,0.899265252802346,0.3206399999999999,0.549083616905673,397.45209799336936,5.832138733007014,0,1,297,0.4266666666666667,0.0,0.581616997718811
GREATS,mnist,2,0.4,0.0,0,1000,0,4,484,488,,0.4274,0.7682470863088313,0.49363999999999997,0.7129734772335161,0.6606344519532014,0.05589901935309172,0,0,1,0.0,0.0,0.6880812644958496
GREATS,mnist,2,0.4,0.0,10,1000,0,14,458,472,,0.4193,0.8036400098961263,0.46685999999999994,0.6893045765481914,29.281008706579282,0.19194339029490948,0,0,11,0.35714285714285715,0.0,0.6128389835357666
GREATS,mnist,2,0.4,0.0,20,1000,0,24,476,500,,0.487,0.853265902681788,0.47501999999999994,0.6965800463956279,71.6057838124642,0.32844558358192444,0,0,21,0.5,0.0,0.6487592458724976
GREATS,mnist,2,0.4,0.0,30,1000,0,34,483,517,,0.5187999999999999,0.88196885845252,0.48006,0.7010459074649866,109.38253506467078,0.4656741227954626,0,0,31,0.5,0.0,0.650432288646698
GREATS,mnist,2,0.4,0.0,40,1000,0,44,477,521,,0.5008,0.8953413855061397,0.47281999999999996,0.6946240084820089,143.18994600735786,0.6033234279602766,0,0,41,0.4772727272727273,0.0,0.6653043031692505
GREATS,mnist,2,0.4,0.0,50,1000,0,54,446,500,,0.4103,0.8903668518589453,0.44558,0.6700681413243949,165.53213845963035,0.7413201360031962,0,0,51,0.46296296296296297,0.0,0.6560466289520264
GREATS,mnist,2,0.4,0.0,60,1000,0,64,448,512,,0.48919999999999997,0.9047667205608967,0.44665999999999995,0.6710536347811353,199.72138734209645,0.879918035119772,0,0,61,0.46875,0.0,0.6616103053092957
GREATS,mnist,2,0.4,0.0,70,1000,0,74,443,517,,0.4839,0.9091162242408876,0.44653999999999994,0.6709441843288753,212.05476274657812,1.0185689320787787,0,0,71,0.47297297297297297,0.0,0.6555594801902771
GREATS,mnist,2,0.4,0.0,80,1000,0,84,436,520,,0.5197,0.9140528925918394,0.44048000000000004,0.6654010469833368,236.0238241283391,1.1577878426760435,0,0,81,0.4642857142857143,0.0,0.656632125377655
GREATS,mnist,2,0.4,0.0,90,1000,0,94,443,537,,0.5169,0.9209378600424714,0.4422,0.6669775170548585,256.1877566186294,1.2969060093164444,0,0,91,0.46808510638297873,0.0,0.6586058139801025
GREATS,mnist,2,0.4,0.0,100,1000,0,104,437,541,,0.508,0.9219637231545534,0.43838,0.6634728734306504,266.0421735063273,1.4377023158594966,0,0,101,0.4807692307692308,0.0,0.6515549421310425
GREATS,mnist,2,0.4,0.0,110,1000,0,114,410,524,,0.5279,0.9149194403206502,0.4138000000000001,0.6406228588414947,281.96689104318415,1.578674292191863,0,0,111,0.47368421052631576,0.0,0.6489831805229187
GREATS,mnist,2,0.4,0.0,120,1000,0,124,429,553,,0.48219999999999996,0.9287562507580418,0.42968000000000006,0.6554446163936429,307.1270010197341,1.7198493909090757,0,0,121,0.4838709677419355,0.0,0.655109167098999
GREATS,mnist,2,0.4,0.0,130,1000,0,134,381,515,,0.4697,0.9113540225666634,0.38514000000000004,0.6133137186025449,319.1693060802293,1.8613210255280137,0,0,131,0.48507462686567165,0.0,0.6501616835594177
GREATS,mnist,2,0.4,0.0,140,1000,0,144,404,548,,0.4979,0.9200809344225959,0.40208,0.6295431226627689,321.78763594998355,2.002541263587773,0,0,141,0.4722222222222222,0.0,0.6414849162101746
GREATS,mnist,2,0.4,0.0,150,1000,0,154,375,529,,0.46140000000000003,0.9116812458412893,0.37644000000000005,0.604878343054965,336.32888305855914,2.144268778152764,0,0,151,0.461038961038961,0.0,0.646888256072998
GREATS,mnist,2,0.4,0.0,160,1000,0,164,337,501,,0.4599,0.8975738975518073,0.34019999999999995,0.5689843048419532,352.5040925228021,2.285772707313299,0,0,161,0.4634146341463415,0.0,0.638310968875885
GREATS,mnist,2,0.4,0.0,170,1000,0,174,345,519,,0.501,0.906478775473442,0.35018,0.5789932170073393,366.33940002506745,2.4268185133114457,0,0,171,0.46551724137931033,0.0,0.638624906539917
GREATS,mnist,2,0.4,0.0,180,1000,0,184,343,527,,0.49350000000000005,0.9059000441411562,0.34186000000000005,0.5706558020175504,380.4782657273871,2.5679859705269337,0,0,181,0.46195652173913043,0.0,0.6346179842948914
GREATS,mnist,2,0.4,0.0,190,1000,0,194,339,533,,0.4726,0.9063304545634959,0.3349799999999999,0.5637105784110201,396.06081138554634,2.708984626457095,0,0,191,0.4639175257731959,0.0,0.6334130167961121
GREATS,mnist,2,0.4,0.0,200,1000,0,204,326,530,,0.49,0.9029114164536824,0.3230199999999999,0.5515255695750665,406.90169732253577,2.8504666816443205,0,0,201,0.46568627450980393,0.0,0.6336432695388794
GREATS,mnist,2,0.4,0.0,210,1000,0,214,303,517,,0.4931,0.8957312145899048,0.3042400000000001,0.5320978589486673,417.83256771099906,2.9922413574531674,0,0,211,0.4672897196261682,0.0,0.6271371245384216
GREATS,mnist,2,0.4,0.0,220,1000,0,224,316,540,,0.5105999999999999,0.9034350372230256,0.31268000000000007,0.5408742592384033,430.84935668356377,3.134574427269399,0,0,221,0.4732142857142857,0.0,0.6255835890769958
GREATS,mnist,2,0.4,0.0,230,1000,0,234,277,511,,0.4656,0.8917108940595849,0.28452000000000005,0.5112935487655774,444.5799013345892,3.2763880100101233,0,0,231,0.4658119658119658,0.0,0.6264554262161255
GREATS,mnist,2,0.4,0.0,240,1000,0,244,294,538,,0.4646,0.8994523877471126,0.29156000000000004,0.5187695488834652,460.4776931050125,3.4179587364196777,0,0,241,0.4672131147540984,0.0,0.6268762350082397
GREATS,mnist,2,0.4,0.0,250,1000,0,254,262,516,,0.5268999999999999,0.8881234555697064,0.26728,0.49274782985747156,468.98491540919053,3.559800872579217,0,0,251,0.47244094488188976,0.0,0.6216116547584534
GREATS,mnist,2,0.4,0.0,260,1000,0,264,271,535,,0.515,0.8932543761121106,0.27148,0.4972977392870789,480.2039883734509,3.701757851988077,0,0,261,0.4696969696969697,0.0,0.6155343651771545
GREATS,mnist,2,0.4,0.0,270,1000,0,274,252,526,,0.494,0.8814956383321458,0.24693999999999997,0.4704105931693022,489.95202885462453,3.845183899626136,0,0,271,0.46715328467153283,0.0,0.6158764362335205
GREATS,mnist,2,0.4,0.0,280,1000,0,284,250,534,,0.49260000000000004,0.8822526446326414,0.24391999999999997,0.4670498078542999,500.1314219030247,3.98928886000067,0,0,281,0.45774647887323944,0.0,0.6166160702705383
GREATS,mnist,2,0.4,0.0,290,1000,0,294,242,536,,0.4477,0.8844026209303916,0.24344,0.46651455727404223,509.9761971496002,4.1334498869255185,0,0,291,0.4557823129251701,0.0,0.614880383014679
GREATS,mnist,2,0.4,0.0,296,1000,0,300,229,529,,0.4357,0.8795732220764358,0.23134,0.45292127120676956,519.9197917161891,4.237870421260595,0,1,297,0.45,0.0,0.6150063276290894
