dataset,method,noise_rate,pretrain_fraction,step,n,compression_size_mean,compression_size_se,remaining_bad_mean,remaining_bad_se,effective_compression_size_mean,effective_compression_size_se,certified_bound_mean,certified_bound_se,test_error_mean,test_error_se,pac_bayes_bound_mean,pac_bayes_bound_se,pac_bayes_empirical_risk_mean,pac_bayes_empirical_risk_se,pac_bayes_mc_upper_mean,pac_bayes_mc_upper_se,pac_bayes_kl_mean,pac_bayes_kl_se,runtime_sec_mean,runtime_sec_se,stop_reached_mean,stop_reached_se,hit_limit_mean,hit_limit_se,train_calls_mean,train_calls_se,noise_hit_rate_mean,noise_hit_rate_se,duplicate_hit_rate_mean,duplicate_hit_rate_se,pairwise_feature_cosine_mean,pairwise_feature_cosine_se
mnist,GREATS,0.0,0.0,0,3,4.0,0.0,438.0,11.718930554164631,442.0,11.718930554164631,,,0.42819999999999997,0.0034530180036213575,0.7451177346790444,0.0006733367984044975,0.46470666666666666,0.0006180974392799698,0.6873750392997731,0.0005544303004028599,0.8952864022927104,0.12705576957329673,0.05650563662250837,0.0002951574623573258,0.0,0.0,0.0,0.0,1.0,0.0,0.0,0.0,0.0,0.0,0.6660631696383158,0.004455485811078595
mnist,GREATS,0.0,0.0,10,3,14.0,0.0,345.0,39.37427248005141,359.0,39.37427248005141,,,0.328,0.032325273909641274,0.7022377683423581,0.031135996064504266,0.3428533333333334,0.03371264912627176,0.570554469654574,0.0337254061826896,31.79196207771193,2.2196325524938496,0.19135040727754435,0.0010226466334960795,0.0,0.0,0.0,0.0,11.0,0.0,0.0,0.0,0.0,0.0,0.6070666710535685,0.010378559752385446
mnist,GREATS,0.0,0.0,100,3,104.0,0.0,82.0,12.662279942148388,186.0,12.662279942148388,,,0.1421333333333333,0.0070720891145717585,0.6134111311406686,0.01855480859621504,0.08353999999999999,0.013162026186470431,0.26446338395297636,0.019107438500952943,243.94665815258625,0.9116559115333372,1.355073170736432,0.00807256173998223,0.0,0.0,0.0,0.0,101.0,0.0,0.0,0.0,0.0,0.0,0.6248274644215902,0.008608873334939864
mnist,GREATS,0.0,0.0,110,3,114.0,0.0,77.66666666666667,3.3829638550307397,191.66666666666666,3.3829638550307397,,,0.14023333333333332,0.00465916063017554,0.6158762431962493,0.0015017201970802068,0.0777533333333333,0.0005169569077248516,0.25658323994580173,0.0007769881451521672,258.716710783967,1.151700018372503,1.4816224469492834,0.008100850480450946,0.0,0.0,0.0,0.0,111.0,0.0,0.0,0.0,0.0,0.0,0.6256183385848999,0.006423663044005124
mnist,GREATS,0.0,0.0,120,3,124.0,0.0,71.66666666666667,12.706079035030612,195.66666666666666,12.706079035030614,,,0.12813333333333332,0.0150461881477595,0.6146072440783347,0.018550853454945053,0.07197333333333332,0.011433286686007835,0.24707512895709863,0.017680780088571404,272.463078789392,0.7072087494772495,1.6086007561534643,0.008160236463443583,0.0,0.0,0.0,0.0,121.0,0.0,0.0,0.0,0.0,0.0,0.6247091094652811,0.008954234923293725
mnist,GREATS,0.0,0.0,130,3,134.0,0.0,54.666666666666664,7.838650677536565,188.66666666666666,7.838650677536565,,,0.12186666666666664,0.005318625553446836,0.5983561834394563,0.012496656489641086,0.057020000000000015,0.007121909856211307,0.22383171284898984,0.0116653596990236,284.17202555083446,0.37840614664282757,1.7351336491604645,0.00855366596927818,0.0,0.0,0.0,0.0,131.0,0.0,0.0,0.0,0.0,0.0,0.6218956708908081,0.005593440617995584
mnist,GREATS,0.0,0.0,140,3,144.0,0.0,37.333333333333336,1.6666666666666667,181.33333333333334,1.666666666666667,,,0.10760000000000003,0.004626373669877232,0.5730189561556299,0.005169316531967801,0.03911333333333337,0.0027576398926940724,0.1936099363749094,0.00496868111777785,295.227315642413,0.5532711937337339,1.861016111758848,0.008853321596954337,0.0,0.0,0.0,0.0,141.0,0.0,0.0,0.0,0.0,0.0,0.6191989183425903,0.006241663922521742
mnist,GREATS,0.0,0.0,150,3,154.0,0.0,27.333333333333332,1.2018504251546633,181.33333333333334,1.2018504251546633,,,0.10360000000000003,0.003982880029995055,0.5570036221615942,0.0035012339377682843,0.028326666666666694,0.0012544498572858332,0.1735399406436653,0.002445137424330215,305.527604762212,1.0797780371789845,1.9869305013368528,0.009274310380517249,0.0,0.0,0.0,0.0,151.0,0.0,0.0,0.0,0.0,0.0,0.6151902675628662,0.004961128407362345
mnist,GREATS,0.0,0.0,160,3,164.0,0.0,25.333333333333332,2.728450923957483,189.33333333333334,2.728450923957483,,,0.10319999999999996,0.005559076661940668,0.5594034272619853,0.006198993444249088,0.026446666666666684,0.0023096704911692045,0.169761604346109,0.004629064631805923,316.1943447856133,1.4819635388479238,2.112737444229424,0.009718919721265207,0.0,0.0,0.0,0.0,161.0,0.0,0.0,0.0,0.0,0.0,0.611909806728363,0.003422209093005241
mnist,GREATS,0.0,0.0,170,3,174.0,0.0,20.333333333333332,3.1797973380564852,194.33333333333334,3.1797973380564852,,,0.09809999999999997,0.00066583281184793,0.5525038385270565,0.0065431048353246524,0.021033333333333352,0.002875281628718213,0.15858711388099658,0.00609952498748142,325.9994736577928,1.4326137106529417,2.2381531139835715,0.01028138690164338,0.0,0.0,0.0,0.0,171.0,0.0,0.0,0.0,0.0,0.0,0.6126719911893209,0.0028874684742797004
mnist,GREATS,0.0,0.0,180,3,184.0,0.0,14.0,0.5773502691896258,198.0,0.5773502691896258,,,0.09216666666666666,0.0031317371821048406,0.5415827273569637,0.0012926978246248083,0.014500000000000013,0.0005076744363598919,0.14438667661067014,0.0011745503371267227,335.56614077665245,1.4100245382828578,2.363260424385468,0.010722815504167925,0.0,0.0,0.0,0.0,181.0,0.0,0.0,0.0,0.0,0.0,0.6106723546981812,0.0022248180008105664
mnist,GREATS,0.0,0.0,190,3,194.0,0.0,12.0,6.027713773341709,206.0,6.027713773341709,,,0.08916666666666666,0.005687510683750678,0.5390449028305548,0.015990097397953606,0.01252000000000001,0.005788402197498033,0.13819754834597756,0.013486670143182859,344.58450284270367,1.5950985427696849,2.487778483889997,0.010901390965407326,0.0,0.0,0.0,0.0,191.0,0.0,0.0,0.0,0.0,0.0,0.6097350716590881,0.005533231757235477
mnist,GREATS,0.0,0.0,20,3,24.0,0.0,339.3333333333333,28.950148723471376,363.3333333333333,28.950148723471376,,,0.3554666666666666,0.025657769020534734,0.7480822369761432,0.023330379248117233,0.32688,0.02612364701440696,0.5547728044605647,0.027006649226448243,80.80301925469998,0.3109573094679091,0.32406829049189884,0.002175675153773376,0.0,0.0,0.0,0.0,21.0,0.0,0.0,0.0,0.0,0.0,0.628911018371582,0.012370085004126286
mnist,GREATS,0.0,0.0,200,3,204.0,0.0,10.0,4.041451884327381,214.0,4.041451884327381,,,0.08763333333333334,0.002167435760934498,0.5388634303318817,0.01275435214876854,0.010466666666666678,0.003784201075230782,0.13362707741600657,0.009975477123114806,353.1053537618032,1.781568004667125,2.6117200336108604,0.011383252282800849,0.0,0.0,0.0,0.0,201.0,0.0,0.0,0.0,0.0,0.0,0.6083107988039652,0.0026908771526163015
mnist,GREATS,0.0,0.0,203,1,207.0,0.0,0.0,0.0,207.0,0.0,,,0.08199999999999996,0.0,0.5014904953553602,0.0,0.00016000000000000015,0.0,0.10163255599900796,0.0,359.3719283208171,0.0,2.6640485543757677,0.0,1.0,0.0,0.0,0.0,204.0,0.0,0.0,0.0,0.0,0.0,0.6046126484870911,0.0
mnist,GREATS,0.0,0.0,210,2,214.0,0.0,5.0,2.9999999999999996,219.0,2.9999999999999996,,,0.08205000000000001,0.0005499999999999949,0.5243468701120471,0.013322304288390596,0.0050000000000000044,0.003280000000000003,0.11881307525361215,0.01016726352195319,359.7685973932694,0.29155020652322605,2.743984301108867,0.015131485182791947,0.0,0.0,0.0,0.0,211.0,0.0,0.0,0.0,0.0,0.0,0.6041947603225708,0.0038843154907226562
mnist,GREATS,0.0,0.0,213,1,217.0,0.0,0.0,0.0,217.0,0.0,,,0.08109999999999995,0.0,0.5056128825933698,0.0,0.0005000000000000004,0.0,0.10343714009526457,0.0,362.04441238440825,0.0,2.7966798674315214,0.0,1.0,0.0,0.0,0.0,214.0,0.0,0.0,0.0,0.0,0.0,0.6082536578178406,0.0
mnist,GREATS,0.0,0.0,220,1,224.0,0.0,1.0,0.0,225.0,0.0,,,0.07669999999999999,0.0,0.5136152168888635,0.0,0.001100000000000001,0.0,0.1061485325815314,0.0,369.0870641256691,0.0,2.8849134547635913,0.0,0.0,0.0,0.0,0.0,221.0,0.0,0.0,0.0,0.0,0.0,0.5894327163696289,0.0
mnist,GREATS,0.0,0.0,223,1,227.0,0.0,0.0,0.0,227.0,0.0,,,0.07479999999999998,0.0,0.5122460153552627,0.0,0.0006600000000000005,0.0,0.10420131225688596,0.0,371.1221395570728,0.0,2.953519687987864,0.0,1.0,0.0,0.0,0.0,224.0,0.0,0.0,0.0,0.0,0.0,0.5906527042388916,0.0
mnist,GREATS,0.0,0.0,30,3,34.0,0.0,258.6666666666667,39.1847475996011,292.6666666666667,39.1847475996011,,,0.2897666666666667,0.038762109219069994,0.7132907141719153,0.034317960907453135,0.25548666666666664,0.03596290743406479,0.4782978506883042,0.03897030415923985,115.34851079065577,2.176305824312098,0.45612353800485533,0.003597517601440066,0.0,0.0,0.0,0.0,31.0,0.0,0.0,0.0,0.0,0.0,0.6320234139760336,0.0062583334474564396
mnist,GREATS,0.0,0.0,40,3,44.0,0.0,290.0,43.03874223688854,334.0,43.03874223688854,,,0.31273333333333336,0.04258490864666081,0.7564821922313723,0.03704340690202654,0.2832133333333333,0.04360147143286691,0.5077684937900686,0.04618273279842835,139.24144534352524,1.2890037974547417,0.5870417583112916,0.004696592693632304,0.0,0.0,0.0,0.0,41.0,0.0,0.0,0.0,0.0,0.0,0.6395492951075236,0.008688843396440063
mnist,GREATS,0.0,0.0,50,3,54.0,0.0,234.0,19.46792233393179,288.0,19.46792233393179,,,0.27803333333333335,0.016713899737776466,0.7271090131303479,0.015139497639164532,0.2295533333333333,0.015628889204859633,0.450559795702931,0.017736279200760215,161.89429280188088,4.002909009332464,0.7175512751564384,0.005451411945056129,0.0,0.0,0.0,0.0,51.0,0.0,0.0,0.0,0.0,0.0,0.6392081379890442,0.007583862421804598
mnist,GREATS,0.0,0.0,60,3,64.0,0.0,194.33333333333334,21.674357609345147,258.3333333333333,21.674357609345147,,,0.2405666666666667,0.01956802948121699,0.7021610389638425,0.01859364965652815,0.19148,0.018007598396232612,0.40612056893976156,0.02144068172270794,180.69313089957458,0.28959478441174785,0.8470417683323225,0.00586956303425819,0.0,0.0,0.0,0.0,61.0,0.0,0.0,0.0,0.0,0.0,0.6345466574033102,0.0015705829758243888
mnist,GREATS,0.0,0.0,70,3,74.0,0.0,151.0,19.629909152447276,225.0,19.629909152447276,,,0.1926,0.019545161379055796,0.6658594732690982,0.018336765866260513,0.14771333333333334,0.014304620854037964,0.35229609478937135,0.0182928059398954,197.60036588581943,2.3923515781603926,0.9748034101600448,0.00663502282219913,0.0,0.0,0.0,0.0,71.0,0.0,0.0,0.0,0.0,0.0,0.6315892736117045,0.011066862355583535
mnist,GREATS,0.0,0.0,80,3,84.0,0.0,126.0,9.073771725877467,210.0,9.073771725877467,,,0.17803333333333335,0.008208193738237704,0.6534244389320903,0.01057873179674786,0.12516,0.006618166916400145,0.3232576942744851,0.008847714716449013,218.11343661133716,3.307774086765992,1.101748839020729,0.007020802156357599,0.0,0.0,0.0,0.0,81.0,0.0,0.0,0.0,0.0,0.0,0.6302333076794943,0.004069623029319167
mnist,GREATS,0.0,0.0,90,3,94.0,0.0,104.33333333333333,10.26861453383291,198.33333333333334,10.26861453383291,,,0.16316666666666668,0.010791406045759025,0.6380845538896097,0.013969292208755492,0.10637999999999997,0.010342088763881322,0.29750208870693773,0.014386981260031493,231.8628826284898,2.766055999244515,1.2283246150861185,0.007703984617602662,0.0,0.0,0.0,0.0,91.0,0.0,0.0,0.0,0.0,0.0,0.6244439085324606,0.005183461541527664
mnist,GREATS,0.4,0.0,0,3,4.0,0.0,490.6666666666667,5.6960024968783545,494.6666666666667,5.6960024968783545,,,0.4580333333333333,0.026970374693561675,0.7655620107996955,0.0029805271319984406,0.48970666666666657,0.0034454478825126987,0.7095246739703401,0.0030227892562426613,0.825557019348839,0.13764690981571387,0.056166987866163254,0.00030493888752680366,0.0,0.0,0.0,0.0,1.0,0.0,0.08333333333333333,0.08333333333333334,0.0,0.0,0.6826867262522379,0.004062927334403443
mnist,GREATS,0.4,0.0,10,3,14.0,0.0,466.3333333333333,5.607534613753574,480.3333333333333,5.607534613753574,,,0.4443333333333333,0.025033333333333314,0.802979442792111,0.00484920482150304,0.4690466666666666,0.00594419978728098,0.6912300952867337,0.00530152755501116,27.67065771089243,0.8541141838956166,0.19300935603678226,0.0008590755298162522,0.0,0.0,0.0,0.0,11.0,0.0,0.38095238095238093,0.023809523809523798,0.0,0.0,0.6270413398742676,0.007158512440928099
mnist,GREATS,0.4,0.0,100,3,104.0,0.0,418.6666666666667,9.905105305402419,522.6666666666666,9.905105305402419,,,0.47513333333333335,0.02210221205621232,0.9090359442904146,0.006463912951321806,0.41661333333333334,0.010984014647558394,0.643160121985936,0.010253179417512697,258.45848413155926,4.49627622412391,1.4482860686257482,0.0056167756290917935,0.0,0.0,0.0,0.0,101.0,0.0,0.467948717948718,0.01282051282051283,0.0,0.0,0.6392446756362915,0.006244224427366929
mnist,GREATS,0.4,0.0,110,3,114.0,0.0,411.3333333333333,8.685876147196922,525.3333333333334,8.685876147196923,,,0.5001666666666668,0.017225401140305692,0.912406846400176,0.005142984151020938,0.4120533333333334,0.006960118134374209,0.6389369038058227,0.006562780792214508,276.8482641454527,5.972785284223241,1.5902788682530324,0.006157774851974722,0.0,0.0,0.0,0.0,111.0,0.0,0.4678362573099415,0.0029239766081871252,0.0,0.0,0.6427369316418966,0.003268345686832594
mnist,GREATS,0.4,0.0,120,3,124.0,0.0,406.3333333333333,11.85092588975412,530.3333333333334,11.85092588975412,,,0.46546666666666664,0.021179340037981456,0.9143851341439545,0.0072600492971513315,0.40693333333333337,0.011969262485401701,0.6340204311374633,0.011290281912049446,293.25360947282644,7.4946487344102435,1.732517968552808,0.006645427182241431,0.0,0.0,0.0,0.0,121.0,0.0,0.4731182795698925,0.01075268817204302,0.0,0.0,0.6410647829373678,0.0073519467900944645
mnist,GREATS,0.4,0.0,130,3,134.0,0.0,389.3333333333333,5.238744548500571,523.3333333333334,5.238744548500571,,,0.47923333333333334,0.005033333333333332,0.9122315408131434,0.0004719686372653237,0.3917333333333333,0.0033296713217840215,0.6196510101186479,0.003200080754103384,310.6190119893161,4.516942680710689,1.8750626190255086,0.007188847610487467,0.0,0.0,0.0,0.0,131.0,0.0,0.472636815920398,0.006581470923046247,0.0,0.0,0.6420504848162333,0.004276013405465073
mnist,GREATS,0.4,0.0,140,3,144.0,0.0,388.0,8.32666399786453,532.0,8.32666399786453,,,0.4643333333333333,0.02068770434608711,0.9126119402342999,0.0038150334723695595,0.38765333333333335,0.007231203987657309,0.6156909515852348,0.006943593245067912,319.6958992608249,3.884834214304392,2.017702577325205,0.00789809261015848,0.0,0.0,0.0,0.0,141.0,0.0,0.46527777777777785,0.006944444444444439,0.0,0.0,0.6397375265757242,0.0013682230980644745
mnist,GREATS,0.4,0.0,150,3,154.0,0.0,373.0,2.0,527.0,2.0,,,0.459,0.008800189391901369,0.9095683808431052,0.0012003260733293307,0.37399333333333334,0.001293900219405593,0.6024921287003152,0.0012621527628052717,332.9365249986479,2.1556311274496376,2.1611648242299757,0.008829858350478611,0.0,0.0,0.0,0.0,151.0,0.0,0.4653679653679654,0.004329004329004331,0.0,0.0,0.6366552909215292,0.005561200752442687
mnist,GREATS,0.4,0.0,160,3,164.0,0.0,354.3333333333333,10.413666234542207,518.3333333333334,10.413666234542207,,,0.47376666666666667,0.009059494712424345,0.9053064379291467,0.004634705510121385,0.35656666666666653,0.009223479700079456,0.5852677216801763,0.009155912603507425,350.1344253756122,2.0824663214073165,2.3047941851740084,0.009871419374044847,0.0,0.0,0.0,0.0,161.0,0.0,0.46138211382113825,0.002032520325203254,0.0,0.0,0.6322554349899292,0.00352129067867612
mnist,GREATS,0.4,0.0,170,3,174.0,0.0,352.3333333333333,5.456901847914968,526.3333333333334,5.456901847914968,,,0.4791,0.01313024498375157,0.9084177086116716,0.0015781105818471908,0.3550866666666666,0.0029191399037692377,0.5838709547395701,0.0028993551925671946,364.3907230805603,2.058949753310198,2.4476626462613544,0.010818499760829598,0.0,0.0,0.0,0.0,171.0,0.0,0.45785440613026823,0.005068489101656298,0.0,0.0,0.6318354407946268,0.004019138193006404
mnist,GREATS,0.4,0.0,180,3,184.0,0.0,347.0,4.509249752822894,531.0,4.509249752822894,,,0.4970666666666667,0.008870237376254997,0.9069957538258236,0.002616092046725415,0.3467,0.005173509447174152,0.5754883516535075,0.005168232878852565,375.3760860970783,2.760282520678024,2.5910077709704638,0.011901747359679391,0.0,0.0,0.0,0.0,181.0,0.0,0.4601449275362319,0.001811594202898559,0.0,0.0,0.6285665233929952,0.004068190949126799
mnist,GREATS,0.4,0.0,190,3,194.0,0.0,334.0,9.29157324317757,528.0,9.29157324317757,,,0.46623333333333333,0.005777061921465322,0.9026938763630613,0.005079198815867868,0.33179333333333333,0.00876018518322782,0.5604013520496067,0.008921182507011073,388.7626496275845,3.7612269592950933,2.733937431437274,0.012831287686640823,0.0,0.0,0.0,0.0,191.0,0.0,0.4587628865979381,0.0029760323154104477,0.0,0.0,0.627504567305247,0.003286464810492947
mnist,GREATS,0.4,0.0,20,3,24.0,0.0,466.3333333333333,6.489307444643928,490.3333333333333,6.489307444643928,,,0.47429999999999994,0.00635164020811423,0.8492499719553256,0.004851225214915101,0.46944666666666673,0.00531545336207968,0.6915932086319473,0.004757721641749214,71.32296976564491,1.6882520562173844,0.3301427423333128,0.0013172626549741522,0.0,0.0,0.0,0.0,21.0,0.0,0.4166666666666667,0.06364688465216443,0.0,0.0,0.6597662766774496,0.015943197123453826
mnist,GREATS,0.4,0.0,200,3,204.0,0.0,335.0,4.509249752822894,539.0,4.509249752822894,,,0.47783333333333333,0.008056950070867036,0.9069523862194746,0.0021362359328714405,0.33361333333333326,0.005450900027620305,0.5622959095882964,0.005539643866167324,401.5224679613057,2.699070032976136,2.876993168145418,0.013514266664574648,0.0,0.0,0.0,0.0,201.0,0.0,0.45751633986928103,0.005891423652718929,0.0,0.0,0.6275206804275513,0.0031936881990192447
mnist,GREATS,0.4,0.0,210,3,214.0,0.0,306.6666666666667,10.837178804672574,520.6666666666666,10.837178804672574,,,0.4627333333333333,0.020076215889565572,0.8954943161837887,0.005386793044105801,0.30701333333333336,0.009569544282659303,0.5348936605151507,0.009946348261029688,411.8008781822976,3.1647337472501067,3.0202953666448593,0.014217528416975711,0.0,0.0,0.0,0.0,211.0,0.0,0.45638629283489096,0.0067895622173530755,0.0,0.0,0.6242364247639974,0.0017764871630305955
mnist,GREATS,0.4,0.0,220,3,224.0,0.0,305.0,6.658328118479393,529.0,6.658328118479393,,,0.4755,0.018055747007531958,0.8976056294211364,0.0034325500161243214,0.30448000000000003,0.005235761644689356,0.5323192783447893,0.005472886064004787,425.00431541911985,2.9256290982505733,3.1640604209775725,0.014927406227467719,0.0,0.0,0.0,0.0,221.0,0.0,0.45535714285714285,0.008928571428571416,0.0,0.0,0.622286319732666,0.0017049245295517146
mnist,GREATS,0.4,0.0,230,3,234.0,0.0,280.0,5.686240703077327,514.0,5.686240703077327,,,0.4472666666666667,0.019545616160947982,0.8881472692380056,0.0032644020861492436,0.2818733333333334,0.0047990878762994415,0.5084423921715694,0.005139431889479616,436.8033455095406,3.899840747709896,3.3070025012517967,0.015486694019729711,0.0,0.0,0.0,0.0,231.0,0.0,0.45441595441595445,0.0056980056980056966,0.0,0.0,0.6222162445386251,0.0022553440465876776
mnist,GREATS,0.4,0.0,240,3,244.0,0.0,286.0,8.0,530.0,8.0,,,0.4444333333333333,0.022867905700153443,0.8932797805977454,0.005137680039965582,0.2844533333333334,0.007581524326354901,0.5111572927258686,0.008114361847506342,451.63223380230465,4.613082271587455,3.4502373545741043,0.016312441627069543,0.0,0.0,0.0,0.0,241.0,0.0,0.4562841530054645,0.005954779977514588,0.0,0.0,0.6252988378206888,0.00540836395548756
mnist,GREATS,0.4,0.0,250,3,254.0,0.0,281.6666666666667,10.989894347889692,535.6666666666666,10.989894347889692,,,0.49466666666666664,0.020754624651976823,0.895186768352732,0.004321030529217042,0.2841133333333334,0.009822316993006864,0.5107513257810185,0.010472592178851414,459.9978133072218,4.581349021061547,3.593452276661992,0.017034446884797882,0.0,0.0,0.0,0.0,251.0,0.0,0.458005249343832,0.00798262799251735,0.0,0.0,0.6172566215197245,0.0028164800850273572
mnist,GREATS,0.4,0.0,260,3,264.0,0.0,279.3333333333333,12.00462873691274,543.3333333333334,12.004628736912736,,,0.486,0.016801190434013902,0.8956550705180651,0.006640589917983935,0.27936,0.011146515150485375,0.5056379617014403,0.01188558238469228,473.3744482384168,5.07240650870656,3.73746841493994,0.018049251837972062,0.0,0.0,0.0,0.0,261.0,0.0,0.45580808080808083,0.008838383838383845,0.0,0.0,0.6187411745389303,0.002086113180226861
mnist,GREATS,0.4,0.0,270,3,274.0,0.0,265.0,6.658328118479393,539.0,6.658328118479393,,,0.45646666666666674,0.01988737734790029,0.8888732016386568,0.0036898428117506134,0.2631533333333333,0.008143499111424889,0.48817611305143477,0.008922049756869574,481.884171272129,4.275129778671079,3.88225213624537,0.018762594324316456,0.0,0.0,0.0,0.0,271.0,0.0,0.45498783454987834,0.008772630840544976,0.0,0.0,0.6141427954037985,0.0026647482779981477
mnist,GREATS,0.4,0.0,280,3,284.0,0.0,254.33333333333334,3.3829638550307397,538.3333333333334,3.3829638550307397,,,0.4780333333333333,0.021072915739825327,0.8866218067270683,0.0024218764278483573,0.25476000000000004,0.005529894513761862,0.47902075693523344,0.00610467239813456,492.16926551778243,4.330711036077569,4.027302550462385,0.01926818748686205,0.0,0.0,0.0,0.0,281.0,0.0,0.4553990610328638,0.008215962441314544,0.0,0.0,0.6133306821187338,0.0020850283940941367
mnist,GREATS,0.4,0.0,290,3,294.0,0.0,249.0,3.7859388972001824,543.0,3.7859388972001824,,,0.4577,0.008544003745317538,0.8866589040265405,0.0015323295894062853,0.25023333333333336,0.004059332183719128,0.4740413948452691,0.004490917863066088,502.96777759325647,3.6492175868113224,4.172256948426366,0.019674809027523808,0.0,0.0,0.0,0.0,291.0,0.0,0.45464852607709755,0.0068965561568007094,0.0,0.0,0.6128247181574503,0.002157150557548865
mnist,GREATS,0.4,0.0,296,3,300.0,0.0,241.0,6.92820323027551,541.0,6.92820323027551,,,0.44530000000000003,0.01864188831636964,0.8825235106380701,0.002693021183923606,0.24042,0.006257965590615972,0.4630887826010482,0.006988908904230802,509.888124148061,5.1605612365400315,4.277369280345738,0.02002605945744257,0.0,0.0,1.0,0.0,297.0,0.0,0.45222222222222225,0.007777777777777779,0.0,0.0,0.6122841636339823,0.001361101091235117
mnist,GREATS,0.4,0.0,30,3,34.0,0.0,471.0,6.110100926607787,505.0,6.110100926607787,,,0.48816666666666664,0.015333659416822538,0.8750363403610129,0.003731720278222669,0.4680799999999999,0.0060017441909276355,0.6903657151181442,0.005350743322165782,109.88124761056315,1.936200059242905,0.4679169834901889,0.0019262991757982508,0.0,0.0,0.0,0.0,31.0,0.0,0.46078431372549017,0.025938738343770504,0.0,0.0,0.6489116350809733,0.009127273735569786
mnist,GREATS,0.4,0.0,40,3,44.0,0.0,458.6666666666667,9.701088140570166,502.6666666666667,9.701088140570166,,,0.5028,0.011762794452566666,0.8867242043965543,0.004311512594097629,0.45950666666666656,0.006944987001027764,0.6826599768352,0.006245737293532085,141.00802702812067,2.2592518951506633,0.606030410155654,0.0025486515374407294,0.0,0.0,0.0,0.0,41.0,0.0,0.43939393939393945,0.020043570538368114,0.0,0.0,0.652585506439209,0.006701186116887592
mnist,GREATS,0.4,0.0,50,3,54.0,0.0,442.3333333333333,2.3333333333333335,496.3333333333333,2.3333333333333335,,,0.4541,0.022754633227835903,0.8880313631244983,0.002546557554228667,0.44092666666666663,0.0024447312963004975,0.6658055995395801,0.0022400816795314967,166.3031590415802,4.103011929040529,0.7452612786243359,0.0029570667657490544,0.0,0.0,0.0,0.0,51.0,0.0,0.4444444444444444,0.01851851851851853,0.0,0.0,0.6532430450121561,0.007177975287404825
mnist,GREATS,0.4,0.0,60,3,64.0,0.0,446.6666666666667,3.527668414752788,510.6666666666667,3.527668414752788,,,0.4878,0.02956862075466717,0.9006111565606997,0.0021648908153573984,0.44639999999999996,0.004222432158523464,0.6708013645128661,0.0038526668072186316,189.30908939718995,6.6516924519383585,0.8852712502703071,0.003433624119428798,0.0,0.0,0.0,0.0,61.0,0.0,0.4583333333333333,0.018778912893041615,0.0,0.0,0.6430605053901672,0.010110382841391985
mnist,GREATS,0.4,0.0,70,3,74.0,0.0,442.3333333333333,3.4801021696368504,516.3333333333334,3.4801021696368504,,,0.48266666666666663,0.0060073103613661905,0.9045407417584191,0.0028204768976683547,0.44244666666666665,0.0024716076639394943,0.6671982018345123,0.0022635911397376985,205.2354140287417,4.216867446292677,1.025578847154975,0.004063857510290875,0.0,0.0,0.0,0.0,71.0,0.0,0.4684684684684685,0.01963467992585888,0.0,0.0,0.6416131258010864,0.007051646479703252
mnist,GREATS,0.4,0.0,80,3,84.0,0.0,434.6666666666667,1.8559214542766742,518.6666666666666,1.855921454276674,,,0.4902333333333333,0.019007483906199812,0.9075508036948241,0.003496561182387658,0.43318000000000006,0.003953243394142753,0.6586687897662369,0.0036483681972743665,227.48012792589589,4.51043298584956,1.166252468402187,0.0046435199145517135,0.0,0.0,0.0,0.0,81.0,0.0,0.46428571428571425,0.013746434980705375,0.0,0.0,0.6424006621042887,0.00863309155803666
mnist,GREATS,0.4,0.0,90,3,94.0,0.0,428.6666666666667,8.685876147196922,522.6666666666666,8.685876147196923,,,0.4915333333333334,0.012710931428411452,0.9086702962649476,0.007366128207472945,0.42446000000000006,0.010973404212002753,0.6504925303229743,0.010233145512905755,245.0936276748029,5.942244006385141,1.3067966249460976,0.005320460012834617,0.0,0.0,0.0,0.0,91.0,0.0,0.45390070921985815,0.01418439716312057,0.0,0.0,0.6418870687484741,0.00843165201004237
mnist,MaxLoss,0.0,0.0,0,3,4.0,0.0,445.6666666666667,13.86041525752786,449.6666666666667,13.86041525752786,0.5038995470968075,0.014039627380219464,0.4327666666666667,0.00939101225167505,0.7382083531028371,0.004281661286343675,0.45616666666666666,0.004605465352286446,0.6796679623482783,0.0041691529925501165,0.9964464979001383,0.19932081368423535,0.2753690468768279,0.2152266492109468,0.0,0.0,0.0,0.0,1.0,0.0,0.0,0.0,0.0,0.0,0.6753506263097128,0.0086719366820605
mnist,MaxLoss,0.0,0.0,10,3,14.0,0.0,432.0,15.14375558880073,446.0,15.14375558880073,0.5001812033588067,0.015338923870133712,0.4391,0.012223065627465682,0.7739822896864639,0.01233306352308875,0.42828,0.01563982523346516,0.6539361283130372,0.014529989177163808,29.796532078305855,0.55805856021227,0.3821145553762714,0.21624294038340086,0.0,0.0,0.0,0.0,11.0,0.0,0.0,0.0,0.0,0.0,0.6786142388979594,0.0262479781343213
mnist,MaxLoss,0.0,0.0,100,3,104.0,0.0,97.66666666666667,21.37236013588059,201.66666666666666,21.37236013588059,0.2452157421503216,0.023110903613649026,0.15186666666666662,0.015920252650144864,0.619455876298598,0.02958389730174149,0.09469333333333331,0.02102933295291232,0.2796067931723482,0.03047752187665407,231.8193593508456,1.5356116400499589,1.3258700457712014,0.2194476782651755,0.0,0.0,0.0,0.0,101.0,0.0,0.0,0.0,0.0,0.0,0.5804054339726766,0.006602775376375054
mnist,MaxLoss,0.0,0.0,110,3,114.0,0.0,71.0,6.557438524302001,185.0,6.557438524302001,0.22731867415132,0.0071405758256486125,0.1315333333333333,0.0032951142283353186,0.5990903053581067,0.009456635260855644,0.07167999999999998,0.006174603900926213,0.2471449423643268,0.00956047717828916,248.29292063397358,1.2237989437472347,1.4309066105633974,0.21956063655174501,0.0,0.0,0.0,0.0,111.0,0.0,0.0,0.0,0.0,0.0,0.5881044665972391,0.0040915780806257155
mnist,MaxLoss,0.0,0.0,120,3,124.0,0.0,48.333333333333336,16.825905952165282,172.33333333333334,16.825905952165282,0.2133836714977709,0.01846849623564583,0.1146,0.0073418889485835385,0.5658672538441355,0.03162660989866754,0.04948666666666668,0.01591722058372978,0.20893846387977125,0.028629819581623965,261.5220831833834,1.3109910738503598,1.5357788410037756,0.2197970848756377,0.0,0.0,0.0,0.0,121.0,0.0,0.0,0.0,0.0,0.0,0.5865420500437418,0.004124672110906723
mnist,MaxLoss,0.0,0.0,130,3,134.0,0.0,32.0,14.011899704655802,166.0,14.011899704655802,0.20649415623241416,0.015334984320668741,0.10329999999999999,0.008391066678319263,0.5420118409291566,0.03066457771659434,0.03340666666666668,0.014557382243307954,0.1801380669156084,0.027089062616487098,274.00551232385624,1.9688538637155926,1.6410791069890063,0.22000796048534188,0.0,0.0,0.0,0.0,131.0,0.0,0.0,0.0,0.0,0.0,0.5858099460601807,0.003068466186348376
mnist,MaxLoss,0.0,0.0,140,3,144.0,0.0,19.0,4.041451884327381,163.0,4.041451884327381,0.2032911687468489,0.00443785276223577,0.09726666666666668,0.0016024287122295734,0.5251218164224719,0.011652460762429918,0.02057333333333335,0.004799087876299462,0.1571444896807623,0.010514583282084784,286.9353773841089,1.8923456281713753,1.7460764544084668,0.22013807986345738,0.0,0.0,0.0,0.0,141.0,0.0,0.0,0.0,0.0,0.0,0.5879060427347819,0.0010126224746936172
mnist,MaxLoss,0.0,0.0,148,1,152.0,0.0,0.0,0.0,152.0,0.0,0.19118899083696306,0.0,0.08850000000000002,0.0,0.47082195778946356,0.0,0.0015200000000000014,0.0,0.10786442723012842,0.0,299.5073376933932,0.0,1.6167708253487945,0.0,1.0,0.0,0.0,0.0,149.0,0.0,0.0,0.0,0.0,0.0,0.5825136303901672,0.0
mnist,MaxLoss,0.0,0.0,150,2,154.0,0.0,20.5,1.4999999999999998,174.5,1.4999999999999998,0.21589349367422983,0.0016385400085709987,0.10095000000000004,0.00655,0.5347679444199667,0.0009506990932857673,0.021010000000000015,0.0002500000000000002,0.15875771508944292,0.0005269620654504009,298.00604138618866,2.388954594878839,1.9623243538662791,0.32937596272677183,0.0,0.0,0.0,0.0,151.0,0.0,0.0,0.0,0.0,0.0,0.5889862477779388,0.001231759786605835
mnist,MaxLoss,0.0,0.0,160,2,164.0,0.0,18.0,6.999999999999999,182.0,6.999999999999999,0.2240623970865272,0.00762224750360474,0.10050000000000003,0.010199999999999987,0.5345253095327698,0.01895782512742822,0.01828000000000002,0.006540000000000006,0.15221743057242149,0.01439565722791669,310.11303252730545,2.4098305374612607,2.067581414245069,0.32952254265546793,0.0,0.0,0.0,0.0,161.0,0.0,0.0,0.0,0.0,0.0,0.5906281769275665,0.0026648938655853267
mnist,MaxLoss,0.0,0.0,165,1,169.0,0.0,0.0,0.0,169.0,0.0,0.20987876318395138,0.0,0.08579999999999999,0.0,0.4798234122589319,0.0,0.0015000000000000013,0.0,0.10778514478709018,0.0,312.93172812790505,0.0,2.4718678537756205,0.0,1.0,0.0,0.0,0.0,166.0,0.0,0.0,0.0,0.0,0.0,0.5919675230979919,0.0
mnist,MaxLoss,0.0,0.0,170,1,174.0,0.0,7.0,0.0,181.0,0.0,0.2229844364337623,0.0,0.09660000000000002,0.0,0.5122367471809193,0.0,0.007580000000000007,0.0,0.12708622917384602,0.0,323.3939924911136,0.0,1.842586638405919,0.0,0.0,0.0,0.0,0.0,171.0,0.0,0.0,0.0,0.0,0.0,0.5857470035552979,0.0
mnist,MaxLoss,0.0,0.0,175,1,179.0,0.0,0.0,0.0,179.0,0.0,0.22080486710183322,0.0,0.08340000000000003,0.0,0.48270807478312017,0.0,0.00026000000000000025,0.0,0.10219966907839335,0.0,328.83078312029045,0.0,1.9176680240780115,0.0,1.0,0.0,0.0,0.0,176.0,0.0,0.0,0.0,0.0,0.0,0.5834261775016785,0.0
mnist,MaxLoss,0.0,0.0,20,3,24.0,0.0,413.3333333333333,16.045075395411654,437.3333333333333,16.045075395411654,0.4913935496006161,0.0162956690587253,0.4256333333333333,0.014260707478164561,0.7923469059767294,0.008181459043654773,0.40118000000000004,0.017004473921098905,0.6284309760353358,0.016214347306741872,63.25280929253616,5.5407574350832665,0.4881093464791775,0.21660877458485744,0.0,0.0,0.0,0.0,21.0,0.0,0.0,0.0,0.0,0.0,0.6007222135861715,0.011018505978063139
mnist,MaxLoss,0.0,0.0,30,3,34.0,0.0,325.6666666666667,16.49579070887816,359.6666666666667,16.49579070887816,0.41192372085060924,0.01703665257319791,0.34256666666666663,0.021011927829476078,0.7603257655391708,0.010502656871712732,0.3215533333333333,0.015257720814212197,0.5497829163376253,0.015717858264986832,98.34788807672987,5.321445617776808,0.5933810217926899,0.21719417052721277,0.0,0.0,0.0,0.0,31.0,0.0,0.0,0.0,0.0,0.0,0.5972279111544291,0.0042464659885864675
mnist,MaxLoss,0.0,0.0,40,3,44.0,0.0,294.0,18.50225211517056,338.0,18.50225211517056,0.3894780927415316,0.019208961281069872,0.31703333333333333,0.027657568785254993,0.7528400342241981,0.02040340109233515,0.28630666666666665,0.019557901500700716,0.5127625378442914,0.02093165807729821,127.12200713725974,4.363832493527108,0.6983642689883709,0.2175889174879512,0.0,0.0,0.0,0.0,41.0,0.0,0.0,0.0,0.0,0.0,0.5842670599619547,0.007284156398728439
mnist,MaxLoss,0.0,0.0,50,3,54.0,0.0,218.0,13.051181300301261,272.0,13.051181300301261,0.32043995869268355,0.013766160241875828,0.23786666666666667,0.008385370859088153,0.702642614880352,0.009788865741067982,0.21320666666666663,0.010872474930351012,0.43199758493212187,0.01253306959580576,150.14877563578713,2.5607890093726597,0.8030045730993152,0.2181040862792252,0.0,0.0,0.0,0.0,51.0,0.0,0.0,0.0,0.0,0.0,0.5807672540346781,0.0028862580253188924
mnist,MaxLoss,0.0,0.0,60,3,64.0,0.0,198.66666666666666,32.16796197737398,262.6666666666667,32.16796197737398,0.3103082262872097,0.033914937854242266,0.24013333333333334,0.02552099353691214,0.6992603089513424,0.03231766850501801,0.1994466666666667,0.03239855415155298,0.4144992001407841,0.03747593611333635,167.83142024576375,2.0886733044055275,0.9074338019515077,0.21851635910579123,0.0,0.0,0.0,0.0,61.0,0.0,0.0,0.0,0.0,0.0,0.5918994347254435,0.01408352363269244
mnist,MaxLoss,0.0,0.0,70,3,74.0,0.0,164.66666666666666,27.388156402195296,238.66666666666666,27.388156402195296,0.28484908955094096,0.0293565899611394,0.21346666666666667,0.027845366660262254,0.675010800757566,0.03122382778768788,0.16488666666666665,0.02600021111025405,0.37291489094423297,0.03300975025275615,185.23410270193776,2.6076580564859078,1.0118763539940119,0.21894005710666162,0.0,0.0,0.0,0.0,71.0,0.0,0.0,0.0,0.0,0.0,0.5830504496892294,0.007219126419036568
mnist,MaxLoss,0.0,0.0,80,3,84.0,0.0,144.33333333333334,25.640679484842916,228.33333333333334,25.640679484842916,0.2738322531222366,0.02755604846582894,0.1806333333333333,0.020106494252134326,0.658674273248026,0.03064269454617497,0.14091333333333333,0.024585530523279577,0.3424899615444102,0.03245564316764275,201.46487127428864,1.0881842661639551,1.116428589137892,0.21911856465887436,0.0,0.0,0.0,0.0,81.0,0.0,0.0,0.0,0.0,0.0,0.5875483552614847,0.0038798984667774623
mnist,MaxLoss,0.0,0.0,90,3,94.0,0.0,171.33333333333334,34.26530477189881,265.3333333333333,34.265304771898805,0.31306305246350047,0.036454872182155686,0.21829999999999997,0.023732467212660386,0.7016555927114033,0.03676345269886382,0.16813333333333333,0.03252806446405592,0.3761107612699979,0.04140680280927378,221.4617325195355,0.719088716423724,1.2210770935441058,0.219276041418778,0.0,0.0,0.0,0.0,91.0,0.0,0.0,0.0,0.0,0.0,0.6059715549151102,0.006799789859924054
mnist,MaxLoss,0.4,0.0,0,3,4.0,0.0,485.6666666666667,11.170397386744026,489.6666666666667,11.170397386744026,0.5441925355116837,0.0111844683254479,0.4333333333333333,0.009392254492103827,0.7649276656724234,0.0034137594144345953,0.4888666666666667,0.003613241081233169,0.7087876066327549,0.003165978837537139,0.8441843052563865,0.2094601228357417,0.05917069222778082,0.0002574241205801665,0.0,0.0,0.0,0.0,1.0,0.0,0.08333333333333333,0.08333333333333334,0.0,0.0,0.7008941173553467,0.005047669207941185
mnist,MaxLoss,0.4,0.0,10,3,14.0,0.0,489.3333333333333,13.482498944104458,503.3333333333333,13.482498944104458,0.5578598862242264,0.013485279535747454,0.4644333333333333,0.01231886538786931,0.8086755031788617,0.007929783048437038,0.49255999999999994,0.01123336102865033,0.7119254012941165,0.009836482107190172,19.726071463388887,1.06839112069702,0.1636601292217771,0.0006400736005361967,0.0,0.0,0.0,0.0,11.0,0.0,0.5,0.0,0.0,0.0,0.7238989075024923,0.018224433475485174
mnist,MaxLoss,0.4,0.0,100,3,104.0,0.0,414.6666666666667,8.212456663169947,518.6666666666666,8.212456663169947,0.5731841366699276,0.008172808935899157,0.4550666666666667,0.027905933259991727,0.9044062313325135,0.0041930431677097025,0.4133533333333334,0.008475347256078113,0.6401403483016437,0.007941202387550736,248.5641784423443,4.529276079990024,1.0944907901187737,0.00447507390589979,0.0,0.0,0.0,0.0,101.0,0.0,0.4583333333333333,0.021017431167634614,0.0,0.0,0.5875272750854492,0.000996760348691763
mnist,MaxLoss,0.4,0.0,110,3,114.0,0.0,398.6666666666667,4.807401700618653,512.6666666666666,4.807401700618653,0.5672137666260824,0.004792903400662645,0.45,0.026981289813498555,0.9041968248348343,0.0020484895533801274,0.40222666666666673,0.005419782693470695,0.6296566023109044,0.005148068672602173,265.4511373144464,3.064379127615013,1.1983567954351504,0.004799666017015878,0.0,0.0,0.0,0.0,111.0,0.0,0.4619883040935672,0.010542547589075996,0.0,0.0,0.5900116960207621,0.006015998881136722
mnist,MaxLoss,0.4,0.0,120,3,124.0,0.0,389.3333333333333,6.009252125773315,513.3333333333334,6.009252125773316,0.5678757395168456,0.005989632062515035,0.4488666666666667,0.021985929844132373,0.9032900990937319,0.003221413896078088,0.3910733333333334,0.005016058656399883,0.619004823263363,0.004812902164310198,281.1392361729066,4.8125042781218355,1.302155856974423,0.005243724511191945,0.0,0.0,0.0,0.0,121.0,0.0,0.44892473118279574,0.014224469414325763,0.0,0.0,0.5883011420567831,0.011848208983403824
mnist,MaxLoss,0.4,0.0,130,3,134.0,0.0,379.0,4.041451884327381,513.0,4.041451884327381,0.5675477292388678,0.004032234944010943,0.46963333333333335,0.022975228205854917,0.9030011106290502,0.0031658311562474217,0.38278000000000006,0.004792591504951538,0.6110114668961085,0.00464193154998201,294.27309770495845,3.4450680103151923,1.4063616472606857,0.005709023429239957,0.0,0.0,0.0,0.0,131.0,0.0,0.4577114427860696,0.013850160106542348,0.0,0.0,0.586287796497345,0.0045994620513180005
mnist,MaxLoss,0.4,0.0,140,3,144.0,0.0,372.6666666666667,1.2018504251546631,516.6666666666666,1.2018504251546633,0.5712063524600429,0.0011975151851707048,0.4633333333333334,0.013448213429465075,0.9025904008051032,0.0014255794143068984,0.37489999999999996,0.0017969232964524084,0.6033750399466051,0.0017520947771085464,306.45286698388963,3.6589596989977773,1.509925124856333,0.006004987729971581,0.0,0.0,0.0,0.0,141.0,0.0,0.46527777777777773,0.010607814108694073,0.0,0.0,0.5793469349543253,0.00124665303515305
mnist,MaxLoss,0.4,0.0,150,3,154.0,0.0,367.3333333333333,5.04424865014052,521.3333333333334,5.04424865014052,0.5758488540304825,0.005019463478761862,0.46176666666666666,0.014384057532946358,0.9030977146544942,0.0037345660624200417,0.3675266666666667,0.005317158806898442,0.5961381398796265,0.005212751068478282,321.64275128530153,4.130912363432143,1.613598874459664,0.006360562262029663,0.0,0.0,0.0,0.0,151.0,0.0,0.46103896103896097,0.013517311684845025,0.0,0.0,0.5914882024129232,0.009592525186574725
mnist,MaxLoss,0.4,0.0,160,3,164.0,0.0,363.6666666666667,5.607534613753574,527.6666666666666,5.607534613753574,0.5821475337143056,0.00557613973966428,0.4975666666666667,0.010849014292142476,0.9055019429750866,0.003911693148155924,0.36533333333333334,0.00637981539266182,0.5939707831591394,0.006289645368095404,334.2900149968394,4.607213701171522,1.7176121485730012,0.006651338077033827,0.0,0.0,0.0,0.0,161.0,0.0,0.4735772357723577,0.01075508663034386,0.0,0.0,0.5838039318720499,0.004915941569465684
mnist,MaxLoss,0.4,0.0,170,3,174.0,0.0,354.0,4.358898943540674,528.0,4.358898943540674,0.5824816523430248,0.004333280534402966,0.48763333333333336,0.00411757749707815,0.9037844842008255,0.003776016086167955,0.3545866666666666,0.004736979816061864,0.5833609194982551,0.004706247401256236,348.1004410263301,5.453145759154435,1.8211654061451554,0.007015918141201228,0.0,0.0,0.0,0.0,171.0,0.0,0.46934865900383144,0.0116528017821805,0.0,0.0,0.5921059052149454,0.0055249488765323285
mnist,MaxLoss,0.4,0.0,180,3,184.0,0.0,343.6666666666667,8.743251365736,527.6666666666666,8.743251365736,0.5821374157676473,0.008683141619836344,0.4723,0.007193283904680361,0.9015920324490706,0.0063188889368675245,0.3443066666666666,0.009626881345713385,0.5730253443376718,0.009619746343586028,360.2549748135298,5.3756808438512715,1.92484477472802,0.007393121031202048,0.0,0.0,0.0,0.0,181.0,0.0,0.47282608695652173,0.012551092808470117,0.0,0.0,0.5951444506645203,0.0028249997323340453
mnist,MaxLoss,0.4,0.0,190,3,194.0,0.0,338.0,8.660254037844387,532.0,8.660254037844387,0.586443095370972,0.008600121965091316,0.4740333333333333,0.004506415180359872,0.9024927002348773,0.006774363060245643,0.3387,0.010744530391475169,0.5673584968618673,0.010844348619611399,374.73419477492826,5.264228638514742,2.028274911145369,0.007738171399018273,0.0,0.0,0.0,0.0,191.0,0.0,0.4673539518900343,0.01239021056860478,0.0,0.0,0.5969300270080566,0.0033781350746630023
mnist,MaxLoss,0.4,0.0,20,3,24.0,0.0,482.0,6.658328118479393,506.0,6.658328118479393,0.5605548718594946,0.006646881051375224,0.4912,0.011500144926623027,0.8436716479820286,0.0016460181245299382,0.4836266666666667,0.005367958436666387,0.7041694401438243,0.004720507015961945,54.000740353655715,3.3539102663883624,0.2681008332098524,0.0009317480217633939,0.0,0.0,0.0,0.0,21.0,0.0,0.4444444444444444,0.03674654598700821,0.0,0.0,0.6663678685824076,0.0113662339129691
mnist,MaxLoss,0.4,0.0,200,3,204.0,0.0,324.0,13.892443989449806,528.0,13.892443989449806,0.5824425910638334,0.013803733572622755,0.4456666666666667,0.017577384459709727,0.8981416913062233,0.008233126733506386,0.32532,0.013037054882142636,0.5537086286249756,0.013322161517458275,385.3275861201262,5.060971839259171,2.1317600018034377,0.008141165585042048,0.0,0.0,0.0,0.0,201.0,0.0,0.46241830065359474,0.0099391544612716,0.0,0.0,0.5844921469688416,0.0054190715277249255
mnist,MaxLoss,0.4,0.0,210,3,214.0,0.0,308.6666666666667,10.728984626287387,522.6666666666666,10.728984626287389,0.5771558213746175,0.010664707136148168,0.43660000000000004,0.012856126943990557,0.8937270422633063,0.006745597166070861,0.3111266666666667,0.009768775653979237,0.5391656932757108,0.010086801583515582,396.97889115224467,5.7639616966071285,2.2354095643386245,0.008547727194858277,0.0,0.0,0.0,0.0,211.0,0.0,0.45638629283489096,0.01216549793754931,0.0,0.0,0.5835688710212708,0.005826904163075516
mnist,MaxLoss,0.4,0.0,220,3,224.0,0.0,307.0,11.150485789118488,531.0,11.150485789118488,0.5854388749188123,0.011082731055307786,0.46083333333333326,0.011325683692877507,0.8951159339880818,0.0073351339774695426,0.3080866666666667,0.010701466150849482,0.5359859474874576,0.011166119074592643,408.69147778133674,5.811960728171168,2.3392233634367585,0.008986638881911454,0.0,0.0,0.0,0.0,221.0,0.0,0.45535714285714285,0.010309826235529028,0.0,0.0,0.5900731682777405,0.00893825770217137
mnist,MaxLoss,0.4,0.0,230,3,234.0,0.0,304.3333333333333,6.3595946761129705,538.3333333333334,6.359594676112971,0.5927357030838417,0.00630709545366119,0.4558,0.010728622154467632,0.8973658922902255,0.004683351195695309,0.30560666666666675,0.006044968523031711,0.5334852713593072,0.006314630371595289,421.9337893805949,5.811932186271871,2.4434913909062743,0.009306777300344422,0.0,0.0,0.0,0.0,231.0,0.0,0.4515669515669516,0.011125711789040812,0.0,0.0,0.5991626779238383,0.006791274110755867
mnist,MaxLoss,0.4,0.0,240,3,244.0,0.0,292.3333333333333,6.489307444643928,536.3333333333334,6.489307444643929,0.5907516229587296,0.00644069228259066,0.45199999999999996,0.008603100216394877,0.8936451157484653,0.004922549275512505,0.29360666666666674,0.006789966453852654,0.5208820347710569,0.007180550607499233,433.0054598748868,6.355925046055379,2.5477500166743994,0.009707611057143885,0.0,0.0,0.0,0.0,241.0,0.0,0.4549180327868852,0.01084324307813358,0.0,0.0,0.5824518799781799,0.006533943951141879
mnist,MaxLoss,0.4,0.0,250,3,254.0,0.0,279.3333333333333,4.630814663149935,533.3333333333334,4.630814663149936,0.5877790104714222,0.004597803584378594,0.4640666666666667,0.0157772339499391,0.8889093668273418,0.0034373186842429552,0.2798266666666667,0.0032357242019540626,0.5062666571093201,0.0034718795882983148,444.27638455904156,6.735573836246952,2.652452528476715,0.009945491778482559,0.0,0.0,0.0,0.0,251.0,0.0,0.4566929133858268,0.013638195335188003,0.0,0.0,0.5800777276357015,0.007347952523279316
mnist,MaxLoss,0.4,0.0,260,3,264.0,0.0,271.6666666666667,6.009252125773315,535.6666666666666,6.009252125773316,0.5900915373931639,0.005965618593090057,0.46166666666666667,0.012106517987339627,0.8888472627549667,0.003982659507933731,0.2749733333333334,0.007520481663061536,0.5010005111379435,0.008112430342286921,454.9489763430561,8.060557182372664,2.757208451939126,0.010306145927861542,0.0,0.0,0.0,0.0,261.0,0.0,0.45580808080808083,0.012044686886577604,0.0,0.0,0.583304742972056,0.00590734203581046
mnist,MaxLoss,0.4,0.0,270,3,274.0,0.0,258.6666666666667,3.4801021696368504,532.6666666666666,3.48010216963685,0.58711921829187,0.0034550425356614264,0.44386666666666663,0.007118130216410588,0.8827296524485894,0.003717178198742662,0.2597733333333334,0.0028341802655755407,0.484553518150096,0.003098147335456871,465.37560325250337,8.65958156044174,2.862140930878619,0.010678204911711611,0.0,0.0,0.0,0.0,271.0,0.0,0.4562043795620438,0.01173193523235153,0.0,0.0,0.5866702795028687,0.004162766994748918
mnist,MaxLoss,0.4,0.0,280,3,284.0,0.0,248.33333333333334,6.641619615057092,532.3333333333334,6.641619615057093,0.5867810431712618,0.006594644663204189,0.44606666666666667,0.010051423337573182,0.8802761681620925,0.004820998421758674,0.25079999999999997,0.0058428189543518584,0.4746459654355773,0.0064675514807500225,476.79043251848475,9.23285864938223,2.9671468449135623,0.011230740850577329,0.0,0.0,0.0,0.0,281.0,0.0,0.45892018779342725,0.01043215307196664,0.0,0.0,0.5948666930198669,0.0031178162587385512
mnist,MaxLoss,0.4,0.0,290,3,294.0,0.0,242.0,5.291502622129181,536.0,5.291502622129181,0.5904240919626318,0.005251715539200204,0.4461666666666666,0.005338330991778014,0.878231630177522,0.003609737402785293,0.24249333333333334,0.0034349057887775886,0.46544263831376087,0.0038369958834856437,488.0942950351798,8.804392507674951,3.0723565965890884,0.01163098797205192,0.0,0.0,0.0,0.0,291.0,0.0,0.4591836734693877,0.008999154119267307,0.0,0.0,0.5872047742207845,0.005966737274221537
mnist,MaxLoss,0.4,0.0,296,3,300.0,0.0,235.66666666666666,2.0275875100994067,535.6666666666666,2.0275875100994067,0.5900987360898095,0.002011957906587555,0.459,0.004576388678131826,0.87566711515273,0.001693656265129823,0.23565999999999998,0.0019550959055759966,0.45779171510356403,0.0022032448319183272,494.2367187440689,9.134323347522587,3.153502299139897,0.011980529684533898,0.0,0.0,1.0,0.0,297.0,0.0,0.4588888888888889,0.00867805519545183,0.0,0.0,0.5838706096013387,0.006425280220876342
mnist,MaxLoss,0.4,0.0,30,3,34.0,0.0,467.3333333333333,11.200198410940963,501.3333333333333,11.200198410940963,0.5558730619183431,0.011212693581184038,0.4603,0.015292263839384066,0.865523994732345,0.0062480558818630875,0.46975999999999996,0.010570014191097358,0.6918029004079757,0.009481663095931295,93.25009893322876,2.377879343818664,0.3717460809275508,0.0014322148852501688,0.0,0.0,0.0,0.0,31.0,0.0,0.4313725490196078,0.025938738343770504,0.0,0.0,0.6430999040603638,0.010267390992453627
mnist,MaxLoss,0.4,0.0,40,3,44.0,0.0,468.0,10.408329997330664,512.0,10.408329997330664,0.5665298210418163,0.010390653247551807,0.5062,0.007336438736426088,0.8833167055313572,0.004258597369933277,0.47090666666666664,0.009832255308139854,0.6928385719994669,0.008788242572211941,121.62926051214886,4.214902991843613,0.47520215436816216,0.0019772025807294046,0.0,0.0,0.0,0.0,41.0,0.0,0.46212121212121215,0.007575757575757587,0.0,0.0,0.6267217000325521,0.015709821452152505
mnist,MaxLoss,0.4,0.0,50,3,54.0,0.0,463.0,2.3094010767585034,517.0,2.3094010767585034,0.5715376365891037,0.0023011298680650346,0.5028666666666667,0.007394893132726445,0.8906340144957977,0.0027820254077151317,0.4608533333333333,0.0026665916656119348,0.6839073871330686,0.0024006449616339296,147.45657003764805,2.835500130439373,0.5783873504648606,0.0023375719007368277,0.0,0.0,0.0,0.0,51.0,0.0,0.46296296296296297,0.01851851851851851,0.0,0.0,0.6001855333646139,0.007176848863480796
mnist,MaxLoss,0.4,0.0,60,3,64.0,0.0,442.6666666666667,6.333333333333333,506.6666666666667,6.333333333333333,0.5612216735025868,0.006321782473334568,0.4727666666666667,0.003812843791421012,0.8924798680942652,0.003204330762779753,0.4453866666666666,0.006028403142163251,0.6698607898036952,0.00550766175058455,170.75137935318696,2.8290088309432324,0.6813680517176787,0.0027253730164027916,0.0,0.0,0.0,0.0,61.0,0.0,0.453125,0.023867581744561668,0.0,0.0,0.5898310343424479,0.004045113509423211
mnist,MaxLoss,0.4,0.0,70,3,74.0,0.0,435.0,3.7859388972001824,509.0,3.7859388972001824,0.563557152384116,0.0037785110198664124,0.4757666666666666,0.018617405237513027,0.897289321858302,0.002837437394914156,0.43714000000000003,0.00631804822182714,0.6622985608522513,0.00579787053399268,193.40071156548856,2.311714073896682,0.784423508370916,0.0031270852545196536,0.0,0.0,0.0,0.0,71.0,0.0,0.4684684684684685,0.019634679925858885,0.0,0.0,0.5890954534212748,0.008264654679003997
mnist,MaxLoss,0.4,0.0,80,3,84.0,0.0,419.0,10.503967504392488,503.0,10.503967504392488,0.5575425812470106,0.010486840808523674,0.4405333333333333,0.022466740850520448,0.8967379396871796,0.0042241487176724185,0.42157333333333336,0.008786734951682054,0.6478388313351293,0.008170068100250337,214.08513005700453,2.984250965423056,0.887439894489944,0.003613293787978982,0.0,0.0,0.0,0.0,81.0,0.0,0.46428571428571425,0.02995966045742361,0.0,0.0,0.6018794576327006,0.0033326813015965412
mnist,MaxLoss,0.4,0.0,90,3,94.0,0.0,418.6666666666667,15.300689890038003,512.6666666666666,15.300689890038003,0.5671666395307208,0.015236476185874938,0.46690000000000004,0.009444751628991279,0.9019853438360731,0.0056640500303304885,0.4176933333333334,0.012287849463776966,0.6441461504642584,0.011474046681729721,234.8179735389302,3.164084903491171,0.9908414129167795,0.0042142681270630165,0.0,0.0,0.0,0.0,91.0,0.0,0.4574468085106383,0.0184260724209455,0.0,0.0,0.5864417552947998,0.0038546756879084387
mnist,PU-C,0.0,0.0,0,3,4.0,0.0,487.0,18.903262505010435,491.0,18.903262505010435,0.5454773320622431,0.018968562287850876,0.47876666666666673,0.00903923546422913,0.761067895005187,0.007167751234095805,0.48399333333333333,0.008863967007559983,0.7044509047948385,0.007817229065636972,0.9004010308745807,0.12616402777411087,0.056994201305011906,0.0002788848316985249,0.0,0.0,0.0,0.0,1.0,0.0,0.0,0.0,0.0,0.0,0.6814150810241699,0.006857207886059805
mnist,PU-C,0.0,0.0,10,3,14.0,0.0,422.3333333333333,13.593299002735789,436.3333333333333,13.593299002735789,0.490395761677064,0.013792885760810421,0.43093333333333333,0.0071031292008835335,0.7634198254674995,0.013653075120019226,0.41242,0.01674173626997311,0.6390804110178765,0.015702296445949136,31.43550991294904,0.5236574693583393,0.1815614647542437,0.000259259200961944,0.0,0.0,0.0,0.0,11.0,0.0,0.0,0.0,0.0,0.0,0.6392616430918375,0.00947587778503049
mnist,PU-C,0.0,0.0,100,3,104.0,0.0,129.0,16.3707055437449,233.0,16.3707055437449,0.2789750649632576,0.017459741063738692,0.1556,0.017667201249773543,0.6438712422953939,0.019110697818687912,0.12798666666666667,0.01692360219076044,0.32639558374272487,0.022146176632753405,200.83994599960374,2.4462495837722966,1.2838485616569717,0.01011013154046838,0.0,0.0,0.0,0.0,101.0,0.0,0.0,0.0,0.0,0.0,0.5775307218233744,0.004152551904684061
mnist,PU-C,0.0,0.0,110,3,114.0,0.0,109.66666666666667,16.045075395411654,223.66666666666666,16.045075395411654,0.26898568177906174,0.017165750323184743,0.1436333333333333,0.01300029914185738,0.6272086866208618,0.019398831571323938,0.10943999999999998,0.016395247278810216,0.3012659747801316,0.02226295582594021,211.40602352580174,3.3448668659105327,1.4045680286362767,0.011094849728867828,0.0,0.0,0.0,0.0,111.0,0.0,0.0,0.0,0.0,0.0,0.5809021989504496,0.0056273313466938734
mnist,PU-C,0.0,0.0,120,3,124.0,0.0,110.66666666666667,14.193112570695849,234.66666666666666,14.193112570695845,0.2807774556179841,0.015169694441533568,0.1505333333333333,0.010300377555108242,0.633869175747814,0.017838245747879594,0.10794666666666665,0.014175924817959672,0.29936454001032803,0.01967616139598663,223.37083393931337,3.4399424231709923,1.5251780518641074,0.01208497428559722,0.0,0.0,0.0,0.0,121.0,0.0,0.0,0.0,0.0,0.0,0.5918375253677368,0.0016107779687284498
mnist,PU-C,0.0,0.0,130,3,134.0,0.0,94.33333333333333,13.96821789317131,228.33333333333334,13.96821789317131,0.27400560316164047,0.014980485222634642,0.13343333333333338,0.013039469996045761,0.6219444250025421,0.020070506837834436,0.09409333333333329,0.014087537439563792,0.27972375139084554,0.020546120241663208,234.2064337512892,3.2862958047389816,1.645956961127619,0.013100718222744327,0.0,0.0,0.0,0.0,131.0,0.0,0.0,0.0,0.0,0.0,0.5905580719312032,0.0009710962141246203
mnist,PU-C,0.0,0.0,140,3,144.0,0.0,71.0,8.962886439832502,215.0,8.962886439832502,0.2597431842586957,0.009640040118044896,0.11363333333333336,0.0007218802609235752,0.5955806424128504,0.01415409605342859,0.07107999999999999,0.008274305610341745,0.24604748248973982,0.012838834128838178,245.08693879368641,4.015309106595608,1.7661907908817132,0.013539126279399682,0.0,0.0,0.0,0.0,141.0,0.0,0.0,0.0,0.0,0.0,0.5872493187586466,0.0024799474228734504
mnist,PU-C,0.0,0.0,150,3,154.0,0.0,65.66666666666667,6.489307444643929,219.66666666666666,6.489307444643929,0.26477169782932225,0.006961561347261805,0.1109666666666667,0.005683406646643484,0.5940574429525981,0.010817005036634035,0.06539333333333332,0.005810408285520408,0.23739108340326653,0.009117166752369574,255.89079906643937,4.268161706805171,1.8862250282739599,0.014094061216454694,0.0,0.0,0.0,0.0,151.0,0.0,0.0,0.0,0.0,0.0,0.5874974727630615,0.004078145538325023
mnist,PU-C,0.0,0.0,160,3,164.0,0.0,63.333333333333336,9.333333333333334,227.33333333333334,9.333333333333334,0.27297470088039216,0.009999827401684506,0.11599999999999995,0.015922625411658724,0.5988753331671298,0.01746459963897967,0.06428,0.008889101941891147,0.2353332512778581,0.014141053950746255,266.73585195215975,4.640083776382408,2.0065312292426825,0.015014023122309636,0.0,0.0,0.0,0.0,161.0,0.0,0.0,0.0,0.0,0.0,0.5888681809107462,0.00534114323897861
mnist,PU-C,0.0,0.0,170,3,174.0,0.0,44.333333333333336,4.48454134902457,218.33333333333334,4.48454134902457,0.26334819292727235,0.004813519654121299,0.10726666666666666,0.007669057598195811,0.5711919873501207,0.00839477727830822,0.04422000000000004,0.003999516637461753,0.2025555906243691,0.0068965828366536796,277.44961776626695,4.624411098498472,2.127032270965477,0.015193979482496832,0.0,0.0,0.0,0.0,171.0,0.0,0.0,0.0,0.0,0.0,0.5893585880597433,0.0036420890338598032
mnist,PU-C,0.0,0.0,180,3,184.0,0.0,32.666666666666664,5.04424865014052,216.66666666666666,5.044248650140519,0.2615556220601623,0.0054235610163782646,0.09673333333333334,0.004099728988332979,0.556535438678662,0.008493245067419527,0.03401333333333337,0.005319903925615369,0.18397952575052176,0.009955596002765832,286.8043984943033,4.743070923451808,2.247761850555738,0.0153422111770556,0.0,0.0,0.0,0.0,181.0,0.0,0.0,0.0,0.0,0.0,0.5817371010780334,0.0061011704279328805
mnist,PU-C,0.0,0.0,190,3,194.0,0.0,27.333333333333332,6.359594676112971,221.33333333333334,6.359594676112971,0.26656103238929063,0.006815748781933879,0.09119999999999999,0.0029297326385411574,0.5469654333099203,0.010250889171523106,0.027060000000000025,0.006152603784848607,0.17041213113905182,0.011871786382465605,296.1265626536962,5.238343274569352,2.3683013394474983,0.015172256911008288,0.0,0.0,0.0,0.0,191.0,0.0,0.0,0.0,0.0,0.0,0.583450714747111,0.004613924371706863
mnist,PU-C,0.0,0.0,20,3,24.0,0.0,389.3333333333333,37.248415327963215,413.3333333333333,37.248415327963215,0.46672671449293074,0.03799549196896585,0.3995666666666666,0.02881911017209087,0.7881844757940151,0.031088603353941816,0.38667333333333326,0.036985752812550836,0.6135514332421936,0.035789087940365547,72.55179012060894,2.046103138659855,0.3058684564506014,0.0011418519406380832,0.0,0.0,0.0,0.0,21.0,0.0,0.0,0.0,0.0,0.0,0.5984136660893759,0.01715636310311571
mnist,PU-C,0.0,0.0,200,3,204.0,0.0,17.0,6.027713773341709,221.0,6.027713773341709,0.26620487983260926,0.006461157893844104,0.08473333333333333,0.0017032648388054777,0.53083074008366,0.011358218027081132,0.01839333333333335,0.005687791994946531,0.1522285496811993,0.012070515138515025,304.5211794304228,4.911743660555578,2.4884871734927096,0.015242808383433419,0.0,0.0,0.0,0.0,201.0,0.0,0.0,0.0,0.0,0.0,0.5838528672854105,0.003106560423969557
mnist,PU-C,0.0,0.0,208,1,212.0,0.0,0.0,0.0,212.0,0.0,0.2565465088118799,0.0,0.08030000000000004,0.0,0.4851552477906781,0.0,0.0019600000000000017,0.0,0.1095585684124188,0.0,317.306414035982,0.0,2.580753785558045,0.0,1.0,0.0,0.0,0.0,209.0,0.0,0.0,0.0,0.0,0.0,0.5909666419029236,0.0
mnist,PU-C,0.0,0.0,210,2,214.0,0.0,11.0,6.999999999999999,225.0,6.999999999999999,0.2704981423157733,0.007500466919736936,0.08244999999999997,0.003450000000000008,0.5136127248314388,0.01643225501026538,0.01080000000000001,0.006860000000000007,0.133958969282256,0.017581282807740076,312.8526082092603,8.839345940060895,2.6143478830344975,0.024010804016143084,0.0,0.0,0.0,0.0,211.0,0.0,0.0,0.0,0.0,0.0,0.578890860080719,0.0004755258560180664
mnist,PU-C,0.0,0.0,220,2,224.0,0.0,9.5,9.5,233.5,9.5,0.2795859210600611,0.010150558926397935,0.08165,0.0038500000000000196,0.5132660558981165,0.027189591791997675,0.01029000000000001,0.009890000000000008,0.12996876073494143,0.027031133158878177,321.16151236072534,11.264279098555221,2.7395907631143928,0.019304027780890465,0.5,0.5,0.0,0.0,221.0,0.0,0.0,0.0,0.0,0.0,0.5762875080108643,0.0014007091522216797
mnist,PU-C,0.0,0.0,230,1,234.0,0.0,13.0,0.0,247.0,0.0,0.2939946206170134,0.0,0.08499999999999996,0.0,0.5270446140144049,0.0,0.013440000000000013,0.0,0.1419135896810458,0.0,317.4657375354714,0.0,2.879631175659597,0.0,0.0,0.0,0.0,0.0,231.0,0.0,0.0,0.0,0.0,0.0,0.5741755366325378,0.0
mnist,PU-C,0.0,0.0,240,1,244.0,0.0,3.0,0.0,247.0,0.0,0.2939946206170134,0.0,0.07099999999999995,0.0,0.4957598409842471,0.0,0.0027000000000000023,0.0,0.11223476801313088,0.0,327.94450356677146,0.0,2.9997111838310957,0.0,0.0,0.0,0.0,0.0,241.0,0.0,0.0,0.0,0.0,0.0,0.5731133818626404,0.0
mnist,PU-C,0.0,0.0,245,1,249.0,0.0,0.0,0.0,249.0,0.0,0.2961217011907138,0.0,0.07099999999999995,0.0,0.48636415663391735,0.0,0.0003600000000000003,0.0,0.10273198008145384,0.0,333.3014338863519,0.0,3.082762069068849,0.0,1.0,0.0,0.0,0.0,246.0,0.0,0.0,0.0,0.0,0.0,0.5736510753631592,0.0
mnist,PU-C,0.0,0.0,30,3,34.0,0.0,347.0,13.051181300301261,381.0,13.051181300301261,0.43391766148852184,0.013386358538143989,0.36769999999999997,0.02016093582484042,0.7823265370588909,0.012319474630240867,0.3454733333333333,0.014965847045115036,0.5740703626738014,0.014907821737476738,101.00182771722011,1.0074805152738209,0.42990008431176346,0.0022362914737612534,0.0,0.0,0.0,0.0,31.0,0.0,0.0,0.0,0.0,0.0,0.6035352746645609,0.006817571383725517
mnist,PU-C,0.0,0.0,40,3,44.0,0.0,294.3333333333333,22.980668204190913,338.3333333333333,22.980668204190913,0.38977856730343774,0.023784935137156717,0.30346666666666666,0.019341952101872006,0.7496872596006833,0.018372352412550638,0.2911466666666667,0.02126117065868617,0.5178424598387776,0.02227123161732074,117.55390642654594,1.3018044236353117,0.553666931266586,0.002946187935202141,0.0,0.0,0.0,0.0,41.0,0.0,0.0,0.0,0.0,0.0,0.563748319943746,0.0146641925939611
mnist,PU-C,0.0,0.0,50,3,54.0,0.0,254.33333333333334,32.00173606401864,308.3333333333333,32.00173606401864,0.3583771444197434,0.03359876144033523,0.27376666666666666,0.02851346660400621,0.7282123997031068,0.02869125263170442,0.25262,0.03051997597203076,0.4754868078345265,0.034193027044042174,135.99971500292506,1.246724791553615,0.6761418196062247,0.004186402263062214,0.0,0.0,0.0,0.0,51.0,0.0,0.0,0.0,0.0,0.0,0.5763041178385416,0.009933420026339174
mnist,PU-C,0.0,0.0,60,3,64.0,0.0,221.66666666666666,28.869437896232835,285.6666666666667,28.869437896232835,0.3346444919977027,0.030499561200018076,0.2435333333333333,0.0323122439813627,0.7102323833680994,0.028673142850099212,0.22285333333333335,0.029269147199359552,0.44198136916661895,0.03416891913563725,149.91993591355606,2.102217261360744,0.7987178626159827,0.005647806350619629,0.0,0.0,0.0,0.0,61.0,0.0,0.0,0.0,0.0,0.0,0.5780120491981506,0.00929925812953297
mnist,PU-C,0.0,0.0,70,3,74.0,0.0,205.0,37.322915213043046,279.0,37.322915213043046,0.32746178429806605,0.039316500755599254,0.22673333333333334,0.03187539977962803,0.7011615423300532,0.03623379058416808,0.20582666666666669,0.03712305004231797,0.4214580277030909,0.04328019266401148,162.57743401601672,2.1817709858103673,0.9204588936020931,0.006950340391076306,0.0,0.0,0.0,0.0,71.0,0.0,0.0,0.0,0.0,0.0,0.5716500083605448,0.006132363952632813
mnist,PU-C,0.0,0.0,80,3,84.0,0.0,186.66666666666666,27.448942501386906,270.6666666666667,27.448942501386906,0.31885146159523475,0.029021673081822606,0.20936666666666667,0.025339977198972467,0.6908125409446418,0.02725049856385712,0.18496666666666664,0.026629718569881868,0.39761334947885213,0.03217850392268015,176.04848634808118,1.9222577001058303,1.0415859743952751,0.008111159649763342,0.0,0.0,0.0,0.0,81.0,0.0,0.0,0.0,0.0,0.0,0.584336539109548,0.007351741663326173
mnist,PU-C,0.0,0.0,90,3,94.0,0.0,158.66666666666666,19.35917812764214,252.66666666666666,19.35917812764214,0.2998965416142407,0.020556372479221072,0.1922,0.02340007122496284,0.6727901097925804,0.022814738503265257,0.15936,0.021805892170084037,0.3664966493406969,0.02721848267075544,189.46457680890558,2.6651254230488224,1.1627810799206297,0.009134331422245323,0.0,0.0,0.0,0.0,91.0,0.0,0.0,0.0,0.0,0.0,0.5820114612579346,0.006338854716975412
mnist,PU-C,0.4,0.0,0,3,4.0,0.0,500.3333333333333,6.9602043392737,504.3333333333333,6.9602043392737,0.5588888733570153,0.00695337651895263,0.5014666666666666,0.02938663717481881,0.7693056919886715,0.004210837565179069,0.4946533333333334,0.0052837654923149025,0.7138341126839164,0.004595669069762513,0.7433751016051415,0.025523585357592398,0.056229185623427234,0.00021916256774896686,0.0,0.0,0.0,0.0,1.0,0.0,0.08333333333333333,0.08333333333333334,0.0,0.0,0.6871035893758138,0.010586521432444986
mnist,PU-C,0.4,0.0,10,3,14.0,0.0,494.3333333333333,6.765927710061479,508.3333333333333,6.765927710061479,0.5628846425485486,0.006759189510656494,0.4875333333333334,0.019733248873693127,0.8158472246248829,0.004372484118810805,0.4926,0.005835763303402054,0.7120371049637031,0.005091980675263054,24.349487609074085,0.4665981823048331,0.18039893389989933,0.0006031949137379407,0.0,0.0,0.0,0.0,11.0,0.0,0.4523809523809524,0.04761904761904762,0.0,0.0,0.6686460375785828,0.005347725641834622
mnist,PU-C,0.4,0.0,100,3,104.0,0.0,440.3333333333333,4.176654695380556,544.3333333333334,4.176654695380557,0.5986866232512208,0.00413798184128144,0.4357666666666667,0.0199203692513746,0.9038774129864052,0.002431590535427234,0.44005333333333335,0.004237142643076537,0.6649942958448972,0.003895859365532968,206.7357942735107,0.9739252438904977,1.3221726963917415,0.007221889489589508,0.0,0.0,0.0,0.0,101.0,0.0,0.3942307692307692,0.030909137054464592,0.0,0.0,0.5846999486287435,0.002479647121198307
mnist,PU-C,0.4,0.0,110,3,114.0,0.0,431.0,1.1547005383792517,545.0,1.1547005383792517,0.5993504033152325,0.0011433016460570232,0.4338333333333333,0.03161805040022408,0.902665692623386,0.00160892572667741,0.4298066666666666,0.0025663030045400084,0.6555563122756332,0.0023798495385959953,218.14361842484718,0.7544822074099533,1.451811124260227,0.007809331886083652,0.0,0.0,0.0,0.0,111.0,0.0,0.39181286549707606,0.03372094325927132,0.0,0.0,0.5850626826286316,0.0035444280923055465
mnist,PU-C,0.4,0.0,120,3,124.0,0.0,421.6666666666667,0.8819171036881969,545.6666666666666,0.881917103688197,0.6000105643373294,0.0008731254660741568,0.4212666666666666,0.014751308793158358,0.9021738712106834,0.0021513105671222047,0.4212066666666667,0.0038138402926417457,0.6475505067208296,0.003557617564513971,229.56339878614298,0.7773044066356256,1.581788090057671,0.008323077848175075,0.0,0.0,0.0,0.0,121.0,0.0,0.3844086021505377,0.025643526919810363,0.0,0.0,0.589363674322764,0.002957673955886695
mnist,PU-C,0.4,0.0,130,3,134.0,0.0,410.3333333333333,5.364492313143694,544.3333333333334,5.364492313143694,0.5986840453503343,0.005309244507629258,0.4174333333333333,0.010709082334376011,0.8996558781306163,0.002708216716806373,0.40958000000000006,0.004975097988984769,0.6366256387050712,0.004685456849189559,240.02392248325376,0.9552159077599818,1.7122491411864758,0.008897623026866473,0.0,0.0,0.0,0.0,131.0,0.0,0.3781094527363184,0.01741293532338309,0.0,0.0,0.58130810658137,0.003826002080584214
mnist,PU-C,0.4,0.0,140,3,144.0,0.0,411.0,5.291502622129181,555.0,5.291502622129181,0.6092342479193272,0.005228947952158721,0.4084666666666667,0.006335701311702672,0.9036570976272168,0.003182095620265431,0.41043999999999997,0.005769679367174575,0.6374296014708293,0.0054430633575639166,250.68517853185688,1.2557091152661182,1.8425723401208718,0.009641323848852738,0.0,0.0,0.0,0.0,141.0,0.0,0.3819444444444444,0.012028130608117209,0.0,0.0,0.5878838300704956,0.003935608658611347
mnist,PU-C,0.4,0.0,150,3,154.0,0.0,396.3333333333333,9.837569708915803,550.3333333333334,9.837569708915806,0.6046060925582424,0.009717497413331666,0.4131333333333333,0.0035408724599705356,0.8989678369168264,0.005340987053160353,0.3958866666666667,0.010370614468026694,0.6235439432249047,0.009868162962954508,259.9119931559166,1.349767108060023,1.9733953149989247,0.01055204913431616,0.0,0.0,0.0,0.0,151.0,0.0,0.3896103896103897,0.007498055444021117,0.0,0.0,0.5820750991503397,0.0017026559852220992
mnist,PU-C,0.4,0.0,160,3,164.0,0.0,387.3333333333333,2.6034165586355518,551.3333333333334,2.6034165586355518,0.6056154255444804,0.0025738241549906437,0.4122333333333333,0.00750673771428784,0.8982108537761754,0.0010462106660762906,0.38856666666666667,0.0018071831979937683,0.6166144185683735,0.0017395559943634473,268.99446077510817,1.3846946638739541,2.104969688380758,0.011293077821867899,0.0,0.0,0.0,0.0,161.0,0.0,0.38617886178861793,0.014227642276422765,0.0,0.0,0.5874425172805786,0.0013266931153614423
mnist,PU-C,0.4,0.0,170,3,174.0,0.0,377.6666666666667,7.264831572567789,551.6666666666666,7.2648315725677906,0.6059344941944195,0.007180054065040052,0.4023666666666667,0.007423461307084319,0.8953060639605543,0.003691137867858213,0.3771933333333333,0.007229332226730548,0.6055638252331246,0.007021702655048342,279.0642051498042,0.621317807497864,2.2364731074000397,0.01227066686037606,0.0,0.0,0.0,0.0,171.0,0.0,0.39080459770114945,0.015205467304968912,0.0,0.0,0.5827495654424032,0.0017905345508956083
mnist,PU-C,0.4,0.0,180,3,184.0,0.0,371.6666666666667,8.412952976082641,555.6666666666666,8.412952976082641,0.6098829735807764,0.00830706916401797,0.39866666666666667,0.008480631527846916,0.8953353201471379,0.004084679191686554,0.37155333333333324,0.007876863447958078,0.6000529078497352,0.007693897556541069,288.7280307063614,0.4823409537497127,2.3682385090117655,0.013262621453275334,0.0,0.0,0.0,0.0,181.0,0.0,0.38768115942028986,0.011019497337496775,0.0,0.0,0.5817967057228088,0.002396517832945549
mnist,PU-C,0.4,0.0,190,3,194.0,0.0,364.3333333333333,2.728450923957484,558.3333333333334,2.728450923957483,0.6125305113770688,0.0026939156119509906,0.3807333333333333,0.00878831294643315,0.8951295611277609,0.0014521097704003776,0.3656333333333333,0.0026626886996250925,0.5942972676727819,0.002622032809444695,297.98322256358347,0.4683511914755411,2.500505237840116,0.014050012276155358,0.0,0.0,0.0,0.0,191.0,0.0,0.3900343642611684,0.00909192890400203,0.0,0.0,0.5809154907862345,0.004490518225219009
mnist,PU-C,0.4,0.0,20,3,24.0,0.0,491.6666666666667,12.732286169856186,515.6666666666666,12.732286169856186,0.5701738611872619,0.012679120243478679,0.4916666666666667,0.009892814451801768,0.8619197165492171,0.0099016900041045,0.49430666666666667,0.011451883881896633,0.7134458680455235,0.00998372587452386,67.27604907611324,4.312418958980479,0.305760339833796,0.0017434915138498483,0.0,0.0,0.0,0.0,21.0,0.0,0.40277777777777785,0.013888888888888897,0.0,0.0,0.6477490663528442,0.008880527743029035
mnist,PU-C,0.4,0.0,200,3,204.0,0.0,357.3333333333333,2.728450923957484,561.3333333333334,2.728450923957483,0.6154907538439147,0.0026920410602612973,0.3887333333333333,0.012441373629056311,0.8935423149681433,0.0015234411357061524,0.3576,0.0027815343487603136,0.5863655165002456,0.002760262597686233,306.9227372374837,0.48195213206577875,2.633380633468429,0.014768617523003381,0.0,0.0,0.0,0.0,201.0,0.0,0.3954248366013072,0.011437908496732034,0.0,0.0,0.5816926757494608,0.0020892108496922772
mnist,PU-C,0.4,0.0,210,3,214.0,0.0,359.0,10.392304845413264,573.0,10.392304845413264,0.6269597552988367,0.010222904908571308,0.3811,0.00951752769017948,0.8972442929445202,0.004990864870184956,0.35945999999999995,0.009486980552314858,0.588129915186211,0.009379619074464572,316.2466915371189,0.4112606312697084,2.767158010353645,0.015557831828887553,0.0,0.0,0.0,0.0,211.0,0.0,0.38940809968847345,0.007788161993769472,0.0,0.0,0.5837448239326477,0.0016090235040635164
mnist,PU-C,0.4,0.0,220,3,224.0,0.0,356.3333333333333,8.212456663169947,580.3333333333334,8.212456663169947,0.6341767257157093,0.008072082021101898,0.3729,0.01153126185636245,0.8982035820592326,0.004051313319645834,0.35622666666666664,0.007441230483670793,0.5849582854820333,0.007409274558254698,325.172430557871,0.28389506131843567,2.9018943033491573,0.016247785961479563,0.0,0.0,0.0,0.0,221.0,0.0,0.3839285714285714,0.011234872671533851,0.0,0.0,0.5820217529932658,0.003792369986927579
mnist,PU-C,0.4,0.0,230,3,234.0,0.0,346.6666666666667,6.0644684662200845,580.6666666666666,6.0644684662200845,0.6345111789026608,0.005955175955326193,0.3703,0.019103141102970497,0.8959574700406825,0.0028404841735114347,0.3474066666666667,0.005131306959353632,0.5761961155308181,0.005141478658460582,333.4777449007857,0.22972526901116216,3.035952744384607,0.01681538408340462,0.0,0.0,0.0,0.0,231.0,0.0,0.386039886039886,0.014029711968370521,0.0,0.0,0.5802761117617289,0.0007550394501959005
mnist,PU-C,0.4,0.0,240,3,244.0,0.0,340.6666666666667,2.728450923957484,584.6666666666666,2.728450923957483,0.6384438590224212,0.0026758654790465116,0.3732,0.021596373152298835,0.8949156733554707,0.0014214629439657297,0.3413,0.0026620293011159557,0.5700853291611278,0.002677672978450739,341.12682413684405,0.07845387296414182,3.170999958490332,0.0173455047198804,0.0,0.0,0.0,0.0,241.0,0.0,0.3866120218579235,0.014262713809987091,0.0,0.0,0.5792142152786255,0.0014078765000656013
mnist,PU-C,0.4,0.0,250,3,254.0,0.0,336.6666666666667,3.4801021696368504,590.6666666666666,3.4801021696368504,0.6443244077187652,0.003408585216072415,0.3650333333333333,0.012540910829937543,0.8944347260219566,0.0017196498749104039,0.33649999999999997,0.002967175986242336,0.5652403306188031,0.0029991668801485813,348.5203832282353,0.41567454031450213,3.3060999463001886,0.01792179590510706,0.0,0.0,0.0,0.0,251.0,0.0,0.38976377952755903,0.011365162779323338,0.0,0.0,0.5791468620300293,0.0008363505211574831
mnist,PU-C,0.4,0.0,260,3,264.0,0.0,332.0,4.725815626252609,596.0,4.725815626252609,0.6495429412461817,0.004624839702271247,0.365,0.013134306224540397,0.8942917697399242,0.0026146879977113,0.33196,0.004518937928319003,0.5606268832476985,0.00459964011221901,356.76484356137513,0.5430359737837512,3.4422830579181514,0.018785808378878582,0.0,0.0,0.0,0.0,261.0,0.0,0.39015151515151514,0.012176326718425454,0.0,0.0,0.5809687574704488,0.001602544355320756
mnist,PU-C,0.4,0.0,270,3,274.0,0.0,325.3333333333333,6.936217348894938,599.3333333333334,6.936217348894938,0.6527964019527038,0.006780943534353724,0.36100000000000004,0.018232480175042916,0.8925515444339496,0.00367570278823926,0.32495333333333326,0.00651578936976254,0.5534621010331305,0.0066685113840640135,364.30507924278123,0.4296525826754218,3.578567531891167,0.019538747507561214,0.0,0.0,0.0,0.0,271.0,0.0,0.389294403892944,0.010812888585542083,0.0,0.0,0.5775875051816305,0.0028316447568426813
mnist,PU-C,0.4,0.0,280,3,284.0,0.0,312.6666666666667,5.456901847914968,596.6666666666666,5.456901847914968,0.6501933113710644,0.005340446254559502,0.3579333333333334,0.016597824489305146,0.8883936701600229,0.003194977715508027,0.31356,0.005496071324136878,0.541753603274127,0.005696003218031122,371.93246602249155,0.480814391012331,3.7147547909989953,0.02008637805407127,0.0,0.0,0.0,0.0,281.0,0.0,0.38967136150234744,0.010028173409997107,0.0,0.0,0.5756903489430746,0.0014765002949337737
mnist,PU-C,0.4,0.0,290,3,294.0,0.0,309.0,6.082762530298219,603.0,6.082762530298219,0.6563815818323443,0.005941602950041142,0.3654333333333333,0.011668523661733939,0.8874914605856125,0.003504790031919435,0.3083,0.00615032790453753,0.5362892721747737,0.006393898457796031,379.25446107077,0.586637817571262,3.851508387364447,0.020752100131359582,0.0,0.0,0.0,0.0,291.0,0.0,0.39115646258503406,0.008559902987835308,0.0,0.0,0.5755868554115295,0.0029065450299804478
mnist,PU-C,0.4,0.0,296,3,300.0,0.0,302.6666666666667,5.2068331172711035,602.6666666666666,5.2068331172711035,0.6560584067677458,0.005084870565802435,0.37013333333333337,0.014096965788581767,0.8861104364409401,0.0030994863287900376,0.3036466666666667,0.0052946052208303835,0.5314481915670477,0.005533265850703146,383.6698191550661,0.7306217311122807,3.9518366384630403,0.021241860569578268,0.0,0.0,1.0,0.0,297.0,0.0,0.39444444444444443,0.009094836413191624,0.0,0.0,0.5750913023948669,0.002199701446870126
mnist,PU-C,0.4,0.0,30,3,34.0,0.0,482.3333333333333,10.682280239308044,516.3333333333334,10.682280239308044,0.5708490300845975,0.010644975128408321,0.4829666666666667,0.029509452346286925,0.8785298368004218,0.008593665453890556,0.48391333333333325,0.011206131258279,0.7043412315364806,0.009877276777115387,100.28145963420717,3.520903381322969,0.43106465103725594,0.002485196169624351,0.0,0.0,0.0,0.0,31.0,0.0,0.36274509803921573,0.009803921568627435,0.0,0.0,0.573242167631785,0.001242354003979186
mnist,PU-C,0.4,0.0,40,3,44.0,0.0,474.0,16.072751268321593,518.0,16.072751268321593,0.5724774730430605,0.016024484785288607,0.4774333333333334,0.033236392370078,0.886355665918343,0.009989041515984506,0.4747733333333333,0.015175068734971552,0.6961681481431237,0.013537015050709568,123.74461061939923,2.140698338460679,0.5567226028069854,0.0032199011621738007,0.0,0.0,0.0,0.0,41.0,0.0,0.37121212121212116,0.027314782389878712,0.0,0.0,0.5748903354008993,0.00518184665044266
mnist,PU-C,0.4,0.0,50,3,54.0,0.0,465.6666666666667,15.71976816340213,519.6666666666666,15.71976816340213,0.5741399997884097,0.015675666339841746,0.4548666666666667,0.026374377296493248,0.8914626163171183,0.009005632388744791,0.4678066666666667,0.01493269492683011,0.6899641490074472,0.013443420848447593,141.6496101779311,1.22402331466856,0.6829941111306349,0.003840817804791694,0.0,0.0,0.0,0.0,51.0,0.0,0.37654320987654327,0.01234567901234568,0.0,0.0,0.5767988165219625,0.005634573237908776
mnist,PU-C,0.4,0.0,60,3,64.0,0.0,463.6666666666667,16.424913326339894,527.6666666666666,16.424913326339894,0.58209420775529,0.016355437990225315,0.435,0.032491588655117074,0.8959424971842531,0.010235372275071443,0.4635133333333333,0.017824482538850214,0.6860369643646939,0.016118441402959163,156.85255730208837,1.2114651777813237,0.8099956853936116,0.004394949862944392,0.0,0.0,0.0,0.0,61.0,0.0,0.375,0.018042195912175808,0.0,0.0,0.5827219287554423,0.003935155967744792
mnist,PU-C,0.4,0.0,70,3,74.0,0.0,453.0,12.489995996796798,527.0,12.489995996796798,0.5814569114202944,0.012428873498289686,0.43416666666666665,0.014870701993442594,0.8971442687044443,0.00816585798982027,0.4547666666666667,0.01364219109152843,0.6782621387717295,0.012399659000688215,170.2979606900222,1.8010701655117114,0.9376148106530309,0.005038764455528388,0.0,0.0,0.0,0.0,71.0,0.0,0.37837837837837834,0.02340609199417402,0.0,0.0,0.5778140823046366,0.0024589615272287316
mnist,PU-C,0.4,0.0,80,3,84.0,0.0,454.6666666666667,14.768585277917147,538.6666666666666,14.768585277917147,0.5930261593312025,0.014649515786028041,0.4229,0.021857492994394413,0.9024830007720238,0.009333673984777162,0.45477333333333325,0.01582172486733911,0.6782139702188036,0.01436315497228878,183.81718747189245,2.437759563172344,1.065055590433379,0.005663059964586562,0.0,0.0,0.0,0.0,81.0,0.0,0.3888888888888889,0.031746031746031744,0.0,0.0,0.5883705814679464,0.009664159950303392
mnist,PU-C,0.4,0.0,90,3,94.0,0.0,450.6666666666667,11.406625754845782,544.6666666666666,11.406625754845782,0.598991134747242,0.011287910224362702,0.4293666666666667,0.01838018256468393,0.9059056601221885,0.005964824708709978,0.4523000000000001,0.010743785800793553,0.6760866203415293,0.009732334869982567,195.49246166788785,1.290279821866225,1.1931470213457942,0.006526368912129664,0.0,0.0,0.0,0.0,91.0,0.0,0.39716312056737585,0.03598897718117809,0.0,0.0,0.5807221730550131,0.0033778253321197957
mnist,PU-F,0.0,0.0,0,3,4.0,0.0,480.6666666666667,16.495790708878165,484.6666666666667,16.495790708878165,0.5391445423786839,0.016582883134904813,0.46879999999999994,0.01083158960325462,0.7567675158074246,0.0029292957008449933,0.4786733333333333,0.004098330283311875,0.6998052926290207,0.0036333813353976903,0.9050175117332513,0.1781614130902127,0.0570103507488966,0.0005212209519580339,0.0,0.0,0.0,0.0,1.0,0.0,0.0,0.0,0.0,0.0,0.6647027730941772,0.02723408374411381
mnist,PU-F,0.0,0.0,10,3,14.0,0.0,424.0,5.131601439446884,438.0,5.131601439446884,0.49212185161498684,0.005201216888791184,0.4328666666666667,0.012335495306003932,0.772353194185198,0.007270429022041452,0.41894000000000003,0.007533852489485911,0.6453950184647294,0.007047478691743034,33.84020778555387,1.6052881628449902,0.25318226994325715,0.0022985216990242807,0.0,0.0,0.0,0.0,11.0,0.0,0.0,0.0,0.0,0.0,0.6308243274688721,0.01770922594016144
mnist,PU-F,0.0,0.0,100,3,104.0,0.0,95.66666666666667,7.753135566408671,199.66666666666666,7.753135566408671,0.24321733564526463,0.008372407648892537,0.14883333333333335,0.004882053302089657,0.621891697778152,0.008685035428780142,0.0969933333333333,0.005924157699153902,0.2845528176552131,0.008358701967746855,226.4511949999056,2.0788360142203146,1.6895738737657666,0.01613467325072257,0.0,0.0,0.0,0.0,101.0,0.0,0.0,0.0,0.0,0.0,0.6248350143432617,0.0015918509106637195
mnist,PU-F,0.0,0.0,110,3,114.0,0.0,93.0,11.930353445448855,207.0,11.930353445448855,0.25110279539755237,0.012885616760109908,0.14936666666666668,0.013459115044377096,0.6248007022066804,0.01921405764060853,0.09299999999999997,0.012292583129676205,0.27835401798690146,0.017882869098404145,240.2679362597369,2.000294201691899,1.8272291421890259,0.01636763058252677,0.0,0.0,0.0,0.0,111.0,0.0,0.0,0.0,0.0,0.0,0.6175206303596497,0.001115916377159598
mnist,PU-F,0.0,0.0,120,3,124.0,0.0,56.333333333333336,2.4037008503093267,180.33333333333334,2.4037008503093262,0.22225547461615255,0.002618176334041981,0.12093333333333334,0.006778724888289153,0.5773222259620393,0.006950566580341894,0.05656000000000002,0.0037060670977915747,0.22336251915686975,0.006016909434988352,252.98404763959016,1.5859242411412517,1.9609804740175605,0.01825285631354508,0.0,0.0,0.0,0.0,121.0,0.0,0.0,0.0,0.0,0.0,0.6143246491750082,0.0009056309160221297
mnist,PU-F,0.0,0.0,130,3,134.0,0.0,59.333333333333336,9.905105305402419,193.33333333333334,9.905105305402419,0.23634343033578867,0.010745469573022661,0.11413333333333335,0.005947641923018256,0.5886724299084984,0.016252040256482195,0.0588,0.008834711842122131,0.22652062442663087,0.014460435293900606,265.26229938490684,1.9189136855599696,2.091649598752459,0.020059854293173463,0.0,0.0,0.0,0.0,131.0,0.0,0.0,0.0,0.0,0.0,0.617103636264801,0.0036133849022446434
mnist,PU-F,0.0,0.0,140,3,144.0,0.0,37.666666666666664,8.452481555403978,181.66666666666666,8.452481555403978,0.22367774369195104,0.00921237229087966,0.10543333333333334,0.0023821092427603794,0.557820893370741,0.01468239678289725,0.03785333333333337,0.007371841319809084,0.1907120412819405,0.013590739247655888,277.59249055013544,1.3431541173836223,2.2220904619122543,0.021490321531285016,0.0,0.0,0.0,0.0,141.0,0.0,0.0,0.0,0.0,0.0,0.6071275472640991,0.004362185462545788
mnist,PU-F,0.0,0.0,150,3,154.0,0.0,55.0,13.576941236277534,209.0,13.576941236277534,0.2532450126018375,0.014597301874316208,0.13953333333333337,0.013891524194430382,0.5980874590804275,0.0228150632202688,0.05494000000000002,0.012065311157750253,0.21976454216507532,0.019400274361097442,291.41812194592825,4.328468052846142,2.3500636095801988,0.02267739147159289,0.0,0.0,0.0,0.0,151.0,0.0,0.0,0.0,0.0,0.0,0.6192354758580526,0.005214307053175325
mnist,PU-F,0.0,0.0,160,3,164.0,0.0,64.0,15.50268793897798,228.0,15.50268793897798,0.2736355896146658,0.016553922528652808,0.13063333333333335,0.01902326061547925,0.6145070453490278,0.025370483240522736,0.06088000000000002,0.01440866868705546,0.2291354164242394,0.022545561611569946,302.46402631128063,4.382935632360862,2.4803717521329722,0.021881531119150234,0.0,0.0,0.0,0.0,161.0,0.0,0.0,0.0,0.0,0.0,0.6125396887461344,0.003825216430290462
mnist,PU-F,0.0,0.0,170,3,174.0,0.0,29.0,0.5773502691896258,203.0,0.5773502691896258,0.24684347643051296,0.0006234734102132913,0.10073333333333334,0.0054228938563997365,0.561625342223774,0.0018653681677242757,0.028580000000000026,0.0013036870790185822,0.17403127621630388,0.0025412746618374126,311.86638635101104,1.7322219111176695,2.609324386653801,0.02491557981025673,0.0,0.0,0.0,0.0,171.0,0.0,0.0,0.0,0.0,0.0,0.5921456416447958,0.004497176548372116
mnist,PU-F,0.0,0.0,180,3,184.0,0.0,15.0,6.506407098647712,199.0,6.506407098647712,0.24250315172442546,0.007045759280369359,0.09703333333333335,0.007995276383243068,0.5320980251958471,0.022048511392951865,0.015760000000000014,0.006640491949647511,0.14492853986254717,0.016735952848919183,321.04323540582794,2.1898103992383073,2.7333089352274933,0.026638469812694444,0.0,0.0,0.0,0.0,181.0,0.0,0.0,0.0,0.0,0.0,0.5942753553390503,0.004542632333368472
mnist,PU-F,0.0,0.0,187,1,191.0,0.0,0.0,0.0,191.0,0.0,0.23385528626386076,0.0,0.08199999999999996,0.0,0.48482781498999905,0.0,0.00030000000000000024,0.0,0.10241604675681087,0.0,331.6127012223826,0.0,2.7977619618177414,0.0,1.0,0.0,0.0,0.0,188.0,0.0,0.0,0.0,0.0,0.0,0.5895421504974365,0.0
mnist,PU-F,0.0,0.0,190,2,194.0,0.0,12.5,8.499999999999998,206.5,8.499999999999998,0.2506064442859497,0.009167356853140518,0.08940000000000003,0.0020000000000000018,0.5280159528196127,0.02417733394286986,0.012190000000000012,0.007690000000000008,0.13725213987147022,0.019107502293400018,328.93798187586367,0.6093974818201389,2.8715534452348948,0.03980217594653368,0.0,0.0,0.0,0.0,191.0,0.0,0.0,0.0,0.0,0.0,0.5957143008708954,0.0016331374645233154
mnist,PU-F,0.0,0.0,194,1,198.0,0.0,0.0,0.0,198.0,0.0,0.24143908743280917,0.0,0.0837,0.0,0.4899119325264926,0.0,0.0010000000000000009,0.0,0.10572182718557993,0.0,332.46292475326317,0.0,2.9055301742628217,0.0,1.0,0.0,0.0,0.0,195.0,0.0,0.0,0.0,0.0,0.0,0.5906401872634888,0.0
mnist,PU-F,0.0,0.0,20,3,24.0,0.0,336.3333333333333,46.62378982641563,360.3333333333333,46.62378982641563,0.41214902929884073,0.047984901475370004,0.35696666666666665,0.048127411916472074,0.7422064147629776,0.0402296618003968,0.3339266666666667,0.04484583567933346,0.5606571661648284,0.045204746829284485,71.41270067771008,4.8115805975543715,0.4400631161406636,0.001358645234740787,0.0,0.0,0.0,0.0,21.0,0.0,0.0,0.0,0.0,0.0,0.5979180733362833,0.008171297602408392
mnist,PU-F,0.0,0.0,200,1,204.0,0.0,6.0,0.0,210.0,0.0,0.25439305684994906,0.0,0.07589999999999997,0.0,0.5173685150654909,0.0,0.006140000000000006,0.0,0.12304506748419114,0.0,339.5020857436583,0.0,3.035472299903631,0.0,0.0,0.0,0.0,0.0,201.0,0.0,0.0,0.0,0.0,0.0,0.5915275812149048,0.0
mnist,PU-F,0.0,0.0,210,1,214.0,0.0,1.0,0.0,215.0,0.0,0.2597738011390902,0.0,0.07609999999999995,0.0,0.5066923428577471,0.0,0.002220000000000002,0.0,0.11052063305664046,0.0,348.561608579997,0.0,3.157272355630994,0.0,0.0,0.0,0.0,0.0,211.0,0.0,0.0,0.0,0.0,0.0,0.5901569128036499,0.0
mnist,PU-F,0.0,0.0,214,1,218.0,0.0,0.0,0.0,218.0,0.0,0.26299767539603636,0.0,0.07440000000000002,0.0,0.5037219466403094,0.0,0.0011800000000000011,0.0,0.1064843592426376,0.0,352.4328212446658,0.0,3.232363852672279,0.0,1.0,0.0,0.0,0.0,215.0,0.0,0.0,0.0,0.0,0.0,0.5918906927108765,0.0
mnist,PU-F,0.0,0.0,30,3,34.0,0.0,304.6666666666667,15.602706317957935,338.6666666666667,15.602706317957935,0.39019534571950015,0.01619360611817984,0.32083333333333336,0.014149244188687647,0.7475948513871326,0.012641766737868198,0.30163333333333336,0.01549936056028692,0.5291124706332817,0.01630667057693463,103.49580464857802,3.145191732210138,0.6116039979582032,0.0032538634458402402,0.0,0.0,0.0,0.0,31.0,0.0,0.0,0.0,0.0,0.0,0.6264991958936056,0.003515967811596442
mnist,PU-F,0.0,0.0,40,3,44.0,0.0,255.33333333333334,12.706079035030614,299.3333333333333,12.706079035030612,0.349199090929081,0.013318888162863092,0.26543333333333335,0.01324755742685336,0.7230901488317635,0.013766948153543302,0.25228666666666666,0.014126034278750869,0.476079764293556,0.015637178641245007,127.89885032074044,1.1304980063533574,0.7746318411082029,0.0039518207778785975,0.0,0.0,0.0,0.0,41.0,0.0,0.0,0.0,0.0,0.0,0.6267823179562887,0.0031308684809885877
mnist,PU-F,0.0,0.0,50,3,54.0,0.0,253.33333333333334,38.86014810974234,307.3333333333333,38.86014810974234,0.35721650440245867,0.04045286200381432,0.27343333333333336,0.03936421104393062,0.7391368937200499,0.034938217330620316,0.25691333333333327,0.03805931569420435,0.47970003922172594,0.04103163922805369,146.8403031583392,2.6356163952198504,0.9390433418254057,0.002869186111597599,0.0,0.0,0.0,0.0,51.0,0.0,0.0,0.0,0.0,0.0,0.6223036448160807,0.006833569096425466
mnist,PU-F,0.0,0.0,60,3,64.0,0.0,191.66666666666666,16.045075395411654,255.66666666666666,16.045075395411654,0.3031211885002752,0.016994188014533212,0.21136666666666667,0.01127154726635957,0.6925925640756917,0.017437952783586164,0.19279333333333334,0.01581231728045503,0.40782086955574665,0.01862993514450543,165.33368449937248,1.9227118580321207,1.0990763197963436,0.003411239545915579,0.0,0.0,0.0,0.0,61.0,0.0,0.0,0.0,0.0,0.0,0.6302638252576193,0.0036702213665721624
mnist,PU-F,0.0,0.0,70,3,74.0,0.0,197.0,30.4138126514911,271.0,30.4138126514911,0.31914952502120286,0.03217448004375148,0.2216,0.02475991383937618,0.7095831520080331,0.02960346068288393,0.19682,0.027655193605059664,0.41174557193764566,0.03281806660277204,185.49022536859752,2.049762183686532,1.2523731250936787,0.0072504118246068516,0.0,0.0,0.0,0.0,71.0,0.0,0.0,0.0,0.0,0.0,0.6254405379295349,0.005633303809387875
mnist,PU-F,0.0,0.0,80,3,84.0,0.0,172.66666666666666,21.30206041156061,256.6666666666667,21.302060411560614,0.3041157119635803,0.022646290470722613,0.20656666666666668,0.014013604501023692,0.692552592145169,0.021775651001043506,0.1703933333333333,0.02032764073319324,0.380340794863219,0.025208212859308358,199.88340362189945,1.3408135309466866,1.403700743491451,0.012459765278758087,0.0,0.0,0.0,0.0,81.0,0.0,0.0,0.0,0.0,0.0,0.6218523581822714,0.0015887886752480743
mnist,PU-F,0.0,0.0,90,3,94.0,0.0,123.66666666666667,19.64971020425266,217.66666666666666,19.64971020425266,0.26249765368023265,0.021056874525041673,0.1685,0.012042563403749781,0.6494024770917827,0.023460197107322465,0.12485999999999998,0.017434528958363074,0.3221692270419558,0.02300611438355599,214.7299543238315,4.416924367710245,1.5488107691829403,0.014306336200614821,0.0,0.0,0.0,0.0,91.0,0.0,0.0,0.0,0.0,0.0,0.6270240147908529,0.0010876572233338953
mnist,PU-F,0.4,0.0,0,3,4.0,0.0,490.6666666666667,5.23874454850057,494.6666666666667,5.23874454850057,0.5492238570974829,0.005247147581145864,0.4660666666666667,0.005789741886397977,0.7707695257255103,0.0009876142104258995,0.49634,0.0006416645021608162,0.7153262904654348,0.0005583474841360735,0.7675839037251189,0.1487032322303177,0.05672476657976707,0.00038273362551898325,0.0,0.0,0.0,0.0,1.0,0.0,0.08333333333333333,0.08333333333333334,0.0,0.0,0.6709665656089783,0.03198804278510068
mnist,PU-F,0.4,0.0,10,3,14.0,0.0,491.3333333333333,10.867893591267405,505.3333333333333,10.867893591267405,0.5598724797794906,0.010844414828205237,0.5004666666666667,0.0188071204010018,0.8200017564739902,0.005181402768522297,0.4918533333333334,0.009747111252970165,0.7113338999475198,0.008481059535411457,27.826620726579222,2.827939947557487,0.2585408616190155,0.0015244224768636194,0.0,0.0,0.0,0.0,11.0,0.0,0.38095238095238093,0.023809523809523798,0.0,0.0,0.6446312864621481,0.015811435727855812
mnist,PU-F,0.4,0.0,100,3,104.0,0.0,442.3333333333333,12.032363765186698,546.3333333333334,12.032363765186696,0.6006377837038599,0.011901324206311242,0.4897,0.026514712896805064,0.9134986943155816,0.005333394681305752,0.44192666666666663,0.01112914691749151,0.6666219624356592,0.010170195731958934,232.63925516234826,2.4790440201032617,2.064959838986397,0.01783130824936546,0.0,0.0,0.0,0.0,101.0,0.0,0.4134615384615385,0.027757224480270484,0.0,0.0,0.6267062624295553,0.0036701716343089078
mnist,PU-F,0.4,0.0,110,3,114.0,0.0,428.0,12.503332889007368,542.0,12.503332889007368,0.5963439090798298,0.012382012828436054,0.4724333333333333,0.023437173701432328,0.9098194123058208,0.006387409181147258,0.42663333333333336,0.012573423470868112,0.6524820300940671,0.011644286009399178,244.96076877851837,2.817338816699776,2.264754462055862,0.020476545455935025,0.0,0.0,0.0,0.0,111.0,0.0,0.4122807017543859,0.028197809242669465,0.0,0.0,0.6220051248868307,0.00630738015807931
mnist,PU-F,0.4,0.0,120,3,124.0,0.0,412.0,13.316656236958787,536.0,13.316656236958787,0.5903904608373219,0.013216590329611708,0.45326666666666665,0.03429092850562345,0.9054799514023611,0.008094954418613857,0.4106866666666667,0.014754530754238781,0.6375005235543778,0.013947584808519006,256.9692632105393,2.907641584148965,2.4612294578303895,0.024708517006113182,0.0,0.0,0.0,0.0,121.0,0.0,0.40860215053763443,0.02389299574547201,0.0,0.0,0.6214685440063477,0.0032600386657789713
mnist,PU-F,0.4,0.0,130,3,134.0,0.0,400.3333333333333,16.97383607529869,534.3333333333334,16.973836075298685,0.5887114592672636,0.016824861301238843,0.4221,0.03492425136396387,0.904060113757177,0.009241316410659362,0.40048,0.017485643635089147,0.627751375706703,0.01657904537553757,269.44149674128744,2.975618543217534,2.6569269749646387,0.02862821708382975,0.0,0.0,0.0,0.0,131.0,0.0,0.40049751243781095,0.023729830881018554,0.0,0.0,0.6202038129170736,0.003278504098027288
mnist,PU-F,0.4,0.0,140,3,144.0,0.0,393.0,15.01110699893027,537.0,15.01110699893027,0.5913716315602263,0.014889841789464333,0.4095,0.03044930212664982,0.9030770396158481,0.008290473375952366,0.3915,0.015444666824937768,0.6192232972968684,0.014830996645276609,280.8178416177429,2.7114091250254484,2.8505326115215817,0.03255350466188458,0.0,0.0,0.0,0.0,141.0,0.0,0.40046296296296297,0.018079281657191328,0.0,0.0,0.6216290394465128,0.004590046584408245
mnist,PU-F,0.4,0.0,150,3,154.0,0.0,392.3333333333333,15.300689890038003,546.3333333333334,15.300689890038003,0.6006175465299748,0.015143884311956608,0.42783333333333334,0.027512805099524907,0.9059288004475091,0.008441552775990296,0.39036000000000004,0.015478918997570004,0.6181266743518672,0.014911646813925018,292.32995641684533,3.728857246596167,3.0407644007354975,0.037446266215330405,0.0,0.0,0.0,0.0,151.0,0.0,0.4004329004329004,0.01316615266298315,0.0,0.0,0.6229279041290283,0.00840881392444142
mnist,PU-F,0.4,0.0,160,3,164.0,0.0,376.0,12.013880860626735,540.0,12.013880860626735,0.5943647194071673,0.011924877120318809,0.43093333333333333,0.033421766028210495,0.9013636112999107,0.007404376165026914,0.37494,0.012234971734063516,0.6032788940564102,0.01199286023426403,303.27902579352565,4.313303485901484,3.228995777045687,0.042293229484336656,0.0,0.0,0.0,0.0,161.0,0.0,0.4065040650406504,0.01736586127097059,0.0,0.0,0.6193293134371439,0.004955494195602908
mnist,PU-F,0.4,0.0,170,3,174.0,0.0,373.6666666666667,12.666666666666666,547.6666666666666,12.666666666666666,0.6019538963446394,0.012547858870888887,0.44016666666666665,0.027802657746657557,0.9036908452359098,0.00688028645797752,0.37293333333333334,0.01172269214434601,0.6013317252546532,0.011504489172097706,314.68234572957925,4.56180966152993,3.416275643122693,0.046833128939256105,0.0,0.0,0.0,0.0,171.0,0.0,0.4137931034482758,0.020183244737265786,0.0,0.0,0.623386283715566,0.00946265120222883
mnist,PU-F,0.4,0.0,180,3,184.0,0.0,369.6666666666667,15.059142664102023,553.6666666666666,15.059142664102023,0.6078716699266806,0.01489588973734587,0.44670000000000004,0.014296503068932624,0.9039912431044655,0.009038253118595248,0.3685066666666667,0.01486757695269962,0.5969201335238529,0.014643827094519762,324.52533677703263,5.506864643286301,3.60377797173957,0.05120781332295789,0.0,0.0,0.0,0.0,181.0,0.0,0.4239130434782609,0.01747038181339303,0.0,0.0,0.6232734521230062,0.012256946320585783
mnist,PU-F,0.4,0.0,190,3,194.0,0.0,357.0,15.394804318340652,551.0,15.394804318340652,0.6052335930095675,0.015242525092240933,0.4348666666666667,0.01965064318992582,0.9004545256024765,0.009260429641410595,0.35679333333333335,0.015128050472916616,0.585355096161205,0.015086401163741454,333.46774167848076,5.045958945930067,3.7916303124899664,0.053629481982651335,0.0,0.0,0.0,0.0,191.0,0.0,0.4261168384879725,0.02111375554543729,0.0,0.0,0.614400843779246,0.007770257461547777
mnist,PU-F,0.4,0.0,20,3,24.0,0.0,473.0,9.71253485622231,497.0,9.71253485622231,0.5515449550002813,0.009712488451662204,0.5013333333333333,0.02581016165087784,0.8464779655139608,0.006873125743160005,0.4720933333333333,0.009846429696990545,0.6938959242872027,0.008760171113985863,65.9460078707629,2.3073578984261363,0.46037730667740107,0.004092782037052536,0.0,0.0,0.0,0.0,21.0,0.0,0.4166666666666667,0.024056261216234404,0.0,0.0,0.6115838487943014,0.005025678394777495
mnist,PU-F,0.4,0.0,200,3,204.0,0.0,354.0,13.228756555322953,558.0,13.228756555322953,0.6121630149621827,0.013047975437661563,0.4162333333333333,0.02283902605434633,0.9016265787921977,0.007677756687006252,0.35344,0.01198916733277726,0.5821056687209986,0.011894544487706042,343.422887875349,5.656036174915852,3.9806419319162765,0.055462360634217486,0.0,0.0,0.0,0.0,201.0,0.0,0.4199346405228758,0.02007876752850411,0.0,0.0,0.6126579642295837,0.005139172623421762
mnist,PU-F,0.4,0.0,210,3,214.0,0.0,342.0,21.779194965226182,556.0,21.779194965226182,0.6101193738674434,0.021471082541695434,0.4197,0.013197095640076796,0.8984445898774598,0.012647193864749507,0.34392,0.021702002979755906,0.5722733091203586,0.021655782515548554,352.26590008458606,5.459256123764783,4.170201910038789,0.05600216281827984,0.0,0.0,0.0,0.0,211.0,0.0,0.42211838006230523,0.016484431844639196,0.0,0.0,0.6104482809702555,0.006902133901912273
mnist,PU-F,0.4,0.0,220,3,224.0,0.0,335.6666666666667,11.050389636167184,559.6666666666666,11.050389636167186,0.6138201037926289,0.010899283543168407,0.4220333333333333,0.014620685498445151,0.8974943243238274,0.007226606049581775,0.33660666666666667,0.01133790300031032,0.5652305011985926,0.011457159086368763,360.30141851248214,4.509493933820091,4.359688165597618,0.05658444970797555,0.0,0.0,0.0,0.0,221.0,0.0,0.4300595238095239,0.0182860204277448,0.0,0.0,0.6081409851710001,0.005021622701327604
mnist,PU-F,0.4,0.0,230,3,234.0,0.0,335.0,18.903262505010435,569.0,18.903262505010435,0.6229657250029655,0.018636837112324004,0.4389,0.01877906635946882,0.8993605922460093,0.01090231352026673,0.33594666666666667,0.018014084613003332,0.5643666406954092,0.01832877005948137,369.9480182923048,5.211374097734623,4.54765656683594,0.05836988087099757,0.0,0.0,0.0,0.0,231.0,0.0,0.43162393162393164,0.013737394246428712,0.0,0.0,0.6098231275876363,0.006179709217989185
mnist,PU-F,0.4,0.0,240,3,244.0,0.0,325.0,11.503622617824933,569.0,11.503622617824933,0.623017642821651,0.01134200407876475,0.43783333333333335,0.017148890472693693,0.8959171063959479,0.007705950289013588,0.3242933333333333,0.01212513825808915,0.5526795952798986,0.012483802092262299,378.7906049805488,4.908533033685481,4.734791944734752,0.060655624020570946,0.0,0.0,0.0,0.0,241.0,0.0,0.435792349726776,0.010669739994407994,0.0,0.0,0.6052872141202291,0.004700410328041754
mnist,PU-F,0.4,0.0,250,3,254.0,0.0,318.6666666666667,6.887992773257275,572.6666666666666,6.887992773257276,0.6266458908406397,0.006772313108149971,0.43373333333333336,0.013158562907011439,0.8958852291950881,0.005744881106367425,0.31938666666666665,0.008181135482179532,0.5477269451307313,0.008408557995095173,387.95897118909625,5.280611445884973,4.92138464966168,0.062172692304098685,0.0,0.0,0.0,0.0,251.0,0.0,0.431758530183727,0.011440679641839034,0.0,0.0,0.6052336494127909,0.004126284159012375
mnist,PU-F,0.4,0.0,260,3,264.0,0.0,303.6666666666667,13.9204086785474,567.6666666666666,13.9204086785474,0.6216902448989762,0.01370421424617795,0.4283333333333333,0.0175105047836371,0.890219883719261,0.008782585862624669,0.30552,0.013424892302485445,0.5332430982552401,0.01398277752517218,396.1173472103351,5.1087543177943004,5.106961045414209,0.06364975142329875,0.0,0.0,0.0,0.0,261.0,0.0,0.4356060606060606,0.012176326718425438,0.0,0.0,0.6029980580012003,0.005384466339991798
mnist,PU-F,0.4,0.0,270,3,274.0,0.0,302.0,12.701705922171767,576.0,12.701705922171767,0.6298973286757246,0.012485710893650548,0.4190333333333333,0.015426420337993017,0.8911139300384291,0.007712956489247075,0.3028733333333334,0.011685616990319518,0.530523808934345,0.012223570186792966,404.4875885716906,4.781923501217597,5.29140598513186,0.06580161133512605,0.0,0.0,0.0,0.0,271.0,0.0,0.4330900243309002,0.014949155386185534,0.0,0.0,0.6003385782241821,0.004496484133702234
mnist,PU-F,0.4,0.0,280,3,284.0,0.0,302.0,10.214368964029708,586.0,10.214368964029708,0.6397288304870017,0.01002205708737704,0.42006666666666664,0.016610973615187187,0.8927029603431778,0.006800687948956936,0.30136,0.010199026097296403,0.5289736686407461,0.010718463429732749,413.33562761298816,4.816194297004573,5.476073953012626,0.06760398630432424,0.0,0.0,0.0,0.0,281.0,0.0,0.42957746478873243,0.016640195867086642,0.0,0.0,0.5994531512260437,0.005174718975519098
mnist,PU-F,0.4,0.0,290,3,294.0,0.0,294.6666666666667,14.858592725348448,588.6666666666666,14.858592725348448,0.6423157460715933,0.014587294191862868,0.42253333333333326,0.03469170570099491,0.8903454037557141,0.008792536858571473,0.29369333333333336,0.013752150538895523,0.5208141670944993,0.01462475216181097,421.2230967289931,4.63269205774673,5.660191681546469,0.0698880718080631,0.0,0.0,0.0,0.0,291.0,0.0,0.43197278911564624,0.015337584193275149,0.0,0.0,0.5999751687049866,0.0046271518902839745
mnist,PU-F,0.4,0.0,296,3,300.0,0.0,285.6666666666667,15.300689890038003,585.6666666666666,15.300689890038003,0.6393715375258276,0.015025976561650528,0.4295333333333334,0.025139234497317375,0.8872162378258585,0.009459465724886252,0.2858933333333334,0.01437739583899365,0.5125219421316682,0.015390801750312731,426.31092387527525,4.6511454723793895,5.78819037321955,0.07160084203625877,0.0,0.0,1.0,0.0,297.0,0.0,0.43333333333333335,0.015275252316519468,0.0,0.0,0.5983936985333761,0.0026355874647778885
mnist,PU-F,0.4,0.0,30,3,34.0,0.0,477.3333333333333,2.96273147243853,511.3333333333333,2.96273147243853,0.5658869184941674,0.002955247519516908,0.5146666666666667,0.013351820516735209,0.8762696954440704,0.0018537261537884644,0.47678666666666664,0.0018566038289785178,0.698144996730745,0.0016449721946026564,103.08926116577719,1.5853028936555464,0.6622461288546523,0.0058460321247311665,0.0,0.0,0.0,0.0,31.0,0.0,0.4215686274509804,0.025938738343770504,0.0,0.0,0.6273904244105021,0.00974555813397287
mnist,PU-F,0.4,0.0,40,3,44.0,0.0,479.6666666666667,4.176654695380556,523.6666666666666,4.176654695380557,0.5781727487725826,0.004153561501085911,0.5209,0.02626918346656399,0.8934919503162497,0.0027168342405944285,0.4803933333333333,0.004687889835641543,0.7013221885611549,0.004133965983324233,130.69439982418376,1.2489607528276234,0.8639152307684222,0.006931123866316735,0.0,0.0,0.0,0.0,41.0,0.0,0.446969696969697,0.015151515151515157,0.0,0.0,0.6236786444981893,0.0007077155569596818
mnist,PU-F,0.4,0.0,50,3,54.0,0.0,467.0,14.177446878757825,521.0,14.177446878757825,0.5754777119339755,0.014100466111345127,0.5385666666666667,0.008862718419185962,0.8981033758209073,0.007623658164786506,0.4707133333333333,0.012592253350550297,0.692614423930137,0.011215439426482577,152.44888783545645,2.252525623756286,1.0667346234743793,0.008603340685069766,0.0,0.0,0.0,0.0,51.0,0.0,0.4506172839506173,0.006172839506172849,0.0,0.0,0.6356125871340433,0.0016313639273156236
mnist,PU-F,0.4,0.0,60,3,64.0,0.0,452.3333333333333,12.706079035030612,516.3333333333334,12.706079035030612,0.5708384672179818,0.012663812004765055,0.5007333333333333,0.024486753788755068,0.8964253283211204,0.007855516760301742,0.4521733333333333,0.01277677232759162,0.6759311626295098,0.01160279180927741,171.88791992858435,2.679197429811831,1.2657519029453397,0.008218680212345229,0.0,0.0,0.0,0.0,61.0,0.0,0.4583333333333333,0.013779954745128076,0.0,0.0,0.6336100101470947,0.0011020872213366951
mnist,PU-F,0.4,0.0,70,3,74.0,0.0,453.6666666666667,9.938701010583717,527.6666666666666,9.938701010583717,0.5821324622374959,0.009889380674853147,0.5173333333333334,0.03586420375682571,0.9039203824823628,0.0069864747652548685,0.4533533333333333,0.011677501635386056,0.6770238698096568,0.010640381944569309,188.9294954774316,2.543247674327048,1.4669314079607527,0.010271261933817026,0.0,0.0,0.0,0.0,71.0,0.0,0.43693693693693697,0.02508001965238749,0.0,0.0,0.6336565613746643,0.004661184007201572
mnist,PU-F,0.4,0.0,80,3,84.0,0.0,439.3333333333333,11.666666666666668,523.3333333333334,11.666666666666668,0.577814513623404,0.011601953062662361,0.48806666666666665,0.021069277264406668,0.9038304896147483,0.006711003175808209,0.4419199999999999,0.012101239605924675,0.6665966715341171,0.011057747867140106,204.57048056924472,2.545148333195369,1.6669055776049693,0.01271624763161284,0.0,0.0,0.0,0.0,81.0,0.0,0.42063492063492064,0.027777777777777773,0.0,0.0,0.6315694451332092,0.0036798258403709463
mnist,PU-F,0.4,0.0,90,3,94.0,0.0,434.3333333333333,9.527737285304301,528.3333333333334,9.527737285304301,0.5827968542386467,0.009468885423549473,0.4651666666666667,0.022096480363271536,0.9053445979852105,0.005117820185081882,0.43471333333333334,0.009407488742722169,0.6600215194200744,0.008680702210779144,218.93298469256524,2.141646878605715,1.865300355789562,0.015624431699497258,0.0,0.0,0.0,0.0,91.0,0.0,0.4042553191489362,0.028146290543240318,0.0,0.0,0.6233559449513754,0.0056217694392939315
mnist,PU-G,0.0,0.0,0,3,4.0,0.0,478.6666666666667,18.621970297951233,482.6666666666667,18.621970297951233,0.5371202954362767,0.018683272084546863,0.47436666666666666,0.02273274681550337,0.7480479184427891,0.005121760064755319,0.46868,0.006304569771205642,0.690898807442335,0.005642399133199483,0.7852654488056537,0.13472342504571888,0.05652586712191502,0.0001321063614633599,0.0,0.0,0.0,0.0,1.0,0.0,0.0,0.0,0.0,0.0,0.686731219291687,0.01610906739858454
mnist,PU-G,0.0,0.0,10,3,14.0,0.0,463.6666666666667,26.547651078349247,477.6666666666667,26.547651078349247,0.5320175628876314,0.026651886875155795,0.44836666666666664,0.020632525563079068,0.8155601295349554,0.016431278863391664,0.4588666666666666,0.025694114328209682,0.6815674652531077,0.023123512740322892,44.28316279506129,2.17449034534256,0.2498858623827497,0.004280041357952293,0.0,0.0,0.0,0.0,11.0,0.0,0.0,0.0,0.0,0.0,0.5648736357688904,0.010429762988447711
mnist,PU-G,0.0,0.0,100,3,104.0,0.0,196.0,7.211102550927979,300.0,7.211102550927979,0.34992831691245857,0.00756165133156578,0.22040000000000004,0.019178373236539127,0.7267274271740214,0.01189806905600851,0.1955733333333333,0.00667804695334728,0.4114514229732589,0.007948443751609989,210.5031260266925,8.401721727646045,1.8100618816291292,0.016207569881687683,0.0,0.0,0.0,0.0,101.0,0.0,0.0,0.0,0.0,0.0,0.6125743985176086,0.009456818234880489
mnist,PU-G,0.0,0.0,110,3,114.0,0.0,189.66666666666666,6.641619615057092,303.6666666666667,6.641619615057092,0.3537709186396872,0.006953177552677383,0.21933333333333335,0.01581058014256417,0.7273305764768173,0.006794604029032527,0.18853999999999996,0.006226363304530148,0.4030849163777974,0.00746250155976734,222.5587980687209,8.235420771831032,1.9640820097799103,0.016739937013691936,0.0,0.0,0.0,0.0,111.0,0.0,0.0,0.0,0.0,0.0,0.6061109105745951,0.007666651055024462
mnist,PU-G,0.0,0.0,120,3,124.0,0.0,149.33333333333334,19.700535807716275,273.3333333333333,19.700535807716275,0.32178208235806477,0.020784206369356295,0.18723333333333333,0.023083206979196896,0.6902550873678344,0.022814768078536222,0.14927333333333334,0.019872716081211553,0.35386622454463074,0.025311121341012616,232.59968937300664,7.534036347737158,2.11618770690014,0.018260332476781018,0.0,0.0,0.0,0.0,121.0,0.0,0.0,0.0,0.0,0.0,0.6039778788884481,0.0036740169038983945
mnist,PU-G,0.0,0.0,130,3,134.0,0.0,136.0,19.5021366350801,270.0,19.5021366350801,0.318261377629824,0.02063118685219374,0.17743333333333333,0.019283354940927092,0.6822544017392081,0.02270784429697864,0.13658,0.01915088509703926,0.33747339700838275,0.02522931065209575,243.2374499108056,7.30341427188752,2.263391364676257,0.021060811421117036,0.0,0.0,0.0,0.0,131.0,0.0,0.0,0.0,0.0,0.0,0.6046290993690491,0.005034374790311613
mnist,PU-G,0.0,0.0,140,3,144.0,0.0,116.66666666666667,14.07519488714494,260.6666666666667,14.07519488714494,0.30844051191040006,0.01494023686758721,0.15896666666666662,0.014708538714335672,0.6659387982236661,0.017039250029093813,0.11765333333333332,0.014016059043508328,0.3126987673246165,0.019235049037156195,252.83999047948245,7.037914190221119,2.4079144168645144,0.023870259310444022,0.0,0.0,0.0,0.0,141.0,0.0,0.0,0.0,0.0,0.0,0.6069682240486145,0.0007628858000732308
mnist,PU-G,0.0,0.0,150,3,154.0,0.0,103.33333333333333,9.527737285304301,257.3333333333333,9.527737285304301,0.3049416155360329,0.010104083877912657,0.14793333333333333,0.012728227597657817,0.655827127810596,0.01347184351286094,0.1045333333333333,0.009549236153280074,0.29498225298320774,0.013308932335000329,262.93050493589175,6.9321668529184075,2.5499081813419857,0.026550089547380296,0.0,0.0,0.0,0.0,151.0,0.0,0.0,0.0,0.0,0.0,0.6055943965911865,0.0033155910642361243
mnist,PU-G,0.0,0.0,160,3,164.0,0.0,102.66666666666667,9.597453365925311,266.6666666666667,9.597453365925311,0.31482645964327577,0.010155772866967191,0.14713333333333334,0.008627346701687097,0.6610850496884472,0.010322404467555219,0.10417999999999998,0.010072563394356634,0.2944466873295813,0.014128456992820266,272.11961074571764,6.9049047098624605,2.6896348412459097,0.028998560515242012,0.0,0.0,0.0,0.0,161.0,0.0,0.0,0.0,0.0,0.0,0.6050057609875997,0.002339934615212873
mnist,PU-G,0.0,0.0,170,3,174.0,0.0,93.33333333333333,11.666666666666668,267.3333333333333,11.666666666666668,0.31551752736171085,0.012358005779484909,0.13883333333333334,0.008035200336298082,0.6533049692451433,0.01520903731727379,0.09401999999999995,0.011871888364255014,0.2798558645629183,0.017325500117754,282.46944803945155,7.3684473463137525,2.8292640447616577,0.031071867853576518,0.0,0.0,0.0,0.0,171.0,0.0,0.0,0.0,0.0,0.0,0.5998891592025757,0.0018042703419700568
mnist,PU-G,0.0,0.0,180,3,184.0,0.0,84.0,10.000000000000002,268.0,10.000000000000002,0.31623378429018584,0.010587729300217083,0.1293,0.007489548272982391,0.6440516171436349,0.012529809118740328,0.08338666666666665,0.009547525566577165,0.2645420144888532,0.014338694418050415,291.42563480970875,7.11905959595019,2.9672538299734392,0.03291523022756794,0.0,0.0,0.0,0.0,181.0,0.0,0.0,0.0,0.0,0.0,0.5983144044876099,0.0009200472461048588
mnist,PU-G,0.0,0.0,190,3,194.0,0.0,68.33333333333333,10.08849730028104,262.3333333333333,10.088497300281038,0.3102370546354602,0.01069395530211273,0.11543333333333335,0.004806014750058267,0.6265713905149076,0.012737485015438352,0.06831333333333332,0.009548977839422252,0.24160297515835127,0.015051263236675978,300.20430839835075,6.930828796468959,3.1030108130847416,0.03500366760802511,0.0,0.0,0.0,0.0,191.0,0.0,0.0,0.0,0.0,0.0,0.599775234858195,0.0021115025589194783
mnist,PU-G,0.0,0.0,20,3,24.0,0.0,391.3333333333333,22.73274681550335,415.3333333333333,22.73274681550335,0.4689661127049476,0.023227146557095322,0.3989333333333333,0.024272503876700574,0.8010153359072166,0.019317039674584334,0.3927066666666667,0.0226950694596377,0.6201289747533688,0.021996860053437296,80.03116603881794,1.8129478896527234,0.44503855363776285,0.006618000472986208,0.0,0.0,0.0,0.0,21.0,0.0,0.0,0.0,0.0,0.0,0.5940652290980021,0.015058312312520222
mnist,PU-G,0.0,0.0,200,3,204.0,0.0,58.333333333333336,6.227180564089802,262.3333333333333,6.227180564089802,0.3102569403514887,0.006599889298995792,0.11223333333333334,0.005801532364623824,0.6154498563980475,0.00912115276013188,0.05807333333333333,0.006499900853944678,0.2256044098612424,0.010685388417956194,308.555441263355,7.127725234565843,3.2366991362844906,0.036723209593948765,0.0,0.0,0.0,0.0,201.0,0.0,0.0,0.0,0.0,0.0,0.6005581021308899,0.0020705074512096773
mnist,PU-G,0.0,0.0,210,3,214.0,0.0,50.333333333333336,4.176654695380556,264.3333333333333,4.176654695380556,0.3123809643244992,0.004422916568934843,0.1082,0.00809032343811626,0.6079602289783061,0.006466026390763305,0.05056000000000004,0.00433286664153576,0.2133708055910164,0.0073590724945167135,317.12059790184526,7.151974513209794,3.3688030128056803,0.03827933464155976,0.0,0.0,0.0,0.0,211.0,0.0,0.0,0.0,0.0,0.0,0.600584884484609,0.005743962052176097
mnist,PU-G,0.0,0.0,220,3,224.0,0.0,44.0,5.686240703077327,268.0,5.686240703077327,0.31625486064391833,0.006015069815213809,0.10376666666666667,0.005119353257763888,0.6013289658502526,0.008353039863410823,0.04422000000000004,0.0055858392386462456,0.2023806395114451,0.00985236123356387,325.6176146715233,7.231929358275228,3.4999178424477577,0.039812087655403706,0.0,0.0,0.0,0.0,221.0,0.0,0.0,0.0,0.0,0.0,0.5962931712468466,0.0026196634672307362
mnist,PU-G,0.0,0.0,230,3,234.0,0.0,38.666666666666664,5.333333333333334,272.6666666666667,5.333333333333334,0.32118639336355653,0.005635120226846387,0.09916666666666667,0.003371613527345315,0.5961108204503506,0.008025143060153254,0.03894666666666669,0.004758940124766347,0.19311495918417476,0.008702598772754432,333.5613683839368,7.392546375127439,3.630094611706833,0.04140563299200504,0.0,0.0,0.0,0.0,231.0,0.0,0.0,0.0,0.0,0.0,0.5991424918174744,0.005290019767075499
mnist,PU-G,0.0,0.0,240,3,244.0,0.0,32.333333333333336,5.238744548500571,276.3333333333333,5.238744548500571,0.3250559186756921,0.005528784500913773,0.0974,0.004188476254359505,0.5877798823792405,0.008878578149968399,0.03262000000000003,0.005100797323294994,0.18136512010498373,0.009809278817359893,341.3107696783298,7.534477804360918,3.7595598169912896,0.042977081042872504,0.0,0.0,0.0,0.0,241.0,0.0,0.0,0.0,0.0,0.0,0.5981937448183695,0.0014738034125729306
mnist,PU-G,0.0,0.0,250,3,254.0,0.0,27.666666666666668,2.96273147243853,281.6666666666667,2.96273147243853,0.3306822240895902,0.0031208313730011696,0.09259999999999997,0.004384442191811108,0.583404889095307,0.004340357875758563,0.02819333333333336,0.0027663292966994693,0.17316492316544738,0.005460658615766097,349.132325270348,7.599680067053067,3.8882820044333735,0.044391477792217145,0.0,0.0,0.0,0.0,251.0,0.0,0.0,0.0,0.0,0.0,0.5990985234578451,0.004053267562344987
mnist,PU-G,0.0,0.0,260,3,264.0,0.0,22.333333333333332,3.711842908553348,286.3333333333333,3.7118429085533484,0.3355920173150177,0.0039056369157291016,0.0901,0.001682260384126083,0.5736148428074332,0.008673974717448144,0.022226666666666686,0.003735261406886781,0.16093436216373816,0.007962364983799857,356.32389335048447,7.424199758906243,4.017011926198999,0.04591055199275159,0.0,0.0,0.0,0.0,261.0,0.0,0.0,0.0,0.0,0.0,0.5938600301742554,0.0023596730374034255
mnist,PU-G,0.0,0.0,270,3,274.0,0.0,15.666666666666666,3.9299420408505323,289.6666666666667,3.9299420408505323,0.33909572067204863,0.004131205567425467,0.08883333333333332,0.0032167961977373994,0.5611806022100944,0.008538173897139133,0.015773333333333348,0.003775664768546655,0.14672319859098681,0.008872040639964385,363.5265059934311,7.370321569360651,4.144703607695798,0.047369105991501535,0.0,0.0,0.0,0.0,271.0,0.0,0.0,0.0,0.0,0.0,0.6006374955177307,0.006151581361905677
mnist,PU-G,0.0,0.0,280,3,284.0,0.0,8.666666666666666,3.5276684147527875,292.6666666666667,3.527668414752788,0.3422476214861187,0.003704695687737994,0.08686666666666665,0.0034362447202982826,0.5446422970332016,0.009324301072578674,0.009193333333333342,0.0032379691852215736,0.13049594630036174,0.008875682968084397,368.9612336664613,6.83694950002477,4.27144992010047,0.04908081360747628,0.0,0.0,0.0,0.0,281.0,0.0,0.0,0.0,0.0,0.0,0.6015892823537191,0.004136906765661071
mnist,PU-G,0.0,0.0,284,1,288.0,0.0,0.0,0.0,288.0,0.0,0.3373484928160906,0.0,0.09060000000000001,0.0,0.5161572657143637,0.0,0.0008800000000000008,0.0,0.1051985383443183,0.0,375.3372259315005,0.0,4.251446061767638,0.0,1.0,0.0,0.0,0.0,285.0,0.0,0.0,0.0,0.0,0.0,0.598234236240387,0.0
mnist,PU-G,0.0,0.0,290,2,294.0,0.0,6.0,1.0,300.0,1.0,0.34994274709606543,0.0010478420299477875,0.07819999999999999,0.00159999999999999,0.5368381932084993,0.0030379028540836184,0.006090000000000005,0.001070000000000001,0.12283394455198843,0.0030949480725818153,371.61604762479845,11.599810069842988,4.446119406726211,0.020275007467716932,0.0,0.0,0.0,0.0,291.0,0.0,0.0,0.0,0.0,0.0,0.5985203385353088,6.896257400512695e-05
mnist,PU-G,0.0,0.0,296,2,300.0,0.0,5.0,1.0,305.0,1.0,0.3551784893788863,0.0010464574152138082,0.0821,0.0028999999999999577,0.5368593839888784,0.0028016970952889353,0.005530000000000005,0.0008700000000000005,0.12121518179746171,0.002575498691628604,375.0596888659072,10.166158106288833,4.540095909032971,0.02124033635482192,0.0,0.0,1.0,0.0,297.0,0.0,0.0,0.0,0.0,0.0,0.6044331192970276,0.005959570407867431
mnist,PU-G,0.0,0.0,30,3,34.0,0.0,411.0,24.501700621249405,445.0,24.501700621249405,0.49908605091817054,0.02473987444526295,0.41209999999999997,0.01684369318172236,0.8334840900107995,0.01717755972168125,0.4128133333333333,0.02303773522819557,0.6392347481063001,0.021454799804533947,102.6989300913845,3.19281509913817,0.6347296663249532,0.00972553351712905,0.0,0.0,0.0,0.0,31.0,0.0,0.0,0.0,0.0,0.0,0.6077096859614054,0.007887262431852613
mnist,PU-G,0.0,0.0,40,3,44.0,0.0,367.0,9.451631252505218,411.0,9.451631252505218,0.46464630998283,0.009648290867754204,0.36813333333333337,0.017913340776577042,0.8134223985838073,0.00561679114900905,0.3629466666666666,0.008349006594266834,0.5915927098527415,0.00825837211001941,124.15356188020787,2.0113631601502684,0.8175680770849189,0.015129883544690489,0.0,0.0,0.0,0.0,41.0,0.0,0.0,0.0,0.0,0.0,0.6367344458897909,0.021050174612720855
mnist,PU-G,0.0,0.0,50,3,54.0,0.0,346.3333333333333,22.519127672072717,400.3333333333333,22.519127672072717,0.4536541468890694,0.023032465799225226,0.3460666666666666,0.027958560605136847,0.8072500211107885,0.017683173666490182,0.3407266666666667,0.022108029712703415,0.5690396204101229,0.022198951996617908,141.16280441439514,2.2783116992184747,0.9918084740638733,0.017690538824084626,0.0,0.0,0.0,0.0,51.0,0.0,0.0,0.0,0.0,0.0,0.6388549208641052,0.012126921521171783
mnist,PU-G,0.0,0.0,60,3,64.0,0.0,316.0,35.360052790307506,380.0,35.360052790307506,0.43262935092207044,0.03640384197774489,0.32436666666666664,0.04099237056385546,0.7943072587924885,0.031143634419796756,0.3122133333333333,0.03446979225028455,0.5391316566208995,0.03599178756256163,158.19614768184948,5.679756779645512,1.1620573243126273,0.017512353915772126,0.0,0.0,0.0,0.0,61.0,0.0,0.0,0.0,0.0,0.0,0.6268448034922282,0.006779202272263509
mnist,PU-G,0.0,0.0,70,3,74.0,0.0,286.0,32.96968304366907,360.0,32.96968304366907,0.4120659839439516,0.03406393344278625,0.3007666666666667,0.03846320030597788,0.7817005122679145,0.028418038474327573,0.28365333333333337,0.02899064753406597,0.5094118142938098,0.031034412439069542,174.09965084586258,7.06834019876077,1.3281282943983872,0.016173809293337806,0.0,0.0,0.0,0.0,71.0,0.0,0.0,0.0,0.0,0.0,0.6284809311230978,0.007028496647755485
mnist,PU-G,0.0,0.0,80,3,84.0,0.0,248.33333333333334,2.185812841434,332.3333333333333,2.185812841434,0.38368002641558024,0.002272020900693135,0.27366666666666667,0.013596854211340383,0.7642756220278292,0.0034361266188180964,0.2504666666666667,0.002543497155055963,0.47431222375224147,0.002818278353548867,188.02479256986138,7.168139772233592,1.4922772152349353,0.01599698225735632,0.0,0.0,0.0,0.0,81.0,0.0,0.0,0.0,0.0,0.0,0.6223796407381693,0.015437759379073405
mnist,PU-G,0.0,0.0,90,3,94.0,0.0,223.0,25.423086620891127,317.0,25.423086620891127,0.36754276752859977,0.026537046027368807,0.24916666666666665,0.03472973429850052,0.7451617226944053,0.026774286434326392,0.2223733333333333,0.02246155035709788,0.4419922455049119,0.02579968124458872,201.10996532396925,9.007436264960658,1.6528551302229364,0.01669764303563304,0.0,0.0,0.0,0.0,91.0,0.0,0.0,0.0,0.0,0.0,0.6125410596529642,0.010193995641736085
mnist,PU-G,0.4,0.0,0,3,4.0,0.0,483.3333333333333,14.768585277917147,487.3333333333333,14.768585277917147,0.5418320445848318,0.01480742658823147,0.4693333333333333,0.023373798245994257,0.7670929290191593,0.002627796567453606,0.4923933333333333,0.0026515990982382623,0.7118790571668582,0.0023153126988706215,0.6216706286066374,0.16087718162741982,0.05618033433953921,0.0003995020613051628,0.0,0.0,0.0,0.0,1.0,0.0,0.08333333333333333,0.08333333333333334,0.0,0.0,0.6908037861188253,0.009456124074395514
mnist,PU-G,0.4,0.0,10,3,14.0,0.0,474.3333333333333,9.597453365925311,488.3333333333333,9.597453365925311,0.542862934312628,0.009620602318679334,0.4049666666666667,0.0290689028191831,0.82556218618766,0.005929230202159998,0.4733066666666666,0.008637293814873081,0.6949946758939585,0.007674522793595868,43.31206835823343,0.5925843725846726,0.2566759927819173,0.000997150538703097,0.0,0.0,0.0,0.0,11.0,0.0,0.3333333333333333,0.10378330817953986,0.0,0.0,0.5527487198511759,0.003812784986947978
mnist,PU-G,0.4,0.0,100,3,104.0,0.0,454.0,13.228756555322953,558.0,13.228756555322953,0.612163181125652,0.013069621160187905,0.4584,0.012661885062396266,0.9120850181127601,0.0063240148038477256,0.45334,0.01324616170820814,0.6769788431364971,0.012039449807359274,211.52588597148778,2.356983173621425,1.9984639678150415,0.025261985212865677,0.0,0.0,0.0,0.0,101.0,0.0,0.4038461538461538,0.019230769230769218,0.0,0.0,0.6258712410926819,0.01047720193940481
mnist,PU-G,0.4,0.0,110,3,114.0,0.0,449.6666666666667,15.059142664102023,563.6666666666666,15.059142664102023,0.6177414563135244,0.01486863694454707,0.4530666666666667,0.015938039751208777,0.9142053916123905,0.007025068534984234,0.4501,0.01470292941332892,0.6740027276700308,0.013434405438768567,222.87240361179713,3.356599583418725,2.1897305784126124,0.027656402226495257,0.0,0.0,0.0,0.0,111.0,0.0,0.40350877192982454,0.013399344137297785,0.0,0.0,0.6247458060582479,0.021115873128002505
mnist,PU-G,0.4,0.0,120,3,124.0,0.0,445.6666666666667,16.83580839889919,569.6666666666666,16.83580839889919,0.6236392385326326,0.016606834588235045,0.45360000000000006,0.015595191566633597,0.9149132468670581,0.008552492976756344,0.4452,0.016975523555990794,0.6694755963188618,0.01562673174312201,232.96091617831658,2.8967982731533626,2.380559215011696,0.03026248459695126,0.0,0.0,0.0,0.0,121.0,0.0,0.4005376344086022,0.014224469414325763,0.0,0.0,0.598355213801066,0.016156195600238666
mnist,PU-G,0.4,0.0,130,3,134.0,0.0,439.3333333333333,16.75642497007574,573.3333333333334,16.75642497007574,0.62724782229634,0.016512718071412823,0.44913333333333333,0.012071638018282527,0.9154684177102808,0.008718421319439866,0.43950666666666666,0.017277200133251992,0.6642523649180222,0.015983907357204626,243.63923748586296,2.490458546179726,2.5711595683048167,0.03253507367670698,0.0,0.0,0.0,0.0,131.0,0.0,0.3930348258706468,0.0174129353233831,0.0,0.0,0.6029639840126038,0.016394024704411064
mnist,PU-G,0.4,0.0,140,3,144.0,0.0,433.6666666666667,16.954186634706026,577.6666666666666,16.954186634706026,0.6315062140347436,0.016690448840459306,0.4485666666666666,0.01351225780952655,0.9157609831320236,0.008375560947538252,0.4337933333333333,0.01683766544915824,0.6590046744908133,0.01565633013892712,253.53211899248785,1.9327743423677914,2.761392933006088,0.03457243286049685,0.0,0.0,0.0,0.0,141.0,0.0,0.3912037037037037,0.01517925584329167,0.0,0.0,0.5929265817006429,0.010867753193515156
mnist,PU-G,0.4,0.0,150,3,154.0,0.0,425.3333333333333,15.235193176035253,579.3333333333334,15.235193176035253,0.633156337600667,0.014990170178010902,0.44173333333333337,0.01078924361472007,0.9151277215640049,0.0076000684992398515,0.42578,0.01516888042451823,0.6516255112583479,0.01420043065373466,264.07866028395887,1.8530378628625386,2.9518394706149897,0.036290783502926575,0.0,0.0,0.0,0.0,151.0,0.0,0.39177489177489183,0.017717213791931717,0.0,0.0,0.5828989744186401,0.002973272384886504
mnist,PU-G,0.4,0.0,160,3,164.0,0.0,419.6666666666667,14.836142056178591,583.6666666666666,14.836142056178591,0.6374130484570438,0.014582922553132394,0.4423000000000001,0.014507354456734478,0.9153627472691118,0.0074362386380798316,0.42019333333333336,0.015079771586834812,0.6464183893779936,0.01419472648677225,274.04869559159823,1.5025553904127849,3.1416867515072227,0.03795035831936544,0.0,0.0,0.0,0.0,161.0,0.0,0.39024390243902435,0.023084993275610872,0.0,0.0,0.5898287494977316,0.0023615710143435795
mnist,PU-G,0.4,0.0,170,3,174.0,0.0,414.6666666666667,15.344199048645207,588.6666666666666,15.344199048645207,0.6423123082495295,0.01506511895958209,0.4389333333333334,0.011295475987216206,0.9156724568752971,0.007361455002393567,0.41489333333333334,0.015196755501677905,0.6414481153801138,0.01437637615253688,284.0420083376136,2.0216508823645203,3.3311480147143206,0.03962877902445334,0.0,0.0,0.0,0.0,171.0,0.0,0.39272030651340994,0.025773226143819376,0.0,0.0,0.5828453898429871,0.005418623819019895
mnist,PU-G,0.4,0.0,180,3,184.0,0.0,408.6666666666667,13.531855420122959,592.6666666666666,13.531855420122959,0.6462426173966378,0.013267537568363167,0.4331666666666667,0.005091605291501332,0.915544053114148,0.006619802722018409,0.40866666666666673,0.013469418860680059,0.6356250063432405,0.012796548298179696,294.028226436252,2.1810418567220555,3.521625562570989,0.04134501726688497,0.0,0.0,0.0,0.0,181.0,0.0,0.38405797101449274,0.018913598748026363,0.0,0.0,0.5851123929023743,0.010158431297828997
mnist,PU-G,0.4,0.0,190,3,194.0,0.0,402.6666666666667,12.38726945070803,596.6666666666666,12.38726945070803,0.6501639252140498,0.012133817092052746,0.42239999999999994,0.00545924292675582,0.9148103837103146,0.006205047020421526,0.4023000000000001,0.012464065682325885,0.6296143628138086,0.011910961721889966,302.3034925235823,2.0170858516866157,3.7119607646018267,0.043242239808082665,0.0,0.0,0.0,0.0,191.0,0.0,0.38144329896907214,0.016569846668372766,0.0,0.0,0.5828922589619955,0.0036714017262025962
mnist,PU-G,0.4,0.0,20,3,24.0,0.0,474.3333333333333,6.3595946761129705,498.3333333333333,6.3595946761129705,0.5528912232451452,0.006358907326547552,0.42783333333333334,0.01857752525080897,0.8579543159338326,0.0035781854135764914,0.47525333333333336,0.006197207256319378,0.6967551872967169,0.005488986533715054,77.52572671392777,2.214936208322479,0.45713643605510396,0.0018749153311106413,0.0,0.0,0.0,0.0,21.0,0.0,0.375,0.06364688465216443,0.0,0.0,0.5874038338661194,0.018225860773934045
mnist,PU-G,0.4,0.0,200,3,204.0,0.0,397.0,12.055427546683418,601.0,12.055427546683418,0.6544020079891197,0.011795849398877605,0.42106666666666664,0.0032518370876236337,0.9148769654740162,0.00602341876704513,0.3973,0.011930917818843641,0.6248624223410558,0.01145336928195829,311.34885627568383,2.4030113267094797,3.9046398758267364,0.04451884860611734,0.0,0.0,0.0,0.0,201.0,0.0,0.3741830065359477,0.02287581699346405,0.0,0.0,0.5839579900105795,0.001843172898919432
mnist,PU-G,0.4,0.0,210,3,214.0,0.0,389.0,12.342339054382412,603.0,12.342339054382412,0.6563539143147258,0.012067418382685997,0.4229,0.0038552993831002737,0.9134881693918949,0.006551590101373291,0.38955333333333336,0.012438619073050045,0.6174271271758006,0.012016927354448759,320.2370205203936,3.175720877573059,4.094127302058041,0.04597344316601684,0.0,0.0,0.0,0.0,211.0,0.0,0.37538940809968846,0.023571255374488412,0.0,0.0,0.5859906077384949,0.00555361220323384
mnist,PU-G,0.4,0.0,220,3,224.0,0.0,384.0,13.316656236958787,608.0,13.316656236958787,0.6612277030556774,0.013005868297528955,0.4172666666666667,0.008158090735242172,0.9129242192676562,0.006899438393058849,0.3835866666666667,0.013153809756534837,0.6116552785171013,0.012780151115336261,329.10338001465146,3.366349507493663,4.285377189517021,0.048240724692046655,0.0,0.0,0.0,0.0,221.0,0.0,0.3764880952380952,0.02394862639796292,0.0,0.0,0.5882647633552551,0.008856080943671511
mnist,PU-G,0.4,0.0,230,3,234.0,0.0,377.3333333333333,12.732286169856186,611.3333333333334,12.732286169856186,0.6644811507430859,0.012420835737681652,0.41789999999999994,0.006421059102671459,0.9124496944167654,0.006797721619977222,0.37810000000000005,0.013015841629849858,0.6063378315475809,0.01270654203886726,337.39926284089876,3.212714657688526,4.473071872877578,0.04973172279024889,0.0,0.0,0.0,0.0,231.0,0.0,0.3803418803418803,0.021367521367521364,0.0,0.0,0.5822973847389221,0.00461565609088121
mnist,PU-G,0.4,0.0,240,3,244.0,0.0,372.3333333333333,12.170090842352456,616.3333333333334,12.170090842352456,0.6693542063585483,0.011857503113697501,0.41559999999999997,0.009493330992509066,0.9118634788859173,0.006093502902419549,0.37244000000000005,0.011886367541571876,0.6008462024125578,0.011659692707123148,345.4964727669142,2.5080507210832703,4.660260327160358,0.051443924407939885,0.0,0.0,0.0,0.0,241.0,0.0,0.38251366120218583,0.019844042413024527,0.0,0.0,0.58196888367335,0.0048692673479582204
mnist,PU-G,0.4,0.0,250,3,254.0,0.0,368.3333333333333,14.051492605571994,622.3333333333334,14.051492605571994,0.6751773741755945,0.013667699797232848,0.41030000000000005,0.011582026305156349,0.9119351302291854,0.006951898590348643,0.3683266666666667,0.013990117146678131,0.5967671769446068,0.013777492041704234,353.89563390402276,2.528933986071998,4.849236352058749,0.05347598086603178,0.0,0.0,0.0,0.0,251.0,0.0,0.3845144356955381,0.02242520668062345,0.0,0.0,0.5823548038800558,0.005600097565274035
mnist,PU-G,0.4,0.0,260,3,264.0,0.0,361.6666666666667,12.810585900383758,625.6666666666666,12.810585900383758,0.6784236076831197,0.012447197641916822,0.4087666666666667,0.01639891595333193,0.9111686479044939,0.006378184247796017,0.3624266666666666,0.013156090266911022,0.5909827544970511,0.013010247854901246,362.0151249571725,2.338294571214865,5.040820077061653,0.05553471316243951,0.0,0.0,0.0,0.0,261.0,0.0,0.3813131313131313,0.02609088171688361,0.0,0.0,0.5814665158589681,0.004891381132670743
mnist,PU-G,0.4,0.0,270,3,274.0,0.0,356.0,13.279056191361393,630.0,13.279056191361393,0.6826256383016395,0.012879749650077182,0.4019,0.019079395518027634,0.9104017324530327,0.006182164073244289,0.3565266666666666,0.013125681357975729,0.5851454535406375,0.013028373092053874,370.40388037068806,2.676470292727897,5.231388100733359,0.057728227719470115,0.0,0.0,0.0,0.0,271.0,0.0,0.38564476885644766,0.027175557060448517,0.0,0.0,0.5836712320645651,0.0059676647407952725
mnist,PU-G,0.4,0.0,280,3,284.0,0.0,349.6666666666667,12.032363765186698,633.6666666666666,12.032363765186698,0.6861883532255888,0.011668960166773044,0.4011,0.009973966111833366,0.9091111019460535,0.00556161443542098,0.34964666666666666,0.011947760366603347,0.5783234570456406,0.011963819800714,378.59730712739315,2.8898317740898403,5.422007572216292,0.05987759360415343,0.0,0.0,0.0,0.0,281.0,0.0,0.37910798122065725,0.023823689119934786,0.0,0.0,0.5732475121816,0.008604406882474656
mnist,PU-G,0.4,0.0,290,3,294.0,0.0,345.3333333333333,9.820613241770824,639.3333333333334,9.820613241770825,0.6916873814964978,0.009503406967651798,0.3982333333333334,0.005247644974441189,0.9090594053163711,0.004416005367733628,0.34545333333333333,0.009727002507338909,0.5741733782101904,0.009757753376364295,386.4635540049515,3.1408032413040976,5.611841033212841,0.06218862266975887,0.0,0.0,0.0,0.0,291.0,0.0,0.3820861678004535,0.02342854684781385,0.0,0.0,0.5707414150238037,0.009376056287775584
mnist,PU-G,0.4,0.0,296,3,300.0,0.0,340.6666666666667,11.095544651395493,640.6666666666666,11.095544651395493,0.6929704318754375,0.010738783836632921,0.39303333333333335,0.010120331571204157,0.9080216222490157,0.00489761133590631,0.3410066666666666,0.010915996417083436,0.5696803076513132,0.011019360088543765,391.3407467465933,3.2867042070311125,5.743806632546087,0.06361440297442936,0.0,0.0,1.0,0.0,297.0,0.0,0.3811111111111111,0.023280363155285533,0.0,0.0,0.5729552706082662,0.008626018796479387
mnist,PU-G,0.4,0.0,30,3,34.0,0.0,476.3333333333333,17.85434898778944,510.3333333333333,17.85434898778944,0.5648199116888767,0.017781585081841904,0.42769999999999997,0.04299515476577953,0.8721644819518671,0.009469954395440666,0.47604,0.01576186537183977,0.6972781859711047,0.013882785662046997,97.7951561746086,3.523290210362285,0.656373359883825,0.0049385630023904385,0.0,0.0,0.0,0.0,31.0,0.0,0.37254901960784315,0.009803921568627435,0.0,0.0,0.6021694938341776,0.017656306719168926
mnist,PU-G,0.4,0.0,40,3,44.0,0.0,476.0,13.051181300301261,520.0,13.051181300301261,0.5744889619915435,0.012983399638219572,0.4526333333333333,0.02611566154202834,0.8843984294583825,0.006891848484866724,0.4778933333333333,0.013999315856299752,0.698964980712824,0.012377157188427279,116.3455402193631,3.188890689215241,0.8510874543959895,0.007108937478547794,0.0,0.0,0.0,0.0,41.0,0.0,0.3863636363636364,0.013121597027036955,0.0,0.0,0.6580934325853983,0.034168117710519266
mnist,PU-G,0.4,0.0,50,3,54.0,0.0,481.3333333333333,12.719189352225943,535.3333333333334,12.719189352225943,0.589732555381488,0.012638807185127476,0.46996666666666664,0.020319148057381154,0.8964530820023825,0.005641448801357621,0.48107999999999995,0.01216059209084823,0.7018235811721382,0.010798552202274433,136.24391641013145,2.337322959958258,1.0411015503729384,0.009260173266262633,0.0,0.0,0.0,0.0,51.0,0.0,0.4074074074074074,0.01851851851851851,0.0,0.0,0.6594569881757101,0.027905794941139404
mnist,PU-G,0.4,0.0,60,3,64.0,0.0,480.6666666666667,11.921036494831778,544.6666666666666,11.921036494831778,0.5989885356587669,0.011819171135526267,0.4836333333333333,0.013673128553642892,0.9040488191248315,0.005628031195477471,0.4815666666666667,0.011915800900951297,0.7022582119437523,0.010577672664966696,152.49577593363867,2.0775138144204144,1.2326660190398495,0.012346856114063248,0.0,0.0,0.0,0.0,61.0,0.0,0.4166666666666667,0.03415332564740625,0.0,0.0,0.6590055227279663,0.034446606382152745
mnist,PU-G,0.4,0.0,70,3,74.0,0.0,476.0,9.29157324317757,550.0,9.29157324317757,0.6042789121662887,0.009196400337570656,0.4650333333333334,0.015382385308455185,0.9082048469303383,0.0041342089676950685,0.47547999999999996,0.009241414033216645,0.6969171079401967,0.008221295485388342,170.1137409333518,2.511499998156718,1.424488063591222,0.015947111693179708,0.0,0.0,0.0,0.0,71.0,0.0,0.40540540540540543,0.02064223286016144,0.0,0.0,0.6421413620313009,0.019868215783407275
mnist,PU-G,0.4,0.0,80,3,84.0,0.0,464.0,11.846237095944575,548.0,11.846237095944575,0.6022882098138022,0.011723120215093061,0.46303333333333335,0.014985140788275734,0.9076378584240256,0.00572538928794422,0.4639533333333333,0.012408332325945771,0.6865701445250071,0.011158325140665547,184.118666542714,3.182641566611444,1.616265282034874,0.019515167602519572,0.0,0.0,0.0,0.0,81.0,0.0,0.41269841269841273,0.019841269841269844,0.0,0.0,0.6226860284805298,0.015278866663451608
mnist,PU-G,0.4,0.0,90,3,94.0,0.0,456.3333333333333,13.11911243610295,550.3333333333334,13.11911243610295,0.604589055175893,0.012981537195964534,0.45416666666666666,0.0150204675175057,0.9090501554239164,0.006380140877327956,0.45638,0.013166264972775399,0.6797324070920272,0.011932970718761994,198.4961756581023,2.7755251541180783,1.8072484446068604,0.022474403379471968,0.0,0.0,0.0,0.0,91.0,0.0,0.41489361702127664,0.016250268421829216,0.0,0.0,0.6165548960367838,0.010035511040543007
