method,dataset,seed,noise_rate,pretrain_fraction,step,n_cert,n_pretrain,compression_size,remaining_bad,effective_compression_size,certified_bound,test_error,pac_bayes_bound,pac_bayes_empirical_risk,pac_bayes_mc_upper,pac_bayes_kl,runtime_sec,stop_reached,hit_limit,train_calls,noise_hit_rate,duplicate_hit_rate,pairwise_feature_cosine
MaxLoss,mnist,0,0.0,0.0,0,5000,0,4,2081,2085,0.4424321125843562,0.40249999999999997,0.71577595616233,0.465464,0.6880543141067924,0.9652053227400991,2.7596670871134847,0,0,1,0.0,0.0,0.6595352292060852
MaxLoss,mnist,0,0.0,0.0,10,5000,0,14,2485,2499,0.5257489107898436,0.5124,0.7580285491921939,0.48681599999999997,0.7069990382431126,25.673543215854195,3.108300405088812,0,0,11,0.0,0.0,0.713886022567749
MaxLoss,mnist,0,0.0,0.0,20,5000,0,24,2251,2275,0.4807592004071921,0.4659,0.7292144320136419,0.43250800000000006,0.658061364924242,52.75954213822588,3.454893226036802,0,0,21,0.0,0.0,0.6229835152626038
MaxLoss,mnist,0,0.0,0.0,30,5000,0,34,2004,2038,0.43292728712549433,0.40469999999999995,0.7098667026336369,0.387588,0.6156749030586557,93.72598864935082,3.8004408380948007,0,0,31,0.0,0.0,0.6188740730285645
MaxLoss,mnist,0,0.0,0.0,40,5000,0,44,1892,1936,0.41226651024771854,0.38470000000000004,0.7002765732971706,0.36159199999999997,0.5903215595117005,127.68575923114038,4.146688451990485,0,0,41,0.0,0.0,0.5851883888244629
MaxLoss,mnist,0,0.0,0.0,50,5000,0,54,1393,1447,0.3125424169120379,0.2824,0.6206678902407566,0.26928799999999997,0.49492571949376923,154.46570000586607,4.492984266020358,0,0,51,0.0,0.0,0.5881888270378113
MaxLoss,mnist,0,0.0,0.0,60,5000,0,64,1422,1486,0.32053977355826646,0.29090000000000005,0.6392638913703171,0.279184,0.5055899994910439,177.8965735718439,4.839526796946302,0,0,61,0.0,0.0,0.5721042156219482
MaxLoss,mnist,0,0.0,0.0,70,5000,0,74,1212,1286,0.27943777991458774,0.245,0.6000153848316575,0.234868,0.4569048893581937,199.75946954747835,5.186187966028228,0,0,71,0.0,0.0,0.5819874405860901
MaxLoss,mnist,0,0.0,0.0,80,5000,0,84,823,907,0.2008468460990116,0.16579999999999995,0.5224218673965414,0.163444,0.3725609887191358,218.1278466689101,5.532994905021042,0,0,81,0.0,0.0,0.5756943225860596
MaxLoss,mnist,0,0.0,0.0,90,5000,0,94,1051,1145,0.2503170917625539,0.21919999999999995,0.5779227214321723,0.20494800000000002,0.4225618277338713,235.04905726488013,5.879474675981328,0,0,91,0.0,0.0,0.6000446081161499
MaxLoss,mnist,0,0.0,0.0,100,5000,0,104,703,807,0.1799212353071198,0.14470000000000005,0.4971816151046443,0.136324,0.33807864765055384,249.61984068939267,6.226876097964123,0,0,101,0.0,0.0,0.5732759237289429
MaxLoss,mnist,0,0.0,0.0,110,5000,0,114,695,809,0.18034067482221872,0.14480000000000004,0.5026449049569061,0.137956,0.3402010642609316,260.1110839293043,6.573045402998105,0,0,111,0.0,0.0,0.5807895064353943
MaxLoss,mnist,0,0.0,0.0,120,5000,0,124,977,1101,0.24120297090848908,0.20189999999999997,0.568012988335179,0.184588,0.3984090621874984,281.36808407925514,6.919393385993317,0,0,121,0.0,0.0,0.5991692543029785
MaxLoss,mnist,0,0.0,0.0,130,5000,0,134,1072,1206,0.2629310127813369,0.22940000000000005,0.6035522916789082,0.21198,0.4307508022654409,294.9264884968035,7.266208854038268,0,0,131,0.0,0.0,0.6013261675834656
MaxLoss,mnist,0,0.0,0.0,140,5000,0,144,913,1057,0.23207521729636937,0.18999999999999995,0.5639344794607294,0.17487200000000006,0.3866343208997098,308.30947347281756,7.612519568065181,0,0,141,0.0,0.0,0.591780424118042
MaxLoss,mnist,0,0.0,0.0,150,5000,0,154,876,1030,0.2264670939766802,0.18579999999999997,0.5589541075365153,0.16794399999999995,0.37813257850835014,321.08203137884317,7.960477963089943,0,0,151,0.0,0.0,0.5839197039604187
MaxLoss,mnist,0,0.0,0.0,160,5000,0,164,590,754,0.16879126703133807,0.12660000000000005,0.49279613786914134,0.11553999999999999,0.31044012779374314,333.37577588377525,8.30639538099058,0,0,161,0.0,0.0,0.5745911002159119
MaxLoss,mnist,0,0.0,0.0,170,5000,0,174,491,665,0.1500319773913361,0.11060000000000003,0.4707568470169407,0.09997600000000002,0.2889029834720022,336.56158580024766,8.653342647943646,0,0,171,0.0,0.0,0.5769166946411133
MaxLoss,mnist,0,0.0,0.0,180,5000,0,184,540,724,0.16247806238243356,0.12409999999999999,0.4820567225993392,0.10436,0.2950509370031082,354.0103377686965,9.000996526097879,0,0,181,0.0,0.0,0.5847494602203369
MaxLoss,mnist,0,0.0,0.0,190,5000,0,194,484,678,0.15277791634434834,0.121,0.47221945971248613,0.095852,0.28305660546688965,365.41569818778345,9.348931391956285,0,0,191,0.0,0.0,0.5859115123748779
MaxLoss,mnist,0,0.0,0.0,200,5000,0,204,437,641,0.1449569623800926,0.1068,0.4583216654896957,0.085144,0.26756616530455124,376.5483016368108,9.699082463979721,0,0,201,0.0,0.0,0.5828879475593567
MaxLoss,mnist,0,0.0,0.0,210,5000,0,214,401,615,0.139450513466727,0.09899999999999998,0.4512556141173533,0.079876,0.25976480049138184,382.3031595706552,10.046250858111307,0,0,211,0.0,0.0,0.5847291946411133
MaxLoss,mnist,0,0.0,0.0,220,5000,0,224,385,609,0.13817849004408345,0.09519999999999995,0.44587590048546105,0.074396,0.25150881196442704,396.9201891867219,10.39370712894015,0,0,221,0.0,0.0,0.5919623374938965
MaxLoss,mnist,0,0.0,0.0,230,5000,0,234,327,561,0.12798369256779552,0.08850000000000002,0.431897735855315,0.065808,0.23824894259426874,400.2347086220946,10.74197785090655,0,0,231,0.0,0.0,0.5877048969268799
MaxLoss,mnist,0,0.0,0.0,240,5000,0,244,341,585,0.13308531494112685,0.09050000000000002,0.43774462989736523,0.066404,0.2391828857148563,419.37223082786403,11.089664218947291,0,0,241,0.0,0.0,0.5898861885070801
MaxLoss,mnist,0,0.0,0.0,250,5000,0,254,277,531,0.1215940813999623,0.07979999999999998,0.42020689666504973,0.05530800000000001,0.22141497120908923,430.0446450945851,11.439199907938018,0,0,251,0.0,0.0,0.588880717754364
MaxLoss,mnist,0,0.0,0.0,260,5000,0,264,269,533,0.12202050804626197,0.08040000000000003,0.4197234030425846,0.05376000000000001,0.21886657019338202,440.0636958006395,11.787402430083603,0,0,261,0.0,0.0,0.5864208936691284
MaxLoss,mnist,0,0.0,0.0,270,5000,0,274,293,567,0.12925991439260542,0.08950000000000002,0.42851654142112616,0.05720800000000001,0.2245179713689473,449.66003161060837,12.137224755017087,0,0,271,0.0,0.0,0.5940842628479004
MaxLoss,mnist,0,0.0,0.0,280,5000,0,284,231,515,0.11818025389220566,0.07740000000000002,0.40835391142842525,0.046032000000000003,0.20584604930026645,455.53763119776863,12.487392965937033,0,0,281,0.0,0.0,0.5796490907669067
MaxLoss,mnist,0,0.0,0.0,290,5000,0,294,197,491,0.113051179330796,0.07120000000000004,0.39337023499443957,0.038792,0.1931246901494675,455.54450888218076,12.83681407594122,0,0,291,0.0,0.0,0.5829176902770996
MaxLoss,mnist,0,0.0,0.0,300,5000,0,304,194,498,0.11454822140512988,0.07189999999999996,0.398822291911782,0.040216,0.19567219292864485,465.7940977327235,13.186705769971013,0,0,301,0.0,0.0,0.5861775279045105
MaxLoss,mnist,0,0.0,0.0,310,5000,0,314,165,479,0.11048272217158228,0.06359999999999999,0.38762848269823785,0.03323600000000001,0.1829409684030105,482.94429252519853,13.535900312010199,0,0,311,0.0,0.0,0.5836320519447327
MaxLoss,mnist,0,0.0,0.0,320,5000,0,324,176,500,0.11497578502167016,0.06669999999999998,0.39229051536586523,0.03528800000000001,0.18675002474443597,483.3045872773462,13.885972084943205,0,0,321,0.0,0.0,0.5880571007728577
MaxLoss,mnist,0,0.0,0.0,330,5000,0,334,126,460,0.10641038639005274,0.06220000000000003,0.37301390377729693,0.025508000000000006,0.1679968059271287,498.5832596012738,14.236426692921668,0,0,331,0.0,0.0,0.5861634016036987
MaxLoss,mnist,0,0.0,0.0,340,5000,0,344,129,473,0.10919747682055458,0.06440000000000001,0.3732927425549674,0.024844000000000005,0.16666152362021078,507.0604033966224,14.585000791121274,0,0,341,0.0,0.0,0.5863835215568542
MaxLoss,mnist,0,0.0,0.0,350,5000,0,354,145,499,0.11476201220648363,0.06659999999999999,0.3834166869388162,0.029088000000000013,0.1750476991757269,506.303525966861,14.93378868792206,0,0,351,0.0,0.0,0.5904098153114319
MaxLoss,mnist,0,0.0,0.0,360,5000,0,364,125,489,0.11262328876182437,0.06399999999999995,0.3744793395487612,0.024516,0.1659985075426597,515.9550332204337,15.282834260957316,0,0,361,0.0,0.0,0.5864731669425964
MaxLoss,mnist,0,0.0,0.0,370,5000,0,374,91,465,0.10748273663921282,0.06020000000000003,0.3606491580819854,0.018751999999999998,0.15392938282705443,521.5406763248692,15.63418576004915,0,0,371,0.0,0.0,0.5800694227218628
MaxLoss,mnist,0,0.0,0.0,380,5000,0,384,73,457,0.10576673719333485,0.05840000000000001,0.34957008109768106,0.014083999999999994,0.14342828288111814,531.9070461534465,15.984225932043046,0,0,381,0.0,0.0,0.5802807211875916
MaxLoss,mnist,0,0.0,0.0,390,5000,0,394,70,464,0.10726830619387329,0.057599999999999985,0.3495812616351289,0.013759999999999994,0.14266851421544774,536.3997909237282,16.38773071905598,0,0,391,0.0,0.0,0.5811929702758789
MaxLoss,mnist,0,0.0,0.0,400,5000,0,404,63,467,0.10791153862373903,0.05679999999999996,0.3497188564990158,0.013227999999999986,0.1414109056428153,544.4344460975473,16.73619816894643,0,0,401,0.0,0.0,0.5816959142684937
MaxLoss,mnist,0,0.0,0.0,410,5000,0,414,83,497,0.1143344126176089,0.05730000000000002,0.3622651714611071,0.017103999999999994,0.15030914960050143,549.6683546146946,17.08515258296393,0,0,411,0.0,0.0,0.583401083946228
MaxLoss,mnist,0,0.0,0.0,420,5000,0,424,59,483,0.11133917316328734,0.053200000000000025,0.3478470232919086,0.011787999999999998,0.13793930567636367,556.5368958638129,17.4343314350117,0,0,421,0.0,0.0,0.5803222060203552
MaxLoss,mnist,0,0.0,0.0,430,5000,0,434,43,477,0.11005438334541395,0.04859999999999998,0.33818298130602703,0.008488000000000011,0.12953531902648882,562.865991953502,17.783871004125103,0,0,431,0.0,0.0,0.5808261036872864
MaxLoss,mnist,0,0.0,0.0,440,5000,0,444,44,488,0.11240931588690728,0.05030000000000001,0.3417641958304195,0.009128000000000002,0.13122200629560593,569.1827695770278,18.13327511306852,0,0,441,0.0,0.0,0.5785784125328064
MaxLoss,mnist,0,0.0,0.0,450,5000,0,454,35,489,0.11262328876182437,0.0514,0.33517907576272926,0.0068560000000000045,0.12508068296379812,576.557253274919,18.478847455000505,0,0,451,0.0,0.0,0.5811607837677002
MaxLoss,mnist,0,0.0,0.0,460,5000,0,464,31,495,0.1139067409094423,0.05069999999999997,0.33627691890720846,0.006824000000000001,0.12499086224177475,582.3104709377786,18.82806310709566,0,0,461,0.0,0.0,0.5793614387512207
MaxLoss,mnist,0,0.0,0.0,470,5000,0,474,15,489,0.11262328876182437,0.04479999999999995,0.3243652913714038,0.003592000000000002,0.11525003902610481,588.2868345154834,19.172386501915753,0,0,471,0.0,0.0,0.5775081515312195
MaxLoss,mnist,0,0.0,0.0,480,5000,0,484,9,493,0.11347899661632255,0.04600000000000004,0.3191254310800945,0.002204000000000006,0.11046216518208601,594.7169171516647,19.52261906210333,0,0,481,0.0,0.0,0.5777217745780945
MaxLoss,mnist,0,0.0,0.0,490,5000,0,494,7,501,0.11518953990889713,0.04590000000000005,0.31951959913545197,0.002044000000000006,0.10987225434368549,600.5426456448793,19.87264611502178,0,0,491,0.0,0.0,0.5764660239219666
MaxLoss,mnist,0,0.0,0.0,500,5000,0,504,13,517,0.11860722012352198,0.04610000000000003,0.3216489793300778,0.002211999999999996,0.11049141067900366,606.6859331988635,20.222669357899576,0,0,501,0.0,0.0,0.5776305794715881
MaxLoss,mnist,0,0.0,0.0,510,5000,0,514,2,516,0.11839374556438997,0.04459999999999997,0.3140341877463598,0.0006719999999999993,0.10425716186656636,611.9400557720408,20.573156815953553,0,0,511,0.0,0.0,0.5755487680435181
MaxLoss,mnist,0,0.0,0.0,514,5000,0,518,0,518,0.11882067745318636,0.04239999999999999,0.31106020561267245,0.00019599999999998064,0.10184173104205757,614.0543004255694,20.843802748946473,1,0,515,0.0,0.0,0.5752662420272827
PU-R,mnist,0,0.0,0.0,0,5000,0,4,2264,2268,0.47934987192275,0.4293,0.7090645993305702,0.45809999999999995,0.6814320115630976,0.7865158462051467,0.23036946402862668,0,0,1,0.0,0.0,0.6163390874862671
PU-R,mnist,0,0.0,0.0,10,5000,0,14,2397,2411,0.5080995024181902,0.493,0.7509233367218021,0.47182,0.6937335623163031,33.44151589641998,0.6953742371406406,0,0,11,0.0,0.0,0.6191465854644775
PU-R,mnist,0,0.0,0.0,20,5000,0,24,1982,2006,0.42645040759816766,0.39070000000000005,0.7053673001620784,0.394152,0.6219795586191313,71.48411382561842,1.1626857139635831,0,0,21,0.0,0.0,0.5404152870178223
PU-R,mnist,0,0.0,0.0,30,5000,0,34,1746,1780,0.38057733239838853,0.33620000000000005,0.6746811353473319,0.34690000000000004,0.5757143210495488,98.5258845973987,1.6246018901001662,0,0,31,0.0,0.0,0.557331919670105
PU-R,mnist,0,0.0,0.0,40,5000,0,44,1739,1783,0.3811877950793132,0.3326,0.6842026194949142,0.34583600000000003,0.5746484568007915,123.70836893882024,2.0832672321703285,0,0,41,0.0,0.0,0.562984049320221
PU-R,mnist,0,0.0,0.0,50,5000,0,54,1626,1680,0.36020420386921614,0.31410000000000005,0.6726617822053659,0.32696000000000003,0.5555555208385073,140.0038802125618,2.555618833983317,0,0,51,0.0,0.0,0.5602288246154785
PU-R,mnist,0,0.0,0.0,60,5000,0,64,1559,1623,0.3485699051525444,0.2952,0.6650497103525453,0.31275600000000003,0.5409529495042918,156.4728043789356,3.0359942379873246,0,0,61,0.0,0.0,0.572726309299469
PU-R,mnist,0,0.0,0.0,70,5000,0,74,1452,1526,0.32873377564828843,0.2814,0.6483011539300797,0.29098399999999996,0.5181599420452558,169.67713158305995,3.513689710991457,0,0,71,0.0,0.0,0.5683789849281311
PU-R,mnist,0,0.0,0.0,80,5000,0,84,915,999,0.22002134151989594,0.17579999999999996,0.5315405133242654,0.18026799999999998,0.3931945159368596,184.0851827729275,3.988554673967883,0,0,81,0.0,0.0,0.5770423412322998
PU-R,mnist,0,0.0,0.0,90,5000,0,94,974,1068,0.23435846500797197,0.18820000000000003,0.5494032411578655,0.19397599999999998,0.4096304007304183,187.92306923161246,4.45572289195843,0,0,91,0.0,0.0,0.5701536536216736
PU-R,mnist,0,0.0,0.0,100,5000,0,104,890,994,0.2189810085692443,0.17720000000000002,0.5343865904491607,0.17701599999999998,0.3892472197876363,203.52197792043216,4.932640532962978,0,0,101,0.0,0.0,0.5627661347389221
PU-R,mnist,0,0.0,0.0,110,5000,0,114,880,994,0.2189810085692443,0.1723,0.535881274501335,0.17563200000000007,0.3875614990242588,212.9433086279465,5.409380746074021,0,0,111,0.0,0.0,0.5670918822288513
PU-R,mnist,0,0.0,0.0,120,5000,0,124,837,961,0.21210984350182116,0.16910000000000003,0.5289093829142071,0.16750800000000002,0.3775944831686157,222.2845618968844,5.907969719963148,0,0,121,0.0,0.0,0.5697203874588013
PU-R,mnist,0,0.0,0.0,130,5000,0,134,919,1053,0.23124472558265552,0.18869999999999998,0.5519313333991308,0.181596,0.39480100698630627,239.96851873201294,6.411378649994731,0,0,131,0.0,0.0,0.5682287216186523
PU-R,mnist,0,0.0,0.0,140,5000,0,144,954,1098,0.24058106349548325,0.1985,0.5654229874026553,0.18986000000000003,0.4047289136958975,251.56850902228194,6.923285088036209,0,0,141,0.0,0.0,0.577252984046936
PU-R,mnist,0,0.0,0.0,150,5000,0,154,891,1045,0.2295833877287805,0.18620000000000003,0.5513738164225528,0.175628,0.38755662191895385,261.6939275670208,7.44389203004539,0,0,151,0.0,0.0,0.5761881470680237
PU-R,mnist,0,0.0,0.0,160,5000,0,164,964,1128,0.2467973077436909,0.20179999999999998,0.571279975339817,0.189672,0.40450436028078135,271.856659853783,7.978747386019677,0,0,161,0.0,0.0,0.5740290284156799
PU-R,mnist,0,0.0,0.0,170,5000,0,174,900,1074,0.2356035017874092,0.18720000000000003,0.5610323910189423,0.1788,0.39141500640116006,281.2856995375942,8.525281083071604,0,0,171,0.0,0.0,0.5715785026550293
PU-R,mnist,0,0.0,0.0,180,5000,0,184,822,1006,0.221477480372414,0.17820000000000003,0.5445998676634644,0.16332000000000002,0.3724068952953567,290.3975271539139,9.087796826148406,0,0,181,0.0,0.0,0.5682594776153564
PU-R,mnist,0,0.0,0.0,190,5000,0,194,837,1031,0.2266748994588852,0.18420000000000003,0.5493122269753743,0.16492,0.3743928534606352,299.8895887091988,9.662324866978452,0,0,191,0.0,0.0,0.574813723564148
PU-R,mnist,0,0.0,0.0,200,5000,0,204,587,791,0.1765642817481421,0.12770000000000004,0.48538360663226443,0.11697599999999998,0.31238853309143566,299.7170705805537,10.246461562113836,0,0,201,0.0,0.0,0.5832542181015015
PU-R,mnist,0,0.0,0.0,210,5000,0,214,569,783,0.17488483432680368,0.12970000000000004,0.48511792683955085,0.11431199999999998,0.3087690267587872,312.151439140466,10.841365240048617,0,0,211,0.0,0.0,0.5739312171936035
PU-R,mnist,0,0.0,0.0,220,5000,0,224,608,832,0.18516141502186656,0.13290000000000002,0.4983993090604125,0.121768,0.31884674944993824,321.67238769176856,11.45497300196439,0,0,221,0.0,0.0,0.5738881826400757
PU-R,mnist,0,0.0,0.0,230,5000,0,234,538,772,0.17257451900513843,0.12019999999999997,0.4797165016122916,0.108004,0.3001111142793048,325.6238021983969,12.081468663178384,0,0,231,0.0,0.0,0.5722355246543884
PU-R,mnist,0,0.0,0.0,240,5000,0,244,501,745,0.16689834202406928,0.11360000000000003,0.4711227020609926,0.100608,0.2897934526287839,334.41227764077723,12.719664246076718,0,0,241,0.0,0.0,0.573553740978241
PU-R,mnist,0,0.0,0.0,250,5000,0,254,498,752,0.1683706926414743,0.11680000000000001,0.4730486546159384,0.09902399999999999,0.28755892921243065,350.3260613036417,13.367354354122654,0,0,251,0.0,0.0,0.5708103775978088
PU-R,mnist,0,0.0,0.0,260,5000,0,264,579,843,0.18746518663829193,0.12939999999999996,0.4973064756251168,0.11381199999999998,0.308087298048286,359.3572066501372,14.048008062178269,0,0,261,0.0,0.0,0.5733762383460999
PU-R,mnist,0,0.0,0.0,270,5000,0,274,613,887,0.19666903279721737,0.14090000000000003,0.5096785221308243,0.12109199999999999,0.31793969670693956,367.0810907276095,14.738101245136932,0,0,271,0.0,0.0,0.572011411190033
PU-R,mnist,0,0.0,0.0,280,5000,0,284,588,872,0.1935333427391015,0.13570000000000004,0.5056732971736334,0.11686,0.31223136906225973,374.68788205552056,15.445167273050174,0,0,281,0.0,0.0,0.5743511915206909
PU-R,mnist,0,0.0,0.0,290,5000,0,294,442,736,0.16500453447224572,0.10389999999999999,0.461755842978017,0.08796,0.27168568414307537,372.48402209646736,16.171574268024415,0,0,291,0.0,0.0,0.5748955607414246
PU-R,mnist,0,0.0,0.0,300,5000,0,304,574,878,0.1947878614300862,0.13039999999999996,0.5028109744844698,0.11218,0.30585678391643273,389.6986607162722,16.90995762310922,0,0,301,0.0,0.0,0.578370988368988
PU-R,mnist,0,0.0,0.0,310,5000,0,314,519,833,0.18537089636083692,0.11580000000000001,0.48986116810155184,0.102124,0.29192366379121765,396.93548771774294,17.666046793106943,0,0,311,0.0,0.0,0.5715387463569641
PU-R,mnist,0,0.0,0.0,320,5000,0,324,475,799,0.17824307951377705,0.1059,0.47803134878761744,0.09328000000000002,0.2793779944831373,403.4403393915636,18.445229229982942,0,0,321,0.0,0.0,0.5680511593818665
PU-R,mnist,0,0.0,0.0,330,5000,0,334,355,689,0.1550997894955799,0.09009999999999996,0.4422318582630475,0.07167599999999999,0.24735364298677429,400.77501624486456,19.235762323020026,0,0,331,0.0,0.0,0.5736421942710876
PU-R,mnist,0,0.0,0.0,340,5000,0,344,332,676,0.15235559968277812,0.08420000000000005,0.43576816623334713,0.06693999999999999,0.2400209783791371,407.6785190706837,20.04311393108219,0,0,341,0.0,0.0,0.5782090425491333
PU-R,mnist,0,0.0,0.0,350,5000,0,354,288,642,0.14516856940463185,0.07379999999999998,0.41970868667260913,0.057207999999999995,0.2245179713689473,413.67067264462156,20.86824607406743,0,0,351,0.0,0.0,0.5730940103530884
PU-R,mnist,0,0.0,0.0,360,5000,0,364,346,710,0.15952845715219155,0.08409999999999995,0.4435554646808896,0.068012,0.24169203894104457,431.534270470822,21.71416368917562,0,0,361,0.0,0.0,0.5687209367752075
PU-R,mnist,0,0.0,0.0,370,5000,0,374,345,719,0.16142488835612312,0.08620000000000005,0.44441812130850733,0.06745199999999998,0.2408199436295589,439.09163245179155,22.577198846964166,0,0,371,0.0,0.0,0.5686837434768677
PU-R,mnist,0,0.0,0.0,380,5000,0,384,257,641,0.1449569623800926,0.07189999999999996,0.41447706232432874,0.051556000000000005,0.21520539359977658,435.83829109789355,23.45162864914164,0,0,381,0.0,0.0,0.5707052946090698
PU-R,mnist,0,0.0,0.0,390,5000,0,394,314,708,0.15910690155578777,0.0887,0.43719597308893426,0.0623,0.23270709719054614,447.03203332545496,24.35268479003571,0,0,391,0.0,0.0,0.570828914642334
PU-R,mnist,0,0.0,0.0,400,5000,0,404,301,705,0.1584744811989367,0.08230000000000004,0.43533329754735933,0.06033200000000001,0.2295632186908568,454.1280015885042,25.273117158096284,0,0,401,0.0,0.0,0.5694378614425659
PU-R,mnist,0,0.0,0.0,410,5000,0,414,295,709,0.1593176851165481,0.08199999999999996,0.4360884097167312,0.05915600000000001,0.22767203250375284,466.36265591498994,26.217682832153514,0,0,411,0.0,0.0,0.5687870979309082
PU-R,mnist,0,0.0,0.0,420,5000,0,424,294,718,0.16121421952266246,0.08440000000000003,0.43524973672002754,0.05829200000000001,0.22627644563295796,469.54890154234323,27.17955531599,0,0,421,0.0,0.0,0.5685424208641052
PU-R,mnist,0,0.0,0.0,430,5000,0,434,291,725,0.16268866328755394,0.08509999999999995,0.43522450467226775,0.056828000000000004,0.2238995140203673,481.03746674846445,28.163654746022075,0,0,431,0.0,0.0,0.5694960951805115
PU-R,mnist,0,0.0,0.0,440,5000,0,444,238,682,0.15362240321701393,0.07250000000000001,0.4147105572255897,0.04644799999999999,0.2065605887341188,478.9473285445955,29.166457462124527,0,0,441,0.0,0.0,0.5666978359222412
PU-R,mnist,0,0.0,0.0,450,5000,0,454,224,678,0.15277791634434834,0.06899999999999995,0.4108063953712159,0.043992,0.20231754801723686,483.5173403580539,30.18958142399788,0,0,451,0.0,0.0,0.5649111866950989
PU-R,mnist,0,0.0,0.0,460,5000,0,464,146,610,0.13839052862022072,0.05269999999999997,0.3815026829815332,0.030048,0.17689916419317683,488.0801007758914,31.234842563979328,0,0,461,0.0,0.0,0.5686524510383606
PU-R,mnist,0,0.0,0.0,470,5000,0,474,148,622,0.14093391475034878,0.05610000000000004,0.3832163749029078,0.030143999999999997,0.17708345825435354,494.5570491026162,32.30155294807628,0,0,471,0.0,0.0,0.5720483064651489
PU-R,mnist,0,0.0,0.0,480,5000,0,484,135,619,0.14029825333273038,0.05230000000000001,0.3772625508600835,0.02702,0.17100421312565434,500.9950442844154,33.394779331982136,0,0,481,0.0,0.0,0.5677446722984314
PU-R,mnist,0,0.0,0.0,490,5000,0,494,152,646,0.14601486711762846,0.05779999999999996,0.3864800372448158,0.030219999999999993,0.17722924955538794,508.09551219938027,34.50688011897728,0,0,491,0.0,0.0,0.5657326579093933
PU-R,mnist,0,0.0,0.0,500,5000,0,504,116,620,0.14051015407312661,0.0514,0.3716845239445223,0.023604000000000003,0.16414272410815162,513.7521697731796,35.64535115612671,0,0,501,0.0,0.0,0.5623311400413513
PU-R,mnist,0,0.0,0.0,510,5000,0,514,142,656,0.1481297081336379,0.05789999999999995,0.3852299700882068,0.028456000000000002,0.17382014945091537,520.9946970765614,36.88769745500758,0,0,511,0.0,0.0,0.5652907490730286
PU-R,mnist,0,0.0,0.0,520,5000,0,524,115,639,0.1445337090990506,0.053200000000000025,0.37361537918907745,0.023195999999999994,0.1633064886036381,527.0206795650452,38.10031509003602,0,0,521,0.0,0.0,0.5637347102165222
PU-R,mnist,0,0.0,0.0,530,5000,0,534,97,631,0.14284016867168248,0.048799999999999955,0.3656869963145869,0.019675999999999992,0.1559228370548583,532.9099202590844,39.32823925698176,0,0,531,0.0,0.0,0.5631822347640991
PU-R,mnist,0,0.0,0.0,540,5000,0,544,93,637,0.14411040325649083,0.048900000000000055,0.3646152748949779,0.018775999999999984,0.15398147885238317,539.1478724265951,40.57909370213747,0,0,541,0.0,0.0,0.5611344575881958
PU-R,mnist,0,0.0,0.0,550,5000,0,554,102,656,0.1481297081336379,0.0514,0.3699824769407633,0.020276000000000006,0.1572042508301271,545.1035279450575,41.850952628068626,0,0,551,0.0,0.0,0.5640009045600891
PU-R,mnist,0,0.0,0.0,560,5000,0,564,69,633,0.14326363330474123,0.04520000000000002,0.35280509189446846,0.013755999999999996,0.14265910574884763,551.2071753447843,43.15458978503011,0,0,561,0.0,0.0,0.5623032450675964
PU-R,mnist,0,0.0,0.0,570,5000,0,574,76,650,0.1468609576113522,0.04579999999999995,0.3581571989333906,0.015135999999999991,0.1458648434465791,556.8787265985083,44.48517769598402,0,0,571,0.0,0.0,0.562211811542511
PU-R,mnist,0,0.0,0.0,580,5000,0,584,60,644,0.14559174427995458,0.04510000000000003,0.35033498463716745,0.012124000000000008,0.13875863815294015,563.1335387452649,45.8435123229865,0,0,581,0.0,0.0,0.5618948936462402
PU-R,mnist,0,0.0,0.0,590,5000,0,594,54,648,0.14643793820869178,0.04500000000000004,0.34789483404479904,0.010992000000000016,0.13597393909488273,568.6731833634022,47.22330331499688,0,0,591,0.0,0.0,0.5630140900611877
PU-R,mnist,0,0.0,0.0,600,5000,0,604,37,641,0.1449569623800926,0.04400000000000004,0.33816888760113345,0.007816,0.12772951192881496,574.011185580639,48.61325544514693,0,0,601,0.0,0.0,0.5624405741691589
PU-R,mnist,0,0.0,0.0,610,5000,0,614,41,655,0.14791828161105514,0.04420000000000002,0.34101234725661705,0.008287999999999992,0.12900174834087128,579.4477754447367,50.01658335910179,0,0,611,0.0,0.0,0.5652536153793335
PU-R,mnist,0,0.0,0.0,620,5000,0,624,53,677,0.1525667640962638,0.04369999999999996,0.34849367871917786,0.010116000000000007,0.13376854276766478,585.0681954345656,51.433151798089966,0,0,621,0.0,0.0,0.5668275356292725
PU-R,mnist,0,0.0,0.0,630,5000,0,634,60,694,0.15615470585180447,0.04630000000000001,0.3550262105531476,0.011683999999999995,0.13768449678759861,591.7354722534332,52.86745317210443,0,0,631,0.0,0.0,0.567031979560852
PU-R,mnist,0,0.0,0.0,640,5000,0,644,49,693,0.15594374638749287,0.045399999999999996,0.35071810699516803,0.009976000000000011,0.1334116664178761,597.8627368715286,54.31825913512148,0,0,641,0.0,0.0,0.5645772218704224
PU-R,mnist,0,0.0,0.0,650,5000,0,654,28,682,0.15362240321701393,0.041200000000000014,0.3362217256862742,0.005804000000000009,0.12206993404557792,600.7323895832891,55.77227571303956,0,0,651,0.0,0.0,0.5613747835159302
PU-R,mnist,0,0.0,0.0,660,5000,0,664,29,693,0.15594374638749287,0.044499999999999984,0.33933845123374423,0.006528000000000007,0.12415500832373512,602.2382346104005,57.240068880142644,0,0,661,0.0,0.0,0.5626605153083801
PU-R,mnist,0,0.0,0.0,670,5000,0,674,25,699,0.15720932552358136,0.04500000000000004,0.3343084965809041,0.005104,0.11999274124348441,605.0201157142563,58.726188586093485,0,0,671,0.0,0.0,0.5607892870903015
PU-R,mnist,0,0.0,0.0,680,5000,0,684,4,688,0.15488877042662352,0.04039999999999999,0.31576257432685056,0.0009000000000000097,0.10528666805383641,613.315525179492,60.22293519601226,0,0,681,0.0,0.0,0.5557829737663269
PU-R,mnist,0,0.0,0.0,683,5000,0,687,0,687,0.15467773930868134,0.040100000000000025,0.3140406960606378,0.0005639999999999867,0.10374744241906726,615.4690074888646,60.83053538412787,1,0,684,0.0,0.0,0.5553250312805176
PU-C,mnist,0,0.0,0.0,0,5000,0,4,2309,2313,0.48840623430442065,0.4478,0.7227224219152177,0.47346799999999994,0.6952005709934179,0.9638920677466788,0.2300373378675431,0,0,1,0.0,0.0,0.6636958718299866
PU-C,mnist,0,0.0,0.0,10,5000,0,14,2254,2268,0.47934987192275,0.4416,0.7186784681616953,0.43693600000000005,0.6621448440978529,29.78760685741028,0.6530790589749813,0,0,11,0.0,0.0,0.6480522751808167
PU-C,mnist,0,0.0,0.0,20,5000,0,24,2065,2089,0.4432405916741118,0.4043,0.7180917035154546,0.408356,0.6354912437729429,71.75076202513118,1.0957830960396677,0,0,21,0.0,0.0,0.5930872559547424
PU-C,mnist,0,0.0,0.0,30,5000,0,34,1897,1931,0.411252542049624,0.3741,0.6999888100398496,0.37223600000000007,0.6007774656547065,102.87026937300053,1.5269865680020303,0,0,31,0.0,0.0,0.5519478917121887
PU-C,mnist,0,0.0,0.0,40,5000,0,44,1514,1558,0.3352829616633244,0.3055,0.6429459468021508,0.30225599999999997,0.5300238511469593,125.59032676387585,1.9495621849782765,0,0,41,0.0,0.0,0.5868614315986633
PU-C,mnist,0,0.0,0.0,50,5000,0,54,1325,1379,0.29857838375028223,0.25639999999999996,0.6131377520115772,0.266032,0.49139182625022293,143.652831409083,2.3690529759041965,0,0,51,0.0,0.0,0.5732241272926331
PU-C,mnist,0,0.0,0.0,60,5000,0,64,1204,1268,0.27572721312753856,0.23170000000000002,0.5916669920297132,0.24062799999999995,0.46337284610717927,158.51424866472277,2.784087365027517,0,0,61,0.0,0.0,0.5761787295341492
PU-C,mnist,0,0.0,0.0,70,5000,0,74,1253,1327,0.28788235603133217,0.23860000000000003,0.6080242520984805,0.25186000000000003,0.4758608034288451,170.01608819960808,3.200249081943184,0,0,71,0.0,0.0,0.5873019695281982
PU-C,mnist,0,0.0,0.0,80,5000,0,84,1265,1349,0.2924095045309514,0.24509999999999998,0.6118640426859719,0.252132,0.47616122248902093,180.00852153592268,3.617469938006252,0,0,81,0.0,0.0,0.571344792842865
PU-C,mnist,0,0.0,0.0,90,5000,0,94,1251,1345,0.29158659611130133,0.25880000000000003,0.6152239375322058,0.249804,0.4735869720025107,197.07792600192346,4.0376238010358065,0,0,91,0.0,0.0,0.5709887146949768
PU-C,mnist,0,0.0,0.0,100,5000,0,104,945,1049,0.230414115882013,0.1906,0.5476064637590847,0.18811200000000003,0.4026387409519489,202.84558018005706,4.4491003199946135,0,0,101,0.0,0.0,0.5691697597503662
PU-C,mnist,0,0.0,0.0,110,5000,0,114,982,1096,0.2401664232602343,0.2015,0.5607499963638998,0.196108,0.4121582723449572,213.69776238937314,4.866581631824374,0,0,111,0.0,0.0,0.5653208494186401
PU-C,mnist,0,0.0,0.0,120,5000,0,124,817,941,0.20794120989739895,0.17079999999999995,0.525232232159436,0.16428399999999996,0.3736040424558475,223.41586003966475,5.279299936955795,0,0,121,0.0,0.0,0.5734207034111023
PU-C,mnist,0,0.0,0.0,130,5000,0,134,807,941,0.20794120989739895,0.1664,0.526814056968647,0.16270799999999996,0.371645920284427,234.40272285076924,5.680445058969781,0,0,131,0.0,0.0,0.57905113697052
PU-C,mnist,0,0.0,0.0,140,5000,0,144,658,802,0.17887246276950464,0.13470000000000004,0.4904378019282619,0.13202400000000003,0.33245483935093645,246.7828405912793,6.0842931310180575,0,0,141,0.0,0.0,0.5770012736320496
PU-C,mnist,0,0.0,0.0,150,5000,0,154,654,808,0.18013096001232043,0.13639999999999997,0.49232516766857864,0.131296,0.33149808219433974,255.9819216257498,6.485043096821755,0,0,151,0.0,0.0,0.5800958871841431
PU-C,mnist,0,0.0,0.0,160,5000,0,164,604,768,0.17173409211682156,0.126,0.4808427292462797,0.120972,0.317778546028772,265.3347748848063,6.885992800816894,0,0,161,0.0,0.0,0.5787323713302612
PU-C,mnist,0,0.0,0.0,170,5000,0,174,556,730,0.16374149936018512,0.11319999999999997,0.4699189117275232,0.11141600000000002,0.30480975193936877,274.5007924887548,7.285224343882874,0,0,171,0.0,0.0,0.5772848725318909
PU-C,mnist,0,0.0,0.0,180,5000,0,184,536,720,0.1616355458390899,0.11150000000000004,0.46591694466337097,0.10658000000000001,0.29813896797606343,284.8648466463365,7.686234107008204,0,0,181,0.0,0.0,0.5804352164268494
PU-C,mnist,0,0.0,0.0,190,5000,0,194,520,714,0.16037143004359677,0.11399999999999999,0.46518717861355763,0.1045,0.29524616947558047,292.87623608284275,8.08592575485818,0,0,191,0.0,0.0,0.5814483761787415
PU-C,mnist,0,0.0,0.0,200,5000,0,204,512,716,0.16079284762963653,0.11160000000000003,0.4647685629536444,0.10240400000000001,0.2923162215356375,302.2294184688048,8.487313283840194,0,0,201,0.0,0.0,0.5788593292236328
PU-C,mnist,0,0.0,0.0,210,5000,0,214,499,713,0.16016070410842076,0.11129999999999995,0.46439593479184704,0.09966,0.28845721103728533,315.42690790836656,8.884659627918154,0,0,211,0.0,0.0,0.5805844068527222
PU-C,mnist,0,0.0,0.0,220,5000,0,224,433,657,0.14834112190874293,0.10099999999999998,0.4482495248870867,0.08855200000000002,0.27254741605948685,319.2150504848472,9.281263989862055,0,0,221,0.0,0.0,0.5773930549621582
PU-C,mnist,0,0.0,0.0,230,5000,0,234,417,651,0.14707244804594666,0.09250000000000003,0.4424539792412802,0.08342400000000001,0.2650329197319636,327.85825106324296,9.675437547964975,0,0,231,0.0,0.0,0.5811278820037842
PU-C,mnist,0,0.0,0.0,240,5000,0,244,433,677,0.1525667640962638,0.09650000000000003,0.451332485945824,0.08663599999999999,0.269753060513363,341.34183985237706,10.06471162987873,0,0,241,0.0,0.0,0.5783998370170593
PU-C,mnist,0,0.0,0.0,250,5000,0,254,436,690,0.1553107966319658,0.10199999999999998,0.4542611813526633,0.086972,0.2702442231527264,350.167800443219,10.458219824824482,0,0,251,0.0,0.0,0.5839365720748901
PU-C,mnist,0,0.0,0.0,260,5000,0,264,333,597,0.13563293148763478,0.07769999999999999,0.42023569736296273,0.06595999999999999,0.23848733418661844,354.44703981997606,10.849456805968657,0,0,261,0.0,0.0,0.5799805521965027
PU-C,mnist,0,0.0,0.0,270,5000,0,274,323,597,0.13563293148763478,0.07650000000000001,0.4202931760602224,0.06444799999999999,0.23610964668833273,364.7188598689839,11.233784202020615,0,0,271,0.0,0.0,0.5826187133789062
PU-C,mnist,0,0.0,0.0,280,5000,0,284,307,591,0.13435938372276723,0.07340000000000002,0.41530120041607826,0.06155600000000001,0.23152159154929017,365.45552623659114,11.623541188891977,0,0,281,0.0,0.0,0.5766509771347046
PU-C,mnist,0,0.0,0.0,290,5000,0,294,315,609,0.13817849004408345,0.07520000000000004,0.41944467763134935,0.062468,0.23297428907674664,374.96570782991347,12.00883871386759,0,0,291,0.0,0.0,0.5813024640083313
PU-C,mnist,0,0.0,0.0,300,5000,0,304,340,644,0.14559174427995458,0.07530000000000003,0.4307271353352448,0.06802399999999999,0.24171070656398358,380.5013612523691,12.397046567872167,0,0,301,0.0,0.0,0.575921893119812
PU-C,mnist,0,0.0,0.0,310,5000,0,314,305,619,0.14029825333273038,0.0706,0.4224582589774292,0.06233600000000001,0.2327643681100217,387.50896575090206,12.785414159996435,0,0,311,0.0,0.0,0.577712893486023
PU-C,mnist,0,0.0,0.0,320,5000,0,324,301,625,0.14156945393187925,0.07240000000000002,0.41791702428651195,0.058808000000000006,0.22711055396187171,394.8432673721362,13.177324363030493,0,0,321,0.0,0.0,0.5803923606872559
PU-C,mnist,0,0.0,0.0,330,5000,0,334,274,608,0.13796643749810755,0.0695,0.4112383300567254,0.054144000000000005,0.21950046996275335,402.82705029850314,13.568018778925762,0,0,331,0.0,0.0,0.5814675688743591
PU-C,mnist,0,0.0,0.0,340,5000,0,344,237,581,0.13223564298823476,0.06540000000000001,0.40021684605241103,0.04783600000000001,0.20893285742440176,407.56571844302266,13.959787173895165,0,0,341,0.0,0.0,0.5761294960975647
PU-C,mnist,0,0.0,0.0,350,5000,0,354,243,597,0.13563293148763478,0.06540000000000001,0.403600188926763,0.04862800000000001,0.21027852520569654,414.84323997747447,14.346320595825091,0,0,351,0.0,0.0,0.5787551999092102
PU-C,mnist,0,0.0,0.0,360,5000,0,364,246,610,0.13839052862022072,0.0676,0.40669349142976613,0.049284,0.2113888481110405,422.1179960561542,14.733656018972397,0,0,361,0.0,0.0,0.5810286998748779
PU-C,mnist,0,0.0,0.0,370,5000,0,374,253,627,0.14199307921808213,0.06830000000000003,0.41107578211249873,0.05063199999999998,0.21365857268893168,429.2380756146108,15.126814987976104,0,0,371,0.0,0.0,0.5776779651641846
PU-C,mnist,0,0.0,0.0,380,5000,0,384,233,617,0.13987441081553698,0.07030000000000003,0.4047714308724658,0.046476,0.20660862331908367,436.9672244866943,15.51858838298358,0,0,381,0.0,0.0,0.572452187538147
PU-C,mnist,0,0.0,0.0,390,5000,0,394,210,604,0.1371180874411948,0.06569999999999998,0.39896087625153903,0.04299199999999999,0.20057252076539517,442.1664398638345,15.909870412899181,0,0,391,0.0,0.0,0.5723322629928589
PU-C,mnist,0,0.0,0.0,400,5000,0,404,184,588,0.1337224148446694,0.0625,0.3856710142440313,0.03604000000000001,0.18813143143454586,448.2276029857233,16.29786043893546,0,0,401,0.0,0.0,0.5718843936920166
PU-C,mnist,0,0.0,0.0,410,5000,0,414,171,585,0.13308531494112685,0.061899999999999955,0.3838549329637603,0.03453600000000001,0.1853609620855586,454.51077576579974,16.6811168869026,0,0,411,0.0,0.0,0.570064127445221
PU-C,mnist,0,0.0,0.0,420,5000,0,424,156,580,0.13202318811090663,0.05740000000000001,0.37755828469895636,0.031063999999999998,0.17884196551304482,461.095390366484,17.069589607883245,0,0,421,0.0,0.0,0.5702879428863525
PU-C,mnist,0,0.0,0.0,430,5000,0,434,150,584,0.13287291902815923,0.05610000000000004,0.378034415567392,0.03059200000000001,0.17794149106676155,467.7449854977903,17.457274356856942,0,0,431,0.0,0.0,0.5708327293395996
PU-C,mnist,0,0.0,0.0,440,5000,0,444,141,585,0.13308531494112685,0.056499999999999995,0.3745900136090071,0.028428000000000005,0.1737656013266514,474.73945198441135,17.840801861835644,0,0,441,0.0,0.0,0.5685103535652161
PU-C,mnist,0,0.0,0.0,450,5000,0,454,176,630,0.14262841636082157,0.06479999999999997,0.3904031682832948,0.034632,0.18553872284035808,481.4349657142971,18.228568400023505,0,0,451,0.0,0.0,0.5731886625289917
PU-C,mnist,0,0.0,0.0,460,5000,0,464,180,644,0.14559174427995458,0.06459999999999999,0.39318771253243223,0.035184,0.18655838123647656,488.1737472849478,18.611398902954534,0,0,461,0.0,0.0,0.5754002928733826
PU-C,mnist,0,0.0,0.0,470,5000,0,474,107,581,0.13223564298823476,0.056400000000000006,0.3623693447148037,0.021795999999999996,0.160407352296822,493.1796326449307,18.99226104700938,0,0,471,0.0,0.0,0.5702449083328247
PU-C,mnist,0,0.0,0.0,480,5000,0,484,102,586,0.13329769618576393,0.053200000000000025,0.3601149003564633,0.020347999999999998,0.1573573535295349,500.01729757970145,19.37747924402356,0,0,481,0.0,0.0,0.5713269114494324
PU-C,mnist,0,0.0,0.0,490,5000,0,494,97,591,0.13435938372276723,0.05359999999999998,0.358174031169349,0.019119999999999988,0.15472630235876736,506.0417483236246,19.757041461998597,0,0,491,0.0,0.0,0.5698367357254028
PU-C,mnist,0,0.0,0.0,500,5000,0,504,125,629,0.14241665072040632,0.0595,0.3778969934866553,0.026180000000000002,0.16933900010460884,512.8249395461046,20.14184238296002,0,0,501,0.0,0.0,0.5731796026229858
PU-C,mnist,0,0.0,0.0,510,5000,0,514,78,592,0.13457167765591294,0.05249999999999999,0.35261349813548504,0.01611199999999998,0.148086495786184,518.7424842825046,20.528676762012765,0,0,511,0.0,0.0,0.569614827632904
PU-C,mnist,0,0.0,0.0,520,5000,0,524,73,597,0.13563293148763478,0.049799999999999955,0.3496921490898185,0.014691999999999985,0.14484199551673188,524.2541127055401,20.91256882296875,0,0,521,0.0,0.0,0.5712319016456604
PU-C,mnist,0,0.0,0.0,530,5000,0,534,77,611,0.13860255328472704,0.05120000000000002,0.3547021872785194,0.015964,0.14775189414426046,530.0628175363829,21.30018653301522,0,0,531,0.0,0.0,0.573814868927002
PU-C,mnist,0,0.0,0.0,540,5000,0,544,78,622,0.14093391475034878,0.049699999999999966,0.3546779571573434,0.015419999999999984,0.14651503026581175,537.1192188265895,21.683622168842703,0,0,541,0.0,0.0,0.5741664171218872
PU-C,mnist,0,0.0,0.0,550,5000,0,554,60,614,0.1392385441577062,0.04700000000000004,0.3453879946186992,0.011907999999999997,0.13823260233414997,543.4599591201464,22.071014581946656,0,0,551,0.0,0.0,0.5716049075126648
PU-C,mnist,0,0.0,0.0,560,5000,0,564,58,622,0.14093391475034878,0.048900000000000055,0.34693241285848536,0.011964000000000008,0.13836921494009932,549.736505233045,22.453813524916768,0,0,561,0.0,0.0,0.5704426765441895
PU-C,mnist,0,0.0,0.0,570,5000,0,574,67,641,0.1449569623800926,0.05159999999999998,0.35300198664693977,0.013443999999999987,0.14192305459118199,556.4949650504437,22.836767575936392,0,0,571,0.0,0.0,0.5719851851463318
PU-C,mnist,0,0.0,0.0,580,5000,0,584,53,637,0.14411040325649083,0.05069999999999997,0.34681303465306684,0.011092000000000013,0.13622279252939257,562.117910064244,23.22051507886499,0,0,581,0.0,0.0,0.5727010369300842
PU-C,mnist,0,0.0,0.0,590,5000,0,594,46,640,0.14474534225882962,0.048799999999999955,0.3440048262701751,0.009860000000000006,0.1331150056313187,568.0042914452415,23.60958268190734,0,0,591,0.0,0.0,0.5729350447654724
PU-C,mnist,0,0.0,0.0,600,5000,0,604,45,649,0.14664945437107235,0.04910000000000003,0.34434912196950956,0.009536000000000011,0.13228166743730982,574.7529214563268,23.99962262599729,0,0,601,0.0,0.0,0.5733569860458374
PU-C,mnist,0,0.0,0.0,610,5000,0,614,40,654,0.1477068423992023,0.049000000000000044,0.34233133212138,0.008652000000000014,0.12997049400714497,579.6159733980456,24.38891162793152,0,0,611,0.0,0.0,0.5715577006340027
PU-C,mnist,0,0.0,0.0,620,5000,0,624,43,667,0.15045456582447514,0.048900000000000055,0.3437758170066398,0.008884000000000008,0.13058258411607046,582.6130087169827,24.77686526393518,0,0,621,0.0,0.0,0.570823073387146
PU-C,mnist,0,0.0,0.0,630,5000,0,634,48,682,0.15362240321701393,0.05179999999999996,0.34642151546295347,0.009224000000000005,0.13147239636929772,589.5760862429366,25.16268738382496,0,0,631,0.0,0.0,0.5718998908996582
PU-C,mnist,0,0.0,0.0,640,5000,0,644,20,664,0.14982066449010745,0.04730000000000001,0.32786851436973785,0.0040600000000000054,0.11676105142512545,595.1741181428666,25.552216982934624,0,0,641,0.0,0.0,0.567590057849884
PU-C,mnist,0,0.0,0.0,650,5000,0,654,7,661,0.14918665040750057,0.04390000000000005,0.3183068171094107,0.0017440000000000034,0.10873825341508175,602.2835429468993,25.940381658030674,0,0,651,0.0,0.0,0.5668525695800781
PU-C,mnist,0,0.0,0.0,660,5000,0,664,2,666,0.15024327783612534,0.04200000000000004,0.31189966907544026,0.0004479999999999729,0.103179816312115,608.935246440594,26.326992858899757,0,0,661,0.0,0.0,0.5651651620864868
PU-C,mnist,0,0.0,0.0,662,5000,0,666,0,666,0.15024327783612534,0.04179999999999995,0.3097848812674144,0.00013999999999998681,0.10151332758721793,610.1029494932369,26.57606907794252,1,0,663,0.0,0.0,0.5647802352905273
Marginal,mnist,0,0.0,0.0,0,5000,0,4,2297,2301,0.4859920389717445,0.4397,0.7093589149588577,0.458188,0.6815114173957741,0.9324408751504186,0.23033695411868393,0,0,1,0.0,0.0,0.6283672451972961
Marginal,mnist,0,0.0,0.0,10,5000,0,14,1680,1694,0.3630593225825578,0.3134,0.6315964840957252,0.33299599999999996,0.5616991209059528,43.02614910101514,0.623173946980387,0,0,11,0.0,0.0,0.5588964819908142
Marginal,mnist,0,0.0,0.0,20,5000,0,24,1447,1471,0.3174648355343379,0.26859999999999995,0.6049705962008644,0.28906,0.5161210289876146,72.63002625672489,1.008560192072764,0,0,21,0.0,0.0,0.5703408122062683
Marginal,mnist,0,0.0,0.0,30,5000,0,34,1383,1417,0.30638497829204425,0.26,0.6033692141142023,0.277812,0.5041182533598558,92.42956768448195,1.3916024721693248,0,0,31,0.0,0.0,0.5863214135169983
Marginal,mnist,0,0.0,0.0,40,5000,0,44,1343,1387,0.30022255168296397,0.2529,0.6003587487795099,0.26745599999999997,0.49293891188410893,109.3661938802589,1.7733878360595554,0,0,41,0.0,0.0,0.5801540017127991
Marginal,mnist,0,0.0,0.0,50,5000,0,54,1406,1460,0.31520911352708936,0.2649,0.62189668361224,0.28177199999999997,0.5083602970691935,124.7809851297855,2.1540864720009267,0,0,51,0.0,0.0,0.5911154747009277
Marginal,mnist,0,0.0,0.0,60,5000,0,64,1309,1373,0.29734501958591864,0.2481,0.6052601566914891,0.26080400000000004,0.48569106966065057,137.6512599038889,2.535899186041206,0,0,61,0.0,0.0,0.5897117853164673
Marginal,mnist,0,0.0,0.0,70,5000,0,74,1222,1296,0.2814983581774868,0.23860000000000003,0.5932536660612123,0.245116,0.46838217495626233,149.8783118559862,2.9164571941364557,0,0,71,0.0,0.0,0.5982640385627747
Marginal,mnist,0,0.0,0.0,80,5000,0,84,1160,1244,0.27077669941354543,0.2279,0.5848977201827811,0.23318000000000003,0.45500100196562265,162.2615013359953,3.2963695481885225,0,0,81,0.0,0.0,0.6095622777938843
Marginal,mnist,0,0.0,0.0,90,5000,0,94,1184,1278,0.27778888237662613,0.22960000000000003,0.5943921581674508,0.238036,0.4604677256287334,173.60224556449893,3.6757476089987904,0,0,91,0.0,0.0,0.599770188331604
Marginal,mnist,0,0.0,0.0,100,5000,0,104,1129,1233,0.26850651745917276,0.2158,0.5854327634754753,0.22642400000000001,0.4473419672900344,184.41592254810445,4.05447456613183,0,0,101,0.0,0.0,0.6085799336433411
Marginal,mnist,0,0.0,0.0,110,5000,0,114,1094,1208,0.2633441725047305,0.21030000000000004,0.5813275011938341,0.219792,0.4397614806717801,193.96227797530793,4.43220463511534,0,0,111,0.0,0.0,0.6144360899925232
Marginal,mnist,0,0.0,0.0,120,5000,0,124,1089,1213,0.26437695970525965,0.20599999999999996,0.5821435987076211,0.21771200000000002,0.4373710466153654,203.25827687756743,4.809781915042549,0,0,121,0.0,0.0,0.5929310321807861
Marginal,mnist,0,0.0,0.0,130,5000,0,134,1050,1184,0.2583845501067117,0.19830000000000003,0.577315655076982,0.21084399999999998,0.4294329739690038,212.16403257404207,5.187006269115955,0,0,131,0.0,0.0,0.5885618925094604
Marginal,mnist,0,0.0,0.0,140,5000,0,144,1024,1168,0.25507604621816427,0.19430000000000003,0.5732568151659455,0.20489600000000002,0.4225009900852855,220.61934447493684,5.563800708157942,0,0,141,0.0,0.0,0.587138295173645
Marginal,mnist,0,0.0,0.0,150,5000,0,154,1020,1174,0.256316932849586,0.19199999999999995,0.5746446098270648,0.203656,0.42104900171685616,229.39141592340349,5.937397292116657,0,0,151,0.0,0.0,0.58812016248703
Marginal,mnist,0,0.0,0.0,160,5000,0,164,1000,1164,0.25424865586683154,0.18789999999999996,0.5720017516500087,0.19916799999999998,0.41577356840500207,237.50173315998632,6.309586290968582,0,0,161,0.0,0.0,0.5843420028686523
Marginal,mnist,0,0.0,0.0,170,5000,0,174,980,1154,0.25217971351230517,0.18620000000000003,0.5715028940159771,0.19674,0.4129061993612654,245.00291401094674,6.682770119979978,0,0,171,0.0,0.0,0.582038402557373
Marginal,mnist,0,0.0,0.0,180,5000,0,184,935,1119,0.24493309116223827,0.18200000000000005,0.5624314467909204,0.187012,0.40132075446462634,252.85802173394106,7.055994546972215,0,0,181,0.0,0.0,0.5837440490722656
Marginal,mnist,0,0.0,0.0,190,5000,0,194,920,1114,0.2438971732626669,0.1763,0.5611785563901784,0.18392399999999998,0.3976096959765224,260.9027619553559,7.428737470181659,0,0,191,0.0,0.0,0.5847587585449219
Marginal,mnist,0,0.0,0.0,200,5000,0,204,867,1071,0.23498101596487686,0.16720000000000002,0.5506728616591671,0.17335599999999998,0.38478165752822274,268.63037243670675,7.801744331140071,0,0,201,0.0,0.0,0.5801545977592468
Marginal,mnist,0,0.0,0.0,210,5000,0,214,831,1045,0.2295833877287805,0.15769999999999995,0.5445202978685173,0.16663999999999998,0.3765221322298286,275.8894749770595,8.16959948814474,0,0,211,0.0,0.0,0.5788902044296265
Marginal,mnist,0,0.0,0.0,220,5000,0,224,797,1021,0.22459650423843414,0.15200000000000002,0.5371007039638576,0.158976,0.3669891181145021,283.4432322512554,8.5414251210168,0,0,221,0.0,0.0,0.5776148438453674
Marginal,mnist,0,0.0,0.0,230,5000,0,234,778,1012,0.22272529738256708,0.14680000000000004,0.533875859757001,0.154872,0.3618350405729628,290.3531272861849,8.912838969146833,0,0,231,0.0,0.0,0.576642632484436
Marginal,mnist,0,0.0,0.0,240,5000,0,244,734,978,0.21565062046283856,0.13770000000000004,0.5250199206082062,0.14650799999999997,0.3512192426273669,297.2207920684187,9.283947500167415,0,0,241,0.0,0.0,0.5768079161643982
Marginal,mnist,0,0.0,0.0,250,5000,0,254,703,957,0.21127637947211042,0.1301,0.5201991409283294,0.14126399999999997,0.34448337549213337,304.5524841478503,9.655508286086842,0,0,251,0.0,0.0,0.5750841498374939
Marginal,mnist,0,0.0,0.0,260,5000,0,264,702,966,0.21315149049041793,0.13180000000000003,0.5210701166764433,0.14048399999999997,0.34347599496106385,311.30282532152705,10.02682867506519,0,0,261,0.0,0.0,0.5776935815811157
Marginal,mnist,0,0.0,0.0,270,5000,0,274,652,926,0.2048125533037819,0.12280000000000002,0.5092874080905404,0.13047200000000003,0.3304135117540906,317.44300236093073,10.39780551707372,0,0,271,0.0,0.0,0.5735506415367126
Marginal,mnist,0,0.0,0.0,280,5000,0,284,616,900,0.19938501057913527,0.12019999999999997,0.5010346974738235,0.12322,0.32079068708638786,323.8309151831196,10.768210866022855,0,0,281,0.0,0.0,0.5730180740356445
Marginal,mnist,0,0.0,0.0,290,5000,0,294,591,885,0.19625105726299807,0.11619999999999997,0.49571921129786073,0.11818799999999997,0.31402825114877125,330.2629818966292,11.13875621301122,0,0,291,0.0,0.0,0.5716501474380493
Marginal,mnist,0,0.0,0.0,300,5000,0,304,571,875,0.194160642742645,0.11250000000000004,0.49154266647602707,0.11405199999999999,0.3084146231598567,336.60653408814505,11.509038073010743,0,0,301,0.0,0.0,0.571861982345581
Marginal,mnist,0,0.0,0.0,310,5000,0,314,541,855,0.18997709173709154,0.10599999999999998,0.4856701987583515,0.10874,0.3011278217444506,343.39005600207867,11.87888602912426,0,0,311,0.0,0.0,0.5720975399017334
Marginal,mnist,0,0.0,0.0,320,5000,0,324,539,863,0.19165095180505887,0.10240000000000005,0.4863601661978442,0.10809600000000001,0.30023829920308537,349.4546568101198,12.247451308183372,0,0,321,0.0,0.0,0.5708127617835999
Marginal,mnist,0,0.0,0.0,330,5000,0,334,517,851,0.18913993949536234,0.09989999999999999,0.4810900196604112,0.1035,0.2938501817295277,355.1913526662781,12.616701359162107,0,0,331,0.0,0.0,0.567126989364624
Marginal,mnist,0,0.0,0.0,340,5000,0,344,490,834,0.18558036821195856,0.09740000000000004,0.4749243643867139,0.098364,0.2866251936159811,361.11645126009665,12.981632958166301,0,0,341,0.0,0.0,0.5686905384063721
Marginal,mnist,0,0.0,0.0,350,5000,0,354,431,785,0.17530475748935714,0.0948,0.4587939902917949,0.086992,0.2702734437616718,367.06324853935536,13.34492105501704,0,0,351,0.0,0.0,0.5704085230827332
Marginal,mnist,0,0.0,0.0,360,5000,0,364,435,799,0.17824307951377705,0.09140000000000004,0.46099379609049496,0.08738400000000002,0.27084582274317576,373.0688943096554,13.70323614613153,0,0,361,0.0,0.0,0.5682440400123596
Marginal,mnist,0,0.0,0.0,370,5000,0,374,431,805,0.17950175615260378,0.08979999999999999,0.46038466010617396,0.08608400000000001,0.2689450950882974,378.69016879875807,14.066398713970557,0,0,371,0.0,0.0,0.5673651695251465
Marginal,mnist,0,0.0,0.0,380,5000,0,384,404,788,0.17593456548638642,0.08860000000000001,0.45406713409643434,0.08126000000000001,0.2618267392087398,384.40646417516456,14.43034474318847,0,0,381,0.0,0.0,0.5685743093490601
Marginal,mnist,0,0.0,0.0,390,5000,0,394,397,791,0.1765642817481421,0.08699999999999997,0.45249563880827987,0.07942400000000001,0.2590894247495469,390.01071874450565,14.787790214177221,0,0,391,0.0,0.0,0.567478358745575
Marginal,mnist,0,0.0,0.0,400,5000,0,404,384,788,0.17593456548638642,0.08579999999999999,0.4509951736186772,0.07771600000000001,0.2565284261482367,395.19667236640794,15.143609673017636,0,0,401,0.0,0.0,0.5675395727157593
Marginal,mnist,0,0.0,0.0,410,5000,0,414,377,791,0.1765642817481421,0.0826,0.44883293733001495,0.075648,0.25340833187634043,400.2731226014868,15.499286214122549,0,0,411,0.0,0.0,0.5711379051208496
Marginal,mnist,0,0.0,0.0,420,5000,0,424,367,791,0.1765642817481421,0.0826,0.44662388286766647,0.073596,0.2502907910829274,405.22374739539214,15.854901934973896,0,0,421,0.0,0.0,0.5688507556915283
Marginal,mnist,0,0.0,0.0,430,5000,0,434,351,785,0.17530475748935714,0.07999999999999996,0.44181455075223414,0.07002799999999999,0.24481653688756894,410.36503927221315,16.211236597038805,0,0,431,0.0,0.0,0.5696566700935364
Marginal,mnist,0,0.0,0.0,440,5000,0,444,334,778,0.17383484629681334,0.0796,0.4375968927743869,0.066916,0.23998348862806926,415.1575844261504,16.57257184619084,0,0,441,0.0,0.0,0.5680018067359924
Marginal,mnist,0,0.0,0.0,450,5000,0,454,325,779,0.17404486454324797,0.07899999999999996,0.43600716095865905,0.06523999999999998,0.2373568607176416,420.6522588085147,16.93387110508047,0,0,451,0.0,0.0,0.5697153210639954
Marginal,mnist,0,0.0,0.0,460,5000,0,464,315,779,0.17404486454324797,0.07889999999999997,0.4342927903380195,0.063552,0.23469391816633717,425.87401980701,17.29116591718048,0,0,461,0.0,0.0,0.5688105821609497
Marginal,mnist,0,0.0,0.0,470,5000,0,474,318,792,0.17677416681544855,0.07669999999999999,0.4354555227236442,0.063428,0.234497590367143,431.5154492747834,17.653214218094945,0,0,471,0.0,0.0,0.5679802298545837
Marginal,mnist,0,0.0,0.0,480,5000,0,484,311,795,0.17740376136498526,0.07709999999999995,0.43399247595570006,0.06194000000000001,0.23213392085170423,436.47645377950147,18.01529702800326,0,0,481,0.0,0.0,0.5688416361808777
Marginal,mnist,0,0.0,0.0,490,5000,0,494,311,805,0.17950175615260378,0.0756,0.4357096462266496,0.062200000000000026,0.23254796681767273,441.61982494807745,18.37232094304636,0,0,491,0.0,0.0,0.5703995227813721
Marginal,mnist,0,0.0,0.0,500,5000,0,504,304,808,0.18013096001232043,0.07450000000000001,0.4338095185271419,0.06048400000000001,0.22980696505982418,446.6212114007549,18.72983460314572,0,0,501,0.0,0.0,0.567628800868988
Marginal,mnist,0,0.0,0.0,510,5000,0,514,291,805,0.17950175615260378,0.07420000000000004,0.42977100174479943,0.05763200000000001,0.22520679692892304,451.61080673352154,19.087737429188564,0,0,511,0.0,0.0,0.5656227469444275
Marginal,mnist,0,0.0,0.0,520,5000,0,524,271,795,0.17740376136498526,0.07150000000000001,0.4251461299192515,0.05455200000000002,0.2201727243556962,456.3722237108831,19.4461547001265,0,0,521,0.0,0.0,0.5663595795631409
Marginal,mnist,0,0.0,0.0,530,5000,0,534,265,799,0.17824307951377705,0.07020000000000004,0.4224926751355637,0.052587999999999996,0.2169246088512112,460.9250242725297,19.80373438913375,0,0,531,0.0,0.0,0.5646198987960815
Marginal,mnist,0,0.0,0.0,540,5000,0,544,259,803,0.1790822371840477,0.0686,0.42254553422271773,0.052004,0.21595279639461679,465.8814713027632,20.166401023045182,0,0,541,0.0,0.0,0.5646668672561646
Marginal,mnist,0,0.0,0.0,550,5000,0,554,255,809,0.18034067482221872,0.0675,0.4215523588428433,0.05089600000000001,0.21410125708005764,470.74420960660143,20.524160410044715,0,0,551,0.0,0.0,0.5659844875335693
Marginal,mnist,0,0.0,0.0,560,5000,0,564,244,808,0.18013096001232043,0.0665,0.41864226567870405,0.048831999999999987,0.2106242194866778,475.5198931629171,20.882456921972334,0,0,561,0.0,0.0,0.5649591088294983
Marginal,mnist,0,0.0,0.0,570,5000,0,574,243,817,0.18201803852571175,0.06620000000000004,0.4192114014620537,0.04855199999999999,0.2101496416939012,480.3197458730245,21.245169515023008,0,0,571,0.0,0.0,0.5649560689926147
Marginal,mnist,0,0.0,0.0,580,5000,0,584,232,816,0.181808402412571,0.06540000000000001,0.41744538544231,0.047119999999999995,0.20771137102586462,484.9336772407548,21.607173996046185,0,0,581,0.0,0.0,0.5637900233268738
Marginal,mnist,0,0.0,0.0,590,5000,0,594,225,819,0.18243728147353977,0.06420000000000003,0.41494334688154727,0.045348,0.20466754782575167,489.4869254968359,21.969796060118824,0,0,591,0.0,0.0,0.5630034804344177
Marginal,mnist,0,0.0,0.0,600,5000,0,604,213,817,0.18201803852571175,0.06240000000000001,0.4109836962572563,0.042896000000000004,0.20040444982109812,494.01805661036923,22.3281779109966,0,0,601,0.0,0.0,0.5644710063934326
Marginal,mnist,0,0.0,0.0,610,5000,0,614,205,819,0.18243728147353977,0.06330000000000002,0.40799614665654044,0.04094800000000001,0.19697261698331875,498.64299248714684,22.686560641042888,0,0,611,0.0,0.0,0.5632025599479675
Marginal,mnist,0,0.0,0.0,620,5000,0,624,201,825,0.1836947767296806,0.0615,0.4073149226382186,0.04012399999999999,0.19550832041143482,503.24807121445633,23.050473642069846,0,0,621,0.0,0.0,0.5644584894180298
Marginal,mnist,0,0.0,0.0,630,5000,0,634,196,830,0.18474242353113368,0.060799999999999965,0.40598625400712546,0.03901199999999999,0.1935198254987903,507.7784480578299,23.414100385038182,0,0,631,0.0,0.0,0.5636407732963562
Marginal,mnist,0,0.0,0.0,640,5000,0,644,194,838,0.1864181601558812,0.06040000000000001,0.4061891180915029,0.03862399999999997,0.19282255971594484,512.332358213951,23.777735028183088,0,0,641,0.0,0.0,0.5620573163032532
Marginal,mnist,0,0.0,0.0,650,5000,0,654,184,838,0.1864181601558812,0.059599999999999986,0.4033841669361994,0.03685600000000004,0.18962197994383953,516.8084329832541,24.137553583132103,0,0,651,0.0,0.0,0.5622909665107727
Marginal,mnist,0,0.0,0.0,660,5000,0,664,178,842,0.1872558002360165,0.05820000000000003,0.4016849664865817,0.03566399999999999,0.1874416721494358,520.855005450744,24.50278147798963,0,0,661,0.0,0.0,0.5625671744346619
Marginal,mnist,0,0.0,0.0,670,5000,0,674,173,847,0.18830263806739822,0.059799999999999964,0.40031419062998025,0.034627999999999985,0.1855313186965088,524.9707272318677,24.868068173062056,0,0,671,0.0,0.0,0.5620620250701904
Marginal,mnist,0,0.0,0.0,680,5000,0,684,170,854,0.18976781761739403,0.05889999999999995,0.3995229478924775,0.03384000000000004,0.18406833302974562,529.3125342741906,25.23360726609826,0,0,681,0.0,0.0,0.5621218085289001
Marginal,mnist,0,0.0,0.0,690,5000,0,694,161,855,0.18997709173709154,0.05779999999999996,0.39709098547255384,0.03236000000000001,0.1812964104662743,533.4203780577355,25.595229431055486,0,0,691,0.0,0.0,0.5621214509010315
Marginal,mnist,0,0.0,0.0,700,5000,0,704,158,862,0.19144175155088305,0.056400000000000006,0.3963411694846598,0.031619999999999975,0.1798981479496838,537.6774249512791,25.962205287069082,0,0,701,0.0,0.0,0.5616161227226257
Marginal,mnist,0,0.0,0.0,710,5000,0,714,150,864,0.19186014292063192,0.055300000000000016,0.3936988193077998,0.030080000000000016,0.17696061252641435,541.8712068062308,26.329487869981676,0,0,711,0.0,0.0,0.5625426769256592
Marginal,mnist,0,0.0,0.0,720,5000,0,724,145,869,0.1929059611284174,0.05520000000000003,0.3920492100989043,0.028980000000000023,0.17483842317268444,546.1373223374226,26.696089431177825,0,0,721,0.0,0.0,0.5630842447280884
Marginal,mnist,0,0.0,0.0,730,5000,0,734,134,868,0.19269681576406583,0.052000000000000046,0.38775176556070134,0.02680800000000005,0.17058523141414836,550.3115627817921,27.0638728979975,0,0,731,0.0,0.0,0.562260091304779
Marginal,mnist,0,0.0,0.0,740,5000,0,744,126,870,0.19311509741237387,0.0524,0.3848362836122644,0.025219999999999992,0.16741877172744063,554.8378252424371,27.431387098971754,0,0,741,0.0,0.0,0.563657283782959
Marginal,mnist,0,0.0,0.0,750,5000,0,754,118,872,0.1935333427391015,0.05149999999999999,0.3817842543282159,0.02363599999999998,0.16420815145959108,559.098794837882,27.794156801188365,0,0,751,0.0,0.0,0.5620835423469543
Marginal,mnist,0,0.0,0.0,760,5000,0,764,113,877,0.1945787975564599,0.050000000000000044,0.37990111947850014,0.022531999999999976,0.16193731755107582,563.4555841946842,28.16111003817059,0,0,761,0.0,0.0,0.5611566305160522
Marginal,mnist,0,0.0,0.0,770,5000,0,774,111,885,0.19625105726299807,0.0514,0.37975837394525497,0.022120000000000008,0.16108249919794132,567.7382163168539,28.52433526609093,0,0,771,0.0,0.0,0.5629651546478271
Marginal,mnist,0,0.0,0.0,780,5000,0,784,102,886,0.19646004948299378,0.04810000000000003,0.3762370992413354,0.020451999999999974,0.15757825357398864,571.7788438826373,28.891946625197306,0,0,781,0.0,0.0,0.5605836510658264
Marginal,mnist,0,0.0,0.0,790,5000,0,794,98,892,0.19771381618920714,0.047799999999999954,0.3748465882473255,0.01959999999999995,0.15575980532970832,575.9706732845303,29.260944989975542,0,0,791,0.0,0.0,0.5611187815666199
Marginal,mnist,0,0.0,0.0,796,5000,0,800,93,893,0.19792274630162865,0.0484,0.37270218249371967,0.018639999999999962,0.15368603867994762,578.1921706848912,29.5719043801073,0,1,797,0.0,0.0,0.5617930889129639
MaxLoss,mnist,0,0.3,0.0,0,5000,0,4,2574,2578,0.5415655725519173,0.5123,0.7482256223733003,0.50378,0.7217794955393609,0.774282227784642,0.22935647517442703,0,0,1,0.5,0.0,0.6723782420158386
MaxLoss,mnist,0,0.3,0.0,10,5000,0,14,2497,2511,0.5281531310174614,0.4969,0.7647269077058759,0.49678,0.7157095354332647,23.646384617735922,0.5722402459941804,0,0,11,0.42857142857142855,0.0,0.7083814740180969
MaxLoss,mnist,0,0.3,0.0,20,5000,0,24,2412,2436,0.5131168419029564,0.42300000000000004,0.7675778447125186,0.48180799999999996,0.7025898289409136,47.559671212713916,0.9167470692191273,0,0,21,0.3333333333333333,0.0,0.641679048538208
MaxLoss,mnist,0,0.3,0.0,30,5000,0,34,2321,2355,0.4968511463375762,0.42010000000000003,0.770121100791361,0.463472,0.6862674413415556,83.96573507320116,1.2617394260596484,0,0,31,0.3235294117647059,0.0,0.6201738715171814
MaxLoss,mnist,0,0.3,0.0,40,5000,0,44,2320,2364,0.4986598057439551,0.4196,0.7833605454871967,0.46302400000000005,0.6858651156338667,119.54082924302973,1.6072586581576616,0,0,41,0.36363636363636365,0.0,0.6272926926612854
MaxLoss,mnist,0,0.3,0.0,50,5000,0,54,2355,2409,0.5076980020385236,0.43700000000000006,0.7957603496637593,0.46650400000000003,0.688985896933985,149.33569461365616,1.9520876370370388,0,0,51,0.4074074074074074,0.0,0.6238402128219604
MaxLoss,mnist,0,0.3,0.0,60,5000,0,64,2351,2415,0.5089024528861046,0.45499999999999996,0.8041940914445377,0.470324,0.6923998926830238,168.19320481081448,2.2975622890517116,0,0,61,0.40625,0.0,0.5876448154449463
MaxLoss,mnist,0,0.3,0.0,70,5000,0,74,2288,2362,0.4982579108327627,0.4212,0.7999964962054719,0.456164,0.6796834336031493,192.12644998871687,2.6430993610993028,0,0,71,0.40540540540540543,0.0,0.5932264924049377
MaxLoss,mnist,0,0.3,0.0,80,5000,0,84,2221,2305,0.48679683811496943,0.4094,0.7955494300248427,0.44275600000000004,0.6674865822497879,214.52678776688052,2.98794630006887,0,0,81,0.4166666666666667,0.0,0.5896154642105103
MaxLoss,mnist,0,0.3,0.0,90,5000,0,94,2382,2476,0.5211391327902675,0.49260000000000004,0.8241863448418715,0.476256,0.6976772091710812,229.79236181971845,3.3326674301642925,0,0,91,0.44680851063829785,0.0,0.5775198340415955
MaxLoss,mnist,0,0.3,0.0,100,5000,0,104,2361,2465,0.5189336717594415,0.48119999999999996,0.8238937143215888,0.4695519999999999,0.6917109292966505,250.01924186338846,3.677562539000064,0,0,101,0.4326923076923077,0.0,0.589226484298706
MaxLoss,mnist,0,0.3,0.0,110,5000,0,114,2204,2318,0.48941197007661685,0.404,0.807861311149284,0.44358,0.6682405411769828,263.75173272500905,4.022295099217445,0,0,111,0.40350877192982454,0.0,0.5866293907165527
MaxLoss,mnist,0,0.3,0.0,120,5000,0,124,2282,2406,0.507095719978679,0.42479999999999996,0.8209155799243374,0.45555600000000007,0.6791336419445061,283.4631669973405,4.367434955202043,0,0,121,0.41935483870967744,0.0,0.5916653871536255
MaxLoss,mnist,0,0.3,0.0,130,5000,0,134,2149,2283,0.48236960824579,0.38,0.8046896047849009,0.430992,0.6566594626026836,292.6790110700485,4.712391433073208,0,0,131,0.417910447761194,0.0,0.56966632604599
MaxLoss,mnist,0,0.3,0.0,140,5000,0,144,2166,2310,0.4878027423401363,0.3942,0.8116005037886137,0.434088,0.6595203562740268,314.9220308827848,5.05765513703227,0,0,141,0.4166666666666667,0.0,0.5861821174621582
MaxLoss,mnist,0,0.3,0.0,150,5000,0,154,2263,2417,0.5093039029743522,0.44179999999999997,0.8289421447776214,0.45404800000000006,0.6777686689845941,329.6652042753461,5.403514036210254,0,0,151,0.42207792207792205,0.0,0.5800493955612183
MaxLoss,mnist,0,0.3,0.0,160,5000,0,164,2330,2494,0.524746973940637,0.4589,0.8379871932112808,0.46253200000000005,0.6854230816231397,346.65300468883964,5.748683761106804,0,0,161,0.4329268292682927,0.0,0.5852199196815491
MaxLoss,mnist,0,0.3,0.0,170,5000,0,174,2152,2326,0.4910209284280427,0.4002,0.8157163684905797,0.430632,0.6563262676335078,349.1567651035552,6.094762526219711,0,0,171,0.4425287356321839,0.0,0.5559962391853333
MaxLoss,mnist,0,0.3,0.0,180,5000,0,184,2192,2376,0.5010708224726841,0.4234,0.8263106253473786,0.439788,0.6647660827385107,370.826761698573,6.440775873139501,0,0,181,0.44021739130434784,0.0,0.5826451778411865
MaxLoss,mnist,0,0.3,0.0,190,5000,0,194,2295,2489,0.5237449322012253,0.46619999999999995,0.8422308062602685,0.45890800000000004,0.6821608566817179,385.8293266168747,6.786058637080714,0,0,191,0.4484536082474227,0.0,0.5878135561943054
MaxLoss,mnist,0,0.3,0.0,200,5000,0,204,2256,2460,0.5179310216917656,0.45289999999999997,0.8382522331678911,0.451072,0.6750692992572692,394.23657461828253,7.1325726681388915,0,0,201,0.44607843137254904,0.0,0.5748887658119202
MaxLoss,mnist,0,0.3,0.0,210,5000,0,214,2265,2479,0.5217405340517871,0.4565,0.8418006659162679,0.45300799999999997,0.6768261907359754,407.79053448139734,7.479536954080686,0,0,211,0.4485981308411215,0.0,0.5769374370574951
MaxLoss,mnist,0,0.3,0.0,220,5000,0,224,2268,2492,0.5243461698410101,0.45420000000000005,0.842969106494031,0.45414800000000005,0.677859243801644,410.22576017530037,7.827030384214595,0,0,221,0.45089285714285715,0.0,0.5730555057525635
MaxLoss,mnist,0,0.3,0.0,230,5000,0,234,2261,2495,0.524947369704023,0.4585,0.8456551115535214,0.453084,0.6768950950594906,431.8567050301011,8.17530107521452,0,0,231,0.44871794871794873,0.0,0.6028710603713989
MaxLoss,mnist,0,0.3,0.0,240,5000,0,244,2279,2523,0.53055674652569,0.46919999999999995,0.8472526765449769,0.45510000000000006,0.6787210937367719,433.4262993314455,8.522707656025887,0,0,241,0.45491803278688525,0.0,0.5686755776405334
MaxLoss,mnist,0,0.3,0.0,250,5000,0,254,2256,2510,0.5279528023675084,0.47219999999999995,0.8477622513230013,0.452352,0.6762312349493949,448.89137659369175,8.869857880054042,0,0,251,0.46062992125984253,0.0,0.5853349566459656
MaxLoss,mnist,0,0.3,0.0,260,5000,0,264,2275,2539,0.5337606262182817,0.4838,0.8530785687871018,0.45650399999999997,0.6799907470900782,466.23910467665485,9.217155952006578,0,0,261,0.4659090909090909,0.0,0.5916537046432495
MaxLoss,mnist,0,0.3,0.0,270,5000,0,274,2312,2586,0.5431657956214622,0.49850000000000005,0.8593814051358091,0.46328,0.6860950366722363,479.553951619764,9.56422549718991,0,0,271,0.45985401459854014,0.0,0.5843151211738586
MaxLoss,mnist,0,0.3,0.0,280,5000,0,284,2215,2499,0.5257489107898436,0.4577,0.8485598423579812,0.44473199999999996,0.6692936533115157,488.99455139145834,9.909250664059073,0,0,281,0.45774647887323944,0.0,0.5800976753234863
MaxLoss,mnist,0,0.3,0.0,290,5000,0,294,2230,2524,0.5307570205186494,0.47050000000000003,0.8508882550665483,0.44659999999999994,0.6709989110803124,496.6398835098955,10.256622395012528,0,0,291,0.46258503401360546,0.0,0.5735198855400085
MaxLoss,mnist,0,0.3,0.0,300,5000,0,304,2166,2470,0.5199362169369124,0.44430000000000003,0.8444561589943266,0.434468,0.6598709343715475,508.4954640028225,10.604282854124904,0,0,301,0.45723684210526316,0.0,0.5756644010543823
MaxLoss,mnist,0,0.3,0.0,310,5000,0,314,2140,2454,0.51672770321602,0.43069999999999997,0.8408859470654271,0.427992,0.6538794396666914,514.2998975111946,10.952835912117735,0,0,311,0.4585987261146497,0.0,0.5747511386871338
MaxLoss,mnist,0,0.3,0.0,320,5000,0,324,2123,2447,0.5153236408368684,0.44910000000000005,0.8421845192085025,0.42605599999999993,0.6520812926014328,532.8087508107409,11.302281991112977,0,0,321,0.4537037037037037,0.0,0.5827218294143677
MaxLoss,mnist,0,0.3,0.0,330,5000,0,334,2125,2459,0.5177304791286588,0.44079999999999997,0.841882438642474,0.42551199999999995,0.6515754475799711,533.2953728587904,11.651705490192398,0,0,331,0.4491017964071856,0.0,0.5740659832954407
MaxLoss,mnist,0,0.3,0.0,340,5000,0,344,2181,2525,0.5309572903206572,0.47729999999999995,0.8498681053356968,0.43560000000000004,0.6609145566203042,542.0680505046425,12.000157059170306,0,0,341,0.4476744186046512,0.0,0.5789613127708435
MaxLoss,mnist,0,0.3,0.0,350,5000,0,354,2204,2558,0.5375638355035335,0.49460000000000004,0.8550943868240815,0.43898400000000004,0.6640278376727611,564.7449659749108,12.34885499603115,0,0,351,0.4463276836158192,0.0,0.5906955599784851
MaxLoss,mnist,0,0.3,0.0,360,5000,0,364,2141,2505,0.5269510964280926,0.47650000000000003,0.8499556689605363,0.42986399999999997,0.6556150801966547,571.2987892708586,12.697889859089628,0,0,361,0.44505494505494503,0.0,0.5917614102363586
MaxLoss,mnist,0,0.3,0.0,370,5000,0,374,2155,2529,0.5317583275027573,0.48229999999999995,0.8526369966225138,0.432592,0.6581389853275862,578.0657768216117,13.047358288196847,0,0,371,0.446524064171123,0.0,0.5735669732093811
MaxLoss,mnist,0,0.3,0.0,380,5000,0,384,2125,2509,0.5277524695848115,0.45330000000000004,0.84899115551884,0.42498,0.6510805143517776,588.7668997007388,13.396718487143517,0,0,381,0.4427083333333333,0.0,0.5853102803230286
MaxLoss,mnist,0,0.3,0.0,390,5000,0,394,2095,2489,0.5237449322012253,0.4555,0.8441652169368675,0.416664,0.6433121419984346,594.5009364929714,13.741783134173602,0,0,391,0.4416243654822335,0.0,0.573650598526001
MaxLoss,mnist,0,0.3,0.0,400,5000,0,404,2066,2470,0.5199362169369124,0.4484,0.8447740844445801,0.414044,0.6408522519668313,612.8131653651841,14.085957610048354,0,0,401,0.4405940594059406,0.0,0.5906391739845276
MaxLoss,mnist,0,0.3,0.0,410,5000,0,414,2085,2499,0.5257489107898436,0.4749,0.8489602821401496,0.41948,0.645949405178747,617.1075184482139,14.430256815161556,0,0,411,0.4444444444444444,0.0,0.5784791111946106
MaxLoss,mnist,0,0.3,0.0,420,5000,0,424,2070,2494,0.524746973940637,0.45720000000000005,0.8476628384219173,0.415148,0.6418895138333998,629.7214573805642,14.7743539030198,0,0,421,0.44575471698113206,0.0,0.5724619030952454
MaxLoss,mnist,0,0.3,0.0,430,5000,0,434,1995,2429,0.5117122510564514,0.41000000000000003,0.8358360850735291,0.398696,0.626321498964218,624.8215469630937,15.122213419061154,0,0,431,0.4447004608294931,0.0,0.5699909925460815
MaxLoss,mnist,0,0.3,0.0,440,5000,0,444,2059,2503,0.5265503847040236,0.4547,0.8490176373733366,0.414204,0.6410026455325388,645.6698658827127,15.470273273065686,0,0,441,0.45045045045045046,0.0,0.5757231712341309
MaxLoss,mnist,0,0.3,0.0,450,5000,0,454,2035,2489,0.5237449322012253,0.4344,0.8434833350919841,0.40587999999999996,0.6331487354351706,646.0589892707164,15.815306470030919,0,0,451,0.44933920704845814,0.0,0.5717740058898926
MaxLoss,mnist,0,0.3,0.0,460,5000,0,464,2052,2516,0.5291547109372914,0.44910000000000005,0.8473564382393368,0.40942799999999996,0.6365037799182756,658.0400503291702,16.163320624036714,0,0,461,0.4482758620689655,0.0,0.5788512229919434
MaxLoss,mnist,0,0.3,0.0,470,5000,0,474,2027,2501,0.5261496561579406,0.45630000000000004,0.8466740017911351,0.406248,0.6334972355604288,669.8597946874506,16.511952851200476,0,0,471,0.4451476793248945,0.0,0.5774052739143372
MaxLoss,mnist,0,0.3,0.0,480,5000,0,484,1960,2444,0.5147218368947506,0.42700000000000005,0.8372841676829608,0.39193199999999995,0.6198515876205993,672.6871649111863,16.860256153158844,0,0,481,0.44214876033057854,0.0,0.5773405432701111
MaxLoss,mnist,0,0.3,0.0,490,5000,0,494,1952,2446,0.5151230437331833,0.43679999999999997,0.8379631476353098,0.39178399999999997,0.6197095663129341,678.942742631835,17.210413344204426,0,0,491,0.44129554655870445,0.0,0.5732651948928833
MaxLoss,mnist,0,0.3,0.0,500,5000,0,504,1922,2426,0.5111102206283249,0.4377,0.8335586403384684,0.38469200000000003,0.6128810213470963,683.1038682888293,17.55929210805334,0,0,501,0.4365079365079365,0.0,0.5688196420669556
MaxLoss,mnist,0,0.3,0.0,510,5000,0,514,1890,2404,0.5066941776312888,0.3931,0.8298291236010207,0.37754000000000004,0.6059486884590362,693.4514746738982,17.909596218029037,0,0,511,0.43190661478599224,0.0,0.5763325691223145
MaxLoss,mnist,0,0.3,0.0,520,5000,0,524,1911,2435,0.5129161986405961,0.4325,0.8327752375030868,0.38044799999999995,0.6087729771394382,700.6125999672836,18.259840498212725,0,0,521,0.4312977099236641,0.0,0.5739787817001343
MaxLoss,mnist,0,0.3,0.0,530,5000,0,534,1897,2431,0.5121135836816393,0.43420000000000003,0.8341870544314264,0.38039200000000006,0.6087186618782734,712.3604028925514,18.60973930102773,0,0,531,0.43820224719101125,0.0,0.5733801126480103
MaxLoss,mnist,0,0.3,0.0,540,5000,0,544,1889,2433,0.5125148995430209,0.4403,0.8326249019050505,0.37769199999999997,0.6060965038242428,715.0323220665124,18.960667894221842,0,0,541,0.43566176470588236,0.0,0.5729991793632507
MaxLoss,mnist,0,0.3,0.0,550,5000,0,554,1917,2471,0.5201367133995518,0.4343,0.8388066919713404,0.38526399999999994,0.6134334510013212,722.6014283023643,19.311996292090043,0,0,551,0.4368231046931408,0.0,0.5677886009216309
MaxLoss,mnist,0,0.3,0.0,560,5000,0,564,2005,2569,0.5397649992955849,0.4605,0.850471770283981,0.399956,0.6275222238009496,737.6117549454182,19.66330064018257,0,0,561,0.4397163120567376,0.0,0.5760462284088135
MaxLoss,mnist,0,0.3,0.0,570,5000,0,574,1970,2544,0.5347616179496981,0.44810000000000005,0.8465618835632325,0.392784,0.6206687888712125,745.1491245314015,20.01480419607833,0,0,571,0.44076655052264807,0.0,0.5746734738349915
MaxLoss,mnist,0,0.3,0.0,580,5000,0,584,1893,2477,0.5213396040489897,0.4172,0.8378092103109193,0.37922399999999995,0.6075851505815433,749.1994358276469,20.3659393962007,0,0,581,0.4383561643835616,0.0,0.5729021430015564
MaxLoss,mnist,0,0.3,0.0,590,5000,0,594,1933,2527,0.5313578172936104,0.4423,0.8439800304802345,0.387288,0.6153858324570838,754.8608059608728,20.717400163179263,0,0,591,0.44107744107744107,0.0,0.5764480233192444
MaxLoss,mnist,0,0.3,0.0,600,5000,0,604,1904,2508,0.527552132611163,0.4285,0.840359794260764,0.380832,0.6091453478701458,761.5445969799167,21.069623691029847,0,0,601,0.43874172185430466,0.0,0.576386034488678
MaxLoss,mnist,0,0.3,0.0,610,5000,0,614,1863,2477,0.5213396040489897,0.42390000000000005,0.8360470142562596,0.37316800000000006,0.6016880038055378,769.9020837339453,21.419735142029822,0,0,611,0.43973941368078173,0.0,0.5678959488868713
MaxLoss,mnist,0,0.3,0.0,620,5000,0,624,1874,2498,0.525548531790264,0.4294,0.8380187434032892,0.37462399999999996,0.6031088779344828,778.1865897962879,21.77318780706264,0,0,621,0.4439102564102564,0.0,0.5690193772315979
MaxLoss,mnist,0,0.3,0.0,630,5000,0,634,1821,2455,0.5169282667920925,0.4184,0.8321546189744096,0.36460800000000004,0.5932949585023364,787.8198807260553,22.126044578151777,0,0,631,0.4416403785488959,0.0,0.5685445666313171
MaxLoss,mnist,0,0.3,0.0,640,5000,0,644,1784,2428,0.51151157845743,0.40469999999999995,0.8275778368244345,0.357764,0.5865353486770933,790.1974698591816,22.478861370123923,0,0,641,0.4409937888198758,0.0,0.570710301399231
MaxLoss,mnist,0,0.3,0.0,650,5000,0,654,1774,2428,0.51151157845743,0.41259999999999997,0.8267825690718618,0.35540799999999995,0.5841982013192313,797.7387224975249,22.830125739099458,0,0,651,0.4418960244648318,0.0,0.5684478282928467
MaxLoss,mnist,0,0.3,0.0,660,5000,0,664,1868,2532,0.5323590612388216,0.4424,0.8415831378768344,0.37319199999999997,0.6017114405902035,818.308811847459,23.185223845066503,0,0,661,0.44126506024096385,0.0,0.578415036201477
MaxLoss,mnist,0,0.3,0.0,670,5000,0,674,1774,2448,0.515524233749602,0.41059999999999997,0.8282467914267934,0.354912,0.583705500854371,813.2595440573274,23.539649710059166,0,0,671,0.4391691394658754,0.0,0.5640708804130554
MaxLoss,mnist,0,0.3,0.0,680,5000,0,684,1752,2436,0.5131168419029564,0.41579999999999995,0.8257784717985074,0.350284,0.5790970132690412,820.5535202385416,23.890537252184004,0,0,681,0.44005847953216376,0.0,0.5680248737335205
MaxLoss,mnist,0,0.3,0.0,690,5000,0,694,1722,2416,0.5091031800257042,0.39680000000000004,0.8221917267023844,0.34416,0.5729673034355844,827.8081663345928,24.245333222206682,0,0,691,0.43804034582132567,0.0,0.5707342028617859
MaxLoss,mnist,0,0.3,0.0,700,5000,0,704,1773,2477,0.5213396040489897,0.4185,0.8336444926828066,0.3560479999999999,0.5848335994291441,853.5946312929998,24.597259164089337,0,0,701,0.43892045454545453,0.0,0.578686535358429
MaxLoss,mnist,0,0.3,0.0,710,5000,0,714,1701,2415,0.5089024528861046,0.38859999999999995,0.8214629546801303,0.34040800000000004,0.569193892672074,845.0109129315772,24.95000268612057,0,0,711,0.438375350140056,0.0,0.5707185864448547
MaxLoss,mnist,0,0.3,0.0,720,5000,0,724,1729,2453,0.516527135448996,0.40480000000000005,0.8270791420963195,0.34586799999999995,0.5746805287921359,859.4814513272164,25.30662543606013,0,0,721,0.43922651933701656,0.0,0.5710033774375916
MaxLoss,mnist,0,0.3,0.0,730,5000,0,734,1727,2461,0.5181315601221286,0.43010000000000004,0.826512666432993,0.345368,0.5741792909815053,857.6556756609211,25.663383385166526,0,0,731,0.44005449591280654,0.0,0.5655955672264099
MaxLoss,mnist,0,0.3,0.0,740,5000,0,744,1692,2436,0.5131168419029564,0.4145,0.8233829946479091,0.339212,0.5679881855917949,869.2732582354671,26.01768841012381,0,0,741,0.44086021505376344,0.0,0.5673956274986267
MaxLoss,mnist,0,0.3,0.0,750,5000,0,754,1696,2450,0.5159254070022143,0.41559999999999997,0.8247169582440644,0.34053999999999995,0.569326878436499,872.5366976804685,26.374895653221756,0,0,751,0.44297082228116713,0.0,0.5638334155082703
MaxLoss,mnist,0,0.3,0.0,760,5000,0,764,1689,2453,0.516527135448996,0.4254,0.8249740186504964,0.33791999999999994,0.5666841270605103,891.6798623705755,26.728836573194712,0,0,761,0.44502617801047123,0.0,0.5719735026359558
MaxLoss,mnist,0,0.3,0.0,770,5000,0,774,1655,2429,0.5117122510564514,0.4204,0.8202806081333284,0.332048,0.5607366244943945,888.0421743955493,27.083102609030902,0,0,771,0.44315245478036175,0.0,0.5636141300201416
MaxLoss,mnist,0,0.3,0.0,780,5000,0,784,1638,2422,0.5103074547369033,0.41369999999999996,0.8178045484669938,0.327536,0.5561433609213924,895.5567581521651,27.441443160176277,0,0,781,0.44387755102040816,0.0,0.5640054941177368
MaxLoss,mnist,0,0.3,0.0,790,5000,0,794,1647,2441,0.5141199952340685,0.41359999999999997,0.820361668779034,0.330076,0.5587316074288144,901.5752173748518,27.799694622168317,0,0,791,0.4433249370277078,0.0,0.5612613558769226
MaxLoss,mnist,0,0.3,0.0,796,5000,0,800,1688,2488,0.5235445112921298,0.43410000000000004,0.8268295393497241,0.336484,0.5652328031759553,917.8241891676613,28.104549089213833,0,1,797,0.44375,0.0,0.5650866031646729
PU-R,mnist,0,0.3,0.0,0,5000,0,4,2413,2417,0.5093039029743522,0.45089999999999997,0.739680106258317,0.493812,0.7131235629371543,0.6622083603680473,0.22695860103704035,0,0,1,0.5,0.0,0.6366422772407532
PU-R,mnist,0,0.3,0.0,10,5000,0,14,2512,2526,0.5311575559317134,0.5233,0.7678901978243747,0.5003879999999999,0.718843257722747,23.956516261085262,0.6792177730239928,0,0,11,0.42857142857142855,0.0,0.6548545360565186
PU-R,mnist,0,0.3,0.0,20,5000,0,24,2553,2577,0.5413655256852508,0.5328999999999999,0.8010637702475957,0.5110640000000001,0.728052437968063,68.893112786445,1.1544847320765257,0,0,21,0.4583333333333333,0.0,0.637088418006897
PU-R,mnist,0,0.3,0.0,30,5000,0,34,2571,2605,0.546965243818704,0.5627,0.8150902620750055,0.514092,0.7306471427295105,98.7393475620597,1.6480469000525773,0,0,31,0.35294117647058826,0.0,0.5562108755111694
PU-R,mnist,0,0.3,0.0,40,5000,0,44,2491,2535,0.5329597571399063,0.5183,0.8098694048724832,0.497144,0.7160261783079102,120.39039067563728,2.1509848770219833,0,0,41,0.3181818181818182,0.0,0.545041561126709
PU-R,mnist,0,0.3,0.0,50,5000,0,54,2344,2398,0.5054894498898648,0.45730000000000004,0.7926064964359208,0.46788,0.690217059135338,135.8471902905057,2.660716807935387,0,0,51,0.25925925925925924,0.0,0.5702923536300659
PU-R,mnist,0,0.3,0.0,60,5000,0,64,2331,2395,0.5048870293539949,0.4444,0.795842804866237,0.466472,0.688957246370825,149.68765838526377,3.1825016769580543,0,0,61,0.25,0.0,0.5654125809669495
PU-R,mnist,0,0.3,0.0,70,5000,0,74,2236,2310,0.4878027423401363,0.4041,0.7857928467192101,0.44882,0.6730216572989064,161.86584231863412,3.701036982005462,0,0,71,0.25675675675675674,0.0,0.5657511353492737
PU-R,mnist,0,0.3,0.0,80,5000,0,84,2282,2366,0.49906168383313343,0.4266,0.796368744226826,0.457396,0.6807965302207503,175.3937452074575,4.2347734700888395,0,0,81,0.2857142857142857,0.0,0.5783509612083435
PU-R,mnist,0,0.3,0.0,90,5000,0,94,2235,2329,0.49162421841174364,0.39859999999999995,0.790119998752639,0.44495199999999996,0.6694946404019201,187.5386656924403,4.777595828054473,0,0,91,0.2872340425531915,0.0,0.5925928354263306
PU-R,mnist,0,0.3,0.0,100,5000,0,104,2200,2304,0.48659564467379823,0.3801,0.7890503780736678,0.43955999999999995,0.6645567855808665,199.0898878381838,5.3319343000184745,0,0,101,0.2980769230769231,0.0,0.5845603346824646
PU-R,mnist,0,0.3,0.0,110,5000,0,114,2186,2300,0.4857908286503516,0.3711,0.789711306116083,0.4373,0.6624797781281702,208.26071022174148,5.894761678995565,0,0,111,0.30701754385964913,0.0,0.571132242679596
PU-R,mnist,0,0.3,0.0,120,5000,0,124,2243,2367,0.49926261662039906,0.41359999999999997,0.8011961820608049,0.44879199999999997,0.6729961711646567,218.62973540059474,6.474283634917811,0,0,121,0.3225806451612903,0.0,0.5827800035476685
PU-R,mnist,0,0.3,0.0,130,5000,0,134,2280,2414,0.5087017215555534,0.4152,0.8089482817923951,0.45539999999999997,0.6789925267562983,230.03984529223422,7.072390567976981,0,0,131,0.3208955223880597,0.0,0.5782794952392578
PU-R,mnist,0,0.3,0.0,140,5000,0,144,2231,2375,0.5008699274621904,0.3861,0.8041982023142852,0.446332,0.6707544413036721,238.7246695806999,7.684475677087903,0,0,141,0.3194444444444444,0.0,0.583256721496582
PU-R,mnist,0,0.3,0.0,150,5000,0,154,2188,2342,0.4942380375578068,0.383,0.8006013149750678,0.43865200000000004,0.6637228295769328,248.20262846471402,8.30465289694257,0,0,151,0.3246753246753247,0.0,0.5830886960029602
PU-R,mnist,0,0.3,0.0,160,5000,0,164,2198,2362,0.4982579108327627,0.3722,0.8033457598723953,0.43949999999999995,0.6645017000244328,257.3226179137865,8.939729324076325,0,0,161,0.3231707317073171,0.0,0.5777803659439087
PU-R,mnist,0,0.3,0.0,170,5000,0,174,2158,2332,0.49222747050225735,0.3732,0.8007149540839512,0.433228,0.6587264866665808,266.7270601046958,9.592185111017898,0,0,171,0.3275862068965517,0.0,0.5746512413024902
PU-R,mnist,0,0.3,0.0,180,5000,0,184,2174,2358,0.49745407060254365,0.3651,0.8033225908055261,0.434132,0.6595609558478877,275.37373627391423,10.260299884947017,0,0,181,0.32608695652173914,0.0,0.5771088004112244
PU-R,mnist,0,0.3,0.0,190,5000,0,194,2143,2337,0.4932328066206537,0.3659,0.8014623508233284,0.42924,0.6550368677287277,283.82853421788315,10.943689122097567,0,0,191,0.3247422680412371,0.0,0.5768281817436218
PU-R,mnist,0,0.3,0.0,200,5000,0,204,2138,2342,0.4942380375578068,0.373,0.8030556952932464,0.42887600000000003,0.6546994227453324,292.5126821991165,11.639936679042876,0,0,201,0.3284313725490196,0.0,0.5774431228637695
PU-R,mnist,0,0.3,0.0,210,5000,0,214,2153,2367,0.49926261662039906,0.37360000000000004,0.8066848537290064,0.43148000000000003,0.6571109495120107,300.4168063302463,12.352111499989405,0,0,211,0.32710280373831774,0.0,0.5799341797828674
PU-R,mnist,0,0.3,0.0,220,5000,0,224,2195,2419,0.5097053362405859,0.3819,0.8138441205759476,0.43890799999999996,0.6639580248305995,308.3716519449646,13.088844303041697,0,0,221,0.33482142857142855,0.0,0.5794309377670288
PU-R,mnist,0,0.3,0.0,230,5000,0,234,2132,2366,0.49906168383313343,0.37039999999999995,0.8083148070135842,0.42936399999999997,0.6551517955349289,316.06962521295,13.837912880117074,0,0,231,0.32905982905982906,0.0,0.5787583589553833
PU-R,mnist,0,0.3,0.0,240,5000,0,244,2118,2362,0.4982579108327627,0.36560000000000004,0.8056546448453046,0.42388000000000003,0.6500563824493669,323.26908454581474,14.603531016036868,0,0,241,0.3319672131147541,0.0,0.5751216411590576
PU-R,mnist,0,0.3,0.0,250,5000,0,254,2149,2403,0.5064934001420625,0.3732,0.8114234152785444,0.429708,0.6554705584119231,330.3857345140628,15.391571854939684,0,0,251,0.33858267716535434,0.0,0.5786571502685547
PU-R,mnist,0,0.3,0.0,260,5000,0,264,2147,2411,0.5080995024181902,0.38880000000000003,0.812469549515904,0.429276,0.6550702352259592,337.3951751870127,16.21307273907587,0,0,261,0.3409090909090909,0.0,0.5758487582206726
PU-R,mnist,0,0.3,0.0,270,5000,0,274,2125,2399,0.505690248333849,0.3751,0.8099637127862626,0.4241,0.6502612923066857,344.312451991436,17.046817237045616,0,0,271,0.3357664233576642,0.0,0.5794540047645569
PU-R,mnist,0,0.3,0.0,280,5000,0,284,2079,2363,0.4984588603838347,0.35629999999999995,0.8048937728188481,0.41551199999999994,0.6422312770559889,351.39138547907277,17.899555657990277,0,0,281,0.3415492957746479,0.0,0.5788547992706299
PU-R,mnist,0,0.3,0.0,290,5000,0,294,2075,2369,0.49966446950566024,0.3567,0.8056232147810005,0.41478399999999993,0.6415476353218835,358.04832265858414,18.768410142045468,0,0,291,0.3401360544217687,0.0,0.5784696340560913
PU-R,mnist,0,0.3,0.0,300,5000,0,304,2065,2369,0.49966446950566024,0.358,0.8049569911097636,0.412156,0.6390759226975362,364.961359991219,19.659548111027107,0,0,301,0.34210526315789475,0.0,0.5812130570411682
PU-R,mnist,0,0.3,0.0,310,5000,0,314,2034,2348,0.4954441760201007,0.357,0.8023495287135535,0.40694400000000003,0.6341560300755257,372.03504030003614,20.565704256063327,0,0,311,0.3471337579617834,0.0,0.5739561915397644
PU-R,mnist,0,0.3,0.0,320,5000,0,324,2022,2346,0.4950421467074193,0.35019999999999996,0.8017296029041204,0.40449199999999996,0.6318332122611964,378.6533495843713,21.496483661001548,0,0,321,0.345679012345679,0.0,0.5792909860610962
PU-R,mnist,0,0.3,0.0,330,5000,0,334,2062,2396,0.5050878404290415,0.35550000000000004,0.8085963619415759,0.41200400000000004,0.6389327778901804,385.1606789978567,22.44703122903593,0,0,331,0.3502994011976048,0.0,0.5720735192298889
PU-R,mnist,0,0.3,0.0,340,5000,0,344,2027,2371,0.5000663056271151,0.35040000000000004,0.8052204515644116,0.40603200000000006,0.6332926955657011,391.2344206760648,23.420084520010278,0,0,341,0.35174418604651164,0.0,0.5776800513267517
PU-R,mnist,0,0.3,0.0,350,5000,0,354,2006,2360,0.49785599909955636,0.33720000000000006,0.8025002791214794,0.40089600000000003,0.6284170872231019,397.6344073911164,24.415330538060516,0,0,351,0.3474576271186441,0.0,0.5701091885566711
PU-R,mnist,0,0.3,0.0,360,5000,0,364,2009,2373,0.5004681249265559,0.34430000000000005,0.8050299462029606,0.40273200000000003,0.6301626744129616,403.9382167804798,25.432541076093912,0,0,361,0.3516483516483517,0.0,0.5715823769569397
PU-R,mnist,0,0.3,0.0,370,5000,0,374,2012,2386,0.5030795412603766,0.35940000000000005,0.8054368886284196,0.40177999999999997,0.6292579267748817,410.2341098488802,26.473049296997488,0,0,371,0.35294117647058826,0.0,0.5750707387924194
PU-R,mnist,0,0.3,0.0,380,5000,0,384,2014,2398,0.5054894498898648,0.35760000000000003,0.8072241097946167,0.402504,0.6299460640057448,417.2649347029587,27.53828269802034,0,0,381,0.3541666666666667,0.0,0.5736991763114929
PU-R,mnist,0,0.3,0.0,390,5000,0,394,2035,2429,0.5117122510564514,0.3671,0.8116244787168236,0.406984,0.6341938789030657,423.3369296071924,28.627680534031242,0,0,391,0.35786802030456855,0.0,0.573859453201294
PU-R,mnist,0,0.3,0.0,400,5000,0,404,2041,2445,0.5149224423803389,0.3738,0.814178583153278,0.408932,0.6360354181776189,429.8422981869032,29.743892915081233,0,0,401,0.3589108910891089,0.0,0.5735070109367371
PU-R,mnist,0,0.3,0.0,410,5000,0,414,2047,2461,0.5181315601221286,0.37439999999999996,0.8159044032649901,0.410032,0.6370738328293135,435.26868302018835,30.886135522043332,0,0,411,0.35990338164251207,0.0,0.5711385607719421
PU-R,mnist,0,0.3,0.0,420,5000,0,424,2051,2475,0.520938657282386,0.3808,0.8163877354358561,0.40928,0.6363640493688546,441.45646604676483,32.056075874948874,0,0,421,0.3584905660377358,0.0,0.5724871754646301
PU-R,mnist,0,0.3,0.0,430,5000,0,434,2055,2489,0.5237449322012253,0.3862,0.8185520482556683,0.410788,0.6377868930242476,447.87636552786216,33.24720005504787,0,0,431,0.35944700460829493,0.0,0.5721709728240967
PU-R,mnist,0,0.3,0.0,440,5000,0,444,2051,2495,0.524947369704023,0.37339999999999995,0.8183841662809853,0.40923200000000004,0.6363187272340658,453.7768306899699,34.46241508098319,0,0,441,0.35585585585585583,0.0,0.5731402039527893
PU-R,mnist,0,0.3,0.0,450,5000,0,454,2025,2479,0.5217405340517871,0.3648,0.8162356479175513,0.404936,0.6322542124054712,459.86622580331095,35.702073300024495,0,0,451,0.35462555066079293,0.0,0.5716640949249268
PU-R,mnist,0,0.3,0.0,460,5000,0,464,2025,2489,0.5237449322012253,0.3668,0.8167836892443614,0.40435599999999994,0.6317042225429689,465.85964720734444,36.96951632294804,0,0,461,0.35129310344827586,0.0,0.5754384398460388
PU-R,mnist,0,0.3,0.0,470,5000,0,474,1998,2472,0.5203372056712396,0.36450000000000005,0.8142093826956645,0.39955599999999997,0.627141193672379,471.76178178519814,38.265166657976806,0,0,471,0.3459915611814346,0.0,0.5687684416770935
PU-R,mnist,0,0.3,0.0,480,5000,0,484,1978,2462,0.5183320943033323,0.3577,0.8131521300355613,0.3967519999999999,0.6244661901976083,478.0487534076918,39.590842463076115,0,0,481,0.34297520661157027,0.0,0.5674222707748413
PU-R,mnist,0,0.3,0.0,490,5000,0,494,1992,2486,0.5231436568428762,0.3609,0.8157218201683966,0.399088,0.6266952085324154,483.34085316498454,40.940200777957216,0,0,491,0.34210526315789475,0.0,0.5690923929214478
PU-R,mnist,0,0.3,0.0,500,5000,0,504,1923,2427,0.5113109016674571,0.3285,0.805313391243077,0.383868,0.6120846939789762,489.1715873195973,42.32004339993,0,0,501,0.3392857142857143,0.0,0.5689957737922668
PU-R,mnist,0,0.3,0.0,510,5000,0,514,1903,2417,0.5093039029743522,0.3244,0.8032494614962332,0.37989599999999996,0.6082374593835973,495.0138236502451,43.795506591908634,0,0,511,0.3404669260700389,0.0,0.5682365298271179
PU-R,mnist,0,0.3,0.0,520,5000,0,524,1888,2412,0.5083002463215962,0.3208,0.803766569364344,0.379352,0.6077094315679538,500.77574719701295,45.24378854292445,0,0,521,0.33587786259541985,0.0,0.5718556642532349
PU-R,mnist,0,0.3,0.0,530,5000,0,534,1881,2415,0.5089024528861046,0.3274,0.8031216832948134,0.37723599999999996,0.6056529944469593,506.7790509450709,46.707290647085756,0,0,531,0.3408239700374532,0.0,0.5701414346694946
PU-R,mnist,0,0.3,0.0,540,5000,0,544,1881,2425,0.5109095354564488,0.3208,0.8033714241008981,0.3764239999999999,0.6048627662347034,512.2126891243529,48.20431744400412,0,0,541,0.34191176470588236,0.0,0.5704214572906494
PU-R,mnist,0,0.3,0.0,550,5000,0,554,1868,2422,0.5103074547369033,0.3113,0.8013170992081311,0.37248799999999993,0.601023741486516,518.1715854805582,49.7268376708962,0,0,551,0.33754512635379064,0.0,0.5717358589172363
PU-R,mnist,0,0.3,0.0,560,5000,0,564,1859,2423,0.5105081524816342,0.30479999999999996,0.8020096890309585,0.372188,0.6007305493453837,523.9924372427056,51.28409382607788,0,0,561,0.33865248226950356,0.0,0.5710542798042297
PU-R,mnist,0,0.3,0.0,570,5000,0,574,1850,2424,0.5107088460936211,0.3053,0.8014432136125552,0.3703399999999999,0.5989226570814161,529.365531933326,52.8654295289889,0,0,571,0.343205574912892,0.0,0.5680135488510132
PU-R,mnist,0,0.3,0.0,580,5000,0,584,1840,2424,0.5107088460936211,0.30879999999999996,0.800629034703798,0.36812,0.5967466682325167,535.0152947965322,54.47454416612163,0,0,581,0.3441780821917808,0.0,0.5674543976783752
PU-R,mnist,0,0.3,0.0,590,5000,0,594,1835,2429,0.5117122510564514,0.30069999999999997,0.800304315182283,0.36657599999999996,0.5952305859127076,540.5204253794494,56.103580774972215,0,0,591,0.3400673400673401,0.0,0.56876540184021
PU-R,mnist,0,0.3,0.0,600,5000,0,604,1826,2430,0.5119129194645211,0.2994,0.8010077298869713,0.3663719999999999,0.5950301089852726,546.0569748489962,57.75473755202256,0,0,601,0.34105960264900664,0.0,0.5671638250350952
PU-R,mnist,0,0.3,0.0,610,5000,0,614,1835,2449,0.515724822471384,0.30810000000000004,0.8023653545979886,0.36700000000000005,0.5956471397653472,551.7489189268398,59.418953774962574,0,0,611,0.34201954397394135,0.0,0.5706995725631714
PU-R,mnist,0,0.3,0.0,620,5000,0,624,1808,2432,0.5123142437078059,0.3005,0.7993260176933806,0.36198,0.590704555825894,557.0324774437338,61.096957297064364,0,0,621,0.33974358974358976,0.0,0.5656759738922119
PU-R,mnist,0,0.3,0.0,630,5000,0,634,1787,2421,0.5101067527430132,0.2924,0.7967198983067414,0.3576440000000001,0.5864164356823365,561.881649477815,62.78646590397693,0,0,631,0.3391167192429022,0.0,0.5680435299873352
PU-R,mnist,0,0.3,0.0,640,5000,0,644,1781,2425,0.5109095354564488,0.2903,0.7962089921726312,0.355976,0.5847621365030731,566.983839556199,64.49412046093494,0,0,641,0.3385093167701863,0.0,0.5645741820335388
PU-R,mnist,0,0.3,0.0,650,5000,0,654,1844,2498,0.525548531790264,0.3073,0.8059691173283501,0.3676559999999999,0.5962912904592438,572.2738621725618,66.2147651950363,0,0,651,0.3409785932721712,0.0,0.5685514211654663
PU-R,mnist,0,0.3,0.0,660,5000,0,664,1802,2466,0.5191341891768388,0.3012,0.8011989224259664,0.36039999999999994,0.5891440488070192,577.3475622989156,67.95875476393849,0,0,661,0.34036144578313254,0.0,0.5642138123512268
PU-R,mnist,0,0.3,0.0,670,5000,0,674,1800,2474,0.5207381775835529,0.3052,0.8023666234711825,0.360836,0.5895749036471304,582.9192158101789,69.71711632492952,0,0,671,0.3367952522255193,0.0,0.5655989050865173
PU-R,mnist,0,0.3,0.0,680,5000,0,684,1808,2492,0.5243461698410101,0.30979999999999996,0.8031843178797735,0.36090399999999995,0.5896420851082361,588.0740203468171,71.49059860105626,0,0,681,0.34210526315789475,0.0,0.564939558506012
PU-R,mnist,0,0.3,0.0,690,5000,0,694,1789,2483,0.5225423436495475,0.2992,0.8022848398515348,0.358812,0.5875732783725356,592.8047693163304,73.28398324805312,0,0,691,0.3414985590778098,0.0,0.5638066530227661
PU-R,mnist,0,0.3,0.0,700,5000,0,704,1784,2488,0.5235445112921298,0.29300000000000004,0.8012110645359144,0.356496,0.5852781474194303,597.5587383194381,75.08662590407766,0,0,701,0.3409090909090909,0.0,0.5634164214134216
PU-R,mnist,0,0.3,0.0,710,5000,0,714,1756,2470,0.5199362169369124,0.28900000000000003,0.7977319325025007,0.351028,0.5798392540743427,602.5682001424743,76.90385120012797,0,0,711,0.34173669467787116,0.0,0.5650630593299866
PU-R,mnist,0,0.3,0.0,720,5000,0,724,1742,2466,0.5191341891768388,0.2862,0.79620776010982,0.34810399999999997,0.5769191158365732,607.6233224573458,78.73875029105693,0,0,721,0.3411602209944751,0.0,0.5643680095672607
PU-R,mnist,0,0.3,0.0,730,5000,0,734,1716,2450,0.5159254070022143,0.2784,0.7936670342213099,0.3439600000000001,0.5727665069998752,612.3411387247148,80.58649415289983,0,0,731,0.3405994550408719,0.0,0.5643606781959534
PU-R,mnist,0,0.3,0.0,740,5000,0,744,1710,2454,0.51672770321602,0.28769999999999996,0.7935062044759386,0.34285600000000005,0.5716574129732903,617.1092906441963,82.44119844795205,0,0,741,0.34139784946236557,0.0,0.5622775554656982
PU-R,mnist,0,0.3,0.0,750,5000,0,754,1716,2470,0.5199362169369124,0.28669999999999995,0.7940087537462415,0.342592,0.5713920196210885,621.9264856321618,84.31879774108529,0,0,751,0.3395225464190981,0.0,0.5620511174201965
PU-R,mnist,0,0.3,0.0,760,5000,0,764,1682,2446,0.5151230437331833,0.2803,0.790192560294715,0.33686,0.5656130113635379,626.7017368242358,86.21391788311303,0,0,761,0.33638743455497383,0.0,0.5631171464920044
PU-R,mnist,0,0.3,0.0,770,5000,0,774,1674,2448,0.515524233749602,0.28259999999999996,0.7892479227826465,0.33481599999999995,0.563544456267155,631.2974761673796,88.1429839420598,0,0,771,0.3359173126614987,0.0,0.5626793503761292
PU-R,mnist,0,0.3,0.0,780,5000,0,784,1691,2475,0.520938657282386,0.28480000000000005,0.7933819296483277,0.3391,0.5678752049717243,636.3998463557467,90.07055101892911,0,0,781,0.3380102040816326,0.0,0.5676608681678772
PU-R,mnist,0,0.3,0.0,790,5000,0,794,1683,2477,0.5213396040489897,0.2841,0.7919457758694922,0.33641999999999994,0.5651680730394892,641.0481028766778,92.00915008410811,0,0,791,0.34005037783375314,0.0,0.5645586848258972
PU-R,mnist,0,0.3,0.0,796,5000,0,800,1703,2503,0.5265503847040236,0.2921,0.7957805474552909,0.34074,0.5695283396343956,644.1014035718173,93.26829707808793,0,1,797,0.33875,0.0,0.5599470734596252
PU-C,mnist,0,0.3,0.0,0,5000,0,4,2540,2544,0.5347616179496981,0.5082,0.7414348986530944,0.49582,0.7148739044648732,0.7024674047086983,0.22639689804054797,0,0,1,0.5,0.0,0.6551209092140198
PU-C,mnist,0,0.3,0.0,10,5000,0,14,2449,2463,0.5185326242935844,0.48719999999999997,0.7622164198480301,0.488848,0.7087821171893782,29.281096968595804,0.6637846319936216,0,0,11,0.2857142857142857,0.0,0.6456219553947449
PU-C,mnist,0,0.3,0.0,20,5000,0,24,2378,2402,0.5062926184618846,0.45120000000000005,0.7772733881170522,0.47789999999999994,0.6991345644784432,73.71146390134851,1.1105567740742117,0,0,21,0.2916666666666667,0.0,0.6268441081047058
PU-C,mnist,0,0.3,0.0,30,5000,0,34,2376,2410,0.5078987543238327,0.4568,0.7875278047043263,0.474712,0.6963064446690673,105.49738836348071,1.56003722618334,0,0,31,0.2647058823529412,0.0,0.5819141268730164
PU-C,mnist,0,0.3,0.0,40,5000,0,44,2352,2396,0.5050878404290415,0.45999999999999996,0.7913153919555345,0.47068400000000005,0.6927210003632317,125.27687637174132,2.011883432045579,0,0,41,0.22727272727272727,0.0,0.5716590285301208
PU-C,mnist,0,0.3,0.0,50,5000,0,54,2313,2367,0.49926261662039906,0.4679,0.7911804016467682,0.46308399999999994,0.6859190083143667,143.0729013441109,2.466472747037187,0,0,51,0.2962962962962963,0.0,0.5832951068878174
PU-C,mnist,0,0.3,0.0,60,5000,0,64,2296,2360,0.49785599909955636,0.4635,0.7927046294345975,0.45910000000000006,0.6823339668216215,158.16738440650155,2.9253260160330683,0,0,61,0.296875,0.0,0.5773617625236511
PU-C,mnist,0,0.3,0.0,70,5000,0,74,2328,2402,0.5062926184618846,0.48009999999999997,0.8007547109413277,0.46506000000000003,0.6876921853698956,170.1540473879766,3.3862145531456918,0,0,71,0.2972972972972973,0.0,0.5728845596313477
PU-C,mnist,0,0.3,0.0,80,5000,0,84,2305,2389,0.5036820750683546,0.46409999999999996,0.8018487687513162,0.46199999999999997,0.6849448811165376,182.50430059090434,3.8555489471182227,0,0,81,0.27380952380952384,0.0,0.5716519951820374
PU-C,mnist,0,0.3,0.0,90,5000,0,94,2325,2419,0.5097053362405859,0.47150000000000003,0.8087580729656519,0.4659239999999999,0.6884664722260122,197.4575307783229,4.3265313541051,0,0,91,0.26595744680851063,0.0,0.6075707674026489
PU-C,mnist,0,0.3,0.0,100,5000,0,104,2293,2397,0.505288647254929,0.4598,0.805580850890613,0.4592919999999999,0.6825070459485153,204.4841829156264,4.8042888850905,0,0,101,0.27884615384615385,0.0,0.5763890743255615
PU-C,mnist,0,0.3,0.0,110,5000,0,114,2316,2430,0.5119129194645211,0.4649,0.8111388224204565,0.463304,0.6861165889484597,214.72350826396573,5.283552230102941,0,0,111,0.2719298245614035,0.0,0.569642961025238
PU-C,mnist,0,0.3,0.0,120,5000,0,124,2290,2414,0.5087017215555534,0.4585,0.8088810118776563,0.4570360000000001,0.6804714069164202,224.6534099771023,5.765636305091903,0,0,121,0.2661290322580645,0.0,0.5903127193450928
PU-C,mnist,0,0.3,0.0,130,5000,0,134,2271,2405,0.5068949508713558,0.4468,0.8089658318624016,0.453852,0.6775911178727482,235.00014827116468,6.252499977126718,0,0,131,0.26865671641791045,0.0,0.5831183791160583
PU-C,mnist,0,0.3,0.0,140,5000,0,144,2262,2406,0.507095719978679,0.44420000000000004,0.8094392161657197,0.45157600000000003,0.675526976623478,244.32864554846847,6.740307589061558,0,0,141,0.2708333333333333,0.0,0.5798060297966003
PU-C,mnist,0,0.3,0.0,150,5000,0,154,2288,2442,0.5143206132925116,0.45130000000000003,0.8157950037661604,0.45732800000000007,0.6807351264012595,253.5986517271147,7.234376822132617,0,0,151,0.2922077922077922,0.0,0.5757248401641846
PU-C,mnist,0,0.3,0.0,160,5000,0,164,2295,2459,0.5177304791286588,0.45530000000000004,0.8189223280011316,0.458928,0.6821788904350512,262.5059527849162,7.732087405165657,0,0,161,0.2804878048780488,0.0,0.57979816198349
PU-C,mnist,0,0.3,0.0,170,5000,0,174,2260,2434,0.5127155511872843,0.4374,0.8166810685987623,0.45315999999999995,0.6769639945079233,271.6583861794604,8.238519052043557,0,0,171,0.27586206896551724,0.0,0.5773855447769165
PU-C,mnist,0,0.3,0.0,180,5000,0,184,2133,2317,0.48921083129243925,0.3839,0.7995461374815377,0.42747999999999997,0.6534042102008507,281.18937662467755,8.744415356079116,0,0,181,0.2717391304347826,0.0,0.5843559503555298
PU-C,mnist,0,0.3,0.0,190,5000,0,194,2089,2283,0.48236960824579,0.366,0.7947411642196645,0.41872399999999993,0.6452420653199762,289.93649601638515,9.246175253996626,0,0,191,0.26804123711340205,0.0,0.5733608603477478
PU-C,mnist,0,0.3,0.0,200,5000,0,204,2099,2303,0.4863944469834678,0.35719999999999996,0.7974903334717348,0.419904,0.6463458975583003,298.46353953548834,9.751023238990456,0,0,201,0.27450980392156865,0.0,0.5764837861061096
PU-C,mnist,0,0.3,0.0,210,5000,0,214,2105,2319,0.48961310455342755,0.369,0.79986803868446,0.4210399999999999,0.6474074307432727,305.58629875183044,10.26064318115823,0,0,211,0.2803738317757009,0.0,0.5760031342506409
PU-C,mnist,0,0.3,0.0,220,5000,0,224,2124,2348,0.4954441760201007,0.3792,0.8044843785734425,0.424996,0.6510954031187394,313.36962881421067,10.772619618102908,0,0,221,0.2767857142857143,0.0,0.5882021188735962
PU-C,mnist,0,0.3,0.0,230,5000,0,234,2082,2316,0.4890096883755177,0.36450000000000005,0.7987439519159121,0.41552,0.6422387870411791,320.4761433555889,11.290695848176256,0,0,231,0.2777777777777778,0.0,0.5727564096450806
PU-C,mnist,0,0.3,0.0,240,5000,0,244,2126,2370,0.49986538966186345,0.377,0.8071330347249299,0.42446,0.650596509300766,328.48100947056724,11.812578596174717,0,0,241,0.28688524590163933,0.0,0.5762456655502319
PU-C,mnist,0,0.3,0.0,250,5000,0,254,2094,2348,0.4954441760201007,0.36140000000000005,0.803833814597132,0.41814,0.6446953154198212,335.82835685511867,12.33460456202738,0,0,251,0.2874015748031496,0.0,0.5820666551589966
PU-C,mnist,0,0.3,0.0,260,5000,0,264,2077,2341,0.4940369997639209,0.35229999999999995,0.8029456439003477,0.4151520000000001,0.6418932700996234,342.7866301159224,12.862361166160554,0,0,261,0.29924242424242425,0.0,0.575831949710846
PU-C,mnist,0,0.3,0.0,270,5000,0,274,2105,2379,0.5016734821838327,0.36639999999999995,0.8083563549949949,0.4204879999999999,0.6468917548271719,349.96835707645613,13.39528818312101,0,0,271,0.31386861313868614,0.0,0.573887050151825
PU-C,mnist,0,0.3,0.0,280,5000,0,284,2126,2410,0.5078987543238327,0.37450000000000006,0.8134597801192415,0.42547199999999996,0.6515382430331844,357.3541652430472,13.930867991177365,0,0,281,0.31690140845070425,0.0,0.5769092440605164
PU-C,mnist,0,0.3,0.0,290,5000,0,294,2097,2391,0.5040837432607077,0.3738,0.8108068473142453,0.4200520000000001,0.6464842591831399,364.63251400057715,14.47298895707354,0,0,291,0.32653061224489793,0.0,0.5727089643478394
PU-C,mnist,0,0.3,0.0,300,5000,0,304,2091,2395,0.5048870293539949,0.379,0.8103445291444364,0.41754399999999997,0.6441370258870531,372.18197566605636,15.014650837983936,0,0,301,0.32894736842105265,0.0,0.5838174819946289
PU-C,mnist,0,0.3,0.0,310,5000,0,314,2045,2359,0.4976550369756296,0.36219999999999997,0.8065678021670989,0.41074,0.6377416342193103,379.2726302624656,15.558696693042293,0,0,311,0.3248407643312102,0.0,0.5721413493156433
PU-C,mnist,0,0.3,0.0,320,5000,0,324,2046,2370,0.49986538966186345,0.36550000000000005,0.8062608640354424,0.4087360000000001,0.6358502803504955,385.7889610510803,16.105502168182284,0,0,321,0.32407407407407407,0.0,0.5717129111289978
PU-C,mnist,0,0.3,0.0,330,5000,0,334,2024,2358,0.49745407060254365,0.3508,0.8041009619411742,0.404316,0.6316662812911402,392.20061081542593,16.650878018001094,0,0,331,0.3203592814371258,0.0,0.5698109269142151
PU-C,mnist,0,0.3,0.0,340,5000,0,344,2050,2394,0.5046862141462043,0.36019999999999996,0.8096252304141708,0.410096,0.6371342170813606,398.7491820227125,17.20224297302775,0,0,341,0.3226744186046512,0.0,0.5663944482803345
PU-C,mnist,0,0.3,0.0,350,5000,0,354,2050,2404,0.5066941776312888,0.35960000000000003,0.8103670404990393,0.40962799999999994,0.6366925745190907,404.88136873513565,17.75559101602994,0,0,351,0.3192090395480226,0.0,0.5689933896064758
PU-C,mnist,0,0.3,0.0,360,5000,0,364,2035,2399,0.505690248333849,0.3639,0.8101426386643907,0.407684,0.6348560060709406,411.8229473969545,18.312447811011225,0,0,361,0.32142857142857145,0.0,0.5688052177429199
PU-C,mnist,0,0.3,0.0,370,5000,0,374,2065,2439,0.5137187464861199,0.373,0.8152115772137009,0.413064,0.6399306046224463,418.0833746390242,18.87736512720585,0,0,371,0.32887700534759357,0.0,0.5737389326095581
PU-C,mnist,0,0.3,0.0,380,5000,0,384,2039,2423,0.5105081524816342,0.37029999999999996,0.8133215060876668,0.40911999999999993,0.6362129677400736,424.0067484260354,19.446902522118762,0,0,381,0.3333333333333333,0.0,0.5702171325683594
PU-C,mnist,0,0.3,0.0,390,5000,0,394,2052,2446,0.5151230437331833,0.3649,0.8146241277895971,0.4094879999999999,0.6365604219751655,430.0534469606145,20.012038356158882,0,0,391,0.3350253807106599,0.0,0.5682847499847412
PU-C,mnist,0,0.3,0.0,400,5000,0,404,2057,2461,0.5181315601221286,0.38570000000000004,0.8170148233817722,0.4113400000000001,0.6383072245450278,436.17419557857755,20.586830883985385,0,0,401,0.33910891089108913,0.0,0.5721079111099243
PU-C,mnist,0,0.3,0.0,410,5000,0,414,2044,2458,0.5175299323163927,0.38480000000000003,0.8164206609911144,0.40910399999999997,0.6361978583441705,442.4295119046802,21.16509784408845,0,0,411,0.34057971014492755,0.0,0.5756357312202454
PU-C,mnist,0,0.3,0.0,420,5000,0,424,2033,2457,0.517329381313175,0.3732,0.815276365460803,0.405932,0.6331979872387044,449.5709591346479,21.744109376100823,0,0,421,0.3443396226415094,0.0,0.576077938079834
PU-C,mnist,0,0.3,0.0,430,5000,0,434,2017,2451,0.5161259873420931,0.36819999999999997,0.8136074946565028,0.40226,0.629714202051247,455.8529150251082,22.326894046040252,0,0,431,0.34101382488479265,0.0,0.5700873136520386
PU-C,mnist,0,0.3,0.0,440,5000,0,444,1983,2427,0.5113109016674571,0.3591,0.8112440093086292,0.3977199999999999,0.6253904463924854,461.9272304718388,22.909562897169963,0,0,441,0.3355855855855856,0.0,0.5673049092292786
PU-C,mnist,0,0.3,0.0,450,5000,0,454,1957,2411,0.5080995024181902,0.3556,0.8082652399699082,0.39245199999999997,0.6203504261001681,467.7152763913507,23.4929543111939,0,0,451,0.3370044052863436,0.0,0.5669593214988708
PU-C,mnist,0,0.3,0.0,460,5000,0,464,1977,2441,0.5141199952340685,0.355,0.8112993214018399,0.39522799999999997,0.6230093715172692,473.58571766553024,24.077488070121035,0,0,461,0.34051724137931033,0.0,0.5716730952262878
PU-C,mnist,0,0.3,0.0,470,5000,0,474,1970,2444,0.5147218368947506,0.3769,0.811989262528542,0.39492400000000005,0.6227185252169556,479.24019670157367,24.66393203707412,0,0,471,0.3438818565400844,0.0,0.5730255842208862
PU-C,mnist,0,0.3,0.0,480,5000,0,484,1970,2454,0.51672770321602,0.3729,0.8120551049820569,0.39363200000000004,0.6214815095794495,485.6167565458667,25.2579063011799,0,0,481,0.3450413223140496,0.0,0.5682270526885986
PU-C,mnist,0,0.3,0.0,490,5000,0,494,1939,2433,0.5125148995430209,0.35550000000000004,0.8079801939464221,0.387036,0.6151429505546129,490.9055652801065,25.85310152103193,0,0,491,0.3441295546558704,0.0,0.5676413178443909
PU-C,mnist,0,0.3,0.0,500,5000,0,504,1907,2411,0.5080995024181902,0.3428,0.8043722074541444,0.380936,0.6092461752211747,497.0743681020458,26.447695448063314,0,0,501,0.3392857142857143,0.0,0.5677076578140259
PU-C,mnist,0,0.3,0.0,510,5000,0,514,1906,2420,0.5099060466163792,0.3409,0.8049521902529418,0.380476,0.6088001337010976,502.85266397811455,27.04847905714996,0,0,511,0.3424124513618677,0.0,0.5717121958732605
PU-C,mnist,0,0.3,0.0,520,5000,0,524,1887,2411,0.5080995024181902,0.34340000000000004,0.8044422046675712,0.37855200000000006,0.6069324305666165,508.78805131461223,27.65288071706891,0,0,521,0.34541984732824427,0.0,0.5686578154563904
PU-C,mnist,0,0.3,0.0,530,5000,0,534,1895,2429,0.5117122510564514,0.3387,0.8058842928129648,0.37925200000000003,0.6076123383220615,514.5419024954263,28.258562612114474,0,0,531,0.3464419475655431,0.0,0.5683935880661011
PU-C,mnist,0,0.3,0.0,540,5000,0,544,1886,2430,0.5119129194645211,0.3449,0.8048717699827235,0.3766320000000001,0.6050652466396487,520.6997370489246,28.870975624071434,0,0,541,0.34375,0.0,0.5673626661300659
PU-C,mnist,0,0.3,0.0,550,5000,0,554,1879,2433,0.5125148995430209,0.3387,0.8043562655441152,0.374816,0.603296100770228,526.1926801395489,29.482701072003692,0,0,551,0.3447653429602888,0.0,0.5652556419372559
PU-C,mnist,0,0.3,0.0,560,5000,0,564,1850,2414,0.5087017215555534,0.33909999999999996,0.8026866817218141,0.371436,0.5999952501460049,531.9584176012396,30.09852373600006,0,0,561,0.34397163120567376,0.0,0.5685874819755554
PU-C,mnist,0,0.3,0.0,570,5000,0,574,1866,2440,0.5139193729264662,0.3376,0.8051372918108047,0.37344,0.6019535897018118,537.9273529281135,30.718790161190554,0,0,571,0.34668989547038326,0.0,0.5696804523468018
PU-C,mnist,0,0.3,0.0,580,5000,0,584,1852,2436,0.5131168419029564,0.34040000000000004,0.8041439110727099,0.37093599999999993,0.5995060659453513,543.8082025033021,31.33773360098712,0,0,581,0.3476027397260274,0.0,0.5655488967895508
PU-C,mnist,0,0.3,0.0,590,5000,0,594,1837,2431,0.5121135836816393,0.3355,0.802273416097896,0.36734799999999995,0.5959889035826362,549.4197338007519,31.957539431052282,0,0,591,0.3484848484848485,0.0,0.5662083625793457
PU-C,mnist,0,0.3,0.0,600,5000,0,604,1817,2421,0.5101067527430132,0.32010000000000005,0.8003342229674176,0.3636559999999999,0.592357323456627,555.2038008374005,32.57908066199161,0,0,601,0.347682119205298,0.0,0.5636298656463623
PU-C,mnist,0,0.3,0.0,610,5000,0,614,1825,2439,0.5137187464861199,0.32789999999999997,0.8017360664614462,0.36439599999999994,0.5930862305920669,560.656682066752,33.20259557198733,0,0,611,0.3485342019543974,0.0,0.5651448965072632
PU-C,mnist,0,0.3,0.0,620,5000,0,624,1803,2427,0.5113109016674571,0.3174,0.7997891779836996,0.36072000000000004,0.5894602899640065,566.4002950562386,33.832799507072195,0,0,621,0.34615384615384615,0.0,0.5685449242591858
PU-C,mnist,0,0.3,0.0,630,5000,0,634,1793,2427,0.5113109016674571,0.31399999999999995,0.7993974614729019,0.35905600000000004,0.5878147852513472,572.2585409938147,34.46247194916941,0,0,631,0.3438485804416404,0.0,0.570410966873169
PU-C,mnist,0,0.3,0.0,640,5000,0,644,1772,2416,0.5091031800257042,0.30910000000000004,0.7967306023498927,0.35449600000000003,0.5832920883029907,577.9360946118225,35.0945424051024,0,0,641,0.3416149068322981,0.0,0.5625065565109253
PU-C,mnist,0,0.3,0.0,650,5000,0,654,1778,2432,0.5123142437078059,0.30400000000000005,0.7981089601261899,0.35518,0.5839717470036552,583.5479994540907,35.73000828316435,0,0,651,0.3409785932721712,0.0,0.5605636835098267
PU-C,mnist,0,0.3,0.0,660,5000,0,664,1783,2447,0.5153236408368684,0.3095,0.7992164229485358,0.35558800000000007,0.5843769462467594,588.8310888744826,36.367473668185994,0,0,661,0.34036144578313254,0.0,0.5672218799591064
PU-C,mnist,0,0.3,0.0,670,5000,0,674,1725,2399,0.505690248333849,0.28869999999999996,0.7920616388417911,0.34536,0.5741712692143262,594.2690431101769,37.00583896506578,0,0,671,0.3397626112759644,0.0,0.56048184633255
PU-C,mnist,0,0.3,0.0,680,5000,0,684,1722,2406,0.507095719978679,0.29290000000000005,0.7923519868876042,0.3446839999999999,0.5734932064604523,599.7234426413925,37.644552507204935,0,0,681,0.3406432748538012,0.0,0.5618604421615601
PU-C,mnist,0,0.3,0.0,690,5000,0,694,1736,2430,0.5119129194645211,0.2956,0.7954214259405072,0.34756,0.5763749294045926,605.1809290197217,38.287270626053214,0,0,691,0.3414985590778098,0.0,0.5653602480888367
PU-C,mnist,0,0.3,0.0,700,5000,0,704,1723,2427,0.5113109016674571,0.2956,0.7940541526115212,0.3447999999999999,0.5736095918251434,610.5103510754838,38.933731803204864,0,0,701,0.34375,0.0,0.5577829480171204
PU-C,mnist,0,0.3,0.0,710,5000,0,714,1715,2429,0.5117122510564514,0.30289999999999995,0.7926754208981585,0.34204799999999996,0.5708449349431112,615.786437727077,39.582603733986616,0,0,711,0.3445378151260504,0.0,0.5604541897773743
PU-C,mnist,0,0.3,0.0,720,5000,0,724,1713,2437,0.5133174809161574,0.30710000000000004,0.793950023754087,0.34269999999999995,0.5715005978096995,620.9508121083885,40.23721316200681,0,0,721,0.34668508287292815,0.0,0.5602085590362549
PU-C,mnist,0,0.3,0.0,730,5000,0,734,1711,2445,0.5149224423803389,0.3116,0.7943737075450111,0.34224400000000005,0.5710420794826773,626.2766747604413,40.89124415605329,0,0,731,0.34877384196185285,0.0,0.5664241909980774
PU-C,mnist,0,0.3,0.0,740,5000,0,744,1703,2447,0.5153236408368684,0.31089999999999995,0.793781317668908,0.340468,0.5692543428541553,631.7600423974071,41.548019480193034,0,0,741,0.3481182795698925,0.0,0.5630325675010681
PU-C,mnist,0,0.3,0.0,750,5000,0,754,1689,2443,0.5145212272182107,0.31110000000000004,0.7927699692794327,0.338268,0.5670355359471474,636.6941063447554,42.2093469731044,0,0,751,0.34615384615384615,0.0,0.5654394030570984
PU-C,mnist,0,0.3,0.0,760,5000,0,764,1686,2450,0.5159254070022143,0.3077,0.7929903073475176,0.3375480000000001,0.5663083517224133,642.1169439897362,42.87019023299217,0,0,761,0.3481675392670157,0.0,0.558452844619751
PU-C,mnist,0,0.3,0.0,770,5000,0,774,1676,2450,0.5159254070022143,0.3164,0.7924320747531335,0.3359680000000001,0.564710801673373,646.8668082025705,43.53159830602817,0,0,771,0.3488372093023256,0.0,0.5597676634788513
PU-C,mnist,0,0.3,0.0,780,5000,0,784,1664,2448,0.515524233749602,0.2933,0.7899643301555114,0.3319,0.5605862808256665,652.0743727119789,44.19701258512214,0,0,781,0.3482142857142857,0.0,0.558289647102356
PU-C,mnist,0,0.3,0.0,790,5000,0,794,1644,2438,0.5135181157966144,0.2933,0.7881047488659642,0.328628,0.5572568942599812,657.2384208198001,44.865500840125605,0,0,791,0.34634760705289674,0.0,0.5571415424346924
PU-C,mnist,0,0.3,0.0,796,5000,0,800,1647,2447,0.5153236408368684,0.29300000000000004,0.7893399296310215,0.329632,0.5582796390611758,660.2488740342645,45.35306846303865,0,1,797,0.3475,0.0,0.558292031288147
Marginal,mnist,0,0.3,0.0,0,5000,0,4,2519,2523,0.53055674652569,0.5162,0.7436753326338638,0.498392,0.7171109739684399,0.7532094365107419,0.2264691109303385,0,0,1,0.5,0.0,0.6316744089126587
Marginal,mnist,0,0.3,0.0,10,5000,0,14,2257,2271,0.4799538952065632,0.38060000000000005,0.7389251146184418,0.45000400000000007,0.6740987496905623,43.620745836868046,0.6311254650354385,0,0,11,0.35714285714285715,0.0,0.5984950661659241
Marginal,mnist,0,0.3,0.0,20,5000,0,24,2286,2310,0.4878027423401363,0.372,0.7631981277748554,0.45965600000000006,0.6828350900063047,75.19489631254747,1.0311901699751616,0,0,21,0.3333333333333333,0.0,0.5753733515739441
Marginal,mnist,0,0.3,0.0,30,5000,0,34,2309,2343,0.49443907116074115,0.37760000000000005,0.7741291855939556,0.462156,0.6850851299607369,96.41637703601734,1.4364056480117142,0,0,31,0.2647058823529412,0.0,0.5867770910263062
Marginal,mnist,0,0.3,0.0,40,5000,0,44,2236,2280,0.4817657369421795,0.35340000000000005,0.7688681816201575,0.44727199999999995,0.6716116423061029,114.21877563078742,1.840689986012876,0,0,41,0.20454545454545456,0.0,0.6075483560562134
Marginal,mnist,0,0.3,0.0,50,5000,0,54,2230,2284,0.4825708902790211,0.34130000000000005,0.7729836918058164,0.44589199999999996,0.6703529409956274,129.0178310969594,2.2445789489429444,0,0,51,0.24074074074074073,0.0,0.6200342774391174
Marginal,mnist,0,0.3,0.0,60,5000,0,64,2236,2300,0.4857908286503516,0.35629999999999995,0.7784377306516878,0.447632,0.6719397338233641,141.22367802812144,2.644909830065444,0,0,61,0.25,0.0,0.649382472038269
Marginal,mnist,0,0.3,0.0,70,5000,0,74,2249,2323,0.4904176006093621,0.35740000000000005,0.7830396278202125,0.44874,0.6729488380123627,153.00208795170207,3.0484830860514194,0,0,71,0.25675675675675674,0.0,0.6303960084915161
Marginal,mnist,0,0.3,0.0,80,5000,0,84,2258,2342,0.4942380375578068,0.3648,0.7887385180400589,0.45138000000000006,0.6753490164831125,165.0454415698205,3.4496269980445504,0,0,81,0.27380952380952384,0.0,0.6380659341812134
Marginal,mnist,0,0.3,0.0,90,5000,0,94,2212,2306,0.4869980274233967,0.34509999999999996,0.7854442450237613,0.44236,0.6671240375573142,178.0736374261283,3.8543589909095317,0,0,91,0.24468085106382978,0.0,0.6187762022018433
Marginal,mnist,0,0.3,0.0,100,5000,0,104,2221,2325,0.49081982334610075,0.3509,0.7904719284378104,0.4444000000000001,0.6689902677739457,190.39244516765524,4.258250393904746,0,0,101,0.2692307692307692,0.0,0.6054024696350098
Marginal,mnist,0,0.3,0.0,110,5000,0,114,2220,2334,0.4926296175690368,0.35309999999999997,0.7930831108073837,0.4441399999999999,0.6687526113804322,200.87749089672636,4.662131106946617,0,0,111,0.2543859649122807,0.0,0.6030191779136658
Marginal,mnist,0,0.3,0.0,120,5000,0,124,2193,2317,0.48921083129243925,0.3439,0.7915304787778827,0.4386760000000001,0.6637448815041,211.14600182089208,5.062203251058236,0,0,121,0.25806451612903225,0.0,0.6001833081245422
Marginal,mnist,0,0.3,0.0,130,5000,0,134,2198,2332,0.49222747050225735,0.3358,0.7940483545292019,0.438804,0.6638624834932679,220.64223673152443,5.461818529991433,0,0,131,0.2537313432835821,0.0,0.5987173914909363
Marginal,mnist,0,0.3,0.0,140,5000,0,144,2188,2332,0.49222747050225735,0.3369,0.7952432923569565,0.437292,0.6624724181554642,230.15260242745944,5.860915734898299,0,0,141,0.24305555555555555,0.0,0.6009700894355774
Marginal,mnist,0,0.3,0.0,150,5000,0,154,2195,2349,0.49564518441911787,0.3458,0.7987786593242898,0.43878400000000006,0.6638441091026793,240.0435431970759,6.263978696893901,0,0,151,0.2532467532467532,0.0,0.6053906083106995
Marginal,mnist,0,0.3,0.0,160,5000,0,164,2178,2342,0.4942380375578068,0.3417,0.7984074057920757,0.435432,0.6607597419392671,249.32685554124228,6.663648264948279,0,0,161,0.25609756097560976,0.0,0.6045650243759155
Marginal,mnist,0,0.3,0.0,170,5000,0,174,2170,2344,0.49464010051451623,0.3429,0.7997409331238883,0.434288,0.6597048864522949,258.87022833408054,7.0673422899562865,0,0,171,0.27011494252873564,0.0,0.605959415435791
Marginal,mnist,0,0.3,0.0,180,5000,0,184,2147,2331,0.49202639068244025,0.33540000000000003,0.7982848008204532,0.429468,0.6552481764197553,268.6773473316795,7.470398041885346,0,0,181,0.2717391304347826,0.0,0.599658727645874
Marginal,mnist,0,0.3,0.0,190,5000,0,194,2136,2330,0.4918253066134639,0.3337,0.7989146274205419,0.4277,0.6536084379763328,277.55902304962325,7.873461562907323,0,0,191,0.27319587628865977,0.0,0.5985611081123352
Marginal,mnist,0,0.3,0.0,200,5000,0,204,2135,2339,0.4936349116032943,0.33499999999999996,0.8001055416198448,0.42699600000000004,0.6529547625822226,285.4415757706339,8.276309486944228,0,0,201,0.2696078431372549,0.0,0.5934977531433105
Marginal,mnist,0,0.3,0.0,210,5000,0,214,2107,2321,0.49001536099240184,0.3224,0.7978395606981921,0.421908,0.6482177793903768,292.93385401939344,8.679101421032101,0,0,211,0.26635514018691586,0.0,0.5962494611740112
Marginal,mnist,0,0.3,0.0,220,5000,0,224,2110,2334,0.4926296175690368,0.3237,0.7997239780214261,0.42225999999999997,0.648546214424256,300.49134726877776,9.07877342007123,0,0,221,0.27232142857142855,0.0,0.5922344326972961
Marginal,mnist,0,0.3,0.0,230,5000,0,234,2100,2334,0.4926296175690368,0.32520000000000004,0.7997035094938677,0.419944,0.6463832944624479,308.7925916763276,9.478820495074615,0,0,231,0.27350427350427353,0.0,0.5936536192893982
Marginal,mnist,0,0.3,0.0,240,5000,0,244,2110,2354,0.4966501632006839,0.32820000000000005,0.8029750885558693,0.42193200000000003,0.6482401760896703,317.3089612178906,9.882134234067053,0,0,241,0.2827868852459016,0.0,0.589712381362915
Marginal,mnist,0,0.3,0.0,250,5000,0,254,2101,2355,0.4968511463375762,0.3256,0.8033111741127085,0.420276,0.6466936352978961,325.1353066579134,10.282827500952408,0,0,251,0.28346456692913385,0.0,0.5887530446052551
Marginal,mnist,0,0.3,0.0,260,5000,0,264,2096,2360,0.49785599909955636,0.32020000000000004,0.8040249600154956,0.41922799999999993,0.6457136802601464,332.6510336915748,10.683451710036024,0,0,261,0.2803030303030303,0.0,0.5846293568611145
Marginal,mnist,0,0.3,0.0,270,5000,0,274,2091,2365,0.4988607469131239,0.3246,0.8048100146552146,0.41821200000000003,0.6447627389278592,340.50212743307617,11.087316321907565,0,0,271,0.2846715328467153,0.0,0.5909044742584229
Marginal,mnist,0,0.3,0.0,280,5000,0,284,2083,2367,0.49926261662039906,0.32230000000000003,0.8050507370677348,0.41651999999999995,0.64317709696098,348.27485132519274,11.488164867972955,0,0,281,0.2887323943661972,0.0,0.5841323137283325
Marginal,mnist,0,0.3,0.0,290,5000,0,294,2076,2370,0.49986538966186345,0.3194,0.8054025006715626,0.41507599999999995,0.6418218986606371,355.74451920432745,11.887803527060896,0,0,291,0.2891156462585034,0.0,0.5867154598236084
Marginal,mnist,0,0.3,0.0,300,5000,0,304,2074,2378,0.5014725998044014,0.31779999999999997,0.8064725864330096,0.414568,0.6413447078361983,363.3749943165642,12.291446011979133,0,0,301,0.2894736842105263,0.0,0.5841165781021118
Marginal,mnist,0,0.3,0.0,310,5000,0,314,2068,2382,0.5022761041182093,0.31699999999999995,0.8073961075626833,0.4139960000000001,0.6408071295485966,370.5761874906823,12.695605041924864,0,0,311,0.28662420382165604,0.0,0.5838064551353455
Marginal,mnist,0,0.3,0.0,320,5000,0,324,2067,2391,0.5040837432607077,0.31989999999999996,0.8080190388502858,0.412884,0.6397612314425632,378.42361302863276,13.095759615069255,0,0,321,0.2993827160493827,0.0,0.5833376049995422
Marginal,mnist,0,0.3,0.0,330,5000,0,334,2062,2396,0.5050878404290415,0.3188,0.808758837969321,0.41221599999999997,0.6391324216750695,385.1827132569869,13.495984937995672,0,0,331,0.2964071856287425,0.0,0.5830233693122864
Marginal,mnist,0,0.3,0.0,340,5000,0,344,2049,2393,0.5044853947474621,0.31479999999999997,0.8083280755469631,0.4098320000000001,0.6368851089433465,392.6289596049761,13.899539113976061,0,0,341,0.29069767441860467,0.0,0.5820053815841675
Marginal,mnist,0,0.3,0.0,350,5000,0,354,2038,2392,0.5042845710995607,0.31189999999999996,0.8081284906456435,0.407904,0.6350640143937816,399.53822907584623,14.299588548950851,0,0,351,0.2909604519774011,0.0,0.5831385254859924
Marginal,mnist,0,0.3,0.0,360,5000,0,364,2037,2401,0.5060918326489627,0.31889999999999996,0.8092032899363037,0.40763999999999995,0.6348143993120267,406.6803846898285,14.698404927039519,0,0,361,0.30494505494505497,0.0,0.5826155543327332
Marginal,mnist,0,0.3,0.0,370,5000,0,374,2030,2404,0.5066941776312888,0.3137,0.8092160318341879,0.406092,0.6333495163434212,413.30883555574945,15.094193218043074,0,0,371,0.3048128342245989,0.0,0.5792165994644165
Marginal,mnist,0,0.3,0.0,380,5000,0,384,2026,2410,0.5078987543238327,0.3164,0.8098647495920874,0.4053360000000001,0.6326333432764527,420.2526901887651,15.489550665020943,0,0,381,0.3072916666666667,0.0,0.5816004276275635
Marginal,mnist,0,0.3,0.0,390,5000,0,394,2021,2415,0.5089024528861046,0.3153,0.8101640278332095,0.40418399999999993,0.631541065163309,426.94678160912434,15.884158768923953,0,0,391,0.30456852791878175,0.0,0.5792636871337891
Marginal,mnist,0,0.3,0.0,400,5000,0,404,2014,2418,0.5095046217320487,0.3147,0.810294047635867,0.40286,0.6302842601538975,433.4571180599073,16.280730182072148,0,0,401,0.30198019801980197,0.0,0.5781900882720947
Marginal,mnist,0,0.3,0.0,410,5000,0,414,2010,2424,0.5107088460936211,0.31289999999999996,0.8108886524393876,0.4021880000000001,0.6296457737282782,439.89754060425446,16.67455301503651,0,0,411,0.30193236714975846,0.0,0.5772902369499207
Marginal,mnist,0,0.3,0.0,420,5000,0,424,2000,2424,0.5107088460936211,0.3095,0.8106583895259403,0.40044799999999997,0.6279906966238318,446.21076172594456,17.06876062299125,0,0,421,0.2971698113207547,0.0,0.5781446695327759
Marginal,mnist,0,0.3,0.0,430,5000,0,434,2001,2435,0.5129161986405961,0.3105,0.8115402696059394,0.40016399999999996,0.6277203034900537,452.7472368966821,17.462402077857405,0,0,431,0.29723502304147464,0.0,0.576705276966095
Marginal,mnist,0,0.3,0.0,440,5000,0,444,1993,2437,0.5133174809161574,0.31289999999999996,0.8114557868502436,0.398528,0.626161296019589,459.57005883794346,17.856106692925096,0,0,441,0.29504504504504503,0.0,0.5809281468391418
Marginal,mnist,0,0.3,0.0,450,5000,0,454,1988,2442,0.5143206132925116,0.30710000000000004,0.8118455254394262,0.39757600000000004,0.6252530064235771,466.240718046084,18.251327821053565,0,0,451,0.2973568281938326,0.0,0.5759143829345703
Marginal,mnist,0,0.3,0.0,460,5000,0,464,1977,2441,0.5141199952340685,0.3115,0.8114683118215434,0.395664,0.6234263626972242,472.6318068367045,18.6457581568975,0,0,461,0.2995689655172414,0.0,0.5763083696365356
Marginal,mnist,0,0.3,0.0,470,5000,0,474,1973,2447,0.5153236408368684,0.3046,0.8118589799177559,0.39477199999999996,0.6225730711959301,479.1322244260403,19.039927385980263,0,0,471,0.2974683544303797,0.0,0.5731560587882996
Marginal,mnist,0,0.3,0.0,480,5000,0,484,1966,2450,0.5159254070022143,0.30510000000000004,0.8119206048375628,0.393516,0.6213703734213819,485.31486028426036,19.434095164993778,0,0,481,0.29132231404958675,0.0,0.5725747346878052
Marginal,mnist,0,0.3,0.0,490,5000,0,494,1956,2450,0.5159254070022143,0.30200000000000005,0.8110050970985485,0.39090800000000003,0.6188685523744446,491.71723536943483,19.829119354952127,0,0,491,0.2874493927125506,0.0,0.5707935094833374
Marginal,mnist,0,0.3,0.0,500,5000,0,504,1952,2456,0.5171288261772133,0.3024,0.8113826242434113,0.39016400000000007,0.618153726887736,497.5751762214117,20.2270189630799,0,0,501,0.2896825396825397,0.0,0.5683555603027344
Marginal,mnist,0,0.3,0.0,510,5000,0,514,1945,2459,0.5177304791286588,0.30710000000000004,0.8114110246829294,0.389012,0.6170459211117433,503.18180645614996,20.62253262801096,0,0,511,0.29377431906614787,0.0,0.5720309019088745
Marginal,mnist,0,0.3,0.0,520,5000,0,524,1938,2462,0.5183320943033323,0.3026,0.8112843979134207,0.38764,0.6157250003950583,508.8779633924962,21.019359508063644,0,0,521,0.29389312977099236,0.0,0.5677172541618347
Marginal,mnist,0,0.3,0.0,530,5000,0,534,1936,2470,0.5199362169369124,0.30510000000000004,0.8119101384428827,0.387324,0.6154205252055239,514.3954971442032,21.416912670014426,0,0,531,0.2940074906367041,0.0,0.5675922632217407
Marginal,mnist,0,0.3,0.0,540,5000,0,544,1922,2466,0.5191341891768388,0.2992,0.8106774372117066,0.384536,0.6127303074296132,519.8255668904225,21.813028628006577,0,0,541,0.29411764705882354,0.0,0.5708849430084229
Marginal,mnist,0,0.3,0.0,550,5000,0,554,1918,2472,0.5203372056712396,0.30079999999999996,0.810725463700843,0.3833879999999999,0.6116205309648671,525.6745955440306,22.21032640291378,0,0,551,0.2924187725631769,0.0,0.5664047598838806
Marginal,mnist,0,0.3,0.0,560,5000,0,564,1912,2476,0.5211391327902675,0.30179999999999996,0.81085591179977,0.382372,0.6106373646165929,531.454535516516,22.607276710914448,0,0,561,0.2907801418439716,0.0,0.5674775242805481
Marginal,mnist,0,0.3,0.0,570,5000,0,574,1909,2483,0.5225423436495475,0.2944,0.8112143363119396,0.381732,0.6100175670196843,536.925495741337,23.004231740022078,0,0,571,0.29094076655052264,0.0,0.5677487254142761
Marginal,mnist,0,0.3,0.0,580,5000,0,584,1901,2485,0.5229432233027183,0.29769999999999996,0.8108875626599311,0.3801959999999998,0.6085285360136897,542.3131443274573,23.403814658988267,0,0,581,0.2945205479452055,0.0,0.5659647583961487
Marginal,mnist,0,0.3,0.0,590,5000,0,594,1895,2489,0.5237449322012253,0.30069999999999997,0.8106668435383312,0.378872,0.607243300932737,547.3867294764518,23.800433441996574,0,0,591,0.2962962962962963,0.0,0.5667815208435059
Marginal,mnist,0,0.3,0.0,600,5000,0,604,1888,2492,0.5243461698410101,0.2966,0.8104049346545632,0.377516,0.6059253472628703,552.3725184048169,24.197841594927013,0,0,601,0.29635761589403975,0.0,0.5648568272590637
Marginal,mnist,0,0.3,0.0,610,5000,0,614,1882,2496,0.5251477612764575,0.2945,0.810309620665349,0.3763679999999999,0.604808245520137,557.4589294567846,24.597846099874005,0,0,611,0.2931596091205212,0.0,0.5646229982376099
Marginal,mnist,0,0.3,0.0,620,5000,0,624,1876,2500,0.5259492855402641,0.29500000000000004,0.8101199049210124,0.37517599999999995,0.6036470525042177,562.1584472537276,24.998035473981872,0,0,621,0.296474358974359,0.0,0.5634467601776123
Marginal,mnist,0,0.3,0.0,630,5000,0,634,1871,2505,0.5269510964280926,0.28979999999999995,0.8102059441936315,0.3742519999999999,0.6027460374786464,567.3878006994814,25.395697173895314,0,0,631,0.2917981072555205,0.0,0.5670633912086487
Marginal,mnist,0,0.3,0.0,640,5000,0,644,1866,2510,0.5279528023675084,0.29190000000000005,0.8100957126097426,0.37318799999999996,0.6017075344961915,572.023398031135,25.79286635108292,0,0,641,0.2919254658385093,0.0,0.5652708411216736
Marginal,mnist,0,0.3,0.0,650,5000,0,654,1858,2512,0.5283534553600475,0.28779999999999994,0.809586726226433,0.37160000000000004,0.6001556523694791,576.6379408079043,26.193617447977886,0,0,651,0.29204892966360857,0.0,0.5689608454704285
Marginal,mnist,0,0.3,0.0,660,5000,0,664,1849,2513,0.5285537755698897,0.28590000000000004,0.8089735028362868,0.36982400000000015,0.5984172932389416,581.530575078476,26.59415988693945,0,0,661,0.2921686746987952,0.0,0.5688759088516235
Marginal,mnist,0,0.3,0.0,670,5000,0,674,1842,2516,0.5291547109372914,0.29300000000000004,0.8087150899168971,0.368524,0.5971429984562092,586.433220600644,26.99168975907378,0,0,671,0.2922848664688427,0.0,0.5634638071060181
Marginal,mnist,0,0.3,0.0,680,5000,0,684,1835,2519,0.5297556085279211,0.2905,0.8082974206687789,0.367016,0.5956628555097658,591.3417799103746,27.39352207398042,0,0,681,0.2894736842105263,0.0,0.5629287958145142
Marginal,mnist,0,0.3,0.0,690,5000,0,694,1830,2524,0.5307570205186494,0.2893,0.8082778199772501,0.36600800000000006,0.5946722991627167,596.4250045431968,27.79173307889141,0,0,691,0.2910662824207493,0.0,0.5634133219718933
Marginal,mnist,0,0.3,0.0,700,5000,0,704,1822,2526,0.5311575559317134,0.28890000000000005,0.8077950738768457,0.36440799999999995,0.5930980464983585,601.4144910165398,28.190723665058613,0,0,701,0.2869318181818182,0.0,0.5611720085144043
Marginal,mnist,0,0.3,0.0,710,5000,0,714,1817,2531,0.5321588208316825,0.28469999999999995,0.807766048998167,0.3633999999999999,0.5921050419810473,606.4808760839308,28.59353187889792,0,0,711,0.28851540616246496,0.0,0.5633678436279297
Marginal,mnist,0,0.3,0.0,720,5000,0,724,1811,2535,0.5329597571399063,0.2891,0.8075304781253106,0.3622000000000001,0.5909216560483701,611.141201823623,28.992825252003968,0,0,721,0.2900552486187845,0.0,0.560125470161438
Marginal,mnist,0,0.3,0.0,730,5000,0,734,1802,2536,0.5331599807250313,0.29269999999999996,0.8068712962087708,0.3604240000000001,0.589167770228645,615.905995872936,29.39593775407411,0,0,731,0.29155313351498635,0.0,0.5619125366210938
Marginal,mnist,0,0.3,0.0,740,5000,0,744,1797,2541,0.5341610355535522,0.2931,0.8068115847282671,0.35940000000000005,0.5881551751651841,620.9113928082298,29.79868580796756,0,0,741,0.2970430107526882,0.0,0.5611907839775085
Marginal,mnist,0,0.3,0.0,750,5000,0,754,1789,2543,0.5345614280086011,0.28500000000000003,0.8063883427707272,0.35790800000000006,0.5866780263371623,625.8759901499127,30.202078076079488,0,0,751,0.29442970822281167,0.0,0.5617316961288452
Marginal,mnist,0,0.3,0.0,760,5000,0,764,1784,2548,0.5355623356881551,0.28990000000000005,0.8061967979668976,0.3568,0.5855796968811693,630.4465630350604,30.606387644074857,0,0,761,0.29712041884816753,0.0,0.5610582828521729
Marginal,mnist,0,0.3,0.0,770,5000,0,774,1776,2550,0.5359626692952588,0.29000000000000004,0.8057031238247638,0.35531999999999997,0.5841108037372642,634.8977834677312,31.00960465404205,0,0,771,0.2971576227390181,0.0,0.5611729025840759
Marginal,mnist,0,0.3,0.0,780,5000,0,784,1771,2555,0.5369634297094308,0.2865,0.8054097237771114,0.35415599999999997,0.582954081064944,639.0883854557188,31.412769264075905,0,0,781,0.2971938775510204,0.0,0.5616514086723328
Marginal,mnist,0,0.3,0.0,790,5000,0,794,1764,2558,0.5375638355035335,0.2825,0.805040802173186,0.352808,0.5816129005546588,643.756455438304,31.813500761054456,0,0,791,0.29345088161209065,0.0,0.562614381313324
Marginal,mnist,0,0.3,0.0,796,5000,0,800,1760,2560,0.5379640850005671,0.2821,0.8048611743486309,0.35207199999999994,0.5808798940170355,646.4703243825587,32.144264467060566,0,1,797,0.29125,0.0,0.5621343851089478
MaxLoss,mnist,1,0.0,0.0,0,5000,0,4,2156,2160,0.45757963246433064,0.4104,0.69739488791411,0.44488,0.6694288673288332,0.8087834602583532,0.23038824903778732,0,0,1,0.0,0.0,0.6689372062683105
MaxLoss,mnist,1,0.0,0.0,10,5000,0,14,1692,1706,0.3655058135627769,0.33130000000000004,0.6549475271981549,0.369208,0.5978136684482509,26.978547361735178,0.5737372569274157,0,0,11,0.0,0.0,0.6565179228782654
MaxLoss,mnist,1,0.0,0.0,20,5000,0,24,2011,2035,0.43232026987243444,0.4091,0.7004393630494424,0.39175200000000004,0.6196788564270812,66.03430275677712,0.9189370039384812,0,0,21,0.0,0.0,0.6195088028907776
MaxLoss,mnist,1,0.0,0.0,30,5000,0,34,2023,2057,0.436770818894729,0.4135,0.7165852677441527,0.391496,0.619433144359937,101.32358912578576,1.2634937779512256,0,0,31,0.0,0.0,0.6088420152664185
MaxLoss,mnist,1,0.0,0.0,40,5000,0,44,1354,1398,0.3024826930486597,0.27349999999999997,0.6050016743124621,0.262252,0.48727331325689466,133.20441791290727,1.608474028063938,0,0,41,0.0,0.0,0.5986915230751038
MaxLoss,mnist,1,0.0,0.0,50,5000,0,54,1475,1529,0.32934798731002957,0.3095,0.633747658605437,0.280824,0.5073464055126801,157.7013128144854,1.9539756020531058,0,0,51,0.0,0.0,0.5798397660255432
MaxLoss,mnist,1,0.0,0.0,60,5000,0,64,1438,1502,0.3238183868234046,0.30279999999999996,0.6421106917770996,0.28235999999999994,0.5089886540211447,176.81221705255825,2.2990864999592304,0,0,61,0.0,0.0,0.5768994688987732
MaxLoss,mnist,1,0.0,0.0,70,5000,0,74,1624,1698,0.36387489666230977,0.3307,0.6803753329492012,0.31492400000000004,0.5431951683286518,195.76870318302085,2.6440514400601387,0,0,71,0.0,0.0,0.6039698123931885
MaxLoss,mnist,1,0.0,0.0,80,5000,0,84,1259,1343,0.2911751071223989,0.27280000000000004,0.6202159558866313,0.24883999999999998,0.4725189943791989,215.50825563350799,2.9891418379265815,0,0,81,0.0,0.0,0.5857509970664978
MaxLoss,mnist,1,0.0,0.0,90,5000,0,94,1339,1433,0.3096695606363937,0.27680000000000005,0.6375004029371418,0.259264,0.48400549666462955,235.9963478917488,3.334596542874351,0,0,91,0.0,0.0,0.6188552379608154
MaxLoss,mnist,1,0.0,0.0,100,5000,0,104,931,1035,0.22750604595057666,0.1946,0.5613423250376152,0.185888,0.39997187256167716,253.6857987829975,3.680646609980613,0,0,101,0.0,0.0,0.5735098719596863
MaxLoss,mnist,1,0.0,0.0,110,5000,0,114,772,886,0.19646004948299378,0.16600000000000004,0.5274971381746835,0.156192,0.36349662666630367,263.13132988977196,4.021319387014955,0,0,111,0.0,0.0,0.5815632343292236
MaxLoss,mnist,1,0.0,0.0,120,5000,0,124,736,860,0.19102332345210016,0.16159999999999997,0.5225513008252236,0.14759599999999998,0.3526088906882593,283.8113862534664,4.366910581011325,0,0,121,0.0,0.0,0.5870109796524048
MaxLoss,mnist,1,0.0,0.0,130,5000,0,134,673,807,0.1799212353071198,0.14539999999999997,0.5138906542462227,0.138492,0.3408967173263341,295.43197809545757,4.707363710040227,0,0,131,0.0,0.0,0.5850081443786621
MaxLoss,mnist,1,0.0,0.0,140,5000,0,144,964,1108,0.24265384214231744,0.20379999999999998,0.5825545701041234,0.18980800000000003,0.4046668091319384,311.0956142424638,5.052228940883651,0,0,141,0.0,0.0,0.6004930734634399
MaxLoss,mnist,1,0.0,0.0,150,5000,0,154,792,946,0.20898367749759927,0.1754,0.5473753049118645,0.158448,0.3663279834392029,322.15138434616284,5.397517686942592,0,0,151,0.0,0.0,0.5828648805618286
MaxLoss,mnist,1,0.0,0.0,160,5000,0,164,657,821,0.18285648536402732,0.1562,0.5141483158425804,0.130876,0.33094548652443917,333.05283615055896,5.742996671004221,0,0,161,0.0,0.0,0.5895631313323975
MaxLoss,mnist,1,0.0,0.0,170,5000,0,174,736,910,0.2014732167008333,0.1653,0.5336701891843338,0.143088,0.34683350639383476,344.77164215845175,6.089117608033121,0,0,171,0.0,0.0,0.594140350818634
MaxLoss,mnist,1,0.0,0.0,180,5000,0,184,571,755,0.16900153807364404,0.13770000000000004,0.4959048032893218,0.113592,0.30778709502311463,355.26304586088014,6.434947328874841,0,0,181,0.0,0.0,0.587479829788208
MaxLoss,mnist,1,0.0,0.0,190,5000,0,194,601,795,0.17740376136498526,0.14529999999999998,0.505848635293591,0.11805199999999999,0.31384447143104055,368.83880243579705,6.776395046850666,0,0,191,0.0,0.0,0.5962815284729004
MaxLoss,mnist,1,0.0,0.0,200,5000,0,204,598,802,0.17887246276950464,0.1481,0.5042072344153374,0.114908,0.3095806524884443,379.8082949822905,7.117428519995883,0,0,201,0.0,0.0,0.5964640378952026
MaxLoss,mnist,1,0.0,0.0,210,5000,0,214,382,596,0.13542070938274264,0.10209999999999997,0.4410577806595363,0.0725,0.24861659892767646,390.63999513634093,7.463772295042872,0,0,211,0.0,0.0,0.5936763882637024
MaxLoss,mnist,1,0.0,0.0,220,5000,0,224,332,556,0.1269197496585548,0.0847,0.43110931065607183,0.066152,0.2387882596963306,394.7466776333432,7.810657694004476,0,0,221,0.0,0.0,0.5873932838439941
MaxLoss,mnist,1,0.0,0.0,230,5000,0,234,346,580,0.13202318811090663,0.09570000000000001,0.4375343593006521,0.06741199999999999,0.24075758043873713,411.42518038623575,8.152859813999385,0,0,231,0.0,0.0,0.5909989476203918
MaxLoss,mnist,1,0.0,0.0,240,5000,0,244,439,683,0.15383349463809282,0.118,0.4684043792222946,0.084384,0.26644844806247664,421.18203306590385,8.5004726939369,0,0,241,0.0,0.0,0.5926896333694458
MaxLoss,mnist,1,0.0,0.0,250,5000,0,254,321,575,0.1309606907889247,0.09550000000000003,0.43229845179600457,0.06184,0.23197455395425431,430.27859878109876,8.848457501037046,0,0,251,0.0,0.0,0.5914235711097717
MaxLoss,mnist,1,0.0,0.0,260,5000,0,264,307,571,0.13011042348807678,0.09240000000000004,0.4279288591876848,0.058024000000000006,0.22584247996868476,440.9542662333011,9.196740354876965,0,0,261,0.0,0.0,0.5907365679740906
MaxLoss,mnist,1,0.0,0.0,270,5000,0,274,272,546,0.12479068693937734,0.08250000000000002,0.41678814557506805,0.051012,0.21429558298590887,449.7434728087046,9.544930479023606,0,0,271,0.0,0.0,0.5914607644081116
MaxLoss,mnist,1,0.0,0.0,280,5000,0,284,278,562,0.1281964346417226,0.08699999999999997,0.42484426807458914,0.05410399999999999,0.21943449275632929,458.6650782237429,9.89388527488336,0,0,281,0.0,0.0,0.5941567420959473
MaxLoss,mnist,1,0.0,0.0,290,5000,0,294,194,488,0.11240931588690728,0.07520000000000004,0.39530124180133785,0.039151999999999985,0.1937709749127204,460.43849331394597,10.237199903000146,0,0,291,0.0,0.0,0.588404655456543
MaxLoss,mnist,1,0.0,0.0,300,5000,0,304,162,466,0.10769714746857062,0.06879999999999997,0.3830242816696016,0.033463999999999994,0.18336714960742356,461.10301314772624,10.586407275870442,0,0,301,0.0,0.0,0.5886155962944031
MaxLoss,mnist,1,0.0,0.0,310,5000,0,314,243,557,0.12713256938150153,0.08220000000000005,0.41230801216807234,0.04476799999999999,0.2036646369509762,483.1794182224357,10.934867128031328,0,0,311,0.0,0.0,0.5923900008201599
MaxLoss,mnist,1,0.0,0.0,320,5000,0,324,171,495,0.1139067409094423,0.07220000000000004,0.3919079456287639,0.034232,0.18479720487801615,491.79581803735806,11.278486151946709,0,0,321,0.0,0.0,0.5893016457557678
MaxLoss,mnist,1,0.0,0.0,330,5000,0,334,158,492,0.11326509714126587,0.06910000000000005,0.38498891474104424,0.030368,0.17751288584339447,500.0231802318031,11.627429477870464,0,0,331,0.0,0.0,0.5882665514945984
MaxLoss,mnist,1,0.0,0.0,340,5000,0,344,128,472,0.10898320219712332,0.06389999999999996,0.37379029209308995,0.02605600000000001,0.16909201410357863,496.077154217316,11.976230466039851,0,0,341,0.0,0.0,0.5877771377563477
MaxLoss,mnist,1,0.0,0.0,350,5000,0,354,98,452,0.10469358530826867,0.05920000000000003,0.3629114155569399,0.021175999999999993,0.15910807214904396,502.6795022258562,12.32522655185312,0,0,351,0.0,0.0,0.5886410474777222
MaxLoss,mnist,1,0.0,0.0,360,5000,0,364,98,462,0.1068393859313801,0.05830000000000002,0.3598387652822278,0.019328000000000005,0.15517497139031405,510.91768681517885,12.675180706894025,0,0,361,0.0,0.0,0.5920809507369995
MaxLoss,mnist,1,0.0,0.0,370,5000,0,374,99,473,0.10919747682055458,0.05900000000000005,0.3609533915947562,0.018435999999999994,0.15324182663633618,526.8088597169229,13.01848863484338,0,0,371,0.0,0.0,0.5904514193534851
MaxLoss,mnist,1,0.0,0.0,380,5000,0,384,70,454,0.10512290691258386,0.05510000000000004,0.3471279225532421,0.013683999999999988,0.14248963262811593,526.3246552521332,13.367473719874397,0,0,381,0.0,0.0,0.5868412852287292
MaxLoss,mnist,1,0.0,0.0,390,5000,0,394,94,488,0.11240931588690728,0.06569999999999998,0.3645224757288207,0.01869199999999999,0.15379906695925225,539.7736908234093,13.710429752012715,0,0,391,0.0,0.0,0.5926964282989502
MaxLoss,mnist,1,0.0,0.0,400,5000,0,404,48,452,0.10469358530826867,0.05510000000000004,0.34123481665135025,0.010692000000000002,0.13522388508751745,542.396344676862,14.05198045889847,0,0,401,0.0,0.0,0.5860322713851929
MaxLoss,mnist,1,0.0,0.0,410,5000,0,414,78,492,0.11326509714126587,0.05920000000000003,0.35647452080076175,0.014787999999999992,0.14506382042886118,553.85752717933,14.39327954989858,0,0,411,0.0,0.0,0.5915101170539856
MaxLoss,mnist,1,0.0,0.0,420,5000,0,424,28,452,0.10469358530826867,0.0524,0.3275899304282505,0.0059520000000000016,0.12250111106066192,557.1924479175867,14.734985674964264,0,0,421,0.0,0.0,0.58203125
MaxLoss,mnist,1,0.0,0.0,430,5000,0,434,26,460,0.10641038639005274,0.049900000000000055,0.3285027626445677,0.005736000000000006,0.12187092933279414,565.4088321828463,15.076903678942472,0,0,431,0.0,0.0,0.5814228057861328
MaxLoss,mnist,1,0.0,0.0,440,5000,0,444,45,489,0.11262328876182437,0.05179999999999996,0.3434734567380561,0.009423999999999997,0.13199194121644417,572.4344941008063,15.419448304921389,0,0,441,0.0,0.0,0.5830919146537781
MaxLoss,mnist,1,0.0,0.0,450,5000,0,454,27,481,0.11091098532779142,0.0494,0.33115366791089496,0.005468000000000004,0.1210809399500063,582.9171523518825,15.767610729904845,0,0,451,0.0,0.0,0.581561267375946
MaxLoss,mnist,1,0.0,0.0,460,5000,0,464,7,471,0.10876890830695629,0.045499999999999985,0.31162493601820346,0.0011600000000000033,0.10640084098742103,585.8160726198724,16.11509983194992,0,0,461,0.0,0.0,0.5811097621917725
MaxLoss,mnist,1,0.0,0.0,470,5000,0,474,1,475,0.10962596832541749,0.04520000000000002,0.3080022862052928,0.00037999999999998034,0.1028352641823353,592.430112269649,16.463224136969075,0,0,471,0.0,0.0,0.5784794092178345
MaxLoss,mnist,1,0.0,0.0,471,5000,0,475,0,475,0.10962596832541749,0.04469999999999996,0.3057766867315869,8.399999999999741e-05,0.10116443716943009,593.076984444781,16.68662633188069,1,0,472,0.0,0.0,0.5781975388526917
PU-R,mnist,1,0.0,0.0,0,5000,0,4,2264,2268,0.47934987192275,0.44499999999999995,0.731406495794142,0.48397599999999996,0.7045011746685008,0.7245859561535095,0.22620915505103767,0,0,1,0.0,0.0,0.6850199103355408
PU-R,mnist,1,0.0,0.0,10,5000,0,14,1834,1848,0.39440423058113083,0.37639999999999996,0.6521068964111084,0.364708,0.5933934005203388,28.81307205579508,0.6570111210457981,0,0,11,0.0,0.0,0.6433773040771484
PU-R,mnist,1,0.0,0.0,20,5000,0,24,2062,2086,0.4426342388615012,0.4262,0.7128317924214453,0.40237599999999996,0.629824438057514,71.77577066829885,1.120039144065231,0,0,21,0.0,0.0,0.5794304609298706
PU-R,mnist,1,0.0,0.0,30,5000,0,34,1523,1557,0.33507837960496545,0.31510000000000005,0.6343521274651317,0.30085999999999996,0.5285619990654278,108.5324112125684,1.570033600088209,0,0,31,0.0,0.0,0.5765975117683411
PU-R,mnist,1,0.0,0.0,40,5000,0,44,1516,1560,0.3356921105296351,0.32189999999999996,0.642203888901595,0.298236,0.5258085552939952,133.74466019261135,2.0152612780220807,0,0,41,0.0,0.0,0.5784841179847717
PU-R,mnist,1,0.0,0.0,50,5000,0,54,1382,1436,0.3102852629381232,0.29700000000000004,0.6241169596686044,0.273596,0.499582171630249,151.7578611166898,2.4675784879364073,0,0,51,0.0,0.0,0.5793947577476501
PU-R,mnist,1,0.0,0.0,60,5000,0,64,1243,1307,0.2837643012753688,0.27290000000000003,0.5978738963819853,0.24270399999999998,0.46569325789732224,169.1838462627749,2.9230862241238356,0,0,61,0.0,0.0,0.5853520035743713
PU-R,mnist,1,0.0,0.0,70,5000,0,74,1163,1237,0.26933212589938194,0.25349999999999995,0.5870732232073905,0.22810399999999997,0.44925240645736786,183.76946630629305,3.3780351250898093,0,0,71,0.0,0.0,0.5850644111633301
PU-R,mnist,1,0.0,0.0,80,5000,0,84,1051,1135,0.24824686924694106,0.22940000000000005,0.5709205683440244,0.21216800000000002,0.43096870713532426,188.89118006263183,3.8386645140126348,0,0,81,0.0,0.0,0.5853518843650818
PU-R,mnist,1,0.0,0.0,90,5000,0,94,872,966,0.21315149049041793,0.19020000000000004,0.5306578049620791,0.174648,0.3863608443229499,201.15262250285596,4.301485099131241,0,0,91,0.0,0.0,0.587971568107605
PU-R,mnist,1,0.0,0.0,100,5000,0,104,873,977,0.2154424037435092,0.19479999999999997,0.5359999196425704,0.17569600000000002,0.38763952871595636,213.06249017701657,4.772064818069339,0,0,101,0.0,0.0,0.5876272320747375
PU-R,mnist,1,0.0,0.0,110,5000,0,114,876,990,0.21814860112499446,0.19420000000000004,0.5420747067615668,0.175484,0.3873810265642836,232.37958326213337,5.253474129131064,0,0,111,0.0,0.0,0.5932906270027161
PU-R,mnist,1,0.0,0.0,120,5000,0,124,908,1032,0.22688269737409428,0.1977,0.5531821476658735,0.18131600000000003,0.394462549265577,245.0445437116572,5.741348529001698,0,0,121,0.0,0.0,0.5942573547363281
PU-R,mnist,1,0.0,0.0,130,5000,0,134,1075,1209,0.2635507427621633,0.23240000000000005,0.5931024518156429,0.21269599999999997,0.4315804129905122,255.7789432565272,6.239953771000728,0,0,131,0.0,0.0,0.6021386981010437
PU-R,mnist,1,0.0,0.0,140,5000,0,144,1096,1240,0.2699512663530186,0.23419999999999996,0.5999094855154875,0.216612,0.436104334593432,263.91759902579264,6.753047164063901,0,0,141,0.0,0.0,0.6032013893127441
PU-R,mnist,1,0.0,0.0,150,5000,0,154,932,1086,0.23809279670240358,0.19140000000000001,0.5660634376440941,0.18439600000000003,0.39817799896312417,275.4564398876467,7.276109765982255,0,0,151,0.0,0.0,0.594996452331543
PU-R,mnist,1,0.0,0.0,160,5000,0,164,925,1089,0.23871495929779485,0.18899999999999995,0.5664907160159995,0.182228,0.39556444522426093,285.88400364501086,7.811168898129836,0,0,161,0.0,0.0,0.5958089828491211
PU-R,mnist,1,0.0,0.0,170,5000,0,174,727,901,0.1995938703767024,0.15539999999999998,0.5213762940965847,0.14469600000000002,0.3488989128886814,292.8326339421079,8.355549877043813,0,0,171,0.0,0.0,0.5956774950027466
PU-R,mnist,1,0.0,0.0,180,5000,0,184,704,888,0.19687800720566884,0.14339999999999997,0.5165640826346992,0.13852399999999998,0.34093822685786507,304.61129438632724,8.906066108029336,0,0,181,0.0,0.0,0.5974247455596924
PU-R,mnist,1,0.0,0.0,190,5000,0,194,686,880,0.19520596216898412,0.1511,0.5158775283623236,0.136392,0.33816721197920646,312.2998155882913,9.469069122103974,0,0,191,0.0,0.0,0.5960001349449158
PU-R,mnist,1,0.0,0.0,200,5000,0,204,735,939,0.20752416463801637,0.1573,0.5300055352051721,0.14602,0.35059507647185256,317.14749920087144,10.049763842020184,0,0,201,0.0,0.0,0.5947080850601196
PU-R,mnist,1,0.0,0.0,210,5000,0,214,774,988,0.2177323501673527,0.1703,0.542169090154824,0.15382400000000002,0.360513214196642,324.63381177820077,10.644895553123206,0,0,211,0.0,0.0,0.5986510515213013
PU-R,mnist,1,0.0,0.0,220,5000,0,224,655,879,0.19499691628152505,0.1491,0.5157398137001221,0.13170400000000002,0.33203445432113166,334.75252383064077,11.257513551972806,0,0,221,0.0,0.0,0.5936612486839294
PU-R,mnist,1,0.0,0.0,230,5000,0,234,662,896,0.19854948372812942,0.15269999999999995,0.514889474088374,0.130656,0.330655849727673,336.8828895346215,11.882196828955784,0,0,231,0.0,0.0,0.5941471457481384
PU-R,mnist,1,0.0,0.0,240,5000,0,244,594,838,0.1864181601558812,0.14029999999999998,0.500446495799015,0.118684,0.3146980486335182,345.0474143781306,12.517188212135807,0,0,241,0.0,0.0,0.592628538608551
PU-R,mnist,1,0.0,0.0,250,5000,0,254,452,706,0.15868529956787825,0.10029999999999994,0.4601204244843759,0.09039199999999999,0.2752164632604003,351.82678726862264,13.167161611141637,0,0,251,0.0,0.0,0.5952489972114563
PU-R,mnist,1,0.0,0.0,260,5000,0,264,425,689,0.1550997894955799,0.08960000000000001,0.4540984940812473,0.08388000000000001,0.26570581042738767,368.19005216756887,13.829435604158789,0,0,261,0.0,0.0,0.597537100315094
PU-R,mnist,1,0.0,0.0,270,5000,0,274,491,765,0.17110366170527413,0.1059,0.4704165588953465,0.09245600000000001,0.2781940226849632,378.612055920002,14.504202301148325,0,0,271,0.0,0.0,0.5995309352874756
PU-R,mnist,1,0.0,0.0,280,5000,0,284,372,656,0.1481297081336379,0.0887,0.4437843573638211,0.075064,0.2525233001697493,384.36090749350393,15.19207211304456,0,0,281,0.0,0.0,0.5918924808502197
PU-R,mnist,1,0.0,0.0,290,5000,0,294,326,620,0.14051015407312661,0.08379999999999999,0.42639475719469544,0.06516399999999999,0.23723734725932938,383.1869496949962,15.89520137803629,0,0,291,0.0,0.0,0.5920918583869934
PU-R,mnist,1,0.0,0.0,300,5000,0,304,294,598,0.13584513921523467,0.07679999999999998,0.41638989486987493,0.05853200000000002,0.22666463749926863,390.8556794143721,16.62278187298216,0,0,301,0.0,0.0,0.5944918990135193
PU-R,mnist,1,0.0,0.0,310,5000,0,314,283,597,0.13563293148763478,0.07310000000000005,0.41550005362389303,0.05699600000000001,0.2241730677143939,398.5151383064803,17.36423366703093,0,0,311,0.0,0.0,0.5943674445152283
PU-R,mnist,1,0.0,0.0,320,5000,0,324,259,583,0.1326605083886534,0.06920000000000004,0.4088278420485593,0.05252,0.21681159588073812,405.53678455220626,18.12885138601996,0,0,321,0.0,0.0,0.591594934463501
PU-R,mnist,1,0.0,0.0,330,5000,0,334,289,623,0.1411457746871747,0.07420000000000004,0.4213402239283505,0.05823200000000002,0.2261793336741888,412.61085868044694,18.910227820975706,0,0,331,0.0,0.0,0.5921992063522339
PU-R,mnist,1,0.0,0.0,340,5000,0,344,275,619,0.14029825333273038,0.07430000000000003,0.41733255368976685,0.05515200000000001,0.22115899347160045,419.5749634392221,19.7086041290313,0,0,341,0.0,0.0,0.5901299118995667
PU-R,mnist,1,0.0,0.0,350,5000,0,354,245,599,0.1360573327401653,0.06899999999999995,0.408798597493211,0.049831999999999994,0.212313458903246,426.30822522959727,20.53131712996401,0,0,351,0.0,0.0,0.5871219038963318
PU-R,mnist,1,0.0,0.0,360,5000,0,364,243,607,0.13775437098229304,0.06820000000000004,0.4095033729431787,0.049296000000000006,0.2114091233155496,433.462780237421,21.372488138033077,0,0,361,0.0,0.0,0.5853763818740845
PU-R,mnist,1,0.0,0.0,370,5000,0,374,217,591,0.13435938372276723,0.06569999999999998,0.40068608213283236,0.04406799999999999,0.2024497487928711,440.1842731216579,22.22427260898985,0,0,371,0.0,0.0,0.5842739939689636
PU-R,mnist,1,0.0,0.0,380,5000,0,384,237,621,0.1407220411929302,0.06569999999999998,0.40994664974949363,0.047692000000000005,0.20868757600518933,448.3498145744886,23.102012044982985,0,0,381,0.0,0.0,0.5844568610191345
PU-R,mnist,1,0.0,0.0,390,5000,0,394,269,663,0.14960933901602402,0.0736,0.42064726929075713,0.05138,0.21491131455834797,462.94087459405,23.99662925605662,0,0,391,0.0,0.0,0.585346519947052
PU-R,mnist,1,0.0,0.0,400,5000,0,404,237,641,0.1449569623800926,0.06830000000000003,0.41221173760008034,0.047252,0.20793691891823424,461.4973148285952,24.90516466414556,0,0,401,0.0,0.0,0.5865845680236816
PU-R,mnist,1,0.0,0.0,410,5000,0,414,235,649,0.14664945437107235,0.06740000000000002,0.4142449828852545,0.04760000000000002,0.20853076852591673,467.1676431670046,25.832603644113988,0,0,411,0.0,0.0,0.5837369561195374
PU-R,mnist,1,0.0,0.0,420,5000,0,424,210,634,0.1434753456269391,0.06269999999999998,0.40453405008950194,0.04175999999999999,0.1984081527689808,476.3437923655651,26.790387311019003,0,0,421,0.0,0.0,0.5790064930915833
PU-R,mnist,1,0.0,0.0,430,5000,0,434,175,609,0.13817849004408345,0.060699999999999976,0.39167386619767813,0.03536000000000001,0.18688261521654365,479.9663427308194,27.75890439003706,0,0,431,0.0,0.0,0.580213725566864
PU-R,mnist,1,0.0,0.0,440,5000,0,444,208,652,0.14728392561664805,0.06399999999999995,0.4042128028893341,0.040256,0.19574341159344882,488.51694125200004,28.753201025072485,0,0,441,0.0,0.0,0.5800072550773621
PU-R,mnist,1,0.0,0.0,450,5000,0,454,174,628,0.14220487169222906,0.05879999999999996,0.3932606178304675,0.034716000000000004,0.1856941586670143,492.9910234326086,29.772938271053135,0,0,451,0.0,0.0,0.5767132639884949
PU-R,mnist,1,0.0,0.0,460,5000,0,464,155,619,0.14029825333273038,0.05830000000000002,0.386320161690709,0.031096000000000002,0.17890288543858274,498.4639287227449,30.810205115005374,0,0,461,0.0,0.0,0.5781424045562744
PU-R,mnist,1,0.0,0.0,470,5000,0,474,143,617,0.13987441081553698,0.05620000000000003,0.3816228204988045,0.028516000000000007,0.1739369913203676,504.37539747669246,31.870080810040236,0,0,471,0.0,0.0,0.5793367028236389
PU-R,mnist,1,0.0,0.0,480,5000,0,484,132,616,0.1396624690387398,0.05579999999999996,0.37853240048223386,0.026667999999999997,0.17030807291597688,510.36000583059865,32.96021088305861,0,0,481,0.0,0.0,0.5811396241188049
PU-R,mnist,1,0.0,0.0,490,5000,0,494,115,609,0.13817849004408345,0.052000000000000046,0.3708456498354834,0.02299200000000001,0.16288693789194503,516.9606250191802,34.067684604087844,0,0,491,0.0,0.0,0.5797165036201477
PU-R,mnist,1,0.0,0.0,500,5000,0,504,123,627,0.14199307921808213,0.048699999999999966,0.377514373928728,0.025051999999999994,0.16708079243429527,523.5295056689655,35.19953368906863,0,0,501,0.0,0.0,0.5762718915939331
PU-R,mnist,1,0.0,0.0,510,5000,0,514,139,653,0.14749539038166404,0.05559999999999998,0.3840162271576649,0.027128000000000006,0.17121732768211992,529.8447368215202,36.43370309914462,0,0,511,0.0,0.0,0.5791096091270447
PU-R,mnist,1,0.0,0.0,520,5000,0,524,93,617,0.13987441081553698,0.04720000000000002,0.3618417957696115,0.018087999999999986,0.15248109487062028,535.1702645454176,37.638980105984956,0,0,521,0.0,0.0,0.5750381946563721
PU-R,mnist,1,0.0,0.0,530,5000,0,534,88,622,0.14093391475034878,0.04920000000000002,0.36155984578685224,0.017475999999999988,0.15113396464750836,541.6515108742318,38.85544587112963,0,0,531,0.0,0.0,0.5751504898071289
PU-R,mnist,1,0.0,0.0,540,5000,0,544,95,639,0.1445337090990506,0.04920000000000002,0.3659100098871972,0.018536,0.15345973618955808,548.062771229341,40.09456035704352,0,0,541,0.0,0.0,0.5767545700073242
PU-R,mnist,1,0.0,0.0,550,5000,0,554,88,642,0.14516856940463185,0.050899999999999945,0.36444673567867814,0.01751199999999999,0.15121354260812708,554.412013523233,41.36664654011838,0,0,551,0.0,0.0,0.5749940872192383
PU-R,mnist,1,0.0,0.0,560,5000,0,564,73,637,0.14411040325649083,0.04920000000000002,0.3576345496080099,0.014743999999999993,0.14496219696379636,559.81756255561,42.66227599512786,0,0,561,0.0,0.0,0.5742332935333252
PU-R,mnist,1,0.0,0.0,570,5000,0,574,79,653,0.14749539038166404,0.049699999999999966,0.3621180134975523,0.015792,0.1473620225668239,566.3461062574394,43.98783699097112,0,0,571,0.0,0.0,0.5732820630073547
PU-R,mnist,1,0.0,0.0,580,5000,0,584,67,651,0.14707244804594666,0.04810000000000003,0.3562782957364525,0.013343999999999993,0.14168621378385712,573.1518175950408,45.341587267117575,0,0,581,0.0,0.0,0.5728694200515747
PU-R,mnist,1,0.0,0.0,590,5000,0,594,46,640,0.14474534225882962,0.045499999999999985,0.34540071837017056,0.009588,0.13241589024278286,578.8675130191602,46.71560350013897,0,0,591,0.0,0.0,0.5722506642341614
PU-R,mnist,1,0.0,0.0,600,5000,0,604,57,661,0.14918665040750057,0.04500000000000004,0.3518007840870613,0.01119200000000001,0.1364710742325462,583.9648547733602,48.10203472711146,0,0,601,0.0,0.0,0.5764617919921875
PU-R,mnist,1,0.0,0.0,610,5000,0,614,36,650,0.1468609576113522,0.04379999999999995,0.341266306875751,0.007723999999999996,0.12747932486364197,590.2295608531161,49.499567673075944,0,0,611,0.0,0.0,0.5760887265205383
PU-R,mnist,1,0.0,0.0,620,5000,0,624,27,651,0.14707244804594666,0.04359999999999997,0.33504291265367286,0.005764000000000011,0.12195294165212973,595.8408076778713,50.908180406084284,0,0,621,0.0,0.0,0.5753169059753418
PU-R,mnist,1,0.0,0.0,630,5000,0,634,31,665,0.1500319773913361,0.042300000000000004,0.33945759529998665,0.006623999999999996,0.12442710067198476,601.0596373069417,52.32983726612292,0,0,631,0.0,0.0,0.5760310292243958
PU-R,mnist,1,0.0,0.0,640,5000,0,644,30,674,0.15193323406856507,0.04420000000000002,0.34023399740473026,0.006592000000000015,0.1243365118355883,605.3710868615606,53.771199139999226,0,0,641,0.0,0.0,0.580375611782074
PU-R,mnist,1,0.0,0.0,650,5000,0,654,11,665,0.1500319773913361,0.04159999999999997,0.3238542425551866,0.0024960000000000004,0.11151528438950604,610.5107073423178,55.21691340603866,0,0,651,0.0,0.0,0.5750972032546997
PU-R,mnist,1,0.0,0.0,660,5000,0,664,17,681,0.15341129974694923,0.045399999999999996,0.32834319235152065,0.003344000000000007,0.11443093080219485,612.818246429146,56.6827119209338,0,0,661,0.0,0.0,0.5749521851539612
PU-R,mnist,1,0.0,0.0,670,5000,0,674,7,681,0.15341129974694923,0.04249999999999998,0.3211402266683451,0.0015799999999999903,0.10810098706205913,620.3546950146051,58.155729277059436,0,0,671,0.0,0.0,0.5720962882041931
PU-R,mnist,1,0.0,0.0,679,5000,0,683,0,683,0.15383349463809282,0.04200000000000004,0.3126525535255373,8.399999999999741e-05,0.10116443716943009,626.5628232668324,59.51042805216275,1,0,680,0.0,0.0,0.5708904266357422
PU-C,mnist,1,0.0,0.0,0,5000,0,4,2465,2469,0.5197357162833214,0.48340000000000005,0.7268754722873119,0.478552,0.6997119172971363,0.806317736548528,0.22978239506483078,0,0,1,0.0,0.0,0.6840085983276367
PU-C,mnist,1,0.0,0.0,10,5000,0,14,1908,1922,0.4094271176145412,0.39570000000000005,0.6718024447334734,0.38349199999999994,0.6117211173079935,31.505902087093105,0.6497665101196617,0,0,11,0.0,0.0,0.6257283091545105
PU-C,mnist,1,0.0,0.0,20,5000,0,24,1983,2007,0.426652877999004,0.40490000000000004,0.7064599601481,0.3914079999999999,0.6193486672931884,78.76905834601571,1.0897000969853252,0,0,21,0.0,0.0,0.6101689338684082
PU-C,mnist,1,0.0,0.0,30,5000,0,34,1563,1597,0.3432576862978749,0.31679999999999997,0.6401836078539761,0.306956,0.534930295022514,107.94789181208834,1.5058850541245192,0,0,31,0.0,0.0,0.5724351406097412
PU-C,mnist,1,0.0,0.0,40,5000,0,44,1349,1393,0.3014554404071532,0.2592,0.6069527313617739,0.266272,0.4916527404385475,127.61644883777375,1.918815327109769,0,0,41,0.0,0.0,0.5727844834327698
PU-C,mnist,1,0.0,0.0,50,5000,0,54,1262,1316,0.2856177186476998,0.24029999999999996,0.5971672818601608,0.25242000000000003,0.4764792119435356,139.77183793202298,2.3329103481955826,0,0,51,0.0,0.0,0.565462052822113
PU-C,mnist,1,0.0,0.0,60,5000,0,64,1164,1228,0.2674743654206395,0.23270000000000002,0.5814940796096129,0.23286,0.4546396405395245,154.2080357148755,2.742708745179698,0,0,61,0.0,0.0,0.577738881111145
PU-C,mnist,1,0.0,0.0,70,5000,0,74,988,1062,0.23311316675972193,0.2108,0.5446592490398157,0.195796,0.41178880338321905,168.94067329702708,3.1491437000222504,0,0,71,0.0,0.0,0.5818497538566589
PU-C,mnist,1,0.0,0.0,80,5000,0,84,1069,1153,0.25197278248379007,0.22829999999999995,0.5653417324531159,0.20959199999999995,0.42797832979047773,181.47391739087283,3.553467907011509,0,0,81,0.0,0.0,0.5918189287185669
PU-C,mnist,1,0.0,0.0,90,5000,0,94,1025,1119,0.24493309116223827,0.21850000000000003,0.5619802658240957,0.20564,0.4233710378985393,184.84237492968168,3.9588449629954994,0,0,91,0.0,0.0,0.5740190148353577
PU-C,mnist,1,0.0,0.0,100,5000,0,104,888,992,0.21856482059229165,0.1876,0.5333531987763177,0.178656,0.39124024138735736,194.740397108251,4.365841160994023,0,0,101,0.0,0.0,0.5838073492050171
PU-C,mnist,1,0.0,0.0,110,5000,0,114,851,965,0.21294317732099444,0.17589999999999995,0.5286544499794035,0.17113200000000003,0.3820560082033516,208.0142039297394,4.7716930320020765,0,0,111,0.0,0.0,0.5796330571174622
PU-C,mnist,1,0.0,0.0,120,5000,0,124,860,984,0.21689975348999724,0.1785,0.5328160834371372,0.172016,0.3831405165019632,217.12853126735072,5.176895590033382,0,0,121,0.0,0.0,0.5754026174545288
PU-C,mnist,1,0.0,0.0,130,5000,0,134,850,984,0.21689975348999724,0.17420000000000002,0.5347781092076076,0.17099599999999998,0.3818890299086294,226.93602449571998,5.578060303116217,0,0,131,0.0,0.0,0.5752294063568115
PU-C,mnist,1,0.0,0.0,140,5000,0,144,790,934,0.20648140530101955,0.16200000000000003,0.5210042778610823,0.157712,0.3654054412870766,236.09687073444414,5.984374809078872,0,0,141,0.0,0.0,0.579146683216095
PU-C,mnist,1,0.0,0.0,150,5000,0,154,678,832,0.18516141502186656,0.14239999999999997,0.4945797007796907,0.13568,0.3372393258406667,244.14396970116,6.384330514119938,0,0,151,0.0,0.0,0.5774438977241516
PU-C,mnist,1,0.0,0.0,160,5000,0,164,616,780,0.17425487242871895,0.128,0.480598789840487,0.12348799999999999,0.3211488420669297,253.10326119184552,6.785233099013567,0,0,161,0.0,0.0,0.5789937376976013
PU-C,mnist,1,0.0,0.0,170,5000,0,174,563,737,0.165215001499746,0.11770000000000003,0.4682509217238927,0.112932,0.30688559275299404,261.8126122272056,7.184386494103819,0,0,171,0.0,0.0,0.5788248777389526
PU-C,mnist,1,0.0,0.0,180,5000,0,184,541,725,0.16268866328755394,0.11570000000000003,0.4652607871255733,0.10881600000000002,0.30123270761187143,271.6800694357779,7.575854283059016,0,0,181,0.0,0.0,0.5832570195198059
PU-C,mnist,1,0.0,0.0,190,5000,0,194,506,700,0.15742021409096196,0.11019999999999996,0.4566416501287444,0.10149600000000002,0.2910422130209715,279.23356346306673,7.968783215153962,0,0,191,0.0,0.0,0.5824511647224426
PU-C,mnist,1,0.0,0.0,200,5000,0,204,475,679,0.15298905631061643,0.1049,0.449216612256591,0.095128,0.2820236741359873,286.9253784375919,8.359474143013358,0,0,201,0.0,0.0,0.5764536261558533
PU-C,mnist,1,0.0,0.0,210,5000,0,214,487,701,0.15763109090039507,0.10460000000000003,0.4552380169934573,0.0975,0.28540043112069957,295.006226663488,8.750507737044245,0,0,211,0.0,0.0,0.5819087624549866
PU-C,mnist,1,0.0,0.0,220,5000,0,224,460,684,0.15404457389377058,0.10240000000000005,0.4494642569098798,0.09241200000000002,0.2781307254532283,302.19091662320636,9.142221103189513,0,0,221,0.0,0.0,0.5756363868713379
PU-C,mnist,1,0.0,0.0,230,5000,0,234,429,663,0.14960933901602402,0.09619999999999995,0.4407301169287969,0.08554000000000002,0.26814754663152673,309.63631092139457,9.528299001045525,0,0,231,0.0,0.0,0.5760063529014587
PU-C,mnist,1,0.0,0.0,240,5000,0,244,418,662,0.14939800096908584,0.09199999999999997,0.4394302749735234,0.08302400000000003,0.26444189260024686,319.3689159824339,9.92139113205485,0,0,241,0.0,0.0,0.576553463935852
PU-C,mnist,1,0.0,0.0,250,5000,0,254,375,629,0.14241665072040632,0.08530000000000004,0.4272368177266554,0.07476000000000001,0.25206190379627896,324.60466056009216,10.307832246180624,0,0,251,0.0,0.0,0.5731979608535767
PU-C,mnist,1,0.0,0.0,260,5000,0,264,350,614,0.1392385441577062,0.0857,0.42229150654542813,0.07066,0.24579128857082083,331.92772602286493,10.693040934158489,0,0,261,0.0,0.0,0.5736599564552307
PU-C,mnist,1,0.0,0.0,270,5000,0,274,385,659,0.14876391144935042,0.0867,0.4359248674184396,0.07696,0.2553902968229539,342.7283863362489,11.084766400046647,0,0,271,0.0,0.0,0.5762166380882263
PU-C,mnist,1,0.0,0.0,280,5000,0,284,391,675,0.152144422987476,0.08830000000000005,0.44011921283385175,0.077852,0.2567328686685163,352.74400442318296,11.47567400499247,0,0,281,0.0,0.0,0.5796130895614624
PU-C,mnist,1,0.0,0.0,290,5000,0,294,330,624,0.14135762106161565,0.0807,0.4228626505292756,0.067224,0.240464346600577,355.9595112984302,11.86674595810473,0,0,291,0.0,0.0,0.5759491920471191
PU-C,mnist,1,0.0,0.0,300,5000,0,304,395,699,0.15720932552358136,0.08850000000000002,0.44572650094787186,0.07818,0.2572255616483618,371.82159770965694,12.253890634980053,0,0,301,0.0,0.0,0.5822422504425049
PU-C,mnist,1,0.0,0.0,310,5000,0,314,347,661,0.14918665040750057,0.08050000000000002,0.42967855670866506,0.068016,0.24169826157555668,376.5233488861514,12.640786183997989,0,0,311,0.0,0.0,0.5725739002227783
PU-C,mnist,1,0.0,0.0,320,5000,0,324,300,624,0.14135762106161565,0.07679999999999998,0.4173906512200786,0.061040000000000004,0.23069723073863865,376.98163095396086,13.029205725993961,0,0,321,0.0,0.0,0.5701568722724915
PU-C,mnist,1,0.0,0.0,330,5000,0,334,333,667,0.15045456582447514,0.08050000000000002,0.43047178577574374,0.06681999999999999,0.23983349522812433,387.66980077984556,13.41794270509854,0,0,331,0.0,0.0,0.5719271302223206
PU-C,mnist,1,0.0,0.0,340,5000,0,344,298,642,0.14516856940463185,0.07530000000000003,0.419729818054711,0.06031600000000001,0.22953755203036583,391.13444159994384,13.806778592988849,0,0,341,0.0,0.0,0.5737088322639465
PU-C,mnist,1,0.0,0.0,350,5000,0,354,269,623,0.1411457746871747,0.07250000000000001,0.40902504453082383,0.053728000000000005,0.21881369279598645,397.2063005890345,14.194561282172799,0,0,351,0.0,0.0,0.5753687620162964
PU-C,mnist,1,0.0,0.0,360,5000,0,364,331,695,0.15636565344175324,0.08079999999999998,0.4326612338780208,0.06501199999999999,0.23699821330182463,408.84837768963104,14.587415086105466,0,0,361,0.0,0.0,0.579257607460022
PU-C,mnist,1,0.0,0.0,370,5000,0,374,236,610,0.13839052862022072,0.07030000000000003,0.4003442076014447,0.047484,0.20833294337392524,410.86038070286133,14.975554091157392,0,0,371,0.0,0.0,0.5746841430664062
PU-C,mnist,1,0.0,0.0,380,5000,0,384,240,624,0.14135762106161565,0.0695,0.4031691968519432,0.048064,0.2093208310126699,417.5858800273119,15.370194746181369,0,0,381,0.0,0.0,0.5751948952674866
PU-C,mnist,1,0.0,0.0,390,5000,0,394,242,636,0.14389873063191772,0.07150000000000001,0.4068624156857533,0.04883200000000001,0.2106242194866778,426.4029761754693,15.7617295330856,0,0,391,0.0,0.0,0.5760975480079651
PU-C,mnist,1,0.0,0.0,400,5000,0,404,207,611,0.13860255328472704,0.06789999999999996,0.39386229461630806,0.04184399999999999,0.19855624262888288,430.95792716807483,16.14417971111834,0,0,401,0.0,0.0,0.5786951184272766
PU-C,mnist,1,0.0,0.0,410,5000,0,414,224,638,0.14432206278434023,0.06969999999999998,0.4001591220106799,0.04399199999999999,0.20231754801723686,438.6505904359939,16.53178751305677,0,0,411,0.0,0.0,0.5783621668815613
PU-C,mnist,1,0.0,0.0,420,5000,0,424,160,584,0.13287291902815923,0.05710000000000004,0.37721710780320733,0.032712000000000005,0.18195860948339554,443.8794562839737,16.913588288007304,0,0,421,0.0,0.0,0.5738241076469421
PU-C,mnist,1,0.0,0.0,430,5000,0,434,186,620,0.14051015407312661,0.06279999999999997,0.3868488304916581,0.036376000000000006,0.18874623507061158,450.0766586219219,17.29421899607405,0,0,431,0.0,0.0,0.5745324492454529
PU-C,mnist,1,0.0,0.0,440,5000,0,444,163,607,0.13775437098229304,0.06299999999999994,0.38005411698739466,0.03264800000000001,0.1818383478219336,456.34745353167415,17.675816333154216,0,0,441,0.0,0.0,0.5767524838447571
PU-C,mnist,1,0.0,0.0,450,5000,0,454,142,596,0.13542070938274264,0.055300000000000016,0.3734682649499516,0.029155999999999994,0.17517936190179503,462.61244663090935,18.05640750215389,0,0,451,0.0,0.0,0.5724828839302063
PU-C,mnist,1,0.0,0.0,460,5000,0,464,171,635,0.14368704473599792,0.06369999999999998,0.3858470275977252,0.033816,0.1840236372644683,469.7248363450784,18.441691569052637,0,0,461,0.0,0.0,0.5762768387794495
PU-C,mnist,1,0.0,0.0,470,5000,0,474,126,600,0.136269512004219,0.05579999999999996,0.36775069704198965,0.025540000000000004,0.1680609268497974,475.40536024521634,18.82774738711305,0,0,471,0.0,0.0,0.5750426650047302
PU-C,mnist,1,0.0,0.0,480,5000,0,484,127,611,0.13860255328472704,0.055300000000000016,0.3689114621567941,0.02547199999999999,0.16792464486842715,481.1254929007938,19.206789832096547,0,0,481,0.0,0.0,0.5749548673629761
PU-C,mnist,1,0.0,0.0,490,5000,0,494,110,604,0.1371180874411948,0.05459999999999998,0.3611464049251215,0.021848000000000006,0.16051588411927517,487.25874979966113,19.58671691804193,0,0,491,0.0,0.0,0.5709036588668823
PU-C,mnist,1,0.0,0.0,500,5000,0,504,106,610,0.13839052862022072,0.05389999999999995,0.36109109357075647,0.021288,0.15934350514795786,493.3967407782992,19.96610105014406,0,0,501,0.0,0.0,0.5734999775886536
PU-C,mnist,1,0.0,0.0,510,5000,0,514,104,618,0.14008633891353384,0.05569999999999997,0.3616717622528248,0.021011999999999996,0.15876274583252353,499.12441222125193,20.350753964157775,0,0,511,0.0,0.0,0.5732207894325256
PU-C,mnist,1,0.0,0.0,520,5000,0,524,99,623,0.1411457746871747,0.05569999999999997,0.3609963892721443,0.020207999999999993,0.1570595240476976,505.5519001264698,20.734535427065566,0,0,521,0.0,0.0,0.5751953721046448
PU-C,mnist,1,0.0,0.0,530,5000,0,534,93,627,0.14199307921808213,0.053100000000000036,0.3564383150404907,0.018051999999999988,0.15240218274413259,511.3551525709737,21.118879354093224,0,0,531,0.0,0.0,0.5744720697402954
PU-C,mnist,1,0.0,0.0,540,5000,0,544,79,623,0.1411457746871747,0.050000000000000044,0.3518350646776018,0.015967999999999986,0.147760947955966,517.1157636079963,21.503240201156586,0,0,541,0.0,0.0,0.5730506181716919
PU-C,mnist,1,0.0,0.0,550,5000,0,554,78,632,0.14305190765298903,0.0504,0.3516286117060369,0.015439999999999985,0.14656070086078685,523.0647289941581,21.89200195018202,0,0,551,0.0,0.0,0.5707219839096069
PU-C,mnist,1,0.0,0.0,560,5000,0,564,68,632,0.14305190765298903,0.04859999999999998,0.34683289669523754,0.013383999999999984,0.1417810047128881,529.1199817917048,22.275132140144706,0,0,561,0.0,0.0,0.5721101760864258
PU-C,mnist,1,0.0,0.0,570,5000,0,574,56,630,0.14262841636082157,0.04910000000000003,0.34275691224745203,0.011664000000000013,0.1376354286878799,534.9893062013687,22.65712004317902,0,0,571,0.0,0.0,0.5731533169746399
PU-C,mnist,1,0.0,0.0,580,5000,0,584,53,637,0.14411040325649083,0.04700000000000004,0.34244740628771,0.011164000000000007,0.13640161262859024,540.9090661031458,23.038691841065884,0,0,581,0.0,0.0,0.5730518698692322
PU-C,mnist,1,0.0,0.0,590,5000,0,594,53,647,0.14622640912421048,0.05020000000000002,0.34199476927789874,0.010648000000000022,0.1351134292107889,546.5467867076767,23.424935297109187,0,0,591,0.0,0.0,0.5745570659637451
PU-C,mnist,1,0.0,0.0,600,5000,0,604,61,665,0.1500319773913361,0.052000000000000046,0.34704121784982717,0.011788,0.13793930567636367,552.8139087735859,23.80721442704089,0,0,601,0.0,0.0,0.5743422508239746
PU-C,mnist,1,0.0,0.0,610,5000,0,614,32,646,0.14601486711762846,0.04930000000000001,0.3313699424200166,0.006868000000000023,0.12511433900514585,558.5031560144133,24.18948835716583,0,0,611,0.0,0.0,0.572724461555481
PU-C,mnist,1,0.0,0.0,620,5000,0,624,36,660,0.14897528721485287,0.04859999999999998,0.3342250019268022,0.007360000000000009,0.12648205125560746,563.3104441298246,24.577589423162863,0,0,621,0.0,0.0,0.5735708475112915
PU-C,mnist,1,0.0,0.0,630,5000,0,634,41,675,0.152144422987476,0.049000000000000044,0.3380048995034254,0.008156000000000012,0.12864782363136257,567.5245276539315,24.959945272188634,0,0,631,0.0,0.0,0.5751210451126099
PU-C,mnist,1,0.0,0.0,640,5000,0,644,35,679,0.15298905631061643,0.04610000000000003,0.3345689331814567,0.00688400000000001,0.125159191124485,573.1902659599106,25.34297039406374,0,0,641,0.0,0.0,0.572984516620636
PU-C,mnist,1,0.0,0.0,650,5000,0,654,37,691,0.1555217918357812,0.05010000000000003,0.3386842172933785,0.00789200000000001,0.12793563400922608,575.1465652819973,25.73061714414507,0,0,651,0.0,0.0,0.5720666646957397
PU-C,mnist,1,0.0,0.0,660,5000,0,664,21,685,0.15425564110046253,0.04849999999999999,0.32580133072049844,0.004275999999999995,0.11744447326157544,580.8871137552936,26.119064247002825,0,0,661,0.0,0.0,0.5697746276855469
PU-C,mnist,1,0.0,0.0,670,5000,0,674,18,692,0.15573277504881844,0.0474,0.3244582434360387,0.0035840000000000004,0.11522382491447687,588.901417650839,26.508202971192077,0,0,671,0.0,0.0,0.5692402720451355
PU-C,mnist,1,0.0,0.0,680,5000,0,684,6,690,0.1553107966319658,0.04600000000000004,0.3129390005178193,0.0010239999999999893,0.10582497431188237,595.9864298611545,26.890075385104865,0,0,681,0.0,0.0,0.5668668150901794
PU-C,mnist,1,0.0,0.0,690,5000,0,694,0,694,0.15615470585180447,0.04390000000000005,0.3074838844229434,4.799999999999693e-05,0.10092308910671928,602.9840014517137,27.27096540015191,1,0,691,0.0,0.0,0.567499041557312
Marginal,mnist,1,0.0,0.0,0,5000,0,4,2426,2430,0.5119129194645211,0.4679,0.7073651960873824,0.456036,0.6795677138781278,0.8648590574131035,0.22889133403077722,0,0,1,0.0,0.0,0.672465980052948
Marginal,mnist,1,0.0,0.0,10,5000,0,14,1633,1647,0.3534705049241893,0.30410000000000004,0.6211316912338255,0.32168399999999997,0.5501555019835604,44.13197288301845,0.6201566560193896,0,0,11,0.0,0.0,0.552567183971405
Marginal,mnist,1,0.0,0.0,20,5000,0,24,1373,1397,0.3022772537660785,0.2548,0.587729914373472,0.27384,0.4998452578870162,70.14544147548234,1.001370337093249,0,0,21,0.0,0.0,0.5455755591392517
Marginal,mnist,1,0.0,0.0,30,5000,0,34,1220,1254,0.27283984620589763,0.2247,0.5680677989169046,0.24441200000000002,0.46759812951633734,93.35503852813791,1.3790890271775424,0,0,31,0.0,0.0,0.5589675307273865
Marginal,mnist,1,0.0,0.0,40,5000,0,44,1140,1184,0.2583845501067117,0.21330000000000005,0.558009554344999,0.22795600000000005,0.4490842635003348,110.88376812541863,1.750746474135667,0,0,41,0.0,0.0,0.57353276014328
Marginal,mnist,1,0.0,0.0,50,5000,0,54,1074,1128,0.2467973077436909,0.20089999999999997,0.55048901289229,0.21566,0.4350066249822952,125.53272594527016,2.1219512750394642,0,0,51,0.0,0.0,0.5785989761352539
Marginal,mnist,1,0.0,0.0,60,5000,0,64,1093,1157,0.25280046643456444,0.2087,0.559255701513526,0.218692,0.43849808905976795,138.20886629916333,2.4966197891626507,0,0,61,0.0,0.0,0.5867851972579956
Marginal,mnist,1,0.0,0.0,70,5000,0,74,1080,1154,0.25217971351230517,0.2086,0.5619030712697217,0.21708000000000002,0.43664347869141146,149.40483439348733,2.867024698993191,0,0,71,0.0,0.0,0.5908353924751282
Marginal,mnist,1,0.0,0.0,80,5000,0,84,1051,1135,0.24824686924694106,0.20350000000000001,0.5588809617696244,0.21066400000000002,0.42922398528410943,160.60496720423922,3.2380121930036694,0,0,81,0.0,0.0,0.5939253568649292
Marginal,mnist,1,0.0,0.0,90,5000,0,94,983,1077,0.2362259225337766,0.1926,0.5473809830651712,0.19742400000000004,0.4137149359023237,171.08345337329618,3.6121829519979656,0,0,91,0.0,0.0,0.5959405303001404
Marginal,mnist,1,0.0,0.0,100,5000,0,104,975,1079,0.23664083366747946,0.19030000000000002,0.5491826537108389,0.195728,0.41170825707443365,181.49774055653674,3.9818403110839427,0,0,101,0.0,0.0,0.5962820649147034
Marginal,mnist,1,0.0,0.0,110,5000,0,114,972,1086,0.23809279670240358,0.18899999999999995,0.5515025308634643,0.19463600000000003,0.41041374476274645,191.66149988224979,4.346480544190854,0,0,111,0.0,0.0,0.593002438545227
Marginal,mnist,1,0.0,0.0,120,5000,0,124,932,1056,0.23186760541284457,0.18030000000000002,0.5447236312170674,0.185904,0.3999910889654371,202.16891715710764,4.716264391085133,0,0,121,0.0,0.0,0.5911819934844971
Marginal,mnist,1,0.0,0.0,130,5000,0,134,949,1083,0.237470569787547,0.18259999999999998,0.5513476866506406,0.18884800000000002,0.40351944394738404,211.30472756383574,5.084933161037043,0,0,131,0.0,0.0,0.5940843820571899
Marginal,mnist,1,0.0,0.0,140,5000,0,144,893,1037,0.22792157414369285,0.17379999999999995,0.5443723281315688,0.180728,0.39375133578532434,219.75463422661053,5.453922657063231,0,0,141,0.0,0.0,0.5890499353408813
Marginal,mnist,1,0.0,0.0,150,5000,0,154,837,991,0.21835671475855634,0.16669999999999996,0.5317211388244265,0.16810399999999998,0.37832995257933855,228.6052475646742,5.822679235134274,0,0,151,0.0,0.0,0.5959991216659546
Marginal,mnist,1,0.0,0.0,160,5000,0,164,856,1020,0.22438862296985462,0.16920000000000002,0.5388821841687365,0.17175599999999996,0.3828216962695573,236.7602021934609,6.191166106145829,0,0,161,0.0,0.0,0.5826759338378906
Marginal,mnist,1,0.0,0.0,170,5000,0,174,853,1027,0.22584363230271265,0.16559999999999997,0.5401316902027729,0.170892,0.38176131701959964,244.09734576428013,6.559879255015403,0,0,171,0.0,0.0,0.5821314454078674
Marginal,mnist,1,0.0,0.0,180,5000,0,184,814,998,0.21981329057598487,0.15980000000000005,0.5322109839380648,0.162668,0.3715961572877919,251.66521559544384,6.927744853077456,0,0,181,0.0,0.0,0.5839155912399292
Marginal,mnist,1,0.0,0.0,190,5000,0,194,796,990,0.21814860112499446,0.15459999999999996,0.5297446759470625,0.15903599999999998,0.36706421074732515,258.59754815474236,7.290699636097997,0,0,191,0.0,0.0,0.5783178210258484
Marginal,mnist,1,0.0,0.0,200,5000,0,204,776,980,0.21606702991994098,0.15500000000000003,0.5277373398919798,0.15584,0.363053896020643,265.4102900415388,7.658572564134374,0,0,201,0.0,0.0,0.5766657590866089
Marginal,mnist,1,0.0,0.0,210,5000,0,214,776,990,0.21814860112499446,0.15510000000000002,0.5289341544988235,0.155116,0.36214245934404066,272.47802792086145,8.021767404163256,0,0,211,0.0,0.0,0.5755849480628967
Marginal,mnist,1,0.0,0.0,220,5000,0,224,769,993,0.21877291850978509,0.15190000000000003,0.5288556912581934,0.153344,0.3599070153707164,279.8883153230922,8.389423574088141,0,0,221,0.0,0.0,0.5737369656562805
Marginal,mnist,1,0.0,0.0,230,5000,0,234,722,956,0.2110679930774495,0.14849999999999997,0.5194641587009745,0.14458400000000002,0.34875524686000137,286.76656135191126,8.757394071202725,0,0,231,0.0,0.0,0.5746330618858337
Marginal,mnist,1,0.0,0.0,240,5000,0,244,696,940,0.20773269142955542,0.14300000000000002,0.5158781276047335,0.14035199999999998,0.34330537241798964,293.71322393614554,9.126628264086321,0,0,241,0.0,0.0,0.5746101140975952
Marginal,mnist,1,0.0,0.0,250,5000,0,254,683,937,0.20710708596743643,0.137,0.5132249676906128,0.136848,0.3387608202507077,300.7884020240221,9.494879548205063,0,0,251,0.0,0.0,0.5756024718284607
Marginal,mnist,1,0.0,0.0,260,5000,0,264,671,935,0.20668997388565913,0.13570000000000004,0.5120248584987872,0.13448400000000002,0.335677855966943,307.7702037181636,9.863249301211908,0,0,261,0.0,0.0,0.5753437280654907
Marginal,mnist,1,0.0,0.0,270,5000,0,274,663,937,0.20710708596743643,0.13539999999999996,0.5124706160215563,0.133332,0.3341704469365287,314.8917354741544,10.226538749178872,0,0,271,0.0,0.0,0.5799990892410278
Marginal,mnist,1,0.0,0.0,280,5000,0,284,657,941,0.20794120989739895,0.13339999999999996,0.512006896694824,0.13161199999999998,0.33191354502408454,321.617982538954,10.590061575174332,0,0,281,0.0,0.0,0.5816307663917542
Marginal,mnist,1,0.0,0.0,290,5000,0,294,640,934,0.20648140530101955,0.12970000000000004,0.5086981245223965,0.127864,0.32696911428369935,328.2353546944097,10.953460053075105,0,0,291,0.0,0.0,0.5754199624061584
Marginal,mnist,1,0.0,0.0,300,5000,0,304,630,934,0.20648140530101955,0.125,0.507171133167417,0.12554,0.3238845695534146,334.3920485944018,11.31684883008711,0,0,301,0.0,0.0,0.5740374326705933
Marginal,mnist,1,0.0,0.0,310,5000,0,314,594,908,0.20105564495315775,0.11839999999999995,0.4991657776061866,0.11870400000000002,0.3147250415536672,340.2014083133779,11.68430033302866,0,0,311,0.0,0.0,0.571205198764801
Marginal,mnist,1,0.0,0.0,320,5000,0,324,584,908,0.20105564495315775,0.11870000000000003,0.4980268849624951,0.116768,0.3121066933516949,346.176398548519,12.048349583055824,0,0,321,0.0,0.0,0.5701566338539124
Marginal,mnist,1,0.0,0.0,330,5000,0,334,564,898,0.19896726467413828,0.11780000000000002,0.49371003078144493,0.11263200000000001,0.3064753741961187,352.22364223455935,12.415962764061987,0,0,331,0.0,0.0,0.570894718170166
Marginal,mnist,1,0.0,0.0,340,5000,0,344,539,883,0.1958330461056903,0.11350000000000005,0.4887044921700904,0.10808,0.3002161820712383,358.3302815326184,12.782754314132035,0,0,341,0.0,0.0,0.5708645582199097
Marginal,mnist,1,0.0,0.0,350,5000,0,354,534,888,0.19687800720566884,0.11019999999999996,0.4887392374350225,0.107012,0.2987379661771356,364.409234575425,13.144971054047346,0,0,351,0.0,0.0,0.5711010098457336
Marginal,mnist,1,0.0,0.0,360,5000,0,364,528,892,0.19771381618920714,0.10999999999999999,0.48762192032506796,0.10524000000000003,0.2962770070152649,370.1364053879794,13.507903607096523,0,0,361,0.0,0.0,0.5707244873046875
Marginal,mnist,1,0.0,0.0,370,5000,0,374,511,885,0.19625105726299807,0.10650000000000004,0.4841889531188347,0.102036,0.2918002318424634,375.2952050480187,13.868150438182056,0,0,371,0.0,0.0,0.5712704658508301
Marginal,mnist,1,0.0,0.0,380,5000,0,384,482,866,0.1922784976195544,0.10189999999999999,0.47669597158084226,0.09612399999999999,0.2834441537570004,380.97857618220274,14.229854975128546,0,0,381,0.0,0.0,0.5691069960594177
Marginal,mnist,1,0.0,0.0,390,5000,0,394,461,855,0.18997709173709154,0.09719999999999995,0.472575563061615,0.09254799999999999,0.27832634664703265,386.4281340038123,14.589610822033137,0,0,391,0.0,0.0,0.5684487223625183
Marginal,mnist,1,0.0,0.0,400,5000,0,404,435,839,0.18662758433492854,0.0958,0.465783864891893,0.08737600000000001,0.27083414808816547,391.6641108711734,14.949235631152987,0,0,401,0.0,0.0,0.5681020617485046
Marginal,mnist,1,0.0,0.0,410,5000,0,414,412,826,0.18390432535670698,0.09089999999999998,0.4593997102394098,0.08258000000000001,0.263785001855965,396.84500396418224,15.308445334201679,0,0,411,0.0,0.0,0.5659542083740234
Marginal,mnist,1,0.0,0.0,420,5000,0,424,389,813,0.18117943534161896,0.08709999999999996,0.453787111383584,0.078312,0.2574236916871883,402.3105851262198,15.667032174067572,0,0,421,0.0,0.0,0.5656058192253113
Marginal,mnist,1,0.0,0.0,430,5000,0,434,389,823,0.18327565043000504,0.0867,0.45487965501190775,0.07815200000000003,0.25718352310032494,407.70503757914435,16.02624431718141,0,0,431,0.0,0.0,0.5656840205192566
Marginal,mnist,1,0.0,0.0,440,5000,0,444,367,811,0.18076007481431589,0.08440000000000003,0.4479142333615561,0.07322000000000001,0.2497171550527165,412.9155602951351,16.385974005097523,0,0,441,0.0,0.0,0.5651825666427612
Marginal,mnist,1,0.0,0.0,450,5000,0,454,340,794,0.17719390662387013,0.08079999999999998,0.4405468480695624,0.068152,0.2419097755416327,418.32998407059006,16.7447826131247,0,0,451,0.0,0.0,0.5656636357307434
Marginal,mnist,1,0.0,0.0,460,5000,0,464,334,798,0.17803326505236328,0.08189999999999997,0.4394538641691756,0.06679999999999998,0.2398022396700604,423.46907788038476,17.103498401120305,0,0,461,0.0,0.0,0.5692917704582214
Marginal,mnist,1,0.0,0.0,470,5000,0,474,312,786,0.17551470373291522,0.0766,0.4329919036805944,0.062476000000000004,0.23298700790716803,428.43205342338644,17.462329019093886,0,0,471,0.0,0.0,0.563515841960907
Marginal,mnist,1,0.0,0.0,480,5000,0,484,306,790,0.17635438649449497,0.07569999999999999,0.43177991652913533,0.061152000000000026,0.23087631296075734,433.2478764473232,17.82193954801187,0,0,481,0.0,0.0,0.562430739402771
Marginal,mnist,1,0.0,0.0,490,5000,0,494,314,808,0.18013096001232043,0.07310000000000005,0.4358240600234161,0.06278,0.23347001509033424,437.7900440695015,18.176487502176315,0,0,491,0.0,0.0,0.5633787512779236
Marginal,mnist,1,0.0,0.0,500,5000,0,504,298,802,0.17887246276950464,0.07369999999999999,0.43154550095505984,0.05978800000000001,0.22868956987724282,442.50061483339573,18.53097471804358,0,0,501,0.0,0.0,0.5615236163139343
Marginal,mnist,1,0.0,0.0,510,5000,0,514,285,799,0.17824307951377705,0.07099999999999995,0.4279817492709021,0.05720000000000001,0.22450496209735954,447.49689818603235,18.885967727052048,0,0,511,0.0,0.0,0.5632945895195007
Marginal,mnist,1,0.0,0.0,520,5000,0,524,285,809,0.18034067482221872,0.06969999999999998,0.42866608420759034,0.05701600000000002,0.2242056198393913,451.7716532905827,19.242026425199583,0,0,521,0.0,0.0,0.5634211897850037
Marginal,mnist,1,0.0,0.0,530,5000,0,534,278,812,0.18096975999651477,0.0685,0.42795721151886135,0.056020000000000014,0.22258093675949517,456.5816709439848,19.604554672027007,0,0,531,0.0,0.0,0.5631971955299377
Marginal,mnist,1,0.0,0.0,540,5000,0,544,264,808,0.18013096001232043,0.06679999999999997,0.42359025498582054,0.05311200000000001,0.2177942181916392,461.3284570921375,19.960252954158932,0,0,541,0.0,0.0,0.5615039467811584
Marginal,mnist,1,0.0,0.0,550,5000,0,554,264,818,0.18222766485996544,0.0655,0.4238774815448404,0.05268799999999998,0.21709073617812633,465.96476868598194,20.321094669168815,0,0,551,0.0,0.0,0.5609395503997803
Marginal,mnist,1,0.0,0.0,560,5000,0,564,248,812,0.18096975999651477,0.06579999999999997,0.4192485169332104,0.049692,0.2120774945136647,470.91338722579604,20.67761116218753,0,0,561,0.0,0.0,0.5608684420585632
Marginal,mnist,1,0.0,0.0,570,5000,0,574,238,812,0.18096975999651477,0.06510000000000005,0.41663059826045984,0.047788,0.20885111811898355,475.7346616946388,21.03348441212438,0,0,571,0.0,0.0,0.5606581568717957
Marginal,mnist,1,0.0,0.0,580,5000,0,584,232,816,0.181808402412571,0.06379999999999997,0.4154691835274171,0.046615999999999984,0.20684868443960464,480.75967254911507,21.388898317003623,0,0,581,0.0,0.0,0.5601045489311218
Marginal,mnist,1,0.0,0.0,590,5000,0,594,228,822,0.18306607275735587,0.06289999999999996,0.41361025468530965,0.045148,0.20432209246436978,485.4725796138049,21.75002443906851,0,0,591,0.0,0.0,0.560032844543457
Marginal,mnist,1,0.0,0.0,600,5000,0,604,216,820,0.18264688830822706,0.062000000000000055,0.41018007582402183,0.04296799999999999,0.20053051212603917,489.88537594724943,22.111288560088724,0,0,601,0.0,0.0,0.5586888790130615
Marginal,mnist,1,0.0,0.0,610,5000,0,614,214,828,0.18432339368155226,0.06130000000000002,0.4104106021927417,0.04257599999999997,0.1998435098119417,494.39819701033906,22.47280350816436,0,0,611,0.0,0.0,0.5582382082939148
Marginal,mnist,1,0.0,0.0,620,5000,0,624,203,827,0.18411386432126164,0.06030000000000002,0.40824111013140735,0.04101199999999998,0.19708602815372384,499.12742758438026,22.834657633211464,0,0,621,0.0,0.0,0.5578339695930481
Marginal,mnist,1,0.0,0.0,630,5000,0,634,196,830,0.18474242353113368,0.058699999999999974,0.40541964532388447,0.03918800000000002,0.19383551859484602,503.638375299412,23.192203654209152,0,0,631,0.0,0.0,0.557457447052002
Marginal,mnist,1,0.0,0.0,640,5000,0,644,195,839,0.18662758433492854,0.058599999999999985,0.40597737567320985,0.038995999999999996,0.19349110786713725,507.88964306071546,23.549909754190594,0,0,641,0.0,0.0,0.5596156120300293
Marginal,mnist,1,0.0,0.0,650,5000,0,654,187,841,0.18704640440410003,0.056499999999999995,0.4036440254623283,0.03743599999999998,0.19067623948631324,512.382137707515,23.912759187165648,0,0,651,0.0,0.0,0.5578590631484985
Marginal,mnist,1,0.0,0.0,660,5000,0,664,177,841,0.18704640440410003,0.05559999999999998,0.40062721368307547,0.03561999999999999,0.1873608327234561,516.5801098206066,24.271044921129942,0,0,661,0.0,0.0,0.5575480461120605
Marginal,mnist,1,0.0,0.0,670,5000,0,674,172,846,0.18809328926727176,0.05510000000000004,0.3989006162097458,0.03439999999999999,0.18510891473334662,520.9254933318825,24.63607620005496,0,0,671,0.0,0.0,0.5587010979652405
Marginal,mnist,1,0.0,0.0,680,5000,0,684,171,855,0.18997709173709154,0.05300000000000005,0.39920610211903906,0.03408800000000002,0.1845297089859052,525.4021542111121,24.994664350058883,0,0,681,0.0,0.0,0.5578968524932861
Marginal,mnist,1,0.0,0.0,690,5000,0,694,166,860,0.19102332345210016,0.054400000000000004,0.3981510550757418,0.033176000000000004,0.1828286894809715,529.8621870559261,25.353425787994638,0,0,691,0.0,0.0,0.5579211115837097
Marginal,mnist,1,0.0,0.0,700,5000,0,704,160,864,0.19186014292063192,0.0524,0.3965407500498094,0.03203600000000002,0.1806852314284054,534.2733102678986,25.71193224005401,0,0,701,0.0,0.0,0.5580636262893677
Marginal,mnist,1,0.0,0.0,710,5000,0,714,153,867,0.1924876612611115,0.05169999999999997,0.39434897555296805,0.030651999999999978,0.17805615738189834,538.7776690597545,26.075952190207317,0,0,711,0.0,0.0,0.5583346486091614
Marginal,mnist,1,0.0,0.0,720,5000,0,724,146,870,0.19311509741237387,0.05149999999999999,0.3921395178800514,0.029303999999999986,0.1754656463997973,543.063981652782,26.435929815052077,0,0,721,0.0,0.0,0.5581457614898682
Marginal,mnist,1,0.0,0.0,730,5000,0,734,140,874,0.19395155180245638,0.05230000000000001,0.3903023121147696,0.02812400000000001,0.1731724614841009,547.4613629018337,26.801200012210757,0,0,731,0.0,0.0,0.558562695980072
Marginal,mnist,1,0.0,0.0,740,5000,0,744,137,881,0.1954149990924634,0.052000000000000046,0.3895507145735776,0.027436,0.17182389110565038,551.5812517952019,27.1657683160156,0,0,741,0.0,0.0,0.5583585500717163
Marginal,mnist,1,0.0,0.0,750,5000,0,754,130,884,0.19604205613723025,0.05030000000000001,0.3875296023480747,0.026208,0.1693947289799472,556.0102206686093,27.53103100298904,0,0,751,0.0,0.0,0.5579354763031006
Marginal,mnist,1,0.0,0.0,760,5000,0,764,125,889,0.19708697276655585,0.05269999999999997,0.385790740823753,0.025124000000000014,0.16722571268109196,560.3283699692645,27.896571247139946,0,0,761,0.0,0.0,0.5587190985679626
Marginal,mnist,1,0.0,0.0,770,5000,0,774,121,895,0.19834058004198596,0.05269999999999997,0.38477909989372805,0.02434399999999999,0.16564990679916586,564.6673802009991,28.261873512994498,0,0,771,0.0,0.0,0.5581084489822388
Marginal,mnist,1,0.0,0.0,780,5000,0,784,116,900,0.19938501057913527,0.049900000000000055,0.38302328488668386,0.023327999999999988,0.1635774510108629,568.4578082010511,28.622836327180266,0,0,781,0.0,0.0,0.5560593605041504
Marginal,mnist,1,0.0,0.0,790,5000,0,794,112,906,0.20063803857192397,0.049900000000000055,0.38168234125303535,0.02245599999999999,0.16177994049534314,572.6364357115984,28.98915349203162,0,0,791,0.0,0.0,0.5571075677871704
Marginal,mnist,1,0.0,0.0,796,5000,0,800,108,908,0.20105564495315775,0.04930000000000001,0.37997640694967844,0.021607999999999964,0.16001440454860125,574.9697267860198,29.294318860163912,0,1,797,0.0,0.0,0.5567432641983032
MaxLoss,mnist,1,0.3,0.0,0,5000,0,4,2379,2383,0.5024769696756266,0.43710000000000004,0.7336461682937442,0.486528,0.7067460400446969,0.7664957484848874,0.23284533200785518,0,0,1,0.25,0.0,0.6630338430404663
MaxLoss,mnist,1,0.3,0.0,10,5000,0,14,2484,2498,0.525548531790264,0.47609999999999997,0.7578414158726086,0.4916,0.7111915126927745,20.175699163398722,0.5680508988443762,0,0,11,0.42857142857142855,0.0,0.6864842772483826
MaxLoss,mnist,1,0.3,0.0,20,5000,0,24,2481,2505,0.5269510964280926,0.48009999999999997,0.7845519671263744,0.496148,0.715159497970727,58.20226404678902,0.9038656298071146,0,0,21,0.5,0.0,0.6551907062530518
MaxLoss,mnist,1,0.3,0.0,30,5000,0,34,2492,2526,0.5311575559317134,0.49339999999999995,0.8030392138242186,0.49911599999999995,0.7177397005119197,96.51890520474133,1.2401702639181167,0,0,31,0.4411764705882353,0.0,0.6237795948982239
MaxLoss,mnist,1,0.3,0.0,40,5000,0,44,2489,2533,0.5325592973968014,0.4606,0.8119456327348893,0.495476,0.714574283373364,130.74469601571602,1.580381505889818,0,0,41,0.45454545454545453,0.0,0.5870401263237
MaxLoss,mnist,1,0.3,0.0,50,5000,0,54,2481,2535,0.5329597571399063,0.4597,0.8195552483565343,0.49478800000000006,0.7139747457222855,158.15497225626828,1.917635140940547,0,0,51,0.4444444444444444,0.0,0.5964978337287903
MaxLoss,mnist,1,0.3,0.0,60,5000,0,64,2438,2502,0.5263500225264579,0.45840000000000003,0.8193048255753596,0.485956,0.7062433525472126,181.06391862108472,2.257583055878058,0,0,61,0.4375,0.0,0.6049281358718872
MaxLoss,mnist,1,0.3,0.0,70,5000,0,74,2401,2475,0.520938657282386,0.45920000000000005,0.8200247132751267,0.4789399999999999,0.7000553269064248,204.06565049045767,2.5944475550204515,0,0,71,0.4594594594594595,0.0,0.5877773761749268
MaxLoss,mnist,1,0.3,0.0,80,5000,0,84,2385,2469,0.5197357162833214,0.4599,0.8229881048429971,0.4766520000000001,0.6980284573581443,223.37160576288895,2.931737698847428,0,0,81,0.4523809523809524,0.0,0.5858793258666992
MaxLoss,mnist,1,0.3,0.0,90,5000,0,94,2331,2425,0.5109095354564488,0.4373,0.8202335904103406,0.467832,0.690174138328348,239.19132124001567,3.2694773878902197,0,0,91,0.44680851063829785,0.0,0.5932053327560425
MaxLoss,mnist,1,0.3,0.0,100,5000,0,104,2282,2386,0.5030795412603766,0.4135,0.8153706945221479,0.45427600000000007,0.6779751672590016,261.832259860778,3.60730284685269,0,0,101,0.4423076923076923,0.0,0.6029793620109558
MaxLoss,mnist,1,0.3,0.0,110,5000,0,114,2344,2458,0.5175299323163927,0.43489999999999995,0.8288284304916602,0.467908,0.6902420953811893,278.8504451372618,3.9445291908923537,0,0,111,0.43859649122807015,0.0,0.5785970687866211
MaxLoss,mnist,1,0.3,0.0,120,5000,0,124,2338,2462,0.5183320943033323,0.45030000000000003,0.8307622175445991,0.466092,0.688616955298907,294.85285780784693,4.281774525996298,0,0,121,0.4435483870967742,0.0,0.5922986268997192
MaxLoss,mnist,1,0.3,0.0,130,5000,0,134,2423,2557,0.5373637044685893,0.47109999999999996,0.8441112841859156,0.48089999999999994,0.7017881558798968,310.95332426079534,4.622034397907555,0,0,131,0.4626865671641791,0.0,0.5928230881690979
MaxLoss,mnist,1,0.3,0.0,140,5000,0,144,2277,2421,0.5101067527430132,0.4132,0.8285141628098724,0.454368,0.6780584787081901,326.1852151495114,4.961534906877205,0,0,141,0.4513888888888889,0.0,0.5963312387466431
MaxLoss,mnist,1,0.3,0.0,150,5000,0,154,2282,2436,0.5131168419029564,0.4386,0.831680563095824,0.455504,0.6790866058275975,338.8818143468636,5.298894640989602,0,0,151,0.45454545454545453,0.0,0.5844551920890808
MaxLoss,mnist,1,0.3,0.0,160,5000,0,164,2300,2464,0.5187331501510926,0.4474,0.8379872879199173,0.461044,0.6840849608357621,352.45844581398586,5.638851985801011,0,0,161,0.47560975609756095,0.0,0.576844334602356
MaxLoss,mnist,1,0.3,0.0,170,5000,0,174,2368,2542,0.5343612338765524,0.46319999999999995,0.8469852732096883,0.4708279999999999,0.6928494130607413,365.9491007945042,5.9802309449296445,0,0,171,0.47701149425287354,0.0,0.5923840999603271
MaxLoss,mnist,1,0.3,0.0,180,5000,0,184,2289,2473,0.5205376937519759,0.43920000000000003,0.8396571243840945,0.45826000000000006,0.6815763809562725,373.1632721646707,6.321012201020494,0,0,181,0.4673913043478261,0.0,0.5801936388015747
MaxLoss,mnist,1,0.3,0.0,190,5000,0,194,2212,2406,0.507095719978679,0.42500000000000004,0.8311858161293958,0.442124,0.6669079121941939,389.30642943102123,6.659058885881677,0,0,191,0.4587628865979381,0.0,0.5868661999702454
MaxLoss,mnist,1,0.3,0.0,200,5000,0,204,2197,2401,0.5060918326489627,0.42290000000000005,0.8319519010674999,0.43971200000000005,0.6646963219373669,403.8752503254689,6.997383958892897,0,0,201,0.46568627450980393,0.0,0.5970558524131775
MaxLoss,mnist,1,0.3,0.0,210,5000,0,214,2216,2430,0.5119129194645211,0.41690000000000005,0.8365576385289557,0.443916,0.6685478152462327,414.0173819624872,7.335798980901018,0,0,211,0.4719626168224299,0.0,0.5971464514732361
MaxLoss,mnist,1,0.3,0.0,220,5000,0,224,2324,2548,0.5355623356881551,0.47240000000000004,0.8536032433249693,0.4656320000000001,0.6882048619915387,429.1942584020876,7.674690367886797,0,0,221,0.4642857142857143,0.0,0.5991784930229187
MaxLoss,mnist,1,0.3,0.0,230,5000,0,234,2327,2561,0.5381642034044489,0.46419999999999995,0.8538189330705691,0.463476,0.6862710327763997,440.0763393001409,8.016765628941357,0,0,231,0.4658119658119658,0.0,0.5918524265289307
MaxLoss,mnist,1,0.3,0.0,240,5000,0,244,2313,2557,0.5373637044685893,0.47450000000000003,0.8531642336079241,0.45983199999999996,0.6829936647477731,451.8313853733992,8.35655370587483,0,0,241,0.46311475409836067,0.0,0.5835978984832764
MaxLoss,mnist,1,0.3,0.0,250,5000,0,254,2342,2596,0.5451656950172037,0.4897,0.8594425035011743,0.46702799999999994,0.6894549277820488,462.84117127308144,8.698881544871256,0,0,251,0.46062992125984253,0.0,0.5851070284843445
MaxLoss,mnist,1,0.3,0.0,260,5000,0,264,2194,2458,0.5175299323163927,0.4272,0.8426050854311736,0.439608,0.6646008518187999,471.8613055829544,9.03928215499036,0,0,261,0.45075757575757575,0.0,0.5823866724967957
MaxLoss,mnist,1,0.3,0.0,270,5000,0,274,2231,2505,0.5269510964280926,0.45209999999999995,0.8475483370749095,0.44417200000000007,0.6687818644942574,484.5671830196995,9.379247698932886,0,0,271,0.4489051094890511,0.0,0.5858402252197266
MaxLoss,mnist,1,0.3,0.0,280,5000,0,284,2133,2417,0.5093039029743522,0.41159999999999997,0.8362464436917321,0.42755200000000004,0.6534710529631255,484.6809735083189,9.720969134941697,0,0,281,0.4507042253521127,0.0,0.580870509147644
MaxLoss,mnist,1,0.3,0.0,290,5000,0,294,2061,2355,0.4968511463375762,0.3902,0.8270491196931582,0.412548,0.6394449925600066,493.55168144758983,10.060942339943722,0,0,291,0.4523809523809524,0.0,0.5856214761734009
MaxLoss,mnist,1,0.3,0.0,300,5000,0,304,2171,2475,0.520938657282386,0.4366,0.8450171955951998,0.43360400000000004,0.6590736516825756,516.5757196280177,10.401299699908122,0,0,301,0.45723684210526316,0.0,0.5890240669250488
MaxLoss,mnist,1,0.3,0.0,310,5000,0,314,2167,2481,0.5221414472325705,0.4468,0.8461624453079302,0.43338,0.6588668445368182,525.837444100043,10.744913585018367,0,0,311,0.4585987261146497,0.0,0.5865795612335205
MaxLoss,mnist,1,0.3,0.0,320,5000,0,324,2218,2542,0.5343612338765524,0.45299999999999996,0.8540979858806679,0.44282400000000005,0.6675488239947507,538.1279543412501,11.085850039031357,0,0,321,0.4537037037037037,0.0,0.5865197777748108
MaxLoss,mnist,1,0.3,0.0,330,5000,0,334,2177,2511,0.5281531310174614,0.4547,0.8502089354675065,0.43507199999999996,0.6604279150044778,547.1998166020413,11.426865071989596,0,0,331,0.4550898203592814,0.0,0.5785811543464661
MaxLoss,mnist,1,0.3,0.0,340,5000,0,344,2113,2457,0.517329381313175,0.4335,0.8420407701820776,0.42144,0.6477809442335634,554.4604596835159,11.767771106911823,0,0,341,0.45058139534883723,0.0,0.5783559679985046
MaxLoss,mnist,1,0.3,0.0,350,5000,0,354,2112,2466,0.5191341891768388,0.42910000000000004,0.8441576107196406,0.422128,0.6484230638340971,566.6250372603381,12.108990737935528,0,0,351,0.4491525423728814,0.0,0.5813518166542053
MaxLoss,mnist,1,0.3,0.0,360,5000,0,364,2076,2440,0.5139193729264662,0.42169999999999996,0.8387184495978297,0.41233999999999993,0.6392491762717151,575.7437978655361,12.45002075098455,0,0,361,0.44505494505494503,0.0,0.5730141997337341
MaxLoss,mnist,1,0.3,0.0,370,5000,0,374,2066,2440,0.5139193729264662,0.44199999999999995,0.8408928052080997,0.41462,0.6413935644615482,580.2846678131759,12.79139348003082,0,0,371,0.446524064171123,0.0,0.5743348598480225
MaxLoss,mnist,1,0.3,0.0,380,5000,0,384,2106,2490,0.5239453489775769,0.4548,0.8454801822671251,0.4185959999999999,0.6451222550335285,594.5985231114773,13.135545389028266,0,0,381,0.4505208333333333,0.0,0.5835119485855103
MaxLoss,mnist,1,0.3,0.0,390,5000,0,394,2095,2489,0.5237449322012253,0.4508,0.8468205966595507,0.41888400000000003,0.6453918082028657,603.449973211287,13.476242195814848,0,0,391,0.4517766497461929,0.0,0.5820012092590332
MaxLoss,mnist,1,0.3,0.0,400,5000,0,404,2052,2456,0.5171288261772133,0.4345,0.8406690898178663,0.40802800000000006,0.6351812367438638,612.6394406783428,13.814819875871763,0,0,401,0.4504950495049505,0.0,0.5767240524291992
MaxLoss,mnist,1,0.3,0.0,410,5000,0,414,2111,2525,0.5309572903206572,0.4487,0.8502058120953547,0.420672,0.647063676094317,620.7216978345857,14.153925098944455,0,0,411,0.45169082125603865,0.0,0.588028073310852
MaxLoss,mnist,1,0.3,0.0,420,5000,0,424,2109,2533,0.5325592973968014,0.4544,0.8521294924504696,0.422448,0.6487215847299489,626.7553664042883,14.495577075984329,0,0,421,0.455188679245283,0.0,0.5830168128013611
MaxLoss,mnist,1,0.3,0.0,430,5000,0,434,2119,2553,0.536563138186466,0.47350000000000003,0.8535094429822823,0.42281599999999997,0.6490647744027318,636.0044717408224,14.839520656969398,0,0,431,0.4539170506912442,0.0,0.5754957795143127
MaxLoss,mnist,1,0.3,0.0,440,5000,0,444,2000,2444,0.5147218368947506,0.45299999999999996,0.8395357731741959,0.4016200000000001,0.6291057897997536,637.8154055698784,15.17979989782907,0,0,441,0.44819819819819817,0.0,0.568500280380249
MaxLoss,mnist,1,0.3,0.0,450,5000,0,454,2023,2477,0.5213396040489897,0.44620000000000004,0.8426725129575087,0.403444,0.6308388117371724,652.76324486613,15.519090809859335,0,0,451,0.45154185022026433,0.0,0.5760124921798706
MaxLoss,mnist,1,0.3,0.0,460,5000,0,464,2042,2506,0.5271514460328035,0.4544,0.8454540487041224,0.40666,0.6338872630049186,657.6589921681518,15.861818014876917,0,0,461,0.4482758620689655,0.0,0.5737338662147522
MaxLoss,mnist,1,0.3,0.0,470,5000,0,474,1991,2465,0.5189336717594415,0.44899999999999995,0.8409496436243599,0.39893600000000007,0.6265503169077535,663.5316868737282,16.20176456985064,0,0,471,0.4409282700421941,0.0,0.5722920298576355
MaxLoss,mnist,1,0.3,0.0,480,5000,0,484,2001,2485,0.5229432233027183,0.46430000000000005,0.8435411754163015,0.401056,0.6285693265679528,672.8264742489387,16.54213494900614,0,0,481,0.44214876033057854,0.0,0.5767228603363037
MaxLoss,mnist,1,0.3,0.0,490,5000,0,494,1974,2468,0.5195352114387788,0.45840000000000003,0.8402021971898277,0.394876,0.6226725945919346,679.8707046082995,16.88654133491218,0,0,491,0.4392712550607287,0.0,0.5738711357116699
MaxLoss,mnist,1,0.3,0.0,500,5000,0,504,1975,2479,0.5217405340517871,0.44620000000000004,0.8415124770718511,0.39376,0.6216041286467826,696.807998429659,17.227330580819398,0,0,501,0.4365079365079365,0.0,0.5806558132171631
MaxLoss,mnist,1,0.3,0.0,510,5000,0,514,1956,2470,0.5199362169369124,0.4416,0.840961191106124,0.391488,0.6194254649129655,705.0601743817906,17.56995643582195,0,0,511,0.4357976653696498,0.0,0.5836130976676941
MaxLoss,mnist,1,0.3,0.0,520,5000,0,524,1982,2506,0.5271514460328035,0.4569,0.843109977494191,0.39585600000000004,0.6236099381794067,698.2371635412899,17.912927597993985,0,0,521,0.44083969465648853,0.0,0.5679121017456055
MaxLoss,mnist,1,0.3,0.0,530,5000,0,534,1927,2461,0.5181315601221286,0.4615,0.8381868500281314,0.38667999999999997,0.6147997342332058,709.3885498920066,18.25608760700561,0,0,531,0.4419475655430712,0.0,0.5708168148994446
MaxLoss,mnist,1,0.3,0.0,540,5000,0,544,1854,2398,0.5054894498898648,0.4133,0.8271495223379668,0.370216,0.5988012355060769,713.57196882443,18.59886508085765,0,0,541,0.4411764705882353,0.0,0.5727395415306091
MaxLoss,mnist,1,0.3,0.0,550,5000,0,554,1922,2476,0.5211391327902675,0.4407,0.840800335426526,0.38582400000000006,0.6139740051345193,736.1277406208907,18.942356397863477,0,0,551,0.44404332129963897,0.0,0.5844043493270874
MaxLoss,mnist,1,0.3,0.0,560,5000,0,564,1937,2501,0.5261496561579406,0.44279999999999997,0.8429771546077559,0.387204,0.6153048781744959,746.6875747273937,19.28743609599769,0,0,561,0.44680851063829785,0.0,0.5731852650642395
MaxLoss,mnist,1,0.3,0.0,570,5000,0,574,1933,2507,0.5273517914465629,0.45399999999999996,0.841863991171544,0.38464,0.612830785817447,752.1051245200198,19.63360229297541,0,0,571,0.44773519163763065,0.0,0.568203330039978
MaxLoss,mnist,1,0.3,0.0,580,5000,0,584,1961,2545,0.5349618036998436,0.4585,0.8476196439724264,0.39179600000000003,0.6197210822839735,760.2021972476774,19.98005987587385,0,0,581,0.4486301369863014,0.0,0.5723386406898499
MaxLoss,mnist,1,0.3,0.0,590,5000,0,594,1940,2534,0.5327595293638296,0.45530000000000004,0.8462101233339148,0.38810799999999995,0.6161757669823488,769.5552843973798,20.327139152912423,0,0,591,0.4478114478114478,0.0,0.576763391494751
MaxLoss,mnist,1,0.3,0.0,600,5000,0,604,1887,2491,0.5241457615047693,0.44489999999999996,0.838552170617491,0.377532,0.6059409081187425,765.4937561326635,20.67591263097711,0,0,601,0.44867549668874174,0.0,0.5656686425209045
MaxLoss,mnist,1,0.3,0.0,610,5000,0,614,1867,2481,0.5221414472325705,0.44189999999999996,0.8352705781320505,0.37148400000000004,0.60004219970399,773.2812592660022,21.02097531990148,0,0,611,0.4495114006514658,0.0,0.5694916248321533
MaxLoss,mnist,1,0.3,0.0,620,5000,0,624,1770,2394,0.5046862141462043,0.42400000000000004,0.8241121840557425,0.3552,0.5839916133887473,776.6266594140914,21.36616558698006,0,0,621,0.4439102564102564,0.0,0.5716315507888794
MaxLoss,mnist,1,0.3,0.0,630,5000,0,634,1814,2448,0.515524233749602,0.4244,0.8322871424213567,0.36318,0.591888188677005,797.5858983854919,21.71139690396376,0,0,631,0.443217665615142,0.0,0.5765640735626221
MaxLoss,mnist,1,0.3,0.0,640,5000,0,644,1822,2466,0.5191341891768388,0.4193,0.8321379652965027,0.36274400000000007,0.5914582911982486,798.9459634155171,22.05683592800051,0,0,641,0.44565217391304346,0.0,0.5743691921234131
MaxLoss,mnist,1,0.3,0.0,650,5000,0,654,1863,2517,0.5293550143833272,0.43000000000000005,0.8388705981452135,0.370436,0.5990166511309873,810.9573504996156,22.40583536401391,0,0,651,0.44801223241590216,0.0,0.5753716230392456
MaxLoss,mnist,1,0.3,0.0,660,5000,0,664,1838,2502,0.5263500225264579,0.4317,0.8366777550035613,0.36627200000000004,0.5949318218551307,817.0386063823731,22.752427665982395,0,0,661,0.44728915662650603,0.0,0.5716304779052734
MaxLoss,mnist,1,0.3,0.0,670,5000,0,674,1856,2530,0.5319585762917995,0.4514,0.8399841559674783,0.370548,0.5991263001021135,820.1992777261399,23.101981814950705,0,0,671,0.4465875370919881,0.0,0.5724656581878662
MaxLoss,mnist,1,0.3,0.0,680,5000,0,684,1745,2429,0.5117122510564514,0.406,0.8267297917351869,0.35004799999999997,0.5788614606930217,830.207936391989,23.44925674982369,0,0,681,0.4444444444444444,0.0,0.5724669694900513
MaxLoss,mnist,1,0.3,0.0,690,5000,0,694,1739,2433,0.5125148995430209,0.40459999999999996,0.8269539159460232,0.3485440000000001,0.5773590586251784,841.5326498954176,23.8037326449994,0,0,691,0.4438040345821326,0.0,0.5714842081069946
MaxLoss,mnist,1,0.3,0.0,700,5000,0,704,1763,2467,0.5193347024032846,0.42390000000000005,0.8308585558217296,0.35354800000000003,0.5823493708348532,844.4858252648702,24.154934835853055,0,0,701,0.4502840909090909,0.0,0.5689838528633118
MaxLoss,mnist,1,0.3,0.0,710,5000,0,714,1753,2467,0.5193347024032846,0.44830000000000003,0.8296545847429366,0.350856,0.5796677077937402,850.7408028790977,24.503123651025817,0,0,711,0.4523809523809524,0.0,0.5711169242858887
MaxLoss,mnist,1,0.3,0.0,720,5000,0,724,1740,2464,0.5187331501510926,0.41859999999999997,0.8302911321894354,0.34924800000000006,0.5780625805931546,866.5752790513756,24.851510932901874,0,0,721,0.45027624309392267,0.0,0.5792993903160095
MaxLoss,mnist,1,0.3,0.0,730,5000,0,734,1726,2460,0.5179310216917656,0.43579999999999997,0.8270085145785865,0.34468400000000005,0.5734932064604523,866.3743377828941,25.20068341703154,0,0,731,0.45095367847411444,0.0,0.5737096071243286
MaxLoss,mnist,1,0.3,0.0,740,5000,0,744,1698,2442,0.5143206132925116,0.4194,0.823299800520029,0.337352,0.5661103079323753,880.4585198022854,25.54997495887801,0,0,741,0.4489247311827957,0.0,0.5760480165481567
MaxLoss,mnist,1,0.3,0.0,750,5000,0,754,1744,2498,0.525548531790264,0.43620000000000003,0.8324289679655351,0.34909599999999996,0.5779107240436601,886.8658389372866,25.89981995499693,0,0,751,0.4509283819628647,0.0,0.571753978729248
MaxLoss,mnist,1,0.3,0.0,760,5000,0,764,1717,2481,0.5221414472325705,0.42090000000000005,0.8298715094745124,0.34324,0.5720433188860979,901.4163642094616,26.25004968699068,0,0,761,0.4476439790575916,0.0,0.5749837756156921
MaxLoss,mnist,1,0.3,0.0,770,5000,0,774,1647,2421,0.5101067527430132,0.40800000000000003,0.8201769788607975,0.32986800000000005,0.558519898998952,901.2940190310673,26.601143549894914,0,0,771,0.4483204134366925,0.0,0.5704600214958191
MaxLoss,mnist,1,0.3,0.0,780,5000,0,784,1648,2432,0.5123142437078059,0.4193,0.821167828633824,0.331056,0.5597284993987468,902.3436963130245,26.95176197681576,0,0,781,0.4477040816326531,0.0,0.5707446336746216
MaxLoss,mnist,1,0.3,0.0,790,5000,0,794,1683,2477,0.5213396040489897,0.4254,0.8255138616241988,0.3359519999999999,0.5646946113899775,909.3503182754176,27.30326912482269,0,0,791,0.44962216624685136,0.0,0.5724161267280579
MaxLoss,mnist,1,0.3,0.0,796,5000,0,800,1657,2457,0.517329381313175,0.39790000000000003,0.8234649504761166,0.32980800000000005,0.558458821235324,931.25452891805,27.601696325931698,0,1,797,0.44875,0.0,0.5767239332199097
PU-R,mnist,1,0.3,0.0,0,5000,0,4,2599,2603,0.5465653736027889,0.5667,0.7479923502727216,0.503672,0.7216861543790692,0.6742558196622004,0.22933211014606059,0,0,1,0.25,0.0,0.696846067905426
PU-R,mnist,1,0.3,0.0,10,5000,0,14,2493,2507,0.5273517914465629,0.46599999999999997,0.766761028031475,0.49784,0.7166313203528167,25.2639688856477,0.6766846950631589,0,0,11,0.42857142857142855,0.0,0.6688936352729797
PU-R,mnist,1,0.3,0.0,20,5000,0,24,2527,2551,0.5361628297832794,0.5096,0.7961046885158857,0.5043,0.7222287800918684,69.43310933571263,1.1460508690215647,0,0,21,0.3333333333333333,0.0,0.6065229177474976
PU-R,mnist,1,0.3,0.0,30,5000,0,34,2482,2516,0.5291547109372914,0.5244,0.8020717103557171,0.49588,0.7149261538705972,100.58289061940793,1.6219397401437163,0,0,31,0.29411764705882354,0.0,0.5791996717453003
PU-R,mnist,1,0.3,0.0,40,5000,0,44,2529,2573,0.5405652961926535,0.5512,0.8164458603673123,0.5057240000000001,0.7234579769540119,121.00794430595877,2.1111644650809467,0,0,41,0.2727272727272727,0.0,0.5983151197433472
PU-R,mnist,1,0.3,0.0,50,5000,0,54,2443,2497,0.5253481486579403,0.5365,0.8088862446401838,0.488372,0.7083647359514341,137.97527711748464,2.617963986005634,0,0,51,0.2962962962962963,0.0,0.5703248977661133
PU-R,mnist,1,0.3,0.0,60,5000,0,64,2414,2478,0.5215400711167604,0.51,0.8096256553026026,0.482928,0.7035777294439892,154.07472896962904,3.141422415152192,0,0,61,0.28125,0.0,0.5628122091293335
PU-R,mnist,1,0.3,0.0,70,5000,0,74,2372,2446,0.5151230437331833,0.47850000000000004,0.8072788048466788,0.474864,0.6964414788070591,167.0034142840572,3.6584303451236337,0,0,71,0.2702702702702703,0.0,0.5731347799301147
PU-R,mnist,1,0.3,0.0,80,5000,0,84,2329,2413,0.5085009860340506,0.4848,0.8055047223956239,0.46781999999999996,0.6901634078249413,179.76140605205424,4.192720984108746,0,0,81,0.2857142857142857,0.0,0.5868704319000244
PU-R,mnist,1,0.3,0.0,90,5000,0,94,2332,2426,0.5111102206283249,0.4639,0.8062654995812272,0.46498400000000006,0.6876240468409365,190.5866243609962,4.7328971000388265,0,0,91,0.2978723404255319,0.0,0.5802302956581116
PU-R,mnist,1,0.3,0.0,100,5000,0,104,2300,2404,0.5066941776312888,0.4575,0.8061310221772674,0.46061599999999997,0.683699726698392,202.73508424137705,5.281582931056619,0,0,101,0.28846153846153844,0.0,0.5849404335021973
PU-R,mnist,1,0.3,0.0,110,5000,0,114,2208,2322,0.4902164828963578,0.42390000000000005,0.794900949336269,0.44190000000000007,0.6667027324658331,214.56867193772396,5.842255301075056,0,0,111,0.2982456140350877,0.0,0.5802141427993774
PU-R,mnist,1,0.3,0.0,120,5000,0,124,2191,2315,0.48880854120943695,0.42069999999999996,0.7943238599254768,0.43788,0.6630132307185458,224.5963153049917,6.414589723106474,0,0,121,0.28225806451612906,0.0,0.5879692435264587
PU-R,mnist,1,0.3,0.0,130,5000,0,134,2175,2309,0.4876015699119307,0.4202,0.7952405774243642,0.43605200000000005,0.6613309621641005,234.05118202423822,7.000511875143275,0,0,131,0.2835820895522388,0.0,0.5745043158531189
PU-R,mnist,1,0.3,0.0,140,5000,0,144,2203,2347,0.49524316343013197,0.43610000000000004,0.8018287775409272,0.44150399999999995,0.6663398996540223,244.1845000003365,7.601486332016066,0,0,141,0.3125,0.0,0.5911617875099182
PU-R,mnist,1,0.3,0.0,150,5000,0,154,2155,2309,0.4876015699119307,0.41910000000000003,0.7970625585073763,0.432412,0.6579726484939512,253.47874194756525,8.212341690203175,0,0,151,0.3116883116883117,0.0,0.5828254818916321
PU-R,mnist,1,0.3,0.0,160,5000,0,164,2160,2324,0.49061871407320723,0.41910000000000003,0.7989008076887734,0.4322400000000001,0.6578136784865334,262.0381690516097,8.84207518119365,0,0,161,0.31097560975609756,0.0,0.5773788094520569
PU-R,mnist,1,0.3,0.0,170,5000,0,174,2198,2372,0.5002672174014151,0.4336,0.8057722802569139,0.43873199999999996,0.6637963340921249,270.74254338694277,9.489410709124058,0,0,171,0.3333333333333333,0.0,0.5754349231719971
PU-R,mnist,1,0.3,0.0,180,5000,0,184,2171,2355,0.4968511463375762,0.41800000000000004,0.8033476116408687,0.43306400000000006,0.6585750257380549,279.1759792450058,10.149418857181445,0,0,181,0.32608695652173914,0.0,0.5771487951278687
PU-R,mnist,1,0.3,0.0,190,5000,0,194,2178,2372,0.5002672174014151,0.41400000000000003,0.8072894815254131,0.43587999999999993,0.6611725275202881,287.62742889183767,10.82589708501473,0,0,191,0.31443298969072164,0.0,0.5777804851531982
PU-R,mnist,1,0.3,0.0,200,5000,0,204,2229,2433,0.5125148995430209,0.4354,0.81671583785406,0.4460720000000001,0.6705172109571578,296.6113962054162,11.520732941105962,0,0,201,0.3382352941176471,0.0,0.5788008570671082
PU-R,mnist,1,0.3,0.0,210,5000,0,214,2221,2435,0.5129161986405961,0.4415,0.8174127673177176,0.44481599999999993,0.6693703986829245,304.5634586354361,12.23219097405672,0,0,211,0.34579439252336447,0.0,0.5813303589820862
PU-R,mnist,1,0.3,0.0,220,5000,0,224,2232,2456,0.5171288261772133,0.4383,0.8199797313819139,0.44624400000000003,0.6706741543703034,312.209214418578,12.963826075196266,0,0,221,0.3482142857142857,0.0,0.5900539755821228
PU-R,mnist,1,0.3,0.0,230,5000,0,234,2238,2472,0.5203372056712396,0.4434,0.8223429299196853,0.4473520000000001,0.6716845610179294,320.18123571132986,13.712014035088941,0,0,231,0.358974358974359,0.0,0.5806583166122437
PU-R,mnist,1,0.3,0.0,240,5000,0,244,2214,2458,0.5175299323163927,0.42969999999999997,0.8197104037321934,0.44168,0.6665011751419759,327.8035020765364,14.480825238162652,0,0,241,0.35655737704918034,0.0,0.569219708442688
PU-R,mnist,1,0.3,0.0,250,5000,0,254,2198,2452,0.5163265634910204,0.4325,0.819940713578424,0.44026400000000004,0.6652028938079069,334.3637082012985,15.26864412217401,0,0,251,0.35826771653543305,0.0,0.5750026702880859
PU-R,mnist,1,0.3,0.0,260,5000,0,264,2190,2454,0.51672770321602,0.42400000000000004,0.8196495631081216,0.43796399999999996,0.6630904655888709,341.6295810525761,16.087967610219494,0,0,261,0.3522727272727273,0.0,0.5727884769439697
PU-R,mnist,1,0.3,0.0,270,5000,0,274,2171,2445,0.5149224423803389,0.41769999999999996,0.8178233842666303,0.4335760000000001,0.6590478031369281,348.9030430514865,16.916522017214447,0,0,271,0.35036496350364965,0.0,0.5726966261863708
PU-R,mnist,1,0.3,0.0,280,5000,0,284,2135,2419,0.5097053362405859,0.41369999999999996,0.8144376873802072,0.427256,0.653196226431425,355.5545670345539,17.763478491222486,0,0,281,0.3415492957746479,0.0,0.5719700455665588
PU-R,mnist,1,0.3,0.0,290,5000,0,294,2111,2405,0.5068949508713558,0.4064,0.8121449678732731,0.422472,0.6487439702307483,362.1831455161917,18.63080054218881,0,0,291,0.336734693877551,0.0,0.5774909257888794
PU-R,mnist,1,0.3,0.0,300,5000,0,304,2083,2387,0.5032803900539875,0.39670000000000005,0.8104589098716124,0.418368,0.6449088077693648,369.49009729376957,19.522636173060164,0,0,301,0.33223684210526316,0.0,0.5729307532310486
PU-R,mnist,1,0.3,0.0,310,5000,0,314,2090,2404,0.5066941776312888,0.4004,0.8109945846904059,0.417324,0.6439308679555678,376.59873234823044,20.42912059300579,0,0,311,0.32802547770700635,0.0,0.5781700611114502
PU-R,mnist,1,0.3,0.0,320,5000,0,324,2089,2413,0.5085009860340506,0.39890000000000003,0.8125194043014586,0.41786400000000007,0.6444368169758268,382.7640344695418,21.35976333799772,0,0,321,0.33024691358024694,0.0,0.5785177946090698
PU-R,mnist,1,0.3,0.0,330,5000,0,334,2062,2396,0.5050878404290415,0.3852,0.8093260196986415,0.41198,0.638910174234758,389.2734251988595,22.30993446917273,0,0,331,0.32934131736526945,0.0,0.5763057470321655
PU-R,mnist,1,0.3,0.0,340,5000,0,344,2049,2393,0.5044853947474621,0.38339999999999996,0.8086380421842845,0.409352,0.6364320287883967,396.34076694519126,23.27805575216189,0,0,341,0.32558139534883723,0.0,0.579257607460022
PU-R,mnist,1,0.3,0.0,350,5000,0,354,2016,2370,0.49986538966186345,0.3811,0.8056103182501102,0.40354799999999996,0.630937535956321,403.7431175296471,24.265590492170304,0,0,351,0.3248587570621469,0.0,0.585056483745575
PU-R,mnist,1,0.3,0.0,360,5000,0,364,1988,2352,0.49624818429583684,0.36550000000000005,0.8020762913432232,0.39721199999999995,0.6249055066316906,410.78619072281367,25.2768883400131,0,0,361,0.31868131868131866,0.0,0.5726600289344788
PU-R,mnist,1,0.3,0.0,370,5000,0,374,1983,2357,0.4972531000385061,0.372,0.8021312124121751,0.39570800000000006,0.6234684349760703,417.50430339146345,26.308789503062144,0,0,371,0.32085561497326204,0.0,0.5756312012672424
PU-R,mnist,1,0.3,0.0,380,5000,0,384,1973,2357,0.4972531000385061,0.36950000000000005,0.8021231915367519,0.39419599999999994,0.6220216901632849,423.9579465413709,27.361822233069688,0,0,381,0.3255208333333333,0.0,0.5712999701499939
PU-R,mnist,1,0.3,0.0,390,5000,0,394,1983,2377,0.5012717132340185,0.37360000000000004,0.805003358575762,0.39645600000000003,0.6241834001885921,430.6295683918145,28.442815096117556,0,0,391,0.3299492385786802,0.0,0.5784040093421936
PU-R,mnist,1,0.3,0.0,400,5000,0,404,1970,2374,0.5006690283189528,0.3639,0.8042099120478213,0.39399999999999996,0.6218340000009259,436.7720565660837,29.544181485194713,0,0,401,0.3316831683168317,0.0,0.5692550539970398
PU-R,mnist,1,0.3,0.0,410,5000,0,414,1966,2380,0.5018743603723124,0.36339999999999995,0.8051303790662151,0.39390800000000004,0.6217458887214943,442.5317514810492,30.66817915602587,0,0,411,0.3285024154589372,0.0,0.5676639080047607
PU-R,mnist,1,0.3,0.0,420,5000,0,424,1965,2389,0.5036820750683546,0.3599,0.805843540218896,0.39346799999999993,0.6213243825329589,448.66750586867425,31.814464221009985,0,0,421,0.330188679245283,0.0,0.5682182908058167
PU-R,mnist,1,0.3,0.0,430,5000,0,434,1948,2382,0.5022761041182093,0.3499,0.8041479204142703,0.38995199999999997,0.6179499492323511,454.34447170676515,32.97977721807547,0,0,431,0.3294930875576037,0.0,0.5681507587432861
PU-R,mnist,1,0.3,0.0,440,5000,0,444,1917,2361,0.49805695709073916,0.3338,0.800001143924036,0.38325600000000004,0.6114928495863493,459.96854902460996,34.174495191080496,0,0,441,0.32657657657657657,0.0,0.566196858882904
PU-R,mnist,1,0.3,0.0,450,5000,0,454,1905,2359,0.4976550369756296,0.3298,0.7994563903729459,0.38142799999999993,0.6097230330084044,465.0238289518326,35.38883410906419,0,0,451,0.32599118942731276,0.0,0.5662186741828918
PU-R,mnist,1,0.3,0.0,460,5000,0,464,1874,2338,0.493433861178346,0.3237,0.7942122559230993,0.373424,0.6019379688839471,470.55296882247654,36.632297517033294,0,0,461,0.3232758620689655,0.0,0.566463828086853
PU-R,mnist,1,0.3,0.0,470,5000,0,474,1892,2366,0.49906168383313343,0.3255,0.7986831326428593,0.377972,0.6063687400890564,476.2122851264624,37.89604576211423,0,0,471,0.32489451476793246,0.0,0.5670025944709778
PU-R,mnist,1,0.3,0.0,480,5000,0,484,1912,2396,0.5050878404290415,0.3377,0.8019924968255577,0.38107199999999997,0.6093780115496567,481.8476060611462,39.1936200261116,0,0,481,0.32644628099173556,0.0,0.5687610507011414
PU-R,mnist,1,0.3,0.0,490,5000,0,494,1887,2381,0.5020752343116328,0.3285,0.7987305443067423,0.37567999999999996,0.6041381854507586,487.1018906765049,40.51975694508292,0,0,491,0.3259109311740891,0.0,0.5694963932037354
PU-R,mnist,1,0.3,0.0,500,5000,0,504,1867,2371,0.5000663056271151,0.32189999999999996,0.7986595720708708,0.37426800000000005,0.602761646132519,493.26663410074065,41.87610194319859,0,0,501,0.3253968253968254,0.0,0.5703998804092407
PU-R,mnist,1,0.3,0.0,510,5000,0,514,1889,2403,0.5064934001420625,0.34109999999999996,0.8025307430128499,0.37815200000000004,0.6065437113442277,498.77315576636266,43.33121641515754,0,0,511,0.32490272373540857,0.0,0.5716862082481384
PU-R,mnist,1,0.3,0.0,520,5000,0,524,1882,2406,0.507095719978679,0.3336,0.80206826699973,0.37633599999999995,0.6047770895384007,504.48887927233733,44.76391571410932,0,0,521,0.3301526717557252,0.0,0.5725781321525574
PU-R,mnist,1,0.3,0.0,530,5000,0,534,1873,2407,0.5072964848368429,0.3349,0.8018809294951875,0.37493200000000004,0.6034091981888637,509.99796430668675,46.22010756912641,0,0,531,0.32771535580524347,0.0,0.5675464868545532
PU-R,mnist,1,0.3,0.0,540,5000,0,544,1842,2386,0.5030795412603766,0.3275,0.7978478435525832,0.36857999999999996,0.5971979233884439,515.2546801048751,47.69928262918256,0,0,541,0.3272058823529412,0.0,0.5691272616386414
PU-R,mnist,1,0.3,0.0,550,5000,0,554,1855,2409,0.5076980020385236,0.3308,0.8005535264472563,0.37092800000000004,0.5994982371242101,520.8839538918191,49.21037418814376,0,0,551,0.3267148014440433,0.0,0.5703679919242859
PU-R,mnist,1,0.3,0.0,560,5000,0,564,1825,2389,0.5036820750683546,0.32130000000000003,0.7966321568616567,0.36478,0.5934642730019333,526.0148095739938,50.7466808501631,0,0,561,0.324468085106383,0.0,0.5654698610305786
PU-R,mnist,1,0.3,0.0,570,5000,0,574,1809,2383,0.5024769696756266,0.32410000000000005,0.795930399701173,0.36281599999999997,0.5915292956938226,531.1745700903309,52.31370936403982,0,0,571,0.32752613240418116,0.0,0.5663476586341858
PU-R,mnist,1,0.3,0.0,580,5000,0,584,1826,2410,0.5078987543238327,0.3275,0.7989676388870132,0.365672,0.594341903806445,536.4196988392248,53.91433342802338,0,0,581,0.3270547945205479,0.0,0.566034734249115
PU-R,mnist,1,0.3,0.0,590,5000,0,594,1826,2420,0.5099060466163792,0.33109999999999995,0.7988033700758681,0.364376,0.593066537116497,541.7479061519047,55.5373979061842,0,0,591,0.33164983164983164,0.0,0.569881796836853
PU-R,mnist,1,0.3,0.0,600,5000,0,604,1831,2435,0.5129161986405961,0.3368,0.8006408169566277,0.365696,0.5943655069579388,547.0358905487361,57.183660708134994,0,0,601,0.3344370860927152,0.0,0.5671634078025818
PU-R,mnist,1,0.3,0.0,610,5000,0,614,1821,2435,0.5129161986405961,0.33919999999999995,0.8006397693086329,0.36461999999999994,0.5933067720366735,552.3781189460174,58.84267446002923,0,0,611,0.3355048859934853,0.0,0.5667750835418701
PU-R,mnist,1,0.3,0.0,620,5000,0,624,1806,2430,0.5119129194645211,0.33540000000000003,0.799783628370266,0.36245200000000005,0.5911702788147074,557.6456983580516,60.51384171913378,0,0,621,0.3317307692307692,0.0,0.570218563079834
PU-R,mnist,1,0.3,0.0,630,5000,0,634,1800,2434,0.5127155511872843,0.32930000000000004,0.7987306454373457,0.35997999999999997,0.58872883635051,563.2031323578586,62.20059162611142,0,0,631,0.32965299684542587,0.0,0.5672692060470581
PU-R,mnist,1,0.3,0.0,640,5000,0,644,1767,2411,0.5080995024181902,0.3164,0.794224215553382,0.35315199999999997,0.581955324520971,568.3891706578282,63.90725142415613,0,0,641,0.327639751552795,0.0,0.5660321712493896
PU-R,mnist,1,0.3,0.0,650,5000,0,654,1750,2404,0.5066941776312888,0.3055,0.7923745497741779,0.34982399999999997,0.5786378360540477,573.310432689946,65.61767239007168,0,0,651,0.3241590214067278,0.0,0.5648650527000427
PU-R,mnist,1,0.3,0.0,660,5000,0,664,1743,2407,0.5072964848368429,0.3075,0.7921186617533034,0.3485440000000001,0.5773590586251784,578.1920707886634,67.34807449718937,0,0,661,0.3253012048192771,0.0,0.5653882622718811
PU-R,mnist,1,0.3,0.0,670,5000,0,674,1738,2412,0.5083002463215962,0.29369999999999996,0.7914578441680878,0.346768,0.5755821490558354,583.0050267562962,69.09134418307804,0,0,671,0.32344213649851633,0.0,0.5640118718147278
PU-R,mnist,1,0.3,0.0,680,5000,0,684,1720,2404,0.5066941776312888,0.29969999999999997,0.7897167487099195,0.343564,0.5723688157279199,588.1698491632814,70.84978786110878,0,0,681,0.3230994152046784,0.0,0.5638878345489502
PU-R,mnist,1,0.3,0.0,690,5000,0,694,1706,2400,0.5058910425868817,0.29890000000000005,0.7890756038266667,0.34173200000000004,0.5705270109900906,593.4850369854829,72.62860856601037,0,0,691,0.3227665706051873,0.0,0.5655397176742554
PU-R,mnist,1,0.3,0.0,700,5000,0,704,1720,2424,0.5107088460936211,0.31379999999999997,0.7913571430379753,0.34361600000000003,0.5724210464824877,598.7043153332581,74.41817611199804,0,0,701,0.3252840909090909,0.0,0.5633646249771118
PU-R,mnist,1,0.3,0.0,710,5000,0,714,1752,2466,0.5191341891768388,0.31679999999999997,0.7980436981181572,0.351248,0.5800586325413922,603.5225059900569,76.22985145519488,0,0,711,0.3277310924369748,0.0,0.5667871236801147
PU-R,mnist,1,0.3,0.0,720,5000,0,724,1746,2470,0.5199362169369124,0.31520000000000004,0.7969566907335968,0.34889200000000004,0.5777068817478361,608.54171349557,78.0550397390034,0,0,721,0.3301104972375691,0.0,0.5638146996498108
PU-R,mnist,1,0.3,0.0,730,5000,0,734,1689,2423,0.5105081524816342,0.3126,0.789445279492565,0.33836,0.5671284173059195,613.6651774540853,79.89308681199327,0,0,731,0.329700272479564,0.0,0.5627678632736206
PU-R,mnist,1,0.3,0.0,740,5000,0,744,1713,2457,0.517329381313175,0.3076,0.7936416329692088,0.34265600000000007,0.5714563636189285,619.0909710175871,81.7457395750098,0,0,741,0.3293010752688172,0.0,0.5626089572906494
PU-R,mnist,1,0.3,0.0,750,5000,0,754,1704,2458,0.5175299323163927,0.3155,0.7932728321095944,0.341268,0.57006000983624,623.9924555525494,83.6171383401379,0,0,751,0.32891246684350134,0.0,0.5639161467552185
PU-R,mnist,1,0.3,0.0,760,5000,0,764,1695,2459,0.5177304791286588,0.3183,0.7927216106900259,0.339644,0.5684238530689827,628.9426687701346,85.50756116700359,0,0,761,0.331151832460733,0.0,0.5631876587867737
PU-R,mnist,1,0.3,0.0,770,5000,0,774,1699,2473,0.5205376937519759,0.3093,0.7934052296498715,0.339576,0.5683552878801661,633.9882983983503,87.43296825909056,0,0,771,0.33204134366925064,0.0,0.5672362446784973
PU-R,mnist,1,0.3,0.0,780,5000,0,784,1686,2470,0.5199362169369124,0.30720000000000003,0.7921081294587071,0.33696799999999993,0.565722194400652,639.1893912932551,89.35062931617722,0,0,781,0.3354591836734694,0.0,0.5643559098243713
PU-R,mnist,1,0.3,0.0,790,5000,0,794,1676,2470,0.5199362169369124,0.3094,0.7915360319026702,0.33528800000000003,0.5640224921647775,644.3868622527215,91.28188317408785,0,0,791,0.3350125944584383,0.0,0.562455415725708
PU-R,mnist,1,0.3,0.0,796,5000,0,800,1659,2459,0.5177304791286588,0.3066,0.7889716356091323,0.33153999999999995,0.5602204891358878,647.2071138296752,92.53505808021873,0,1,797,0.335,0.0,0.5619298815727234
PU-C,mnist,1,0.3,0.0,0,5000,0,4,2587,2591,0.5441657980554737,0.5506,0.7494779936389486,0.505496,0.7232612807845002,0.6470753626068293,0.23006897908635437,0,0,1,0.25,0.0,0.6714600920677185
PU-C,mnist,1,0.3,0.0,10,5000,0,14,2594,2608,0.5475650174776092,0.5219,0.7886045031107444,0.521864,0.7372720491899712,29.144333826231062,0.6635378010105342,0,0,11,0.2857142857142857,0.0,0.6554195880889893
PU-C,mnist,1,0.3,0.0,20,5000,0,24,2652,2676,0.5611496735364199,0.5583,0.8171330212819784,0.531084,0.7450659268988699,71.24327910450158,1.1073796590790153,0,0,21,0.2916666666666667,0.0,0.5997522473335266
PU-C,mnist,1,0.3,0.0,30,5000,0,34,2541,2575,0.540965419379063,0.5114000000000001,0.8117922646664524,0.508056,0.7254673155470479,102.09337935711464,1.5577504460234195,0,0,31,0.38235294117647056,0.0,0.5875216722488403
PU-C,mnist,1,0.3,0.0,40,5000,0,44,2446,2490,0.5239453489775769,0.4636,0.8034030154440995,0.488096,0.7081226385335202,121.44908886833277,2.0056122899986804,0,0,41,0.3409090909090909,0.0,0.5809864401817322
PU-C,mnist,1,0.3,0.0,50,5000,0,54,2477,2531,0.5321588208316825,0.4758,0.8139864224059281,0.49516400000000005,0.7143024488394689,138.10762833786254,2.4541961359791458,0,0,51,0.35185185185185186,0.0,0.6043069362640381
PU-C,mnist,1,0.3,0.0,60,5000,0,64,2397,2461,0.5181315601221286,0.4335,0.8054752041216908,0.478696,0.6998393829524956,150.75874377037056,2.9084936189465225,0,0,61,0.375,0.0,0.5661095380783081
PU-C,mnist,1,0.3,0.0,70,5000,0,74,2340,2414,0.5087017215555534,0.41369999999999996,0.7996074098224417,0.4665599999999999,0.6890360333536932,162.1447150765637,3.3654066929593682,0,0,71,0.36486486486486486,0.0,0.5681413412094116
PU-C,mnist,1,0.3,0.0,80,5000,0,84,2352,2436,0.5131168419029564,0.42510000000000003,0.8064651833604928,0.47084000000000004,0.6928601133354463,174.95851757152423,3.8274195808917284,0,0,81,0.35714285714285715,0.0,0.5663283467292786
PU-C,mnist,1,0.3,0.0,90,5000,0,94,2310,2404,0.5066941776312888,0.40780000000000005,0.8046890567295675,0.46329600000000004,0.6861094049101188,189.43154642579816,4.29114510002546,0,0,91,0.3191489361702128,0.0,0.5875667929649353
PU-C,mnist,1,0.3,0.0,100,5000,0,104,2184,2288,0.4833759760367684,0.3387,0.7854791091833444,0.43497600000000003,0.6603394091205669,199.15734641280608,4.758962654974312,0,0,101,0.3173076923076923,0.0,0.5794551968574524
PU-C,mnist,1,0.3,0.0,110,5000,0,114,2217,2331,0.49202639068244025,0.3688,0.7958963924920236,0.44450799999999996,0.6690889697189077,210.6044068872805,5.225138576934114,0,0,111,0.3333333333333333,0.0,0.5834231376647949
PU-C,mnist,1,0.3,0.0,120,5000,0,124,2199,2323,0.4904176006093621,0.3386,0.7945037485782418,0.4392399999999999,0.6642629605189339,221.1162509291264,5.695280185900629,0,0,121,0.3387096774193548,0.0,0.5691417455673218
PU-C,mnist,1,0.3,0.0,130,5000,0,134,2152,2286,0.4829734415980056,0.3156,0.7894733391070322,0.42967599999999995,0.6554409103361026,230.6868828824148,6.1720980210229754,0,0,131,0.34328358208955223,0.0,0.5769022703170776
PU-C,mnist,1,0.3,0.0,140,5000,0,144,2180,2324,0.49061871407320723,0.3389,0.7973020337170919,0.43650799999999995,0.6617508759533637,241.15678115796038,6.650484039913863,0,0,141,0.3472222222222222,0.0,0.5747145414352417
PU-C,mnist,1,0.3,0.0,150,5000,0,154,2110,2264,0.4785444484441541,0.32499999999999996,0.7890885038223727,0.423012,0.6492475124728367,250.5078580379458,7.133271998958662,0,0,151,0.35064935064935066,0.0,0.5685694813728333
PU-C,mnist,1,0.3,0.0,160,5000,0,164,2135,2299,0.48558961413800716,0.32830000000000004,0.7951596887596967,0.42798,0.6538683040550506,259.97542810203373,7.622086182003841,0,0,161,0.36585365853658536,0.0,0.5792881846427917
PU-C,mnist,1,0.3,0.0,170,5000,0,174,2137,2311,0.4880039105191827,0.3258,0.7968724967076982,0.42766799999999994,0.6535787347043804,268.53171922489497,8.115290808025748,0,0,171,0.3620689655172414,0.0,0.5660788416862488
PU-C,mnist,1,0.3,0.0,180,5000,0,184,2116,2300,0.4857908286503516,0.3204,0.7948771450904358,0.42260800000000004,0.648870812003578,276.9803565298583,8.608598282095045,0,0,181,0.3532608695652174,0.0,0.5685266852378845
PU-C,mnist,1,0.3,0.0,190,5000,0,194,2095,2289,0.4835772369406186,0.3077,0.7946469026777607,0.42008,0.6465104335732026,284.734408309983,9.109362584073097,0,0,191,0.35051546391752575,0.0,0.564961314201355
PU-C,mnist,1,0.3,0.0,200,5000,0,204,2109,2313,0.48840623430442065,0.32189999999999996,0.7982232744052233,0.42256000000000005,0.6488260461433744,292.3975982828022,9.608048449037597,0,0,201,0.35294117647058826,0.0,0.5723307132720947
PU-C,mnist,1,0.3,0.0,210,5000,0,214,2126,2340,0.4938359577790834,0.32499999999999996,0.8021101683212483,0.4252079999999999,0.6512926584535339,301.1701354353342,10.113892605062574,0,0,211,0.35514018691588783,0.0,0.5684567093849182
PU-C,mnist,1,0.3,0.0,220,5000,0,224,2108,2332,0.49222747050225735,0.33020000000000005,0.8006821867702254,0.420916,0.6472916134606695,309.93312010794097,10.623288162052631,0,0,221,0.35267857142857145,0.0,0.5761394500732422
PU-C,mnist,1,0.3,0.0,230,5000,0,234,2115,2349,0.49564518441911787,0.32789999999999997,0.8038901404505077,0.42302400000000007,0.6492586994403449,317.7449250110596,11.133688997942954,0,0,231,0.34615384615384615,0.0,0.5624116063117981
PU-C,mnist,1,0.3,0.0,240,5000,0,244,2095,2339,0.4936349116032943,0.31620000000000004,0.8016589647281056,0.418108,0.644665347972764,325.0940872172157,11.648487864993513,0,0,241,0.3483606557377049,0.0,0.565211832523346
PU-C,mnist,1,0.3,0.0,250,5000,0,254,2089,2343,0.49443907116074115,0.3188,0.8034973869380236,0.4184999999999999,0.6450323879957643,332.7654947205266,12.167528345948085,0,0,251,0.3464566929133858,0.0,0.5638583898544312
PU-C,mnist,1,0.3,0.0,260,5000,0,264,2094,2358,0.49745407060254365,0.3264,0.8050079448387304,0.418472,0.6450061752710267,340.511785512641,12.68718158104457,0,0,261,0.3446969696969697,0.0,0.5681686401367188
PU-C,mnist,1,0.3,0.0,270,5000,0,274,2063,2337,0.4932328066206537,0.3237,0.802141111213968,0.412864,0.6397424104560533,347.5358289445727,13.208540436113253,0,0,271,0.33941605839416056,0.0,0.5671188831329346
PU-C,mnist,1,0.3,0.0,280,5000,0,284,2050,2334,0.4926296175690368,0.32089999999999996,0.8011186363178276,0.40964399999999995,0.6367076765745658,354.8590648534603,13.730515653965995,0,0,281,0.3380281690140845,0.0,0.5726001262664795
PU-C,mnist,1,0.3,0.0,290,5000,0,294,2028,2322,0.4902164828963578,0.31000000000000005,0.7997479225944694,0.40575999999999995,0.633035068355604,363.10411941606236,14.254784478107467,0,0,291,0.3333333333333333,0.0,0.5621468424797058
PU-C,mnist,1,0.3,0.0,300,5000,0,304,2006,2310,0.4878027423401363,0.30100000000000005,0.7979922484979449,0.4016880000000001,0.6291704507772526,370.2141481549516,14.781279366929084,0,0,301,0.32894736842105265,0.0,0.5675199031829834
PU-C,mnist,1,0.3,0.0,310,5000,0,314,2004,2318,0.48941197007661685,0.2972,0.7987326448665214,0.4008279999999999,0.6283523786475542,377.5878694837099,15.307768015889451,0,0,311,0.33121019108280253,0.0,0.5753173828125
PU-C,mnist,1,0.3,0.0,320,5000,0,324,1986,2310,0.4878027423401363,0.29169999999999996,0.7974707780957851,0.39749599999999996,0.6251766429305603,384.47298882760606,15.838148701936007,0,0,321,0.32407407407407407,0.0,0.5726714134216309
PU-C,mnist,1,0.3,0.0,330,5000,0,334,1964,2298,0.48538839537650347,0.279,0.7955807644470576,0.393244,0.621109731194868,391.8879819205154,16.373759801033884,0,0,331,0.32335329341317365,0.0,0.5634053349494934
PU-C,mnist,1,0.3,0.0,340,5000,0,344,1952,2296,0.48498594522243366,0.28380000000000005,0.7952572370312695,0.391152,0.6191028764159704,398.854036867044,16.910921731963754,0,0,341,0.32558139534883723,0.0,0.5675287246704102
PU-C,mnist,1,0.3,0.0,350,5000,0,354,1934,2288,0.4833759760367684,0.27090000000000003,0.7933930832878414,0.387108,0.6152123512172246,405.74193061783126,17.445628371089697,0,0,351,0.3192090395480226,0.0,0.5624244809150696
PU-C,mnist,1,0.3,0.0,360,5000,0,364,1914,2278,0.48136313498253,0.2733,0.7911313813553847,0.38279199999999997,0.6110439050115903,411.7359256949979,17.9875385009218,0,0,361,0.32142857142857145,0.0,0.5629544258117676
PU-C,mnist,1,0.3,0.0,370,5000,0,374,1895,2269,0.47955121722770855,0.2672,0.7904855080039497,0.38048799999999994,0.6088117720093857,418.0575512823867,18.53036771994084,0,0,371,0.3181818181818182,0.0,0.5666465759277344
PU-C,mnist,1,0.3,0.0,380,5000,0,384,1893,2277,0.4811618276871741,0.272,0.7906763191285462,0.37906400000000007,0.607429778367957,425.2520129766533,19.078472861088812,0,0,381,0.3177083333333333,0.0,0.5587534308433533
PU-C,mnist,1,0.3,0.0,390,5000,0,394,1887,2281,0.48196703160647303,0.2641,0.7904530695749415,0.3773160000000001,0.6057308168426855,431.61764836920685,19.624865490943193,0,0,391,0.3096446700507614,0.0,0.5683025121688843
PU-C,mnist,1,0.3,0.0,400,5000,0,404,1899,2303,0.4863944469834678,0.26649999999999996,0.7931104350715028,0.379212,0.6075734984742072,438.22342167203897,20.17040853993967,0,0,401,0.3094059405940594,0.0,0.5612385272979736
PU-C,mnist,1,0.3,0.0,410,5000,0,414,1877,2291,0.4839797461172566,0.26149999999999995,0.7916541442186397,0.37600400000000006,0.604453790954651,444.14992844098134,20.72288017394021,0,0,411,0.30676328502415456,0.0,0.5596117973327637
PU-C,mnist,1,0.3,0.0,420,5000,0,424,1877,2301,0.4859920389717445,0.2582,0.7919238164487677,0.37494400000000006,0.6034208972178304,450.4058650704077,21.27406788105145,0,0,421,0.30660377358490565,0.0,0.5617274045944214
PU-C,mnist,1,0.3,0.0,430,5000,0,434,1853,2287,0.4831747109419666,0.2561,0.7897127562060504,0.37078000000000005,0.5993533932833399,456.42862821795757,21.83115042396821,0,0,431,0.3064516129032258,0.0,0.5584480166435242
PU-C,mnist,1,0.3,0.0,440,5000,0,444,1867,2311,0.4880039105191827,0.26,0.793343247744389,0.37416799999999995,0.6026640881918073,462.0838991628708,22.38749764394015,0,0,441,0.30855855855855857,0.0,0.5591006875038147
PU-C,mnist,1,0.3,0.0,450,5000,0,454,1847,2301,0.4859920389717445,0.2569,0.791154987334965,0.36999200000000004,0.5985818573078758,468.33746223883895,22.94620524905622,0,0,451,0.30616740088105726,0.0,0.5620368719100952
PU-C,mnist,1,0.3,0.0,460,5000,0,464,1851,2315,0.48880854120943695,0.26180000000000003,0.792001045694793,0.36984,0.5984329671310334,473.9841972056812,23.50948333297856,0,0,461,0.3017241379310345,0.0,0.5599952936172485
PU-C,mnist,1,0.3,0.0,470,5000,0,474,1819,2293,0.4843822384136729,0.24960000000000004,0.7886635083484438,0.364356,0.5930468432678939,479.680425521452,24.073701336979866,0,0,471,0.29535864978902954,0.0,0.5632284879684448
PU-C,mnist,1,0.3,0.0,480,5000,0,484,1801,2285,0.4827721680048853,0.24319999999999997,0.7856814244223816,0.359216,0.5879731199933308,486.07189151542195,24.641758929006755,0,0,481,0.2892561983471074,0.0,0.5582883954048157
PU-C,mnist,1,0.3,0.0,490,5000,0,494,1771,2265,0.47874581068754196,0.24050000000000005,0.7833219866497373,0.35503999999999997,0.5838326716901344,491.77786792309666,25.210252465913072,0,0,491,0.291497975708502,0.0,0.561853289604187
PU-C,mnist,1,0.3,0.0,500,5000,0,504,1757,2261,0.4779403365100734,0.23399999999999999,0.7809488635917672,0.35087199999999996,0.5796836667798317,497.49439742154885,25.781916378065944,0,0,501,0.2916666666666667,0.0,0.5556788444519043
PU-C,mnist,1,0.3,0.0,510,5000,0,514,1767,2281,0.48196703160647303,0.23619999999999997,0.7830844033211962,0.352368,0.5811747521745292,503.01708396009326,26.352327483939007,0,0,511,0.2918287937743191,0.0,0.5599947571754456
PU-C,mnist,1,0.3,0.0,520,5000,0,524,1753,2277,0.4811618276871741,0.22829999999999995,0.7825573933980842,0.35062799999999994,0.5794402656551222,508.187749620781,26.92889001290314,0,0,521,0.29389312977099236,0.0,0.5583118200302124
PU-C,mnist,1,0.3,0.0,530,5000,0,534,1762,2296,0.48498594522243366,0.23350000000000004,0.7847442767543211,0.352228,0.5810353026441559,513.6240507742249,27.508113811025396,0,0,531,0.2958801498127341,0.0,0.5568556785583496
PU-C,mnist,1,0.3,0.0,540,5000,0,544,1687,2231,0.4718971232068725,0.21809999999999996,0.7736917989202176,0.33744,0.5661992302179892,519.1246152794828,28.093649761052802,0,0,541,0.2977941176470588,0.0,0.555884599685669
PU-C,mnist,1,0.3,0.0,550,5000,0,554,1711,2265,0.47874581068754196,0.2208,0.7778187830969999,0.341364,0.5701566479631351,524.619924305883,28.673446024069563,0,0,551,0.30144404332129965,0.0,0.5591912269592285
PU-C,mnist,1,0.3,0.0,560,5000,0,564,1705,2269,0.47955121722770855,0.2249,0.7789535024142187,0.34157600000000005,0.5703700253689867,530.4266782015661,29.259232440963387,0,0,561,0.3067375886524823,0.0,0.5577103495597839
PU-C,mnist,1,0.3,0.0,570,5000,0,574,1639,2213,0.4682693650247529,0.20679999999999998,0.768095886180476,0.32727599999999996,0.5558780576861674,535.8336518866712,29.850177081068978,0,0,571,0.30662020905923343,0.0,0.56275874376297
PU-C,mnist,1,0.3,0.0,580,5000,0,584,1642,2226,0.47088955040089786,0.20799999999999996,0.7700082320883155,0.32849199999999995,0.5571182775814887,541.224294171196,30.44382084091194,0,0,581,0.3047945205479452,0.0,0.5609720945358276
PU-C,mnist,1,0.3,0.0,590,5000,0,594,1651,2245,0.47471776336897165,0.20820000000000005,0.7719710969179805,0.32972,0.5583692340143701,546.9360494832318,31.042062520980835,0,0,591,0.3063973063973064,0.0,0.5621766448020935
PU-C,mnist,1,0.3,0.0,600,5000,0,604,1630,2234,0.47250161599367857,0.2027,0.7698432247897958,0.3259520000000001,0.5545259983096914,552.9768115600896,31.641195331001654,0,0,601,0.30629139072847683,0.0,0.5582899451255798
PU-C,mnist,1,0.3,0.0,610,5000,0,614,1625,2239,0.47350901924073696,0.19940000000000002,0.7698008089696188,0.32482799999999995,0.5533767922234395,558.4107918255229,32.24241415807046,0,0,611,0.30456026058631924,0.0,0.5569233894348145
PU-C,mnist,1,0.3,0.0,620,5000,0,624,1651,2275,0.4807592004071921,0.21099999999999997,0.7750414732658751,0.330096,0.5587519617335651,563.8716171772859,32.84186898404732,0,0,621,0.30448717948717946,0.0,0.5585303902626038
PU-C,mnist,1,0.3,0.0,630,5000,0,634,1641,2275,0.4807592004071921,0.21309999999999996,0.7740441142425629,0.327864,0.5564779543998986,569.0770412124966,33.441222151974216,0,0,631,0.305993690851735,0.0,0.5599696636199951
PU-C,mnist,1,0.3,0.0,640,5000,0,644,1623,2267,0.4791485224268399,0.20020000000000004,0.7718243298026861,0.32421600000000006,0.5527505317638872,574.0125637753288,34.04690925008617,0,0,641,0.30745341614906835,0.0,0.5570666790008545
PU-C,mnist,1,0.3,0.0,650,5000,0,654,1612,2266,0.47894716868177056,0.20399999999999996,0.7714301432632197,0.322708,0.5512057758543323,579.3480604084315,34.65544924605638,0,0,651,0.3073394495412844,0.0,0.5561746954917908
PU-C,mnist,1,0.3,0.0,660,5000,0,664,1597,2261,0.4779403365100734,0.20679999999999998,0.7695917409608559,0.3195319999999999,0.5479448066394577,584.3674307995393,35.262362310895696,0,0,661,0.3072289156626506,0.0,0.5604500770568848
PU-C,mnist,1,0.3,0.0,670,5000,0,674,1599,2273,0.4803565562469885,0.21250000000000002,0.7705959526441258,0.31985199999999997,0.5482738336699811,588.9917088583585,35.87515599001199,0,0,671,0.3086053412462908,0.0,0.5659667253494263
PU-C,mnist,1,0.3,0.0,680,5000,0,684,1593,2277,0.4811618276871741,0.21350000000000002,0.7706137300773598,0.318816,0.547208229335893,594.5393231847556,36.48549152701162,0,0,681,0.3084795321637427,0.0,0.5552571415901184
PU-C,mnist,1,0.3,0.0,690,5000,0,694,1574,2268,0.47934987192275,0.19910000000000005,0.767458016916443,0.314104,0.5423476695443767,599.486360233455,37.09938953490928,0,0,691,0.3112391930835735,0.0,0.5563166737556458
PU-C,mnist,1,0.3,0.0,700,5000,0,704,1574,2278,0.48136313498253,0.19989999999999997,0.7686215828932769,0.314504,0.5427611705333101,604.7272480612772,37.71581879397854,0,0,701,0.31107954545454547,0.0,0.5583957433700562
PU-C,mnist,1,0.3,0.0,710,5000,0,714,1577,2291,0.4839797461172566,0.20030000000000003,0.7703425727299543,0.315624,0.5439180927431588,609.7304355761028,38.334155862918124,0,0,711,0.31092436974789917,0.0,0.5584694743156433
PU-C,mnist,1,0.3,0.0,720,5000,0,724,1559,2283,0.48236960824579,0.19420000000000004,0.7675335539652238,0.311304,0.5394485113218929,614.9004732506855,38.95448714005761,0,0,721,0.30939226519337015,0.0,0.5530032515525818
PU-C,mnist,1,0.3,0.0,730,5000,0,734,1545,2279,0.4815644380869344,0.19430000000000003,0.7667036151931758,0.309388,0.5374599477515198,619.9095300004303,39.58042378490791,0,0,731,0.3106267029972752,0.0,0.5527888536453247
PU-C,mnist,1,0.3,0.0,740,5000,0,744,1544,2288,0.4833759760367684,0.1925,0.7669051999932069,0.308736,0.5367823779735124,624.732948994117,40.20308407605626,0,0,741,0.3118279569892473,0.0,0.5543978214263916
PU-C,mnist,1,0.3,0.0,750,5000,0,754,1521,2275,0.4807592004071921,0.18200000000000005,0.7639686357042386,0.30440399999999995,0.5322691115737862,629.4175915449832,40.82442307192832,0,0,751,0.3090185676392573,0.0,0.5523189306259155
PU-C,mnist,1,0.3,0.0,760,5000,0,764,1532,2296,0.48498594522243366,0.19069999999999998,0.7666934700008481,0.30672399999999994,0.5346886539660202,634.3270964325418,41.44822207093239,0,0,761,0.31282722513089006,0.0,0.5539001822471619
PU-C,mnist,1,0.3,0.0,770,5000,0,774,1523,2297,0.4851871724240482,0.18730000000000002,0.7650850797128677,0.30394000000000004,0.5317845179587662,639.1695716143201,42.07645459100604,0,0,771,0.3087855297157623,0.0,0.5566847324371338
PU-C,mnist,1,0.3,0.0,780,5000,0,784,1489,2273,0.4803565562469885,0.17820000000000003,0.7605961829854666,0.297772,0.5253208932350906,644.1662363731059,42.70381277007982,0,0,781,0.3086734693877551,0.0,0.5529673099517822
PU-C,mnist,1,0.3,0.0,790,5000,0,794,1481,2275,0.4807592004071921,0.18120000000000003,0.7598688242903897,0.29605600000000004,0.5235153582142842,648.9963899392775,43.332793252076954,0,0,791,0.30856423173803527,0.0,0.5539510846138
PU-C,mnist,1,0.3,0.0,796,5000,0,800,1505,2305,0.48679683811496943,0.19130000000000003,0.7639091250950452,0.300256,0.5279288597009756,651.9017298250353,43.80141466809437,0,1,797,0.3125,0.0,0.5543695688247681
Marginal,mnist,1,0.3,0.0,0,5000,0,4,2435,2439,0.5137187464861199,0.4534,0.7446437979331614,0.49965599999999993,0.7182083562277136,0.6874728535076433,0.2266857868526131,0,0,1,0.25,0.0,0.6776630282402039
Marginal,mnist,1,0.3,0.0,10,5000,0,14,2555,2569,0.5397649992955849,0.5559000000000001,0.7879458752890235,0.511952,0.7288141594713279,40.92774008335519,0.6262911218218505,0,0,11,0.35714285714285715,0.0,0.5667478442192078
Marginal,mnist,1,0.3,0.0,20,5000,0,24,2406,2430,0.5119129194645211,0.48850000000000005,0.7815296988201473,0.48013599999999995,0.7011130875001448,79.42619721108196,1.0241421549580991,0,0,21,0.4166666666666667,0.0,0.5807700157165527
Marginal,mnist,1,0.3,0.0,30,5000,0,34,2365,2399,0.505690248333849,0.4636,0.7831626359136372,0.4722679999999999,0.6941325856336901,98.96354568515282,1.4199393319431692,0,0,31,0.35294117647058826,0.0,0.590950071811676
Marginal,mnist,1,0.3,0.0,40,5000,0,44,2334,2378,0.5014725998044014,0.43910000000000005,0.7861429636539791,0.46796800000000005,0.6902957422673428,116.37267566523035,1.8158906868193299,0,0,41,0.3409090909090909,0.0,0.587094783782959
Marginal,mnist,1,0.3,0.0,50,5000,0,54,2314,2368,0.49946354515850544,0.4344,0.7875526774318936,0.46356400000000003,0.6863500409446559,130.64862534849132,2.214739479823038,0,0,51,0.3333333333333333,0.0,0.5894562005996704
Marginal,mnist,1,0.3,0.0,60,5000,0,64,2305,2369,0.49966446950566024,0.4255,0.7894432192390062,0.46113199999999993,0.6841641487715037,142.37913148243618,2.6095314968843013,0,0,61,0.34375,0.0,0.5991762280464172
Marginal,mnist,1,0.3,0.0,70,5000,0,74,2300,2374,0.5006690283189528,0.41900000000000004,0.7923704823652447,0.46027999999999997,0.6833971920016894,154.0051501056942,3.0052870949730277,0,0,71,0.33783783783783783,0.0,0.6030784249305725
Marginal,mnist,1,0.3,0.0,80,5000,0,84,2302,2386,0.5030795412603766,0.41000000000000003,0.7947759484802175,0.45925600000000005,0.6824745959744035,164.80076231596559,3.401046830927953,0,0,81,0.35714285714285715,0.0,0.6096379160881042
Marginal,mnist,1,0.3,0.0,90,5000,0,94,2281,2375,0.5008699274621904,0.4153,0.7956061520350752,0.455664,0.6792313250589883,177.42550754690484,3.7966638798825443,0,0,91,0.35106382978723405,0.0,0.6111452579498291
Marginal,mnist,1,0.3,0.0,100,5000,0,104,2262,2366,0.49906168383313343,0.40659999999999996,0.7962674160186797,0.451872,0.6757956712423461,190.4647138413759,4.191628294996917,0,0,101,0.33653846153846156,0.0,0.6077271699905396
Marginal,mnist,1,0.3,0.0,110,5000,0,114,2247,2361,0.49805695709073916,0.4062,0.7980752021443938,0.45024000000000003,0.674313298692417,202.01717715010741,4.5858985090162605,0,0,111,0.34210526315789475,0.0,0.603875458240509
Marginal,mnist,1,0.3,0.0,120,5000,0,124,2248,2372,0.5002672174014151,0.40080000000000005,0.7994948438500076,0.44898400000000005,0.673170919906035,211.27258222107864,4.9806446868460625,0,0,121,0.3225806451612903,0.0,0.5991605520248413
Marginal,mnist,1,0.3,0.0,130,5000,0,134,2248,2382,0.5022761041182093,0.40780000000000005,0.802766498998992,0.449952,0.6740514698502863,221.42152842956833,5.374819160904735,0,0,131,0.3283582089552239,0.0,0.5978493094444275
Marginal,mnist,1,0.3,0.0,140,5000,0,144,2225,2369,0.49966446950566024,0.4022,0.801068428149507,0.44485600000000003,0.6694069419938382,230.30783313454987,5.769678307930008,0,0,141,0.3333333333333333,0.0,0.5931641459465027
Marginal,mnist,1,0.3,0.0,150,5000,0,154,2213,2367,0.49926261662039906,0.3951,0.8014252319964565,0.44263199999999997,0.6673730724834871,238.84548981540613,6.164016290800646,0,0,151,0.3246753246753247,0.0,0.5932150483131409
Marginal,mnist,1,0.3,0.0,160,5000,0,164,2213,2377,0.5012717132340185,0.4001,0.8033720147494781,0.442684,0.6674206749437424,246.96577920770991,6.558303233934566,0,0,161,0.3170731707317073,0.0,0.5916872620582581
Marginal,mnist,1,0.3,0.0,170,5000,0,174,2196,2370,0.49986538966186345,0.3954,0.8028508912922249,0.43954399999999993,0.6645420963989005,255.00837323029262,6.952285860897973,0,0,171,0.3103448275862069,0.0,0.5917866230010986
Marginal,mnist,1,0.3,0.0,180,5000,0,184,2179,2363,0.4984588603838347,0.38759999999999994,0.8015939679005917,0.43559999999999993,0.6609145566203042,262.6285676438032,7.346145187970251,0,0,181,0.30978260869565216,0.0,0.591913104057312
Marginal,mnist,1,0.3,0.0,190,5000,0,194,2182,2376,0.5010708224726841,0.3862,0.8042614740346102,0.436656,0.6618871256106601,270.98310732006337,7.740521419793367,0,0,191,0.31958762886597936,0.0,0.5941735506057739
Marginal,mnist,1,0.3,0.0,200,5000,0,204,2174,2378,0.5014725998044014,0.3859,0.8043124449382837,0.434424,0.659830347438122,278.88898089510815,8.13855554186739,0,0,201,0.3137254901960784,0.0,0.5914711952209473
Marginal,mnist,1,0.3,0.0,210,5000,0,214,2168,2382,0.5022761041182093,0.38670000000000004,0.8052162653985622,0.43336800000000003,0.6588557643710837,286.75546195478165,8.53354426799342,0,0,211,0.32242990654205606,0.0,0.588151216506958
Marginal,mnist,1,0.3,0.0,220,5000,0,224,2166,2390,0.5038829112891108,0.38859999999999995,0.8071066347288146,0.43361999999999995,0.6590884219789611,294.76675627413925,8.931417031912133,0,0,221,0.33035714285714285,0.0,0.587778627872467
Marginal,mnist,1,0.3,0.0,230,5000,0,234,2153,2387,0.5032803900539875,0.38639999999999997,0.8062340254280977,0.4304240000000001,0.6561337043282134,302.0586871334073,9.326620924985036,0,0,231,0.32905982905982906,0.0,0.5862053632736206
Marginal,mnist,1,0.3,0.0,240,5000,0,244,2153,2397,0.505288647254929,0.38680000000000003,0.8080544749919514,0.430716,0.6564040230660707,309.8203232560536,9.722671417985111,0,0,241,0.319672131147541,0.0,0.5836914777755737
Marginal,mnist,1,0.3,0.0,250,5000,0,254,2148,2402,0.5062926184618846,0.3891,0.808309583334179,0.42918400000000007,0.6549849605212883,316.70920386693217,10.118645702954382,0,0,251,0.31496062992125984,0.0,0.5846571922302246
Marginal,mnist,1,0.3,0.0,260,5000,0,264,2143,2407,0.5072964848368429,0.3843,0.8093403049501369,0.42870400000000003,0.654539931132308,323.6293757333208,10.514796955976635,0,0,261,0.3181818181818182,0.0,0.582841157913208
Marginal,mnist,1,0.3,0.0,270,5000,0,274,2133,2407,0.5072964848368429,0.38470000000000004,0.8091796937480024,0.4265920000000001,0.6525794495164581,330.76404022921514,10.910496082855389,0,0,271,0.3175182481751825,0.0,0.5811896920204163
Marginal,mnist,1,0.3,0.0,280,5000,0,284,2119,2403,0.5064934001420625,0.3792,0.8083856133902904,0.423724,0.6499110574311742,337.6280036259158,11.306442497996613,0,0,281,0.31338028169014087,0.0,0.5807666778564453
Marginal,mnist,1,0.3,0.0,290,5000,0,294,2108,2402,0.5062926184618846,0.37739999999999996,0.8079591071371254,0.42134399999999994,0.647691313615569,344.5855770186898,11.702580690849572,0,0,291,0.32653061224489793,0.0,0.5821282267570496
Marginal,mnist,1,0.3,0.0,300,5000,0,304,2112,2416,0.5091031800257042,0.37250000000000005,0.8094652051045126,0.42156000000000005,0.6478929712996521,351.57985519984715,12.099067179951817,0,0,301,0.3256578947368421,0.0,0.581458330154419
Marginal,mnist,1,0.3,0.0,310,5000,0,314,2086,2400,0.5058910425868817,0.3657,0.8076150286999608,0.41739599999999993,0.6439983424493709,358.2069360436571,12.494827246991917,0,0,311,0.321656050955414,0.0,0.5786599516868591
Marginal,mnist,1,0.3,0.0,320,5000,0,324,2071,2395,0.5048870293539949,0.3631,0.8069024768211233,0.414756,0.6415213321983163,364.90475799162743,12.890813730889931,0,0,321,0.32407407407407407,0.0,0.5781348347663879
Marginal,mnist,1,0.3,0.0,330,5000,0,334,2081,2415,0.5089024528861046,0.36550000000000005,0.8087773488879759,0.41562800000000005,0.6423401663930233,371.4344437563781,13.286284040892497,0,0,331,0.3263473053892216,0.0,0.5783940553665161
Marginal,mnist,1,0.3,0.0,340,5000,0,344,2081,2425,0.5109095354564488,0.3619,0.8099042824098731,0.41553599999999996,0.6422538068445586,377.90570315935577,13.682126366999,0,0,341,0.32558139534883723,0.0,0.577144205570221
Marginal,mnist,1,0.3,0.0,350,5000,0,354,2066,2420,0.5099060466163792,0.3637,0.8095201350916378,0.413572,0.6404084610026725,383.80619294335156,14.077780626015738,0,0,351,0.327683615819209,0.0,0.5768969058990479
Marginal,mnist,1,0.3,0.0,360,5000,0,364,2060,2424,0.5107088460936211,0.365,0.8095448121311828,0.412116,0.6390382549667706,389.92173243231474,14.473769869888201,0,0,361,0.3269230769230769,0.0,0.5769090056419373
Marginal,mnist,1,0.3,0.0,370,5000,0,374,2048,2422,0.5103074547369033,0.36229999999999996,0.8091663969301218,0.41022800000000004,0.6372587482846722,395.63872728832945,14.869085551938042,0,0,371,0.3235294117647059,0.0,0.5777062177658081
Marginal,mnist,1,0.3,0.0,380,5000,0,384,2045,2429,0.5117122510564514,0.356,0.8091790791967922,0.40873999999999994,0.6358540590099141,401.9197066903814,15.2639898378402,0,0,381,0.3177083333333333,0.0,0.5759848356246948
Marginal,mnist,1,0.3,0.0,390,5000,0,394,2033,2427,0.5113109016674571,0.35919999999999996,0.8090735095150954,0.40712399999999993,0.6343263387385903,408.12496551026413,15.653452063910663,0,0,391,0.3223350253807107,0.0,0.5776486992835999
Marginal,mnist,1,0.3,0.0,400,5000,0,404,2031,2435,0.5129161986405961,0.35409999999999997,0.8096489469228559,0.40649599999999997,0.6337320272250424,414.05790764959124,16.04179678298533,0,0,401,0.3193069306930693,0.0,0.5780038833618164
Marginal,mnist,1,0.3,0.0,410,5000,0,414,2021,2435,0.5129161986405961,0.35240000000000005,0.80929531161429,0.40449199999999996,0.6318332122611964,420.59975614218104,16.43119835993275,0,0,411,0.3164251207729469,0.0,0.5741393566131592
Marginal,mnist,1,0.3,0.0,420,5000,0,424,2020,2444,0.5147218368947506,0.35440000000000005,0.8102606974431092,0.404268,0.6316207499291377,427.14476716610915,16.819658666849136,0,0,421,0.3160377358490566,0.0,0.574458658695221
Marginal,mnist,1,0.3,0.0,430,5000,0,434,2011,2445,0.5149224423803389,0.3496,0.8099972623460981,0.40251200000000004,0.6299536651474181,433.23806539817014,17.208797956816852,0,0,431,0.315668202764977,0.0,0.5741496682167053
Marginal,mnist,1,0.3,0.0,440,5000,0,444,2013,2457,0.517329381313175,0.3477,0.8107005097496944,0.40208800000000006,0.6295507267985534,439.22586063693484,17.5996194279287,0,0,441,0.31981981981981983,0.0,0.57573002576828
Marginal,mnist,1,0.3,0.0,450,5000,0,454,2005,2459,0.5177304791286588,0.3508,0.8106633583855778,0.400696,0.6282267562106789,445.14239897144375,17.989241981878877,0,0,451,0.32158590308370044,0.0,0.5728342533111572
Marginal,mnist,1,0.3,0.0,460,5000,0,464,1994,2458,0.5175299323163927,0.34750000000000003,0.8107342442576685,0.39941599999999994,0.6270077996536932,451.24890533192115,18.378047795966268,0,0,461,0.32112068965517243,0.0,0.5722673535346985
Marginal,mnist,1,0.3,0.0,470,5000,0,474,1990,2464,0.5187331501510926,0.348,0.8108554262855591,0.39819200000000005,0.6258408150404071,457.4518796636348,18.76672889990732,0,0,471,0.3227848101265823,0.0,0.5711983442306519
Marginal,mnist,1,0.3,0.0,480,5000,0,484,1983,2467,0.5193347024032846,0.3435,0.8107734087227285,0.39666799999999997,0.6243859468935739,463.8224071781555,19.156082847854123,0,0,481,0.3202479338842975,0.0,0.5712549090385437
Marginal,mnist,1,0.3,0.0,490,5000,0,494,1971,2465,0.5189336717594415,0.34199999999999997,0.8099382725612094,0.39424400000000004,0.6220676498789892,469.73882955219983,19.545582863967866,0,0,491,0.32186234817813764,0.0,0.5716870427131653
Marginal,mnist,1,0.3,0.0,500,5000,0,504,1965,2469,0.5197357162833214,0.3428,0.8097636972129515,0.392696,0.6205844131510141,475.7442235986714,19.935773921897635,0,0,501,0.32142857142857145,0.0,0.5710195899009705
Marginal,mnist,1,0.3,0.0,510,5000,0,514,1957,2471,0.5201367133995518,0.34709999999999996,0.8097251795316643,0.391412,0.6193525073102076,481.4135778954172,20.32599849998951,0,0,511,0.32490272373540857,0.0,0.5710376501083374
Marginal,mnist,1,0.3,0.0,520,5000,0,524,1942,2466,0.5191341891768388,0.3419,0.8083981654900808,0.388368,0.6164261077745795,487.2979689512605,20.717311105923727,0,0,521,0.32633587786259544,0.0,0.5697165727615356
Marginal,mnist,1,0.3,0.0,530,5000,0,534,1941,2475,0.520938657282386,0.3429,0.8095302648195764,0.38859199999999994,0.6166417372792447,493.30217760967867,21.108856638893485,0,0,531,0.32397003745318353,0.0,0.5680354237556458
Marginal,mnist,1,0.3,0.0,540,5000,0,544,1932,2476,0.5211391327902675,0.34109999999999996,0.8089325035932743,0.386544,0.6146685877519487,499.16245459271084,21.499690069817007,0,0,541,0.32169117647058826,0.0,0.5677828788757324
Marginal,mnist,1,0.3,0.0,550,5000,0,554,1925,2479,0.5217405340517871,0.3429,0.8085213744932905,0.38487600000000005,0.613058758224768,504.4464050166578,21.89037517295219,0,0,551,0.3231046931407942,0.0,0.5660632848739624
Marginal,mnist,1,0.3,0.0,560,5000,0,564,1921,2485,0.5229432233027183,0.3406,0.808891250087353,0.3841999999999999,0.6124056181494284,509.9987726659587,22.283745255786926,0,0,561,0.324468085106383,0.0,0.565837562084198
Marginal,mnist,1,0.3,0.0,570,5000,0,574,1913,2487,0.523344086133875,0.34130000000000005,0.808461428783335,0.3825280000000001,0.6107883839933236,515.2455647867714,22.677369456971064,0,0,571,0.3205574912891986,0.0,0.565351128578186
Marginal,mnist,1,0.3,0.0,580,5000,0,584,1909,2493,0.5245465739862993,0.33899999999999997,0.8087461110230446,0.381712,0.6099981923589931,520.9879117511128,23.071651929989457,0,0,581,0.3184931506849315,0.0,0.5655888915061951
Marginal,mnist,1,0.3,0.0,590,5000,0,594,1901,2495,0.524947369704023,0.3406,0.8084847244878699,0.38032,0.6086488237823031,526.0285672880019,23.46315193385817,0,0,591,0.3181818181818182,0.0,0.5645130276679993
Marginal,mnist,1,0.3,0.0,600,5000,0,604,1896,2500,0.5259492855402641,0.33999999999999997,0.8083825927236662,0.379072,0.607437547532368,531.4288510598243,23.85576694482006,0,0,601,0.3228476821192053,0.0,0.5638036727905273
Marginal,mnist,1,0.3,0.0,610,5000,0,614,1893,2507,0.5273517914465629,0.3396,0.808848182279298,0.378636,0.6070140430709078,536.5871856894988,24.248319806996733,0,0,611,0.32084690553745926,0.0,0.5622534155845642
Marginal,mnist,1,0.3,0.0,620,5000,0,624,1885,2509,0.5277524695848115,0.33840000000000003,0.8084321798213717,0.37705999999999995,0.6054817645993862,541.6018335818975,24.641024907818064,0,0,621,0.32211538461538464,0.0,0.5607711672782898
Marginal,mnist,1,0.3,0.0,630,5000,0,634,1887,2521,0.5301561859669164,0.3305,0.8090520100281758,0.376848,0.6052754728896937,546.7222790235315,25.036913493881002,0,0,631,0.3186119873817035,0.0,0.5667303204536438
Marginal,mnist,1,0.3,0.0,640,5000,0,644,1875,2519,0.5297556085279211,0.3378,0.8084530175900032,0.375064,0.603537880248483,551.6103681833893,25.429186748806387,0,0,641,0.3198757763975155,0.0,0.5602721571922302
Marginal,mnist,1,0.3,0.0,650,5000,0,654,1871,2525,0.5309572903206572,0.33530000000000004,0.8085731955327594,0.374228,0.6027226240573936,556.5728625725424,25.822730490006506,0,0,651,0.3241590214067278,0.0,0.5589977502822876
Marginal,mnist,1,0.3,0.0,660,5000,0,664,1868,2532,0.5323590612388216,0.3365,0.8087680868655729,0.373584,0.60209416647914,561.0955486706365,26.21547632990405,0,0,661,0.32680722891566266,0.0,0.5619838237762451
Marginal,mnist,1,0.3,0.0,670,5000,0,674,1865,2539,0.5337606262182817,0.3405,0.8089706798541381,0.37289600000000006,0.6014223499060614,565.9120433243569,26.60866432497278,0,0,671,0.3249258160237389,0.0,0.5590268969535828
Marginal,mnist,1,0.3,0.0,680,5000,0,684,1859,2543,0.5345614280086011,0.33809999999999996,0.8087554125473301,0.3716799999999999,0.6002338883626188,570.6064200807667,27.004153054906055,0,0,681,0.3230994152046784,0.0,0.5602001547813416
Marginal,mnist,1,0.3,0.0,690,5000,0,694,1855,2549,0.535762504558079,0.33819999999999995,0.8090195198980414,0.370976,0.5995452091655165,575.9652677386916,27.400926420930773,0,0,691,0.3256484149855908,0.0,0.5596907734870911
Marginal,mnist,1,0.3,0.0,700,5000,0,704,1847,2551,0.5361628297832794,0.33499999999999996,0.8086501713147537,0.369608,0.598205672538325,580.4343932303068,27.794647780014202,0,0,701,0.32386363636363635,0.0,0.5584502816200256
Marginal,mnist,1,0.3,0.0,710,5000,0,714,1842,2556,0.5371635691844858,0.33620000000000005,0.80846733774435,0.368424,0.5970449109963212,585.2541756498811,28.19164695381187,0,0,711,0.32633053221288516,0.0,0.5594119429588318
Marginal,mnist,1,0.3,0.0,720,5000,0,724,1832,2556,0.5371635691844858,0.3308,0.8076402001566538,0.36639999999999995,0.5950576277161084,590.0183966792221,28.585905986838043,0,0,721,0.324585635359116,0.0,0.5622151494026184
Marginal,mnist,1,0.3,0.0,730,5000,0,734,1826,2560,0.5379640850005671,0.33140000000000003,0.8074262132613591,0.36514399999999997,0.5938224988310309,595.0464452736124,28.980256009846926,0,0,731,0.32697547683923706,0.0,0.5601646900177002
Marginal,mnist,1,0.3,0.0,740,5000,0,744,1821,2565,0.5389646350522526,0.32730000000000004,0.8075672721245918,0.36435199999999995,0.5930429044534082,600.1326049536278,29.377787636825815,0,0,741,0.3239247311827957,0.0,0.560810387134552
Marginal,mnist,1,0.3,0.0,750,5000,0,754,1818,2572,0.5403652283130214,0.3316,0.8076150741101573,0.36352000000000007,0.5922233065437238,604.8053590455903,29.7764259329997,0,0,751,0.32891246684350134,0.0,0.557445228099823
Marginal,mnist,1,0.3,0.0,760,5000,0,764,1812,2576,0.5411654746276326,0.33120000000000005,0.8074736766954013,0.36241200000000007,0.5911308188515102,609.6312086993494,30.17483311984688,0,0,761,0.331151832460733,0.0,0.5572268962860107
Marginal,mnist,1,0.3,0.0,770,5000,0,774,1805,2579,0.5417656151694246,0.3306,0.8071318736272839,0.3610560000000001,0.5897922397467755,614.3883660798157,30.573611383792013,0,0,771,0.330749354005168,0.0,0.5596454739570618
Marginal,mnist,1,0.3,0.0,780,5000,0,784,1797,2581,0.5421656877733767,0.32720000000000005,0.8065752883777246,0.359456,0.5882105769388101,618.9588236550264,30.973104619886726,0,0,781,0.32908163265306123,0.0,0.5577808618545532
Marginal,mnist,1,0.3,0.0,790,5000,0,794,1795,2589,0.5437658097362146,0.32520000000000004,0.8068042910324102,0.35884,0.5876009951239441,623.8366721296478,31.37301328079775,0,0,791,0.3261964735516373,0.0,0.5630658268928528
Marginal,mnist,1,0.3,0.0,796,5000,0,800,1789,2589,0.5437658097362146,0.3267,0.8064151551008211,0.35780000000000006,0.5865710199260605,626.6408228415191,31.698944015894085,0,1,797,0.32875,0.0,0.5570400953292847
MaxLoss,mnist,2,0.0,0.0,0,5000,0,4,2210,2214,0.46847094321856275,0.43620000000000003,0.71978590864171,0.47056800000000004,0.6926175441791405,0.6746538306192167,0.2302099079824984,0,0,1,0.0,0.0,0.6769199967384338
MaxLoss,mnist,2,0.0,0.0,10,5000,0,14,2176,2190,0.4636318937409669,0.45330000000000004,0.7147807625447523,0.44101199999999996,0.6658889216118206,20.102255852537787,0.5755956689827144,0,0,11,0.0,0.0,0.6405571699142456
MaxLoss,mnist,2,0.0,0.0,20,5000,0,24,2189,2213,0.4682693650247529,0.44710000000000005,0.7299748433817626,0.42512800000000006,0.6512182270281232,66.2842062123043,0.9172453808132559,0,0,21,0.0,0.0,0.6511627435684204
MaxLoss,mnist,2,0.0,0.0,30,5000,0,34,1923,1957,0.4165239594876766,0.39280000000000004,0.7009734610512363,0.37501200000000007,0.6034871892222464,99.28129273554352,1.2624851940199733,0,0,31,0.0,0.0,0.6182486414909363
MaxLoss,mnist,2,0.0,0.0,40,5000,0,44,1309,1353,0.2932323204004206,0.25470000000000004,0.5967872339521633,0.256312,0.48076632316932527,128.58127312345263,1.6087825649883598,0,0,41,0.0,0.0,0.5655460953712463
MaxLoss,mnist,2,0.0,0.0,50,5000,0,54,1178,1232,0.26830009964760393,0.24719999999999998,0.5748735285556053,0.22648799999999997,0.4474148179869781,155.4390367891824,1.954735659994185,0,0,51,0.0,0.0,0.5763756036758423
MaxLoss,mnist,2,0.0,0.0,60,5000,0,64,1746,1810,0.3866800718824379,0.3681,0.694683020042408,0.336292,0.5650386006750896,177.7983723982543,2.299967181868851,0,0,61,0.0,0.0,0.5994642972946167
MaxLoss,mnist,2,0.0,0.0,70,5000,0,74,1502,1576,0.3389645646093413,0.31210000000000004,0.6609229686926089,0.294112,0.5214660581573413,198.05084643736126,2.6471166550181806,0,0,71,0.0,0.0,0.582682728767395
MaxLoss,mnist,2,0.0,0.0,80,5000,0,84,1208,1292,0.2806741991080344,0.2593,0.6090926955760201,0.23807999999999999,0.46051711516019267,216.7925521676777,2.9933717360254377,0,0,81,0.0,0.0,0.5821685791015625
MaxLoss,mnist,2,0.0,0.0,90,5000,0,94,1002,1096,0.2401664232602343,0.21630000000000005,0.5674623254307013,0.19616799999999998,0.41222930592454154,234.2152944739516,3.335993557004258,0,0,91,0.0,0.0,0.5682787299156189
MaxLoss,mnist,2,0.0,0.0,100,5000,0,104,1100,1204,0.26251782733015716,0.2268,0.5919093896239677,0.21312000000000006,0.43207133048739327,250.2166348294565,3.6829739208333194,0,0,101,0.0,0.0,0.580507218837738
MaxLoss,mnist,2,0.0,0.0,110,5000,0,114,912,1026,0.22563579661073163,0.1986,0.5536727746036496,0.17665199999999998,0.3888042044594783,265.18116164457166,4.029627597890794,0,0,111,0.0,0.0,0.5795925855636597
MaxLoss,mnist,2,0.0,0.0,120,5000,0,124,892,1016,0.22355702141067013,0.19620000000000004,0.5556942083103791,0.17470400000000003,0.38642922215004816,280.0560209736246,4.37610980682075,0,0,121,0.0,0.0,0.5801817178726196
MaxLoss,mnist,2,0.0,0.0,130,5000,0,134,900,1034,0.22729827061994,0.19269999999999998,0.5614775603642145,0.17603200000000002,0.3880490613845583,294.52767231292296,4.72208274086006,0,0,131,0.0,0.0,0.5800479054450989
MaxLoss,mnist,2,0.0,0.0,140,5000,0,144,1058,1202,0.2621046161511913,0.23229999999999995,0.6028924170650652,0.20826,0.42642813197946133,307.78944473435877,5.067905656993389,0,0,141,0.0,0.0,0.6008591055870056
MaxLoss,mnist,2,0.0,0.0,150,5000,0,154,620,774,0.17299466975964606,0.13470000000000004,0.4988593344796167,0.122368,0.31965074565495327,320.300796561516,5.414064979879186,0,0,151,0.0,0.0,0.5690550804138184
MaxLoss,mnist,2,0.0,0.0,160,5000,0,164,726,890,0.19729592942167073,0.1622,0.5277301550378328,0.14122800000000002,0.3444369126907191,331.82418868741115,5.760162292979658,0,0,161,0.0,0.0,0.5792610049247742
MaxLoss,mnist,2,0.0,0.0,170,5000,0,174,592,766,0.17131381569197401,0.13859999999999995,0.49399117187863373,0.11413200000000001,0.3085236923952141,345.2090501445034,6.107110226992518,0,0,171,0.0,0.0,0.5792895555496216
MaxLoss,mnist,2,0.0,0.0,180,5000,0,184,498,682,0.15362240321701393,0.12090000000000001,0.47587265238477683,0.09978000000000002,0.28862653408254657,356.5963388815579,6.450211512856185,0,0,181,0.0,0.0,0.5776259899139404
MaxLoss,mnist,2,0.0,0.0,190,5000,0,194,526,720,0.1616355458390899,0.12260000000000004,0.4828719444640014,0.102476,0.2924171206937211,367.7206734458698,6.792133321985602,0,0,191,0.0,0.0,0.5836123824119568
MaxLoss,mnist,2,0.0,0.0,200,5000,0,204,477,681,0.15341129974694923,0.11409999999999998,0.4704301318622838,0.09287600000000001,0.27879783790762963,376.14797008585185,7.135048599913716,0,0,201,0.0,0.0,0.5860621333122253
MaxLoss,mnist,2,0.0,0.0,210,5000,0,214,441,655,0.14791828161105514,0.10409999999999997,0.46517545302329577,0.088328,0.27222152848468467,383.40620984651133,7.477492733858526,0,0,211,0.0,0.0,0.5786408185958862
MaxLoss,mnist,2,0.0,0.0,220,5000,0,224,441,665,0.1500319773913361,0.10509999999999997,0.4675321939501124,0.08721599999999999,0.27060059774860623,399.5473460027436,7.820068785920739,0,0,221,0.0,0.0,0.5793061852455139
MaxLoss,mnist,2,0.0,0.0,230,5000,0,234,377,611,0.13860255328472704,0.09640000000000004,0.44947538209183724,0.074752,0.25204975532848206,408.8012275363545,8.163755744928494,0,0,231,0.0,0.0,0.578744113445282
MaxLoss,mnist,2,0.0,0.0,240,5000,0,244,342,586,0.13329769618576393,0.09140000000000004,0.4414657879452943,0.06873999999999998,0.24282302469908362,417.9104713068946,8.507204917958006,0,0,241,0.0,0.0,0.579718291759491
MaxLoss,mnist,2,0.0,0.0,250,5000,0,254,346,600,0.136269512004219,0.09619999999999995,0.44219138064014535,0.06750399999999998,0.2409010016460039,429.585426489908,8.850736328866333,0,0,251,0.0,0.0,0.5860556960105896
MaxLoss,mnist,2,0.0,0.0,260,5000,0,264,353,617,0.13987441081553698,0.09340000000000004,0.44776325119281596,0.069288,0.2436723523562044,439.7126848313538,9.194902854040265,0,0,261,0.0,0.0,0.5890707969665527
MaxLoss,mnist,2,0.0,0.0,270,5000,0,274,302,576,0.13117322011385113,0.08330000000000004,0.43115209830492274,0.05864799999999998,0.22685211720088425,449.5463055904753,9.544621336972341,0,0,271,0.0,0.0,0.5824774503707886
MaxLoss,mnist,2,0.0,0.0,280,5000,0,284,242,526,0.12052772397873923,0.07199999999999995,0.40892635133557625,0.046495999999999996,0.2066429291684447,454.0376171921848,9.893291811924428,0,0,281,0.0,0.0,0.5805395841598511
MaxLoss,mnist,2,0.0,0.0,290,5000,0,294,258,552,0.12606831418816,0.08020000000000005,0.41971189179617585,0.05005999999999999,0.21269737891321414,469.8286574606876,10.242683928925544,0,0,291,0.0,0.0,0.5851399898529053
MaxLoss,mnist,2,0.0,0.0,300,5000,0,304,222,526,0.12052772397873923,0.07220000000000004,0.40872330642864146,0.043884,0.2021295822703741,475.52659504014576,10.586620035814121,0,0,301,0.0,0.0,0.5798643231391907
MaxLoss,mnist,2,0.0,0.0,310,5000,0,314,162,476,0.10984018538147211,0.06579999999999997,0.3842366447851668,0.032548,0.18165031634851422,475.06010561268283,10.935877923853695,0,0,311,0.0,0.0,0.5782227516174316
MaxLoss,mnist,2,0.0,0.0,320,5000,0,324,165,489,0.11262328876182437,0.06669999999999998,0.3920728962964547,0.034636,0.1855461267623701,488.60685347968956,11.280327715910971,0,0,321,0.0,0.0,0.5817486643791199
MaxLoss,mnist,2,0.0,0.0,330,5000,0,334,157,491,0.113051179330796,0.06420000000000003,0.38599793792578957,0.030360000000000012,0.17749756335024375,504.5345481140193,11.624594619031996,0,0,331,0.0,0.0,0.583752453327179
MaxLoss,mnist,2,0.0,0.0,340,5000,0,344,121,465,0.10748273663921282,0.06120000000000003,0.37167241449262195,0.024864000000000008,0.16670187750476212,499.7076629023156,11.968655993929133,0,0,341,0.0,0.0,0.5813390612602234
MaxLoss,mnist,2,0.0,0.0,350,5000,0,354,140,494,0.11369287787238136,0.06620000000000004,0.38272216983322344,0.027340000000000003,0.17163502326234834,521.7458600645059,12.318471026839688,0,0,351,0.0,0.0,0.5818882584571838
MaxLoss,mnist,2,0.0,0.0,360,5000,0,364,109,473,0.10919747682055458,0.06340000000000001,0.37010163986103384,0.022395999999999992,0.16165559757497955,520.4812504921288,12.662938127992675,0,0,361,0.0,0.0,0.5762699246406555
MaxLoss,mnist,2,0.0,0.0,370,5000,0,374,83,457,0.10576673719333485,0.05730000000000002,0.35526401377065986,0.01662799999999999,0.149246923645093,524.0055094461295,13.007766434922814,0,0,371,0.0,0.0,0.5753723978996277
MaxLoss,mnist,2,0.0,0.0,380,5000,0,384,103,487,0.11219532450195402,0.060699999999999976,0.3670353733170363,0.019799999999999995,0.15618848549490835,537.5034500595156,13.357547527877614,0,0,381,0.0,0.0,0.5780898332595825
MaxLoss,mnist,2,0.0,0.0,390,5000,0,394,87,481,0.11091098532779142,0.05800000000000005,0.3590525063905786,0.016028,0.14789668481986093,549.0332920967121,13.701785130891949,0,0,391,0.0,0.0,0.5783714056015015
MaxLoss,mnist,2,0.0,0.0,400,5000,0,404,75,479,0.11048272217158228,0.058699999999999974,0.3593091517152235,0.016135999999999994,0.14814068041299752,548.7815816843166,14.044315933948383,0,0,401,0.0,0.0,0.5776646137237549
MaxLoss,mnist,2,0.0,0.0,410,5000,0,414,54,468,0.10812591027934104,0.05389999999999995,0.3446222657998605,0.010896000000000003,0.1357344960942138,554.9181359219019,14.392781680915505,0,0,411,0.0,0.0,0.5725927352905273
MaxLoss,mnist,2,0.0,0.0,420,5000,0,424,63,487,0.11219532450195402,0.055499999999999994,0.35029853392501836,0.012087999999999996,0.13867113328881406,563.492778040015,14.735804168041795,0,0,421,0.0,0.0,0.5742416381835938
MaxLoss,mnist,2,0.0,0.0,430,5000,0,434,41,475,0.10962596832541749,0.05289999999999995,0.33805878946556234,0.008124,0.12856180827684865,568.3105538227333,15.079345718957484,0,0,431,0.0,0.0,0.5717855095863342
MaxLoss,mnist,2,0.0,0.0,440,5000,0,444,28,472,0.10898320219712332,0.051100000000000034,0.3305062068536128,0.005691999999999997,0.12174185561622071,575.6424407592087,15.42390132881701,0,0,441,0.0,0.0,0.5707606077194214
MaxLoss,mnist,2,0.0,0.0,450,5000,0,454,28,482,0.11112508864607662,0.04579999999999995,0.33045113098350004,0.005388000000000008,0.12084331640048956,581.1068089407976,15.773215866880491,0,0,451,0.0,0.0,0.574394702911377
MaxLoss,mnist,2,0.0,0.0,460,5000,0,464,2,466,0.10769714746857062,0.04379999999999995,0.3085224374435333,0.0006159999999999944,0.10399489789432143,587.0917906785355,16.117001005914062,0,0,461,0.0,0.0,0.5683879852294922
MaxLoss,mnist,2,0.0,0.0,470,5000,0,474,19,493,0.11347899661632255,0.04690000000000005,0.3247464713782681,0.0034120000000000083,0.11465688032683302,593.9889790036063,16.461232039844617,0,0,471,0.0,0.0,0.5716608762741089
MaxLoss,mnist,2,0.0,0.0,480,5000,0,484,10,494,0.11369287787238136,0.046699999999999964,0.3183448321069412,0.0018719999999999958,0.10922682435360483,599.194221419221,16.806005086982623,0,0,481,0.0,0.0,0.5696998834609985
MaxLoss,mnist,2,0.0,0.0,488,5000,0,492,0,492,0.11326509714126587,0.04410000000000003,0.3080546107505115,9.199999999999431e-05,0.10121592522196948,603.7396143205681,17.12436804594472,1,0,489,0.0,0.0,0.5679912567138672
PU-R,mnist,2,0.0,0.0,0,5000,0,4,2728,2732,0.5723222838714719,0.524,0.741936187673169,0.49652,0.7154832944442813,0.6407155856372245,0.228736954042688,0,0,1,0.0,0.0,0.7054268717765808
PU-R,mnist,2,0.0,0.0,10,5000,0,14,2386,2400,0.5058910425868817,0.4687,0.7497631822496027,0.47424800000000006,0.695894115738694,28.721818182775415,0.6751836331095546,0,0,11,0.0,0.0,0.6235862970352173
PU-R,mnist,2,0.0,0.0,20,5000,0,24,1596,1620,0.347957129299175,0.3103,0.6356587890928144,0.31670000000000004,0.5450283448646988,77.85011391732499,1.1366118579171598,0,0,21,0.0,0.0,0.5766742825508118
PU-R,mnist,2,0.0,0.0,30,5000,0,34,1542,1576,0.3389645646093413,0.2944,0.6413181596485837,0.307568,0.5355674549985638,109.15442216951199,1.578031003009528,0,0,31,0.0,0.0,0.5811996459960938
PU-R,mnist,2,0.0,0.0,40,5000,0,44,1487,1531,0.32975743571296334,0.2761,0.6392865508719653,0.299288,0.5269133416761679,123.88311879490301,2.032672141911462,0,0,41,0.0,0.0,0.5879502296447754
PU-R,mnist,2,0.0,0.0,50,5000,0,54,1497,1551,0.33385077910497785,0.27749999999999997,0.6440415394671108,0.294628,0.5220104100255628,147.88404880830078,2.495752918999642,0,0,51,0.0,0.0,0.580420732498169
PU-R,mnist,2,0.0,0.0,60,5000,0,64,1310,1374,0.2975505944923498,0.23570000000000002,0.6106890802426653,0.256416,0.4808806228935071,164.0157209565753,2.9543857539538294,0,0,61,0.0,0.0,0.5937351584434509
PU-R,mnist,2,0.0,0.0,70,5000,0,74,1120,1194,0.26045151316793635,0.20520000000000005,0.5774286452305994,0.22187599999999996,0.4421502620742269,176.230461922725,3.412443116074428,0,0,71,0.0,0.0,0.5709537267684937
PU-R,mnist,2,0.0,0.0,80,5000,0,84,1054,1138,0.24886800738750026,0.19330000000000003,0.5664980983194262,0.208444,0.42664243394332985,188.46382511091497,3.8712182990275323,0,0,81,0.0,0.0,0.5834512114524841
PU-R,mnist,2,0.0,0.0,90,5000,0,94,977,1071,0.23498101596487686,0.17310000000000003,0.5514647282364957,0.19375199999999995,0.4093643758347497,194.54972621392642,4.330247900914401,0,0,91,0.0,0.0,0.5862398743629456
PU-R,mnist,2,0.0,0.0,100,5000,0,104,1003,1107,0.24244659586111084,0.17710000000000004,0.5631736686053493,0.20006000000000002,0.41682461110218394,207.085574934605,4.804104218026623,0,0,101,0.0,0.0,0.5813519358634949
PU-R,mnist,2,0.0,0.0,110,5000,0,114,892,1006,0.221477480372414,0.15810000000000002,0.5401991920395492,0.177072,0.38931535458372324,220.62085112701837,5.280770895071328,0,0,111,0.0,0.0,0.5840074419975281
PU-R,mnist,2,0.0,0.0,120,5000,0,124,828,952,0.21023436554241925,0.14359999999999995,0.5261384054091327,0.161468,0.3701017735847862,237.19275812704322,5.766184035921469,0,0,121,0.0,0.0,0.5861205458641052
PU-R,mnist,2,0.0,0.0,130,5000,0,134,907,1041,0.22875254065729678,0.16469999999999996,0.5475988260803323,0.176144,0.38818552632473324,247.31195482852323,6.259350301930681,0,0,131,0.0,0.0,0.5922820568084717
PU-R,mnist,2,0.0,0.0,140,5000,0,144,903,1047,0.22999876661924645,0.16810000000000003,0.5505076146264702,0.17611600000000002,0.38815141224164307,256.8737429483945,6.763256909092888,0,0,141,0.0,0.0,0.6021252870559692
PU-R,mnist,2,0.0,0.0,150,5000,0,154,851,1005,0.22126948385266587,0.16069999999999995,0.5436114844356846,0.16787999999999997,0.3780536150443751,267.6441580267451,7.280722177121788,0,0,151,0.0,0.0,0.592437744140625
PU-R,mnist,2,0.0,0.0,160,5000,0,164,684,848,0.18851197743788362,0.12939999999999996,0.504226689465529,0.136044,0.33771385095431466,273.7922458052697,7.81409231107682,0,0,161,0.0,0.0,0.5888652801513672
PU-R,mnist,2,0.0,0.0,170,5000,0,174,752,926,0.2048125533037819,0.14559999999999995,0.5245510056439752,0.148564,0.3538430373902945,286.3241914609686,8.350173444021493,0,0,171,0.0,0.0,0.592887282371521
PU-R,mnist,2,0.0,0.0,180,5000,0,184,679,863,0.19165095180505887,0.13539999999999996,0.5080969680648749,0.13422800000000001,0.335343164428083,295.2632134823371,8.897329455940053,0,0,181,0.0,0.0,0.5894314646720886
PU-R,mnist,2,0.0,0.0,190,5000,0,194,652,846,0.18809328926727176,0.13319999999999999,0.5049739723975101,0.129864,0.3296121171126517,305.11180705048866,9.455298068933189,0,0,191,0.0,0.0,0.591159999370575
PU-R,mnist,2,0.0,0.0,200,5000,0,204,603,807,0.1799212353071198,0.124,0.49086366386705127,0.11802000000000001,0.31380122127268323,313.69736482536086,10.0272322781384,0,0,201,0.0,0.0,0.5904348492622375
PU-R,mnist,2,0.0,0.0,210,5000,0,214,559,773,0.1727845995919779,0.12670000000000003,0.48256351078211795,0.11266400000000001,0.30651914413182996,311.53808901745737,10.612631198950112,0,0,211,0.0,0.0,0.5876786708831787
PU-R,mnist,2,0.0,0.0,220,5000,0,224,523,747,0.16731906787026674,0.11809999999999998,0.47312001508934365,0.104656,0.2954636356580663,319.745190135507,11.219125628005713,0,0,221,0.0,0.0,0.5902250409126282
PU-R,mnist,2,0.0,0.0,230,5000,0,234,552,786,0.17551470373291522,0.12390000000000001,0.48495445457512115,0.11078400000000001,0.3039422342155086,329.8445370884902,11.836851662956178,0,0,231,0.0,0.0,0.5864781141281128
PU-R,mnist,2,0.0,0.0,240,5000,0,244,481,725,0.16268866328755394,0.10880000000000001,0.4663704967932446,0.09693999999999998,0.28460512636638796,337.42404258284046,12.463865197030827,0,0,241,0.0,0.0,0.5811946988105774
PU-R,mnist,2,0.0,0.0,250,5000,0,254,499,753,0.16858098522061482,0.11360000000000003,0.4728206658619253,0.09884400000000002,0.28730443179449344,350.4951068067027,13.107068171957508,0,0,251,0.0,0.0,0.580721914768219
PU-R,mnist,2,0.0,0.0,260,5000,0,264,569,833,0.18537089636083692,0.12839999999999996,0.4962896467732295,0.11344000000000001,0.3075795952258017,357.5385174837129,13.779420417034999,0,0,261,0.0,0.0,0.5791325569152832
PU-R,mnist,2,0.0,0.0,270,5000,0,274,579,853,0.18955853418447077,0.139,0.5021908618686243,0.11618399999999995,0.31131468657107425,365.00480583610005,14.46748880809173,0,0,271,0.0,0.0,0.57835853099823
PU-R,mnist,2,0.0,0.0,280,5000,0,284,522,806,0.1797115007066168,0.1259,0.48576063793662827,0.10441600000000001,0.295129038003961,367.6973585151336,15.177547069033608,0,0,281,0.0,0.0,0.577569305896759
PU-R,mnist,2,0.0,0.0,290,5000,0,294,467,761,0.17026293987873942,0.10960000000000003,0.4719418820971576,0.09402799999999999,0.2804504592141965,375.09296800892895,15.90263602300547,0,0,291,0.0,0.0,0.5839020609855652
PU-R,mnist,2,0.0,0.0,300,5000,0,304,452,756,0.1692117984057404,0.11399999999999999,0.46927454700936727,0.090956,0.2760318030364043,383.25433585615446,16.645324174081907,0,0,301,0.0,0.0,0.574410617351532
PU-R,mnist,2,0.0,0.0,310,5000,0,314,408,722,0.16205682675354183,0.10740000000000005,0.4560661725540459,0.08071199999999999,0.2610113859280295,395.7111240763689,17.40226420806721,0,0,311,0.0,0.0,0.5760442018508911
PU-R,mnist,2,0.0,0.0,320,5000,0,324,324,648,0.14643793820869178,0.08460000000000001,0.42932379935796433,0.06472799999999998,0.2365510266461471,397.62871875292234,18.169950783951208,0,0,321,0.0,0.0,0.5775895714759827
PU-R,mnist,2,0.0,0.0,330,5000,0,334,306,640,0.14474534225882962,0.08130000000000004,0.4240192428372848,0.06080400000000002,0.23031960304568896,404.51900705718174,18.95199341303669,0,0,331,0.0,0.0,0.5758771300315857
PU-R,mnist,2,0.0,0.0,340,5000,0,344,285,629,0.14241665072040632,0.07469999999999999,0.41922667395719493,0.05728800000000001,0.22464803842816936,411.1473646146676,19.75240254891105,0,0,341,0.0,0.0,0.5801463723182678
PU-R,mnist,2,0.0,0.0,350,5000,0,354,279,633,0.14326363330474123,0.07550000000000001,0.4197421127570728,0.056604,0.2235344527009345,418.3215547190579,20.570564249064773,0,0,351,0.0,0.0,0.5791760683059692
PU-R,mnist,2,0.0,0.0,360,5000,0,364,241,605,0.1373301959829405,0.0696,0.40549144720546354,0.048304,0.20972871236776242,425.05973293262275,21.41321666096337,0,0,361,0.0,0.0,0.5774117112159729
PU-R,mnist,2,0.0,0.0,370,5000,0,374,262,636,0.14389873063191772,0.07389999999999997,0.41399126311093404,0.051795999999999995,0.2156059947481331,431.95275991596037,22.268151567084715,0,0,371,0.0,0.0,0.573948860168457
PU-R,mnist,2,0.0,0.0,380,5000,0,384,233,617,0.13987441081553698,0.07120000000000004,0.40685625906846806,0.047384,0.20816230446881243,438.091922137161,23.144711496075615,0,0,381,0.0,0.0,0.5749197006225586
PU-R,mnist,2,0.0,0.0,390,5000,0,394,214,608,0.13796643749810755,0.06599999999999995,0.399877006436162,0.04314399999999999,0.20083843499689275,444.66592948359784,24.042678548954427,0,0,391,0.0,0.0,0.5736062526702881
PU-R,mnist,2,0.0,0.0,400,5000,0,404,218,622,0.14093391475034878,0.06820000000000004,0.4019463467104602,0.04303199999999999,0.20064252170589952,454.249020190085,24.95595575403422,0,0,401,0.0,0.0,0.574630618095398
PU-R,mnist,2,0.0,0.0,410,5000,0,414,216,630,0.14262841636082157,0.06899999999999995,0.4036128760390917,0.04354799999999999,0.2015440341927129,456.7929283477669,25.8908533800859,0,0,411,0.0,0.0,0.5761140584945679
PU-R,mnist,2,0.0,0.0,420,5000,0,424,174,598,0.13584513921523467,0.06269999999999998,0.3874252339708257,0.03522,0.1866247359773637,463.1680117115919,26.847442728932947,0,0,421,0.0,0.0,0.5759072303771973
PU-R,mnist,2,0.0,0.0,430,5000,0,434,225,659,0.14876391144935042,0.07010000000000005,0.4094465827918667,0.044331999999999996,0.20290851611831967,474.7109842925918,27.819362547947094,0,0,431,0.0,0.0,0.5749452114105225
PU-R,mnist,2,0.0,0.0,440,5000,0,444,262,706,0.15868529956787825,0.07299999999999995,0.42349563343395785,0.050304,0.21310774248776648,483.9861557116423,28.81554781110026,0,0,441,0.0,0.0,0.576904296875
PU-R,mnist,2,0.0,0.0,450,5000,0,454,151,605,0.1373301959829405,0.057499999999999996,0.3819600000991265,0.03074800000000001,0.178239502265474,483.0166450540985,29.832119529135525,0,0,451,0.0,0.0,0.5718856453895569
PU-R,mnist,2,0.0,0.0,460,5000,0,464,168,632,0.14305190765298903,0.06010000000000004,0.3895909304343134,0.033288000000000005,0.18303823424903318,490.92885713892247,30.867554790107533,0,0,461,0.0,0.0,0.5733380317687988
PU-R,mnist,2,0.0,0.0,470,5000,0,474,125,599,0.1360573327401653,0.055499999999999994,0.3723953286893068,0.025507999999999996,0.1679968059271287,495.87518900788484,31.926078476943076,0,0,471,0.0,0.0,0.5759025812149048
PU-R,mnist,2,0.0,0.0,480,5000,0,484,131,615,0.139450513466727,0.057499999999999996,0.37668143716398494,0.026580000000000013,0.17013366530633206,503.138967451904,33.01325362897478,0,0,481,0.0,0.0,0.5740811824798584
PU-R,mnist,2,0.0,0.0,490,5000,0,494,112,606,0.1375422904966399,0.05569999999999997,0.36841573048308895,0.022684000000000017,0.1622516581933596,509.67503871677974,34.12201814400032,0,0,491,0.0,0.0,0.5759290456771851
PU-R,mnist,2,0.0,0.0,500,5000,0,504,79,583,0.1326605083886534,0.04920000000000002,0.35187062099533634,0.016059999999999994,0.1479690240409491,516.0881890737156,35.25308603304438,0,0,501,0.0,0.0,0.5760604739189148
PU-R,mnist,2,0.0,0.0,510,5000,0,514,81,595,0.13520847301697358,0.047599999999999976,0.35387308145065,0.01628799999999999,0.14848336703109863,522.1237547687405,36.490446743089706,0,0,511,0.0,0.0,0.5766785144805908
PU-R,mnist,2,0.0,0.0,520,5000,0,524,65,589,0.13393475231714547,0.05020000000000002,0.3469293597123838,0.013459999999999993,0.14196090698876582,528.5066471908902,37.69356519007124,0,0,521,0.0,0.0,0.5746418237686157
PU-R,mnist,2,0.0,0.0,530,5000,0,534,65,599,0.1360573327401653,0.04610000000000003,0.34734398526354976,0.013128000000000003,0.1411730724476094,534.9986399267137,38.91092277993448,0,0,531,0.0,0.0,0.5737804174423218
PU-R,mnist,2,0.0,0.0,540,5000,0,544,59,603,0.1369059647549875,0.047900000000000054,0.344880100955698,0.011912000000000018,0.13824236582389332,541.0772495315496,40.15631170105189,0,0,541,0.0,0.0,0.5759044289588928
PU-R,mnist,2,0.0,0.0,550,5000,0,554,54,608,0.13796643749810755,0.047900000000000054,0.34372543534330274,0.011128000000000006,0.13631223948227963,547.3050574263614,41.42434237408452,0,0,551,0.0,0.0,0.5720652937889099
PU-R,mnist,2,0.0,0.0,560,5000,0,564,79,643,0.1453801633324474,0.050799999999999956,0.3601811467616551,0.016055999999999994,0.14795998367941338,553.8490735160681,42.72529591410421,0,0,561,0.0,0.0,0.5752467513084412
PU-R,mnist,2,0.0,0.0,570,5000,0,574,51,625,0.14156945393187925,0.04820000000000002,0.3439851976298999,0.010379999999999999,0.1344381204036443,559.8257582279234,44.047033556038514,0,0,571,0.0,0.0,0.5694164037704468
PU-R,mnist,2,0.0,0.0,580,5000,0,584,68,652,0.14728392561664805,0.04820000000000002,0.35861337599532467,0.014599999999999986,0.14462906200597553,566.3458029781015,45.39616098697297,0,0,581,0.0,0.0,0.572398841381073
PU-R,mnist,2,0.0,0.0,590,5000,0,594,38,632,0.14305190765298903,0.04410000000000003,0.33809614088904516,0.007944000000000027,0.12807637916848508,571.5050511970385,46.766327056102455,0,0,591,0.0,0.0,0.5695441365242004
PU-R,mnist,2,0.0,0.0,600,5000,0,604,33,637,0.14411040325649083,0.04630000000000001,0.3363090909181125,0.007096000000000011,0.12575107563338514,577.6630031969631,48.1545371171087,0,0,601,0.0,0.0,0.5678457617759705
PU-R,mnist,2,0.0,0.0,610,5000,0,614,55,669,0.15087710437364876,0.04820000000000002,0.3522017213062997,0.011380000000000012,0.13693631748608887,582.9895549706989,49.56020578602329,0,0,611,0.0,0.0,0.5711623430252075
PU-R,mnist,2,0.0,0.0,620,5000,0,624,28,652,0.14728392561664805,0.043399999999999994,0.33343596353648486,0.0057079999999999995,0.12178881950703929,589.2278349326557,50.97351450007409,0,0,621,0.0,0.0,0.5684486031532288
PU-R,mnist,2,0.0,0.0,630,5000,0,634,30,664,0.14982066449010745,0.04720000000000002,0.33848615574808305,0.006752000000000007,0.12478838403062359,594.0976909874562,52.395866935141385,0,0,631,0.0,0.0,0.5780990719795227
PU-R,mnist,2,0.0,0.0,640,5000,0,644,24,668,0.15066584129817784,0.04459999999999997,0.3324785374748164,0.004980000000000009,0.11961780738783218,598.6662990496453,53.8421812269371,0,0,641,0.0,0.0,0.567899763584137
PU-R,mnist,2,0.0,0.0,650,5000,0,654,14,668,0.15066584129817784,0.04400000000000004,0.32429684612081305,0.0027360000000000006,0.11236045120459,607.0081914332007,55.29247537511401,0,0,651,0.0,0.0,0.5680168271064758
PU-R,mnist,2,0.0,0.0,660,5000,0,664,3,667,0.15045456582447514,0.04149999999999998,0.3146953069718487,0.000688000000000002,0.10433134225555436,614.6534168147118,56.75613761600107,0,0,661,0.0,0.0,0.5624880790710449
PU-R,mnist,2,0.0,0.0,663,5000,0,667,0,667,0.15045456582447514,0.041000000000000036,0.3127815558095729,0.00034399999999999096,0.10264865483662662,616.8892317793564,57.34793709614314,1,0,664,0.0,0.0,0.5623425245285034
PU-C,mnist,2,0.0,0.0,0,5000,0,4,2407,2411,0.5080995024181902,0.48729999999999996,0.7320256448692417,0.48477200000000004,0.7052019581807764,0.6827826584697533,0.22659613797441125,0,0,1,0.0,0.0,0.715075671672821
PU-C,mnist,2,0.0,0.0,10,5000,0,14,2146,2160,0.45757963246433064,0.43079999999999996,0.7042299348340575,0.42166000000000003,0.6479863176774084,28.42532385745119,0.6519361289683729,0,0,11,0.0,0.0,0.6363817453384399
PU-C,mnist,2,0.0,0.0,20,5000,0,24,2179,2203,0.4662533494993113,0.4246,0.7337174532755603,0.42582000000000003,0.6518618764284762,72.7249155230986,1.0928871389478445,0,0,21,0.0,0.0,0.6113455295562744
PU-C,mnist,2,0.0,0.0,30,5000,0,34,1708,1742,0.37284114630892873,0.3237,0.6691925761493416,0.338916,0.5676895673076615,103.22690307227055,1.519086582120508,0,0,31,0.0,0.0,0.5810236930847168
PU-C,mnist,2,0.0,0.0,40,5000,0,44,1456,1500,0.3234086343436502,0.27070000000000005,0.6274636192119986,0.28759999999999997,0.5145710891311587,123.82557031030086,1.9345207619480789,0,0,41,0.0,0.0,0.5688570737838745
PU-C,mnist,2,0.0,0.0,50,5000,0,54,1313,1367,0.29611145035596564,0.24070000000000003,0.6061074456213369,0.26099199999999995,0.48589664292647294,139.27831076155417,2.3479579139966518,0,0,51,0.0,0.0,0.5705679059028625
PU-C,mnist,2,0.0,0.0,60,5000,0,64,1403,1467,0.3166446483810432,0.266,0.6257527096542594,0.275152,0.5012586992395397,151.83697616452267,2.7589543440844864,0,0,61,0.0,0.0,0.5789451003074646
PU-C,mnist,2,0.0,0.0,70,5000,0,74,1364,1438,0.31069570378167555,0.261,0.624632603298186,0.26899199999999995,0.49460497613710025,166.0924322606194,3.1764367420691997,0,0,71,0.0,0.0,0.5841987133026123
PU-C,mnist,2,0.0,0.0,80,5000,0,84,1163,1247,0.27139570872532204,0.22799999999999998,0.5874755183570419,0.231052,0.4525953301346463,175.71383966813084,3.593526093987748,0,0,81,0.0,0.0,0.5819026827812195
PU-C,mnist,2,0.0,0.0,90,5000,0,94,1057,1151,0.25155890022870153,0.2057,0.5690529521505217,0.20994400000000002,0.42838754233928106,190.83689650111725,4.0071921239141375,0,0,91,0.0,0.0,0.5811678767204285
PU-C,mnist,2,0.0,0.0,100,5000,0,104,923,1027,0.22584363230271265,0.18979999999999997,0.5409033916098183,0.18408400000000003,0.39780238451422817,197.45798497281965,4.412630255101249,0,0,101,0.0,0.0,0.5793017745018005
PU-C,mnist,2,0.0,0.0,110,5000,0,114,884,998,0.21981329057598487,0.18730000000000002,0.5345634210692131,0.17492000000000002,0.386692910979133,211.62853993794016,4.811694674892351,0,0,111,0.0,0.0,0.579757809638977
PU-C,mnist,2,0.0,0.0,120,5000,0,124,824,948,0.209400606516283,0.17149999999999999,0.522322851792282,0.16234400000000002,0.37119295886356307,222.02717491533696,5.215619083028287,0,0,121,0.0,0.0,0.5814443826675415
PU-C,mnist,2,0.0,0.0,130,5000,0,134,747,881,0.1954149990924634,0.16110000000000002,0.5065589424205986,0.14998,0.35564460916710056,222.4443493949617,5.613388437079266,0,0,131,0.0,0.0,0.5828884840011597
PU-C,mnist,2,0.0,0.0,140,5000,0,144,862,1006,0.221477480372414,0.18700000000000006,0.5374078908969936,0.16966799999999999,0.38025669234775056,240.27092173530664,6.013693284010515,0,0,141,0.0,0.0,0.5850594639778137
PU-C,mnist,2,0.0,0.0,150,5000,0,154,715,869,0.1929059611284174,0.15710000000000002,0.5040924664401469,0.142616,0.3462261050481227,244.79033146382423,6.413552656071261,0,0,151,0.0,0.0,0.5827713012695312
PU-C,mnist,2,0.0,0.0,160,5000,0,164,716,880,0.19520596216898412,0.16190000000000004,0.5091810008981686,0.144288,0.3483754193211429,253.94346378006713,6.810372431064025,0,0,161,0.0,0.0,0.5833914875984192
PU-C,mnist,2,0.0,0.0,170,5000,0,174,684,858,0.1906048585078679,0.14890000000000003,0.5011033716560571,0.136036,0.33770342535002096,263.5233587747153,7.213556247064844,0,0,171,0.0,0.0,0.579849123954773
PU-C,mnist,2,0.0,0.0,180,5000,0,184,544,728,0.16332039859844372,0.11419999999999997,0.467527845626543,0.10978,0.3025614846069268,274.4974194167951,7.612002563895658,0,0,181,0.0,0.0,0.5787411332130432
PU-C,mnist,2,0.0,0.0,190,5000,0,194,527,721,0.1618461919715628,0.11009999999999998,0.46070122426157945,0.104108,0.2946993500983045,279.6990572004816,8.007429504999891,0,0,191,0.0,0.0,0.5794157385826111
PU-C,mnist,2,0.0,0.0,200,5000,0,204,493,697,0.15678751311497763,0.10629999999999995,0.4543304688566396,0.09910800000000002,0.28767765431269016,283.60516220107513,8.40055752103217,0,0,201,0.0,0.0,0.5920280814170837
PU-C,mnist,2,0.0,0.0,210,5000,0,214,468,682,0.15362240321701393,0.1048,0.4489856878234976,0.09417999999999999,0.280668127024382,291.11391149326437,8.791932085994631,0,0,211,0.0,0.0,0.5828887820243835
PU-C,mnist,2,0.0,0.0,220,5000,0,224,460,684,0.15404457389377058,0.10409999999999997,0.4463853209224637,0.09095199999999998,0.27602602502865425,299.4470386166788,9.18372850609012,0,0,221,0.0,0.0,0.5787668228149414
PU-C,mnist,2,0.0,0.0,230,5000,0,234,388,622,0.14093391475034878,0.08989999999999998,0.42698536580074803,0.077372,0.2560108989783908,308.24398057451003,9.571349602891132,0,0,231,0.0,0.0,0.5845284461975098
PU-C,mnist,2,0.0,0.0,240,5000,0,244,375,619,0.14029825333273038,0.08679999999999999,0.4256760673128718,0.07532,0.25291147475201725,315.70225501723246,9.957600864116102,0,0,241,0.0,0.0,0.5850170254707336
PU-C,mnist,2,0.0,0.0,250,5000,0,254,376,630,0.14262841636082157,0.08930000000000005,0.4289888935442991,0.07537199999999998,0.2529902815502173,327.19413468645615,10.345361439045519,0,0,251,0.0,0.0,0.5855393409729004
PU-C,mnist,2,0.0,0.0,260,5000,0,264,371,635,0.14368704473599792,0.08960000000000001,0.42790366047393563,0.074264,0.25130806968962116,330.00802092662036,10.73355432995595,0,0,261,0.0,0.0,0.5811131000518799
PU-C,mnist,2,0.0,0.0,270,5000,0,274,350,624,0.14135762106161565,0.08620000000000005,0.42382394444607596,0.07084,0.24606849964956576,336.36516001531487,11.121818708954379,0,0,271,0.0,0.0,0.5796483159065247
PU-C,mnist,2,0.0,0.0,280,5000,0,284,345,629,0.14241665072040632,0.08620000000000005,0.422726670036986,0.06905599999999999,0.24331299327624886,343.61871279832513,11.511851378949359,0,0,281,0.0,0.0,0.5770702362060547
PU-C,mnist,2,0.0,0.0,290,5000,0,294,327,621,0.1407220411929302,0.08360000000000001,0.4200736579927279,0.066432,0.2392267093884461,350.75050517186554,11.899938269983977,0,0,291,0.0,0.0,0.5785359144210815
PU-C,mnist,2,0.0,0.0,300,5000,0,304,318,622,0.14093391475034878,0.07920000000000005,0.41792775303826113,0.06423999999999999,0.2357814467759593,357.2132883806745,12.287729664938524,0,0,301,0.0,0.0,0.5776383876800537
PU-C,mnist,2,0.0,0.0,310,5000,0,314,363,677,0.1525667640962638,0.08309999999999995,0.4324839165738973,0.07156799999999999,0.2471878358690701,363.8384483830212,12.67883647303097,0,0,311,0.0,0.0,0.5774297714233398
PU-C,mnist,2,0.0,0.0,320,5000,0,324,295,619,0.14029825333273038,0.07020000000000004,0.4112939297595831,0.058688000000000004,0.22691674332092,370.10086495808645,13.068895163014531,0,0,321,0.0,0.0,0.5783262848854065
PU-C,mnist,2,0.0,0.0,330,5000,0,334,282,616,0.1396624690387398,0.07210000000000005,0.40886424951203704,0.05636000000000001,0.2231363744723049,377.3088696501541,13.45869880495593,0,0,331,0.0,0.0,0.5764896869659424
PU-C,mnist,2,0.0,0.0,340,5000,0,344,267,611,0.13860255328472704,0.07220000000000004,0.4062541718296017,0.054016,0.2192892987710448,384.2518106665691,13.848174300976098,0,0,341,0.0,0.0,0.5769163370132446
PU-C,mnist,2,0.0,0.0,350,5000,0,354,278,632,0.14305190765298903,0.07399999999999995,0.413227998461965,0.05678000000000001,0.22382131772687072,391.1800711783278,14.238584426930174,0,0,351,0.0,0.0,0.5764883756637573
PU-C,mnist,2,0.0,0.0,360,5000,0,364,264,628,0.14220487169222906,0.0676,0.4078747191075551,0.053064,0.2177146513735379,397.6545579177645,14.630953731015325,0,0,361,0.0,0.0,0.5766006112098694
PU-C,mnist,2,0.0,0.0,370,5000,0,374,252,626,0.14178127329796553,0.06420000000000003,0.4034460488299902,0.049960000000000004,0.21252904847653573,403.81172507593953,15.026361762080342,0,0,371,0.0,0.0,0.5730259418487549
PU-C,mnist,2,0.0,0.0,380,5000,0,384,253,637,0.14411040325649083,0.0665,0.4052233021877053,0.05010399999999999,0.21277141688054785,409.7672452838853,15.415479212068021,0,0,381,0.0,0.0,0.5713382959365845
PU-C,mnist,2,0.0,0.0,390,5000,0,394,231,625,0.14156945393187925,0.06499999999999995,0.4013557957831912,0.047392,0.20817595899436267,415.64919109522515,15.803905559936538,0,0,391,0.0,0.0,0.5718915462493896
PU-C,mnist,2,0.0,0.0,400,5000,0,404,224,628,0.14220487169222906,0.06030000000000002,0.39677240027271476,0.04440399999999999,0.20303351195435532,421.38973770000695,16.190590855898336,0,0,401,0.0,0.0,0.5752578973770142
PU-C,mnist,2,0.0,0.0,410,5000,0,414,225,639,0.1445337090990506,0.06579999999999997,0.4000169308400817,0.04526399999999999,0.20452250455191798,427.4846809919189,16.577917136019096,0,0,411,0.0,0.0,0.5735396146774292
PU-C,mnist,2,0.0,0.0,420,5000,0,424,216,640,0.14474534225882962,0.061799999999999966,0.39639315125529195,0.042783999999999996,0.20020824419073885,433.35639729459666,16.964116367977113,0,0,421,0.0,0.0,0.5747944116592407
PU-C,mnist,2,0.0,0.0,430,5000,0,434,185,619,0.14029825333273038,0.059799999999999964,0.3851672887019574,0.03676,0.18944706858998725,439.6159719443256,17.349805996054783,0,0,431,0.0,0.0,0.5712605118751526
PU-C,mnist,2,0.0,0.0,440,5000,0,444,189,633,0.14326363330474123,0.06669999999999998,0.38893844750561335,0.037756,0.19125608687433635,446.31295959742675,17.732390257064253,0,0,441,0.0,0.0,0.5770914554595947
PU-C,mnist,2,0.0,0.0,450,5000,0,454,162,616,0.1396624690387398,0.06379999999999997,0.3795330104983431,0.032772,0.18207129932175853,452.9794772735766,18.114923160057515,0,0,451,0.0,0.0,0.5751774907112122
PU-C,mnist,2,0.0,0.0,460,5000,0,464,142,606,0.1375422904966399,0.05469999999999997,0.3708714490880948,0.028459999999999992,0.17382794090052472,458.5958292236942,18.495332746068016,0,0,461,0.0,0.0,0.5714485049247742
PU-C,mnist,2,0.0,0.0,470,5000,0,474,127,601,0.1364816771238111,0.050899999999999945,0.3654170999638059,0.02564799999999999,0.16827718087145133,464.297844064511,18.880932385101914,0,0,471,0.0,0.0,0.5714340209960938
PU-C,mnist,2,0.0,0.0,480,5000,0,484,115,599,0.1360573327401653,0.049699999999999966,0.36139989998711186,0.023492,0.16391354636196626,470.1403841258691,19.261439990019426,0,0,481,0.0,0.0,0.5691615343093872
PU-C,mnist,2,0.0,0.0,490,5000,0,494,125,619,0.14029825333273038,0.053300000000000014,0.3674650131154226,0.025371999999999985,0.16772405809293964,475.96049474493725,19.640701679047197,0,0,491,0.0,0.0,0.5740519165992737
PU-C,mnist,2,0.0,0.0,500,5000,0,504,120,624,0.14135762106161565,0.0534,0.3647800618522917,0.023768,0.16447779616469158,481.6705124203526,20.021200533024967,0,0,501,0.0,0.0,0.5704546570777893
PU-C,mnist,2,0.0,0.0,510,5000,0,514,89,603,0.1369059647549875,0.05010000000000003,0.3508891889586642,0.018056000000000006,0.1524109527730883,486.8778684715824,20.40240110992454,0,0,511,0.0,0.0,0.5681891441345215
PU-C,mnist,2,0.0,0.0,520,5000,0,524,89,613,0.13902656105346978,0.047799999999999954,0.35135287611839006,0.017747999999999986,0.15173417505735406,492.6402786136217,20.792212802916765,0,0,521,0.0,0.0,0.5704895257949829
PU-C,mnist,2,0.0,0.0,530,5000,0,534,82,616,0.1396624690387398,0.04810000000000003,0.34745369193634995,0.015887999999999985,0.14757975999319356,498.6836355509852,21.17547713709064,0,0,531,0.0,0.0,0.5718682408332825
PU-C,mnist,2,0.0,0.0,540,5000,0,544,83,627,0.14199307921808213,0.048900000000000055,0.35028009414046746,0.016387999999999993,0.1487083672373663,504.8214351096183,21.559458554023877,0,0,541,0.0,0.0,0.5715809464454651
PU-C,mnist,2,0.0,0.0,550,5000,0,554,60,614,0.1392385441577062,0.046699999999999964,0.3390001757579456,0.012200000000000004,0.13894315240372584,510.4011122541026,21.94181959796697,0,0,551,0.0,0.0,0.5688990354537964
PU-C,mnist,2,0.0,0.0,560,5000,0,564,65,629,0.14241665072040632,0.05049999999999999,0.3445715886613218,0.013655999999999986,0.14242366445059282,515.2154868820088,22.323983865091577,0,0,561,0.0,0.0,0.5731073617935181
PU-C,mnist,2,0.0,0.0,570,5000,0,574,56,630,0.14262841636082157,0.046699999999999964,0.3377976574319824,0.011056000000000002,0.13613327148124763,521.3809814208622,22.706757554085925,0,0,571,0.0,0.0,0.5703237652778625
PU-C,mnist,2,0.0,0.0,580,5000,0,584,59,643,0.1453801633324474,0.047900000000000054,0.3427868868726162,0.012164000000000008,0.13885578774357826,527.9315047079929,23.089732951950282,0,0,581,0.0,0.0,0.5716201663017273
PU-C,mnist,2,0.0,0.0,590,5000,0,594,59,653,0.14749539038166404,0.04710000000000003,0.3425271924673971,0.011784,0.13792951599854314,532.2061477837617,23.47228207392618,0,0,591,0.0,0.0,0.5710797905921936
PU-C,mnist,2,0.0,0.0,600,5000,0,604,38,642,0.14516856940463185,0.047699999999999965,0.3313962331613277,0.008024000000000005,0.1282924614996383,539.1027215892714,23.85573647590354,0,0,601,0.0,0.0,0.570321261882782
PU-C,mnist,2,0.0,0.0,610,5000,0,614,39,653,0.14749539038166404,0.04720000000000002,0.3337506735242634,0.008348000000000006,0.12916215536339445,544.6274212195368,24.238835291936994,0,0,611,0.0,0.0,0.5721676349639893
PU-C,mnist,2,0.0,0.0,620,5000,0,624,78,702,0.15784195601008832,0.052000000000000046,0.3579853202673816,0.015503999999999988,0.1467067441402476,551.1184605991775,24.628613705048338,0,0,621,0.0,0.0,0.5770477652549744
PU-C,mnist,2,0.0,0.0,630,5000,0,634,38,672,0.1515108192106709,0.04300000000000004,0.33508742029297156,0.00821600000000001,0.1288088750482089,552.9541893385665,25.01732819993049,0,0,631,0.0,0.0,0.5672038197517395
PU-C,mnist,2,0.0,0.0,640,5000,0,644,37,681,0.15341129974694923,0.047799999999999954,0.33494879310473824,0.007888,0.12792479787679664,557.7478845516571,25.401016080053523,0,0,641,0.0,0.0,0.5675498843193054
PU-C,mnist,2,0.0,0.0,650,5000,0,654,28,682,0.15362240321701393,0.04690000000000005,0.3251877063952363,0.0052760000000000055,0.12050920301572561,558.4856874206326,25.785494090989232,0,0,651,0.0,0.0,0.5691794157028198
PU-C,mnist,2,0.0,0.0,660,5000,0,664,37,701,0.15763109090039507,0.04800000000000004,0.3353961109491654,0.0074600000000000066,0.12675722675811335,567.0716684527105,26.16878689499572,0,0,661,0.0,0.0,0.5711594223976135
PU-C,mnist,2,0.0,0.0,669,5000,0,673,0,673,0.15172203280963004,0.042100000000000026,0.3048806853868912,0.00047599999999999645,0.10331899076949264,574.2384839485849,26.53975108405575,1,0,670,0.0,0.0,0.5637961030006409
Marginal,mnist,2,0.0,0.0,0,5000,0,4,2290,2294,0.48458347824634984,0.46840000000000004,0.7341033220965194,0.487012,0.7071711780489677,0.7972825122496674,0.22931432793848217,0,0,1,0.0,0.0,0.6715037226676941
Marginal,mnist,2,0.0,0.0,10,5000,0,14,2263,2277,0.4811618276871741,0.4356,0.7344444600553324,0.44704399999999994,0.6714037942357601,40.38898569491564,0.6300326399505138,0,0,11,0.0,0.0,0.5687791705131531
Marginal,mnist,2,0.0,0.0,20,5000,0,24,1587,1611,0.3461185322375968,0.30089999999999995,0.6345124171598653,0.31837599999999994,0.5467553236522191,72.44908663189676,1.0228457290213555,0,0,21,0.0,0.0,0.5976631045341492
Marginal,mnist,2,0.0,0.0,30,5000,0,34,1578,1612,0.3463228407781571,0.3107,0.6425455811626624,0.312456,0.5406422950897861,100.9892246062323,1.4086262960918248,0,0,31,0.0,0.0,0.6500690579414368
Marginal,mnist,2,0.0,0.0,40,5000,0,44,1435,1479,0.31910495221382007,0.2772,0.623314095378497,0.28753199999999995,0.5144988423363345,114.17226379681584,1.7913492359220982,0,0,41,0.0,0.0,0.5928159952163696
Marginal,mnist,2,0.0,0.0,50,5000,0,54,1346,1400,0.30289355479180813,0.26549999999999996,0.6109279779654555,0.26979600000000004,0.49547594322899513,128.28874308450608,2.1734834930393845,0,0,51,0.0,0.0,0.5945196151733398
Marginal,mnist,2,0.0,0.0,60,5000,0,64,1274,1338,0.29014628287404776,0.25370000000000004,0.601365347834099,0.25557199999999997,0.47995265010029214,141.84948234686817,2.554012537933886,0,0,61,0.0,0.0,0.5925918221473694
Marginal,mnist,2,0.0,0.0,70,5000,0,74,1209,1283,0.27881948882713914,0.24309999999999998,0.5908684971368502,0.24181199999999997,0.4646969320328775,153.01392942606108,2.9341632060240954,0,0,71,0.0,0.0,0.6043704748153687
Marginal,mnist,2,0.0,0.0,80,5000,0,84,1101,1185,0.2585912757785991,0.21889999999999998,0.5712559791960209,0.21995599999999998,0.4399496913659412,165.30567069692128,3.3126300140284,0,0,81,0.0,0.0,0.5966876745223999
Marginal,mnist,2,0.0,0.0,90,5000,0,94,1016,1110,0.24306831374997273,0.20989999999999998,0.5574005206379713,0.20459599999999994,0.42214992175851707,175.48517537242634,3.689734066138044,0,0,91,0.0,0.0,0.595302402973175
Marginal,mnist,2,0.0,0.0,100,5000,0,104,1018,1122,0.24555455875815824,0.20450000000000002,0.558953547543311,0.203284,0.42061293805734373,184.02585250269797,4.06375304213725,0,0,101,0.0,0.0,0.5953018069267273
Marginal,mnist,2,0.0,0.0,110,5000,0,114,899,1013,0.22293323988560587,0.17920000000000003,0.5344030279825669,0.18000800000000003,0.3928796248910393,193.0236630055215,4.4351546571124345,0,0,111,0.0,0.0,0.5941964387893677
Marginal,mnist,2,0.0,0.0,120,5000,0,124,834,958,0.2114847577176988,0.17159999999999997,0.5217199989791071,0.167092,0.3770807279685603,202.49905617605896,4.805141357006505,0,0,121,0.0,0.0,0.5925487875938416
Marginal,mnist,2,0.0,0.0,130,5000,0,134,894,1028,0.22605146042769775,0.18210000000000004,0.5396926480521682,0.178828,0.3914489841542658,212.63280218710744,5.174855431076139,0,0,131,0.0,0.0,0.6063150763511658
Marginal,mnist,2,0.0,0.0,140,5000,0,144,773,917,0.2029344461625442,0.15859999999999996,0.5108206908228404,0.153872,0.3605738069834878,220.04322408794766,5.543714154046029,0,0,141,0.0,0.0,0.5907008647918701
Marginal,mnist,2,0.0,0.0,150,5000,0,154,747,901,0.1995938703767024,0.15380000000000005,0.5077967352237648,0.149412,0.3549224773377883,228.4606462353301,5.907289064023644,0,0,151,0.0,0.0,0.588495671749115
Marginal,mnist,2,0.0,0.0,160,5000,0,164,730,894,0.1981316675664857,0.15149999999999997,0.5068353007107119,0.1466,0.35133685290426636,236.87203209911013,6.275068289134651,0,0,161,0.0,0.0,0.5936850309371948
Marginal,mnist,2,0.0,0.0,170,5000,0,174,705,879,0.19499691628152505,0.14590000000000003,0.5024674691325955,0.141204,0.34440593578973366,245.59744205249476,6.639047935139388,0,0,171,0.0,0.0,0.5899779200553894
Marginal,mnist,2,0.0,0.0,180,5000,0,184,692,876,0.19436972466064617,0.13970000000000005,0.5011959073754416,0.1383,0.34064760814451217,253.93698296353668,7.007149777142331,0,0,181,0.0,0.0,0.5863858461380005
Marginal,mnist,2,0.0,0.0,190,5000,0,194,659,853,0.18955853418447077,0.13570000000000004,0.4950586024358045,0.132052,0.3324916105638257,261.4752091927102,7.369893566938117,0,0,191,0.0,0.0,0.5883454084396362
Marginal,mnist,2,0.0,0.0,200,5000,0,204,640,844,0.18767456361092627,0.13249999999999995,0.4916099151546175,0.12790800000000002,0.3270273740465418,268.8406976845255,7.73746241396293,0,0,201,0.0,0.0,0.5879606008529663
Marginal,mnist,2,0.0,0.0,210,5000,0,214,639,853,0.18955853418447077,0.13260000000000005,0.4925345517448171,0.12699999999999997,0.3258240586253049,276.0723034074474,8.102320891106501,0,0,211,0.0,0.0,0.5857692360877991
Marginal,mnist,2,0.0,0.0,220,5000,0,224,598,822,0.18306607275735587,0.12360000000000004,0.48474734339463804,0.11989599999999999,0.3163317259724118,283.34613206600727,8.465491346083581,0,0,221,0.0,0.0,0.5872412919998169
Marginal,mnist,2,0.0,0.0,230,5000,0,234,585,819,0.18243728147353977,0.12419999999999998,0.4825406518977075,0.11691599999999999,0.31230724633223556,290.2438300655959,8.827452674973756,0,0,231,0.0,0.0,0.5902570486068726
Marginal,mnist,2,0.0,0.0,240,5000,0,244,563,807,0.1799212353071198,0.11719999999999997,0.4772613454100306,0.11178800000000001,0.3053197916503919,297.4881696209825,9.189261185005307,0,0,241,0.0,0.0,0.5854889750480652
Marginal,mnist,2,0.0,0.0,250,5000,0,254,551,805,0.17950175615260378,0.118,0.47717824068788917,0.11031600000000001,0.30329901722468533,304.6333706627917,9.551249942975119,0,0,251,0.0,0.0,0.5871241092681885
Marginal,mnist,2,0.0,0.0,260,5000,0,264,534,798,0.17803326505236328,0.11270000000000002,0.47301561197122205,0.106148,0.29753934991529685,311.5273463845077,9.913209741935134,0,0,261,0.0,0.0,0.5847696661949158
Marginal,mnist,2,0.0,0.0,270,5000,0,274,517,791,0.1765642817481421,0.11150000000000004,0.47203026467818454,0.104296,0.29496166562526926,317.7763735873293,10.275854964042082,0,0,271,0.0,0.0,0.5850586295127869
Marginal,mnist,2,0.0,0.0,280,5000,0,284,503,787,0.17572463967371732,0.1069,0.46837992191748323,0.10071600000000001,0.289945478542586,323.919481431816,10.641395023092628,0,0,281,0.0,0.0,0.5836901068687439
Marginal,mnist,2,0.0,0.0,290,5000,0,294,483,777,0.17362481774762273,0.10399999999999998,0.4636199028340084,0.09646800000000001,0.2839338884070319,330.06133482412406,11.005042493110523,0,0,291,0.0,0.0,0.5803266167640686
Marginal,mnist,2,0.0,0.0,300,5000,0,304,442,746,0.1671087103895843,0.09860000000000002,0.45316000361682185,0.08865599999999998,0.2726986495880394,336.2836401597232,11.366826934041455,0,0,301,0.0,0.0,0.58067786693573
Marginal,mnist,2,0.0,0.0,310,5000,0,314,447,761,0.17026293987873942,0.09440000000000004,0.45595522695714846,0.08942399999999998,0.27381405618481586,342.06491705473456,11.724416370037943,0,0,311,0.0,0.0,0.5791943669319153
Marginal,mnist,2,0.0,0.0,320,5000,0,324,449,773,0.1727845995919779,0.0938,0.4581150509089603,0.08979200000000001,0.2743476561922168,347.8876769971369,12.081966697936878,0,0,321,0.0,0.0,0.5799369812011719
Marginal,mnist,2,0.0,0.0,330,5000,0,334,428,762,0.17047313624061644,0.08889999999999998,0.45197153392637757,0.08488800000000002,0.2671899561482293,354.06518253613757,12.444388701114804,0,0,331,0.0,0.0,0.5809600353240967
Marginal,mnist,2,0.0,0.0,340,5000,0,344,422,766,0.17131381569197401,0.0907,0.451983900021462,0.08401199999999999,0.2659004204150507,359.39560147050537,12.801804889924824,0,0,341,0.0,0.0,0.5814108848571777
Marginal,mnist,2,0.0,0.0,350,5000,0,354,398,752,0.1683706926414743,0.08599999999999997,0.446245157817983,0.07961599999999999,0.2593764294316919,364.7802198649545,13.158484807005152,0,0,351,0.0,0.0,0.5790321230888367
Marginal,mnist,2,0.0,0.0,360,5000,0,364,388,752,0.1683706926414743,0.08579999999999999,0.44450674866068035,0.077708,0.25651639727733977,370.15846517296063,13.514754868112504,0,0,361,0.0,0.0,0.5830734968185425
Marginal,mnist,2,0.0,0.0,370,5000,0,374,369,743,0.16647757263854146,0.08230000000000004,0.4398961269979579,0.07409199999999999,0.25104635972785305,375.69557148939134,13.877152842003852,0,0,371,0.0,0.0,0.5800538659095764
Marginal,mnist,2,0.0,0.0,380,5000,0,384,367,751,0.16816038929391652,0.08330000000000004,0.4401871701149721,0.07341999999999999,0.25002237396063237,381.1911327030555,14.238525056978688,0,0,381,0.0,0.0,0.5828437805175781
Marginal,mnist,2,0.0,0.0,390,5000,0,394,357,751,0.16816038929391652,0.08020000000000005,0.43861265252251835,0.071672,0.24734750312060436,386.62519691833415,14.594575131079182,0,0,391,0.0,0.0,0.5791447758674622
Marginal,mnist,2,0.0,0.0,400,5000,0,404,349,753,0.16858098522061482,0.07869999999999999,0.43639953301219675,0.06952799999999999,0.24404377975736832,392.3785717513744,14.94854822801426,0,0,401,0.0,0.0,0.5805031657218933
Marginal,mnist,2,0.0,0.0,410,5000,0,414,343,757,0.16942204808583483,0.07940000000000003,0.43572272658349565,0.06840799999999998,0.24230762711689485,397.3475623381797,15.307919983984903,0,0,411,0.0,0.0,0.5794481635093689
Marginal,mnist,2,0.0,0.0,420,5000,0,424,326,750,0.16795007517794147,0.07720000000000005,0.43154420313049513,0.06523599999999999,0.237350571423861,402.8350205917751,15.667421630118042,0,0,421,0.0,0.0,0.5774779915809631
Marginal,mnist,2,0.0,0.0,430,5000,0,434,316,750,0.16795007517794147,0.07750000000000001,0.42977009320541576,0.06344,0.23451659412233714,408.48564698604895,16.022110369056463,0,0,431,0.0,0.0,0.5771584510803223
Marginal,mnist,2,0.0,0.0,440,5000,0,444,307,751,0.16816038929391652,0.07509999999999994,0.4282452629693291,0.061824000000000004,0.23194904912815226,414.00083750776287,16.376830347115174,0,0,441,0.0,0.0,0.5762794613838196
Marginal,mnist,2,0.0,0.0,450,5000,0,454,300,754,0.16879126703133807,0.07540000000000002,0.4263871106770711,0.06011600000000002,0.22921657137033122,418.9948661965532,16.73194842110388,0,0,451,0.0,0.0,0.5769197940826416
Marginal,mnist,2,0.0,0.0,460,5000,0,464,289,753,0.16858098522061482,0.07520000000000004,0.4244273522578183,0.05834400000000001,0.22636058859706884,424.2136649090338,17.086138325044885,0,0,461,0.0,0.0,0.5763795375823975
Marginal,mnist,2,0.0,0.0,470,5000,0,474,299,773,0.1727845995919779,0.07310000000000005,0.42860152443937893,0.05994400000000002,0.2289403090799874,429.2439181185875,17.440978882135823,0,0,471,0.0,0.0,0.5784531831741333
Marginal,mnist,2,0.0,0.0,480,5000,0,484,286,770,0.17215432651573792,0.07140000000000002,0.42462661890511016,0.05708400000000004,0.224316275158268,434.53829103274825,17.800711936084554,0,0,481,0.0,0.0,0.5765012502670288
Marginal,mnist,2,0.0,0.0,490,5000,0,494,276,770,0.17215432651573792,0.07110000000000005,0.42252827231223955,0.055284000000000014,0.2213756020977685,439.74942104709356,18.15591036900878,0,0,491,0.0,0.0,0.5764285326004028
Marginal,mnist,2,0.0,0.0,500,5000,0,504,253,757,0.16942204808583483,0.06730000000000003,0.41584285509902397,0.05113199999999999,0.2144964901896515,444.85093562417666,18.511087692109868,0,0,501,0.0,0.0,0.5773370862007141
Marginal,mnist,2,0.0,0.0,510,5000,0,514,251,765,0.17110366170527413,0.06810000000000005,0.41508661549352743,0.050072,0.21271757274664402,450.2637590397012,18.867213435005397,0,0,511,0.0,0.0,0.5767690539360046
Marginal,mnist,2,0.0,0.0,520,5000,0,524,241,765,0.17110366170527413,0.06779999999999997,0.41188520953772556,0.047824000000000005,0.20891242458017362,455.350247221554,19.223065451020375,0,0,521,0.0,0.0,0.5773329734802246
Marginal,mnist,2,0.0,0.0,530,5000,0,534,231,765,0.17110366170527413,0.06620000000000004,0.4093964800608369,0.04595599999999999,0.20571532887636396,460.5597140268677,19.579083665041253,0,0,531,0.0,0.0,0.5763939619064331
Marginal,mnist,2,0.0,0.0,540,5000,0,544,219,763,0.17068332195049152,0.06489999999999996,0.4065643163460421,0.04397600000000001,0.20228970876417604,465.5429493494163,19.939676139038056,0,0,541,0.0,0.0,0.5753883719444275
Marginal,mnist,2,0.0,0.0,550,5000,0,554,213,767,0.17152395920129493,0.06369999999999998,0.4041085781022013,0.04225200000000001,0.19927444712621653,470.17108657310524,20.300251193111762,0,0,551,0.0,0.0,0.573996901512146
Marginal,mnist,2,0.0,0.0,560,5000,0,564,204,768,0.17173409211682156,0.06220000000000003,0.40244455136854856,0.04092799999999999,0.19693716659492727,474.8380304799225,20.656363036017865,0,0,561,0.0,0.0,0.5757708549499512
Marginal,mnist,2,0.0,0.0,570,5000,0,574,199,773,0.1727845995919779,0.06269999999999998,0.4007151057518258,0.03961599999999998,0.19460170058195242,479.2739113184221,21.012096982914954,0,0,571,0.0,0.0,0.5740768909454346
Marginal,mnist,2,0.0,0.0,580,5000,0,584,192,776,0.17341477877926081,0.06220000000000003,0.39956043761639826,0.03855999999999998,0.19270737296572843,483.9831432756422,21.37236583000049,0,0,581,0.0,0.0,0.5717172026634216
Marginal,mnist,2,0.0,0.0,590,5000,0,594,189,783,0.17488483432680368,0.06130000000000002,0.39874012987831453,0.03769599999999997,0.19114746276001865,488.4613099257603,21.728492022957653,0,0,591,0.0,0.0,0.5712644457817078
Marginal,mnist,2,0.0,0.0,600,5000,0,604,178,782,0.17467485729139298,0.05930000000000002,0.3954394123110995,0.03573200000000001,0.18756655496664085,492.70112156429946,22.09027848392725,0,0,601,0.0,0.0,0.5719313025474548
Marginal,mnist,2,0.0,0.0,610,5000,0,614,171,785,0.17530475748935714,0.05589999999999995,0.3930589729848288,0.034224000000000004,0.18478235166465792,496.8866206948867,22.447946649976075,0,0,611,0.0,0.0,0.5727710127830505
Marginal,mnist,2,0.0,0.0,620,5000,0,624,168,792,0.17677416681544855,0.05669999999999997,0.39239628160158463,0.03348799999999997,0.18341196687102887,501.2029362524732,22.805923911975697,0,0,621,0.0,0.0,0.571941077709198
Marginal,mnist,2,0.0,0.0,630,5000,0,634,163,797,0.17782344057923183,0.057699999999999974,0.3913961763596349,0.03262399999999997,0.18179323392248453,505.38630798309725,23.168684032047167,0,0,631,0.0,0.0,0.5722081661224365
Marginal,mnist,2,0.0,0.0,640,5000,0,644,158,802,0.17887246276950464,0.05489999999999995,0.3898459080875056,0.031511999999999984,0.17969337023962093,509.75070855481437,23.526207719929516,0,0,641,0.0,0.0,0.5739321708679199
Marginal,mnist,2,0.0,0.0,650,5000,0,654,153,807,0.1799212353071198,0.055400000000000005,0.38872907482390884,0.03062799999999999,0.17801029786094474,513.8446949430502,23.88463547709398,0,0,651,0.0,0.0,0.5733309984207153
Marginal,mnist,2,0.0,0.0,660,5000,0,664,148,812,0.18096975999651477,0.05830000000000002,0.3879419465699737,0.029892000000000002,0.17659935955137301,517.9700487228789,24.24359963904135,0,0,661,0.0,0.0,0.5721387267112732
Marginal,mnist,2,0.0,0.0,670,5000,0,674,146,820,0.18264688830822706,0.05589999999999995,0.38727957753235737,0.029216,0.17529546861212716,522.1014440457739,24.602300252998248,0,0,671,0.0,0.0,0.5718936920166016
Marginal,mnist,2,0.0,0.0,680,5000,0,684,135,819,0.18243728147353977,0.05559999999999998,0.3830973154238305,0.02705600000000002,0.1710752758874387,526.5005908395759,24.961626040982082,0,0,681,0.0,0.0,0.5726001858711243
Marginal,mnist,2,0.0,0.0,690,5000,0,694,127,821,0.18285648536402732,0.055300000000000016,0.3804462244395083,0.02553599999999997,0.16805291287799404,531.3067503148526,25.321830708999187,0,0,691,0.0,0.0,0.5721590518951416
Marginal,mnist,2,0.0,0.0,700,5000,0,704,122,826,0.18390432535670698,0.05449999999999999,0.3792196690049009,0.02460399999999999,0.16617661522279223,536.2380380688252,25.6811536969617,0,0,701,0.0,0.0,0.5713802576065063
Marginal,mnist,2,0.0,0.0,710,5000,0,714,117,831,0.18495192407863215,0.05369999999999997,0.377473922279111,0.023515999999999995,0.16396267976538986,540.7698335194065,26.045960413990542,0,0,711,0.0,0.0,0.571433961391449
Marginal,mnist,2,0.0,0.0,720,5000,0,724,114,838,0.1864181601558812,0.05359999999999998,0.3765258491440541,0.02274799999999999,0.1623838481076076,545.3943832788073,26.40615628194064,0,0,721,0.0,0.0,0.5706305503845215
Marginal,mnist,2,0.0,0.0,730,5000,0,734,105,839,0.18662758433492854,0.054300000000000015,0.37304309797138185,0.021064000000000006,0.15887231516428052,549.527029343757,26.767016493016854,0,0,731,0.0,0.0,0.5722948908805847
Marginal,mnist,2,0.0,0.0,740,5000,0,744,101,845,0.18788393115391955,0.05359999999999998,0.3719578555437796,0.020283999999999986,0.1572212692105098,554.053139715566,27.13263759203255,0,0,741,0.0,0.0,0.5704055428504944
Marginal,mnist,2,0.0,0.0,750,5000,0,754,98,852,0.18934924149652943,0.05249999999999999,0.3711151326470957,0.01964799999999997,0.15586279180126458,558.0427877432535,27.498688385123387,0,0,751,0.0,0.0,0.5688170194625854
Marginal,mnist,2,0.0,0.0,760,5000,0,764,94,858,0.1906048585078679,0.05269999999999997,0.36953818656927456,0.01874800000000001,0.1539206984737082,562.0799378594169,27.86037411703728,0,0,761,0.0,0.0,0.5693530440330505
Marginal,mnist,2,0.0,0.0,770,5000,0,774,87,861,0.19123254209989682,0.05010000000000003,0.3663879615102671,0.01731199999999998,0.15077090319961312,565.9875279600027,28.226630578981712,0,0,771,0.0,0.0,0.5686730742454529
Marginal,mnist,2,0.0,0.0,780,5000,0,784,81,865,0.19206932483939454,0.048900000000000055,0.3640541871577979,0.01620799999999999,0.14830310932731003,569.7590434088119,28.593297826126218,0,0,781,0.0,0.0,0.5685555934906006
Marginal,mnist,2,0.0,0.0,790,5000,0,794,73,867,0.1924876612611115,0.048799999999999955,0.3604066335709174,0.014671999999999977,0.14479573496573245,573.710527347313,28.95612675510347,0,0,791,0.0,0.0,0.569741427898407
Marginal,mnist,2,0.0,0.0,796,5000,0,800,69,869,0.1929059611284174,0.0494,0.35835216398343184,0.013828000000000031,0.14282835059257443,575.9548468401388,29.263650502078235,0,1,797,0.0,0.0,0.5684666633605957
MaxLoss,mnist,2,0.3,0.0,0,5000,0,4,2469,2473,0.5205376937519759,0.4948,0.7411446343619089,0.49548000000000003,0.7145777679054871,0.7001993277064795,0.22693785396404564,0,0,1,0.25,0.0,0.6744503378868103
MaxLoss,mnist,2,0.3,0.0,10,5000,0,14,2468,2482,0.5223418975365348,0.46540000000000004,0.7549679878298478,0.48998800000000003,0.709780960480194,18.254863469109257,0.5703578870743513,0,0,11,0.42857142857142855,0.0,0.6990529894828796
MaxLoss,mnist,2,0.3,0.0,20,5000,0,24,2476,2500,0.5259492855402641,0.5063,0.7767487733620632,0.49059200000000003,0.7103097335402536,51.47381384540941,0.911634252872318,0,0,21,0.4166666666666667,0.0,0.6765654683113098
MaxLoss,mnist,2,0.3,0.0,30,5000,0,34,2322,2356,0.49705212528351694,0.45620000000000005,0.7753645394209012,0.46572800000000003,0.6882908787259432,92.31011213122729,1.2559012859128416,0,0,31,0.4117647058823529,0.0,0.6603214740753174
MaxLoss,mnist,2,0.3,0.0,40,5000,0,44,2315,2359,0.4976550369756296,0.4587,0.7881511757153117,0.462748,0.6856171703675745,134.41684617729115,1.597282670903951,0,0,41,0.45454545454545453,0.0,0.6442307233810425
MaxLoss,mnist,2,0.3,0.0,50,5000,0,54,2346,2400,0.5058910425868817,0.43989999999999996,0.8019364412444788,0.469756,0.6918930354873342,161.78498187716397,1.9401854500174522,0,0,51,0.4444444444444444,0.0,0.6459518074989319
MaxLoss,mnist,2,0.3,0.0,60,5000,0,64,2402,2466,0.5191341891768388,0.5101,0.8142737218174472,0.47944000000000003,0.7004976797425387,180.13521811303508,2.2827231420669705,0,0,61,0.4375,0.0,0.6448888778686523
MaxLoss,mnist,2,0.3,0.0,70,5000,0,74,2351,2425,0.5109095354564488,0.4778,0.8120890725143745,0.46991199999999994,0.6920322696506955,198.8698716529571,2.6254711518995464,0,0,71,0.44594594594594594,0.0,0.6271668672561646
MaxLoss,mnist,2,0.3,0.0,80,5000,0,84,2348,2432,0.5123142437078059,0.47109999999999996,0.8166051454198022,0.470084,0.6921857606236217,216.61543054011793,2.9677380369976163,0,0,81,0.42857142857142855,0.0,0.6269043684005737
MaxLoss,mnist,2,0.3,0.0,90,5000,0,94,2397,2491,0.5241457615047693,0.5185,0.8287897807477818,0.479448,0.7005047556917915,240.0908483056654,3.310040812008083,0,0,91,0.425531914893617,0.0,0.6288967728614807
MaxLoss,mnist,2,0.3,0.0,100,5000,0,104,2240,2344,0.49464010051451623,0.4254,0.808643398008677,0.446524,0.6709295900132619,257.4034689340616,3.6526505139190704,0,0,101,0.4326923076923077,0.0,0.6234028935432434
MaxLoss,mnist,2,0.3,0.0,110,5000,0,114,2231,2345,0.4948411257355474,0.42200000000000004,0.8109733173985818,0.447184,0.6715314254618853,265.67357004384314,3.997485810890794,0,0,111,0.45614035087719296,0.0,0.6168910264968872
MaxLoss,mnist,2,0.3,0.0,120,5000,0,124,2283,2407,0.5072964848368429,0.4878,0.8234060959121774,0.459388,0.6825935738830233,282.11909998438466,4.33988015493378,0,0,121,0.4435483870967742,0.0,0.6160810589790344
MaxLoss,mnist,2,0.3,0.0,130,5000,0,134,2310,2444,0.5147218368947506,0.47140000000000004,0.8282223325919544,0.45995600000000003,0.6831053722188489,304.0354676518139,4.68162110587582,0,0,131,0.44029850746268656,0.0,0.6132213473320007
MaxLoss,mnist,2,0.3,0.0,140,5000,0,144,2348,2492,0.5243461698410101,0.49670000000000003,0.8354755328468231,0.46730400000000005,0.6897018820217866,314.8538562241928,5.024415455991402,0,0,141,0.4513888888888889,0.0,0.6155565977096558
MaxLoss,mnist,2,0.3,0.0,150,5000,0,154,2375,2529,0.5317583275027573,0.508,0.8440793187065945,0.47479200000000005,0.696377517675187,333.6662420958867,5.368935436941683,0,0,151,0.461038961038961,0.0,0.6193659901618958
MaxLoss,mnist,2,0.3,0.0,160,5000,0,164,2362,2526,0.5311575559317134,0.5166999999999999,0.8455276937474306,0.473356,0.6951009433149661,347.43596134878896,5.71122543187812,0,0,161,0.4634146341463415,0.0,0.6053565144538879
MaxLoss,mnist,2,0.3,0.0,170,5000,0,174,2324,2498,0.525548531790264,0.49260000000000004,0.8410583048761332,0.463652,0.6864290426119647,359.7665402895785,6.053745544049889,0,0,171,0.45977011494252873,0.0,0.596817672252655
MaxLoss,mnist,2,0.3,0.0,180,5000,0,184,2328,2512,0.5283534553600475,0.4928,0.8447293961764496,0.46523200000000003,0.6878463757273469,375.0278637315069,6.396381405880675,0,0,181,0.46195652173913043,0.0,0.6129194498062134
MaxLoss,mnist,2,0.3,0.0,190,5000,0,194,2321,2515,0.5289544033585116,0.4921,0.8468457158536575,0.464732,0.6873980791508109,389.90615094000657,6.741830287035555,0,0,191,0.4536082474226804,0.0,0.6018180847167969
MaxLoss,mnist,2,0.3,0.0,200,5000,0,204,2284,2488,0.5235445112921298,0.4706,0.8429276479000586,0.45568800000000004,0.6792530310827415,403.4650361778184,7.08484226395376,0,0,201,0.46078431372549017,0.0,0.6143152117729187
MaxLoss,mnist,2,0.3,0.0,210,5000,0,214,2327,2541,0.5341610355535522,0.4909,0.8509671977877696,0.46480399999999994,0.6874626467847339,415.5492780761668,7.428176786983386,0,0,211,0.45794392523364486,0.0,0.5993809700012207
MaxLoss,mnist,2,0.3,0.0,220,5000,0,224,2320,2544,0.5347616179496981,0.5032,0.8519441002290727,0.46316399999999996,0.6859908605195861,428.9844706334635,7.771835247986019,0,0,221,0.46875,0.0,0.5912793874740601
MaxLoss,mnist,2,0.3,0.0,230,5000,0,234,2245,2479,0.5217405340517871,0.48129999999999995,0.8441832454850433,0.44921999999999995,0.6733856725027391,439.2324353854342,8.11514551192522,0,0,231,0.46153846153846156,0.0,0.5750719904899597
MaxLoss,mnist,2,0.3,0.0,240,5000,0,244,2204,2448,0.515524233749602,0.45599999999999996,0.8398942607218401,0.44046799999999997,0.6653900395152397,450.0974890707611,8.459117938997224,0,0,241,0.46311475409836067,0.0,0.5893335342407227
MaxLoss,mnist,2,0.3,0.0,250,5000,0,254,2247,2501,0.5261496561579406,0.48150000000000004,0.84819362681827,0.45033199999999995,0.6743969236824039,460.82812734172325,8.803199684014544,0,0,251,0.46062992125984253,0.0,0.5968900918960571
MaxLoss,mnist,2,0.3,0.0,260,5000,0,264,2250,2514,0.5287540915887803,0.4829,0.8487488262195442,0.45120799999999994,0.6751928206421037,460.6276288130112,9.150663272943348,0,0,261,0.4583333333333333,0.0,0.565243124961853
MaxLoss,mnist,2,0.3,0.0,270,5000,0,274,2142,2416,0.5091031800257042,0.4375,0.8355538256483902,0.42844,0.6542950806139555,475.99896930394624,9.49524975195527,0,0,271,0.45985401459854014,0.0,0.5731847882270813
MaxLoss,mnist,2,0.3,0.0,280,5000,0,284,2180,2464,0.5187331501510926,0.45899999999999996,0.8430325144358346,0.4365,0.6617435105744527,489.07312881841995,9.839751632884145,0,0,281,0.45422535211267606,0.0,0.5837860107421875
MaxLoss,mnist,2,0.3,0.0,290,5000,0,294,2131,2425,0.5109095354564488,0.4454,0.8362588933240053,0.42440799999999995,0.6505480959740794,499.4192624546149,10.188439837889746,0,0,291,0.445578231292517,0.0,0.587121844291687
MaxLoss,mnist,2,0.3,0.0,300,5000,0,304,2099,2403,0.5064934001420625,0.4202,0.8350582103313514,0.4211600000000001,0.6475194993204463,506.5779301166266,10.533229905879125,0,0,301,0.4407894736842105,0.0,0.5770293474197388
MaxLoss,mnist,2,0.3,0.0,310,5000,0,314,2153,2467,0.5193347024032846,0.45220000000000005,0.8432741628052318,0.431376,0.657014748105028,514.9006641367636,10.878605026984587,0,0,311,0.44904458598726116,0.0,0.5953816175460815
MaxLoss,mnist,2,0.3,0.0,320,5000,0,324,2101,2425,0.5109095354564488,0.4052,0.8352960488991388,0.41927600000000004,0.6457585844868822,517.1739120684774,11.224068027921021,0,0,321,0.4444444444444444,0.0,0.5643213391304016
MaxLoss,mnist,2,0.3,0.0,330,5000,0,334,2118,2452,0.5163265634910204,0.43820000000000003,0.8403647244677236,0.424692,0.650812478815344,526.4862486253304,11.568931214977056,0,0,331,0.44610778443113774,0.0,0.5716639757156372
MaxLoss,mnist,2,0.3,0.0,340,5000,0,344,2098,2442,0.5143206132925116,0.43689999999999996,0.8386773326052256,0.41912,0.6456126384499806,541.6354549689646,11.913702151970938,0,0,341,0.4476744186046512,0.0,0.5950496196746826
MaxLoss,mnist,2,0.3,0.0,350,5000,0,354,2043,2397,0.505288647254929,0.42390000000000005,0.8329582210469458,0.408236,0.6353778375079984,554.662308596535,12.258494749898091,0,0,351,0.4463276836158192,0.0,0.5754379034042358
MaxLoss,mnist,2,0.3,0.0,360,5000,0,364,1997,2361,0.49805695709073916,0.40259999999999996,0.8280116745919553,0.39925599999999994,0.6268553280873742,564.4673242274768,12.603640273911878,0,0,361,0.4478021978021978,0.0,0.5866804718971252
MaxLoss,mnist,2,0.3,0.0,370,5000,0,374,2009,2383,0.5024769696756266,0.4102,0.830895716741871,0.403164,0.6305729683702105,565.3189190344638,12.949296461883932,0,0,371,0.45187165775401067,0.0,0.5639544129371643
MaxLoss,mnist,2,0.3,0.0,380,5000,0,384,2103,2487,0.523344086133875,0.4524,0.8446701382682533,0.421152,0.6475120284694724,575.3824972509343,13.294530315091833,0,0,381,0.4583333333333333,0.0,0.5719535946846008
MaxLoss,mnist,2,0.3,0.0,390,5000,0,394,2051,2445,0.5149224423803389,0.43010000000000004,0.8380268095738069,0.40836799999999995,0.6355025837052045,590.8864985670652,13.63981847697869,0,0,391,0.4543147208121827,0.0,0.5765331387519836
MaxLoss,mnist,2,0.3,0.0,400,5000,0,404,1966,2370,0.49986538966186345,0.4144,0.828927581600301,0.39648799999999995,0.6242139758364468,585.0288997806165,13.983097162097692,0,0,401,0.44801980198019803,0.0,0.5688942074775696
MaxLoss,mnist,2,0.3,0.0,410,5000,0,414,1980,2394,0.5046862141462043,0.44210000000000005,0.8307766050880907,0.39618,0.6239196474321062,600.0892462759809,14.326499385060742,0,0,411,0.45169082125603865,0.0,0.583799421787262
MaxLoss,mnist,2,0.3,0.0,420,5000,0,424,1985,2409,0.5076980020385236,0.4242,0.8328418089264251,0.397568,0.6252453703299794,608.1629212786291,14.670022826874629,0,0,421,0.4528301886792453,0.0,0.5808745622634888
MaxLoss,mnist,2,0.3,0.0,430,5000,0,434,1990,2424,0.5107088460936211,0.43479999999999996,0.8346852854024828,0.397844,0.6255087827272051,620.5724430801506,15.014300930080935,0,0,431,0.44930875576036866,0.0,0.5860040187835693
MaxLoss,mnist,2,0.3,0.0,440,5000,0,444,1943,2387,0.5032803900539875,0.43200000000000005,0.8289037720634357,0.38836,0.6164184058869514,627.2250652446044,15.358738971874118,0,0,441,0.45045045045045046,0.0,0.5855408906936646
MaxLoss,mnist,2,0.3,0.0,450,5000,0,454,2010,2464,0.5187331501510926,0.4467,0.8381706784249505,0.4003,0.6278497964308625,634.2518834223157,15.702749887946993,0,0,451,0.45154185022026433,0.0,0.5708218812942505
MaxLoss,mnist,2,0.3,0.0,460,5000,0,464,2053,2517,0.5293550143833272,0.47629999999999995,0.846910662731124,0.41031600000000007,0.6373417606196038,649.6024895686091,16.04693068191409,0,0,461,0.4482758620689655,0.0,0.5847722887992859
MaxLoss,mnist,2,0.3,0.0,470,5000,0,474,2040,2514,0.5287540915887803,0.4839,0.8465845519302775,0.408952,0.6360543079004392,654.3547691193597,16.391668350901455,0,0,471,0.44936708860759494,0.0,0.5843315720558167
MaxLoss,mnist,2,0.3,0.0,480,5000,0,484,2081,2565,0.5389646350522526,0.48460000000000003,0.8512827213238022,0.414856,0.6416152687917351,660.6992349672047,16.737285379087552,0,0,481,0.44834710743801653,0.0,0.5796407461166382
MaxLoss,mnist,2,0.3,0.0,490,5000,0,494,2045,2539,0.5337606262182817,0.4547,0.8480285377231246,0.40775200000000006,0.6349203040853407,672.7402418042532,17.08236675406806,0,0,491,0.44534412955465585,0.0,0.5845627188682556
MaxLoss,mnist,2,0.3,0.0,500,5000,0,504,2019,2523,0.53055674652569,0.45940000000000003,0.8450452125906336,0.40221599999999996,0.6296723852865564,678.7261054674135,17.428274759091437,0,0,501,0.4444444444444444,0.0,0.5839079022407532
MaxLoss,mnist,2,0.3,0.0,510,5000,0,514,1949,2463,0.5185326242935844,0.43520000000000003,0.8377969059604337,0.39116400000000007,0.6191143991738702,681.0444364752082,17.774645139928907,0,0,511,0.44357976653696496,0.0,0.5740992426872253
MaxLoss,mnist,2,0.3,0.0,520,5000,0,524,1941,2465,0.5189336717594415,0.43189999999999995,0.8372116188635855,0.387252,0.6153511385422109,698.1715005272788,18.12137133604847,0,0,521,0.44274809160305345,0.0,0.590379536151886
MaxLoss,mnist,2,0.3,0.0,530,5000,0,534,1938,2472,0.5203372056712396,0.43279999999999996,0.8359193897678056,0.3854599999999999,0.6136226771337351,697.7595293524696,18.467920484021306,0,0,531,0.4438202247191011,0.0,0.572066068649292
MaxLoss,mnist,2,0.3,0.0,540,5000,0,544,1937,2481,0.5221414472325705,0.43079999999999996,0.8374052952458577,0.385904,0.6140512040602641,707.3665132010635,18.81494575808756,0,0,541,0.44485294117647056,0.0,0.5738322138786316
MaxLoss,mnist,2,0.3,0.0,550,5000,0,554,1907,2461,0.5181315601221286,0.39990000000000003,0.8340962426388195,0.381116,0.609420660883239,707.5084793787106,19.16266274289228,0,0,551,0.44584837545126355,0.0,0.5751693248748779
MaxLoss,mnist,2,0.3,0.0,560,5000,0,564,1968,2532,0.5323590612388216,0.44889999999999997,0.843650820719833,0.391888,0.6198093671161067,725.3276521880239,19.51128421910107,0,0,561,0.44680851063829785,0.0,0.584375262260437
MaxLoss,mnist,2,0.3,0.0,570,5000,0,574,1891,2465,0.5189336717594415,0.4364,0.8350019880950054,0.37958000000000003,0.6079307701281401,723.6809042220667,19.858586729038507,0,0,571,0.44773519163763065,0.0,0.5697637796401978
MaxLoss,mnist,2,0.3,0.0,580,5000,0,584,1868,2452,0.5163265634910204,0.41879999999999995,0.8309487484995213,0.3728079999999999,0.6013363884918492,729.3934946541501,20.20595067809336,0,0,581,0.4469178082191781,0.0,0.5697546601295471
MaxLoss,mnist,2,0.3,0.0,590,5000,0,594,1855,2449,0.515724822471384,0.4155,0.8314545982359918,0.372136,0.6006797209500586,737.432256659473,20.555991237983108,0,0,591,0.44612794612794615,0.0,0.5693348050117493
MaxLoss,mnist,2,0.3,0.0,600,5000,0,604,1849,2453,0.516527135448996,0.4252,0.8311587656134585,0.36915200000000004,0.5977587760667353,752.4033634477705,20.90518466802314,0,0,601,0.4420529801324503,0.0,0.5762428641319275
MaxLoss,mnist,2,0.3,0.0,610,5000,0,614,1839,2453,0.516527135448996,0.42879999999999996,0.8303167125616469,0.36761999999999995,0.596255951080185,754.4057562154311,21.254896950908005,0,0,611,0.43973941368078173,0.0,0.5753373503684998
MaxLoss,mnist,2,0.3,0.0,620,5000,0,624,1815,2439,0.5137187464861199,0.4355,0.8297714379857005,0.36415600000000004,0.5928498842622391,770.3441226224321,21.60493264091201,0,0,621,0.4391025641025641,0.0,0.5769098401069641
MaxLoss,mnist,2,0.3,0.0,630,5000,0,634,1782,2416,0.5091031800257042,0.41490000000000005,0.8241637011810877,0.35527999999999993,0.5840710751375768,776.5745163423043,21.954813993070275,0,0,631,0.43690851735015773,0.0,0.5737058520317078
MaxLoss,mnist,2,0.3,0.0,640,5000,0,644,1789,2433,0.5125148995430209,0.41890000000000005,0.824944595772736,0.356872,0.5856511036952613,773.5260834250331,22.305650543887168,0,0,641,0.43788819875776397,0.0,0.5678183436393738
MaxLoss,mnist,2,0.3,0.0,650,5000,0,654,1794,2448,0.515524233749602,0.4131,0.8264025218492922,0.35760400000000003,0.5863767949977332,781.28133881063,22.656580173876137,0,0,651,0.43577981651376146,0.0,0.5682088732719421
MaxLoss,mnist,2,0.3,0.0,660,5000,0,664,1750,2414,0.5087017215555534,0.41579999999999995,0.8212388988069933,0.348664,0.5774790107611057,792.1621064158832,23.007540744030848,0,0,661,0.4382530120481928,0.0,0.5744943022727966
MaxLoss,mnist,2,0.3,0.0,670,5000,0,674,1734,2408,0.5074972455622628,0.40480000000000005,0.8205397122754144,0.347196,0.5760106457360582,795.2624229847332,23.361997115891427,0,0,671,0.43768545994065283,0.0,0.5671021342277527
MaxLoss,mnist,2,0.3,0.0,680,5000,0,684,1753,2437,0.5133174809161574,0.40280000000000005,0.823319126741682,0.349844,0.5786578044928157,802.3707463483056,23.71357020898722,0,0,681,0.43859649122807015,0.0,0.5694571733474731
MaxLoss,mnist,2,0.3,0.0,690,5000,0,694,1720,2414,0.5087017215555534,0.41159999999999997,0.8210809437683444,0.343752,0.5725576376026956,820.9047187498227,24.065761965001002,0,0,691,0.43804034582132567,0.0,0.5823159217834473
MaxLoss,mnist,2,0.3,0.0,700,5000,0,704,1732,2436,0.5131168419029564,0.41569999999999996,0.8243873938014968,0.34672,0.5755340823514732,830.692317679997,24.41764965490438,0,0,701,0.43892045454545453,0.0,0.5700965523719788
MaxLoss,mnist,2,0.3,0.0,710,5000,0,714,1708,2422,0.5103074547369033,0.4021,0.8206592409882676,0.342448,0.5712472310776808,825.4109217977959,24.77034557587467,0,0,711,0.438375350140056,0.0,0.5666362643241882
MaxLoss,mnist,2,0.3,0.0,720,5000,0,724,1748,2472,0.5203372056712396,0.41979999999999995,0.8268022493558417,0.34975199999999995,0.5785659465028928,832.6755323009928,25.123383953003213,0,0,721,0.44060773480662985,0.0,0.5679574012756348
MaxLoss,mnist,2,0.3,0.0,730,5000,0,734,1680,2414,0.5087017215555534,0.39870000000000005,0.8172590388418588,0.33604,0.564783654828576,836.5666269683908,25.478501226985827,0,0,731,0.44005449591280654,0.0,0.5699787139892578
MaxLoss,mnist,2,0.3,0.0,740,5000,0,744,1711,2455,0.5169282667920925,0.40790000000000004,0.822623053484325,0.342504,0.5713035401273227,841.8371258301942,25.83249322301708,0,0,741,0.4422043010752688,0.0,0.5670276880264282
MaxLoss,mnist,2,0.3,0.0,750,5000,0,754,1724,2478,0.5215400711167604,0.4215,0.8245611790876664,0.3440719999999999,0.5728789577766193,848.7619933092857,26.18660504790023,0,0,751,0.4416445623342175,0.0,0.5674944519996643
MaxLoss,mnist,2,0.3,0.0,760,5000,0,764,1709,2473,0.5205376937519759,0.42000000000000004,0.8230896218057857,0.34104799999999996,0.569838513602251,855.0431970652488,26.540618524886668,0,0,761,0.443717277486911,0.0,0.5671600699424744
MaxLoss,mnist,2,0.3,0.0,770,5000,0,774,1750,2524,0.5307570205186494,0.4242,0.8322947126957811,0.35246,0.5812663802672424,864.1505528569667,26.895186194917187,0,0,771,0.44573643410852715,0.0,0.5663498640060425
MaxLoss,mnist,2,0.3,0.0,780,5000,0,784,1736,2520,0.5299558993428946,0.41579999999999995,0.8301707305058588,0.347176,0.5759906264547788,878.7199717117829,27.253510183887556,0,0,781,0.44387755102040816,0.0,0.5687772631645203
MaxLoss,mnist,2,0.3,0.0,790,5000,0,794,1713,2507,0.5273517914465629,0.4091,0.8267619619915206,0.342792,0.5715930814058532,876.263782413168,27.609483479056507,0,0,791,0.4420654911838791,0.0,0.5665113925933838
MaxLoss,mnist,2,0.3,0.0,796,5000,0,800,1649,2449,0.515724822471384,0.385,0.8193963953971302,0.33203200000000005,0.5607203721738859,880.389753893631,27.910170601913705,0,1,797,0.4425,0.0,0.5671013593673706
PU-R,mnist,2,0.3,0.0,0,5000,0,4,2687,2691,0.5641436477890238,0.5688,0.750268607342886,0.50656,0.7241788261938231,0.5791804196714867,0.22931942786090076,0,0,1,0.25,0.0,0.6939134001731873
PU-R,mnist,2,0.3,0.0,10,5000,0,14,2550,2564,0.5387645334703848,0.49739999999999995,0.7755382514849005,0.507252,0.7247750701193565,26.943121318557168,0.682083997875452,0,0,11,0.35714285714285715,0.0,0.6442461013793945
PU-R,mnist,2,0.3,0.0,20,5000,0,24,2672,2696,0.5651414263993502,0.5369999999999999,0.8204999809389826,0.5345840000000001,0.7480059647975735,73.1519261350338,1.1591747908387333,0,0,21,0.5,0.0,0.6342779994010925
PU-R,mnist,2,0.3,0.0,30,5000,0,34,2637,2671,0.5601514694862999,0.5166999999999999,0.8258878455449162,0.5264840000000001,0.7411863096301279,103.66838705297606,1.6520495398435742,0,0,31,0.4117647058823529,0.0,0.566582977771759
PU-R,mnist,2,0.3,0.0,40,5000,0,44,2454,2498,0.525548531790264,0.43279999999999996,0.8068054524687595,0.49119999999999997,0.7108417015849708,124.67032405291476,2.153002349892631,0,0,41,0.3409090909090909,0.0,0.5611443519592285
PU-R,mnist,2,0.3,0.0,50,5000,0,54,2386,2440,0.5139193729264662,0.3701,0.8026882679185141,0.478332,0.6995171446728415,142.43575136363518,2.6602083118632436,0,0,51,0.2962962962962963,0.0,0.5844889283180237
PU-R,mnist,2,0.3,0.0,60,5000,0,64,2395,2459,0.5177304791286588,0.4044,0.8053952136924826,0.47688400000000003,0.6982341782706328,155.1254439904556,3.181936452863738,0,0,61,0.265625,0.0,0.5706196427345276
PU-R,mnist,2,0.3,0.0,70,5000,0,74,2452,2526,0.5311575559317134,0.44599999999999995,0.819062153914981,0.490848,0.7105337576040799,166.78640593277586,3.7032909388653934,0,0,71,0.2972972972972973,0.0,0.573586642742157
PU-R,mnist,2,0.3,0.0,80,5000,0,84,2401,2485,0.5229432233027183,0.41790000000000005,0.8134793264521466,0.479196,0.7002818376286856,177.83533867346668,4.237330834846944,0,0,81,0.2857142857142857,0.0,0.588236927986145
PU-R,mnist,2,0.3,0.0,90,5000,0,94,2304,2398,0.5054894498898648,0.4363,0.8036540870500974,0.46146800000000004,0.6844664428442914,190.73639690526542,4.781381250824779,0,0,91,0.2978723404255319,0.0,0.5976747274398804
PU-R,mnist,2,0.3,0.0,100,5000,0,104,2321,2425,0.5109095354564488,0.43500000000000005,0.8090060748992588,0.4646719999999999,0.6873442694666018,202.08863045713645,5.3373162359930575,0,0,101,0.2980769230769231,0.0,0.5786961317062378
PU-R,mnist,2,0.3,0.0,110,5000,0,114,2253,2367,0.49926261662039906,0.4132,0.8006709617831924,0.450516,0.674564152196356,211.3076989717933,5.903138902969658,0,0,111,0.2807017543859649,0.0,0.5789211988449097
PU-R,mnist,2,0.3,0.0,120,5000,0,124,2242,2366,0.49906168383313343,0.41100000000000003,0.8013385458067352,0.448108,0.6723733752309488,221.30297188704012,6.478665382834151,0,0,121,0.29838709677419356,0.0,0.5843750238418579
PU-R,mnist,2,0.3,0.0,130,5000,0,134,2202,2336,0.4930317478138022,0.38539999999999996,0.7976843359315435,0.44028400000000006,0.665221242992225,230.73841357402446,7.070930098881945,0,0,131,0.291044776119403,0.0,0.5765864849090576
PU-R,mnist,2,0.3,0.0,140,5000,0,144,2181,2325,0.49081982334610075,0.3749,0.7971795637514787,0.437288,0.6624687381486393,238.14518828440825,7.6754330198746175,0,0,141,0.3055555555555556,0.0,0.579481840133667
PU-R,mnist,2,0.3,0.0,150,5000,0,154,2203,2357,0.4972531000385061,0.35629999999999995,0.8011609872754297,0.44009999999999994,0.665052417654547,245.88505669983843,8.290530574973673,0,0,151,0.3116883116883117,0.0,0.5725375413894653
PU-R,mnist,2,0.3,0.0,160,5000,0,164,2140,2304,0.48659564467379823,0.3329,0.7944624691166136,0.428196,0.6540687261286374,256.2456444450115,8.921219417825341,0,0,161,0.31097560975609756,0.0,0.5838639736175537
PU-R,mnist,2,0.3,0.0,170,5000,0,174,2122,2296,0.48498594522243366,0.3287,0.7937487617439751,0.42433600000000005,0.6504810582878258,266.07999955109807,9.56542869284749,0,0,171,0.2988505747126437,0.0,0.5825359225273132
PU-R,mnist,2,0.3,0.0,180,5000,0,184,2116,2300,0.4857908286503516,0.32189999999999996,0.7950604429433087,0.4231160000000001,0.6493444620608244,276.0479570778732,10.226266183890402,0,0,181,0.30434782608695654,0.0,0.5814533233642578
PU-R,mnist,2,0.3,0.0,190,5000,0,194,2103,2297,0.4851871724240482,0.31989999999999996,0.79516125423517,0.4208799999999999,0.6472579865967872,284.26838436442,10.900451168883592,0,0,191,0.31443298969072164,0.0,0.5828290581703186
PU-R,mnist,2,0.3,0.0,200,5000,0,204,2118,2322,0.4902164828963578,0.33230000000000004,0.7981411490725929,0.42245599999999994,0.6487290466188359,292.3859813579599,11.592963762814179,0,0,201,0.3137254901960784,0.0,0.5752159953117371
PU-R,mnist,2,0.3,0.0,210,5000,0,214,2099,2313,0.48840623430442065,0.33340000000000003,0.798578501879327,0.42078000000000004,0.6471645727583283,300.4214984812849,12.301450549857691,0,0,211,0.3130841121495327,0.0,0.5782372951507568
PU-R,mnist,2,0.3,0.0,220,5000,0,224,2127,2351,0.4960471885278821,0.33999999999999997,0.803174756015744,0.424436,0.6505741649781728,309.0692380860938,13.031126433983445,0,0,221,0.3169642857142857,0.0,0.5866944193840027
PU-R,mnist,2,0.3,0.0,230,5000,0,234,2071,2305,0.48679683811496943,0.3247,0.7969587855265867,0.414268,0.6410627967153825,316.4790348343594,13.773447419982404,0,0,231,0.32051282051282054,0.0,0.5684112310409546
PU-R,mnist,2,0.3,0.0,240,5000,0,244,2052,2296,0.48498594522243366,0.3165,0.7949844138895135,0.40978000000000003,0.6368360349997475,323.64035814586094,14.532837627921253,0,0,241,0.319672131147541,0.0,0.5770147442817688
PU-R,mnist,2,0.3,0.0,250,5000,0,254,2047,2301,0.4859920389717445,0.3133,0.7975328681121288,0.411036,0.638020698099907,331.38385954487035,15.305494258878753,0,0,251,0.31496062992125984,0.0,0.5777172446250916
PU-R,mnist,2,0.3,0.0,260,5000,0,264,2025,2289,0.4835772369406186,0.3113,0.7954068931493957,0.40630799999999995,0.6335540449502389,338.875831303629,16.109285408863798,0,0,261,0.3106060606060606,0.0,0.5737945437431335
PU-R,mnist,2,0.3,0.0,270,5000,0,274,1969,2243,0.4743148655979894,0.29479999999999995,0.7874064679853037,0.394244,0.6220676498789892,345.78744500187884,16.923896098975092,0,0,271,0.3029197080291971,0.0,0.5730158686637878
PU-R,mnist,2,0.3,0.0,280,5000,0,284,1980,2264,0.4785444484441541,0.3006,0.7901164121035796,0.395792,0.6235487499969097,353.2405616256097,17.75273546297103,0,0,281,0.2992957746478873,0.0,0.5769614577293396
PU-R,mnist,2,0.3,0.0,290,5000,0,294,1969,2263,0.47834308206802234,0.29190000000000005,0.7890436010321059,0.392656,0.6205460582637716,360.2049698050999,18.605785680003464,0,0,291,0.29931972789115646,0.0,0.5669266581535339
PU-R,mnist,2,0.3,0.0,300,5000,0,304,1976,2280,0.4817657369421795,0.3026,0.791798513464875,0.39453200000000005,0.6223433650373379,366.7810057588584,19.47820924501866,0,0,301,0.29605263157894735,0.0,0.5676453113555908
PU-R,mnist,2,0.3,0.0,310,5000,0,314,1948,2262,0.47814171138452366,0.29600000000000004,0.7898502838188113,0.3902360000000001,0.6182229252272222,374.02674117021957,20.372707875911146,0,0,311,0.3089171974522293,0.0,0.567531943321228
PU-R,mnist,2,0.3,0.0,320,5000,0,324,1968,2292,0.48418099439004436,0.30400000000000005,0.7936253143883931,0.393436,0.6212937207982471,380.71046692595297,21.292235143017024,0,0,321,0.3148148148148148,0.0,0.5727927684783936
PU-R,mnist,2,0.3,0.0,330,5000,0,334,1948,2282,0.4821683220216073,0.3042,0.7926943923692672,0.3906,0.6185726901562695,387.4255780708803,22.231356194010004,0,0,331,0.3143712574850299,0.0,0.5704442262649536
PU-R,mnist,2,0.3,0.0,340,5000,0,344,1951,2295,0.48478471382986754,0.3026,0.7935623592402091,0.39012399999999997,0.6181152813577293,394.0186454016045,23.19413922401145,0,0,341,0.3168604651162791,0.0,0.5755186080932617
PU-R,mnist,2,0.3,0.0,350,5000,0,354,1946,2300,0.4857908286503516,0.31079999999999997,0.79416242663612,0.38928399999999996,0.6173075937532094,400.75574752828135,24.175299383001402,0,0,351,0.3135593220338983,0.0,0.5711847543716431
PU-R,mnist,2,0.3,0.0,360,5000,0,364,1918,2282,0.4821683220216073,0.31079999999999997,0.7914555034623897,0.3844200000000001,0.6126182238525226,406.58791679267995,25.18057455588132,0,0,361,0.3241758241758242,0.0,0.5741044282913208
PU-R,mnist,2,0.3,0.0,370,5000,0,374,1929,2303,0.4863944469834678,0.3036,0.7932048079791827,0.3850520000000001,0.6132287388020364,413.4401359996354,26.20582332997583,0,0,371,0.32085561497326204,0.0,0.5675283670425415
PU-R,mnist,2,0.3,0.0,380,5000,0,384,1925,2309,0.4876015699119307,0.3015,0.7930684863763936,0.38353199999999993,0.611759801756882,419.198014142237,27.255416785832494,0,0,381,0.3229166666666667,0.0,0.5735667943954468
PU-R,mnist,2,0.3,0.0,390,5000,0,394,1925,2319,0.48961310455342755,0.30300000000000005,0.7941861552547173,0.383652,0.6118758464174521,424.8839111878668,28.33100940589793,0,0,391,0.3248730964467005,0.0,0.566493570804596
PU-R,mnist,2,0.3,0.0,400,5000,0,404,1909,2313,0.48840623430442065,0.3126,0.7938929216806997,0.38176799999999994,0.6100524404944656,431.4304517465198,29.43059413181618,0,0,401,0.32673267326732675,0.0,0.5767555832862854
PU-R,mnist,2,0.3,0.0,410,5000,0,414,1911,2325,0.49081982334610075,0.31720000000000004,0.7955140196677571,0.3825320000000001,0.6107922559950432,437.24027933247214,30.55209837597795,0,0,411,0.32608695652173914,0.0,0.5652660727500916
PU-R,mnist,2,0.3,0.0,420,5000,0,424,1874,2298,0.48538839537650347,0.31710000000000005,0.7915501590949211,0.376084,0.6045317034499357,443.2055673802989,31.69805818190798,0,0,421,0.32075471698113206,0.0,0.5665968060493469
PU-R,mnist,2,0.3,0.0,430,5000,0,434,1869,2303,0.4863944469834678,0.30000000000000004,0.7903300729837518,0.373296,0.6018129938729797,448.6741872807667,32.863745770882815,0,0,431,0.31797235023041476,0.0,0.5681803822517395
PU-R,mnist,2,0.3,0.0,440,5000,0,444,1856,2300,0.4857908286503516,0.30469999999999997,0.7893486994537035,0.370764,0.5993377332792523,454.4172836644931,34.054182987893,0,0,441,0.31981981981981983,0.0,0.5645841360092163
PU-R,mnist,2,0.3,0.0,450,5000,0,454,1842,2296,0.48498594522243366,0.29890000000000005,0.7883943369431685,0.3683159999999999,0.5969389661359222,459.9921059561535,35.27218153094873,0,0,451,0.31497797356828194,0.0,0.5649922490119934
PU-R,mnist,2,0.3,0.0,460,5000,0,464,1836,2300,0.4857908286503516,0.29590000000000005,0.7889639776288957,0.36775599999999997,0.5963894490947468,465.81614999280674,36.514829203952104,0,0,461,0.3146551724137931,0.0,0.5639615058898926
PU-R,mnist,2,0.3,0.0,470,5000,0,474,1824,2298,0.48538839537650347,0.2924,0.7876267349322876,0.36478800000000006,0.5934721474238791,471.6388189061719,37.78039300395176,0,0,471,0.31645569620253167,0.0,0.56375652551651
PU-R,mnist,2,0.3,0.0,480,5000,0,484,1812,2296,0.48498594522243366,0.28779999999999994,0.7867485803067006,0.3624600000000001,0.5911781706276926,477.24975224863704,39.07584097585641,0,0,481,0.31611570247933884,0.0,0.5647424459457397
PU-R,mnist,2,0.3,0.0,490,5000,0,494,1794,2288,0.4833759760367684,0.281,0.7857307178041598,0.35997599999999996,0.5887248811494458,482.8196550952021,40.39680636697449,0,0,491,0.32388663967611336,0.0,0.5625868439674377
PU-R,mnist,2,0.3,0.0,500,5000,0,504,1819,2323,0.4904176006093621,0.28790000000000004,0.7896512639798002,0.36375599999999997,0.5924558542860412,488.3011857740404,41.750007413793355,0,0,501,0.32142857142857145,0.0,0.5634800791740417
PU-R,mnist,2,0.3,0.0,510,5000,0,514,1797,2311,0.4880039105191827,0.28390000000000004,0.7879479031232878,0.36044800000000005,0.5891914911093973,493.6912681692849,43.19890027795918,0,0,511,0.321011673151751,0.0,0.5664527416229248
PU-R,mnist,2,0.3,0.0,520,5000,0,524,1798,2322,0.4902164828963578,0.2741,0.7881207376667785,0.35950000000000004,0.588254104834398,499.19576363167187,44.625919261947274,0,0,521,0.3187022900763359,0.0,0.5649580955505371
PU-R,mnist,2,0.3,0.0,530,5000,0,534,1765,2299,0.48558961413800716,0.26849999999999996,0.7840175616403154,0.35314400000000007,0.5819473624520656,504.87590010959315,46.07203637692146,0,0,531,0.31835205992509363,0.0,0.5629648566246033
PU-R,mnist,2,0.3,0.0,540,5000,0,544,1763,2307,0.4871992124244571,0.2621,0.7838479130121409,0.35190400000000005,0.5807125049301654,509.79168393136894,47.54597199498676,0,0,541,0.31985294117647056,0.0,0.5641214847564697
PU-R,mnist,2,0.3,0.0,550,5000,0,554,1750,2304,0.48659564467379823,0.26949999999999996,0.7832885088568989,0.3501519999999999,0.5789652700916581,514.8573746073482,49.053169797873124,0,0,551,0.3194945848375451,0.0,0.563319206237793
PU-R,mnist,2,0.3,0.0,560,5000,0,564,1773,2337,0.4932328066206537,0.2721,0.787583674596863,0.3544839999999999,0.5832801605041097,519.96151887367,50.58631056593731,0,0,561,0.32269503546099293,0.0,0.5617429614067078
PU-R,mnist,2,0.3,0.0,570,5000,0,574,1775,2349,0.49564518441911787,0.276,0.7889170829444704,0.35519200000000006,0.5839836668802115,524.6991169126569,52.153334859991446,0,0,571,0.3205574912891986,0.0,0.5636209845542908
PU-R,mnist,2,0.3,0.0,580,5000,0,584,1756,2340,0.4938359577790834,0.26670000000000005,0.7866683968856887,0.351268,0.580078573746185,530.0063586025127,53.7451384018641,0,0,581,0.3150684931506849,0.0,0.5668103098869324
PU-R,mnist,2,0.3,0.0,590,5000,0,594,1740,2334,0.4926296175690368,0.268,0.7847199283983421,0.34773599999999993,0.5765510208529329,535.3507633005629,55.359992031008005,0,0,591,0.3164983164983165,0.0,0.5613164305686951
PU-R,mnist,2,0.3,0.0,600,5000,0,604,1749,2353,0.4964491758146323,0.27049999999999996,0.7862469487432897,0.34860399999999997,0.5774190364208476,540.5125184136923,56.99528537481092,0,0,601,0.31788079470198677,0.0,0.5627583861351013
PU-R,mnist,2,0.3,0.0,610,5000,0,614,1721,2335,0.49283068475779146,0.26039999999999996,0.782903191044497,0.343396,0.5722000522959028,545.6237901285011,58.6420919818338,0,0,611,0.3241042345276873,0.0,0.5641293525695801
PU-R,mnist,2,0.3,0.0,620,5000,0,624,1707,2331,0.49202639068244025,0.26980000000000004,0.7819667257723527,0.34120000000000006,0.5699915523986516,550.782453608227,60.29709091898985,0,0,621,0.3269230769230769,0.0,0.56382155418396
PU-R,mnist,2,0.3,0.0,630,5000,0,634,1701,2335,0.49283068475779146,0.26880000000000004,0.7820787203782228,0.340272,0.5690568592538672,556.1426817917753,61.96847723587416,0,0,631,0.3312302839116719,0.0,0.5631123781204224
PU-R,mnist,2,0.3,0.0,640,5000,0,644,1680,2324,0.49061871407320723,0.26559999999999995,0.7788801287206636,0.33535200000000004,0.5640872936687483,561.0377900479139,63.65554884984158,0,0,641,0.3307453416149068,0.0,0.5614417195320129
PU-R,mnist,2,0.3,0.0,650,5000,0,654,1649,2303,0.4863944469834678,0.2538,0.7747794306870129,0.32941200000000004,0.5580556178396263,565.7324567228835,65.35117913992144,0,0,651,0.327217125382263,0.0,0.5610188841819763
PU-R,mnist,2,0.3,0.0,660,5000,0,664,1665,2329,0.49162421841174364,0.2611,0.7785194901878985,0.33297600000000005,0.561678824279938,570.8849002773524,67.06110292393714,0,0,661,0.32680722891566266,0.0,0.561761736869812
PU-R,mnist,2,0.3,0.0,670,5000,0,674,1638,2312,0.48820507450727746,0.25939999999999996,0.7753435506200007,0.328144,0.5567634976286667,575.7561069661281,68.78760258387774,0,0,671,0.3249258160237389,0.0,0.5612319707870483
PU-R,mnist,2,0.3,0.0,680,5000,0,684,1622,2306,0.4869980274233967,0.25329999999999997,0.7725651252951312,0.323756,0.5522795638444921,581.016338818121,70.52388395695016,0,0,681,0.3260233918128655,0.0,0.5614558458328247
PU-R,mnist,2,0.3,0.0,690,5000,0,694,1586,2280,0.4817657369421795,0.23709999999999998,0.7677085044851416,0.316988,0.5453253103792419,585.8873101375111,72.27674579783343,0,0,691,0.3227665706051873,0.0,0.5608962178230286
PU-R,mnist,2,0.3,0.0,700,5000,0,704,1598,2302,0.48619324510218576,0.24539999999999995,0.7703596680299124,0.319188,0.5475909858112847,590.9830090137286,74.04616362694651,0,0,701,0.3252840909090909,0.0,0.5624572038650513
PU-R,mnist,2,0.3,0.0,710,5000,0,714,1577,2291,0.4839797461172566,0.247,0.7682145923069065,0.315668,0.5439635168016499,595.9885228682482,75.8262346778065,0,0,711,0.3277310924369748,0.0,0.5602313280105591
PU-R,mnist,2,0.3,0.0,720,5000,0,724,1575,2299,0.48558961413800716,0.23819999999999997,0.7685436676022139,0.315108,0.5433852432260888,601.0268131759418,77.62616781098768,0,0,721,0.3259668508287293,0.0,0.5592054128646851
PU-R,mnist,2,0.3,0.0,730,5000,0,734,1556,2290,0.4837784936535172,0.23309999999999997,0.765726448883837,0.310776,0.5389008978554668,606.2397549444532,79.43934750789776,0,0,731,0.32697547683923706,0.0,0.5608370900154114
PU-R,mnist,2,0.3,0.0,740,5000,0,744,1527,2271,0.4799538952065632,0.23019999999999996,0.7626049788718653,0.30613599999999996,0.534075964217451,611.3570957260716,81.26119962101802,0,0,741,0.32526881720430106,0.0,0.5595879554748535
PU-R,mnist,2,0.3,0.0,750,5000,0,754,1539,2293,0.4843822384136729,0.23460000000000003,0.7649829898834588,0.308008,0.5360252999774395,616.3625618167611,83.10386142297648,0,0,751,0.3249336870026525,0.0,0.561873733997345
PU-R,mnist,2,0.3,0.0,760,5000,0,764,1529,2293,0.4843822384136729,0.2319,0.7643277585444181,0.306324,0.5342718979583373,621.280545895362,84.96112390584312,0,0,761,0.3219895287958115,0.0,0.5593510270118713
PU-R,mnist,2,0.3,0.0,770,5000,0,774,1510,2284,0.4825708902790211,0.22860000000000003,0.7616391544276356,0.30224799999999996,0.530015479712096,626.2616153612465,86.85060063400306,0,0,771,0.3242894056847545,0.0,0.557766318321228
PU-R,mnist,2,0.3,0.0,780,5000,0,784,1522,2306,0.4869980274233967,0.22799999999999998,0.7637606353559845,0.30389199999999994,0.5317343745171861,630.876874193243,88.73694139695726,0,0,781,0.3239795918367347,0.0,0.5578482747077942
PU-R,mnist,2,0.3,0.0,790,5000,0,794,1508,2302,0.48619324510218576,0.22809999999999997,0.7625474566144409,0.301572,0.5293078462374916,635.7825624181052,90.6354964049533,0,0,791,0.3211586901763224,0.0,0.5607479810714722
PU-R,mnist,2,0.3,0.0,796,5000,0,800,1493,2293,0.4843822384136729,0.2289,0.7607774284423259,0.29898,0.5265900107123449,638.6558127420071,91.8687625809107,0,1,797,0.32,0.0,0.5588870644569397
PU-C,mnist,2,0.3,0.0,0,5000,0,4,2465,2469,0.5197357162833214,0.5183,0.743542545103222,0.498528,0.7172291105674315,0.5817834508870702,0.22888658312149346,0,0,1,0.25,0.0,0.7088336944580078
PU-C,mnist,2,0.3,0.0,10,5000,0,14,2387,2401,0.5060918326489627,0.4797,0.7512753157552652,0.47799600000000003,0.6992195957660927,26.442659693247776,0.6630091280676425,0,0,11,0.35714285714285715,0.0,0.6288841366767883
PU-C,mnist,2,0.3,0.0,20,5000,0,24,2393,2417,0.5093039029743522,0.4597,0.7735747248854702,0.47626399999999997,0.697684306390599,68.42903855288672,1.1061296339612454,0,0,21,0.3333333333333333,0.0,0.6300330758094788
PU-C,mnist,2,0.3,0.0,30,5000,0,34,2364,2398,0.5054894498898648,0.43210000000000004,0.7843879944926653,0.474808,0.6963917316344932,96.93395136408732,1.5516605640295893,0,0,31,0.38235294117647056,0.0,0.5729220509529114
PU-C,mnist,2,0.3,0.0,40,5000,0,44,2465,2509,0.5277524695848115,0.4931,0.806742360639738,0.49357999999999996,0.7129211159618356,119.02356359206358,2.0039010101463646,0,0,41,0.45454545454545453,0.0,0.5885255932807922
PU-C,mnist,2,0.3,0.0,50,5000,0,54,2479,2533,0.5325592973968014,0.507,0.814560022052933,0.49538400000000005,0.7144941354591899,139.463826912282,2.4641700179781765,0,0,51,0.4444444444444444,0.0,0.5940930247306824
PU-C,mnist,2,0.3,0.0,60,5000,0,64,2503,2567,0.5393648255849257,0.5462,0.8228106630859644,0.5003319999999999,0.7187947017725421,155.36516021048922,2.940646206960082,0,0,61,0.46875,0.0,0.5914439558982849
PU-C,mnist,2,0.3,0.0,70,5000,0,74,2467,2541,0.5341610355535522,0.532,0.8206468903379738,0.493188,0.7125789485724562,166.3341187471756,3.4118838240392506,0,0,71,0.43243243243243246,0.0,0.5889924764633179
PU-C,mnist,2,0.3,0.0,80,5000,0,84,2465,2549,0.535762504558079,0.5126999999999999,0.8226594058082167,0.491284,0.7109151729686362,179.06996586920823,3.8878843190614134,0,0,81,0.42857142857142855,0.0,0.5931844115257263
PU-C,mnist,2,0.3,0.0,90,5000,0,94,2467,2561,0.5381642034044489,0.5194,0.8265767108875132,0.493028,0.7124392516520334,189.4559139026367,4.369591291062534,0,0,91,0.425531914893617,0.0,0.5770850777626038
PU-C,mnist,2,0.3,0.0,100,5000,0,104,2496,2600,0.5459655366721563,0.5222,0.834414846769112,0.49959200000000004,0.7181528245205542,202.45133253870412,4.855457735946402,0,0,101,0.41346153846153844,0.0,0.5923210978507996
PU-C,mnist,2,0.3,0.0,110,5000,0,114,2515,2629,0.5517623682389967,0.5266,0.8387899556207176,0.50222,0.7204302920480784,213.34306375166574,5.345094941090792,0,0,111,0.42105263157894735,0.0,0.5848316550254822
PU-C,mnist,2,0.3,0.0,120,5000,0,124,2482,2606,0.5471651725820266,0.5182,0.8359767560679047,0.49462000000000006,0.7138282871466897,224.31289244429368,5.839101057965308,0,0,121,0.4032258064516129,0.0,0.5760089755058289
PU-C,mnist,2,0.3,0.0,130,5000,0,134,2382,2516,0.5291547109372914,0.48419999999999996,0.8262381512467069,0.47767200000000004,0.6989325843272416,234.3445600616752,6.331929647130892,0,0,131,0.3880597014925373,0.0,0.5814339518547058
PU-C,mnist,2,0.3,0.0,140,5000,0,144,2332,2476,0.5211391327902675,0.4708,0.8202957891357704,0.466796,0.6892472936643744,242.80045623902882,6.8271863700356334,0,0,141,0.3680555555555556,0.0,0.5789474844932556
PU-C,mnist,2,0.3,0.0,150,5000,0,154,2261,2415,0.5089024528861046,0.42400000000000004,0.811302022997984,0.451828,0.675755734833244,251.6728404947126,7.3194987250026315,0,0,151,0.36363636363636365,0.0,0.5860342979431152
PU-C,mnist,2,0.3,0.0,160,5000,0,164,2321,2485,0.5229432233027183,0.45999999999999996,0.8225881273422145,0.464728,0.687394491932504,260.00197716140065,7.817258771043271,0,0,161,0.3719512195121951,0.0,0.5885784029960632
PU-C,mnist,2,0.3,0.0,170,5000,0,174,2301,2475,0.520938657282386,0.4464,0.8208755246066706,0.45974799999999993,0.6829179845980954,268.8177337808367,8.32140899496153,0,0,171,0.367816091954023,0.0,0.572812557220459
PU-C,mnist,2,0.3,0.0,180,5000,0,184,2285,2469,0.5197357162833214,0.4425,0.8207572061563311,0.45732,0.6807279021665148,276.57795489364923,8.830430177040398,0,0,181,0.3641304347826087,0.0,0.5805978178977966
PU-C,mnist,2,0.3,0.0,190,5000,0,194,2239,2433,0.5125148995430209,0.4254,0.8158047977428093,0.44826800000000006,0.6725190939722216,284.4463822773788,9.341205178992823,0,0,191,0.36082474226804123,0.0,0.5706170201301575
PU-C,mnist,2,0.3,0.0,200,5000,0,204,2246,2450,0.5159254070022143,0.42769999999999997,0.8173558660661197,0.44833599999999996,0.6725810178751847,291.66472219214825,9.853320996975526,0,0,201,0.3627450980392157,0.0,0.5735228061676025
PU-C,mnist,2,0.3,0.0,210,5000,0,214,2237,2451,0.5161259873420931,0.4276,0.8179590214338429,0.44693599999999994,0.6713053245163886,299.6101229276705,10.370159722166136,0,0,211,0.3691588785046729,0.0,0.5774775743484497
PU-C,mnist,2,0.3,0.0,220,5000,0,224,2199,2423,0.5105081524816342,0.41569999999999996,0.8155666168978841,0.4415199999999999,0.6663545621504126,307.3831154301626,10.891907253069803,0,0,221,0.36160714285714285,0.0,0.5731289386749268
PU-C,mnist,2,0.3,0.0,230,5000,0,234,2211,2445,0.5149224423803389,0.42390000000000005,0.8180387386835986,0.442732,0.6674646136371508,315.3216729178329,11.41431669704616,0,0,231,0.358974358974359,0.0,0.5723513960838318
PU-C,mnist,2,0.3,0.0,240,5000,0,244,2219,2463,0.5185326242935844,0.43010000000000004,0.820657884195127,0.444276,0.6688769311118116,322.96318245137263,11.943264390109107,0,0,241,0.36475409836065575,0.0,0.5781185626983643
PU-C,mnist,2,0.3,0.0,250,5000,0,254,2213,2467,0.5193347024032846,0.4325,0.8217237429111616,0.4436,0.668258833983123,331.0451404591963,12.476196927949786,0,0,251,0.3661417322834646,0.0,0.5721810460090637
PU-C,mnist,2,0.3,0.0,260,5000,0,264,2219,2483,0.5225423436495475,0.43179999999999996,0.8231990226400685,0.4438480000000001,0.6684856365634816,337.88548532114993,13.01140997116454,0,0,261,0.36363636363636365,0.0,0.572894275188446
PU-C,mnist,2,0.3,0.0,270,5000,0,274,2177,2451,0.5161259873420931,0.4163,0.8187613996787075,0.43598,0.6612646437592118,344.5711424088594,13.551873577060178,0,0,271,0.35766423357664234,0.0,0.5779497623443604
PU-C,mnist,2,0.3,0.0,280,5000,0,284,2142,2426,0.5111102206283249,0.3961,0.8147162199181486,0.42847999999999997,0.6543321830261601,352.2413054157903,14.093213193118572,0,0,281,0.34507042253521125,0.0,0.5711295008659363
PU-C,mnist,2,0.3,0.0,290,5000,0,294,2149,2443,0.5145212272182107,0.39039999999999997,0.8171144797377844,0.429972,0.6557151215062205,359.2248525591995,14.637821223121136,0,0,291,0.3435374149659864,0.0,0.5685673356056213
PU-C,mnist,2,0.3,0.0,300,5000,0,304,2108,2412,0.5083002463215962,0.3863,0.8131187546861215,0.42281599999999997,0.6490647744027318,366.0505623354745,15.185511779040098,0,0,301,0.34210526315789475,0.0,0.5752002596855164
PU-C,mnist,2,0.3,0.0,310,5000,0,314,2106,2420,0.5099060466163792,0.387,0.8136389327556114,0.4218880000000001,0.6481991150940019,372.5917792273981,15.732619612012058,0,0,311,0.34394904458598724,0.0,0.5715926289558411
PU-C,mnist,2,0.3,0.0,320,5000,0,324,2110,2434,0.5127155511872843,0.376,0.8144496179203117,0.421384,0.647728660674909,379.07697897812955,16.285739867947996,0,0,321,0.33641975308641975,0.0,0.5747286677360535
PU-C,mnist,2,0.3,0.0,330,5000,0,334,2105,2439,0.5137187464861199,0.3813,0.8157086010407482,0.4214319999999999,0.6477734753197809,385.86946268002066,16.840931002050638,0,0,331,0.3383233532934132,0.0,0.5721497535705566
PU-C,mnist,2,0.3,0.0,340,5000,0,344,2101,2445,0.5149224423803389,0.377,0.8160395979634739,0.4203719999999999,0.6467833546212826,392.0910200804054,17.398424670100212,0,0,341,0.3372093023255814,0.0,0.5698747038841248
PU-C,mnist,2,0.3,0.0,350,5000,0,354,2075,2429,0.5117122510564514,0.37029999999999996,0.8133421839091243,0.4153,0.6420322421631923,397.93162561700433,17.958012335002422,0,0,351,0.3305084745762712,0.0,0.5674677491188049
PU-C,mnist,2,0.3,0.0,360,5000,0,364,2077,2441,0.5141199952340685,0.37150000000000005,0.8143996379741202,0.41526,0.6419946840253213,404.0973474795537,18.51941457996145,0,0,361,0.32967032967032966,0.0,0.5780818462371826
PU-C,mnist,2,0.3,0.0,370,5000,0,374,2067,2441,0.5141199952340685,0.3731,0.8144848813237502,0.41372,0.640547636688609,411.08479858253617,19.085536814061925,0,0,371,0.3342245989304813,0.0,0.5702697038650513
PU-C,mnist,2,0.3,0.0,380,5000,0,384,2074,2458,0.5175299323163927,0.37350000000000005,0.8166194114271422,0.415216,0.6419533684658449,417.08558751030677,19.656568363076076,0,0,381,0.3333333333333333,0.0,0.5662927627563477
PU-C,mnist,2,0.3,0.0,390,5000,0,394,2056,2450,0.5159254070022143,0.37439999999999996,0.8155834389049409,0.4123239999999999,0.639234111916526,423.4308066175343,20.226264167111367,0,0,391,0.3350253807106599,0.0,0.5643232464790344
PU-C,mnist,2,0.3,0.0,400,5000,0,404,2047,2451,0.5161259873420931,0.37529999999999997,0.8138151795025567,0.40854,0.6356651088652323,429.4055577618546,20.796942010056227,0,0,401,0.33663366336633666,0.0,0.5699940919876099
PU-C,mnist,2,0.3,0.0,410,5000,0,414,2030,2444,0.5147218368947506,0.381,0.813654743038558,0.40696,0.6341711697750987,435.33943049505774,21.367699563037604,0,0,411,0.3357487922705314,0.0,0.5669661164283752
PU-C,mnist,2,0.3,0.0,420,5000,0,424,2025,2449,0.515724822471384,0.3759,0.8131263572796471,0.4048799999999999,0.6322011228498182,441.32697734043404,21.940498722949997,0,0,421,0.330188679245283,0.0,0.5738440752029419
PU-C,mnist,2,0.3,0.0,430,5000,0,434,2009,2443,0.5145212272182107,0.3667,0.8116712118039454,0.4014800000000001,0.6289726513949452,447.67503085895345,22.516454068012536,0,0,431,0.3317972350230415,0.0,0.5775264501571655
PU-C,mnist,2,0.3,0.0,440,5000,0,444,2002,2446,0.5151230437331833,0.37070000000000003,0.8118145073064716,0.40027999999999997,0.6278307543778032,453.87874960483947,23.09510335396044,0,0,441,0.3310810810810811,0.0,0.5668664574623108
PU-C,mnist,2,0.3,0.0,450,5000,0,454,1992,2446,0.5151230437331833,0.3729,0.8110904745051967,0.398044,0.6256996190281474,459.5369317615084,23.678654465125874,0,0,451,0.33259911894273125,0.0,0.5660699605941772
PU-C,mnist,2,0.3,0.0,460,5000,0,464,1985,2449,0.515724822471384,0.36850000000000005,0.8112746518447088,0.396948,0.6246534001874308,465.6045827636226,24.263927028048784,0,0,461,0.3297413793103448,0.0,0.5708633065223694
PU-C,mnist,2,0.3,0.0,470,5000,0,474,1949,2423,0.5105081524816342,0.3609,0.8073952759907996,0.390568,0.6185419463511813,471.0159798104642,24.849812084110454,0,0,471,0.3291139240506329,0.0,0.566856324672699
PU-C,mnist,2,0.3,0.0,480,5000,0,484,1963,2447,0.5153236408368684,0.3719,0.8102699245197295,0.39324800000000004,0.6211135646472662,476.3237083223806,25.43950237799436,0,0,481,0.33264462809917356,0.0,0.5710911750793457
PU-C,mnist,2,0.3,0.0,490,5000,0,494,1962,2456,0.5171288261772133,0.3728,0.810682010754324,0.3925119999999999,0.6204079688322647,482.25653886268566,26.031910293037072,0,0,491,0.3299595141700405,0.0,0.566084086894989
PU-C,mnist,2,0.3,0.0,500,5000,0,504,1956,2460,0.5179310216917656,0.38749999999999996,0.8107111763914975,0.39132000000000006,0.619264183295786,487.96061025957664,26.628289903048426,0,0,501,0.32936507936507936,0.0,0.5704552531242371
PU-C,mnist,2,0.3,0.0,510,5000,0,514,1926,2440,0.5139193729264662,0.3739,0.8073930824166978,0.38563200000000003,0.6137887041616742,493.81470365371723,27.228222604142502,0,0,511,0.32879377431906615,0.0,0.5661004185676575
PU-C,mnist,2,0.3,0.0,520,5000,0,524,1943,2467,0.5193347024032846,0.36539999999999995,0.810726556102305,0.3889159999999999,0.6169535502029013,499.3001859541768,27.833250150084496,0,0,521,0.3320610687022901,0.0,0.567164421081543
PU-C,mnist,2,0.3,0.0,530,5000,0,534,1915,2449,0.515724822471384,0.38170000000000004,0.8074525762981273,0.383416,0.6116476128662864,504.62070234378757,28.442902625072747,0,0,531,0.33707865168539325,0.0,0.5636993646621704
PU-C,mnist,2,0.3,0.0,540,5000,0,544,1896,2440,0.5139193729264662,0.35819999999999996,0.8053324220442865,0.37945600000000007,0.6078103988859079,510.0804750346146,29.05544267804362,0,0,541,0.3327205882352941,0.0,0.5645694136619568
PU-C,mnist,2,0.3,0.0,550,5000,0,554,1903,2457,0.517329381313175,0.3617,0.8072931150069547,0.38089599999999996,0.6092073966334575,515.6159037248874,29.668183928122744,0,0,551,0.3303249097472924,0.0,0.5666053295135498
PU-C,mnist,2,0.3,0.0,560,5000,0,564,1891,2455,0.5169282667920925,0.35850000000000004,0.8057720161764367,0.3777480000000001,0.6061509568007769,521.0539451591054,30.284364751074463,0,0,561,0.32978723404255317,0.0,0.5634720921516418
PU-C,mnist,2,0.3,0.0,570,5000,0,574,1857,2431,0.5121135836816393,0.3568,0.8017866059601299,0.37139599999999995,0.5999561238921477,526.4156803488652,30.901511293137446,0,0,571,0.32926829268292684,0.0,0.5612773895263672
PU-C,mnist,2,0.3,0.0,580,5000,0,584,1862,2446,0.5151230437331833,0.35340000000000005,0.8034794502054879,0.3724799999999999,0.6010159241043379,531.9423900471736,31.520403895992786,0,0,581,0.3287671232876712,0.0,0.5632318258285522
PU-C,mnist,2,0.3,0.0,590,5000,0,594,1849,2443,0.5145212272182107,0.3537,0.8021856350035844,0.36972799999999995,0.598323244918082,537.1030119596903,32.141147488960996,0,0,591,0.3265993265993266,0.0,0.5604833960533142
PU-C,mnist,2,0.3,0.0,600,5000,0,604,1837,2441,0.5141199952340685,0.344,0.8002057735656204,0.366096,0.5947588139273442,542.2542311423834,32.763746871147305,0,0,601,0.3294701986754967,0.0,0.5648945569992065
PU-C,mnist,2,0.3,0.0,610,5000,0,614,1817,2431,0.5121135836816393,0.34119999999999995,0.7992503157676136,0.36369999999999997,0.5924006781718364,547.9645186615948,33.39235625695437,0,0,611,0.3273615635179153,0.0,0.5592083930969238
PU-C,mnist,2,0.3,0.0,620,5000,0,624,1797,2421,0.5101067527430132,0.3449,0.7974025357626573,0.36028000000000004,0.5890254335849863,553.0781673249713,34.0230099610053,0,0,621,0.3301282051282051,0.0,0.5610709190368652
PU-C,mnist,2,0.3,0.0,630,5000,0,634,1797,2431,0.5121135836816393,0.3406,0.7979752096950542,0.36,0.5887486121302918,558.1843902958717,34.65311020007357,0,0,631,0.3264984227129338,0.0,0.5596272945404053
PU-C,mnist,2,0.3,0.0,640,5000,0,644,1791,2435,0.5129161986405961,0.33709999999999996,0.7976164907097497,0.35851600000000006,0.5872802275504586,563.3173087034859,35.28838920313865,0,0,641,0.3245341614906832,0.0,0.5604149699211121
PU-C,mnist,2,0.3,0.0,650,5000,0,654,1792,2446,0.5151230437331833,0.3429,0.7987634836819648,0.35897199999999996,0.5877316498657654,568.5129189642379,35.92627575714141,0,0,651,0.327217125382263,0.0,0.5624298453330994
PU-C,mnist,2,0.3,0.0,660,5000,0,664,1795,2459,0.5177304791286588,0.3398,0.7995933896075669,0.35897200000000007,0.5877316498657656,573.9798903405139,36.567740021971986,0,0,661,0.3253012048192771,0.0,0.5623173117637634
PU-C,mnist,2,0.3,0.0,670,5000,0,674,1785,2459,0.5177304791286588,0.3386,0.7984115242856593,0.356444,0.58522655783869,579.069184131938,37.21127967396751,0,0,671,0.3249258160237389,0.0,0.5602385997772217
PU-C,mnist,2,0.3,0.0,680,5000,0,684,1777,2461,0.5181315601221286,0.3468,0.7982025691372987,0.3552080000000001,0.5839995598366164,584.0261954776153,37.85684517305344,0,0,681,0.32748538011695905,0.0,0.5624598860740662
PU-C,mnist,2,0.3,0.0,690,5000,0,694,1760,2454,0.51672770321602,0.3377,0.7962912460561171,0.35185599999999995,0.5806646745327622,588.6085664123187,38.505526659078896,0,0,691,0.3270893371757925,0.0,0.5579555034637451
PU-C,mnist,2,0.3,0.0,700,5000,0,704,1749,2453,0.516527135448996,0.33740000000000003,0.7956148014335025,0.3499600000000001,0.5787736138850816,593.9349452845672,39.15694191399962,0,0,701,0.3252840909090909,0.0,0.5594712495803833
PU-C,mnist,2,0.3,0.0,710,5000,0,714,1756,2470,0.5199362169369124,0.3377,0.7976029154286365,0.35157199999999994,0.5803816330390794,598.8550707827183,39.80839105905034,0,0,711,0.32633053221288516,0.0,0.5622775554656982
PU-C,mnist,2,0.3,0.0,720,5000,0,724,1740,2464,0.5187331501510926,0.3378,0.7958200743356698,0.34828000000000003,0.5770951152637269,604.0839004218227,40.46398602798581,0,0,721,0.324585635359116,0.0,0.5580127239227295
PU-C,mnist,2,0.3,0.0,730,5000,0,734,1727,2461,0.5181315601221286,0.33440000000000003,0.7945038249596648,0.34568,0.5744920916900306,608.8964368492612,41.11997090303339,0,0,731,0.32561307901907355,0.0,0.5589455366134644
PU-C,mnist,2,0.3,0.0,740,5000,0,744,1716,2460,0.5179310216917656,0.3345,0.7935267445003965,0.34351600000000004,0.5723206003969749,613.7455771220191,41.77660729107447,0,0,741,0.32661290322580644,0.0,0.5581125020980835
PU-C,mnist,2,0.3,0.0,750,5000,0,754,1717,2471,0.5201367133995518,0.32730000000000004,0.794576108870231,0.34390799999999994,0.5727142935803079,618.7718567213353,42.43459058413282,0,0,751,0.32360742705570295,0.0,0.5608913898468018
PU-C,mnist,2,0.3,0.0,760,5000,0,764,1716,2480,0.5219409927376546,0.3288,0.7948927517906234,0.34332,0.5721236979423507,624.0654514729085,43.09960393002257,0,0,761,0.32460732984293195,0.0,0.5582436919212341
PU-C,mnist,2,0.3,0.0,770,5000,0,774,1719,2493,0.5245465739862993,0.32999999999999996,0.7954706060075246,0.343176,0.5719790111708836,628.795124408592,43.762127042980865,0,0,771,0.32170542635658916,0.0,0.5588900446891785
PU-C,mnist,2,0.3,0.0,780,5000,0,784,1703,2487,0.523344086133875,0.3228,0.7945039424374087,0.34103199999999995,0.5698224029457065,633.6846548400825,44.43129455205053,0,0,781,0.3201530612244898,0.0,0.55937260389328
PU-C,mnist,2,0.3,0.0,790,5000,0,794,1693,2487,0.523344086133875,0.3186,0.7936180009657013,0.33898399999999995,0.5677581763909897,638.6535437716337,45.10089699807577,0,0,791,0.31863979848866497,0.0,0.557007372379303
PU-C,mnist,2,0.3,0.0,796,5000,0,800,1682,2482,0.5223418975365348,0.3186,0.7928748071447522,0.33751600000000004,0.5662760206185581,641.4937244573172,45.592604810139164,0,1,797,0.32,0.0,0.5567232370376587
Marginal,mnist,2,0.3,0.0,0,5000,0,4,2496,2500,0.5259492855402641,0.5268999999999999,0.745262255463475,0.50034,0.7188016384966078,0.7180061955719103,0.2268225650768727,0,0,1,0.25,0.0,0.6939859986305237
Marginal,mnist,2,0.3,0.0,10,5000,0,14,2397,2411,0.5080995024181902,0.47819999999999996,0.7592357718762309,0.47767200000000004,0.6989325843272416,38.95130073656062,0.6294782259501517,0,0,11,0.21428571428571427,0.0,0.6131591796875
Marginal,mnist,2,0.3,0.0,20,5000,0,24,2292,2316,0.4890096883755177,0.4165,0.7633151259502436,0.457792,0.6811540398158,78.88449055573986,1.0299544220324606,0,0,21,0.20833333333333334,0.0,0.5830647349357605
Marginal,mnist,2,0.3,0.0,30,5000,0,34,2335,2369,0.49966446950566024,0.4194,0.7813274389124882,0.468204,0.6905067240874045,102.60040841327508,1.4310370599851012,0,0,31,0.23529411764705882,0.0,0.5928924083709717
Marginal,mnist,2,0.3,0.0,40,5000,0,44,2225,2269,0.47955121722770855,0.3839,0.7698461383601097,0.444916,0.6694617544151004,122.25291559898493,1.8313321471214294,0,0,41,0.22727272727272727,0.0,0.6020904779434204
Marginal,mnist,2,0.3,0.0,50,5000,0,54,2206,2260,0.4777389573864639,0.39139999999999997,0.7718271585912096,0.441756,0.666570808687861,135.44555686216563,2.234118286985904,0,0,51,0.2777777777777778,0.0,0.6111273765563965
Marginal,mnist,2,0.3,0.0,60,5000,0,64,2177,2241,0.47391195088857785,0.3929,0.771552259982229,0.43550000000000005,0.6608224079286369,150.06788063765393,2.637231544125825,0,0,61,0.296875,0.0,0.6117303371429443
Marginal,mnist,2,0.3,0.0,70,5000,0,74,2169,2243,0.4743148655979894,0.3738,0.7746121390053079,0.434236,0.65965691189621,163.1813908945027,3.0365246920846403,0,0,71,0.2702702702702703,0.0,0.622723400592804
Marginal,mnist,2,0.3,0.0,80,5000,0,84,2162,2246,0.47491920593893155,0.38260000000000005,0.7767577342443102,0.4318599999999999,0.6574623758525358,176.8090561400516,3.4388897761236876,0,0,81,0.2857142857142857,0.0,0.6165699362754822
Marginal,mnist,2,0.3,0.0,90,5000,0,94,2167,2261,0.4779403365100734,0.38449999999999995,0.7819669986156371,0.43390799999999996,0.6593542498680245,189.40122377831278,3.8379218969494104,0,0,91,0.30851063829787234,0.0,0.6110435724258423
Marginal,mnist,2,0.3,0.0,100,5000,0,104,2157,2261,0.4779403365100734,0.3771,0.7825950303565078,0.430604,0.6563003478113323,201.24504676092766,4.2372263059951365,0,0,101,0.2980769230769231,0.0,0.6092315316200256
Marginal,mnist,2,0.3,0.0,110,5000,0,114,2173,2287,0.4831747109419666,0.3831,0.7885995320826109,0.43403600000000003,0.6594723728250352,213.78545193745677,4.636034688912332,0,0,111,0.3157894736842105,0.0,0.6071141958236694
Marginal,mnist,2,0.3,0.0,120,5000,0,124,2125,2249,0.47552350821206346,0.3761,0.7841595811854645,0.4244,0.6505406475630262,225.99368663390615,5.038424703059718,0,0,121,0.3225806451612903,0.0,0.6082131266593933
Marginal,mnist,2,0.3,0.0,130,5000,0,134,2136,2270,0.4797525583417155,0.38580000000000003,0.7896144440131678,0.427508,0.653430205138091,238.1329685286722,5.4402956429403275,0,0,131,0.3208955223880597,0.0,0.6137944459915161
Marginal,mnist,2,0.3,0.0,140,5000,0,144,2145,2289,0.4835772369406186,0.38959999999999995,0.7930068748690102,0.428416,0.6542728185067804,249.31675206271478,5.838386524934322,0,0,141,0.3194444444444444,0.0,0.6057382822036743
Marginal,mnist,2,0.3,0.0,150,5000,0,154,2128,2282,0.4821683220216073,0.37939999999999996,0.7938405071716476,0.42602399999999996,0.6520515440664834,260.79944756264183,6.2366028050892055,0,0,151,0.3181818181818182,0.0,0.6041814684867859
Marginal,mnist,2,0.3,0.0,160,5000,0,164,2128,2292,0.48418099439004436,0.3869,0.7961913223190737,0.42572399999999994,0.6517726086687521,272.13649431419526,6.634916884126142,0,0,161,0.3231707317073171,0.0,0.6063251495361328
Marginal,mnist,2,0.3,0.0,170,5000,0,174,2132,2306,0.4869980274233967,0.37729999999999997,0.7986318376066905,0.4259200000000001,0.6519548552385854,282.453833852227,7.033552430104464,0,0,171,0.3103448275862069,0.0,0.6053948402404785
Marginal,mnist,2,0.3,0.0,180,5000,0,184,2106,2290,0.4837784936535172,0.36729999999999996,0.7966913096207646,0.420652,0.647044990419308,292.0791956016432,7.432768218917772,0,0,181,0.30978260869565216,0.0,0.6052215099334717
Marginal,mnist,2,0.3,0.0,190,5000,0,194,2103,2297,0.4851871724240482,0.37760000000000005,0.7983181131629642,0.420144,0.6465702582015045,301.4872327984989,7.831196025945246,0,0,191,0.31443298969072164,0.0,0.6070501804351807
Marginal,mnist,2,0.3,0.0,200,5000,0,204,2100,2304,0.48659564467379823,0.3741,0.7997929967302204,0.419572,0.646035449772659,310.5821551564424,8.230336945969611,0,0,201,0.3088235294117647,0.0,0.6000420451164246
Marginal,mnist,2,0.3,0.0,210,5000,0,214,2082,2296,0.48498594522243366,0.36729999999999996,0.7991654674351156,0.41644800000000004,0.6431095676857953,319.0749970184986,8.629070980940014,0,0,211,0.3037383177570093,0.0,0.5999749898910522
Marginal,mnist,2,0.3,0.0,220,5000,0,224,2073,2297,0.4851871724240482,0.36519999999999997,0.7995781366986406,0.414596,0.6413710155423802,328.02708659047033,9.027780045056716,0,0,221,0.29464285714285715,0.0,0.5967406034469604
Marginal,mnist,2,0.3,0.0,230,5000,0,234,2066,2300,0.4857908286503516,0.3539,0.7997601090541197,0.41287199999999996,0.6397499388925232,335.46717978853627,9.426269612973556,0,0,231,0.2905982905982906,0.0,0.5978854894638062
Marginal,mnist,2,0.3,0.0,240,5000,0,244,2066,2310,0.4878027423401363,0.3559,0.8011443620097547,0.4123559999999999,0.6392642404034914,344.42262959981326,9.825203944928944,0,0,241,0.29098360655737704,0.0,0.5944544672966003
Marginal,mnist,2,0.3,0.0,250,5000,0,254,2049,2303,0.4863944469834678,0.35550000000000004,0.8012986516798216,0.41056800000000004,0.6375794402940559,352.164574962321,10.224501783028245,0,0,251,0.2952755905511811,0.0,0.5937393307685852
Marginal,mnist,2,0.3,0.0,260,5000,0,264,2033,2297,0.4851871724240482,0.351,0.799945174413182,0.40680800000000006,0.6340273335545634,359.9714261872183,10.620634885970503,0,0,261,0.30303030303030304,0.0,0.5938729643821716
Marginal,mnist,2,0.3,0.0,270,5000,0,274,2025,2299,0.48558961413800716,0.35440000000000005,0.8001689181272392,0.40493199999999996,0.6322504203858701,368.61018889875015,11.015018518082798,0,0,271,0.29927007299270075,0.0,0.5930631756782532
Marginal,mnist,2,0.3,0.0,280,5000,0,284,2008,2292,0.48418099439004436,0.34750000000000003,0.7995605860505178,0.40200400000000003,0.6294708805544386,377.2056050525685,11.409054225077853,0,0,281,0.29577464788732394,0.0,0.5938138365745544
Marginal,mnist,2,0.3,0.0,290,5000,0,294,1998,2292,0.48418099439004436,0.345,0.7996534198846026,0.400056,0.6276174592002215,385.65104584289884,11.80432346696034,0,0,291,0.2925170068027211,0.0,0.5922620892524719
Marginal,mnist,2,0.3,0.0,300,5000,0,304,1997,2301,0.4859920389717445,0.34240000000000004,0.8004638834045733,0.39908,0.6266875831678919,394.06056034346966,12.198539941105992,0,0,301,0.28618421052631576,0.0,0.5912311673164368
Marginal,mnist,2,0.3,0.0,310,5000,0,314,1981,2295,0.48478471382986754,0.34340000000000004,0.7996832165266838,0.396192,0.6239311163518971,401.8500049945651,12.592947602970526,0,0,311,0.28662420382165604,0.0,0.5908458828926086
Marginal,mnist,2,0.3,0.0,320,5000,0,324,1975,2299,0.48558961413800716,0.3416,0.8007343741860184,0.395672,0.6234340123306246,409.84643512740456,12.9875180630479,0,0,321,0.2839506172839506,0.0,0.5895237326622009
Marginal,mnist,2,0.3,0.0,330,5000,0,334,1973,2307,0.4871992124244571,0.34440000000000004,0.8013316307383654,0.39467199999999997,0.6224773665345272,417.4432589212935,13.380996176041663,0,0,331,0.2904191616766467,0.0,0.5877987742424011
Marginal,mnist,2,0.3,0.0,340,5000,0,344,1974,2318,0.48941197007661685,0.33699999999999997,0.8021461293015902,0.39399999999999996,0.6218340000009259,424.93460226828034,13.774694286054,0,0,341,0.2877906976744186,0.0,0.5923539996147156
Marginal,mnist,2,0.3,0.0,350,5000,0,354,1968,2322,0.4902164828963578,0.34230000000000005,0.8028427428809018,0.39339599999999997,0.6212553923445561,431.53174451997825,14.168826600071043,0,0,351,0.2937853107344633,0.0,0.5874841213226318
Marginal,mnist,2,0.3,0.0,360,5000,0,364,1950,2314,0.4886073898524046,0.33199999999999996,0.8019554253587167,0.390788,0.6187532914843433,437.8350358984253,14.56699507101439,0,0,361,0.28846153846153844,0.0,0.5834243893623352
Marginal,mnist,2,0.3,0.0,370,5000,0,374,1947,2321,0.49001536099240184,0.33809999999999996,0.8019573038191151,0.389292,0.6173152890019958,444.4416944535038,14.961500952020288,0,0,371,0.2914438502673797,0.0,0.5841960906982422
Marginal,mnist,2,0.3,0.0,380,5000,0,384,1947,2331,0.49202639068244025,0.3296,0.8031969312498096,0.38948800000000006,0.6175038046552251,450.814258496176,15.355330750113353,0,0,381,0.2890625,0.0,0.5830687880516052
Marginal,mnist,2,0.3,0.0,390,5000,0,394,1934,2328,0.4914231259608641,0.3278,0.8023750952796168,0.3869200000000001,0.6150311285584341,457.4719377107766,15.752017507096753,0,0,391,0.28426395939086296,0.0,0.5819215178489685
Marginal,mnist,2,0.3,0.0,400,5000,0,404,1930,2334,0.4926296175690368,0.33009999999999995,0.8029212536722343,0.386224,0.6143599420561576,463.85273498470684,16.144721827935427,0,0,401,0.2871287128712871,0.0,0.5806356072425842
Marginal,mnist,2,0.3,0.0,410,5000,0,414,1923,2337,0.4932328066206537,0.3294,0.8026401327431953,0.38439999999999996,0.6125988978689018,470.46489773120624,16.53639386012219,0,0,411,0.28743961352657005,0.0,0.5817796587944031
Marginal,mnist,2,0.3,0.0,420,5000,0,424,1917,2341,0.4940369997639209,0.3287,0.8028790879266833,0.383356,0.6115895793515629,476.6853082022938,16.92777547496371,0,0,421,0.29009433962264153,0.0,0.5808370113372803
Marginal,mnist,2,0.3,0.0,430,5000,0,434,1900,2334,0.4926296175690368,0.3285,0.8017756734949826,0.38061999999999996,0.6089397847630571,482.6235041164916,17.31994819198735,0,0,431,0.29493087557603687,0.0,0.5812833905220032
Marginal,mnist,2,0.3,0.0,440,5000,0,444,1900,2344,0.49464010051451623,0.32930000000000004,0.8021289833593513,0.379764,0.6081093597316184,488.75028752335874,17.712278167018667,0,0,441,0.29954954954954954,0.0,0.5817316770553589
Marginal,mnist,2,0.3,0.0,450,5000,0,454,1889,2343,0.49443907116074115,0.3215,0.8019115415866325,0.378148,0.6065398234151936,494.97363120510306,18.10398368909955,0,0,451,0.29295154185022027,0.0,0.5815567970275879
Marginal,mnist,2,0.3,0.0,460,5000,0,464,1887,2351,0.4960471885278821,0.32130000000000003,0.802345418953551,0.377424,0.6058358678058449,501.0601050382767,18.49557171203196,0,0,461,0.29094827586206895,0.0,0.578942060470581
Marginal,mnist,2,0.3,0.0,470,5000,0,474,1881,2355,0.4968511463375762,0.32310000000000005,0.802389933671836,0.37626800000000005,0.604710879967462,506.81358963043743,18.88891555601731,0,0,471,0.29324894514767935,0.0,0.5785083770751953
Marginal,mnist,2,0.3,0.0,480,5000,0,484,1879,2363,0.4984588603838347,0.31910000000000005,0.8028725645997503,0.37571599999999994,0.6041732574742658,512.4638054978815,19.281488547101617,0,0,481,0.29338842975206614,0.0,0.5788388252258301
Marginal,mnist,2,0.3,0.0,490,5000,0,494,1873,2367,0.49926261662039906,0.32189999999999996,0.8027098840716123,0.374348,0.6028396858785482,517.9993233130651,19.673546965932474,0,0,491,0.29554655870445345,0.0,0.5779747366905212
Marginal,mnist,2,0.3,0.0,500,5000,0,504,1866,2370,0.49986538966186345,0.31689999999999996,0.8027449385706361,0.373228,0.6017465947745528,523.6232223448957,20.06634513498284,0,0,501,0.2916666666666667,0.0,0.5781917572021484
Marginal,mnist,2,0.3,0.0,510,5000,0,514,1854,2368,0.49946354515850544,0.31779999999999997,0.8018258516308264,0.37089599999999995,0.5994669212492587,529.0949981467903,20.460021295119077,0,0,511,0.29377431906614787,0.0,0.5773805975914001
Marginal,mnist,2,0.3,0.0,520,5000,0,524,1847,2371,0.5000663056271151,0.3177,0.801694972714132,0.36948800000000004,0.5980880868464816,535.132480572597,20.853994481964037,0,0,521,0.2900763358778626,0.0,0.57745361328125
Marginal,mnist,2,0.3,0.0,530,5000,0,534,1842,2376,0.5010708224726841,0.3177,0.8017648155998388,0.368384,0.5970056734189433,541.0033275782185,21.247518203919753,0,0,531,0.2883895131086142,0.0,0.5750012397766113
Marginal,mnist,2,0.3,0.0,540,5000,0,544,1843,2387,0.5032803900539875,0.3147,0.8022798003735327,0.36794799999999994,0.5965778876827348,546.4851043881995,21.64072815910913,0,0,541,0.29044117647058826,0.0,0.5749408006668091
Marginal,mnist,2,0.3,0.0,550,5000,0,554,1831,2385,0.5028786882758141,0.3133,0.8018619049232009,0.366288,0.594947548420594,552.0147305339106,22.03875941107981,0,0,551,0.29061371841155237,0.0,0.5736215710639954
Marginal,mnist,2,0.3,0.0,560,5000,0,564,1826,2390,0.5038829112891108,0.3096,0.8015498683313673,0.3648159999999999,0.5934997074310037,557.3301576118054,22.432500469963998,0,0,561,0.2872340425531915,0.0,0.5748013257980347
Marginal,mnist,2,0.3,0.0,570,5000,0,574,1814,2388,0.5034812346566468,0.31020000000000003,0.8007503758993281,0.362664,0.5913793916281833,562.9007351779305,22.829501753905788,0,0,571,0.28397212543554007,0.0,0.578463077545166
Marginal,mnist,2,0.3,0.0,580,5000,0,584,1807,2391,0.5040837432607077,0.31179999999999997,0.800611671788307,0.36138800000000004,0.5901201337365131,568.432646331469,23.223265283042565,0,0,581,0.2842465753424658,0.0,0.5723862648010254
Marginal,mnist,2,0.3,0.0,590,5000,0,594,1806,2400,0.5058910425868817,0.31089999999999995,0.8013933267173712,0.36133200000000004,0.59006483356261,573.8882743451198,23.617463567992672,0,0,591,0.2828282828282828,0.0,0.5724400281906128
Marginal,mnist,2,0.3,0.0,600,5000,0,604,1798,2402,0.5062926184618846,0.3147,0.8008695232644665,0.35958399999999996,0.5883371984878389,579.3252011506147,24.01272126007825,0,0,601,0.28807947019867547,0.0,0.5722004175186157
Marginal,mnist,2,0.3,0.0,610,5000,0,614,1790,2404,0.5066941776312888,0.3143,0.8004319943228332,0.35802000000000006,0.5867889843279023,584.4279238592525,24.40769351599738,0,0,611,0.2899022801302932,0.0,0.5730976462364197
Marginal,mnist,2,0.3,0.0,620,5000,0,624,1786,2410,0.5078987543238327,0.31010000000000004,0.8005789454060788,0.3571959999999999,0.585972373743031,589.661245841408,24.803761390037835,0,0,621,0.2932692307692308,0.0,0.5715282559394836
Marginal,mnist,2,0.3,0.0,630,5000,0,634,1782,2416,0.5091031800257042,0.31089999999999995,0.8008259983123798,0.35654800000000003,0.5853297344430856,594.6826664871245,25.200352997984737,0,0,631,0.29652996845425866,0.0,0.5707912445068359
Marginal,mnist,2,0.3,0.0,640,5000,0,644,1776,2420,0.5099060466163792,0.3115,0.8004994256956205,0.3552119999999999,0.5840035330378008,599.425329197011,25.59614816494286,0,0,641,0.30124223602484473,0.0,0.5709189176559448
Marginal,mnist,2,0.3,0.0,650,5000,0,654,1774,2428,0.51151157845743,0.3154,0.8008902129530641,0.354808,0.5836021631086947,604.1926498695876,25.99207222997211,0,0,651,0.30428134556574926,0.0,0.5721790194511414
Marginal,mnist,2,0.3,0.0,660,5000,0,664,1768,2432,0.5123142437078059,0.31310000000000004,0.8006938059243184,0.35364000000000007,0.5824408955998485,608.9839024118597,26.388040164951235,0,0,661,0.3057228915662651,0.0,0.5726811289787292
Marginal,mnist,2,0.3,0.0,670,5000,0,674,1765,2439,0.5137187464861199,0.30700000000000005,0.8009312619490472,0.35300799999999993,0.5818119979623276,613.9443836583014,26.78424676693976,0,0,671,0.3026706231454006,0.0,0.5743989944458008
Marginal,mnist,2,0.3,0.0,680,5000,0,684,1756,2440,0.5139193729264662,0.3045,0.8001509841241423,0.3510399999999999,0.5798512213646682,619.0025044897181,27.18075891607441,0,0,681,0.2997076023391813,0.0,0.5732731819152832
Marginal,mnist,2,0.3,0.0,690,5000,0,694,1750,2444,0.5147218368947506,0.30310000000000004,0.8001401572323984,0.35000400000000015,0.5788175382156626,624.4432951002105,27.577957397093996,0,0,691,0.29971181556195964,0.0,0.5705411434173584
Marginal,mnist,2,0.3,0.0,700,5000,0,704,1745,2449,0.515724822471384,0.29990000000000006,0.8001192512107391,0.34897999999999996,0.5777948186139268,629.7764055205656,27.97511241910979,0,0,701,0.2997159090909091,0.0,0.5700728297233582
Marginal,mnist,2,0.3,0.0,710,5000,0,714,1735,2449,0.515724822471384,0.3013,0.7994498431914646,0.34708399999999995,0.5758985328017624,635.3100790278132,28.371129763079807,0,0,711,0.2969187675070028,0.0,0.5703777074813843
Marginal,mnist,2,0.3,0.0,720,5000,0,724,1730,2454,0.51672770321602,0.3022,0.7992816727654917,0.345856,0.5746685019111862,640.7706087079089,28.767231727018952,0,0,721,0.2941988950276243,0.0,0.568724513053894
Marginal,mnist,2,0.3,0.0,730,5000,0,734,1720,2454,0.51672770321602,0.29690000000000005,0.7987399833395112,0.34412000000000004,0.572927147247529,646.3996640715903,29.163789075100794,0,0,731,0.29291553133514986,0.0,0.5692133903503418
Marginal,mnist,2,0.3,0.0,740,5000,0,744,1720,2464,0.5187331501510926,0.2992,0.799368031920778,0.34398799999999996,0.5727946208331437,651.5435731092451,29.560155214974657,0,0,741,0.2970430107526882,0.0,0.5687630772590637
Marginal,mnist,2,0.3,0.0,750,5000,0,754,1714,2468,0.5195352114387788,0.2975,0.7991711964532895,0.34279600000000005,0.5715971022453318,656.6826117909623,29.957347196992487,0,0,751,0.2984084880636605,0.0,0.5672374367713928
Marginal,mnist,2,0.3,0.0,760,5000,0,764,1712,2476,0.5211391327902675,0.3003,0.7993591101679743,0.3422240000000001,0.5710219644040301,661.1650385079841,30.354613597039133,0,0,761,0.29712041884816753,0.0,0.5672979354858398
Marginal,mnist,2,0.3,0.0,770,5000,0,774,1706,2480,0.5219409927376546,0.2972,0.7992511691799336,0.34118399999999993,0.5699754441116672,666.1410097389129,30.752495781052858,0,0,771,0.2971576227390181,0.0,0.5671784281730652
Marginal,mnist,2,0.3,0.0,780,5000,0,784,1697,2481,0.5221414472325705,0.2925,0.7985168781309202,0.3394160000000001,0.5681939401945214,670.6989411436475,31.150008328957483,0,0,781,0.29591836734693877,0.0,0.5647919178009033
Marginal,mnist,2,0.3,0.0,790,5000,0,794,1690,2484,0.5227427855716087,0.2903,0.7980937457036386,0.338,0.5667649212240142,675.5553151532927,31.551561542088166,0,0,791,0.2972292191435768,0.0,0.565260112285614
Marginal,mnist,2,0.3,0.0,796,5000,0,800,1685,2485,0.5229432233027183,0.29069999999999996,0.797850405087069,0.337212,0.5659688249862835,678.2122437789145,31.87863899511285,0,1,797,0.29625,0.0,0.5684729218482971
